Updated at,source_report,raw_part_number,lpn,description,item_category,procurementtype,location,storage_location,is_consigned,owned_by,unrestricted_qty,restricted_qty,unit_price,unrestricted_value,restricted_value,revision_number,row_type,uncommitted_qty
09-11-2026,CM: Celestica MX,10-0000423MS,10-000042,"Lithium Ion Cell,S004a,Trimmed",Part,MTS,Monterrey Prod,1000,FALSE,Celestica,4551,0,0,0,0,0,Unrestricted,4551
09-11-2026,Lunar Netsuite,10-000054,10-000054,"Aux Bracket, Wall Bracket, Battery Block",Part,MTS,JIT - Reno,NS,FALSE,Lunar Energy,2850,0,0.53,1510.5,0,0,Unrestricted,2850
09-11-2026,CM: Celestica MX,10-0000623MS,10-000062,"Cover, Battery Block",Part,MTS,Monterrey Prod,1000,FALSE,Celestica,-2,0,4.13,-8.26,0,0,Unrestricted,-2
09-11-2026,Lunar Netsuite,10-000099,10-000099,CAP CER 1UF 35V X7R 0603,Electrical Components,OTS,Avnet,NS,FALSE,Lunar Energy,8000,0,0.0256,204.8,0,0,Unrestricted,7115
09-11-2026,CM: Celestica MX,10-0000993MS,10-000099,CAP CER 1UF 35V X7R 0603,Electrical Components,OTS,Monterrey Prod,1000,FALSE,Celestica,-14,0,0.0313,-0.4382,0,0,Unrestricted,-14
09-11-2026,CM: Sienna GA,10-000099 REV-02,10-000099,CAP CER 1UF 35V X7R 0603,Electrical Components,OTS,ATLN,MAIN,FALSE,Sienna Corporation,559572,0,0.017,9512.724,0,2,Unrestricted,559572
09-11-2026,CM: Qualitel WA,814L-10-000099,10-000099,CAP CER 1UF 35V X7R 0603,Electrical Components,OTS,"Seattle, WA",Stock,FALSE,Qualitel,62650,0,0.017,1065.05,0,0,Unrestricted,62650
09-11-2026,CM: Sienna GA,10-000099 REV-02,10-000099,CAP CER 1UF 35V X7R 0603,Electrical Components,OTS,ATLN,LINE,FALSE,Sienna Corporation,334067,0,0.017,5679.139,0,2,Unrestricted,334067
09-11-2026,Lunar Netsuite,10-000099,10-000099,CAP CER 1UF 35V X7R 0603,Electrical Components,OTS,JIT - Reno,NS,FALSE,Lunar Energy,295115,0,0.02,5902.3,0,0,Unrestricted,84000
09-11-2026,CM: Sienna GA,10-000099 REV-02,10-000099,CAP CER 1UF 35V X7R 0603,Electrical Components,OTS,ATLN,RIQC,FALSE,Sienna Corporation,496000,0,0.017,8432,0,2,Unrestricted,496000
09-11-2026,Lunar Netsuite,10-000124,10-000124,RES 250 UOHM 1% 4W 2725 AEC-Q,Electrical Components,OTS,Avnet,NS,FALSE,Lunar Energy,1000,0,0.4237,423.7,0,0,Unrestricted,1000
09-11-2026,CM: Sienna GA,10-000124 REV-02,10-000124,RES 250 UOHM 1% 4W 2725 AEC-Q,Electrical Components,OTS,ATLN,MAIN,FALSE,Sienna Corporation,4000,0,0.4237,1694.8,0,2,Unrestricted,4000
09-11-2026,CM: Celestica MX,10-0001243MS,10-000124,RES 250 UOHM 1% 4W 2725 AEC-Q,Electrical Components,OTS,Monterrey Prod,1000,FALSE,Celestica,-2,0,0.4237,-0.8474,0,0,Unrestricted,-2
09-11-2026,CM: Sienna GA,10-000124 REV-02,10-000124,RES 250 UOHM 1% 4W 2725 AEC-Q,Electrical Components,OTS,ATLN,LINE,FALSE,Sienna Corporation,1169,0,0.4237,495.3053,0,2,Unrestricted,1169
09-11-2026,CM: Qualitel WA,814L-10-000124,10-000124,RES 250 UOHM 1% 4W 2725 AEC-Q,Electrical Components,OTS,"Seattle, WA",Stock,FALSE,Qualitel,11718,0,0.3625,4247.775,0,0,Unrestricted,11718
09-11-2026,Lunar Netsuite,10-000124,10-000124,RES 250 UOHM 1% 4W 2725 AEC-Q,Electrical Components,OTS,JIT - Reno,NS,FALSE,Lunar Energy,11750,0,0.4237,4978.475,0,0,Unrestricted,11750
09-11-2026,CM: Celestica MX,10-0001703MS,10-000170,Submodule,Part,MTS,Monterrey Prod,1000,FALSE,Celestica,-6,0,46.62,-279.72,0,0,Unrestricted,-6
09-11-2026,Lunar Netsuite,10-000224,10-000224,Vertical Header,Electrical Components,OTS,CCL (Computer Components Ltd),NS,FALSE,Lunar Energy,4746,0,0.964,4575.144,0,0,Unrestricted,4746
09-11-2026,CM: Qualitel WA,814L-10-000253,10-000253,CAP CER 0.1UF 50V X7R 0402 AEC-Q,Electrical Components,OTS,"Seattle, WA",Stock,FALSE,Qualitel,452425,0,0.0027,1221.5475,0,0,Unrestricted,452425
09-11-2026,CM: Sienna GA,10-000253 REV-02,10-000253,CAP CER 0.1UF 50V X7R 0402 AEC-Q,Electrical Components,OTS,ATLN,MAIN,FALSE,Sienna Corporation,561242,0,0.0124,6959.4008,0,2,Unrestricted,561242
09-11-2026,Lunar Netsuite,10-000253,10-000253,CAP CER 0.1UF 50V X7R 0402 AEC-Q,Electrical Components,OTS,Sienna Corporation - GA,NS,FALSE,Lunar Energy,40000,0,0.0173,692,0,0,Unrestricted,0
09-11-2026,CM: Sienna GA,10-000253 REV-02,10-000253,CAP CER 0.1UF 50V X7R 0402 AEC-Q,Electrical Components,OTS,ATLN,LINE,FALSE,Sienna Corporation,136223,0,0.0124,1689.1652,0,2,Unrestricted,136223
09-11-2026,CM: Celestica MX,10-0002533MS,10-000253,CAP CER 0.1UF 50V X7R 0402 AEC-Q,Electrical Components,OTS,Monterrey Prod,1000,FALSE,Celestica,-22,0,0.0124,-0.2728,0,0,Unrestricted,-22
09-11-2026,CM: Sienna GA,10-000253 REV-02,10-000253,CAP CER 0.1UF 50V X7R 0402 AEC-Q,Electrical Components,OTS,ATLN,PAMS,FALSE,Sienna Corporation,800000,0,0.0124,9920,0,2,Unrestricted,800000
09-11-2026,CM: Sienna GA,C10-000253 REV-02,10-000253,CAP CER 0.1UF 50V X7R 0402 AEC-Q,Electrical Components,OTS,ATLN,WS34,TRUE,Lunar Energy,40000,0,0,0,0,2,Unrestricted,40000
09-11-2026,CM: Sienna GA,10-000340 REV-01,10-000340,"Crystal Parallel - Fundamental Quartz Crystal, 25MHz Nom AEC-Q",Electrical Components,OTS,ATLN,LINE,FALSE,Sienna Corporation,7056,0,0.189,1333.584,0,1,Unrestricted,7056
09-11-2026,CM: Sienna GA,10-000340 REV-01,10-000340,"Crystal Parallel - Fundamental Quartz Crystal, 25MHz Nom AEC-Q",Electrical Components,OTS,ATLN,MAIN,FALSE,Sienna Corporation,12000,0,0.189,2268,0,1,Unrestricted,12000
09-11-2026,CM: Qualitel WA,814L-10-000340,10-000340,"Crystal Parallel - Fundamental Quartz Crystal, 25MHz Nom AEC-Q",Electrical Components,OTS,"Seattle, WA",Stock,FALSE,Qualitel,6503,0,0.172,1118.516,0,0,Unrestricted,6503
09-11-2026,Lunar Netsuite,10-000340,10-000340,"Crystal Parallel - Fundamental Quartz Crystal, 25MHz Nom AEC-Q",Electrical Components,OTS,JIT - Reno,NS,FALSE,Lunar Energy,1000,0,0.289,289,0,0,Unrestricted,1000
09-11-2026,CM: Qualitel WA,814L-10-000342,10-000342,RES 0805 5% 1 OHM 1/2W AEC-Q,Electrical Components,OTS,"Seattle, WA",Stock,FALSE,Qualitel,20006,0,0.0222,444.1332,0,0,Unrestricted,20006
09-11-2026,CM: Sienna GA,10-000342 REV-01,10-000342,RES 0805 5% 1 OHM 1/2W AEC-Q,Electrical Components,OTS,ATLN,MAIN,FALSE,Sienna Corporation,25000,0,0.0354,885,0,1,Unrestricted,25000
09-11-2026,CM: Sienna GA,10-000342 REV-01,10-000342,RES 0805 5% 1 OHM 1/2W AEC-Q,Electrical Components,OTS,ATLN,LINE,FALSE,Sienna Corporation,3291,0,0.0354,116.5014,0,1,Unrestricted,3291
09-11-2026,CM: Sienna GA,10-000342 REV-01,10-000342,RES 0805 5% 1 OHM 1/2W AEC-Q,Electrical Components,OTS,ATLN,RIQC,FALSE,Sienna Corporation,10000,0,0.0354,354,0,1,Unrestricted,10000
09-11-2026,CM: Sienna GA,10-000395 REV-06,10-000395,"Washer,M5,Flat,5.3mm IDx 12.6mm OD,Steel,ZnNi BC",Part,OTS,ATLN,MAIN,FALSE,Sienna Corporation,5000,0,0.019,95,0,6,Unrestricted,5000
09-11-2026,CM: Sienna GA,10-000395 REV-06,10-000395,"Washer,M5,Flat,5.3mm IDx 12.6mm OD,Steel,ZnNi BC",Part,OTS,ATLN,LINE,FALSE,Sienna Corporation,1324,0,0.019,25.156,0,6,Unrestricted,1324
09-11-2026,CM: Sienna GA,10-000395 REV-06,10-000395,"Washer,M5,Flat,5.3mm IDx 12.6mm OD,Steel,ZnNi BC",Part,OTS,ATLN,RP52,FALSE,Sienna Corporation,2500,0,0.019,47.5,0,6,Unrestricted,2500
09-11-2026,CM: Celestica MX,10-0003983MS,10-000398,Busbar Tray with Interconnects,Part,MTS,Monterrey Prod,1000,FALSE,Celestica,-3,0,40.3,-120.9,0,0,Unrestricted,-3
09-11-2026,CM: Celestica MX,10-0005333MS,10-000533,Terminals with Fuse and Bracket,Part,MTS,Monterrey Prod,1000,FALSE,Celestica,-3,0,31.99,-95.97,0,0,Unrestricted,-3
09-11-2026,CM: Celestica MX,10-0005373MS,10-000537,Can with Terminals,Part,MTS,Monterrey Prod,1000,FALSE,Celestica,-5,0,34.6,-173,0,0,Unrestricted,-5
09-11-2026,CM: Sienna GA,10-000539 REV-01,10-000539,RES SMD 7.32 OHM 0.1% 1/10W 0805,Electrical Components,OTS,ATLN,MAIN,FALSE,Sienna Corporation,14540,0,0.267,3882.18,0,1,Unrestricted,14540
09-11-2026,Lunar Netsuite,10-000539,10-000539,RES SMD 7.32 OHM 0.1% 1/10W 0805,Electrical Components,OTS,JIT - Reno,NS,FALSE,Lunar Energy,24000,0,0.2347,5632.8,0,0,Unrestricted,24000
09-11-2026,CM: Qualitel WA,814L-10-000539,10-000539,RES SMD 7.32 OHM 0.1% 1/10W 0805,Electrical Components,OTS,"Seattle, WA",Stock,FALSE,Qualitel,8515,0,0.229,1949.935,0,0,Unrestricted,8515
09-11-2026,Lunar Netsuite,10-000539,10-000539,RES SMD 7.32 OHM 0.1% 1/10W 0805,Electrical Components,OTS,NexGen Digital Inc,NS,FALSE,Lunar Energy,321750,0,0.23,74002.5,0,0,Unrestricted,321750
09-11-2026,CM: Sienna GA,10-000539 REV-01,10-000539,RES SMD 7.32 OHM 0.1% 1/10W 0805,Electrical Components,OTS,ATLN,RIQC,FALSE,Sienna Corporation,4460,0,0.267,1190.82,0,1,Unrestricted,4460
09-11-2026,CM: Sienna GA,10-000539 REV-01,10-000539,RES SMD 7.32 OHM 0.1% 1/10W 0805,Electrical Components,OTS,ATLN,LINE,FALSE,Sienna Corporation,1596,0,0.267,426.132,0,1,Unrestricted,1596
09-11-2026,Lunar Netsuite,10-000548,10-000548,CAP CER 33PF 50V NPO 0402 AEC-Q,Electrical Components,OTS,JIT - Reno,NS,FALSE,Lunar Energy,10000,0,0.0039,39,0,0,Unrestricted,10000
09-11-2026,CM: Sienna GA,C10-000548 REV-01,10-000548,CAP CER 33PF 50V NPO 0402 AEC-Q,Electrical Components,OTS,ATLN,WT51,TRUE,Lunar Energy,10000,0,0,0,0,1,Unrestricted,10000
09-11-2026,Lunar Netsuite,10-000548,10-000548,CAP CER 33PF 50V NPO 0402 AEC-Q,Electrical Components,OTS,Sienna Corporation - GA,NS,FALSE,Lunar Energy,10000,0,0.0031,31,0,0,Unrestricted,0
09-11-2026,CM: Sienna GA,10-000548 REV-01,10-000548,CAP CER 33PF 50V NPO 0402 AEC-Q,Electrical Components,OTS,ATLN,LINE,FALSE,Sienna Corporation,21581,0,0.0041,88.4821,0,1,Unrestricted,21581
09-11-2026,CM: Qualitel WA,814L-10-000548,10-000548,CAP CER 33PF 50V NPO 0402 AEC-Q,Electrical Components,OTS,"Seattle, WA",Stock,FALSE,Qualitel,22893,0,0.0037,84.7041,0,0,Unrestricted,22893
09-11-2026,CM: Qualitel WA,814L-10-000549,10-000549,CAP CER 22UF 10V X7R 1206 AEC-Q,Electrical Components,OTS,"Seattle, WA",Stock,FALSE,Qualitel,14495,0,0.111,1608.945,0,0,Unrestricted,14495
09-11-2026,CM: Sienna GA,10-000549 REV-01,10-000549,CAP CER 22UF 10V X7R 1206 AEC-Q,Electrical Components,OTS,ATLN,MAIN,FALSE,Sienna Corporation,55743,0,0.1287,7174.1241,0,1,Unrestricted,55743
09-11-2026,CM: Sienna GA,10-000549 REV-01,10-000549,CAP CER 22UF 10V X7R 1206 AEC-Q,Electrical Components,OTS,ATLN,LINE,FALSE,Sienna Corporation,14767,0,0.1287,1900.5129,0,1,Unrestricted,14767
09-11-2026,Lunar Netsuite,10-000549,10-000549,CAP CER 22UF 10V X7R 1206 AEC-Q,Electrical Components,OTS,JIT - Reno,NS,FALSE,Lunar Energy,2000,0,0.1287,257.4,0,0,Unrestricted,2000
09-11-2026,CM: Sienna GA,10-000549 REV-01,10-000549,CAP CER 22UF 10V X7R 1206 AEC-Q,Electrical Components,OTS,ATLN,RIQC,FALSE,Sienna Corporation,40000,0,0.1287,5148,0,1,Unrestricted,40000
09-11-2026,CM: Sienna GA,10-000550 REV-01,10-000550,FIXED IND 4.7UH 4.5A 26 MOHM SMD,Electrical Components,OTS,ATLN,MAIN,FALSE,Sienna Corporation,5000,0,0.16,800,0,1,Unrestricted,5000
09-11-2026,CM: Qualitel WA,814L-10-000550,10-000550,FIXED IND 4.7UH 4.5A 26 MOHM SMD,Electrical Components,OTS,"Seattle, WA",Stock,FALSE,Qualitel,2742,0,0.1678,460.1076,0,0,Unrestricted,2742
09-11-2026,Lunar Netsuite,10-000550,10-000550,FIXED IND 4.7UH 4.5A 26 MOHM SMD,Electrical Components,OTS,NexGen Digital Inc,NS,FALSE,Lunar Energy,7000,0,0.16,1120,0,0,Unrestricted,7000
09-11-2026,CM: Sienna GA,10-000550 REV-01,10-000550,FIXED IND 4.7UH 4.5A 26 MOHM SMD,Electrical Components,OTS,ATLN,LINE,FALSE,Sienna Corporation,1715,0,0.16,274.4,0,1,Unrestricted,1715
09-11-2026,Lunar Netsuite,10-000550,10-000550,FIXED IND 4.7UH 4.5A 26 MOHM SMD,Electrical Components,OTS,JIT - Reno,NS,FALSE,Lunar Energy,9000,0,0.16,1440,0,0,Unrestricted,9000
09-11-2026,Lunar Netsuite,10-000551,10-000551,RES 31.2K OHM 0.5% 1/16W 0402 AEC-Q,Electrical Components,OTS,JIT - Reno,NS,FALSE,Lunar Energy,6000,0,0.06,360,0,0,Unrestricted,6000
09-11-2026,CM: Sienna GA,10-000551 REV-01,10-000551,RES 31.2K OHM 0.5% 1/16W 0402 AEC-Q,Electrical Components,OTS,ATLN,LINE,FALSE,Sienna Corporation,12494,0,0.0641,800.8654,0,1,Unrestricted,12494
09-11-2026,CM: Qualitel WA,814L-10-000551,10-000551,RES 31.2K OHM 0.5% 1/16W 0402 AEC-Q,Electrical Components,OTS,"Seattle, WA",Stock,FALSE,Qualitel,6131,0,0.0072,44.1432,0,0,Unrestricted,6131
09-11-2026,Lunar Netsuite,10-000552,10-000552,RES SMD 10K OHM 1% 1/16W 0402 AEC-Q,Electrical Components,OTS,Avnet,NS,FALSE,Lunar Energy,70000,0,0.0015,105,0,0,Unrestricted,70000
09-11-2026,CM: Sienna GA,10-000552 REV-01,10-000552,RES SMD 10K OHM 1% 1/16W 0402 AEC-Q,Electrical Components,OTS,ATLN,MAIN,FALSE,Sienna Corporation,130000,0,0.0015,195,0,1,Unrestricted,130000
09-11-2026,CM: Qualitel WA,814L-10-000552,10-000552,RES SMD 10K OHM 1% 1/16W 0402 AEC-Q,Electrical Components,OTS,"Seattle, WA",Stock,FALSE,Qualitel,75140,0,0.0009,67.626,0,0,Unrestricted,75140
09-11-2026,Lunar Netsuite,10-000552,10-000552,RES SMD 10K OHM 1% 1/16W 0402 AEC-Q,Electrical Components,OTS,JIT - Reno,NS,FALSE,Lunar Energy,3600,0,0.0018,6.48,0,0,Unrestricted,3600
09-11-2026,CM: Sienna GA,10-000552 REV-01,10-000552,RES SMD 10K OHM 1% 1/16W 0402 AEC-Q,Electrical Components,OTS,ATLN,LINE,FALSE,Sienna Corporation,214643,0,0.0015,321.9645,0,1,Unrestricted,214643
09-11-2026,CM: Sienna GA,10-000552 REV-01,10-000552,RES SMD 10K OHM 1% 1/16W 0402 AEC-Q,Electrical Components,OTS,ATLN,PAMS,FALSE,Sienna Corporation,160000,0,0.0015,240,0,1,Unrestricted,160000
09-11-2026,CM: Sienna GA,10-000553 REV-02,10-000553,"3.8V-32V INPUT, 3.5A Low Iq Synchronous Buck with Enhanced EMI Reduction PWM Only AEC-Q",Electrical Components,OTS,ATLN,LINE,FALSE,Sienna Corporation,3858,0,0.3872,1493.8176,0,2,Unrestricted,3858
09-11-2026,CM: Qualitel WA,814L-10-000553,10-000553,"3.8V-32V INPUT, 3.5A Low Iq Synchronous Buck with Enhanced EMI Reduction PWM Only AEC-Q",Electrical Components,OTS,"Seattle, WA",Stock,FALSE,Qualitel,14819,0,0.416,6164.704,0,0,Unrestricted,14819
09-11-2026,Lunar Netsuite,10-000553,10-000553,"3.8V-32V INPUT, 3.5A Low Iq Synchronous Buck with Enhanced EMI Reduction PWM Only AEC-Q",Electrical Components,OTS,CA - Ravendale,NS,FALSE,Lunar Energy,2930,0,0.4026,1179.618,0,0,Unrestricted,2930
09-11-2026,Lunar Netsuite,10-000553,10-000553,"3.8V-32V INPUT, 3.5A Low Iq Synchronous Buck with Enhanced EMI Reduction PWM Only AEC-Q",Electrical Components,OTS,NexGen Digital Inc,NS,FALSE,Lunar Energy,15000,0,0.4095,6142.5,0,0,Unrestricted,15000
09-11-2026,CM: Sienna GA,10-000553 REV-02,10-000553,"3.8V-32V INPUT, 3.5A Low Iq Synchronous Buck with Enhanced EMI Reduction PWM Only AEC-Q",Electrical Components,OTS,ATLN,RIQC,FALSE,Sienna Corporation,9000,0,0.3872,3484.8,0,2,Unrestricted,9000
09-11-2026,CM: Sienna GA,10-000553 REV-02,10-000553,"3.8V-32V INPUT, 3.5A Low Iq Synchronous Buck with Enhanced EMI Reduction PWM Only AEC-Q",Electrical Components,OTS,ATLN,MAIN,FALSE,Sienna Corporation,2990,0,0.3872,1157.728,0,2,Unrestricted,2990
09-11-2026,Lunar Netsuite,10-000553,10-000553,"3.8V-32V INPUT, 3.5A Low Iq Synchronous Buck with Enhanced EMI Reduction PWM Only AEC-Q",Electrical Components,OTS,JIT - Reno,NS,FALSE,Lunar Energy,24000,0,0.4026,9662.4,0,0,Unrestricted,24000
09-11-2026,CM: Sienna GA,10-000555 REV-01,10-000555,RES SMD 52.3K OHM 1% 1/16W 0402 AEC-Q,Electrical Components,OTS,ATLN,LINE,FALSE,Sienna Corporation,17441,0,0.0017,29.6497,0,1,Unrestricted,17441
09-11-2026,Lunar Netsuite,10-000555,10-000555,RES SMD 52.3K OHM 1% 1/16W 0402 AEC-Q,Electrical Components,OTS,CA - Ravendale,NS,FALSE,Lunar Energy,10000,0,0.0021,21,0,0,Unrestricted,10000
09-11-2026,CM: Qualitel WA,814L-10-000555,10-000555,RES SMD 52.3K OHM 1% 1/16W 0402 AEC-Q,Electrical Components,OTS,"Seattle, WA",Stock,FALSE,Qualitel,16254,0,0.0015,24.381,0,0,Unrestricted,16254
09-11-2026,CM: Sienna GA,10-000556 REV-01,10-000556,CAP CER 0.47UF 6.3V X7R 0402 AEC-Q,Electrical Components,OTS,ATLN,LINE,FALSE,Sienna Corporation,48346,0,0.011,531.806,0,1,Unrestricted,48346
09-11-2026,CM: Qualitel WA,814L-10-000556,10-000556,CAP CER 0.47UF 6.3V X7R 0402 AEC-Q,Electrical Components,OTS,"Seattle, WA",Stock,FALSE,Qualitel,33751,0,0.0125,421.8875,0,0,Unrestricted,33751
09-11-2026,CM: Sienna GA,10-000557 REV-1,10-000557,CAP CER 100PF 50V CH 0402,Electrical Components,OTS,ATLN,MAIN,FALSE,Sienna Corporation,15714,0,0.0027,42.4278,0,1,Unrestricted,15714
09-11-2026,Lunar Netsuite,10-000557,10-000557,CAP CER 100PF 50V CH 0402,Electrical Components,OTS,NexGen Digital Inc,NS,FALSE,Lunar Energy,90000,0,0.0028,252,0,0,Unrestricted,90000
09-11-2026,Lunar Netsuite,10-000557,10-000557,CAP CER 100PF 50V CH 0402,Electrical Components,OTS,JIT - Reno,NS,FALSE,Lunar Energy,110000,0,0.0028,308,0,0,Unrestricted,110000
09-11-2026,CM: Sienna GA,10-000558 REV-01,10-000558,CAP CER 4.7UF 16V X7R 0805 AEC-Q,Electrical Components,OTS,ATLN,LINE,FALSE,Sienna Corporation,30754,0,0.0474,1457.7396,0,1,Unrestricted,30754
09-11-2026,CM: Qualitel WA,814L-10-000558,10-000558,CAP CER 4.7UF 16V X7R 0805 AEC-Q,Electrical Components,OTS,"Seattle, WA",Stock,FALSE,Qualitel,11145,0,0.0348,387.846,0,0,Unrestricted,11145
09-11-2026,CM: Sienna GA,10-000559 REV-01,10-000559,CAP CER 1000PF 50V X7R 0402 AEC-Q,Electrical Components,OTS,ATLN,LINE,FALSE,Sienna Corporation,22564,0,0.0029,65.4356,0,1,Unrestricted,22564
09-11-2026,CM: Sienna GA,10-000559 REV-01,10-000559,CAP CER 1000PF 50V X7R 0402 AEC-Q,Electrical Components,OTS,ATLN,MAIN,FALSE,Sienna Corporation,170000,0,0.0029,493,0,1,Unrestricted,170000
09-11-2026,CM: Qualitel WA,814L-10-000559,10-000559,CAP CER 1000PF 50V X7R 0402 AEC-Q,Electrical Components,OTS,"Seattle, WA",Stock,FALSE,Qualitel,204408,0,0.002,408.816,0,0,Unrestricted,204408
09-11-2026,CM: Qualitel WA,814L-10-000559,10-000559,CAP CER 1000PF 50V X7R 0402 AEC-Q,Electrical Components,OTS,"Seattle, WA",PO Inspection,FALSE,Qualitel,0,250,0.002,0,0.5,0,Restricted,0
09-11-2026,Lunar Netsuite,10-000559,10-000559,CAP CER 1000PF 50V X7R 0402 AEC-Q,Electrical Components,OTS,JIT - Reno,NS,FALSE,Lunar Energy,723,0,0.024,17.352,0,0,Unrestricted,723
09-11-2026,CM: Qualitel WA,814L-10-000559,10-000559,CAP CER 1000PF 50V X7R 0402 AEC-Q,Electrical Components,OTS,"Seattle, WA",MRB,FALSE,Qualitel,0,250,0.002,0,0.5,0,Restricted,0
09-11-2026,CM: Qualitel WA,814L-10-000560,10-000560,CAP CER 470PF 50V X7R 0402 AEC-Q,Electrical Components,OTS,"Seattle, WA",Stock,FALSE,Qualitel,15711,0,0.0034,53.4174,0,0,Unrestricted,15711
09-11-2026,CM: Sienna GA,10-000560 REV-1,10-000560,CAP CER 470PF 50V X7R 0402 AEC-Q,Electrical Components,OTS,ATLN,LINE,FALSE,Sienna Corporation,29436,0,0.0037,108.9132,0,1,Unrestricted,29436
09-11-2026,Lunar Netsuite,10-000560,10-000560,CAP CER 470PF 50V X7R 0402 AEC-Q,Electrical Components,OTS,JIT - Reno,NS,FALSE,Lunar Energy,1000,0,0.032,32,0,0,Unrestricted,1000
09-11-2026,CM: Sienna GA,10-000561 REV-01,10-000561,CAP CER 10000PF 25V X7R 0402 AEC-Q,Electrical Components,OTS,ATLN,LINE,FALSE,Sienna Corporation,18488,0,0.0022,40.6736,0,1,Unrestricted,18488
09-11-2026,CM: Sienna GA,10-000561 REV-01,10-000561,CAP CER 10000PF 25V X7R 0402 AEC-Q,Electrical Components,OTS,ATLN,MAIN,FALSE,Sienna Corporation,41436,0,0.0022,91.1592,0,1,Unrestricted,41436
09-11-2026,CM: Sienna GA,C10-000561 REV-1,10-000561,CAP CER 10000PF 25V X7R 0402 AEC-Q,Electrical Components,OTS,ATLN,WT74,TRUE,Lunar Energy,10000,0,0,0,0,1,Unrestricted,10000
09-11-2026,Lunar Netsuite,10-000561,10-000561,CAP CER 10000PF 25V X7R 0402 AEC-Q,Electrical Components,OTS,Sienna Corporation - GA,NS,FALSE,Lunar Energy,10000,0,0.0022,22,0,0,Unrestricted,0
09-11-2026,CM: Qualitel WA,814L-10-000561,10-000561,CAP CER 10000PF 25V X7R 0402 AEC-Q,Electrical Components,OTS,"Seattle, WA",Stock,FALSE,Qualitel,22819,0,0.0021,47.9199,0,0,Unrestricted,22819
09-11-2026,CM: Sienna GA,10-000563 REV-01,10-000563,"Ceramic Capacitor, Multilayer, Ceramic, 35V, 10% +Tol, 10% -Tol, X7R, 15% TC, 0.15uF, SMT AEC-Q,",Electrical Components,OTS,ATLN,LINE,FALSE,Sienna Corporation,10376,0,0.0177,183.6552,0,1,Unrestricted,10376
09-11-2026,CM: Qualitel WA,814L-10-000563,10-000563,"Ceramic Capacitor, Multilayer, Ceramic, 35V, 10% +Tol, 10% -Tol, X7R, 15% TC, 0.15uF, SMT AEC-Q,",Electrical Components,OTS,"Seattle, WA",Stock,FALSE,Qualitel,15002,0,0.0173,259.5346,0,0,Unrestricted,15002
09-11-2026,CM: Sienna GA,10-000563 REV-01,10-000563,"Ceramic Capacitor, Multilayer, Ceramic, 35V, 10% +Tol, 10% -Tol, X7R, 15% TC, 0.15uF, SMT AEC-Q,",Electrical Components,OTS,ATLN,MAIN,FALSE,Sienna Corporation,20000,0,0.0177,354,0,1,Unrestricted,20000
09-11-2026,CM: Qualitel WA,814L-10-000564,10-000564,CAP CER 1.2PF 50V C0G/NPO 0402 AEC-Q,Electrical Components,OTS,"Seattle, WA",Stock,FALSE,Qualitel,26208,0,0.0042,110.0736,0,0,Unrestricted,26208
09-11-2026,CM: Sienna GA,10-000564 REV-01,10-000564,CAP CER 1.2PF 50V C0G/NPO 0402 AEC-Q,Electrical Components,OTS,ATLN,LINE,FALSE,Sienna Corporation,15858,0,0.0042,66.6036,0,1,Unrestricted,15858
09-11-2026,CM: Sienna GA,10-000565 REV-1,10-000565,CAP CER 3.3PF 50V C0G/NPO 0402 AEC-Q,Electrical Components,OTS,ATLN,LINE,FALSE,Sienna Corporation,10582,0,0.0047,49.7354,0,1,Unrestricted,10582
09-11-2026,CM: Qualitel WA,814L-10-000565,10-000565,CAP CER 3.3PF 50V C0G/NPO 0402 AEC-Q,Electrical Components,OTS,"Seattle, WA",Stock,FALSE,Qualitel,16252,0,0.0045,73.134,0,0,Unrestricted,16252
09-11-2026,CM: Sienna GA,10-000565 REV-1,10-000565,CAP CER 3.3PF 50V C0G/NPO 0402 AEC-Q,Electrical Components,OTS,ATLN,MAIN,FALSE,Sienna Corporation,50000,0,0.0047,235,0,1,Unrestricted,50000
09-11-2026,CM: Qualitel WA,814L-10-000566,10-000566,CAP CER 2.7PF ±0.25PF 50V C0G 0402 AEC-Q,Electrical Components,OTS,"Seattle, WA",Stock,FALSE,Qualitel,18745,0,0.0047,88.1015,0,0,Unrestricted,18745
09-11-2026,CM: Sienna GA,10-000566 REV-1,10-000566,CAP CER 2.7PF ±0.25PF 50V C0G 0402 AEC-Q,Electrical Components,OTS,ATLN,LINE,FALSE,Sienna Corporation,13476,0,0.0047,63.3372,0,1,Unrestricted,13476
09-11-2026,CM: Sienna GA,10-000567 REV-1,10-000567,CAP CER 3.9PF 50V C0G/NPO 0402 AEC-Q,Electrical Components,OTS,ATLN,LINE,FALSE,Sienna Corporation,17063,0,0.0047,80.1961,0,1,Unrestricted,17063
09-11-2026,CM: Qualitel WA,814L-10-000567,10-000567,CAP CER 3.9PF 50V C0G/NPO 0402 AEC-Q,Electrical Components,OTS,"Seattle, WA",Stock,FALSE,Qualitel,17477,0,0.0047,82.1419,0,0,Unrestricted,17477
09-11-2026,Lunar Netsuite,10-000568,10-000568,CAP CER 5.6PF 50V C0G/NP0 0402 AEC-Q,Electrical Components,OTS,NexGen Digital Inc,NS,FALSE,Lunar Energy,90000,0,0.0104,936,0,0,Unrestricted,90000
09-11-2026,CM: Qualitel WA,814L-10-000568,10-000568,CAP CER 5.6PF 50V C0G/NP0 0402 AEC-Q,Electrical Components,OTS,"Seattle, WA",Stock,FALSE,Qualitel,8730,0,0.0063,54.999,0,0,Unrestricted,8730
09-11-2026,CM: Sienna GA,10-000568 REV-01,10-000568,CAP CER 5.6PF 50V C0G/NP0 0402 AEC-Q,Electrical Components,OTS,ATLN,LINE,FALSE,Sienna Corporation,13372,0,0.0104,139.0688,0,1,Unrestricted,13372
09-11-2026,Lunar Netsuite,10-000568,10-000568,CAP CER 5.6PF 50V C0G/NP0 0402 AEC-Q,Electrical Components,OTS,JIT - Reno,NS,FALSE,Lunar Energy,10000,0,0.0104,104,0,0,Unrestricted,10000
09-11-2026,CM: Sienna GA,10-000569 REV-01,10-000569,CAP CER 1UF 35V X7R 0603 AEC-Q,Electrical Components,OTS,ATLN,LINE,FALSE,Sienna Corporation,89634,0,0.0142,1272.8028,0,1,Unrestricted,89634
09-11-2026,CM: Qualitel WA,814L-10-000569,10-000569,CAP CER 1UF 35V X7R 0603 AEC-Q,Electrical Components,OTS,"Seattle, WA",Stock,FALSE,Qualitel,80491,0,0.0133,1070.5303,0,0,Unrestricted,80491
09-11-2026,CM: Sienna GA,10-000570 REV-01,10-000570,CAP CER 1.5PF ± 0.25pF 50V C0K/CK 0402 AEC-Q,Electrical Components,OTS,ATLN,LINE,FALSE,Sienna Corporation,16838,0,0.0038,63.9844,0,1,Unrestricted,16838
09-11-2026,CM: Qualitel WA,814L-10-000570,10-000570,CAP CER 1.5PF ± 0.25pF 50V C0K/CK 0402 AEC-Q,Electrical Components,OTS,"Seattle, WA",Stock,FALSE,Qualitel,7487,0,0.0032,23.9584,0,0,Unrestricted,7487
09-11-2026,CM: Sienna GA,10-000571 REV-01,10-000571,CAP CER 1.8PF 50V C0G/NP0 0402 AEC-Q,Electrical Components,OTS,ATLN,MAIN,FALSE,Sienna Corporation,10000,0,0.008,80,0,1,Unrestricted,10000
09-11-2026,CM: Sienna GA,10-000571 REV-01,10-000571,CAP CER 1.8PF 50V C0G/NP0 0402 AEC-Q,Electrical Components,OTS,ATLN,LINE,FALSE,Sienna Corporation,3333,0,0.008,26.664,0,1,Unrestricted,3333
09-11-2026,CM: Qualitel WA,814L-10-000571,10-000571,CAP CER 1.8PF 50V C0G/NP0 0402 AEC-Q,Electrical Components,OTS,"Seattle, WA",Stock,FALSE,Qualitel,8726,0,0.0046,40.1396,0,0,Unrestricted,8726
09-11-2026,CM: Qualitel WA,814L-10-000572,10-000572,CAP CER 12PF 5% 50V C0H/CH 0402 AEC-Q,Electrical Components,OTS,"Seattle, WA",Stock,FALSE,Qualitel,17498,0,0.0031,54.2438,0,0,Unrestricted,17498
09-11-2026,CM: Sienna GA,10-000572 REV-01,10-000572,CAP CER 12PF 5% 50V C0H/CH 0402 AEC-Q,Electrical Components,OTS,ATLN,LINE,FALSE,Sienna Corporation,17457,0,0.0031,54.1167,0,1,Unrestricted,17457
09-11-2026,Lunar Netsuite,10-000572,10-000572,CAP CER 12PF 5% 50V C0H/CH 0402 AEC-Q,Electrical Components,OTS,JIT - Reno,NS,FALSE,Lunar Energy,1000,0,0.016,16,0,0,Unrestricted,1000
09-11-2026,CM: Sienna GA,10-000573 REV-01,10-000573,"General Purpose Inductor, 0.0068uH, 3%, 1 Element, SMD AEC-Q",Electrical Components,OTS,ATLN,LINE,FALSE,Sienna Corporation,37479,0,0.0197,738.3363,0,1,Unrestricted,37479
09-11-2026,CM: Qualitel WA,814L-10-000573,10-000573,"General Purpose Inductor, 0.0068uH, 3%, 1 Element, SMD AEC-Q",Electrical Components,OTS,"Seattle, WA",Stock,FALSE,Qualitel,13755,0,0.019,261.345,0,0,Unrestricted,13755
09-11-2026,CM: Sienna GA,10-000574 REV-01,10-000574,"General Purpose Inductor, 0.0033uH, 6.061%, 1 Element, SMD AEC-Q",Electrical Components,OTS,ATLN,LINE,FALSE,Sienna Corporation,13467,0,0.0197,265.2999,0,1,Unrestricted,13467
09-11-2026,CM: Qualitel WA,814L-10-000574,10-000574,"General Purpose Inductor, 0.0033uH, 6.061%, 1 Element, SMD AEC-Q",Electrical Components,OTS,"Seattle, WA",Stock,FALSE,Qualitel,9740,0,0.0197,191.878,0,0,Unrestricted,9740
09-11-2026,CM: Sienna GA,10-000575 REV-01,10-000575,"General Purpose Inductor, 0.0047uH, 2.128%, 1 Element, SMD AEC-Q",Electrical Components,OTS,ATLN,LINE,FALSE,Sienna Corporation,17287,0,0.056,968.072,0,1,Unrestricted,17287
09-11-2026,Lunar Netsuite,10-000575,10-000575,"General Purpose Inductor, 0.0047uH, 2.128%, 1 Element, SMD AEC-Q",Electrical Components,OTS,JIT - Reno,NS,FALSE,Lunar Energy,9900,0,0.058,574.2,0,0,Unrestricted,9900
09-11-2026,CM: Qualitel WA,814L-10-000575,10-000575,"General Purpose Inductor, 0.0047uH, 2.128%, 1 Element, SMD AEC-Q",Electrical Components,OTS,"Seattle, WA",Stock,FALSE,Qualitel,7495,0,0.0554,415.223,0,0,Unrestricted,7495
09-11-2026,CM: Sienna GA,10-000576 REV-01,10-000576,"General Purpose Inductor, 0.015uH, 5%, 1 Element, SMD AEC-Q",Electrical Components,OTS,ATLN,LINE,FALSE,Sienna Corporation,13496,0,0.0327,441.3192,0,1,Unrestricted,13496
09-11-2026,CM: Qualitel WA,814L-10-000576,10-000576,"General Purpose Inductor, 0.015uH, 5%, 1 Element, SMD AEC-Q",Electrical Components,OTS,"Seattle, WA",Stock,FALSE,Qualitel,9746,0,0.0327,318.6942,0,0,Unrestricted,9746
09-11-2026,Lunar Netsuite,10-000576,10-000576,"General Purpose Inductor, 0.015uH, 5%, 1 Element, SMD AEC-Q",Electrical Components,OTS,JIT - Reno,NS,FALSE,Lunar Energy,9600,0,0.0327,313.92,0,0,Unrestricted,9600
09-11-2026,Lunar Netsuite,10-000577,10-000577,"General Purpose Inductor, 0.0056uH, 2%, 1 Element, SMD AEC-Q",Electrical Components,OTS,NexGen Digital Inc,NS,FALSE,Lunar Energy,20000,0,0.0532,1064,0,0,Unrestricted,20000
09-11-2026,CM: Qualitel WA,814L-10-000577,10-000577,"General Purpose Inductor, 0.0056uH, 2%, 1 Element, SMD AEC-Q",Electrical Components,OTS,"Seattle, WA",Stock,FALSE,Qualitel,8748,0,0.0473,413.7804,0,0,Unrestricted,8748
09-11-2026,CM: Sienna GA,10-000577 REV-01,10-000577,"General Purpose Inductor, 0.0056uH, 2%, 1 Element, SMD AEC-Q",Electrical Components,OTS,ATLN,LINE,FALSE,Sienna Corporation,4886,0,0.0474,231.5964,0,1,Unrestricted,4886
09-11-2026,Lunar Netsuite,10-000578,10-000578,"General Purpose Inductor, 0.0062uH, 2%, 1 Element, SMD AEC-Q",Electrical Components,OTS,JIT - Reno,NS,FALSE,Lunar Energy,9600,0,0.0483,463.68,0,0,Unrestricted,9600
09-11-2026,CM: Qualitel WA,814L-10-000578,10-000578,"General Purpose Inductor, 0.0062uH, 2%, 1 Element, SMD AEC-Q",Electrical Components,OTS,"Seattle, WA",Stock,FALSE,Qualitel,8743,0,0.0473,413.5439,0,0,Unrestricted,8743
09-11-2026,CM: Sienna GA,10-000578 REV-01,10-000578,"General Purpose Inductor, 0.0062uH, 2%, 1 Element, SMD AEC-Q",Electrical Components,OTS,ATLN,LINE,FALSE,Sienna Corporation,13409,0,0.0473,634.2457,0,1,Unrestricted,13409
09-11-2026,CM: Qualitel WA,814L-10-000579,10-000579,"General Purpose Inductor, 10uH, 20%, 1 Element, Ferrite-Core, SMD, 0805 AEC-Q",Electrical Components,OTS,"Seattle, WA",Stock,FALSE,Qualitel,2748,0,0.0365,100.302,0,0,Unrestricted,2748
09-11-2026,CM: Sienna GA,10-000579 REV-1,10-000579,"General Purpose Inductor, 10uH, 20%, 1 Element, Ferrite-Core, SMD, 0805 AEC-Q",Electrical Components,OTS,ATLN,MAIN,FALSE,Sienna Corporation,2000,0,0.0365,73,0,1,Unrestricted,2000
09-11-2026,CM: Sienna GA,10-000579 REV-1,10-000579,"General Purpose Inductor, 10uH, 20%, 1 Element, Ferrite-Core, SMD, 0805 AEC-Q",Electrical Components,OTS,ATLN,LINE,FALSE,Sienna Corporation,4083,0,0.0365,149.0295,0,1,Unrestricted,4083
09-11-2026,CM: Sienna GA,10-000580 REV-1,10-000580,"General Purpose Inductor, 0.018uH, 5%, 1 Element, SMD AEC-Q",Electrical Components,OTS,ATLN,MAIN,FALSE,Sienna Corporation,4000,0,0.0488,195.2,0,1,Unrestricted,4000
09-11-2026,CM: Qualitel WA,814L-10-000580,10-000580,"General Purpose Inductor, 0.018uH, 5%, 1 Element, SMD AEC-Q",Electrical Components,OTS,"Seattle, WA",Stock,FALSE,Qualitel,5480,0,0.0488,267.424,0,0,Unrestricted,5480
09-11-2026,CM: Sienna GA,10-000580 REV-1,10-000580,"General Purpose Inductor, 0.018uH, 5%, 1 Element, SMD AEC-Q",Electrical Components,OTS,ATLN,LINE,FALSE,Sienna Corporation,11103,0,0.0488,541.8264,0,1,Unrestricted,11103
09-11-2026,CM: Qualitel WA,814L-10-000581,10-000581,"General Purpose Inductor, 0.003uH, 6.667%, 1 Element, SMD AEC-Q",Electrical Components,OTS,"Seattle, WA",Stock,FALSE,Qualitel,9730,0,0.0197,191.681,0,0,Unrestricted,9730
09-11-2026,CM: Sienna GA,10-000581 REV-01,10-000581,"General Purpose Inductor, 0.003uH, 6.667%, 1 Element, SMD AEC-Q",Electrical Components,OTS,ATLN,LINE,FALSE,Sienna Corporation,13492,0,0.0197,265.7924,0,1,Unrestricted,13492
09-11-2026,Lunar Netsuite,10-000582,10-000582,"General Purpose Inductor, 0.0013uH, 15.385%, 1 Element, SMD AEC-Q",Electrical Components,OTS,JIT - Reno,NS,FALSE,Lunar Energy,9600,0,0.0197,189.12,0,0,Unrestricted,9600
09-11-2026,CM: Qualitel WA,814L-10-000582,10-000582,"General Purpose Inductor, 0.0013uH, 15.385%, 1 Element, SMD AEC-Q",Electrical Components,OTS,"Seattle, WA",Stock,FALSE,Qualitel,9600,0,0.0197,189.12,0,0,Unrestricted,9600
09-11-2026,CM: Sienna GA,10-000582 REV-01,10-000582,"General Purpose Inductor, 0.0013uH, 15.385%, 1 Element, SMD AEC-Q",Electrical Components,OTS,ATLN,LINE,FALSE,Sienna Corporation,13446,0,0.0197,264.8862,0,1,Unrestricted,13446
09-11-2026,Lunar Netsuite,10-000583,10-000583,"General Purpose Inductor, 0.033uH, 5%, 1 Element, SMD AEC-Q",Electrical Components,OTS,JIT - Reno,NS,FALSE,Lunar Energy,5000,0,0.0597,298.5,0,0,Unrestricted,5000
09-11-2026,CM: Sienna GA,10-000583 REV-01,10-000583,"General Purpose Inductor, 0.033uH, 5%, 1 Element, SMD AEC-Q",Electrical Components,OTS,ATLN,LINE,FALSE,Sienna Corporation,3404,0,0.0415,141.266,0,1,Unrestricted,3404
09-11-2026,CM: Sienna GA,10-000583 REV-01,10-000583,"General Purpose Inductor, 0.033uH, 5%, 1 Element, SMD AEC-Q",Electrical Components,OTS,ATLN,MAIN,FALSE,Sienna Corporation,10000,0,0.0415,415,0,1,Unrestricted,10000
09-11-2026,CM: Qualitel WA,814L-10-000583,10-000583,"General Purpose Inductor, 0.033uH, 5%, 1 Element, SMD AEC-Q",Electrical Components,OTS,"Seattle, WA",Stock,FALSE,Qualitel,8742,0,0.05,437.1,0,0,Unrestricted,8742
09-11-2026,CM: Sienna GA,10-000585 REV-01,10-000585,RES 0 OHM JUMPER 1/16W 0402 AEC-Q,Electrical Components,OTS,ATLN,MAIN,FALSE,Sienna Corporation,160430,0,0.0011,176.473,0,1,Unrestricted,160430
09-11-2026,CM: Sienna GA,10-000585 REV-01,10-000585,RES 0 OHM JUMPER 1/16W 0402 AEC-Q,Electrical Components,OTS,ATLN,LINE,FALSE,Sienna Corporation,16736,0,0.0011,18.4096,0,1,Unrestricted,16736
09-11-2026,CM: Sienna GA,10-000585 REV-01,10-000585,RES 0 OHM JUMPER 1/16W 0402 AEC-Q,Electrical Components,OTS,ATLN,PAMS,FALSE,Sienna Corporation,70000,0,0.0011,77,0,1,Unrestricted,70000
09-11-2026,CM: Qualitel WA,814L-10-000585,10-000585,RES 0 OHM JUMPER 1/16W 0402 AEC-Q,Electrical Components,OTS,"Seattle, WA",Stock,FALSE,Qualitel,97546,0,0.0033,321.9018,0,0,Unrestricted,97546
09-11-2026,Lunar Netsuite,10-000586,10-000586,860 to 930 MHz High-Power RF Front-End Module,Electrical Components,OTS,JIT - Reno,NS,FALSE,Lunar Energy,3000,0,1.3065,3919.5,0,0,Unrestricted,3000
09-11-2026,CM: Qualitel WA,814L-10-000586,10-000586,860 to 930 MHz High-Power RF Front-End Module,Electrical Components,OTS,"Seattle, WA",Stock,FALSE,Qualitel,4747,0,1.21,5743.87,0,0,Unrestricted,4747
09-11-2026,CM: Sienna GA,10-000586 REV-01,10-000586,860 to 930 MHz High-Power RF Front-End Module,Electrical Components,OTS,ATLN,LINE,FALSE,Sienna Corporation,2581,0,1.2,3097.2,0,1,Unrestricted,2581
09-11-2026,CM: Sienna GA,10-000586 REV-01,10-000586,860 to 930 MHz High-Power RF Front-End Module,Electrical Components,OTS,ATLN,RIQC,FALSE,Sienna Corporation,3000,0,1.2,3600,0,1,Unrestricted,3000
09-11-2026,CM: Sienna GA,10-000587 REV-01,10-000587,S2-LP is a 900 MHz RF radio,Electrical Components,OTS,ATLN,LINE,FALSE,Sienna Corporation,5557,0,1.3821,7680.3297,0,1,Unrestricted,5557
09-11-2026,Lunar Netsuite,10-000587,10-000587,S2-LP is a 900 MHz RF radio,Electrical Components,OTS,CA - Ravendale,NS,FALSE,Lunar Energy,4159,0,0,0,0,0,Unrestricted,4159
09-11-2026,CM: Qualitel WA,814L-10-000587,10-000587,S2-LP is a 900 MHz RF radio,Electrical Components,OTS,"Seattle, WA",Stock,FALSE,Qualitel,6749,0,1.26,8503.74,0,0,Unrestricted,6749
09-11-2026,CM: Sienna GA,10-000589 REV-01,10-000589,CAP FILM 0.47UF 20% 760VDC RAD,Electrical Components,OTS,ATLN,MAIN,FALSE,Sienna Corporation,5200,0,0.569,2958.8,0,1,Unrestricted,5200
09-11-2026,CM: Sienna GA,10-000589 REV-01,10-000589,CAP FILM 0.47UF 20% 760VDC RAD,Electrical Components,OTS,ATLN,LINE,FALSE,Sienna Corporation,1599,0,0.569,909.831,0,1,Unrestricted,1599
09-11-2026,CM: Sienna GA,10-000589 REV-01,10-000589,CAP FILM 0.47UF 20% 760VDC RAD,Electrical Components,OTS,ATLN,RECV,FALSE,Sienna Corporation,252,0,0.569,143.388,0,1,Unrestricted,252
09-11-2026,Lunar Netsuite,10-000590,10-000590,TVS DIODE 12.8VWM 27.2VC SMB,Electrical Components,OTS,NexGen Digital Inc,NS,FALSE,Lunar Energy,22455,0,0.04,898.2,0,0,Unrestricted,22455
09-11-2026,CM: Sienna GA,10-000590 REV-01,10-000590,TVS DIODE 12.8VWM 27.2VC SMB,Electrical Components,OTS,ATLN,RIQC,FALSE,Sienna Corporation,7500,0,0.0596,447,0,1,Unrestricted,7500
09-11-2026,CM: Qualitel WA,814L-10-000590,10-000590,TVS DIODE 12.8VWM 27.2VC SMB,Electrical Components,OTS,"Seattle, WA",Stock,FALSE,Qualitel,12488,0,0.0596,744.2848,0,0,Unrestricted,12488
09-11-2026,CM: Sienna GA,10-000590 REV-01,10-000590,TVS DIODE 12.8VWM 27.2VC SMB,Electrical Components,OTS,ATLN,MAIN,FALSE,Sienna Corporation,2072,0,0.0596,123.4912,0,1,Unrestricted,2072
09-11-2026,Lunar Netsuite,10-000590,10-000590,TVS DIODE 12.8VWM 27.2VC SMB,Electrical Components,OTS,JIT - Reno,NS,FALSE,Lunar Energy,37500,0,0.0431,1616.25,0,0,Unrestricted,32500
09-11-2026,CM: Sienna GA,10-000590 REV-01,10-000590,TVS DIODE 12.8VWM 27.2VC SMB,Electrical Components,OTS,ATLN,LINE,FALSE,Sienna Corporation,2910,0,0.0596,173.436,0,1,Unrestricted,2910
09-11-2026,Lunar Netsuite,10-000591,10-000591,DIGITAL TRANSFORMER,Electrical Components,OTS,JIT - Reno,NS,FALSE,Lunar Energy,11312,0,0.55,6221.6,0,0,Unrestricted,10612
09-11-2026,CM: Sienna GA,10-000591 REV-01,10-000591,DIGITAL TRANSFORMER,Electrical Components,OTS,ATLN,LINE,FALSE,Sienna Corporation,261,0,0.55,143.55,0,1,Unrestricted,261
09-11-2026,CM: Sienna GA,10-000591 REV-01,10-000591,DIGITAL TRANSFORMER,Electrical Components,OTS,ATLN,RIQC,FALSE,Sienna Corporation,1000,0,0.55,550,0,1,Unrestricted,1000
09-11-2026,Lunar Netsuite,10-000591,10-000591,DIGITAL TRANSFORMER,Electrical Components,OTS,Sienna Corporation - GA,NS,FALSE,Lunar Energy,650,0,0.55,357.5,0,0,Unrestricted,0
09-11-2026,Lunar Netsuite,10-000591,10-000591,DIGITAL TRANSFORMER,Electrical Components,OTS,NexGen Digital Inc,NS,FALSE,Lunar Energy,34886,0,0.55,19187.3,0,0,Unrestricted,34886
09-11-2026,CM: Sienna GA,C10-000591 REV-01,10-000591,DIGITAL TRANSFORMER,Electrical Components,OTS,ATLN,WRA1,TRUE,Lunar Energy,600,0,0,0,0,1,Unrestricted,600
09-11-2026,CM: Sienna GA,C10-000591 REV-01,10-000591,DIGITAL TRANSFORMER,Electrical Components,OTS,ATLN,WT62,TRUE,Lunar Energy,50,0,0,0,0,1,Unrestricted,50
09-11-2026,CM: Sienna GA,10-000591 REV-01,10-000591,DIGITAL TRANSFORMER,Electrical Components,OTS,ATLN,LPAC,FALSE,Sienna Corporation,493,0,0.55,271.15,0,1,Unrestricted,493
09-11-2026,CM: Celestica MX,10-0005953MS,10-000595,CAP CER 22UF 16V X7R 1210 AEC-Q,Electrical Components,OTS,Monterrey Prod,1000,FALSE,Celestica,-4,0,0.213,-0.852,0,0,Unrestricted,-4
09-11-2026,CM: Sienna GA,10-000595 REV-02,10-000595,CAP CER 22UF 16V X7R 1210 AEC-Q,Electrical Components,OTS,ATLN,MAIN,FALSE,Sienna Corporation,5743,0,0.213,1223.259,0,2,Unrestricted,5743
09-11-2026,Lunar Netsuite,10-000595,10-000595,CAP CER 22UF 16V X7R 1210 AEC-Q,Electrical Components,OTS,JIT - Reno,NS,FALSE,Lunar Energy,8000,0,0.08,640,0,0,Unrestricted,2000
09-11-2026,CM: Sienna GA,10-000595 REV-02,10-000595,CAP CER 22UF 16V X7R 1210 AEC-Q,Electrical Components,OTS,ATLN,RIQC,FALSE,Sienna Corporation,4000,0,0.213,852,0,2,Unrestricted,4000
09-11-2026,CM: Qualitel WA,814L-10-000595,10-000595,CAP CER 22UF 16V X7R 1210 AEC-Q,Electrical Components,OTS,"Seattle, WA",Stock,FALSE,Qualitel,31592,0,0.082,2590.544,0,0,Unrestricted,31592
09-11-2026,CM: Qualitel WA,814L-10-000596,10-000596,FIXED IND 10UH 500MA 400MOHM SMD,Electrical Components,OTS,"Seattle, WA",Stock,FALSE,Qualitel,19797,0,0.215,4256.355,0,0,Unrestricted,19797
09-11-2026,CM: Celestica MX,10-0005963MS,10-000596,FIXED IND 10UH 500MA 400MOHM SMD,Electrical Components,OTS,Monterrey Prod,1000,FALSE,Celestica,782,0,0.2145,167.739,0,0,Unrestricted,782
09-11-2026,Lunar Netsuite,10-000598,10-000598,"DC-DC Regulated Power Supply Module, 1 Output, 1W, Hybrid",Electrical Components,OTS,Avnet,NS,FALSE,Lunar Energy,100,0,4.9,490,0,0,Unrestricted,0
09-11-2026,Lunar Netsuite,10-000598,10-000598,"DC-DC Regulated Power Supply Module, 1 Output, 1W, Hybrid",Electrical Components,OTS,JIT - Reno,NS,FALSE,Lunar Energy,1074,0,4.9,5262.6,0,0,Unrestricted,0
09-11-2026,CM: Celestica MX,10-0005983MS,10-000598,"DC-DC Regulated Power Supply Module, 1 Output, 1W, Hybrid",Electrical Components,OTS,Monterrey Prod,1000,FALSE,Celestica,-2,0,4.9,-9.8,0,0,Unrestricted,-2
09-11-2026,CM: Qualitel WA,814L-10-000598,10-000598,"DC-DC Regulated Power Supply Module, 1 Output, 1W, Hybrid",Electrical Components,OTS,"Seattle, WA",Stock,FALSE,Qualitel,5950,0,4.9,29155,0,0,Unrestricted,5950
09-11-2026,Lunar Netsuite,10-000603,10-000603,LED RED CLEAR 2SMD,Electrical Components,OTS,JIT - Reno,NS,FALSE,Lunar Energy,8000,0,0.1313,1050.4,0,0,Unrestricted,131
09-11-2026,CM: Sienna GA,10-000603 REV-01,10-000603,LED RED CLEAR 2SMD,Electrical Components,OTS,ATLN,RIQC,FALSE,Sienna Corporation,2000,0,0.131,262,0,1,Unrestricted,2000
09-11-2026,CM: Sienna GA,10-000603 REV-01,10-000603,LED RED CLEAR 2SMD,Electrical Components,OTS,ATLN,LINE,FALSE,Sienna Corporation,1082,0,0.131,141.742,0,1,Unrestricted,1082
09-11-2026,Lunar Netsuite,10-000603,10-000603,LED RED CLEAR 2SMD,Electrical Components,OTS,NexGen Digital Inc,NS,FALSE,Lunar Energy,14000,0,0.1367,1913.8,0,0,Unrestricted,14000
09-11-2026,CM: Qualitel WA,814L-10-000603,10-000603,LED RED CLEAR 2SMD,Electrical Components,OTS,"Seattle, WA",Stock,FALSE,Qualitel,18503,0,0.105,1942.815,0,0,Unrestricted,18503
09-11-2026,CM: Sienna GA,10-000603 REV-01,10-000603,LED RED CLEAR 2SMD,Electrical Components,OTS,ATLN,MAIN,FALSE,Sienna Corporation,4000,0,0.131,524,0,1,Unrestricted,4000
09-11-2026,CM: Sienna GA,10-000605 REV-01,10-000605,DIODE ARRAY AEC-Q,Electrical Components,OTS,ATLN,LINE,FALSE,Sienna Corporation,6193,0,0.0435,269.3955,0,1,Unrestricted,6193
09-11-2026,Lunar Netsuite,10-000605,10-000605,DIODE ARRAY AEC-Q,Electrical Components,OTS,JIT - Reno,NS,FALSE,Lunar Energy,1675,0,0.083,139.025,0,0,Unrestricted,1675
09-11-2026,CM: Qualitel WA,814L-10-000605,10-000605,DIODE ARRAY AEC-Q,Electrical Components,OTS,"Seattle, WA",Stock,FALSE,Qualitel,87023,0,0.0263,2288.7049,0,0,Unrestricted,87023
09-11-2026,CM: Qualitel WA,814L-10-000605,10-000605,DIODE ARRAY AEC-Q,Electrical Components,OTS,"Seattle, WA",MRB,FALSE,Qualitel,0,100,0.0263,0,2.63,0,Restricted,0
09-11-2026,CM: Sienna GA,C10-000605 REV-01,10-000605,DIODE ARRAY AEC-Q,Electrical Components,OTS,ATLN,WT11,TRUE,Lunar Energy,1000,0,0,0,0,1,Unrestricted,1000
09-11-2026,CM: Sienna GA,C10-000605 REV-01,10-000605,DIODE ARRAY AEC-Q,Electrical Components,OTS,ATLN,WT32,TRUE,Lunar Energy,1655,0,0,0,0,1,Unrestricted,1655
09-11-2026,CM: Sienna GA,10-000605 REV-01,10-000605,DIODE ARRAY AEC-Q,Electrical Components,OTS,ATLN,RIQC,FALSE,Sienna Corporation,18000,0,0.0435,783,0,1,Unrestricted,18000
09-11-2026,CM: Qualitel WA,814L-10-000605,10-000605,DIODE ARRAY AEC-Q,Electrical Components,OTS,"Seattle, WA",PO Inspection,FALSE,Qualitel,0,100,0.0263,0,2.63,0,Restricted,0
09-11-2026,CM: Sienna GA,10-000605 REV-01,10-000605,DIODE ARRAY AEC-Q,Electrical Components,OTS,ATLN,MAIN,FALSE,Sienna Corporation,31648,0,0.0435,1376.688,0,1,Unrestricted,31648
09-11-2026,Lunar Netsuite,10-000605,10-000605,DIODE ARRAY AEC-Q,Electrical Components,OTS,Sienna Corporation - GA,NS,FALSE,Lunar Energy,3000,0,0.0501,150.3,0,0,Unrestricted,0
09-11-2026,CM: Sienna GA,C10-000605 REV-01,10-000605,DIODE ARRAY AEC-Q,Electrical Components,OTS,ATLN,WT16,TRUE,Lunar Energy,345,0,0,0,0,1,Unrestricted,345
09-11-2026,CM: Qualitel WA,814L-10-000606,10-000606,TVS DIODE 16VWM 26VC SMA,Electrical Components,OTS,"Seattle, WA",PO Inspection,FALSE,Qualitel,0,50,0.0764,0,3.82,0,Restricted,0
09-11-2026,CM: Qualitel WA,814L-10-000606,10-000606,TVS DIODE 16VWM 26VC SMA,Electrical Components,OTS,"Seattle, WA",MRB,FALSE,Qualitel,0,50,0.0764,0,3.82,0,Restricted,0
09-11-2026,CM: Sienna GA,10-000606 REV-01,10-000606,TVS DIODE 16VWM 26VC SMA,Electrical Components,OTS,ATLN,LINE,FALSE,Sienna Corporation,3499,0,0.0764,267.3236,0,1,Unrestricted,3499
09-11-2026,CM: Qualitel WA,814L-10-000606,10-000606,TVS DIODE 16VWM 26VC SMA,Electrical Components,OTS,"Seattle, WA",Stock,FALSE,Qualitel,2033,0,0.0764,155.3212,0,0,Unrestricted,2033
09-11-2026,Lunar Netsuite,10-000606,10-000606,TVS DIODE 16VWM 26VC SMA,Electrical Components,OTS,Avnet,NS,FALSE,Lunar Energy,5000,0,0.0764,382,0,0,Unrestricted,5000
09-11-2026,CM: Sienna GA,10-000607 REV-01,10-000607,LED GREEN CLEAR CHIP SMD,Electrical Components,OTS,ATLN,RIQC,FALSE,Sienna Corporation,8000,0,0.057,456,0,1,Unrestricted,8000
09-11-2026,Lunar Netsuite,10-000607,10-000607,LED GREEN CLEAR CHIP SMD,Electrical Components,OTS,JIT - Reno,NS,FALSE,Lunar Energy,89800,0,0.057,5118.6,0,0,Unrestricted,77800
09-11-2026,Lunar Netsuite,10-000607,10-000607,LED GREEN CLEAR CHIP SMD,Electrical Components,OTS,NexGen Digital Inc,NS,FALSE,Lunar Energy,48000,0,0.057,2736,0,0,Unrestricted,48000
09-11-2026,CM: Qualitel WA,814L-10-000607,10-000607,LED GREEN CLEAR CHIP SMD,Electrical Components,OTS,"Seattle, WA",Stock,FALSE,Qualitel,25884,0,0.0475,1229.49,0,0,Unrestricted,25884
09-11-2026,CM: Sienna GA,10-000607 REV-01,10-000607,LED GREEN CLEAR CHIP SMD,Electrical Components,OTS,ATLN,MAIN,FALSE,Sienna Corporation,6000,0,0.057,342,0,1,Unrestricted,6000
09-11-2026,CM: Sienna GA,10-000607 REV-01,10-000607,LED GREEN CLEAR CHIP SMD,Electrical Components,OTS,ATLN,PAMS,FALSE,Sienna Corporation,6650,0,0.057,379.05,0,1,Unrestricted,6650
09-11-2026,CM: Sienna GA,10-000607 REV-01,10-000607,LED GREEN CLEAR CHIP SMD,Electrical Components,OTS,ATLN,LINE,FALSE,Sienna Corporation,7100,0,0.057,404.7,0,1,Unrestricted,7100
09-11-2026,CM: Sienna GA,C10-000607 REV-01,10-000607,LED GREEN CLEAR CHIP SMD,Electrical Components,OTS,ATLN,WT51,TRUE,Lunar Energy,2000,0,0,0,0,1,Unrestricted,2000
09-11-2026,Lunar Netsuite,10-000607,10-000607,LED GREEN CLEAR CHIP SMD,Electrical Components,OTS,Sienna Corporation - GA,NS,FALSE,Lunar Energy,2000,0,0.057,114,0,0,Unrestricted,0
09-11-2026,Lunar Netsuite,10-000608,10-000608,FUSE 3.0A 63VAC/DC SLOW 1206,Electrical Components,OTS,Avnet,NS,FALSE,Lunar Energy,5000,0,0.0965,482.5,0,0,Unrestricted,5000
09-11-2026,CM: Sienna GA,10-000608 REV-01,10-000608,FUSE 3.0A 63VAC/DC SLOW 1206,Electrical Components,OTS,ATLN,MAIN,FALSE,Sienna Corporation,4424,0,0.0965,426.916,0,1,Unrestricted,4424
09-11-2026,Lunar Netsuite,10-000610,10-000610,CAP CER 0.022UF 50V X7R 0402 AEC-Q,Electrical Components,OTS,JIT - Reno,NS,FALSE,Lunar Energy,20000,0,0.0106,212,0,0,Unrestricted,20000
09-11-2026,CM: Sienna GA,10-000610 REV-01,10-000610,CAP CER 0.022UF 50V X7R 0402 AEC-Q,Electrical Components,OTS,ATLN,RIQC,FALSE,Sienna Corporation,20000,0,0.0106,212,0,1,Unrestricted,20000
09-11-2026,CM: Sienna GA,10-000610 REV-01,10-000610,CAP CER 0.022UF 50V X7R 0402 AEC-Q,Electrical Components,OTS,ATLN,LINE,FALSE,Sienna Corporation,9056,0,0.0106,95.9936,0,1,Unrestricted,9056
09-11-2026,CM: Qualitel WA,814L-10-000610,10-000610,CAP CER 0.022UF 50V X7R 0402 AEC-Q,Electrical Components,OTS,"Seattle, WA",Stock,FALSE,Qualitel,17506,0,0.0032,56.0192,0,0,Unrestricted,17506
09-11-2026,CM: Sienna GA,10-000611 REV-01,10-000611,CAP CER 150PF 50V C0G/NP0 0402 AEC-Q,Electrical Components,OTS,ATLN,LINE,FALSE,Sienna Corporation,61947,0,0.0052,322.1244,0,1,Unrestricted,61947
09-11-2026,CM: Qualitel WA,814L-10-000611,10-000611,CAP CER 150PF 50V C0G/NP0 0402 AEC-Q,Electrical Components,OTS,"Seattle, WA",Stock,FALSE,Qualitel,47903,0,0.0041,196.4023,0,0,Unrestricted,47903
09-11-2026,CM: Sienna GA,10-000611 REV-01,10-000611,CAP CER 150PF 50V C0G/NP0 0402 AEC-Q,Electrical Components,OTS,ATLN,MAIN,FALSE,Sienna Corporation,60000,0,0.0052,312,0,1,Unrestricted,60000
09-11-2026,Lunar Netsuite,10-000612,10-000612,CAP CER 10UF 16V X7S 0805 AEC-Q,Electrical Components,OTS,Sienna Corporation - GA,NS,FALSE,Lunar Energy,2000,0,0.1437,287.4,0,0,Unrestricted,0
09-11-2026,CM: Qualitel WA,814L-10-000612,10-000612,CAP CER 10UF 16V X7S 0805 AEC-Q,Electrical Components,OTS,"Seattle, WA",Stock,FALSE,Qualitel,64281,0,0.0645,4146.1245,0,0,Unrestricted,64281
09-11-2026,CM: Sienna GA,C10-000612 REV-02,10-000612,CAP CER 10UF 16V X7S 0805 AEC-Q,Electrical Components,OTS,ATLN,WR22,TRUE,Lunar Energy,2000,0,0,0,0,2,Unrestricted,2000
09-11-2026,CM: Sienna GA,10-000612 REV-02,10-000612,CAP CER 10UF 16V X7S 0805 AEC-Q,Electrical Components,OTS,ATLN,LINE,FALSE,Sienna Corporation,19921,0,0.0882,1757.0322,0,2,Unrestricted,19921
09-11-2026,CM: Sienna GA,10-000612 REV-02,10-000612,CAP CER 10UF 16V X7S 0805 AEC-Q,Electrical Components,OTS,ATLN,MAIN,FALSE,Sienna Corporation,45551,0,0.0882,4017.5982,0,2,Unrestricted,45551
09-11-2026,Lunar Netsuite,10-000613,10-000613,CAP CER 1UF 25V X5R 0402,Electrical Components,OTS,CCL (Computer Components Ltd),NS,FALSE,Lunar Energy,129039,0,0.018,2322.702,0,0,Unrestricted,129039
09-11-2026,CM: Qualitel WA,814L-10-000614,10-000614,DIODE SCHOTTKY 20V 500MA SOD123,Electrical Components,OTS,"Seattle, WA",Stock,FALSE,Qualitel,110019,0,0.022,2420.418,0,0,Unrestricted,110019
09-11-2026,CM: Sienna GA,10-000614 REV-01,10-000614,DIODE SCHOTTKY 20V 500MA SOD123,Electrical Components,OTS,ATLN,LINE,FALSE,Sienna Corporation,42609,0,0.0304,1295.3136,0,1,Unrestricted,42609
09-11-2026,CM: Sienna GA,10-000615 REV-01,10-000615,FERRITE BEAD 1.5 KOHM 0603 1LN AEC-Q,Electrical Components,OTS,ATLN,MAIN,FALSE,Sienna Corporation,64000,0,0.0149,953.6,0,1,Unrestricted,64000
09-11-2026,CM: Qualitel WA,814L-10-000615,10-000615,FERRITE BEAD 1.5 KOHM 0603 1LN AEC-Q,Electrical Components,OTS,"Seattle, WA",Stock,FALSE,Qualitel,20460,0,0.0148,302.808,0,0,Unrestricted,20460
09-11-2026,CM: Sienna GA,10-000615 REV-01,10-000615,FERRITE BEAD 1.5 KOHM 0603 1LN AEC-Q,Electrical Components,OTS,ATLN,LINE,FALSE,Sienna Corporation,6405,0,0.0149,95.4345,0,1,Unrestricted,6405
09-11-2026,CM: Sienna GA,10-000616 REV-01,10-000616,RES SMD 330K OHM 0.1% 1/4W 1206 AEC-Q,Electrical Components,OTS,ATLN,MAIN,FALSE,Sienna Corporation,4980,0,0.089,443.22,0,1,Unrestricted,4980
09-11-2026,CM: Sienna GA,10-000616 REV-01,10-000616,RES SMD 330K OHM 0.1% 1/4W 1206 AEC-Q,Electrical Components,OTS,ATLN,RIQC,FALSE,Sienna Corporation,45000,0,0.089,4005,0,1,Unrestricted,45000
09-11-2026,CM: Sienna GA,10-000616 REV-01,10-000616,RES SMD 330K OHM 0.1% 1/4W 1206 AEC-Q,Electrical Components,OTS,ATLN,LINE,FALSE,Sienna Corporation,4601,0,0.089,409.489,0,1,Unrestricted,4601
09-11-2026,Lunar Netsuite,10-000616,10-000616,RES SMD 330K OHM 0.1% 1/4W 1206 AEC-Q,Electrical Components,OTS,JIT - Reno,NS,FALSE,Lunar Energy,1000,0,0.322,322,0,0,Unrestricted,1000
09-11-2026,CM: Qualitel WA,814L-10-000616,10-000616,RES SMD 330K OHM 0.1% 1/4W 1206 AEC-Q,Electrical Components,OTS,"Seattle, WA",Stock,FALSE,Qualitel,21296,0,0.085,1810.16,0,0,Unrestricted,21296
09-11-2026,CM: Sienna GA,10-000619 REV-01,10-000619,RES 1M OHM 5% 1/16W 0402 AEC-Q,Electrical Components,OTS,ATLN,LINE,FALSE,Sienna Corporation,29791,0,0.0011,32.7701,0,1,Unrestricted,29791
09-11-2026,CM: Sienna GA,10-000619 REV-01,10-000619,RES 1M OHM 5% 1/16W 0402 AEC-Q,Electrical Components,OTS,ATLN,MAIN,FALSE,Sienna Corporation,20000,0,0.0011,22,0,1,Unrestricted,20000
09-11-2026,CM: Qualitel WA,814L-10-000619,10-000619,RES 1M OHM 5% 1/16W 0402 AEC-Q,Electrical Components,OTS,"Seattle, WA",Stock,FALSE,Qualitel,16575,0,0.0011,18.2325,0,0,Unrestricted,16575
09-11-2026,CM: Qualitel WA,814L-10-000621,10-000621,DGTL ISO 5000VRMS 5CH GP 16SOIC,Electrical Components,OTS,"Seattle, WA",Stock,FALSE,Qualitel,7417,0,1.322,9805.274,0,0,Unrestricted,7417
09-11-2026,CM: Sienna GA,10-000621 REV-01,10-000621,DGTL ISO 5000VRMS 5CH GP 16SOIC,Electrical Components,OTS,ATLN,MAIN,FALSE,Sienna Corporation,7000,0,1.284,8988,0,1,Unrestricted,7000
09-11-2026,CM: Sienna GA,10-000621 REV-01,10-000621,DGTL ISO 5000VRMS 5CH GP 16SOIC,Electrical Components,OTS,ATLN,LINE,FALSE,Sienna Corporation,987,0,1.284,1267.308,0,1,Unrestricted,987
09-11-2026,CM: Qualitel WA,814L-10-000622,10-000622,IC ENERGY METER 1PHASE 32QFN,Electrical Components,OTS,"Seattle, WA",Stock,FALSE,Qualitel,23583,0,1.15,27120.45,0,0,Unrestricted,23583
09-11-2026,CM: Sienna GA,10-000622 REV-01,10-000622,IC ENERGY METER 1PHASE 32QFN,Electrical Components,OTS,ATLN,RIQC,FALSE,Sienna Corporation,9000,0,1.24,11160,0,1,Unrestricted,9000
09-11-2026,CM: Sienna GA,10-000622 REV-01,10-000622,IC ENERGY METER 1PHASE 32QFN,Electrical Components,OTS,ATLN,LINE,FALSE,Sienna Corporation,3553,0,1.24,4405.72,0,1,Unrestricted,3553
09-11-2026,CM: Sienna GA,10-000622 REV-01,10-000622,IC ENERGY METER 1PHASE 32QFN,Electrical Components,OTS,ATLN,MAIN,FALSE,Sienna Corporation,3000,0,1.24,3720,0,1,Unrestricted,3000
09-11-2026,Lunar Netsuite,10-000622,10-000622,IC ENERGY METER 1PHASE 32QFN,Electrical Components,OTS,JIT - Reno,NS,FALSE,Lunar Energy,6000,0,1.15,6900,0,0,Unrestricted,5286
09-11-2026,CM: Sienna GA,10-000625 REV-01,10-000625,CRYSTAL 16.0000MHZ 12PF SMD AEC-Q,Electrical Components,OTS,ATLN,LINE,FALSE,Sienna Corporation,4069,0,0.18,732.42,0,1,Unrestricted,4069
09-11-2026,CM: Qualitel WA,814L-10-000625,10-000625,CRYSTAL 16.0000MHZ 12PF SMD AEC-Q,Electrical Components,OTS,"Seattle, WA",Stock,FALSE,Qualitel,8068,0,0.191,1540.988,0,0,Unrestricted,8068
09-11-2026,CM: Sienna GA,10-000625 REV-01,10-000625,CRYSTAL 16.0000MHZ 12PF SMD AEC-Q,Electrical Components,OTS,ATLN,MAIN,FALSE,Sienna Corporation,3000,0,0.18,540,0,1,Unrestricted,3000
09-11-2026,CM: Sienna GA,10-000626 REV-01,10-000626,"Rectangular Power Connector, 9 Contact(s), Male, Solder Terminal, Receptacle",Electrical Components,OTS,ATLN,PAMS,FALSE,Sienna Corporation,500,0,0.422,211,0,1,Unrestricted,500
09-11-2026,CM: Sienna GA,10-000626 REV-01,10-000626,"Rectangular Power Connector, 9 Contact(s), Male, Solder Terminal, Receptacle",Electrical Components,OTS,ATLN,RIQC,FALSE,Sienna Corporation,936,0,0.422,394.992,0,1,Unrestricted,936
09-11-2026,CM: Sienna GA,10-000626 REV-01,10-000626,"Rectangular Power Connector, 9 Contact(s), Male, Solder Terminal, Receptacle",Electrical Components,OTS,ATLN,LINE,FALSE,Sienna Corporation,773,0,0.422,326.206,0,1,Unrestricted,773
09-11-2026,Lunar Netsuite,10-000626,10-000626,"Rectangular Power Connector, 9 Contact(s), Male, Solder Terminal, Receptacle",Electrical Components,OTS,Avnet,NS,FALSE,Lunar Energy,6561,0,0.422,2768.742,0,0,Unrestricted,6561
09-11-2026,CM: Qualitel WA,814L-10-000627,10-000627,2 x 3 Beige Conn Header SMD 6POS 2.5MM,Electrical Components,OTS,"Seattle, WA",Stock,FALSE,Qualitel,4446,0,0.362,1609.452,0,0,Unrestricted,4446
09-11-2026,CM: Sienna GA,10-000627 REV-1,10-000627,2 x 3 Beige Conn Header SMD 6POS 2.5MM,Electrical Components,OTS,ATLN,PAMS,FALSE,Sienna Corporation,4200,0,0.825,3465,0,1,Unrestricted,4200
09-11-2026,CM: Sienna GA,10-000627 REV-1,10-000627,2 x 3 Beige Conn Header SMD 6POS 2.5MM,Electrical Components,OTS,ATLN,LINE,FALSE,Sienna Corporation,3847,0,0.825,3173.775,0,1,Unrestricted,3847
09-11-2026,Lunar Netsuite,10-000629,10-000629,2 x 2 Black Rectangular Power Connector,Electrical Components,OTS,JIT - Reno,NS,FALSE,Lunar Energy,3900,0,0.89,3471,0,0,Unrestricted,3900
09-11-2026,CM: Sienna GA,10-000629 REV-01,10-000629,2 x 2 Black Rectangular Power Connector,Electrical Components,OTS,ATLN,LINE,FALSE,Sienna Corporation,269,0,0.835,224.615,0,1,Unrestricted,269
09-11-2026,CM: Sienna GA,10-000629 REV-01,10-000629,2 x 2 Black Rectangular Power Connector,Electrical Components,OTS,ATLN,RIQC,FALSE,Sienna Corporation,1800,0,0.835,1503,0,1,Unrestricted,1800
09-11-2026,CM: Sienna GA,10-000629 REV-01,10-000629,2 x 2 Black Rectangular Power Connector,Electrical Components,OTS,ATLN,MAIN,FALSE,Sienna Corporation,2400,0,0.835,2004,0,1,Unrestricted,2400
09-11-2026,Lunar Netsuite,10-000630,10-000630,1 x 4 Black Rectangular Power Connector,Electrical Components,OTS,Avnet,NS,FALSE,Lunar Energy,2700,0,0.65,1755,0,0,Unrestricted,2700
09-11-2026,CM: Sienna GA,10-000630 REV-01,10-000630,1 x 4 Black Rectangular Power Connector,Electrical Components,OTS,ATLN,LPAC,FALSE,Sienna Corporation,606,0,0.65,393.9,0,1,Unrestricted,606
09-11-2026,CM: Sienna GA,10-000630 REV-01,10-000630,1 x 4 Black Rectangular Power Connector,Electrical Components,OTS,ATLN,MAIN,FALSE,Sienna Corporation,2394,0,0.65,1556.1,0,1,Unrestricted,2394
09-11-2026,CM: Sienna GA,10-000630 REV-01,10-000630,1 x 4 Black Rectangular Power Connector,Electrical Components,OTS,ATLN,LINE,FALSE,Sienna Corporation,121,0,0.65,78.65,0,1,Unrestricted,121
09-11-2026,CM: Sienna GA,10-000631 REV-01,10-000631,Rectangular Power Connector,Electrical Components,OTS,ATLN,LPAC,FALSE,Sienna Corporation,1189,0,0.68,808.52,0,1,Unrestricted,1189
09-11-2026,CM: Sienna GA,10-000631 REV-01,10-000631,Rectangular Power Connector,Electrical Components,OTS,ATLN,LINE,FALSE,Sienna Corporation,986,0,0.68,670.48,0,1,Unrestricted,986
09-11-2026,Lunar Netsuite,10-000631,10-000631,Rectangular Power Connector,Electrical Components,OTS,CA - Ravendale,NS,FALSE,Lunar Energy,1200,0,0.7805,936.6,0,0,Unrestricted,1200
09-11-2026,CM: Sienna GA,10-000631 REV-01,10-000631,Rectangular Power Connector,Electrical Components,OTS,ATLN,MAIN,FALSE,Sienna Corporation,911,0,0.68,619.48,0,1,Unrestricted,911
09-11-2026,CM: Sienna GA,10-000631 REV-01,10-000631,Rectangular Power Connector,Electrical Components,OTS,ATLN,RIQC,FALSE,Sienna Corporation,6300,0,0.68,4284,0,1,Unrestricted,6300
09-11-2026,CM: Qualitel WA,814L-10-000631,10-000631,Rectangular Power Connector,Electrical Components,OTS,"Seattle, WA",Stock,FALSE,Qualitel,4397,0,0.6586,2895.8642,0,0,Unrestricted,4397
09-11-2026,CM: Sienna GA,C10-000631 REV-01,10-000631,Rectangular Power Connector,Electrical Components,OTS,ATLN,WS24,TRUE,Lunar Energy,1500,0,0,0,0,1,Unrestricted,1500
09-11-2026,Lunar Netsuite,10-000631,10-000631,Rectangular Power Connector,Electrical Components,OTS,Sienna Corporation - GA,NS,FALSE,Lunar Energy,1500,0,0.6797,1019.55,0,0,Unrestricted,0
09-11-2026,CM: Sienna GA,10-000634 REV-01,10-000634,"Board Connector, 10 Contact(s), 2 Row(s), Male, Straight, 0.05 inch Pitch, Surface Mount Terminal, L",Electrical Components,OTS,ATLN,PAMS,FALSE,Sienna Corporation,5950,0,0.898,5343.1,0,1,Unrestricted,5950
09-11-2026,CM: Qualitel WA,814L-10-000634,10-000634,"Board Connector, 10 Contact(s), 2 Row(s), Male, Straight, 0.05 inch Pitch, Surface Mount Terminal, L",Electrical Components,OTS,"Seattle, WA",PO Inspection,FALSE,Qualitel,0,15,0.363,0,5.445,0,Restricted,0
09-11-2026,Lunar Netsuite,10-000634,10-000634,"Board Connector, 10 Contact(s), 2 Row(s), Male, Straight, 0.05 inch Pitch, Surface Mount Terminal, L",Electrical Components,OTS,JIT - Reno,NS,FALSE,Lunar Energy,1000,0,2.1086,2108.6,0,0,Unrestricted,600
09-11-2026,CM: Sienna GA,10-000634 REV-01,10-000634,"Board Connector, 10 Contact(s), 2 Row(s), Male, Straight, 0.05 inch Pitch, Surface Mount Terminal, L",Electrical Components,OTS,ATLN,RIQC,FALSE,Sienna Corporation,2125,0,0.898,1908.25,0,1,Unrestricted,2125
09-11-2026,CM: Sienna GA,10-000634 REV-01,10-000634,"Board Connector, 10 Contact(s), 2 Row(s), Male, Straight, 0.05 inch Pitch, Surface Mount Terminal, L",Electrical Components,OTS,ATLN,MAIN,FALSE,Sienna Corporation,688,0,0.898,617.824,0,1,Unrestricted,688
09-11-2026,CM: Qualitel WA,814L-10-000634,10-000634,"Board Connector, 10 Contact(s), 2 Row(s), Male, Straight, 0.05 inch Pitch, Surface Mount Terminal, L",Electrical Components,OTS,"Seattle, WA",MRB,FALSE,Qualitel,0,15,0.363,0,5.445,0,Restricted,0
09-11-2026,CM: Sienna GA,10-000634 REV-01,10-000634,"Board Connector, 10 Contact(s), 2 Row(s), Male, Straight, 0.05 inch Pitch, Surface Mount Terminal, L",Electrical Components,OTS,ATLN,LINE,FALSE,Sienna Corporation,1400,0,0.898,1257.2,0,1,Unrestricted,1400
09-11-2026,CM: Qualitel WA,814L-10-000634,10-000634,"Board Connector, 10 Contact(s), 2 Row(s), Male, Straight, 0.05 inch Pitch, Surface Mount Terminal, L",Electrical Components,OTS,"Seattle, WA",Stock,FALSE,Qualitel,10816,0,0.363,3926.208,0,0,Unrestricted,10816
09-11-2026,CM: Sienna GA,10-000635 REV-02,10-000635,CAP CER 10UF 35V X7R 1206 AEC-Q,Electrical Components,OTS,ATLN,MAIN,FALSE,Sienna Corporation,125977,0,0.139,17510.803,0,2,Unrestricted,125977
09-11-2026,CM: Sienna GA,10-000635 REV-02,10-000635,CAP CER 10UF 35V X7R 1206 AEC-Q,Electrical Components,OTS,ATLN,LINE,FALSE,Sienna Corporation,30576,0,0.139,4250.064,0,2,Unrestricted,30576
09-11-2026,CM: Sienna GA,10-000635 REV-02,10-000635,CAP CER 10UF 35V X7R 1206 AEC-Q,Electrical Components,OTS,ATLN,RIQC,FALSE,Sienna Corporation,24325,0,0.139,3381.175,0,2,Unrestricted,24325
09-11-2026,CM: Qualitel WA,814L-10-000635,10-000635,CAP CER 10UF 35V X7R 1206 AEC-Q,Electrical Components,OTS,"Seattle, WA",Stock,FALSE,Qualitel,102647,0,0.0284,2915.1748,0,0,Unrestricted,102647
09-11-2026,CM: Sienna GA,10-000637 REV-01,10-000637,CAP CER 4.7PF 50V C0G/NPO 0402 AEC-Q,Electrical Components,OTS,ATLN,LINE,FALSE,Sienna Corporation,14910,0,0.0047,70.077,0,1,Unrestricted,14910
09-11-2026,CM: Qualitel WA,814L-10-000637,10-000637,CAP CER 4.7PF 50V C0G/NPO 0402 AEC-Q,Electrical Components,OTS,"Seattle, WA",Stock,FALSE,Qualitel,35004,0,0.0045,157.518,0,0,Unrestricted,35004
09-11-2026,CM: Sienna GA,10-000637 REV-01,10-000637,CAP CER 4.7PF 50V C0G/NPO 0402 AEC-Q,Electrical Components,OTS,ATLN,MAIN,FALSE,Sienna Corporation,30000,0,0.0047,141,0,1,Unrestricted,30000
09-11-2026,Lunar Netsuite,10-000637,10-000637,CAP CER 4.7PF 50V C0G/NPO 0402 AEC-Q,Electrical Components,OTS,JIT - Reno,NS,FALSE,Lunar Energy,60000,0,0.0047,282,0,0,Unrestricted,60000
09-11-2026,CM: Sienna GA,10-000639 REV-01,10-000639,DIODE SBR 40V 3A SMA,Electrical Components,OTS,ATLN,LINE,FALSE,Sienna Corporation,2692,0,0.064,172.288,0,1,Unrestricted,2692
09-11-2026,Lunar Netsuite,10-000639,10-000639,DIODE SBR 40V 3A SMA,Electrical Components,OTS,CCL (Computer Components Ltd),NS,FALSE,Lunar Energy,199990,0,0.06,11999.4,0,0,Unrestricted,199990
09-11-2026,CM: Sienna GA,10-000639 REV-01,10-000639,DIODE SBR 40V 3A SMA,Electrical Components,OTS,ATLN,RIQC,FALSE,Sienna Corporation,10000,0,0.064,640,0,1,Unrestricted,10000
09-11-2026,Lunar Netsuite,10-000639,10-000639,DIODE SBR 40V 3A SMA,Electrical Components,OTS,JIT - Reno,NS,FALSE,Lunar Energy,25000,0,0.1395,3487.5,0,0,Unrestricted,21800
09-11-2026,CM: Sienna GA,10-000639 REV-01,10-000639,DIODE SBR 40V 3A SMA,Electrical Components,OTS,ATLN,MAIN,FALSE,Sienna Corporation,5000,0,0.064,320,0,1,Unrestricted,5000
09-11-2026,CM: Qualitel WA,814L-10-000639,10-000639,DIODE SBR 40V 3A SMA,Electrical Components,OTS,"Seattle, WA",Stock,FALSE,Qualitel,8560,0,0.0598,511.888,0,0,Unrestricted,8560
09-11-2026,CM: Qualitel WA,814L-10-000641,10-000641,DIODE SCHOTTKY 40V 1A SOD323HE,Electrical Components,OTS,"Seattle, WA",Stock,FALSE,Qualitel,12507,0,0.08,1000.56,0,0,Unrestricted,12507
09-11-2026,CM: Sienna GA,10-000641 REV-01,10-000641,DIODE SCHOTTKY 40V 1A SOD323HE,Electrical Components,OTS,ATLN,LINE,FALSE,Sienna Corporation,917,0,0.0794,72.8098,0,1,Unrestricted,917
09-11-2026,Lunar Netsuite,10-000641,10-000641,DIODE SCHOTTKY 40V 1A SOD323HE,Electrical Components,OTS,JIT - Reno,NS,FALSE,Lunar Energy,4430,0,0.1342,594.506,0,0,Unrestricted,4430
09-11-2026,CM: Sienna GA,10-000641 REV-01,10-000641,DIODE SCHOTTKY 40V 1A SOD323HE,Electrical Components,OTS,ATLN,MAIN,FALSE,Sienna Corporation,18902,0,0.0794,1500.8188,0,1,Unrestricted,18902
09-11-2026,Lunar Netsuite,10-000642,10-000642,"Electric Fuse, Time Lag Blow, 2A, 65A (IR)",Electrical Components,OTS,CCL (Computer Components Ltd),NS,FALSE,Lunar Energy,88000,0,0.0562,4945.6,0,0,Unrestricted,88000
09-11-2026,Lunar Netsuite,10-000645,10-000645,RES SMD 100K OHM 1% 1/16W 0402 AEC-Q,Electrical Components,OTS,JIT - Reno,NS,FALSE,Lunar Energy,8500,0,0.0015,12.75,0,0,Unrestricted,8500
09-11-2026,CM: Sienna GA,C10-000645 REV-1,10-000645,RES SMD 100K OHM 1% 1/16W 0402 AEC-Q,Electrical Components,OTS,ATLN,WS23,TRUE,Lunar Energy,9000,0,0,0,0,1,Unrestricted,9000
09-11-2026,CM: Sienna GA,10-000645 REV-1,10-000645,RES SMD 100K OHM 1% 1/16W 0402 AEC-Q,Electrical Components,OTS,ATLN,MAIN,FALSE,Sienna Corporation,30015,0,0.0015,45.0225,0,1,Unrestricted,30015
09-11-2026,CM: Sienna GA,10-000645 REV-1,10-000645,RES SMD 100K OHM 1% 1/16W 0402 AEC-Q,Electrical Components,OTS,ATLN,LINE,FALSE,Sienna Corporation,89529,0,0.0015,134.2935,0,1,Unrestricted,89529
09-11-2026,CM: Qualitel WA,814L-10-000645,10-000645,RES SMD 100K OHM 1% 1/16W 0402 AEC-Q,Electrical Components,OTS,"Seattle, WA",Stock,FALSE,Qualitel,42811,0,0.0015,64.2165,0,0,Unrestricted,42811
09-11-2026,Lunar Netsuite,10-000645,10-000645,RES SMD 100K OHM 1% 1/16W 0402 AEC-Q,Electrical Components,OTS,Sienna Corporation - GA,NS,FALSE,Lunar Energy,9000,0,0.0017,15.3,0,0,Unrestricted,0
09-11-2026,CM: Celestica MX,10-0006463MS,10-000646,RES SMD 1K OHM 1% 1/16W 0402 AEC-Q,Electrical Components,OTS,Monterrey Prod,1000,FALSE,Celestica,5,0,0.0014,0.007,0,0,Unrestricted,5
09-11-2026,CM: Sienna GA,10-000646 REV-01,10-000646,RES SMD 1K OHM 1% 1/16W 0402 AEC-Q,Electrical Components,OTS,ATLN,LINE,FALSE,Sienna Corporation,51370,0,0.0015,77.055,0,1,Unrestricted,51370
09-11-2026,CM: Sienna GA,10-000646 REV-01,10-000646,RES SMD 1K OHM 1% 1/16W 0402 AEC-Q,Electrical Components,OTS,ATLN,MAIN,FALSE,Sienna Corporation,100000,0,0.0015,150,0,1,Unrestricted,100000
09-11-2026,CM: Qualitel WA,814L-10-000646,10-000646,RES SMD 1K OHM 1% 1/16W 0402 AEC-Q,Electrical Components,OTS,"Seattle, WA",Stock,FALSE,Qualitel,53053,0,0.0008,42.4424,0,0,Unrestricted,53053
09-11-2026,CM: Qualitel WA,814L-10-000647,10-000647,RES SMD 150K OHM 1% 1/16W 0402 AEC-Q,Electrical Components,OTS,"Seattle, WA",Stock,FALSE,Qualitel,21214,0,0.0021,44.5494,0,0,Unrestricted,21214
09-11-2026,Lunar Netsuite,10-000647,10-000647,RES SMD 150K OHM 1% 1/16W 0402 AEC-Q,Electrical Components,OTS,JIT - Reno,NS,FALSE,Lunar Energy,1000,0,0.0118,11.8,0,0,Unrestricted,1000
09-11-2026,CM: Qualitel WA,814L-10-000649,10-000649,RES SMD 51K OHM 1% 1/16W 0402 AEC-Q,Electrical Components,OTS,"Seattle, WA",Stock,FALSE,Qualitel,8734,0,0.0015,13.101,0,0,Unrestricted,8734
09-11-2026,CM: Sienna GA,10-000649 REV-01,10-000649,RES SMD 51K OHM 1% 1/16W 0402 AEC-Q,Electrical Components,OTS,ATLN,LINE,FALSE,Sienna Corporation,4760,0,0.012,57.12,0,1,Unrestricted,4760
09-11-2026,CM: Sienna GA,10-000650 REV-01,10-000650,RES SMD 16K OHM 1% 1/10W 0402 AEC-Q,Electrical Components,OTS,ATLN,MAIN,FALSE,Sienna Corporation,10000,0,0.0015,15,0,1,Unrestricted,10000
09-11-2026,Lunar Netsuite,10-000650,10-000650,RES SMD 16K OHM 1% 1/10W 0402 AEC-Q,Electrical Components,OTS,JIT - Reno,NS,FALSE,Lunar Energy,2800,0,0.006,16.8,0,0,Unrestricted,2800
09-11-2026,CM: Sienna GA,10-000650 REV-01,10-000650,RES SMD 16K OHM 1% 1/10W 0402 AEC-Q,Electrical Components,OTS,ATLN,LINE,FALSE,Sienna Corporation,4998,0,0.0015,7.497,0,1,Unrestricted,4998
09-11-2026,CM: Sienna GA,10-000650 REV-01,10-000650,RES SMD 16K OHM 1% 1/10W 0402 AEC-Q,Electrical Components,OTS,ATLN,RIQC,FALSE,Sienna Corporation,10000,0,0.0015,15,0,1,Unrestricted,10000
09-11-2026,CM: Qualitel WA,814L-10-000657,10-000657,RES SMD 750 OHM 1% 1/16W 0402 AEC-Q,Electrical Components,OTS,"Seattle, WA",Stock,FALSE,Qualitel,27343,0,0.001,27.343,0,0,Unrestricted,27343
09-11-2026,CM: Sienna GA,10-000657 REV-01,10-000657,RES SMD 750 OHM 1% 1/16W 0402 AEC-Q,Electrical Components,OTS,ATLN,MAIN,FALSE,Sienna Corporation,50013,0,0.0015,75.0195,0,1,Unrestricted,50013
09-11-2026,Lunar Netsuite,10-000657,10-000657,RES SMD 750 OHM 1% 1/16W 0402 AEC-Q,Electrical Components,OTS,JIT - Reno,NS,FALSE,Lunar Energy,28500,0,0.0015,42.75,0,0,Unrestricted,28500
09-11-2026,CM: Sienna GA,10-000657 REV-01,10-000657,RES SMD 750 OHM 1% 1/16W 0402 AEC-Q,Electrical Components,OTS,ATLN,LINE,FALSE,Sienna Corporation,10148,0,0.0015,15.222,0,1,Unrestricted,10148
09-11-2026,Lunar Netsuite,10-000658,10-000658,RES SMD 10K OHM 1% 1/16W 0402,Electrical Components,OTS,CA - Ravendale,NS,FALSE,Lunar Energy,40000,0,0.0009,36,0,0,Unrestricted,40000
09-11-2026,CM: Sienna GA,10-000658 REV-01,10-000658,RES SMD 10K OHM 1% 1/16W 0402,Electrical Components,OTS,ATLN,LINE,FALSE,Sienna Corporation,80389,0,0.0015,120.5835,0,1,Unrestricted,80389
09-11-2026,CM: Celestica MX,10-0006583MS,10-000658,RES SMD 10K OHM 1% 1/16W 0402,Electrical Components,OTS,Monterrey Prod,1000,FALSE,Celestica,-40,0,0.0015,-0.06,0,0,Unrestricted,-40
09-11-2026,Lunar Netsuite,10-000658,10-000658,RES SMD 10K OHM 1% 1/16W 0402,Electrical Components,OTS,JIT - Reno,NS,FALSE,Lunar Energy,7045,0,0.0017,11.9765,0,0,Unrestricted,7045
09-11-2026,CM: Qualitel WA,814L-10-000658,10-000658,RES SMD 10K OHM 1% 1/16W 0402,Electrical Components,OTS,"Seattle, WA",Stock,FALSE,Qualitel,498591,0,0.0006,299.1546,0,0,Unrestricted,498591
09-11-2026,CM: Sienna GA,10-000658 REV-01,10-000658,RES SMD 10K OHM 1% 1/16W 0402,Electrical Components,OTS,ATLN,MAIN,FALSE,Sienna Corporation,150000,0,0.0015,225,0,1,Unrestricted,150000
09-11-2026,CM: Sienna GA,10-000659 REV-1,10-000659,RES SMD 100 OHM 1% 1/16W 0402 AEC-Q,Electrical Components,OTS,ATLN,LINE,FALSE,Sienna Corporation,18420,0,0.0009,16.578,0,1,Unrestricted,18420
09-11-2026,CM: Sienna GA,C10-000659 REV-1,10-000659,RES SMD 100 OHM 1% 1/16W 0402 AEC-Q,Electrical Components,OTS,ATLN,WS13,TRUE,Lunar Energy,10000,0,0,0,0,1,Unrestricted,10000
09-11-2026,Lunar Netsuite,10-000659,10-000659,RES SMD 100 OHM 1% 1/16W 0402 AEC-Q,Electrical Components,OTS,Sienna Corporation - GA,NS,FALSE,Lunar Energy,10000,0,0.0016,16,0,0,Unrestricted,0
09-11-2026,Lunar Netsuite,10-000659,10-000659,RES SMD 100 OHM 1% 1/16W 0402 AEC-Q,Electrical Components,OTS,CA - Ravendale,NS,FALSE,Lunar Energy,20000,0,0.0022,44,0,0,Unrestricted,20000
09-11-2026,CM: Sienna GA,10-000659 REV-1,10-000659,RES SMD 100 OHM 1% 1/16W 0402 AEC-Q,Electrical Components,OTS,ATLN,MAIN,FALSE,Sienna Corporation,80000,0,0.0009,72,0,1,Unrestricted,80000
09-11-2026,CM: Qualitel WA,814L-10-000659,10-000659,RES SMD 100 OHM 1% 1/16W 0402 AEC-Q,Electrical Components,OTS,"Seattle, WA",Stock,FALSE,Qualitel,78236,0,0.0009,70.4124,0,0,Unrestricted,78236
09-11-2026,CM: Sienna GA,10-000660 REV-1,10-000660,RES 120 OHM 1% 1/2W 1206 AEC-Q,Electrical Components,OTS,ATLN,LINE,FALSE,Sienna Corporation,9735,0,0.0132,128.502,0,1,Unrestricted,9735
09-11-2026,CM: Qualitel WA,814L-10-000660,10-000660,RES 120 OHM 1% 1/2W 1206 AEC-Q,Electrical Components,OTS,"Seattle, WA",Stock,FALSE,Qualitel,20682,0,0.0126,260.5932,0,0,Unrestricted,20682
09-11-2026,CM: Qualitel WA,814L-10-000660,10-000660,RES 120 OHM 1% 1/2W 1206 AEC-Q,Electrical Components,OTS,"Seattle, WA",MRB,FALSE,Qualitel,0,250,0.0126,0,3.15,0,Restricted,0
09-11-2026,CM: Qualitel WA,814L-10-000660,10-000660,RES 120 OHM 1% 1/2W 1206 AEC-Q,Electrical Components,OTS,"Seattle, WA",PO Inspection,FALSE,Qualitel,0,250,0.0126,0,3.15,0,Restricted,0
09-11-2026,CM: Sienna GA,10-000660 REV-1,10-000660,RES 120 OHM 1% 1/2W 1206 AEC-Q,Electrical Components,OTS,ATLN,MAIN,FALSE,Sienna Corporation,35000,0,0.0132,462,0,1,Unrestricted,35000
09-11-2026,Lunar Netsuite,10-000660,10-000660,RES 120 OHM 1% 1/2W 1206 AEC-Q,Electrical Components,OTS,JIT - Reno,NS,FALSE,Lunar Energy,14621,0,0.0407,595.0747,0,0,Unrestricted,14621
09-11-2026,Lunar Netsuite,10-000662,10-000662,"Buffer/Inverter Based MOSFET Driver, PDSO8",Electrical Components,OTS,Avnet,NS,FALSE,Lunar Energy,12500,0,0.2343,2928.75,0,0,Unrestricted,12500
09-11-2026,CM: Sienna GA,10-000662 REV-01,10-000662,"Buffer/Inverter Based MOSFET Driver, PDSO8",Electrical Components,OTS,ATLN,LINE,FALSE,Sienna Corporation,2653,0,0.3193,847.1029,0,1,Unrestricted,2653
09-11-2026,CM: Sienna GA,10-000662 REV-01,10-000662,"Buffer/Inverter Based MOSFET Driver, PDSO8",Electrical Components,OTS,ATLN,PAMS,FALSE,Sienna Corporation,2500,0,0.3193,798.25,0,1,Unrestricted,2500
09-11-2026,Lunar Netsuite,10-000662,10-000662,"Buffer/Inverter Based MOSFET Driver, PDSO8",Electrical Components,OTS,JIT - Reno,NS,FALSE,Lunar Energy,1506,0,0.3495,526.347,0,0,Unrestricted,1506
09-11-2026,CM: Sienna GA,10-000662 REV-01,10-000662,"Buffer/Inverter Based MOSFET Driver, PDSO8",Electrical Components,OTS,ATLN,MAIN,FALSE,Sienna Corporation,5000,0,0.3193,1596.5,0,1,Unrestricted,5000
09-11-2026,CM: Qualitel WA,814L-10-000662,10-000662,"Buffer/Inverter Based MOSFET Driver, PDSO8",Electrical Components,OTS,"Seattle, WA",Stock,FALSE,Qualitel,4275,0,0.21,897.75,0,0,Unrestricted,4275
09-11-2026,Lunar Netsuite,10-000664,10-000664,CAP CER 4.7UF 6.3V X5R 0402,Electrical Components,OTS,CCL (Computer Components Ltd),NS,FALSE,Lunar Energy,30000,0,0.0116,348,0,0,Unrestricted,30000
09-11-2026,Lunar Netsuite,10-000667,10-000667,CAP CER 18PF 50V C0G/NP0 0402 AEC-Q,Electrical Components,OTS,NexGen Digital Inc,NS,FALSE,Lunar Energy,10000,0,0.0086,86,0,0,Unrestricted,10000
09-11-2026,CM: Sienna GA,10-000667 REV-1,10-000667,CAP CER 18PF 50V C0G/NP0 0402 AEC-Q,Electrical Components,OTS,ATLN,MAIN,FALSE,Sienna Corporation,20000,0,0.0057,114,0,1,Unrestricted,20000
09-11-2026,CM: Sienna GA,C10-000667 REV-1,10-000667,CAP CER 18PF 50V C0G/NP0 0402 AEC-Q,Electrical Components,OTS,ATLN,WR22,TRUE,Lunar Energy,20000,0,0,0,0,1,Unrestricted,20000
09-11-2026,CM: Sienna GA,10-000667 REV-1,10-000667,CAP CER 18PF 50V C0G/NP0 0402 AEC-Q,Electrical Components,OTS,ATLN,RIQC,FALSE,Sienna Corporation,500,0,0.0057,2.85,0,1,Unrestricted,500
09-11-2026,Lunar Netsuite,10-000667,10-000667,CAP CER 18PF 50V C0G/NP0 0402 AEC-Q,Electrical Components,OTS,JIT - Reno,NS,FALSE,Lunar Energy,40000,0,0.0086,344,0,0,Unrestricted,40000
09-11-2026,CM: Sienna GA,10-000667 REV-1,10-000667,CAP CER 18PF 50V C0G/NP0 0402 AEC-Q,Electrical Components,OTS,ATLN,LINE,FALSE,Sienna Corporation,5814,0,0.0057,33.1398,0,1,Unrestricted,5814
09-11-2026,Lunar Netsuite,10-000667,10-000667,CAP CER 18PF 50V C0G/NP0 0402 AEC-Q,Electrical Components,OTS,Sienna Corporation - GA,NS,FALSE,Lunar Energy,20000,0,0.0086,172,0,0,Unrestricted,0
09-11-2026,Lunar Netsuite,10-000668,10-000668,CAP CER 6.8PF 50V C0G/NP0 0402 AEC-Q,Electrical Components,OTS,NexGen Digital Inc,NS,FALSE,Lunar Energy,110000,0,0.0039,429,0,0,Unrestricted,110000
09-11-2026,CM: Qualitel WA,814L-10-000668,10-000668,CAP CER 6.8PF 50V C0G/NP0 0402 AEC-Q,Electrical Components,OTS,"Seattle, WA",Stock,FALSE,Qualitel,25002,0,0.0041,102.5082,0,0,Unrestricted,25002
09-11-2026,CM: Sienna GA,10-000668 REV-01,10-000668,CAP CER 6.8PF 50V C0G/NP0 0402 AEC-Q,Electrical Components,OTS,ATLN,LINE,FALSE,Sienna Corporation,4897,0,0.0038,18.6086,0,1,Unrestricted,4897
09-11-2026,CM: Sienna GA,10-000668 REV-01,10-000668,CAP CER 6.8PF 50V C0G/NP0 0402 AEC-Q,Electrical Components,OTS,ATLN,MAIN,FALSE,Sienna Corporation,40000,0,0.0038,152,0,1,Unrestricted,40000
09-11-2026,Lunar Netsuite,10-000668,10-000668,CAP CER 6.8PF 50V C0G/NP0 0402 AEC-Q,Electrical Components,OTS,JIT - Reno,NS,FALSE,Lunar Energy,90000,0,0.0047,423,0,0,Unrestricted,90000
09-11-2026,CM: Sienna GA,10-000669 REV-01,10-000669,CAP CER 22UF 25V X7R 1812 ASEC-Q,Electrical Components,OTS,ATLN,RIQC,FALSE,Sienna Corporation,14500,0,0.283,4103.5,0,1,Unrestricted,14500
09-11-2026,CM: Sienna GA,10-000669 REV-01,10-000669,CAP CER 22UF 25V X7R 1812 ASEC-Q,Electrical Components,OTS,ATLN,LINE,FALSE,Sienna Corporation,10017,0,0.283,2834.811,0,1,Unrestricted,10017
09-11-2026,CM: Qualitel WA,814L-10-000669,10-000669,CAP CER 22UF 25V X7R 1812 ASEC-Q,Electrical Components,OTS,"Seattle, WA",Stock,FALSE,Qualitel,14994,0,0.336,5037.984,0,0,Unrestricted,14994
09-11-2026,CM: Sienna GA,10-000670 REV-01,10-000670,DIODE TVS 6.5VWM 11.2VC SMA,Electrical Components,OTS,ATLN,LINE,FALSE,Sienna Corporation,10471,0,0.044,460.724,0,1,Unrestricted,10471
09-11-2026,Lunar Netsuite,10-000670,10-000670,DIODE TVS 6.5VWM 11.2VC SMA,Electrical Components,OTS,NexGen Digital Inc,NS,FALSE,Lunar Energy,5000,0,0.0551,275.5,0,0,Unrestricted,5000
09-11-2026,Lunar Netsuite,10-000670,10-000670,DIODE TVS 6.5VWM 11.2VC SMA,Electrical Components,OTS,Avnet,NS,FALSE,Lunar Energy,40000,0,0.0551,2204,0,0,Unrestricted,40000
09-11-2026,CM: Sienna GA,10-000670 REV-01,10-000670,DIODE TVS 6.5VWM 11.2VC SMA,Electrical Components,OTS,ATLN,RIQC,FALSE,Sienna Corporation,5000,0,0.044,220,0,1,Unrestricted,5000
09-11-2026,CM: Qualitel WA,814L-10-000670,10-000670,DIODE TVS 6.5VWM 11.2VC SMA,Electrical Components,OTS,"Seattle, WA",Stock,FALSE,Qualitel,11263,0,0.044,495.572,0,0,Unrestricted,11263
09-11-2026,Lunar Netsuite,10-000671,10-000671,DIODE SCHOTTKY 30V 1A SMA,Electrical Components,OTS,CCL (Computer Components Ltd),NS,FALSE,Lunar Energy,465000,0,0.0615,28597.5,0,0,Unrestricted,465000
09-11-2026,CM: Qualitel WA,814L-10-000671,10-000671,DIODE SCHOTTKY 30V 1A SMA,Electrical Components,OTS,"Seattle, WA",Stock,FALSE,Qualitel,24563,0,0.05,1228.15,0,0,Unrestricted,24563
09-11-2026,Lunar Netsuite,10-000672,10-000672,TVS DIODE 8.55VWM 18.6VC SMB,Electrical Components,OTS,NexGen Digital Inc,NS,FALSE,Lunar Energy,30000,0,0.052,1560,0,0,Unrestricted,30000
09-11-2026,CM: Qualitel WA,814L-10-000672,10-000672,TVS DIODE 8.55VWM 18.6VC SMB,Electrical Components,OTS,"Seattle, WA",Stock,FALSE,Qualitel,22502,0,0.0483,1086.8466,0,0,Unrestricted,22502
09-11-2026,Lunar Netsuite,10-000672,10-000672,TVS DIODE 8.55VWM 18.6VC SMB,Electrical Components,OTS,JIT - Reno,NS,FALSE,Lunar Energy,69100,0,0.052,3593.2,0,0,Unrestricted,59100
09-11-2026,CM: Sienna GA,10-000672 REV-01,10-000672,TVS DIODE 8.55VWM 18.6VC SMB,Electrical Components,OTS,ATLN,RIQC,FALSE,Sienna Corporation,25000,0,0.0483,1207.5,0,1,Unrestricted,25000
09-11-2026,Lunar Netsuite,10-000672,10-000672,TVS DIODE 8.55VWM 18.6VC SMB,Electrical Components,OTS,Sienna Corporation - GA,NS,FALSE,Lunar Energy,2500,0,0.052,130,0,0,Unrestricted,0
09-11-2026,CM: Sienna GA,10-000672 REV-01,10-000672,TVS DIODE 8.55VWM 18.6VC SMB,Electrical Components,OTS,ATLN,LINE,FALSE,Sienna Corporation,2743,0,0.0483,132.4869,0,1,Unrestricted,2743
09-11-2026,CM: Sienna GA,C10-000672 REV-01,10-000672,TVS DIODE 8.55VWM 18.6VC SMB,Electrical Components,OTS,ATLN,WT14,TRUE,Lunar Energy,2500,0,0,0,0,1,Unrestricted,2500
09-11-2026,CM: Sienna GA,10-000673 REV-01,10-000673,FIXED IND 2.2UH 1.5A 69.6MOHM SM,Electrical Components,OTS,ATLN,MAIN,FALSE,Sienna Corporation,2074,0,0.0913,189.3562,0,1,Unrestricted,2074
09-11-2026,Lunar Netsuite,10-000673,10-000673,FIXED IND 2.2UH 1.5A 69.6MOHM SM,Electrical Components,OTS,Avnet,NS,FALSE,Lunar Energy,4000,0,0.095,380,0,0,Unrestricted,4000
09-11-2026,Lunar Netsuite,10-000673,10-000673,FIXED IND 2.2UH 1.5A 69.6MOHM SM,Electrical Components,OTS,JIT - Reno,NS,FALSE,Lunar Energy,42000,0,0.0954,4006.8,0,0,Unrestricted,42000
09-11-2026,CM: Sienna GA,10-000673 REV-01,10-000673,FIXED IND 2.2UH 1.5A 69.6MOHM SM,Electrical Components,OTS,ATLN,LINE,FALSE,Sienna Corporation,3089,0,0.0913,282.0257,0,1,Unrestricted,3089
09-11-2026,Lunar Netsuite,10-000673,10-000673,FIXED IND 2.2UH 1.5A 69.6MOHM SM,Electrical Components,OTS,Sienna Corporation - GA,NS,FALSE,Lunar Energy,4000,0,0.0954,381.6,0,0,Unrestricted,0
09-11-2026,CM: Sienna GA,C10-000673 REV-01,10-000673,FIXED IND 2.2UH 1.5A 69.6MOHM SM,Electrical Components,OTS,ATLN,WS13,TRUE,Lunar Energy,2000,0,0,0,0,1,Unrestricted,2000
09-11-2026,CM: Sienna GA,C10-000673 REV-01,10-000673,FIXED IND 2.2UH 1.5A 69.6MOHM SM,Electrical Components,OTS,ATLN,WT63,TRUE,Lunar Energy,2000,0,0,0,0,1,Unrestricted,2000
09-11-2026,Lunar Netsuite,10-000674,10-000674,FERRITE BEAD 1 KOHM 0402 1LN,Electrical Components,OTS,JIT - Reno,NS,FALSE,Lunar Energy,80000,0,0.0045,360,0,0,Unrestricted,80000
09-11-2026,CM: Sienna GA,10-000674 REV-01,10-000674,FERRITE BEAD 1 KOHM 0402 1LN,Electrical Components,OTS,ATLN,MAIN,FALSE,Sienna Corporation,30000,0,0.0045,135,0,1,Unrestricted,30000
09-11-2026,CM: Sienna GA,10-000674 REV-01,10-000674,FERRITE BEAD 1 KOHM 0402 1LN,Electrical Components,OTS,ATLN,LINE,FALSE,Sienna Corporation,3164,0,0.0045,14.238,0,1,Unrestricted,3164
09-11-2026,CM: Qualitel WA,814L-10-000674,10-000674,FERRITE BEAD 1 KOHM 0402 1LN,Electrical Components,OTS,"Seattle, WA",Stock,FALSE,Qualitel,7506,0,0.0045,33.777,0,0,Unrestricted,7506
09-11-2026,CM: Sienna GA,10-000675 REV-01,10-000675,RES SMD 12K OHM 1% 1/16W 0402 AEC-Q,Electrical Components,OTS,ATLN,LINE,FALSE,Sienna Corporation,12341,0,0.0015,18.5115,0,1,Unrestricted,12341
09-11-2026,CM: Qualitel WA,814L-10-000675,10-000675,RES SMD 12K OHM 1% 1/16W 0402 AEC-Q,Electrical Components,OTS,"Seattle, WA",Stock,FALSE,Qualitel,7502,0,0.0015,11.253,0,0,Unrestricted,7502
09-11-2026,Lunar Netsuite,10-000675,10-000675,RES SMD 12K OHM 1% 1/16W 0402 AEC-Q,Electrical Components,OTS,JIT - Reno,NS,FALSE,Lunar Energy,1050,0,0.0155,16.275,0,0,Unrestricted,1050
09-11-2026,CM: Sienna GA,10-000675 REV-01,10-000675,RES SMD 12K OHM 1% 1/16W 0402 AEC-Q,Electrical Components,OTS,ATLN,RIQC,FALSE,Sienna Corporation,10000,0,0.0015,15,0,1,Unrestricted,10000
09-11-2026,CM: Sienna GA,10-000676 REV-01,10-000676,RES SMD 75 OHM 1% 1/10W 0603 AEC-Q,Electrical Components,OTS,ATLN,MAIN,FALSE,Sienna Corporation,25000,0,0.0017,42.5,0,1,Unrestricted,25000
09-11-2026,CM: Qualitel WA,814L-10-000676,10-000676,RES SMD 75 OHM 1% 1/10W 0603 AEC-Q,Electrical Components,OTS,"Seattle, WA",Stock,FALSE,Qualitel,25011,0,0.0017,42.5187,0,0,Unrestricted,25011
09-11-2026,CM: Sienna GA,10-000676 REV-01,10-000676,RES SMD 75 OHM 1% 1/10W 0603 AEC-Q,Electrical Components,OTS,ATLN,LINE,FALSE,Sienna Corporation,15131,0,0.0017,25.7227,0,1,Unrestricted,15131
09-11-2026,CM: Qualitel WA,814L-10-000677,10-000677,RES SMD 50 Ohm 1% 50 PPM,Electrical Components,OTS,"Seattle, WA",Stock,FALSE,Qualitel,13763,0,0.052,715.676,0,0,Unrestricted,13763
09-11-2026,CM: Sienna GA,C10-000677 REV-01,10-000677,RES SMD 50 Ohm 1% 50 PPM,Electrical Components,OTS,ATLN,WT51,TRUE,Lunar Energy,10000,0,0,0,0,1,Unrestricted,10000
09-11-2026,Lunar Netsuite,10-000677,10-000677,RES SMD 50 Ohm 1% 50 PPM,Electrical Components,OTS,Sienna Corporation - GA,NS,FALSE,Lunar Energy,10000,0,0.0485,485,0,0,Unrestricted,0
09-11-2026,CM: Sienna GA,10-000677 REV-01,10-000677,RES SMD 50 Ohm 1% 50 PPM,Electrical Components,OTS,ATLN,LINE,FALSE,Sienna Corporation,8458,0,0.054,456.732,0,1,Unrestricted,8458
09-11-2026,CM: Sienna GA,10-000677 REV-01,10-000677,RES SMD 50 Ohm 1% 50 PPM,Electrical Components,OTS,ATLN,RIQC,FALSE,Sienna Corporation,50000,0,0.054,2700,0,1,Unrestricted,50000
09-11-2026,CM: Sienna GA,10-000678 REV-01,10-000678,RES SMD 150 OHM 1% 1/3W 0603 AEC-Q,Electrical Components,OTS,ATLN,LINE,FALSE,Sienna Corporation,22512,0,0.0118,265.6416,0,1,Unrestricted,22512
09-11-2026,CM: Sienna GA,C10-000678 REV-01,10-000678,RES SMD 150 OHM 1% 1/3W 0603 AEC-Q,Electrical Components,OTS,ATLN,WS23,TRUE,Lunar Energy,2000,0,0,0,0,1,Unrestricted,2000
09-11-2026,Lunar Netsuite,10-000678,10-000678,RES SMD 150 OHM 1% 1/3W 0603 AEC-Q,Electrical Components,OTS,JIT - Reno,NS,FALSE,Lunar Energy,45000,0,0.0123,553.5,0,0,Unrestricted,45000
09-11-2026,Lunar Netsuite,10-000678,10-000678,RES SMD 150 OHM 1% 1/3W 0603 AEC-Q,Electrical Components,OTS,Sienna Corporation - GA,NS,FALSE,Lunar Energy,2000,0,0.0123,24.6,0,0,Unrestricted,0
09-11-2026,Lunar Netsuite,10-000678,10-000678,RES SMD 150 OHM 1% 1/3W 0603 AEC-Q,Electrical Components,OTS,NexGen Digital Inc,NS,FALSE,Lunar Energy,142000,0,0.0123,1746.6,0,0,Unrestricted,142000
09-11-2026,CM: Qualitel WA,814L-10-000678,10-000678,RES SMD 150 OHM 1% 1/3W 0603 AEC-Q,Electrical Components,OTS,"Seattle, WA",Stock,FALSE,Qualitel,7482,0,0.011,82.302,0,0,Unrestricted,7482
09-11-2026,CM: Sienna GA,10-000679 REV-01,10-000679,RES SMD 33 OHM 1% 1/16W 0402 AEC-Q,Electrical Components,OTS,ATLN,RIQC,FALSE,Sienna Corporation,6000,0,0.0012,7.2,0,1,Unrestricted,6000
09-11-2026,CM: Qualitel WA,814L-10-000679,10-000679,RES SMD 33 OHM 1% 1/16W 0402 AEC-Q,Electrical Components,OTS,"Seattle, WA",Stock,FALSE,Qualitel,17496,0,0.001,17.496,0,0,Unrestricted,17496
09-11-2026,Lunar Netsuite,10-000679,10-000679,RES SMD 33 OHM 1% 1/16W 0402 AEC-Q,Electrical Components,OTS,CA - Ravendale,NS,FALSE,Lunar Energy,10000,0,0.0022,22,0,0,Unrestricted,10000
09-11-2026,CM: Sienna GA,10-000679 REV-01,10-000679,RES SMD 33 OHM 1% 1/16W 0402 AEC-Q,Electrical Components,OTS,ATLN,MAIN,FALSE,Sienna Corporation,10000,0,0.0012,12,0,1,Unrestricted,10000
09-11-2026,CM: Sienna GA,10-000679 REV-01,10-000679,RES SMD 33 OHM 1% 1/16W 0402 AEC-Q,Electrical Components,OTS,ATLN,LINE,FALSE,Sienna Corporation,8844,0,0.0012,10.6128,0,1,Unrestricted,8844
09-11-2026,CM: Qualitel WA,814L-10-000680,10-000680,RES SMD 6.8K OHM 1% 1/16W 0402 AEC-Q,Electrical Components,OTS,"Seattle, WA",Stock,FALSE,Qualitel,43763,0,0.0009,39.3867,0,0,Unrestricted,43763
09-11-2026,CM: Sienna GA,10-000680 REV-01,10-000680,RES SMD 6.8K OHM 1% 1/16W 0402 AEC-Q,Electrical Components,OTS,ATLN,MAIN,FALSE,Sienna Corporation,20000,0,0.0013,26,0,1,Unrestricted,20000
09-11-2026,CM: Sienna GA,10-000680 REV-01,10-000680,RES SMD 6.8K OHM 1% 1/16W 0402 AEC-Q,Electrical Components,OTS,ATLN,LINE,FALSE,Sienna Corporation,16672,0,0.0013,21.6736,0,1,Unrestricted,16672
09-11-2026,Lunar Netsuite,10-000681,10-000681,RES 2K OHM 1% 1/10W 0402 AEC-Q,Electrical Components,OTS,JIT - Reno,NS,FALSE,Lunar Energy,1000,0,0.0146,14.6,0,0,Unrestricted,1000
09-11-2026,CM: Sienna GA,10-000681 REV-01,10-000681,RES 2K OHM 1% 1/10W 0402 AEC-Q,Electrical Components,OTS,ATLN,RIQC,FALSE,Sienna Corporation,10000,0,0.0019,19,0,1,Unrestricted,10000
09-11-2026,CM: Sienna GA,10-000681 REV-01,10-000681,RES 2K OHM 1% 1/10W 0402 AEC-Q,Electrical Components,OTS,ATLN,LINE,FALSE,Sienna Corporation,27954,0,0.0019,53.1126,0,1,Unrestricted,27954
09-11-2026,CM: Qualitel WA,814L-10-000681,10-000681,RES 2K OHM 1% 1/10W 0402 AEC-Q,Electrical Components,OTS,"Seattle, WA",Stock,FALSE,Qualitel,55643,0,0.0012,66.7716,0,0,Unrestricted,55643
09-11-2026,CM: Sienna GA,10-000681 REV-01,10-000681,RES 2K OHM 1% 1/10W 0402 AEC-Q,Electrical Components,OTS,ATLN,MAIN,FALSE,Sienna Corporation,20022,0,0.0019,38.0418,0,1,Unrestricted,20022
09-11-2026,CM: Qualitel WA,814L-10-000682,10-000682,RES SMD 47K OHM 1% 1/16W 0402 AEC-Q,Electrical Components,OTS,"Seattle, WA",Stock,FALSE,Qualitel,50050,0,0.001,50.05,0,0,Unrestricted,50050
09-11-2026,CM: Sienna GA,10-000682 REV-01,10-000682,RES SMD 47K OHM 1% 1/16W 0402 AEC-Q,Electrical Components,OTS,ATLN,MAIN,FALSE,Sienna Corporation,90000,0,0.0015,135,0,1,Unrestricted,90000
09-11-2026,CM: Sienna GA,10-000682 REV-01,10-000682,RES SMD 47K OHM 1% 1/16W 0402 AEC-Q,Electrical Components,OTS,ATLN,LINE,FALSE,Sienna Corporation,53456,0,0.0015,80.184,0,1,Unrestricted,53456
09-11-2026,Lunar Netsuite,10-000682,10-000682,RES SMD 47K OHM 1% 1/16W 0402 AEC-Q,Electrical Components,OTS,JIT - Reno,NS,FALSE,Lunar Energy,10000,0,0.0015,15,0,0,Unrestricted,10000
09-11-2026,CM: Sienna GA,10-000684 REV-01,10-000684,RES SMD 31.6 OHM 1% 1/10 0402 AEC-Q,Electrical Components,OTS,ATLN,LINE,FALSE,Sienna Corporation,12353,0,0.0015,18.5295,0,1,Unrestricted,12353
09-11-2026,CM: Qualitel WA,814L-10-000684,10-000684,RES SMD 31.6 OHM 1% 1/10 0402 AEC-Q,Electrical Components,OTS,"Seattle, WA",Stock,FALSE,Qualitel,17496,0,0.0015,26.244,0,0,Unrestricted,17496
09-11-2026,CM: Qualitel WA,814L-10-000685,10-000685,RES SMD 20 OHM 1% 1/10W 0402 AEC-Q,Electrical Components,OTS,"Seattle, WA",Stock,FALSE,Qualitel,11679,0,0.0017,19.8543,0,0,Unrestricted,11679
09-11-2026,Lunar Netsuite,10-000685,10-000685,RES SMD 20 OHM 1% 1/10W 0402 AEC-Q,Electrical Components,OTS,Sienna Corporation - GA,NS,FALSE,Lunar Energy,10000,0,0.0017,17,0,0,Unrestricted,0
09-11-2026,Lunar Netsuite,10-000685,10-000685,RES SMD 20 OHM 1% 1/10W 0402 AEC-Q,Electrical Components,OTS,JIT - Reno,NS,FALSE,Lunar Energy,50000,0,0.0017,85,0,0,Unrestricted,50000
09-11-2026,CM: Sienna GA,C10-000685 REV-01,10-000685,RES SMD 20 OHM 1% 1/10W 0402 AEC-Q,Electrical Components,OTS,ATLN,WR21,TRUE,Lunar Energy,10000,0,0,0,0,1,Unrestricted,10000
09-11-2026,CM: Sienna GA,10-000685 REV-01,10-000685,RES SMD 20 OHM 1% 1/10W 0402 AEC-Q,Electrical Components,OTS,ATLN,LINE,FALSE,Sienna Corporation,22317,0,0.0017,37.9389,0,1,Unrestricted,22317
09-11-2026,Lunar Netsuite,10-000685,10-000685,RES SMD 20 OHM 1% 1/10W 0402 AEC-Q,Electrical Components,OTS,NexGen Digital Inc,NS,FALSE,Lunar Energy,230000,0,0.0017,391,0,0,Unrestricted,230000
09-11-2026,Lunar Netsuite,10-000688,10-000688,"Switching Regulator, Current-mode, 0.7A, 2080kHz Switching Freq-Max, NMOS, PDSO5",Electrical Components,OTS,JIT - Reno,NS,FALSE,Lunar Energy,33000,0,0.3083,10173.9,0,0,Unrestricted,33000
09-11-2026,CM: Qualitel WA,814L-10-000688,10-000688,"Switching Regulator, Current-mode, 0.7A, 2080kHz Switching Freq-Max, NMOS, PDSO5",Electrical Components,OTS,"Seattle, WA",Stock,FALSE,Qualitel,9505,0,0.309,2937.045,0,0,Unrestricted,9505
09-11-2026,Lunar Netsuite,10-000688,10-000688,"Switching Regulator, Current-mode, 0.7A, 2080kHz Switching Freq-Max, NMOS, PDSO5",Electrical Components,OTS,NexGen Digital Inc,NS,FALSE,Lunar Energy,84000,0,0.3076,25838.4,0,0,Unrestricted,84000
09-11-2026,CM: Sienna GA,10-000688 REV-01,10-000688,"Switching Regulator, Current-mode, 0.7A, 2080kHz Switching Freq-Max, NMOS, PDSO5",Electrical Components,OTS,ATLN,LINE,FALSE,Sienna Corporation,2645,0,0.309,817.305,0,1,Unrestricted,2645
09-11-2026,CM: Sienna GA,10-000688 REV-01,10-000688,"Switching Regulator, Current-mode, 0.7A, 2080kHz Switching Freq-Max, NMOS, PDSO5",Electrical Components,OTS,ATLN,MAIN,FALSE,Sienna Corporation,9000,0,0.309,2781,0,1,Unrestricted,9000
09-11-2026,CM: Sienna GA,C10-000689 REV-01,10-000689,Programmable power line communication modem System on Chip,Electrical Components,OTS,ATLN,WS72,TRUE,Lunar Energy,1000,0,0,0,0,1,Unrestricted,1000
09-11-2026,Lunar Netsuite,10-000689,10-000689,Programmable power line communication modem System on Chip,Electrical Components,OTS,JIT - Reno,NS,FALSE,Lunar Energy,48080,0,3.7584,180703.872,0,0,Unrestricted,48080
09-11-2026,CM: Qualitel WA,814L-10-000689,10-000689,Programmable power line communication modem System on Chip,Electrical Components,OTS,"Seattle, WA",Stock,FALSE,Qualitel,5921,0,3.0858,18271.0218,0,0,Unrestricted,5921
09-11-2026,CM: Sienna GA,10-000689 REV-01,10-000689,Programmable power line communication modem System on Chip,Electrical Components,OTS,ATLN,PAMS,FALSE,Sienna Corporation,3120,0,3.76,11731.2,0,1,Unrestricted,3120
09-11-2026,CM: Sienna GA,10-000689 REV-01,10-000689,Programmable power line communication modem System on Chip,Electrical Components,OTS,ATLN,RIQC,FALSE,Sienna Corporation,4265,0,3.76,16036.4,0,1,Unrestricted,4265
09-11-2026,CM: Sienna GA,10-000689 REV-01,10-000689,Programmable power line communication modem System on Chip,Electrical Components,OTS,ATLN,LINE,FALSE,Sienna Corporation,2607,0,3.76,9802.32,0,1,Unrestricted,2607
09-11-2026,CM: Sienna GA,10-000689 REV-01,10-000689,Programmable power line communication modem System on Chip,Electrical Components,OTS,ATLN,MAIN,FALSE,Sienna Corporation,4680,0,3.76,17596.8,0,1,Unrestricted,4680
09-11-2026,Lunar Netsuite,10-000689,10-000689,Programmable power line communication modem System on Chip,Electrical Components,OTS,NexGen Digital Inc,NS,FALSE,Lunar Energy,159785,0,3.6665,585851.7025,0,0,Unrestricted,159785
09-11-2026,Lunar Netsuite,10-000689,10-000689,Programmable power line communication modem System on Chip,Electrical Components,OTS,Sienna Corporation - GA,NS,FALSE,Lunar Energy,1000,0,3.6637,3663.7,0,0,Unrestricted,0
09-11-2026,CM: Sienna GA,10-000690 REV-01,10-000690,Power-line communication dual line driver,Electrical Components,OTS,ATLN,LINE,FALSE,Sienna Corporation,1874,0,1.84,3448.16,0,1,Unrestricted,1874
09-11-2026,Lunar Netsuite,10-000690,10-000690,Power-line communication dual line driver,Electrical Components,OTS,Sienna Corporation - GA,NS,FALSE,Lunar Energy,24000,0,1.7,40800,0,0,Unrestricted,24000
09-11-2026,CM: Sienna GA,C10-000690 REV-01,10-000690,Power-line communication dual line driver,Electrical Components,OTS,ATLN,WT91,TRUE,Lunar Energy,8000,0,0,0,0,1,Unrestricted,8000
09-11-2026,Lunar Netsuite,10-000690,10-000690,Power-line communication dual line driver,Electrical Components,OTS,JIT - Reno,NS,FALSE,Lunar Energy,20000,0,1.7407,34814,0,0,Unrestricted,20000
09-11-2026,CM: Sienna GA,C10-000690 REV-01,10-000690,Power-line communication dual line driver,Electrical Components,OTS,ATLN,WS42,TRUE,Lunar Energy,12000,0,0,0,0,1,Unrestricted,12000
09-11-2026,CM: Sienna GA,10-000690 REV-01,10-000690,Power-line communication dual line driver,Electrical Components,OTS,ATLN,LPAC,FALSE,Sienna Corporation,0,0,1.84,0,0,1,Unrestricted,0
09-11-2026,CM: Qualitel WA,814L-10-000690,10-000690,Power-line communication dual line driver,Electrical Components,OTS,"Seattle, WA",Stock,FALSE,Qualitel,5499,0,1.5429,8484.4071,0,0,Unrestricted,5499
09-11-2026,CM: Sienna GA,C10-000690 REV-01,10-000690,Power-line communication dual line driver,Electrical Components,OTS,ATLN,MRB,TRUE,Lunar Energy,0,4000,0,0,0,1,Restricted,0
09-11-2026,Lunar Netsuite,10-000690,10-000690,Power-line communication dual line driver,Electrical Components,OTS,NexGen Digital Inc,NS,FALSE,Lunar Energy,164000,0,1.7,278800,0,0,Unrestricted,164000
09-11-2026,CM: Sienna GA,10-000692 REV-01,10-000692,CAP CER 8PF 50V NP0 0402,Electrical Components,OTS,ATLN,LINE,FALSE,Sienna Corporation,39094,0,0.014,547.316,0,1,Unrestricted,39094
09-11-2026,Lunar Netsuite,10-000692,10-000692,CAP CER 8PF 50V NP0 0402,Electrical Components,OTS,JIT - Reno,NS,FALSE,Lunar Energy,20000,0,0.014,280,0,0,Unrestricted,10000
09-11-2026,CM: Sienna GA,10-000692 REV-01,10-000692,CAP CER 8PF 50V NP0 0402,Electrical Components,OTS,ATLN,RIQC,FALSE,Sienna Corporation,30000,0,0.014,420,0,1,Unrestricted,30000
09-11-2026,CM: Qualitel WA,814L-10-000692,10-000692,CAP CER 8PF 50V NP0 0402,Electrical Components,OTS,"Seattle, WA",Stock,FALSE,Qualitel,19774,0,0.013,257.062,0,0,Unrestricted,19774
09-11-2026,CM: Sienna GA,10-000693 REV-1,10-000693,RES SMD 5.1K OHM 1% 1/16W 0402 AEC-Q,Electrical Components,OTS,ATLN,RIQC,FALSE,Sienna Corporation,40000,0,0.0015,60,0,1,Unrestricted,40000
09-11-2026,CM: Sienna GA,10-000693 REV-1,10-000693,RES SMD 5.1K OHM 1% 1/16W 0402 AEC-Q,Electrical Components,OTS,ATLN,LINE,FALSE,Sienna Corporation,97240,0,0.0015,145.86,0,1,Unrestricted,97240
09-11-2026,CM: Sienna GA,10-000693 REV-1,10-000693,RES SMD 5.1K OHM 1% 1/16W 0402 AEC-Q,Electrical Components,OTS,ATLN,MAIN,FALSE,Sienna Corporation,209990,0,0.0015,314.985,0,1,Unrestricted,209990
09-11-2026,CM: Sienna GA,10-000695 REV-01,10-000695,IC MCU 32BIT 200KB FLASH 64LQFP,Electrical Components,OTS,ATLN,RIQC,FALSE,Sienna Corporation,22800,0,1.79,40812,0,1,Unrestricted,22800
09-11-2026,CM: Sienna GA,10-000695 REV-01,10-000695,IC MCU 32BIT 200KB FLASH 64LQFP,Electrical Components,OTS,ATLN,LINE,FALSE,Sienna Corporation,15492,0,1.79,27730.68,0,1,Unrestricted,15492
09-11-2026,Lunar Netsuite,10-000695,10-000695,IC MCU 32BIT 200KB FLASH 64LQFP,Electrical Components,OTS,JIT - Reno,NS,FALSE,Lunar Energy,18543,0,1.33,24662.19,0,0,Unrestricted,18543
09-11-2026,CM: Sienna GA,10-000695 REV-01,10-000695,IC MCU 32BIT 200KB FLASH 64LQFP,Electrical Components,OTS,ATLN,PAMS,FALSE,Sienna Corporation,15200,0,1.79,27208,0,1,Unrestricted,15200
09-11-2026,Lunar Netsuite,10-000695,10-000695,IC MCU 32BIT 200KB FLASH 64LQFP,Electrical Components,OTS,Avnet,NS,FALSE,Lunar Energy,91432,0,1.467,134130.744,0,0,Unrestricted,91432
09-11-2026,CM: Sienna GA,10-000695 REV-01,10-000695,IC MCU 32BIT 200KB FLASH 64LQFP,Electrical Components,OTS,ATLN,MAIN,FALSE,Sienna Corporation,8,0,1.79,14.32,0,1,Unrestricted,8
09-11-2026,CM: Sienna GA,10-000695 REV-01,10-000695,IC MCU 32BIT 200KB FLASH 64LQFP,Electrical Components,OTS,ATLN,LPAC,FALSE,Sienna Corporation,0,0,1.79,0,0,1,Unrestricted,0
09-11-2026,CM: Sienna GA,10-000702 REV-02,10-000702,"Interface Circuit, PDSO8",Electrical Components,OTS,ATLN,LPAC,FALSE,Sienna Corporation,1182,0,0.767,906.594,0,2,Unrestricted,1182
09-11-2026,CM: Sienna GA,10-000702 REV-02,10-000702,"Interface Circuit, PDSO8",Electrical Components,OTS,ATLN,LINE,FALSE,Sienna Corporation,10631,0,0.767,8153.977,0,2,Unrestricted,10631
09-11-2026,CM: Celestica MX,10-0007023MS,10-000702,"Interface Circuit, PDSO8",Electrical Components,OTS,Monterrey Prod,1000,FALSE,Celestica,-2,0,0.767,-1.534,0,0,Unrestricted,-2
09-11-2026,Lunar Netsuite,10-000702,10-000702,"Interface Circuit, PDSO8",Electrical Components,OTS,JIT - Reno,NS,FALSE,Lunar Energy,32844,0,0.77,25289.88,0,0,Unrestricted,32844
09-11-2026,CM: Qualitel WA,814L-10-000702,10-000702,"Interface Circuit, PDSO8",Electrical Components,OTS,"Seattle, WA",Stock,FALSE,Qualitel,5553,0,0.444,2465.532,0,0,Unrestricted,5553
09-11-2026,CM: Sienna GA,10-000702 REV-02,10-000702,"Interface Circuit, PDSO8",Electrical Components,OTS,ATLN,MAIN,FALSE,Sienna Corporation,19000,0,0.767,14573,0,2,Unrestricted,19000
09-11-2026,CM: Sienna GA,10-000711 REV-02,10-000711,CMC 100UH 150MA 2LN SMD AEC-Q200,Electrical Components,OTS,ATLN,MAIN,FALSE,Sienna Corporation,14999,0,0.53,7949.47,0,2,Unrestricted,14999
09-11-2026,CM: Qualitel WA,814L-10-000711,10-000711,CMC 100UH 150MA 2LN SMD AEC-Q200,Electrical Components,OTS,"Seattle, WA",Stock,FALSE,Qualitel,25194,0,0.323,8137.662,0,0,Unrestricted,25194
09-11-2026,Lunar Netsuite,10-000711,10-000711,CMC 100UH 150MA 2LN SMD AEC-Q200,Electrical Components,OTS,JIT - Reno,NS,FALSE,Lunar Energy,3500,0,0.492,1722,0,0,Unrestricted,3500
09-11-2026,CM: Celestica MX,10-0007113MS,10-000711,CMC 100UH 150MA 2LN SMD AEC-Q200,Electrical Components,OTS,Monterrey Prod,1000,FALSE,Celestica,-2,0,0.477,-0.954,0,0,Unrestricted,-2
09-11-2026,CM: Sienna GA,10-000711 REV-02,10-000711,CMC 100UH 150MA 2LN SMD AEC-Q200,Electrical Components,OTS,ATLN,LINE,FALSE,Sienna Corporation,3106,0,0.53,1646.18,0,2,Unrestricted,3106
09-11-2026,CM: Sienna GA,10-000716 REV-02,10-000716,"TVS DIODE 12V/7V, 20V/12V SOT23",Electrical Components,OTS,ATLN,MAIN,FALSE,Sienna Corporation,6000,0,0.344,2064,0,2,Unrestricted,6000
09-11-2026,Lunar Netsuite,10-000716,10-000716,"TVS DIODE 12V/7V, 20V/12V SOT23",Electrical Components,OTS,Avnet,NS,FALSE,Lunar Energy,6000,0,0.207,1242,0,0,Unrestricted,6000
09-11-2026,Lunar Netsuite,10-000716,10-000716,"TVS DIODE 12V/7V, 20V/12V SOT23",Electrical Components,OTS,Sienna Corporation - GA,NS,FALSE,Lunar Energy,67965,0,0.1133,7700.4345,0,0,Unrestricted,66000
09-11-2026,Lunar Netsuite,10-000716,10-000716,"TVS DIODE 12V/7V, 20V/12V SOT23",Electrical Components,OTS,JIT - Reno,NS,FALSE,Lunar Energy,48000,0,0.07,3360,0,0,Unrestricted,48000
09-11-2026,CM: Sienna GA,C10-000716 REV-02,10-000716,"TVS DIODE 12V/7V, 20V/12V SOT23",Electrical Components,OTS,ATLN,WT32,TRUE,Lunar Energy,3000,0,0,0,0,2,Unrestricted,3000
09-11-2026,CM: Sienna GA,10-000716 REV-02,10-000716,"TVS DIODE 12V/7V, 20V/12V SOT23",Electrical Components,OTS,ATLN,LINE,FALSE,Sienna Corporation,2532,0,0.344,871.008,0,2,Unrestricted,2532
09-11-2026,CM: Celestica MX,10-0007163MS,10-000716,"TVS DIODE 12V/7V, 20V/12V SOT23",Electrical Components,OTS,Monterrey Prod,1000,FALSE,Celestica,-8,0,0.344,-2.752,0,0,Unrestricted,-8
09-11-2026,CM: Qualitel WA,814L-10-000716,10-000716,"TVS DIODE 12V/7V, 20V/12V SOT23",Electrical Components,OTS,"Seattle, WA",Stock,FALSE,Qualitel,31740,0,0.065,2063.1,0,0,Unrestricted,31740
09-11-2026,CM: Sienna GA,C10-000716 REV-02,10-000716,"TVS DIODE 12V/7V, 20V/12V SOT23",Electrical Components,OTS,ATLN,WS14,TRUE,Lunar Energy,64965,0,0,0,0,2,Unrestricted,64965
09-11-2026,CM: Qualitel WA,814L-10-000729,10-000729,"Interface Circuit, CMOS, PDSO8",Electrical Components,OTS,"Seattle, WA",Stock,FALSE,Qualitel,14402,0,1.038,14949.276,0,0,Unrestricted,14402
09-11-2026,CM: Sienna GA,C10-000729 REV-02,10-000729,"Interface Circuit, CMOS, PDSO8",Electrical Components,OTS,ATLN,WT42,TRUE,Lunar Energy,8999,0,0,0,0,2,Unrestricted,8999
09-11-2026,Lunar Netsuite,10-000729,10-000729,"Interface Circuit, CMOS, PDSO8",Electrical Components,OTS,Sienna Corporation - GA,NS,FALSE,Lunar Energy,8999,0,1.5656,14088.8344,0,0,Unrestricted,8999
09-11-2026,CM: Sienna GA,10-000729 REV-02,10-000729,"Interface Circuit, CMOS, PDSO8",Electrical Components,OTS,ATLN,MAIN,FALSE,Sienna Corporation,13196,0,0.867,11440.932,0,2,Unrestricted,13196
09-11-2026,CM: Sienna GA,10-000729 REV-02,10-000729,"Interface Circuit, CMOS, PDSO8",Electrical Components,OTS,ATLN,LINE,FALSE,Sienna Corporation,4042,0,0.867,3504.414,0,2,Unrestricted,4042
09-11-2026,Lunar Netsuite,10-000729,10-000729,"Interface Circuit, CMOS, PDSO8",Electrical Components,OTS,JIT - Reno,NS,FALSE,Lunar Energy,35000,0,1.04,36400,0,0,Unrestricted,10000
09-11-2026,CM: Celestica MX,10-0007293MS,10-000729,"Interface Circuit, CMOS, PDSO8",Electrical Components,OTS,Monterrey Prod,1000,FALSE,Celestica,-2,0,0.867,-1.734,0,0,Unrestricted,-2
09-11-2026,CM: Sienna GA,10-000759 REV-01,10-000759,"Free Height, PCB Mount Receptacle, Vertical, Board-to-Board, 40 Position, .8mm [.031in] Centerline,",Electrical Components,OTS,ATLN,LINE,FALSE,Sienna Corporation,1184,0,1.15,1361.6,0,1,Unrestricted,1184
09-11-2026,CM: Sienna GA,10-000759 REV-01,10-000759,"Free Height, PCB Mount Receptacle, Vertical, Board-to-Board, 40 Position, .8mm [.031in] Centerline,",Electrical Components,OTS,ATLN,RIQC,FALSE,Sienna Corporation,1320,0,1.15,1518,0,1,Unrestricted,1320
09-11-2026,Lunar Netsuite,10-000759,10-000759,"Free Height, PCB Mount Receptacle, Vertical, Board-to-Board, 40 Position, .8mm [.031in] Centerline,",Electrical Components,OTS,JIT - Reno,NS,FALSE,Lunar Energy,4130,0,1.15,4749.5,0,0,Unrestricted,3380
09-11-2026,CM: Sienna GA,10-000760 REV-01,10-000760,"Free Height, PCB Mount Header, Vertical, Board-to-Board, 40 Position, .8mm [.031in] Centerline, Full",Electrical Components,OTS,ATLN,RIQC,FALSE,Sienna Corporation,900,0,0.846,761.4,0,1,Unrestricted,900
09-11-2026,CM: Sienna GA,10-000760 REV-01,10-000760,"Free Height, PCB Mount Header, Vertical, Board-to-Board, 40 Position, .8mm [.031in] Centerline, Full",Electrical Components,OTS,ATLN,MAIN,FALSE,Sienna Corporation,1800,0,0.846,1522.8,0,1,Unrestricted,1800
09-11-2026,Lunar Netsuite,10-000760,10-000760,"Free Height, PCB Mount Header, Vertical, Board-to-Board, 40 Position, .8mm [.031in] Centerline, Full",Electrical Components,OTS,JIT - Reno,NS,FALSE,Lunar Energy,1098,0,0.846,928.908,0,0,Unrestricted,1098
09-11-2026,CM: Sienna GA,10-000760 REV-01,10-000760,"Free Height, PCB Mount Header, Vertical, Board-to-Board, 40 Position, .8mm [.031in] Centerline, Full",Electrical Components,OTS,ATLN,LINE,FALSE,Sienna Corporation,741,0,0.846,626.886,0,1,Unrestricted,741
09-11-2026,CM: Sienna GA,C10-000760 REV-01,10-000760,"Free Height, PCB Mount Header, Vertical, Board-to-Board, 40 Position, .8mm [.031in] Centerline, Full",Electrical Components,OTS,ATLN,WT51,TRUE,Lunar Energy,702,0,0,0,0,1,Unrestricted,702
09-11-2026,CM: Sienna GA,C10-000760 REV-01,10-000760,"Free Height, PCB Mount Header, Vertical, Board-to-Board, 40 Position, .8mm [.031in] Centerline, Full",Electrical Components,OTS,ATLN,WT52,TRUE,Lunar Energy,900,0,0,0,0,1,Unrestricted,900
09-11-2026,Lunar Netsuite,10-000760,10-000760,"Free Height, PCB Mount Header, Vertical, Board-to-Board, 40 Position, .8mm [.031in] Centerline, Full",Electrical Components,OTS,Sienna Corporation - GA,NS,FALSE,Lunar Energy,1602,0,0.846,1355.292,0,0,Unrestricted,1602
09-11-2026,Lunar Netsuite,10-000761,10-000761,CAP CER 2.2UF 16V X5R 0603,Electrical Components,OTS,CCL (Computer Components Ltd),NS,FALSE,Lunar Energy,4000,0,0.023,92,0,0,Unrestricted,4000
09-11-2026,CM: Qualitel WA,814L-10-000778,10-000778,"Screw,M5x0.8 6g x10mm,BHT T-25,Flange,Steel,ZiNi BC,Nylon Patch",Part,MTS,"Seattle, WA",PO Inspection,FALSE,Qualitel,0,2000,0.0487,0,97.4,0,Restricted,0
09-11-2026,CM: Sienna GA,10-000778 REV-02,10-000778,"Screw,M5x0.8 6g x10mm,BHT T-25,Flange,Steel,ZiNi BC,Nylon Patch",Part,MTS,ATLN,LINE,FALSE,Sienna Corporation,9797,0,0.0774,758.2878,0,2,Unrestricted,9797
09-11-2026,CM: Sienna GA,10-000778 REV-02,10-000778,"Screw,M5x0.8 6g x10mm,BHT T-25,Flange,Steel,ZiNi BC,Nylon Patch",Part,MTS,ATLN,RQ71,FALSE,Sienna Corporation,21000,0,0.0774,1625.4,0,2,Unrestricted,21000
09-11-2026,CM: Celestica MX,10-0007783MS,10-000778,"Screw,M5x0.8 6g x10mm,BHT T-25,Flange,Steel,ZiNi BC,Nylon Patch",Part,MTS,Monterrey Prod,1000,FALSE,Celestica,1188,0,0.054,64.152,0,0,Unrestricted,1188
09-11-2026,CM: Celestica MX,10-0007783MS,10-000778,"Screw,M5x0.8 6g x10mm,BHT T-25,Flange,Steel,ZiNi BC,Nylon Patch",Part,MTS,Monterrey Prod,DIFF,FALSE,Celestica,0,-1283,0.054,0,-69.282,0,MRPExUnrestricted,0
09-11-2026,Lunar Netsuite,10-000778,10-000778,"Screw,M5x0.8 6g x10mm,BHT T-25,Flange,Steel,ZiNi BC,Nylon Patch",Part,MTS,JIT - Reno,NS,FALSE,Lunar Energy,46735,0,0.05,2336.75,0,0,Unrestricted,46735
09-11-2026,CM: Qualitel WA,814L-10-000778,10-000778,"Screw,M5x0.8 6g x10mm,BHT T-25,Flange,Steel,ZiNi BC,Nylon Patch",Part,MTS,"Seattle, WA",Stock,FALSE,Qualitel,332148,0,0.0487,16175.6076,0,0,Unrestricted,332148
09-11-2026,CM: Celestica MX,10-0007993MS,10-000799,"Sticker,Vent,Subassembly",Part,MTS,Monterrey Prod,1000,FALSE,Celestica,-328,0,0.81,-265.68,0,0,Unrestricted,-328
09-11-2026,CM: Sienna GA,10-000825 REV-1,10-000825,IC MPU SITARA 1.0GHZ 324NFBGA,Electrical Components,OTS,ATLN,LINE,FALSE,Sienna Corporation,920,0,8.09,7442.8,0,1,Unrestricted,920
09-11-2026,Lunar Netsuite,10-000825,10-000825,IC MPU SITARA 1.0GHZ 324NFBGA,Electrical Components,OTS,JIT - Reno,NS,FALSE,Lunar Energy,6804,0,8.1118,55192.6872,0,0,Unrestricted,5504
09-11-2026,CM: Sienna GA,10-000825 REV-1,10-000825,IC MPU SITARA 1.0GHZ 324NFBGA,Electrical Components,OTS,ATLN,RIQC,FALSE,Sienna Corporation,2814,0,8.09,22765.26,0,1,Unrestricted,2814
09-11-2026,CM: Sienna GA,10-000841 REV-01,10-000841,CAP CER 3300PF 50V X7R 0402 AEC-Q,Electrical Components,OTS,ATLN,LINE,FALSE,Sienna Corporation,13502,0,0.0058,78.3116,0,1,Unrestricted,13502
09-11-2026,CM: Qualitel WA,814L-10-000841,10-000841,CAP CER 3300PF 50V X7R 0402 AEC-Q,Electrical Components,OTS,"Seattle, WA",Stock,FALSE,Qualitel,8740,0,0.0034,29.716,0,0,Unrestricted,8740
09-11-2026,CM: Sienna GA,10-000842 REV-01,10-000842,CAP CER 22PF 50V C0G/NPO 0402 AEC-Q,Electrical Components,OTS,ATLN,LINE,FALSE,Sienna Corporation,15406,0,0.0041,63.1646,0,1,Unrestricted,15406
09-11-2026,CM: Qualitel WA,814L-10-000842,10-000842,CAP CER 22PF 50V C0G/NPO 0402 AEC-Q,Electrical Components,OTS,"Seattle, WA",Stock,FALSE,Qualitel,25381,0,0.0037,93.9097,0,0,Unrestricted,25381
09-11-2026,Lunar Netsuite,10-000842,10-000842,CAP CER 22PF 50V C0G/NPO 0402 AEC-Q,Electrical Components,OTS,JIT - Reno,NS,FALSE,Lunar Energy,1400,0,0.017,23.8,0,0,Unrestricted,1400
09-11-2026,Lunar Netsuite,10-000844,10-000844,"Connector, 16 Contact, 2 Row, Male, Straight, SMT",Electrical Components,OTS,CCL (Computer Components Ltd),NS,FALSE,Lunar Energy,5500,0,1.33,7315,0,0,Unrestricted,5500
09-11-2026,Lunar Netsuite,10-000844,10-000844,"Connector, 16 Contact, 2 Row, Male, Straight, SMT",Electrical Components,OTS,JIT - Reno,NS,FALSE,Lunar Energy,450,0,1.33,598.5,0,0,Unrestricted,450
09-11-2026,Lunar Netsuite,10-000845,10-000845,"Connector, 6 Contact, 1 Row, Male, Straight, TH",Electrical Components,OTS,CCL (Computer Components Ltd),NS,FALSE,Lunar Energy,24000,0,0.1258,3019.2,0,0,Unrestricted,24000
09-11-2026,Lunar Netsuite,10-000846,10-000846,RES 5.1K OHM 0.1% 1/16W 0402,Electrical Components,OTS,CCL (Computer Components Ltd),NS,FALSE,Lunar Energy,20000,0,0.055,1100,0,0,Unrestricted,20000
09-11-2026,CM: Sienna GA,10-000848 REV-01,10-000848,RES 510 OHM 0.1% 1/16W 0402 AEC-Q,Electrical Components,OTS,ATLN,LINE,FALSE,Sienna Corporation,2537,0,0.055,139.535,0,1,Unrestricted,2537
09-11-2026,CM: Sienna GA,C10-000848 REV-01,10-000848,RES 510 OHM 0.1% 1/16W 0402 AEC-Q,Electrical Components,OTS,ATLN,WT21,TRUE,Lunar Energy,5000,0,0,0,0,1,Unrestricted,5000
09-11-2026,Lunar Netsuite,10-000848,10-000848,RES 510 OHM 0.1% 1/16W 0402 AEC-Q,Electrical Components,OTS,Sienna Corporation - GA,NS,FALSE,Lunar Energy,5000,0,0.0662,331,0,0,Unrestricted,0
09-11-2026,CM: Sienna GA,10-000848 REV-01,10-000848,RES 510 OHM 0.1% 1/16W 0402 AEC-Q,Electrical Components,OTS,ATLN,MAIN,FALSE,Sienna Corporation,10000,0,0.055,550,0,1,Unrestricted,10000
09-11-2026,CM: Qualitel WA,814L-10-000848,10-000848,RES 510 OHM 0.1% 1/16W 0402 AEC-Q,Electrical Components,OTS,"Seattle, WA",Stock,FALSE,Qualitel,11538,0,0.052,599.976,0,0,Unrestricted,11538
09-11-2026,CM: Sienna GA,10-000850 REV-01,10-000850,"Opamp, 1 Func, 15uV Offset-Max, CMOS, PDSO5",Electrical Components,OTS,ATLN,MAIN,FALSE,Sienna Corporation,11250,0,0.408,4590,0,1,Unrestricted,11250
09-11-2026,CM: Sienna GA,10-000850 REV-01,10-000850,"Opamp, 1 Func, 15uV Offset-Max, CMOS, PDSO5",Electrical Components,OTS,ATLN,LINE,FALSE,Sienna Corporation,1201,0,0.408,490.008,0,1,Unrestricted,1201
09-11-2026,Lunar Netsuite,10-000850,10-000850,"Opamp, 1 Func, 15uV Offset-Max, CMOS, PDSO5",Electrical Components,OTS,NexGen Digital Inc,NS,FALSE,Lunar Energy,12920,0,0.41,5297.2,0,0,Unrestricted,12920
09-11-2026,CM: Sienna GA,10-000850 REV-01,10-000850,"Opamp, 1 Func, 15uV Offset-Max, CMOS, PDSO5",Electrical Components,OTS,ATLN,RIQC,FALSE,Sienna Corporation,1500,0,0.408,612,0,1,Unrestricted,1500
09-11-2026,CM: Qualitel WA,814L-10-000850,10-000850,"Opamp, 1 Func, 15uV Offset-Max, CMOS, PDSO5",Electrical Components,OTS,"Seattle, WA",Stock,FALSE,Qualitel,12588,0,0.267,3360.996,0,0,Unrestricted,12588
09-11-2026,Lunar Netsuite,10-000850,10-000850,"Opamp, 1 Func, 15uV Offset-Max, CMOS, PDSO5",Electrical Components,OTS,CA - Ravendale,NS,FALSE,Lunar Energy,7850,0,0.4824,3786.84,0,0,Unrestricted,7850
09-11-2026,Lunar Netsuite,10-000850,10-000850,"Opamp, 1 Func, 15uV Offset-Max, CMOS, PDSO5",Electrical Components,OTS,JIT - Reno,NS,FALSE,Lunar Energy,250,0,0.4088,102.2,0,0,Unrestricted,250
09-11-2026,CM: Qualitel WA,814L-10-000851,10-000851,Current Sense Amplifier 1 Circuit Rail-to-Rail SC-70-6 AEC-Q,Electrical Components,OTS,"Seattle, WA",Stock,FALSE,Qualitel,4752,0,0.77,3659.04,0,0,Unrestricted,4752
09-11-2026,CM: Sienna GA,10-000851 REV-01,10-000851,Current Sense Amplifier 1 Circuit Rail-to-Rail SC-70-6 AEC-Q,Electrical Components,OTS,ATLN,RIQC,FALSE,Sienna Corporation,3000,0,0.917,2751,0,1,Unrestricted,3000
09-11-2026,Lunar Netsuite,10-000851,10-000851,Current Sense Amplifier 1 Circuit Rail-to-Rail SC-70-6 AEC-Q,Electrical Components,OTS,JIT - Reno,NS,FALSE,Lunar Energy,3000,0,0.8215,2464.5,0,0,Unrestricted,3000
09-11-2026,Lunar Netsuite,10-000851,10-000851,Current Sense Amplifier 1 Circuit Rail-to-Rail SC-70-6 AEC-Q,Electrical Components,OTS,NexGen Digital Inc,NS,FALSE,Lunar Energy,6000,0,0.77,4620,0,0,Unrestricted,6000
09-11-2026,CM: Sienna GA,10-000851 REV-01,10-000851,Current Sense Amplifier 1 Circuit Rail-to-Rail SC-70-6 AEC-Q,Electrical Components,OTS,ATLN,LINE,FALSE,Sienna Corporation,3482,0,0.917,3192.994,0,1,Unrestricted,3482
09-11-2026,CM: Sienna GA,10-000855 REV-01,10-000855,CRYSTAL 32.768KHZ 9PF SMD AEC-Q,Electrical Components,OTS,ATLN,RIQC,FALSE,Sienna Corporation,3000,0,0.468,1404,0,1,Unrestricted,3000
09-11-2026,CM: Qualitel WA,814L-10-000855,10-000855,CRYSTAL 32.768KHZ 9PF SMD AEC-Q,Electrical Components,OTS,"Seattle, WA",Stock,FALSE,Qualitel,19079,0,0.38,7250.02,0,0,Unrestricted,19079
09-11-2026,CM: Sienna GA,10-000855 REV-01,10-000855,CRYSTAL 32.768KHZ 9PF SMD AEC-Q,Electrical Components,OTS,ATLN,MAIN,FALSE,Sienna Corporation,500,0,0.468,234,0,1,Unrestricted,500
09-11-2026,CM: Qualitel WA,814L-10-000855,10-000855,CRYSTAL 32.768KHZ 9PF SMD AEC-Q,Electrical Components,OTS,"Seattle, WA",PO Inspection,FALSE,Qualitel,0,20,0.38,0,7.6,0,Restricted,0
09-11-2026,CM: Sienna GA,10-000855 REV-01,10-000855,CRYSTAL 32.768KHZ 9PF SMD AEC-Q,Electrical Components,OTS,ATLN,LINE,FALSE,Sienna Corporation,2615,0,0.468,1223.82,0,1,Unrestricted,2615
09-11-2026,CM: Qualitel WA,814L-10-000855,10-000855,CRYSTAL 32.768KHZ 9PF SMD AEC-Q,Electrical Components,OTS,"Seattle, WA",MRB,FALSE,Qualitel,0,20,0.38,0,7.6,0,Restricted,0
09-11-2026,Lunar Netsuite,10-000856,10-000856,CRYSTAL 16.3840MHZ 18PF SMD,Electrical Components,OTS,CCL (Computer Components Ltd),NS,FALSE,Lunar Energy,7000,0,0.2439,1707.3,0,0,Unrestricted,7000
09-11-2026,CM: Sienna GA,10-000857 REV-01,10-000857,TRANSFORMER SMD,Electrical Components,OTS,ATLN,MAIN,FALSE,Sienna Corporation,2047,0,0.73,1494.31,0,1,Unrestricted,2047
09-11-2026,CM: Qualitel WA,814L-10-000857,10-000857,TRANSFORMER SMD,Electrical Components,OTS,"Seattle, WA",Stock,FALSE,Qualitel,19015,0,0.73,13880.95,0,0,Unrestricted,19015
09-11-2026,CM: Sienna GA,10-000857 REV-01,10-000857,TRANSFORMER SMD,Electrical Components,OTS,ATLN,PAMS,FALSE,Sienna Corporation,2000,0,0.73,1460,0,1,Unrestricted,2000
09-11-2026,CM: Sienna GA,10-000857 REV-01,10-000857,TRANSFORMER SMD,Electrical Components,OTS,ATLN,RIQC,FALSE,Sienna Corporation,3500,0,0.73,2555,0,1,Unrestricted,3500
09-11-2026,Lunar Netsuite,10-000857,10-000857,TRANSFORMER SMD,Electrical Components,OTS,JIT - Reno,NS,FALSE,Lunar Energy,66000,0,0.73,48180,0,0,Unrestricted,58800
09-11-2026,CM: Sienna GA,10-000857 REV-01,10-000857,TRANSFORMER SMD,Electrical Components,OTS,ATLN,LINE,FALSE,Sienna Corporation,2625,0,0.73,1916.25,0,1,Unrestricted,2625
09-11-2026,CM: Qualitel WA,814L-10-000858,10-000858,RES SMD 1.2K OHM 0.1% 1/4W 1206 AEC-Q,Electrical Components,OTS,"Seattle, WA",Stock,FALSE,Qualitel,13479,0,0.085,1145.715,0,0,Unrestricted,13479
09-11-2026,CM: Sienna GA,10-000858 REV-01,10-000858,RES SMD 1.2K OHM 0.1% 1/4W 1206 AEC-Q,Electrical Components,OTS,ATLN,LINE,FALSE,Sienna Corporation,16206,0,0.089,1442.334,0,1,Unrestricted,16206
09-11-2026,CM: Sienna GA,10-000894 REV-01,10-000894,CAP CER 2200PF 100V X7R 0603 AEC-Q,Electrical Components,OTS,ATLN,LINE,FALSE,Sienna Corporation,9689,0,0.0065,62.9785,0,1,Unrestricted,9689
09-11-2026,CM: Qualitel WA,814L-10-000894,10-000894,CAP CER 2200PF 100V X7R 0603 AEC-Q,Electrical Components,OTS,"Seattle, WA",Stock,FALSE,Qualitel,11501,0,0.0061,70.1561,0,0,Unrestricted,11501
09-11-2026,CM: Sienna GA,10-000894 REV-01,10-000894,CAP CER 2200PF 100V X7R 0603 AEC-Q,Electrical Components,OTS,ATLN,RIQC,FALSE,Sienna Corporation,12000,0,0.0065,78,0,1,Unrestricted,12000
09-11-2026,CM: Sienna GA,10-000903 REV-01,10-000903,"Plug,Conduit,Sealing,Stepped,3/4""",Part,OTS,ATLN,PAMS,FALSE,Sienna Corporation,852,0,0.48,408.96,0,1,Unrestricted,852
09-11-2026,CM: Sienna GA,10-000903 REV-01,10-000903,"Plug,Conduit,Sealing,Stepped,3/4""",Part,OTS,ATLN,RH14,FALSE,Sienna Corporation,9460,0,0.48,4540.8,0,1,Unrestricted,9460
09-11-2026,CM: Qualitel WA,814L-10-000903,10-000903,"Plug,Conduit,Sealing,Stepped,3/4""",Part,OTS,"Seattle, WA",Stock,FALSE,Qualitel,1848,0,0.48,887.04,0,0,Unrestricted,1848
09-11-2026,CM: Sienna GA,10-000903 REV-01,10-000903,"Plug,Conduit,Sealing,Stepped,3/4""",Part,OTS,ATLN,RIQC,FALSE,Sienna Corporation,4,0,0.48,1.92,0,1,Unrestricted,4
09-11-2026,CM: Sienna GA,10-000903 REV-01,10-000903,"Plug,Conduit,Sealing,Stepped,3/4""",Part,OTS,ATLN,LPAC,FALSE,Sienna Corporation,385,0,0.48,184.8,0,1,Unrestricted,385
09-11-2026,CM: Qualitel WA,814L-10-000941,10-000941,Diode Schottky 40V 3A 2-Pin,Electrical Components,OTS,"Seattle, WA",Stock,FALSE,Qualitel,25761,0,0.0513,1321.5393,0,0,Unrestricted,25761
09-11-2026,CM: Sienna GA,10-000941 REV-1,10-000941,Diode Schottky 40V 3A 2-Pin,Electrical Components,OTS,ATLN,LINE,FALSE,Sienna Corporation,7045,0,0.055,387.475,0,1,Unrestricted,7045
09-11-2026,CM: Sienna GA,10-000941 REV-1,10-000941,Diode Schottky 40V 3A 2-Pin,Electrical Components,OTS,ATLN,MAIN,FALSE,Sienna Corporation,15000,0,0.055,825,0,1,Unrestricted,15000
09-11-2026,CM: Sienna GA,10-000943 REV-01,10-000943,"MOSFET Silicon carbide Power MOSFET 650 V, 18 mOhm typ 119 A",Electrical Components,OTS,ATLN,MAIN,FALSE,Sienna Corporation,6000,0,10.74,64440,0,1,Unrestricted,6000
09-11-2026,CM: Qualitel WA,814L-10-000943,10-000943,"MOSFET Silicon carbide Power MOSFET 650 V, 18 mOhm typ 119 A",Electrical Components,OTS,"Seattle, WA",Stock,FALSE,Qualitel,8913,0,10.74,95725.62,0,0,Unrestricted,8913
09-11-2026,CM: Sienna GA,10-000943 REV-01,10-000943,"MOSFET Silicon carbide Power MOSFET 650 V, 18 mOhm typ 119 A",Electrical Components,OTS,ATLN,LINE,FALSE,Sienna Corporation,1212,0,10.74,13016.88,0,1,Unrestricted,1212
09-11-2026,CM: Sienna GA,10-000943 REV-01,10-000943,"MOSFET Silicon carbide Power MOSFET 650 V, 18 mOhm typ 119 A",Electrical Components,OTS,ATLN,RJ21,FALSE,Sienna Corporation,738,0,10.74,7926.12,0,1,Unrestricted,738
09-11-2026,CM: Sienna GA,10-000943 REV-01,10-000943,"MOSFET Silicon carbide Power MOSFET 650 V, 18 mOhm typ 119 A",Electrical Components,OTS,ATLN,PAMS,FALSE,Sienna Corporation,192,0,10.74,2062.08,0,1,Unrestricted,192
09-11-2026,CM: Sienna GA,10-000944 REV-07,10-000944,"Exhaust Duct,Inverter",Part,MTS,ATLN,WHS2,FALSE,Sienna Corporation,45,0,0,0,0,7,Unrestricted,45
09-11-2026,CM: Sienna GA,10-000958 REV-01,10-000958,DGTL ISO 5000VRMS 5CH GP 16SOIC,Electrical Components,OTS,ATLN,MAIN,FALSE,Sienna Corporation,5082,0,1.17,5945.94,0,1,Unrestricted,5082
09-11-2026,CM: Sienna GA,10-000958 REV-01,10-000958,DGTL ISO 5000VRMS 5CH GP 16SOIC,Electrical Components,OTS,ATLN,RIQC,FALSE,Sienna Corporation,1000,0,1.17,1170,0,1,Unrestricted,1000
09-11-2026,CM: Sienna GA,10-000958 REV-01,10-000958,DGTL ISO 5000VRMS 5CH GP 16SOIC,Electrical Components,OTS,ATLN,LINE,FALSE,Sienna Corporation,294,0,1.17,343.98,0,1,Unrestricted,294
09-11-2026,Lunar Netsuite,10-000983,10-000983,CONN HEADER SMD 4POS 1.27MM,Electrical Components,OTS,CCL (Computer Components Ltd),NS,FALSE,Lunar Energy,180598,0,0.12,21671.76,0,0,Unrestricted,180598
09-11-2026,Lunar Netsuite,10-000985,10-000985,CMC 8.2MH 500MA 2LN TH,Electrical Components,OTS,CCL (Computer Components Ltd),NS,FALSE,Lunar Energy,3180,0,0.63,2003.4,0,0,Unrestricted,3180
09-11-2026,Lunar Netsuite,10-000989,10-000989,OPTOISOLATOR 5KV TRANSISTOR 4SMD,Electrical Components,OTS,NexGen Digital Inc,NS,FALSE,Lunar Energy,122000,0,0.08,9760,0,0,Unrestricted,122000
09-11-2026,CM: Sienna GA,10-000989 REV-01,10-000989,OPTOISOLATOR 5KV TRANSISTOR 4SMD,Electrical Components,OTS,ATLN,PAMS,FALSE,Sienna Corporation,2000,0,0.103,206,0,1,Unrestricted,2000
09-11-2026,CM: Sienna GA,10-000989 REV-01,10-000989,OPTOISOLATOR 5KV TRANSISTOR 4SMD,Electrical Components,OTS,ATLN,RIQC,FALSE,Sienna Corporation,7000,0,0.103,721,0,1,Unrestricted,7000
09-11-2026,Lunar Netsuite,10-000989,10-000989,OPTOISOLATOR 5KV TRANSISTOR 4SMD,Electrical Components,OTS,Avnet,NS,FALSE,Lunar Energy,22000,0,0.085,1870,0,0,Unrestricted,22000
09-11-2026,CM: Qualitel WA,814L-10-000989,10-000989,OPTOISOLATOR 5KV TRANSISTOR 4SMD,Electrical Components,OTS,"Seattle, WA",Stock,FALSE,Qualitel,11443,0,0.0781,893.6983,0,0,Unrestricted,11443
09-11-2026,CM: Sienna GA,10-000989 REV-01,10-000989,OPTOISOLATOR 5KV TRANSISTOR 4SMD,Electrical Components,OTS,ATLN,LINE,FALSE,Sienna Corporation,1101,0,0.103,113.403,0,1,Unrestricted,1101
09-11-2026,CM: Sienna GA,10-000991 REV-01,10-000991,MOSFET N-CHANNEL 20V 4A SOT23F,Electrical Components,OTS,ATLN,MAIN,FALSE,Sienna Corporation,30000,0,0.06,1800,0,1,Unrestricted,30000
09-11-2026,CM: Qualitel WA,814L-10-000991,10-000991,MOSFET N-CHANNEL 20V 4A SOT23F,Electrical Components,OTS,"Seattle, WA",Stock,FALSE,Qualitel,43956,0,0.0572,2514.2832,0,0,Unrestricted,43956
09-11-2026,CM: Sienna GA,10-000991 REV-01,10-000991,MOSFET N-CHANNEL 20V 4A SOT23F,Electrical Components,OTS,ATLN,LINE,FALSE,Sienna Corporation,15755,0,0.06,945.3,0,1,Unrestricted,15755
09-11-2026,CM: Sienna GA,10-000991 REV-01,10-000991,MOSFET N-CHANNEL 20V 4A SOT23F,Electrical Components,OTS,ATLN,RIQC,FALSE,Sienna Corporation,6000,0,0.06,360,0,1,Unrestricted,6000
09-11-2026,Lunar Netsuite,10-000991,10-000991,MOSFET N-CHANNEL 20V 4A SOT23F,Electrical Components,OTS,JIT - Reno,NS,FALSE,Lunar Energy,1050,0,0.118,123.9,0,0,Unrestricted,1050
09-11-2026,CM: Sienna GA,10-000992 REV-01,10-000992,CONN HEADER SMD 3POS 2.5MM,Electrical Components,OTS,ATLN,RIQC,FALSE,Sienna Corporation,900,0,0.642,577.8,0,1,Unrestricted,900
09-11-2026,Lunar Netsuite,10-000992,10-000992,CONN HEADER SMD 3POS 2.5MM,Electrical Components,OTS,JIT - Reno,NS,FALSE,Lunar Energy,2700,0,0.6411,1730.97,0,0,Unrestricted,2700
09-11-2026,Lunar Netsuite,10-000992,10-000992,CONN HEADER SMD 3POS 2.5MM,Electrical Components,OTS,Sienna Corporation - GA,NS,FALSE,Lunar Energy,4500,0,0.6411,2884.95,0,0,Unrestricted,0
09-11-2026,CM: Sienna GA,10-000992 REV-01,10-000992,CONN HEADER SMD 3POS 2.5MM,Electrical Components,OTS,ATLN,MAIN,FALSE,Sienna Corporation,2400,0,0.642,1540.8,0,1,Unrestricted,2400
09-11-2026,CM: Sienna GA,10-000992 REV-01,10-000992,CONN HEADER SMD 3POS 2.5MM,Electrical Components,OTS,ATLN,LINE,FALSE,Sienna Corporation,128,0,0.642,82.176,0,1,Unrestricted,128
09-11-2026,CM: Sienna GA,C10-000992 REV-1,10-000992,CONN HEADER SMD 3POS 2.5MM,Electrical Components,OTS,ATLN,WT41,TRUE,Lunar Energy,4500,0,0,0,0,1,Unrestricted,4500
09-11-2026,Lunar Netsuite,10-000996,10-000996,RES 27K OHM 1% 1/16W 0402,Electrical Components,OTS,CA - Ravendale,NS,FALSE,Lunar Energy,1388,0,0.0032,4.4416,0,0,Unrestricted,1388
09-11-2026,CM: Sienna GA,10-000999 REV-1,10-000999,RES SMD 1K OHM 1% 1/3W 0603 AEC-Q,Electrical Components,OTS,ATLN,LINE,FALSE,Sienna Corporation,14319,0,0.0116,166.1004,0,1,Unrestricted,14319
09-11-2026,CM: Sienna GA,10-000999 REV-1,10-000999,RES SMD 1K OHM 1% 1/3W 0603 AEC-Q,Electrical Components,OTS,ATLN,RIQC,FALSE,Sienna Corporation,15000,0,0.0116,174,0,1,Unrestricted,15000
09-11-2026,CM: Qualitel WA,814L-10-000999,10-000999,RES SMD 1K OHM 1% 1/3W 0603 AEC-Q,Electrical Components,OTS,"Seattle, WA",Stock,FALSE,Qualitel,27169,0,0.0026,70.6394,0,0,Unrestricted,27169
09-11-2026,Lunar Netsuite,10-001004,10-001004,RES SMD 10K OHM 1% 1/3W 0603 AEC-Q,Electrical Components,OTS,JIT - Reno,NS,FALSE,Lunar Energy,25000,0,0,0,0,0,Unrestricted,25000
09-11-2026,CM: Qualitel WA,814L-10-001004,10-001004,RES SMD 10K OHM 1% 1/3W 0603 AEC-Q,Electrical Components,OTS,"Seattle, WA",Stock,FALSE,Qualitel,62305,0,0.0038,236.759,0,0,Unrestricted,62305
09-11-2026,CM: Sienna GA,10-001004 REV-01,10-001004,RES SMD 10K OHM 1% 1/3W 0603 AEC-Q,Electrical Components,OTS,ATLN,RIQC,FALSE,Sienna Corporation,232000,0,0.0116,2691.2,0,1,Unrestricted,232000
09-11-2026,CM: Sienna GA,10-001004 REV-01,10-001004,RES SMD 10K OHM 1% 1/3W 0603 AEC-Q,Electrical Components,OTS,ATLN,LINE,FALSE,Sienna Corporation,175088,0,0.0116,2031.0208,0,1,Unrestricted,175088
09-11-2026,Lunar Netsuite,10-001004,10-001004,RES SMD 10K OHM 1% 1/3W 0603 AEC-Q,Electrical Components,OTS,Sienna Corporation - GA,NS,FALSE,Lunar Energy,45000,0,0,0,0,0,Unrestricted,0
09-11-2026,CM: Sienna GA,C10-001004 REV-01,10-001004,RES SMD 10K OHM 1% 1/3W 0603 AEC-Q,Electrical Components,OTS,ATLN,WS23,TRUE,Lunar Energy,45000,0,0,0,0,1,Unrestricted,45000
09-11-2026,CM: Sienna GA,10-001004 REV-01,10-001004,RES SMD 10K OHM 1% 1/3W 0603 AEC-Q,Electrical Components,OTS,ATLN,MAIN,FALSE,Sienna Corporation,636122,0,0.0116,7379.0152,0,1,Unrestricted,636122
09-11-2026,Lunar Netsuite,10-001004,10-001004,RES SMD 10K OHM 1% 1/3W 0603 AEC-Q,Electrical Components,OTS,Avnet,NS,FALSE,Lunar Energy,1710000,0,0,0,0,0,Unrestricted,1707939
09-11-2026,CM: Sienna GA,10-001006 REV-01,10-001006,RES SMD 100 OHM 1% 1/3W 0603 AEC-Q,Electrical Components,OTS,ATLN,RIQC,FALSE,Sienna Corporation,15000,0,0.031,465,0,1,Unrestricted,15000
09-11-2026,CM: Sienna GA,10-001006 REV-01,10-001006,RES SMD 100 OHM 1% 1/3W 0603 AEC-Q,Electrical Components,OTS,ATLN,MAIN,FALSE,Sienna Corporation,20000,0,0.031,620,0,1,Unrestricted,20000
09-11-2026,CM: Qualitel WA,814L-10-001006,10-001006,RES SMD 100 OHM 1% 1/3W 0603 AEC-Q,Electrical Components,OTS,"Seattle, WA",Stock,FALSE,Qualitel,60018,0,0.0113,678.2034,0,0,Unrestricted,60018
09-11-2026,CM: Sienna GA,10-001006 REV-01,10-001006,RES SMD 100 OHM 1% 1/3W 0603 AEC-Q,Electrical Components,OTS,ATLN,LINE,FALSE,Sienna Corporation,7888,0,0.031,244.528,0,1,Unrestricted,7888
09-11-2026,CM: Qualitel WA,814L-10-001007,10-001007,RES 10 OHM 1% 1/16W 0402,Electrical Components,OTS,"Seattle, WA",Stock,FALSE,Qualitel,8749,0,0.0005,4.3745,0,0,Unrestricted,8749
09-11-2026,Lunar Netsuite,10-001007,10-001007,RES 10 OHM 1% 1/16W 0402,Electrical Components,OTS,JIT - Reno,NS,FALSE,Lunar Energy,8050,0,0.005,40.25,0,0,Unrestricted,8050
09-11-2026,CM: Sienna GA,10-001007 REV-01,10-001007,RES 10 OHM 1% 1/16W 0402,Electrical Components,OTS,ATLN,MAIN,FALSE,Sienna Corporation,10000,0,0.0018,18,0,1,Unrestricted,10000
09-11-2026,CM: Sienna GA,10-001007 REV-01,10-001007,RES 10 OHM 1% 1/16W 0402,Electrical Components,OTS,ATLN,LINE,FALSE,Sienna Corporation,12982,0,0.0018,23.3676,0,1,Unrestricted,12982
09-11-2026,Lunar Netsuite,10-001009,10-001009,RES SMD 10M OHM 1% 1/10W 0603 AEC-Q,Electrical Components,OTS,JIT - Reno,NS,FALSE,Lunar Energy,15000,0,0,0,0,0,Unrestricted,0
09-11-2026,Lunar Netsuite,10-001009,10-001009,RES SMD 10M OHM 1% 1/10W 0603 AEC-Q,Electrical Components,OTS,Sienna Corporation - GA,NS,FALSE,Lunar Energy,10000,0,0,0,0,0,Unrestricted,0
09-11-2026,CM: Celestica MX,10-0010093MS,10-001009,RES SMD 10M OHM 1% 1/10W 0603 AEC-Q,Electrical Components,OTS,Monterrey Prod,1000,FALSE,Celestica,-14,0,0.0018,-0.0252,0,0,Unrestricted,-14
09-11-2026,CM: Qualitel WA,814L-10-001009,10-001009,RES SMD 10M OHM 1% 1/10W 0603 AEC-Q,Electrical Components,OTS,"Seattle, WA",Stock,FALSE,Qualitel,93275,0,0.0012,111.93,0,0,Unrestricted,93275
09-11-2026,CM: Sienna GA,C10-001009 REV-1,10-001009,RES SMD 10M OHM 1% 1/10W 0603 AEC-Q,Electrical Components,OTS,ATLN,WS13,TRUE,Lunar Energy,10000,0,0,0,0,1,Unrestricted,10000
09-11-2026,CM: Qualitel WA,814L-10-001011,10-001011,RES 5.1K OHM 1% 1/10W 75V 0603,Electrical Components,OTS,"Seattle, WA",Stock,FALSE,Qualitel,80000,0,0.0007,56,0,0,Unrestricted,80000
09-11-2026,CM: Qualitel WA,814L-10-001019,10-001019,RES SMD 10K OHM 1% 1/2W 0805 AEC-Q,Electrical Components,OTS,"Seattle, WA",Stock,FALSE,Qualitel,20013,0,0.0168,336.2184,0,0,Unrestricted,20013
09-11-2026,CM: Sienna GA,10-001019 REV-01,10-001019,RES SMD 10K OHM 1% 1/2W 0805 AEC-Q,Electrical Components,OTS,ATLN,MAIN,FALSE,Sienna Corporation,10000,0,0.018,180,0,1,Unrestricted,10000
09-11-2026,CM: Sienna GA,10-001019 REV-01,10-001019,RES SMD 10K OHM 1% 1/2W 0805 AEC-Q,Electrical Components,OTS,ATLN,LINE,FALSE,Sienna Corporation,16775,0,0.018,301.95,0,1,Unrestricted,16775
09-11-2026,CM: Sienna GA,10-001029 REV-01,10-001029,RES 6.2K OHM 1% 1/10W 0603,Electrical Components,OTS,ATLN,LINE,FALSE,Sienna Corporation,24179,0,0.002,48.358,0,1,Unrestricted,24179
09-11-2026,CM: Sienna GA,10-001029 REV-01,10-001029,RES 6.2K OHM 1% 1/10W 0603,Electrical Components,OTS,ATLN,MAIN,FALSE,Sienna Corporation,70000,0,0.002,140,0,1,Unrestricted,70000
09-11-2026,Lunar Netsuite,10-001046,10-001046,CAP ALUM 150UF 20% 35V RADIAL,Electrical Components,OTS,JIT - Reno,NS,FALSE,Lunar Energy,20000,0,0.123,2460,0,0,Unrestricted,20000
09-11-2026,Lunar Netsuite,10-001046,10-001046,CAP ALUM 150UF 20% 35V RADIAL,Electrical Components,OTS,NexGen Digital Inc,NS,FALSE,Lunar Energy,60000,0,0.123,7380,0,0,Unrestricted,60000
09-11-2026,Lunar Netsuite,10-001048,10-001048,RES 3.6K OHM 1% 1/16W 0402 AEC-Q,Electrical Components,OTS,JIT - Reno,NS,FALSE,Lunar Energy,2626,0,0.0119,31.2494,0,0,Unrestricted,2626
09-11-2026,CM: Qualitel WA,814L-10-001048,10-001048,RES 3.6K OHM 1% 1/16W 0402 AEC-Q,Electrical Components,OTS,"Seattle, WA",Stock,FALSE,Qualitel,18752,0,0.001,18.752,0,0,Unrestricted,18752
09-11-2026,CM: Sienna GA,10-001048 REV-01,10-001048,RES 3.6K OHM 1% 1/16W 0402 AEC-Q,Electrical Components,OTS,ATLN,LINE,FALSE,Sienna Corporation,2971,0,0.0016,4.7536,0,1,Unrestricted,2971
09-11-2026,CM: Sienna GA,10-001048 REV-01,10-001048,RES 3.6K OHM 1% 1/16W 0402 AEC-Q,Electrical Components,OTS,ATLN,MAIN,FALSE,Sienna Corporation,10000,0,0.0016,16,0,1,Unrestricted,10000
09-11-2026,Lunar Netsuite,10-001051,10-001051,IC REG LINEAR 3.3V 1A SOT223,Electrical Components,OTS,JIT - Reno,NS,FALSE,Lunar Energy,4000,0,0.0595,238,0,0,Unrestricted,4000
09-11-2026,CM: Sienna GA,10-001051 REV-1,10-001051,IC REG LINEAR 3.3V 1A SOT223,Electrical Components,OTS,ATLN,LINE,FALSE,Sienna Corporation,4160,0,0.0607,252.512,0,1,Unrestricted,4160
09-11-2026,CM: Sienna GA,10-001051 REV-1,10-001051,IC REG LINEAR 3.3V 1A SOT223,Electrical Components,OTS,ATLN,MAIN,FALSE,Sienna Corporation,4000,0,0.0607,242.8,0,1,Unrestricted,4000
09-11-2026,CM: Qualitel WA,814L-10-001051,10-001051,IC REG LINEAR 3.3V 1A SOT223,Electrical Components,OTS,"Seattle, WA",Stock,FALSE,Qualitel,7289,0,0.0635,462.8515,0,0,Unrestricted,7289
09-11-2026,Lunar Netsuite,10-001055,10-001055,RES 15K OHM 1% 1/16W 0402 AEC-Q,Electrical Components,OTS,CA - Ravendale,NS,FALSE,Lunar Energy,10000,0,0.0021,21,0,0,Unrestricted,10000
09-11-2026,CM: Qualitel WA,814L-10-001055,10-001055,RES 15K OHM 1% 1/16W 0402 AEC-Q,Electrical Components,OTS,"Seattle, WA",Stock,FALSE,Qualitel,17489,0,0.0014,24.4846,0,0,Unrestricted,17489
09-11-2026,CM: Sienna GA,10-001055 REV-1,10-001055,RES 15K OHM 1% 1/16W 0402 AEC-Q,Electrical Components,OTS,ATLN,LINE,FALSE,Sienna Corporation,18204,0,0.0014,25.4856,0,1,Unrestricted,18204
09-11-2026,Lunar Netsuite,10-001056,10-001056,CAP ALUM 470UF 20% 25V RADIAL,Electrical Components,OTS,CCL (Computer Components Ltd),NS,FALSE,Lunar Energy,15000,0,0.1658,2487,0,0,Unrestricted,15000
09-11-2026,Lunar Netsuite,10-001056,10-001056,CAP ALUM 470UF 20% 25V RADIAL,Electrical Components,OTS,Sienna Corporation - GA,NS,FALSE,Lunar Energy,5000,0,0.1661,830.5,0,0,Unrestricted,0
09-11-2026,CM: Sienna GA,C10-001056 REV-1,10-001056,CAP ALUM 470UF 20% 25V RADIAL,Electrical Components,OTS,ATLN,WU36,TRUE,Lunar Energy,5000,0,0,0,0,1,Unrestricted,5000
09-11-2026,Lunar Netsuite,10-001057,10-001057,RES SMD 3.9 OHM 1% 1/3W 0805 AEC-Q,Electrical Components,OTS,JIT - Reno,NS,FALSE,Lunar Energy,35244,0,0.04,1409.76,0,0,Unrestricted,35244
09-11-2026,CM: Celestica MX,10-0010573MS,10-001057,RES SMD 3.9 OHM 1% 1/3W 0805 AEC-Q,Electrical Components,OTS,Monterrey Prod,1000,FALSE,Celestica,-2,0,0.0368,-0.0736,0,0,Unrestricted,-2
09-11-2026,CM: Qualitel WA,814L-10-001057,10-001057,RES SMD 3.9 OHM 1% 1/3W 0805 AEC-Q,Electrical Components,OTS,"Seattle, WA",Stock,FALSE,Qualitel,54537,0,0.0035,190.8795,0,0,Unrestricted,54537
09-11-2026,Lunar Netsuite,10-001059,10-001059,CAP CER 0.015UF 50V X7R 0402,Electrical Components,OTS,JIT - Reno,NS,FALSE,Lunar Energy,533,0,0.0257,13.6981,0,0,Unrestricted,533
09-11-2026,CM: Sienna GA,10-001061 REV-01,10-001061,CAP CER 0.47UF 25V X7R 0603 AEC-Q,Electrical Components,OTS,ATLN,LINE,FALSE,Sienna Corporation,22176,0,0.0116,257.2416,0,1,Unrestricted,22176
09-11-2026,CM: Celestica MX,10-0010613MS,10-001061,CAP CER 0.47UF 25V X7R 0603 AEC-Q,Electrical Components,OTS,Monterrey Prod,1000,FALSE,Celestica,-2,0,0.0096,-0.0192,0,0,Unrestricted,-2
09-11-2026,CM: Qualitel WA,814L-10-001061,10-001061,CAP CER 0.47UF 25V X7R 0603 AEC-Q,Electrical Components,OTS,"Seattle, WA",Stock,FALSE,Qualitel,351755,0,0.0114,4010.007,0,0,Unrestricted,351755
09-11-2026,Lunar Netsuite,10-001065,10-001065,CAP CER 0.047UF 50V X7R 0402 AEC-Q,Electrical Components,OTS,JIT - Reno,NS,FALSE,Lunar Energy,1000,0,0.024,24,0,0,Unrestricted,1000
09-11-2026,Lunar Netsuite,10-001067,10-001067,CAP ALUM 330UF 20% 25V RADIAL,Electrical Components,OTS,CCL (Computer Components Ltd),NS,FALSE,Lunar Energy,77000,0,0.058,4466,0,0,Unrestricted,77000
09-11-2026,CM: Qualitel WA,814L-10-001068,10-001068,CAP CER 2.2UF 25V X7R 0805 AEC-Q,Electrical Components,OTS,"Seattle, WA",Stock,FALSE,Qualitel,31012,0,0.0284,880.7408,0,0,Unrestricted,31012
09-11-2026,CM: Sienna GA,10-001068 REV-01,10-001068,CAP CER 2.2UF 25V X7R 0805 AEC-Q,Electrical Components,OTS,ATLN,MAIN,FALSE,Sienna Corporation,18000,0,0.105,1890,0,1,Unrestricted,18000
09-11-2026,CM: Sienna GA,10-001068 REV-01,10-001068,CAP CER 2.2UF 25V X7R 0805 AEC-Q,Electrical Components,OTS,ATLN,LINE,FALSE,Sienna Corporation,6639,0,0.105,697.095,0,1,Unrestricted,6639
09-11-2026,CM: Qualitel WA,814L-10-001069,10-001069,RES 82K OHM 1% 1/16W 0402 AEC-Q,Electrical Components,OTS,"Seattle, WA",Stock,FALSE,Qualitel,21700,0,0.001,21.7,0,0,Unrestricted,21700
09-11-2026,CM: Sienna GA,10-001069 REV-1,10-001069,RES 82K OHM 1% 1/16W 0402 AEC-Q,Electrical Components,OTS,ATLN,LINE,FALSE,Sienna Corporation,2489,0,0.0015,3.7335,0,1,Unrestricted,2489
09-11-2026,CM: Sienna GA,10-001069 REV-1,10-001069,RES 82K OHM 1% 1/16W 0402 AEC-Q,Electrical Components,OTS,ATLN,MAIN,FALSE,Sienna Corporation,10000,0,0.0015,15,0,1,Unrestricted,10000
09-11-2026,Lunar Netsuite,10-001070,10-001070,CAP ALUM 10UF 20% 50V RADIAL,Electrical Components,OTS,CCL (Computer Components Ltd),NS,FALSE,Lunar Energy,27988,0,0.0337,943.1956,0,0,Unrestricted,27988
09-11-2026,CM: Qualitel WA,814L-10-001072,10-001072,DIODE GEN PURP 200V 3A SOD128 AEC-Q,Electrical Components,OTS,"Seattle, WA",Stock,FALSE,Qualitel,73048,0,0.0915,6683.892,0,0,Unrestricted,73048
09-11-2026,Lunar Netsuite,10-001072,10-001072,DIODE GEN PURP 200V 3A SOD128 AEC-Q,Electrical Components,OTS,NexGen Digital Inc,NS,FALSE,Lunar Energy,84002,0,0.1,8400.2,0,0,Unrestricted,84002
09-11-2026,Lunar Netsuite,10-001072,10-001072,DIODE GEN PURP 200V 3A SOD128 AEC-Q,Electrical Components,OTS,Sienna Corporation - GA,NS,FALSE,Lunar Energy,6000,0,0.1,600,0,0,Unrestricted,0
09-11-2026,Lunar Netsuite,10-001072,10-001072,DIODE GEN PURP 200V 3A SOD128 AEC-Q,Electrical Components,OTS,JIT - Reno,NS,FALSE,Lunar Energy,176600,0,0.1012,17871.92,0,0,Unrestricted,172900
09-11-2026,CM: Celestica MX,10-0010723MS,10-001072,DIODE GEN PURP 200V 3A SOD128 AEC-Q,Electrical Components,OTS,Monterrey Prod,1000,FALSE,Celestica,44,0,0.123,5.412,0,0,Unrestricted,44
09-11-2026,CM: Qualitel WA,814L-10-001072,10-001072,DIODE GEN PURP 200V 3A SOD128 AEC-Q,Electrical Components,OTS,"Seattle, WA",PO Inspection,FALSE,Qualitel,0,200,0.0915,0,18.3,0,Restricted,0
09-11-2026,CM: Sienna GA,C10-001072 REV-1,10-001072,DIODE GEN PURP 200V 3A SOD128 AEC-Q,Electrical Components,OTS,ATLN,WR21,TRUE,Lunar Energy,6000,0,0,0,0,1,Unrestricted,6000
09-11-2026,CM: Qualitel WA,814L-10-001072,10-001072,DIODE GEN PURP 200V 3A SOD128 AEC-Q,Electrical Components,OTS,"Seattle, WA",MRB,FALSE,Qualitel,0,200,0.0915,0,18.3,0,Restricted,0
09-11-2026,Lunar Netsuite,10-001073,10-001073,DIODE GEN PURP 200V 1A SMA,Electrical Components,OTS,CCL (Computer Components Ltd),NS,FALSE,Lunar Energy,4999,0,0.0558,278.9442,0,0,Unrestricted,4999
09-11-2026,Lunar Netsuite,10-001075,10-001075,DIODE SCHOTTKY 100V 3A DO214AB AEC-Q,Electrical Components,OTS,Avnet,NS,FALSE,Lunar Energy,3500,0,0.1298,454.3,0,0,Unrestricted,3500
09-11-2026,CM: Qualitel WA,814L-10-001075,10-001075,DIODE SCHOTTKY 100V 3A DO214AB AEC-Q,Electrical Components,OTS,"Seattle, WA",PO Inspection,FALSE,Qualitel,0,150,0.126,0,18.9,0,Restricted,0
09-11-2026,CM: Qualitel WA,814L-10-001075,10-001075,DIODE SCHOTTKY 100V 3A DO214AB AEC-Q,Electrical Components,OTS,"Seattle, WA",MRB,FALSE,Qualitel,0,150,0.126,0,18.9,0,Restricted,0
09-11-2026,Lunar Netsuite,10-001075,10-001075,DIODE SCHOTTKY 100V 3A DO214AB AEC-Q,Electrical Components,OTS,JIT - Reno,NS,FALSE,Lunar Energy,70000,0,0.1298,9086,0,0,Unrestricted,0
09-11-2026,CM: Celestica MX,10-0010753MS,10-001075,DIODE SCHOTTKY 100V 3A DO214AB AEC-Q,Electrical Components,OTS,Monterrey Prod,1000,FALSE,Celestica,113,0,0.1168,13.1984,0,0,Unrestricted,113
09-11-2026,CM: Qualitel WA,814L-10-001075,10-001075,DIODE SCHOTTKY 100V 3A DO214AB AEC-Q,Electrical Components,OTS,"Seattle, WA",Stock,FALSE,Qualitel,37828,0,0.126,4766.328,0,0,Unrestricted,37828
09-11-2026,Lunar Netsuite,10-001089,10-001089,FIXED IND 2.2UH 9.3A 15MOHM SMD,Electrical Components,OTS,CCL (Computer Components Ltd),NS,FALSE,Lunar Energy,16500,0,0.29,4785,0,0,Unrestricted,16500
09-11-2026,Lunar Netsuite,10-001096,10-001096,IC MULTIPLEXER 4 X 2:1 16SSOP,Electrical Components,OTS,CCL (Computer Components Ltd),NS,FALSE,Lunar Energy,16018,0,0.1374,2200.8732,0,0,Unrestricted,16018
09-11-2026,Lunar Netsuite,10-001097,10-001097,RES SMD 100K OHM 5% 1/3W 0603 AEC-Q,Electrical Components,OTS,NexGen Digital Inc,NS,FALSE,Lunar Energy,1050000,0,0.0096,10080,0,0,Unrestricted,1050000
09-11-2026,CM: Sienna GA,10-001097 REV-01,10-001097,RES SMD 100K OHM 5% 1/3W 0603 AEC-Q,Electrical Components,OTS,ATLN,RIQC,FALSE,Sienna Corporation,130000,0,0.0096,1248,0,1,Unrestricted,130000
09-11-2026,Lunar Netsuite,10-001097,10-001097,RES SMD 100K OHM 5% 1/3W 0603 AEC-Q,Electrical Components,OTS,Avnet,NS,FALSE,Lunar Energy,645000,0,0.0096,6192,0,0,Unrestricted,645000
09-11-2026,CM: Sienna GA,10-001097 REV-01,10-001097,RES SMD 100K OHM 5% 1/3W 0603 AEC-Q,Electrical Components,OTS,ATLN,LINE,FALSE,Sienna Corporation,66267,0,0.0096,636.1632,0,1,Unrestricted,66267
09-11-2026,CM: Qualitel WA,814L-10-001097,10-001097,RES SMD 100K OHM 5% 1/3W 0603 AEC-Q,Electrical Components,OTS,"Seattle, WA",Stock,FALSE,Qualitel,16562,0,0.0025,41.405,0,0,Unrestricted,16562
09-11-2026,CM: Sienna GA,10-001097 REV-01,10-001097,RES SMD 100K OHM 5% 1/3W 0603 AEC-Q,Electrical Components,OTS,ATLN,PAMS,FALSE,Sienna Corporation,65000,0,0.0096,624,0,1,Unrestricted,65000
09-11-2026,CM: Sienna GA,10-001097 REV-01,10-001097,RES SMD 100K OHM 5% 1/3W 0603 AEC-Q,Electrical Components,OTS,ATLN,MAIN,FALSE,Sienna Corporation,140000,0,0.0096,1344,0,1,Unrestricted,140000
09-11-2026,CM: Qualitel WA,814L-10-001105,10-001105,RES SMD 30K OHM 1% 1/10W 0402 AEC-Q,Electrical Components,OTS,"Seattle, WA",Stock,FALSE,Qualitel,16212,0,0.0019,30.8028,0,0,Unrestricted,16212
09-11-2026,Lunar Netsuite,10-001105,10-001105,RES SMD 30K OHM 1% 1/10W 0402 AEC-Q,Electrical Components,OTS,JIT - Reno,NS,FALSE,Lunar Energy,1050,0,0.0142,14.91,0,0,Unrestricted,1050
09-11-2026,CM: Sienna GA,10-001105 REV-01,10-001105,RES SMD 30K OHM 1% 1/10W 0402 AEC-Q,Electrical Components,OTS,ATLN,LINE,FALSE,Sienna Corporation,17692,0,0.003,53.076,0,1,Unrestricted,17692
09-11-2026,Lunar Netsuite,10-001106,10-001106,RES SMD 680 OHM 0.1% 1/16W 0402,Electrical Components,OTS,CCL (Computer Components Ltd),NS,FALSE,Lunar Energy,10000,0,0.0495,495,0,0,Unrestricted,10000
09-11-2026,Lunar Netsuite,10-001127,10-001127,RES 330 OHM 1% 1/16W 0402 AEC-Q,Electrical Components,OTS,JIT - Reno,NS,FALSE,Lunar Energy,4200,0,0.005,21,0,0,Unrestricted,4200
09-11-2026,CM: Sienna GA,10-001127 REV-01,10-001127,RES 330 OHM 1% 1/16W 0402 AEC-Q,Electrical Components,OTS,ATLN,MAIN,FALSE,Sienna Corporation,20000,0,0.0015,30,0,1,Unrestricted,20000
09-11-2026,CM: Qualitel WA,814L-10-001127,10-001127,RES 330 OHM 1% 1/16W 0402 AEC-Q,Electrical Components,OTS,"Seattle, WA",Stock,FALSE,Qualitel,29969,0,0.0015,44.9535,0,0,Unrestricted,29969
09-11-2026,CM: Sienna GA,10-001127 REV-01,10-001127,RES 330 OHM 1% 1/16W 0402 AEC-Q,Electrical Components,OTS,ATLN,LINE,FALSE,Sienna Corporation,22951,0,0.0015,34.4265,0,1,Unrestricted,22951
09-11-2026,CM: Sienna GA,10-001129 REV-01,10-001129,RES SMD 1K OHM 1% 1/10W 0603 AEC-Q,Electrical Components,OTS,ATLN,LINE,FALSE,Sienna Corporation,3451,0,0.0123,42.4473,0,1,Unrestricted,3451
09-11-2026,Lunar Netsuite,10-001129,10-001129,RES SMD 1K OHM 1% 1/10W 0603 AEC-Q,Electrical Components,OTS,NexGen Digital Inc,NS,FALSE,Lunar Energy,1909,0,0.002,3.818,0,0,Unrestricted,1909
09-11-2026,Lunar Netsuite,10-001129,10-001129,RES SMD 1K OHM 1% 1/10W 0603 AEC-Q,Electrical Components,OTS,JIT - Reno,NS,FALSE,Lunar Energy,20000,0,0.002,40,0,0,Unrestricted,20000
09-11-2026,CM: Qualitel WA,814L-10-001129,10-001129,RES SMD 1K OHM 1% 1/10W 0603 AEC-Q,Electrical Components,OTS,"Seattle, WA",Stock,FALSE,Qualitel,80000,0,0.0011,88,0,0,Unrestricted,80000
09-11-2026,CM: Sienna GA,10-001130 REV-1,10-001130,CONN HEADER SMD 2POS 2.5MM,Electrical Components,OTS,ATLN,LINE,FALSE,Sienna Corporation,1408,0,0.88,1239.04,0,1,Unrestricted,1408
09-11-2026,CM: Sienna GA,10-001130 REV-1,10-001130,CONN HEADER SMD 2POS 2.5MM,Electrical Components,OTS,ATLN,MAIN,FALSE,Sienna Corporation,7500,0,0.88,6600,0,1,Unrestricted,7500
09-11-2026,CM: Sienna GA,C10-001130 REV-1,10-001130,CONN HEADER SMD 2POS 2.5MM,Electrical Components,OTS,ATLN,WT41,TRUE,Lunar Energy,300,0,0,0,0,1,Unrestricted,300
09-11-2026,CM: Sienna GA,C10-001130 REV-1,10-001130,CONN HEADER SMD 2POS 2.5MM,Electrical Components,OTS,ATLN,WT52,TRUE,Lunar Energy,600,0,0,0,0,1,Unrestricted,600
09-11-2026,CM: Qualitel WA,814L-10-001130,10-001130,CONN HEADER SMD 2POS 2.5MM,Electrical Components,OTS,"Seattle, WA",Stock,FALSE,Qualitel,10644,0,0.743,7908.492,0,0,Unrestricted,10644
09-11-2026,Lunar Netsuite,10-001130,10-001130,CONN HEADER SMD 2POS 2.5MM,Electrical Components,OTS,JIT - Reno,NS,FALSE,Lunar Energy,14400,0,0.8678,12496.32,0,0,Unrestricted,14400
09-11-2026,Lunar Netsuite,10-001130,10-001130,CONN HEADER SMD 2POS 2.5MM,Electrical Components,OTS,Sienna Corporation - GA,NS,FALSE,Lunar Energy,900,0,0.85,765,0,0,Unrestricted,0
09-11-2026,CM: Qualitel WA,814L-10-001133,10-001133,RES SMD 5.1K OHM 1% 1/10W 0603 AEC-Q,Electrical Components,OTS,"Seattle, WA",Stock,FALSE,Qualitel,172625,0,0.0014,241.675,0,0,Unrestricted,172625
09-11-2026,CM: Celestica MX,10-0011333MS,10-001133,RES SMD 5.1K OHM 1% 1/10W 0603 AEC-Q,Electrical Components,OTS,Monterrey Prod,1000,FALSE,Celestica,-12,0,0.0011,-0.0132,0,0,Unrestricted,-12
09-11-2026,CM: Sienna GA,10-001133 REV-01,10-001133,RES SMD 5.1K OHM 1% 1/10W 0603 AEC-Q,Electrical Components,OTS,ATLN,LINE,FALSE,Sienna Corporation,18684,0,0.002,37.368,0,1,Unrestricted,18684
09-11-2026,CM: Sienna GA,10-001133 REV-01,10-001133,RES SMD 5.1K OHM 1% 1/10W 0603 AEC-Q,Electrical Components,OTS,ATLN,MAIN,FALSE,Sienna Corporation,25000,0,0.002,50,0,1,Unrestricted,25000
09-11-2026,Lunar Netsuite,10-001134,10-001134,RES SMD 169K OHM 1% 1/10W 0603 AEC-Q,Electrical Components,OTS,CCL (Computer Components Ltd),NS,FALSE,Lunar Energy,305000,0,0.0033,1006.5,0,0,Unrestricted,305000
09-11-2026,Lunar Netsuite,10-001135,10-001135,RES 100 mOHM 1% 1/5W 0603,Electrical Components,OTS,JIT - Reno,NS,FALSE,Lunar Energy,5000,0,0.0907,453.5,0,0,Unrestricted,5000
09-11-2026,Lunar Netsuite,10-001135,10-001135,RES 100 mOHM 1% 1/5W 0603,Electrical Components,OTS,CCL (Computer Components Ltd),NS,FALSE,Lunar Energy,10000,0,0.0907,907,0,0,Unrestricted,10000
09-11-2026,Lunar Netsuite,10-001136,10-001136,RES SMD 68K OHM 1% 1/10W 0603 AEC-Q,Electrical Components,OTS,JIT - Reno,NS,FALSE,Lunar Energy,5000,0,0.0037,18.5,0,0,Unrestricted,0
09-11-2026,CM: Sienna GA,10-001136 REV-01,10-001136,RES SMD 68K OHM 1% 1/10W 0603 AEC-Q,Electrical Components,OTS,ATLN,LINE,FALSE,Sienna Corporation,6592,0,0.0037,24.3904,0,1,Unrestricted,6592
09-11-2026,CM: Sienna GA,10-001136 REV-01,10-001136,RES SMD 68K OHM 1% 1/10W 0603 AEC-Q,Electrical Components,OTS,ATLN,RIQC,FALSE,Sienna Corporation,5000,0,0.0037,18.5,0,1,Unrestricted,5000
09-11-2026,CM: Qualitel WA,814L-10-001136,10-001136,RES SMD 68K OHM 1% 1/10W 0603 AEC-Q,Electrical Components,OTS,"Seattle, WA",Stock,FALSE,Qualitel,17834,0,0.0014,24.9676,0,0,Unrestricted,17834
09-11-2026,CM: Qualitel WA,814L-10-001137,10-001137,RES 0 OHM JUMPER 0603 SMD AEC-Q,Electrical Components,OTS,"Seattle, WA",Stock,FALSE,Qualitel,270936,0,0.0067,1815.2712,0,0,Unrestricted,270936
09-11-2026,CM: Celestica MX,10-0011373MS,10-001137,RES 0 OHM JUMPER 0603 SMD AEC-Q,Electrical Components,OTS,Monterrey Prod,1000,FALSE,Celestica,-18,0,0.0076,-0.1368,0,0,Unrestricted,-18
09-11-2026,CM: Sienna GA,10-001137 REV-01,10-001137,RES 0 OHM JUMPER 0603 SMD AEC-Q,Electrical Components,OTS,ATLN,LINE,FALSE,Sienna Corporation,40945,0,0.0102,417.639,0,1,Unrestricted,40945
09-11-2026,CM: Sienna GA,10-001137 REV-01,10-001137,RES 0 OHM JUMPER 0603 SMD AEC-Q,Electrical Components,OTS,ATLN,MAIN,FALSE,Sienna Corporation,35000,0,0.0102,357,0,1,Unrestricted,35000
09-11-2026,CM: Sienna GA,10-001137 REV-01,10-001137,RES 0 OHM JUMPER 0603 SMD AEC-Q,Electrical Components,OTS,ATLN,RIQC,FALSE,Sienna Corporation,5000,0,0.0102,51,0,1,Unrestricted,5000
09-11-2026,CM: Celestica MX,10-0011383MS,10-001138,RES 1K OHM 1% 1/4W 0603 AEC-Q,Electrical Components,OTS,Monterrey Prod,1000,FALSE,Celestica,-2,0,0.0195,-0.039,0,0,Unrestricted,-2
09-11-2026,Lunar Netsuite,10-001140,10-001140,RES SMD 499K OHM 1% 1/10W 0603 AEC-Q,Electrical Components,OTS,JIT - Reno,NS,FALSE,Lunar Energy,1000,0,0.0142,14.2,0,0,Unrestricted,1000
09-11-2026,CM: Sienna GA,10-001142 REV-01,10-001142,RES 1 OHM 1% 1/10W 0603 AEC-Q,Electrical Components,OTS,ATLN,LINE,FALSE,Sienna Corporation,20,0,0.073,1.46,0,1,Unrestricted,20
09-11-2026,CM: Sienna GA,10-001144 REV-01,10-001144,RES SMD 20K OHM 1% 1/10W 0603 AEC-Q,Electrical Components,OTS,ATLN,LINE,FALSE,Sienna Corporation,8282,0,0.01,82.82,0,1,Unrestricted,8282
09-11-2026,Lunar Netsuite,10-001144,10-001144,RES SMD 20K OHM 1% 1/10W 0603 AEC-Q,Electrical Components,OTS,JIT - Reno,NS,FALSE,Lunar Energy,1000,0,0.0121,12.1,0,0,Unrestricted,1000
09-11-2026,CM: Qualitel WA,814L-10-001144,10-001144,RES SMD 20K OHM 1% 1/10W 0603 AEC-Q,Electrical Components,OTS,"Seattle, WA",Stock,FALSE,Qualitel,24209,0,0.0014,33.8926,0,0,Unrestricted,24209
09-11-2026,CM: Sienna GA,10-001146 REV-01,10-001146,RES SMD 6.81K OHM 1% 1/8W 0603 AEC-Q,Electrical Components,OTS,ATLN,MAIN,FALSE,Sienna Corporation,80000,0,0.0019,152,0,1,Unrestricted,80000
09-11-2026,CM: Sienna GA,10-001146 REV-01,10-001146,RES SMD 6.81K OHM 1% 1/8W 0603 AEC-Q,Electrical Components,OTS,ATLN,RIQC,FALSE,Sienna Corporation,15000,0,0.0019,28.5,0,1,Unrestricted,15000
09-11-2026,CM: Sienna GA,10-001146 REV-01,10-001146,RES SMD 6.81K OHM 1% 1/8W 0603 AEC-Q,Electrical Components,OTS,ATLN,LINE,FALSE,Sienna Corporation,19265,0,0.0019,36.6035,0,1,Unrestricted,19265
09-11-2026,CM: Sienna GA,10-001150 REV-01,10-001150,RES SMD 4.99 OHM 1% 1/10W 0603 AEC-Q,Electrical Components,OTS,ATLN,LINE,FALSE,Sienna Corporation,2842,0,0.005,14.21,0,1,Unrestricted,2842
09-11-2026,CM: Qualitel WA,814L-10-001150,10-001150,RES SMD 4.99 OHM 1% 1/10W 0603 AEC-Q,Electrical Components,OTS,"Seattle, WA",Stock,FALSE,Qualitel,6264,0,0.0036,22.5504,0,0,Unrestricted,6264
09-11-2026,Lunar Netsuite,10-001150,10-001150,RES SMD 4.99 OHM 1% 1/10W 0603 AEC-Q,Electrical Components,OTS,JIT - Reno,NS,FALSE,Lunar Energy,5000,0,0.0048,24,0,0,Unrestricted,0
09-11-2026,CM: Celestica MX,10-0011523MS,10-001152,RES SMD 10K OHM 1% 1/10W 0603 AEC-Q,Electrical Components,OTS,Monterrey Prod,1000,FALSE,Celestica,-72,0,0.0019,-0.1368,0,0,Unrestricted,-72
09-11-2026,CM: Sienna GA,10-001152 REV-01,10-001152,RES SMD 10K OHM 1% 1/10W 0603 AEC-Q,Electrical Components,OTS,ATLN,LINE,FALSE,Sienna Corporation,79641,0,0.0019,151.3179,0,1,Unrestricted,79641
09-11-2026,CM: Qualitel WA,814L-10-001152,10-001152,RES SMD 10K OHM 1% 1/10W 0603 AEC-Q,Electrical Components,OTS,"Seattle, WA",Stock,FALSE,Qualitel,617510,0,0.0011,679.261,0,0,Unrestricted,617510
09-11-2026,CM: Sienna GA,10-001152 REV-01,10-001152,RES SMD 10K OHM 1% 1/10W 0603 AEC-Q,Electrical Components,OTS,ATLN,MAIN,FALSE,Sienna Corporation,5000,0,0.0019,9.5,0,1,Unrestricted,5000
09-11-2026,CM: Sienna GA,10-001152 REV-01,10-001152,RES SMD 10K OHM 1% 1/10W 0603 AEC-Q,Electrical Components,OTS,ATLN,RIQC,FALSE,Sienna Corporation,15000,0,0.0019,28.5,0,1,Unrestricted,15000
09-11-2026,CM: Sienna GA,C10-001153 REV-2,10-001153,RES SMD 10 OHM 1% 1/3W 0603 AEC-Q,Electrical Components,OTS,ATLN,WS23,TRUE,Lunar Energy,125000,0,0,0,0,2,Unrestricted,125000
09-11-2026,CM: Qualitel WA,814L-10-001153,10-001153,RES SMD 10 OHM 1% 1/3W 0603 AEC-Q,Electrical Components,OTS,"Seattle, WA",Stock,FALSE,Qualitel,6259,0,0.0055,34.4245,0,0,Unrestricted,6259
09-11-2026,CM: Sienna GA,C10-001153 REV-2,10-001153,RES SMD 10 OHM 1% 1/3W 0603 AEC-Q,Electrical Components,OTS,ATLN,WT63,TRUE,Lunar Energy,20000,0,0,0,0,2,Unrestricted,20000
09-11-2026,CM: Sienna GA,C10-001153 REV-2,10-001153,RES SMD 10 OHM 1% 1/3W 0603 AEC-Q,Electrical Components,OTS,ATLN,WS61,TRUE,Lunar Energy,80000,0,0,0,0,2,Unrestricted,80000
09-11-2026,CM: Sienna GA,10-001153 REV-02,10-001153,RES SMD 10 OHM 1% 1/3W 0603 AEC-Q,Electrical Components,OTS,ATLN,LINE,FALSE,Sienna Corporation,31421,0,0.012,377.052,0,2,Unrestricted,31421
09-11-2026,Lunar Netsuite,10-001153,10-001153,RES SMD 10 OHM 1% 1/3W 0603 AEC-Q,Electrical Components,OTS,Sienna Corporation - GA,NS,FALSE,Lunar Energy,260000,0,0.0141,3666,0,0,Unrestricted,260000
09-11-2026,CM: Sienna GA,C10-001153 REV-2,10-001153,RES SMD 10 OHM 1% 1/3W 0603 AEC-Q,Electrical Components,OTS,ATLN,WR22,TRUE,Lunar Energy,35000,0,0,0,0,2,Unrestricted,35000
09-11-2026,CM: Sienna GA,10-001153 REV-02,10-001153,RES SMD 10 OHM 1% 1/3W 0603 AEC-Q,Electrical Components,OTS,ATLN,PAMS,FALSE,Sienna Corporation,10000,0,0.012,120,0,2,Unrestricted,10000
09-11-2026,CM: Sienna GA,10-001153 REV-02,10-001153,RES SMD 10 OHM 1% 1/3W 0603 AEC-Q,Electrical Components,OTS,ATLN,MAIN,FALSE,Sienna Corporation,74999,0,0.012,899.988,0,2,Unrestricted,74999
09-11-2026,Lunar Netsuite,10-001154,10-001154,RES SMD 11K OHM 1% 1/10W 0603 AEC-Q,Electrical Components,OTS,NexGen Digital Inc,NS,FALSE,Lunar Energy,85000,0,0.0033,280.5,0,0,Unrestricted,85000
09-11-2026,Lunar Netsuite,10-001154,10-001154,RES SMD 11K OHM 1% 1/10W 0603 AEC-Q,Electrical Components,OTS,JIT - Reno,NS,FALSE,Lunar Energy,35000,0,0.0033,115.5,0,0,Unrestricted,30000
09-11-2026,CM: Sienna GA,10-001154 REV-01,10-001154,RES SMD 11K OHM 1% 1/10W 0603 AEC-Q,Electrical Components,OTS,ATLN,LINE,FALSE,Sienna Corporation,6051,0,0.0018,10.8918,0,1,Unrestricted,6051
09-11-2026,CM: Sienna GA,10-001156 REV-01,10-001156,RES SMD 25.5K OHM 1% 1/10W 0603 AEC-Q,Electrical Components,OTS,ATLN,LINE,FALSE,Sienna Corporation,5601,0,0.0037,20.7237,0,1,Unrestricted,5601
09-11-2026,CM: Sienna GA,C10-001156 REV-01,10-001156,RES SMD 25.5K OHM 1% 1/10W 0603 AEC-Q,Electrical Components,OTS,ATLN,WT63,TRUE,Lunar Energy,5000,0,0,0,0,1,Unrestricted,5000
09-11-2026,CM: Qualitel WA,814L-10-001156,10-001156,RES SMD 25.5K OHM 1% 1/10W 0603 AEC-Q,Electrical Components,OTS,"Seattle, WA",Stock,FALSE,Qualitel,9286,0,0.0021,19.5006,0,0,Unrestricted,9286
09-11-2026,Lunar Netsuite,10-001156,10-001156,RES SMD 25.5K OHM 1% 1/10W 0603 AEC-Q,Electrical Components,OTS,Sienna Corporation - GA,NS,FALSE,Lunar Energy,5000,0,0.0037,18.5,0,0,Unrestricted,0
09-11-2026,Lunar Netsuite,10-001156,10-001156,RES SMD 25.5K OHM 1% 1/10W 0603 AEC-Q,Electrical Components,OTS,JIT - Reno,NS,FALSE,Lunar Energy,15000,0,0.0037,55.5,0,0,Unrestricted,15000
09-11-2026,CM: Sienna GA,10-001156 REV-01,10-001156,RES SMD 25.5K OHM 1% 1/10W 0603 AEC-Q,Electrical Components,OTS,ATLN,RIQC,FALSE,Sienna Corporation,5000,0,0.0037,18.5,0,1,Unrestricted,5000
09-11-2026,CM: Celestica MX,10-0011583MS,10-001158,RES SMD 200 OHM 1% 1/10W 0603 AEC-Q,Electrical Components,OTS,Monterrey Prod,1000,FALSE,Celestica,281,0,0.0039,1.0959,0,0,Unrestricted,281
09-11-2026,CM: Qualitel WA,814L-10-001158,10-001158,RES SMD 200 OHM 1% 1/10W 0603 AEC-Q,Electrical Components,OTS,"Seattle, WA",Stock,FALSE,Qualitel,282724,0,0.0012,339.2688,0,0,Unrestricted,282724
09-11-2026,CM: Sienna GA,10-001158 REV-1,10-001158,RES SMD 200 OHM 1% 1/10W 0603 AEC-Q,Electrical Components,OTS,ATLN,LINE,FALSE,Sienna Corporation,12111,0,0.0022,26.6442,0,1,Unrestricted,12111
09-11-2026,Lunar Netsuite,10-001158,10-001158,RES SMD 200 OHM 1% 1/10W 0603 AEC-Q,Electrical Components,OTS,JIT - Reno,NS,FALSE,Lunar Energy,40000,0,0.0022,88,0,0,Unrestricted,15000
09-11-2026,CM: Qualitel WA,814L-10-001159,10-001159,RES SMD 10 OHM 1% 1/3W 0603 AEC-Q,Electrical Components,OTS,"Seattle, WA",Stock,FALSE,Qualitel,144016,0,0.0106,1526.5696,0,0,Unrestricted,144016
09-11-2026,CM: Celestica MX,10-0011593MS,10-001159,RES SMD 10 OHM 1% 1/3W 0603 AEC-Q,Electrical Components,OTS,Monterrey Prod,1000,FALSE,Celestica,292,0,0.0115,3.358,0,0,Unrestricted,292
09-11-2026,CM: Sienna GA,10-001159 REV-02,10-001159,RES SMD 10 OHM 1% 1/3W 0603 AEC-Q,Electrical Components,OTS,ATLN,LINE,FALSE,Sienna Corporation,35594,0,0.012,427.128,0,2,Unrestricted,35594
09-11-2026,CM: Sienna GA,10-001159 REV-02,10-001159,RES SMD 10 OHM 1% 1/3W 0603 AEC-Q,Electrical Components,OTS,ATLN,MAIN,FALSE,Sienna Corporation,155000,0,0.012,1860,0,2,Unrestricted,155000
09-11-2026,CM: Sienna GA,10-001159 REV-02,10-001159,RES SMD 10 OHM 1% 1/3W 0603 AEC-Q,Electrical Components,OTS,ATLN,PAWH,FALSE,Sienna Corporation,5000,0,0.012,60,0,2,Unrestricted,5000
09-11-2026,Lunar Netsuite,10-001160,10-001160,RES SMD 470 OHM 1% 1/10W 0603 AEC-Q,Electrical Components,OTS,Sienna Corporation - GA,NS,FALSE,Lunar Energy,920000,0,0.0032,2944,0,0,Unrestricted,895000
09-11-2026,CM: Qualitel WA,814L-10-001160,10-001160,RES SMD 470 OHM 1% 1/10W 0603 AEC-Q,Electrical Components,OTS,"Seattle, WA",Stock,FALSE,Qualitel,67900,0,0.0011,74.69,0,0,Unrestricted,67900
09-11-2026,CM: Celestica MX,10-0011603MS,10-001160,RES SMD 470 OHM 1% 1/10W 0603 AEC-Q,Electrical Components,OTS,Monterrey Prod,1000,FALSE,Celestica,-46,0,0.0023,-0.1058,0,0,Unrestricted,-46
09-11-2026,CM: Sienna GA,C10-001160 REV-2,10-001160,RES SMD 470 OHM 1% 1/10W 0603 AEC-Q,Electrical Components,OTS,ATLN,WS61,TRUE,Lunar Energy,284317,0,0,0,0,2,Unrestricted,284317
09-11-2026,Lunar Netsuite,10-001160,10-001160,RES SMD 470 OHM 1% 1/10W 0603 AEC-Q,Electrical Components,OTS,JIT - Reno,NS,FALSE,Lunar Energy,304317,0,0.0033,1004.2461,0,0,Unrestricted,304317
09-11-2026,CM: Sienna GA,C10-001160 REV-2,10-001160,RES SMD 470 OHM 1% 1/10W 0603 AEC-Q,Electrical Components,OTS,ATLN,WR53,TRUE,Lunar Energy,160000,0,0,0,0,2,Unrestricted,160000
09-11-2026,CM: Sienna GA,C10-001160 REV-2,10-001160,RES SMD 470 OHM 1% 1/10W 0603 AEC-Q,Electrical Components,OTS,ATLN,WT11,TRUE,Lunar Energy,350683,0,0,0,0,2,Unrestricted,350683
09-11-2026,CM: Sienna GA,10-001160 REV-02,10-001160,RES SMD 470 OHM 1% 1/10W 0603 AEC-Q,Electrical Components,OTS,ATLN,LINE,FALSE,Sienna Corporation,50704,0,0.0023,116.6192,0,2,Unrestricted,50704
09-11-2026,CM: Sienna GA,C10-001160 REV-2,10-001160,RES SMD 470 OHM 1% 1/10W 0603 AEC-Q,Electrical Components,OTS,ATLN,WR21,TRUE,Lunar Energy,125000,0,0,0,0,2,Unrestricted,125000
09-11-2026,CM: Celestica MX,10-0011613MS,10-001161,RES SMD 16K OHM 5% 1/4W 0603 ANTI-SURGE AEC-Q,Electrical Components,OTS,Monterrey Prod,1000,FALSE,Celestica,-2,0,0.015,-0.03,0,0,Unrestricted,-2
09-11-2026,CM: Qualitel WA,814L-10-001161,10-001161,RES SMD 16K OHM 5% 1/4W 0603 ANTI-SURGE AEC-Q,Electrical Components,OTS,"Seattle, WA",Stock,FALSE,Qualitel,23791,0,0.0088,209.3608,0,0,Unrestricted,23791
09-11-2026,Lunar Netsuite,10-001163,10-001163,RES SMD 2 OHM 5% 1/4W 0603 AEC-Q,Electrical Components,OTS,JIT - Reno,NS,FALSE,Lunar Energy,170000,0,0.0259,4403,0,0,Unrestricted,170000
09-11-2026,Lunar Netsuite,10-001163,10-001163,RES SMD 2 OHM 5% 1/4W 0603 AEC-Q,Electrical Components,OTS,NexGen Digital Inc,NS,FALSE,Lunar Energy,185000,0,0.0259,4791.5,0,0,Unrestricted,185000
09-11-2026,Lunar Netsuite,10-001167,10-001167,RES 2K OHM 1% 1/10W 0603,Electrical Components,OTS,JIT - Reno,NS,FALSE,Lunar Energy,1000,0,0.0136,13.6,0,0,Unrestricted,1000
09-11-2026,CM: Qualitel WA,814L-10-001167,10-001167,RES 2K OHM 1% 1/10W 0603,Electrical Components,OTS,"Seattle, WA",Stock,FALSE,Qualitel,21798,0,0.0012,26.1576,0,0,Unrestricted,21798
09-11-2026,Lunar Netsuite,10-001172,10-001172,RES SMD 390 OHM 5% 1/4W 0603,Electrical Components,OTS,CCL (Computer Components Ltd),NS,FALSE,Lunar Energy,10000,0,0.0074,74,0,0,Unrestricted,10000
09-11-2026,Lunar Netsuite,10-001173,10-001173,RES SMD 150 OHM 0.1% 1/10W 0603,Electrical Components,OTS,JIT - Reno,NS,FALSE,Lunar Energy,1000,0,0.051,51,0,0,Unrestricted,1000
09-11-2026,CM: Sienna GA,10-001173 REV-1,10-001173,RES SMD 150 OHM 0.1% 1/10W 0603,Electrical Components,OTS,ATLN,LINE,FALSE,Sienna Corporation,7847,0,0.033,258.951,0,1,Unrestricted,7847
09-11-2026,CM: Qualitel WA,814L-10-001173,10-001173,RES SMD 150 OHM 0.1% 1/10W 0603,Electrical Components,OTS,"Seattle, WA",Stock,FALSE,Qualitel,4235,0,0.028,118.58,0,0,Unrestricted,4235
09-11-2026,CM: Celestica MX,10-0011813MS,10-001181,RES SMD 249K OHM 0.1% 1/4W 1206 AEC-Q,Electrical Components,OTS,Monterrey Prod,1000,FALSE,Celestica,102,0,0.089,9.078,0,0,Unrestricted,102
09-11-2026,CM: Sienna GA,10-001181 REV-01,10-001181,RES SMD 249K OHM 0.1% 1/4W 1206 AEC-Q,Electrical Components,OTS,ATLN,LPAC,FALSE,Sienna Corporation,6037,0,0.089,537.293,0,1,Unrestricted,6037
09-11-2026,CM: Qualitel WA,814L-10-001181,10-001181,RES SMD 249K OHM 0.1% 1/4W 1206 AEC-Q,Electrical Components,OTS,"Seattle, WA",Stock,FALSE,Qualitel,278863,0,0.085,23703.355,0,0,Unrestricted,278863
09-11-2026,CM: Sienna GA,10-001181 REV-01,10-001181,RES SMD 249K OHM 0.1% 1/4W 1206 AEC-Q,Electrical Components,OTS,ATLN,LINE,FALSE,Sienna Corporation,35100,0,0.089,3123.9,0,1,Unrestricted,35100
09-11-2026,CM: Sienna GA,10-001181 REV-01,10-001181,RES SMD 249K OHM 0.1% 1/4W 1206 AEC-Q,Electrical Components,OTS,ATLN,MAIN,FALSE,Sienna Corporation,28963,0,0.089,2577.707,0,1,Unrestricted,28963
09-11-2026,Lunar Netsuite,10-001181,10-001181,RES SMD 249K OHM 0.1% 1/4W 1206 AEC-Q,Electrical Components,OTS,CA - Ravendale,NS,FALSE,Lunar Energy,5000,0,0.0844,422,0,0,Unrestricted,5000
09-11-2026,Lunar Netsuite,10-001181,10-001181,RES SMD 249K OHM 0.1% 1/4W 1206 AEC-Q,Electrical Components,OTS,JIT - Reno,NS,FALSE,Lunar Energy,31461,0,0.09,2831.49,0,0,Unrestricted,26461
09-11-2026,CM: Sienna GA,10-001189 REV-01,10-001189,RES SMD 3.3K OHM 1% 1/10W 0603 AEC-Q,Electrical Components,OTS,ATLN,LINE,FALSE,Sienna Corporation,8575,0,0.0035,30.0125,0,1,Unrestricted,8575
09-11-2026,CM: Sienna GA,10-001189 REV-01,10-001189,RES SMD 3.3K OHM 1% 1/10W 0603 AEC-Q,Electrical Components,OTS,ATLN,MAIN,FALSE,Sienna Corporation,5000,0,0.0035,17.5,0,1,Unrestricted,5000
09-11-2026,Lunar Netsuite,10-001189,10-001189,RES SMD 3.3K OHM 1% 1/10W 0603 AEC-Q,Electrical Components,OTS,JIT - Reno,NS,FALSE,Lunar Energy,20000,0,0.0035,70,0,0,Unrestricted,5000
09-11-2026,CM: Sienna GA,10-001189 REV-01,10-001189,RES SMD 3.3K OHM 1% 1/10W 0603 AEC-Q,Electrical Components,OTS,ATLN,PAMS,FALSE,Sienna Corporation,10000,0,0.0035,35,0,1,Unrestricted,10000
09-11-2026,CM: Sienna GA,10-001189 REV-01,10-001189,RES SMD 3.3K OHM 1% 1/10W 0603 AEC-Q,Electrical Components,OTS,ATLN,RIQC,FALSE,Sienna Corporation,5000,0,0.0035,17.5,0,1,Unrestricted,5000
09-11-2026,CM: Qualitel WA,814L-10-001189,10-001189,RES SMD 3.3K OHM 1% 1/10W 0603 AEC-Q,Electrical Components,OTS,"Seattle, WA",Stock,FALSE,Qualitel,42519,0,0.0011,46.7709,0,0,Unrestricted,42519
09-11-2026,Lunar Netsuite,10-001190,10-001190,IC AFE 7 CHAN 24BIT 40LFCSP-WQ,Electrical Components,OTS,JIT - Reno,NS,FALSE,Lunar Energy,318,0,13.2301,4207.1718,0,0,Unrestricted,318
09-11-2026,Lunar Netsuite,10-001191,10-001191,"DUAL, ZERO-DRIFT OP AMP, E TEMP",Electrical Components,OTS,JIT - Reno,NS,FALSE,Lunar Energy,132,0,1.19,157.08,0,0,Unrestricted,132
09-11-2026,CM: Qualitel WA,814L-10-001191,10-001191,"DUAL, ZERO-DRIFT OP AMP, E TEMP",Electrical Components,OTS,"Seattle, WA",Stock,FALSE,Qualitel,60860,0,0.67,40776.2,0,0,Unrestricted,60860
09-11-2026,CM: Celestica MX,10-0011913MS,10-001191,"DUAL, ZERO-DRIFT OP AMP, E TEMP",Electrical Components,OTS,Monterrey Prod,1000,FALSE,Celestica,-6,0,1.1929,-7.1574,0,0,Unrestricted,-6
09-11-2026,CM: Qualitel WA,814L-10-001195,10-001195,IC OPAMP ZER-DRIFT 1CIRC SOT23-5,Electrical Components,OTS,"Seattle, WA",Stock,FALSE,Qualitel,28537,0,0.676,19291.012,0,0,Unrestricted,28537
09-11-2026,CM: Sienna GA,C10-001195 REV-01,10-001195,IC OPAMP ZER-DRIFT 1CIRC SOT23-5,Electrical Components,OTS,ATLN,WR72,TRUE,Lunar Energy,3000,0,0,0,0,1,Unrestricted,3000
09-11-2026,Lunar Netsuite,10-001195,10-001195,IC OPAMP ZER-DRIFT 1CIRC SOT23-5,Electrical Components,OTS,JIT - Reno,NS,FALSE,Lunar Energy,12000,0,0.7985,9582,0,0,Unrestricted,12000
09-11-2026,CM: Sienna GA,C10-001195 REV-01,10-001195,IC OPAMP ZER-DRIFT 1CIRC SOT23-5,Electrical Components,OTS,ATLN,WS32,TRUE,Lunar Energy,3000,0,0,0,0,1,Unrestricted,3000
09-11-2026,CM: Sienna GA,10-001195 REV-01,10-001195,IC OPAMP ZER-DRIFT 1CIRC SOT23-5,Electrical Components,OTS,ATLN,LINE,FALSE,Sienna Corporation,7103,0,0.582,4133.946,0,1,Unrestricted,7103
09-11-2026,Lunar Netsuite,10-001195,10-001195,IC OPAMP ZER-DRIFT 1CIRC SOT23-5,Electrical Components,OTS,Sienna Corporation - GA,NS,FALSE,Lunar Energy,21604,0,0.68,14690.72,0,0,Unrestricted,21604
09-11-2026,CM: Sienna GA,C10-001195 REV-01,10-001195,IC OPAMP ZER-DRIFT 1CIRC SOT23-5,Electrical Components,OTS,ATLN,WT14,TRUE,Lunar Energy,3000,0,0,0,0,1,Unrestricted,3000
09-11-2026,CM: Sienna GA,C10-001195 REV-01,10-001195,IC OPAMP ZER-DRIFT 1CIRC SOT23-5,Electrical Components,OTS,ATLN,WBRK,TRUE,Lunar Energy,12604,0,0,0,0,1,Unrestricted,12604
09-11-2026,CM: Celestica MX,10-0012083MS,10-001208,IC BAT LIFEPO4/LI-ION 3-16C TQFP,Electrical Components,OTS,Monterrey Prod,1000,FALSE,Celestica,-2,0,1.31,-2.62,0,0,Unrestricted,-2
09-11-2026,Lunar Netsuite,10-001208,10-001208,IC BAT LIFEPO4/LI-ION 3-16C TQFP,Electrical Components,OTS,JIT - Reno,NS,FALSE,Lunar Energy,47000,0,1.3175,61922.5,0,0,Unrestricted,47000
09-11-2026,CM: Celestica MX,10-0012123MS,10-001212,12-Channel Multicell Battery Monitor AEC-Q,Electrical Components,OTS,Monterrey Prod,1000,FALSE,Celestica,-2,0,5.19,-10.38,0,0,Unrestricted,-2
09-11-2026,Lunar Netsuite,10-001212,10-001212,12-Channel Multicell Battery Monitor AEC-Q,Electrical Components,OTS,CA - Ravendale,NS,FALSE,Lunar Energy,6250,0,5.19,32437.5,0,0,Unrestricted,6250
09-11-2026,CM: Sienna GA,10-001217 REV-01,10-001217,IC PSRAM 8MB FLASH SMD,Electrical Components,OTS,ATLN,LINE,FALSE,Sienna Corporation,72,0,1.5,108,0,1,Unrestricted,72
09-11-2026,Lunar Netsuite,10-001217,10-001217,IC PSRAM 8MB FLASH SMD,Electrical Components,OTS,Sienna Corporation - GA,NS,FALSE,Lunar Energy,16250,0,1.6128,26208,0,0,Unrestricted,9750
09-11-2026,CM: Sienna GA,C10-001217 REV-01,10-001217,IC PSRAM 8MB FLASH SMD,Electrical Components,OTS,ATLN,WR52,TRUE,Lunar Energy,5200,0,0,0,0,1,Unrestricted,5200
09-11-2026,CM: Sienna GA,10-001217 REV-01,10-001217,IC PSRAM 8MB FLASH SMD,Electrical Components,OTS,ATLN,MRB,FALSE,Sienna Corporation,0,322,1.5,0,483,1,Restricted,0
09-11-2026,CM: Sienna GA,C10-001217 REV-01,10-001217,IC PSRAM 8MB FLASH SMD,Electrical Components,OTS,ATLN,WR23,TRUE,Lunar Energy,650,0,0,0,0,1,Unrestricted,650
09-11-2026,CM: Sienna GA,C10-001217 REV-01,10-001217,IC PSRAM 8MB FLASH SMD,Electrical Components,OTS,ATLN,WS51,TRUE,Lunar Energy,4550,0,0,0,0,1,Unrestricted,4550
09-11-2026,CM: Sienna GA,10-001217 REV-01,10-001217,IC PSRAM 8MB FLASH SMD,Electrical Components,OTS,ATLN,RIQC,FALSE,Sienna Corporation,47367,0,1.5,71050.5,0,1,Unrestricted,47367
09-11-2026,CM: Qualitel WA,814L-10-001217,10-001217,IC PSRAM 8MB FLASH SMD,Electrical Components,OTS,"Seattle, WA",Stock,FALSE,Qualitel,2307,0,1.06,2445.42,0,0,Unrestricted,2307
09-11-2026,CM: Sienna GA,C10-001217 REV-01,10-001217,IC PSRAM 8MB FLASH SMD,Electrical Components,OTS,ATLN,WS22,TRUE,Lunar Energy,2600,0,0,0,0,1,Unrestricted,2600
09-11-2026,CM: Sienna GA,10-001217 REV-01,10-001217,IC PSRAM 8MB FLASH SMD,Electrical Components,OTS,ATLN,PAMS,FALSE,Sienna Corporation,2650,0,1.5,3975,0,1,Unrestricted,2650
09-11-2026,CM: Sienna GA,C10-001217 REV-01,10-001217,IC PSRAM 8MB FLASH SMD,Electrical Components,OTS,ATLN,WR72,TRUE,Lunar Energy,3250,0,0,0,0,1,Unrestricted,3250
09-11-2026,CM: Sienna GA,10-001227 REV-01,10-001227,RES SMD 220 OHM 1% 2W 2512 AEC-Q,Electrical Components,OTS,ATLN,LINE,FALSE,Sienna Corporation,5687,0,0.13,739.31,0,1,Unrestricted,5687
09-11-2026,CM: Sienna GA,10-001227 REV-01,10-001227,RES SMD 220 OHM 1% 2W 2512 AEC-Q,Electrical Components,OTS,ATLN,LPAC,FALSE,Sienna Corporation,8808,0,0.13,1145.04,0,1,Unrestricted,8808
09-11-2026,CM: Sienna GA,10-001227 REV-01,10-001227,RES SMD 220 OHM 1% 2W 2512 AEC-Q,Electrical Components,OTS,ATLN,MAIN,FALSE,Sienna Corporation,16000,0,0.13,2080,0,1,Unrestricted,16000
09-11-2026,Lunar Netsuite,10-001227,10-001227,RES SMD 220 OHM 1% 2W 2512 AEC-Q,Electrical Components,OTS,JIT - Reno,NS,FALSE,Lunar Energy,148000,0,0.11,16280,0,0,Unrestricted,148000
09-11-2026,Lunar Netsuite,10-001227,10-001227,RES SMD 220 OHM 1% 2W 2512 AEC-Q,Electrical Components,OTS,CCL (Computer Components Ltd),NS,FALSE,Lunar Energy,528000,0,0.11,58080,0,0,Unrestricted,528000
09-11-2026,CM: Sienna GA,10-001227 REV-01,10-001227,RES SMD 220 OHM 1% 2W 2512 AEC-Q,Electrical Components,OTS,ATLN,RIQC,FALSE,Sienna Corporation,8000,0,0.13,1040,0,1,Unrestricted,8000
09-11-2026,CM: Sienna GA,10-001228 REV-01,10-001228,CAP 10UF 25V X7S 0805 SOFT TERMINATION,Electrical Components,OTS,ATLN,MAIN,FALSE,Sienna Corporation,6000,0,0.136,816,0,1,Unrestricted,6000
09-11-2026,CM: Qualitel WA,814L-10-001228,10-001228,CAP 10UF 25V X7S 0805 SOFT TERMINATION,Electrical Components,OTS,"Seattle, WA",Stock,FALSE,Qualitel,4751,0,0.158,750.658,0,0,Unrestricted,4751
09-11-2026,CM: Sienna GA,10-001228 REV-01,10-001228,CAP 10UF 25V X7S 0805 SOFT TERMINATION,Electrical Components,OTS,ATLN,LINE,FALSE,Sienna Corporation,7113,0,0.136,967.368,0,1,Unrestricted,7113
09-11-2026,Lunar Netsuite,10-001229,10-001229,DIODE SCHOTTKY 30V 2A SOD123W,Electrical Components,OTS,CCL (Computer Components Ltd),NS,FALSE,Lunar Energy,105000,0,0.0585,6142.5,0,0,Unrestricted,105000
09-11-2026,CM: Qualitel WA,814L-10-001229,10-001229,DIODE SCHOTTKY 30V 2A SOD123W,Electrical Components,OTS,"Seattle, WA",Stock,FALSE,Qualitel,3653,0,0.0522,190.6866,0,0,Unrestricted,3653
09-11-2026,CM: Sienna GA,10-001230 REV-1,10-001230,RES SMD 49.9 OHM 1% 0.33W 0402 AEC-Q,Electrical Components,OTS,ATLN,MAIN,FALSE,Sienna Corporation,10000,0,0.0081,81,0,1,Unrestricted,10000
09-11-2026,CM: Qualitel WA,814L-10-001230,10-001230,RES SMD 49.9 OHM 1% 0.33W 0402 AEC-Q,Electrical Components,OTS,"Seattle, WA",Stock,FALSE,Qualitel,8741,0,0.0077,67.3057,0,0,Unrestricted,8741
09-11-2026,CM: Sienna GA,10-001230 REV-1,10-001230,RES SMD 49.9 OHM 1% 0.33W 0402 AEC-Q,Electrical Components,OTS,ATLN,LINE,FALSE,Sienna Corporation,23405,0,0.0081,189.5805,0,1,Unrestricted,23405
09-11-2026,Lunar Netsuite,10-001238,10-001238,IC GATE DRVR HALF-BRIDGE 12WLCSP,Electrical Components,OTS,CCL (Computer Components Ltd),NS,FALSE,Lunar Energy,831000,0,0.8111,674024.1,0,0,Unrestricted,831000
09-11-2026,CM: Qualitel WA,814L-10-001239,10-001239,PCB Terminal Block 3-Pole,Electrical Components,OTS,"Seattle, WA",Stock,FALSE,Qualitel,6745,0,6.69,45124.05,0,0,Unrestricted,6745
09-11-2026,CM: Sienna GA,10-001239 REV-01,10-001239,PCB Terminal Block 3-Pole,Electrical Components,OTS,ATLN,LINE,FALSE,Sienna Corporation,1514,0,5.23,7918.22,0,1,Unrestricted,1514
09-11-2026,Lunar Netsuite,10-001239,10-001239,PCB Terminal Block 3-Pole,Electrical Components,OTS,JIT - Reno,NS,FALSE,Lunar Energy,6180,0,5.23,32321.4,0,0,Unrestricted,6180
09-11-2026,CM: Sienna GA,C10-001239 REV-01,10-001239,PCB Terminal Block 3-Pole,Electrical Components,OTS,ATLN,WS42,TRUE,Lunar Energy,80,0,0,0,0,1,Unrestricted,80
09-11-2026,CM: Sienna GA,10-001239 REV-01,10-001239,PCB Terminal Block 3-Pole,Electrical Components,OTS,ATLN,RA64,FALSE,Sienna Corporation,1822,0,5.23,9529.06,0,1,Unrestricted,1822
09-11-2026,Lunar Netsuite,10-001239,10-001239,PCB Terminal Block 3-Pole,Electrical Components,OTS,Sienna Corporation - GA,NS,FALSE,Lunar Energy,1039,0,5.23,5433.97,0,0,Unrestricted,426
09-11-2026,CM: Sienna GA,10-001239 REV-01,10-001239,PCB Terminal Block 3-Pole,Electrical Components,OTS,ATLN,RA54,FALSE,Sienna Corporation,80,0,5.23,418.4,0,1,Unrestricted,80
09-11-2026,CM: Sienna GA,C10-001239 REV-01,10-001239,PCB Terminal Block 3-Pole,Electrical Components,OTS,ATLN,WR14,TRUE,Lunar Energy,949,0,0,0,0,1,Unrestricted,949
09-11-2026,CM: Sienna GA,C10-001239 REV-01,10-001239,PCB Terminal Block 3-Pole,Electrical Components,OTS,ATLN,WS52,TRUE,Lunar Energy,10,0,0,0,0,1,Unrestricted,10
09-11-2026,CM: Sienna GA,10-001246 REV-07,10-001246,"Tray,Blower,Inverter",Assembly,MTS,ATLN,RIQC,FALSE,Sienna Corporation,780,0,0,0,0,7,Unrestricted,780
09-11-2026,CM: Sienna GA,10-001246 REV-07,10-001246,"Tray,Blower,Inverter",Assembly,MTS,ATLN,LINE,FALSE,Sienna Corporation,463,0,0,0,0,7,Unrestricted,463
09-11-2026,CM: Sienna GA,10-001246 REV-07,10-001246,"Tray,Blower,Inverter",Assembly,MTS,ATLN,MRB,FALSE,Sienna Corporation,0,1,0,0,0,7,Restricted,0
09-11-2026,CM: Sienna GA,10-001246 REV-07,10-001246,"Tray,Blower,Inverter",Assembly,MTS,ATLN,RR87,FALSE,Sienna Corporation,1129,0,0,0,0,7,Unrestricted,1129
09-11-2026,CM: Sienna GA,10-001246 REV-07,10-001246,"Tray,Blower,Inverter",Assembly,MTS,ATLN,RQ93,FALSE,Sienna Corporation,239,0,0,0,0,7,Unrestricted,239
09-11-2026,CM: Qualitel WA,814L-10-001247,10-001247,PCB TERMINAL BLOCK; LEVER; 16 MM,Electrical Components,OTS,"Seattle, WA",Stock,FALSE,Qualitel,6495,0,2.49,16172.55,0,0,Unrestricted,6495
09-11-2026,Lunar Netsuite,10-001247,10-001247,PCB TERMINAL BLOCK; LEVER; 16 MM,Electrical Components,OTS,JIT - Reno,NS,FALSE,Lunar Energy,3850,0,3.75,14437.5,0,0,Unrestricted,2250
09-11-2026,CM: Sienna GA,10-001247 REV-01,10-001247,PCB TERMINAL BLOCK; LEVER; 16 MM,Electrical Components,OTS,ATLN,MAIN,FALSE,Sienna Corporation,2000,0,4.05,8100,0,1,Unrestricted,2000
09-11-2026,Lunar Netsuite,10-001247,10-001247,PCB TERMINAL BLOCK; LEVER; 16 MM,Electrical Components,OTS,NexGen Digital Inc,NS,FALSE,Lunar Energy,5129,0,3.75,19233.75,0,0,Unrestricted,5129
09-11-2026,CM: Sienna GA,C10-001247 REV-01,10-001247,PCB TERMINAL BLOCK; LEVER; 16 MM,Electrical Components,OTS,ATLN,WS22,TRUE,Lunar Energy,265,0,0,0,0,1,Unrestricted,265
09-11-2026,Lunar Netsuite,10-001247,10-001247,PCB TERMINAL BLOCK; LEVER; 16 MM,Electrical Components,OTS,Sienna Corporation - GA,NS,FALSE,Lunar Energy,1366,0,3.75,5122.5,0,0,Unrestricted,1366
09-11-2026,CM: Sienna GA,C10-001247 REV-01,10-001247,PCB TERMINAL BLOCK; LEVER; 16 MM,Electrical Components,OTS,ATLN,WTA1,TRUE,Lunar Energy,651,0,0,0,0,1,Unrestricted,651
09-11-2026,CM: Sienna GA,10-001247 REV-01,10-001247,PCB TERMINAL BLOCK; LEVER; 16 MM,Electrical Components,OTS,ATLN,LINE,FALSE,Sienna Corporation,624,0,4.05,2527.2,0,1,Unrestricted,624
09-11-2026,CM: Sienna GA,C10-001247 REV-01,10-001247,PCB TERMINAL BLOCK; LEVER; 16 MM,Electrical Components,OTS,ATLN,WS21,TRUE,Lunar Energy,450,0,0,0,0,1,Unrestricted,450
09-11-2026,CM: Sienna GA,10-001247 REV-01,10-001247,PCB TERMINAL BLOCK; LEVER; 16 MM,Electrical Components,OTS,ATLN,RH13,FALSE,Sienna Corporation,3000,0,4.05,12150,0,1,Unrestricted,3000
09-11-2026,CM: Sienna GA,10-001267 REV-07,10-001267,"Enclosure, Top, Maximizer",Part,MTS,ATLN,LINE,FALSE,Sienna Corporation,251,0,1.17,293.67,0,7,Unrestricted,251
09-11-2026,Lunar Netsuite,10-001267,10-001267,"Enclosure, Top, Maximizer",Part,MTS,JIT - Reno,NS,FALSE,Lunar Energy,40,0,0,0,0,0,Unrestricted,40
09-11-2026,CM: Sienna GA,10-001267 REV-07,10-001267,"Enclosure, Top, Maximizer",Part,MTS,ATLN,MRB,FALSE,Sienna Corporation,0,1,1.17,0,1.17,7,Restricted,0
09-11-2026,CM: Sienna GA,10-001269 REV-04,10-001269,"Mounting Bracket, Maximizer",Part,MTS,ATLN,RL53,FALSE,Sienna Corporation,2300,0,0.94,2162,0,4,Unrestricted,2300
09-11-2026,CM: Sienna GA,10-001269 REV-04,10-001269,"Mounting Bracket, Maximizer",Part,MTS,ATLN,LINE,FALSE,Sienna Corporation,1079,0,0.94,1014.26,0,4,Unrestricted,1079
09-11-2026,CM: Sienna GA,10-001269 REV-04,10-001269,"Mounting Bracket, Maximizer",Part,MTS,ATLN,RR91,FALSE,Sienna Corporation,6400,0,0.94,6016,0,4,Unrestricted,6400
09-11-2026,CM: Sienna GA,10-001269 REV-04,10-001269,"Mounting Bracket, Maximizer",Part,MTS,ATLN,RIQC,FALSE,Sienna Corporation,8318,0,0.94,7818.92,0,4,Unrestricted,8318
09-11-2026,CM: Sienna GA,10-001269 REV-04,10-001269,"Mounting Bracket, Maximizer",Part,MTS,ATLN,MRB,FALSE,Sienna Corporation,0,4,0.94,0,3.76,4,Restricted,0
09-11-2026,CM: Sienna GA,10-001271 REV-09,10-001271,"MC4 Pigtail, Male, 200mm",Part,MTS,ATLN,MRB,FALSE,Sienna Corporation,0,1,1.23,0,1.23,9,Restricted,0
09-11-2026,Lunar Netsuite,10-001271,10-001271,"MC4 Pigtail, Male, 200mm",Part,MTS,Sienna Corporation - GA,NS,FALSE,Lunar Energy,536,0,1.5759,844.6824,0,0,Unrestricted,0
09-11-2026,CM: Sienna GA,10-001271 REV-09,10-001271,"MC4 Pigtail, Male, 200mm",Part,MTS,ATLN,RK55,FALSE,Sienna Corporation,10000,0,1.23,12300,0,9,Unrestricted,10000
09-11-2026,CM: Sienna GA,10-001271 REV-10,10-001271,"MC4 Pigtail, Male, 200mm",Part,MTS,ATLN,LINE,FALSE,Sienna Corporation,4372,0,1.23,5377.56,0,10,Unrestricted,4372
09-11-2026,CM: Sienna GA,C10-001271(P2) REV-06,10-001271,"MC4 Pigtail, Male, 200mm",Part,MTS,ATLN,WHS2,TRUE,Lunar Energy,536,0,0,0,0,6,Unrestricted,536
09-11-2026,CM: Sienna GA,10-001271 REV-10,10-001271,"MC4 Pigtail, Male, 200mm",Part,MTS,ATLN,RIQC,FALSE,Sienna Corporation,2466,0,1.23,3033.18,0,10,Unrestricted,2466
09-11-2026,CM: Sienna GA,10-001271 REV-09,10-001271,"MC4 Pigtail, Male, 200mm",Part,MTS,ATLN,RIQC,FALSE,Sienna Corporation,19519,0,1.23,24008.37,0,9,Unrestricted,19519
09-11-2026,Lunar Netsuite,10-001271,10-001271,"MC4 Pigtail, Male, 200mm",Part,MTS,JIT - Reno,NS,FALSE,Lunar Energy,550,0,1.29,709.5,0,0,Unrestricted,550
09-11-2026,CM: Sienna GA,10-001272 REV-09,10-001272,"MC4 Pigtail, Female, 200mm",Part,MTS,ATLN,RIQC,FALSE,Sienna Corporation,6838,0,1.26,8615.88,0,9,Unrestricted,6838
09-11-2026,CM: Sienna GA,10-001272 REV-05,10-001272,"MC4 Pigtail, Female, 200mm",Part,MTS,ATLN,WHS2,FALSE,Sienna Corporation,0,0,1.26,0,0,5,Unrestricted,0
09-11-2026,Lunar Netsuite,10-001272,10-001272,"MC4 Pigtail, Female, 200mm",Part,MTS,JIT - Reno,NS,FALSE,Lunar Energy,550,0,1.29,709.5,0,0,Unrestricted,550
09-11-2026,CM: Sienna GA,10-001272 REV-08,10-001272,"MC4 Pigtail, Female, 200mm",Part,MTS,ATLN,RIQC,FALSE,Sienna Corporation,15922,0,1.26,20061.72,0,8,Unrestricted,15922
09-11-2026,CM: Sienna GA,10-001272 REV-08,10-001272,"MC4 Pigtail, Female, 200mm",Part,MTS,ATLN,MRB,FALSE,Sienna Corporation,0,1,1.26,0,1.26,8,Restricted,0
09-11-2026,CM: Sienna GA,C10-001272(P2) REV-05,10-001272,"MC4 Pigtail, Female, 200mm",Part,MTS,ATLN,WHS2,TRUE,Lunar Energy,615,0,0,0,0,5,Unrestricted,615
09-11-2026,CM: Sienna GA,10-001272 REV-08,10-001272,"MC4 Pigtail, Female, 200mm",Part,MTS,ATLN,LINE,FALSE,Sienna Corporation,575,0,1.26,724.5,0,8,Unrestricted,575
09-11-2026,Lunar Netsuite,10-001272,10-001272,"MC4 Pigtail, Female, 200mm",Part,MTS,Sienna Corporation - GA,NS,FALSE,Lunar Energy,615,0,1.6401,1008.6615,0,0,Unrestricted,615
09-11-2026,CM: Sienna GA,10-001272 REV-08,10-001272,"MC4 Pigtail, Female, 200mm",Part,MTS,ATLN,RQ34,FALSE,Sienna Corporation,10000,0,1.26,12600,0,8,Unrestricted,10000
09-11-2026,CM: Sienna GA,10-001277 REV-01,10-001277,CAP CER 2.2UF 100V X7R 1206,Electrical Components,OTS,ATLN,LINE,FALSE,Sienna Corporation,83587,0,0.067,5600.329,0,1,Unrestricted,83587
09-11-2026,CM: Sienna GA,10-001277 REV-01,10-001277,CAP CER 2.2UF 100V X7R 1206,Electrical Components,OTS,ATLN,MAIN,FALSE,Sienna Corporation,84000,0,0.067,5628,0,1,Unrestricted,84000
09-11-2026,Lunar Netsuite,10-001277,10-001277,CAP CER 2.2UF 100V X7R 1206,Electrical Components,OTS,JIT - Reno,NS,FALSE,Lunar Energy,1400,0,0.189,264.6,0,0,Unrestricted,1400
09-11-2026,CM: Celestica MX,10-0012863MS,10-001286,IC GATE DRVR HALF-BRIDGE HI SPD,Electrical Components,OTS,Monterrey Prod,1000,FALSE,Celestica,48,0,0.857,41.136,0,0,Unrestricted,48
09-11-2026,CM: Qualitel WA,814L-10-001286,10-001286,IC GATE DRVR HALF-BRIDGE HI SPD,Electrical Components,OTS,"Seattle, WA",Stock,FALSE,Qualitel,118649,0,0.75,88986.75,0,0,Unrestricted,118649
09-11-2026,Lunar Netsuite,10-001286,10-001286,IC GATE DRVR HALF-BRIDGE HI SPD,Electrical Components,OTS,JIT - Reno,NS,FALSE,Lunar Energy,87648,0,0.7614,66735.1872,0,0,Unrestricted,3648
09-11-2026,Lunar Netsuite,10-001303,10-001303,"50-MV INPUT, PRECISION REINFORCE",Electrical Components,OTS,JIT - Reno,NS,FALSE,Lunar Energy,2140,0,2.3088,4940.832,0,0,Unrestricted,2140
09-11-2026,CM: Qualitel WA,814L-10-001314,10-001314,IC GATE AND 2CH 2-INP SM8,Electrical Components,OTS,"Seattle, WA",Stock,FALSE,Qualitel,3672,0,0.17,624.24,0,0,Unrestricted,3672
09-11-2026,CM: Sienna GA,10-001319 REV-01,10-001319,IC REG LIN POS ADJ 200MA TSOT23,Electrical Components,OTS,ATLN,LINE,FALSE,Sienna Corporation,1367,0,0.578,790.126,0,1,Unrestricted,1367
09-11-2026,Lunar Netsuite,10-001319,10-001319,IC REG LIN POS ADJ 200MA TSOT23,Electrical Components,OTS,Sienna Corporation - GA,NS,FALSE,Lunar Energy,20994,0,1.9684,41324.5896,0,0,Unrestricted,20994
09-11-2026,CM: Sienna GA,10-001319 REV-01,10-001319,IC REG LIN POS ADJ 200MA TSOT23,Electrical Components,OTS,ATLN,RIQC,FALSE,Sienna Corporation,11999,0,0.578,6935.422,0,1,Unrestricted,11999
09-11-2026,CM: Qualitel WA,814L-10-001319,10-001319,IC REG LIN POS ADJ 200MA TSOT23,Electrical Components,OTS,"Seattle, WA",Stock,FALSE,Qualitel,6848,0,0.741,5074.368,0,0,Unrestricted,6848
09-11-2026,CM: Sienna GA,C10-001319 REV-01,10-001319,IC REG LIN POS ADJ 200MA TSOT23,Electrical Components,OTS,ATLN,WBRK,TRUE,Lunar Energy,8995,0,0,0,0,1,Unrestricted,8995
09-11-2026,Lunar Netsuite,10-001319,10-001319,IC REG LIN POS ADJ 200MA TSOT23,Electrical Components,OTS,JIT - Reno,NS,FALSE,Lunar Energy,18000,0,1.9684,35431.2,0,0,Unrestricted,18000
09-11-2026,CM: Sienna GA,10-001323 REV-01,10-001323,IC REG LINEAR 3.3V 450MA 5TSOP AEC-Q,Electrical Components,OTS,ATLN,MAIN,FALSE,Sienna Corporation,3000,0,0.333,999,0,1,Unrestricted,3000
09-11-2026,Lunar Netsuite,10-001323,10-001323,IC REG LINEAR 3.3V 450MA 5TSOP AEC-Q,Electrical Components,OTS,JIT - Reno,NS,FALSE,Lunar Energy,1000,0,0.5422,542.2,0,0,Unrestricted,1000
09-11-2026,CM: Sienna GA,10-001323 REV-01,10-001323,IC REG LINEAR 3.3V 450MA 5TSOP AEC-Q,Electrical Components,OTS,ATLN,LINE,FALSE,Sienna Corporation,3995,0,0.333,1330.335,0,1,Unrestricted,3995
09-11-2026,CM: Qualitel WA,814L-10-001323,10-001323,IC REG LINEAR 3.3V 450MA 5TSOP AEC-Q,Electrical Components,OTS,"Seattle, WA",Stock,FALSE,Qualitel,7036,0,0.333,2342.988,0,0,Unrestricted,7036
09-11-2026,CM: Sienna GA,10-001325 REV-01,10-001325,IC REG LINEAR 5V 200MA TSOT23-5,Electrical Components,OTS,ATLN,LINE,FALSE,Sienna Corporation,1858,0,0.549,1020.042,0,1,Unrestricted,1858
09-11-2026,CM: Qualitel WA,814L-10-001325,10-001325,IC REG LINEAR 5V 200MA TSOT23-5,Electrical Components,OTS,"Seattle, WA",Stock,FALSE,Qualitel,1756,0,0.714,1253.784,0,0,Unrestricted,1756
09-11-2026,CM: Sienna GA,10-001325 REV-01,10-001325,IC REG LINEAR 5V 200MA TSOT23-5,Electrical Components,OTS,ATLN,MAIN,FALSE,Sienna Corporation,3000,0,0.549,1647,0,1,Unrestricted,3000
09-11-2026,Lunar Netsuite,10-001331,10-001331,IC VREF SHUNT 2% SOT23,Electrical Components,OTS,CCL (Computer Components Ltd),NS,FALSE,Lunar Energy,6000,0,0.22,1320,0,0,Unrestricted,6000
09-11-2026,Lunar Netsuite,10-001337,10-001337,XMC4400F100K512BAXQMA1,Electrical Components,OTS,Avnet,NS,FALSE,Lunar Energy,7856,0,4.7,36923.2,0,0,Unrestricted,7183
09-11-2026,Lunar Netsuite,10-001337,10-001337,XMC4400F100K512BAXQMA1,Electrical Components,OTS,JIT - Reno,NS,FALSE,Lunar Energy,234,0,4.7,1099.8,0,0,Unrestricted,234
09-11-2026,CM: Qualitel WA,814L-10-001337,10-001337,XMC4400F100K512BAXQMA1,Electrical Components,OTS,"Seattle, WA",Stock,FALSE,Qualitel,3840,0,4.83,18547.2,0,0,Unrestricted,3840
09-11-2026,CM: Sienna GA,10-001337 REV-01,10-001337,XMC4400F100K512BAXQMA1,Electrical Components,OTS,ATLN,LINE,FALSE,Sienna Corporation,1031,0,4.7,4845.7,0,1,Unrestricted,1031
09-11-2026,CM: Sienna GA,10-001337 REV-01,10-001337,XMC4400F100K512BAXQMA1,Electrical Components,OTS,ATLN,MAIN,FALSE,Sienna Corporation,1800,0,4.7,8460,0,1,Unrestricted,1800
09-11-2026,Lunar Netsuite,10-001337,10-001337,XMC4400F100K512BAXQMA1,Electrical Components,OTS,NexGen Digital Inc,NS,FALSE,Lunar Energy,42919,0,4.7,201719.3,0,0,Unrestricted,42919
09-11-2026,CM: Sienna GA,10-001337 REV-01,10-001337,XMC4400F100K512BAXQMA1,Electrical Components,OTS,ATLN,RIQC,FALSE,Sienna Corporation,1347,0,4.7,6330.9,0,1,Unrestricted,1347
09-11-2026,CM: Celestica MX,10-0013533MS,10-001353,TRANS NPN 80V 1A SOT223 AEC-Q,Electrical Components,OTS,Monterrey Prod,1000,FALSE,Celestica,27,0,0.077,2.079,0,0,Unrestricted,27
09-11-2026,CM: Qualitel WA,814L-10-001353,10-001353,TRANS NPN 80V 1A SOT223 AEC-Q,Electrical Components,OTS,"Seattle, WA",Stock,FALSE,Qualitel,18210,0,0.0965,1757.265,0,0,Unrestricted,18210
09-11-2026,Lunar Netsuite,10-001353,10-001353,TRANS NPN 80V 1A SOT223 AEC-Q,Electrical Components,OTS,JIT - Reno,NS,FALSE,Lunar Energy,44000,0,0.0758,3335.2,0,0,Unrestricted,44000
09-11-2026,Lunar Netsuite,10-001353,10-001353,TRANS NPN 80V 1A SOT223 AEC-Q,Electrical Components,OTS,Avnet,NS,FALSE,Lunar Energy,29000,0,0.077,2233,0,0,Unrestricted,29000
09-11-2026,Lunar Netsuite,10-001355,10-001355,MOSFET N CH 30V 3.5A 2-3Z1A,Electrical Components,OTS,JIT - Reno,NS,FALSE,Lunar Energy,2000,0,0.1045,209,0,0,Unrestricted,2000
09-11-2026,CM: Celestica MX,10-0013553MS,10-001355,MOSFET N CH 30V 3.5A 2-3Z1A,Electrical Components,OTS,Monterrey Prod,1000,FALSE,Celestica,-4,0,0.0533,-0.2132,0,0,Unrestricted,-4
09-11-2026,CM: Qualitel WA,814L-10-001361,10-001361,MOSFET N-CH 80V 120A D2PAK,Electrical Components,OTS,"Seattle, WA",MRB,FALSE,Qualitel,0,225,1.37,0,308.25,0,Restricted,0
09-11-2026,Lunar Netsuite,10-001361,10-001361,MOSFET N-CH 80V 120A D2PAK,Electrical Components,OTS,Avnet,NS,FALSE,Lunar Energy,39000,0,1.37,53430,0,0,Unrestricted,39000
09-11-2026,CM: Qualitel WA,814L-10-001361,10-001361,MOSFET N-CH 80V 120A D2PAK,Electrical Components,OTS,"Seattle, WA",PO Inspection,FALSE,Qualitel,0,225,1.37,0,308.25,0,Restricted,0
09-11-2026,CM: Celestica MX,10-0013613MS,10-001361,MOSFET N-CH 80V 120A D2PAK,Electrical Components,OTS,Monterrey Prod,1000,FALSE,Celestica,350,0,1.7073,597.555,0,0,Unrestricted,350
09-11-2026,CM: Qualitel WA,814L-10-001361,10-001361,MOSFET N-CH 80V 120A D2PAK,Electrical Components,OTS,"Seattle, WA",Stock,FALSE,Qualitel,55376,0,1.37,75865.12,0,0,Unrestricted,55376
09-11-2026,CM: Celestica MX,10-0013693MS,10-001369,MOSFET N-CH 600V 23A 8HSOF,Electrical Components,OTS,Monterrey Prod,1000,FALSE,Celestica,-4,0,3.9553,-15.8212,0,0,Unrestricted,-4
09-11-2026,Lunar Netsuite,10-001369,10-001369,MOSFET N-CH 600V 23A 8HSOF,Electrical Components,OTS,Avnet,NS,FALSE,Lunar Energy,2000,0,3.3,6600,0,0,Unrestricted,2000
09-11-2026,Lunar Netsuite,10-001369,10-001369,MOSFET N-CH 600V 23A 8HSOF,Electrical Components,OTS,JIT - Reno,NS,FALSE,Lunar Energy,51166,0,3.3,168847.8,0,0,Unrestricted,4166
09-11-2026,CM: Qualitel WA,814L-10-001369,10-001369,MOSFET N-CH 600V 23A 8HSOF,Electrical Components,OTS,"Seattle, WA",Stock,FALSE,Qualitel,14680,0,3.3,48444,0,0,Unrestricted,14680
09-11-2026,CM: Sienna GA,C10-001374 REV-01,10-001374,GANFET N-CH 80V 90A DIE AEC-Q,Electrical Components,OTS,ATLN,WR61,TRUE,Lunar Energy,7500,0,0,0,0,1,Unrestricted,7500
09-11-2026,CM: Sienna GA,10-001374 REV-01,10-001374,GANFET N-CH 80V 90A DIE AEC-Q,Electrical Components,OTS,ATLN,LINE,FALSE,Sienna Corporation,65536,0,1.89,123863.04,0,1,Unrestricted,65536
09-11-2026,CM: Sienna GA,C10-001374 REV-01,10-001374,GANFET N-CH 80V 90A DIE AEC-Q,Electrical Components,OTS,ATLN,WS11,TRUE,Lunar Energy,86,0,0,0,0,1,Unrestricted,86
09-11-2026,CM: Sienna GA,C10-001374 REV-01,10-001374,GANFET N-CH 80V 90A DIE AEC-Q,Electrical Components,OTS,ATLN,WHS2,TRUE,Lunar Energy,76000,0,0,0,0,1,Unrestricted,76000
09-11-2026,CM: Sienna GA,C10-001374 REV-01,10-001374,GANFET N-CH 80V 90A DIE AEC-Q,Electrical Components,OTS,ATLN,WR42,TRUE,Lunar Energy,37500,0,0,0,0,1,Unrestricted,37500
09-11-2026,CM: Sienna GA,10-001374 REV-01,10-001374,GANFET N-CH 80V 90A DIE AEC-Q,Electrical Components,OTS,ATLN,PAMS,FALSE,Sienna Corporation,2500,0,1.89,4725,0,1,Unrestricted,2500
09-11-2026,CM: Sienna GA,10-001374 REV-01,10-001374,GANFET N-CH 80V 90A DIE AEC-Q,Electrical Components,OTS,ATLN,RIQC,FALSE,Sienna Corporation,47500,0,1.89,89775,0,1,Unrestricted,47500
09-11-2026,Lunar Netsuite,10-001374,10-001374,GANFET N-CH 80V 90A DIE AEC-Q,Electrical Components,OTS,Sienna Corporation - GA,NS,FALSE,Lunar Energy,148586,0,1.9661,292134.9346,0,0,Unrestricted,130000
09-11-2026,CM: Sienna GA,C10-001374 REV-01,10-001374,GANFET N-CH 80V 90A DIE AEC-Q,Electrical Components,OTS,ATLN,WS61,TRUE,Lunar Energy,5000,0,0,0,0,1,Unrestricted,5000
09-11-2026,Lunar Netsuite,10-001374,10-001374,GANFET N-CH 80V 90A DIE AEC-Q,Electrical Components,OTS,JIT - Reno,NS,FALSE,Lunar Energy,172761,0,1.9572,338127.8292,0,0,Unrestricted,142761
09-11-2026,CM: Sienna GA,C10-001374 REV-01,10-001374,GANFET N-CH 80V 90A DIE AEC-Q,Electrical Components,OTS,ATLN,WR41,TRUE,Lunar Energy,3500,0,0,0,0,1,Unrestricted,3500
09-11-2026,CM: Sienna GA,C10-001374 REV-01,10-001374,GANFET N-CH 80V 90A DIE AEC-Q,Electrical Components,OTS,ATLN,WR43,TRUE,Lunar Energy,6000,0,0,0,0,1,Unrestricted,6000
09-11-2026,CM: Sienna GA,C10-001374 REV-01,10-001374,GANFET N-CH 80V 90A DIE AEC-Q,Electrical Components,OTS,ATLN,WS81,TRUE,Lunar Energy,3500,0,0,0,0,1,Unrestricted,3500
09-11-2026,CM: Sienna GA,C10-001374 REV-01,10-001374,GANFET N-CH 80V 90A DIE AEC-Q,Electrical Components,OTS,ATLN,WS42,TRUE,Lunar Energy,9500,0,0,0,0,1,Unrestricted,9500
09-11-2026,CM: Sienna GA,10-001375 REV-01,10-001375,RES 16K OHM 1% 1/10W 0603,Electrical Components,OTS,ATLN,LINE,FALSE,Sienna Corporation,8208,0,0.01,82.08,0,1,Unrestricted,8208
09-11-2026,CM: Qualitel WA,814L-10-001375,10-001375,RES 16K OHM 1% 1/10W 0603,Electrical Components,OTS,"Seattle, WA",Stock,FALSE,Qualitel,27159,0,0.0018,48.8862,0,0,Unrestricted,27159
09-11-2026,CM: Sienna GA,10-001375 REV-01,10-001375,RES 16K OHM 1% 1/10W 0603,Electrical Components,OTS,ATLN,MAIN,FALSE,Sienna Corporation,4000,0,0.01,40,0,1,Unrestricted,4000
09-11-2026,CM: Sienna GA,10-001376 REV-01,10-001376,RES 4.7K OHM 5% 1/10W 0603,Electrical Components,OTS,ATLN,LINE,FALSE,Sienna Corporation,20298,0,0.0012,24.3576,0,1,Unrestricted,20298
09-11-2026,CM: Qualitel WA,814L-10-001376,10-001376,RES 4.7K OHM 5% 1/10W 0603,Electrical Components,OTS,"Seattle, WA",Stock,FALSE,Qualitel,135062,0,0.001,135.062,0,0,Unrestricted,135062
09-11-2026,CM: Sienna GA,10-001376 REV-01,10-001376,RES 4.7K OHM 5% 1/10W 0603,Electrical Components,OTS,ATLN,MAIN,FALSE,Sienna Corporation,45000,0,0.0012,54,0,1,Unrestricted,45000
09-11-2026,Lunar Netsuite,10-001388,10-001388,CONN HEADER SMD 3POS 2.54MM,Electrical Components,OTS,Sienna Corporation - GA,NS,FALSE,Lunar Energy,320,0,0.434,138.88,0,0,Unrestricted,0
09-11-2026,CM: Sienna GA,C10-001388 REV-01,10-001388,CONN HEADER SMD 3POS 2.54MM,Electrical Components,OTS,ATLN,WU15,TRUE,Lunar Energy,320,0,0,0,0,1,Unrestricted,320
09-11-2026,Lunar Netsuite,10-001388,10-001388,CONN HEADER SMD 3POS 2.54MM,Electrical Components,OTS,CCL (Computer Components Ltd),NS,FALSE,Lunar Energy,86400,0,0.434,37497.6,0,0,Unrestricted,86400
09-11-2026,Lunar Netsuite,10-001388,10-001388,CONN HEADER SMD 3POS 2.54MM,Electrical Components,OTS,CA - Ravendale,NS,FALSE,Lunar Energy,640,0,1.5356,982.784,0,0,Unrestricted,640
09-11-2026,Lunar Netsuite,10-001389,10-001389,TERM REDCUBE M4 4PIN PCB,Electrical Components,OTS,CCL (Computer Components Ltd),NS,FALSE,Lunar Energy,54199,0,0.6742,36540.9658,0,0,Unrestricted,54199
09-11-2026,Lunar Netsuite,10-001391,10-001391,CONN HEADER R/A 24POS 2.54MM,Electrical Components,OTS,CCL (Computer Components Ltd),NS,FALSE,Lunar Energy,15804,0,1.206,19059.624,0,0,Unrestricted,15804
09-11-2026,Lunar Netsuite,10-001395,10-001395,CONN HEADER VERT 8POS AEC-Q,Electrical Components,OTS,JIT - Reno,NS,FALSE,Lunar Energy,2578,0,2.49,6419.22,0,0,Unrestricted,2078
09-11-2026,CM: Celestica MX,10-0013953MS,10-001395,CONN HEADER VERT 8POS AEC-Q,Electrical Components,OTS,Monterrey Prod,1000,FALSE,Celestica,58,0,2.49,144.42,0,0,Unrestricted,58
09-11-2026,CM: Qualitel WA,814L-10-001395,10-001395,CONN HEADER VERT 8POS AEC-Q,Electrical Components,OTS,"Seattle, WA",Stock,FALSE,Qualitel,12161,0,2.58,31375.38,0,0,Unrestricted,12161
09-11-2026,Lunar Netsuite,10-001398,10-001398,CONN HEADER SMD R/A 4POS 3MM,Electrical Components,OTS,CCL (Computer Components Ltd),NS,FALSE,Lunar Energy,22145,0,0.4,8858,0,0,Unrestricted,22145
09-11-2026,Lunar Netsuite,10-001401,10-001401,CONN HEADER SMD 6POS 2.54MM,Electrical Components,OTS,Sienna Corporation - GA,NS,FALSE,Lunar Energy,440,0,0.638,280.72,0,0,Unrestricted,440
09-11-2026,Lunar Netsuite,10-001401,10-001401,CONN HEADER SMD 6POS 2.54MM,Electrical Components,OTS,CCL (Computer Components Ltd),NS,FALSE,Lunar Energy,42240,0,0.6381,26953.344,0,0,Unrestricted,42240
09-11-2026,Lunar Netsuite,10-001401,10-001401,CONN HEADER SMD 6POS 2.54MM,Electrical Components,OTS,JIT - Reno,NS,FALSE,Lunar Energy,1760,0,0.638,1122.88,0,0,Unrestricted,760
09-11-2026,CM: Sienna GA,C10-001401 REV-01,10-001401,CONN HEADER SMD 6POS 2.54MM,Electrical Components,OTS,ATLN,WR74,TRUE,Lunar Energy,440,0,0,0,0,1,Unrestricted,440
09-11-2026,CM: Celestica MX,10-0014033MS,10-001403,CONN TERM PIN SOLDER 3.6MM,Electrical Components,OTS,Monterrey Prod,1000,FALSE,Celestica,-18,0,1.04,-18.72,0,0,Unrestricted,-18
09-11-2026,Lunar Netsuite,10-001403,10-001403,CONN TERM PIN SOLDER 3.6MM,Electrical Components,OTS,Avnet,NS,FALSE,Lunar Energy,144796,0,1.04,150587.84,0,0,Unrestricted,144796
09-11-2026,Lunar Netsuite,10-001403,10-001403,CONN TERM PIN SOLDER 3.6MM,Electrical Components,OTS,NexGen Digital Inc,NS,FALSE,Lunar Energy,14679,0,1.04,15266.16,0,0,Unrestricted,14679
09-11-2026,Lunar Netsuite,10-001403,10-001403,CONN TERM PIN SOLDER 3.6MM,Electrical Components,OTS,JIT - Reno,NS,FALSE,Lunar Energy,1000,0,1.04,1040,0,0,Unrestricted,1000
09-11-2026,Lunar Netsuite,10-001404,10-001404,CONN HEADER SMD 4POS 2.54MM,Electrical Components,OTS,CCL (Computer Components Ltd),NS,FALSE,Lunar Energy,65840,0,0.333,21924.72,0,0,Unrestricted,65840
09-11-2026,CM: Sienna GA,10-001409 REV-01,10-001409,CONN HEADER SMD 6POS 2.5MM,Electrical Components,OTS,ATLN,LINE,FALSE,Sienna Corporation,161,0,0.868,139.748,0,1,Unrestricted,161
09-11-2026,CM: Sienna GA,10-001409 REV-01,10-001409,CONN HEADER SMD 6POS 2.5MM,Electrical Components,OTS,ATLN,RIQC,FALSE,Sienna Corporation,2500,0,0.868,2170,0,1,Unrestricted,2500
09-11-2026,CM: Sienna GA,10-001409 REV-01,10-001409,CONN HEADER SMD 6POS 2.5MM,Electrical Components,OTS,ATLN,MAIN,FALSE,Sienna Corporation,2400,0,0.868,2083.2,0,1,Unrestricted,2400
09-11-2026,Lunar Netsuite,10-001409,10-001409,CONN HEADER SMD 6POS 2.5MM,Electrical Components,OTS,JIT - Reno,NS,FALSE,Lunar Energy,8700,0,0.8696,7565.52,0,0,Unrestricted,8700
09-11-2026,Lunar Netsuite,10-001411,10-001411,CONN HEADER SMD 4POS 2.5MM,Electrical Components,OTS,JIT - Reno,NS,FALSE,Lunar Energy,300,0,1.9429,582.87,0,0,Unrestricted,300
09-11-2026,Lunar Netsuite,10-001414,10-001414,DIODE ZENER 10V 500MW SOD123 AEC-Q,Electrical Components,OTS,JIT - Reno,NS,FALSE,Lunar Energy,9693,0,0.0387,375.1191,0,0,Unrestricted,9693
09-11-2026,CM: Sienna GA,10-001414 REV-01,10-001414,DIODE ZENER 10V 500MW SOD123 AEC-Q,Electrical Components,OTS,ATLN,LINE,FALSE,Sienna Corporation,4585,0,0.0373,171.0205,0,1,Unrestricted,4585
09-11-2026,CM: Celestica MX,10-0014143MS,10-001414,DIODE ZENER 10V 500MW SOD123 AEC-Q,Electrical Components,OTS,Monterrey Prod,1000,FALSE,Celestica,-2,0,0.0373,-0.0746,0,0,Unrestricted,-2
09-11-2026,CM: Sienna GA,10-001414 REV-01,10-001414,DIODE ZENER 10V 500MW SOD123 AEC-Q,Electrical Components,OTS,ATLN,RIQC,FALSE,Sienna Corporation,3000,0,0.0373,111.9,0,1,Unrestricted,3000
09-11-2026,CM: Qualitel WA,814L-10-001414,10-001414,DIODE ZENER 10V 500MW SOD123 AEC-Q,Electrical Components,OTS,"Seattle, WA",Stock,FALSE,Qualitel,16834,0,0.0373,627.9082,0,0,Unrestricted,16834
09-11-2026,Lunar Netsuite,10-001420,10-001420,CONN SMA JACK STR 50OHM PCB,Electrical Components,OTS,CA - Ravendale,NS,FALSE,Lunar Energy,75,0,0,0,0,0,Unrestricted,75
09-11-2026,Lunar Netsuite,10-001429,10-001429,CONN HEADER VERT 4POS 2.5MM,Electrical Components,OTS,CCL (Computer Components Ltd),NS,FALSE,Lunar Energy,21600,0,0.16,3456,0,0,Unrestricted,21600
09-11-2026,CM: Qualitel WA,814L-10-001434,10-001434,CRYSTAL 12.0000MHZ 8PF SMD,Electrical Components,OTS,"Seattle, WA",Stock,FALSE,Qualitel,21306,0,0.129,2748.474,0,0,Unrestricted,21306
09-11-2026,Lunar Netsuite,10-001434,10-001434,CRYSTAL 12.0000MHZ 8PF SMD,Electrical Components,OTS,JIT - Reno,NS,FALSE,Lunar Energy,3245,0,0.14,454.3,0,0,Unrestricted,0
09-11-2026,CM: Celestica MX,10-0014343MS,10-001434,CRYSTAL 12.0000MHZ 8PF SMD,Electrical Components,OTS,Monterrey Prod,1000,FALSE,Celestica,-2,0,0.1421,-0.2842,0,0,Unrestricted,-2
09-11-2026,CM: Celestica MX,10-0014373MS,10-001437,DIODE RECT 100V 20A DPAK,Electrical Components,OTS,Monterrey Prod,1000,FALSE,Celestica,-2,0,0.27,-0.54,0,0,Unrestricted,-2
09-11-2026,CM: Sienna GA,10-001437 REV-1,10-001437,DIODE RECT 100V 20A DPAK,Electrical Components,OTS,ATLN,MAIN,FALSE,Sienna Corporation,2500,0,0.27,675,0,1,Unrestricted,2500
09-11-2026,CM: Qualitel WA,814L-10-001437,10-001437,DIODE RECT 100V 20A DPAK,Electrical Components,OTS,"Seattle, WA",Stock,FALSE,Qualitel,18517,0,0.274,5073.658,0,0,Unrestricted,18517
09-11-2026,Lunar Netsuite,10-001437,10-001437,DIODE RECT 100V 20A DPAK,Electrical Components,OTS,JIT - Reno,NS,FALSE,Lunar Energy,82500,0,0.27,22275,0,0,Unrestricted,62500
09-11-2026,CM: Sienna GA,10-001437 REV-1,10-001437,DIODE RECT 100V 20A DPAK,Electrical Components,OTS,ATLN,LINE,FALSE,Sienna Corporation,2582,0,0.27,697.14,0,1,Unrestricted,2582
09-11-2026,Lunar Netsuite,10-001437,10-001437,DIODE RECT 100V 20A DPAK,Electrical Components,OTS,CCL (Computer Components Ltd),NS,FALSE,Lunar Energy,91667,0,0.27,24750.09,0,0,Unrestricted,91667
09-11-2026,CM: Sienna GA,10-001439 REV-01,10-001439,CURRENT SENSOR W/OVERCURRENT FAU,Electrical Components,OTS,ATLN,MAIN,FALSE,Sienna Corporation,10490,0,0.3706,3887.594,0,1,Unrestricted,10490
09-11-2026,CM: Sienna GA,10-001439 REV-01,10-001439,CURRENT SENSOR W/OVERCURRENT FAU,Electrical Components,OTS,ATLN,LINE,FALSE,Sienna Corporation,41904,0,0.3706,15529.6224,0,1,Unrestricted,41904
09-11-2026,CM: Sienna GA,10-001439 REV-01,10-001439,CURRENT SENSOR W/OVERCURRENT FAU,Electrical Components,OTS,ATLN,RIQC,FALSE,Sienna Corporation,37500,0,0.3706,13897.5,0,1,Unrestricted,37500
09-11-2026,CM: Sienna GA,C10-001439 REV-01,10-001439,CURRENT SENSOR W/OVERCURRENT FAU,Electrical Components,OTS,ATLN,WBRK,TRUE,Lunar Energy,36384,0,0,0,0,1,Unrestricted,36384
09-11-2026,Lunar Netsuite,10-001439,10-001439,CURRENT SENSOR W/OVERCURRENT FAU,Electrical Components,OTS,Sienna Corporation - GA,NS,FALSE,Lunar Energy,36384,0,0.3134,11402.7456,0,0,Unrestricted,30384
09-11-2026,CM: Sienna GA,C10-001440 REV-01,10-001440,IC OPAMP GP 2 CIRCUIT 8TSSOP,Electrical Components,OTS,ATLN,WR72,TRUE,Lunar Energy,4000,0,0,0,0,1,Unrestricted,4000
09-11-2026,Lunar Netsuite,10-001440,10-001440,IC OPAMP GP 2 CIRCUIT 8TSSOP,Electrical Components,OTS,JIT - Reno,NS,FALSE,Lunar Energy,6000,0,0.0546,327.6,0,0,Unrestricted,6000
09-11-2026,CM: Sienna GA,C10-001440 REV-01,10-001440,IC OPAMP GP 2 CIRCUIT 8TSSOP,Electrical Components,OTS,ATLN,WS52,TRUE,Lunar Energy,22000,0,0,0,0,1,Unrestricted,22000
09-11-2026,CM: Sienna GA,10-001440 REV-01,10-001440,IC OPAMP GP 2 CIRCUIT 8TSSOP,Electrical Components,OTS,ATLN,MAIN,FALSE,Sienna Corporation,143,0,0.054,7.722,0,1,Unrestricted,143
09-11-2026,Lunar Netsuite,10-001440,10-001440,IC OPAMP GP 2 CIRCUIT 8TSSOP,Electrical Components,OTS,Sienna Corporation - GA,NS,FALSE,Lunar Energy,99994,0,0.0618,6179.6292,0,0,Unrestricted,72000
09-11-2026,CM: Sienna GA,C10-001440 REV-01,10-001440,IC OPAMP GP 2 CIRCUIT 8TSSOP,Electrical Components,OTS,ATLN,WS51,TRUE,Lunar Energy,26000,0,0,0,0,1,Unrestricted,26000
09-11-2026,CM: Sienna GA,10-001440 REV-01,10-001440,IC OPAMP GP 2 CIRCUIT 8TSSOP,Electrical Components,OTS,ATLN,RIQC,FALSE,Sienna Corporation,30000,0,0.054,1620,0,1,Unrestricted,30000
09-11-2026,CM: Sienna GA,C10-001440 REV-01,10-001440,IC OPAMP GP 2 CIRCUIT 8TSSOP,Electrical Components,OTS,ATLN,WT11,TRUE,Lunar Energy,34000,0,0,0,0,1,Unrestricted,34000
09-11-2026,CM: Sienna GA,C10-001440 REV-01,10-001440,IC OPAMP GP 2 CIRCUIT 8TSSOP,Electrical Components,OTS,ATLN,WBRK,TRUE,Lunar Energy,1994,0,0,0,0,1,Unrestricted,1994
09-11-2026,CM: Sienna GA,10-001440 REV-01,10-001440,IC OPAMP GP 2 CIRCUIT 8TSSOP,Electrical Components,OTS,ATLN,LINE,FALSE,Sienna Corporation,41372,0,0.054,2234.088,0,1,Unrestricted,41372
09-11-2026,CM: Sienna GA,C10-001440 REV-01,10-001440,IC OPAMP GP 2 CIRCUIT 8TSSOP,Electrical Components,OTS,ATLN,WR61,TRUE,Lunar Energy,12000,0,0,0,0,1,Unrestricted,12000
09-11-2026,CM: Sienna GA,10-001440 REV-01,10-001440,IC OPAMP GP 2 CIRCUIT 8TSSOP,Electrical Components,OTS,ATLN,LPAC,FALSE,Sienna Corporation,19857,0,0.054,1072.278,0,1,Unrestricted,19857
09-11-2026,CM: Sienna GA,10-001451 REV-.01,10-001451,Flat Wire Inductor,Electrical Components,OTS,ATLN,LPAC,FALSE,Sienna Corporation,320,0,0,0,0,,Unrestricted,320
09-11-2026,Lunar Netsuite,10-001453,10-001453,Analog Comparators LV Comparator 0.07mA 1.7mV 10nA 23mA,Electrical Components,OTS,JIT - Reno,NS,FALSE,Lunar Energy,9735,0,0.09,876.15,0,0,Unrestricted,7235
09-11-2026,CM: Sienna GA,10-001453 REV-01,10-001453,Analog Comparators LV Comparator 0.07mA 1.7mV 10nA 23mA,Electrical Components,OTS,ATLN,MAIN,FALSE,Sienna Corporation,2506,0,0.09,225.54,0,1,Unrestricted,2506
09-11-2026,CM: Qualitel WA,814L-10-001453,10-001453,Analog Comparators LV Comparator 0.07mA 1.7mV 10nA 23mA,Electrical Components,OTS,"Seattle, WA",Stock,FALSE,Qualitel,8443,0,0.0865,730.3195,0,0,Unrestricted,8443
09-11-2026,CM: Sienna GA,10-001453 REV-01,10-001453,Analog Comparators LV Comparator 0.07mA 1.7mV 10nA 23mA,Electrical Components,OTS,ATLN,LINE,FALSE,Sienna Corporation,2751,0,0.09,247.59,0,1,Unrestricted,2751
09-11-2026,CM: Celestica MX,10-0014683MS,10-001468,"Harness,Ground,Frame",Part,MTS,Monterrey Prod,1000,FALSE,Celestica,-4,0,0.6809,-2.7236,0,0,Unrestricted,-4
09-11-2026,Lunar Netsuite,10-001471,10-001471,RES 10 OHM 1% 1/10W 0603,Electrical Components,OTS,CA - Ravendale,NS,FALSE,Lunar Energy,10000,0,0.0027,27,0,0,Unrestricted,10000
09-11-2026,CM: Qualitel WA,814L-10-001471,10-001471,RES 10 OHM 1% 1/10W 0603,Electrical Components,OTS,"Seattle, WA",MRB,FALSE,Qualitel,0,5000,0.0027,0,13.5,0,Restricted,0
09-11-2026,CM: Qualitel WA,814L-10-001471,10-001471,RES 10 OHM 1% 1/10W 0603,Electrical Components,OTS,"Seattle, WA",PO Inspection,FALSE,Qualitel,0,5000,0.0027,0,13.5,0,Restricted,0
09-11-2026,CM: Qualitel WA,814L-10-001471,10-001471,RES 10 OHM 1% 1/10W 0603,Electrical Components,OTS,"Seattle, WA",Stock,FALSE,Qualitel,73559,0,0.0027,198.6093,0,0,Unrestricted,73559
09-11-2026,CM: Qualitel WA,814L-10-001480,10-001480,"Screw,6-19xPLAST 48/2, 0.5"",BHT T-15,T/F,Steel,ZnNi BC",Part,OTS,"Seattle, WA",Stock,FALSE,Qualitel,71925,0,0.01,719.25,0,0,Unrestricted,71925
09-11-2026,CM: Celestica MX,10-0014803MS,10-001480,"Screw,6-19xPLAST 48/2, 0.5"",BHT T-15,T/F,Steel,ZnNi BC",Part,OTS,Monterrey Prod,1000,FALSE,Celestica,1141,0,0.0191,21.7931,0,0,Unrestricted,1141
09-11-2026,CM: Sienna GA,10-001480 REV-02,10-001480,"Screw,6-19xPLAST 48/2, 0.5"",BHT T-15,T/F,Steel,ZnNi BC",Part,OTS,ATLN,LINE,FALSE,Sienna Corporation,14989,0,0.0092,137.8988,0,2,Unrestricted,14989
09-11-2026,CM: Sienna GA,10-001480 REV-02,10-001480,"Screw,6-19xPLAST 48/2, 0.5"",BHT T-15,T/F,Steel,ZnNi BC",Part,OTS,ATLN,RQ72,FALSE,Sienna Corporation,53000,0,0.0092,487.6,0,2,Unrestricted,53000
09-11-2026,CM: Sienna GA,10-001480 REV-02,10-001480,"Screw,6-19xPLAST 48/2, 0.5"",BHT T-15,T/F,Steel,ZnNi BC",Part,OTS,ATLN,MAIN,FALSE,Sienna Corporation,18000,0,0.0092,165.6,0,2,Unrestricted,18000
09-11-2026,CM: Celestica MX,10-0015083MS,10-001508,"Insulator,Busbar,Battery Block",Part,MTS,Monterrey Prod,1000,FALSE,Celestica,-2,0,0.19,-0.38,0,0,Unrestricted,-2
09-11-2026,CM: Sienna GA,10-001515 REV-01,10-001515,"Grommet,Vibration Damping,4mm Shldr,Shore 40A,High Temp",Part,OTS,ATLN,MAIN,FALSE,Sienna Corporation,10061,0,0.395,3974.095,0,1,Unrestricted,10061
09-11-2026,CM: Sienna GA,10-001515 REV-01,10-001515,"Grommet,Vibration Damping,4mm Shldr,Shore 40A,High Temp",Part,OTS,ATLN,LINE,FALSE,Sienna Corporation,4381,0,0.395,1730.495,0,1,Unrestricted,4381
09-11-2026,CM: Sienna GA,10-001525 REV-01,10-001525,FIXED IND 33UH 1.1A 286 MOHM SMD,Electrical Components,OTS,ATLN,LINE,FALSE,Sienna Corporation,16078,0,0.08,1286.24,0,1,Unrestricted,16078
09-11-2026,CM: Sienna GA,10-001525 REV-01,10-001525,FIXED IND 33UH 1.1A 286 MOHM SMD,Electrical Components,OTS,ATLN,RIQC,FALSE,Sienna Corporation,38000,0,0.08,3040,0,1,Unrestricted,38000
09-11-2026,CM: Sienna GA,10-001525 REV-01,10-001525,FIXED IND 33UH 1.1A 286 MOHM SMD,Electrical Components,OTS,ATLN,MAIN,FALSE,Sienna Corporation,8000,0,0.08,640,0,1,Unrestricted,8000
09-11-2026,CM: Sienna GA,10-001527 REV-09,10-001527,"MC4 Pigtail, Male, 1250mm",Part,MTS,ATLN,RIQC,FALSE,Sienna Corporation,13000,0,1.94,25220,0,9,Unrestricted,13000
09-11-2026,CM: Sienna GA,10-001527 REV-09,10-001527,"MC4 Pigtail, Male, 1250mm",Part,MTS,ATLN,RQ35,FALSE,Sienna Corporation,972,0,1.94,1885.68,0,9,Unrestricted,972
09-11-2026,CM: Sienna GA,10-001527 REV-09,10-001527,"MC4 Pigtail, Male, 1250mm",Part,MTS,ATLN,RK45,FALSE,Sienna Corporation,3000,0,1.94,5820,0,9,Unrestricted,3000
09-11-2026,CM: Sienna GA,10-001527 REV-09,10-001527,"MC4 Pigtail, Male, 1250mm",Part,MTS,ATLN,RJ24,FALSE,Sienna Corporation,3000,0,1.94,5820,0,9,Unrestricted,3000
09-11-2026,CM: Sienna GA,10-001527 REV-09,10-001527,"MC4 Pigtail, Male, 1250mm",Part,MTS,ATLN,LINE,FALSE,Sienna Corporation,2885,0,1.94,5596.9,0,9,Unrestricted,2885
09-11-2026,CM: Sienna GA,10-001527 REV-09,10-001527,"MC4 Pigtail, Male, 1250mm",Part,MTS,ATLN,RK35,FALSE,Sienna Corporation,3000,0,1.94,5820,0,9,Unrestricted,3000
09-11-2026,CM: Sienna GA,10-001527 REV-09,10-001527,"MC4 Pigtail, Male, 1250mm",Part,MTS,ATLN,LPAC,FALSE,Sienna Corporation,680,0,1.94,1319.2,0,9,Unrestricted,680
09-11-2026,CM: Sienna GA,10-001527 REV-09,10-001527,"MC4 Pigtail, Male, 1250mm",Part,MTS,ATLN,RQ25,FALSE,Sienna Corporation,3000,0,1.94,5820,0,9,Unrestricted,3000
09-11-2026,Lunar Netsuite,10-001527,10-001527,"MC4 Pigtail, Male, 1250mm",Part,MTS,JIT - Reno,NS,FALSE,Lunar Energy,550,0,1.29,709.5,0,0,Unrestricted,550
09-11-2026,CM: Sienna GA,10-001527 REV-10,10-001527,"MC4 Pigtail, Male, 1250mm",Part,MTS,ATLN,RIQC,FALSE,Sienna Corporation,6838,0,1.94,13265.72,0,10,Unrestricted,6838
09-11-2026,CM: Sienna GA,10-001528 REV-08,10-001528,"MC4 Pigtail, Female, 1250mm",Part,MTS,ATLN,RQ36,FALSE,Sienna Corporation,3000,0,1.97,5910,0,8,Unrestricted,3000
09-11-2026,Lunar Netsuite,10-001528,10-001528,"MC4 Pigtail, Female, 1250mm",Part,MTS,JIT - Reno,NS,FALSE,Lunar Energy,550,0,1.29,709.5,0,0,Unrestricted,550
09-11-2026,CM: Sienna GA,10-001528 REV-08,10-001528,"MC4 Pigtail, Female, 1250mm",Part,MTS,ATLN,RJ63,FALSE,Sienna Corporation,3000,0,1.97,5910,0,8,Unrestricted,3000
09-11-2026,CM: Sienna GA,10-001528 REV-08,10-001528,"MC4 Pigtail, Female, 1250mm",Part,MTS,ATLN,MRB,FALSE,Sienna Corporation,0,1,1.97,0,1.97,8,Restricted,0
09-11-2026,CM: Sienna GA,10-001528 REV-08,10-001528,"MC4 Pigtail, Female, 1250mm",Part,MTS,ATLN,RL56,FALSE,Sienna Corporation,3000,0,1.97,5910,0,8,Unrestricted,3000
09-11-2026,CM: Sienna GA,10-001528 REV-08,10-001528,"MC4 Pigtail, Female, 1250mm",Part,MTS,ATLN,RIQC,FALSE,Sienna Corporation,12801,0,1.97,25217.97,0,8,Unrestricted,12801
09-11-2026,CM: Sienna GA,10-001528 REV-08,10-001528,"MC4 Pigtail, Female, 1250mm",Part,MTS,ATLN,RQ34,FALSE,Sienna Corporation,1000,0,1.97,1970,0,8,Unrestricted,1000
09-11-2026,CM: Sienna GA,10-001528 REV-08,10-001528,"MC4 Pigtail, Female, 1250mm",Part,MTS,ATLN,RJ13,FALSE,Sienna Corporation,3000,0,1.97,5910,0,8,Unrestricted,3000
09-11-2026,CM: Sienna GA,10-001528 REV-08,10-001528,"MC4 Pigtail, Female, 1250mm",Part,MTS,ATLN,RK25,FALSE,Sienna Corporation,3000,0,1.97,5910,0,8,Unrestricted,3000
09-11-2026,CM: Sienna GA,10-001528 REV-09,10-001528,"MC4 Pigtail, Female, 1250mm",Part,MTS,ATLN,LINE,FALSE,Sienna Corporation,3000,0,1.97,5910,0,9,Unrestricted,3000
09-11-2026,Lunar Netsuite,10-001535,10-001535,CAP CER 0.1UF 25V X7R 0603,Electrical Components,OTS,CCL (Computer Components Ltd),NS,FALSE,Lunar Energy,12000,0,0.0173,207.6,0,0,Unrestricted,12000
09-11-2026,CM: Sienna GA,10-001545 REV-01,10-001545,RES 499 OHM 1% 1/10W 0603 AEC-Q,Electrical Components,OTS,ATLN,MAIN,FALSE,Sienna Corporation,3220,0,0.0017,5.474,0,1,Unrestricted,3220
09-11-2026,Lunar Netsuite,10-001548,10-001548,RES 0 OHM JUMPER 1/10W 0603,Electrical Components,OTS,JIT - Reno,NS,FALSE,Lunar Energy,940000,0,0.0013,1222,0,0,Unrestricted,700000
09-11-2026,CM: Qualitel WA,814L-10-001548,10-001548,RES 0 OHM JUMPER 1/10W 0603,Electrical Components,OTS,"Seattle, WA",Stock,FALSE,Qualitel,27114,0,0.0007,18.9798,0,0,Unrestricted,27114
09-11-2026,CM: Sienna GA,10-001548 REV-01,10-001548,RES 0 OHM JUMPER 1/10W 0603,Electrical Components,OTS,ATLN,LINE,FALSE,Sienna Corporation,79622,0,0.0013,103.5086,0,1,Unrestricted,79622
09-11-2026,Lunar Netsuite,10-001548,10-001548,RES 0 OHM JUMPER 1/10W 0603,Electrical Components,OTS,NexGen Digital Inc,NS,FALSE,Lunar Energy,1150000,0,0.0013,1495,0,0,Unrestricted,1150000
09-11-2026,CM: Sienna GA,10-001548 REV-01,10-001548,RES 0 OHM JUMPER 1/10W 0603,Electrical Components,OTS,ATLN,RIQC,FALSE,Sienna Corporation,189067,0,0.0013,245.7871,0,1,Unrestricted,189067
09-11-2026,CM: Qualitel WA,814L-10-001560,10-001560,WL-SMCW SMT MONO-COLOR CHIP LED,Electrical Components,OTS,"Seattle, WA",Stock,FALSE,Qualitel,13855,0,0.072,997.56,0,0,Unrestricted,13855
09-11-2026,Lunar Netsuite,10-001560,10-001560,WL-SMCW SMT MONO-COLOR CHIP LED,Electrical Components,OTS,CCL (Computer Components Ltd),NS,FALSE,Lunar Energy,295600,0,0.072,21283.2,0,0,Unrestricted,295600
09-11-2026,CM: Sienna GA,10-001560 REV-01,10-001560,WL-SMCW SMT MONO-COLOR CHIP LED,Electrical Components,OTS,ATLN,LINE,FALSE,Sienna Corporation,4194,0,0.072,301.968,0,1,Unrestricted,4194
09-11-2026,Lunar Netsuite,10-001560,10-001560,WL-SMCW SMT MONO-COLOR CHIP LED,Electrical Components,OTS,JIT - Reno,NS,FALSE,Lunar Energy,16000,0,0.072,1152,0,0,Unrestricted,12000
09-11-2026,CM: Sienna GA,10-001560 REV-01,10-001560,WL-SMCW SMT MONO-COLOR CHIP LED,Electrical Components,OTS,ATLN,RIQC,FALSE,Sienna Corporation,12000,0,0.072,864,0,1,Unrestricted,12000
09-11-2026,Lunar Netsuite,10-001563,10-001563,RES SMD 39K OHM 5% 2W 2512,Electrical Components,OTS,CCL (Computer Components Ltd),NS,FALSE,Lunar Energy,16000,0,0.0997,1595.2,0,0,Unrestricted,16000
09-11-2026,CM: Qualitel WA,814L-10-001570,10-001570,RES 4.99K OHM 1% 1/10W 0603 AEC-Q,Electrical Components,OTS,"Seattle, WA",Stock,FALSE,Qualitel,23066,0,0.0014,32.2924,0,0,Unrestricted,23066
09-11-2026,CM: Sienna GA,10-001570 REV-01,10-001570,RES 4.99K OHM 1% 1/10W 0603 AEC-Q,Electrical Components,OTS,ATLN,LINE,FALSE,Sienna Corporation,29533,0,0.0017,50.2061,0,1,Unrestricted,29533
09-11-2026,Lunar Netsuite,10-001570,10-001570,RES 4.99K OHM 1% 1/10W 0603 AEC-Q,Electrical Components,OTS,JIT - Reno,NS,FALSE,Lunar Energy,1000,0,0.0183,18.3,0,0,Unrestricted,1000
09-11-2026,CM: Sienna GA,10-001571 REV-01,10-001571,CAP CER 39PF 50V C0G/NP0 0603,Electrical Components,OTS,ATLN,LINE,FALSE,Sienna Corporation,60033,0,0.004,240.132,0,1,Unrestricted,60033
09-11-2026,CM: Sienna GA,10-001571 REV-01,10-001571,CAP CER 39PF 50V C0G/NP0 0603,Electrical Components,OTS,ATLN,MAIN,FALSE,Sienna Corporation,20000,0,0.004,80,0,1,Unrestricted,20000
09-11-2026,CM: Sienna GA,10-001571 REV-01,10-001571,CAP CER 39PF 50V C0G/NP0 0603,Electrical Components,OTS,ATLN,PAMS,FALSE,Sienna Corporation,252000,0,0.004,1008,0,1,Unrestricted,252000
09-11-2026,Lunar Netsuite,10-001572,10-001572,RES 249K OHM 1% 1/10W 0603,Electrical Components,OTS,JIT - Reno,NS,FALSE,Lunar Energy,115000,0,0.0014,161,0,0,Unrestricted,115000
09-11-2026,Lunar Netsuite,10-001572,10-001572,RES 249K OHM 1% 1/10W 0603,Electrical Components,OTS,NexGen Digital Inc,NS,FALSE,Lunar Energy,244452,0,0.0014,342.2328,0,0,Unrestricted,244452
09-11-2026,CM: Sienna GA,10-001572 REV-01,10-001572,RES 249K OHM 1% 1/10W 0603,Electrical Components,OTS,ATLN,MAIN,FALSE,Sienna Corporation,150000,0,0.0008,120,0,1,Unrestricted,150000
09-11-2026,CM: Sienna GA,10-001572 REV-01,10-001572,RES 249K OHM 1% 1/10W 0603,Electrical Components,OTS,ATLN,LINE,FALSE,Sienna Corporation,32365,0,0.0008,25.892,0,1,Unrestricted,32365
09-11-2026,Lunar Netsuite,10-001573,10-001573,RES 634K OHM 1% 1/10W 0603,Electrical Components,OTS,CCL (Computer Components Ltd),NS,FALSE,Lunar Energy,344723,0,0.0014,482.6122,0,0,Unrestricted,344723
09-11-2026,CM: Sienna GA,10-001578 REV-1,10-001578,CONN 4P COAX HDR ASSY 180DEG COD A SHORT,Electrical Components,OTS,ATLN,LINE,FALSE,Sienna Corporation,2197,0,10.86,23859.42,0,1,Unrestricted,2197
09-11-2026,CM: Sienna GA,10-001578 REV-1,10-001578,CONN 4P COAX HDR ASSY 180DEG COD A SHORT,Electrical Components,OTS,ATLN,RH23,FALSE,Sienna Corporation,1440,0,10.86,15638.4,0,1,Unrestricted,1440
09-11-2026,CM: Sienna GA,10-001578 REV-1,10-001578,CONN 4P COAX HDR ASSY 180DEG COD A SHORT,Electrical Components,OTS,ATLN,MRB,FALSE,Sienna Corporation,0,16,10.86,0,173.76,1,Restricted,0
09-11-2026,CM: Sienna GA,10-001578 REV-1,10-001578,CONN 4P COAX HDR ASSY 180DEG COD A SHORT,Electrical Components,OTS,ATLN,RI45,FALSE,Sienna Corporation,3360,0,10.86,36489.6,0,1,Unrestricted,3360
09-11-2026,CM: Qualitel WA,814L-10-001580,10-001580,IC CURRENT SENSOR 8TISON AEC-Q,Electrical Components,OTS,"Seattle, WA",Stock,FALSE,Qualitel,12266,0,1.25,15332.5,0,0,Unrestricted,12266
09-11-2026,Lunar Netsuite,10-001580,10-001580,IC CURRENT SENSOR 8TISON AEC-Q,Electrical Components,OTS,Sienna Corporation - GA,NS,FALSE,Lunar Energy,2500,0,1.25,3125,0,0,Unrestricted,0
09-11-2026,CM: Sienna GA,C10-001580 REV-2,10-001580,IC CURRENT SENSOR 8TISON AEC-Q,Electrical Components,OTS,ATLN,WS13,TRUE,Lunar Energy,2500,0,0,0,0,2,Unrestricted,2500
09-11-2026,Lunar Netsuite,10-001580,10-001580,IC CURRENT SENSOR 8TISON AEC-Q,Electrical Components,OTS,Avnet,NS,FALSE,Lunar Energy,5000,0,1.25,6250,0,0,Unrestricted,5000
09-11-2026,CM: Celestica MX,10-0015803MS,10-001580,IC CURRENT SENSOR 8TISON AEC-Q,Electrical Components,OTS,Monterrey Prod,1000,FALSE,Celestica,3,0,2.37,7.11,0,0,Unrestricted,3
09-11-2026,Lunar Netsuite,10-001580,10-001580,IC CURRENT SENSOR 8TISON AEC-Q,Electrical Components,OTS,JIT - Reno,NS,FALSE,Lunar Energy,10510,0,1.3044,13709.244,0,0,Unrestricted,0
09-11-2026,CM: Sienna GA,10-001581 REV-01,10-001581,SPEED & CURRENT SENSORS PG-TISON,Electrical Components,OTS,ATLN,MAIN,FALSE,Sienna Corporation,273,0,2.53,690.69,0,1,Unrestricted,273
09-11-2026,CM: Sienna GA,10-001581 REV-01,10-001581,SPEED & CURRENT SENSORS PG-TISON,Electrical Components,OTS,ATLN,LINE,FALSE,Sienna Corporation,4995,0,2.53,12637.35,0,1,Unrestricted,4995
09-11-2026,CM: Qualitel WA,814L-10-001581,10-001581,SPEED & CURRENT SENSORS PG-TISON,Electrical Components,OTS,"Seattle, WA",Stock,FALSE,Qualitel,4969,0,1.27,6310.63,0,0,Unrestricted,4969
09-11-2026,CM: Qualitel WA,814L-10-001583,10-001583,TERM REDCUBE M3 9PIN PCB,Electrical Components,OTS,"Seattle, WA",Stock,FALSE,Qualitel,32523,0,0.29,9431.67,0,0,Unrestricted,32523
09-11-2026,CM: Sienna GA,10-001583 REV-1,10-001583,TERM REDCUBE M3 9PIN PCB,Electrical Components,OTS,ATLN,LPAC,FALSE,Sienna Corporation,1017,0,0.46,467.82,0,1,Unrestricted,1017
09-11-2026,CM: Sienna GA,10-001583 REV-1,10-001583,TERM REDCUBE M3 9PIN PCB,Electrical Components,OTS,ATLN,MAIN,FALSE,Sienna Corporation,17701,0,0.46,8142.46,0,1,Unrestricted,17701
09-11-2026,Lunar Netsuite,10-001585,10-001585,CONN HEADER VERT 3POS 2.54MM,Electrical Components,OTS,JIT - Reno,NS,FALSE,Lunar Energy,1000,0,0.145,145,0,0,Unrestricted,1000
09-11-2026,CM: Sienna GA,10-001595 REV-01,10-001595,ADDRESS LED DISC SERIAL RGB 1=10,Electrical Components,OTS,ATLN,MAIN,FALSE,Sienna Corporation,6130,0,0.214,1311.82,0,1,Unrestricted,6130
09-11-2026,CM: Sienna GA,10-001595 REV-01,10-001595,ADDRESS LED DISC SERIAL RGB 1=10,Electrical Components,OTS,ATLN,LINE,FALSE,Sienna Corporation,4637,0,0.214,992.318,0,1,Unrestricted,4637
09-11-2026,CM: Sienna GA,10-001598 REV-01,10-001598,RES SMD 1K OHM 1% 1/10W 0603,Electrical Components,OTS,ATLN,MAIN,FALSE,Sienna Corporation,164998,0,0.0012,197.9976,0,1,Unrestricted,164998
09-11-2026,CM: Sienna GA,10-001598 REV-01,10-001598,RES SMD 1K OHM 1% 1/10W 0603,Electrical Components,OTS,ATLN,RIQC,FALSE,Sienna Corporation,80000,0,0.0012,96,0,1,Unrestricted,80000
09-11-2026,Lunar Netsuite,10-001598,10-001598,RES SMD 1K OHM 1% 1/10W 0603,Electrical Components,OTS,JIT - Reno,NS,FALSE,Lunar Energy,840500,0,0.0017,1428.85,0,0,Unrestricted,670500
09-11-2026,CM: Sienna GA,C10-001598 REV-01,10-001598,RES SMD 1K OHM 1% 1/10W 0603,Electrical Components,OTS,ATLN,WT51,TRUE,Lunar Energy,190000,0,0,0,0,1,Unrestricted,190000
09-11-2026,Lunar Netsuite,10-001598,10-001598,RES SMD 1K OHM 1% 1/10W 0603,Electrical Components,OTS,Sienna Corporation - GA,NS,FALSE,Lunar Energy,190000,0,0.0017,323,0,0,Unrestricted,0
09-11-2026,CM: Qualitel WA,814L-10-001598,10-001598,RES SMD 1K OHM 1% 1/10W 0603,Electrical Components,OTS,"Seattle, WA",Stock,FALSE,Qualitel,25000,0,0.0007,17.5,0,0,Unrestricted,25000
09-11-2026,CM: Sienna GA,10-001598 REV-01,10-001598,RES SMD 1K OHM 1% 1/10W 0603,Electrical Components,OTS,ATLN,LINE,FALSE,Sienna Corporation,84718,0,0.0012,101.6616,0,1,Unrestricted,84718
09-11-2026,Lunar Netsuite,10-001598,10-001598,RES SMD 1K OHM 1% 1/10W 0603,Electrical Components,OTS,NexGen Digital Inc,NS,FALSE,Lunar Energy,1135000,0,0.0017,1929.5,0,0,Unrestricted,1135000
09-11-2026,Lunar Netsuite,10-001602,10-001602,RES SMD 115K OHM 1% 1/10W 0603,Electrical Components,OTS,CA - Ravendale,NS,FALSE,Lunar Energy,5000,0,0.0012,6,0,0,Unrestricted,5000
09-11-2026,CM: Qualitel WA,814L-10-001602,10-001602,RES SMD 115K OHM 1% 1/10W 0603,Electrical Components,OTS,"Seattle, WA",Stock,FALSE,Qualitel,51861,0,0.0012,62.2332,0,0,Unrestricted,51861
09-11-2026,CM: Qualitel WA,814L-10-001602,10-001602,RES SMD 115K OHM 1% 1/10W 0603,Electrical Components,OTS,"Seattle, WA",MRB,FALSE,Qualitel,0,100,0.0012,0,0.12,0,Restricted,0
09-11-2026,CM: Qualitel WA,814L-10-001602,10-001602,RES SMD 115K OHM 1% 1/10W 0603,Electrical Components,OTS,"Seattle, WA",PO Inspection,FALSE,Qualitel,0,100,0.0012,0,0.12,0,Restricted,0
09-11-2026,Lunar Netsuite,10-001603,10-001603,CAP CER 10UF 35V X7R 1206,Electrical Components,OTS,JIT - Reno,NS,FALSE,Lunar Energy,7601,0,0.199,1512.599,0,0,Unrestricted,7601
09-11-2026,Lunar Netsuite,10-001603,10-001603,CAP CER 10UF 35V X7R 1206,Electrical Components,OTS,CA - Ravendale,NS,FALSE,Lunar Energy,10770,0,0.3459,3725.343,0,0,Unrestricted,10770
09-11-2026,Lunar Netsuite,10-001610,10-001610,DIODE SCHOTTKY 80V 1A SOD123 AEC-Q,Electrical Components,OTS,JIT - Reno,NS,FALSE,Lunar Energy,39989,0,0.03,1199.67,0,0,Unrestricted,39989
09-11-2026,CM: Sienna GA,10-001610 REV-01,10-001610,DIODE SCHOTTKY 80V 1A SOD123 AEC-Q,Electrical Components,OTS,ATLN,LINE,FALSE,Sienna Corporation,69150,0,0.026,1797.9,0,1,Unrestricted,69150
09-11-2026,CM: Qualitel WA,814L-10-001610,10-001610,DIODE SCHOTTKY 80V 1A SOD123 AEC-Q,Electrical Components,OTS,"Seattle, WA",Stock,FALSE,Qualitel,21230,0,0.026,551.98,0,0,Unrestricted,21230
09-11-2026,CM: Celestica MX,10-0016103MS,10-001610,DIODE SCHOTTKY 80V 1A SOD123 AEC-Q,Electrical Components,OTS,Monterrey Prod,1000,FALSE,Celestica,-6,0,0.0261,-0.1566,0,0,Unrestricted,-6
09-11-2026,CM: Qualitel WA,814L-10-001611,10-001611,DIODE ZENER 16V 500MW SOD123,Electrical Components,OTS,"Seattle, WA",Stock,FALSE,Qualitel,58406,0,0.0119,695.0314,0,0,Unrestricted,58406
09-11-2026,Lunar Netsuite,10-001611,10-001611,DIODE ZENER 16V 500MW SOD123,Electrical Components,OTS,JIT - Reno,NS,FALSE,Lunar Energy,68023,0,0.0148,1006.7404,0,0,Unrestricted,42523
09-11-2026,CM: Sienna GA,C10-001611 REV-1,10-001611,DIODE ZENER 16V 500MW SOD123,Electrical Components,OTS,ATLN,WT51,TRUE,Lunar Energy,2832,0,0,0,0,1,Unrestricted,2832
09-11-2026,CM: Celestica MX,10-0016113MS,10-001611,DIODE ZENER 16V 500MW SOD123,Electrical Components,OTS,Monterrey Prod,1000,FALSE,Celestica,-6,0,0.0113,-0.0678,0,0,Unrestricted,-6
09-11-2026,Lunar Netsuite,10-001611,10-001611,DIODE ZENER 16V 500MW SOD123,Electrical Components,OTS,Sienna Corporation - GA,NS,FALSE,Lunar Energy,2832,0,0.0148,41.9136,0,0,Unrestricted,0
09-11-2026,CM: Sienna GA,10-001622 REV-01,10-001622,CAP CER 0805 1NF 200V C0G 5% AEC-Q,Electrical Components,OTS,ATLN,MAIN,FALSE,Sienna Corporation,4000,0,0.018,72,0,1,Unrestricted,4000
09-11-2026,CM: Qualitel WA,814L-10-001622,10-001622,CAP CER 0805 1NF 200V C0G 5% AEC-Q,Electrical Components,OTS,"Seattle, WA",Stock,FALSE,Qualitel,2743,0,0.0269,73.7867,0,0,Unrestricted,2743
09-11-2026,CM: Sienna GA,10-001622 REV-01,10-001622,CAP CER 0805 1NF 200V C0G 5% AEC-Q,Electrical Components,OTS,ATLN,LINE,FALSE,Sienna Corporation,6437,0,0.018,115.866,0,1,Unrestricted,6437
09-11-2026,Lunar Netsuite,10-001625,10-001625,CAP CER 100PF 630V C0G/NP0 1206 AEC-Q,Electrical Components,OTS,JIT - Reno,NS,FALSE,Lunar Energy,2327,0,0.0986,229.4422,0,0,Unrestricted,2327
09-11-2026,CM: Qualitel WA,814L-10-001625,10-001625,CAP CER 100PF 630V C0G/NP0 1206 AEC-Q,Electrical Components,OTS,"Seattle, WA",Stock,FALSE,Qualitel,3732,0,0.0578,215.7096,0,0,Unrestricted,3732
09-11-2026,CM: Sienna GA,10-001625 REV-01,10-001625,CAP CER 100PF 630V C0G/NP0 1206 AEC-Q,Electrical Components,OTS,ATLN,MAIN,FALSE,Sienna Corporation,5000,0,0.059,295,0,1,Unrestricted,5000
09-11-2026,CM: Sienna GA,10-001625 REV-01,10-001625,CAP CER 100PF 630V C0G/NP0 1206 AEC-Q,Electrical Components,OTS,ATLN,LINE,FALSE,Sienna Corporation,2561,0,0.059,151.099,0,1,Unrestricted,2561
09-11-2026,CM: Sienna GA,10-001634 REV-01,10-001634,RES 8.45K OHM 1% 1/4W 0805 AEC-Q,Electrical Components,OTS,ATLN,LINE,FALSE,Sienna Corporation,6382,0,0.0036,22.9752,0,1,Unrestricted,6382
09-11-2026,CM: Qualitel WA,814L-10-001634,10-001634,RES 8.45K OHM 1% 1/4W 0805 AEC-Q,Electrical Components,OTS,"Seattle, WA",Stock,FALSE,Qualitel,8733,0,0.004,34.932,0,0,Unrestricted,8733
09-11-2026,CM: Sienna GA,C10-001637 REV-01,10-001637,CAP CER 4.7UF 100V X7R 2220,Electrical Components,OTS,ATLN,WR84,TRUE,Lunar Energy,8000,0,0,0,0,1,Unrestricted,8000
09-11-2026,Lunar Netsuite,10-001637,10-001637,CAP CER 4.7UF 100V X7R 2220,Electrical Components,OTS,CCL (Computer Components Ltd),NS,FALSE,Lunar Energy,346000,0,0.698,241508,0,0,Unrestricted,346000
09-11-2026,Lunar Netsuite,10-001637,10-001637,CAP CER 4.7UF 100V X7R 2220,Electrical Components,OTS,Sienna Corporation - GA,NS,FALSE,Lunar Energy,8000,0,0.698,5584,0,0,Unrestricted,0
09-11-2026,CM: Sienna GA,10-001641 REV-02,10-001641,CAP CER 22UF 25V X7R 1210,Electrical Components,OTS,ATLN,MAIN,FALSE,Sienna Corporation,54963,0,0.14,7694.82,0,2,Unrestricted,54963
09-11-2026,CM: Sienna GA,10-001641 REV-02,10-001641,CAP CER 22UF 25V X7R 1210,Electrical Components,OTS,ATLN,LINE,FALSE,Sienna Corporation,16000,0,0.14,2240,0,2,Unrestricted,16000
09-11-2026,Lunar Netsuite,10-001641,10-001641,CAP CER 22UF 25V X7R 1210,Electrical Components,OTS,Sienna Corporation - GA,NS,FALSE,Lunar Energy,8000,0,0.1882,1505.6,0,0,Unrestricted,0
09-11-2026,CM: Sienna GA,C10-001641 REV-02,10-001641,CAP CER 22UF 25V X7R 1210,Electrical Components,OTS,ATLN,WT63,TRUE,Lunar Energy,8000,0,0,0,0,2,Unrestricted,8000
09-11-2026,CM: Sienna GA,10-001641 REV-02,10-001641,CAP CER 22UF 25V X7R 1210,Electrical Components,OTS,ATLN,LPAC,FALSE,Sienna Corporation,6077,0,0.14,850.78,0,2,Unrestricted,6077
09-11-2026,CM: Qualitel WA,814L-10-001641,10-001641,CAP CER 22UF 25V X7R 1210,Electrical Components,OTS,"Seattle, WA",Stock,FALSE,Qualitel,80214,0,0.093,7459.902,0,0,Unrestricted,80214
09-11-2026,Lunar Netsuite,10-001641,10-001641,CAP CER 22UF 25V X7R 1210,Electrical Components,OTS,Avnet,NS,FALSE,Lunar Energy,8000,0,0.188,1504,0,0,Unrestricted,8000
09-11-2026,CM: Sienna GA,10-001641 REV-02,10-001641,CAP CER 22UF 25V X7R 1210,Electrical Components,OTS,ATLN,PAMS,FALSE,Sienna Corporation,12000,0,0.14,1680,0,2,Unrestricted,12000
09-11-2026,Lunar Netsuite,10-001643,10-001643,TVS DIODE 30VWM 48.4VC SOD123FL AEC-Q,Electrical Components,OTS,NexGen Digital Inc,NS,FALSE,Lunar Energy,51516,0,0.0984,5069.1744,0,0,Unrestricted,51516
09-11-2026,CM: Sienna GA,C10-001643 REV-1,10-001643,TVS DIODE 30VWM 48.4VC SOD123FL AEC-Q,Electrical Components,OTS,ATLN,WR34,TRUE,Lunar Energy,330,0,0,0,0,1,Unrestricted,330
09-11-2026,Lunar Netsuite,10-001643,10-001643,TVS DIODE 30VWM 48.4VC SOD123FL AEC-Q,Electrical Components,OTS,Sienna Corporation - GA,NS,FALSE,Lunar Energy,330,0,0.0984,32.472,0,0,Unrestricted,0
09-11-2026,Lunar Netsuite,10-001643,10-001643,TVS DIODE 30VWM 48.4VC SOD123FL AEC-Q,Electrical Components,OTS,JIT - Reno,NS,FALSE,Lunar Energy,158660,0,0.0928,14723.648,0,0,Unrestricted,158660
09-11-2026,CM: Celestica MX,10-0016433MS,10-001643,TVS DIODE 30VWM 48.4VC SOD123FL AEC-Q,Electrical Components,OTS,Monterrey Prod,1000,FALSE,Celestica,-4,0,0.118,-0.472,0,0,Unrestricted,-4
09-11-2026,CM: Celestica MX,10-0016443MS,10-001644,FUSE BOARD MNT 2A 63VAC/VDC 1206,Electrical Components,OTS,Monterrey Prod,1000,FALSE,Celestica,-2,0,0.2875,-0.575,0,0,Unrestricted,-2
09-11-2026,CM: Qualitel WA,814L-10-001644,10-001644,FUSE BOARD MNT 2A 63VAC/VDC 1206,Electrical Components,OTS,"Seattle, WA",Stock,FALSE,Qualitel,17283,0,0.342,5910.786,0,0,Unrestricted,17283
09-11-2026,Lunar Netsuite,10-001644,10-001644,FUSE BOARD MNT 2A 63VAC/VDC 1206,Electrical Components,OTS,NexGen Digital Inc,NS,FALSE,Lunar Energy,79800,0,0.25,19950,0,0,Unrestricted,79800
09-11-2026,Lunar Netsuite,10-001644,10-001644,FUSE BOARD MNT 2A 63VAC/VDC 1206,Electrical Components,OTS,JIT - Reno,NS,FALSE,Lunar Energy,35000,0,0.25,8750,0,0,Unrestricted,10000
09-11-2026,CM: Celestica MX,10-0016453MS,10-001645,"Screw,4-20X PLAST 0.375 in,BHT,T/F,Steel",Part,OTS,Monterrey Prod,1000,FALSE,Celestica,-72,0,0.1029,-7.4088,0,0,Unrestricted,-72
09-11-2026,CM: Qualitel WA,814L-10-001645,10-001645,"Screw,4-20X PLAST 0.375 in,BHT,T/F,Steel",Part,OTS,"Seattle, WA",PO Inspection,FALSE,Qualitel,0,140,0.058,0,8.12,0,Restricted,0
09-11-2026,CM: Qualitel WA,814L-10-001645,10-001645,"Screw,4-20X PLAST 0.375 in,BHT,T/F,Steel",Part,OTS,"Seattle, WA",Stock,FALSE,Qualitel,117146,0,0.058,6794.468,0,0,Unrestricted,117146
09-11-2026,Lunar Netsuite,10-001646,10-001646,Bridge Rectifier DBS 1KV 2A,Electrical Components,OTS,CCL (Computer Components Ltd),NS,FALSE,Lunar Energy,24000,0,0.09,2160,0,0,Unrestricted,24000
09-11-2026,CM: Sienna GA,10-001651 REV-01,10-001651,THERMISTOR NTC 10KOHM 3380K 0603,Electrical Components,OTS,ATLN,RIQC,FALSE,Sienna Corporation,8000,0,0.0275,220,0,1,Unrestricted,8000
09-11-2026,CM: Sienna GA,10-001651 REV-01,10-001651,THERMISTOR NTC 10KOHM 3380K 0603,Electrical Components,OTS,ATLN,MAIN,FALSE,Sienna Corporation,8671,0,0.0275,238.4525,0,1,Unrestricted,8671
09-11-2026,CM: Sienna GA,C10-001651 REV-01,10-001651,THERMISTOR NTC 10KOHM 3380K 0603,Electrical Components,OTS,ATLN,WS14,TRUE,Lunar Energy,20000,0,0,0,0,1,Unrestricted,20000
09-11-2026,Lunar Netsuite,10-001651,10-001651,THERMISTOR NTC 10KOHM 3380K 0603,Electrical Components,OTS,Avnet,NS,FALSE,Lunar Energy,40000,0,0.0275,1100,0,0,Unrestricted,40000
09-11-2026,CM: Sienna GA,C10-001651 REV-01,10-001651,THERMISTOR NTC 10KOHM 3380K 0603,Electrical Components,OTS,ATLN,WS23,TRUE,Lunar Energy,88000,0,0,0,0,1,Unrestricted,88000
09-11-2026,CM: Celestica MX,10-0016513MS,10-001651,THERMISTOR NTC 10KOHM 3380K 0603,Electrical Components,OTS,Monterrey Prod,1000,FALSE,Celestica,-4,0,0.0275,-0.11,0,0,Unrestricted,-4
09-11-2026,Lunar Netsuite,10-001651,10-001651,THERMISTOR NTC 10KOHM 3380K 0603,Electrical Components,OTS,Sienna Corporation - GA,NS,FALSE,Lunar Energy,108000,0,0.0276,2980.8,0,0,Unrestricted,96000
09-11-2026,CM: Sienna GA,10-001651 REV-01,10-001651,THERMISTOR NTC 10KOHM 3380K 0603,Electrical Components,OTS,ATLN,LINE,FALSE,Sienna Corporation,52671,0,0.0275,1448.4525,0,1,Unrestricted,52671
09-11-2026,Lunar Netsuite,10-001651,10-001651,THERMISTOR NTC 10KOHM 3380K 0603,Electrical Components,OTS,JIT - Reno,NS,FALSE,Lunar Energy,2070,0,0.0334,69.138,0,0,Unrestricted,2070
09-11-2026,CM: Qualitel WA,814L-10-001651,10-001651,THERMISTOR NTC 10KOHM 3380K 0603,Electrical Components,OTS,"Seattle, WA",Stock,FALSE,Qualitel,10797,0,0.0403,435.1191,0,0,Unrestricted,10797
09-11-2026,CM: Sienna GA,10-001653 REV-01,10-001653,CAP CER 1500PF 250V NONSTND SMD,Electrical Components,OTS,ATLN,MAIN,FALSE,Sienna Corporation,25,0,0.245,6.125,0,1,Unrestricted,25
09-11-2026,Lunar Netsuite,10-001653,10-001653,CAP CER 1500PF 250V NONSTND SMD,Electrical Components,OTS,Avnet,NS,FALSE,Lunar Energy,15000,0,0.245,3675,0,0,Unrestricted,15000
09-11-2026,Lunar Netsuite,10-001653,10-001653,CAP CER 1500PF 250V NONSTND SMD,Electrical Components,OTS,NexGen Digital Inc,NS,FALSE,Lunar Energy,45000,0,0.245,11025,0,0,Unrestricted,45000
09-11-2026,CM: Sienna GA,10-001653 REV-01,10-001653,CAP CER 1500PF 250V NONSTND SMD,Electrical Components,OTS,ATLN,LINE,FALSE,Sienna Corporation,5961,0,0.245,1460.445,0,1,Unrestricted,5961
09-11-2026,Lunar Netsuite,10-001653,10-001653,CAP CER 1500PF 250V NONSTND SMD,Electrical Components,OTS,JIT - Reno,NS,FALSE,Lunar Energy,1405,0,0.594,834.57,0,0,Unrestricted,1405
09-11-2026,CM: Qualitel WA,814L-10-001654,10-001654,CAP CER 0.22UF 10V X7R 0402,Electrical Components,OTS,"Seattle, WA",Stock,FALSE,Qualitel,7144,0,0.0034,24.2896,0,0,Unrestricted,7144
09-11-2026,CM: Sienna GA,10-001654 REV-01,10-001654,CAP CER 0.22UF 10V X7R 0402,Electrical Components,OTS,ATLN,LINE,FALSE,Sienna Corporation,56234,0,0.005,281.17,0,1,Unrestricted,56234
09-11-2026,CM: Sienna GA,10-001654 REV-01,10-001654,CAP CER 0.22UF 10V X7R 0402,Electrical Components,OTS,ATLN,MAIN,FALSE,Sienna Corporation,260184,0,0.005,1300.92,0,1,Unrestricted,260184
09-11-2026,Lunar Netsuite,10-001654,10-001654,CAP CER 0.22UF 10V X7R 0402,Electrical Components,OTS,JIT - Reno,NS,FALSE,Lunar Energy,10000,0,0.0067,67,0,0,Unrestricted,10000
09-11-2026,CM: Sienna GA,10-001658 REV-01,10-001658,CAP CER 1UF 100V X7S 0805 AEC-Q,Electrical Components,OTS,ATLN,LINE,FALSE,Sienna Corporation,3880,0,0.09,349.2,0,1,Unrestricted,3880
09-11-2026,CM: Qualitel WA,814L-10-001658,10-001658,CAP CER 1UF 100V X7S 0805 AEC-Q,Electrical Components,OTS,"Seattle, WA",Stock,FALSE,Qualitel,1750,0,0.0646,113.05,0,0,Unrestricted,1750
09-11-2026,CM: Sienna GA,10-001662 REV-1,10-001662,CAP CER 27PF 1KV C0G/NP0 1206,Electrical Components,OTS,ATLN,LINE,FALSE,Sienna Corporation,4945,0,0.0136,67.252,0,1,Unrestricted,4945
09-11-2026,CM: Sienna GA,10-001662 REV-1,10-001662,CAP CER 27PF 1KV C0G/NP0 1206,Electrical Components,OTS,ATLN,MAIN,FALSE,Sienna Corporation,4000,0,0.0136,54.4,0,1,Unrestricted,4000
09-11-2026,CM: Sienna GA,10-001663 REV-02,10-001663,CAP CER 47UF 6.3V X7R 1210 AEC-Q,Electrical Components,OTS,ATLN,MAIN,FALSE,Sienna Corporation,6000,0,0.277,1662,0,2,Unrestricted,6000
09-11-2026,CM: Celestica MX,10-0016633MS,10-001663,CAP CER 47UF 6.3V X7R 1210 AEC-Q,Electrical Components,OTS,Monterrey Prod,1000,FALSE,Celestica,-4,0,0.277,-1.108,0,0,Unrestricted,-4
09-11-2026,CM: Sienna GA,10-001663 REV-02,10-001663,CAP CER 47UF 6.3V X7R 1210 AEC-Q,Electrical Components,OTS,ATLN,LINE,FALSE,Sienna Corporation,1802,0,0.277,499.154,0,2,Unrestricted,1802
09-11-2026,Lunar Netsuite,10-001663,10-001663,CAP CER 47UF 6.3V X7R 1210 AEC-Q,Electrical Components,OTS,JIT - Reno,NS,FALSE,Lunar Energy,27860,0,0.2317,6455.162,0,0,Unrestricted,20860
09-11-2026,CM: Sienna GA,10-001663 REV-02,10-001663,CAP CER 47UF 6.3V X7R 1210 AEC-Q,Electrical Components,OTS,ATLN,RIQC,FALSE,Sienna Corporation,3000,0,0.277,831,0,2,Unrestricted,3000
09-11-2026,CM: Qualitel WA,814L-10-001663,10-001663,CAP CER 47UF 6.3V X7R 1210 AEC-Q,Electrical Components,OTS,"Seattle, WA",Stock,FALSE,Qualitel,33343,0,0.217,7235.431,0,0,Unrestricted,33343
09-11-2026,CM: Sienna GA,C10-001664 REV-01,10-001664,CAP CER 4.7UF 100V X7S 1210 AEC-Q,Electrical Components,OTS,ATLN,WR31,TRUE,Lunar Energy,11000,0,0,0,0,1,Unrestricted,11000
09-11-2026,CM: Sienna GA,C10-001664 REV-01,10-001664,CAP CER 4.7UF 100V X7S 1210 AEC-Q,Electrical Components,OTS,ATLN,WR22,TRUE,Lunar Energy,31000,0,0,0,0,1,Unrestricted,31000
09-11-2026,CM: Sienna GA,10-001664 REV-01,10-001664,CAP CER 4.7UF 100V X7S 1210 AEC-Q,Electrical Components,OTS,ATLN,LINE,FALSE,Sienna Corporation,1913,0,0.286,547.118,0,1,Unrestricted,1913
09-11-2026,CM: Sienna GA,10-001664 REV-01,10-001664,CAP CER 4.7UF 100V X7S 1210 AEC-Q,Electrical Components,OTS,ATLN,MAIN,FALSE,Sienna Corporation,3996,0,0.286,1142.856,0,1,Unrestricted,3996
09-11-2026,CM: Qualitel WA,814L-10-001664,10-001664,CAP CER 4.7UF 100V X7S 1210 AEC-Q,Electrical Components,OTS,"Seattle, WA",Stock,FALSE,Qualitel,71033,0,0.236,16763.788,0,0,Unrestricted,71033
09-11-2026,Lunar Netsuite,10-001664,10-001664,CAP CER 4.7UF 100V X7S 1210 AEC-Q,Electrical Components,OTS,Sienna Corporation - GA,NS,FALSE,Lunar Energy,42000,0,0.2965,12453,0,0,Unrestricted,40000
09-11-2026,CM: Celestica MX,10-0016643MS,10-001664,CAP CER 4.7UF 100V X7S 1210 AEC-Q,Electrical Components,OTS,Monterrey Prod,1000,FALSE,Celestica,-10,0,0.286,-2.86,0,0,Unrestricted,-10
09-11-2026,Lunar Netsuite,10-001667,10-001667,DIODE ZENER 62V 590MW SOD123,Electrical Components,OTS,CCL (Computer Components Ltd),NS,FALSE,Lunar Energy,80554,0,0.0186,1498.3044,0,0,Unrestricted,80554
09-11-2026,Lunar Netsuite,10-001667,10-001667,DIODE ZENER 62V 590MW SOD123,Electrical Components,OTS,JIT - Reno,NS,FALSE,Lunar Energy,6150,0,0.0228,140.22,0,0,Unrestricted,6150
09-11-2026,Lunar Netsuite,10-001671,10-001671,HIGH POWER SWITCHING AC LATCHING,Electrical Components,OTS,CCL (Computer Components Ltd),NS,FALSE,Lunar Energy,31600,0,4.8,151680,0,0,Unrestricted,31600
09-11-2026,CM: Sienna GA,C10-001672 REV-A,10-001672,RELAY GEN PURPOSE SPDT 10A 12V,Electrical Components,OTS,ATLN,WS22,TRUE,Lunar Energy,1,0,0,0,0,,Unrestricted,1
09-11-2026,CM: Qualitel WA,814L-10-001672,10-001672,RELAY GEN PURPOSE SPDT 10A 12V,Electrical Components,OTS,"Seattle, WA",Stock,FALSE,Qualitel,8779,0,0.736,6461.344,0,0,Unrestricted,8779
09-11-2026,CM: Sienna GA,10-001672 REV-01,10-001672,RELAY GEN PURPOSE SPDT 10A 12V,Electrical Components,OTS,ATLN,LPAC,FALSE,Sienna Corporation,625,0,0.56,350,0,1,Unrestricted,625
09-11-2026,CM: Sienna GA,10-001672 REV-01,10-001672,RELAY GEN PURPOSE SPDT 10A 12V,Electrical Components,OTS,ATLN,MAIN,FALSE,Sienna Corporation,2375,0,0.56,1330,0,1,Unrestricted,2375
09-11-2026,CM: Sienna GA,C10-001672 REV-A,10-001672,RELAY GEN PURPOSE SPDT 10A 12V,Electrical Components,OTS,ATLN,WT11,TRUE,Lunar Energy,1000,0,0,0,0,,Unrestricted,1000
09-11-2026,Lunar Netsuite,10-001672,10-001672,RELAY GEN PURPOSE SPDT 10A 12V,Electrical Components,OTS,JIT - Reno,NS,FALSE,Lunar Energy,300,0,0.6805,204.15,0,0,Unrestricted,300
09-11-2026,CM: Sienna GA,10-001672 REV-01,10-001672,RELAY GEN PURPOSE SPDT 10A 12V,Electrical Components,OTS,ATLN,RK44,FALSE,Sienna Corporation,5000,0,0.56,2800,0,1,Unrestricted,5000
09-11-2026,Lunar Netsuite,10-001672,10-001672,RELAY GEN PURPOSE SPDT 10A 12V,Electrical Components,OTS,CA - Ravendale,NS,FALSE,Lunar Energy,500,0,0,0,0,0,Unrestricted,500
09-11-2026,CM: Sienna GA,10-001672 REV-01,10-001672,RELAY GEN PURPOSE SPDT 10A 12V,Electrical Components,OTS,ATLN,LINE,FALSE,Sienna Corporation,500,0,0.56,280,0,1,Unrestricted,500
09-11-2026,CM: Sienna GA,10-001672 REV-01,10-001672,RELAY GEN PURPOSE SPDT 10A 12V,Electrical Components,OTS,ATLN,RIQC,FALSE,Sienna Corporation,3741,0,0.56,2094.96,0,1,Unrestricted,3741
09-11-2026,Lunar Netsuite,10-001672,10-001672,RELAY GEN PURPOSE SPDT 10A 12V,Electrical Components,OTS,Sienna Corporation - GA,NS,FALSE,Lunar Energy,1001,0,0.6805,681.1805,0,0,Unrestricted,0
09-11-2026,CM: Sienna GA,10-001674 REV-01,10-001674,DIODE GEN PURP 600V 1A SMA,Electrical Components,OTS,ATLN,MAIN,FALSE,Sienna Corporation,30000,0,0.0653,1959,0,1,Unrestricted,30000
09-11-2026,CM: Sienna GA,10-001674 REV-01,10-001674,DIODE GEN PURP 600V 1A SMA,Electrical Components,OTS,ATLN,LINE,FALSE,Sienna Corporation,12776,0,0.0653,834.2728,0,1,Unrestricted,12776
09-11-2026,CM: Qualitel WA,814L-10-001674,10-001674,DIODE GEN PURP 600V 1A SMA,Electrical Components,OTS,"Seattle, WA",Stock,FALSE,Qualitel,22512,0,0.0432,972.5184,0,0,Unrestricted,22512
09-11-2026,Lunar Netsuite,10-001676,10-001676,FIXED IND 6.8UH 4.5A 50.16 MOHM AEC-Q,Electrical Components,OTS,JIT - Reno,NS,FALSE,Lunar Energy,400,0,0.468,187.2,0,0,Unrestricted,400
09-11-2026,CM: Qualitel WA,814L-10-001676,10-001676,FIXED IND 6.8UH 4.5A 50.16 MOHM AEC-Q,Electrical Components,OTS,"Seattle, WA",Stock,FALSE,Qualitel,2429,0,0.004,9.716,0,0,Unrestricted,2429
09-11-2026,Lunar Netsuite,10-001676,10-001676,FIXED IND 6.8UH 4.5A 50.16 MOHM AEC-Q,Electrical Components,OTS,CA - Ravendale,NS,FALSE,Lunar Energy,1000,0,0.423,423,0,0,Unrestricted,1000
09-11-2026,CM: Sienna GA,10-001676 REV-01,10-001676,FIXED IND 6.8UH 4.5A 50.16 MOHM AEC-Q,Electrical Components,OTS,ATLN,LINE,FALSE,Sienna Corporation,3499,0,0.31,1084.69,0,1,Unrestricted,3499
09-11-2026,CM: Sienna GA,10-001676 REV-01,10-001676,FIXED IND 6.8UH 4.5A 50.16 MOHM AEC-Q,Electrical Components,OTS,ATLN,MAIN,FALSE,Sienna Corporation,8000,0,0.31,2480,0,1,Unrestricted,8000
09-11-2026,Lunar Netsuite,10-001679,10-001679,RES SMD 120 OHM 5% 1/8W 0805,Electrical Components,OTS,CCL (Computer Components Ltd),NS,FALSE,Lunar Energy,10000,0,0.0058,58,0,0,Unrestricted,10000
09-11-2026,CM: Sienna GA,10-001681 REV-01,10-001681,RES SMD 27 OHM 5% 1/2W 0805 AEC-Q,Electrical Components,OTS,ATLN,MAIN,FALSE,Sienna Corporation,75000,0,0.0099,742.5,0,1,Unrestricted,75000
09-11-2026,CM: Sienna GA,10-001681 REV-01,10-001681,RES SMD 27 OHM 5% 1/2W 0805 AEC-Q,Electrical Components,OTS,ATLN,LINE,FALSE,Sienna Corporation,29525,0,0.0099,292.2975,0,1,Unrestricted,29525
09-11-2026,CM: Qualitel WA,814L-10-001681,10-001681,RES SMD 27 OHM 5% 1/2W 0805 AEC-Q,Electrical Components,OTS,"Seattle, WA",Stock,FALSE,Qualitel,88472,0,0.0068,601.6096,0,0,Unrestricted,88472
09-11-2026,CM: Qualitel WA,814L-10-001684,10-001684,RES SMD 3K OHM 5% 1/4W 1206 AEC-Q,Electrical Components,OTS,"Seattle, WA",Stock,FALSE,Qualitel,26980,0,0.0028,75.544,0,0,Unrestricted,26980
09-11-2026,CM: Celestica MX,10-0016843MS,10-001684,RES SMD 3K OHM 5% 1/4W 1206 AEC-Q,Electrical Components,OTS,Monterrey Prod,1000,FALSE,Celestica,-4,0,0.012,-0.048,0,0,Unrestricted,-4
09-11-2026,Lunar Netsuite,10-001685,10-001685,RES SMD 845K OHM 1% 1/4W 1206,Electrical Components,OTS,Avnet,NS,FALSE,Lunar Energy,40000,0,0.0151,604,0,0,Unrestricted,40000
09-11-2026,Lunar Netsuite,10-001685,10-001685,RES SMD 845K OHM 1% 1/4W 1206,Electrical Components,OTS,CCL (Computer Components Ltd),NS,FALSE,Lunar Energy,645814,0,0.0149,9622.6286,0,0,Unrestricted,645814
09-11-2026,Lunar Netsuite,10-001686,10-001686,RES SMD 1K OHM 5% 2/3W 1206,Electrical Components,OTS,CCL (Computer Components Ltd),NS,FALSE,Lunar Energy,135000,0,0.012,1620,0,0,Unrestricted,135000
09-11-2026,CM: Sienna GA,10-001688 REV-1,10-001688,RES SMD 1 OHM 5% 1/2W 1210,Electrical Components,OTS,ATLN,LINE,FALSE,Sienna Corporation,7901,0,0.022,173.822,0,1,Unrestricted,7901
09-11-2026,CM: Qualitel WA,814L-10-001688,10-001688,RES SMD 1 OHM 5% 1/2W 1210,Electrical Components,OTS,"Seattle, WA",Stock,FALSE,Qualitel,16442,0,0.017,279.514,0,0,Unrestricted,16442
09-11-2026,CM: Sienna GA,10-001688 REV-1,10-001688,RES SMD 1 OHM 5% 1/2W 1210,Electrical Components,OTS,ATLN,MAIN,FALSE,Sienna Corporation,10000,0,0.022,220,0,1,Unrestricted,10000
09-11-2026,Lunar Netsuite,10-001695,10-001695,CAP CER 6800PF 50V X7R 0603,Electrical Components,OTS,CCL (Computer Components Ltd),NS,FALSE,Lunar Energy,96000,0,0.0028,268.8,0,0,Unrestricted,96000
09-11-2026,Lunar Netsuite,10-001697,10-001697,CAP CER 10UF 25V X7R 1206,Electrical Components,OTS,Avnet,NS,FALSE,Lunar Energy,124000,0,0.0445,5518,0,0,Unrestricted,4000
09-11-2026,CM: Sienna GA,10-001697 REV-01,10-001697,CAP CER 10UF 25V X7R 1206,Electrical Components,OTS,ATLN,PAMS,FALSE,Sienna Corporation,72000,0,0.045,3240,0,1,Unrestricted,72000
09-11-2026,CM: Qualitel WA,814L-10-001697,10-001697,CAP CER 10UF 25V X7R 1206,Electrical Components,OTS,"Seattle, WA",MRB,FALSE,Qualitel,0,500,0.04,0,20,0,Restricted,0
09-11-2026,CM: Sienna GA,10-001697 REV-01,10-001697,CAP CER 10UF 25V X7R 1206,Electrical Components,OTS,ATLN,LINE,FALSE,Sienna Corporation,226227,0,0.045,10180.215,0,1,Unrestricted,226227
09-11-2026,CM: Sienna GA,10-001697 REV-01,10-001697,CAP CER 10UF 25V X7R 1206,Electrical Components,OTS,ATLN,MAIN,FALSE,Sienna Corporation,44000,0,0.045,1980,0,1,Unrestricted,44000
09-11-2026,CM: Sienna GA,10-001697 REV-01,10-001697,CAP CER 10UF 25V X7R 1206,Electrical Components,OTS,ATLN,RIQC,FALSE,Sienna Corporation,190000,0,0.045,8550,0,1,Unrestricted,190000
09-11-2026,CM: Qualitel WA,814L-10-001697,10-001697,CAP CER 10UF 25V X7R 1206,Electrical Components,OTS,"Seattle, WA",Stock,FALSE,Qualitel,140619,0,0.04,5624.76,0,0,Unrestricted,140619
09-11-2026,CM: Qualitel WA,814L-10-001697,10-001697,CAP CER 10UF 25V X7R 1206,Electrical Components,OTS,"Seattle, WA",PO Inspection,FALSE,Qualitel,0,500,0.04,0,20,0,Restricted,0
09-11-2026,CM: Sienna GA,10-001697 REV-01,10-001697,CAP CER 10UF 25V X7R 1206,Electrical Components,OTS,ATLN,LPAC,FALSE,Sienna Corporation,0,0,0.045,0,0,1,Unrestricted,0
09-11-2026,CM: Sienna GA,10-001702 REV-01,10-001702,RES 1M OHM 1% 1/10W 0603 AEC-Q,Electrical Components,OTS,ATLN,LINE,FALSE,Sienna Corporation,240391,0,0.002,480.782,0,1,Unrestricted,240391
09-11-2026,CM: Qualitel WA,814L-10-001702,10-001702,RES 1M OHM 1% 1/10W 0603 AEC-Q,Electrical Components,OTS,"Seattle, WA",Stock,FALSE,Qualitel,44162,0,0.0009,39.7458,0,0,Unrestricted,44162
09-11-2026,CM: Sienna GA,10-001702 REV-01,10-001702,RES 1M OHM 1% 1/10W 0603 AEC-Q,Electrical Components,OTS,ATLN,MAIN,FALSE,Sienna Corporation,735000,0,0.002,1470,0,1,Unrestricted,735000
09-11-2026,CM: Celestica MX,10-0017023MS,10-001702,RES 1M OHM 1% 1/10W 0603 AEC-Q,Electrical Components,OTS,Monterrey Prod,1000,FALSE,Celestica,-4,0,0.0017,-0.0068,0,0,Unrestricted,-4
09-11-2026,CM: Sienna GA,10-001702 REV-01,10-001702,RES 1M OHM 1% 1/10W 0603 AEC-Q,Electrical Components,OTS,ATLN,RIQC,FALSE,Sienna Corporation,30000,0,0.002,60,0,1,Unrestricted,30000
09-11-2026,CM: Sienna GA,10-001704 REV-01,10-001704,RES 0 OHM JUMPER 1/4W 1206 AEC-Q,Electrical Components,OTS,ATLN,RIQC,FALSE,Sienna Corporation,25000,0,0.0026,65,0,1,Unrestricted,25000
09-11-2026,Lunar Netsuite,10-001704,10-001704,RES 0 OHM JUMPER 1/4W 1206 AEC-Q,Electrical Components,OTS,JIT - Reno,NS,FALSE,Lunar Energy,10800,0,0.014,151.2,0,0,Unrestricted,10800
09-11-2026,CM: Sienna GA,10-001704 REV-01,10-001704,RES 0 OHM JUMPER 1/4W 1206 AEC-Q,Electrical Components,OTS,ATLN,LINE,FALSE,Sienna Corporation,59123,0,0.0026,153.7198,0,1,Unrestricted,59123
09-11-2026,Lunar Netsuite,10-001704,10-001704,RES 0 OHM JUMPER 1/4W 1206 AEC-Q,Electrical Components,OTS,NexGen Digital Inc,NS,FALSE,Lunar Energy,29900,0,0.0028,83.72,0,0,Unrestricted,29900
09-11-2026,CM: Qualitel WA,814L-10-001704,10-001704,RES 0 OHM JUMPER 1/4W 1206 AEC-Q,Electrical Components,OTS,"Seattle, WA",Stock,FALSE,Qualitel,49475,0,0.0023,113.7925,0,0,Unrestricted,49475
09-11-2026,CM: Sienna GA,10-001704 REV-01,10-001704,RES 0 OHM JUMPER 1/4W 1206 AEC-Q,Electrical Components,OTS,ATLN,MAIN,FALSE,Sienna Corporation,40000,0,0.0026,104,0,1,Unrestricted,40000
09-11-2026,CM: Sienna GA,10-001707 REV-01,10-001707,"Diode, Field-Effect Rectifier, 100 V 40 A",Electrical Components,OTS,ATLN,LINE,FALSE,Sienna Corporation,10866,0,0.4845,5264.577,0,1,Unrestricted,10866
09-11-2026,CM: Sienna GA,10-001707 REV-01,10-001707,"Diode, Field-Effect Rectifier, 100 V 40 A",Electrical Components,OTS,ATLN,RIQC,FALSE,Sienna Corporation,17000,0,0.4845,8236.5,0,1,Unrestricted,17000
09-11-2026,CM: Sienna GA,10-001707 REV-01,10-001707,"Diode, Field-Effect Rectifier, 100 V 40 A",Electrical Components,OTS,ATLN,MAIN,FALSE,Sienna Corporation,6972,0,0.4845,3377.934,0,1,Unrestricted,6972
09-11-2026,Lunar Netsuite,10-001707,10-001707,"Diode, Field-Effect Rectifier, 100 V 40 A",Electrical Components,OTS,CCL (Computer Components Ltd),NS,FALSE,Lunar Energy,186878,0,0.4575,85496.685,0,0,Unrestricted,186878
09-11-2026,CM: Sienna GA,10-001707 REV-01,10-001707,"Diode, Field-Effect Rectifier, 100 V 40 A",Electrical Components,OTS,ATLN,LPAC,FALSE,Sienna Corporation,0,0,0.4845,0,0,1,Unrestricted,0
09-11-2026,Lunar Netsuite,10-001707,10-001707,"Diode, Field-Effect Rectifier, 100 V 40 A",Electrical Components,OTS,JIT - Reno,NS,FALSE,Lunar Energy,218499,0,0.44,96139.56,0,0,Unrestricted,218499
09-11-2026,CM: Sienna GA,10-001710 REV-01,10-001710,DIODE SCHOTTKY 40V 2A SOD123W,Electrical Components,OTS,ATLN,MAIN,FALSE,Sienna Corporation,10000,0,0.0558,558,0,1,Unrestricted,10000
09-11-2026,CM: Sienna GA,10-001710 REV-01,10-001710,DIODE SCHOTTKY 40V 2A SOD123W,Electrical Components,OTS,ATLN,LINE,FALSE,Sienna Corporation,2407,0,0.0558,134.3106,0,1,Unrestricted,2407
09-11-2026,CM: Qualitel WA,814L-10-001710,10-001710,DIODE SCHOTTKY 40V 2A SOD123W,Electrical Components,OTS,"Seattle, WA",Stock,FALSE,Qualitel,21231,0,0.0262,556.2522,0,0,Unrestricted,21231
09-11-2026,Lunar Netsuite,10-001710,10-001710,DIODE SCHOTTKY 40V 2A SOD123W,Electrical Components,OTS,JIT - Reno,NS,FALSE,Lunar Energy,1400,0,0.1029,144.06,0,0,Unrestricted,1400
09-11-2026,CM: Sienna GA,10-001711 REV-01,10-001711,FBead 0603 3A 30mOhm SMD,Electrical Components,OTS,ATLN,LINE,FALSE,Sienna Corporation,17654,0,0.0145,255.983,0,1,Unrestricted,17654
09-11-2026,CM: Qualitel WA,814L-10-001711,10-001711,FBead 0603 3A 30mOhm SMD,Electrical Components,OTS,"Seattle, WA",Stock,FALSE,Qualitel,12072,0,0.0145,175.044,0,0,Unrestricted,12072
09-11-2026,Lunar Netsuite,10-001711,10-001711,FBead 0603 3A 30mOhm SMD,Electrical Components,OTS,JIT - Reno,NS,FALSE,Lunar Energy,1000,0,0.031,31,0,0,Unrestricted,1000
09-11-2026,CM: Sienna GA,10-001711 REV-01,10-001711,FBead 0603 3A 30mOhm SMD,Electrical Components,OTS,ATLN,MAIN,FALSE,Sienna Corporation,4000,0,0.0145,58,0,1,Unrestricted,4000
09-11-2026,CM: Celestica MX,10-0017123MS,10-001712,FERRITE BEAD 50 OHM 0603 1LN AEC-Q,Electrical Components,OTS,Monterrey Prod,1000,FALSE,Celestica,196,0,0.03,5.88,0,0,Unrestricted,196
09-11-2026,CM: Sienna GA,10-001712 REV-1,10-001712,FERRITE BEAD 50 OHM 0603 1LN AEC-Q,Electrical Components,OTS,ATLN,LPAC,FALSE,Sienna Corporation,6865,0,0.0333,228.6045,0,1,Unrestricted,6865
09-11-2026,CM: Sienna GA,10-001712 REV-1,10-001712,FERRITE BEAD 50 OHM 0603 1LN AEC-Q,Electrical Components,OTS,ATLN,LINE,FALSE,Sienna Corporation,37848,0,0.0333,1260.3384,0,1,Unrestricted,37848
09-11-2026,CM: Sienna GA,10-001712 REV-1,10-001712,FERRITE BEAD 50 OHM 0603 1LN AEC-Q,Electrical Components,OTS,ATLN,MAIN,FALSE,Sienna Corporation,85135,0,0.0333,2834.9955,0,1,Unrestricted,85135
09-11-2026,Lunar Netsuite,10-001712,10-001712,FERRITE BEAD 50 OHM 0603 1LN AEC-Q,Electrical Components,OTS,JIT - Reno,NS,FALSE,Lunar Energy,4900,0,0.049,240.1,0,0,Unrestricted,4900
09-11-2026,CM: Qualitel WA,814L-10-001712,10-001712,FERRITE BEAD 50 OHM 0603 1LN AEC-Q,Electrical Components,OTS,"Seattle, WA",Stock,FALSE,Qualitel,147584,0,0.035,5165.44,0,0,Unrestricted,147584
09-11-2026,CM: Sienna GA,10-001714 REV-1,10-001714,FERRITE BEAD 120 OHM 0603 1LN,Electrical Components,OTS,ATLN,RIQC,FALSE,Sienna Corporation,128000,0,0.016,2048,0,1,Unrestricted,128000
09-11-2026,CM: Sienna GA,10-001714 REV-1,10-001714,FERRITE BEAD 120 OHM 0603 1LN,Electrical Components,OTS,ATLN,MAIN,FALSE,Sienna Corporation,92002,0,0.016,1472.032,0,1,Unrestricted,92002
09-11-2026,Lunar Netsuite,10-001714,10-001714,FERRITE BEAD 120 OHM 0603 1LN,Electrical Components,OTS,JIT - Reno,NS,FALSE,Lunar Energy,1750,0,0.031,54.25,0,0,Unrestricted,1750
09-11-2026,CM: Qualitel WA,814L-10-001714,10-001714,FERRITE BEAD 120 OHM 0603 1LN,Electrical Components,OTS,"Seattle, WA",MRB,FALSE,Qualitel,0,500,0.01,0,5,0,Restricted,0
09-11-2026,CM: Sienna GA,10-001714 REV-1,10-001714,FERRITE BEAD 120 OHM 0603 1LN,Electrical Components,OTS,ATLN,LINE,FALSE,Sienna Corporation,16350,0,0.016,261.6,0,1,Unrestricted,16350
09-11-2026,CM: Qualitel WA,814L-10-001714,10-001714,FERRITE BEAD 120 OHM 0603 1LN,Electrical Components,OTS,"Seattle, WA",PO Inspection,FALSE,Qualitel,0,500,0.01,0,5,0,Restricted,0
09-11-2026,CM: Sienna GA,10-001714 REV-1,10-001714,FERRITE BEAD 120 OHM 0603 1LN,Electrical Components,OTS,ATLN,PAMS,FALSE,Sienna Corporation,20000,0,0.016,320,0,1,Unrestricted,20000
09-11-2026,CM: Qualitel WA,814L-10-001714,10-001714,FERRITE BEAD 120 OHM 0603 1LN,Electrical Components,OTS,"Seattle, WA",Stock,FALSE,Qualitel,123371,0,0.01,1233.71,0,0,Unrestricted,123371
09-11-2026,Lunar Netsuite,10-001716,10-001716,CAP CER 10NF 25V X7R 0402,Electrical Components,OTS,JIT - Reno,NS,FALSE,Lunar Energy,10000,0,0.0017,17,0,0,Unrestricted,10000
09-11-2026,Lunar Netsuite,10-001716,10-001716,CAP CER 10NF 25V X7R 0402,Electrical Components,OTS,CA - Ravendale,NS,FALSE,Lunar Energy,20000,0,0.0083,166,0,0,Unrestricted,20000
09-11-2026,CM: Qualitel WA,814L-10-001716,10-001716,CAP CER 10NF 25V X7R 0402,Electrical Components,OTS,"Seattle, WA",Stock,FALSE,Qualitel,354739,0,0.0007,248.3173,0,0,Unrestricted,354739
09-11-2026,CM: Sienna GA,10-001717 REV-1,10-001717,CAP CER 100PF ±10% 50V C0G 0402,Electrical Components,OTS,ATLN,MAIN,FALSE,Sienna Corporation,20000,0,0.0039,78,0,1,Unrestricted,20000
09-11-2026,Lunar Netsuite,10-001717,10-001717,CAP CER 100PF ±10% 50V C0G 0402,Electrical Components,OTS,Avnet,NS,FALSE,Lunar Energy,10000,0,0.0039,39,0,0,Unrestricted,10000
09-11-2026,CM: Sienna GA,10-001717 REV-1,10-001717,CAP CER 100PF ±10% 50V C0G 0402,Electrical Components,OTS,ATLN,LINE,FALSE,Sienna Corporation,557,0,0.0039,2.1723,0,1,Unrestricted,557
09-11-2026,CM: Celestica MX,10-0017183MS,10-001718,CAP CER 2200PF 100V X7R 0603 AEC-Q,Electrical Components,OTS,Monterrey Prod,1000,FALSE,Celestica,446,0,0.0142,6.3332,0,0,Unrestricted,446
09-11-2026,CM: Qualitel WA,814L-10-001718,10-001718,CAP CER 2200PF 100V X7R 0603 AEC-Q,Electrical Components,OTS,"Seattle, WA",MRB,FALSE,Qualitel,0,250,0.0093,0,2.325,0,Restricted,0
09-11-2026,Lunar Netsuite,10-001718,10-001718,CAP CER 2200PF 100V X7R 0603 AEC-Q,Electrical Components,OTS,Avnet,NS,FALSE,Lunar Energy,176000,0,0.0142,2499.2,0,0,Unrestricted,176000
09-11-2026,Lunar Netsuite,10-001718,10-001718,CAP CER 2200PF 100V X7R 0603 AEC-Q,Electrical Components,OTS,JIT - Reno,NS,FALSE,Lunar Energy,155872,0,0.0156,2431.6032,0,0,Unrestricted,155872
09-11-2026,CM: Qualitel WA,814L-10-001718,10-001718,CAP CER 2200PF 100V X7R 0603 AEC-Q,Electrical Components,OTS,"Seattle, WA",PO Inspection,FALSE,Qualitel,0,250,0.0093,0,2.325,0,Restricted,0
09-11-2026,CM: Qualitel WA,814L-10-001718,10-001718,CAP CER 2200PF 100V X7R 0603 AEC-Q,Electrical Components,OTS,"Seattle, WA",Stock,FALSE,Qualitel,93631,0,0.0093,870.7683,0,0,Unrestricted,93631
09-11-2026,CM: Celestica MX,10-0017193MS,10-001719,CAP CER 0.22UF 50V X7R 0603 AEC-Q,Electrical Components,OTS,Monterrey Prod,1000,FALSE,Celestica,-58,0,0.0222,-1.2876,0,0,Unrestricted,-58
09-11-2026,CM: Qualitel WA,814L-10-001719,10-001719,CAP CER 0.22UF 50V X7R 0603 AEC-Q,Electrical Components,OTS,"Seattle, WA",Stock,FALSE,Qualitel,62383,0,0.0158,985.6514,0,0,Unrestricted,62383
09-11-2026,Lunar Netsuite,10-001719,10-001719,CAP CER 0.22UF 50V X7R 0603 AEC-Q,Electrical Components,OTS,JIT - Reno,NS,FALSE,Lunar Energy,31703,0,0.0104,329.7112,0,0,Unrestricted,31703
09-11-2026,Lunar Netsuite,10-001719,10-001719,CAP CER 0.22UF 50V X7R 0603 AEC-Q,Electrical Components,OTS,Avnet,NS,FALSE,Lunar Energy,360000,0,0.0222,7992,0,0,Unrestricted,360000
09-11-2026,CM: Sienna GA,10-001720 REV-1,10-001720,CAP CER 0.22UF 50V X7R 0603,Electrical Components,OTS,ATLN,MAIN,FALSE,Sienna Corporation,24000,0,0.0159,381.6,0,1,Unrestricted,24000
09-11-2026,CM: Sienna GA,10-001720 REV-1,10-001720,CAP CER 0.22UF 50V X7R 0603,Electrical Components,OTS,ATLN,LINE,FALSE,Sienna Corporation,11449,0,0.0159,182.0391,0,1,Unrestricted,11449
09-11-2026,Lunar Netsuite,10-001720,10-001720,CAP CER 0.22UF 50V X7R 0603,Electrical Components,OTS,JIT - Reno,NS,FALSE,Lunar Energy,1000,0,0.04,40,0,0,Unrestricted,1000
09-11-2026,CM: Qualitel WA,814L-10-001720,10-001720,CAP CER 0.22UF 50V X7R 0603,Electrical Components,OTS,"Seattle, WA",Stock,FALSE,Qualitel,49401,0,0.007,345.807,0,0,Unrestricted,49401
09-11-2026,CM: Sienna GA,10-001721 REV-1,10-001721,CAP CER 2.2UF 16V X7S 0603 AEC-Q,Electrical Components,OTS,ATLN,MAIN,FALSE,Sienna Corporation,92021,0,0.0375,3450.7875,0,1,Unrestricted,92021
09-11-2026,CM: Celestica MX,10-0017213MS,10-001721,CAP CER 2.2UF 16V X7S 0603 AEC-Q,Electrical Components,OTS,Monterrey Prod,1000,FALSE,Celestica,-6,0,0.0375,-0.225,0,0,Unrestricted,-6
09-11-2026,CM: Qualitel WA,814L-10-001721,10-001721,CAP CER 2.2UF 16V X7S 0603 AEC-Q,Electrical Components,OTS,"Seattle, WA",Stock,FALSE,Qualitel,211721,0,0.0331,7007.9651,0,0,Unrestricted,211721
09-11-2026,CM: Sienna GA,10-001721 REV-1,10-001721,CAP CER 2.2UF 16V X7S 0603 AEC-Q,Electrical Components,OTS,ATLN,LINE,FALSE,Sienna Corporation,22506,0,0.0375,843.975,0,1,Unrestricted,22506
09-11-2026,Lunar Netsuite,10-001722,10-001722,CAP CER 10000PF 50V X8R 0603,Electrical Components,OTS,JIT - Reno,NS,FALSE,Lunar Energy,8000,0,0.0202,161.6,0,0,Unrestricted,8000
09-11-2026,Lunar Netsuite,10-001722,10-001722,CAP CER 10000PF 50V X8R 0603,Electrical Components,OTS,Sienna Corporation - GA,NS,FALSE,Lunar Energy,8000,0,0.0202,161.6,0,0,Unrestricted,0
09-11-2026,CM: Qualitel WA,814L-10-001722,10-001722,CAP CER 10000PF 50V X8R 0603,Electrical Components,OTS,"Seattle, WA",Stock,FALSE,Qualitel,20395,0,0.0181,369.1495,0,0,Unrestricted,20395
09-11-2026,CM: Sienna GA,10-001722 REV-01,10-001722,CAP CER 10000PF 50V X8R 0603,Electrical Components,OTS,ATLN,LINE,FALSE,Sienna Corporation,70003,0,0.0202,1414.0606,0,1,Unrestricted,70003
09-11-2026,CM: Sienna GA,10-001722 REV-01,10-001722,CAP CER 10000PF 50V X8R 0603,Electrical Components,OTS,ATLN,MAIN,FALSE,Sienna Corporation,51253,0,0.0202,1035.3106,0,1,Unrestricted,51253
09-11-2026,Lunar Netsuite,10-001722,10-001722,CAP CER 10000PF 50V X8R 0603,Electrical Components,OTS,Avnet,NS,FALSE,Lunar Energy,188000,0,0.0202,3797.6,0,0,Unrestricted,188000
09-11-2026,CM: Sienna GA,10-001722 REV-01,10-001722,CAP CER 10000PF 50V X8R 0603,Electrical Components,OTS,ATLN,RIQC,FALSE,Sienna Corporation,8000,0,0.0202,161.6,0,1,Unrestricted,8000
09-11-2026,CM: Sienna GA,C10-001722 REV-01,10-001722,CAP CER 10000PF 50V X8R 0603,Electrical Components,OTS,ATLN,WT63,TRUE,Lunar Energy,8000,0,0,0,0,1,Unrestricted,8000
09-11-2026,CM: Sienna GA,10-001724 REV-01,10-001724,CAP CER 8PF 50V NP0 0603,Electrical Components,OTS,ATLN,LINE,FALSE,Sienna Corporation,16500,0,0.0129,212.85,0,1,Unrestricted,16500
09-11-2026,CM: Celestica MX,10-0017243MS,10-001724,CAP CER 8PF 50V NP0 0603,Electrical Components,OTS,Monterrey Prod,1000,FALSE,Celestica,-4,0,0.0129,-0.0516,0,0,Unrestricted,-4
09-11-2026,CM: Sienna GA,10-001724 REV-01,10-001724,CAP CER 8PF 50V NP0 0603,Electrical Components,OTS,ATLN,RIQC,FALSE,Sienna Corporation,4000,0,0.0129,51.6,0,1,Unrestricted,4000
09-11-2026,Lunar Netsuite,10-001724,10-001724,CAP CER 8PF 50V NP0 0603,Electrical Components,OTS,JIT - Reno,NS,FALSE,Lunar Energy,4000,0,0.0129,51.6,0,0,Unrestricted,4000
09-11-2026,CM: Qualitel WA,814L-10-001724,10-001724,CAP CER 8PF 50V NP0 0603,Electrical Components,OTS,"Seattle, WA",Stock,FALSE,Qualitel,53633,0,0.0166,890.3078,0,0,Unrestricted,53633
09-11-2026,CM: Sienna GA,C10-001725 REV-1,10-001725,CAP CER 0.1UF ±10% 50V X7R 0603 AEC-Q,Electrical Components,OTS,ATLN,WS13,TRUE,Lunar Energy,78000,0,0,0,0,1,Unrestricted,78000
09-11-2026,CM: Sienna GA,10-001725 REV-1,10-001725,CAP CER 0.1UF ±10% 50V X7R 0603 AEC-Q,Electrical Components,OTS,ATLN,RIQC,FALSE,Sienna Corporation,232000,0,0.0103,2389.6,0,1,Unrestricted,232000
09-11-2026,CM: Sienna GA,C10-001725 REV-1,10-001725,CAP CER 0.1UF ±10% 50V X7R 0603 AEC-Q,Electrical Components,OTS,ATLN,WR22,TRUE,Lunar Energy,14000,0,0,0,0,1,Unrestricted,14000
09-11-2026,CM: Qualitel WA,814L-10-001725,10-001725,CAP CER 0.1UF ±10% 50V X7R 0603 AEC-Q,Electrical Components,OTS,"Seattle, WA",Stock,FALSE,Qualitel,852377,0,0.0072,6137.1144,0,0,Unrestricted,852377
09-11-2026,Lunar Netsuite,10-001725,10-001725,CAP CER 0.1UF ±10% 50V X7R 0603 AEC-Q,Electrical Components,OTS,JIT - Reno,NS,FALSE,Lunar Energy,184000,0,0.0118,2171.2,0,0,Unrestricted,148000
09-11-2026,CM: Sienna GA,10-001725 REV-1,10-001725,CAP CER 0.1UF ±10% 50V X7R 0603 AEC-Q,Electrical Components,OTS,ATLN,LINE,FALSE,Sienna Corporation,27004,0,0.0103,278.1412,0,1,Unrestricted,27004
09-11-2026,Lunar Netsuite,10-001725,10-001725,CAP CER 0.1UF ±10% 50V X7R 0603 AEC-Q,Electrical Components,OTS,Sienna Corporation - GA,NS,FALSE,Lunar Energy,92000,0,0.0118,1085.6,0,0,Unrestricted,0
09-11-2026,CM: Celestica MX,10-0017253MS,10-001725,CAP CER 0.1UF ±10% 50V X7R 0603 AEC-Q,Electrical Components,OTS,Monterrey Prod,1000,FALSE,Celestica,3879,0,0.0103,39.9537,0,0,Unrestricted,3879
09-11-2026,CM: Sienna GA,10-001725 REV-1,10-001725,CAP CER 0.1UF ±10% 50V X7R 0603 AEC-Q,Electrical Components,OTS,ATLN,MAIN,FALSE,Sienna Corporation,8000,0,0.0103,82.4,0,1,Unrestricted,8000
09-11-2026,CM: Sienna GA,10-001726 REV-01,10-001726,CAP CER 1000PF 50V C0G/NPO SOFT TERMINATION 0603,Electrical Components,OTS,ATLN,MAIN,FALSE,Sienna Corporation,246416,0,0.024,5913.984,0,1,Unrestricted,246416
09-11-2026,CM: Qualitel WA,814L-10-001726,10-001726,CAP CER 1000PF 50V C0G/NPO SOFT TERMINATION 0603,Electrical Components,OTS,"Seattle, WA",Stock,FALSE,Qualitel,233986,0,0.0079,1848.4894,0,0,Unrestricted,233986
09-11-2026,Lunar Netsuite,10-001726,10-001726,CAP CER 1000PF 50V C0G/NPO SOFT TERMINATION 0603,Electrical Components,OTS,Avnet,NS,FALSE,Lunar Energy,140000,0,0.0183,2562,0,0,Unrestricted,140000
09-11-2026,CM: Sienna GA,10-001726 REV-01,10-001726,CAP CER 1000PF 50V C0G/NPO SOFT TERMINATION 0603,Electrical Components,OTS,ATLN,RIQC,FALSE,Sienna Corporation,368000,0,0.024,8832,0,1,Unrestricted,368000
09-11-2026,CM: Sienna GA,10-001726 REV-01,10-001726,CAP CER 1000PF 50V C0G/NPO SOFT TERMINATION 0603,Electrical Components,OTS,ATLN,LINE,FALSE,Sienna Corporation,100365,0,0.024,2408.76,0,1,Unrestricted,100365
09-11-2026,CM: Celestica MX,10-0017263MS,10-001726,CAP CER 1000PF 50V C0G/NPO SOFT TERMINATION 0603,Electrical Components,OTS,Monterrey Prod,1000,FALSE,Celestica,-26,0,0.0236,-0.6136,0,0,Unrestricted,-26
09-11-2026,CM: Sienna GA,10-001728 REV-01,10-001728,CAP CER 0.1UF ±20% 50V X7R 0603 AEC-Q,Electrical Components,OTS,ATLN,RIQC,FALSE,Sienna Corporation,152000,0,0.007,1064,0,1,Unrestricted,152000
09-11-2026,CM: Sienna GA,10-001728 REV-01,10-001728,CAP CER 0.1UF ±20% 50V X7R 0603 AEC-Q,Electrical Components,OTS,ATLN,MAIN,FALSE,Sienna Corporation,7000,0,0.007,49,0,1,Unrestricted,7000
09-11-2026,Lunar Netsuite,10-001728,10-001728,CAP CER 0.1UF ±20% 50V X7R 0603 AEC-Q,Electrical Components,OTS,JIT - Reno,NS,FALSE,Lunar Energy,178394,0,0.0114,2033.6916,0,0,Unrestricted,146394
09-11-2026,CM: Sienna GA,10-001728 REV-01,10-001728,CAP CER 0.1UF ±20% 50V X7R 0603 AEC-Q,Electrical Components,OTS,ATLN,LINE,FALSE,Sienna Corporation,44231,0,0.007,309.617,0,1,Unrestricted,44231
09-11-2026,CM: Qualitel WA,814L-10-001728,10-001728,CAP CER 0.1UF ±20% 50V X7R 0603 AEC-Q,Electrical Components,OTS,"Seattle, WA",Stock,FALSE,Qualitel,206457,0,0.0032,660.6624,0,0,Unrestricted,206457
09-11-2026,CM: Sienna GA,10-001729 REV-01,10-001729,CAP CER 0.022UF 50V X7R 0603 AEC-Q,Electrical Components,OTS,ATLN,LINE,FALSE,Sienna Corporation,6021,0,0.0207,124.6347,0,1,Unrestricted,6021
09-11-2026,CM: Qualitel WA,814L-10-001729,10-001729,CAP CER 0.022UF 50V X7R 0603 AEC-Q,Electrical Components,OTS,"Seattle, WA",Stock,FALSE,Qualitel,26192,0,0.0144,377.1648,0,0,Unrestricted,26192
09-11-2026,CM: Celestica MX,10-0017293MS,10-001729,CAP CER 0.022UF 50V X7R 0603 AEC-Q,Electrical Components,OTS,Monterrey Prod,1000,FALSE,Celestica,2975,0,0.0057,16.9575,0,0,Unrestricted,2975
09-11-2026,CM: Sienna GA,10-001730 REV-01,10-001730,CAP CER 10000PF 50V X7R 0603 AEC-Q,Electrical Components,OTS,ATLN,LINE,FALSE,Sienna Corporation,76946,0,0.0153,1177.2738,0,1,Unrestricted,76946
09-11-2026,CM: Sienna GA,10-001730 REV-01,10-001730,CAP CER 10000PF 50V X7R 0603 AEC-Q,Electrical Components,OTS,ATLN,RIQC,FALSE,Sienna Corporation,148000,0,0.0153,2264.4,0,1,Unrestricted,148000
09-11-2026,CM: Sienna GA,10-001730 REV-01,10-001730,CAP CER 10000PF 50V X7R 0603 AEC-Q,Electrical Components,OTS,ATLN,MAIN,FALSE,Sienna Corporation,32000,0,0.0153,489.6,0,1,Unrestricted,32000
09-11-2026,Lunar Netsuite,10-001731,10-001731,CAP CER 100PF 50V COG/NP0 0603,Electrical Components,OTS,JIT - Reno,NS,FALSE,Lunar Energy,8000,0,0.0253,202.4,0,0,Unrestricted,8000
09-11-2026,CM: Qualitel WA,814L-10-001731,10-001731,CAP CER 100PF 50V COG/NP0 0603,Electrical Components,OTS,"Seattle, WA",Stock,FALSE,Qualitel,39946,0,0.0035,139.811,0,0,Unrestricted,39946
09-11-2026,CM: Sienna GA,10-001731 REV-01,10-001731,CAP CER 100PF 50V COG/NP0 0603,Electrical Components,OTS,ATLN,LINE,FALSE,Sienna Corporation,12252,0,0.0131,160.5012,0,1,Unrestricted,12252
09-11-2026,CM: Sienna GA,10-001731 REV-01,10-001731,CAP CER 100PF 50V COG/NP0 0603,Electrical Components,OTS,ATLN,MAIN,FALSE,Sienna Corporation,40000,0,0.0131,524,0,1,Unrestricted,40000
09-11-2026,CM: Celestica MX,10-0017313MS,10-001731,CAP CER 100PF 50V COG/NP0 0603,Electrical Components,OTS,Monterrey Prod,1000,FALSE,Celestica,-2,0,0.0131,-0.0262,0,0,Unrestricted,-2
09-11-2026,CM: Sienna GA,10-001731 REV-01,10-001731,CAP CER 100PF 50V COG/NP0 0603,Electrical Components,OTS,ATLN,RIQC,FALSE,Sienna Corporation,4000,0,0.0131,52.4,0,1,Unrestricted,4000
09-11-2026,CM: Celestica MX,10-0017323MS,10-001732,CAP CER 4.7UF 16V X7R 0805 AEC-Q,Electrical Components,OTS,Monterrey Prod,1000,FALSE,Celestica,74,0,0.0692,5.1208,0,0,Unrestricted,74
09-11-2026,Lunar Netsuite,10-001732,10-001732,CAP CER 4.7UF 16V X7R 0805 AEC-Q,Electrical Components,OTS,JIT - Reno,NS,FALSE,Lunar Energy,35000,0,0.03,1050,0,0,Unrestricted,35000
09-11-2026,CM: Qualitel WA,814L-10-001732,10-001732,CAP CER 4.7UF 16V X7R 0805 AEC-Q,Electrical Components,OTS,"Seattle, WA",Stock,FALSE,Qualitel,59963,0,0.0335,2008.7605,0,0,Unrestricted,59963
09-11-2026,CM: Sienna GA,10-001732 REV-02,10-001732,CAP CER 4.7UF 16V X7R 0805 AEC-Q,Electrical Components,OTS,ATLN,LINE,FALSE,Sienna Corporation,2076,0,0.0692,143.6592,0,2,Unrestricted,2076
09-11-2026,Lunar Netsuite,10-001732,10-001732,CAP CER 4.7UF 16V X7R 0805 AEC-Q,Electrical Components,OTS,Sienna Corporation - GA,NS,FALSE,Lunar Energy,3000,0,0.0897,269.1,0,0,Unrestricted,0
09-11-2026,CM: Sienna GA,10-001732 REV-02,10-001732,CAP CER 4.7UF 16V X7R 0805 AEC-Q,Electrical Components,OTS,ATLN,MAIN,FALSE,Sienna Corporation,28000,0,0.0692,1937.6,0,2,Unrestricted,28000
09-11-2026,CM: Sienna GA,C10-001732 REV-1,10-001732,CAP CER 4.7UF 16V X7R 0805 AEC-Q,Electrical Components,OTS,ATLN,WR21,TRUE,Lunar Energy,3000,0,0,0,0,1,Unrestricted,3000
09-11-2026,CM: Celestica MX,10-0017333MS,10-001733,CAP CER 0.1UF 100V X7R 0805 AEC-Q,Electrical Components,OTS,Monterrey Prod,1000,FALSE,Celestica,40,0,0.0326,1.304,0,0,Unrestricted,40
09-11-2026,CM: Qualitel WA,814L-10-001733,10-001733,CAP CER 0.1UF 100V X7R 0805 AEC-Q,Electrical Components,OTS,"Seattle, WA",Stock,FALSE,Qualitel,42257,0,0.0145,612.7265,0,0,Unrestricted,42257
09-11-2026,Lunar Netsuite,10-001733,10-001733,CAP CER 0.1UF 100V X7R 0805 AEC-Q,Electrical Components,OTS,CA - Ravendale,NS,FALSE,Lunar Energy,3000,0,0.084,252,0,0,Unrestricted,3000
09-11-2026,CM: Celestica MX,10-0017353MS,10-001735,CAP CER 1UF 100V X7R 1206 AEC-Q,Electrical Components,OTS,Monterrey Prod,1000,FALSE,Celestica,-10,0,0.09,-0.9,0,0,Unrestricted,-10
09-11-2026,Lunar Netsuite,10-001735,10-001735,CAP CER 1UF 100V X7R 1206 AEC-Q,Electrical Components,OTS,JIT - Reno,NS,FALSE,Lunar Energy,298000,0,0.0956,28488.8,0,0,Unrestricted,298000
09-11-2026,CM: Qualitel WA,814L-10-001735,10-001735,CAP CER 1UF 100V X7R 1206 AEC-Q,Electrical Components,OTS,"Seattle, WA",Stock,FALSE,Qualitel,18224,0,0.051,929.424,0,0,Unrestricted,18224
09-11-2026,CM: Sienna GA,10-001736 REV-01,10-001736,CAP 1206 X7R 16V 10UF 10% SOFT TERM,Electrical Components,OTS,ATLN,LINE,FALSE,Sienna Corporation,2713,0,0.0808,219.2104,0,1,Unrestricted,2713
09-11-2026,CM: Sienna GA,10-001736 REV-01,10-001736,CAP 1206 X7R 16V 10UF 10% SOFT TERM,Electrical Components,OTS,ATLN,RIQC,FALSE,Sienna Corporation,2000,0,0.0808,161.6,0,1,Unrestricted,2000
09-11-2026,CM: Celestica MX,10-0017363MS,10-001736,CAP 1206 X7R 16V 10UF 10% SOFT TERM,Electrical Components,OTS,Monterrey Prod,1000,FALSE,Celestica,-12,0,0.0808,-0.9696,0,0,Unrestricted,-12
09-11-2026,Lunar Netsuite,10-001736,10-001736,CAP 1206 X7R 16V 10UF 10% SOFT TERM,Electrical Components,OTS,JIT - Reno,NS,FALSE,Lunar Energy,8710,0,0.03,261.3,0,0,Unrestricted,8710
09-11-2026,CM: Qualitel WA,814L-10-001736,10-001736,CAP 1206 X7R 16V 10UF 10% SOFT TERM,Electrical Components,OTS,"Seattle, WA",Stock,FALSE,Qualitel,96254,0,0.0318,3060.8772,0,0,Unrestricted,96254
09-11-2026,Lunar Netsuite,10-001736,10-001736,CAP 1206 X7R 16V 10UF 10% SOFT TERM,Electrical Components,OTS,Avnet,NS,FALSE,Lunar Energy,21290,0,0.0317,674.893,0,0,Unrestricted,21290
09-11-2026,CM: Sienna GA,10-001738 REV-01,10-001738,CAP CER 10UF 75V X7R 1210 AEC-Q,Electrical Components,OTS,ATLN,RIQC,FALSE,Sienna Corporation,479300,0,0.229,109759.7,0,1,Unrestricted,479300
09-11-2026,CM: Sienna GA,10-001738 REV-01,10-001738,CAP CER 10UF 75V X7R 1210 AEC-Q,Electrical Components,OTS,ATLN,LINE,FALSE,Sienna Corporation,404394,0,0.229,92606.226,0,1,Unrestricted,404394
09-11-2026,CM: Qualitel WA,814L-10-001738,10-001738,CAP CER 10UF 75V X7R 1210 AEC-Q,Electrical Components,OTS,"Seattle, WA",Stock,FALSE,Qualitel,26479,0,0.229,6063.691,0,0,Unrestricted,26479
09-11-2026,CM: Sienna GA,10-001738 REV-01,10-001738,CAP CER 10UF 75V X7R 1210 AEC-Q,Electrical Components,OTS,ATLN,PAMS,FALSE,Sienna Corporation,300602,0,0.229,68837.858,0,1,Unrestricted,300602
09-11-2026,Lunar Netsuite,10-001738,10-001738,CAP CER 10UF 75V X7R 1210 AEC-Q,Electrical Components,OTS,JIT - Reno,NS,FALSE,Lunar Energy,1000,0,0.353,353,0,0,Unrestricted,1000
09-11-2026,Lunar Netsuite,10-001739,10-001739,CAP CER 0.47UF 450V X7T 20% 1812,Electrical Components,OTS,CCL (Computer Components Ltd),NS,FALSE,Lunar Energy,8500,0,0.432,3672,0,0,Unrestricted,8500
09-11-2026,CM: Celestica MX,10-0017423MS,10-001742,CAP CER 1UF 250V X7R 2220 AEC-Q,Electrical Components,OTS,Monterrey Prod,1000,FALSE,Celestica,1788,0,0.385,688.38,0,0,Unrestricted,1788
09-11-2026,CM: Qualitel WA,814L-10-001742,10-001742,CAP CER 1UF 250V X7R 2220 AEC-Q,Electrical Components,OTS,"Seattle, WA",MRB,FALSE,Qualitel,0,6,0.212,0,1.272,0,Restricted,0
09-11-2026,CM: Qualitel WA,814L-10-001742,10-001742,CAP CER 1UF 250V X7R 2220 AEC-Q,Electrical Components,OTS,"Seattle, WA",PO Inspection,FALSE,Qualitel,0,6,0.212,0,1.272,0,Restricted,0
09-11-2026,CM: Sienna GA,10-001742 REV-1,10-001742,CAP CER 1UF 250V X7R 2220 AEC-Q,Electrical Components,OTS,ATLN,MAIN,FALSE,Sienna Corporation,1500,0,0.25,375,0,1,Unrestricted,1500
09-11-2026,Lunar Netsuite,10-001748,10-001748,RES 100K OHM 1% 1/2W 1210,Electrical Components,OTS,JIT - Reno,NS,FALSE,Lunar Energy,10000,0,0.0278,278,0,0,Unrestricted,10000
09-11-2026,Lunar Netsuite,10-001748,10-001748,RES 100K OHM 1% 1/2W 1210,Electrical Components,OTS,CCL (Computer Components Ltd),NS,FALSE,Lunar Energy,409809,0,0.026,10655.034,0,0,Unrestricted,409809
09-11-2026,CM: Qualitel WA,814L-10-001763,10-001763,RES SMD 49.9K OHM 1% 1/4W 1206 AEC-Q,Electrical Components,OTS,"Seattle, WA",PO Inspection,FALSE,Qualitel,0,250,0.0032,0,0.8,0,Restricted,0
09-11-2026,CM: Qualitel WA,814L-10-001763,10-001763,RES SMD 49.9K OHM 1% 1/4W 1206 AEC-Q,Electrical Components,OTS,"Seattle, WA",Stock,FALSE,Qualitel,100894,0,0.0032,322.8608,0,0,Unrestricted,100894
09-11-2026,CM: Qualitel WA,814L-10-001763,10-001763,RES SMD 49.9K OHM 1% 1/4W 1206 AEC-Q,Electrical Components,OTS,"Seattle, WA",MRB,FALSE,Qualitel,0,250,0.0032,0,0.8,0,Restricted,0
09-11-2026,Lunar Netsuite,10-001763,10-001763,RES SMD 49.9K OHM 1% 1/4W 1206 AEC-Q,Electrical Components,OTS,Sienna Corporation - GA,NS,FALSE,Lunar Energy,1503,0,0.0107,16.0821,0,0,Unrestricted,1000
09-11-2026,CM: Sienna GA,C10-001763 REV-1,10-001763,RES SMD 49.9K OHM 1% 1/4W 1206 AEC-Q,Electrical Components,OTS,ATLN,WR22,TRUE,Lunar Energy,3,0,0,0,0,1,Unrestricted,3
09-11-2026,CM: Celestica MX,10-0017633MS,10-001763,RES SMD 49.9K OHM 1% 1/4W 1206 AEC-Q,Electrical Components,OTS,Monterrey Prod,1000,FALSE,Celestica,-8,0,0.013,-0.104,0,0,Unrestricted,-8
09-11-2026,CM: Sienna GA,10-001763 REV-1,10-001763,RES SMD 49.9K OHM 1% 1/4W 1206 AEC-Q,Electrical Components,OTS,ATLN,LINE,FALSE,Sienna Corporation,14252,0,0.0055,78.386,0,1,Unrestricted,14252
09-11-2026,CM: Sienna GA,C10-001763 REV-1,10-001763,RES SMD 49.9K OHM 1% 1/4W 1206 AEC-Q,Electrical Components,OTS,ATLN,WS61,TRUE,Lunar Energy,1500,0,0,0,0,1,Unrestricted,1500
09-11-2026,Lunar Netsuite,10-001764,10-001764,RES SMD 20 OHM 1% 3/4W 1206,Electrical Components,OTS,CCL (Computer Components Ltd),NS,FALSE,Lunar Energy,1486,0,0.04,59.44,0,0,Unrestricted,1486
09-11-2026,Lunar Netsuite,10-001772,10-001772,TVS DIODE 54VWM 87.1VC DO214AB,Electrical Components,OTS,CCL (Computer Components Ltd),NS,FALSE,Lunar Energy,1025,0,0.527,540.175,0,0,Unrestricted,1025
09-11-2026,CM: Sienna GA,10-001782 REV-01,10-001782,RES 1.5M OHM 1% 1/4W 1206,Electrical Components,OTS,ATLN,MAIN,FALSE,Sienna Corporation,15000,0,0.0039,58.5,0,1,Unrestricted,15000
09-11-2026,CM: Sienna GA,10-001782 REV-01,10-001782,RES 1.5M OHM 1% 1/4W 1206,Electrical Components,OTS,ATLN,LINE,FALSE,Sienna Corporation,2841,0,0.0039,11.0799,0,1,Unrestricted,2841
09-11-2026,CM: Qualitel WA,814L-10-001782,10-001782,RES 1.5M OHM 1% 1/4W 1206,Electrical Components,OTS,"Seattle, WA",Stock,FALSE,Qualitel,16256,0,0.003,48.768,0,0,Unrestricted,16256
09-11-2026,CM: Sienna GA,10-001783 REV-01,10-001783,RES 0 OHM JUMPER 1/2W 1210,Electrical Components,OTS,ATLN,LINE,FALSE,Sienna Corporation,1460,0,0.0253,36.938,0,1,Unrestricted,1460
09-11-2026,Lunar Netsuite,10-001783,10-001783,RES 0 OHM JUMPER 1/2W 1210,Electrical Components,OTS,CA - Ravendale,NS,FALSE,Lunar Energy,5000,0,0.0102,51,0,0,Unrestricted,5000
09-11-2026,CM: Sienna GA,10-001784 REV-01,10-001784,CAP CER 27PF 50V C0G/NP0 0402 AEC-Q,Electrical Components,OTS,ATLN,LINE,FALSE,Sienna Corporation,15237,0,0.0056,85.3272,0,1,Unrestricted,15237
09-11-2026,CM: Sienna GA,10-001784 REV-01,10-001784,CAP CER 27PF 50V C0G/NP0 0402 AEC-Q,Electrical Components,OTS,ATLN,MAIN,FALSE,Sienna Corporation,20000,0,0.0056,112,0,1,Unrestricted,20000
09-11-2026,Lunar Netsuite,10-001784,10-001784,CAP CER 27PF 50V C0G/NP0 0402 AEC-Q,Electrical Components,OTS,JIT - Reno,NS,FALSE,Lunar Energy,9300,0,0.0056,52.08,0,0,Unrestricted,0
09-11-2026,CM: Qualitel WA,814L-10-001784,10-001784,CAP CER 27PF 50V C0G/NP0 0402 AEC-Q,Electrical Components,OTS,"Seattle, WA",Stock,FALSE,Qualitel,15006,0,0.0038,57.0228,0,0,Unrestricted,15006
09-11-2026,CM: Qualitel WA,814L-10-001809,10-001809,Thick Film Resistors 0805 2Kohms 0.5W 1% AEC-Q200,Electrical Components,OTS,"Seattle, WA",Stock,FALSE,Qualitel,34106,0,0.0115,392.219,0,0,Unrestricted,34106
09-11-2026,CM: Qualitel WA,814L-10-001809,10-001809,Thick Film Resistors 0805 2Kohms 0.5W 1% AEC-Q200,Electrical Components,OTS,"Seattle, WA",MRB,FALSE,Qualitel,0,125,0.0115,0,1.4375,0,Restricted,0
09-11-2026,CM: Celestica MX,10-0018093MS,10-001809,Thick Film Resistors 0805 2Kohms 0.5W 1% AEC-Q200,Electrical Components,OTS,Monterrey Prod,1000,FALSE,Celestica,-4,0,0.0155,-0.062,0,0,Unrestricted,-4
09-11-2026,Lunar Netsuite,10-001809,10-001809,Thick Film Resistors 0805 2Kohms 0.5W 1% AEC-Q200,Electrical Components,OTS,Avnet,NS,FALSE,Lunar Energy,15000,0,0.0155,232.5,0,0,Unrestricted,15000
09-11-2026,CM: Qualitel WA,814L-10-001809,10-001809,Thick Film Resistors 0805 2Kohms 0.5W 1% AEC-Q200,Electrical Components,OTS,"Seattle, WA",PO Inspection,FALSE,Qualitel,0,125,0.0115,0,1.4375,0,Restricted,0
09-11-2026,Lunar Netsuite,10-001810,10-001810,Safety Capacitors 300Vol 0.0022uF 10% LS=7.5mm AECQ2,Electrical Components,OTS,CCL (Computer Components Ltd),NS,FALSE,Lunar Energy,370000,0,0.12,44400,0,0,Unrestricted,370000
09-11-2026,Lunar Netsuite,10-001812,10-001812,Safety Capacitors 1.00UF 330V,Electrical Components,OTS,CCL (Computer Components Ltd),NS,FALSE,Lunar Energy,73560,0,0.55,40458,0,0,Unrestricted,73560
09-11-2026,CM: Sienna GA,10-001818 REV-02,10-001818,"Inductor Caddy,Triple",Part,OTS,ATLN,MRB,FALSE,Sienna Corporation,0,1496,0,0,0,2,Restricted,0
09-11-2026,CM: Sienna GA,10-001820 REV-01,10-001820,"Gantry,Power Transistor",Part,MTS,ATLN,RK33,FALSE,Sienna Corporation,315,0,11,3465,0,1,Unrestricted,315
09-11-2026,CM: Sienna GA,10-001820 REV-01,10-001820,"Gantry,Power Transistor",Part,MTS,ATLN,LPAC,FALSE,Sienna Corporation,88,0,11,968,0,1,Unrestricted,88
09-11-2026,CM: Sienna GA,10-001820 REV-01,10-001820,"Gantry,Power Transistor",Part,MTS,ATLN,RIQC,FALSE,Sienna Corporation,2100,0,11,23100,0,1,Unrestricted,2100
09-11-2026,CM: Sienna GA,10-001820 REV-01,10-001820,"Gantry,Power Transistor",Part,MTS,ATLN,LINE,FALSE,Sienna Corporation,746,0,11,8206,0,1,Unrestricted,746
09-11-2026,CM: Sienna GA,10-001821 REV-02,10-001821,"Pressure Pin,Power Transistor",Part,MTS,ATLN,PAWH,FALSE,Sienna Corporation,4800,0,0.25,1200,0,2,Unrestricted,4800
09-11-2026,CM: Sienna GA,10-001821 REV-02,10-001821,"Pressure Pin,Power Transistor",Part,MTS,ATLN,LINE,FALSE,Sienna Corporation,2679,0,0.25,669.75,0,2,Unrestricted,2679
09-11-2026,CM: Sienna GA,10-001821 REV-02,10-001821,"Pressure Pin,Power Transistor",Part,MTS,ATLN,MAIN,FALSE,Sienna Corporation,3581,0,0.25,895.25,0,2,Unrestricted,3581
09-11-2026,CM: Sienna GA,10-001821 REV-02,10-001821,"Pressure Pin,Power Transistor",Part,MTS,ATLN,RIQC,FALSE,Sienna Corporation,9983,0,0.25,2495.75,0,2,Unrestricted,9983
09-11-2026,CM: Sienna GA,10-001821 REV-02,10-001821,"Pressure Pin,Power Transistor",Part,MTS,ATLN,RL44,FALSE,Sienna Corporation,6922,0,0.25,1730.5,0,2,Unrestricted,6922
09-11-2026,CM: Sienna GA,10-001853 REV-01,10-001853,IC REG LIN 3.3V 400MA 8DSO E-PAD AEC-Q,Electrical Components,OTS,ATLN,MAIN,FALSE,Sienna Corporation,72,0,0.427,30.744,0,1,Unrestricted,72
09-11-2026,CM: Sienna GA,C10-001853 REV-01,10-001853,IC REG LIN 3.3V 400MA 8DSO E-PAD AEC-Q,Electrical Components,OTS,ATLN,WS34,TRUE,Lunar Energy,5000,0,0,0,0,1,Unrestricted,5000
09-11-2026,Lunar Netsuite,10-001853,10-001853,IC REG LIN 3.3V 400MA 8DSO E-PAD AEC-Q,Electrical Components,OTS,JIT - Reno,NS,FALSE,Lunar Energy,75000,0,0.31,23250,0,0,Unrestricted,75000
09-11-2026,CM: Sienna GA,C10-001853 REV-01,10-001853,IC REG LIN 3.3V 400MA 8DSO E-PAD AEC-Q,Electrical Components,OTS,ATLN,WS43,TRUE,Lunar Energy,7500,0,0,0,0,1,Unrestricted,7500
09-11-2026,Lunar Netsuite,10-001853,10-001853,IC REG LIN 3.3V 400MA 8DSO E-PAD AEC-Q,Electrical Components,OTS,Sienna Corporation - GA,NS,FALSE,Lunar Energy,12500,0,0.31,3875,0,0,Unrestricted,0
09-11-2026,CM: Celestica MX,10-0018533MS,10-001853,IC REG LIN 3.3V 400MA 8DSO E-PAD AEC-Q,Electrical Components,OTS,Monterrey Prod,1000,FALSE,Celestica,-2,0,0.427,-0.854,0,0,Unrestricted,-2
09-11-2026,Lunar Netsuite,10-001853,10-001853,IC REG LIN 3.3V 400MA 8DSO E-PAD AEC-Q,Electrical Components,OTS,NexGen Digital Inc,NS,FALSE,Lunar Energy,70000,0,0.31,21700,0,0,Unrestricted,70000
09-11-2026,CM: Sienna GA,10-001853 REV-01,10-001853,IC REG LIN 3.3V 400MA 8DSO E-PAD AEC-Q,Electrical Components,OTS,ATLN,LINE,FALSE,Sienna Corporation,3583,0,0.427,1529.941,0,1,Unrestricted,3583
09-11-2026,CM: Sienna GA,10-001870 REV-1,10-001870,CONN JACK 1PORT 100 BASE-T PCB,Electrical Components,OTS,ATLN,LINE,FALSE,Sienna Corporation,822,0,2.15,1767.3,0,1,Unrestricted,822
09-11-2026,Lunar Netsuite,10-001870,10-001870,CONN JACK 1PORT 100 BASE-T PCB,Electrical Components,OTS,JIT - Reno,NS,FALSE,Lunar Energy,6120,0,2.15,13158,0,0,Unrestricted,6120
09-11-2026,CM: Sienna GA,10-001870 REV-1,10-001870,CONN JACK 1PORT 100 BASE-T PCB,Electrical Components,OTS,ATLN,RIQC,FALSE,Sienna Corporation,3000,0,2.15,6450,0,1,Unrestricted,3000
09-11-2026,Lunar Netsuite,10-001870,10-001870,CONN JACK 1PORT 100 BASE-T PCB,Electrical Components,OTS,Avnet,NS,FALSE,Lunar Energy,2520,0,2.15,5418,0,0,Unrestricted,2520
09-11-2026,CM: Sienna GA,10-001870 REV-1,10-001870,CONN JACK 1PORT 100 BASE-T PCB,Electrical Components,OTS,ATLN,PAWH,FALSE,Sienna Corporation,1320,0,2.15,2838,0,1,Unrestricted,1320
09-11-2026,CM: Sienna GA,10-001887 REV-06,10-001887,"Custom Inductor, 19.2uH, 36.5%, THT",Electrical Components,MTS,ATLN,RJ25,FALSE,Sienna Corporation,10080,0,2.69,27115.2,0,6,Unrestricted,10080
09-11-2026,CM: Sienna GA,10-001887 REV-06,10-001887,"Custom Inductor, 19.2uH, 36.5%, THT",Electrical Components,MTS,ATLN,RIQC,FALSE,Sienna Corporation,6773,0,2.69,18219.37,0,6,Unrestricted,6773
09-11-2026,CM: Sienna GA,10-001887 REV-06,10-001887,"Custom Inductor, 19.2uH, 36.5%, THT",Electrical Components,MTS,ATLN,PAWH,FALSE,Sienna Corporation,10080,0,2.69,27115.2,0,6,Unrestricted,10080
09-11-2026,CM: Sienna GA,10-001887 REV-06,10-001887,"Custom Inductor, 19.2uH, 36.5%, THT",Electrical Components,MTS,ATLN,LINE,FALSE,Sienna Corporation,4678,0,2.69,12583.82,0,6,Unrestricted,4678
09-11-2026,CM: Sienna GA,10-001887 REV-05,10-001887,"Custom Inductor, 19.2uH, 36.5%, THT",Electrical Components,MTS,ATLN,LINE,FALSE,Sienna Corporation,1920,0,2.69,5164.8,0,5,Unrestricted,1920
09-11-2026,Lunar Netsuite,10-001887,10-001887,"Custom Inductor, 19.2uH, 36.5%, THT",Electrical Components,MTS,Sienna Corporation - GA,NS,FALSE,Lunar Energy,2403,0,2.76,6632.28,0,0,Unrestricted,2403
09-11-2026,CM: Sienna GA,10-001887 REV-06,10-001887,"Custom Inductor, 19.2uH, 36.5%, THT",Electrical Components,MTS,ATLN,RK15,FALSE,Sienna Corporation,6820,0,2.69,18345.8,0,6,Unrestricted,6820
09-11-2026,CM: Sienna GA,C10-001887 REV-06,10-001887,"Custom Inductor, 19.2uH, 36.5%, THT",Electrical Components,MTS,ATLN,WR93,TRUE,Lunar Energy,328,0,0,0,0,6,Unrestricted,328
09-11-2026,CM: Sienna GA,10-001887 REV-06,10-001887,"Custom Inductor, 19.2uH, 36.5%, THT",Electrical Components,MTS,ATLN,MRB,FALSE,Sienna Corporation,0,122,2.69,0,328.18,6,Restricted,0
09-11-2026,CM: Sienna GA,10-001887 REV-05,10-001887,"Custom Inductor, 19.2uH, 36.5%, THT",Electrical Components,MTS,ATLN,MAIN,FALSE,Sienna Corporation,72,0,2.69,193.68,0,5,Unrestricted,72
09-11-2026,CM: Sienna GA,C10-001887 REV-06,10-001887,"Custom Inductor, 19.2uH, 36.5%, THT",Electrical Components,MTS,ATLN,WHS2,TRUE,Lunar Energy,1587,0,0,0,0,6,Unrestricted,1587
09-11-2026,CM: Sienna GA,10-001907 REV-01,10-001907,RES 63.4 OHM 1% 1/10W 0603 AEC-Q,Electrical Components,OTS,ATLN,RIQC,FALSE,Sienna Corporation,4900,0,0.0018,8.82,0,1,Unrestricted,4900
09-11-2026,CM: Qualitel WA,814L-10-001907,10-001907,RES 63.4 OHM 1% 1/10W 0603 AEC-Q,Electrical Components,OTS,"Seattle, WA",Stock,FALSE,Qualitel,18582,0,0.0018,33.4476,0,0,Unrestricted,18582
09-11-2026,CM: Sienna GA,10-001907 REV-01,10-001907,RES 63.4 OHM 1% 1/10W 0603 AEC-Q,Electrical Components,OTS,ATLN,LINE,FALSE,Sienna Corporation,9297,0,0.0018,16.7346,0,1,Unrestricted,9297
09-11-2026,Lunar Netsuite,10-001915,10-001915,IC OPAMP GP 2 CIRCUIT 8TSSOP,Electrical Components,OTS,CCL (Computer Components Ltd),NS,FALSE,Lunar Energy,8000,0,0.423,3384,0,0,Unrestricted,8000
09-11-2026,CM: Sienna GA,10-001918 REV-01,10-001918,CAP 3.3F 3V .075 OHM,Electrical Components,OTS,ATLN,RIQC,FALSE,Sienna Corporation,6162,0,0.35,2156.7,0,1,Unrestricted,6162
09-11-2026,CM: Sienna GA,10-001918 REV-01,10-001918,CAP 3.3F 3V .075 OHM,Electrical Components,OTS,ATLN,PAMS,FALSE,Sienna Corporation,7100,0,0.35,2485,0,1,Unrestricted,7100
09-11-2026,CM: Sienna GA,10-001918 REV-01,10-001918,CAP 3.3F 3V .075 OHM,Electrical Components,OTS,ATLN,LINE,FALSE,Sienna Corporation,350,0,0.35,122.5,0,1,Unrestricted,350
09-11-2026,Lunar Netsuite,10-001918,10-001918,CAP 3.3F 3V .075 OHM,Electrical Components,OTS,Avnet,NS,FALSE,Lunar Energy,27008,0,0.598,16150.784,0,0,Unrestricted,27008
09-11-2026,Lunar Netsuite,10-001918,10-001918,CAP 3.3F 3V .075 OHM,Electrical Components,OTS,CA - Ravendale,NS,FALSE,Lunar Energy,187,0,1.3374,250.0938,0,0,Unrestricted,187
09-11-2026,CM: Sienna GA,10-001922 REV-01,10-001922,RES SMD 6.8 OHM 0.1% 1/10W ±25ppm 0805,Electrical Components,OTS,ATLN,LINE,FALSE,Sienna Corporation,8193,0,0.075,614.475,0,1,Unrestricted,8193
09-11-2026,Lunar Netsuite,10-001925,10-001925,"IND FIXED 10UH 1.9A 84.5MOHM SMD 0.315"" L x 0.315"" W (8.00mm x 8.00mm)",Electrical Components,OTS,JIT - Reno,NS,FALSE,Lunar Energy,12000,0,0.1152,1382.4,0,0,Unrestricted,12000
09-11-2026,Lunar Netsuite,10-001925,10-001925,"IND FIXED 10UH 1.9A 84.5MOHM SMD 0.315"" L x 0.315"" W (8.00mm x 8.00mm)",Electrical Components,OTS,Avnet,NS,FALSE,Lunar Energy,1000,0,0.115,115,0,0,Unrestricted,1000
09-11-2026,CM: Sienna GA,10-001925 REV-1,10-001925,"IND FIXED 10UH 1.9A 84.5MOHM SMD 0.315"" L x 0.315"" W (8.00mm x 8.00mm)",Electrical Components,OTS,ATLN,MAIN,FALSE,Sienna Corporation,19000,0,0.115,2185,0,1,Unrestricted,19000
09-11-2026,Lunar Netsuite,10-001925,10-001925,"IND FIXED 10UH 1.9A 84.5MOHM SMD 0.315"" L x 0.315"" W (8.00mm x 8.00mm)",Electrical Components,OTS,Sienna Corporation - GA,NS,FALSE,Lunar Energy,1000,0,0.1152,115.2,0,0,Unrestricted,0
09-11-2026,CM: Sienna GA,C10-001925 REV-1,10-001925,"IND FIXED 10UH 1.9A 84.5MOHM SMD 0.315"" L x 0.315"" W (8.00mm x 8.00mm)",Electrical Components,OTS,ATLN,WT63,TRUE,Lunar Energy,1000,0,0,0,0,1,Unrestricted,1000
09-11-2026,CM: Sienna GA,10-001925 REV-1,10-001925,"IND FIXED 10UH 1.9A 84.5MOHM SMD 0.315"" L x 0.315"" W (8.00mm x 8.00mm)",Electrical Components,OTS,ATLN,LINE,FALSE,Sienna Corporation,773,0,0.115,88.895,0,1,Unrestricted,773
09-11-2026,CM: Qualitel WA,814L-10-001926,10-001926,CAP CER 220PF 100V X7R 0402 AEC-Q,Electrical Components,OTS,"Seattle, WA",Stock,FALSE,Qualitel,8701,0,0.0027,23.4927,0,0,Unrestricted,8701
09-11-2026,CM: Sienna GA,10-001926 REV-01,10-001926,CAP CER 220PF 100V X7R 0402 AEC-Q,Electrical Components,OTS,ATLN,LINE,FALSE,Sienna Corporation,3357,0,0.0032,10.7424,0,1,Unrestricted,3357
09-11-2026,Lunar Netsuite,10-001926,10-001926,CAP CER 220PF 100V X7R 0402 AEC-Q,Electrical Components,OTS,JIT - Reno,NS,FALSE,Lunar Energy,1000,0,0.02,20,0,0,Unrestricted,1000
09-11-2026,Lunar Netsuite,10-001975,10-001975,IC EEPROM 1MBIT I2C 1MHZ 8TSSOP,Electrical Components,OTS,CCL (Computer Components Ltd),NS,FALSE,Lunar Energy,32000,0,1.04,33280,0,0,Unrestricted,32000
09-11-2026,Lunar Netsuite,10-001979,10-001979,CRYSTAL 25.0000MHZ 20PF SMD,Electrical Components,OTS,CCL (Computer Components Ltd),NS,FALSE,Lunar Energy,14000,0,0.0898,1257.2,0,0,Unrestricted,14000
09-11-2026,CM: Qualitel WA,814L-10-001981,10-001981,IC REG LINEAR 3.3V 300MA SOT23-5,Electrical Components,OTS,"Seattle, WA",Stock,FALSE,Qualitel,4751,0,0.214,1016.714,0,0,Unrestricted,4751
09-11-2026,Lunar Netsuite,10-001981,10-001981,IC REG LINEAR 3.3V 300MA SOT23-5,Electrical Components,OTS,JIT - Reno,NS,FALSE,Lunar Energy,27000,0,0.2173,5867.1,0,0,Unrestricted,24000
09-11-2026,CM: Sienna GA,10-001981 REV-01,10-001981,IC REG LINEAR 3.3V 300MA SOT23-5,Electrical Components,OTS,ATLN,RIQC,FALSE,Sienna Corporation,6000,0,0.2285,1371,0,1,Unrestricted,6000
09-11-2026,CM: Sienna GA,10-001981 REV-01,10-001981,IC REG LINEAR 3.3V 300MA SOT23-5,Electrical Components,OTS,ATLN,LINE,FALSE,Sienna Corporation,3814,0,0.2285,871.499,0,1,Unrestricted,3814
09-11-2026,Lunar Netsuite,10-001981,10-001981,IC REG LINEAR 3.3V 300MA SOT23-5,Electrical Components,OTS,NexGen Digital Inc,NS,FALSE,Lunar Energy,6000,0,0.2285,1371,0,0,Unrestricted,6000
09-11-2026,Lunar Netsuite,10-001984,10-001984,SWITCH SLIDE DPDT 200MA 12V,Electrical Components,OTS,CCL (Computer Components Ltd),NS,FALSE,Lunar Energy,14500,0,0.623,9033.5,0,0,Unrestricted,14500
09-11-2026,CM: Sienna GA,10-001993 REV-01,10-001993,DIODE SCHOTTKY 40V 5A SMC AEC-Q,Electrical Components,OTS,ATLN,MAIN,FALSE,Sienna Corporation,6000,0,0.1,600,0,1,Unrestricted,6000
09-11-2026,CM: Qualitel WA,814L-10-001993,10-001993,DIODE SCHOTTKY 40V 5A SMC AEC-Q,Electrical Components,OTS,"Seattle, WA",Stock,FALSE,Qualitel,13008,0,0.103,1339.824,0,0,Unrestricted,13008
09-11-2026,CM: Sienna GA,10-001993 REV-01,10-001993,DIODE SCHOTTKY 40V 5A SMC AEC-Q,Electrical Components,OTS,ATLN,LINE,FALSE,Sienna Corporation,2963,0,0.1,296.3,0,1,Unrestricted,2963
09-11-2026,Lunar Netsuite,10-001993,10-001993,DIODE SCHOTTKY 40V 5A SMC AEC-Q,Electrical Components,OTS,NexGen Digital Inc,NS,FALSE,Lunar Energy,147074,0,0.1,14707.4,0,0,Unrestricted,147074
09-11-2026,Lunar Netsuite,10-001993,10-001993,DIODE SCHOTTKY 40V 5A SMC AEC-Q,Electrical Components,OTS,JIT - Reno,NS,FALSE,Lunar Energy,33000,0,0.1025,3382.5,0,0,Unrestricted,31000
09-11-2026,Lunar Netsuite,10-002001,10-002001,CAP CER 0.47UF 500V X7R 1812,Electrical Components,OTS,NexGen Digital Inc,NS,FALSE,Lunar Energy,27500,0,1.6091,44250.25,0,0,Unrestricted,27500
09-11-2026,Lunar Netsuite,10-002002,10-002002,CAP CER 10UF 50V X7S 1210,Electrical Components,OTS,CCL (Computer Components Ltd),NS,FALSE,Lunar Energy,23000,0,0.298,6854,0,0,Unrestricted,23000
09-11-2026,Lunar Netsuite,10-002005,10-002005,CAP CER 4700PF 400VAC Y5U RADIAL,Electrical Components,OTS,CCL (Computer Components Ltd),NS,FALSE,Lunar Energy,40000,0,0.133,5320,0,0,Unrestricted,40000
09-11-2026,Lunar Netsuite,10-002006,10-002006,ISOMOV 5KA 175VRMS BULK IN-LINE,Electrical Components,OTS,Avnet,NS,FALSE,Lunar Energy,64728,0,0.634,41037.552,0,0,Unrestricted,64728
09-11-2026,CM: Sienna GA,10-002006 REV-01,10-002006,ISOMOV 5KA 175VRMS BULK IN-LINE,Electrical Components,OTS,ATLN,LINE,FALSE,Sienna Corporation,208,0,0.634,131.872,0,1,Unrestricted,208
09-11-2026,CM: Sienna GA,10-002006 REV-01,10-002006,ISOMOV 5KA 175VRMS BULK IN-LINE,Electrical Components,OTS,ATLN,PAMS,FALSE,Sienna Corporation,600,0,0.634,380.4,0,1,Unrestricted,600
09-11-2026,CM: Sienna GA,10-002006 REV-01,10-002006,ISOMOV 5KA 175VRMS BULK IN-LINE,Electrical Components,OTS,ATLN,RIQC,FALSE,Sienna Corporation,2000,0,0.634,1268,0,1,Unrestricted,2000
09-11-2026,CM: Sienna GA,10-002006 REV-01,10-002006,ISOMOV 5KA 175VRMS BULK IN-LINE,Electrical Components,OTS,ATLN,MAIN,FALSE,Sienna Corporation,314,0,0.634,199.076,0,1,Unrestricted,314
09-11-2026,Lunar Netsuite,10-002008,10-002008,CAP CER 1UF 10V X7S 0402 AEC-Q,Electrical Components,OTS,JIT - Reno,NS,FALSE,Lunar Energy,10000,0,0.0114,114,0,0,Unrestricted,10000
09-11-2026,CM: Qualitel WA,814L-10-002008,10-002008,CAP CER 1UF 10V X7S 0402 AEC-Q,Electrical Components,OTS,"Seattle, WA",Stock,FALSE,Qualitel,22708,0,0.0091,206.6428,0,0,Unrestricted,22708
09-11-2026,CM: Sienna GA,10-002008 REV-01,10-002008,CAP CER 1UF 10V X7S 0402 AEC-Q,Electrical Components,OTS,ATLN,LINE,FALSE,Sienna Corporation,6871,0,0.0114,78.3294,0,1,Unrestricted,6871
09-11-2026,Lunar Netsuite,10-002009,10-002009,ISOMOV 8KA 250VRMS BULK IN-LINE,Electrical Components,OTS,Avnet,NS,FALSE,Lunar Energy,525,0,0.732,384.3,0,0,Unrestricted,525
09-11-2026,CM: Qualitel WA,814L-10-002009,10-002009,ISOMOV 8KA 250VRMS BULK IN-LINE,Electrical Components,OTS,"Seattle, WA",Stock,FALSE,Qualitel,5687,0,0.61,3469.07,0,0,Unrestricted,5687
09-11-2026,CM: Sienna GA,10-002009 REV-01,10-002009,ISOMOV 8KA 250VRMS BULK IN-LINE,Electrical Components,OTS,ATLN,MAIN,FALSE,Sienna Corporation,1766,0,0.756,1335.096,0,1,Unrestricted,1766
09-11-2026,Lunar Netsuite,10-002009,10-002009,ISOMOV 8KA 250VRMS BULK IN-LINE,Electrical Components,OTS,JIT - Reno,NS,FALSE,Lunar Energy,275,0,0.875,240.625,0,0,Unrestricted,275
09-11-2026,CM: Sienna GA,10-002009 REV-01,10-002009,ISOMOV 8KA 250VRMS BULK IN-LINE,Electrical Components,OTS,ATLN,LINE,FALSE,Sienna Corporation,855,0,0.756,646.38,0,1,Unrestricted,855
09-11-2026,CM: Sienna GA,10-002009 REV-01,10-002009,ISOMOV 8KA 250VRMS BULK IN-LINE,Electrical Components,OTS,ATLN,RIQC,FALSE,Sienna Corporation,8408,0,0.756,6356.448,0,1,Unrestricted,8408
09-11-2026,Lunar Netsuite,10-002019,10-002019,"Lithium Ion Cell,S004a,Untrimmed",Part,OTS,Celestica - Mexico,NS,FALSE,Lunar Energy,472,0,9.3817,4428.1624,0,0,Unrestricted,472
09-11-2026,CM: Celestica MX,10-0020203MS,10-002020,"Pouch,Water Filled,Half Submodule",Part,MTS,Monterrey Prod,1000,FALSE,Celestica,-46,0,0.44,-20.24,0,0,Unrestricted,-46
09-11-2026,CM: Sienna GA,10-002026 REV-01,10-002026,"Hotmelt,Polyamid,V0,0.2-0.3 W/m-K",Part,OTS,ATLN,RIQC,FALSE,Sienna Corporation,4848.496094,0,0.0405,196.3640918,0,1,Unrestricted,4848.496094
09-11-2026,CM: Sienna GA,10-002026 REV-01,10-002026,"Hotmelt,Polyamid,V0,0.2-0.3 W/m-K",Part,OTS,ATLN,PAWH,FALSE,Sienna Corporation,2,0,0.0405,0.081,0,1,Unrestricted,2
09-11-2026,CM: Sienna GA,10-002026 REV-01,10-002026,"Hotmelt,Polyamid,V0,0.2-0.3 W/m-K",Part,OTS,ATLN,RIQC,FALSE,Sienna Corporation,601.9439697,0,0.0405,24.37873077,0,1,Unrestricted,601.9439697
09-11-2026,CM: Sienna GA,10-002026 REV-01,10-002026,"Hotmelt,Polyamid,V0,0.2-0.3 W/m-K",Part,OTS,ATLN,RA73,FALSE,Sienna Corporation,132,0,0.0405,5.346,0,1,Unrestricted,132
09-11-2026,CM: Sienna GA,10-002026 REV-01,10-002026,"Hotmelt,Polyamid,V0,0.2-0.3 W/m-K",Part,OTS,ATLN,RIQC,FALSE,Sienna Corporation,477.519989,0,0.0405,19.33955956,0,1,Unrestricted,477.519989
09-11-2026,CM: Sienna GA,10-002026 REV-01,10-002026,"Hotmelt,Polyamid,V0,0.2-0.3 W/m-K",Part,OTS,ATLN,RA84,FALSE,Sienna Corporation,74686,0,0.0405,3024.783,0,1,Unrestricted,74686
09-11-2026,CM: Sienna GA,10-002026 REV-01,10-002026,"Hotmelt,Polyamid,V0,0.2-0.3 W/m-K",Part,OTS,ATLN,WHS2,FALSE,Sienna Corporation,60530.44141,0,0.0405,2451.482877,0,1,Unrestricted,60530.44141
09-11-2026,CM: Sienna GA,10-002026 REV-01,10-002026,"Hotmelt,Polyamid,V0,0.2-0.3 W/m-K",Part,OTS,ATLN,RIQC,FALSE,Sienna Corporation,39916.09766,0,0.0405,1616.601955,0,1,Unrestricted,39916.09766
09-11-2026,CM: Sienna GA,10-002026 REV-01,10-002026,"Hotmelt,Polyamid,V0,0.2-0.3 W/m-K",Part,OTS,ATLN,RIQC,FALSE,Sienna Corporation,39914.09766,0,0.0405,1616.520955,0,1,Unrestricted,39914.09766
09-11-2026,CM: Sienna GA,10-002026 REV-01,10-002026,"Hotmelt,Polyamid,V0,0.2-0.3 W/m-K",Part,OTS,ATLN,WHS2,FALSE,Sienna Corporation,173.4799957,0,0.0405,7.025939827,0,1,Unrestricted,173.4799957
09-11-2026,CM: Sienna GA,10-002026 REV-01,10-002026,"Hotmelt,Polyamid,V0,0.2-0.3 W/m-K",Part,OTS,ATLN,RIQC,FALSE,Sienna Corporation,27704.69531,0,0.0405,1122.04016,0,1,Unrestricted,27704.69531
09-11-2026,CM: Sienna GA,10-002027 REV-04,10-002027,"Thread Forming Screw, M2.5 X 5mm, Torx",Part,OTS,ATLN,RP62,FALSE,Sienna Corporation,380479,0,0.005,1902.395,0,4,Unrestricted,380479
09-11-2026,CM: Sienna GA,10-002027 REV-04,10-002027,"Thread Forming Screw, M2.5 X 5mm, Torx",Part,OTS,ATLN,LINE,FALSE,Sienna Corporation,91,0,0.005,0.455,0,4,Unrestricted,91
09-11-2026,CM: Sienna GA,10-002035 REV-03,10-002035,"Sticker, Vent, 12mm Round",Part,MTS,ATLN,LINE,FALSE,Sienna Corporation,2711,0,0,0,0,3,Unrestricted,2711
09-11-2026,CM: Sienna GA,10-002035 REV-01,10-002035,"Sticker, Vent, 12mm Round",Part,MTS,ATLN,PCKD,FALSE,Sienna Corporation,9375,0,0.2,1875,0,1,Unrestricted,9375
09-11-2026,CM: Celestica MX,10-0020353MS,10-002035,"Sticker, Vent, 12mm Round",Part,MTS,Monterrey Prod,1000,FALSE,Celestica,-2,0,0.2,-0.4,0,0,Unrestricted,-2
09-11-2026,Lunar Netsuite,10-002035,10-002035,"Sticker, Vent, 12mm Round",Part,MTS,CA - Ravendale,NS,FALSE,Lunar Energy,900,0,0.05,45,0,0,Unrestricted,900
09-11-2026,CM: Sienna GA,10-002036 REV-01,10-002036,ULTRA THIN BLUE SMD LED,Electrical Components,OTS,ATLN,LINE,FALSE,Sienna Corporation,1422,0,0.11,156.42,0,1,Unrestricted,1422
09-11-2026,Lunar Netsuite,10-002036,10-002036,ULTRA THIN BLUE SMD LED,Electrical Components,OTS,NexGen Digital Inc,NS,FALSE,Lunar Energy,8000,0,0.11,880,0,0,Unrestricted,8000
09-11-2026,Lunar Netsuite,10-002036,10-002036,ULTRA THIN BLUE SMD LED,Electrical Components,OTS,JIT - Reno,NS,FALSE,Lunar Energy,8000,0,0.11,880,0,0,Unrestricted,8000
09-11-2026,CM: Qualitel WA,814L-10-002036,10-002036,ULTRA THIN BLUE SMD LED,Electrical Components,OTS,"Seattle, WA",Stock,FALSE,Qualitel,6934,0,0.11,762.74,0,0,Unrestricted,6934
09-11-2026,CM: Sienna GA,10-002036 REV-01,10-002036,ULTRA THIN BLUE SMD LED,Electrical Components,OTS,ATLN,MAIN,FALSE,Sienna Corporation,4887,0,0.11,537.57,0,1,Unrestricted,4887
09-11-2026,Lunar Netsuite,10-002041,10-002041,Switching Voltage Regulators OPTIREG SWITCHER,Electrical Components,OTS,NexGen Digital Inc,NS,FALSE,Lunar Energy,3000,0,1.13,3390,0,0,Unrestricted,3000
09-11-2026,CM: Sienna GA,10-002041 REV-01,10-002041,Switching Voltage Regulators OPTIREG SWITCHER,Electrical Components,OTS,ATLN,LINE,FALSE,Sienna Corporation,2598,0,1.13,2935.74,0,1,Unrestricted,2598
09-11-2026,Lunar Netsuite,10-002041,10-002041,Switching Voltage Regulators OPTIREG SWITCHER,Electrical Components,OTS,Avnet,NS,FALSE,Lunar Energy,12000,0,1.13,13560,0,0,Unrestricted,11876
09-11-2026,CM: Qualitel WA,814L-10-002061,10-002061,"Fir Tree,Cable Tie,1-Piece,1.0 - 35.0 mm",Part,OTS,"Seattle, WA",Stock,FALSE,Qualitel,12571,0,0.113,1420.523,0,0,Unrestricted,12571
09-11-2026,CM: Sienna GA,10-002080 REV-01,10-002080,"Wire Harness,Inverter,Antenna (900Mhz/BT/WiFi/LTE)",Part,MTS,ATLN,RP85,FALSE,Sienna Corporation,360,0,25.54,9194.4,0,1,Unrestricted,360
09-11-2026,CM: Sienna GA,10-002080 REV-01,10-002080,"Wire Harness,Inverter,Antenna (900Mhz/BT/WiFi/LTE)",Part,MTS,ATLN,RK56,FALSE,Sienna Corporation,240,0,25.54,6129.6,0,1,Unrestricted,240
09-11-2026,Lunar Netsuite,10-002080,10-002080,"Wire Harness,Inverter,Antenna (900Mhz/BT/WiFi/LTE)",Part,MTS,Avnet,NS,FALSE,Lunar Energy,2075,0,25.54,52995.5,0,0,Unrestricted,1037
09-11-2026,CM: Sienna GA,10-002080 REV-01,10-002080,"Wire Harness,Inverter,Antenna (900Mhz/BT/WiFi/LTE)",Part,MTS,ATLN,RJ14,FALSE,Sienna Corporation,240,0,25.54,6129.6,0,1,Unrestricted,240
09-11-2026,CM: Sienna GA,10-002080 REV-01,10-002080,"Wire Harness,Inverter,Antenna (900Mhz/BT/WiFi/LTE)",Part,MTS,ATLN,RK65,FALSE,Sienna Corporation,50,0,25.54,1277,0,1,Unrestricted,50
09-11-2026,CM: Sienna GA,10-002080 REV-01,10-002080,"Wire Harness,Inverter,Antenna (900Mhz/BT/WiFi/LTE)",Part,MTS,ATLN,INRE,FALSE,Sienna Corporation,10,0,25.54,255.4,0,1,Unrestricted,10
09-11-2026,CM: Sienna GA,10-002080 REV-01,10-002080,"Wire Harness,Inverter,Antenna (900Mhz/BT/WiFi/LTE)",Part,MTS,ATLN,PDRW,FALSE,Sienna Corporation,18,0,25.54,459.72,0,1,Unrestricted,18
09-11-2026,CM: Sienna GA,10-002080 REV-01,10-002080,"Wire Harness,Inverter,Antenna (900Mhz/BT/WiFi/LTE)",Part,MTS,ATLN,LINE,FALSE,Sienna Corporation,188,0,25.54,4801.52,0,1,Unrestricted,188
09-11-2026,CM: Sienna GA,10-002090 REV-1,10-002090,"CMOS, 50MHz Min, 6000MHz Max, 1 Func, 0.75dB Insertion Loss-Max",Electrical Components,OTS,ATLN,LINE,FALSE,Sienna Corporation,11803,0,0.116,1369.148,0,1,Unrestricted,11803
09-11-2026,Lunar Netsuite,10-002090,10-002090,"CMOS, 50MHz Min, 6000MHz Max, 1 Func, 0.75dB Insertion Loss-Max",Electrical Components,OTS,JIT - Reno,NS,FALSE,Lunar Energy,32706,0,0.09,2943.54,0,0,Unrestricted,32706
09-11-2026,CM: Sienna GA,10-002094 REV-01,10-002094,IC IGBT DVR,Electrical Components,OTS,ATLN,RIQC,FALSE,Sienna Corporation,2500,0,1.12,2800,0,1,Unrestricted,2500
09-11-2026,CM: Qualitel WA,814L-10-002094,10-002094,IC IGBT DVR,Electrical Components,OTS,"Seattle, WA",Stock,FALSE,Qualitel,15361,0,1.05,16129.05,0,0,Unrestricted,15361
09-11-2026,Lunar Netsuite,10-002094,10-002094,IC IGBT DVR,Electrical Components,OTS,JIT - Reno,NS,FALSE,Lunar Energy,2360,0,1.02,2407.2,0,0,Unrestricted,2360
09-11-2026,CM: Sienna GA,10-002094 REV-01,10-002094,IC IGBT DVR,Electrical Components,OTS,ATLN,MAIN,FALSE,Sienna Corporation,7500,0,1.12,8400,0,1,Unrestricted,7500
09-11-2026,CM: Sienna GA,10-002094 REV-01,10-002094,IC IGBT DVR,Electrical Components,OTS,ATLN,LINE,FALSE,Sienna Corporation,4078,0,1.12,4567.36,0,1,Unrestricted,4078
09-11-2026,CM: Sienna GA,10-002095 REV-01,10-002095,FUSE BRD 60A 250VAC 80VDC 2SMD,Electrical Components,OTS,ATLN,MAIN,FALSE,Sienna Corporation,3000,0,2.6588,7976.4,0,1,Unrestricted,3000
09-11-2026,CM: Sienna GA,10-002095 REV-01,10-002095,FUSE BRD 60A 250VAC 80VDC 2SMD,Electrical Components,OTS,ATLN,LINE,FALSE,Sienna Corporation,3048,0,2.6588,8104.0224,0,1,Unrestricted,3048
09-11-2026,CM: Sienna GA,10-002095 REV-01,10-002095,FUSE BRD 60A 250VAC 80VDC 2SMD,Electrical Components,OTS,ATLN,RIQC,FALSE,Sienna Corporation,934,0,2.6588,2483.3192,0,1,Unrestricted,934
09-11-2026,CM: Sienna GA,10-002109 REV-01,10-002109,"Screw,M5 x 0.8 6g x 8mm,BHT T-25,Steel,ZnNi BC,Nylon Patch",Part,OTS,ATLN,RIQC,FALSE,Sienna Corporation,4200,0,0.0599,251.58,0,1,Unrestricted,4200
09-11-2026,CM: Sienna GA,10-002109 REV-01,10-002109,"Screw,M5 x 0.8 6g x 8mm,BHT T-25,Steel,ZnNi BC,Nylon Patch",Part,OTS,ATLN,LINE,FALSE,Sienna Corporation,1942,0,0.0599,116.3258,0,1,Unrestricted,1942
09-11-2026,CM: Sienna GA,10-002110 REV-02,10-002110,"Screw,M2.5x0.45 6g x8mm,BHT T8,Flange,Steel,ZnNi BC,Nylon Patch",Part,OTS,ATLN,RIQC,FALSE,Sienna Corporation,1003,0,0.026,26.078,0,2,Unrestricted,1003
09-11-2026,CM: Sienna GA,10-002110 REV-02,10-002110,"Screw,M2.5x0.45 6g x8mm,BHT T8,Flange,Steel,ZnNi BC,Nylon Patch",Part,OTS,ATLN,RP52,FALSE,Sienna Corporation,27000,0,0.026,702,0,2,Unrestricted,27000
09-11-2026,CM: Sienna GA,10-002110 REV-02,10-002110,"Screw,M2.5x0.45 6g x8mm,BHT T8,Flange,Steel,ZnNi BC,Nylon Patch",Part,OTS,ATLN,LINE,FALSE,Sienna Corporation,2637,0,0.026,68.562,0,2,Unrestricted,2637
09-11-2026,CM: Sienna GA,10-002113 REV-01,10-002113,"Screw,M5x0.8 6g x8mm,Under-Head Sealing,BHT T25,Flange,Steel,ZiNi BC,Nylon Patch",Part,OTS,ATLN,RP62,FALSE,Sienna Corporation,15094,0,0.1032,1557.7008,0,1,Unrestricted,15094
09-11-2026,CM: Qualitel WA,814L-10-002115,10-002115,"Screw,K30 x 1.34PF x10mm,T/F,BHT T10,Flanged,Steel,ZiNi BC,Patch",Part,OTS,"Seattle, WA",Stock,FALSE,Qualitel,18587,0,0.03,557.61,0,0,Unrestricted,18587
09-11-2026,CM: Qualitel WA,814L-10-002115,10-002115,"Screw,K30 x 1.34PF x10mm,T/F,BHT T10,Flanged,Steel,ZiNi BC,Patch",Part,OTS,"Seattle, WA",PO Inspection,FALSE,Qualitel,0,25,0.03,0,0.75,0,Restricted,0
09-11-2026,CM: Sienna GA,10-002115 REV-01,10-002115,"Screw,K30 x 1.34PF x10mm,T/F,BHT T10,Flanged,Steel,ZiNi BC,Patch",Part,OTS,ATLN,MAIN,FALSE,Sienna Corporation,1000,0,0.0108,10.8,0,1,Unrestricted,1000
09-11-2026,CM: Sienna GA,10-002115 REV-01,10-002115,"Screw,K30 x 1.34PF x10mm,T/F,BHT T10,Flanged,Steel,ZiNi BC,Patch",Part,OTS,ATLN,WHS2,FALSE,Sienna Corporation,679,0,0.0108,7.3332,0,1,Unrestricted,679
09-11-2026,CM: Sienna GA,10-002115 REV-01,10-002115,"Screw,K30 x 1.34PF x10mm,T/F,BHT T10,Flanged,Steel,ZiNi BC,Patch",Part,OTS,ATLN,RP71,FALSE,Sienna Corporation,6500,0,0.0108,70.2,0,1,Unrestricted,6500
09-11-2026,CM: Qualitel WA,814L-10-002115,10-002115,"Screw,K30 x 1.34PF x10mm,T/F,BHT T10,Flanged,Steel,ZiNi BC,Patch",Part,OTS,"Seattle, WA",MRB,FALSE,Qualitel,0,25,0.03,0,0.75,0,Restricted,0
09-11-2026,CM: Sienna GA,10-002115 REV-01,10-002115,"Screw,K30 x 1.34PF x10mm,T/F,BHT T10,Flanged,Steel,ZiNi BC,Patch",Part,OTS,ATLN,LINE,FALSE,Sienna Corporation,15580,0,0.0108,168.264,0,1,Unrestricted,15580
09-11-2026,CM: Sienna GA,10-002115 REV-01,10-002115,"Screw,K30 x 1.34PF x10mm,T/F,BHT T10,Flanged,Steel,ZiNi BC,Patch",Part,OTS,ATLN,PAWH,FALSE,Sienna Corporation,23000,0,0.0108,248.4,0,1,Unrestricted,23000
09-11-2026,CM: Sienna GA,10-002116 REV-03,10-002116,"Screw,M4x0.7 6g x36mm,BHT T20,Flange,Steel,ZiNi BC,Nylon Patch",Part,OTS,ATLN,RQ72,FALSE,Sienna Corporation,14312,0,0.087,1245.144,0,3,Unrestricted,14312
09-11-2026,CM: Sienna GA,10-002116 REV-03,10-002116,"Screw,M4x0.7 6g x36mm,BHT T20,Flange,Steel,ZiNi BC,Nylon Patch",Part,OTS,ATLN,LINE,FALSE,Sienna Corporation,132,0,0.087,11.484,0,3,Unrestricted,132
09-11-2026,CM: Sienna GA,10-002116 REV-03,10-002116,"Screw,M4x0.7 6g x36mm,BHT T20,Flange,Steel,ZiNi BC,Nylon Patch",Part,OTS,ATLN,MAIN,FALSE,Sienna Corporation,755,0,0.087,65.685,0,3,Unrestricted,755
09-11-2026,CM: Sienna GA,10-002117 REV-03,10-002117,"Screw,Captive,M5x0.8 6gx14mm,5mm Thread,SHCS,Flanged,DP,Steel,ZiNi BC",Part,OTS,ATLN,MAIN,FALSE,Sienna Corporation,3952,0,0.091,359.632,0,3,Unrestricted,3952
09-11-2026,CM: Sienna GA,10-002119 REV-02,10-002119,"Screw,#10-14 PLAST48-2x0.625in,T/F,BHT T25,Flange,Steel,ZiNi BC,Nylon Patch",Part,OTS,ATLN,RIQC,FALSE,Sienna Corporation,20700,0,0.05,1035,0,2,Unrestricted,20700
09-11-2026,CM: Sienna GA,10-002119 REV-02,10-002119,"Screw,#10-14 PLAST48-2x0.625in,T/F,BHT T25,Flange,Steel,ZiNi BC,Nylon Patch",Part,OTS,ATLN,LINE,FALSE,Sienna Corporation,1864,0,0.05,93.2,0,2,Unrestricted,1864
09-11-2026,CM: Qualitel WA,814L-10-002119,10-002119,"Screw,#10-14 PLAST48-2x0.625in,T/F,BHT T25,Flange,Steel,ZiNi BC,Nylon Patch",Part,OTS,"Seattle, WA",Stock,FALSE,Qualitel,12773,0,0.03,383.19,0,0,Unrestricted,12773
09-11-2026,CM: Celestica MX,10-0021193MS,10-002119,"Screw,#10-14 PLAST48-2x0.625in,T/F,BHT T25,Flange,Steel,ZiNi BC,Nylon Patch",Part,OTS,Monterrey Prod,1000,FALSE,Celestica,-228,0,0.06,-13.68,0,0,Unrestricted,-228
09-11-2026,CM: Sienna GA,10-002120 REV-01,10-002120,"Screw,#8-32 UNRC-3Ax0.625in,BHT T15,Flange,Steel,ZiNi BC,Nylon Patch",Part,OTS,ATLN,RIQC,FALSE,Sienna Corporation,2500,0,0.0774,193.5,0,1,Unrestricted,2500
09-11-2026,CM: Sienna GA,10-002120 REV-01,10-002120,"Screw,#8-32 UNRC-3Ax0.625in,BHT T15,Flange,Steel,ZiNi BC,Nylon Patch",Part,OTS,ATLN,LINE,FALSE,Sienna Corporation,2679,0,0.0774,207.3546,0,1,Unrestricted,2679
09-11-2026,CM: Sienna GA,10-002120 REV-01,10-002120,"Screw,#8-32 UNRC-3Ax0.625in,BHT T15,Flange,Steel,ZiNi BC,Nylon Patch",Part,OTS,ATLN,WHS2,FALSE,Sienna Corporation,150,0,0.0774,11.61,0,1,Unrestricted,150
09-11-2026,CM: Sienna GA,10-002121 REV-01,10-002121,"Screw,Shldr,M3x0.5 6g x4.5mm,4.09mm D Shldr,BHT T10,Flange,Steel,ZiNi BC,Nylon Patch",Part,OTS,ATLN,LINE,FALSE,Sienna Corporation,4948,0,0.14,692.72,0,1,Unrestricted,4948
09-11-2026,CM: Sienna GA,10-002121 REV-01,10-002121,"Screw,Shldr,M3x0.5 6g x4.5mm,4.09mm D Shldr,BHT T10,Flange,Steel,ZiNi BC,Nylon Patch",Part,OTS,ATLN,RIQC,FALSE,Sienna Corporation,8200,0,0.14,1148,0,1,Unrestricted,8200
09-11-2026,CM: Sienna GA,10-002123 REV-1,10-002123,TVS DIODE 5VWM 6.8VC SOT23-6L,Electrical Components,OTS,ATLN,MAIN,FALSE,Sienna Corporation,12000,0,0.068,816,0,1,Unrestricted,12000
09-11-2026,Lunar Netsuite,10-002123,10-002123,TVS DIODE 5VWM 6.8VC SOT23-6L,Electrical Components,OTS,JIT - Reno,NS,FALSE,Lunar Energy,159000,0,0.0681,10827.9,0,0,Unrestricted,152000
09-11-2026,CM: Sienna GA,10-002123 REV-1,10-002123,TVS DIODE 5VWM 6.8VC SOT23-6L,Electrical Components,OTS,ATLN,RIQC,FALSE,Sienna Corporation,3000,0,0.068,204,0,1,Unrestricted,3000
09-11-2026,CM: Sienna GA,10-002123 REV-1,10-002123,TVS DIODE 5VWM 6.8VC SOT23-6L,Electrical Components,OTS,ATLN,LINE,FALSE,Sienna Corporation,2666,0,0.068,181.288,0,1,Unrestricted,2666
09-11-2026,CM: Sienna GA,10-002124 REV-02,10-002124,"Standoff,M4,M/F,6mm M,10mm F,20mm Shldr,Steel,ZnNi BC,Nylon Patch",Part,OTS,ATLN,RP51,FALSE,Sienna Corporation,1500,0,0.17,255,0,2,Unrestricted,1500
09-11-2026,CM: Sienna GA,10-002124 REV-02,10-002124,"Standoff,M4,M/F,6mm M,10mm F,20mm Shldr,Steel,ZnNi BC,Nylon Patch",Part,OTS,ATLN,LINE,FALSE,Sienna Corporation,4728,0,0.17,803.76,0,2,Unrestricted,4728
09-11-2026,CM: Sienna GA,10-002124 REV-02,10-002124,"Standoff,M4,M/F,6mm M,10mm F,20mm Shldr,Steel,ZnNi BC,Nylon Patch",Part,OTS,ATLN,RIQC,FALSE,Sienna Corporation,3691,0,0.17,627.47,0,2,Unrestricted,3691
09-11-2026,Lunar Netsuite,10-002125,10-002125,CAP CER 0.047UF 1KV X7S 2220,Electrical Components,OTS,CCL (Computer Components Ltd),NS,FALSE,Lunar Energy,3000,0,1.1395,3418.5,0,0,Unrestricted,3000
09-11-2026,CM: Sienna GA,10-002134 REV-01,10-002134,"Screw,M4x0.7 6gx10mm,BHT T15,Steel,ZnNi BC,Nylon Patch",Part,OTS,ATLN,RIQC,FALSE,Sienna Corporation,40544,0,0.04,1621.76,0,1,Unrestricted,40544
09-11-2026,Lunar Netsuite,10-002134,10-002134,"Screw,M4x0.7 6gx10mm,BHT T15,Steel,ZnNi BC,Nylon Patch",Part,OTS,CA - Ravendale,NS,FALSE,Lunar Energy,200,0,0.041,8.2,0,0,Unrestricted,200
09-11-2026,CM: Sienna GA,10-002134 REV-01,10-002134,"Screw,M4x0.7 6gx10mm,BHT T15,Steel,ZnNi BC,Nylon Patch",Part,OTS,ATLN,LINE,FALSE,Sienna Corporation,5878,0,0.04,235.12,0,1,Unrestricted,5878
09-11-2026,Lunar Netsuite,10-002138,10-002138,IC REG BUCK ADJ 3A 8HTSOP-J,Electrical Components,OTS,Avnet,NS,FALSE,Lunar Energy,20000,0,1.14,22800,0,0,Unrestricted,20000
09-11-2026,CM: Celestica MX,10-0021383MS,10-002138,IC REG BUCK ADJ 3A 8HTSOP-J,Electrical Components,OTS,Monterrey Prod,1000,FALSE,Celestica,54,0,1.9,102.6,0,0,Unrestricted,54
09-11-2026,Lunar Netsuite,10-002138,10-002138,IC REG BUCK ADJ 3A 8HTSOP-J,Electrical Components,OTS,JIT - Reno,NS,FALSE,Lunar Energy,50500,0,1.3055,65927.75,0,0,Unrestricted,5500
09-11-2026,CM: Qualitel WA,814L-10-002138,10-002138,IC REG BUCK ADJ 3A 8HTSOP-J,Electrical Components,OTS,"Seattle, WA",Stock,FALSE,Qualitel,57278,0,1.14,65296.92,0,0,Unrestricted,57278
09-11-2026,CM: Sienna GA,C10-002141 REV-1,10-002141,CONN HEADER SMD R/A 2POS 3MM,Electrical Components,OTS,ATLN,WR84,TRUE,Lunar Energy,2690,0,0,0,0,1,Unrestricted,2690
09-11-2026,Lunar Netsuite,10-002141,10-002141,CONN HEADER SMD R/A 2POS 3MM,Electrical Components,OTS,JIT - Reno,NS,FALSE,Lunar Energy,215,0,0.3963,85.2045,0,0,Unrestricted,215
09-11-2026,Lunar Netsuite,10-002141,10-002141,CONN HEADER SMD R/A 2POS 3MM,Electrical Components,OTS,Sienna Corporation - GA,NS,FALSE,Lunar Energy,2690,0,0.3963,1066.047,0,0,Unrestricted,0
09-11-2026,Lunar Netsuite,10-002141,10-002141,CONN HEADER SMD R/A 2POS 3MM,Electrical Components,OTS,CCL (Computer Components Ltd),NS,FALSE,Lunar Energy,55470,0,0.3896,21611.112,0,0,Unrestricted,55470
09-11-2026,CM: Sienna GA,10-002146 REV-01,10-002146,"Part A, Epic Resins S7475",Part,OTS,ATLN,PAWH,FALSE,Sienna Corporation,1104.099976,0,0,0,0,1,Unrestricted,1104.099976
09-11-2026,CM: Sienna GA,10-002146 REV-01,10-002146,"Part A, Epic Resins S7475",Part,OTS,ATLN,RIQC,FALSE,Sienna Corporation,6940.870117,0,0,0,0,1,Unrestricted,6940.870117
09-11-2026,CM: Sienna GA,10-002147 REV-01,10-002147,"Part B, Epic Resins S7475",Part,OTS,ATLN,RIQC,FALSE,Sienna Corporation,251156.625,0,0.0115,2888.301188,0,1,Unrestricted,251156.625
09-11-2026,CM: Sienna GA,10-002147 REV-01,10-002147,"Part B, Epic Resins S7475",Part,OTS,ATLN,RIQC,FALSE,Sienna Corporation,241784.5313,0,0.0115,2780.522109,0,1,Unrestricted,241784.5313
09-11-2026,CM: Sienna GA,10-002147 REV-01,10-002147,"Part B, Epic Resins S7475",Part,OTS,ATLN,RIQC,FALSE,Sienna Corporation,260756.7031,0,0.0115,2998.702086,0,1,Unrestricted,260756.7031
09-11-2026,CM: Sienna GA,10-002147 REV-01,10-002147,"Part B, Epic Resins S7475",Part,OTS,ATLN,RIQC,FALSE,Sienna Corporation,40.20999908,0,0.0115,0.4624149895,0,1,Unrestricted,40.20999908
09-11-2026,CM: Sienna GA,10-002147 REV-01,10-002147,"Part B, Epic Resins S7475",Part,OTS,ATLN,RIQC,FALSE,Sienna Corporation,24.11000061,0,0.0115,0.277265007,0,1,Unrestricted,24.11000061
09-11-2026,CM: Sienna GA,10-002147 REV-01,10-002147,"Part B, Epic Resins S7475",Part,OTS,ATLN,RF72,FALSE,Sienna Corporation,272147.1875,0,0.0115,3129.692656,0,1,Unrestricted,272147.1875
09-11-2026,CM: Sienna GA,10-002147 REV-01,10-002147,"Part B, Epic Resins S7475",Part,OTS,ATLN,RE52,FALSE,Sienna Corporation,108352.7734,0,0.0115,1246.056895,0,1,Unrestricted,108352.7734
09-11-2026,CM: Sienna GA,10-002147 REV-01,10-002147,"Part B, Epic Resins S7475",Part,OTS,ATLN,RIQC,FALSE,Sienna Corporation,77746.3125,0,0.0115,894.0825938,0,1,Unrestricted,77746.3125
09-11-2026,CM: Sienna GA,10-002147 REV-01,10-002147,"Part B, Epic Resins S7475",Part,OTS,ATLN,RIQC,FALSE,Sienna Corporation,768.4400024,0,0.0115,8.837060028,0,1,Unrestricted,768.4400024
09-11-2026,CM: Sienna GA,10-002147 REV-01,10-002147,"Part B, Epic Resins S7475",Part,OTS,ATLN,RIQC,FALSE,Sienna Corporation,6152.399902,0,0.0115,70.75259888,0,1,Unrestricted,6152.399902
09-11-2026,Lunar Netsuite,10-002148,10-002148,FERRITE BEAD 80 OHM 1206 1LN,Electrical Components,OTS,NexGen Digital Inc,NS,FALSE,Lunar Energy,45000,0,0.019,855,0,0,Unrestricted,45000
09-11-2026,CM: Sienna GA,10-002148 REV-01,10-002148,FERRITE BEAD 80 OHM 1206 1LN,Electrical Components,OTS,ATLN,MAIN,FALSE,Sienna Corporation,23551,0,0.019,447.469,0,1,Unrestricted,23551
09-11-2026,CM: Qualitel WA,814L-10-002148,10-002148,FERRITE BEAD 80 OHM 1206 1LN,Electrical Components,OTS,"Seattle, WA",Stock,FALSE,Qualitel,9509,0,0.019,180.671,0,0,Unrestricted,9509
09-11-2026,CM: Sienna GA,10-002148 REV-01,10-002148,FERRITE BEAD 80 OHM 1206 1LN,Electrical Components,OTS,ATLN,LINE,FALSE,Sienna Corporation,4776,0,0.019,90.744,0,1,Unrestricted,4776
09-11-2026,Lunar Netsuite,10-002148,10-002148,FERRITE BEAD 80 OHM 1206 1LN,Electrical Components,OTS,JIT - Reno,NS,FALSE,Lunar Energy,294000,0,0.019,5586,0,0,Unrestricted,294000
09-11-2026,Lunar Netsuite,10-002156,10-002156,RES SMD 18K OHM 5% 1/3W 0603,Electrical Components,OTS,CCL (Computer Components Ltd),NS,FALSE,Lunar Energy,10000,0,0.0082,82,0,0,Unrestricted,10000
09-11-2026,Lunar Netsuite,10-002160,10-002160,CAP FILM 1UF 10% 305VAC RADIAL,Electrical Components,OTS,CCL (Computer Components Ltd),NS,FALSE,Lunar Energy,287,0,1.41,404.67,0,0,Unrestricted,287
09-11-2026,CM: Qualitel WA,814L-10-002162,10-002162,Multilayer Ceramic Capacitors MLCC - SMD/SMT 50V 0.33uF X7R 0805 10%,Electrical Components,OTS,"Seattle, WA",Stock,FALSE,Qualitel,20624,0,0.0148,305.2352,0,0,Unrestricted,20624
09-11-2026,Lunar Netsuite,10-002162,10-002162,Multilayer Ceramic Capacitors MLCC - SMD/SMT 50V 0.33uF X7R 0805 10%,Electrical Components,OTS,JIT - Reno,NS,FALSE,Lunar Energy,40000,0,0.0148,592,0,0,Unrestricted,40000
09-11-2026,CM: Sienna GA,10-002162 REV-01,10-002162,Multilayer Ceramic Capacitors MLCC - SMD/SMT 50V 0.33uF X7R 0805 10%,Electrical Components,OTS,ATLN,RIQC,FALSE,Sienna Corporation,8000,0,0.0148,118.4,0,1,Unrestricted,8000
09-11-2026,CM: Sienna GA,10-002162 REV-01,10-002162,Multilayer Ceramic Capacitors MLCC - SMD/SMT 50V 0.33uF X7R 0805 10%,Electrical Components,OTS,ATLN,LINE,FALSE,Sienna Corporation,13810,0,0.0148,204.388,0,1,Unrestricted,13810
09-11-2026,Lunar Netsuite,10-002162,10-002162,Multilayer Ceramic Capacitors MLCC - SMD/SMT 50V 0.33uF X7R 0805 10%,Electrical Components,OTS,NexGen Digital Inc,NS,FALSE,Lunar Energy,100000,0,0.0148,1480,0,0,Unrestricted,100000
09-11-2026,Lunar Netsuite,10-002164,10-002164,CAP CER 0.1UF 1KV X7R 1812,Electrical Components,OTS,CA - Ravendale,NS,FALSE,Lunar Energy,7000,0,0.3599,2519.3,0,0,Unrestricted,7000
09-11-2026,Lunar Netsuite,10-002164,10-002164,CAP CER 0.1UF 1KV X7R 1812,Electrical Components,OTS,CCL (Computer Components Ltd),NS,FALSE,Lunar Energy,2000,0,0.1774,354.8,0,0,Unrestricted,2000
09-11-2026,CM: Sienna GA,10-002165 REV-1,10-002165,RES SMD 2.2K OHM 1% 1/8W 0603 AEC-Q,Electrical Components,OTS,ATLN,MAIN,FALSE,Sienna Corporation,5000,0,0.003,15,0,1,Unrestricted,5000
09-11-2026,CM: Sienna GA,10-002165 REV-1,10-002165,RES SMD 2.2K OHM 1% 1/8W 0603 AEC-Q,Electrical Components,OTS,ATLN,RIQC,FALSE,Sienna Corporation,10000,0,0.003,30,0,1,Unrestricted,10000
09-11-2026,CM: Sienna GA,10-002165 REV-1,10-002165,RES SMD 2.2K OHM 1% 1/8W 0603 AEC-Q,Electrical Components,OTS,ATLN,LINE,FALSE,Sienna Corporation,6140,0,0.003,18.42,0,1,Unrestricted,6140
09-11-2026,CM: Celestica MX,10-0021653MS,10-002165,RES SMD 2.2K OHM 1% 1/8W 0603 AEC-Q,Electrical Components,OTS,Monterrey Prod,1000,FALSE,Celestica,11,0,0.003,0.033,0,0,Unrestricted,11
09-11-2026,Lunar Netsuite,10-002165,10-002165,RES SMD 2.2K OHM 1% 1/8W 0603 AEC-Q,Electrical Components,OTS,JIT - Reno,NS,FALSE,Lunar Energy,250,0,0.75,187.5,0,0,Unrestricted,250
09-11-2026,CM: Qualitel WA,814L-10-002165,10-002165,RES SMD 2.2K OHM 1% 1/8W 0603 AEC-Q,Electrical Components,OTS,"Seattle, WA",Stock,FALSE,Qualitel,13587,0,0.0011,14.9457,0,0,Unrestricted,13587
09-11-2026,CM: Sienna GA,10-002167 REV-1,10-002167,RES SMD 4.7K OHM 1% 1/10W 0603 AEC-Q,Electrical Components,OTS,ATLN,LINE,FALSE,Sienna Corporation,11493,0,0.0034,39.0762,0,1,Unrestricted,11493
09-11-2026,CM: Qualitel WA,814L-10-002167,10-002167,RES SMD 4.7K OHM 1% 1/10W 0603 AEC-Q,Electrical Components,OTS,"Seattle, WA",Stock,FALSE,Qualitel,72110,0,0.0012,86.532,0,0,Unrestricted,72110
09-11-2026,CM: Sienna GA,10-002167 REV-1,10-002167,RES SMD 4.7K OHM 1% 1/10W 0603 AEC-Q,Electrical Components,OTS,ATLN,MAIN,FALSE,Sienna Corporation,50000,0,0.0034,170,0,1,Unrestricted,50000
09-11-2026,CM: Sienna GA,10-002170 REV-01,10-002170,RES SMD 22 OHM 5% 1/4W 1206 AEC-Q,Electrical Components,OTS,ATLN,RIQC,FALSE,Sienna Corporation,25000,0,0.0102,255,0,1,Unrestricted,25000
09-11-2026,Lunar Netsuite,10-002170,10-002170,RES SMD 22 OHM 5% 1/4W 1206 AEC-Q,Electrical Components,OTS,JIT - Reno,NS,FALSE,Lunar Energy,40000,0,0.0102,408,0,0,Unrestricted,15000
09-11-2026,CM: Qualitel WA,814L-10-002170,10-002170,RES SMD 22 OHM 5% 1/4W 1206 AEC-Q,Electrical Components,OTS,"Seattle, WA",Stock,FALSE,Qualitel,50607,0,0.0025,126.5175,0,0,Unrestricted,50607
09-11-2026,CM: Sienna GA,10-002170 REV-01,10-002170,RES SMD 22 OHM 5% 1/4W 1206 AEC-Q,Electrical Components,OTS,ATLN,LINE,FALSE,Sienna Corporation,13190,0,0.0102,134.538,0,1,Unrestricted,13190
09-11-2026,CM: Sienna GA,10-002170 REV-01,10-002170,RES SMD 22 OHM 5% 1/4W 1206 AEC-Q,Electrical Components,OTS,ATLN,MAIN,FALSE,Sienna Corporation,20000,0,0.0102,204,0,1,Unrestricted,20000
09-11-2026,CM: Sienna GA,10-002171 REV-01,10-002171,CAP CER 4.7UF 50V X7R 0805,Electrical Components,OTS,ATLN,LINE,FALSE,Sienna Corporation,9222,0,0.0818,754.3596,0,1,Unrestricted,9222
09-11-2026,CM: Sienna GA,10-002171 REV-01,10-002171,CAP CER 4.7UF 50V X7R 0805,Electrical Components,OTS,ATLN,MAIN,FALSE,Sienna Corporation,22000,0,0.0818,1799.6,0,1,Unrestricted,22000
09-11-2026,CM: Qualitel WA,814L-10-002171,10-002171,CAP CER 4.7UF 50V X7R 0805,Electrical Components,OTS,"Seattle, WA",Stock,FALSE,Qualitel,33891,0,0.0457,1548.8187,0,0,Unrestricted,33891
09-11-2026,Lunar Netsuite,10-002171,10-002171,CAP CER 4.7UF 50V X7R 0805,Electrical Components,OTS,JIT - Reno,NS,FALSE,Lunar Energy,17850,0,0.135,2409.75,0,0,Unrestricted,17850
09-11-2026,Lunar Netsuite,10-002172,10-002172,"Full Functional Assy, Bridge, Lunar Blue",Part,MTS,CA - Ravendale,NS,FALSE,Lunar Energy,1,0,0,0,0,0,Unrestricted,0
09-11-2026,CM: Sienna GA,10-002173 REV-14,10-002173,"Assy Enclosure, Weldment, Bridge, Lunar Blue",Part,MTS,ATLN,RQ44,FALSE,Sienna Corporation,8,0,99.39,795.12,0,14,Unrestricted,8
09-11-2026,CM: Sienna GA,10-002173 REV-14,10-002173,"Assy Enclosure, Weldment, Bridge, Lunar Blue",Part,MTS,ATLN,RT23,FALSE,Sienna Corporation,8,0,99.39,795.12,0,14,Unrestricted,8
09-11-2026,CM: Sienna GA,10-002173 REV-14,10-002173,"Assy Enclosure, Weldment, Bridge, Lunar Blue",Part,MTS,ATLN,RPA6,FALSE,Sienna Corporation,8,0,99.39,795.12,0,14,Unrestricted,8
09-11-2026,CM: Sienna GA,10-002173 REV-14,10-002173,"Assy Enclosure, Weldment, Bridge, Lunar Blue",Part,MTS,ATLN,RQB6,FALSE,Sienna Corporation,8,0,99.39,795.12,0,14,Unrestricted,8
09-11-2026,CM: Sienna GA,10-002173 REV-14,10-002173,"Assy Enclosure, Weldment, Bridge, Lunar Blue",Part,MTS,ATLN,RQ53,FALSE,Sienna Corporation,8,0,99.39,795.12,0,14,Unrestricted,8
09-11-2026,CM: Sienna GA,10-002173 REV-14,10-002173,"Assy Enclosure, Weldment, Bridge, Lunar Blue",Part,MTS,ATLN,RP55,FALSE,Sienna Corporation,8,0,99.39,795.12,0,14,Unrestricted,8
09-11-2026,CM: Sienna GA,10-002173 REV-14,10-002173,"Assy Enclosure, Weldment, Bridge, Lunar Blue",Part,MTS,ATLN,RQ93,FALSE,Sienna Corporation,30,0,99.39,2981.7,0,14,Unrestricted,30
09-11-2026,CM: Sienna GA,10-002173 REV-14,10-002173,"Assy Enclosure, Weldment, Bridge, Lunar Blue",Part,MTS,ATLN,RS86,FALSE,Sienna Corporation,8,0,99.39,795.12,0,14,Unrestricted,8
09-11-2026,CM: Sienna GA,10-002173 REV-14,10-002173,"Assy Enclosure, Weldment, Bridge, Lunar Blue",Part,MTS,ATLN,RQB5,FALSE,Sienna Corporation,8,0,99.39,795.12,0,14,Unrestricted,8
09-11-2026,CM: Sienna GA,10-002173 REV-14,10-002173,"Assy Enclosure, Weldment, Bridge, Lunar Blue",Part,MTS,ATLN,RQ24,FALSE,Sienna Corporation,8,0,99.39,795.12,0,14,Unrestricted,8
09-11-2026,CM: Sienna GA,10-002173 REV-14,10-002173,"Assy Enclosure, Weldment, Bridge, Lunar Blue",Part,MTS,ATLN,RR34,FALSE,Sienna Corporation,8,0,99.39,795.12,0,14,Unrestricted,8
09-11-2026,CM: Sienna GA,10-002173 REV-14,10-002173,"Assy Enclosure, Weldment, Bridge, Lunar Blue",Part,MTS,ATLN,RT35,FALSE,Sienna Corporation,8,0,99.39,795.12,0,14,Unrestricted,8
09-11-2026,CM: Sienna GA,10-002173 REV-14,10-002173,"Assy Enclosure, Weldment, Bridge, Lunar Blue",Part,MTS,ATLN,RT33,FALSE,Sienna Corporation,8,0,99.39,795.12,0,14,Unrestricted,8
09-11-2026,CM: Sienna GA,10-002173 REV-14,10-002173,"Assy Enclosure, Weldment, Bridge, Lunar Blue",Part,MTS,ATLN,RQ94,FALSE,Sienna Corporation,8,0,99.39,795.12,0,14,Unrestricted,8
09-11-2026,CM: Sienna GA,10-002173 REV-14,10-002173,"Assy Enclosure, Weldment, Bridge, Lunar Blue",Part,MTS,ATLN,RR26,FALSE,Sienna Corporation,8,0,99.39,795.12,0,14,Unrestricted,8
09-11-2026,CM: Sienna GA,10-002173 REV-14,10-002173,"Assy Enclosure, Weldment, Bridge, Lunar Blue",Part,MTS,ATLN,RS64,FALSE,Sienna Corporation,8,0,99.39,795.12,0,14,Unrestricted,8
09-11-2026,CM: Sienna GA,10-002173 REV-14,10-002173,"Assy Enclosure, Weldment, Bridge, Lunar Blue",Part,MTS,ATLN,RP95,FALSE,Sienna Corporation,8,0,99.39,795.12,0,14,Unrestricted,8
09-11-2026,CM: Sienna GA,10-002173 REV-14,10-002173,"Assy Enclosure, Weldment, Bridge, Lunar Blue",Part,MTS,ATLN,RQ75,FALSE,Sienna Corporation,13,0,99.39,1292.07,0,14,Unrestricted,13
09-11-2026,CM: Sienna GA,10-002173 REV-14,10-002173,"Assy Enclosure, Weldment, Bridge, Lunar Blue",Part,MTS,ATLN,RQ95,FALSE,Sienna Corporation,16,0,99.39,1590.24,0,14,Unrestricted,16
09-11-2026,CM: Sienna GA,10-002173 REV-14,10-002173,"Assy Enclosure, Weldment, Bridge, Lunar Blue",Part,MTS,ATLN,RT36,FALSE,Sienna Corporation,8,0,99.39,795.12,0,14,Unrestricted,8
09-11-2026,CM: Sienna GA,10-002173 REV-14,10-002173,"Assy Enclosure, Weldment, Bridge, Lunar Blue",Part,MTS,ATLN,RR76,FALSE,Sienna Corporation,8,0,99.39,795.12,0,14,Unrestricted,8
09-11-2026,CM: Sienna GA,10-002173 REV-14,10-002173,"Assy Enclosure, Weldment, Bridge, Lunar Blue",Part,MTS,ATLN,MRB,FALSE,Sienna Corporation,0,6,99.39,0,596.34,14,Restricted,0
09-11-2026,CM: Sienna GA,10-002173 REV-14,10-002173,"Assy Enclosure, Weldment, Bridge, Lunar Blue",Part,MTS,ATLN,RR66,FALSE,Sienna Corporation,8,0,99.39,795.12,0,14,Unrestricted,8
09-11-2026,CM: Sienna GA,10-002173 REV-14,10-002173,"Assy Enclosure, Weldment, Bridge, Lunar Blue",Part,MTS,ATLN,RRB6,FALSE,Sienna Corporation,8,0,99.39,795.12,0,14,Unrestricted,8
09-11-2026,CM: Sienna GA,10-002173 REV-14,10-002173,"Assy Enclosure, Weldment, Bridge, Lunar Blue",Part,MTS,ATLN,RP45,FALSE,Sienna Corporation,8,0,99.39,795.12,0,14,Unrestricted,8
09-11-2026,CM: Sienna GA,10-002173 REV-14,10-002173,"Assy Enclosure, Weldment, Bridge, Lunar Blue",Part,MTS,ATLN,RR74,FALSE,Sienna Corporation,8,0,99.39,795.12,0,14,Unrestricted,8
09-11-2026,CM: Sienna GA,10-002173 REV-14,10-002173,"Assy Enclosure, Weldment, Bridge, Lunar Blue",Part,MTS,ATLN,RTA5,FALSE,Sienna Corporation,8,0,99.39,795.12,0,14,Unrestricted,8
09-11-2026,CM: Sienna GA,10-002173 REV-14,10-002173,"Assy Enclosure, Weldment, Bridge, Lunar Blue",Part,MTS,ATLN,RS56,FALSE,Sienna Corporation,8,0,99.39,795.12,0,14,Unrestricted,8
09-11-2026,CM: Sienna GA,10-002173 REV-14,10-002173,"Assy Enclosure, Weldment, Bridge, Lunar Blue",Part,MTS,ATLN,RR33,FALSE,Sienna Corporation,8,0,99.39,795.12,0,14,Unrestricted,8
09-11-2026,CM: Sienna GA,10-002173 REV-14,10-002173,"Assy Enclosure, Weldment, Bridge, Lunar Blue",Part,MTS,ATLN,RS85,FALSE,Sienna Corporation,8,0,99.39,795.12,0,14,Unrestricted,8
09-11-2026,CM: Sienna GA,10-002173 REV-14,10-002173,"Assy Enclosure, Weldment, Bridge, Lunar Blue",Part,MTS,ATLN,RT63,FALSE,Sienna Corporation,8,0,99.39,795.12,0,14,Unrestricted,8
09-11-2026,CM: Sienna GA,10-002173 REV-14,10-002173,"Assy Enclosure, Weldment, Bridge, Lunar Blue",Part,MTS,ATLN,RR86,FALSE,Sienna Corporation,8,0,99.39,795.12,0,14,Unrestricted,8
09-11-2026,CM: Sienna GA,10-002173 REV-14,10-002173,"Assy Enclosure, Weldment, Bridge, Lunar Blue",Part,MTS,ATLN,RQ54,FALSE,Sienna Corporation,8,0,99.39,795.12,0,14,Unrestricted,8
09-11-2026,CM: Sienna GA,10-002173 REV-14,10-002173,"Assy Enclosure, Weldment, Bridge, Lunar Blue",Part,MTS,ATLN,RT34,FALSE,Sienna Corporation,8,0,99.39,795.12,0,14,Unrestricted,8
09-11-2026,CM: Sienna GA,10-002173 REV-14,10-002173,"Assy Enclosure, Weldment, Bridge, Lunar Blue",Part,MTS,ATLN,RR84,FALSE,Sienna Corporation,8,0,99.39,795.12,0,14,Unrestricted,8
09-11-2026,CM: Sienna GA,10-002173 REV-14,10-002173,"Assy Enclosure, Weldment, Bridge, Lunar Blue",Part,MTS,ATLN,RS84,FALSE,Sienna Corporation,8,0,99.39,795.12,0,14,Unrestricted,8
09-11-2026,CM: Sienna GA,10-002173 REV-14,10-002173,"Assy Enclosure, Weldment, Bridge, Lunar Blue",Part,MTS,ATLN,RSA6,FALSE,Sienna Corporation,8,0,99.39,795.12,0,14,Unrestricted,8
09-11-2026,CM: Sienna GA,10-002173 REV-14,10-002173,"Assy Enclosure, Weldment, Bridge, Lunar Blue",Part,MTS,ATLN,RT74,FALSE,Sienna Corporation,8,0,99.39,795.12,0,14,Unrestricted,8
09-11-2026,CM: Sienna GA,10-002173 REV-14,10-002173,"Assy Enclosure, Weldment, Bridge, Lunar Blue",Part,MTS,ATLN,RR95,FALSE,Sienna Corporation,8,0,99.39,795.12,0,14,Unrestricted,8
09-11-2026,CM: Sienna GA,10-002173 REV-14,10-002173,"Assy Enclosure, Weldment, Bridge, Lunar Blue",Part,MTS,ATLN,RQ34,FALSE,Sienna Corporation,8,0,99.39,795.12,0,14,Unrestricted,8
09-11-2026,CM: Sienna GA,10-002173 REV-14,10-002173,"Assy Enclosure, Weldment, Bridge, Lunar Blue",Part,MTS,ATLN,RP83,FALSE,Sienna Corporation,8,0,99.39,795.12,0,14,Unrestricted,8
09-11-2026,CM: Sienna GA,10-002173 REV-14,10-002173,"Assy Enclosure, Weldment, Bridge, Lunar Blue",Part,MTS,ATLN,RP52,FALSE,Sienna Corporation,3,0,99.39,298.17,0,14,Unrestricted,3
09-11-2026,CM: Sienna GA,10-002173 REV-14,10-002173,"Assy Enclosure, Weldment, Bridge, Lunar Blue",Part,MTS,ATLN,RR25,FALSE,Sienna Corporation,8,0,99.39,795.12,0,14,Unrestricted,8
09-11-2026,CM: Sienna GA,10-002173 REV-14,10-002173,"Assy Enclosure, Weldment, Bridge, Lunar Blue",Part,MTS,ATLN,RP43,FALSE,Sienna Corporation,3,0,99.39,298.17,0,14,Unrestricted,3
09-11-2026,CM: Sienna GA,10-002173 REV-14,10-002173,"Assy Enclosure, Weldment, Bridge, Lunar Blue",Part,MTS,ATLN,RT26,FALSE,Sienna Corporation,8,0,99.39,795.12,0,14,Unrestricted,8
09-11-2026,CM: Sienna GA,10-002173 REV-14,10-002173,"Assy Enclosure, Weldment, Bridge, Lunar Blue",Part,MTS,ATLN,RQ56,FALSE,Sienna Corporation,8,0,99.39,795.12,0,14,Unrestricted,8
09-11-2026,CM: Sienna GA,10-002173 REV-14,10-002173,"Assy Enclosure, Weldment, Bridge, Lunar Blue",Part,MTS,ATLN,RQ46,FALSE,Sienna Corporation,8,0,99.39,795.12,0,14,Unrestricted,8
09-11-2026,CM: Sienna GA,10-002173 REV-14,10-002173,"Assy Enclosure, Weldment, Bridge, Lunar Blue",Part,MTS,ATLN,RQA6,FALSE,Sienna Corporation,16,0,99.39,1590.24,0,14,Unrestricted,16
09-11-2026,CM: Sienna GA,10-002173 REV-14,10-002173,"Assy Enclosure, Weldment, Bridge, Lunar Blue",Part,MTS,ATLN,RR16,FALSE,Sienna Corporation,8,0,99.39,795.12,0,14,Unrestricted,8
09-11-2026,CM: Sienna GA,10-002173 REV-14,10-002173,"Assy Enclosure, Weldment, Bridge, Lunar Blue",Part,MTS,ATLN,RRB4,FALSE,Sienna Corporation,8,0,99.39,795.12,0,14,Unrestricted,8
09-11-2026,CM: Sienna GA,10-002173 REV-14,10-002173,"Assy Enclosure, Weldment, Bridge, Lunar Blue",Part,MTS,ATLN,RS83,FALSE,Sienna Corporation,8,0,99.39,795.12,0,14,Unrestricted,8
09-11-2026,CM: Sienna GA,10-002173 REV-14,10-002173,"Assy Enclosure, Weldment, Bridge, Lunar Blue",Part,MTS,ATLN,RSA5,FALSE,Sienna Corporation,8,0,99.39,795.12,0,14,Unrestricted,8
09-11-2026,CM: Sienna GA,10-002173 REV-14,10-002173,"Assy Enclosure, Weldment, Bridge, Lunar Blue",Part,MTS,ATLN,RT25,FALSE,Sienna Corporation,8,0,99.39,795.12,0,14,Unrestricted,8
09-11-2026,CM: Sienna GA,10-002173 REV-14,10-002173,"Assy Enclosure, Weldment, Bridge, Lunar Blue",Part,MTS,ATLN,RR96,FALSE,Sienna Corporation,8,0,99.39,795.12,0,14,Unrestricted,8
09-11-2026,CM: Sienna GA,10-002173 REV-14,10-002173,"Assy Enclosure, Weldment, Bridge, Lunar Blue",Part,MTS,ATLN,RT54,FALSE,Sienna Corporation,8,0,99.39,795.12,0,14,Unrestricted,8
09-11-2026,CM: Sienna GA,10-002173 REV-14,10-002173,"Assy Enclosure, Weldment, Bridge, Lunar Blue",Part,MTS,ATLN,RQ64,FALSE,Sienna Corporation,8,0,99.39,795.12,0,14,Unrestricted,8
09-11-2026,CM: Sienna GA,10-002173 REV-14,10-002173,"Assy Enclosure, Weldment, Bridge, Lunar Blue",Part,MTS,ATLN,RS95,FALSE,Sienna Corporation,8,0,99.39,795.12,0,14,Unrestricted,8
09-11-2026,CM: Sienna GA,10-002173 REV-14,10-002173,"Assy Enclosure, Weldment, Bridge, Lunar Blue",Part,MTS,ATLN,RP84,FALSE,Sienna Corporation,5,0,99.39,496.95,0,14,Unrestricted,5
09-11-2026,CM: Sienna GA,10-002173 REV-14,10-002173,"Assy Enclosure, Weldment, Bridge, Lunar Blue",Part,MTS,ATLN,RQ63,FALSE,Sienna Corporation,8,0,99.39,795.12,0,14,Unrestricted,8
09-11-2026,CM: Sienna GA,10-002173 REV-14,10-002173,"Assy Enclosure, Weldment, Bridge, Lunar Blue",Part,MTS,ATLN,RIQC,FALSE,Sienna Corporation,29,0,99.39,2882.31,0,14,Unrestricted,29
09-11-2026,CM: Sienna GA,10-002173 REV-14,10-002173,"Assy Enclosure, Weldment, Bridge, Lunar Blue",Part,MTS,ATLN,RQ55,FALSE,Sienna Corporation,8,0,99.39,795.12,0,14,Unrestricted,8
09-11-2026,CM: Sienna GA,10-002173 REV-14,10-002173,"Assy Enclosure, Weldment, Bridge, Lunar Blue",Part,MTS,ATLN,RR85,FALSE,Sienna Corporation,8,0,99.39,795.12,0,14,Unrestricted,8
09-11-2026,CM: Sienna GA,10-002173 REV-14,10-002173,"Assy Enclosure, Weldment, Bridge, Lunar Blue",Part,MTS,ATLN,RR93,FALSE,Sienna Corporation,8,0,99.39,795.12,0,14,Unrestricted,8
09-11-2026,CM: Sienna GA,10-002173 REV-14,10-002173,"Assy Enclosure, Weldment, Bridge, Lunar Blue",Part,MTS,ATLN,RQ83,FALSE,Sienna Corporation,8,0,99.39,795.12,0,14,Unrestricted,8
09-11-2026,CM: Sienna GA,10-002173 REV-14,10-002173,"Assy Enclosure, Weldment, Bridge, Lunar Blue",Part,MTS,ATLN,RQ85,FALSE,Sienna Corporation,8,0,99.39,795.12,0,14,Unrestricted,8
09-11-2026,CM: Sienna GA,10-002173 REV-14,10-002173,"Assy Enclosure, Weldment, Bridge, Lunar Blue",Part,MTS,ATLN,RP64,FALSE,Sienna Corporation,8,0,99.39,795.12,0,14,Unrestricted,8
09-11-2026,CM: Sienna GA,10-002173 REV-14,10-002173,"Assy Enclosure, Weldment, Bridge, Lunar Blue",Part,MTS,ATLN,RQ73,FALSE,Sienna Corporation,7,0,99.39,695.73,0,14,Unrestricted,7
09-11-2026,CM: Sienna GA,10-002173 REV-14,10-002173,"Assy Enclosure, Weldment, Bridge, Lunar Blue",Part,MTS,ATLN,RR75,FALSE,Sienna Corporation,8,0,99.39,795.12,0,14,Unrestricted,8
09-11-2026,CM: Sienna GA,10-002173 REV-14,10-002173,"Assy Enclosure, Weldment, Bridge, Lunar Blue",Part,MTS,ATLN,RQ65,FALSE,Sienna Corporation,8,0,99.39,795.12,0,14,Unrestricted,8
09-11-2026,CM: Sienna GA,10-002173 REV-14,10-002173,"Assy Enclosure, Weldment, Bridge, Lunar Blue",Part,MTS,ATLN,RQ66,FALSE,Sienna Corporation,8,0,99.39,795.12,0,14,Unrestricted,8
09-11-2026,CM: Sienna GA,10-002173 REV-14,10-002173,"Assy Enclosure, Weldment, Bridge, Lunar Blue",Part,MTS,ATLN,RQA3,FALSE,Sienna Corporation,16,0,99.39,1590.24,0,14,Unrestricted,16
09-11-2026,CM: Sienna GA,10-002173 REV-14,10-002173,"Assy Enclosure, Weldment, Bridge, Lunar Blue",Part,MTS,ATLN,LINE,FALSE,Sienna Corporation,32,0,99.39,3180.48,0,14,Unrestricted,32
09-11-2026,CM: Sienna GA,10-002173 REV-14,10-002173,"Assy Enclosure, Weldment, Bridge, Lunar Blue",Part,MTS,ATLN,RT53,FALSE,Sienna Corporation,8,0,99.39,795.12,0,14,Unrestricted,8
09-11-2026,CM: Sienna GA,10-002173 REV-14,10-002173,"Assy Enclosure, Weldment, Bridge, Lunar Blue",Part,MTS,ATLN,RSA4,FALSE,Sienna Corporation,8,0,99.39,795.12,0,14,Unrestricted,8
09-11-2026,CM: Sienna GA,10-002190 REV-09,10-002190,"Insulator Cap Neutral, Bridge",Part,MTS,ATLN,LINE,FALSE,Sienna Corporation,400,0,0.22,88,0,9,Unrestricted,400
09-11-2026,CM: Sienna GA,10-002190 REV-09,10-002190,"Insulator Cap Neutral, Bridge",Part,MTS,ATLN,RS51,FALSE,Sienna Corporation,2000,0,0.22,440,0,9,Unrestricted,2000
09-11-2026,CM: Sienna GA,10-002194 REV-10,10-002194,"Core Module, Bridge",Assembly,MTS,ATLN,LINE,FALSE,Sienna Corporation,22,0,0,0,0,10,Unrestricted,22
09-11-2026,CM: Sienna GA,10-002195 REV-06,10-002195,"Relay Assembly, Bridge",Assembly,OTS,ATLN,MRB,FALSE,Sienna Corporation,0,1,22.97,0,22.97,6,Restricted,0
09-11-2026,CM: Sienna GA,10-002195 REV-06,10-002195,"Relay Assembly, Bridge",Assembly,OTS,ATLN,RIQC,FALSE,Sienna Corporation,2918,0,22.97,67026.46,0,6,Unrestricted,2918
09-11-2026,CM: Sienna GA,10-002195 REV-06,10-002195,"Relay Assembly, Bridge",Assembly,OTS,ATLN,LINE,FALSE,Sienna Corporation,393,0,22.97,9027.21,0,6,Unrestricted,393
09-11-2026,CM: Sienna GA,10-002203 REV-09,10-002203,"Bus Bar, NBU, L1, Bridge",Assembly,MTS,ATLN,LPAC,FALSE,Sienna Corporation,37,0,11.73,434.01,0,9,Unrestricted,37
09-11-2026,CM: Sienna GA,10-002203 REV-09,10-002203,"Bus Bar, NBU, L1, Bridge",Assembly,MTS,ATLN,WHS2,FALSE,Sienna Corporation,41,0,11.73,480.93,0,9,Unrestricted,41
09-11-2026,CM: Sienna GA,10-002203 REV-09,10-002203,"Bus Bar, NBU, L1, Bridge",Assembly,MTS,ATLN,RK54,FALSE,Sienna Corporation,151,0,11.73,1771.23,0,9,Unrestricted,151
09-11-2026,CM: Sienna GA,10-002203 REV-09,10-002203,"Bus Bar, NBU, L1, Bridge",Assembly,MTS,ATLN,RH24,FALSE,Sienna Corporation,5,0,11.73,58.65,0,9,Unrestricted,5
09-11-2026,CM: Sienna GA,10-002203 REV-09,10-002203,"Bus Bar, NBU, L1, Bridge",Assembly,MTS,ATLN,RIQC,FALSE,Sienna Corporation,71,0,11.73,832.83,0,9,Unrestricted,71
09-11-2026,CM: Sienna GA,10-002203 REV-09,10-002203,"Bus Bar, NBU, L1, Bridge",Assembly,MTS,ATLN,RI34,FALSE,Sienna Corporation,390,0,11.73,4574.7,0,9,Unrestricted,390
09-11-2026,CM: Sienna GA,10-002203 REV-09,10-002203,"Bus Bar, NBU, L1, Bridge",Assembly,MTS,ATLN,RI33,FALSE,Sienna Corporation,195,0,11.73,2287.35,0,9,Unrestricted,195
09-11-2026,CM: Sienna GA,10-002204 REV-09,10-002204,"Bus Bar, NBU, L2, Bridge",Assembly,MTS,ATLN,RIQC,FALSE,Sienna Corporation,160,0,6.66,1065.6,0,9,Unrestricted,160
09-11-2026,CM: Sienna GA,10-002204 REV-09,10-002204,"Bus Bar, NBU, L2, Bridge",Assembly,MTS,ATLN,RI34,FALSE,Sienna Corporation,720,0,6.66,4795.2,0,9,Unrestricted,720
09-11-2026,CM: Sienna GA,10-002204 REV-09,10-002204,"Bus Bar, NBU, L2, Bridge",Assembly,MTS,ATLN,RI33,FALSE,Sienna Corporation,542,0,6.66,3609.72,0,9,Unrestricted,542
09-11-2026,CM: Sienna GA,10-002204 REV-09,10-002204,"Bus Bar, NBU, L2, Bridge",Assembly,MTS,ATLN,PAWH,FALSE,Sienna Corporation,297,0,6.66,1978.02,0,9,Unrestricted,297
09-11-2026,CM: Sienna GA,10-002205 REV-09,10-002205,"Bus Bar, BU, L2, Bridge",Assembly,MTS,ATLN,RI34,FALSE,Sienna Corporation,220,0,6.79,1493.8,0,9,Unrestricted,220
09-11-2026,CM: Sienna GA,10-002205 REV-09,10-002205,"Bus Bar, BU, L2, Bridge",Assembly,MTS,ATLN,RJ24,FALSE,Sienna Corporation,456,0,6.79,3096.24,0,9,Unrestricted,456
09-11-2026,CM: Sienna GA,10-002205 REV-09,10-002205,"Bus Bar, BU, L2, Bridge",Assembly,MTS,ATLN,RIQC,FALSE,Sienna Corporation,107,0,6.79,726.53,0,9,Unrestricted,107
09-11-2026,CM: Sienna GA,10-002206 REV-09,10-002206,"Bus Bar, BU, L1, Bridge",Assembly,MTS,ATLN,RI34,FALSE,Sienna Corporation,350,0,11.23,3930.5,0,9,Unrestricted,350
09-11-2026,CM: Sienna GA,10-002206 REV-09,10-002206,"Bus Bar, BU, L1, Bridge",Assembly,MTS,ATLN,RI44,FALSE,Sienna Corporation,160,0,11.23,1796.8,0,9,Unrestricted,160
09-11-2026,CM: Sienna GA,10-002206 REV-09,10-002206,"Bus Bar, BU, L1, Bridge",Assembly,MTS,ATLN,PAWH,FALSE,Sienna Corporation,292,0,11.23,3279.16,0,9,Unrestricted,292
09-11-2026,CM: Sienna GA,10-002206 REV-09,10-002206,"Bus Bar, BU, L1, Bridge",Assembly,MTS,ATLN,RIQC,FALSE,Sienna Corporation,138,0,11.23,1549.74,0,9,Unrestricted,138
09-11-2026,CM: Sienna GA,10-002206 REV-09,10-002206,"Bus Bar, BU, L1, Bridge",Assembly,MTS,ATLN,LPAC,FALSE,Sienna Corporation,29,0,11.23,325.67,0,9,Unrestricted,29
09-11-2026,CM: Sienna GA,10-002207 REV-10,10-002207,"Bus Bar, Load Tray, Left, Bridge",Assembly,MTS,ATLN,RI34,FALSE,Sienna Corporation,714,0,8.57,6118.98,0,10,Unrestricted,714
09-11-2026,CM: Sienna GA,10-002207 REV-10,10-002207,"Bus Bar, Load Tray, Left, Bridge",Assembly,MTS,ATLN,RIQC,FALSE,Sienna Corporation,161,0,8.57,1379.77,0,10,Unrestricted,161
09-11-2026,CM: Sienna GA,10-002207 REV-10,10-002207,"Bus Bar, Load Tray, Left, Bridge",Assembly,MTS,ATLN,RJ24,FALSE,Sienna Corporation,456,0,8.57,3907.92,0,10,Unrestricted,456
09-11-2026,CM: Sienna GA,10-002208 REV-02,10-002208,"Wire Terminal Lug, 250MCM, Aluminum, Tin-Plated",Part,OTS,ATLN,RIQC,FALSE,Sienna Corporation,2761,0,4.26,11761.86,0,2,Unrestricted,2761
09-11-2026,CM: Sienna GA,10-002208 REV-02,10-002208,"Wire Terminal Lug, 250MCM, Aluminum, Tin-Plated",Part,OTS,ATLN,MAIN,FALSE,Sienna Corporation,7,0,4.26,29.82,0,2,Unrestricted,7
09-11-2026,CM: Sienna GA,10-002208 REV-02,10-002208,"Wire Terminal Lug, 250MCM, Aluminum, Tin-Plated",Part,OTS,ATLN,MRB,FALSE,Sienna Corporation,0,270,4.26,0,1150.2,2,Restricted,0
09-11-2026,CM: Sienna GA,10-002208 REV-02,10-002208,"Wire Terminal Lug, 250MCM, Aluminum, Tin-Plated",Part,OTS,ATLN,RK64,FALSE,Sienna Corporation,6750,0,4.26,28755,0,2,Unrestricted,6750
09-11-2026,CM: Sienna GA,10-002209 REV-11,10-002209,"Insulation Tray, Core Module, Bridge",Assembly,MTS,ATLN,LINE,FALSE,Sienna Corporation,24,0,9.92,238.08,0,11,Unrestricted,24
09-11-2026,CM: Sienna GA,10-002209 REV-11,10-002209,"Insulation Tray, Core Module, Bridge",Assembly,MTS,ATLN,LPAC,FALSE,Sienna Corporation,191,0,9.92,1894.72,0,11,Unrestricted,191
09-11-2026,CM: Sienna GA,10-002209 REV-11,10-002209,"Insulation Tray, Core Module, Bridge",Assembly,MTS,ATLN,MRB,FALSE,Sienna Corporation,0,1097,9.92,0,10882.24,11,Restricted,0
09-11-2026,CM: Sienna GA,10-002209 REV-11,10-002209,"Insulation Tray, Core Module, Bridge",Assembly,MTS,ATLN,RIQC,FALSE,Sienna Corporation,382,0,9.92,3789.44,0,11,Unrestricted,382
09-11-2026,CM: Sienna GA,10-002211 REV-08,10-002211,"Relay Cover, Bridge",Assembly,MTS,ATLN,RR97,FALSE,Sienna Corporation,953,0,1.1695,1114.5335,0,8,Unrestricted,953
09-11-2026,CM: Sienna GA,10-002211 REV-08,10-002211,"Relay Cover, Bridge",Assembly,MTS,ATLN,RS51,FALSE,Sienna Corporation,374,0,1.1695,437.393,0,8,Unrestricted,374
09-11-2026,CM: Sienna GA,10-002211 REV-08,10-002211,"Relay Cover, Bridge",Assembly,MTS,ATLN,RK12,FALSE,Sienna Corporation,1071,0,1.1695,1252.5345,0,8,Unrestricted,1071
09-11-2026,CM: Sienna GA,10-002212 REV-01,10-002212,"Bolt with Washer, M5 x 11, T25 Drive, Steel, Zinc Plated",Part,OTS,ATLN,RIQC,FALSE,Sienna Corporation,5015,0,0.113,566.695,0,1,Unrestricted,5015
09-11-2026,CM: Sienna GA,10-002212 REV-01,10-002212,"Bolt with Washer, M5 x 11, T25 Drive, Steel, Zinc Plated",Part,OTS,ATLN,WHS2,FALSE,Sienna Corporation,196,0,0.113,22.148,0,1,Unrestricted,196
09-11-2026,CM: Sienna GA,10-002212 REV-01,10-002212,"Bolt with Washer, M5 x 11, T25 Drive, Steel, Zinc Plated",Part,OTS,ATLN,MAIN,FALSE,Sienna Corporation,42000,0,0.113,4746,0,1,Unrestricted,42000
09-11-2026,CM: Sienna GA,10-002215 REV-02,10-002215,"Screw,M6 6h X 18mm,BHT T30,Grade 8.8,ZiNi BC",Part,OTS,ATLN,MAIN,FALSE,Sienna Corporation,10256,0,0.1447,1484.0432,0,2,Unrestricted,10256
09-11-2026,CM: Sienna GA,10-002215 REV-02,10-002215,"Screw,M6 6h X 18mm,BHT T30,Grade 8.8,ZiNi BC",Part,OTS,ATLN,LINE,FALSE,Sienna Corporation,2870,0,0.1447,415.289,0,2,Unrestricted,2870
09-11-2026,Lunar Netsuite,10-002215,10-002215,"Screw,M6 6h X 18mm,BHT T30,Grade 8.8,ZiNi BC",Part,OTS,JIT - Reno,NS,FALSE,Lunar Energy,68,0,0.151,10.268,0,0,Unrestricted,68
09-11-2026,CM: Sienna GA,10-002215 REV-02,10-002215,"Screw,M6 6h X 18mm,BHT T30,Grade 8.8,ZiNi BC",Part,OTS,ATLN,RQ71,FALSE,Sienna Corporation,19000,0,0.1447,2749.3,0,2,Unrestricted,19000
09-11-2026,CM: Sienna GA,10-002215 REV-02,10-002215,"Screw,M6 6h X 18mm,BHT T30,Grade 8.8,ZiNi BC",Part,OTS,ATLN,RIQC,FALSE,Sienna Corporation,13020,0,0.1447,1883.994,0,2,Unrestricted,13020
09-11-2026,CM: Qualitel WA,814L-10-002218,10-002218,"Nut, M6, Hex Head, Steel, Serrated, Zn-Ni Plated",Part,MTS,"Seattle, WA",Stock,FALSE,Qualitel,111534,0,0.0267,2977.9578,0,0,Unrestricted,111534
09-11-2026,CM: Sienna GA,10-002219 REV-05,10-002219,"Standoff, Load Tray, Top, Bridge",Assembly,MTS,ATLN,RK22,FALSE,Sienna Corporation,564,0,0.76,428.64,0,5,Unrestricted,564
09-11-2026,CM: Sienna GA,10-002219 REV-05,10-002219,"Standoff, Load Tray, Top, Bridge",Assembly,MTS,ATLN,RS58,FALSE,Sienna Corporation,1398,0,0.76,1062.48,0,5,Unrestricted,1398
09-11-2026,Lunar Netsuite,10-002220,10-002220,"PCBA Module, Bridge",Part,MTS,JIT - Reno,NS,FALSE,Lunar Energy,1,0,94.09,94.09,0,0,Unrestricted,1
09-11-2026,Lunar Netsuite,10-002220,10-002220,"PCBA Module, Bridge",Part,MTS,CA - Ravendale,NS,FALSE,Lunar Energy,1,0,94.09,94.09,0,0,Unrestricted,0
09-11-2026,CM: Sienna GA,10-002221 REV-05,10-002221,"Enclosure, PCBA's, Bridge",Part,MTS,ATLN,LINE,FALSE,Sienna Corporation,1045,0,7.5801,7921.2045,0,5,Unrestricted,1045
09-11-2026,CM: Sienna GA,10-002221 REV-05,10-002221,"Enclosure, PCBA's, Bridge",Part,MTS,ATLN,RS98,FALSE,Sienna Corporation,600,0,7.5801,4548.06,0,5,Unrestricted,600
09-11-2026,CM: Sienna GA,10-002221 REV-05,10-002221,"Enclosure, PCBA's, Bridge",Part,MTS,ATLN,RRA8,FALSE,Sienna Corporation,600,0,7.5801,4548.06,0,5,Unrestricted,600
09-11-2026,CM: Sienna GA,10-002222 REV-02,10-002222,"Standoff, Male-Female, M3x17mm, Nylon",Part,OTS,ATLN,LINE,FALSE,Sienna Corporation,1855,0,0.097,179.935,0,2,Unrestricted,1855
09-11-2026,CM: Sienna GA,10-002222 REV-02,10-002222,"Standoff, Male-Female, M3x17mm, Nylon",Part,OTS,ATLN,PAWH,FALSE,Sienna Corporation,5000,0,0.097,485,0,2,Unrestricted,5000
09-11-2026,CM: Sienna GA,10-002222 REV-02,10-002222,"Standoff, Male-Female, M3x17mm, Nylon",Part,OTS,ATLN,LPAC,FALSE,Sienna Corporation,4049,0,0.097,392.753,0,2,Unrestricted,4049
09-11-2026,CM: Sienna GA,10-002222 REV-02,10-002222,"Standoff, Male-Female, M3x17mm, Nylon",Part,OTS,ATLN,MAIN,FALSE,Sienna Corporation,6951,0,0.097,674.247,0,2,Unrestricted,6951
09-11-2026,CM: Sienna GA,10-002225 REV-11,10-002225,"Bracket Assembly, PCBA, Bridge",Part,MTS,ATLN,LINE,FALSE,Sienna Corporation,44,0,3.87,170.28,0,11,Unrestricted,44
09-11-2026,CM: Sienna GA,10-002225 REV-11,10-002225,"Bracket Assembly, PCBA, Bridge",Part,MTS,ATLN,MRB,FALSE,Sienna Corporation,0,3,3.87,0,11.61,11,Restricted,0
09-11-2026,CM: Sienna GA,10-002225 REV-13,10-002225,"Bracket Assembly, PCBA, Bridge",Part,MTS,ATLN,RQA2,FALSE,Sienna Corporation,120,0,3.87,464.4,0,13,Unrestricted,120
09-11-2026,CM: Sienna GA,10-002225 REV-13,10-002225,"Bracket Assembly, PCBA, Bridge",Part,MTS,ATLN,RI32,FALSE,Sienna Corporation,54,0,3.87,208.98,0,13,Unrestricted,54
09-11-2026,CM: Sienna GA,10-002225 REV-13,10-002225,"Bracket Assembly, PCBA, Bridge",Part,MTS,ATLN,RIQC,FALSE,Sienna Corporation,1934,0,3.87,7484.58,0,13,Unrestricted,1934
09-11-2026,CM: Sienna GA,10-002227 REV-02,10-002227,"Nut, M3, Hex, SS",Part,OTS,ATLN,MAIN,FALSE,Sienna Corporation,115486,0,0.011,1270.346,0,2,Unrestricted,115486
09-11-2026,CM: Sienna GA,10-002228 REV-11,10-002228,"Ground Bar Module, Bridge",Assembly,MTS,ATLN,LINE,FALSE,Sienna Corporation,47,0,0,0,0,11,Unrestricted,47
09-11-2026,CM: Sienna GA,10-002229 REV-04,10-002229,"Insulator, Ground Bar, Bridge",Part,MTS,ATLN,RR81,FALSE,Sienna Corporation,1883,0,2.83,5328.89,0,4,Unrestricted,1883
09-11-2026,CM: Sienna GA,10-002229 REV-04,10-002229,"Insulator, Ground Bar, Bridge",Part,MTS,ATLN,RR82,FALSE,Sienna Corporation,484,0,2.83,1369.72,0,4,Unrestricted,484
09-11-2026,CM: Sienna GA,10-002230 REV-01,10-002230,"Neutral/Ground Bar, Bridge",Part,OTS,ATLN,LINE,FALSE,Sienna Corporation,2573,0,3.09,7950.57,0,1,Unrestricted,2573
09-11-2026,CM: Sienna GA,10-002230 REV-01,10-002230,"Neutral/Ground Bar, Bridge",Part,OTS,ATLN,MRB,FALSE,Sienna Corporation,0,2,3.09,0,6.18,1,Restricted,0
09-11-2026,CM: Sienna GA,10-002231 REV-05,10-002231,"Mount, Neutral/Ground Bar, Bridge",Part,MTS,ATLN,MRB,FALSE,Sienna Corporation,0,861,4,0,3444,5,Restricted,0
09-11-2026,CM: Sienna GA,10-002231 REV-07,10-002231,"Mount, Neutral/Ground Bar, Bridge",Part,MTS,ATLN,LINE,FALSE,Sienna Corporation,582,0,1.43,832.26,0,7,Unrestricted,582
09-11-2026,CM: Sienna GA,10-002231 REV-07,10-002231,"Mount, Neutral/Ground Bar, Bridge",Part,MTS,ATLN,MRB,FALSE,Sienna Corporation,0,3259,1.43,0,4660.37,7,Restricted,0
09-11-2026,CM: Sienna GA,10-002231 REV-07,10-002231,"Mount, Neutral/Ground Bar, Bridge",Part,MTS,ATLN,PAWH,FALSE,Sienna Corporation,14,0,1.43,20.02,0,7,Unrestricted,14
09-11-2026,CM: Sienna GA,10-002231 REV-07,10-002231,"Mount, Neutral/Ground Bar, Bridge",Part,MTS,ATLN,RPA2,FALSE,Sienna Corporation,7772,0,1.43,11113.96,0,7,Unrestricted,7772
09-11-2026,CM: Sienna GA,10-002232 REV-06,10-002232,"Bus Bar, Ground, Bridge",Part,MTS,ATLN,RIQC,FALSE,Sienna Corporation,34,0,5.15,175.1,0,6,Unrestricted,34
09-11-2026,CM: Sienna GA,10-002232 REV-06,10-002232,"Bus Bar, Ground, Bridge",Part,MTS,ATLN,PCKD,FALSE,Sienna Corporation,55,0,5.15,283.25,0,6,Unrestricted,55
09-11-2026,CM: Sienna GA,10-002232 REV-06,10-002232,"Bus Bar, Ground, Bridge",Part,MTS,ATLN,RI34,FALSE,Sienna Corporation,110,0,5.15,566.5,0,6,Unrestricted,110
09-11-2026,CM: Sienna GA,10-002232 REV-06,10-002232,"Bus Bar, Ground, Bridge",Part,MTS,ATLN,RI33,FALSE,Sienna Corporation,441,0,5.15,2271.15,0,6,Unrestricted,441
09-11-2026,CM: Sienna GA,10-002234 REV-01,10-002234,"Bolt, Flat Head, M4 x 13, Steel, Zn-Ni Plated",Part,OTS,ATLN,MAIN,FALSE,Sienna Corporation,3000,0,0.0581,174.3,0,1,Unrestricted,3000
09-11-2026,CM: Sienna GA,10-002234 REV-01,10-002234,"Bolt, Flat Head, M4 x 13, Steel, Zn-Ni Plated",Part,OTS,ATLN,RIQC,FALSE,Sienna Corporation,10000,0,0.0581,581,0,1,Unrestricted,10000
09-11-2026,CM: Sienna GA,10-002234 REV-01,10-002234,"Bolt, Flat Head, M4 x 13, Steel, Zn-Ni Plated",Part,OTS,ATLN,LINE,FALSE,Sienna Corporation,6581,0,0.0581,382.3561,0,1,Unrestricted,6581
09-11-2026,CM: Sienna GA,10-002235 REV-01,10-002235,"Bolt, M5 x 14, T25 Drive, Steel, Zn-Ni Plated",Part,OTS,ATLN,WHS2,FALSE,Sienna Corporation,34500,0,0.1125,3881.25,0,1,Unrestricted,34500
09-11-2026,CM: Sienna GA,10-002235 REV-01,10-002235,"Bolt, M5 x 14, T25 Drive, Steel, Zn-Ni Plated",Part,OTS,ATLN,MAIN,FALSE,Sienna Corporation,1000,0,0.1125,112.5,0,1,Unrestricted,1000
09-11-2026,CM: Sienna GA,10-002235 REV-01,10-002235,"Bolt, M5 x 14, T25 Drive, Steel, Zn-Ni Plated",Part,OTS,ATLN,RQ12,FALSE,Sienna Corporation,16797,0,0.1125,1889.6625,0,1,Unrestricted,16797
09-11-2026,CM: Sienna GA,10-002235 REV-01,10-002235,"Bolt, M5 x 14, T25 Drive, Steel, Zn-Ni Plated",Part,OTS,ATLN,LINE,FALSE,Sienna Corporation,578,0,0.1125,65.025,0,1,Unrestricted,578
09-11-2026,CM: Sienna GA,10-002242 REV-08,10-002242,"Neutral Bar Module, Bridge",Assembly,MTS,ATLN,LINE,FALSE,Sienna Corporation,55,0,0,0,0,8,Unrestricted,55
09-11-2026,CM: Sienna GA,10-002243 REV-04,10-002243,"Insulator, Neutral Bar, Bridge",Part,MTS,ATLN,LINE,FALSE,Sienna Corporation,88,0,2.83,249.04,0,4,Unrestricted,88
09-11-2026,CM: Sienna GA,10-002243 REV-04,10-002243,"Insulator, Neutral Bar, Bridge",Part,MTS,ATLN,RR52,FALSE,Sienna Corporation,837,0,2.83,2368.71,0,4,Unrestricted,837
09-11-2026,CM: Sienna GA,10-002243 REV-04,10-002243,"Insulator, Neutral Bar, Bridge",Part,MTS,ATLN,RR51,FALSE,Sienna Corporation,1403,0,2.83,3970.49,0,4,Unrestricted,1403
09-11-2026,CM: Sienna GA,10-002244 REV-05,10-002244,"Bus Bar, Neutral, Bridge",Part,MTS,ATLN,RIQC,FALSE,Sienna Corporation,34,0,3.21,109.14,0,5,Unrestricted,34
09-11-2026,CM: Sienna GA,10-002244 REV-05,10-002244,"Bus Bar, Neutral, Bridge",Part,MTS,ATLN,LINE,FALSE,Sienna Corporation,18,0,3.21,57.78,0,5,Unrestricted,18
09-11-2026,CM: Sienna GA,10-002244 REV-05,10-002244,"Bus Bar, Neutral, Bridge",Part,MTS,ATLN,RI33,FALSE,Sienna Corporation,517,0,3.21,1659.57,0,5,Unrestricted,517
09-11-2026,CM: Sienna GA,10-002244 REV-05,10-002244,"Bus Bar, Neutral, Bridge",Part,MTS,ATLN,RI34,FALSE,Sienna Corporation,302,0,3.21,969.42,0,5,Unrestricted,302
09-11-2026,CM: Sienna GA,10-002245 REV-01,10-002245,"Load Tray, 20 Space, 40 Circuit, 225A",Part,OTS,ATLN,MRB,FALSE,Sienna Corporation,0,1,70.6,0,70.6,1,Restricted,0
09-11-2026,CM: Sienna GA,10-002245 REV-01,10-002245,"Load Tray, 20 Space, 40 Circuit, 225A",Part,OTS,ATLN,RC56,FALSE,Sienna Corporation,27,0,70.6,1906.2,0,1,Unrestricted,27
09-11-2026,CM: Sienna GA,10-002245 REV-01,10-002245,"Load Tray, 20 Space, 40 Circuit, 225A",Part,OTS,ATLN,RC44,FALSE,Sienna Corporation,150,0,70.6,10590,0,1,Unrestricted,150
09-11-2026,CM: Sienna GA,10-002245 REV-01,10-002245,"Load Tray, 20 Space, 40 Circuit, 225A",Part,OTS,ATLN,RC36,FALSE,Sienna Corporation,71,0,70.6,5012.6,0,1,Unrestricted,71
09-11-2026,CM: Sienna GA,10-002245 REV-01,10-002245,"Load Tray, 20 Space, 40 Circuit, 225A",Part,OTS,ATLN,RIQC,FALSE,Sienna Corporation,865,0,70.6,61069,0,1,Unrestricted,865
09-11-2026,CM: Sienna GA,10-002246 REV-01,10-002246,"Nut, 1/4-20, Hex Head, Steel, Zn-Ni Plated",Part,OTS,ATLN,LINE,FALSE,Sienna Corporation,262,0,0.059,15.458,0,1,Unrestricted,262
09-11-2026,CM: Sienna GA,10-002246 REV-01,10-002246,"Nut, 1/4-20, Hex Head, Steel, Zn-Ni Plated",Part,OTS,ATLN,WHS2,FALSE,Sienna Corporation,42756,0,0.059,2522.604,0,1,Unrestricted,42756
09-11-2026,CM: Sienna GA,10-002248 REV-06,10-002248,"Wire Harness, Voltage Sense, Bridge",Assembly,MTS,ATLN,RL23,FALSE,Sienna Corporation,200,0,2.61,522,0,6,Unrestricted,200
09-11-2026,CM: Sienna GA,10-002248 REV-06,10-002248,"Wire Harness, Voltage Sense, Bridge",Assembly,MTS,ATLN,RIQC,FALSE,Sienna Corporation,203,0,2.61,529.83,0,6,Unrestricted,203
09-11-2026,CM: Sienna GA,10-002248 REV-06,10-002248,"Wire Harness, Voltage Sense, Bridge",Assembly,MTS,ATLN,PAWH,FALSE,Sienna Corporation,370,0,2.61,965.7,0,6,Unrestricted,370
09-11-2026,CM: Sienna GA,10-002248 REV-06,10-002248,"Wire Harness, Voltage Sense, Bridge",Assembly,MTS,ATLN,WHS2,FALSE,Sienna Corporation,33,0,2.61,86.13,0,6,Unrestricted,33
09-11-2026,Lunar Netsuite,10-002249,10-002249,"Wire Harness, Earth Ground Sense, Bridge",Part,MTS,Sienna Corporation - GA,NS,FALSE,Lunar Energy,3000,0,1.25,3750,0,0,Unrestricted,0
09-11-2026,CM: Sienna GA,C10-002249 REV-02,10-002249,"Wire Harness, Earth Ground Sense, Bridge",Part,MTS,ATLN,WHS2,TRUE,Lunar Energy,2000,0,0,0,0,2,Unrestricted,2000
09-11-2026,CM: Sienna GA,C10-002249(P1) REV-02,10-002249,"Wire Harness, Earth Ground Sense, Bridge",Part,MTS,ATLN,WHS2,TRUE,Lunar Energy,3000,0,0,0,0,2,Unrestricted,3000
09-11-2026,CM: Qualitel WA,814L-10-002260,10-002260,CAP CER 4.7UF 50V X7R 1206,Electrical Components,OTS,"Seattle, WA",Stock,FALSE,Qualitel,12753,0,0.0334,425.9502,0,0,Unrestricted,12753
09-11-2026,Lunar Netsuite,10-002260,10-002260,CAP CER 4.7UF 50V X7R 1206,Electrical Components,OTS,Avnet,NS,FALSE,Lunar Energy,42000,0,0.0344,1444.8,0,0,Unrestricted,42000
09-11-2026,CM: Sienna GA,10-002260 REV-1,10-002260,CAP CER 4.7UF 50V X7R 1206,Electrical Components,OTS,ATLN,MAIN,FALSE,Sienna Corporation,6000,0,0.062,372,0,1,Unrestricted,6000
09-11-2026,CM: Sienna GA,10-002260 REV-1,10-002260,CAP CER 4.7UF 50V X7R 1206,Electrical Components,OTS,ATLN,LINE,FALSE,Sienna Corporation,12457,0,0.062,772.334,0,1,Unrestricted,12457
09-11-2026,Lunar Netsuite,10-002261,10-002261,22 µF ±10% 25V Ceramic Capacitor X5R 1210 (3225 Metric),Electrical Components,OTS,CCL (Computer Components Ltd),NS,FALSE,Lunar Energy,1000,0,0.14,140,0,0,Unrestricted,1000
09-11-2026,CM: Sienna GA,10-002262 REV-1,10-002262,RES SMD 62 OHM 5% 1/4W 0603 AEC-Q,Electrical Components,OTS,ATLN,MAIN,FALSE,Sienna Corporation,10000,0,0.0079,79,0,1,Unrestricted,10000
09-11-2026,CM: Sienna GA,10-002262 REV-1,10-002262,RES SMD 62 OHM 5% 1/4W 0603 AEC-Q,Electrical Components,OTS,ATLN,LINE,FALSE,Sienna Corporation,2367,0,0.0079,18.6993,0,1,Unrestricted,2367
09-11-2026,Lunar Netsuite,10-002265,10-002265,DIODE ARRAY SCHOTTKY 20V SOT23,Electrical Components,OTS,JIT - Reno,NS,FALSE,Lunar Energy,9000,0,0.0617,555.3,0,0,Unrestricted,9000
09-11-2026,CM: Sienna GA,10-002265 REV-1,10-002265,DIODE ARRAY SCHOTTKY 20V SOT23,Electrical Components,OTS,ATLN,LINE,FALSE,Sienna Corporation,951,0,0.0517,49.1667,0,1,Unrestricted,951
09-11-2026,Lunar Netsuite,10-002265,10-002265,DIODE ARRAY SCHOTTKY 20V SOT23,Electrical Components,OTS,NexGen Digital Inc,NS,FALSE,Lunar Energy,117000,0,0.0571,6680.7,0,0,Unrestricted,117000
09-11-2026,Lunar Netsuite,10-002266,10-002266,CAP CER 0.1UF 50V X7R 0603,Electrical Components,OTS,CCL (Computer Components Ltd),NS,FALSE,Lunar Energy,646,0,0.02,12.92,0,0,Unrestricted,646
09-11-2026,CM: Sienna GA,10-002267 REV-01,10-002267,"Spring,MW,9.6mm,33N/mm,Ground Ends",Part,OTS,ATLN,LINE,FALSE,Sienna Corporation,4345,0,0.34,1477.3,0,1,Unrestricted,4345
09-11-2026,CM: Sienna GA,10-002267 REV-01,10-002267,"Spring,MW,9.6mm,33N/mm,Ground Ends",Part,OTS,ATLN,RIQC,FALSE,Sienna Corporation,11600,0,0.34,3944,0,1,Unrestricted,11600
09-11-2026,CM: Sienna GA,C10-002271 REV-01,10-002271,Linear Voltage Regulator IC Positive Fixed 1 Output 1.5A D2PAK,Electrical Components,OTS,ATLN,WT14,TRUE,Lunar Energy,5000,0,0,0,0,1,Unrestricted,5000
09-11-2026,Lunar Netsuite,10-002271,10-002271,Linear Voltage Regulator IC Positive Fixed 1 Output 1.5A D2PAK,Electrical Components,OTS,Sienna Corporation - GA,NS,FALSE,Lunar Energy,5000,0,0.2573,1286.5,0,0,Unrestricted,0
09-11-2026,Lunar Netsuite,10-002272,10-002272,"DC-DC ISOLATED 1.5KV, 1 W, 21.6~",Electrical Components,OTS,Sienna Corporation - GA,NS,FALSE,Lunar Energy,1450,0,1.4737,2136.865,0,0,Unrestricted,1450
09-11-2026,CM: Sienna GA,10-002272 REV-01,10-002272,"DC-DC ISOLATED 1.5KV, 1 W, 21.6~",Electrical Components,OTS,ATLN,LINE,FALSE,Sienna Corporation,800,0,1.48,1184,0,1,Unrestricted,800
09-11-2026,Lunar Netsuite,10-002272,10-002272,"DC-DC ISOLATED 1.5KV, 1 W, 21.6~",Electrical Components,OTS,JIT - Reno,NS,FALSE,Lunar Energy,47800,0,1.4737,70442.86,0,0,Unrestricted,47800
09-11-2026,CM: Sienna GA,10-002272 REV-01,10-002272,"DC-DC ISOLATED 1.5KV, 1 W, 21.6~",Electrical Components,OTS,ATLN,MAIN,FALSE,Sienna Corporation,2920,0,1.48,4321.6,0,1,Unrestricted,2920
09-11-2026,CM: Sienna GA,C10-002272 REV-01,10-002272,"DC-DC ISOLATED 1.5KV, 1 W, 21.6~",Electrical Components,OTS,ATLN,WT42,TRUE,Lunar Energy,1450,0,0,0,0,1,Unrestricted,1450
09-11-2026,Lunar Netsuite,10-002275,10-002275,"DC-DC ISOLATED 3K, 1 W, 22.8~25.",Electrical Components,OTS,NexGen Digital Inc,NS,FALSE,Lunar Energy,44250,0,1.8,79650,0,0,Unrestricted,44250
09-11-2026,Lunar Netsuite,10-002276,10-002276,IC BUFFER NON-INVERT 6V 20SOIC,Electrical Components,OTS,CCL (Computer Components Ltd),NS,FALSE,Lunar Energy,4800,0,0.4297,2062.56,0,0,Unrestricted,4800
09-11-2026,Lunar Netsuite,10-002276,10-002276,IC BUFFER NON-INVERT 6V 20SOIC,Electrical Components,OTS,JIT - Reno,NS,FALSE,Lunar Energy,1000,0,0.4299,429.9,0,0,Unrestricted,1000
09-11-2026,CM: Sienna GA,10-002277 REV-01,10-002277,OR Gate IC 4 Channel - 14-SO,Electrical Components,OTS,ATLN,PAMS,FALSE,Sienna Corporation,2000,0,0.146,292,0,1,Unrestricted,2000
09-11-2026,CM: Qualitel WA,814L-10-002277,10-002277,OR Gate IC 4 Channel - 14-SO,Electrical Components,OTS,"Seattle, WA",Stock,FALSE,Qualitel,6786,0,0.142,963.612,0,0,Unrestricted,6786
09-11-2026,CM: Sienna GA,10-002277 REV-01,10-002277,OR Gate IC 4 Channel - 14-SO,Electrical Components,OTS,ATLN,LINE,FALSE,Sienna Corporation,2209,0,0.146,322.514,0,1,Unrestricted,2209
09-11-2026,CM: Sienna GA,10-002277 REV-01,10-002277,OR Gate IC 4 Channel - 14-SO,Electrical Components,OTS,ATLN,MAIN,FALSE,Sienna Corporation,2000,0,0.146,292,0,1,Unrestricted,2000
09-11-2026,Lunar Netsuite,10-002278,10-002278,"600VIN MICROPOWER, ISOLATED NO-O",Electrical Components,OTS,JIT - Reno,NS,FALSE,Lunar Energy,1388,0,4.1626,5777.6888,0,0,Unrestricted,1388
09-11-2026,CM: Sienna GA,10-002278 REV-01,10-002278,"600VIN MICROPOWER, ISOLATED NO-O",Electrical Components,OTS,ATLN,MAIN,FALSE,Sienna Corporation,7500,0,1.87,14025,0,1,Unrestricted,7500
09-11-2026,Lunar Netsuite,10-002278,10-002278,"600VIN MICROPOWER, ISOLATED NO-O",Electrical Components,OTS,Sienna Corporation - GA,NS,FALSE,Lunar Energy,962,0,2.7085,2605.577,0,0,Unrestricted,962
09-11-2026,CM: Sienna GA,10-002278 REV-01,10-002278,"600VIN MICROPOWER, ISOLATED NO-O",Electrical Components,OTS,ATLN,LINE,FALSE,Sienna Corporation,4614,0,1.87,8628.18,0,1,Unrestricted,4614
09-11-2026,CM: Qualitel WA,814L-10-002278,10-002278,"600VIN MICROPOWER, ISOLATED NO-O",Electrical Components,OTS,"Seattle, WA",Stock,FALSE,Qualitel,3746,0,2.151,8057.646,0,0,Unrestricted,3746
09-11-2026,CM: Sienna GA,C10-002278 REV-01,10-002278,"600VIN MICROPOWER, ISOLATED NO-O",Electrical Components,OTS,ATLN,WRB2,TRUE,Lunar Energy,962,0,0,0,0,1,Unrestricted,962
09-11-2026,Lunar Netsuite,10-002279,10-002279,FUSE 500VAC 40A,Electrical Components,OTS,CCL (Computer Components Ltd),NS,FALSE,Lunar Energy,5000,0,3.5,17500,0,0,Unrestricted,5000
09-11-2026,CM: Qualitel WA,814L-10-002280,10-002280,FIXED IND 33UH 3A 60 MOHM SMD AEC-Q,Electrical Components,OTS,"Seattle, WA",Stock,FALSE,Qualitel,43839,0,0.48,21042.72,0,0,Unrestricted,43839
09-11-2026,CM: Celestica MX,10-0022803MS,10-002280,FIXED IND 33UH 3A 60 MOHM SMD AEC-Q,Electrical Components,OTS,Monterrey Prod,1000,FALSE,Celestica,-6,0,0.58,-3.48,0,0,Unrestricted,-6
09-11-2026,Lunar Netsuite,10-002280,10-002280,FIXED IND 33UH 3A 60 MOHM SMD AEC-Q,Electrical Components,OTS,JIT - Reno,NS,FALSE,Lunar Energy,266500,0,0.48,127920,0,0,Unrestricted,199000
09-11-2026,CM: Celestica MX,10-0022813MS,10-002281,CAP CER 10UF 25V X7R 1206 AEC-Q,Electrical Components,OTS,Monterrey Prod,1000,FALSE,Celestica,-32,0,0.183,-5.856,0,0,Unrestricted,-32
09-11-2026,CM: Sienna GA,C10-002282 REV-1,10-002282,RES SMD 20 OHM 1% 1/10W 0603 AEC-Q,Electrical Components,OTS,ATLN,WS61,TRUE,Lunar Energy,15000,0,0,0,0,1,Unrestricted,15000
09-11-2026,CM: Sienna GA,C10-002282 REV-1,10-002282,RES SMD 20 OHM 1% 1/10W 0603 AEC-Q,Electrical Components,OTS,ATLN,WR22,TRUE,Lunar Energy,16841,0,0,0,0,1,Unrestricted,16841
09-11-2026,Lunar Netsuite,10-002282,10-002282,RES SMD 20 OHM 1% 1/10W 0603 AEC-Q,Electrical Components,OTS,JIT - Reno,NS,FALSE,Lunar Energy,85000,0,0.0095,807.5,0,0,Unrestricted,55000
09-11-2026,CM: Qualitel WA,814L-10-002282,10-002282,RES SMD 20 OHM 1% 1/10W 0603 AEC-Q,Electrical Components,OTS,"Seattle, WA",Stock,FALSE,Qualitel,226459,0,0.0014,317.0426,0,0,Unrestricted,226459
09-11-2026,Lunar Netsuite,10-002282,10-002282,RES SMD 20 OHM 1% 1/10W 0603 AEC-Q,Electrical Components,OTS,Sienna Corporation - GA,NS,FALSE,Lunar Energy,31841,0,0.0095,302.4895,0,0,Unrestricted,0
09-11-2026,CM: Celestica MX,10-0022823MS,10-002282,RES SMD 20 OHM 1% 1/10W 0603 AEC-Q,Electrical Components,OTS,Monterrey Prod,1000,FALSE,Celestica,-28,0,0.0039,-0.1092,0,0,Unrestricted,-28
09-11-2026,Lunar Netsuite,10-002283,10-002283,RES SMD 47K OHM 1% 1/10W 0603 AEC-Q,Electrical Components,OTS,CA - Ravendale,NS,FALSE,Lunar Energy,5000,0,0.002,10,0,0,Unrestricted,5000
09-11-2026,CM: Qualitel WA,814L-10-002283,10-002283,RES SMD 47K OHM 1% 1/10W 0603 AEC-Q,Electrical Components,OTS,"Seattle, WA",Stock,FALSE,Qualitel,78306,0,0.0011,86.1366,0,0,Unrestricted,78306
09-11-2026,CM: Celestica MX,10-0022833MS,10-002283,RES SMD 47K OHM 1% 1/10W 0603 AEC-Q,Electrical Components,OTS,Monterrey Prod,1000,FALSE,Celestica,-12,0,0.0023,-0.0276,0,0,Unrestricted,-12
09-11-2026,Lunar Netsuite,10-002286,10-002286,RES SMD 499K OHM 1% 1/4W 1206,Electrical Components,OTS,JIT - Reno,NS,FALSE,Lunar Energy,30000,0,0.0285,855,0,0,Unrestricted,30000
09-11-2026,CM: Celestica MX,10-0022863MS,10-002286,RES SMD 499K OHM 1% 1/4W 1206,Electrical Components,OTS,Monterrey Prod,1000,FALSE,Celestica,-4,0,0.03,-0.12,0,0,Unrestricted,-4
09-11-2026,CM: Qualitel WA,814L-10-002287,10-002287,RES SMD 4.99KOHM 0.1% 1/10W 0603,Electrical Components,OTS,"Seattle, WA",Stock,FALSE,Qualitel,232881,0,0.0045,1047.9645,0,0,Unrestricted,232881
09-11-2026,CM: Celestica MX,10-0022873MS,10-002287,RES SMD 4.99KOHM 0.1% 1/10W 0603,Electrical Components,OTS,Monterrey Prod,1000,FALSE,Celestica,61,0,0.036,2.196,0,0,Unrestricted,61
09-11-2026,CM: Qualitel WA,814L-10-002288,10-002288,RES 1.1K OHM 1% 1/10W 0603 AEC-Q,Electrical Components,OTS,"Seattle, WA",Stock,FALSE,Qualitel,145124,0,0.0012,174.1488,0,0,Unrestricted,145124
09-11-2026,CM: Celestica MX,10-0022883MS,10-002288,RES 1.1K OHM 1% 1/10W 0603 AEC-Q,Electrical Components,OTS,Monterrey Prod,1000,FALSE,Celestica,-18,0,0.0039,-0.0702,0,0,Unrestricted,-18
09-11-2026,Lunar Netsuite,10-002289,10-002289,RES 12.1K OHM 1% 1/10W 0603 AEC-Q,Electrical Components,OTS,Sienna Corporation - GA,NS,FALSE,Lunar Energy,15000,0,0,0,0,0,Unrestricted,0
09-11-2026,CM: Qualitel WA,814L-10-002289,10-002289,RES 12.1K OHM 1% 1/10W 0603 AEC-Q,Electrical Components,OTS,"Seattle, WA",PO Inspection,FALSE,Qualitel,0,125,0.0017,0,0.2125,0,Restricted,0
09-11-2026,CM: Celestica MX,10-0022893MS,10-002289,RES 12.1K OHM 1% 1/10W 0603 AEC-Q,Electrical Components,OTS,Monterrey Prod,1000,FALSE,Celestica,3640,0,0.0043,15.652,0,0,Unrestricted,3640
09-11-2026,CM: Qualitel WA,814L-10-002289,10-002289,RES 12.1K OHM 1% 1/10W 0603 AEC-Q,Electrical Components,OTS,"Seattle, WA",Stock,FALSE,Qualitel,44117,0,0.0017,74.9989,0,0,Unrestricted,44117
09-11-2026,CM: Sienna GA,C10-002289 REV-01,10-002289,RES 12.1K OHM 1% 1/10W 0603 AEC-Q,Electrical Components,OTS,ATLN,WS13,TRUE,Lunar Energy,15000,0,0,0,0,1,Unrestricted,15000
09-11-2026,CM: Qualitel WA,814L-10-002289,10-002289,RES 12.1K OHM 1% 1/10W 0603 AEC-Q,Electrical Components,OTS,"Seattle, WA",MRB,FALSE,Qualitel,0,125,0.0017,0,0.2125,0,Restricted,0
09-11-2026,CM: Qualitel WA,814L-10-002290,10-002290,IC REG LINEAR 2.5V 200MA 8SOIC,Electrical Components,OTS,"Seattle, WA",Stock,FALSE,Qualitel,16372,0,0.492,8055.024,0,0,Unrestricted,16372
09-11-2026,CM: Celestica MX,10-0022903MS,10-002290,IC REG LINEAR 2.5V 200MA 8SOIC,Electrical Components,OTS,Monterrey Prod,1000,FALSE,Celestica,25,0,0.38,9.5,0,0,Unrestricted,25
09-11-2026,Lunar Netsuite,10-002290,10-002290,IC REG LINEAR 2.5V 200MA 8SOIC,Electrical Components,OTS,JIT - Reno,NS,FALSE,Lunar Energy,99,0,2.2986,227.5614,0,0,Unrestricted,0
09-11-2026,Lunar Netsuite,10-002291,10-002291,RES SMD 28.7K OHM 1% 1/10W 0603 AEC-Q,Electrical Components,OTS,JIT - Reno,NS,FALSE,Lunar Energy,19070,0,0.0085,162.095,0,0,Unrestricted,19070
09-11-2026,Lunar Netsuite,10-002291,10-002291,RES SMD 28.7K OHM 1% 1/10W 0603 AEC-Q,Electrical Components,OTS,Sienna Corporation - GA,NS,FALSE,Lunar Energy,930,0,0.01,9.3,0,0,Unrestricted,0
09-11-2026,CM: Qualitel WA,814L-10-002291,10-002291,RES SMD 28.7K OHM 1% 1/10W 0603 AEC-Q,Electrical Components,OTS,"Seattle, WA",Stock,FALSE,Qualitel,44230,0,0.0014,61.922,0,0,Unrestricted,44230
09-11-2026,CM: Sienna GA,C10-002291 REV-01,10-002291,RES SMD 28.7K OHM 1% 1/10W 0603 AEC-Q,Electrical Components,OTS,ATLN,WS61,TRUE,Lunar Energy,930,0,0,0,0,1,Unrestricted,930
09-11-2026,CM: Celestica MX,10-0022913MS,10-002291,RES SMD 28.7K OHM 1% 1/10W 0603 AEC-Q,Electrical Components,OTS,Monterrey Prod,1000,FALSE,Celestica,-2,0,0.0023,-0.0046,0,0,Unrestricted,-2
09-11-2026,Lunar Netsuite,10-002292,10-002292,IC GATE DRVR HIGH-SIDE 8SOIC,Electrical Components,OTS,JIT - Reno,NS,FALSE,Lunar Energy,15032,0,1.9848,29835.5136,0,0,Unrestricted,15032
09-11-2026,Lunar Netsuite,10-002292,10-002292,IC GATE DRVR HIGH-SIDE 8SOIC,Electrical Components,OTS,NexGen Digital Inc,NS,FALSE,Lunar Energy,26280,0,1.9513,51280.164,0,0,Unrestricted,26280
09-11-2026,CM: Sienna GA,10-002293 REV-01,10-002293,IC GATE DRVR HIGH-SIDE 10MSOP,Electrical Components,OTS,ATLN,MAIN,FALSE,Sienna Corporation,55000,0,2.35,129250,0,1,Unrestricted,55000
09-11-2026,Lunar Netsuite,10-002293,10-002293,IC GATE DRVR HIGH-SIDE 10MSOP,Electrical Components,OTS,JIT - Reno,NS,FALSE,Lunar Energy,608,0,2.35,1428.8,0,0,Unrestricted,35
09-11-2026,CM: Qualitel WA,814L-10-002293,10-002293,IC GATE DRVR HIGH-SIDE 10MSOP,Electrical Components,OTS,"Seattle, WA",Stock,FALSE,Qualitel,16282,0,1.27,20678.14,0,0,Unrestricted,16282
09-11-2026,CM: Celestica MX,10-0022933MS,10-002293,IC GATE DRVR HIGH-SIDE 10MSOP,Electrical Components,OTS,Monterrey Prod,1000,FALSE,Celestica,18,0,2.35,42.3,0,0,Unrestricted,18
09-11-2026,CM: Sienna GA,10-002293 REV-01,10-002293,IC GATE DRVR HIGH-SIDE 10MSOP,Electrical Components,OTS,ATLN,LINE,FALSE,Sienna Corporation,20629,0,2.35,48478.15,0,1,Unrestricted,20629
09-11-2026,CM: Sienna GA,10-002294 REV-01,10-002294,FLASH - NOR Memory IC 16Mb (2M x 8) SPI - Quad I/O 133 MHz 8-SOIC,Electrical Components,OTS,ATLN,MAIN,FALSE,Sienna Corporation,500,0,0,0,0,1,Unrestricted,500
09-11-2026,CM: Sienna GA,10-002294 REV-01,10-002294,FLASH - NOR Memory IC 16Mb (2M x 8) SPI - Quad I/O 133 MHz 8-SOIC,Electrical Components,OTS,ATLN,LINE,FALSE,Sienna Corporation,2853,0,0,0,0,1,Unrestricted,2853
09-11-2026,CM: Qualitel WA,814L-10-002300,10-002300,CAP CER 6800PF 50V C0G 0603 AEC-Q,Electrical Components,OTS,"Seattle, WA",PO Inspection,FALSE,Qualitel,0,150,0.0497,0,7.455,0,Restricted,0
09-11-2026,CM: Sienna GA,10-002300 REV-1,10-002300,CAP CER 6800PF 50V C0G 0603 AEC-Q,Electrical Components,OTS,ATLN,LINE,FALSE,Sienna Corporation,7347,0,0.046,337.962,0,1,Unrestricted,7347
09-11-2026,CM: Sienna GA,10-002300 REV-1,10-002300,CAP CER 6800PF 50V C0G 0603 AEC-Q,Electrical Components,OTS,ATLN,PAMS,FALSE,Sienna Corporation,4000,0,0.046,184,0,1,Unrestricted,4000
09-11-2026,CM: Qualitel WA,814L-10-002300,10-002300,CAP CER 6800PF 50V C0G 0603 AEC-Q,Electrical Components,OTS,"Seattle, WA",Stock,FALSE,Qualitel,60895,0,0.0497,3026.4815,0,0,Unrestricted,60895
09-11-2026,CM: Qualitel WA,814L-10-002300,10-002300,CAP CER 6800PF 50V C0G 0603 AEC-Q,Electrical Components,OTS,"Seattle, WA",MRB,FALSE,Qualitel,0,150,0.0497,0,7.455,0,Restricted,0
09-11-2026,CM: Sienna GA,10-002300 REV-1,10-002300,CAP CER 6800PF 50V C0G 0603 AEC-Q,Electrical Components,OTS,ATLN,RIQC,FALSE,Sienna Corporation,4000,0,0.046,184,0,1,Unrestricted,4000
09-11-2026,CM: Celestica MX,10-0023003MS,10-002300,CAP CER 6800PF 50V C0G 0603 AEC-Q,Electrical Components,OTS,Monterrey Prod,1000,FALSE,Celestica,-6,0,0.046,-0.276,0,0,Unrestricted,-6
09-11-2026,CM: Qualitel WA,814L-10-002302,10-002302,SENSOR THERMISTOR NTC,Electrical Components,OTS,"Seattle, WA",Stock,FALSE,Qualitel,21848,0,0.0225,491.58,0,0,Unrestricted,21848
09-11-2026,Lunar Netsuite,10-002302,10-002302,SENSOR THERMISTOR NTC,Electrical Components,OTS,CA - Ravendale,NS,FALSE,Lunar Energy,13000,0,0.031,403,0,0,Unrestricted,13000
09-11-2026,CM: Celestica MX,10-0023023MS,10-002302,SENSOR THERMISTOR NTC,Electrical Components,OTS,Monterrey Prod,1000,FALSE,Celestica,-2,0,0.0169,-0.0338,0,0,Unrestricted,-2
09-11-2026,Lunar Netsuite,10-002304,10-002304,"CONN, HEADER, 4P, GRAY, VETICAL , Ni/Cu, TE",Electrical Components,OTS,Avnet,NS,FALSE,Lunar Energy,24540,0,2.49,61104.6,0,0,Unrestricted,24540
09-11-2026,CM: Qualitel WA,814L-10-002304,10-002304,"CONN, HEADER, 4P, GRAY, VETICAL , Ni/Cu, TE",Electrical Components,OTS,"Seattle, WA",Stock,FALSE,Qualitel,9444,0,2.413,22788.372,0,0,Unrestricted,9444
09-11-2026,Lunar Netsuite,10-002304,10-002304,"CONN, HEADER, 4P, GRAY, VETICAL , Ni/Cu, TE",Electrical Components,OTS,JIT - Reno,NS,FALSE,Lunar Energy,4050,0,2.49,10084.5,0,0,Unrestricted,4050
09-11-2026,CM: Celestica MX,10-0023043MS,10-002304,"CONN, HEADER, 4P, GRAY, VETICAL , Ni/Cu, TE",Electrical Components,OTS,Monterrey Prod,1000,FALSE,Celestica,-9,0,2.49,-22.41,0,0,Unrestricted,-9
09-11-2026,Lunar Netsuite,10-002308,10-002308,DIODE GEN PURP 1KV 8A SMC,Electrical Components,OTS,JIT - Reno,NS,FALSE,Lunar Energy,15000,0,0.12,1800,0,0,Unrestricted,15000
09-11-2026,CM: Sienna GA,10-002308 REV-01,10-002308,DIODE GEN PURP 1KV 8A SMC,Electrical Components,OTS,ATLN,LINE,FALSE,Sienna Corporation,1898,0,0.122,231.556,0,1,Unrestricted,1898
09-11-2026,Lunar Netsuite,10-002308,10-002308,DIODE GEN PURP 1KV 8A SMC,Electrical Components,OTS,NexGen Digital Inc,NS,FALSE,Lunar Energy,84302,0,0.12,10116.24,0,0,Unrestricted,84302
09-11-2026,CM: Sienna GA,10-002308 REV-01,10-002308,DIODE GEN PURP 1KV 8A SMC,Electrical Components,OTS,ATLN,MAIN,FALSE,Sienna Corporation,3000,0,0.122,366,0,1,Unrestricted,3000
09-11-2026,Lunar Netsuite,10-002310,10-002310,FUSE BRD 3.15A 350VAC 500VDC SMD,Electrical Components,OTS,JIT - Reno,NS,FALSE,Lunar Energy,8925,0,1.31,11691.75,0,0,Unrestricted,7425
09-11-2026,CM: Sienna GA,10-002310 REV-01,10-002310,FUSE BRD 3.15A 350VAC 500VDC SMD,Electrical Components,OTS,ATLN,RIQC,FALSE,Sienna Corporation,1000,0,1.31,1310,0,1,Unrestricted,1000
09-11-2026,CM: Sienna GA,10-002310 REV-01,10-002310,FUSE BRD 3.15A 350VAC 500VDC SMD,Electrical Components,OTS,ATLN,LINE,FALSE,Sienna Corporation,2216,0,1.31,2902.96,0,1,Unrestricted,2216
09-11-2026,CM: Sienna GA,10-002311 REV-1,10-002311,IC SUPERVISOR 1 CHANNEL SOT23-8,Electrical Components,OTS,ATLN,LINE,FALSE,Sienna Corporation,2604,0,1.6585,4318.734,0,1,Unrestricted,2604
09-11-2026,CM: Qualitel WA,814L-10-002318,10-002318,Current Sensor 120A Channel 8-PowerTDFN AEC-Q,Electrical Components,OTS,"Seattle, WA",Stock,FALSE,Qualitel,53512,0,1.38,73846.56,0,0,Unrestricted,53512
09-11-2026,Lunar Netsuite,10-002318,10-002318,Current Sensor 120A Channel 8-PowerTDFN AEC-Q,Electrical Components,OTS,JIT - Reno,NS,FALSE,Lunar Energy,160835,0,0.0429,6899.8215,0,0,Unrestricted,135835
09-11-2026,Lunar Netsuite,10-002318,10-002318,Current Sensor 120A Channel 8-PowerTDFN AEC-Q,Electrical Components,OTS,CCL (Computer Components Ltd),NS,FALSE,Lunar Energy,21262,0,1.38,29341.56,0,0,Unrestricted,21262
09-11-2026,CM: Sienna GA,10-002318 REV-1,10-002318,Current Sensor 120A Channel 8-PowerTDFN AEC-Q,Electrical Components,OTS,ATLN,RIQC,FALSE,Sienna Corporation,5000,0,2.54,12700,0,1,Unrestricted,5000
09-11-2026,CM: Sienna GA,10-002318 REV-1,10-002318,Current Sensor 120A Channel 8-PowerTDFN AEC-Q,Electrical Components,OTS,ATLN,LINE,FALSE,Sienna Corporation,1905,0,2.54,4838.7,0,1,Unrestricted,1905
09-11-2026,Lunar Netsuite,10-002318,10-002318,Current Sensor 120A Channel 8-PowerTDFN AEC-Q,Electrical Components,OTS,Avnet,NS,FALSE,Lunar Energy,127963,0,1.4146,181016.4598,0,0,Unrestricted,127963
09-11-2026,CM: Celestica MX,10-0023183MS,10-002318,Current Sensor 120A Channel 8-PowerTDFN AEC-Q,Electrical Components,OTS,Monterrey Prod,1000,FALSE,Celestica,-4,0,2.553,-10.212,0,0,Unrestricted,-4
09-11-2026,CM: Sienna GA,10-002320 REV-1,10-002320,"Trans Voltage Suppressor Diode, 260W, 5.2V V(RWM), Unidirectional, 2 Element, Silicon",Electrical Components,OTS,ATLN,RIQC,FALSE,Sienna Corporation,9000,0,0.0505,454.5,0,1,Unrestricted,9000
09-11-2026,CM: Sienna GA,C10-002320 REV-1,10-002320,"Trans Voltage Suppressor Diode, 260W, 5.2V V(RWM), Unidirectional, 2 Element, Silicon",Electrical Components,OTS,ATLN,WT82,TRUE,Lunar Energy,6000,0,0,0,0,1,Unrestricted,6000
09-11-2026,Lunar Netsuite,10-002320,10-002320,"Trans Voltage Suppressor Diode, 260W, 5.2V V(RWM), Unidirectional, 2 Element, Silicon",Electrical Components,OTS,JIT - Reno,NS,FALSE,Lunar Energy,6000,0,0.0541,324.6,0,0,Unrestricted,3000
09-11-2026,Lunar Netsuite,10-002320,10-002320,"Trans Voltage Suppressor Diode, 260W, 5.2V V(RWM), Unidirectional, 2 Element, Silicon",Electrical Components,OTS,NexGen Digital Inc,NS,FALSE,Lunar Energy,54000,0,0.0694,3747.6,0,0,Unrestricted,54000
09-11-2026,Lunar Netsuite,10-002320,10-002320,"Trans Voltage Suppressor Diode, 260W, 5.2V V(RWM), Unidirectional, 2 Element, Silicon",Electrical Components,OTS,Sienna Corporation - GA,NS,FALSE,Lunar Energy,6000,0,0.0694,416.4,0,0,Unrestricted,0
09-11-2026,CM: Sienna GA,10-002320 REV-1,10-002320,"Trans Voltage Suppressor Diode, 260W, 5.2V V(RWM), Unidirectional, 2 Element, Silicon",Electrical Components,OTS,ATLN,LINE,FALSE,Sienna Corporation,2771,0,0.0505,139.9355,0,1,Unrestricted,2771
09-11-2026,CM: Sienna GA,10-002322 REV-04,10-002322,"Wire Harness, G/N Bond, Bridge",Part,MTS,ATLN,RL54,FALSE,Sienna Corporation,330,0,3.57,1178.1,0,4,Unrestricted,330
09-11-2026,CM: Sienna GA,10-002322 REV-04,10-002322,"Wire Harness, G/N Bond, Bridge",Part,MTS,ATLN,RIQC,FALSE,Sienna Corporation,554,0,3.57,1977.78,0,4,Unrestricted,554
09-11-2026,CM: Sienna GA,10-002322 REV-04,10-002322,"Wire Harness, G/N Bond, Bridge",Part,MTS,ATLN,PAWH,FALSE,Sienna Corporation,660,0,3.57,2356.2,0,4,Unrestricted,660
09-11-2026,Lunar Netsuite,10-002322,10-002322,"Wire Harness, G/N Bond, Bridge",Part,MTS,JIT - Reno,NS,FALSE,Lunar Energy,31,0,4.17,129.27,0,0,Unrestricted,31
09-11-2026,CM: Sienna GA,10-002324 REV-01,10-002324,"Washer, 1/4-20, Steel, Zinc-Plated",Part,OTS,ATLN,RIQC,FALSE,Sienna Corporation,3868,0,0.0364,140.7952,0,1,Unrestricted,3868
09-11-2026,CM: Sienna GA,10-002324 REV-01,10-002324,"Washer, 1/4-20, Steel, Zinc-Plated",Part,OTS,ATLN,LINE,FALSE,Sienna Corporation,2864,0,0.0364,104.2496,0,1,Unrestricted,2864
09-11-2026,Lunar Netsuite,10-002325,10-002325,CAP CER 0.1UF 630V X7T 1210 AUTO,Electrical Components,OTS,CCL (Computer Components Ltd),NS,FALSE,Lunar Energy,2000,0,0.1565,313,0,0,Unrestricted,2000
09-11-2026,CM: Qualitel WA,814L-10-002328,10-002328,RES 22K OHM 1% 1/10W 0603,Electrical Components,OTS,"Seattle, WA",Stock,FALSE,Qualitel,4210,0,0.0013,5.473,0,0,Unrestricted,4210
09-11-2026,CM: Qualitel WA,814L-10-002328,10-002328,RES 22K OHM 1% 1/10W 0603,Electrical Components,OTS,"Seattle, WA",MRB,FALSE,Qualitel,0,5000,0.0013,0,6.5,0,Restricted,0
09-11-2026,CM: Qualitel WA,814L-10-002328,10-002328,RES 22K OHM 1% 1/10W 0603,Electrical Components,OTS,"Seattle, WA",PO Inspection,FALSE,Qualitel,0,5000,0.0013,0,6.5,0,Restricted,0
09-11-2026,CM: Sienna GA,10-002328 REV-01,10-002328,RES 22K OHM 1% 1/10W 0603,Electrical Components,OTS,ATLN,LINE,FALSE,Sienna Corporation,11841,0,0.0013,15.3933,0,1,Unrestricted,11841
09-11-2026,CM: Sienna GA,10-002329 REV-1,10-002329,CAP CER 47PF 50V C0G/NP0 0603,Electrical Components,OTS,ATLN,LINE,FALSE,Sienna Corporation,6100,0,0.0024,14.64,0,1,Unrestricted,6100
09-11-2026,CM: Qualitel WA,814L-10-002329,10-002329,CAP CER 47PF 50V C0G/NP0 0603,Electrical Components,OTS,"Seattle, WA",Stock,FALSE,Qualitel,17447,0,0.0024,41.8728,0,0,Unrestricted,17447
09-11-2026,Lunar Netsuite,10-002329,10-002329,CAP CER 47PF 50V C0G/NP0 0603,Electrical Components,OTS,JIT - Reno,NS,FALSE,Lunar Energy,4000,0,0.0042,16.8,0,0,Unrestricted,4000
09-11-2026,CM: Sienna GA,10-002329 REV-1,10-002329,CAP CER 47PF 50V C0G/NP0 0603,Electrical Components,OTS,ATLN,MAIN,FALSE,Sienna Corporation,8000,0,0.0024,19.2,0,1,Unrestricted,8000
09-11-2026,Lunar Netsuite,10-002330,10-002330,RES 28K OHM 1% 1/10W 0603,Electrical Components,OTS,JIT - Reno,NS,FALSE,Lunar Energy,15000,0,0.0014,21,0,0,Unrestricted,15000
09-11-2026,Lunar Netsuite,10-002331,10-002331,RES 2.49K OHM 1% 1/8W 0603 AEC-Q,Electrical Components,OTS,JIT - Reno,NS,FALSE,Lunar Energy,1400,0,0.013,18.2,0,0,Unrestricted,1400
09-11-2026,CM: Sienna GA,10-002331 REV-1,10-002331,RES 2.49K OHM 1% 1/8W 0603 AEC-Q,Electrical Components,OTS,ATLN,MAIN,FALSE,Sienna Corporation,5000,0,0.005,25,0,1,Unrestricted,5000
09-11-2026,CM: Sienna GA,10-002331 REV-1,10-002331,RES 2.49K OHM 1% 1/8W 0603 AEC-Q,Electrical Components,OTS,ATLN,LINE,FALSE,Sienna Corporation,2948,0,0.005,14.74,0,1,Unrestricted,2948
09-11-2026,CM: Sienna GA,10-002337 REV-1,10-002337,DIODE GP 600V 500MA DO219AB,Electrical Components,OTS,ATLN,LINE,FALSE,Sienna Corporation,5646,0,0.0779,439.8234,0,1,Unrestricted,5646
09-11-2026,CM: Sienna GA,10-002337 REV-1,10-002337,DIODE GP 600V 500MA DO219AB,Electrical Components,OTS,ATLN,MAIN,FALSE,Sienna Corporation,12000,0,0.0779,934.8,0,1,Unrestricted,12000
09-11-2026,CM: Qualitel WA,814L-10-002340,10-002340,MOSFET N-CH 650V 16A TO252-3,Electrical Components,OTS,"Seattle, WA",Stock,FALSE,Qualitel,7494,0,0.54,4046.76,0,0,Unrestricted,7494
09-11-2026,CM: Sienna GA,10-002340 REV-01,10-002340,MOSFET N-CH 650V 16A TO252-3,Electrical Components,OTS,ATLN,RIQC,FALSE,Sienna Corporation,2500,0,0.7912,1978,0,1,Unrestricted,2500
09-11-2026,CM: Sienna GA,10-002340 REV-01,10-002340,MOSFET N-CH 650V 16A TO252-3,Electrical Components,OTS,ATLN,LINE,FALSE,Sienna Corporation,1908,0,0.7912,1509.6096,0,1,Unrestricted,1908
09-11-2026,CM: Sienna GA,10-002340 REV-01,10-002340,MOSFET N-CH 650V 16A TO252-3,Electrical Components,OTS,ATLN,MAIN,FALSE,Sienna Corporation,7500,0,0.7912,5934,0,1,Unrestricted,7500
09-11-2026,CM: Qualitel WA,814L-10-002361,10-002361,"Heat Spreader, GaN, DCDC",Part,MTS,"Seattle, WA",Stock,FALSE,Qualitel,13917,0,4.85,67497.45,0,0,Unrestricted,13917
09-11-2026,CM: Celestica MX,10-0023613MS,10-002361,"Heat Spreader, GaN, DCDC",Part,MTS,Monterrey Prod,1000,FALSE,Celestica,-4,0,4.92,-19.68,0,0,Unrestricted,-4
09-11-2026,CM: Qualitel WA,814L-10-002375,10-002375,CAP CER 0.1UF 250V X7R 1206,Electrical Components,OTS,"Seattle, WA",Stock,FALSE,Qualitel,159170,0,0.0223,3549.491,0,0,Unrestricted,159170
09-11-2026,CM: Celestica MX,10-0023753MS,10-002375,CAP CER 0.1UF 250V X7R 1206,Electrical Components,OTS,Monterrey Prod,1000,FALSE,Celestica,135,0,0.0211,2.8485,0,0,Unrestricted,135
09-11-2026,Lunar Netsuite,10-002375,10-002375,CAP CER 0.1UF 250V X7R 1206,Electrical Components,OTS,JIT - Reno,NS,FALSE,Lunar Energy,12000,0,0.02,240,0,0,Unrestricted,0
09-11-2026,CM: Sienna GA,10-002376 REV-01,10-002376,CAP CER 1UF 25V X5R 0402,Electrical Components,OTS,ATLN,LINE,FALSE,Sienna Corporation,1519,0,0.0107,16.2533,0,1,Unrestricted,1519
09-11-2026,CM: Sienna GA,10-002376 REV-01,10-002376,CAP CER 1UF 25V X5R 0402,Electrical Components,OTS,ATLN,MAIN,FALSE,Sienna Corporation,8510,0,0.0107,91.057,0,1,Unrestricted,8510
09-11-2026,CM: Celestica MX,10-0023763MS,10-002376,CAP CER 1UF 25V X5R 0402,Electrical Components,OTS,Monterrey Prod,1000,FALSE,Celestica,-8,0,0.0107,-0.0856,0,0,Unrestricted,-8
09-11-2026,Lunar Netsuite,10-002376,10-002376,CAP CER 1UF 25V X5R 0402,Electrical Components,OTS,JIT - Reno,NS,FALSE,Lunar Energy,150000,0,0.0119,1785,0,0,Unrestricted,0
09-11-2026,CM: Qualitel WA,814L-10-002376,10-002376,CAP CER 1UF 25V X5R 0402,Electrical Components,OTS,"Seattle, WA",Stock,FALSE,Qualitel,77357,0,0.0027,208.8639,0,0,Unrestricted,77357
09-11-2026,Lunar Netsuite,10-002376,10-002376,CAP CER 1UF 25V X5R 0402,Electrical Components,OTS,NexGen Digital Inc,NS,FALSE,Lunar Energy,140000,0,0.0114,1596,0,0,Unrestricted,140000
09-11-2026,Lunar Netsuite,10-002377,10-002377,CAP CER 0.47UF 25V X5R 0402,Electrical Components,OTS,CCL (Computer Components Ltd),NS,FALSE,Lunar Energy,220000,0,0.01,2200,0,0,Unrestricted,220000
09-11-2026,CM: Celestica MX,10-0023783MS,10-002378,CAP CER 100PF 50V X7R 0402,Electrical Components,OTS,Monterrey Prod,1000,FALSE,Celestica,-16,0,0.0018,-0.0288,0,0,Unrestricted,-16
09-11-2026,CM: Qualitel WA,814L-10-002378,10-002378,CAP CER 100PF 50V X7R 0402,Electrical Components,OTS,"Seattle, WA",Stock,FALSE,Qualitel,164209,0,0.001,164.209,0,0,Unrestricted,164209
09-11-2026,Lunar Netsuite,10-002378,10-002378,CAP CER 100PF 50V X7R 0402,Electrical Components,OTS,JIT - Reno,NS,FALSE,Lunar Energy,300000,0,0.0015,450,0,0,Unrestricted,189000
09-11-2026,CM: Celestica MX,10-0023793MS,10-002379,CAP CER 15PF 50V C0G 0402 AEC-Q,Electrical Components,OTS,Monterrey Prod,1000,FALSE,Celestica,-12,0,0.0049,-0.0588,0,0,Unrestricted,-12
09-11-2026,CM: Qualitel WA,814L-10-002379,10-002379,CAP CER 15PF 50V C0G 0402 AEC-Q,Electrical Components,OTS,"Seattle, WA",Stock,FALSE,Qualitel,103045,0,0.0035,360.6575,0,0,Unrestricted,103045
09-11-2026,Lunar Netsuite,10-002381,10-002381,RES 2 OHM 5% 1/16W 0402,Electrical Components,OTS,CCL (Computer Components Ltd),NS,FALSE,Lunar Energy,130000,0,0.0017,221,0,0,Unrestricted,130000
09-11-2026,Lunar Netsuite,10-002381,10-002381,RES 2 OHM 5% 1/16W 0402,Electrical Components,OTS,JIT - Reno,NS,FALSE,Lunar Energy,10000,0,0.0017,17,0,0,Unrestricted,10000
09-11-2026,Lunar Netsuite,10-002382,10-002382,RES SMD 2.2 OHM 5% 1/10W 0402,Electrical Components,OTS,CCL (Computer Components Ltd),NS,FALSE,Lunar Energy,490000,0,0.002,980,0,0,Unrestricted,490000
09-11-2026,Lunar Netsuite,10-002382,10-002382,RES SMD 2.2 OHM 5% 1/10W 0402,Electrical Components,OTS,Avnet,NS,FALSE,Lunar Energy,70000,0,0.002,140,0,0,Unrestricted,70000
09-11-2026,CM: Qualitel WA,814L-10-002384,10-002384,DIODE SCHOTTKY 200V 1A SOD123W,Electrical Components,OTS,"Seattle, WA",Stock,FALSE,Qualitel,88892,0,0.0289,2568.9788,0,0,Unrestricted,88892
09-11-2026,Lunar Netsuite,10-002384,10-002384,DIODE SCHOTTKY 200V 1A SOD123W,Electrical Components,OTS,CA - Ravendale,NS,FALSE,Lunar Energy,381,0,0.095,36.195,0,0,Unrestricted,381
09-11-2026,CM: Celestica MX,10-0023843MS,10-002384,DIODE SCHOTTKY 200V 1A SOD123W,Electrical Components,OTS,Monterrey Prod,1000,FALSE,Celestica,-12,0,0.0382,-0.4584,0,0,Unrestricted,-12
09-11-2026,CM: Sienna GA,10-002391 REV-1,10-002391,"RF/ Coaxial Connectors, 50 Ohms, FAKRA SMB Jack, Straight, PCB, Keying Option A, Black",Electrical Components,OTS,ATLN,LINE,FALSE,Sienna Corporation,450,0,0.97,436.5,0,1,Unrestricted,450
09-11-2026,CM: Sienna GA,10-002391 REV-1,10-002391,"RF/ Coaxial Connectors, 50 Ohms, FAKRA SMB Jack, Straight, PCB, Keying Option A, Black",Electrical Components,OTS,ATLN,PAMS,FALSE,Sienna Corporation,1200,0,0.97,1164,0,1,Unrestricted,1200
09-11-2026,Lunar Netsuite,10-002391,10-002391,"RF/ Coaxial Connectors, 50 Ohms, FAKRA SMB Jack, Straight, PCB, Keying Option A, Black",Electrical Components,OTS,JIT - Reno,NS,FALSE,Lunar Energy,450,0,0.969,436.05,0,0,Unrestricted,450
09-11-2026,Lunar Netsuite,10-002391,10-002391,"RF/ Coaxial Connectors, 50 Ohms, FAKRA SMB Jack, Straight, PCB, Keying Option A, Black",Electrical Components,OTS,Avnet,NS,FALSE,Lunar Energy,6000,0,0.97,5820,0,0,Unrestricted,6000
09-11-2026,CM: Sienna GA,10-002391 REV-1,10-002391,"RF/ Coaxial Connectors, 50 Ohms, FAKRA SMB Jack, Straight, PCB, Keying Option A, Black",Electrical Components,OTS,ATLN,MAIN,FALSE,Sienna Corporation,1141,0,0.97,1106.77,0,1,Unrestricted,1141
09-11-2026,CM: Sienna GA,10-002391 REV-1,10-002391,"RF/ Coaxial Connectors, 50 Ohms, FAKRA SMB Jack, Straight, PCB, Keying Option A, Black",Electrical Components,OTS,ATLN,RIQC,FALSE,Sienna Corporation,3874,0,0.97,3757.78,0,1,Unrestricted,3874
09-11-2026,CM: Sienna GA,10-002392 REV-1,10-002392,"RF/ Coaxial Connectors, 50 Ohms, FAKRA SMB Jack, Straight, PCB, Keying Option B, Signal White",Electrical Components,OTS,ATLN,MAIN,FALSE,Sienna Corporation,532,0,0.94,500.08,0,1,Unrestricted,532
09-11-2026,Lunar Netsuite,10-002392,10-002392,"RF/ Coaxial Connectors, 50 Ohms, FAKRA SMB Jack, Straight, PCB, Keying Option B, Signal White",Electrical Components,OTS,JIT - Reno,NS,FALSE,Lunar Energy,150,0,0.97,145.5,0,0,Unrestricted,150
09-11-2026,CM: Sienna GA,10-002392 REV-1,10-002392,"RF/ Coaxial Connectors, 50 Ohms, FAKRA SMB Jack, Straight, PCB, Keying Option B, Signal White",Electrical Components,OTS,ATLN,RIQC,FALSE,Sienna Corporation,600,0,0.94,564,0,1,Unrestricted,600
09-11-2026,Lunar Netsuite,10-002392,10-002392,"RF/ Coaxial Connectors, 50 Ohms, FAKRA SMB Jack, Straight, PCB, Keying Option B, Signal White",Electrical Components,OTS,Sienna Corporation - GA,NS,FALSE,Lunar Energy,600,0,0.9462,567.72,0,0,Unrestricted,0
09-11-2026,CM: Sienna GA,10-002392 REV-1,10-002392,"RF/ Coaxial Connectors, 50 Ohms, FAKRA SMB Jack, Straight, PCB, Keying Option B, Signal White",Electrical Components,OTS,ATLN,LINE,FALSE,Sienna Corporation,1050,0,0.94,987,0,1,Unrestricted,1050
09-11-2026,CM: Sienna GA,C10-002392 REV-1,10-002392,"RF/ Coaxial Connectors, 50 Ohms, FAKRA SMB Jack, Straight, PCB, Keying Option B, Signal White",Electrical Components,OTS,ATLN,WR82,TRUE,Lunar Energy,600,0,0,0,0,1,Unrestricted,600
09-11-2026,Lunar Netsuite,10-002392,10-002392,"RF/ Coaxial Connectors, 50 Ohms, FAKRA SMB Jack, Straight, PCB, Keying Option B, Signal White",Electrical Components,OTS,Avnet,NS,FALSE,Lunar Energy,6600,0,0.94,6204,0,0,Unrestricted,6600
09-11-2026,CM: Qualitel WA,814L-10-002393,10-002393,"RF/ Coaxial Connectors, 50 Ohms, FAKRA SMB Jack, Straight, PCB, Keying Option C, Blue",Electrical Components,OTS,"Seattle, WA",Stock,FALSE,Qualitel,2953,0,0.694,2049.382,0,0,Unrestricted,2953
09-11-2026,Lunar Netsuite,10-002393,10-002393,"RF/ Coaxial Connectors, 50 Ohms, FAKRA SMB Jack, Straight, PCB, Keying Option C, Blue",Electrical Components,OTS,Avnet,NS,FALSE,Lunar Energy,9257,0,0.95,8794.15,0,0,Unrestricted,9257
09-11-2026,Lunar Netsuite,10-002393,10-002393,"RF/ Coaxial Connectors, 50 Ohms, FAKRA SMB Jack, Straight, PCB, Keying Option C, Blue",Electrical Components,OTS,NexGen Digital Inc,NS,FALSE,Lunar Energy,4950,0,0.95,4702.5,0,0,Unrestricted,4950
09-11-2026,CM: Sienna GA,10-002393 REV-1,10-002393,"RF/ Coaxial Connectors, 50 Ohms, FAKRA SMB Jack, Straight, PCB, Keying Option C, Blue",Electrical Components,OTS,ATLN,LINE,FALSE,Sienna Corporation,805,0,0.95,764.75,0,1,Unrestricted,805
09-11-2026,CM: Sienna GA,10-002393 REV-1,10-002393,"RF/ Coaxial Connectors, 50 Ohms, FAKRA SMB Jack, Straight, PCB, Keying Option C, Blue",Electrical Components,OTS,ATLN,RIQC,FALSE,Sienna Corporation,4350,0,0.95,4132.5,0,1,Unrestricted,4350
09-11-2026,CM: Sienna GA,10-002393 REV-1,10-002393,"RF/ Coaxial Connectors, 50 Ohms, FAKRA SMB Jack, Straight, PCB, Keying Option C, Blue",Electrical Components,OTS,ATLN,PAMS,FALSE,Sienna Corporation,1350,0,0.95,1282.5,0,1,Unrestricted,1350
09-11-2026,Lunar Netsuite,10-002393,10-002393,"RF/ Coaxial Connectors, 50 Ohms, FAKRA SMB Jack, Straight, PCB, Keying Option C, Blue",Electrical Components,OTS,JIT - Reno,NS,FALSE,Lunar Energy,5550,0,0.95,5272.5,0,0,Unrestricted,5550
09-11-2026,CM: Qualitel WA,814L-10-002401,10-002401,ROUND STANDOFF M2X0.4 STEEL 1MM,Electrical Components,OTS,"Seattle, WA",Stock,FALSE,Qualitel,49847,0,0.145,7227.815,0,0,Unrestricted,49847
09-11-2026,CM: Celestica MX,10-0024013MS,10-002401,ROUND STANDOFF M2X0.4 STEEL 1MM,Electrical Components,OTS,Monterrey Prod,1000,FALSE,Celestica,71,0,0.16,11.36,0,0,Unrestricted,71
09-11-2026,Lunar Netsuite,10-002401,10-002401,ROUND STANDOFF M2X0.4 STEEL 1MM,Electrical Components,OTS,JIT - Reno,NS,FALSE,Lunar Energy,448500,0,0.1485,66602.25,0,0,Unrestricted,388500
09-11-2026,CM: Qualitel WA,814L-10-002402,10-002402,GAN TRANS 200V 8MOHM BUMPED DIE,Electrical Components,OTS,"Seattle, WA",Stock,FALSE,Qualitel,164533,0,1.93,317548.69,0,0,Unrestricted,164533
09-11-2026,CM: Celestica MX,10-0024023MS,10-002402,GAN TRANS 200V 8MOHM BUMPED DIE,Electrical Components,OTS,Monterrey Prod,1000,FALSE,Celestica,-144,0,1.93,-277.92,0,0,Unrestricted,-144
09-11-2026,Lunar Netsuite,10-002402,10-002402,GAN TRANS 200V 8MOHM BUMPED DIE,Electrical Components,OTS,JIT - Reno,NS,FALSE,Lunar Energy,190500,0,1.93,367665,0,0,Unrestricted,0
09-11-2026,CM: Celestica MX,10-0024033MS,10-002403,CAP CER 0.1UF 450V X7T 1206 AEC-Q,Electrical Components,OTS,Monterrey Prod,1000,FALSE,Celestica,565,0,0.209,118.085,0,0,Unrestricted,565
09-11-2026,Lunar Netsuite,10-002403,10-002403,CAP CER 0.1UF 450V X7T 1206 AEC-Q,Electrical Components,OTS,JIT - Reno,NS,FALSE,Lunar Energy,231912,0,0.21,48701.52,0,0,Unrestricted,219912
09-11-2026,CM: Qualitel WA,814L-10-002403,10-002403,CAP CER 0.1UF 450V X7T 1206 AEC-Q,Electrical Components,OTS,"Seattle, WA",Stock,FALSE,Qualitel,165601,0,0.217,35935.417,0,0,Unrestricted,165601
09-11-2026,CM: Qualitel WA,814L-10-002403,10-002403,CAP CER 0.1UF 450V X7T 1206 AEC-Q,Electrical Components,OTS,"Seattle, WA",MRB,FALSE,Qualitel,0,500,0.217,0,108.5,0,Restricted,0
09-11-2026,CM: Qualitel WA,814L-10-002403,10-002403,CAP CER 0.1UF 450V X7T 1206 AEC-Q,Electrical Components,OTS,"Seattle, WA",PO Inspection,FALSE,Qualitel,0,500,0.217,0,108.5,0,Restricted,0
09-11-2026,CM: Sienna GA,10-002407 REV-06,10-002407,"Screw,M5x13,SEMS,BHT T-25,Steel,Class 8.8,ZiNi BC",Part,OTS,ATLN,LINE,FALSE,Sienna Corporation,2071,0,0.094,194.674,0,6,Unrestricted,2071
09-11-2026,CM: Sienna GA,10-002407 REV-06,10-002407,"Screw,M5x13,SEMS,BHT T-25,Steel,Class 8.8,ZiNi BC",Part,OTS,ATLN,RIQC,FALSE,Sienna Corporation,1975,0,0.094,185.65,0,6,Unrestricted,1975
09-11-2026,CM: Sienna GA,10-002420 REV-A,10-002420,"Screw,M2x0.4 6gx4mm,Flat Head T-6,Steel,ZiNi BC,Nylon Patch",Part,OTS,ATLN,LPAC,FALSE,Sienna Corporation,4000,0,0,0,0,,Unrestricted,4000
09-11-2026,CM: Celestica MX,10-0024263MS,10-002426,"Fan with Connector,DC-DC, with Splice",Part,MTS,Monterrey Prod,1000,FALSE,Celestica,-1,0,11.5,-11.5,0,0,Unrestricted,-1
09-11-2026,CM: Sienna GA,10-002432 REV-02,10-002432,"Edge Clip,Cable Tie,2-Piece,0.5-2.5mm Panel, Blk",Part,OTS,ATLN,LINE,FALSE,Sienna Corporation,9691,0,0.62,6008.42,0,2,Unrestricted,9691
09-11-2026,CM: Sienna GA,10-002432 REV-02,10-002432,"Edge Clip,Cable Tie,2-Piece,0.5-2.5mm Panel, Blk",Part,OTS,ATLN,MAIN,FALSE,Sienna Corporation,480,0,0.62,297.6,0,2,Unrestricted,480
09-11-2026,CM: Sienna GA,10-002432 REV-02,10-002432,"Edge Clip,Cable Tie,2-Piece,0.5-2.5mm Panel, Blk",Part,OTS,ATLN,RIQC,FALSE,Sienna Corporation,9210,0,0.62,5710.2,0,2,Unrestricted,9210
09-11-2026,Lunar Netsuite,10-002437,10-002437,"Antenna, Taoglas MA283, Right",Part,OTS,JIT - Reno,NS,FALSE,Lunar Energy,37,0,0,0,0,0,Unrestricted,37
09-11-2026,Lunar Netsuite,10-002462,10-002462,TVS DIODE 5VWM 8.5VC TSOT26,Electrical Components,OTS,JIT - Reno,NS,FALSE,Lunar Energy,12000,0,0.0704,844.8,0,0,Unrestricted,12000
09-11-2026,CM: Sienna GA,10-002462 REV-1,10-002462,TVS DIODE 5VWM 8.5VC TSOT26,Electrical Components,OTS,ATLN,MAIN,FALSE,Sienna Corporation,6000,0,0.0704,422.4,0,1,Unrestricted,6000
09-11-2026,Lunar Netsuite,10-002462,10-002462,TVS DIODE 5VWM 8.5VC TSOT26,Electrical Components,OTS,NexGen Digital Inc,NS,FALSE,Lunar Energy,99000,0,0.0704,6969.6,0,0,Unrestricted,99000
09-11-2026,CM: Sienna GA,10-002462 REV-1,10-002462,TVS DIODE 5VWM 8.5VC TSOT26,Electrical Components,OTS,ATLN,LINE,FALSE,Sienna Corporation,914,0,0.0704,64.3456,0,1,Unrestricted,914
09-11-2026,Lunar Netsuite,10-002463,10-002463,LTE Cat M1 Cat Nb2 EGPRS Module,Electrical Components,OTS,Sienna Corporation - GA,NS,FALSE,Lunar Energy,750,0,7.12,5340,0,0,Unrestricted,750
09-11-2026,CM: Sienna GA,C10-002463 REV-1,10-002463,LTE Cat M1 Cat Nb2 EGPRS Module,Electrical Components,OTS,ATLN,WR63,TRUE,Lunar Energy,250,0,0,0,0,1,Unrestricted,250
09-11-2026,CM: Sienna GA,C10-002463 REV-1,10-002463,LTE Cat M1 Cat Nb2 EGPRS Module,Electrical Components,OTS,ATLN,WT21,TRUE,Lunar Energy,500,0,0,0,0,1,Unrestricted,500
09-11-2026,CM: Sienna GA,10-002463 REV-1,10-002463,LTE Cat M1 Cat Nb2 EGPRS Module,Electrical Components,OTS,ATLN,LINE,FALSE,Sienna Corporation,47,0,7.95,373.65,0,1,Unrestricted,47
09-11-2026,CM: Sienna GA,10-002464 REV-1,10-002464,IC TRANSCEIVER FULL 1/1 48TQFP,Electrical Components,OTS,ATLN,LINE,FALSE,Sienna Corporation,19,0,2.65,50.35,0,1,Unrestricted,19
09-11-2026,CM: Sienna GA,10-002464 REV-1,10-002464,IC TRANSCEIVER FULL 1/1 48TQFP,Electrical Components,OTS,ATLN,MAIN,FALSE,Sienna Corporation,3000,0,2.65,7950,0,1,Unrestricted,3000
09-11-2026,CM: Sienna GA,C10-002464 REV-1,10-002464,IC TRANSCEIVER FULL 1/1 48TQFP,Electrical Components,OTS,ATLN,WBRK,TRUE,Lunar Energy,999,0,0,0,0,1,Unrestricted,999
09-11-2026,Lunar Netsuite,10-002464,10-002464,IC TRANSCEIVER FULL 1/1 48TQFP,Electrical Components,OTS,Sienna Corporation - GA,NS,FALSE,Lunar Energy,999,0,2.42,2417.58,0,0,Unrestricted,999
09-11-2026,CM: Sienna GA,10-002465 REV-1,10-002465,IC REG LINEAR 1.8V 1A 8SOIC,Electrical Components,OTS,ATLN,LINE,FALSE,Sienna Corporation,1955,0,0.795,1554.225,0,1,Unrestricted,1955
09-11-2026,Lunar Netsuite,10-002465,10-002465,IC REG LINEAR 1.8V 1A 8SOIC,Electrical Components,OTS,JIT - Reno,NS,FALSE,Lunar Energy,7695,0,0.6708,5161.806,0,0,Unrestricted,7695
09-11-2026,CM: Sienna GA,10-002465 REV-1,10-002465,IC REG LINEAR 1.8V 1A 8SOIC,Electrical Components,OTS,ATLN,MAIN,FALSE,Sienna Corporation,2850,0,0.795,2265.75,0,1,Unrestricted,2850
09-11-2026,Lunar Netsuite,10-002469,10-002469,USB POWER SWITCHT SOT25T&R3K,Electrical Components,OTS,NexGen Digital Inc,NS,FALSE,Lunar Energy,20557,0,0.0948,1948.8036,0,0,Unrestricted,20557
09-11-2026,CM: Sienna GA,10-002469 REV-1,10-002469,USB POWER SWITCHT SOT25T&R3K,Electrical Components,OTS,ATLN,LINE,FALSE,Sienna Corporation,992,0,0.0862,85.5104,0,1,Unrestricted,992
09-11-2026,CM: Sienna GA,10-002470 REV-1,10-002470,FLASH - NAND (MLC) Memory IC 8Gb (512M x 16) eMMC 153-LFBGA (11.5x13),Electrical Components,OTS,ATLN,MAIN,FALSE,Sienna Corporation,3,0,3.94,11.82,0,1,Unrestricted,3
09-11-2026,Lunar Netsuite,10-002470,10-002470,FLASH - NAND (MLC) Memory IC 8Gb (512M x 16) eMMC 153-LFBGA (11.5x13),Electrical Components,OTS,Avnet,NS,FALSE,Lunar Energy,110,0,3.94,433.4,0,0,Unrestricted,110
09-11-2026,CM: Sienna GA,10-002471 REV-1,10-002471,RX TXRX MOD WIFI SURFACE MOUNT,Electrical Components,OTS,ATLN,RIQC,FALSE,Sienna Corporation,1000,0,9.17,9170,0,1,Unrestricted,1000
09-11-2026,CM: Sienna GA,10-002471 REV-1,10-002471,RX TXRX MOD WIFI SURFACE MOUNT,Electrical Components,OTS,ATLN,LINE,FALSE,Sienna Corporation,955,0,9.17,8757.35,0,1,Unrestricted,955
09-11-2026,CM: Sienna GA,10-002471 REV-1,10-002471,RX TXRX MOD WIFI SURFACE MOUNT,Electrical Components,OTS,ATLN,MAIN,FALSE,Sienna Corporation,1000,0,9.17,9170,0,1,Unrestricted,1000
09-11-2026,CM: Sienna GA,10-002472 REV-1,10-002472,IC REG BUCK ADJUSTABLE 3A 8SO,Electrical Components,OTS,ATLN,MAIN,FALSE,Sienna Corporation,17498,0,0.207,3622.086,0,1,Unrestricted,17498
09-11-2026,Lunar Netsuite,10-002472,10-002472,IC REG BUCK ADJUSTABLE 3A 8SO,Electrical Components,OTS,CA - Ravendale,NS,FALSE,Lunar Energy,2430,0,0.2097,509.571,0,0,Unrestricted,2430
09-11-2026,CM: Sienna GA,C10-002472 REV-1,10-002472,IC REG BUCK ADJUSTABLE 3A 8SO,Electrical Components,OTS,ATLN,WBRK,TRUE,Lunar Energy,7430,0,0,0,0,1,Unrestricted,7430
09-11-2026,Lunar Netsuite,10-002472,10-002472,IC REG BUCK ADJUSTABLE 3A 8SO,Electrical Components,OTS,Sienna Corporation - GA,NS,FALSE,Lunar Energy,7430,0,0.21,1560.3,0,0,Unrestricted,7430
09-11-2026,CM: Sienna GA,10-002472 REV-1,10-002472,IC REG BUCK ADJUSTABLE 3A 8SO,Electrical Components,OTS,ATLN,LINE,FALSE,Sienna Corporation,99,0,0.207,20.493,0,1,Unrestricted,99
09-11-2026,Lunar Netsuite,10-002472,10-002472,IC REG BUCK ADJUSTABLE 3A 8SO,Electrical Components,OTS,Avnet,NS,FALSE,Lunar Energy,32500,0,0.2097,6815.25,0,0,Unrestricted,32500
09-11-2026,Lunar Netsuite,10-002474,10-002474,CAP CER 18PF 50V C0G/NP0 0402,Electrical Components,OTS,JIT - Reno,NS,FALSE,Lunar Energy,1400,0,0.012,16.8,0,0,Unrestricted,1400
09-11-2026,Lunar Netsuite,10-002475,10-002475,CAP CER 5600PF 50V X7R 0402,Electrical Components,OTS,JIT - Reno,NS,FALSE,Lunar Energy,30000,0,0.0037,111,0,0,Unrestricted,30000
09-11-2026,CM: Sienna GA,10-002475 REV-1,10-002475,CAP CER 5600PF 50V X7R 0402,Electrical Components,OTS,ATLN,MAIN,FALSE,Sienna Corporation,10474,0,0.0037,38.7538,0,1,Unrestricted,10474
09-11-2026,CM: Sienna GA,10-002475 REV-1,10-002475,CAP CER 5600PF 50V X7R 0402,Electrical Components,OTS,ATLN,LINE,FALSE,Sienna Corporation,9553,0,0.0037,35.3461,0,1,Unrestricted,9553
09-11-2026,CM: Sienna GA,10-002481 REV-1,10-002481,IC PWR SUPPLY SEQUENCER SOT23-6,Electrical Components,OTS,ATLN,PAMS,FALSE,Sienna Corporation,1000,0,0.49,490,0,1,Unrestricted,1000
09-11-2026,CM: Sienna GA,10-002481 REV-1,10-002481,IC PWR SUPPLY SEQUENCER SOT23-6,Electrical Components,OTS,ATLN,LINE,FALSE,Sienna Corporation,981,0,0.49,480.69,0,1,Unrestricted,981
09-11-2026,CM: Sienna GA,10-002481 REV-1,10-002481,IC PWR SUPPLY SEQUENCER SOT23-6,Electrical Components,OTS,ATLN,MAIN,FALSE,Sienna Corporation,2010,0,0.49,984.9,0,1,Unrestricted,2010
09-11-2026,Lunar Netsuite,10-002481,10-002481,IC PWR SUPPLY SEQUENCER SOT23-6,Electrical Components,OTS,JIT - Reno,NS,FALSE,Lunar Energy,14000,0,0.5009,7012.6,0,0,Unrestricted,14000
09-11-2026,Lunar Netsuite,10-002481,10-002481,IC PWR SUPPLY SEQUENCER SOT23-6,Electrical Components,OTS,NexGen Digital Inc,NS,FALSE,Lunar Energy,92798,0,0.5009,46482.5182,0,0,Unrestricted,92798
09-11-2026,CM: Sienna GA,10-002485 REV-1,10-002485,IC BUF NON-INVERT 5.5V SOT23-5,Electrical Components,OTS,ATLN,LINE,FALSE,Sienna Corporation,29,0,0.209,6.061,0,1,Unrestricted,29
09-11-2026,Lunar Netsuite,10-002485,10-002485,IC BUF NON-INVERT 5.5V SOT23-5,Electrical Components,OTS,NexGen Digital Inc,NS,FALSE,Lunar Energy,136784,0,0.2584,35344.9856,0,0,Unrestricted,136784
09-11-2026,CM: Sienna GA,10-002485 REV-1,10-002485,IC BUF NON-INVERT 5.5V SOT23-5,Electrical Components,OTS,ATLN,RIQC,FALSE,Sienna Corporation,1000,0,0.209,209,0,1,Unrestricted,1000
09-11-2026,Lunar Netsuite,10-002485,10-002485,IC BUF NON-INVERT 5.5V SOT23-5,Electrical Components,OTS,Sienna Corporation - GA,NS,FALSE,Lunar Energy,2000,0,0.2584,516.8,0,0,Unrestricted,0
09-11-2026,CM: Sienna GA,10-002485 REV-1,10-002485,IC BUF NON-INVERT 5.5V SOT23-5,Electrical Components,OTS,ATLN,MAIN,FALSE,Sienna Corporation,500,0,0.209,104.5,0,1,Unrestricted,500
09-11-2026,CM: Sienna GA,C10-002485 REV-1,10-002485,IC BUF NON-INVERT 5.5V SOT23-5,Electrical Components,OTS,ATLN,WR21,TRUE,Lunar Energy,2000,0,0,0,0,1,Unrestricted,2000
09-11-2026,Lunar Netsuite,10-002485,10-002485,IC BUF NON-INVERT 5.5V SOT23-5,Electrical Components,OTS,JIT - Reno,NS,FALSE,Lunar Energy,16500,0,0.2584,4263.6,0,0,Unrestricted,15000
09-11-2026,CM: Sienna GA,10-002488 REV-1,10-002488,IC EEPROM 2KBIT I2C 400KHZ 8SOIC,Electrical Components,OTS,ATLN,LINE,FALSE,Sienna Corporation,1896,0,0.26,492.96,0,1,Unrestricted,1896
09-11-2026,Lunar Netsuite,10-002488,10-002488,IC EEPROM 2KBIT I2C 400KHZ 8SOIC,Electrical Components,OTS,JIT - Reno,NS,FALSE,Lunar Energy,9267,0,0.22,2038.74,0,0,Unrestricted,9267
09-11-2026,CM: Sienna GA,10-002488 REV-1,10-002488,IC EEPROM 2KBIT I2C 400KHZ 8SOIC,Electrical Components,OTS,ATLN,MAIN,FALSE,Sienna Corporation,3339,0,0.26,868.14,0,1,Unrestricted,3339
09-11-2026,CM: Sienna GA,10-002491 REV-1,10-002491,IC TRNSLTR BIDIRECTIONAL 20TSSOP AEC-Q100,Electrical Components,OTS,ATLN,LINE,FALSE,Sienna Corporation,1215,0,0.536,651.24,0,1,Unrestricted,1215
09-11-2026,CM: Sienna GA,10-002491 REV-1,10-002491,IC TRNSLTR BIDIRECTIONAL 20TSSOP AEC-Q100,Electrical Components,OTS,ATLN,MAIN,FALSE,Sienna Corporation,6071,0,0.536,3254.056,0,1,Unrestricted,6071
09-11-2026,CM: Sienna GA,10-002491 REV-1,10-002491,IC TRNSLTR BIDIRECTIONAL 20TSSOP AEC-Q100,Electrical Components,OTS,ATLN,RIQC,FALSE,Sienna Corporation,18000,0,0.536,9648,0,1,Unrestricted,18000
09-11-2026,CM: Sienna GA,10-002492 REV-1,10-002492,XTAL OSC XO 24.0000MHZ HCMOS SMD,Electrical Components,OTS,ATLN,RIQC,FALSE,Sienna Corporation,3000,0,0.595,1785,0,1,Unrestricted,3000
09-11-2026,Lunar Netsuite,10-002492,10-002492,XTAL OSC XO 24.0000MHZ HCMOS SMD,Electrical Components,OTS,JIT - Reno,NS,FALSE,Lunar Energy,10000,0,0.48,4800,0,0,Unrestricted,10000
09-11-2026,CM: Sienna GA,10-002492 REV-1,10-002492,XTAL OSC XO 24.0000MHZ HCMOS SMD,Electrical Components,OTS,ATLN,MAIN,FALSE,Sienna Corporation,3000,0,0.595,1785,0,1,Unrestricted,3000
09-11-2026,CM: Sienna GA,10-002492 REV-1,10-002492,XTAL OSC XO 24.0000MHZ HCMOS SMD,Electrical Components,OTS,ATLN,LINE,FALSE,Sienna Corporation,99,0,0.595,58.905,0,1,Unrestricted,99
09-11-2026,Lunar Netsuite,10-002492,10-002492,XTAL OSC XO 24.0000MHZ HCMOS SMD,Electrical Components,OTS,Avnet,NS,FALSE,Lunar Energy,1000,0,0.48,480,0,0,Unrestricted,1000
09-11-2026,Lunar Netsuite,10-002493,10-002493,XTAL OSC XO 32.768KHZ SMD,Electrical Components,OTS,JIT - Reno,NS,FALSE,Lunar Energy,7000,0,0.468,3276,0,0,Unrestricted,7000
09-11-2026,Lunar Netsuite,10-002493,10-002493,XTAL OSC XO 32.768KHZ SMD,Electrical Components,OTS,Avnet,NS,FALSE,Lunar Energy,3000,0,0.468,1404,0,0,Unrestricted,3000
09-11-2026,CM: Sienna GA,10-002493 REV-1,10-002493,XTAL OSC XO 32.768KHZ SMD,Electrical Components,OTS,ATLN,LINE,FALSE,Sienna Corporation,21,0,0.468,9.828,0,1,Unrestricted,21
09-11-2026,Lunar Netsuite,10-002494,10-002494,XTAL OSC XO 50.0000MHZ CMOS SMD,Electrical Components,OTS,Avnet,NS,FALSE,Lunar Energy,6000,0,0.625,3750,0,0,Unrestricted,6000
09-11-2026,Lunar Netsuite,10-002494,10-002494,XTAL OSC XO 50.0000MHZ CMOS SMD,Electrical Components,OTS,JIT - Reno,NS,FALSE,Lunar Energy,2000,0,0.7148,1429.6,0,0,Unrestricted,2000
09-11-2026,CM: Sienna GA,10-002494 REV-1,10-002494,XTAL OSC XO 50.0000MHZ CMOS SMD,Electrical Components,OTS,ATLN,MAIN,FALSE,Sienna Corporation,5243,0,0.625,3276.875,0,1,Unrestricted,5243
09-11-2026,CM: Sienna GA,10-002494 REV-1,10-002494,XTAL OSC XO 50.0000MHZ CMOS SMD,Electrical Components,OTS,ATLN,LINE,FALSE,Sienna Corporation,1187,0,0.625,741.875,0,1,Unrestricted,1187
09-11-2026,Lunar Netsuite,10-002495,10-002495,"32.768 kHz ±20ppm Crystal 9pF 90 kOhms 2-SMD, No Lead",Electrical Components,OTS,JIT - Reno,NS,FALSE,Lunar Energy,12000,0,0.28,3360,0,0,Unrestricted,12000
09-11-2026,CM: Sienna GA,10-002495 REV-1,10-002495,"32.768 kHz ±20ppm Crystal 9pF 90 kOhms 2-SMD, No Lead",Electrical Components,OTS,ATLN,MAIN,FALSE,Sienna Corporation,6399,0,0.559,3577.041,0,1,Unrestricted,6399
09-11-2026,Lunar Netsuite,10-002495,10-002495,"32.768 kHz ±20ppm Crystal 9pF 90 kOhms 2-SMD, No Lead",Electrical Components,OTS,NexGen Digital Inc,NS,FALSE,Lunar Energy,3000,0,0.28,840,0,0,Unrestricted,3000
09-11-2026,CM: Sienna GA,10-002495 REV-1,10-002495,"32.768 kHz ±20ppm Crystal 9pF 90 kOhms 2-SMD, No Lead",Electrical Components,OTS,ATLN,LINE,FALSE,Sienna Corporation,994,0,0.559,555.646,0,1,Unrestricted,994
09-11-2026,Lunar Netsuite,10-002498,10-002498,Secure Authenticator 8-TDFN-EP (2x2),Electrical Components,OTS,JIT - Reno,NS,FALSE,Lunar Energy,12500,0,0.61,7625,0,0,Unrestricted,12500
09-11-2026,CM: Sienna GA,10-002498 REV-1,10-002498,Secure Authenticator 8-TDFN-EP (2x2),Electrical Components,OTS,ATLN,LINE,FALSE,Sienna Corporation,734,0,0.647,474.898,0,1,Unrestricted,734
09-11-2026,CM: Sienna GA,10-002498 REV-1,10-002498,Secure Authenticator 8-TDFN-EP (2x2),Electrical Components,OTS,ATLN,MAIN,FALSE,Sienna Corporation,1308,0,0.647,846.276,0,1,Unrestricted,1308
09-11-2026,Lunar Netsuite,10-002500,10-002500,RES 4.32K OHM 1% 1/16W 0402,Electrical Components,OTS,Sienna Corporation - GA,NS,FALSE,Lunar Energy,10000,0,0.001,10,0,0,Unrestricted,0
09-11-2026,CM: Sienna GA,10-002500 REV-1,10-002500,RES 4.32K OHM 1% 1/16W 0402,Electrical Components,OTS,ATLN,LINE,FALSE,Sienna Corporation,14604,0,0.001,14.604,0,1,Unrestricted,14604
09-11-2026,CM: Sienna GA,C10-002500 REV-1,10-002500,RES 4.32K OHM 1% 1/16W 0402,Electrical Components,OTS,ATLN,WR33,TRUE,Lunar Energy,10000,0,0,0,0,1,Unrestricted,10000
09-11-2026,CM: Qualitel WA,814L-10-002501,10-002501,"10 kOhms ±1% 0.1W, 1/10W Chip Resistor 0402 (1005 Metric) Automotive AEC-Q200",Electrical Components,OTS,"Seattle, WA",Stock,FALSE,Qualitel,250,0,0.02,5,0,0,Unrestricted,250
09-11-2026,CM: Sienna GA,10-002502 REV-1,10-002502,RES 1.91K OHM 1% 1/16W 0402,Electrical Components,OTS,ATLN,LINE,FALSE,Sienna Corporation,1751,0,0.0012,2.1012,0,1,Unrestricted,1751
09-11-2026,Lunar Netsuite,10-002502,10-002502,RES 1.91K OHM 1% 1/16W 0402,Electrical Components,OTS,JIT - Reno,NS,FALSE,Lunar Energy,20000,0,0.0012,24,0,0,Unrestricted,20000
09-11-2026,CM: Sienna GA,10-002502 REV-1,10-002502,RES 1.91K OHM 1% 1/16W 0402,Electrical Components,OTS,ATLN,MAIN,FALSE,Sienna Corporation,10000,0,0.0012,12,0,1,Unrestricted,10000
09-11-2026,CM: Sienna GA,10-002503 REV-1,10-002503,RES 6.49K OHM 1% 1/16W 0402,Electrical Components,OTS,ATLN,MAIN,FALSE,Sienna Corporation,20000,0,0.0009,18,0,1,Unrestricted,20000
09-11-2026,CM: Sienna GA,10-002503 REV-1,10-002503,RES 6.49K OHM 1% 1/16W 0402,Electrical Components,OTS,ATLN,RIQC,FALSE,Sienna Corporation,10000,0,0.0009,9,0,1,Unrestricted,10000
09-11-2026,Lunar Netsuite,10-002503,10-002503,RES 6.49K OHM 1% 1/16W 0402,Electrical Components,OTS,JIT - Reno,NS,FALSE,Lunar Energy,40000,0,0.0009,36,0,0,Unrestricted,40000
09-11-2026,CM: Sienna GA,10-002503 REV-1,10-002503,RES 6.49K OHM 1% 1/16W 0402,Electrical Components,OTS,ATLN,LINE,FALSE,Sienna Corporation,2676,0,0.0009,2.4084,0,1,Unrestricted,2676
09-11-2026,Lunar Netsuite,10-002504,10-002504,RES 44.2K OHM 1% 1/16W 0402,Electrical Components,OTS,NexGen Digital Inc,NS,FALSE,Lunar Energy,1700000,0,0.0012,2040,0,0,Unrestricted,1700000
09-11-2026,Lunar Netsuite,10-002504,10-002504,RES 44.2K OHM 1% 1/16W 0402,Electrical Components,OTS,JIT - Reno,NS,FALSE,Lunar Energy,20000,0,0.0012,24,0,0,Unrestricted,20000
09-11-2026,CM: Sienna GA,10-002504 REV-1,10-002504,RES 44.2K OHM 1% 1/16W 0402,Electrical Components,OTS,ATLN,MAIN,FALSE,Sienna Corporation,10000,0,0.0012,12,0,1,Unrestricted,10000
09-11-2026,CM: Sienna GA,10-002504 REV-1,10-002504,RES 44.2K OHM 1% 1/16W 0402,Electrical Components,OTS,ATLN,LINE,FALSE,Sienna Corporation,1777,0,0.0012,2.1324,0,1,Unrestricted,1777
09-11-2026,CM: Sienna GA,10-002505 REV-1,10-002505,RES 26.1K OHM 1% 1/16W 0402,Electrical Components,OTS,ATLN,MAIN,FALSE,Sienna Corporation,10000,0,0.0009,9,0,1,Unrestricted,10000
09-11-2026,Lunar Netsuite,10-002505,10-002505,RES 26.1K OHM 1% 1/16W 0402,Electrical Components,OTS,JIT - Reno,NS,FALSE,Lunar Energy,20000,0,0.0009,18,0,0,Unrestricted,20000
09-11-2026,CM: Sienna GA,10-002505 REV-1,10-002505,RES 26.1K OHM 1% 1/16W 0402,Electrical Components,OTS,ATLN,LINE,FALSE,Sienna Corporation,1737,0,0.0009,1.5633,0,1,Unrestricted,1737
09-11-2026,CM: Sienna GA,10-002506 REV-1,10-002506,IC DRAM 4GBIT PARALLEL 96FBGA,Electrical Components,OTS,ATLN,MAIN,FALSE,Sienna Corporation,1254,0,6.498,8148.492,0,1,Unrestricted,1254
09-11-2026,CM: Sienna GA,10-002506 REV-1,10-002506,IC DRAM 4GBIT PARALLEL 96FBGA,Electrical Components,OTS,ATLN,LINE,FALSE,Sienna Corporation,202,0,6.498,1312.596,0,1,Unrestricted,202
09-11-2026,CM: Sienna GA,10-002507 REV-1,10-002507,RES 240 OHM 1% 1/16W 0402,Electrical Components,OTS,ATLN,MAIN,FALSE,Sienna Corporation,10000,0,0.0009,9,0,1,Unrestricted,10000
09-11-2026,CM: Qualitel WA,814L-10-002507,10-002507,RES 240 OHM 1% 1/16W 0402,Electrical Components,OTS,"Seattle, WA",Stock,FALSE,Qualitel,7079,0,0.0008,5.6632,0,0,Unrestricted,7079
09-11-2026,Lunar Netsuite,10-002507,10-002507,RES 240 OHM 1% 1/16W 0402,Electrical Components,OTS,JIT - Reno,NS,FALSE,Lunar Energy,10000,0,0.001,10,0,0,Unrestricted,10000
09-11-2026,CM: Sienna GA,C10-002507 REV-1,10-002507,RES 240 OHM 1% 1/16W 0402,Electrical Components,OTS,ATLN,WR33,TRUE,Lunar Energy,10000,0,0,0,0,1,Unrestricted,10000
09-11-2026,Lunar Netsuite,10-002507,10-002507,RES 240 OHM 1% 1/16W 0402,Electrical Components,OTS,Sienna Corporation - GA,NS,FALSE,Lunar Energy,10000,0,0.001,10,0,0,Unrestricted,0
09-11-2026,CM: Sienna GA,10-002507 REV-1,10-002507,RES 240 OHM 1% 1/16W 0402,Electrical Components,OTS,ATLN,LINE,FALSE,Sienna Corporation,1768,0,0.0009,1.5912,0,1,Unrestricted,1768
09-11-2026,Lunar Netsuite,10-002508,10-002508,SWITCH TACTILE SPST-NO 0.05A 32V,Electrical Components,OTS,JIT - Reno,NS,FALSE,Lunar Energy,1000,0,0.386,386,0,0,Unrestricted,1000
09-11-2026,CM: Sienna GA,10-002508 REV-1,10-002508,SWITCH TACTILE SPST-NO 0.05A 32V,Electrical Components,OTS,ATLN,LINE,FALSE,Sienna Corporation,3831,0,0.259,992.229,0,1,Unrestricted,3831
09-11-2026,CM: Sienna GA,10-002508 REV-1,10-002508,SWITCH TACTILE SPST-NO 0.05A 32V,Electrical Components,OTS,ATLN,MAIN,FALSE,Sienna Corporation,7600,0,0.259,1968.4,0,1,Unrestricted,7600
09-11-2026,Lunar Netsuite,10-002513,10-002513,"Fuse,Class T,200 A",Electrical Components,OTS,JIT - Reno,NS,FALSE,Lunar Energy,1500,0,29.91,44865,0,0,Unrestricted,1500
09-11-2026,Lunar Netsuite,10-002529,10-002529,FERRITE BEAD 220 OHM 1206 1LN,Electrical Components,OTS,JIT - Reno,NS,FALSE,Lunar Energy,8000,0,0.0574,459.2,0,0,Unrestricted,6000
09-11-2026,CM: Sienna GA,10-002529 REV-1,10-002529,FERRITE BEAD 220 OHM 1206 1LN,Electrical Components,OTS,ATLN,LINE,FALSE,Sienna Corporation,2867,0,0.0574,164.5658,0,1,Unrestricted,2867
09-11-2026,CM: Sienna GA,10-002532 REV-01,10-002532,CAP CER 0.1UF 10V X7S 0201,Electrical Components,OTS,ATLN,MAIN,FALSE,Sienna Corporation,45000,0,0.0047,211.5,0,1,Unrestricted,45000
09-11-2026,CM: Sienna GA,10-002532 REV-01,10-002532,CAP CER 0.1UF 10V X7S 0201,Electrical Components,OTS,ATLN,LINE,FALSE,Sienna Corporation,232523,0,0.0047,1092.8581,0,1,Unrestricted,232523
09-11-2026,Lunar Netsuite,10-002532,10-002532,CAP CER 0.1UF 10V X7S 0201,Electrical Components,OTS,JIT - Reno,NS,FALSE,Lunar Energy,15000,0,0.018,270,0,0,Unrestricted,15000
09-11-2026,CM: Sienna GA,10-002548 REV-01,10-002548,"Nano-Fit Terminal Position Assurance (TPA) Retainer, 2.50mm Pitch, 3 Circuits, Natural",Part,OTS,ATLN,LINE,FALSE,Sienna Corporation,343,0,0.05,17.15,0,1,Unrestricted,343
09-11-2026,CM: Sienna GA,10-002548 REV-01,10-002548,"Nano-Fit Terminal Position Assurance (TPA) Retainer, 2.50mm Pitch, 3 Circuits, Natural",Part,OTS,ATLN,RIQC,FALSE,Sienna Corporation,625,0,0.05,31.25,0,1,Unrestricted,625
09-11-2026,CM: Sienna GA,10-002579 REV-09,10-002579,"Offset Mounting Bracket, Wall, Bridge",Part,MTS,ATLN,RT13,FALSE,Sienna Corporation,24,0,2.16,51.84,0,9,Unrestricted,24
09-11-2026,CM: Sienna GA,10-002579 REV-09,10-002579,"Offset Mounting Bracket, Wall, Bridge",Part,MTS,ATLN,RRB3,FALSE,Sienna Corporation,48,0,2.16,103.68,0,9,Unrestricted,48
09-11-2026,CM: Sienna GA,10-002579 REV-09,10-002579,"Offset Mounting Bracket, Wall, Bridge",Part,MTS,ATLN,RRA3,FALSE,Sienna Corporation,48,0,2.16,103.68,0,9,Unrestricted,48
09-11-2026,CM: Sienna GA,10-002579 REV-09,10-002579,"Offset Mounting Bracket, Wall, Bridge",Part,MTS,ATLN,RQ76,FALSE,Sienna Corporation,39,0,2.16,84.24,0,9,Unrestricted,39
09-11-2026,Lunar Netsuite,10-002579,10-002579,"Offset Mounting Bracket, Wall, Bridge",Part,MTS,JIT - Reno,NS,FALSE,Lunar Energy,6,0,3.2883,19.7298,0,0,Unrestricted,6
09-11-2026,CM: Sienna GA,10-002579 REV-09,10-002579,"Offset Mounting Bracket, Wall, Bridge",Part,MTS,ATLN,RR95,FALSE,Sienna Corporation,48,0,2.16,103.68,0,9,Unrestricted,48
09-11-2026,CM: Sienna GA,10-002579 REV-09,10-002579,"Offset Mounting Bracket, Wall, Bridge",Part,MTS,ATLN,RR93,FALSE,Sienna Corporation,48,0,2.16,103.68,0,9,Unrestricted,48
09-11-2026,CM: Sienna GA,10-002579 REV-09,10-002579,"Offset Mounting Bracket, Wall, Bridge",Part,MTS,ATLN,RR76,FALSE,Sienna Corporation,48,0,2.16,103.68,0,9,Unrestricted,48
09-11-2026,CM: Sienna GA,10-002579 REV-09,10-002579,"Offset Mounting Bracket, Wall, Bridge",Part,MTS,ATLN,RS85,FALSE,Sienna Corporation,41,0,2.16,88.56,0,9,Unrestricted,41
09-11-2026,CM: Sienna GA,10-002579 REV-09,10-002579,"Offset Mounting Bracket, Wall, Bridge",Part,MTS,ATLN,RJ26,FALSE,Sienna Corporation,5,0,2.16,10.8,0,9,Unrestricted,5
09-11-2026,CM: Sienna GA,10-002579 REV-09,10-002579,"Offset Mounting Bracket, Wall, Bridge",Part,MTS,ATLN,RR64,FALSE,Sienna Corporation,48,0,2.16,103.68,0,9,Unrestricted,48
09-11-2026,CM: Sienna GA,10-002579 REV-09,10-002579,"Offset Mounting Bracket, Wall, Bridge",Part,MTS,ATLN,RR66,FALSE,Sienna Corporation,48,0,2.16,103.68,0,9,Unrestricted,48
09-11-2026,CM: Sienna GA,10-002579 REV-09,10-002579,"Offset Mounting Bracket, Wall, Bridge",Part,MTS,ATLN,RRB4,FALSE,Sienna Corporation,40,0,2.16,86.4,0,9,Unrestricted,40
09-11-2026,CM: Sienna GA,10-002579 REV-09,10-002579,"Offset Mounting Bracket, Wall, Bridge",Part,MTS,ATLN,RT15,FALSE,Sienna Corporation,48,0,2.16,103.68,0,9,Unrestricted,48
09-11-2026,CM: Sienna GA,10-002579 REV-09,10-002579,"Offset Mounting Bracket, Wall, Bridge",Part,MTS,ATLN,RSA4,FALSE,Sienna Corporation,5,0,2.16,10.8,0,9,Unrestricted,5
09-11-2026,CM: Sienna GA,10-002579 REV-09,10-002579,"Offset Mounting Bracket, Wall, Bridge",Part,MTS,ATLN,RT33,FALSE,Sienna Corporation,34,0,2.16,73.44,0,9,Unrestricted,34
09-11-2026,CM: Sienna GA,10-002579 REV-09,10-002579,"Offset Mounting Bracket, Wall, Bridge",Part,MTS,ATLN,RR65,FALSE,Sienna Corporation,48,0,2.16,103.68,0,9,Unrestricted,48
09-11-2026,CM: Sienna GA,C10-002588 REV-1,10-002588,RES 0 OHM JUMPER 1/20W 0201,Electrical Components,OTS,ATLN,WT81,TRUE,Lunar Energy,10000,0,0,0,0,1,Unrestricted,10000
09-11-2026,CM: Sienna GA,10-002588 REV-1,10-002588,RES 0 OHM JUMPER 1/20W 0201,Electrical Components,OTS,ATLN,LINE,FALSE,Sienna Corporation,14567,0,0.0011,16.0237,0,1,Unrestricted,14567
09-11-2026,CM: Sienna GA,10-002588 REV-1,10-002588,RES 0 OHM JUMPER 1/20W 0201,Electrical Components,OTS,ATLN,MAIN,FALSE,Sienna Corporation,10000,0,0.0011,11,0,1,Unrestricted,10000
09-11-2026,Lunar Netsuite,10-002588,10-002588,RES 0 OHM JUMPER 1/20W 0201,Electrical Components,OTS,Sienna Corporation - GA,NS,FALSE,Lunar Energy,20000,0,0.0011,22,0,0,Unrestricted,0
09-11-2026,CM: Sienna GA,C10-002588 REV-1,10-002588,RES 0 OHM JUMPER 1/20W 0201,Electrical Components,OTS,ATLN,WR42,TRUE,Lunar Energy,10000,0,0,0,0,1,Unrestricted,10000
09-11-2026,Lunar Netsuite,10-002588,10-002588,RES 0 OHM JUMPER 1/20W 0201,Electrical Components,OTS,NexGen Digital Inc,NS,FALSE,Lunar Energy,60000,0,0.0011,66,0,0,Unrestricted,60000
09-11-2026,CM: Sienna GA,10-002590 REV-05,10-002590,"Insulator, Load Tray, Bridge",Part,MTS,ATLN,LINE,FALSE,Sienna Corporation,1398,0,0.14,195.72,0,5,Unrestricted,1398
09-11-2026,CM: Sienna GA,10-002590 REV-05,10-002590,"Insulator, Load Tray, Bridge",Part,MTS,ATLN,RR18,FALSE,Sienna Corporation,1110,0,0.14,155.4,0,5,Unrestricted,1110
09-11-2026,CM: Sienna GA,C10-002591 REV-01,10-002591,DIODE ZENER 5.23V 960MW DO219AC,Electrical Components,OTS,ATLN,RECV,TRUE,Lunar Energy,0,0,0,0,0,1,Unrestricted,0
09-11-2026,CM: Sienna GA,10-002591 REV-01,10-002591,DIODE ZENER 5.23V 960MW DO219AC,Electrical Components,OTS,ATLN,MAIN,FALSE,Sienna Corporation,1975,0,0,0,0,1,Unrestricted,1975
09-11-2026,CM: Sienna GA,10-002592 REV-02,10-002592,"CONN, PLUG SOCKET, SEALED COAX, 4POS, W2W, TE",Part,OTS,ATLN,RIQC,FALSE,Sienna Corporation,159,0,3.6,572.4,0,2,Unrestricted,159
09-11-2026,CM: Sienna GA,10-002592 REV-02,10-002592,"CONN, PLUG SOCKET, SEALED COAX, 4POS, W2W, TE",Part,OTS,ATLN,MAIN,FALSE,Sienna Corporation,1005,0,3.6,3618,0,2,Unrestricted,1005
09-11-2026,CM: Sienna GA,10-002592 REV-02,10-002592,"CONN, PLUG SOCKET, SEALED COAX, 4POS, W2W, TE",Part,OTS,ATLN,LINE,FALSE,Sienna Corporation,261,0,3.6,939.6,0,2,Unrestricted,261
09-11-2026,Lunar Netsuite,10-002592,10-002592,"CONN, PLUG SOCKET, SEALED COAX, 4POS, W2W, TE",Part,OTS,Taoglas,NS,FALSE,Lunar Energy,540,0,1.9,1026,0,0,Unrestricted,540
09-11-2026,Lunar Netsuite,10-002592,10-002592,"CONN, PLUG SOCKET, SEALED COAX, 4POS, W2W, TE",Part,OTS,JIT - Reno,NS,FALSE,Lunar Energy,6035,0,1.9,11466.5,0,0,Unrestricted,6035
09-11-2026,CM: Sienna GA,10-002592 REV-02,10-002592,"CONN, PLUG SOCKET, SEALED COAX, 4POS, W2W, TE",Part,OTS,ATLN,INRE,FALSE,Sienna Corporation,283,0,3.6,1018.8,0,2,Unrestricted,283
09-11-2026,Lunar Netsuite,10-002593,10-002593,"CONTACT, CENTER SOCKET, MATE-AX, RTK 031, TE",Part,OTS,Taoglas,NS,FALSE,Lunar Energy,30000,0,0.115,3450,0,0,Unrestricted,30000
09-11-2026,Lunar Netsuite,10-002594,10-002594,"CONTACT, OUTER SOCKET, MATE-AX, RTK 031, TE",Part,OTS,Taoglas,NS,FALSE,Lunar Energy,4565,0,0.5097,2326.7805,0,0,Unrestricted,4565
09-11-2026,CM: Sienna GA,10-002595 REV-02,10-002595,"Cavity Blanking Plug, PBT, Yellow, -40 – 125 °C, Ampseal 16, TE",Part,OTS,ATLN,MAIN,FALSE,Sienna Corporation,8355,0,0.2,1671,0,2,Unrestricted,8355
09-11-2026,CM: Sienna GA,10-002595 REV-02,10-002595,"Cavity Blanking Plug, PBT, Yellow, -40 – 125 °C, Ampseal 16, TE",Part,OTS,ATLN,LPAC,FALSE,Sienna Corporation,3545,0,0.2,709,0,2,Unrestricted,3545
09-11-2026,CM: Sienna GA,10-002595 REV-02,10-002595,"Cavity Blanking Plug, PBT, Yellow, -40 – 125 °C, Ampseal 16, TE",Part,OTS,ATLN,LINE,FALSE,Sienna Corporation,5057,0,0.2,1011.4,0,2,Unrestricted,5057
09-11-2026,Lunar Netsuite,10-002595,10-002595,"Cavity Blanking Plug, PBT, Yellow, -40 – 125 °C, Ampseal 16, TE",Part,OTS,Taoglas,NS,FALSE,Lunar Energy,1502,0,0.3009,451.9518,0,0,Unrestricted,1502
09-11-2026,Lunar Netsuite,10-002597,10-002597,"CONTACT, CRIMP FERRULE, MATE-AX, RTK 031, TE",Part,OTS,Taoglas,NS,FALSE,Lunar Energy,3267,0,0.0772,252.2124,0,0,Unrestricted,3267
09-11-2026,CM: Sienna GA,10-002599 REV-04,10-002599,"Support, S1/S2 Lugs, Bridge",Part,MTS,ATLN,RK42,FALSE,Sienna Corporation,340,0,0.4809,163.506,0,4,Unrestricted,340
09-11-2026,CM: Sienna GA,10-002599 REV-04,10-002599,"Support, S1/S2 Lugs, Bridge",Part,MTS,ATLN,LINE,FALSE,Sienna Corporation,1958,0,0.4809,941.6022,0,4,Unrestricted,1958
09-11-2026,CM: Sienna GA,10-002602 REV-1,10-002602,CAP CER 10UF 10V X7R 0603,Electrical Components,OTS,ATLN,MAIN,FALSE,Sienna Corporation,49250,0,0.0354,1743.45,0,1,Unrestricted,49250
09-11-2026,CM: Sienna GA,10-002602 REV-1,10-002602,CAP CER 10UF 10V X7R 0603,Electrical Components,OTS,ATLN,LINE,FALSE,Sienna Corporation,8000,0,0.0354,283.2,0,1,Unrestricted,8000
09-11-2026,Lunar Netsuite,10-002602,10-002602,CAP CER 10UF 10V X7R 0603,Electrical Components,OTS,CA - Ravendale,NS,FALSE,Lunar Energy,67000,0,0.0732,4904.4,0,0,Unrestricted,67000
09-11-2026,CM: Sienna GA,10-002602 REV-1,10-002602,CAP CER 10UF 10V X7R 0603,Electrical Components,OTS,ATLN,PAMS,FALSE,Sienna Corporation,16000,0,0.0354,566.4,0,1,Unrestricted,16000
09-11-2026,CM: Qualitel WA,814L-10-002602,10-002602,CAP CER 10UF 10V X7R 0603,Electrical Components,OTS,"Seattle, WA",Stock,FALSE,Qualitel,13757,0,0.0229,315.0353,0,0,Unrestricted,13757
09-11-2026,CM: Sienna GA,10-002604 REV-02,10-002604,LED GREEN CLEAR CHIP SMD,Electrical Components,OTS,ATLN,RIQC,FALSE,Sienna Corporation,38000,0,0.0402,1527.6,0,2,Unrestricted,38000
09-11-2026,CM: Celestica MX,10-0026043MS,10-002604,LED GREEN CLEAR CHIP SMD,Electrical Components,OTS,Monterrey Prod,1000,FALSE,Celestica,-10,0,0.0402,-0.402,0,0,Unrestricted,-10
09-11-2026,CM: Sienna GA,10-002604 REV-02,10-002604,LED GREEN CLEAR CHIP SMD,Electrical Components,OTS,ATLN,LINE,FALSE,Sienna Corporation,765,0,0.0402,30.753,0,2,Unrestricted,765
09-11-2026,Lunar Netsuite,10-002604,10-002604,LED GREEN CLEAR CHIP SMD,Electrical Components,OTS,JIT - Reno,NS,FALSE,Lunar Energy,292000,0,0.0402,11738.4,0,0,Unrestricted,170242
09-11-2026,Lunar Netsuite,10-002604,10-002604,LED GREEN CLEAR CHIP SMD,Electrical Components,OTS,Sienna Corporation - GA,NS,FALSE,Lunar Energy,32000,0,0.0402,1286.4,0,0,Unrestricted,28000
09-11-2026,CM: Sienna GA,10-002604 REV-02,10-002604,LED GREEN CLEAR CHIP SMD,Electrical Components,OTS,ATLN,MAIN,FALSE,Sienna Corporation,4000,0,0.0402,160.8,0,2,Unrestricted,4000
09-11-2026,CM: Qualitel WA,814L-10-002604,10-002604,LED GREEN CLEAR CHIP SMD,Electrical Components,OTS,"Seattle, WA",Stock,FALSE,Qualitel,72543,0,0.0335,2430.1905,0,0,Unrestricted,72543
09-11-2026,CM: Sienna GA,C10-002604 REV-1,10-002604,LED GREEN CLEAR CHIP SMD,Electrical Components,OTS,ATLN,WR34,TRUE,Lunar Energy,32000,0,0,0,0,1,Unrestricted,32000
09-11-2026,CM: Sienna GA,10-002605 REV-02,10-002605,TVS DIODE 5VWM 12VC SOD323 AEC-Q,Electrical Components,OTS,ATLN,LINE,FALSE,Sienna Corporation,12243,0,0.038,465.234,0,2,Unrestricted,12243
09-11-2026,CM: Sienna GA,10-002605 REV-02,10-002605,TVS DIODE 5VWM 12VC SOD323 AEC-Q,Electrical Components,OTS,ATLN,MAIN,FALSE,Sienna Corporation,18000,0,0.038,684,0,2,Unrestricted,18000
09-11-2026,CM: Qualitel WA,814L-10-002605,10-002605,TVS DIODE 5VWM 12VC SOD323 AEC-Q,Electrical Components,OTS,"Seattle, WA",Stock,FALSE,Qualitel,9500,0,0.0369,350.55,0,0,Unrestricted,9500
09-11-2026,Lunar Netsuite,10-002607,10-002607,TVS DIODE 12VWM 19.9VC SOD123F,Electrical Components,OTS,JIT - Reno,NS,FALSE,Lunar Energy,6000,0,0.0719,431.4,0,0,Unrestricted,6000
09-11-2026,CM: Sienna GA,C10-002607 REV-1,10-002607,TVS DIODE 12VWM 19.9VC SOD123F,Electrical Components,OTS,ATLN,WT81,TRUE,Lunar Energy,6000,0,0,0,0,1,Unrestricted,6000
09-11-2026,CM: Sienna GA,10-002607 REV-1,10-002607,TVS DIODE 12VWM 19.9VC SOD123F,Electrical Components,OTS,ATLN,LINE,FALSE,Sienna Corporation,903,0,0.0593,53.5479,0,1,Unrestricted,903
09-11-2026,Lunar Netsuite,10-002607,10-002607,TVS DIODE 12VWM 19.9VC SOD123F,Electrical Components,OTS,NexGen Digital Inc,NS,FALSE,Lunar Energy,36000,0,0.0719,2588.4,0,0,Unrestricted,36000
09-11-2026,Lunar Netsuite,10-002607,10-002607,TVS DIODE 12VWM 19.9VC SOD123F,Electrical Components,OTS,Sienna Corporation - GA,NS,FALSE,Lunar Energy,6000,0,0.0719,431.4,0,0,Unrestricted,0
09-11-2026,CM: Sienna GA,10-002607 REV-1,10-002607,TVS DIODE 12VWM 19.9VC SOD123F,Electrical Components,OTS,ATLN,MAIN,FALSE,Sienna Corporation,6000,0,0.0593,355.8,0,1,Unrestricted,6000
09-11-2026,Lunar Netsuite,10-002608,10-002608,CONN HEADER SMD 14POS 2.5MM,Electrical Components,OTS,JIT - Reno,NS,FALSE,Lunar Energy,1500,0,1.08,1620,0,0,Unrestricted,1500
09-11-2026,CM: Sienna GA,10-002608 REV-1,10-002608,CONN HEADER SMD 14POS 2.5MM,Electrical Components,OTS,ATLN,MAIN,FALSE,Sienna Corporation,5100,0,1.08,5508,0,1,Unrestricted,5100
09-11-2026,CM: Sienna GA,10-002608 REV-1,10-002608,CONN HEADER SMD 14POS 2.5MM,Electrical Components,OTS,ATLN,LINE,FALSE,Sienna Corporation,83,0,1.08,89.64,0,1,Unrestricted,83
09-11-2026,Lunar Netsuite,10-002608,10-002608,CONN HEADER SMD 14POS 2.5MM,Electrical Components,OTS,Avnet,NS,FALSE,Lunar Energy,4800,0,1.08,5184,0,0,Unrestricted,4800
09-11-2026,CM: Sienna GA,10-002610 REV-02,10-002610,FERRITE BEAD 15 OHM 0603 1LN,Electrical Components,OTS,ATLN,PAMS,FALSE,Sienna Corporation,12000,0,0.0055,66,0,2,Unrestricted,12000
09-11-2026,Lunar Netsuite,10-002610,10-002610,FERRITE BEAD 15 OHM 0603 1LN,Electrical Components,OTS,JIT - Reno,NS,FALSE,Lunar Energy,284000,0,0.0055,1562,0,0,Unrestricted,269000
09-11-2026,CM: Sienna GA,10-002610 REV-02,10-002610,FERRITE BEAD 15 OHM 0603 1LN,Electrical Components,OTS,ATLN,MAIN,FALSE,Sienna Corporation,8000,0,0.0055,44,0,2,Unrestricted,8000
09-11-2026,CM: Sienna GA,10-002610 REV-02,10-002610,FERRITE BEAD 15 OHM 0603 1LN,Electrical Components,OTS,ATLN,LINE,FALSE,Sienna Corporation,3578,0,0.0055,19.679,0,2,Unrestricted,3578
09-11-2026,CM: Sienna GA,10-002610 REV-02,10-002610,FERRITE BEAD 15 OHM 0603 1LN,Electrical Components,OTS,ATLN,RIQC,FALSE,Sienna Corporation,16000,0,0.0055,88,0,2,Unrestricted,16000
09-11-2026,CM: Sienna GA,C10-002611 REV-1,10-002611,TRANS NPN 45V 500MA SOT23-3,Electrical Components,OTS,ATLN,WRB2,TRUE,Lunar Energy,15000,0,0,0,0,1,Unrestricted,15000
09-11-2026,Lunar Netsuite,10-002611,10-002611,TRANS NPN 45V 500MA SOT23-3,Electrical Components,OTS,JIT - Reno,NS,FALSE,Lunar Energy,27000,0,0.03,810,0,0,Unrestricted,21000
09-11-2026,Lunar Netsuite,10-002611,10-002611,TRANS NPN 45V 500MA SOT23-3,Electrical Components,OTS,Sienna Corporation - GA,NS,FALSE,Lunar Energy,15000,0,0.03,450,0,0,Unrestricted,0
09-11-2026,CM: Sienna GA,10-002611 REV-1,10-002611,TRANS NPN 45V 500MA SOT23-3,Electrical Components,OTS,ATLN,LINE,FALSE,Sienna Corporation,4987,0,0.0235,117.1945,0,1,Unrestricted,4987
09-11-2026,CM: Sienna GA,10-002611 REV-1,10-002611,TRANS NPN 45V 500MA SOT23-3,Electrical Components,OTS,ATLN,LPAC,FALSE,Sienna Corporation,15056,0,0.0235,353.816,0,1,Unrestricted,15056
09-11-2026,CM: Sienna GA,10-002611 REV-1,10-002611,TRANS NPN 45V 500MA SOT23-3,Electrical Components,OTS,ATLN,RIQC,FALSE,Sienna Corporation,3000,0,0.0235,70.5,0,1,Unrestricted,3000
09-11-2026,CM: Sienna GA,10-002612 REV-1,10-002612,MOSFET N-CH 30V 350MA SOT23,Electrical Components,OTS,ATLN,LINE,FALSE,Sienna Corporation,71,0,0.0178,1.2638,0,1,Unrestricted,71
09-11-2026,CM: Sienna GA,10-002612 REV-1,10-002612,MOSFET N-CH 30V 350MA SOT23,Electrical Components,OTS,ATLN,MAIN,FALSE,Sienna Corporation,100,0,0.0178,1.78,0,1,Unrestricted,100
09-11-2026,Lunar Netsuite,10-002612,10-002612,MOSFET N-CH 30V 350MA SOT23,Electrical Components,OTS,NexGen Digital Inc,NS,FALSE,Lunar Energy,99000,0,0.0291,2880.9,0,0,Unrestricted,99000
09-11-2026,CM: Sienna GA,10-002612 REV-1,10-002612,MOSFET N-CH 30V 350MA SOT23,Electrical Components,OTS,ATLN,RIQC,FALSE,Sienna Corporation,12000,0,0.0178,213.6,0,1,Unrestricted,12000
09-11-2026,Lunar Netsuite,10-002612,10-002612,MOSFET N-CH 30V 350MA SOT23,Electrical Components,OTS,JIT - Reno,NS,FALSE,Lunar Energy,15000,0,0.0178,267,0,0,Unrestricted,11000
09-11-2026,CM: Sienna GA,10-002613 REV-1,10-002613,RES 39 OHM 1% 1/16W 0402,Electrical Components,OTS,ATLN,MAIN,FALSE,Sienna Corporation,10000,0,0.0015,15,0,1,Unrestricted,10000
09-11-2026,Lunar Netsuite,10-002613,10-002613,RES 39 OHM 1% 1/16W 0402,Electrical Components,OTS,JIT - Reno,NS,FALSE,Lunar Energy,10000,0,0.0015,15,0,0,Unrestricted,10000
09-11-2026,CM: Sienna GA,10-002613 REV-1,10-002613,RES 39 OHM 1% 1/16W 0402,Electrical Components,OTS,ATLN,LINE,FALSE,Sienna Corporation,1763,0,0.0015,2.6445,0,1,Unrestricted,1763
09-11-2026,Lunar Netsuite,10-002614,10-002614,IC TRANSCEIVER HALF 1/1 8SOIC,Electrical Components,OTS,JIT - Reno,NS,FALSE,Lunar Energy,491,0,0.9455,464.2405,0,0,Unrestricted,491
09-11-2026,Lunar Netsuite,10-002614,10-002614,IC TRANSCEIVER HALF 1/1 8SOIC,Electrical Components,OTS,CCL (Computer Components Ltd),NS,FALSE,Lunar Energy,6766,0,0.9454,6396.5764,0,0,Unrestricted,6766
09-11-2026,CM: Sienna GA,10-002615 REV-1,10-002615,IC EEPROM 512KBIT I2C 1MHZ 8SOIC,Electrical Components,OTS,ATLN,LINE,FALSE,Sienna Corporation,978,0,0.391,382.398,0,1,Unrestricted,978
09-11-2026,Lunar Netsuite,10-002615,10-002615,IC EEPROM 512KBIT I2C 1MHZ 8SOIC,Electrical Components,OTS,Avnet,NS,FALSE,Lunar Energy,3000,0,0.391,1173,0,0,Unrestricted,3000
09-11-2026,CM: Sienna GA,10-002615 REV-1,10-002615,IC EEPROM 512KBIT I2C 1MHZ 8SOIC,Electrical Components,OTS,ATLN,MAIN,FALSE,Sienna Corporation,3037,0,0.391,1187.467,0,1,Unrestricted,3037
09-11-2026,CM: Sienna GA,10-002616 REV-1,10-002616,CMC 300MA 2LN 360OHM SMD AECQ200,Electrical Components,OTS,ATLN,LINE,FALSE,Sienna Corporation,1988,0,0.1078,214.3064,0,1,Unrestricted,1988
09-11-2026,CM: Sienna GA,10-002616 REV-1,10-002616,CMC 300MA 2LN 360OHM SMD AECQ200,Electrical Components,OTS,ATLN,MAIN,FALSE,Sienna Corporation,6000,0,0.1078,646.8,0,1,Unrestricted,6000
09-11-2026,CM: Sienna GA,10-002646 REV-01,10-002646,"Home Controller, Processor TIM",Part,MTS,ATLN,RIQC,FALSE,Sienna Corporation,4176,0,0.84,3507.84,0,1,Unrestricted,4176
09-11-2026,CM: Sienna GA,10-002646 REV-01,10-002646,"Home Controller, Processor TIM",Part,MTS,ATLN,PCKD,FALSE,Sienna Corporation,1440,0,0.84,1209.6,0,1,Unrestricted,1440
09-11-2026,CM: Sienna GA,10-002646 REV-01,10-002646,"Home Controller, Processor TIM",Part,MTS,ATLN,LINE,FALSE,Sienna Corporation,651,0,0.84,546.84,0,1,Unrestricted,651
09-11-2026,CM: Sienna GA,10-002647 REV-08,10-002647,"Compression Bar, PCBA, Bridge",Part,MTS,ATLN,RS42,FALSE,Sienna Corporation,4398,0,0.28,1231.44,0,8,Unrestricted,4398
09-11-2026,CM: Sienna GA,10-002669 REV-1,10-002669,XMFR 50A CUSTOM C,Electrical Components,OTS,ATLN,RR64,FALSE,Sienna Corporation,3600,0,1.08,3888,0,1,Unrestricted,3600
09-11-2026,CM: Sienna GA,10-002669 REV-1,10-002669,XMFR 50A CUSTOM C,Electrical Components,OTS,ATLN,RIQC,FALSE,Sienna Corporation,3130,0,1.08,3380.4,0,1,Unrestricted,3130
09-11-2026,CM: Sienna GA,C10-002669 REV-1,10-002669,XMFR 50A CUSTOM C,Electrical Components,OTS,ATLN,WQ74,TRUE,Lunar Energy,77,0,0,0,0,1,Unrestricted,77
09-11-2026,CM: Qualitel WA,814L-10-002669,10-002669,XMFR 50A CUSTOM C,Electrical Components,OTS,"Seattle, WA",Stock,FALSE,Qualitel,8186,0,1.14,9332.04,0,0,Unrestricted,8186
09-11-2026,CM: Sienna GA,10-002669 REV-1,10-002669,XMFR 50A CUSTOM C,Electrical Components,OTS,ATLN,LINE,FALSE,Sienna Corporation,1336,0,1.08,1442.88,0,1,Unrestricted,1336
09-11-2026,CM: Sienna GA,10-002669 REV-1,10-002669,XMFR 50A CUSTOM C,Electrical Components,OTS,ATLN,RJ55,FALSE,Sienna Corporation,640,0,1.08,691.2,0,1,Unrestricted,640
09-11-2026,Lunar Netsuite,10-002669,10-002669,XMFR 50A CUSTOM C,Electrical Components,OTS,Sienna Corporation - GA,NS,FALSE,Lunar Energy,320,0,1.08,345.6,0,0,Unrestricted,0
09-11-2026,CM: Sienna GA,C10-002669 REV-1,10-002669,XMFR 50A CUSTOM C,Electrical Components,OTS,ATLN,WQ83,TRUE,Lunar Energy,243,0,0,0,0,1,Unrestricted,243
09-11-2026,CM: Sienna GA,10-002678 REV-01,10-002678,CAP FILM 10UF 5% 450VDC RADIAL AEC-Q,Electrical Components,OTS,ATLN,PAMS,FALSE,Sienna Corporation,11912,0,1.013,12066.856,0,1,Unrestricted,11912
09-11-2026,CM: Sienna GA,10-002678 REV-01,10-002678,CAP FILM 10UF 5% 450VDC RADIAL AEC-Q,Electrical Components,OTS,ATLN,LINE,FALSE,Sienna Corporation,724,0,1.013,733.412,0,1,Unrestricted,724
09-11-2026,CM: Sienna GA,10-002678 REV-01,10-002678,CAP FILM 10UF 5% 450VDC RADIAL AEC-Q,Electrical Components,OTS,ATLN,RI56,FALSE,Sienna Corporation,8939,0,1.013,9055.207,0,1,Unrestricted,8939
09-11-2026,CM: Qualitel WA,814L-10-002678,10-002678,CAP FILM 10UF 5% 450VDC RADIAL AEC-Q,Electrical Components,OTS,"Seattle, WA",Stock,FALSE,Qualitel,27045,0,0.964,26071.38,0,0,Unrestricted,27045
09-11-2026,CM: Sienna GA,10-002678 REV-01,10-002678,CAP FILM 10UF 5% 450VDC RADIAL AEC-Q,Electrical Components,OTS,ATLN,RIQC,FALSE,Sienna Corporation,3619,0,1.013,3666.047,0,1,Unrestricted,3619
09-11-2026,CM: Sienna GA,10-002678 REV-01,10-002678,CAP FILM 10UF 5% 450VDC RADIAL AEC-Q,Electrical Components,OTS,ATLN,MAIN,FALSE,Sienna Corporation,50,0,1.013,50.65,0,1,Unrestricted,50
09-11-2026,CM: Sienna GA,10-002681 REV-01,10-002681,CAP CER 2220 33NF 1000V C0G 5%,Electrical Components,OTS,ATLN,LINE,FALSE,Sienna Corporation,11566,0,1.521,17591.886,0,1,Unrestricted,11566
09-11-2026,CM: Sienna GA,10-002681 REV-01,10-002681,CAP CER 2220 33NF 1000V C0G 5%,Electrical Components,OTS,ATLN,MAIN,FALSE,Sienna Corporation,7500,0,1.521,11407.5,0,1,Unrestricted,7500
09-11-2026,CM: Sienna GA,10-002681 REV-01,10-002681,CAP CER 2220 33NF 1000V C0G 5%,Electrical Components,OTS,ATLN,RIQC,FALSE,Sienna Corporation,12500,0,1.521,19012.5,0,1,Unrestricted,12500
09-11-2026,CM: Qualitel WA,814L-10-002681,10-002681,CAP CER 2220 33NF 1000V C0G 5%,Electrical Components,OTS,"Seattle, WA",Stock,FALSE,Qualitel,24630,0,0.9,22167,0,0,Unrestricted,24630
09-11-2026,CM: Sienna GA,10-002691 REV-04,10-002691,"Plate, Thermal Break, PCBA, Bridge",Part,MTS,ATLN,WHS2,FALSE,Sienna Corporation,384,0,1.93,741.12,0,4,Unrestricted,384
09-11-2026,CM: Sienna GA,10-002691 REV-04,10-002691,"Plate, Thermal Break, PCBA, Bridge",Part,MTS,ATLN,RB64,FALSE,Sienna Corporation,3080,0,1.93,5944.4,0,4,Unrestricted,3080
09-11-2026,CM: Sienna GA,10-002692 REV-01,10-002692,"Standoff,M3,M/F,4.76mm M,2.81mm F,6mm Shldr,Brass,Zi Cr,Nylon Patch",Part,OTS,ATLN,LINE,FALSE,Sienna Corporation,10674,0,0.13,1387.62,0,1,Unrestricted,10674
09-11-2026,CM: Sienna GA,10-002692 REV-01,10-002692,"Standoff,M3,M/F,4.76mm M,2.81mm F,6mm Shldr,Brass,Zi Cr,Nylon Patch",Part,OTS,ATLN,RIQC,FALSE,Sienna Corporation,17669,0,0.13,2296.97,0,1,Unrestricted,17669
09-11-2026,CM: Sienna GA,10-002692 REV-01,10-002692,"Standoff,M3,M/F,4.76mm M,2.81mm F,6mm Shldr,Brass,Zi Cr,Nylon Patch",Part,OTS,ATLN,RP51,FALSE,Sienna Corporation,31000,0,0.13,4030,0,1,Unrestricted,31000
09-11-2026,CM: Sienna GA,10-002692 REV-01,10-002692,"Standoff,M3,M/F,4.76mm M,2.81mm F,6mm Shldr,Brass,Zi Cr,Nylon Patch",Part,OTS,ATLN,MAIN,FALSE,Sienna Corporation,162,0,0.13,21.06,0,1,Unrestricted,162
09-11-2026,CM: Sienna GA,10-002694 REV-01,10-002694,FIXED IND 6.8UH 710MA 443MOHM SM,Electrical Components,OTS,ATLN,MAIN,FALSE,Sienna Corporation,458,0,0.264,120.912,0,1,Unrestricted,458
09-11-2026,Lunar Netsuite,10-002694,10-002694,FIXED IND 6.8UH 710MA 443MOHM SM,Electrical Components,OTS,JIT - Reno,NS,FALSE,Lunar Energy,95,0,0.2863,27.1985,0,0,Unrestricted,95
09-11-2026,Lunar Netsuite,10-002694,10-002694,FIXED IND 6.8UH 710MA 443MOHM SM,Electrical Components,OTS,Avnet,NS,FALSE,Lunar Energy,102000,0,0.264,26928,0,0,Unrestricted,102000
09-11-2026,Lunar Netsuite,10-002698,10-002698,DIODE ZENER 5.1V 1W PMDTM AEC-Q,Electrical Components,OTS,Avnet,NS,FALSE,Lunar Energy,540000,0,0.0757,40878,0,0,Unrestricted,540000
09-11-2026,Lunar Netsuite,10-002698,10-002698,DIODE ZENER 5.1V 1W PMDTM AEC-Q,Electrical Components,OTS,JIT - Reno,NS,FALSE,Lunar Energy,750,0,0.1532,114.9,0,0,Unrestricted,750
09-11-2026,CM: Sienna GA,10-002698 REV-01,10-002698,DIODE ZENER 5.1V 1W PMDTM AEC-Q,Electrical Components,OTS,ATLN,MAIN,FALSE,Sienna Corporation,371,0,0.0928,34.4288,0,1,Unrestricted,371
09-11-2026,Lunar Netsuite,10-002698,10-002698,DIODE ZENER 5.1V 1W PMDTM AEC-Q,Electrical Components,OTS,CCL (Computer Components Ltd),NS,FALSE,Lunar Energy,3396,0,0.1532,520.2672,0,0,Unrestricted,3396
09-11-2026,Lunar Netsuite,10-002700,10-002700,THERMISTOR NTC 60OHM 4000K,Electrical Components,OTS,JIT - Reno,NS,FALSE,Lunar Energy,1000,0,0.9585,958.5,0,0,Unrestricted,1000
09-11-2026,Lunar Netsuite,10-002701,10-002701,CAP CER 270PF 3KV C0G/NP0 2225,Electrical Components,OTS,JIT - Reno,NS,FALSE,Lunar Energy,74622,0,1.9799,147744.0978,0,0,Unrestricted,74622
09-11-2026,CM: Sienna GA,10-002701 REV-01,10-002701,CAP CER 270PF 3KV C0G/NP0 2225,Electrical Components,OTS,ATLN,MAIN,FALSE,Sienna Corporation,3065,0,1.98,6068.7,0,1,Unrestricted,3065
09-11-2026,Lunar Netsuite,10-002702,10-002702,RES SMD 7.5 OHM 1% 1/2W 1206,Electrical Components,OTS,CCL (Computer Components Ltd),NS,FALSE,Lunar Energy,200000,0,0.0387,7740,0,0,Unrestricted,200000
09-11-2026,CM: Sienna GA,10-002704 REV-01,10-002704,CAP FILM 20UF 10% 800VDC RADIAL,Electrical Components,OTS,ATLN,WHS2,FALSE,Sienna Corporation,9,0,2.64,23.76,0,1,Unrestricted,9
09-11-2026,Lunar Netsuite,10-002704,10-002704,CAP FILM 20UF 10% 800VDC RADIAL,Electrical Components,OTS,CA - Ravendale,NS,FALSE,Lunar Energy,220,0,0,0,0,0,Unrestricted,220
09-11-2026,CM: Sienna GA,10-002704 REV-01,10-002704,CAP FILM 20UF 10% 800VDC RADIAL,Electrical Components,OTS,ATLN,LPAC,FALSE,Sienna Corporation,66,0,2.64,174.24,0,1,Unrestricted,66
09-11-2026,CM: Sienna GA,10-002704 REV-01,10-002704,CAP FILM 20UF 10% 800VDC RADIAL,Electrical Components,OTS,ATLN,RIQC,FALSE,Sienna Corporation,5581,0,2.64,14733.84,0,1,Unrestricted,5581
09-11-2026,Lunar Netsuite,10-002704,10-002704,CAP FILM 20UF 10% 800VDC RADIAL,Electrical Components,OTS,Avnet,NS,FALSE,Lunar Energy,15,0,2.64,39.6,0,0,Unrestricted,15
09-11-2026,CM: Qualitel WA,814L-10-002704,10-002704,CAP FILM 20UF 10% 800VDC RADIAL,Electrical Components,OTS,"Seattle, WA",Stock,FALSE,Qualitel,7884,0,2.95,23257.8,0,0,Unrestricted,7884
09-11-2026,CM: Sienna GA,10-002704 REV-01,10-002704,CAP FILM 20UF 10% 800VDC RADIAL,Electrical Components,OTS,ATLN,PAMS,FALSE,Sienna Corporation,3850,0,2.64,10164,0,1,Unrestricted,3850
09-11-2026,CM: Sienna GA,10-002705 REV-01,10-002705,CAP FILM 27UF 10% 700VDC RADIAL,Electrical Components,OTS,ATLN,PAMS,FALSE,Sienna Corporation,12000,0,2.53,30360,0,1,Unrestricted,12000
09-11-2026,CM: Sienna GA,10-002705 REV-01,10-002705,CAP FILM 27UF 10% 700VDC RADIAL,Electrical Components,OTS,ATLN,WHS2,FALSE,Sienna Corporation,11987,0,2.53,30327.11,0,1,Unrestricted,11987
09-11-2026,CM: Sienna GA,10-002705 REV-01,10-002705,CAP FILM 27UF 10% 700VDC RADIAL,Electrical Components,OTS,ATLN,RIQC,FALSE,Sienna Corporation,1193,0,2.53,3018.29,0,1,Unrestricted,1193
09-11-2026,CM: Sienna GA,10-002705 REV-01,10-002705,CAP FILM 27UF 10% 700VDC RADIAL,Electrical Components,OTS,ATLN,LPAC,FALSE,Sienna Corporation,0,0,2.53,0,0,1,Unrestricted,0
09-11-2026,CM: Sienna GA,10-002709 REV-01,10-002709,"Heat spreader, Aluminum Nitride, TIM and pre-applied",Part,MTS,ATLN,LINE,FALSE,Sienna Corporation,6,0,4.1,24.6,0,1,Unrestricted,6
09-11-2026,CM: Sienna GA,10-002718 REV-02,10-002718,"Gantry Assembly, Power Module",Part,MTS,ATLN,PDRW,FALSE,Sienna Corporation,25,0,15.75,393.75,0,2,Unrestricted,25
09-11-2026,CM: Sienna GA,10-002718 REV-02,10-002718,"Gantry Assembly, Power Module",Part,MTS,ATLN,LINE,FALSE,Sienna Corporation,317,0,15.75,4992.75,0,2,Unrestricted,317
09-11-2026,Lunar Netsuite,10-002719,10-002719,3.4MM STD PRESS FIT UNPLT,Electrical Components,OTS,NexGen Digital Inc,NS,FALSE,Lunar Energy,15400,0,1.8403,28340.62,0,0,Unrestricted,15400
09-11-2026,CM: Sienna GA,10-002720 REV-01,10-002720,"Side-Mount External Retaining Rings, Spring Steel, 4-5 mm OD",Part,OTS,ATLN,RIQC,FALSE,Sienna Corporation,10000,0,0.112,1120,0,1,Unrestricted,10000
09-11-2026,CM: Sienna GA,10-002720 REV-01,10-002720,"Side-Mount External Retaining Rings, Spring Steel, 4-5 mm OD",Part,OTS,ATLN,LINE,FALSE,Sienna Corporation,8188,0,0.112,917.056,0,1,Unrestricted,8188
09-11-2026,Lunar Netsuite,10-002728,10-002728,CAP CER 0.016UF 50V X7R 0603,Electrical Components,OTS,CCL (Computer Components Ltd),NS,FALSE,Lunar Energy,20000,0,0.031,620,0,0,Unrestricted,20000
09-11-2026,CM: Sienna GA,10-002729 REV-01,10-002729,CONN HEADER SMD 8POS 2.5MM,Electrical Components,OTS,ATLN,MAIN,FALSE,Sienna Corporation,3200,0,1.01,3232,0,1,Unrestricted,3200
09-11-2026,CM: Sienna GA,10-002729 REV-01,10-002729,CONN HEADER SMD 8POS 2.5MM,Electrical Components,OTS,ATLN,RIQC,FALSE,Sienna Corporation,300,0,1.01,303,0,1,Unrestricted,300
09-11-2026,CM: Sienna GA,10-002729 REV-01,10-002729,CONN HEADER SMD 8POS 2.5MM,Electrical Components,OTS,ATLN,LINE,FALSE,Sienna Corporation,215,0,1.01,217.15,0,1,Unrestricted,215
09-11-2026,Lunar Netsuite,10-002729,10-002729,CONN HEADER SMD 8POS 2.5MM,Electrical Components,OTS,JIT - Reno,NS,FALSE,Lunar Energy,300,0,1.01,303,0,0,Unrestricted,300
09-11-2026,CM: Sienna GA,10-002730 REV-01,10-002730,CAP CER 2.2UF 10V X7R 0603,Electrical Components,OTS,ATLN,LINE,FALSE,Sienna Corporation,24303,0,0.0319,775.2657,0,1,Unrestricted,24303
09-11-2026,CM: Sienna GA,10-002730 REV-01,10-002730,CAP CER 2.2UF 10V X7R 0603,Electrical Components,OTS,ATLN,MAIN,FALSE,Sienna Corporation,4000,0,0.0319,127.6,0,1,Unrestricted,4000
09-11-2026,CM: Sienna GA,10-002732 REV-02,10-002732,FERRITE BEAD 1 KOHM 1206 1LN AEC-Q,Electrical Components,OTS,ATLN,MAIN,FALSE,Sienna Corporation,25500,0,0.0832,2121.6,0,2,Unrestricted,25500
09-11-2026,CM: Sienna GA,10-002732 REV-02,10-002732,FERRITE BEAD 1 KOHM 1206 1LN AEC-Q,Electrical Components,OTS,ATLN,LINE,FALSE,Sienna Corporation,13524,0,0.0832,1125.1968,0,2,Unrestricted,13524
09-11-2026,Lunar Netsuite,10-002732,10-002732,FERRITE BEAD 1 KOHM 1206 1LN AEC-Q,Electrical Components,OTS,Avnet,NS,FALSE,Lunar Energy,15000,0,0.0832,1248,0,0,Unrestricted,15000
09-11-2026,CM: Sienna GA,10-002732 REV-02,10-002732,FERRITE BEAD 1 KOHM 1206 1LN AEC-Q,Electrical Components,OTS,ATLN,RIQC,FALSE,Sienna Corporation,12500,0,0.0832,1040,0,2,Unrestricted,12500
09-11-2026,CM: Qualitel WA,814L-10-002732,10-002732,FERRITE BEAD 1 KOHM 1206 1LN AEC-Q,Electrical Components,OTS,"Seattle, WA",Stock,FALSE,Qualitel,168824,0,0.093,15700.632,0,0,Unrestricted,168824
09-11-2026,Lunar Netsuite,10-002732,10-002732,FERRITE BEAD 1 KOHM 1206 1LN AEC-Q,Electrical Components,OTS,Sienna Corporation - GA,NS,FALSE,Lunar Energy,15000,0,0.0829,1243.5,0,0,Unrestricted,0
09-11-2026,CM: Sienna GA,C10-002732 REV-2,10-002732,FERRITE BEAD 1 KOHM 1206 1LN AEC-Q,Electrical Components,OTS,ATLN,WS43,TRUE,Lunar Energy,15000,0,0,0,0,2,Unrestricted,15000
09-11-2026,CM: Celestica MX,10-0027323MS,10-002732,FERRITE BEAD 1 KOHM 1206 1LN AEC-Q,Electrical Components,OTS,Monterrey Prod,1000,FALSE,Celestica,-10,0,0.0749,-0.749,0,0,Unrestricted,-10
09-11-2026,Lunar Netsuite,10-002733,10-002733,PMEG100T10ELR-QX AEC-Q,Electrical Components,OTS,Avnet,NS,FALSE,Lunar Energy,378000,0,0.059,22302,0,0,Unrestricted,378000
09-11-2026,Lunar Netsuite,10-002733,10-002733,PMEG100T10ELR-QX AEC-Q,Electrical Components,OTS,CCL (Computer Components Ltd),NS,FALSE,Lunar Energy,49195,0,0.0811,3989.7145,0,0,Unrestricted,49195
09-11-2026,CM: Sienna GA,10-002733 REV-01,10-002733,PMEG100T10ELR-QX AEC-Q,Electrical Components,OTS,ATLN,MAIN,FALSE,Sienna Corporation,2330,0,0.0769,179.177,0,1,Unrestricted,2330
09-11-2026,CM: Sienna GA,10-002734 REV-01,10-002734,RES 4.7K OHM 1% 1/16W 0402 AEC-Q,Electrical Components,OTS,ATLN,MAIN,FALSE,Sienna Corporation,10000,0,0.0015,15,0,1,Unrestricted,10000
09-11-2026,CM: Sienna GA,10-002734 REV-01,10-002734,RES 4.7K OHM 1% 1/16W 0402 AEC-Q,Electrical Components,OTS,ATLN,LINE,FALSE,Sienna Corporation,11967,0,0.0015,17.9505,0,1,Unrestricted,11967
09-11-2026,CM: Sienna GA,10-002734 REV-01,10-002734,RES 4.7K OHM 1% 1/16W 0402 AEC-Q,Electrical Components,OTS,ATLN,RIQC,FALSE,Sienna Corporation,10000,0,0.0015,15,0,1,Unrestricted,10000
09-11-2026,CM: Qualitel WA,814L-10-002734,10-002734,RES 4.7K OHM 1% 1/16W 0402 AEC-Q,Electrical Components,OTS,"Seattle, WA",Stock,FALSE,Qualitel,42438,0,0.001,42.438,0,0,Unrestricted,42438
09-11-2026,Lunar Netsuite,10-002753,10-002753,"HOUSED PTC THERMISTORS AS ICL, 2 AEC-Q",Electrical Components,OTS,JIT - Reno,NS,FALSE,Lunar Energy,300,0,0.9809,294.27,0,0,Unrestricted,300
09-11-2026,CM: Sienna GA,10-002753 REV-01,10-002753,"HOUSED PTC THERMISTORS AS ICL, 2 AEC-Q",Electrical Components,OTS,ATLN,RH22,FALSE,Sienna Corporation,5500,0,0.939,5164.5,0,1,Unrestricted,5500
09-11-2026,CM: Sienna GA,10-002753 REV-01,10-002753,"HOUSED PTC THERMISTORS AS ICL, 2 AEC-Q",Electrical Components,OTS,ATLN,LINE,FALSE,Sienna Corporation,3317,0,0.939,3114.663,0,1,Unrestricted,3317
09-11-2026,CM: Qualitel WA,814L-10-002753,10-002753,"HOUSED PTC THERMISTORS AS ICL, 2 AEC-Q",Electrical Components,OTS,"Seattle, WA",Stock,FALSE,Qualitel,4687,0,0.849,3979.263,0,0,Unrestricted,4687
09-11-2026,Lunar Netsuite,10-002753,10-002753,"HOUSED PTC THERMISTORS AS ICL, 2 AEC-Q",Electrical Components,OTS,Avnet,NS,FALSE,Lunar Energy,535,0,0.9201,492.2535,0,0,Unrestricted,535
09-11-2026,CM: Sienna GA,10-002754 REV-08,10-002754,"Bus Bar, Load Tray, Right, Bridge",Assembly,MTS,ATLN,RI34,FALSE,Sienna Corporation,1239,0,8.57,10618.23,0,8,Unrestricted,1239
09-11-2026,CM: Sienna GA,10-002754 REV-08,10-002754,"Bus Bar, Load Tray, Right, Bridge",Assembly,MTS,ATLN,RIQC,FALSE,Sienna Corporation,281,0,8.57,2408.17,0,8,Unrestricted,281
09-11-2026,CM: Sienna GA,10-002754 REV-08,10-002754,"Bus Bar, Load Tray, Right, Bridge",Assembly,MTS,ATLN,RQA2,FALSE,Sienna Corporation,397,0,8.57,3402.29,0,8,Unrestricted,397
09-11-2026,Lunar Netsuite,10-002758,10-002758,RESHV ST 1206 10M 5% 0.25W TCR20,Electrical Components,OTS,CCL (Computer Components Ltd),NS,FALSE,Lunar Energy,5000,0,0.0179,89.5,0,0,Unrestricted,5000
09-11-2026,Lunar Netsuite,10-002759,10-002759,RES SMD 25 OHM 2% 3.5W 2512,Electrical Components,OTS,CCL (Computer Components Ltd),NS,FALSE,Lunar Energy,5000,0,2.24,11200,0,0,Unrestricted,5000
09-11-2026,CM: Sienna GA,10-002767 REV-01,10-002767,"HOUSED PTC THERMISTORS AS ICL, 2 AEC-Q",Electrical Components,OTS,ATLN,LINE,FALSE,Sienna Corporation,392,0,1.24,486.08,0,1,Unrestricted,392
09-11-2026,Lunar Netsuite,10-002767,10-002767,"HOUSED PTC THERMISTORS AS ICL, 2 AEC-Q",Electrical Components,OTS,Sienna Corporation - GA,NS,FALSE,Lunar Energy,5,0,1.85,9.25,0,0,Unrestricted,0
09-11-2026,CM: Sienna GA,C10-002767 REV-01,10-002767,"HOUSED PTC THERMISTORS AS ICL, 2 AEC-Q",Electrical Components,OTS,ATLN,WS32,TRUE,Lunar Energy,5,0,0,0,0,1,Unrestricted,5
09-11-2026,Lunar Netsuite,10-002767,10-002767,"HOUSED PTC THERMISTORS AS ICL, 2 AEC-Q",Electrical Components,OTS,CCL (Computer Components Ltd),NS,FALSE,Lunar Energy,10628,0,1.85,19661.8,0,0,Unrestricted,10628
09-11-2026,CM: Sienna GA,10-002772 REV-01,10-002772,DGTL ISO 3.75KV GATE DRVR 16SOIC,Electrical Components,OTS,ATLN,MAIN,FALSE,Sienna Corporation,6000,0,2.33,13980,0,1,Unrestricted,6000
09-11-2026,CM: Sienna GA,10-002772 REV-01,10-002772,DGTL ISO 3.75KV GATE DRVR 16SOIC,Electrical Components,OTS,ATLN,LINE,FALSE,Sienna Corporation,830,0,2.33,1933.9,0,1,Unrestricted,830
09-11-2026,CM: Qualitel WA,814L-10-002772,10-002772,DGTL ISO 3.75KV GATE DRVR 16SOIC,Electrical Components,OTS,"Seattle, WA",Stock,FALSE,Qualitel,4189,0,2.162,9056.618,0,0,Unrestricted,4189
09-11-2026,CM: Qualitel WA,814L-10-002773,10-002773,MOSFET N-CH 700V 12.5A TO252-3,Electrical Components,OTS,"Seattle, WA",Stock,FALSE,Qualitel,7246,0,0.1969,1426.7374,0,0,Unrestricted,7246
09-11-2026,CM: Sienna GA,10-002773 REV-01,10-002773,MOSFET N-CH 700V 12.5A TO252-3,Electrical Components,OTS,ATLN,LINE,FALSE,Sienna Corporation,2650,0,0.356,943.4,0,1,Unrestricted,2650
09-11-2026,CM: Sienna GA,10-002773 REV-01,10-002773,MOSFET N-CH 700V 12.5A TO252-3,Electrical Components,OTS,ATLN,MAIN,FALSE,Sienna Corporation,12500,0,0.356,4450,0,1,Unrestricted,12500
09-11-2026,CM: Sienna GA,C10-002775 REV-1,10-002775,IC DRVR TRANSFORMER 8-SOIC,Electrical Components,OTS,ATLN,WT91,TRUE,Lunar Energy,5000,0,0,0,0,1,Unrestricted,5000
09-11-2026,CM: Sienna GA,C10-002775 REV-1,10-002775,IC DRVR TRANSFORMER 8-SOIC,Electrical Components,OTS,ATLN,WS61,TRUE,Lunar Energy,7500,0,0,0,0,1,Unrestricted,7500
09-11-2026,CM: Sienna GA,C10-002775 REV-1,10-002775,IC DRVR TRANSFORMER 8-SOIC,Electrical Components,OTS,ATLN,WBRK,TRUE,Lunar Energy,5000,0,0,0,0,1,Unrestricted,5000
09-11-2026,CM: Sienna GA,C10-002775 REV-1,10-002775,IC DRVR TRANSFORMER 8-SOIC,Electrical Components,OTS,ATLN,WS22,TRUE,Lunar Energy,5000,0,0,0,0,1,Unrestricted,5000
09-11-2026,Lunar Netsuite,10-002775,10-002775,IC DRVR TRANSFORMER 8-SOIC,Electrical Components,OTS,JIT - Reno,NS,FALSE,Lunar Energy,7350,0,1.4466,10632.51,0,0,Unrestricted,5811
09-11-2026,CM: Sienna GA,10-002775 REV-01,10-002775,IC DRVR TRANSFORMER 8-SOIC,Electrical Components,OTS,ATLN,RIQC,FALSE,Sienna Corporation,7500,0,0.64,4800,0,1,Unrestricted,7500
09-11-2026,CM: Sienna GA,C10-002775 REV-1,10-002775,IC DRVR TRANSFORMER 8-SOIC,Electrical Components,OTS,ATLN,WT72,TRUE,Lunar Energy,2500,0,0,0,0,1,Unrestricted,2500
09-11-2026,Lunar Netsuite,10-002775,10-002775,IC DRVR TRANSFORMER 8-SOIC,Electrical Components,OTS,Sienna Corporation - GA,NS,FALSE,Lunar Energy,25000,0,1.4439,36097.5,0,0,Unrestricted,22500
09-11-2026,CM: Sienna GA,10-002775 REV-01,10-002775,IC DRVR TRANSFORMER 8-SOIC,Electrical Components,OTS,ATLN,LINE,FALSE,Sienna Corporation,3131,0,0.64,2003.84,0,1,Unrestricted,3131
09-11-2026,CM: Qualitel WA,814L-10-002776,10-002776,IC OPAMP GP 1 CIRCUIT 8UMAX,Electrical Components,OTS,"Seattle, WA",Stock,FALSE,Qualitel,1248,0,1.391,1735.968,0,0,Unrestricted,1248
09-11-2026,CM: Sienna GA,10-002776 REV-01,10-002776,IC OPAMP GP 1 CIRCUIT 8UMAX,Electrical Components,OTS,ATLN,LINE,FALSE,Sienna Corporation,2639,0,1.13,2982.07,0,1,Unrestricted,2639
09-11-2026,CM: Sienna GA,10-002797 REV-01,10-002797,"Tape, Polyimide, Silicone Adhesive, 2"" Width",Part,OTS,ATLN,PCKD,FALSE,Sienna Corporation,5184,0,0.054,279.936,0,1,Unrestricted,5184
09-11-2026,CM: Sienna GA,10-002797 REV-01,10-002797,"Tape, Polyimide, Silicone Adhesive, 2"" Width",Part,OTS,ATLN,LINE,FALSE,Sienna Corporation,46056.19922,0,0.054,2487.034758,0,1,Unrestricted,46056.19922
09-11-2026,CM: Sienna GA,10-002797 REV-01,10-002797,"Tape, Polyimide, Silicone Adhesive, 2"" Width",Part,OTS,ATLN,RIQC,FALSE,Sienna Corporation,9072,0,0.054,489.888,0,1,Unrestricted,9072
09-11-2026,CM: Qualitel WA,814L-10-002816,10-002816,"Screw and washer,M5 x 13,SEMS,BHT T-25,Steel,ZiNi BC,Nylon Patch",Part,OTS,"Seattle, WA",Stock,FALSE,Qualitel,36419,0,0.0991,3609.1229,0,0,Unrestricted,36419
09-11-2026,CM: Celestica MX,10-0028163MS,10-002816,"Screw and washer,M5 x 13,SEMS,BHT T-25,Steel,ZiNi BC,Nylon Patch",Part,OTS,Monterrey Prod,1000,FALSE,Celestica,1084,0,0.173,187.532,0,0,Unrestricted,1084
09-11-2026,Lunar Netsuite,10-002816,10-002816,"Screw and washer,M5 x 13,SEMS,BHT T-25,Steel,ZiNi BC,Nylon Patch",Part,OTS,JIT - Reno,NS,FALSE,Lunar Energy,6776,0,0.17,1151.92,0,0,Unrestricted,4776
09-11-2026,CM: Sienna GA,10-002828 REV-01,10-002828,"Internal Star Washer, M3",Part,OTS,ATLN,RIQC,FALSE,Sienna Corporation,7200,0,0.0117,84.24,0,1,Unrestricted,7200
09-11-2026,CM: Sienna GA,10-002828 REV-01,10-002828,"Internal Star Washer, M3",Part,OTS,ATLN,MAIN,FALSE,Sienna Corporation,60000,0,0.0117,702,0,1,Unrestricted,60000
09-11-2026,CM: Sienna GA,10-002828 REV-01,10-002828,"Internal Star Washer, M3",Part,OTS,ATLN,LINE,FALSE,Sienna Corporation,142118,0,0.0117,1662.7806,0,1,Unrestricted,142118
09-11-2026,Lunar Netsuite,10-002842,10-002842,Maximizer Hub,Assembly,MTS,CA - Ravendale,NS,FALSE,Lunar Energy,3,0,0,0,0,0,Unrestricted,0
09-11-2026,CM: Sienna GA,10-002842 REV-09,10-002842,Maximizer Hub,Assembly,MTS,ATLN,MRB,FALSE,Sienna Corporation,0,1,0,0,0,9,Restricted,0
09-11-2026,CM: Sienna GA,10-002842 REV-09,10-002842,Maximizer Hub,Assembly,MTS,ATLN,LINE,FALSE,Sienna Corporation,18,0,0,0,0,9,Unrestricted,18
09-11-2026,CM: Sienna GA,10-002846 REV-07,10-002846,"PCBA, Conformal Coated, Maximizer Hub",Assembly,MTS,ATLN,LINE,FALSE,Sienna Corporation,250,0,37.66,9415,0,7,Unrestricted,250
09-11-2026,CM: Sienna GA,10-002846 REV-07,10-002846,"PCBA, Conformal Coated, Maximizer Hub",Assembly,MTS,ATLN,MRB,FALSE,Sienna Corporation,0,1,37.66,0,37.66,7,Restricted,0
09-11-2026,CM: Sienna GA,10-002848 REV-01,10-002848,"Standoff, Threaded, Male-Male, M4, 8mm, Nylon",Part,OTS,ATLN,MAIN,FALSE,Sienna Corporation,10000,0,0.044,440,0,1,Unrestricted,10000
09-11-2026,CM: Sienna GA,10-002849 REV-01,10-002849,"Nut, Captive Washer, M4, Steel",Part,OTS,ATLN,MAIN,FALSE,Sienna Corporation,9872,0,0.0434,428.4448,0,1,Unrestricted,9872
09-11-2026,CM: Sienna GA,10-002854 REV-01,10-002854,FIXED IND 6.8UH 3.6A 36 MOHM SMD,Electrical Components,OTS,ATLN,LINE,FALSE,Sienna Corporation,2662,0,0.124,330.088,0,1,Unrestricted,2662
09-11-2026,Lunar Netsuite,10-002858,10-002858,DIODE ZENER 17V 500MW SOD123,Electrical Components,OTS,CCL (Computer Components Ltd),NS,FALSE,Lunar Energy,27000,0,0.0285,769.5,0,0,Unrestricted,27000
09-11-2026,CM: Sienna GA,10-002859 REV-1,10-002859,RES 0.02 OHM 1% 1W 1206,Electrical Components,OTS,ATLN,LINE,FALSE,Sienna Corporation,2912,0,0.0791,230.3392,0,1,Unrestricted,2912
09-11-2026,CM: Sienna GA,10-002859 REV-1,10-002859,RES 0.02 OHM 1% 1W 1206,Electrical Components,OTS,ATLN,MAIN,FALSE,Sienna Corporation,5000,0,0.0791,395.5,0,1,Unrestricted,5000
09-11-2026,Lunar Netsuite,10-002859,10-002859,RES 0.02 OHM 1% 1W 1206,Electrical Components,OTS,JIT - Reno,NS,FALSE,Lunar Energy,1000,0,0.116,116,0,0,Unrestricted,1000
09-11-2026,CM: Sienna GA,C10-002862 REV-1,10-002862,DGTL ISO 2500VRMS 2CH GP 8SOIC,Electrical Components,OTS,ATLN,WS82,TRUE,Lunar Energy,509,0,0,0,0,1,Unrestricted,509
09-11-2026,CM: Celestica MX,10-0028623MS,10-002862,DGTL ISO 2500VRMS 2CH GP 8SOIC,Electrical Components,OTS,Monterrey Prod,1000,FALSE,Celestica,-8,0,3.1977,-25.5816,0,0,Unrestricted,-8
09-11-2026,Lunar Netsuite,10-002862,10-002862,DGTL ISO 2500VRMS 2CH GP 8SOIC,Electrical Components,OTS,JIT - Reno,NS,FALSE,Lunar Energy,8320,0,2.97,24710.4,0,0,Unrestricted,8320
09-11-2026,Lunar Netsuite,10-002862,10-002862,DGTL ISO 2500VRMS 2CH GP 8SOIC,Electrical Components,OTS,Sienna Corporation - GA,NS,FALSE,Lunar Energy,509,0,2.97,1511.73,0,0,Unrestricted,0
09-11-2026,Lunar Netsuite,10-002868,10-002868,"CONN OFP PIN RCPT .015/.025"" DIA",Electrical Components,OTS,CCL (Computer Components Ltd),NS,FALSE,Lunar Energy,6000,0,0.142,852,0,0,Unrestricted,6000
09-11-2026,CM: Sienna GA,10-002869 REV-01,10-002869,CAP CER 22UF 20% 25V X7R 1210,Electrical Components,OTS,ATLN,MAIN,FALSE,Sienna Corporation,1579,0,0.02,31.58,0,1,Unrestricted,1579
09-11-2026,CM: Sienna GA,10-002877 REV-01,10-002877,CONN HEADER SMD 8POS 2.5MM,Electrical Components,OTS,ATLN,MAIN,FALSE,Sienna Corporation,3000,0,0.914,2742,0,1,Unrestricted,3000
09-11-2026,CM: Sienna GA,10-002877 REV-01,10-002877,CONN HEADER SMD 8POS 2.5MM,Electrical Components,OTS,ATLN,LINE,FALSE,Sienna Corporation,771,0,0.914,704.694,0,1,Unrestricted,771
09-11-2026,CM: Qualitel WA,814L-10-002877,10-002877,CONN HEADER SMD 8POS 2.5MM,Electrical Components,OTS,"Seattle, WA",Stock,FALSE,Qualitel,3247,0,1.2254,3978.8738,0,0,Unrestricted,3247
09-11-2026,Lunar Netsuite,10-002877,10-002877,CONN HEADER SMD 8POS 2.5MM,Electrical Components,OTS,JIT - Reno,NS,FALSE,Lunar Energy,300,0,0.914,274.2,0,0,Unrestricted,300
09-11-2026,Lunar Netsuite,10-002881,10-002881,CONN HEADER SMD 12POS 2.5MM,Electrical Components,OTS,CCL (Computer Components Ltd),NS,FALSE,Lunar Energy,1200,0,1.35,1620,0,0,Unrestricted,1200
09-11-2026,CM: Sienna GA,10-002884 REV-01,10-002884,IC REG CHARG PUMP INV 12MSOP,Electrical Components,OTS,ATLN,MAIN,FALSE,Sienna Corporation,250,0,0.01,2.5,0,1,Unrestricted,250
09-11-2026,CM: Sienna GA,10-002885 REV-01,10-002885,"EFUSE IC, LATCH TYPE, 15.1V VOLT",Electrical Components,OTS,ATLN,LINE,FALSE,Sienna Corporation,4048,0,0.62,2509.76,0,1,Unrestricted,4048
09-11-2026,CM: Qualitel WA,814L-10-002885,10-002885,"EFUSE IC, LATCH TYPE, 15.1V VOLT",Electrical Components,OTS,"Seattle, WA",Stock,FALSE,Qualitel,12485,0,0.157,1960.145,0,0,Unrestricted,12485
09-11-2026,CM: Sienna GA,10-002885 REV-01,10-002885,"EFUSE IC, LATCH TYPE, 15.1V VOLT",Electrical Components,OTS,ATLN,MAIN,FALSE,Sienna Corporation,4000,0,0.62,2480,0,1,Unrestricted,4000
09-11-2026,CM: Sienna GA,10-002886 REV-1,10-002886,RES 36K OHM 1% 1/10W 0603,Electrical Components,OTS,ATLN,LINE,FALSE,Sienna Corporation,3735,0,0.0013,4.8555,0,1,Unrestricted,3735
09-11-2026,CM: Sienna GA,10-002886 REV-1,10-002886,RES 36K OHM 1% 1/10W 0603,Electrical Components,OTS,ATLN,MAIN,FALSE,Sienna Corporation,9709,0,0.0013,12.6217,0,1,Unrestricted,9709
09-11-2026,CM: Sienna GA,10-002887 REV-01,10-002887,CAP CER 120PF 50V C0G/NPO 0603,Electrical Components,OTS,ATLN,MAIN,FALSE,Sienna Corporation,20000,0,0.0152,304,0,1,Unrestricted,20000
09-11-2026,CM: Qualitel WA,814L-10-002887,10-002887,CAP CER 120PF 50V C0G/NPO 0603,Electrical Components,OTS,"Seattle, WA",Stock,FALSE,Qualitel,20510,0,0.0114,233.814,0,0,Unrestricted,20510
09-11-2026,CM: Sienna GA,10-002887 REV-01,10-002887,CAP CER 120PF 50V C0G/NPO 0603,Electrical Components,OTS,ATLN,LINE,FALSE,Sienna Corporation,10977,0,0.0152,166.8504,0,1,Unrestricted,10977
09-11-2026,Lunar Netsuite,10-002889,10-002889,RES SMD 47 OHM 5% 1/10W 0402 AEC-Q,Electrical Components,OTS,Avnet,NS,FALSE,Lunar Energy,20000,0,0.002,40,0,0,Unrestricted,20000
09-11-2026,CM: Celestica MX,10-0028893MS,10-002889,RES SMD 47 OHM 5% 1/10W 0402 AEC-Q,Electrical Components,OTS,Monterrey Prod,1000,FALSE,Celestica,-32,0,0.002,-0.064,0,0,Unrestricted,-32
09-11-2026,CM: Qualitel WA,814L-10-002889,10-002889,RES SMD 47 OHM 5% 1/10W 0402 AEC-Q,Electrical Components,OTS,"Seattle, WA",Stock,FALSE,Qualitel,286392,0,0.0011,315.0312,0,0,Unrestricted,286392
09-11-2026,Lunar Netsuite,10-002889,10-002889,RES SMD 47 OHM 5% 1/10W 0402 AEC-Q,Electrical Components,OTS,JIT - Reno,NS,FALSE,Lunar Energy,785559,0,0.0019,1492.5621,0,0,Unrestricted,765559
09-11-2026,Lunar Netsuite,10-002903,10-002903,RES 24K OHM 1% 1/10W 0603 AEC-Q,Electrical Components,OTS,CCL (Computer Components Ltd),NS,FALSE,Lunar Energy,9935,0,0.0018,17.883,0,0,Unrestricted,9935
09-11-2026,CM: Qualitel WA,814L-10-002904,10-002904,RES SMD 176K OHM 0.5% 1/10W 0603,Electrical Components,OTS,"Seattle, WA",Stock,FALSE,Qualitel,8742,0,0.006,52.452,0,0,Unrestricted,8742
09-11-2026,CM: Sienna GA,10-002904 REV-1,10-002904,RES SMD 176K OHM 0.5% 1/10W 0603,Electrical Components,OTS,ATLN,LINE,FALSE,Sienna Corporation,9130,0,0.0067,61.171,0,1,Unrestricted,9130
09-11-2026,CM: Sienna GA,10-002906 REV-01,10-002906,FERRITE BEAD 1.3 KOHM 1812 1LN,Electrical Components,OTS,ATLN,LINE,FALSE,Sienna Corporation,5189,0,0.154,799.106,0,1,Unrestricted,5189
09-11-2026,CM: Sienna GA,10-002906 REV-01,10-002906,FERRITE BEAD 1.3 KOHM 1812 1LN,Electrical Components,OTS,ATLN,MAIN,FALSE,Sienna Corporation,4000,0,0.154,616,0,1,Unrestricted,4000
09-11-2026,Lunar Netsuite,10-002907,10-002907,IC REG LINEAR 5V 500MA TO263-7-1,Electrical Components,OTS,JIT - Reno,NS,FALSE,Lunar Energy,8950,0,0.71,6354.5,0,0,Unrestricted,8950
09-11-2026,CM: Sienna GA,C10-002907 REV-01,10-002907,IC REG LINEAR 5V 500MA TO263-7-1,Electrical Components,OTS,ATLN,WS11,TRUE,Lunar Energy,200,0,0,0,0,1,Unrestricted,200
09-11-2026,Lunar Netsuite,10-002907,10-002907,IC REG LINEAR 5V 500MA TO263-7-1,Electrical Components,OTS,NexGen Digital Inc,NS,FALSE,Lunar Energy,5000,0,0.71,3550,0,0,Unrestricted,5000
09-11-2026,CM: Sienna GA,10-002907 REV-01,10-002907,IC REG LINEAR 5V 500MA TO263-7-1,Electrical Components,OTS,ATLN,RIQC,FALSE,Sienna Corporation,2000,0,0.706,1412,0,1,Unrestricted,2000
09-11-2026,CM: Sienna GA,10-002907 REV-01,10-002907,IC REG LINEAR 5V 500MA TO263-7-1,Electrical Components,OTS,ATLN,LINE,FALSE,Sienna Corporation,2172,0,0.706,1533.432,0,1,Unrestricted,2172
09-11-2026,Lunar Netsuite,10-002907,10-002907,IC REG LINEAR 5V 500MA TO263-7-1,Electrical Components,OTS,Sienna Corporation - GA,NS,FALSE,Lunar Energy,200,0,1.14,228,0,0,Unrestricted,200
09-11-2026,Lunar Netsuite,10-002908,10-002908,MOSFET P-CH 60V 300MA SOT23-3,Electrical Components,OTS,CCL (Computer Components Ltd),NS,FALSE,Lunar Energy,50959,0,0.1116,5687.0244,0,0,Unrestricted,50959
09-11-2026,CM: Qualitel WA,814L-10-002909,10-002909,TVS DIODE 7VWM 10VC 0402 AEC-Q,Electrical Components,OTS,"Seattle, WA",Stock,FALSE,Qualitel,17475,0,0.166,2900.85,0,0,Unrestricted,17475
09-11-2026,Lunar Netsuite,10-002909,10-002909,TVS DIODE 7VWM 10VC 0402 AEC-Q,Electrical Components,OTS,NexGen Digital Inc,NS,FALSE,Lunar Energy,110000,0,0.17,18700,0,0,Unrestricted,110000
09-11-2026,CM: Sienna GA,10-002909 REV-01,10-002909,TVS DIODE 7VWM 10VC 0402 AEC-Q,Electrical Components,OTS,ATLN,LINE,FALSE,Sienna Corporation,3257,0,0.15,488.55,0,1,Unrestricted,3257
09-11-2026,Lunar Netsuite,10-002909,10-002909,TVS DIODE 7VWM 10VC 0402 AEC-Q,Electrical Components,OTS,JIT - Reno,NS,FALSE,Lunar Energy,30000,0,0.17,5100,0,0,Unrestricted,30000
09-11-2026,CM: Sienna GA,10-002909 REV-01,10-002909,TVS DIODE 7VWM 10VC 0402 AEC-Q,Electrical Components,OTS,ATLN,MAIN,FALSE,Sienna Corporation,50000,0,0.15,7500,0,1,Unrestricted,50000
09-11-2026,CM: Sienna GA,10-002910 REV-01,10-002910,CONN HEADER VERT 3POS 10MM,Electrical Components,OTS,ATLN,LINE,FALSE,Sienna Corporation,418,0,1.67,698.06,0,1,Unrestricted,418
09-11-2026,CM: Sienna GA,10-002910 REV-01,10-002910,CONN HEADER VERT 3POS 10MM,Electrical Components,OTS,ATLN,RIQC,FALSE,Sienna Corporation,5045,0,1.67,8425.15,0,1,Unrestricted,5045
09-11-2026,CM: Qualitel WA,814L-10-002910,10-002910,CONN HEADER VERT 3POS 10MM,Electrical Components,OTS,"Seattle, WA",Stock,FALSE,Qualitel,3929,0,1.42,5579.18,0,0,Unrestricted,3929
09-11-2026,CM: Sienna GA,10-002910 REV-01,10-002910,CONN HEADER VERT 3POS 10MM,Electrical Components,OTS,ATLN,MAIN,FALSE,Sienna Corporation,3292,0,1.67,5497.64,0,1,Unrestricted,3292
09-11-2026,CM: Sienna GA,10-002910 REV-01,10-002910,CONN HEADER VERT 3POS 10MM,Electrical Components,OTS,ATLN,PAMS,FALSE,Sienna Corporation,332,0,1.67,554.44,0,1,Unrestricted,332
09-11-2026,CM: Sienna GA,10-002911 REV-01,10-002911,CONN RCPT USB2.0 MICRO B SMD,Electrical Components,OTS,ATLN,RIQC,FALSE,Sienna Corporation,1000,0,0.406,406,0,1,Unrestricted,1000
09-11-2026,CM: Qualitel WA,814L-10-002911,10-002911,CONN RCPT USB2.0 MICRO B SMD,Electrical Components,OTS,"Seattle, WA",Stock,FALSE,Qualitel,2389,0,0.372,888.708,0,0,Unrestricted,2389
09-11-2026,CM: Sienna GA,10-002911 REV-01,10-002911,CONN RCPT USB2.0 MICRO B SMD,Electrical Components,OTS,ATLN,LINE,FALSE,Sienna Corporation,613,0,0.406,248.878,0,1,Unrestricted,613
09-11-2026,CM: Sienna GA,10-002911 REV-01,10-002911,CONN RCPT USB2.0 MICRO B SMD,Electrical Components,OTS,ATLN,MAIN,FALSE,Sienna Corporation,2000,0,0.406,812,0,1,Unrestricted,2000
09-11-2026,Lunar Netsuite,10-002913,10-002913,FUSE BOARD MOUNT 2A 250VAC 2SMD,Electrical Components,OTS,CCL (Computer Components Ltd),NS,FALSE,Lunar Energy,62,0,1.11,68.82,0,0,Unrestricted,62
09-11-2026,CM: Sienna GA,10-002914 REV-01,10-002914,"TOP MOUNT HEATSINK .4"" D-PAK",Electrical Components,OTS,ATLN,MAIN,FALSE,Sienna Corporation,200,0,0.516,103.2,0,1,Unrestricted,200
09-11-2026,CM: Sienna GA,10-002914 REV-01,10-002914,"TOP MOUNT HEATSINK .4"" D-PAK",Electrical Components,OTS,ATLN,LINE,FALSE,Sienna Corporation,1750,0,0.516,903,0,1,Unrestricted,1750
09-11-2026,CM: Qualitel WA,814L-10-002916,10-002916,FIXED IND 3.3UH 6A 19.2MOHM SMD AEC-Q,Electrical Components,OTS,"Seattle, WA",Stock,FALSE,Qualitel,9485,0,0.55,5216.75,0,0,Unrestricted,9485
09-11-2026,CM: Sienna GA,10-002916 REV-01,10-002916,FIXED IND 3.3UH 6A 19.2MOHM SMD AEC-Q,Electrical Components,OTS,ATLN,LINE,FALSE,Sienna Corporation,1790,0,0.74,1324.6,0,1,Unrestricted,1790
09-11-2026,CM: Sienna GA,10-002916 REV-01,10-002916,FIXED IND 3.3UH 6A 19.2MOHM SMD AEC-Q,Electrical Components,OTS,ATLN,MAIN,FALSE,Sienna Corporation,1000,0,0.74,740,0,1,Unrestricted,1000
09-11-2026,Lunar Netsuite,10-002916,10-002916,FIXED IND 3.3UH 6A 19.2MOHM SMD AEC-Q,Electrical Components,OTS,JIT - Reno,NS,FALSE,Lunar Energy,138000,0,0.55,75900,0,0,Unrestricted,137500
09-11-2026,CM: Sienna GA,10-002916 REV-01,10-002916,FIXED IND 3.3UH 6A 19.2MOHM SMD AEC-Q,Electrical Components,OTS,ATLN,RIQC,FALSE,Sienna Corporation,4000,0,0.74,2960,0,1,Unrestricted,4000
09-11-2026,CM: Sienna GA,C10-002917 REV-01,10-002917,FIXED IND 220UH 8.8A 36.45 MOHM AEC-Q,Electrical Components,OTS,ATLN,WR52,TRUE,Lunar Energy,20,0,0,0,0,1,Unrestricted,20
09-11-2026,CM: Sienna GA,10-002917 REV-01,10-002917,FIXED IND 220UH 8.8A 36.45 MOHM AEC-Q,Electrical Components,OTS,ATLN,RIQC,FALSE,Sienna Corporation,1800,0,2.33,4194,0,1,Unrestricted,1800
09-11-2026,Lunar Netsuite,10-002917,10-002917,FIXED IND 220UH 8.8A 36.45 MOHM AEC-Q,Electrical Components,OTS,Sienna Corporation - GA,NS,FALSE,Lunar Energy,160,0,2.3374,373.984,0,0,Unrestricted,0
09-11-2026,CM: Sienna GA,10-002917 REV-01,10-002917,FIXED IND 220UH 8.8A 36.45 MOHM AEC-Q,Electrical Components,OTS,ATLN,MAIN,FALSE,Sienna Corporation,800,0,2.33,1864,0,1,Unrestricted,800
09-11-2026,CM: Qualitel WA,814L-10-002917,10-002917,FIXED IND 220UH 8.8A 36.45 MOHM AEC-Q,Electrical Components,OTS,"Seattle, WA",Stock,FALSE,Qualitel,4926,0,2.33,11477.58,0,0,Unrestricted,4926
09-11-2026,Lunar Netsuite,10-002917,10-002917,FIXED IND 220UH 8.8A 36.45 MOHM AEC-Q,Electrical Components,OTS,JIT - Reno,NS,FALSE,Lunar Energy,29760,0,2.3375,69564,0,0,Unrestricted,29542
09-11-2026,CM: Sienna GA,C10-002917 REV-01,10-002917,FIXED IND 220UH 8.8A 36.45 MOHM AEC-Q,Electrical Components,OTS,ATLN,WT84,TRUE,Lunar Energy,60,0,0,0,0,1,Unrestricted,60
09-11-2026,CM: Sienna GA,10-002917 REV-01,10-002917,FIXED IND 220UH 8.8A 36.45 MOHM AEC-Q,Electrical Components,OTS,ATLN,LINE,FALSE,Sienna Corporation,1458,0,2.33,3397.14,0,1,Unrestricted,1458
09-11-2026,CM: Sienna GA,C10-002917 REV-01,10-002917,FIXED IND 220UH 8.8A 36.45 MOHM AEC-Q,Electrical Components,OTS,ATLN,WR43,TRUE,Lunar Energy,80,0,0,0,0,1,Unrestricted,80
09-11-2026,Lunar Netsuite,10-002919,10-002919,CAP ALUM POLY 8.2UF 20% 250V T/H,Electrical Components,OTS,NexGen Digital Inc,NS,FALSE,Lunar Energy,27647,0,0.65,17970.55,0,0,Unrestricted,27647
09-11-2026,CM: Sienna GA,10-002919 REV-01,10-002919,CAP ALUM POLY 8.2UF 20% 250V T/H,Electrical Components,OTS,ATLN,RIQC,FALSE,Sienna Corporation,20390,0,0.796,16230.44,0,1,Unrestricted,20390
09-11-2026,CM: Qualitel WA,814L-10-002919,10-002919,CAP ALUM POLY 8.2UF 20% 250V T/H,Electrical Components,OTS,"Seattle, WA",Stock,FALSE,Qualitel,60541,0,0.648,39230.568,0,0,Unrestricted,60541
09-11-2026,Lunar Netsuite,10-002919,10-002919,CAP ALUM POLY 8.2UF 20% 250V T/H,Electrical Components,OTS,Avnet,NS,FALSE,Lunar Energy,109109,0,0.6819,74401.4271,0,0,Unrestricted,102114
09-11-2026,CM: Sienna GA,10-002919 REV-01,10-002919,CAP ALUM POLY 8.2UF 20% 250V T/H,Electrical Components,OTS,ATLN,MAIN,FALSE,Sienna Corporation,3000,0,0.796,2388,0,1,Unrestricted,3000
09-11-2026,CM: Sienna GA,10-002919 REV-01,10-002919,CAP ALUM POLY 8.2UF 20% 250V T/H,Electrical Components,OTS,ATLN,LINE,FALSE,Sienna Corporation,3398,0,0.796,2704.808,0,1,Unrestricted,3398
09-11-2026,Lunar Netsuite,10-002920,10-002920,DIODE SCHOTTKY 60V 5A SMC,Electrical Components,OTS,CCL (Computer Components Ltd),NS,FALSE,Lunar Energy,12000,0,0.166,1992,0,0,Unrestricted,12000
09-11-2026,CM: Sienna GA,10-002921 REV-01,10-002921,CAP CER 10UF 35V X7R 1206,Electrical Components,OTS,ATLN,MAIN,FALSE,Sienna Corporation,2000,0,0.262,524,0,1,Unrestricted,2000
09-11-2026,Lunar Netsuite,10-002921,10-002921,CAP CER 10UF 35V X7R 1206,Electrical Components,OTS,Avnet,NS,FALSE,Lunar Energy,8000,0,0.262,2096,0,0,Unrestricted,8000
09-11-2026,CM: Qualitel WA,814L-10-002921,10-002921,CAP CER 10UF 35V X7R 1206,Electrical Components,OTS,"Seattle, WA",Stock,FALSE,Qualitel,4748,0,0.25,1187,0,0,Unrestricted,4748
09-11-2026,CM: Sienna GA,10-002921 REV-01,10-002921,CAP CER 10UF 35V X7R 1206,Electrical Components,OTS,ATLN,LINE,FALSE,Sienna Corporation,801,0,0.262,209.862,0,1,Unrestricted,801
09-11-2026,CM: Sienna GA,10-002921 REV-01,10-002921,CAP CER 10UF 35V X7R 1206,Electrical Components,OTS,ATLN,PAMS,FALSE,Sienna Corporation,2000,0,0.262,524,0,1,Unrestricted,2000
09-11-2026,CM: Sienna GA,10-002921 REV-01,10-002921,CAP CER 10UF 35V X7R 1206,Electrical Components,OTS,ATLN,RIQC,FALSE,Sienna Corporation,2000,0,0.262,524,0,1,Unrestricted,2000
09-11-2026,CM: Qualitel WA,814L-10-002922,10-002922,CAP CER 3900PF 630V C0G/NP0 1206 AEC-Q,Electrical Components,OTS,"Seattle, WA",Stock,FALSE,Qualitel,5719,0,0.116,663.404,0,0,Unrestricted,5719
09-11-2026,CM: Sienna GA,10-002922 REV-01,10-002922,CAP CER 3900PF 630V C0G/NP0 1206 AEC-Q,Electrical Components,OTS,ATLN,MAIN,FALSE,Sienna Corporation,3034,0,0.116,351.944,0,1,Unrestricted,3034
09-11-2026,CM: Sienna GA,C10-002922 REV-01,10-002922,CAP CER 3900PF 630V C0G/NP0 1206 AEC-Q,Electrical Components,OTS,ATLN,WT16,TRUE,Lunar Energy,1566,0,0,0,0,1,Unrestricted,1566
09-11-2026,Lunar Netsuite,10-002922,10-002922,CAP CER 3900PF 630V C0G/NP0 1206 AEC-Q,Electrical Components,OTS,Sienna Corporation - GA,NS,FALSE,Lunar Energy,1566,0,0.1561,244.4526,0,0,Unrestricted,0
09-11-2026,CM: Sienna GA,10-002922 REV-01,10-002922,CAP CER 3900PF 630V C0G/NP0 1206 AEC-Q,Electrical Components,OTS,ATLN,LINE,FALSE,Sienna Corporation,5556,0,0.116,644.496,0,1,Unrestricted,5556
09-11-2026,Lunar Netsuite,10-002923,10-002923,CAP CER 1UF 450V X7T 2220 AEC-Q,Electrical Components,OTS,JIT - Reno,NS,FALSE,Lunar Energy,884,0,0.99,875.16,0,0,Unrestricted,384
09-11-2026,CM: Sienna GA,10-002923 REV-01,10-002923,CAP CER 1UF 450V X7T 2220 AEC-Q,Electrical Components,OTS,ATLN,PAMS,FALSE,Sienna Corporation,3500,0,0.988,3458,0,1,Unrestricted,3500
09-11-2026,CM: Sienna GA,10-002923 REV-01,10-002923,CAP CER 1UF 450V X7T 2220 AEC-Q,Electrical Components,OTS,ATLN,LINE,FALSE,Sienna Corporation,5658,0,0.988,5590.104,0,1,Unrestricted,5658
09-11-2026,CM: Sienna GA,10-002923 REV-01,10-002923,CAP CER 1UF 450V X7T 2220 AEC-Q,Electrical Components,OTS,ATLN,RIQC,FALSE,Sienna Corporation,11500,0,0.988,11362,0,1,Unrestricted,11500
09-11-2026,CM: Sienna GA,10-002923 REV-01,10-002923,CAP CER 1UF 450V X7T 2220 AEC-Q,Electrical Components,OTS,ATLN,MAIN,FALSE,Sienna Corporation,11500,0,0.988,11362,0,1,Unrestricted,11500
09-11-2026,CM: Qualitel WA,814L-10-002923,10-002923,CAP CER 1UF 450V X7T 2220 AEC-Q,Electrical Components,OTS,"Seattle, WA",Stock,FALSE,Qualitel,50317,0,0.99,49813.83,0,0,Unrestricted,50317
09-11-2026,CM: Celestica MX,10-0029233MS,10-002923,CAP CER 1UF 450V X7T 2220 AEC-Q,Electrical Components,OTS,Monterrey Prod,1000,FALSE,Celestica,1167,0,0.988,1152.996,0,0,Unrestricted,1167
09-11-2026,CM: Sienna GA,10-002924 REV-01,10-002924,DIODE ZENER 24V 5W DO214AA,Electrical Components,OTS,ATLN,MAIN,FALSE,Sienna Corporation,3000,0,0.11,330,0,1,Unrestricted,3000
09-11-2026,CM: Sienna GA,10-002924 REV-01,10-002924,DIODE ZENER 24V 5W DO214AA,Electrical Components,OTS,ATLN,LINE,FALSE,Sienna Corporation,759,0,0.11,83.49,0,1,Unrestricted,759
09-11-2026,Lunar Netsuite,10-002924,10-002924,DIODE ZENER 24V 5W DO214AA,Electrical Components,OTS,JIT - Reno,NS,FALSE,Lunar Energy,3000,0,0.1335,400.5,0,0,Unrestricted,3000
09-11-2026,CM: Sienna GA,10-002925 REV-01,10-002925,IC OFFLINE SWITCH FLYBACK 8DSO,Electrical Components,OTS,ATLN,MAIN,FALSE,Sienna Corporation,2490,0,0.442,1100.58,0,1,Unrestricted,2490
09-11-2026,CM: Sienna GA,10-002925 REV-01,10-002925,IC OFFLINE SWITCH FLYBACK 8DSO,Electrical Components,OTS,ATLN,RIQC,FALSE,Sienna Corporation,2500,0,0.442,1105,0,1,Unrestricted,2500
09-11-2026,Lunar Netsuite,10-002925,10-002925,IC OFFLINE SWITCH FLYBACK 8DSO,Electrical Components,OTS,NexGen Digital Inc,NS,FALSE,Lunar Energy,12500,0,0.32,4000,0,0,Unrestricted,12500
09-11-2026,CM: Qualitel WA,814L-10-002925,10-002925,IC OFFLINE SWITCH FLYBACK 8DSO,Electrical Components,OTS,"Seattle, WA",Stock,FALSE,Qualitel,3749,0,0.3196,1198.1804,0,0,Unrestricted,3749
09-11-2026,CM: Sienna GA,10-002925 REV-01,10-002925,IC OFFLINE SWITCH FLYBACK 8DSO,Electrical Components,OTS,ATLN,LINE,FALSE,Sienna Corporation,1102,0,0.442,487.084,0,1,Unrestricted,1102
09-11-2026,Lunar Netsuite,10-002925,10-002925,IC OFFLINE SWITCH FLYBACK 8DSO,Electrical Components,OTS,JIT - Reno,NS,FALSE,Lunar Energy,17142,0,0.4528,7761.8976,0,0,Unrestricted,14642
09-11-2026,Lunar Netsuite,10-002926,10-002926,RES 1 OHM 1% 2W 2512,Electrical Components,OTS,CCL (Computer Components Ltd),NS,FALSE,Lunar Energy,8000,0,0.28,2240,0,0,Unrestricted,8000
09-11-2026,CM: Qualitel WA,814L-10-002929,10-002929,"TIM, INDUCTOR, DCDC",Part,MTS,"Seattle, WA",Stock,FALSE,Qualitel,18992,0,0.7,13294.4,0,0,Unrestricted,18992
09-11-2026,CM: Celestica MX,10-0029293MS,10-002929,"TIM, INDUCTOR, DCDC",Part,MTS,Monterrey Prod,1000,FALSE,Celestica,-18,0,0.7,-12.6,0,0,Unrestricted,-18
09-11-2026,CM: Qualitel WA,814L-10-002932,10-002932,RES 44.2K OHM 1% 1/10W 0603 AEC-Q,Electrical Components,OTS,"Seattle, WA",Stock,FALSE,Qualitel,8747,0,0.0014,12.2458,0,0,Unrestricted,8747
09-11-2026,CM: Sienna GA,10-002932 REV-1,10-002932,RES 44.2K OHM 1% 1/10W 0603 AEC-Q,Electrical Components,OTS,ATLN,LINE,FALSE,Sienna Corporation,7588,0,0.002,15.176,0,1,Unrestricted,7588
09-11-2026,CM: Qualitel WA,814L-10-002933,10-002933,RES 715 OHM 1% 1/10W 0603 AEC-Q,Electrical Components,OTS,"Seattle, WA",Stock,FALSE,Qualitel,13750,0,0.0007,9.625,0,0,Unrestricted,13750
09-11-2026,CM: Sienna GA,10-002933 REV-01,10-002933,RES 715 OHM 1% 1/10W 0603 AEC-Q,Electrical Components,OTS,ATLN,LINE,FALSE,Sienna Corporation,12070,0,0.0018,21.726,0,1,Unrestricted,12070
09-11-2026,CM: Sienna GA,10-002934 REV-01,10-002934,DIODE GEN PURP 600V 5A SMC,Electrical Components,OTS,ATLN,MAIN,FALSE,Sienna Corporation,9000,0,0.1437,1293.3,0,1,Unrestricted,9000
09-11-2026,CM: Sienna GA,10-002934 REV-01,10-002934,DIODE GEN PURP 600V 5A SMC,Electrical Components,OTS,ATLN,LINE,FALSE,Sienna Corporation,2047,0,0.1437,294.1539,0,1,Unrestricted,2047
09-11-2026,Lunar Netsuite,10-002934,10-002934,DIODE GEN PURP 600V 5A SMC,Electrical Components,OTS,NexGen Digital Inc,NS,FALSE,Lunar Energy,114000,0,0.14,15960,0,0,Unrestricted,114000
09-11-2026,Lunar Netsuite,10-002934,10-002934,DIODE GEN PURP 600V 5A SMC,Electrical Components,OTS,JIT - Reno,NS,FALSE,Lunar Energy,30000,0,0.14,4200,0,0,Unrestricted,30000
09-11-2026,Lunar Netsuite,10-002937,10-002937,IC VREF SHUNT ADJ 0.4% 8SO,Electrical Components,OTS,JIT - Reno,NS,FALSE,Lunar Energy,26000,0,0.16,4160,0,0,Unrestricted,26000
09-11-2026,CM: Qualitel WA,814L-10-002937,10-002937,IC VREF SHUNT ADJ 0.4% 8SO,Electrical Components,OTS,"Seattle, WA",Stock,FALSE,Qualitel,6249,0,0.159,993.591,0,0,Unrestricted,6249
09-11-2026,CM: Sienna GA,10-002937 REV-01,10-002937,IC VREF SHUNT ADJ 0.4% 8SO,Electrical Components,OTS,ATLN,MAIN,FALSE,Sienna Corporation,5000,0,0.189,945,0,1,Unrestricted,5000
09-11-2026,CM: Sienna GA,10-002937 REV-01,10-002937,IC VREF SHUNT ADJ 0.4% 8SO,Electrical Components,OTS,ATLN,LINE,FALSE,Sienna Corporation,3642,0,0.189,688.338,0,1,Unrestricted,3642
09-11-2026,Lunar Netsuite,10-002937,10-002937,IC VREF SHUNT ADJ 0.4% 8SO,Electrical Components,OTS,NexGen Digital Inc,NS,FALSE,Lunar Energy,12500,0,0.16,2000,0,0,Unrestricted,12500
09-11-2026,CM: Celestica MX,10-0029413MS,10-002941,DC DC CONVERTER 12V 3W,Electrical Components,OTS,Monterrey Prod,1000,FALSE,Celestica,-2,0,11.43,-22.86,0,0,Unrestricted,-2
09-11-2026,CM: Sienna GA,C10-002941 REV-1,10-002941,DC DC CONVERTER 12V 3W,Electrical Components,OTS,ATLN,WR61,TRUE,Lunar Energy,90,0,0,0,0,1,Unrestricted,90
09-11-2026,Lunar Netsuite,10-002941,10-002941,DC DC CONVERTER 12V 3W,Electrical Components,OTS,Sienna Corporation - GA,NS,FALSE,Lunar Energy,90,0,11.43,1028.7,0,0,Unrestricted,0
09-11-2026,Lunar Netsuite,10-002941,10-002941,DC DC CONVERTER 12V 3W,Electrical Components,OTS,JIT - Reno,NS,FALSE,Lunar Energy,11560,0,11.43,132130.8,0,0,Unrestricted,11560
09-11-2026,Lunar Netsuite,10-002946,10-002946,RES 0.51 OHM 1% 1/6W 0402,Electrical Components,OTS,CCL (Computer Components Ltd),NS,FALSE,Lunar Energy,70000,0,0.0467,3269,0,0,Unrestricted,70000
09-11-2026,Lunar Netsuite,10-002946,10-002946,RES 0.51 OHM 1% 1/6W 0402,Electrical Components,OTS,Avnet,NS,FALSE,Lunar Energy,340000,0,0.0467,15878,0,0,Unrestricted,340000
09-11-2026,Lunar Netsuite,10-002956,10-002956,IC REG LINEAR 3.3V 100MA 6DFN,Electrical Components,OTS,JIT - Reno,NS,FALSE,Lunar Energy,45399,0,0.46,20883.54,0,0,Unrestricted,25399
09-11-2026,CM: Celestica MX,10-0029563MS,10-002956,IC REG LINEAR 3.3V 100MA 6DFN,Electrical Components,OTS,Monterrey Prod,1000,FALSE,Celestica,19,0,0.46,8.74,0,0,Unrestricted,19
09-11-2026,CM: Qualitel WA,814L-10-002956,10-002956,IC REG LINEAR 3.3V 100MA 6DFN,Electrical Components,OTS,"Seattle, WA",Stock,FALSE,Qualitel,18318,0,0.284,5202.312,0,0,Unrestricted,18318
09-11-2026,Lunar Netsuite,10-002957,10-002957,MOSFET N-CH 100V 170MA SOT23-3,Electrical Components,OTS,JIT - Reno,NS,FALSE,Lunar Energy,84528,0,0.03,2535.84,0,0,Unrestricted,48528
09-11-2026,CM: Qualitel WA,814L-10-002957,10-002957,MOSFET N-CH 100V 170MA SOT23-3,Electrical Components,OTS,"Seattle, WA",Stock,FALSE,Qualitel,40272,0,0.0213,857.7936,0,0,Unrestricted,40272
09-11-2026,CM: Celestica MX,10-0029573MS,10-002957,MOSFET N-CH 100V 170MA SOT23-3,Electrical Components,OTS,Monterrey Prod,1000,FALSE,Celestica,-4,0,0.0268,-0.1072,0,0,Unrestricted,-4
09-11-2026,CM: Celestica MX,10-0029583MS,10-002958,MOSFET P-CH 100V 22A D2PAK,Electrical Components,OTS,Monterrey Prod,1000,FALSE,Celestica,-2,0,0.6453,-1.2906,0,0,Unrestricted,-2
09-11-2026,CM: Qualitel WA,814L-10-002958,10-002958,MOSFET P-CH 100V 22A D2PAK,Electrical Components,OTS,"Seattle, WA",Stock,FALSE,Qualitel,15228,0,0.585,8908.38,0,0,Unrestricted,15228
09-11-2026,CM: Sienna GA,C10-002958 REV-01,10-002958,MOSFET P-CH 100V 22A D2PAK,Electrical Components,OTS,ATLN,EXIN,TRUE,Lunar Energy,0,0,0,0,0,1,Unrestricted,0
09-11-2026,Lunar Netsuite,10-002983,10-002983,RES 150K OHM 1% 1/4W 1206,Electrical Components,OTS,Avnet,NS,FALSE,Lunar Energy,60000,0,0.0034,204,0,0,Unrestricted,60000
09-11-2026,Lunar Netsuite,10-002983,10-002983,RES 150K OHM 1% 1/4W 1206,Electrical Components,OTS,CCL (Computer Components Ltd),NS,FALSE,Lunar Energy,405000,0,0.0034,1377,0,0,Unrestricted,405000
09-11-2026,Lunar Netsuite,10-002983,10-002983,RES 150K OHM 1% 1/4W 1206,Electrical Components,OTS,Sienna Corporation - GA,NS,FALSE,Lunar Energy,10000,0,0.0034,34,0,0,Unrestricted,0
09-11-2026,CM: Sienna GA,C10-002983 REV-01,10-002983,RES 150K OHM 1% 1/4W 1206,Electrical Components,OTS,ATLN,WR84,TRUE,Lunar Energy,10000,0,0,0,0,1,Unrestricted,10000
09-11-2026,CM: Qualitel WA,814L-10-002984,10-002984,CONN HEADER SMD 3POS 2.5MM,Electrical Components,OTS,"Seattle, WA",Stock,FALSE,Qualitel,2935,0,0.687,2016.345,0,0,Unrestricted,2935
09-11-2026,CM: Sienna GA,10-002984 REV-1,10-002984,CONN HEADER SMD 3POS 2.5MM,Electrical Components,OTS,ATLN,MAIN,FALSE,Sienna Corporation,3900,0,0.784,3057.6,0,1,Unrestricted,3900
09-11-2026,CM: Sienna GA,10-002984 REV-1,10-002984,CONN HEADER SMD 3POS 2.5MM,Electrical Components,OTS,ATLN,LINE,FALSE,Sienna Corporation,691,0,0.784,541.744,0,1,Unrestricted,691
09-11-2026,Lunar Netsuite,10-002986,10-002986,"Fan,DC-DC,Jacketed Leads",Part,OTS,JIT - Reno,NS,FALSE,Lunar Energy,2520,0,6.65,16758,0,0,Unrestricted,2520
09-11-2026,CM: Sienna GA,10-003002 REV-09,10-003002,"Guide, Header Pins, PCBA, Bridge",Part,MTS,ATLN,LINE,FALSE,Sienna Corporation,4327,0,0.22,951.94,0,9,Unrestricted,4327
09-11-2026,CM: Sienna GA,10-003004 REV-03,10-003004,CT Busbar PTH mount,Part,OTS,ATLN,LPAC,FALSE,Sienna Corporation,566,0,3.1,1754.6,0,3,Unrestricted,566
09-11-2026,CM: Sienna GA,10-003004 REV-03,10-003004,CT Busbar PTH mount,Part,OTS,ATLN,RH23,FALSE,Sienna Corporation,2400,0,3.1,7440,0,3,Unrestricted,2400
09-11-2026,CM: Sienna GA,10-003004 REV-03,10-003004,CT Busbar PTH mount,Part,OTS,ATLN,LINE,FALSE,Sienna Corporation,2100,0,3.1,6510,0,3,Unrestricted,2100
09-11-2026,CM: Sienna GA,10-003004 REV-03,10-003004,CT Busbar PTH mount,Part,OTS,ATLN,RIQC,FALSE,Sienna Corporation,907,0,3.1,2811.7,0,3,Unrestricted,907
09-11-2026,CM: Qualitel WA,814L-10-003004,10-003004,CT Busbar PTH mount,Part,OTS,"Seattle, WA",Stock,FALSE,Qualitel,9358,0,2.8,26202.4,0,0,Unrestricted,9358
09-11-2026,CM: Sienna GA,10-003005 REV-01,10-003005,"Adhesive, Double-sided, Heat Sink, Maximizer",Part,MTS,ATLN,LINE,FALSE,Sienna Corporation,222,0,0,0,0,1,Unrestricted,222
09-11-2026,CM: Sienna GA,10-003009 REV-03,10-003009,"Adhesive, Tape, Insulator, Load Tray, Bridge",Part,MTS,ATLN,LINE,FALSE,Sienna Corporation,2865,0,0.067,191.955,0,3,Unrestricted,2865
09-11-2026,CM: Sienna GA,10-003009 REV-03,10-003009,"Adhesive, Tape, Insulator, Load Tray, Bridge",Part,MTS,ATLN,LPAC,FALSE,Sienna Corporation,3208,0,0.067,214.936,0,3,Unrestricted,3208
09-11-2026,Lunar Netsuite,10-003040,10-003040,CAP CER 0.1UF 50V X7R 0603,Electrical Components,OTS,CA - Ravendale,NS,FALSE,Lunar Energy,4000,0,0.0163,65.2,0,0,Unrestricted,4000
09-11-2026,CM: Sienna GA,10-003040 REV-01,10-003040,CAP CER 0.1UF 50V X7R 0603,Electrical Components,OTS,ATLN,LINE,FALSE,Sienna Corporation,24442,0,0.0069,168.6498,0,1,Unrestricted,24442
09-11-2026,CM: Qualitel WA,814L-10-003040,10-003040,CAP CER 0.1UF 50V X7R 0603,Electrical Components,OTS,"Seattle, WA",Stock,FALSE,Qualitel,80972,0,0.0018,145.7496,0,0,Unrestricted,80972
09-11-2026,Lunar Netsuite,10-003040,10-003040,CAP CER 0.1UF 50V X7R 0603,Electrical Components,OTS,JIT - Reno,NS,FALSE,Lunar Energy,36000,0,0.0158,568.8,0,0,Unrestricted,36000
09-11-2026,CM: Sienna GA,10-003040 REV-01,10-003040,CAP CER 0.1UF 50V X7R 0603,Electrical Components,OTS,ATLN,MAIN,FALSE,Sienna Corporation,175975,0,0.0069,1214.2275,0,1,Unrestricted,175975
09-11-2026,CM: Sienna GA,10-003041 REV-01,10-003041,RES SMD 100 OHM 0.1% 1/10W 0805,Electrical Components,OTS,ATLN,MAIN,FALSE,Sienna Corporation,38000,0,0.27,10260,0,1,Unrestricted,38000
09-11-2026,CM: Sienna GA,10-003041 REV-01,10-003041,RES SMD 100 OHM 0.1% 1/10W 0805,Electrical Components,OTS,ATLN,LINE,FALSE,Sienna Corporation,18250,0,0.27,4927.5,0,1,Unrestricted,18250
09-11-2026,CM: Qualitel WA,814L-10-003041,10-003041,RES SMD 100 OHM 0.1% 1/10W 0805,Electrical Components,OTS,"Seattle, WA",Stock,FALSE,Qualitel,71689,0,0.0675,4839.0075,0,0,Unrestricted,71689
09-11-2026,CM: Qualitel WA,814L-10-003055,10-003055,"Threadlocking Adhesive, Low Strength",Part,OTS,"Seattle, WA",Stock,FALSE,Qualitel,699,0,1.4605,1020.8895,0,0,Unrestricted,699
09-11-2026,CM: Qualitel WA,814L-10-08058A,10-003055,"Threadlocking Adhesive, Low Strength",Part,OTS,"Seattle, WA",Stock,FALSE,Qualitel,1.98,0,0,0,0,0,Unrestricted,1.98
09-11-2026,CM: Sienna GA,10-003056 REV-02,10-003056,Inductor 150uH 4A peak high voltage rated Custom,Electrical Components,OTS,ATLN,MAIN,FALSE,Sienna Corporation,400,0,2.85,1140,0,2,Unrestricted,400
09-11-2026,CM: Sienna GA,10-003056 REV-02,10-003056,Inductor 150uH 4A peak high voltage rated Custom,Electrical Components,OTS,ATLN,LINE,FALSE,Sienna Corporation,1768,0,2.85,5038.8,0,2,Unrestricted,1768
09-11-2026,CM: Sienna GA,10-003056 REV-02,10-003056,Inductor 150uH 4A peak high voltage rated Custom,Electrical Components,OTS,ATLN,RIQC,FALSE,Sienna Corporation,2240,0,2.85,6384,0,2,Unrestricted,2240
09-11-2026,Lunar Netsuite,10-003060,10-003060,CAP CER 100UF 6.3V X7S 1210,Electrical Components,OTS,CCL (Computer Components Ltd),NS,FALSE,Lunar Energy,20000,0,0.302,6040,0,0,Unrestricted,20000
09-11-2026,CM: Sienna GA,10-003063 REV-01,10-003063,RES SMD 64.9K OHM 1% 1/10W 0603 AEC-Q,Electrical Components,OTS,ATLN,MAIN,FALSE,Sienna Corporation,20000,0,0.005,100,0,1,Unrestricted,20000
09-11-2026,CM: Qualitel WA,814L-10-003063,10-003063,RES SMD 64.9K OHM 1% 1/10W 0603 AEC-Q,Electrical Components,OTS,"Seattle, WA",Stock,FALSE,Qualitel,27158,0,0.0034,92.3372,0,0,Unrestricted,27158
09-11-2026,Lunar Netsuite,10-003063,10-003063,RES SMD 64.9K OHM 1% 1/10W 0603 AEC-Q,Electrical Components,OTS,CCL (Computer Components Ltd),NS,FALSE,Lunar Energy,70000,0,0.0038,266,0,0,Unrestricted,70000
09-11-2026,CM: Sienna GA,10-003063 REV-01,10-003063,RES SMD 64.9K OHM 1% 1/10W 0603 AEC-Q,Electrical Components,OTS,ATLN,LINE,FALSE,Sienna Corporation,38211,0,0.005,191.055,0,1,Unrestricted,38211
09-11-2026,Lunar Netsuite,10-003064,10-003064,RES SMD 93.1K OHM 1% 1/10W 0603,Electrical Components,OTS,JIT - Reno,NS,FALSE,Lunar Energy,4900,0,0.0039,19.11,0,0,Unrestricted,4900
09-11-2026,CM: Sienna GA,10-003064 REV-01,10-003064,RES SMD 93.1K OHM 1% 1/10W 0603,Electrical Components,OTS,ATLN,MAIN,FALSE,Sienna Corporation,3838,0,0.0039,14.9682,0,1,Unrestricted,3838
09-11-2026,CM: Sienna GA,10-003068 REV-01,10-003068,"NUT, M5x0.8 6Hx5mm, NYLON INSERT, STEEL, 3um ZINC",Part,OTS,ATLN,RIQC,FALSE,Sienna Corporation,41766,0,0.059,2464.194,0,1,Unrestricted,41766
09-11-2026,CM: Sienna GA,10-003068 REV-01,10-003068,"NUT, M5x0.8 6Hx5mm, NYLON INSERT, STEEL, 3um ZINC",Part,OTS,ATLN,MAIN,FALSE,Sienna Corporation,9000,0,0.059,531,0,1,Unrestricted,9000
09-11-2026,CM: Sienna GA,10-003068 REV-01,10-003068,"NUT, M5x0.8 6Hx5mm, NYLON INSERT, STEEL, 3um ZINC",Part,OTS,ATLN,LINE,FALSE,Sienna Corporation,14213,0,0.059,838.567,0,1,Unrestricted,14213
09-11-2026,CM: Qualitel WA,814L-10-003072,10-003072,CAP CER 33NF 1000V C0G 2220 AEC-Q,Electrical Components,OTS,"Seattle, WA",Stock,FALSE,Qualitel,30629,0,1.56,47781.24,0,0,Unrestricted,30629
09-11-2026,CM: Sienna GA,10-003072 REV-01,10-003072,CAP CER 33NF 1000V C0G 2220 AEC-Q,Electrical Components,OTS,ATLN,MAIN,FALSE,Sienna Corporation,7490,0,2.23,16702.7,0,1,Unrestricted,7490
09-11-2026,CM: Sienna GA,10-003072 REV-01,10-003072,CAP CER 33NF 1000V C0G 2220 AEC-Q,Electrical Components,OTS,ATLN,LINE,FALSE,Sienna Corporation,5911,0,2.23,13181.53,0,1,Unrestricted,5911
09-11-2026,CM: Sienna GA,10-003072 REV-01,10-003072,CAP CER 33NF 1000V C0G 2220 AEC-Q,Electrical Components,OTS,ATLN,PAMS,FALSE,Sienna Corporation,10000,0,2.23,22300,0,1,Unrestricted,10000
09-11-2026,CM: Sienna GA,10-003078 REV-05,10-003078,"Wire Harness, Positive, PV Hub",Part,MTS,ATLN,RL23,FALSE,Sienna Corporation,1650,0,0.3,495,0,5,Unrestricted,1650
09-11-2026,CM: Sienna GA,10-003078 REV-05,10-003078,"Wire Harness, Positive, PV Hub",Part,MTS,ATLN,LINE,FALSE,Sienna Corporation,1018,0,0.3,305.4,0,5,Unrestricted,1018
09-11-2026,CM: Sienna GA,10-003079 REV-05,10-003079,"Wire Harness, Negative, PV Hub",Part,MTS,ATLN,RPB2,FALSE,Sienna Corporation,2225,0,0.3,667.5,0,5,Unrestricted,2225
09-11-2026,CM: Sienna GA,10-003079 REV-05,10-003079,"Wire Harness, Negative, PV Hub",Part,MTS,ATLN,LINE,FALSE,Sienna Corporation,117,0,0.3,35.1,0,5,Unrestricted,117
09-11-2026,CM: Sienna GA,10-003079 REV-05,10-003079,"Wire Harness, Negative, PV Hub",Part,MTS,ATLN,RIQC,FALSE,Sienna Corporation,1625,0,0.3,487.5,0,5,Unrestricted,1625
09-11-2026,Lunar Netsuite,10-003081,10-003081,Circuit Board Hardware - PCB 10u AU OVER NI,Electrical Components,OTS,JIT - Reno,NS,FALSE,Lunar Energy,15000,0,0.113,1695,0,0,Unrestricted,15000
09-11-2026,CM: Qualitel WA,814L-10-003096,10-003096,CAP CER 10UF 50V X7S 1210 AEC-Q,Electrical Components,OTS,"Seattle, WA",Stock,FALSE,Qualitel,13988,0,0.2253,3151.4964,0,0,Unrestricted,13988
09-11-2026,CM: Sienna GA,10-003096 REV-01,10-003096,CAP CER 10UF 50V X7S 1210 AEC-Q,Electrical Components,OTS,ATLN,LINE,FALSE,Sienna Corporation,2566,0,0.381,977.646,0,1,Unrestricted,2566
09-11-2026,CM: Sienna GA,10-003096 REV-01,10-003096,CAP CER 10UF 50V X7S 1210 AEC-Q,Electrical Components,OTS,ATLN,MAIN,FALSE,Sienna Corporation,17000,0,0.381,6477,0,1,Unrestricted,17000
09-11-2026,Lunar Netsuite,10-003096,10-003096,CAP CER 10UF 50V X7S 1210 AEC-Q,Electrical Components,OTS,JIT - Reno,NS,FALSE,Lunar Energy,1000,0,0.23,230,0,0,Unrestricted,0
09-11-2026,CM: Sienna GA,10-003097 REV-01,10-003097,DIODE ZENER 51V 5W DO214AA,Electrical Components,OTS,ATLN,LINE,FALSE,Sienna Corporation,2133,0,0.129,275.157,0,1,Unrestricted,2133
09-11-2026,CM: Qualitel WA,814L-10-003097,10-003097,DIODE ZENER 51V 5W DO214AA,Electrical Components,OTS,"Seattle, WA",Stock,FALSE,Qualitel,20748,0,0.0895,1856.946,0,0,Unrestricted,20748
09-11-2026,CM: Sienna GA,10-003097 REV-01,10-003097,DIODE ZENER 51V 5W DO214AA,Electrical Components,OTS,ATLN,RIQC,FALSE,Sienna Corporation,9000,0,0.129,1161,0,1,Unrestricted,9000
09-11-2026,CM: Sienna GA,10-003098 REV-1,10-003098,Power Transformers Flyback Transformer for LT8316,Electrical Components,OTS,ATLN,LINE,FALSE,Sienna Corporation,312,0,3.25,1014,0,1,Unrestricted,312
09-11-2026,CM: Sienna GA,10-003098 REV-1,10-003098,Power Transformers Flyback Transformer for LT8316,Electrical Components,OTS,ATLN,MAIN,FALSE,Sienna Corporation,139,0,3.25,451.75,0,1,Unrestricted,139
09-11-2026,Lunar Netsuite,10-003098,10-003098,Power Transformers Flyback Transformer for LT8316,Electrical Components,OTS,CA - Ravendale,NS,FALSE,Lunar Energy,20,0,0,0,0,0,Unrestricted,20
09-11-2026,CM: Sienna GA,10-003098 REV-1,10-003098,Power Transformers Flyback Transformer for LT8316,Electrical Components,OTS,ATLN,RIQC,FALSE,Sienna Corporation,2520,0,3.25,8190,0,1,Unrestricted,2520
09-11-2026,CM: Qualitel WA,814L-10-003098,10-003098,Power Transformers Flyback Transformer for LT8316,Electrical Components,OTS,"Seattle, WA",Stock,FALSE,Qualitel,3429,0,2.71,9292.59,0,0,Unrestricted,3429
09-11-2026,CM: Sienna GA,10-003099 REV-01,10-003099,CAP ALUM POLY 82UF 20% 50V SMD AEC-Q,Electrical Components,OTS,ATLN,PAMS,FALSE,Sienna Corporation,2000,0,0.27,540,0,1,Unrestricted,2000
09-11-2026,CM: Qualitel WA,814L-10-003099,10-003099,CAP ALUM POLY 82UF 20% 50V SMD AEC-Q,Electrical Components,OTS,"Seattle, WA",Stock,FALSE,Qualitel,17000,0,0.266,4522,0,0,Unrestricted,17000
09-11-2026,CM: Sienna GA,10-003099 REV-01,10-003099,CAP ALUM POLY 82UF 20% 50V SMD AEC-Q,Electrical Components,OTS,ATLN,MAIN,FALSE,Sienna Corporation,17769,0,0.27,4797.63,0,1,Unrestricted,17769
09-11-2026,CM: Sienna GA,10-003099 REV-01,10-003099,CAP ALUM POLY 82UF 20% 50V SMD AEC-Q,Electrical Components,OTS,ATLN,RIQC,FALSE,Sienna Corporation,1000,0,0.27,270,0,1,Unrestricted,1000
09-11-2026,CM: Sienna GA,10-003099 REV-01,10-003099,CAP ALUM POLY 82UF 20% 50V SMD AEC-Q,Electrical Components,OTS,ATLN,LINE,FALSE,Sienna Corporation,3384,0,0.27,913.68,0,1,Unrestricted,3384
09-11-2026,Lunar Netsuite,10-003099,10-003099,CAP ALUM POLY 82UF 20% 50V SMD AEC-Q,Electrical Components,OTS,JIT - Reno,NS,FALSE,Lunar Energy,5000,0,0.6647,3323.5,0,0,Unrestricted,0
09-11-2026,CM: Sienna GA,10-003100 REV-01,10-003100,RES 49.9K OHM 1% 1/10W 0603,Electrical Components,OTS,ATLN,MAIN,FALSE,Sienna Corporation,15000,0,0.0013,19.5,0,1,Unrestricted,15000
09-11-2026,CM: Qualitel WA,814L-10-003100,10-003100,RES 49.9K OHM 1% 1/10W 0603,Electrical Components,OTS,"Seattle, WA",Stock,FALSE,Qualitel,43407,0,0.0008,34.7256,0,0,Unrestricted,43407
09-11-2026,CM: Sienna GA,10-003100 REV-01,10-003100,RES 49.9K OHM 1% 1/10W 0603,Electrical Components,OTS,ATLN,LINE,FALSE,Sienna Corporation,26016,0,0.0013,33.8208,0,1,Unrestricted,26016
09-11-2026,Lunar Netsuite,10-003100,10-003100,RES 49.9K OHM 1% 1/10W 0603,Electrical Components,OTS,CA - Ravendale,NS,FALSE,Lunar Energy,10000,0,0.0018,18,0,0,Unrestricted,10000
09-11-2026,CM: Sienna GA,10-003113 REV-02,10-003113,"Screw,M3x0.5 6g x8mm,BHT T8,Flange,Steel,ZiNi BC,Nylon Patch",Part,OTS,ATLN,LINE,FALSE,Sienna Corporation,13290,0,0.0232,308.328,0,2,Unrestricted,13290
09-11-2026,CM: Sienna GA,10-003113 REV-02,10-003113,"Screw,M3x0.5 6g x8mm,BHT T8,Flange,Steel,ZiNi BC,Nylon Patch",Part,OTS,ATLN,WHS2,FALSE,Sienna Corporation,14,0,0.0232,0.3248,0,2,Unrestricted,14
09-11-2026,Lunar Netsuite,10-003113,10-003113,"Screw,M3x0.5 6g x8mm,BHT T8,Flange,Steel,ZiNi BC,Nylon Patch",Part,OTS,CA - Ravendale,NS,FALSE,Lunar Energy,250,0,0.026,6.5,0,0,Unrestricted,250
09-11-2026,CM: Sienna GA,10-003113 REV-02,10-003113,"Screw,M3x0.5 6g x8mm,BHT T8,Flange,Steel,ZiNi BC,Nylon Patch",Part,OTS,ATLN,RP62,FALSE,Sienna Corporation,212540,0,0.0232,4930.928,0,2,Unrestricted,212540
09-11-2026,CM: Sienna GA,10-003122 REV-04,10-003122,"Light Pipe Trio, Plastic, 3mm tip",Part,MTS,ATLN,RQ62,FALSE,Sienna Corporation,568,0,3.7,2101.6,0,4,Unrestricted,568
09-11-2026,CM: Sienna GA,10-003122 REV-04,10-003122,"Light Pipe Trio, Plastic, 3mm tip",Part,MTS,ATLN,LINE,FALSE,Sienna Corporation,230,0,3.7,851,0,4,Unrestricted,230
09-11-2026,CM: Sienna GA,10-003122 REV-04,10-003122,"Light Pipe Trio, Plastic, 3mm tip",Part,MTS,ATLN,RIQC,FALSE,Sienna Corporation,2928,0,3.7,10833.6,0,4,Unrestricted,2928
09-11-2026,CM: Sienna GA,10-003124 REV-06,10-003124,"Light Pipe Trio, Molded",Part,MTS,ATLN,LINE,FALSE,Sienna Corporation,447,0,11.68,5220.96,0,6,Unrestricted,447
09-11-2026,CM: Sienna GA,10-003124 REV-06,10-003124,"Light Pipe Trio, Molded",Part,MTS,ATLN,MRB,FALSE,Sienna Corporation,0,67,11.68,0,782.56,6,Restricted,0
09-11-2026,CM: Sienna GA,10-003133 REV-01,10-003133,"Overmolding Gasket, Antenna Pass Thru",Part,MTS,ATLN,LINE,FALSE,Sienna Corporation,6581,0,0.5,3290.5,0,1,Unrestricted,6581
09-11-2026,CM: Sienna GA,10-003160 REV-1,10-003160,"XMFR CUSTOM T/H 12PIN 30.7 X 30,0 X 24.6MM",Electrical Components,OTS,ATLN,LINE,FALSE,Sienna Corporation,336,0,2.9,974.4,0,1,Unrestricted,336
09-11-2026,CM: Qualitel WA,814L-10-003160,10-003160,"XMFR CUSTOM T/H 12PIN 30.7 X 30,0 X 24.6MM",Electrical Components,OTS,"Seattle, WA",Stock,FALSE,Qualitel,3830,0,2.9,11107,0,0,Unrestricted,3830
09-11-2026,CM: Sienna GA,10-003160 REV-1,10-003160,"XMFR CUSTOM T/H 12PIN 30.7 X 30,0 X 24.6MM",Electrical Components,OTS,ATLN,RK23,FALSE,Sienna Corporation,1344,0,2.9,3897.6,0,1,Unrestricted,1344
09-11-2026,CM: Sienna GA,10-003160 REV-1,10-003160,"XMFR CUSTOM T/H 12PIN 30.7 X 30,0 X 24.6MM",Electrical Components,OTS,ATLN,RIQC,FALSE,Sienna Corporation,1176,0,2.9,3410.4,0,1,Unrestricted,1176
09-11-2026,CM: Sienna GA,10-003160 REV-1,10-003160,"XMFR CUSTOM T/H 12PIN 30.7 X 30,0 X 24.6MM",Electrical Components,OTS,ATLN,MAIN,FALSE,Sienna Corporation,768,0,2.9,2227.2,0,1,Unrestricted,768
09-11-2026,CM: Sienna GA,10-003171 REV-01,10-003171,IC TRNSLTR UNIDIRECTIONAL SC88A,Electrical Components,OTS,ATLN,LINE,FALSE,Sienna Corporation,2697,0,0.424,1143.528,0,1,Unrestricted,2697
09-11-2026,CM: Qualitel WA,814L-10-003186,10-003186,RES 11K OHM 1% 1/16W 0402 AEC-Q,Electrical Components,OTS,"Seattle, WA",Stock,FALSE,Qualitel,8747,0,0.0016,13.9952,0,0,Unrestricted,8747
09-11-2026,Lunar Netsuite,10-003186,10-003186,RES 11K OHM 1% 1/16W 0402 AEC-Q,Electrical Components,OTS,JIT - Reno,NS,FALSE,Lunar Energy,1000,0,0.0118,11.8,0,0,Unrestricted,1000
09-11-2026,CM: Sienna GA,10-003186 REV-01,10-003186,RES 11K OHM 1% 1/16W 0402 AEC-Q,Electrical Components,OTS,ATLN,LINE,FALSE,Sienna Corporation,4783,0,0.1,478.3,0,1,Unrestricted,4783
09-11-2026,CM: Sienna GA,10-003188 REV-01,10-003188,RES 0.5 OHM 1% 2W 2512 AEC-Q,Electrical Components,OTS,ATLN,MAIN,FALSE,Sienna Corporation,4000,0,0.152,608,0,1,Unrestricted,4000
09-11-2026,CM: Sienna GA,10-003188 REV-01,10-003188,RES 0.5 OHM 1% 2W 2512 AEC-Q,Electrical Components,OTS,ATLN,LINE,FALSE,Sienna Corporation,6707,0,0.152,1019.464,0,1,Unrestricted,6707
09-11-2026,CM: Qualitel WA,814L-10-003188,10-003188,RES 0.5 OHM 1% 2W 2512 AEC-Q,Electrical Components,OTS,"Seattle, WA",Stock,FALSE,Qualitel,6728,0,0.123,827.544,0,0,Unrestricted,6728
09-11-2026,CM: Sienna GA,10-003189 REV-01,10-003189,RES 200K OHM 5% 1/2W 1210 AEC-Q,Electrical Components,OTS,ATLN,LINE,FALSE,Sienna Corporation,9045,0,0.0167,151.0515,0,1,Unrestricted,9045
09-11-2026,CM: Qualitel WA,814L-10-003189,10-003189,RES 200K OHM 5% 1/2W 1210 AEC-Q,Electrical Components,OTS,"Seattle, WA",Stock,FALSE,Qualitel,13751,0,0.0129,177.3879,0,0,Unrestricted,13751
09-11-2026,CM: Sienna GA,10-003189 REV-01,10-003189,RES 200K OHM 5% 1/2W 1210 AEC-Q,Electrical Components,OTS,ATLN,MAIN,FALSE,Sienna Corporation,5000,0,0.0167,83.5,0,1,Unrestricted,5000
09-11-2026,Lunar Netsuite,10-003215,10-003215,FERRITE BEAD 1 KOHM 0402 1LN,Electrical Components,OTS,JIT - Reno,NS,FALSE,Lunar Energy,1050,0,0.025,26.25,0,0,Unrestricted,1050
09-11-2026,Lunar Netsuite,10-003226,10-003226,CAP CER 10UF 10V X5R 0402,Electrical Components,OTS,JIT - Reno,NS,FALSE,Lunar Energy,3150,0,0.092,289.8,0,0,Unrestricted,3150
09-11-2026,Lunar Netsuite,10-003232,10-003232,CAP CER 22UF 10V X7R 1206,Electrical Components,OTS,JIT - Reno,NS,FALSE,Lunar Energy,2100,0,0.291,611.1,0,0,Unrestricted,2100
09-11-2026,CM: Qualitel WA,814L-10-003248,10-003248,RES 2K OHM 1% 1/10W 0402 AEC-Q,Electrical Components,OTS,"Seattle, WA",MRB,FALSE,Qualitel,0,10000,0.0028,0,28,0,Restricted,0
09-11-2026,CM: Qualitel WA,814L-10-003248,10-003248,RES 2K OHM 1% 1/10W 0402 AEC-Q,Electrical Components,OTS,"Seattle, WA",Stock,FALSE,Qualitel,-5423,0,0.0028,-15.1844,0,0,Unrestricted,-5423
09-11-2026,CM: Qualitel WA,814L-10-003248,10-003248,RES 2K OHM 1% 1/10W 0402 AEC-Q,Electrical Components,OTS,"Seattle, WA",PO Inspection,FALSE,Qualitel,0,10000,0.0028,0,28,0,Restricted,0
09-11-2026,CM: Sienna GA,10-003248 REV-01,10-003248,RES 2K OHM 1% 1/10W 0402 AEC-Q,Electrical Components,OTS,ATLN,LINE,FALSE,Sienna Corporation,17617,0,0.003,52.851,0,1,Unrestricted,17617
09-11-2026,CM: Sienna GA,10-003252 REV-01,10-003252,RES SMD 6.2K OHM 1% 1/10W 0402 AEC-Q,Electrical Components,OTS,ATLN,LINE,FALSE,Sienna Corporation,50273,0,0.0034,170.9282,0,1,Unrestricted,50273
09-11-2026,CM: Qualitel WA,814L-10-003252,10-003252,RES SMD 6.2K OHM 1% 1/10W 0402 AEC-Q,Electrical Components,OTS,"Seattle, WA",Stock,FALSE,Qualitel,8745,0,0.0025,21.8625,0,0,Unrestricted,8745
09-11-2026,CM: Qualitel WA,814L-10-003269,10-003269,CAP CER 0.1UF 50V X7R 0402,Electrical Components,OTS,"Seattle, WA",Stock,FALSE,Qualitel,101560,0,0.0017,172.652,0,0,Unrestricted,101560
09-11-2026,Lunar Netsuite,10-003269,10-003269,CAP CER 0.1UF 50V X7R 0402,Electrical Components,OTS,CA - Ravendale,NS,FALSE,Lunar Energy,161900,0,0.005,809.5,0,0,Unrestricted,161900
09-11-2026,Lunar Netsuite,10-003274,10-003274,CAP CER 10UF 100V X7S 10% 1210,Electrical Components,OTS,CA - Ravendale,NS,FALSE,Lunar Energy,30368,0,0.3219,9775.4592,0,0,Unrestricted,30368
09-11-2026,CM: Qualitel WA,814L-10-003274,10-003274,CAP CER 10UF 100V X7S 10% 1210,Electrical Components,OTS,"Seattle, WA",Stock,FALSE,Qualitel,59260,0,0.177,10489.02,0,0,Unrestricted,59260
09-11-2026,Lunar Netsuite,10-003274,10-003274,CAP CER 10UF 100V X7S 10% 1210,Electrical Components,OTS,JIT - Reno,NS,FALSE,Lunar Energy,1264,0,0.5036,636.5504,0,0,Unrestricted,1264
09-11-2026,CM: Celestica MX,10-0032743MS,10-003274,CAP CER 10UF 100V X7S 10% 1210,Electrical Components,OTS,Monterrey Prod,1000,FALSE,Celestica,730,0,0.216,157.68,0,0,Unrestricted,730
09-11-2026,Lunar Netsuite,10-003303,10-003303,RES 2.2K OHM 1% 1/16W 0402,Electrical Components,OTS,CA - Ravendale,NS,FALSE,Lunar Energy,10000,0,0.0009,9,0,0,Unrestricted,10000
09-11-2026,Lunar Netsuite,10-003307,10-003307,RES SMD 49.9K OHM 1% 1/16W 0402,Electrical Components,OTS,JIT - Reno,NS,FALSE,Lunar Energy,1000,0,0.0104,10.4,0,0,Unrestricted,1000
09-11-2026,Lunar Netsuite,10-003335,10-003335,CAP CER 2200PF 50V X7R 0402,Electrical Components,OTS,CA - Ravendale,NS,FALSE,Lunar Energy,50000,0,0.0022,110,0,0,Unrestricted,50000
09-11-2026,CM: Qualitel WA,814L-10-003350,10-003350,DIODE SCHOTTKY 200V 5A SMC,Electrical Components,OTS,"Seattle, WA",Stock,FALSE,Qualitel,10505,0,0.075,787.875,0,0,Unrestricted,10505
09-11-2026,CM: Sienna GA,10-003350 REV-01,10-003350,DIODE SCHOTTKY 200V 5A SMC,Electrical Components,OTS,ATLN,LINE,FALSE,Sienna Corporation,3443,0,0.14,482.02,0,1,Unrestricted,3443
09-11-2026,CM: Sienna GA,10-003350 REV-01,10-003350,DIODE SCHOTTKY 200V 5A SMC,Electrical Components,OTS,ATLN,MAIN,FALSE,Sienna Corporation,12098,0,0.14,1693.72,0,1,Unrestricted,12098
09-11-2026,CM: Sienna GA,10-003357 REV-01,10-003357,XFMR CUSTOM SMD 12PIN 31.00 X 32.70 X 15.50MM MAX,Electrical Components,OTS,ATLN,MAIN,FALSE,Sienna Corporation,1649,0,3.05,5029.45,0,1,Unrestricted,1649
09-11-2026,CM: Sienna GA,C10-003358 REV-01,10-003358,CAP FILM 0.22UF 10% 1KVDC RADIAL,Electrical Components,OTS,ATLN,WU36,TRUE,Lunar Energy,1620,0,0,0,0,1,Unrestricted,1620
09-11-2026,Lunar Netsuite,10-003358,10-003358,CAP FILM 0.22UF 10% 1KVDC RADIAL,Electrical Components,OTS,Sienna Corporation - GA,NS,FALSE,Lunar Energy,1620,0,0.9563,1549.206,0,0,Unrestricted,0
09-11-2026,Lunar Netsuite,10-003358,10-003358,CAP FILM 0.22UF 10% 1KVDC RADIAL,Electrical Components,OTS,CCL (Computer Components Ltd),NS,FALSE,Lunar Energy,11000,0,0.9568,10524.8,0,0,Unrestricted,11000
09-11-2026,CM: Qualitel WA,814L-10-003360,10-003360,RES SMD 100K OHM 1% 1/2W 1206 AEC-Q,Electrical Components,OTS,"Seattle, WA",Stock,FALSE,Qualitel,10012,0,0.014,140.168,0,0,Unrestricted,10012
09-11-2026,Lunar Netsuite,10-003360,10-003360,RES SMD 100K OHM 1% 1/2W 1206 AEC-Q,Electrical Components,OTS,NexGen Digital Inc,NS,FALSE,Lunar Energy,5000,0,0.016,80,0,0,Unrestricted,5000
09-11-2026,Lunar Netsuite,10-003360,10-003360,RES SMD 100K OHM 1% 1/2W 1206 AEC-Q,Electrical Components,OTS,JIT - Reno,NS,FALSE,Lunar Energy,25000,0,0.016,400,0,0,Unrestricted,25000
09-11-2026,CM: Sienna GA,10-003360 REV-01,10-003360,RES SMD 100K OHM 1% 1/2W 1206 AEC-Q,Electrical Components,OTS,ATLN,LINE,FALSE,Sienna Corporation,15420,0,0.0128,197.376,0,1,Unrestricted,15420
09-11-2026,CM: Sienna GA,10-003360 REV-01,10-003360,RES SMD 100K OHM 1% 1/2W 1206 AEC-Q,Electrical Components,OTS,ATLN,MAIN,FALSE,Sienna Corporation,10000,0,0.0128,128,0,1,Unrestricted,10000
09-11-2026,CM: Qualitel WA,814L-10-003361,10-003361,IC PWR DRIVER N-CHAN 1:2 10TDFN,Electrical Components,OTS,"Seattle, WA",Stock,FALSE,Qualitel,14976,0,1.135,16997.76,0,0,Unrestricted,14976
09-11-2026,Lunar Netsuite,10-003361,10-003361,IC PWR DRIVER N-CHAN 1:2 10TDFN,Electrical Components,OTS,JIT - Reno,NS,FALSE,Lunar Energy,2120,0,7.6569,16232.628,0,0,Unrestricted,2120
09-11-2026,CM: Sienna GA,10-003361 REV-1,10-003361,IC PWR DRIVER N-CHAN 1:2 10TDFN,Electrical Components,OTS,ATLN,PAMS,FALSE,Sienna Corporation,2500,0,0.64,1600,0,1,Unrestricted,2500
09-11-2026,CM: Sienna GA,10-003361 REV-1,10-003361,IC PWR DRIVER N-CHAN 1:2 10TDFN,Electrical Components,OTS,ATLN,MAIN,FALSE,Sienna Corporation,7500,0,0.64,4800,0,1,Unrestricted,7500
09-11-2026,CM: Sienna GA,10-003361 REV-1,10-003361,IC PWR DRIVER N-CHAN 1:2 10TDFN,Electrical Components,OTS,ATLN,LINE,FALSE,Sienna Corporation,2854,0,0.64,1826.56,0,1,Unrestricted,2854
09-11-2026,Lunar Netsuite,10-003362,10-003362,DIODE SCHOTTKY 30V 3A MFLAT,Electrical Components,OTS,JIT - Reno,NS,FALSE,Lunar Energy,1000,0,0.294,294,0,0,Unrestricted,1000
09-11-2026,CM: Sienna GA,10-003366 REV-01,10-003366,RES 0.03 OHM 1% 1/2W 1206,Electrical Components,OTS,ATLN,LINE,FALSE,Sienna Corporation,1065,0,0.109,116.085,0,1,Unrestricted,1065
09-11-2026,CM: Sienna GA,10-003366 REV-01,10-003366,RES 0.03 OHM 1% 1/2W 1206,Electrical Components,OTS,ATLN,MAIN,FALSE,Sienna Corporation,7000,0,0.109,763,0,1,Unrestricted,7000
09-11-2026,CM: Qualitel WA,814L-10-003366,10-003366,RES 0.03 OHM 1% 1/2W 1206,Electrical Components,OTS,"Seattle, WA",Stock,FALSE,Qualitel,5744,0,0.058,333.152,0,0,Unrestricted,5744
09-11-2026,CM: Qualitel WA,815L-10-003368,10-003368,"Thermal Bridge, GaN, DCDC",Part,MTS,"Seattle, WA",Stock,TRUE,Lunar Energy,22,0,0,0,0,0,Unrestricted,22
09-11-2026,Lunar Netsuite,10-003368,10-003368,"Thermal Bridge, GaN, DCDC",Part,MTS,CA - Ravendale,NS,FALSE,Lunar Energy,825,0,0,0,0,0,Unrestricted,825
09-11-2026,Lunar Netsuite,10-003368,10-003368,"Thermal Bridge, GaN, DCDC",Part,MTS,JIT - Reno,NS,FALSE,Lunar Energy,20000,0,0.18,3600,0,0,Unrestricted,20000
09-11-2026,Lunar Netsuite,10-003371,10-003371,NANO-FIT HDR SMT VT DLR 4CKT 15A,Electrical Components,OTS,CCL (Computer Components Ltd),NS,FALSE,Lunar Energy,300,0,2.43,729,0,0,Unrestricted,300
09-11-2026,CM: Sienna GA,10-003373 REV-1,10-003373,CONN HEADER SMD 12POS 2.5MM,Electrical Components,OTS,ATLN,LINE,FALSE,Sienna Corporation,589,0,1.35,795.15,0,1,Unrestricted,589
09-11-2026,CM: Sienna GA,10-003373 REV-1,10-003373,CONN HEADER SMD 12POS 2.5MM,Electrical Components,OTS,ATLN,RIQC,FALSE,Sienna Corporation,1200,0,1.35,1620,0,1,Unrestricted,1200
09-11-2026,CM: Qualitel WA,814L-10-003373,10-003373,CONN HEADER SMD 12POS 2.5MM,Electrical Components,OTS,"Seattle, WA",Stock,FALSE,Qualitel,1749,0,1.4091,2464.5159,0,0,Unrestricted,1749
09-11-2026,CM: Sienna GA,10-003373 REV-1,10-003373,CONN HEADER SMD 12POS 2.5MM,Electrical Components,OTS,ATLN,MAIN,FALSE,Sienna Corporation,2700,0,1.35,3645,0,1,Unrestricted,2700
09-11-2026,CM: Sienna GA,10-003374 REV-01,10-003374,CONN HEADER SMD 14POS 2.5MM,Electrical Components,OTS,ATLN,MAIN,FALSE,Sienna Corporation,900,0,1.433,1289.7,0,1,Unrestricted,900
09-11-2026,Lunar Netsuite,10-003374,10-003374,CONN HEADER SMD 14POS 2.5MM,Electrical Components,OTS,CA - Ravendale,NS,FALSE,Lunar Energy,875,0,2.003,1752.625,0,0,Unrestricted,875
09-11-2026,CM: Qualitel WA,814L-10-003374,10-003374,CONN HEADER SMD 14POS 2.5MM,Electrical Components,OTS,"Seattle, WA",Stock,FALSE,Qualitel,3249,0,1.4187,4609.3563,0,0,Unrestricted,3249
09-11-2026,CM: Sienna GA,10-003374 REV-01,10-003374,CONN HEADER SMD 14POS 2.5MM,Electrical Components,OTS,ATLN,LINE,FALSE,Sienna Corporation,580,0,1.433,831.14,0,1,Unrestricted,580
09-11-2026,Lunar Netsuite,10-003374,10-003374,CONN HEADER SMD 14POS 2.5MM,Electrical Components,OTS,JIT - Reno,NS,FALSE,Lunar Energy,155,0,3.6972,573.066,0,0,Unrestricted,155
09-11-2026,CM: Sienna GA,10-003374 REV-01,10-003374,CONN HEADER SMD 14POS 2.5MM,Electrical Components,OTS,ATLN,RIQC,FALSE,Sienna Corporation,2400,0,1.433,3439.2,0,1,Unrestricted,2400
09-11-2026,CM: Sienna GA,10-003375 REV-1,10-003375,CONN HEADER SMD 8POS 2.5MM,Electrical Components,OTS,ATLN,LINE,FALSE,Sienna Corporation,440,0,1.059,465.96,0,1,Unrestricted,440
09-11-2026,CM: Qualitel WA,814L-10-003375,10-003375,CONN HEADER SMD 8POS 2.5MM,Electrical Components,OTS,"Seattle, WA",Stock,FALSE,Qualitel,1750,0,1.4149,2476.075,0,0,Unrestricted,1750
09-11-2026,CM: Sienna GA,10-003375 REV-1,10-003375,CONN HEADER SMD 8POS 2.5MM,Electrical Components,OTS,ATLN,RIQC,FALSE,Sienna Corporation,2700,0,1.059,2859.3,0,1,Unrestricted,2700
09-11-2026,CM: Sienna GA,10-003375 REV-1,10-003375,CONN HEADER SMD 8POS 2.5MM,Electrical Components,OTS,ATLN,MAIN,FALSE,Sienna Corporation,1500,0,1.059,1588.5,0,1,Unrestricted,1500
09-11-2026,CM: Qualitel WA,814L-10-003379,10-003379,IC LATCH R-S QUAD P/N 16-SOIC,Electrical Components,OTS,"Seattle, WA",Stock,FALSE,Qualitel,6779,0,0.132,894.828,0,0,Unrestricted,6779
09-11-2026,CM: Sienna GA,10-003379 REV-01,10-003379,IC LATCH R-S QUAD P/N 16-SOIC,Electrical Components,OTS,ATLN,MAIN,FALSE,Sienna Corporation,2500,0,0.206,515,0,1,Unrestricted,2500
09-11-2026,CM: Sienna GA,10-003379 REV-01,10-003379,IC LATCH R-S QUAD P/N 16-SOIC,Electrical Components,OTS,ATLN,LINE,FALSE,Sienna Corporation,2201,0,0.206,453.406,0,1,Unrestricted,2201
09-11-2026,CM: Sienna GA,10-003381 REV-01,10-003381,IC BUFFER NON-INVERT 5.5V USV AEC-Q,Electrical Components,OTS,ATLN,MAIN,FALSE,Sienna Corporation,1749,0,0.0307,53.6943,0,1,Unrestricted,1749
09-11-2026,Lunar Netsuite,10-003381,10-003381,IC BUFFER NON-INVERT 5.5V USV AEC-Q,Electrical Components,OTS,JIT - Reno,NS,FALSE,Lunar Energy,5830,0,0.0425,247.775,0,0,Unrestricted,5830
09-11-2026,CM: Sienna GA,10-003406 REV-1,10-003406,CAP CER 0.5UF 700V SMD AEC-Q,Electrical Components,OTS,ATLN,LINE,FALSE,Sienna Corporation,302,0,2.24,676.48,0,1,Unrestricted,302
09-11-2026,CM: Sienna GA,10-003406 REV-1,10-003406,CAP CER 0.5UF 700V SMD AEC-Q,Electrical Components,OTS,ATLN,MAIN,FALSE,Sienna Corporation,7000,0,2.24,15680,0,1,Unrestricted,7000
09-11-2026,CM: Sienna GA,10-003414 REV-1,10-003414,NOISE SUPPRESSION FILTER FOR POW AEC-Q,Electrical Components,OTS,ATLN,LINE,FALSE,Sienna Corporation,7065,0,0.0847,598.4055,0,1,Unrestricted,7065
09-11-2026,CM: Qualitel WA,814L-10-003414,10-003414,NOISE SUPPRESSION FILTER FOR POW AEC-Q,Electrical Components,OTS,"Seattle, WA",Stock,FALSE,Qualitel,27604,0,0.0932,2572.6928,0,0,Unrestricted,27604
09-11-2026,CM: Sienna GA,10-003414 REV-1,10-003414,NOISE SUPPRESSION FILTER FOR POW AEC-Q,Electrical Components,OTS,ATLN,RIQC,FALSE,Sienna Corporation,15000,0,0.0847,1270.5,0,1,Unrestricted,15000
09-11-2026,Lunar Netsuite,10-003415,10-003415,MOSFET N-CH 55V 5A SOT223,Electrical Components,OTS,JIT - Reno,NS,FALSE,Lunar Energy,2500,0,0.4285,1071.25,0,0,Unrestricted,2500
09-11-2026,CM: Sienna GA,10-003415 REV-01,10-003415,MOSFET N-CH 55V 5A SOT223,Electrical Components,OTS,ATLN,MAIN,FALSE,Sienna Corporation,2500,0,0.217,542.5,0,1,Unrestricted,2500
09-11-2026,CM: Sienna GA,10-003415 REV-01,10-003415,MOSFET N-CH 55V 5A SOT223,Electrical Components,OTS,ATLN,LINE,FALSE,Sienna Corporation,200,0,0.217,43.4,0,1,Unrestricted,200
09-11-2026,Lunar Netsuite,10-003418,10-003418,RES SMD 20 OHM 5% 1/2W 0805,Electrical Components,OTS,JIT - Reno,NS,FALSE,Lunar Energy,1000,0,0.026,26,0,0,Unrestricted,1000
09-11-2026,CM: Sienna GA,10-003431 REV-01,10-003431,HIGH ANTI-SURGE THICK FILM CHIP AEC-Q,Electrical Components,OTS,ATLN,MAIN,FALSE,Sienna Corporation,172966,0,0.0088,1522.1008,0,1,Unrestricted,172966
09-11-2026,CM: Sienna GA,10-003431 REV-01,10-003431,HIGH ANTI-SURGE THICK FILM CHIP AEC-Q,Electrical Components,OTS,ATLN,LINE,FALSE,Sienna Corporation,54797,0,0.0088,482.2136,0,1,Unrestricted,54797
09-11-2026,CM: Qualitel WA,814L-10-003432,10-003432,RES SMD 15 OHM 5% 0.3W 0603 AEC-Q,Electrical Components,OTS,"Seattle, WA",Stock,FALSE,Qualitel,12502,0,0.008,100.016,0,0,Unrestricted,12502
09-11-2026,CM: Sienna GA,10-003432 REV-01,10-003432,RES SMD 15 OHM 5% 0.3W 0603 AEC-Q,Electrical Components,OTS,ATLN,LINE,FALSE,Sienna Corporation,45205,0,0.0055,248.6275,0,1,Unrestricted,45205
09-11-2026,CM: Sienna GA,10-003432 REV-01,10-003432,RES SMD 15 OHM 5% 0.3W 0603 AEC-Q,Electrical Components,OTS,ATLN,RIQC,FALSE,Sienna Corporation,15000,0,0.0055,82.5,0,1,Unrestricted,15000
09-11-2026,CM: Sienna GA,10-003432 REV-01,10-003432,RES SMD 15 OHM 5% 0.3W 0603 AEC-Q,Electrical Components,OTS,ATLN,MAIN,FALSE,Sienna Corporation,150000,0,0.0055,825,0,1,Unrestricted,150000
09-11-2026,Lunar Netsuite,10-003433,10-003433,"CAP CER 4700PF 250VAC X7R SAFETY X1, Y2 2220",Electrical Components,OTS,CA - Ravendale,NS,FALSE,Lunar Energy,5000,0,0.29,1450,0,0,Unrestricted,5000
09-11-2026,CM: Sienna GA,10-003433 REV-01,10-003433,"CAP CER 4700PF 250VAC X7R SAFETY X1, Y2 2220",Electrical Components,OTS,ATLN,LPAC,FALSE,Sienna Corporation,4591,0,0.198,909.018,0,1,Unrestricted,4591
09-11-2026,CM: Sienna GA,10-003433 REV-01,10-003433,"CAP CER 4700PF 250VAC X7R SAFETY X1, Y2 2220",Electrical Components,OTS,ATLN,RIQC,FALSE,Sienna Corporation,17409,0,0.198,3446.982,0,1,Unrestricted,17409
09-11-2026,CM: Sienna GA,10-003433 REV-01,10-003433,"CAP CER 4700PF 250VAC X7R SAFETY X1, Y2 2220",Electrical Components,OTS,ATLN,MAIN,FALSE,Sienna Corporation,195000,0,0.198,38610,0,1,Unrestricted,195000
09-11-2026,CM: Qualitel WA,814L-10-003433,10-003433,"CAP CER 4700PF 250VAC X7R SAFETY X1, Y2 2220",Electrical Components,OTS,"Seattle, WA",Stock,FALSE,Qualitel,55320,0,0.213,11783.16,0,0,Unrestricted,55320
09-11-2026,CM: Sienna GA,10-003433 REV-01,10-003433,"CAP CER 4700PF 250VAC X7R SAFETY X1, Y2 2220",Electrical Components,OTS,ATLN,LINE,FALSE,Sienna Corporation,89545,0,0.198,17729.91,0,1,Unrestricted,89545
09-11-2026,CM: Sienna GA,10-003437 REV-01,10-003437,"Adhesive/Sealant, RTV Silicone",Part,OTS,ATLN,RIQC,FALSE,Sienna Corporation,1200,0,0.43,516,0,1,Unrestricted,1200
09-11-2026,CM: Sienna GA,10-003437 REV-01,10-003437,"Adhesive/Sealant, RTV Silicone",Part,OTS,ATLN,MAIN,FALSE,Sienna Corporation,10,0,0.43,4.3,0,1,Unrestricted,10
09-11-2026,CM: Sienna GA,10-003437 REV-01,10-003437,"Adhesive/Sealant, RTV Silicone",Part,OTS,ATLN,LINE,FALSE,Sienna Corporation,1596.439941,0,0.43,686.4691748,0,1,Unrestricted,1596.439941
09-11-2026,CM: Sienna GA,10-003437 REV-01,10-003437,"Adhesive/Sealant, RTV Silicone",Part,OTS,ATLN,RIQC,FALSE,Sienna Corporation,149.0099945,0,0.43,64.07429764,0,1,Unrestricted,149.0099945
09-11-2026,CM: Sienna GA,10-003437 REV-01,10-003437,"Adhesive/Sealant, RTV Silicone",Part,OTS,ATLN,RIQC,FALSE,Sienna Corporation,3050,0,0.43,1311.5,0,1,Unrestricted,3050
09-11-2026,Lunar Netsuite,10-003440,10-003440,RES SMD 2M OHM 1% 1/4W 1206,Electrical Components,OTS,NexGen Digital Inc,NS,FALSE,Lunar Energy,750000,0,0.0135,10125,0,0,Unrestricted,750000
09-11-2026,CM: Qualitel WA,814L-10-003458,10-003458,MOSFET P-CH 100V 6.6A DPAK,Electrical Components,OTS,"Seattle, WA",Stock,FALSE,Qualitel,18050,0,0.295,5324.75,0,0,Unrestricted,18050
09-11-2026,CM: Celestica MX,10-0034583MS,10-003458,MOSFET P-CH 100V 6.6A DPAK,Electrical Components,OTS,Monterrey Prod,1000,FALSE,Celestica,-2,0,0.225,-0.45,0,0,Unrestricted,-2
09-11-2026,CM: Sienna GA,10-003464 REV-01,10-003464,"Screw, 1/4-28 x 3/8in, Steel, Zinc-Plated",Part,OTS,ATLN,PAWH,FALSE,Sienna Corporation,5000,0,0.085,425,0,1,Unrestricted,5000
09-11-2026,Lunar Netsuite,10-003464,10-003464,"Screw, 1/4-28 x 3/8in, Steel, Zinc-Plated",Part,OTS,JIT - Reno,NS,FALSE,Lunar Energy,300000,0,0.085,25500,0,0,Unrestricted,300000
09-11-2026,Lunar Netsuite,10-003464,10-003464,"Screw, 1/4-28 x 3/8in, Steel, Zinc-Plated",Part,OTS,Sienna Corporation - GA,NS,FALSE,Lunar Energy,28214,0,0.09,2539.26,0,0,Unrestricted,0
09-11-2026,CM: Sienna GA,C10-003464 REV-01,10-003464,"Screw, 1/4-28 x 3/8in, Steel, Zinc-Plated",Part,OTS,ATLN,WS92,TRUE,Lunar Energy,28214,0,0,0,0,1,Unrestricted,28214
09-11-2026,CM: Sienna GA,10-003464 REV-01,10-003464,"Screw, 1/4-28 x 3/8in, Steel, Zinc-Plated",Part,OTS,ATLN,LINE,FALSE,Sienna Corporation,885,0,0.085,75.225,0,1,Unrestricted,885
09-11-2026,Lunar Netsuite,10-003467,10-003467,RES 100 OHM 1% 1/10W 0603 AEC-Q,Electrical Components,OTS,JIT - Reno,NS,FALSE,Lunar Energy,225000,0,0.003,675,0,0,Unrestricted,180000
09-11-2026,CM: Sienna GA,10-003467 REV-01,10-003467,RES 100 OHM 1% 1/10W 0603 AEC-Q,Electrical Components,OTS,ATLN,LINE,FALSE,Sienna Corporation,100885,0,0.003,302.655,0,1,Unrestricted,100885
09-11-2026,CM: Celestica MX,10-0034673MS,10-003467,RES 100 OHM 1% 1/10W 0603 AEC-Q,Electrical Components,OTS,Monterrey Prod,1000,FALSE,Celestica,-26,0,0.003,-0.078,0,0,Unrestricted,-26
09-11-2026,CM: Qualitel WA,814L-10-003467,10-003467,RES 100 OHM 1% 1/10W 0603 AEC-Q,Electrical Components,OTS,"Seattle, WA",Stock,FALSE,Qualitel,261822,0,0.0018,471.2796,0,0,Unrestricted,261822
09-11-2026,CM: Sienna GA,10-003467 REV-01,10-003467,RES 100 OHM 1% 1/10W 0603 AEC-Q,Electrical Components,OTS,ATLN,MAIN,FALSE,Sienna Corporation,255000,0,0.003,765,0,1,Unrestricted,255000
09-11-2026,CM: Celestica MX,10-0034683MS,10-003468,CAP CER 0.1UF 100V X7R 0603,Electrical Components,OTS,Monterrey Prod,1000,FALSE,Celestica,-12,0,0.0063,-0.0756,0,0,Unrestricted,-12
09-11-2026,CM: Sienna GA,10-003468 REV-01,10-003468,CAP CER 0.1UF 100V X7R 0603,Electrical Components,OTS,ATLN,RIQC,FALSE,Sienna Corporation,488000,0,0.004,1952,0,1,Unrestricted,488000
09-11-2026,CM: Sienna GA,10-003468 REV-01,10-003468,CAP CER 0.1UF 100V X7R 0603,Electrical Components,OTS,ATLN,PAMS,FALSE,Sienna Corporation,52000,0,0.004,208,0,1,Unrestricted,52000
09-11-2026,CM: Sienna GA,10-003468 REV-01,10-003468,CAP CER 0.1UF 100V X7R 0603,Electrical Components,OTS,ATLN,MAIN,FALSE,Sienna Corporation,491737,0,0.004,1966.948,0,1,Unrestricted,491737
09-11-2026,Lunar Netsuite,10-003468,10-003468,CAP CER 0.1UF 100V X7R 0603,Electrical Components,OTS,NexGen Digital Inc,NS,FALSE,Lunar Energy,3152000,0,0.0063,19857.6,0,0,Unrestricted,3152000
09-11-2026,Lunar Netsuite,10-003468,10-003468,CAP CER 0.1UF 100V X7R 0603,Electrical Components,OTS,JIT - Reno,NS,FALSE,Lunar Energy,5048000,0,0.0063,31802.4,0,0,Unrestricted,4876000
09-11-2026,CM: Qualitel WA,814L-10-003468,10-003468,CAP CER 0.1UF 100V X7R 0603,Electrical Components,OTS,"Seattle, WA",Stock,FALSE,Qualitel,107660,0,0.004,430.64,0,0,Unrestricted,107660
09-11-2026,CM: Sienna GA,10-003468 REV-01,10-003468,CAP CER 0.1UF 100V X7R 0603,Electrical Components,OTS,ATLN,LINE,FALSE,Sienna Corporation,314450,0,0.004,1257.8,0,1,Unrestricted,314450
09-11-2026,Lunar Netsuite,10-003468,10-003468,CAP CER 0.1UF 100V X7R 0603,Electrical Components,OTS,CA - Ravendale,NS,FALSE,Lunar Energy,104000,0,0.017,1768,0,0,Unrestricted,104000
09-11-2026,CM: Sienna GA,10-003469 REV-01,10-003469,RES SMD 12 OHM 1% 1/3W 0603 AEC-Q,Electrical Components,OTS,ATLN,MAIN,FALSE,Sienna Corporation,736,0,0.012,8.832,0,1,Unrestricted,736
09-11-2026,Lunar Netsuite,10-003469,10-003469,RES SMD 12 OHM 1% 1/3W 0603 AEC-Q,Electrical Components,OTS,JIT - Reno,NS,FALSE,Lunar Energy,115000,0,0.012,1380,0,0,Unrestricted,115000
09-11-2026,CM: Sienna GA,10-003469 REV-01,10-003469,RES SMD 12 OHM 1% 1/3W 0603 AEC-Q,Electrical Components,OTS,ATLN,LINE,FALSE,Sienna Corporation,47814,0,0.012,573.768,0,1,Unrestricted,47814
09-11-2026,Lunar Netsuite,10-003469,10-003469,RES SMD 12 OHM 1% 1/3W 0603 AEC-Q,Electrical Components,OTS,Avnet,NS,FALSE,Lunar Energy,225000,0,0.012,2700,0,0,Unrestricted,200000
09-11-2026,CM: Sienna GA,10-003469 REV-01,10-003469,RES SMD 12 OHM 1% 1/3W 0603 AEC-Q,Electrical Components,OTS,ATLN,PAMS,FALSE,Sienna Corporation,65000,0,0.012,780,0,1,Unrestricted,65000
09-11-2026,Lunar Netsuite,10-003469,10-003469,RES SMD 12 OHM 1% 1/3W 0603 AEC-Q,Electrical Components,OTS,NexGen Digital Inc,NS,FALSE,Lunar Energy,240000,0,0.012,2880,0,0,Unrestricted,240000
09-11-2026,CM: Sienna GA,10-003469 REV-01,10-003469,RES SMD 12 OHM 1% 1/3W 0603 AEC-Q,Electrical Components,OTS,ATLN,RIQC,FALSE,Sienna Corporation,54264,0,0.012,651.168,0,1,Unrestricted,54264
09-11-2026,Lunar Netsuite,10-003472,10-003472,"Schottky Diode, Trench-based, 500 mA,30 V, 01005 (0402 Metric)",Electrical Components,OTS,JIT - Reno,NS,FALSE,Lunar Energy,38710,0,0.0609,2357.439,0,0,Unrestricted,38710
09-11-2026,Lunar Netsuite,10-003479,10-003479,CAP FILM 0.1UF 10% 1KVDC RADIAL,Electrical Components,OTS,NexGen Digital Inc,NS,FALSE,Lunar Energy,114100,0,0.228,26014.8,0,0,Unrestricted,114100
09-11-2026,CM: Sienna GA,10-003484 REV-01,10-003484,"PCB TERMINAL BLOCK, NOMINAL CURR",Part,OTS,ATLN,MAIN,FALSE,Sienna Corporation,141,0,0,0,0,1,Unrestricted,141
09-11-2026,CM: Sienna GA,10-003487 REV-1,10-003487,VARISTOR 699.5V 6.5KA DISC 20MM,Electrical Components,OTS,ATLN,MAIN,FALSE,Sienna Corporation,4000,0,0.338,1352,0,1,Unrestricted,4000
09-11-2026,CM: Sienna GA,10-003487 REV-1,10-003487,VARISTOR 699.5V 6.5KA DISC 20MM,Electrical Components,OTS,ATLN,LINE,FALSE,Sienna Corporation,1146,0,0.338,387.348,0,1,Unrestricted,1146
09-11-2026,CM: Sienna GA,10-003487 REV-1,10-003487,VARISTOR 699.5V 6.5KA DISC 20MM,Electrical Components,OTS,ATLN,RIQC,FALSE,Sienna Corporation,5000,0,0.338,1690,0,1,Unrestricted,5000
09-11-2026,CM: Qualitel WA,814L-10-003487,10-003487,VARISTOR 699.5V 6.5KA DISC 20MM,Electrical Components,OTS,"Seattle, WA",Stock,FALSE,Qualitel,5110,0,0.401,2049.11,0,0,Unrestricted,5110
09-11-2026,CM: Qualitel WA,814L-10-003488,10-003488,RES 20K OHM 1% 1/16W 0402,Electrical Components,OTS,"Seattle, WA",Stock,FALSE,Qualitel,14225,0,0.001,14.225,0,0,Unrestricted,14225
09-11-2026,Lunar Netsuite,10-003488,10-003488,RES 20K OHM 1% 1/16W 0402,Electrical Components,OTS,JIT - Reno,NS,FALSE,Lunar Energy,7700,0,0.006,46.2,0,0,Unrestricted,7700
09-11-2026,CM: Sienna GA,10-003488 REV-01,10-003488,RES 20K OHM 1% 1/16W 0402,Electrical Components,OTS,ATLN,LINE,FALSE,Sienna Corporation,3415,0,0.0015,5.1225,0,1,Unrestricted,3415
09-11-2026,CM: Sienna GA,10-003489 REV-01,10-003489,RES 4.99K OHM 1% 1/4W 1206 AEC-Q,Electrical Components,OTS,ATLN,MAIN,FALSE,Sienna Corporation,5000,0,0.0034,17,0,1,Unrestricted,5000
09-11-2026,CM: Sienna GA,10-003489 REV-01,10-003489,RES 4.99K OHM 1% 1/4W 1206 AEC-Q,Electrical Components,OTS,ATLN,LINE,FALSE,Sienna Corporation,1996,0,0.0034,6.7864,0,1,Unrestricted,1996
09-11-2026,CM: Qualitel WA,814L-10-003493,10-003493,RES 100 OHM 1% 1/4W 1206 AEC-Q,Electrical Components,OTS,"Seattle, WA",Stock,FALSE,Qualitel,21945,0,0.0033,72.4185,0,0,Unrestricted,21945
09-11-2026,CM: Sienna GA,10-003493 REV-01,10-003493,RES 100 OHM 1% 1/4W 1206 AEC-Q,Electrical Components,OTS,ATLN,MAIN,FALSE,Sienna Corporation,5000,0,0.0033,16.5,0,1,Unrestricted,5000
09-11-2026,CM: Sienna GA,10-003493 REV-01,10-003493,RES 100 OHM 1% 1/4W 1206 AEC-Q,Electrical Components,OTS,ATLN,LINE,FALSE,Sienna Corporation,4282,0,0.0033,14.1306,0,1,Unrestricted,4282
09-11-2026,CM: Sienna GA,10-003494 REV-01,10-003494,CAP CER 6800PF 50V X7R 0805,Electrical Components,OTS,ATLN,LINE,FALSE,Sienna Corporation,40107,0,0.0189,758.0223,0,1,Unrestricted,40107
09-11-2026,CM: Qualitel WA,814L-10-003494,10-003494,CAP CER 6800PF 50V X7R 0805,Electrical Components,OTS,"Seattle, WA",Stock,FALSE,Qualitel,34059,0,0.0079,269.0661,0,0,Unrestricted,34059
09-11-2026,CM: Celestica MX,10-0034973MS,10-003497,"Screw,M2x0.4 6gX4mm,Flat Head,PH1,Reny",Part,OTS,Monterrey Prod,1000,FALSE,Celestica,3,0,0.138,0.414,0,0,Unrestricted,3
09-11-2026,Lunar Netsuite,10-003497,10-003497,"Screw,M2x0.4 6gX4mm,Flat Head,PH1,Reny",Part,OTS,JIT - Reno,NS,FALSE,Lunar Energy,50990,0,0.14,7138.6,0,0,Unrestricted,50990
09-11-2026,CM: Qualitel WA,814L-10-003497,10-003497,"Screw,M2x0.4 6gX4mm,Flat Head,PH1,Reny",Part,OTS,"Seattle, WA",Stock,FALSE,Qualitel,49016,0,0.138,6764.208,0,0,Unrestricted,49016
09-11-2026,CM: Sienna GA,10-003498 REV-03,10-003498,"Assy, SnapNRack, Maximizer Hub",Assembly,MTS,ATLN,RSA2,FALSE,Sienna Corporation,83,0,0,0,0,3,Unrestricted,83
09-11-2026,CM: Sienna GA,10-003498 REV-03,10-003498,"Assy, SnapNRack, Maximizer Hub",Assembly,MTS,ATLN,RH44,FALSE,Sienna Corporation,800,0,0,0,0,3,Unrestricted,800
09-11-2026,CM: Sienna GA,10-003498 REV-03,10-003498,"Assy, SnapNRack, Maximizer Hub",Assembly,MTS,ATLN,LINE,FALSE,Sienna Corporation,205,0,0,0,0,3,Unrestricted,205
09-11-2026,CM: Sienna GA,10-003498 REV-03,10-003498,"Assy, SnapNRack, Maximizer Hub",Assembly,MTS,ATLN,MRB,FALSE,Sienna Corporation,0,1,0,0,0,3,Restricted,0
09-11-2026,CM: Sienna GA,10-003498 REV-02,10-003498,"Assy, SnapNRack, Maximizer Hub",Assembly,MTS,ATLN,PDRW,FALSE,Sienna Corporation,1,0,34.97,34.97,0,2,Unrestricted,1
09-11-2026,CM: Qualitel WA,814L-10-003501,10-003501,FIXED IND 100UH 800MA 700MOHM SM,Electrical Components,OTS,"Seattle, WA",Stock,FALSE,Qualitel,6488,0,0.1626,1054.9488,0,0,Unrestricted,6488
09-11-2026,CM: Sienna GA,10-003501 REV-1,10-003501,FIXED IND 100UH 800MA 700MOHM SM,Electrical Components,OTS,ATLN,LINE,FALSE,Sienna Corporation,1854,0,0.163,302.202,0,1,Unrestricted,1854
09-11-2026,CM: Sienna GA,10-003501 REV-1,10-003501,FIXED IND 100UH 800MA 700MOHM SM,Electrical Components,OTS,ATLN,MAIN,FALSE,Sienna Corporation,3000,0,0.163,489,0,1,Unrestricted,3000
09-11-2026,CM: Sienna GA,10-003501 REV-1,10-003501,FIXED IND 100UH 800MA 700MOHM SM,Electrical Components,OTS,ATLN,RIQC,FALSE,Sienna Corporation,1000,0,0.163,163,0,1,Unrestricted,1000
09-11-2026,CM: Sienna GA,10-003502 REV-01,10-003502,DIODE ZENER 6V 500MW SOD123,Electrical Components,OTS,ATLN,LINE,FALSE,Sienna Corporation,2781,0,0.011,30.591,0,1,Unrestricted,2781
09-11-2026,CM: Sienna GA,10-003502 REV-01,10-003502,DIODE ZENER 6V 500MW SOD123,Electrical Components,OTS,ATLN,MAIN,FALSE,Sienna Corporation,3000,0,0.011,33,0,1,Unrestricted,3000
09-11-2026,Lunar Netsuite,10-003503,10-003503,CAP FILM 0.15UF 10% 800VDC RAD,Electrical Components,OTS,CCL (Computer Components Ltd),NS,FALSE,Lunar Energy,17500,0,0.167,2922.5,0,0,Unrestricted,17500
09-11-2026,CM: Sienna GA,10-003507 REV-1,10-003507,KC-LINK 2220 0.1UF 650VDC C0G,Electrical Components,OTS,ATLN,MAIN,FALSE,Sienna Corporation,468,0,1.343,628.524,0,1,Unrestricted,468
09-11-2026,CM: Celestica MX,10-0035173MS,10-003517,"Lid with Insulator, Foam Pad",Part,MTS,Monterrey Prod,1000,FALSE,Celestica,-3,0,10.4,-31.2,0,0,Unrestricted,-3
09-11-2026,Lunar Netsuite,10-003524,10-003524,CMC 1.5MH 18A 2LN TH,Electrical Components,OTS,JIT - Reno,NS,FALSE,Lunar Energy,151925,0,1.9918,302604.215,0,0,Unrestricted,126925
09-11-2026,CM: Qualitel WA,814L-10-003524,10-003524,CMC 1.5MH 18A 2LN TH,Electrical Components,OTS,"Seattle, WA",Stock,FALSE,Qualitel,11970,0,1.96,23461.2,0,0,Unrestricted,11970
09-11-2026,CM: Celestica MX,10-0035243MS,10-003524,CMC 1.5MH 18A 2LN TH,Electrical Components,OTS,Monterrey Prod,1000,FALSE,Celestica,-9,0,2.43,-21.87,0,0,Unrestricted,-9
09-11-2026,CM: Sienna GA,10-003525 REV-01,10-003525,CONN HEADER SMD 10POS 2.5MM,Electrical Components,OTS,ATLN,PAMS,FALSE,Sienna Corporation,600,0,1.1,660,0,1,Unrestricted,600
09-11-2026,CM: Sienna GA,10-003525 REV-01,10-003525,CONN HEADER SMD 10POS 2.5MM,Electrical Components,OTS,ATLN,RIQC,FALSE,Sienna Corporation,600,0,1.1,660,0,1,Unrestricted,600
09-11-2026,CM: Sienna GA,10-003525 REV-01,10-003525,CONN HEADER SMD 10POS 2.5MM,Electrical Components,OTS,ATLN,MAIN,FALSE,Sienna Corporation,2100,0,1.1,2310,0,1,Unrestricted,2100
09-11-2026,CM: Sienna GA,10-003525 REV-01,10-003525,CONN HEADER SMD 10POS 2.5MM,Electrical Components,OTS,ATLN,LINE,FALSE,Sienna Corporation,109,0,1.1,119.9,0,1,Unrestricted,109
09-11-2026,CM: Sienna GA,10-003527 REV-03,10-003527,"Cover, PCBA, PV Hub",Part,MTS,ATLN,RS92,FALSE,Sienna Corporation,590,0,1.14,672.6,0,3,Unrestricted,590
09-11-2026,CM: Sienna GA,10-003527 REV-03,10-003527,"Cover, PCBA, PV Hub",Part,MTS,ATLN,MAIN,FALSE,Sienna Corporation,3,0,1.14,3.42,0,3,Unrestricted,3
09-11-2026,CM: Sienna GA,10-003527 REV-03,10-003527,"Cover, PCBA, PV Hub",Part,MTS,ATLN,RPA7,FALSE,Sienna Corporation,1302,0,1.14,1484.28,0,3,Unrestricted,1302
09-11-2026,CM: Sienna GA,10-003527 REV-03,10-003527,"Cover, PCBA, PV Hub",Part,MTS,ATLN,RS91,FALSE,Sienna Corporation,739,0,1.14,842.46,0,3,Unrestricted,739
09-11-2026,CM: Sienna GA,10-003527 REV-03,10-003527,"Cover, PCBA, PV Hub",Part,MTS,ATLN,RK21,FALSE,Sienna Corporation,35,0,1.14,39.9,0,3,Unrestricted,35
09-11-2026,CM: Sienna GA,10-003527 REV-03,10-003527,"Cover, PCBA, PV Hub",Part,MTS,ATLN,PDRW,FALSE,Sienna Corporation,11,0,1.14,12.54,0,3,Unrestricted,11
09-11-2026,CM: Sienna GA,C10-003532 REV-1,10-003532,RES SMD 100K OHM 1% 1/10W 0603 AEC-Q,Electrical Components,OTS,ATLN,WR61,TRUE,Lunar Energy,38159,0,0,0,0,1,Unrestricted,38159
09-11-2026,CM: Celestica MX,10-0035323MS,10-003532,RES SMD 100K OHM 1% 1/10W 0603 AEC-Q,Electrical Components,OTS,Monterrey Prod,1000,FALSE,Celestica,-22,0,0.0022,-0.0484,0,0,Unrestricted,-22
09-11-2026,CM: Sienna GA,C10-003532 REV-1,10-003532,RES SMD 100K OHM 1% 1/10W 0603 AEC-Q,Electrical Components,OTS,ATLN,WR22,TRUE,Lunar Energy,1824,0,0,0,0,1,Unrestricted,1824
09-11-2026,Lunar Netsuite,10-003532,10-003532,RES SMD 100K OHM 1% 1/10W 0603 AEC-Q,Electrical Components,OTS,Sienna Corporation - GA,NS,FALSE,Lunar Energy,85000,0,0.0092,782,0,0,Unrestricted,0
09-11-2026,CM: Sienna GA,C10-003532 REV-1,10-003532,RES SMD 100K OHM 1% 1/10W 0603 AEC-Q,Electrical Components,OTS,ATLN,WR21,TRUE,Lunar Energy,20000,0,0,0,0,1,Unrestricted,20000
09-11-2026,CM: Sienna GA,C10-003532 REV-1,10-003532,RES SMD 100K OHM 1% 1/10W 0603 AEC-Q,Electrical Components,OTS,ATLN,WR13,TRUE,Lunar Energy,25017,0,0,0,0,1,Unrestricted,25017
09-11-2026,CM: Qualitel WA,814L-10-003532,10-003532,RES SMD 100K OHM 1% 1/10W 0603 AEC-Q,Electrical Components,OTS,"Seattle, WA",Stock,FALSE,Qualitel,150133,0,0.0012,180.1596,0,0,Unrestricted,150133
09-11-2026,Lunar Netsuite,10-003532,10-003532,RES SMD 100K OHM 1% 1/10W 0603 AEC-Q,Electrical Components,OTS,JIT - Reno,NS,FALSE,Lunar Energy,172921,0,0.0031,536.0551,0,0,Unrestricted,160821
09-11-2026,CM: Celestica MX,10-0035333MS,10-003533,TVS DIODE 58.1VWM 121VC SMC,Electrical Components,OTS,Monterrey Prod,1000,FALSE,Celestica,-2,0,0.2797,-0.5594,0,0,Unrestricted,-2
09-11-2026,Lunar Netsuite,10-003533,10-003533,TVS DIODE 58.1VWM 121VC SMC,Electrical Components,OTS,JIT - Reno,NS,FALSE,Lunar Energy,24500,0,0.2797,6852.65,0,0,Unrestricted,24500
09-11-2026,Lunar Netsuite,10-003533,10-003533,TVS DIODE 58.1VWM 121VC SMC,Electrical Components,OTS,Avnet,NS,FALSE,Lunar Energy,66500,0,0.2797,18600.05,0,0,Unrestricted,66500
09-11-2026,CM: Sienna GA,10-003544 REV-01,10-003544,"Full Functional Assy, Bridge, Nebulous White",Part,MTS,ATLN,MRB,FALSE,Sienna Corporation,0,6,0,0,0,1,Restricted,0
09-11-2026,CM: Sienna GA,10-003550 REV-07,10-003550,"ASSY, INNER COVER, BRIDGE, LUNAR BLUE",Part,MTS,ATLN,RRB3,FALSE,Sienna Corporation,48,0,24.56,1178.88,0,7,Unrestricted,48
09-11-2026,CM: Sienna GA,10-003550 REV-07,10-003550,"ASSY, INNER COVER, BRIDGE, LUNAR BLUE",Part,MTS,ATLN,RT15,FALSE,Sienna Corporation,48,0,24.56,1178.88,0,7,Unrestricted,48
09-11-2026,CM: Sienna GA,10-003550 REV-07,10-003550,"ASSY, INNER COVER, BRIDGE, LUNAR BLUE",Part,MTS,ATLN,RR63,FALSE,Sienna Corporation,48,0,24.56,1178.88,0,7,Unrestricted,48
09-11-2026,CM: Sienna GA,10-003550 REV-07,10-003550,"ASSY, INNER COVER, BRIDGE, LUNAR BLUE",Part,MTS,ATLN,RT13,FALSE,Sienna Corporation,48,0,24.56,1178.88,0,7,Unrestricted,48
09-11-2026,CM: Sienna GA,10-003550 REV-07,10-003550,"ASSY, INNER COVER, BRIDGE, LUNAR BLUE",Part,MTS,ATLN,RT33,FALSE,Sienna Corporation,48,0,24.56,1178.88,0,7,Unrestricted,48
09-11-2026,CM: Sienna GA,10-003550 REV-07,10-003550,"ASSY, INNER COVER, BRIDGE, LUNAR BLUE",Part,MTS,ATLN,RRA3,FALSE,Sienna Corporation,48,0,24.56,1178.88,0,7,Unrestricted,48
09-11-2026,CM: Sienna GA,10-003550 REV-07,10-003550,"ASSY, INNER COVER, BRIDGE, LUNAR BLUE",Part,MTS,ATLN,RRB4,FALSE,Sienna Corporation,48,0,24.56,1178.88,0,7,Unrestricted,48
09-11-2026,CM: Sienna GA,10-003550 REV-07,10-003550,"ASSY, INNER COVER, BRIDGE, LUNAR BLUE",Part,MTS,ATLN,LINE,FALSE,Sienna Corporation,48,0,24.56,1178.88,0,7,Unrestricted,48
09-11-2026,CM: Sienna GA,10-003550 REV-07,10-003550,"ASSY, INNER COVER, BRIDGE, LUNAR BLUE",Part,MTS,ATLN,MRB,FALSE,Sienna Corporation,0,3,24.56,0,73.68,7,Restricted,0
09-11-2026,CM: Sienna GA,10-003550 REV-07,10-003550,"ASSY, INNER COVER, BRIDGE, LUNAR BLUE",Part,MTS,ATLN,RIQC,FALSE,Sienna Corporation,48,0,24.56,1178.88,0,7,Unrestricted,48
09-11-2026,CM: Sienna GA,10-003550 REV-07,10-003550,"ASSY, INNER COVER, BRIDGE, LUNAR BLUE",Part,MTS,ATLN,RQ76,FALSE,Sienna Corporation,43,0,24.56,1056.08,0,7,Unrestricted,43
09-11-2026,CM: Sienna GA,10-003550 REV-07,10-003550,"ASSY, INNER COVER, BRIDGE, LUNAR BLUE",Part,MTS,ATLN,RJ26,FALSE,Sienna Corporation,44,0,24.56,1080.64,0,7,Unrestricted,44
09-11-2026,CM: Sienna GA,10-003550 REV-07,10-003550,"ASSY, INNER COVER, BRIDGE, LUNAR BLUE",Part,MTS,ATLN,RR66,FALSE,Sienna Corporation,48,0,24.56,1178.88,0,7,Unrestricted,48
09-11-2026,CM: Sienna GA,10-003551 REV-10,10-003551,"ASSY, ENCLOSURE DOOR, BRIDGE, LUNAR BLUE",Part,MTS,ATLN,RRA5,FALSE,Sienna Corporation,48,0,26.54,1273.92,0,10,Unrestricted,48
09-11-2026,CM: Sienna GA,10-003551 REV-10,10-003551,"ASSY, ENCLOSURE DOOR, BRIDGE, LUNAR BLUE",Part,MTS,ATLN,RP94,FALSE,Sienna Corporation,48,0,26.54,1273.92,0,10,Unrestricted,48
09-11-2026,CM: Sienna GA,10-003551 REV-10,10-003551,"ASSY, ENCLOSURE DOOR, BRIDGE, LUNAR BLUE",Part,MTS,ATLN,RRB5,FALSE,Sienna Corporation,48,0,26.54,1273.92,0,10,Unrestricted,48
09-11-2026,CM: Sienna GA,10-003551 REV-10,10-003551,"ASSY, ENCLOSURE DOOR, BRIDGE, LUNAR BLUE",Part,MTS,ATLN,RP76,FALSE,Sienna Corporation,48,0,26.54,1273.92,0,10,Unrestricted,48
09-11-2026,CM: Sienna GA,10-003551 REV-10,10-003551,"ASSY, ENCLOSURE DOOR, BRIDGE, LUNAR BLUE",Part,MTS,ATLN,RP93,FALSE,Sienna Corporation,48,0,26.54,1273.92,0,10,Unrestricted,48
09-11-2026,CM: Sienna GA,10-003551 REV-10,10-003551,"ASSY, ENCLOSURE DOOR, BRIDGE, LUNAR BLUE",Part,MTS,ATLN,WHS2,FALSE,Sienna Corporation,6,0,26.54,159.24,0,10,Unrestricted,6
09-11-2026,CM: Sienna GA,10-003551 REV-10,10-003551,"ASSY, ENCLOSURE DOOR, BRIDGE, LUNAR BLUE",Part,MTS,ATLN,RP96,FALSE,Sienna Corporation,48,0,26.54,1273.92,0,10,Unrestricted,48
09-11-2026,CM: Sienna GA,10-003551 REV-10,10-003551,"ASSY, ENCLOSURE DOOR, BRIDGE, LUNAR BLUE",Part,MTS,ATLN,RPA6,FALSE,Sienna Corporation,48,0,26.54,1273.92,0,10,Unrestricted,48
09-11-2026,CM: Sienna GA,10-003551 REV-10,10-003551,"ASSY, ENCLOSURE DOOR, BRIDGE, LUNAR BLUE",Part,MTS,ATLN,RRB6,FALSE,Sienna Corporation,29,0,26.54,769.66,0,10,Unrestricted,29
09-11-2026,CM: Sienna GA,10-003551 REV-10,10-003551,"ASSY, ENCLOSURE DOOR, BRIDGE, LUNAR BLUE",Part,MTS,ATLN,RIQC,FALSE,Sienna Corporation,5,0,26.54,132.7,0,10,Unrestricted,5
09-11-2026,CM: Sienna GA,10-003551 REV-10,10-003551,"ASSY, ENCLOSURE DOOR, BRIDGE, LUNAR BLUE",Part,MTS,ATLN,RP84,FALSE,Sienna Corporation,48,0,26.54,1273.92,0,10,Unrestricted,48
09-11-2026,CM: Sienna GA,10-003551 REV-10,10-003551,"ASSY, ENCLOSURE DOOR, BRIDGE, LUNAR BLUE",Part,MTS,ATLN,RQB6,FALSE,Sienna Corporation,48,0,26.54,1273.92,0,10,Unrestricted,48
09-11-2026,CM: Sienna GA,10-003551 REV-10,10-003551,"ASSY, ENCLOSURE DOOR, BRIDGE, LUNAR BLUE",Part,MTS,ATLN,RR95,FALSE,Sienna Corporation,48,0,26.54,1273.92,0,10,Unrestricted,48
09-11-2026,CM: Sienna GA,10-003551 REV-10,10-003551,"ASSY, ENCLOSURE DOOR, BRIDGE, LUNAR BLUE",Part,MTS,ATLN,RRA4,FALSE,Sienna Corporation,48,0,26.54,1273.92,0,10,Unrestricted,48
09-11-2026,CM: Sienna GA,10-003551 REV-10,10-003551,"ASSY, ENCLOSURE DOOR, BRIDGE, LUNAR BLUE",Part,MTS,ATLN,RSA6,FALSE,Sienna Corporation,16,0,26.54,424.64,0,10,Unrestricted,16
09-11-2026,CM: Sienna GA,10-003551 REV-10,10-003551,"ASSY, ENCLOSURE DOOR, BRIDGE, LUNAR BLUE",Part,MTS,ATLN,RRA6,FALSE,Sienna Corporation,15,0,26.54,398.1,0,10,Unrestricted,15
09-11-2026,CM: Sienna GA,10-003551 REV-10,10-003551,"ASSY, ENCLOSURE DOOR, BRIDGE, LUNAR BLUE",Part,MTS,ATLN,RP86,FALSE,Sienna Corporation,48,0,26.54,1273.92,0,10,Unrestricted,48
09-11-2026,CM: Sienna GA,10-003551 REV-10,10-003551,"ASSY, ENCLOSURE DOOR, BRIDGE, LUNAR BLUE",Part,MTS,ATLN,RP95,FALSE,Sienna Corporation,48,0,26.54,1273.92,0,10,Unrestricted,48
09-11-2026,CM: Sienna GA,10-003551 REV-10,10-003551,"ASSY, ENCLOSURE DOOR, BRIDGE, LUNAR BLUE",Part,MTS,ATLN,RT35,FALSE,Sienna Corporation,48,0,26.54,1273.92,0,10,Unrestricted,48
09-11-2026,CM: Sienna GA,10-003551 REV-10,10-003551,"ASSY, ENCLOSURE DOOR, BRIDGE, LUNAR BLUE",Part,MTS,ATLN,RPB6,FALSE,Sienna Corporation,10,0,26.54,265.4,0,10,Unrestricted,10
09-11-2026,CM: Sienna GA,10-003551 REV-10,10-003551,"ASSY, ENCLOSURE DOOR, BRIDGE, LUNAR BLUE",Part,MTS,ATLN,MRB,FALSE,Sienna Corporation,0,3,26.54,0,79.62,10,Restricted,0
09-11-2026,Lunar Netsuite,10-003552,10-003552,CAP FILM 0.82UF 10% 630VDC RAD,Electrical Components,OTS,CCL (Computer Components Ltd),NS,FALSE,Lunar Energy,618,0,0.89,550.02,0,0,Unrestricted,618
09-11-2026,CM: Sienna GA,10-003560 REV-01,10-003560,"Screw M3x0.5 6g,5mm,BHT T-8,Steel,ZiNi BC,Nylon Patch",Part,OTS,ATLN,MAIN,FALSE,Sienna Corporation,10000,0,0.03,300,0,1,Unrestricted,10000
09-11-2026,Lunar Netsuite,10-003560,10-003560,"Screw M3x0.5 6g,5mm,BHT T-8,Steel,ZiNi BC,Nylon Patch",Part,OTS,JIT - Reno,NS,FALSE,Lunar Energy,9682,0,0.0175,169.435,0,0,Unrestricted,9682
09-11-2026,CM: Sienna GA,10-003560 REV-01,10-003560,"Screw M3x0.5 6g,5mm,BHT T-8,Steel,ZiNi BC,Nylon Patch",Part,OTS,ATLN,LINE,FALSE,Sienna Corporation,27359,0,0.03,820.77,0,1,Unrestricted,27359
09-11-2026,CM: Celestica MX,10-0035613MS,10-003561,"Nut,M5,5mm,Flange,Serrated,ZnNi BC",Part,OTS,Monterrey Prod,1000,FALSE,Celestica,-108,0,0.054,-5.832,0,0,Unrestricted,-108
09-11-2026,CM: Sienna GA,10-003564 REV-02,10-003564,"Thread Forming Screw with Internal Tooth Washer, M3X0.5 15mm, BHT T10",Part,OTS,ATLN,RP61,FALSE,Sienna Corporation,144000,0,0.025,3600,0,2,Unrestricted,144000
09-11-2026,CM: Sienna GA,10-003564 REV-02,10-003564,"Thread Forming Screw with Internal Tooth Washer, M3X0.5 15mm, BHT T10",Part,OTS,ATLN,LINE,FALSE,Sienna Corporation,14257,0,0.025,356.425,0,2,Unrestricted,14257
09-11-2026,CM: Sienna GA,10-003564 REV-02,10-003564,"Thread Forming Screw with Internal Tooth Washer, M3X0.5 15mm, BHT T10",Part,OTS,ATLN,LPAC,FALSE,Sienna Corporation,11001,0,0.025,275.025,0,2,Unrestricted,11001
09-11-2026,CM: Qualitel WA,814L-10-003564,10-003564,"Thread Forming Screw with Internal Tooth Washer, M3X0.5 15mm, BHT T10",Part,OTS,"Seattle, WA",Stock,FALSE,Qualitel,78513,0,0.03,2355.39,0,0,Unrestricted,78513
09-11-2026,CM: Sienna GA,10-003564 REV-02,10-003564,"Thread Forming Screw with Internal Tooth Washer, M3X0.5 15mm, BHT T10",Part,OTS,ATLN,PAWH,FALSE,Sienna Corporation,50000,0,0.025,1250,0,2,Unrestricted,50000
09-11-2026,CM: Celestica MX,10-0035643MS,10-003564,"Thread Forming Screw with Internal Tooth Washer, M3X0.5 15mm, BHT T10",Part,OTS,Monterrey Prod,DIFF,FALSE,Celestica,0,2950,0.078,0,230.1,0,MRPExUnrestricted,0
09-11-2026,CM: Celestica MX,10-0035643MS,10-003564,"Thread Forming Screw with Internal Tooth Washer, M3X0.5 15mm, BHT T10",Part,OTS,Monterrey Prod,1000,FALSE,Celestica,3498,0,0.078,272.844,0,0,Unrestricted,3498
09-11-2026,CM: Sienna GA,10-003565 REV-01,10-003565,"Screw,M3x0.5 6g x10mm,BHT T8,Flange,Steel,Zinc,Nylon Patch",Part,OTS,ATLN,MAIN,FALSE,Sienna Corporation,9836,0,0.04,393.44,0,1,Unrestricted,9836
09-11-2026,CM: Celestica MX,10-0035733MS,10-003573,CAP CER 4700PF 250V X7R 1812,Electrical Components,OTS,Monterrey Prod,1000,FALSE,Celestica,-2,0,0.55,-1.1,0,0,Unrestricted,-2
09-11-2026,CM: Sienna GA,10-003573 REV-01,10-003573,CAP CER 4700PF 250V X7R 1812,Electrical Components,OTS,ATLN,LINE,FALSE,Sienna Corporation,21783,0,0.55,11980.65,0,1,Unrestricted,21783
09-11-2026,CM: Sienna GA,10-003573 REV-01,10-003573,CAP CER 4700PF 250V X7R 1812,Electrical Components,OTS,ATLN,MAIN,FALSE,Sienna Corporation,19940,0,0.55,10967,0,1,Unrestricted,19940
09-11-2026,CM: Sienna GA,10-003590 REV-01,10-003590,"Washer, Flat, M4, Plastic",Part,OTS,ATLN,MAIN,FALSE,Sienna Corporation,3000,0,0.099,297,0,1,Unrestricted,3000
09-11-2026,CM: Sienna GA,10-003590 REV-01,10-003590,"Washer, Flat, M4, Plastic",Part,OTS,ATLN,LINE,FALSE,Sienna Corporation,2141,0,0.099,211.959,0,1,Unrestricted,2141
09-11-2026,CM: Sienna GA,10-003591 REV-01,10-003591,FIXED IND 47UH 600MA 780MOHM SMD,Electrical Components,OTS,ATLN,RIQC,FALSE,Sienna Corporation,9000,0,0.1314,1182.6,0,1,Unrestricted,9000
09-11-2026,CM: Qualitel WA,814L-10-003591,10-003591,FIXED IND 47UH 600MA 780MOHM SMD,Electrical Components,OTS,"Seattle, WA",Stock,FALSE,Qualitel,20537,0,0.123,2526.051,0,0,Unrestricted,20537
09-11-2026,CM: Sienna GA,10-003591 REV-01,10-003591,FIXED IND 47UH 600MA 780MOHM SMD,Electrical Components,OTS,ATLN,LINE,FALSE,Sienna Corporation,5673,0,0.1314,745.4322,0,1,Unrestricted,5673
09-11-2026,CM: Sienna GA,10-003592 REV-1,10-003592,CMC 20MH 500MA 2LN TH,Electrical Components,OTS,ATLN,MAIN,FALSE,Sienna Corporation,176,0,0.65,114.4,0,1,Unrestricted,176
09-11-2026,CM: Qualitel WA,814L-10-003592,10-003592,CMC 20MH 500MA 2LN TH,Electrical Components,OTS,"Seattle, WA",Stock,FALSE,Qualitel,4406,0,0.65,2863.9,0,0,Unrestricted,4406
09-11-2026,CM: Sienna GA,10-003592 REV-1,10-003592,CMC 20MH 500MA 2LN TH,Electrical Components,OTS,ATLN,PAMS,FALSE,Sienna Corporation,2600,0,0.65,1690,0,1,Unrestricted,2600
09-11-2026,CM: Sienna GA,10-003592 REV-1,10-003592,CMC 20MH 500MA 2LN TH,Electrical Components,OTS,ATLN,RIQC,FALSE,Sienna Corporation,2100,0,0.65,1365,0,1,Unrestricted,2100
09-11-2026,CM: Sienna GA,10-003592 REV-1,10-003592,CMC 20MH 500MA 2LN TH,Electrical Components,OTS,ATLN,LINE,FALSE,Sienna Corporation,669,0,0.65,434.85,0,1,Unrestricted,669
09-11-2026,CM: Qualitel WA,814L-10-003594,10-003594,FUSE BOARD MNT 750MA 250VAC 2SMD,Electrical Components,OTS,"Seattle, WA",Stock,FALSE,Qualitel,3251,0,0.315,1024.065,0,0,Unrestricted,3251
09-11-2026,CM: Sienna GA,10-003594 REV-01,10-003594,FUSE BOARD MNT 750MA 250VAC 2SMD,Electrical Components,OTS,ATLN,RIQC,FALSE,Sienna Corporation,6000,0,0.7059,4235.4,0,1,Unrestricted,6000
09-11-2026,CM: Sienna GA,10-003594 REV-01,10-003594,FUSE BOARD MNT 750MA 250VAC 2SMD,Electrical Components,OTS,ATLN,LINE,FALSE,Sienna Corporation,1350,0,0.7059,952.965,0,1,Unrestricted,1350
09-11-2026,CM: Sienna GA,10-003594 REV-01,10-003594,FUSE BOARD MNT 750MA 250VAC 2SMD,Electrical Components,OTS,ATLN,MAIN,FALSE,Sienna Corporation,7395,0,0.7059,5220.1305,0,1,Unrestricted,7395
09-11-2026,CM: Sienna GA,10-003597 REV-01,10-003597,CAP FILM 0.68UF 10% 310VAC RAD,Electrical Components,OTS,ATLN,LPAC,FALSE,Sienna Corporation,1506,0,0.544,819.264,0,1,Unrestricted,1506
09-11-2026,CM: Sienna GA,10-003597 REV-01,10-003597,CAP FILM 0.68UF 10% 310VAC RAD,Electrical Components,OTS,ATLN,MAIN,FALSE,Sienna Corporation,2600,0,0.544,1414.4,0,1,Unrestricted,2600
09-11-2026,CM: Sienna GA,10-003597 REV-01,10-003597,CAP FILM 0.68UF 10% 310VAC RAD,Electrical Components,OTS,ATLN,LINE,FALSE,Sienna Corporation,2220,0,0.544,1207.68,0,1,Unrestricted,2220
09-11-2026,CM: Sienna GA,10-003598 REV-07,10-003598,"Label, Terminal Diagram, Bridge",Part,MTS,ATLN,PCKD,FALSE,Sienna Corporation,1000,0,3.083,3083,0,7,Unrestricted,1000
09-11-2026,CM: Sienna GA,10-003598 REV-07,10-003598,"Label, Terminal Diagram, Bridge",Part,MTS,ATLN,LINE,FALSE,Sienna Corporation,3297,0,3.083,10164.651,0,7,Unrestricted,3297
09-11-2026,CM: Sienna GA,10-003598 REV-07,10-003598,"Label, Terminal Diagram, Bridge",Part,MTS,ATLN,MAIN,FALSE,Sienna Corporation,4500,0,3.083,13873.5,0,7,Unrestricted,4500
09-11-2026,CM: Sienna GA,10-003600 REV-01,10-003600,"Label, Service Disconnect, Bridge",Part,MTS,ATLN,LINE,FALSE,Sienna Corporation,1103,0,0.133,146.699,0,1,Unrestricted,1103
09-11-2026,CM: Sienna GA,10-003600 REV-01,10-003600,"Label, Service Disconnect, Bridge",Part,MTS,ATLN,MAIN,FALSE,Sienna Corporation,2000,0,0.133,266,0,1,Unrestricted,2000
09-11-2026,CM: Sienna GA,10-003600 REV-01,10-003600,"Label, Service Disconnect, Bridge",Part,MTS,ATLN,PCKD,FALSE,Sienna Corporation,1000,0,0.133,133,0,1,Unrestricted,1000
09-11-2026,CM: Sienna GA,10-003600 REV-01,10-003600,"Label, Service Disconnect, Bridge",Part,MTS,ATLN,LPAC,FALSE,Sienna Corporation,3918,0,0.133,521.094,0,1,Unrestricted,3918
09-11-2026,CM: Sienna GA,10-003601 REV-03,10-003601,"Label, MAC Address, Bridge",Part,MTS,ATLN,PCKD,FALSE,Sienna Corporation,2000,0,0.1,200,0,3,Unrestricted,2000
09-11-2026,CM: Sienna GA,10-003601 REV-03,10-003601,"Label, MAC Address, Bridge",Part,MTS,ATLN,WHS2,FALSE,Sienna Corporation,333,0,0.1,33.3,0,3,Unrestricted,333
09-11-2026,CM: Sienna GA,10-003601 REV-03,10-003601,"Label, MAC Address, Bridge",Part,MTS,ATLN,LINE,FALSE,Sienna Corporation,3201,0,0.1,320.1,0,3,Unrestricted,3201
09-11-2026,CM: Sienna GA,10-003602 REV-06,10-003602,"Label, Compliance, Maximizer Hub",Part,MTS,ATLN,PCKD,FALSE,Sienna Corporation,1000,0,0.897,897,0,6,Unrestricted,1000
09-11-2026,CM: Sienna GA,10-003602 REV-06,10-003602,"Label, Compliance, Maximizer Hub",Part,MTS,ATLN,LINE,FALSE,Sienna Corporation,691,0,0.897,619.827,0,6,Unrestricted,691
09-11-2026,CM: Sienna GA,10-003602 REV-02,10-003602,"Label, Compliance, Maximizer Hub",Part,MTS,ATLN,LINE,FALSE,Sienna Corporation,38.02000046,0,0.185,7.033700085,0,2,Unrestricted,38.02000046
09-11-2026,CM: Sienna GA,10-003602 REV-06,10-003602,"Label, Compliance, Maximizer Hub",Part,MTS,ATLN,RIQC,FALSE,Sienna Corporation,3000,0,0.897,2691,0,6,Unrestricted,3000
09-11-2026,CM: Sienna GA,10-003603 REV-05,10-003603,"Label, MAC Address, Maximizer Hub",Part,MTS,ATLN,LINE,FALSE,Sienna Corporation,72,0,0.05,3.6,0,5,Unrestricted,72
09-11-2026,CM: Sienna GA,10-003603 REV-05,10-003603,"Label, MAC Address, Maximizer Hub",Part,MTS,ATLN,PCKD,FALSE,Sienna Corporation,4000,0,0.05,200,0,5,Unrestricted,4000
09-11-2026,CM: Sienna GA,10-003606 REV-04,10-003606,"Label, MAC Address, Maximizer",Part,MTS,ATLN,LPAC,FALSE,Sienna Corporation,5956,0,0.172,1024.432,0,4,Unrestricted,5956
09-11-2026,CM: Sienna GA,10-003606 REV-04,10-003606,"Label, MAC Address, Maximizer",Part,MTS,ATLN,MAIN,FALSE,Sienna Corporation,76200,0,0.172,13106.4,0,4,Unrestricted,76200
09-11-2026,CM: Sienna GA,10-003606 REV-04,10-003606,"Label, MAC Address, Maximizer",Part,MTS,ATLN,LINE,FALSE,Sienna Corporation,111347,0,0.172,19151.684,0,4,Unrestricted,111347
09-11-2026,CM: Sienna GA,10-003606 REV-04,10-003606,"Label, MAC Address, Maximizer",Part,MTS,ATLN,PCKD,FALSE,Sienna Corporation,10000,0,0.172,1720,0,4,Unrestricted,10000
09-11-2026,CM: Sienna GA,10-003617 REV-06,10-003617,"Label, WiFi, Inverter",Assembly,MTS,ATLN,LINE,FALSE,Sienna Corporation,1500,0,0.0835,125.25,0,6,Unrestricted,1500
09-11-2026,CM: Qualitel WA,814L-10-003623,10-003623,3.4MM SMT SOCKET,Electrical Components,OTS,"Seattle, WA",Stock,FALSE,Qualitel,17634,0,2.32,40910.88,0,0,Unrestricted,17634
09-11-2026,CM: Sienna GA,10-003623 REV-1,10-003623,3.4MM SMT SOCKET,Electrical Components,OTS,ATLN,PAMS,FALSE,Sienna Corporation,4600,0,2.99,13754,0,1,Unrestricted,4600
09-11-2026,CM: Sienna GA,10-003623 REV-1,10-003623,3.4MM SMT SOCKET,Electrical Components,OTS,ATLN,LINE,FALSE,Sienna Corporation,4677,0,2.99,13984.23,0,1,Unrestricted,4677
09-11-2026,CM: Sienna GA,10-003623 REV-1,10-003623,3.4MM SMT SOCKET,Electrical Components,OTS,ATLN,RIQC,FALSE,Sienna Corporation,18000,0,2.99,53820,0,1,Unrestricted,18000
09-11-2026,CM: Sienna GA,10-003623 REV-1,10-003623,3.4MM SMT SOCKET,Electrical Components,OTS,ATLN,MAIN,FALSE,Sienna Corporation,7012,0,2.99,20965.88,0,1,Unrestricted,7012
09-11-2026,Lunar Netsuite,10-003650,10-003650,RES SMD 2K OHM 1% 1/16W 0402,Electrical Components,OTS,JIT - Reno,NS,FALSE,Lunar Energy,1000,0,0.0104,10.4,0,0,Unrestricted,1000
09-11-2026,CM: Sienna GA,10-003671 REV-05,10-003671,"Home Controller,Molded",Assembly,MTS,ATLN,MRB,FALSE,Sienna Corporation,0,11,0,0,0,5,Restricted,0
09-11-2026,CM: Sienna GA,10-003671 REV-05,10-003671,"Home Controller,Molded",Assembly,MTS,ATLN,LINE,FALSE,Sienna Corporation,199,0,0,0,0,5,Unrestricted,199
09-11-2026,CM: Sienna GA,10-003671 REV-05,10-003671,"Home Controller,Molded",Assembly,MTS,ATLN,PDRW,FALSE,Sienna Corporation,1,0,0,0,0,5,Unrestricted,1
09-11-2026,Lunar Netsuite,10-003682,10-003682,RAIL-TO-RAIL INPUT PUSH-PULL OUT,Electrical Components,OTS,CCL (Computer Components Ltd),NS,FALSE,Lunar Energy,5607,0,0.76,4261.32,0,0,Unrestricted,5607
09-11-2026,Lunar Netsuite,10-003683,10-003683,RES 500 OHM 0.1% 1/10W 0603,Electrical Components,OTS,CCL (Computer Components Ltd),NS,FALSE,Lunar Energy,5000,0,0.072,360,0,0,Unrestricted,5000
09-11-2026,Lunar Netsuite,10-003684,10-003684,RES 750 OHM 1% 1/8W 0603,Electrical Components,OTS,CCL (Computer Components Ltd),NS,FALSE,Lunar Energy,5000,0,0.0053,26.5,0,0,Unrestricted,5000
09-11-2026,Lunar Netsuite,10-003685,10-003685,RES 240 OHM 1% 1/10W 0603,Electrical Components,OTS,CCL (Computer Components Ltd),NS,FALSE,Lunar Energy,5000,0,0.0017,8.5,0,0,Unrestricted,5000
09-11-2026,CM: Sienna GA,10-003689 REV-01,10-003689,"Screw, SEMS, M3x0.5x8, Belleville Conical Washer",Part,OTS,ATLN,MAIN,FALSE,Sienna Corporation,4839,0,0.073,353.247,0,1,Unrestricted,4839
09-11-2026,CM: Sienna GA,10-003690 REV-01,10-003690,"Screw, SEMS, M3x0.5x35, Belleville Conical Washer",Part,OTS,ATLN,RQ71,FALSE,Sienna Corporation,2000,0,0.16,320,0,1,Unrestricted,2000
09-11-2026,CM: Sienna GA,10-003690 REV-01,10-003690,"Screw, SEMS, M3x0.5x35, Belleville Conical Washer",Part,OTS,ATLN,LINE,FALSE,Sienna Corporation,9231,0,0.16,1476.96,0,1,Unrestricted,9231
09-11-2026,CM: Sienna GA,10-003692 REV-01,10-003692,RES SMD 887 OHM 0.1% 1/16W 0402 AEC-Q,Electrical Components,OTS,ATLN,MAIN,FALSE,Sienna Corporation,10000,0,0.047,470,0,1,Unrestricted,10000
09-11-2026,CM: Sienna GA,10-003692 REV-01,10-003692,RES SMD 887 OHM 0.1% 1/16W 0402 AEC-Q,Electrical Components,OTS,ATLN,LINE,FALSE,Sienna Corporation,8563,0,0.047,402.461,0,1,Unrestricted,8563
09-11-2026,CM: Sienna GA,10-003693 REV-01,10-003693,RES 107 OHM 1% 1/16W 0402,Electrical Components,OTS,ATLN,LINE,FALSE,Sienna Corporation,8452,0,0.0009,7.6068,0,1,Unrestricted,8452
09-11-2026,CM: Sienna GA,10-003701 REV-01,10-003701,"Inductor, Common Mode Choke, Through Hole, Integrated Heat Conduction Bridge, Machined / 3D print",Electrical Components,OTS,ATLN,RH35,FALSE,Sienna Corporation,1280,0,19.44,24883.2,0,1,Unrestricted,1280
09-11-2026,CM: Sienna GA,10-003701 REV-01,10-003701,"Inductor, Common Mode Choke, Through Hole, Integrated Heat Conduction Bridge, Machined / 3D print",Electrical Components,OTS,ATLN,RK14,FALSE,Sienna Corporation,1493,0,19.44,29023.92,0,1,Unrestricted,1493
09-11-2026,CM: Sienna GA,10-003701 REV-01,10-003701,"Inductor, Common Mode Choke, Through Hole, Integrated Heat Conduction Bridge, Machined / 3D print",Electrical Components,OTS,ATLN,RI53,FALSE,Sienna Corporation,179,0,19.44,3479.76,0,1,Unrestricted,179
09-11-2026,CM: Sienna GA,10-003701 REV-01,10-003701,"Inductor, Common Mode Choke, Through Hole, Integrated Heat Conduction Bridge, Machined / 3D print",Electrical Components,OTS,ATLN,RH11,FALSE,Sienna Corporation,104,0,19.44,2021.76,0,1,Unrestricted,104
09-11-2026,CM: Sienna GA,10-003701 REV-01,10-003701,"Inductor, Common Mode Choke, Through Hole, Integrated Heat Conduction Bridge, Machined / 3D print",Electrical Components,OTS,ATLN,RR41,FALSE,Sienna Corporation,832,0,19.44,16174.08,0,1,Unrestricted,832
09-11-2026,CM: Sienna GA,10-003701 REV-01,10-003701,"Inductor, Common Mode Choke, Through Hole, Integrated Heat Conduction Bridge, Machined / 3D print",Electrical Components,OTS,ATLN,RI25,FALSE,Sienna Corporation,944,0,19.44,18351.36,0,1,Unrestricted,944
09-11-2026,CM: Qualitel WA,814L-10-003701,10-003701,"Inductor, Common Mode Choke, Through Hole, Integrated Heat Conduction Bridge, Machined / 3D print",Electrical Components,OTS,"Seattle, WA",Stock,FALSE,Qualitel,3924,0,16.2,63568.8,0,0,Unrestricted,3924
09-11-2026,CM: Sienna GA,10-003701 REV-01,10-003701,"Inductor, Common Mode Choke, Through Hole, Integrated Heat Conduction Bridge, Machined / 3D print",Electrical Components,OTS,ATLN,PAMS,FALSE,Sienna Corporation,231,0,19.44,4490.64,0,1,Unrestricted,231
09-11-2026,CM: Sienna GA,10-003701 REV-01,10-003701,"Inductor, Common Mode Choke, Through Hole, Integrated Heat Conduction Bridge, Machined / 3D print",Electrical Components,OTS,ATLN,RJ44,FALSE,Sienna Corporation,928,0,19.44,18040.32,0,1,Unrestricted,928
09-11-2026,CM: Sienna GA,10-003701 REV-01,10-003701,"Inductor, Common Mode Choke, Through Hole, Integrated Heat Conduction Bridge, Machined / 3D print",Electrical Components,OTS,ATLN,RK16,FALSE,Sienna Corporation,576,0,19.44,11197.44,0,1,Unrestricted,576
09-11-2026,CM: Sienna GA,10-003701 REV-01,10-003701,"Inductor, Common Mode Choke, Through Hole, Integrated Heat Conduction Bridge, Machined / 3D print",Electrical Components,OTS,ATLN,RH25,FALSE,Sienna Corporation,1179,0,19.44,22919.76,0,1,Unrestricted,1179
09-11-2026,CM: Sienna GA,10-003701 REV-01,10-003701,"Inductor, Common Mode Choke, Through Hole, Integrated Heat Conduction Bridge, Machined / 3D print",Electrical Components,OTS,ATLN,RJ64,FALSE,Sienna Corporation,119,0,19.44,2313.36,0,1,Unrestricted,119
09-11-2026,CM: Sienna GA,10-003701 REV-01,10-003701,"Inductor, Common Mode Choke, Through Hole, Integrated Heat Conduction Bridge, Machined / 3D print",Electrical Components,OTS,ATLN,RJ22,FALSE,Sienna Corporation,18,0,19.44,349.92,0,1,Unrestricted,18
09-11-2026,CM: Sienna GA,10-003701 REV-01,10-003701,"Inductor, Common Mode Choke, Through Hole, Integrated Heat Conduction Bridge, Machined / 3D print",Electrical Components,OTS,ATLN,RR52,FALSE,Sienna Corporation,896,0,19.44,17418.24,0,1,Unrestricted,896
09-11-2026,CM: Sienna GA,10-003701 REV-01,10-003701,"Inductor, Common Mode Choke, Through Hole, Integrated Heat Conduction Bridge, Machined / 3D print",Electrical Components,OTS,ATLN,RIQC,FALSE,Sienna Corporation,213,0,19.44,4140.72,0,1,Unrestricted,213
09-11-2026,CM: Sienna GA,10-003701 REV-01,10-003701,"Inductor, Common Mode Choke, Through Hole, Integrated Heat Conduction Bridge, Machined / 3D print",Electrical Components,OTS,ATLN,LINE,FALSE,Sienna Corporation,926,0,19.44,18001.44,0,1,Unrestricted,926
09-11-2026,CM: Celestica MX,10-0037083MS,10-003708,CRYSTAL 32.7680KHZ 9PF SMD,Electrical Components,OTS,Monterrey Prod,1000,FALSE,Celestica,-2,0,0.63,-1.26,0,0,Unrestricted,-2
09-11-2026,CM: Qualitel WA,814L-10-003708,10-003708,CRYSTAL 32.7680KHZ 9PF SMD,Electrical Components,OTS,"Seattle, WA",PO Inspection,FALSE,Qualitel,0,100,0.474,0,47.4,0,Restricted,0
09-11-2026,CM: Qualitel WA,814L-10-003708,10-003708,CRYSTAL 32.7680KHZ 9PF SMD,Electrical Components,OTS,"Seattle, WA",Stock,FALSE,Qualitel,13753,0,0.474,6518.922,0,0,Unrestricted,13753
09-11-2026,Lunar Netsuite,10-003708,10-003708,CRYSTAL 32.7680KHZ 9PF SMD,Electrical Components,OTS,JIT - Reno,NS,FALSE,Lunar Energy,20069,0,0.63,12643.47,0,0,Unrestricted,15069
09-11-2026,CM: Qualitel WA,814L-10-003708,10-003708,CRYSTAL 32.7680KHZ 9PF SMD,Electrical Components,OTS,"Seattle, WA",MRB,FALSE,Qualitel,0,100,0.474,0,47.4,0,Restricted,0
09-11-2026,CM: Qualitel WA,814L-10-003717,10-003717,"Terminal Connector, Pin, 3.4mm x 45mm, PWB Fastener Mount, 75A, 7mm Drive",Electrical Components,OTS,"Seattle, WA",Stock,FALSE,Qualitel,10020,0,1.88,18837.6,0,0,Unrestricted,10020
09-11-2026,CM: Qualitel WA,814L-10-003717,10-003717,"Terminal Connector, Pin, 3.4mm x 45mm, PWB Fastener Mount, 75A, 7mm Drive",Electrical Components,OTS,"Seattle, WA",MRB,FALSE,Qualitel,0,73,1.88,0,137.24,0,Restricted,0
09-11-2026,CM: Sienna GA,10-003717 REV-01,10-003717,"Terminal Connector, Pin, 3.4mm x 45mm, PWB Fastener Mount, 75A, 7mm Drive",Electrical Components,OTS,ATLN,RIQC,FALSE,Sienna Corporation,9039,0,1.96,17716.44,0,1,Unrestricted,9039
09-11-2026,CM: Sienna GA,10-003717 REV-01,10-003717,"Terminal Connector, Pin, 3.4mm x 45mm, PWB Fastener Mount, 75A, 7mm Drive",Electrical Components,OTS,ATLN,MAIN,FALSE,Sienna Corporation,300,0,1.96,588,0,1,Unrestricted,300
09-11-2026,CM: Qualitel WA,814L-10-003717,10-003717,"Terminal Connector, Pin, 3.4mm x 45mm, PWB Fastener Mount, 75A, 7mm Drive",Electrical Components,OTS,"Seattle, WA",PO Inspection,FALSE,Qualitel,0,73,1.88,0,137.24,0,Restricted,0
09-11-2026,CM: Qualitel WA,814L-10-003722,10-003722,CAP CER 9PF 50V C0G 0402 AEC-Q,Electrical Components,OTS,"Seattle, WA",Stock,FALSE,Qualitel,11911,0,0.0042,50.0262,0,0,Unrestricted,11911
09-11-2026,CM: Celestica MX,10-0037223MS,10-003722,CAP CER 9PF 50V C0G 0402 AEC-Q,Electrical Components,OTS,Monterrey Prod,1000,FALSE,Celestica,-4,0,0.003,-0.012,0,0,Unrestricted,-4
09-11-2026,CM: Sienna GA,10-003723 REV-01,10-003723,"Jumper, Inverter, RRSID",Part,OTS,ATLN,MAIN,FALSE,Sienna Corporation,292,0,0.77,224.84,0,1,Unrestricted,292
09-11-2026,CM: Sienna GA,10-003723 REV-01,10-003723,"Jumper, Inverter, RRSID",Part,OTS,ATLN,PAMS,FALSE,Sienna Corporation,869,0,0.77,669.13,0,1,Unrestricted,869
09-11-2026,CM: Sienna GA,10-003723 REV-01,10-003723,"Jumper, Inverter, RRSID",Part,OTS,ATLN,LINE,FALSE,Sienna Corporation,1174,0,0.77,903.98,0,1,Unrestricted,1174
09-11-2026,Lunar Netsuite,10-003725,10-003725,"TIM, PhaseChange, Cut to Size for Inductor CMC, Ready to Apply",Part,MTS,CA - Ravendale,NS,FALSE,Lunar Energy,80,0,0.095,7.6,0,0,Unrestricted,80
09-11-2026,CM: Sienna GA,10-003725 REV-01,10-003725,"TIM, PhaseChange, Cut to Size for Inductor CMC, Ready to Apply",Part,MTS,ATLN,LINE,FALSE,Sienna Corporation,3609,0,0.4,1443.6,0,1,Unrestricted,3609
09-11-2026,CM: Sienna GA,10-003725 REV-01,10-003725,"TIM, PhaseChange, Cut to Size for Inductor CMC, Ready to Apply",Part,MTS,ATLN,PAWH,FALSE,Sienna Corporation,3000,0,0.4,1200,0,1,Unrestricted,3000
09-11-2026,CM: Sienna GA,10-003725 REV-01,10-003725,"TIM, PhaseChange, Cut to Size for Inductor CMC, Ready to Apply",Part,MTS,ATLN,PCKD,FALSE,Sienna Corporation,2800,0,0.4,1120,0,1,Unrestricted,2800
09-11-2026,CM: Sienna GA,10-003729 REV-01,10-003729,RES 0 OHM JUMPER 1/4W 1206 AEC-Q,Electrical Components,OTS,ATLN,LINE,FALSE,Sienna Corporation,4950,0,0.0031,15.345,0,1,Unrestricted,4950
09-11-2026,CM: Sienna GA,10-003730 REV-01,10-003730,CAP CER 0.047UF 50V X7R 0603 AEC-Q,Electrical Components,OTS,ATLN,MAIN,FALSE,Sienna Corporation,8000,0,0.0308,246.4,0,1,Unrestricted,8000
09-11-2026,CM: Celestica MX,10-0037303MS,10-003730,CAP CER 0.047UF 50V X7R 0603 AEC-Q,Electrical Components,OTS,Monterrey Prod,1000,FALSE,Celestica,-2,0,0.013,-0.026,0,0,Unrestricted,-2
09-11-2026,CM: Sienna GA,10-003730 REV-01,10-003730,CAP CER 0.047UF 50V X7R 0603 AEC-Q,Electrical Components,OTS,ATLN,LINE,FALSE,Sienna Corporation,19201,0,0.0308,591.3908,0,1,Unrestricted,19201
09-11-2026,CM: Qualitel WA,814L-10-003730,10-003730,CAP CER 0.047UF 50V X7R 0603 AEC-Q,Electrical Components,OTS,"Seattle, WA",Stock,FALSE,Qualitel,24227,0,0.0071,172.0117,0,0,Unrestricted,24227
09-11-2026,CM: Sienna GA,10-003732 REV-01,10-003732,CAP CER 2200PF 250VAC X7R 2211,Electrical Components,OTS,ATLN,MAIN,FALSE,Sienna Corporation,1292,0,1.16,1498.72,0,1,Unrestricted,1292
09-11-2026,CM: Sienna GA,10-003732 REV-01,10-003732,CAP CER 2200PF 250VAC X7R 2211,Electrical Components,OTS,ATLN,LINE,FALSE,Sienna Corporation,18769,0,1.16,21772.04,0,1,Unrestricted,18769
09-11-2026,CM: Sienna GA,10-003733 REV-01,10-003733,CMC 11MH 900MA 2LN TH,Electrical Components,OTS,ATLN,LPAC,FALSE,Sienna Corporation,571,0,1.68,959.28,0,1,Unrestricted,571
09-11-2026,CM: Sienna GA,10-003733 REV-01,10-003733,CMC 11MH 900MA 2LN TH,Electrical Components,OTS,ATLN,LINE,FALSE,Sienna Corporation,807,0,1.68,1355.76,0,1,Unrestricted,807
09-11-2026,CM: Sienna GA,10-003733 REV-01,10-003733,CMC 11MH 900MA 2LN TH,Electrical Components,OTS,ATLN,MAIN,FALSE,Sienna Corporation,5629,0,1.68,9456.72,0,1,Unrestricted,5629
09-11-2026,CM: Sienna GA,10-003740 REV-1,10-003740,IC REG LINEAR 5V 1.5A D2PAK,Electrical Components,OTS,ATLN,LINE,FALSE,Sienna Corporation,1875,0,0.554,1038.75,0,1,Unrestricted,1875
09-11-2026,CM: Sienna GA,10-003740 REV-1,10-003740,IC REG LINEAR 5V 1.5A D2PAK,Electrical Components,OTS,ATLN,MAIN,FALSE,Sienna Corporation,3000,0,0.554,1662,0,1,Unrestricted,3000
09-11-2026,CM: Qualitel WA,814L-10-003740,10-003740,IC REG LINEAR 5V 1.5A D2PAK,Electrical Components,OTS,"Seattle, WA",Stock,FALSE,Qualitel,12587,0,0.186,2341.182,0,0,Unrestricted,12587
09-11-2026,Lunar Netsuite,10-003755,10-003755,DC DC CONVERTER 15V 2W,Electrical Components,OTS,JIT - Reno,NS,FALSE,Lunar Energy,857,0,3.8084,3263.7988,0,0,Unrestricted,857
09-11-2026,CM: Sienna GA,C10-003756 REV-03,10-003756,"PCB Pin, 0.762mm x 24mm",Part,MTS,ATLN,WHS2,TRUE,Lunar Energy,9,0,0,0,0,3,Unrestricted,9
09-11-2026,CM: Sienna GA,10-003756 REV-03,10-003756,"PCB Pin, 0.762mm x 24mm",Part,MTS,ATLN,MAIN,FALSE,Sienna Corporation,5916,0,0.87,5146.92,0,3,Unrestricted,5916
09-11-2026,CM: Sienna GA,10-003756 REV-03,10-003756,"PCB Pin, 0.762mm x 24mm",Part,MTS,ATLN,PCKD,FALSE,Sienna Corporation,1000,0,0.87,870,0,3,Unrestricted,1000
09-11-2026,Lunar Netsuite,10-003756,10-003756,"PCB Pin, 0.762mm x 24mm",Part,MTS,Sienna Corporation - GA,NS,FALSE,Lunar Energy,9,0,1.39,12.51,0,0,Unrestricted,0
09-11-2026,CM: Sienna GA,10-003758 REV-04,10-003758,"Tab, PCBA Grounding, Maximizer Released",Part,MTS,ATLN,PAMS,FALSE,Sienna Corporation,17172,0,0.23,3949.56,0,4,Unrestricted,17172
09-11-2026,CM: Sienna GA,10-003758 REV-04,10-003758,"Tab, PCBA Grounding, Maximizer Released",Part,MTS,ATLN,RIQC,FALSE,Sienna Corporation,24955,0,0.23,5739.65,0,4,Unrestricted,24955
09-11-2026,CM: Sienna GA,10-003758 REV-04,10-003758,"Tab, PCBA Grounding, Maximizer Released",Part,MTS,ATLN,LINE,FALSE,Sienna Corporation,15832,0,0.23,3641.36,0,4,Unrestricted,15832
09-11-2026,CM: Sienna GA,10-003758 REV-04,10-003758,"Tab, PCBA Grounding, Maximizer Released",Part,MTS,ATLN,MAIN,FALSE,Sienna Corporation,1763,0,0.23,405.49,0,4,Unrestricted,1763
09-11-2026,CM: Sienna GA,10-003759 REV-01,10-003759,IC FLASH 16MBIT SPI/QUAD 8SOIC,Electrical Components,OTS,ATLN,MAIN,FALSE,Sienna Corporation,27498,0,0.285,7836.93,0,1,Unrestricted,27498
09-11-2026,Lunar Netsuite,10-003759,10-003759,IC FLASH 16MBIT SPI/QUAD 8SOIC,Electrical Components,OTS,CA - Ravendale,NS,FALSE,Lunar Energy,3132,0,1.3003,4072.5396,0,0,Unrestricted,3132
09-11-2026,CM: Celestica MX,10-0037593MS,10-003759,IC FLASH 16MBIT SPI/QUAD 8SOIC,Electrical Components,OTS,Monterrey Prod,1000,FALSE,Celestica,-2,0,0.23,-0.46,0,0,Unrestricted,-2
09-11-2026,CM: Qualitel WA,814L-10-002294,10-003759,IC FLASH 16MBIT SPI/QUAD 8SOIC,Electrical Components,OTS,"Seattle, WA",Stock,FALSE,Qualitel,11916,0,0.3876,4618.6416,0,0,Unrestricted,11916
09-11-2026,CM: Qualitel WA,814L-10-003759,10-003759,IC FLASH 16MBIT SPI/QUAD 8SOIC,Electrical Components,OTS,"Seattle, WA",Stock,FALSE,Qualitel,25177,0,0.253,6369.781,0,0,Unrestricted,25177
09-11-2026,CM: Sienna GA,10-003759 REV-01,10-003759,IC FLASH 16MBIT SPI/QUAD 8SOIC,Electrical Components,OTS,ATLN,LINE,FALSE,Sienna Corporation,4763,0,0.285,1357.455,0,1,Unrestricted,4763
09-11-2026,CM: Sienna GA,10-003772 REV-03,10-003772,"Clip, Wire Harness Pair, Maximizer",Part,MTS,ATLN,LINE,FALSE,Sienna Corporation,3479,0,0.18,626.22,0,3,Unrestricted,3479
09-11-2026,CM: Sienna GA,10-003772 REV-03,10-003772,"Clip, Wire Harness Pair, Maximizer",Part,MTS,ATLN,WHS2,FALSE,Sienna Corporation,19200,0,0.18,3456,0,3,Unrestricted,19200
09-11-2026,Lunar Netsuite,10-003778,10-003778,DIODE SCHOTTKY 150V 1A SMA AEC-Q,Electrical Components,OTS,JIT - Reno,NS,FALSE,Lunar Energy,1000,0,0.136,136,0,0,Unrestricted,1000
09-11-2026,CM: Sienna GA,10-003778 REV-01,10-003778,DIODE SCHOTTKY 150V 1A SMA AEC-Q,Electrical Components,OTS,ATLN,MAIN,FALSE,Sienna Corporation,63000,0,0.0958,6035.4,0,1,Unrestricted,63000
09-11-2026,CM: Sienna GA,10-003778 REV-01,10-003778,DIODE SCHOTTKY 150V 1A SMA AEC-Q,Electrical Components,OTS,ATLN,LINE,FALSE,Sienna Corporation,9139,0,0.0958,875.5162,0,1,Unrestricted,9139
09-11-2026,CM: Qualitel WA,814L-10-003778,10-003778,DIODE SCHOTTKY 150V 1A SMA AEC-Q,Electrical Components,OTS,"Seattle, WA",Stock,FALSE,Qualitel,45031,0,0.069,3107.139,0,0,Unrestricted,45031
09-11-2026,CM: Sienna GA,10-003794 REV-02,10-003794,"Label, Wire Routing Diagram, PV Hub",Part,MTS,ATLN,MAIN,FALSE,Sienna Corporation,2895,0,0.165,477.675,0,2,Unrestricted,2895
09-11-2026,CM: Sienna GA,10-003794 REV-02,10-003794,"Label, Wire Routing Diagram, PV Hub",Part,MTS,ATLN,PCKD,FALSE,Sienna Corporation,1000,0,0.165,165,0,2,Unrestricted,1000
09-11-2026,CM: Sienna GA,10-003805 REV-03,10-003805,"Wire Harness, CAN Jumper, Bridge",Part,MTS,ATLN,LINE,FALSE,Sienna Corporation,51,0,0,0,0,3,Unrestricted,51
09-11-2026,CM: Sienna GA,10-003805 REV-03,10-003805,"Wire Harness, CAN Jumper, Bridge",Part,MTS,ATLN,RPB2,FALSE,Sienna Corporation,950,0,0,0,0,3,Unrestricted,950
09-11-2026,CM: Sienna GA,10-003805 REV-03,10-003805,"Wire Harness, CAN Jumper, Bridge",Part,MTS,ATLN,RIQC,FALSE,Sienna Corporation,1067,0,0,0,0,3,Unrestricted,1067
09-11-2026,CM: Sienna GA,10-003808 REV-03,10-003808,"N/G Bar Sock, Left Side, Bridge",Part,MTS,ATLN,LINE,FALSE,Sienna Corporation,448,0,0.23,103.04,0,3,Unrestricted,448
09-11-2026,CM: Sienna GA,10-003809 REV-03,10-003809,"N/G Bar Sock, Right Side, Bridge",Part,MTS,ATLN,LINE,FALSE,Sienna Corporation,521,0,0.23,119.83,0,3,Unrestricted,521
09-11-2026,CM: Sienna GA,10-003810 REV-01,10-003810,"Screw, Sheet Metal, M3x8mm, Steel, ZiNi Plated",Part,OTS,ATLN,PAWH,FALSE,Sienna Corporation,4600,0,0.045,207,0,1,Unrestricted,4600
09-11-2026,CM: Sienna GA,10-003810 REV-01,10-003810,"Screw, Sheet Metal, M3x8mm, Steel, ZiNi Plated",Part,OTS,ATLN,MAIN,FALSE,Sienna Corporation,2033,0,0.045,91.485,0,1,Unrestricted,2033
09-11-2026,CM: Sienna GA,10-003810 REV-01,10-003810,"Screw, Sheet Metal, M3x8mm, Steel, ZiNi Plated",Part,OTS,ATLN,LINE,FALSE,Sienna Corporation,11159,0,0.045,502.155,0,1,Unrestricted,11159
09-11-2026,CM: Sienna GA,10-003828 REV-1,10-003828,RES 300 OHM 5% 1/4W 1206 AEC-Q,Electrical Components,OTS,ATLN,LINE,FALSE,Sienna Corporation,20568,0,0.0028,57.5904,0,1,Unrestricted,20568
09-11-2026,CM: Qualitel WA,814L-10-003828,10-003828,RES 300 OHM 5% 1/4W 1206 AEC-Q,Electrical Components,OTS,"Seattle, WA",Stock,FALSE,Qualitel,55003,0,0.0028,154.0084,0,0,Unrestricted,55003
09-11-2026,CM: Qualitel WA,814L-10-003829,10-003829,CAP CER 330PF 450V C0G/NP0 0805 AEC-Q,Electrical Components,OTS,"Seattle, WA",Stock,FALSE,Qualitel,10724,0,0.0029,31.0996,0,0,Unrestricted,10724
09-11-2026,CM: Sienna GA,10-003829 REV-1,10-003829,CAP CER 330PF 450V C0G/NP0 0805 AEC-Q,Electrical Components,OTS,ATLN,LINE,FALSE,Sienna Corporation,5061,0,0.058,293.538,0,1,Unrestricted,5061
09-11-2026,CM: Sienna GA,10-003833 REV-01,10-003833,CAP CER 4.7UF 16V X7R 0603,Electrical Components,OTS,ATLN,LINE,FALSE,Sienna Corporation,36462,0,0.0338,1232.4156,0,1,Unrestricted,36462
09-11-2026,CM: Qualitel WA,814L-10-003833,10-003833,CAP CER 4.7UF 16V X7R 0603,Electrical Components,OTS,"Seattle, WA",Stock,FALSE,Qualitel,16495,0,0.0249,410.7255,0,0,Unrestricted,16495
09-11-2026,CM: Qualitel WA,814L-10-003834,10-003834,CRYSTAL 12.0000MHZ 8PF SMD,Electrical Components,OTS,"Seattle, WA",PO Inspection,FALSE,Qualitel,0,30,0.153,0,4.59,0,Restricted,0
09-11-2026,CM: Sienna GA,10-003834 REV-1,10-003834,CRYSTAL 12.0000MHZ 8PF SMD,Electrical Components,OTS,ATLN,LPAC,FALSE,Sienna Corporation,0,0,0.1684,0,0,1,Unrestricted,0
09-11-2026,CM: Qualitel WA,814L-10-003834,10-003834,CRYSTAL 12.0000MHZ 8PF SMD,Electrical Components,OTS,"Seattle, WA",Stock,FALSE,Qualitel,8589,0,0.153,1314.117,0,0,Unrestricted,8589
09-11-2026,CM: Sienna GA,10-003834 REV-1,10-003834,CRYSTAL 12.0000MHZ 8PF SMD,Electrical Components,OTS,ATLN,LINE,FALSE,Sienna Corporation,3716,0,0.1684,625.7744,0,1,Unrestricted,3716
09-11-2026,CM: Qualitel WA,814L-10-003834,10-003834,CRYSTAL 12.0000MHZ 8PF SMD,Electrical Components,OTS,"Seattle, WA",MRB,FALSE,Qualitel,0,30,0.153,0,4.59,0,Restricted,0
09-11-2026,CM: Sienna GA,10-003837 REV-01,10-003837,"Connector, Socket, WAGO, 4 POS, SMT",Electrical Components,OTS,ATLN,LINE,FALSE,Sienna Corporation,499,0,2.78,1387.22,0,1,Unrestricted,499
09-11-2026,CM: Sienna GA,10-003837 REV-01,10-003837,"Connector, Socket, WAGO, 4 POS, SMT",Electrical Components,OTS,ATLN,MAIN,FALSE,Sienna Corporation,1338,0,2.78,3719.64,0,1,Unrestricted,1338
09-11-2026,CM: Sienna GA,10-003838 REV-02,10-003838,"Connector, Socket, WAGO, 6 POS, SMT",Electrical Components,OTS,ATLN,LINE,FALSE,Sienna Corporation,516,0,4.08,2105.28,0,2,Unrestricted,516
09-11-2026,CM: Sienna GA,10-003838 REV-02,10-003838,"Connector, Socket, WAGO, 6 POS, SMT",Electrical Components,OTS,ATLN,RIQC,FALSE,Sienna Corporation,35,0,4.08,142.8,0,2,Unrestricted,35
09-11-2026,CM: Sienna GA,10-003838 REV-02,10-003838,"Connector, Socket, WAGO, 6 POS, SMT",Electrical Components,OTS,ATLN,MAIN,FALSE,Sienna Corporation,1319,0,4.08,5381.52,0,2,Unrestricted,1319
09-11-2026,CM: Sienna GA,10-003839 REV-01,10-003839,"SEMS Screw, M3x0.5x5,ConicalLockingWasher,BHT,Cl8.8,Zn",Part,OTS,ATLN,MAIN,FALSE,Sienna Corporation,2925,0,0.044,128.7,0,1,Unrestricted,2925
09-11-2026,Lunar Netsuite,10-003852,10-003852,CONN MICRO SIM CARD PUSH-PULL,Electrical Components,OTS,CCL (Computer Components Ltd),NS,FALSE,Lunar Energy,24000,0,0.575,13800,0,0,Unrestricted,24000
09-11-2026,CM: Sienna GA,C10-003856 REV-1,10-003856,CONN HEADER VERT 3POS 2.5MM,Electrical Components,OTS,ATLN,WT11,TRUE,Lunar Energy,4800,0,0,0,0,1,Unrestricted,4800
09-11-2026,Lunar Netsuite,10-003856,10-003856,CONN HEADER VERT 3POS 2.5MM,Electrical Components,OTS,CCL (Computer Components Ltd),NS,FALSE,Lunar Energy,10000,0,0.159,1590,0,0,Unrestricted,10000
09-11-2026,Lunar Netsuite,10-003856,10-003856,CONN HEADER VERT 3POS 2.5MM,Electrical Components,OTS,Sienna Corporation - GA,NS,FALSE,Lunar Energy,4800,0,0.158,758.4,0,0,Unrestricted,0
09-11-2026,Lunar Netsuite,10-003867,10-003867,RES SMD 1.2K OHM 1% 1/10W 0603 AEC-Q,Electrical Components,OTS,CCL (Computer Components Ltd),NS,FALSE,Lunar Energy,90000,0,0.002,180,0,0,Unrestricted,90000
09-11-2026,Lunar Netsuite,10-003867,10-003867,RES SMD 1.2K OHM 1% 1/10W 0603 AEC-Q,Electrical Components,OTS,CA - Ravendale,NS,FALSE,Lunar Energy,10000,0,0.0026,26,0,0,Unrestricted,10000
09-11-2026,CM: Sienna GA,10-003870 REV-01,10-003870,DIODE GEN PURP 800V 3A SMC,Electrical Components,OTS,ATLN,LINE,FALSE,Sienna Corporation,2123,0,0.0894,189.7962,0,1,Unrestricted,2123
09-11-2026,Lunar Netsuite,10-003870,10-003870,DIODE GEN PURP 800V 3A SMC,Electrical Components,OTS,JIT - Reno,NS,FALSE,Lunar Energy,6000,0,0.11,660,0,0,Unrestricted,4000
09-11-2026,CM: Sienna GA,10-003870 REV-01,10-003870,DIODE GEN PURP 800V 3A SMC,Electrical Components,OTS,ATLN,RIQC,FALSE,Sienna Corporation,3000,0,0.0894,268.2,0,1,Unrestricted,3000
09-11-2026,Lunar Netsuite,10-003871,10-003871,RES SMD 5.1K OHM 1% 1/10W 0603,Electrical Components,OTS,CCL (Computer Components Ltd),NS,FALSE,Lunar Energy,485000,0,0.0037,1794.5,0,0,Unrestricted,485000
09-11-2026,Lunar Netsuite,10-003879,10-003879,DIODE SCHOTTKY 80V 3A SMC,Electrical Components,OTS,CCL (Computer Components Ltd),NS,FALSE,Lunar Energy,6000,0,0.133,798,0,0,Unrestricted,6000
09-11-2026,CM: Sienna GA,10-003885 REV-06,10-003885,"Antenna Box, Top, Maximizer",Part,MTS,ATLN,LINE,FALSE,Sienna Corporation,8577,0,0,0,0,6,Unrestricted,8577
09-11-2026,CM: Sienna GA,10-003885 REV-05,10-003885,"Antenna Box, Top, Maximizer",Part,MTS,ATLN,RL11,FALSE,Sienna Corporation,4824,0,0.14,675.36,0,5,Unrestricted,4824
09-11-2026,CM: Sienna GA,10-003885 REV-05,10-003885,"Antenna Box, Top, Maximizer",Part,MTS,ATLN,RIQC,FALSE,Sienna Corporation,5,0,0.14,0.7,0,5,Unrestricted,5
09-11-2026,CM: Sienna GA,10-003885 REV-05,10-003885,"Antenna Box, Top, Maximizer",Part,MTS,ATLN,LPAC,FALSE,Sienna Corporation,93,0,0.14,13.02,0,5,Unrestricted,93
09-11-2026,CM: Sienna GA,10-003885 REV-06,10-003885,"Antenna Box, Top, Maximizer",Part,MTS,ATLN,RIQC,FALSE,Sienna Corporation,48373,0,0,0,0,6,Unrestricted,48373
09-11-2026,CM: Sienna GA,OBS10-003886 REV-03,10-003886,"Antenna Box, Bottom, Maximizer",Part,MTS,ATLN,LINE,FALSE,Sienna Corporation,38,0,0,0,0,3,Unrestricted,38
09-11-2026,CM: Sienna GA,10-003886 REV-05,10-003886,"Antenna Box, Bottom, Maximizer",Part,MTS,ATLN,RIQC,FALSE,Sienna Corporation,64110,0,0,0,0,5,Unrestricted,64110
09-11-2026,CM: Sienna GA,10-003886 REV-04,10-003886,"Antenna Box, Bottom, Maximizer",Part,MTS,ATLN,RL11,FALSE,Sienna Corporation,1998,0,0.14,279.72,0,4,Unrestricted,1998
09-11-2026,CM: Sienna GA,10-003886 REV-05,10-003886,"Antenna Box, Bottom, Maximizer",Part,MTS,ATLN,LINE,FALSE,Sienna Corporation,4326,0,0,0,0,5,Unrestricted,4326
09-11-2026,CM: Sienna GA,10-003886 REV-04,10-003886,"Antenna Box, Bottom, Maximizer",Part,MTS,ATLN,RIQC,FALSE,Sienna Corporation,6,0,0.14,0.84,0,4,Unrestricted,6
09-11-2026,CM: Sienna GA,10-003887 REV-08,10-003887,"Foam, Antenna Box, Maximizer",Part,MTS,ATLN,RJ43,FALSE,Sienna Corporation,23096,0,0,0,0,8,Unrestricted,23096
09-11-2026,CM: Sienna GA,10-003887 REV-08,10-003887,"Foam, Antenna Box, Maximizer",Part,MTS,ATLN,LINE,FALSE,Sienna Corporation,7653,0,0,0,0,8,Unrestricted,7653
09-11-2026,CM: Sienna GA,10-003887 REV-08,10-003887,"Foam, Antenna Box, Maximizer",Part,MTS,ATLN,RIQC,FALSE,Sienna Corporation,15566,0,0,0,0,8,Unrestricted,15566
09-11-2026,CM: Sienna GA,10-003888 REV-1,10-003888,IC SWITCH SPDT SINGLE SC70-6,Electrical Components,OTS,ATLN,LINE,FALSE,Sienna Corporation,4218,0,0.406,1712.508,0,1,Unrestricted,4218
09-11-2026,CM: Sienna GA,10-003888 REV-1,10-003888,IC SWITCH SPDT SINGLE SC70-6,Electrical Components,OTS,ATLN,RIQC,FALSE,Sienna Corporation,3000,0,0.406,1218,0,1,Unrestricted,3000
09-11-2026,Lunar Netsuite,10-003888,10-003888,IC SWITCH SPDT SINGLE SC70-6,Electrical Components,OTS,NexGen Digital Inc,NS,FALSE,Lunar Energy,35000,0,0.41,14350,0,0,Unrestricted,35000
09-11-2026,Lunar Netsuite,10-003888,10-003888,IC SWITCH SPDT SINGLE SC70-6,Electrical Components,OTS,Sienna Corporation - GA,NS,FALSE,Lunar Energy,1000,0,0.6536,653.6,0,0,Unrestricted,0
09-11-2026,Lunar Netsuite,10-003888,10-003888,IC SWITCH SPDT SINGLE SC70-6,Electrical Components,OTS,JIT - Reno,NS,FALSE,Lunar Energy,6000,0,0.41,2460,0,0,Unrestricted,6000
09-11-2026,CM: Sienna GA,C10-003888 REV-1,10-003888,IC SWITCH SPDT SINGLE SC70-6,Electrical Components,OTS,ATLN,WT21,TRUE,Lunar Energy,1000,0,0,0,0,1,Unrestricted,1000
09-11-2026,Lunar Netsuite,10-003889,10-003889,FIXED IND 33UH 30A 2.4 MOHM SMD,Electrical Components,OTS,CCL (Computer Components Ltd),NS,FALSE,Lunar Energy,305,0,7.28,2220.4,0,0,Unrestricted,305
09-11-2026,Lunar Netsuite,10-003892,10-003892,CAP FILM .033UF 20% 1.25KVDC RAD,Electrical Components,OTS,CCL (Computer Components Ltd),NS,FALSE,Lunar Energy,1540,0,0.4,616,0,0,Unrestricted,1540
09-11-2026,Lunar Netsuite,10-003914,10-003914,IC BUFFER NON-INVERT 6V 20SOIC,Electrical Components,OTS,JIT - Reno,NS,FALSE,Lunar Energy,969,0,0.4354,421.9026,0,0,Unrestricted,969
09-11-2026,CM: Sienna GA,10-003914 REV-1,10-003914,IC BUFFER NON-INVERT 6V 20SOIC,Electrical Components,OTS,ATLN,MAIN,FALSE,Sienna Corporation,500,0,0.2633,131.65,0,1,Unrestricted,500
09-11-2026,CM: Sienna GA,10-003925 REV-02,10-003925,"Wire Harness,Inverter Exterior,Antenna Right",Part,MTS,ATLN,MAIN,FALSE,Sienna Corporation,2,0,0,0,0,2,Unrestricted,2
09-11-2026,Lunar Netsuite,10-003925,10-003925,"Wire Harness,Inverter Exterior,Antenna Right",Part,MTS,CA - Ravendale,NS,FALSE,Lunar Energy,37,0,48.0124,1776.4588,0,0,Unrestricted,37
09-11-2026,Lunar Netsuite,10-003926,10-003926,"Wire Harness,Inverter Exterior,Antenna Left",Part,MTS,JIT - Reno,NS,FALSE,Lunar Energy,9,0,52.83,475.47,0,0,Unrestricted,9
09-11-2026,Lunar Netsuite,10-003928,10-003928,"Harness, Trunk, 20 kWh, Type B",Part,MTS,CA - Ravendale,NS,FALSE,Lunar Energy,4,0,35.625,142.5,0,0,Unrestricted,0
09-11-2026,Lunar Netsuite,10-003928,10-003928,"Harness, Trunk, 20 kWh, Type B",Part,MTS,JIT - Reno,NS,FALSE,Lunar Energy,2,0,0,0,0,0,Unrestricted,2
09-11-2026,CM: Sienna GA,10-003929 REV-03,10-003929,"Wire Harness,Inverter,Blowers/Ambient T/LED/Motion",Part,MTS,ATLN,PAWH,FALSE,Sienna Corporation,360,0,13.84,4982.4,0,3,Unrestricted,360
09-11-2026,CM: Sienna GA,10-003929 REV-03,10-003929,"Wire Harness,Inverter,Blowers/Ambient T/LED/Motion",Part,MTS,ATLN,LPAC,FALSE,Sienna Corporation,14,0,13.84,193.76,0,3,Unrestricted,14
09-11-2026,CM: Sienna GA,10-003929 REV-03,10-003929,"Wire Harness,Inverter,Blowers/Ambient T/LED/Motion",Part,MTS,ATLN,RK53,FALSE,Sienna Corporation,125,0,13.84,1730,0,3,Unrestricted,125
09-11-2026,CM: Sienna GA,10-003929 REV-03,10-003929,"Wire Harness,Inverter,Blowers/Ambient T/LED/Motion",Part,MTS,ATLN,LINE,FALSE,Sienna Corporation,503,0,13.84,6961.52,0,3,Unrestricted,503
09-11-2026,Lunar Netsuite,10-003933,10-003933,"Lithium Ion Cell,E41,Untrimmed",Part,OTS,JIT - Tracy,NS,FALSE,Lunar Energy,1872,0,0,0,0,0,Unrestricted,1872
09-11-2026,CM: Sienna GA,10-003940 REV-1,10-003940,22 µF ±20% 25V Ceramic Capacitor X7R 1210 (3225 Metric) AEC-QAEC-Q,Electrical Components,OTS,ATLN,RIQC,FALSE,Sienna Corporation,1000,0,0.63,630,0,1,Unrestricted,1000
09-11-2026,CM: Sienna GA,10-003940 REV-1,10-003940,22 µF ±20% 25V Ceramic Capacitor X7R 1210 (3225 Metric) AEC-QAEC-Q,Electrical Components,OTS,ATLN,LINE,FALSE,Sienna Corporation,901,0,0.63,567.63,0,1,Unrestricted,901
09-11-2026,CM: Qualitel WA,814L-10-003940,10-003940,22 µF ±20% 25V Ceramic Capacitor X7R 1210 (3225 Metric) AEC-QAEC-Q,Electrical Components,OTS,"Seattle, WA",Stock,FALSE,Qualitel,3283,0,0.615,2019.045,0,0,Unrestricted,3283
09-11-2026,CM: Sienna GA,10-003941 REV-1,10-003941,CAP CER 1UF 25V X7R 0603 AEC-Q,Electrical Components,OTS,ATLN,LINE,FALSE,Sienna Corporation,17149,0,0.0192,329.2608,0,1,Unrestricted,17149
09-11-2026,CM: Qualitel WA,814L-10-003941,10-003941,CAP CER 1UF 25V X7R 0603 AEC-Q,Electrical Components,OTS,"Seattle, WA",Stock,FALSE,Qualitel,10520,0,0.0177,186.204,0,0,Unrestricted,10520
09-11-2026,CM: Qualitel WA,814L-10-003942,10-003942,CAP CER 0.047UF 50V X7R 0603,Electrical Components,OTS,"Seattle, WA",Stock,FALSE,Qualitel,9854,0,0.0068,67.0072,0,0,Unrestricted,9854
09-11-2026,CM: Sienna GA,10-003942 REV-1,10-003942,CAP CER 0.047UF 50V X7R 0603,Electrical Components,OTS,ATLN,LINE,FALSE,Sienna Corporation,12725,0,0.0071,90.3475,0,1,Unrestricted,12725
09-11-2026,CM: Sienna GA,10-003942 REV-1,10-003942,CAP CER 0.047UF 50V X7R 0603,Electrical Components,OTS,ATLN,MAIN,FALSE,Sienna Corporation,8000,0,0.0071,56.8,0,1,Unrestricted,8000
09-11-2026,Lunar Netsuite,10-003942,10-003942,CAP CER 0.047UF 50V X7R 0603,Electrical Components,OTS,JIT - Reno,NS,FALSE,Lunar Energy,1000,0,0.019,19,0,0,Unrestricted,1000
09-11-2026,CM: Sienna GA,10-003950 REV-05,10-003950,"O-Strip Tubing, 2.9mm OD x 1.6mm hollow x 1210mm length",Part,MTS,ATLN,PAWH,FALSE,Sienna Corporation,1390,0,6.73,9354.7,0,5,Unrestricted,1390
09-11-2026,CM: Sienna GA,10-003950 REV-05,10-003950,"O-Strip Tubing, 2.9mm OD x 1.6mm hollow x 1210mm length",Part,MTS,ATLN,PCKD,FALSE,Sienna Corporation,400,0,6.73,2692,0,5,Unrestricted,400
09-11-2026,CM: Sienna GA,10-003950 REV-05,10-003950,"O-Strip Tubing, 2.9mm OD x 1.6mm hollow x 1210mm length",Part,MTS,ATLN,LINE,FALSE,Sienna Corporation,100,0,6.73,673,0,5,Unrestricted,100
09-11-2026,CM: Sienna GA,10-003950 REV-05,10-003950,"O-Strip Tubing, 2.9mm OD x 1.6mm hollow x 1210mm length",Part,MTS,ATLN,RIQC,FALSE,Sienna Corporation,732,0,6.73,4926.36,0,5,Unrestricted,732
09-11-2026,CM: Sienna GA,10-003951 REV-1,10-003951,RES 2M OHM 0.1% 1/4W 1206 AEC-Q,Electrical Components,OTS,ATLN,MAIN,FALSE,Sienna Corporation,5000,0,0.085,425,0,1,Unrestricted,5000
09-11-2026,CM: Sienna GA,10-003951 REV-1,10-003951,RES 2M OHM 0.1% 1/4W 1206 AEC-Q,Electrical Components,OTS,ATLN,LINE,FALSE,Sienna Corporation,7233,0,0.085,614.805,0,1,Unrestricted,7233
09-11-2026,CM: Sienna GA,10-003954 REV-1,10-003954,RES SMD 2K OHM ±1% 1/2W AEC-Q,Electrical Components,OTS,ATLN,LINE,FALSE,Sienna Corporation,5826,0,0.0158,92.0508,0,1,Unrestricted,5826
09-11-2026,CM: Sienna GA,10-003957 REV-1,10-003957,RES SMD 93.1K OHM 1% 1/10W 0603,Electrical Components,OTS,ATLN,MAIN,FALSE,Sienna Corporation,3725,0,0.0021,7.8225,0,1,Unrestricted,3725
09-11-2026,CM: Sienna GA,10-003962 REV-1,10-003962,RES SMD 110K OHM 0.1% 1/10W 0603 AEC-Q,Electrical Components,OTS,ATLN,LINE,FALSE,Sienna Corporation,2875,0,0.039,112.125,0,1,Unrestricted,2875
09-11-2026,Lunar Netsuite,10-003962,10-003962,RES SMD 110K OHM 0.1% 1/10W 0603 AEC-Q,Electrical Components,OTS,JIT - Reno,NS,FALSE,Lunar Energy,1400,0,0.0529,74.06,0,0,Unrestricted,1400
09-11-2026,CM: Qualitel WA,814L-10-003962,10-003962,RES SMD 110K OHM 0.1% 1/10W 0603 AEC-Q,Electrical Components,OTS,"Seattle, WA",Stock,FALSE,Qualitel,9282,0,0.028,259.896,0,0,Unrestricted,9282
09-11-2026,CM: Sienna GA,10-003962 REV-1,10-003962,RES SMD 110K OHM 0.1% 1/10W 0603 AEC-Q,Electrical Components,OTS,ATLN,MAIN,FALSE,Sienna Corporation,5000,0,0.039,195,0,1,Unrestricted,5000
09-11-2026,CM: Sienna GA,10-003978 REV-01,10-003978,"Wire Harness,Inverter Exterior,LED/Motion,Pre Mold",Part,MTS,ATLN,LINE,FALSE,Sienna Corporation,1492,0,3.4,5072.8,0,1,Unrestricted,1492
09-11-2026,CM: Qualitel WA,814L-10-003984,10-003984,CAP CER 10NF 50V X7R 0402 AEC-Q,Electrical Components,OTS,"Seattle, WA",Stock,FALSE,Qualitel,8740,0,0.0011,9.614,0,0,Unrestricted,8740
09-11-2026,CM: Sienna GA,10-003984 REV-01,10-003984,CAP CER 10NF 50V X7R 0402 AEC-Q,Electrical Components,OTS,ATLN,LINE,FALSE,Sienna Corporation,4715,0,0.017,80.155,0,1,Unrestricted,4715
09-11-2026,Lunar Netsuite,10-003985,10-003985,RES SMD 1K OHM 1% 1/10W 0603,Electrical Components,OTS,NexGen Digital Inc,NS,FALSE,Lunar Energy,5000,0,0,0,0,0,Unrestricted,5000
09-11-2026,CM: Celestica MX,10-0039993MS,10-003999,"Inter-Submodule Seal, Ceramic Wool",Part,MTS,Monterrey Prod,1000,FALSE,Celestica,-5,0,0.313,-1.565,0,0,Unrestricted,-5
09-11-2026,CM: Qualitel WA,814L-10-004006,10-004006,"Fixed Resistor, Metal Glaze/thick Film, 0.1W, 10Mohm, 75V, 1% +/-Tol, 100ppm/Cel, Surface Mount,0603",Electrical Components,OTS,"Seattle, WA",Stock,FALSE,Qualitel,105000,0,0.0007,73.5,0,0,Unrestricted,105000
09-11-2026,CM: Qualitel WA,814L-10-004017,10-004017,RES SMD 49.9K OHM 1% 1/4W 1206,Electrical Components,OTS,"Seattle, WA",Stock,FALSE,Qualitel,135000,0,0.0023,310.5,0,0,Unrestricted,135000
09-11-2026,CM: Sienna GA,10-004041 REV-1,10-004041,IC FLASH 1GBIT SPI 16SOW,Electrical Components,OTS,ATLN,MAIN,FALSE,Sienna Corporation,1023,0,1.53,1565.19,0,1,Unrestricted,1023
09-11-2026,CM: Qualitel WA,814L-10-004043,10-004043,RES 100K OHM 1% 1/4W 0603 150V AEC-Q,Electrical Components,OTS,"Seattle, WA",Stock,FALSE,Qualitel,9282,0,0.0194,180.0708,0,0,Unrestricted,9282
09-11-2026,Lunar Netsuite,10-004043,10-004043,RES 100K OHM 1% 1/4W 0603 150V AEC-Q,Electrical Components,OTS,JIT - Reno,NS,FALSE,Lunar Energy,930,0,0.0194,18.042,0,0,Unrestricted,0
09-11-2026,CM: Sienna GA,10-004043 REV-01,10-004043,RES 100K OHM 1% 1/4W 0603 150V AEC-Q,Electrical Components,OTS,ATLN,LINE,FALSE,Sienna Corporation,12675,0,0.0194,245.895,0,1,Unrestricted,12675
09-11-2026,CM: Sienna GA,10-004047 REV-1,10-004047,CAP CER 10000PF 440VAC RADIAL,Electrical Components,OTS,ATLN,LINE,FALSE,Sienna Corporation,3239,0,0.184,595.976,0,1,Unrestricted,3239
09-11-2026,CM: Sienna GA,10-004047 REV-1,10-004047,CAP CER 10000PF 440VAC RADIAL,Electrical Components,OTS,ATLN,MAIN,FALSE,Sienna Corporation,11188,0,0.184,2058.592,0,1,Unrestricted,11188
09-11-2026,CM: Sienna GA,10-004047 REV-1,10-004047,CAP CER 10000PF 440VAC RADIAL,Electrical Components,OTS,ATLN,RIQC,FALSE,Sienna Corporation,1000,0,0.184,184,0,1,Unrestricted,1000
09-11-2026,CM: Sienna GA,10-004048 REV-1,10-004048,CAP FILM 0.068UF 20% 1KVDC RAD,Electrical Components,OTS,ATLN,LINE,FALSE,Sienna Corporation,5229,0,0.285,1490.265,0,1,Unrestricted,5229
09-11-2026,CM: Sienna GA,10-004048 REV-1,10-004048,CAP FILM 0.068UF 20% 1KVDC RAD,Electrical Components,OTS,ATLN,RIQC,FALSE,Sienna Corporation,672,0,0.285,191.52,0,1,Unrestricted,672
09-11-2026,Lunar Netsuite,10-004053,10-004053,MOSFET P-CH 60V 300MA SOT23-3,Electrical Components,OTS,CCL (Computer Components Ltd),NS,FALSE,Lunar Energy,21000,0,0.12,2520,0,0,Unrestricted,21000
09-11-2026,CM: Sienna GA,10-004060 REV-1,10-004060,DIODE ZENER 15V 5W DO214AA,Electrical Components,OTS,ATLN,MAIN,FALSE,Sienna Corporation,3000,0,0.0894,268.2,0,1,Unrestricted,3000
09-11-2026,CM: Sienna GA,10-004060 REV-1,10-004060,DIODE ZENER 15V 5W DO214AA,Electrical Components,OTS,ATLN,LINE,FALSE,Sienna Corporation,2507,0,0.0894,224.1258,0,1,Unrestricted,2507
09-11-2026,CM: Sienna GA,10-004061 REV-1,10-004061,DIODE GEN PURP 1KV 1A SMA,Electrical Components,OTS,ATLN,LINE,FALSE,Sienna Corporation,3191,0,0.0252,80.4132,0,1,Unrestricted,3191
09-11-2026,CM: Sienna GA,10-004061 REV-1,10-004061,DIODE GEN PURP 1KV 1A SMA,Electrical Components,OTS,ATLN,MAIN,FALSE,Sienna Corporation,5000,0,0.0252,126,0,1,Unrestricted,5000
09-11-2026,Lunar Netsuite,10-004067,10-004067,CAP FILM 50UF 5% 500VDC RADIAL,Electrical Components,OTS,NexGen Digital Inc,NS,FALSE,Lunar Energy,19454,0,2.8505,55453.627,0,0,Unrestricted,19454
09-11-2026,Lunar Netsuite,10-004067,10-004067,CAP FILM 50UF 5% 500VDC RADIAL,Electrical Components,OTS,JIT - Reno,NS,FALSE,Lunar Energy,1520,0,2.8505,4332.76,0,0,Unrestricted,1520
09-11-2026,CM: Sienna GA,10-004072 REV-05,10-004072,"Bus Bar, Ground to Enclosure, Bridge",Part,MTS,ATLN,RQB2,FALSE,Sienna Corporation,400,0,0.86,344,0,5,Unrestricted,400
09-11-2026,CM: Sienna GA,10-004072 REV-05,10-004072,"Bus Bar, Ground to Enclosure, Bridge",Part,MTS,ATLN,LINE,FALSE,Sienna Corporation,33,0,0.86,28.38,0,5,Unrestricted,33
09-11-2026,CM: Sienna GA,10-004072 REV-05,10-004072,"Bus Bar, Ground to Enclosure, Bridge",Part,MTS,ATLN,RIQC,FALSE,Sienna Corporation,2200,0,0.86,1892,0,5,Unrestricted,2200
09-11-2026,CM: Sienna GA,10-004072 REV-05,10-004072,"Bus Bar, Ground to Enclosure, Bridge",Part,MTS,ATLN,RQA1,FALSE,Sienna Corporation,200,0,0.86,172,0,5,Unrestricted,200
09-11-2026,CM: Sienna GA,10-004090 REV-01,10-004090,CONN HEADER VERT 4POS 2MM,Electrical Components,OTS,ATLN,MAIN,FALSE,Sienna Corporation,2700,0,0.2322,626.94,0,1,Unrestricted,2700
09-11-2026,CM: Sienna GA,10-004090 REV-01,10-004090,CONN HEADER VERT 4POS 2MM,Electrical Components,OTS,ATLN,LINE,FALSE,Sienna Corporation,2263,0,0.2322,525.4686,0,1,Unrestricted,2263
09-11-2026,CM: Sienna GA,10-004091 REV-01,10-004091,CONN HEADER VERT 10POS 2MM,Electrical Components,OTS,ATLN,LINE,FALSE,Sienna Corporation,1595,0,0.4151,662.0845,0,1,Unrestricted,1595
09-11-2026,CM: Sienna GA,10-004091 REV-01,10-004091,CONN HEADER VERT 10POS 2MM,Electrical Components,OTS,ATLN,MAIN,FALSE,Sienna Corporation,1340,0,0.4151,556.234,0,1,Unrestricted,1340
09-11-2026,CM: Sienna GA,10-004116 REV-05,10-004116,"Enclosure, Bottom, Maximizer",Part,MTS,ATLN,LINE,FALSE,Sienna Corporation,611,0,1.08,659.88,0,5,Unrestricted,611
09-11-2026,CM: Sienna GA,10-004116 REV-05,10-004116,"Enclosure, Bottom, Maximizer",Part,MTS,ATLN,MRB,FALSE,Sienna Corporation,0,13,1.08,0,14.04,5,Restricted,0
09-11-2026,CM: Sienna GA,10-004116 REV-05,10-004116,"Enclosure, Bottom, Maximizer",Part,MTS,ATLN,HRAC,FALSE,Sienna Corporation,3,0,1.08,3.24,0,5,Unrestricted,3
09-11-2026,CM: Sienna GA,10-004116 REV-05,10-004116,"Enclosure, Bottom, Maximizer",Part,MTS,ATLN,RIQC,FALSE,Sienna Corporation,21,0,1.08,22.68,0,5,Unrestricted,21
09-11-2026,CM: Sienna GA,10-004116 REV-04,10-004116,"Enclosure, Bottom, Maximizer",Part,MTS,ATLN,LPAC,FALSE,Sienna Corporation,26,0,1.08,28.08,0,4,Unrestricted,26
09-11-2026,CM: Sienna GA,10-004117 REV-1,10-004117,FIXED IND 1UH 69A 0.89 MOHM SMD,Electrical Components,OTS,ATLN,MAIN,FALSE,Sienna Corporation,2339,0,4.28,10010.92,0,1,Unrestricted,2339
09-11-2026,CM: Sienna GA,10-004121 REV-01,10-004121,RES 1K OHM 1% 1/10W 0603 50PPM,Electrical Components,OTS,ATLN,LINE,FALSE,Sienna Corporation,7577,0,0.0291,220.4907,0,1,Unrestricted,7577
09-11-2026,CM: Qualitel WA,814L-10-004121,10-004121,RES 1K OHM 1% 1/10W 0603 50PPM,Electrical Components,OTS,"Seattle, WA",Stock,FALSE,Qualitel,8741,0,0.0052,45.4532,0,0,Unrestricted,8741
09-11-2026,CM: Sienna GA,10-004124 REV-02,10-004124,"Hook Mounting Bracket with Lock, Inverter, C1.5",Part,MTS,ATLN,RS81,FALSE,Sienna Corporation,20,0,16.66,333.2,0,2,Unrestricted,20
09-11-2026,CM: Sienna GA,10-004124 REV-02,10-004124,"Hook Mounting Bracket with Lock, Inverter, C1.5",Part,MTS,ATLN,LPAC,FALSE,Sienna Corporation,5,0,16.66,83.3,0,2,Unrestricted,5
09-11-2026,CM: Sienna GA,10-004124 REV-02,10-004124,"Hook Mounting Bracket with Lock, Inverter, C1.5",Part,MTS,ATLN,LINE,FALSE,Sienna Corporation,39,0,16.66,649.74,0,2,Unrestricted,39
09-11-2026,CM: Sienna GA,10-004124 REV-02,10-004124,"Hook Mounting Bracket with Lock, Inverter, C1.5",Part,MTS,ATLN,RIQC,FALSE,Sienna Corporation,1605,0,16.66,26739.3,0,2,Unrestricted,1605
09-11-2026,Lunar Netsuite,10-004124,10-004124,"Hook Mounting Bracket with Lock, Inverter, C1.5",Part,MTS,CA - Ravendale,NS,FALSE,Lunar Energy,3,0,15.99,47.97,0,0,Unrestricted,3
09-11-2026,CM: Sienna GA,10-004151 REV-01,10-004151,RES 27K OHM 1% 1/10W 0603 AEC-Q,Electrical Components,OTS,ATLN,LINE,FALSE,Sienna Corporation,8285,0,0.01,82.85,0,1,Unrestricted,8285
09-11-2026,CM: Qualitel WA,814L-10-004151,10-004151,RES 27K OHM 1% 1/10W 0603 AEC-Q,Electrical Components,OTS,"Seattle, WA",Stock,FALSE,Qualitel,9196,0,0.0018,16.5528,0,0,Unrestricted,9196
09-11-2026,CM: Sienna GA,10-004152 REV-01,10-004152,"Standoff, M3x0.5, 4.5mm, F/F, Thru, Hex, SS",Part,OTS,ATLN,LINE,FALSE,Sienna Corporation,44156,0,0.0716,3161.5696,0,1,Unrestricted,44156
09-11-2026,CM: Sienna GA,10-004152 REV-01,10-004152,"Standoff, M3x0.5, 4.5mm, F/F, Thru, Hex, SS",Part,OTS,ATLN,PAWH,FALSE,Sienna Corporation,7000,0,0.0716,501.2,0,1,Unrestricted,7000
09-11-2026,CM: Sienna GA,10-004152 REV-01,10-004152,"Standoff, M3x0.5, 4.5mm, F/F, Thru, Hex, SS",Part,OTS,ATLN,RQ72,FALSE,Sienna Corporation,114500,0,0.0716,8198.2,0,1,Unrestricted,114500
09-11-2026,CM: Sienna GA,10-004152 REV-01,10-004152,"Standoff, M3x0.5, 4.5mm, F/F, Thru, Hex, SS",Part,OTS,ATLN,INRE,FALSE,Sienna Corporation,2164,0,0.0716,154.9424,0,1,Unrestricted,2164
09-11-2026,Lunar Netsuite,10-004156,10-004156,DIODE SCHOTTKY 100V 1A SOD123H,Electrical Components,OTS,CCL (Computer Components Ltd),NS,FALSE,Lunar Energy,201000,0,0.1124,22592.4,0,0,Unrestricted,201000
09-11-2026,CM: Qualitel WA,814L-10-004162,10-004162,RES SMD 20 OHM 1% 1/4W 1206 AEC-Q200,Electrical Components,OTS,"Seattle, WA",Stock,FALSE,Qualitel,43352,0,0.0035,151.732,0,0,Unrestricted,43352
09-11-2026,CM: Celestica MX,10-0041623MS,10-004162,RES SMD 20 OHM 1% 1/4W 1206 AEC-Q200,Electrical Components,OTS,Monterrey Prod,1000,FALSE,Celestica,-82,0,0.0021,-0.1722,0,0,Unrestricted,-82
09-11-2026,CM: Qualitel WA,814L-10-004163,10-004163,FUSE BRD MNT 500MA 125VAC 63VDC,Electrical Components,OTS,"Seattle, WA",Stock,FALSE,Qualitel,24976,0,0.0528,1318.7328,0,0,Unrestricted,24976
09-11-2026,CM: Celestica MX,10-0041633MS,10-004163,FUSE BRD MNT 500MA 125VAC 63VDC,Electrical Components,OTS,Monterrey Prod,1000,FALSE,Celestica,-2,0,0.142,-0.284,0,0,Unrestricted,-2
09-11-2026,Lunar Netsuite,10-004163,10-004163,FUSE BRD MNT 500MA 125VAC 63VDC,Electrical Components,OTS,JIT - Reno,NS,FALSE,Lunar Energy,1000,0,0.2152,215.2,0,0,Unrestricted,1000
09-11-2026,Lunar Netsuite,10-004164,10-004164,RES 49.9 OHM 1% 1/16W 0402 AEC-Q,Electrical Components,OTS,CCL (Computer Components Ltd),NS,FALSE,Lunar Energy,19934,0,0.0061,121.5974,0,0,Unrestricted,19934
09-11-2026,Lunar Netsuite,10-004175,10-004175,IC TRNSLTR BIDIRECTIONAL 20TSSOP,Electrical Components,OTS,CCL (Computer Components Ltd),NS,FALSE,Lunar Energy,20000,0,0.52,10400,0,0,Unrestricted,20000
09-11-2026,CM: Sienna GA,10-004177 REV-01,10-004177,RES SMD 1M OHM 1% 1/4W 1206,Electrical Components,OTS,ATLN,MAIN,FALSE,Sienna Corporation,5000,0,0.0277,138.5,0,1,Unrestricted,5000
09-11-2026,Lunar Netsuite,10-004177,10-004177,RES SMD 1M OHM 1% 1/4W 1206,Electrical Components,OTS,JIT - Reno,NS,FALSE,Lunar Energy,2800,0,0.048,134.4,0,0,Unrestricted,2800
09-11-2026,CM: Sienna GA,10-004177 REV-01,10-004177,RES SMD 1M OHM 1% 1/4W 1206,Electrical Components,OTS,ATLN,LINE,FALSE,Sienna Corporation,3197,0,0.0277,88.5569,0,1,Unrestricted,3197
09-11-2026,CM: Sienna GA,10-004178 REV-01,10-004178,RES SMD 220 OHM 1% 1/16W 0402,Electrical Components,OTS,ATLN,RIQC,FALSE,Sienna Corporation,10000,0,0.0007,7,0,1,Unrestricted,10000
09-11-2026,Lunar Netsuite,10-004178,10-004178,RES SMD 220 OHM 1% 1/16W 0402,Electrical Components,OTS,CA - Ravendale,NS,FALSE,Lunar Energy,52700,0,0.0027,142.29,0,0,Unrestricted,52700
09-11-2026,CM: Sienna GA,10-004178 REV-01,10-004178,RES SMD 220 OHM 1% 1/16W 0402,Electrical Components,OTS,ATLN,LINE,FALSE,Sienna Corporation,12827,0,0.0007,8.9789,0,1,Unrestricted,12827
09-11-2026,CM: Qualitel WA,814L-10-07682A,10-004191,"Thermal gap filler, Non-Curing, 6 W/mK, Dispensed",Part,OTS,"Seattle, WA",PO Inspection,FALSE,Qualitel,0,220,88.7206,0,19518.532,0,Restricted,0
09-11-2026,CM: Qualitel WA,814L-10-004191,10-004191,"Thermal gap filler, Non-Curing, 6 W/mK, Dispensed",Part,OTS,"Seattle, WA",Stock,FALSE,Qualitel,120,0,116.0683,13928.196,0,0,Unrestricted,120
09-11-2026,CM: Qualitel WA,814L-10-07682A,10-004191,"Thermal gap filler, Non-Curing, 6 W/mK, Dispensed",Part,OTS,"Seattle, WA",Stock,FALSE,Qualitel,80,0,88.7206,7097.648,0,0,Unrestricted,80
09-11-2026,CM: Sienna GA,10-004201 REV-1,10-004201,CAP FILM 0.68UF 10% 630VDC RAD AEC-Q,Electrical Components,OTS,ATLN,RIQC,FALSE,Sienna Corporation,45250,0,0.33,14932.5,0,1,Unrestricted,45250
09-11-2026,CM: Sienna GA,10-004201 REV-1,10-004201,CAP FILM 0.68UF 10% 630VDC RAD AEC-Q,Electrical Components,OTS,ATLN,LINE,FALSE,Sienna Corporation,2100,0,0.33,693,0,1,Unrestricted,2100
09-11-2026,CM: Qualitel WA,814L-10-004201,10-004201,CAP FILM 0.68UF 10% 630VDC RAD AEC-Q,Electrical Components,OTS,"Seattle, WA",Stock,FALSE,Qualitel,19404,0,0.317,6151.068,0,0,Unrestricted,19404
09-11-2026,CM: Sienna GA,10-004201 REV-1,10-004201,CAP FILM 0.68UF 10% 630VDC RAD AEC-Q,Electrical Components,OTS,ATLN,MAIN,FALSE,Sienna Corporation,5240,0,0.33,1729.2,0,1,Unrestricted,5240
09-11-2026,CM: Sienna GA,10-004201 REV-1,10-004201,CAP FILM 0.68UF 10% 630VDC RAD AEC-Q,Electrical Components,OTS,ATLN,PAMS,FALSE,Sienna Corporation,9100,0,0.33,3003,0,1,Unrestricted,9100
09-11-2026,CM: Sienna GA,10-004201 REV-1,10-004201,CAP FILM 0.68UF 10% 630VDC RAD AEC-Q,Electrical Components,OTS,ATLN,LPAC,FALSE,Sienna Corporation,902,0,0.33,297.66,0,1,Unrestricted,902
09-11-2026,CM: Sienna GA,10-004203 REV-1,10-004203,CAP FILM 0.1UF 10% 1.5KVDC RAD AEC-Q,Electrical Components,OTS,ATLN,LINE,FALSE,Sienna Corporation,447,0,0.3429,153.2763,0,1,Unrestricted,447
09-11-2026,CM: Sienna GA,10-004203 REV-1,10-004203,CAP FILM 0.1UF 10% 1.5KVDC RAD AEC-Q,Electrical Components,OTS,ATLN,RI53,FALSE,Sienna Corporation,12300,0,0.3429,4217.67,0,1,Unrestricted,12300
09-11-2026,CM: Sienna GA,10-004203 REV-1,10-004203,CAP FILM 0.1UF 10% 1.5KVDC RAD AEC-Q,Electrical Components,OTS,ATLN,RIQC,FALSE,Sienna Corporation,8656,0,0.3429,2968.1424,0,1,Unrestricted,8656
09-11-2026,CM: Sienna GA,10-004203 REV-1,10-004203,CAP FILM 0.1UF 10% 1.5KVDC RAD AEC-Q,Electrical Components,OTS,ATLN,MAIN,FALSE,Sienna Corporation,4446,0,0.3429,1524.5334,0,1,Unrestricted,4446
09-11-2026,CM: Qualitel WA,814L-10-004203,10-004203,CAP FILM 0.1UF 10% 1.5KVDC RAD AEC-Q,Electrical Components,OTS,"Seattle, WA",Stock,FALSE,Qualitel,11061,0,0.248,2743.128,0,0,Unrestricted,11061
09-11-2026,CM: Sienna GA,10-004217 REV-01,10-004217,CAP CER 2.2UF 250V X7T 2220,Electrical Components,OTS,ATLN,MAIN,FALSE,Sienna Corporation,5500,0,1.17,6435,0,1,Unrestricted,5500
09-11-2026,CM: Sienna GA,10-004217 REV-01,10-004217,CAP CER 2.2UF 250V X7T 2220,Electrical Components,OTS,ATLN,RIQC,FALSE,Sienna Corporation,302,0,1.17,353.34,0,1,Unrestricted,302
09-11-2026,CM: Sienna GA,10-004217 REV-01,10-004217,CAP CER 2.2UF 250V X7T 2220,Electrical Components,OTS,ATLN,LINE,FALSE,Sienna Corporation,1562,0,1.17,1827.54,0,1,Unrestricted,1562
09-11-2026,CM: Sienna GA,10-004262 REV-01,10-004262,CONN PIN RCPT .022-.034 SOLDER,Electrical Components,OTS,ATLN,MAIN,FALSE,Sienna Corporation,15410,0,0.721,11110.61,0,1,Unrestricted,15410
09-11-2026,CM: Sienna GA,10-004262 REV-01,10-004262,CONN PIN RCPT .022-.034 SOLDER,Electrical Components,OTS,ATLN,LINE,FALSE,Sienna Corporation,2798,0,0.721,2017.358,0,1,Unrestricted,2798
09-11-2026,CM: Sienna GA,10-004293 REV-01,10-004293,"NUT, M5x0.8, 12mm DISC SPRING, STEEL, ZINC CHROMATE",Part,OTS,ATLN,LINE,FALSE,Sienna Corporation,2577,0,0.036,92.772,0,1,Unrestricted,2577
09-11-2026,CM: Sienna GA,10-004293 REV-01,10-004293,"NUT, M5x0.8, 12mm DISC SPRING, STEEL, ZINC CHROMATE",Part,OTS,ATLN,RIQC,FALSE,Sienna Corporation,1836,0,0.036,66.096,0,1,Unrestricted,1836
09-11-2026,CM: Qualitel WA,814L-10-004300,10-004300,CONN HEADER SMD 16POS 2.5MM,Electrical Components,OTS,"Seattle, WA",Stock,FALSE,Qualitel,6485,0,1.63,10570.55,0,0,Unrestricted,6485
09-11-2026,CM: Sienna GA,10-004300 REV-01,10-004300,CONN HEADER SMD 16POS 2.5MM,Electrical Components,OTS,ATLN,LINE,FALSE,Sienna Corporation,1055,0,1.8,1899,0,1,Unrestricted,1055
09-11-2026,CM: Sienna GA,10-004300 REV-01,10-004300,CONN HEADER SMD 16POS 2.5MM,Electrical Components,OTS,ATLN,MAIN,FALSE,Sienna Corporation,4200,0,1.8,7560,0,1,Unrestricted,4200
09-11-2026,CM: Sienna GA,10-004301 REV-01,10-004301,DIODE ZENER 62V 5W DO214AA,Electrical Components,OTS,ATLN,LINE,FALSE,Sienna Corporation,59,0,0.102,6.018,0,1,Unrestricted,59
09-11-2026,CM: Sienna GA,10-004302 REV-01,10-004302,50 OHM 1% 50PPM 0402 1/16W AEC-Q,Part,OTS,ATLN,MAIN,FALSE,Sienna Corporation,50000,0,0,0,0,1,Unrestricted,50000
09-11-2026,Lunar Netsuite,10-004305,10-004305,"Seal, Cover, DC-DC",Part,MTS,JIT - Reno,NS,FALSE,Lunar Energy,250,0,0.67,167.5,0,0,Unrestricted,250
09-11-2026,CM: Celestica MX,10-0043103MS,10-004310,"Cover with Seal, DC-DC",Part,MTS,Monterrey Prod,1000,FALSE,Celestica,-2,0,11.86,-23.72,0,0,Unrestricted,-2
09-11-2026,CM: Sienna GA,10-004322 REV-02,10-004322,"TIM, Inductor Housing 2, Inverter Power Module",Part,MTS,ATLN,PCKD,FALSE,Sienna Corporation,700,0,3.28,2296,0,2,Unrestricted,700
09-11-2026,CM: Sienna GA,10-004322 REV-02,10-004322,"TIM, Inductor Housing 2, Inverter Power Module",Part,MTS,ATLN,LINE,FALSE,Sienna Corporation,1358,0,3.28,4454.24,0,2,Unrestricted,1358
09-11-2026,CM: Sienna GA,10-004323 REV-02,10-004323,"TIM, Inductor Housing 1, Inverter Power Module",Part,MTS,ATLN,PCKD,FALSE,Sienna Corporation,700,0,3.28,2296,0,2,Unrestricted,700
09-11-2026,CM: Sienna GA,10-004323 REV-02,10-004323,"TIM, Inductor Housing 1, Inverter Power Module",Part,MTS,ATLN,LINE,FALSE,Sienna Corporation,1365,0,3.28,4477.2,0,2,Unrestricted,1365
09-11-2026,CM: Sienna GA,10-004323 REV-02,10-004323,"TIM, Inductor Housing 1, Inverter Power Module",Part,MTS,ATLN,RIQC,FALSE,Sienna Corporation,1000,0,3.28,3280,0,2,Unrestricted,1000
09-11-2026,CM: Sienna GA,10-004323 REV-02,10-004323,"TIM, Inductor Housing 1, Inverter Power Module",Part,MTS,ATLN,PAWH,FALSE,Sienna Corporation,1000,0,3.28,3280,0,2,Unrestricted,1000
09-11-2026,Lunar Netsuite,10-004339,10-004339,TVS DIODE 12.8VWM 27.2VC SMB AEC-Q,Electrical Components,OTS,NexGen Digital Inc,NS,FALSE,Lunar Energy,4978,0,18.18,90500.04,0,0,Unrestricted,4978
09-11-2026,CM: Qualitel WA,814L-10-004340,10-004340,"Screw,M4X34mm,SEMS and spring washer, BHT,T-15,ZiNi BC",Part,OTS,"Seattle, WA",Stock,FALSE,Qualitel,25822,0,0.0138,356.3436,0,0,Unrestricted,25822
09-11-2026,CM: Celestica MX,10-0043403MS,10-004340,"Screw,M4X34mm,SEMS and spring washer, BHT,T-15,ZiNi BC",Part,OTS,Monterrey Prod,1000,FALSE,Celestica,-14,0,0.138,-1.932,0,0,Unrestricted,-14
09-11-2026,CM: Qualitel WA,814L-10-004341,10-004341,"Screw,M3X6.5mm,SEMS and spring washer, BHT,T-8,ZiNi BC",Part,OTS,"Seattle, WA",Stock,FALSE,Qualitel,121297,0,0.08,9703.76,0,0,Unrestricted,121297
09-11-2026,CM: Celestica MX,10-0043413MS,10-004341,"Screw,M3X6.5mm,SEMS and spring washer, BHT,T-8,ZiNi BC",Part,OTS,Monterrey Prod,1000,FALSE,Celestica,-91,0,0.095,-8.645,0,0,Unrestricted,-91
09-11-2026,CM: Sienna GA,10-004342 REV-1,10-004342,IC MCU 32BIT 512KB FLASH 64TQFP,Electrical Components,OTS,ATLN,LINE,FALSE,Sienna Corporation,637,0,5.31,3382.47,0,1,Unrestricted,637
09-11-2026,CM: Sienna GA,10-004342 REV-1,10-004342,IC MCU 32BIT 512KB FLASH 64TQFP,Electrical Components,OTS,ATLN,MAIN,FALSE,Sienna Corporation,1120,0,5.31,5947.2,0,1,Unrestricted,1120
09-11-2026,CM: Sienna GA,10-004359 REV-04,10-004359,"Exhaust Duct,Inverter",Part,MTS,ATLN,RPB7,FALSE,Sienna Corporation,648,0,5.52,3576.96,0,4,Unrestricted,648
09-11-2026,CM: Sienna GA,10-004359 REV-04,10-004359,"Exhaust Duct,Inverter",Part,MTS,ATLN,RIQC,FALSE,Sienna Corporation,1404,0,5.52,7750.08,0,4,Unrestricted,1404
09-11-2026,CM: Sienna GA,10-004359 REV-04,10-004359,"Exhaust Duct,Inverter",Part,MTS,ATLN,RR62,FALSE,Sienna Corporation,388,0,5.52,2141.76,0,4,Unrestricted,388
09-11-2026,CM: Sienna GA,10-004359 REV-04,10-004359,"Exhaust Duct,Inverter",Part,MTS,ATLN,LINE,FALSE,Sienna Corporation,459,0,5.52,2533.68,0,4,Unrestricted,459
09-11-2026,CM: Sienna GA,10-004362 REV-01,10-004362,RES SMD 1K OHM 1% 1/2W 0805 AEC-Q,Electrical Components,OTS,ATLN,LINE,FALSE,Sienna Corporation,9422,0,0.022,207.284,0,1,Unrestricted,9422
09-11-2026,CM: Qualitel WA,814L-10-004362,10-004362,RES SMD 1K OHM 1% 1/2W 0805 AEC-Q,Electrical Components,OTS,"Seattle, WA",Stock,FALSE,Qualitel,15907,0,0.0114,181.3398,0,0,Unrestricted,15907
09-11-2026,CM: Sienna GA,10-004375 REV-03,10-004375,"O-Ring Seal, EMC Base",Part,MTS,ATLN,PCKD,FALSE,Sienna Corporation,1000,0,3.31,3310,0,3,Unrestricted,1000
09-11-2026,CM: Sienna GA,10-004375 REV-03,10-004375,"O-Ring Seal, EMC Base",Part,MTS,ATLN,LINE,FALSE,Sienna Corporation,282,0,3.31,933.42,0,3,Unrestricted,282
09-11-2026,CM: Sienna GA,10-004375 REV-03,10-004375,"O-Ring Seal, EMC Base",Part,MTS,ATLN,PAWH,FALSE,Sienna Corporation,2272,0,3.31,7520.32,0,3,Unrestricted,2272
09-11-2026,CM: Sienna GA,10-004397 REV-04,10-004397,"Foot Bracket Bottom Cover Assembly, Even, Lunar Blue",Assembly,MTS,ATLN,RS72,FALSE,Sienna Corporation,48,0,75.76,3636.48,0,4,Unrestricted,48
09-11-2026,CM: Sienna GA,10-004397 REV-04,10-004397,"Foot Bracket Bottom Cover Assembly, Even, Lunar Blue",Assembly,MTS,ATLN,RRB7,FALSE,Sienna Corporation,48,0,75.76,3636.48,0,4,Unrestricted,48
09-11-2026,CM: Sienna GA,10-004397 REV-04,10-004397,"Foot Bracket Bottom Cover Assembly, Even, Lunar Blue",Assembly,MTS,ATLN,RS81,FALSE,Sienna Corporation,4,0,75.76,303.04,0,4,Unrestricted,4
09-11-2026,CM: Sienna GA,10-004397 REV-04,10-004397,"Foot Bracket Bottom Cover Assembly, Even, Lunar Blue",Assembly,MTS,ATLN,RRA7,FALSE,Sienna Corporation,48,0,75.76,3636.48,0,4,Unrestricted,48
09-11-2026,CM: Sienna GA,10-004397 REV-04,10-004397,"Foot Bracket Bottom Cover Assembly, Even, Lunar Blue",Assembly,MTS,ATLN,RR32,FALSE,Sienna Corporation,48,0,75.76,3636.48,0,4,Unrestricted,48
09-11-2026,CM: Sienna GA,10-004397 REV-04,10-004397,"Foot Bracket Bottom Cover Assembly, Even, Lunar Blue",Assembly,MTS,ATLN,RS47,FALSE,Sienna Corporation,48,0,75.76,3636.48,0,4,Unrestricted,48
09-11-2026,CM: Sienna GA,10-004397 REV-04,10-004397,"Foot Bracket Bottom Cover Assembly, Even, Lunar Blue",Assembly,MTS,ATLN,RS18,FALSE,Sienna Corporation,48,0,75.76,3636.48,0,4,Unrestricted,48
09-11-2026,CM: Sienna GA,10-004397 REV-04,10-004397,"Foot Bracket Bottom Cover Assembly, Even, Lunar Blue",Assembly,MTS,ATLN,RS57,FALSE,Sienna Corporation,48,0,75.76,3636.48,0,4,Unrestricted,48
09-11-2026,CM: Sienna GA,10-004397 REV-04,10-004397,"Foot Bracket Bottom Cover Assembly, Even, Lunar Blue",Assembly,MTS,ATLN,RS68,FALSE,Sienna Corporation,96,0,75.76,7272.96,0,4,Unrestricted,96
09-11-2026,CM: Sienna GA,10-004397 REV-04,10-004397,"Foot Bracket Bottom Cover Assembly, Even, Lunar Blue",Assembly,MTS,ATLN,RS88,FALSE,Sienna Corporation,48,0,75.76,3636.48,0,4,Unrestricted,48
09-11-2026,CM: Sienna GA,10-004397 REV-04,10-004397,"Foot Bracket Bottom Cover Assembly, Even, Lunar Blue",Assembly,MTS,ATLN,RRB2,FALSE,Sienna Corporation,48,0,75.76,3636.48,0,4,Unrestricted,48
09-11-2026,CM: Sienna GA,10-004397 REV-04,10-004397,"Foot Bracket Bottom Cover Assembly, Even, Lunar Blue",Assembly,MTS,ATLN,RR58,FALSE,Sienna Corporation,48,0,75.76,3636.48,0,4,Unrestricted,48
09-11-2026,CM: Sienna GA,10-004397 REV-04,10-004397,"Foot Bracket Bottom Cover Assembly, Even, Lunar Blue",Assembly,MTS,ATLN,RS78,FALSE,Sienna Corporation,96,0,75.76,7272.96,0,4,Unrestricted,96
09-11-2026,CM: Sienna GA,10-004397 REV-04,10-004397,"Foot Bracket Bottom Cover Assembly, Even, Lunar Blue",Assembly,MTS,ATLN,RS41,FALSE,Sienna Corporation,48,0,75.76,3636.48,0,4,Unrestricted,48
09-11-2026,CM: Sienna GA,10-004397 REV-04,10-004397,"Foot Bracket Bottom Cover Assembly, Even, Lunar Blue",Assembly,MTS,ATLN,RS17,FALSE,Sienna Corporation,48,0,75.76,3636.48,0,4,Unrestricted,48
09-11-2026,CM: Sienna GA,10-004397 REV-04,10-004397,"Foot Bracket Bottom Cover Assembly, Even, Lunar Blue",Assembly,MTS,ATLN,RRB8,FALSE,Sienna Corporation,96,0,75.76,7272.96,0,4,Unrestricted,96
09-11-2026,CM: Sienna GA,10-004397 REV-04,10-004397,"Foot Bracket Bottom Cover Assembly, Even, Lunar Blue",Assembly,MTS,ATLN,RS82,FALSE,Sienna Corporation,48,0,75.76,3636.48,0,4,Unrestricted,48
09-11-2026,CM: Sienna GA,10-004397 REV-04,10-004397,"Foot Bracket Bottom Cover Assembly, Even, Lunar Blue",Assembly,MTS,ATLN,RR98,FALSE,Sienna Corporation,48,0,75.76,3636.48,0,4,Unrestricted,48
09-11-2026,CM: Sienna GA,10-004397 REV-04,10-004397,"Foot Bracket Bottom Cover Assembly, Even, Lunar Blue",Assembly,MTS,ATLN,RS38,FALSE,Sienna Corporation,48,0,75.76,3636.48,0,4,Unrestricted,48
09-11-2026,CM: Sienna GA,10-004397 REV-04,10-004397,"Foot Bracket Bottom Cover Assembly, Even, Lunar Blue",Assembly,MTS,ATLN,RR38,FALSE,Sienna Corporation,96,0,75.76,7272.96,0,4,Unrestricted,96
09-11-2026,CM: Sienna GA,10-004397 REV-04,10-004397,"Foot Bracket Bottom Cover Assembly, Even, Lunar Blue",Assembly,MTS,ATLN,RR77,FALSE,Sienna Corporation,48,0,75.76,3636.48,0,4,Unrestricted,48
09-11-2026,CM: Sienna GA,10-004397 REV-04,10-004397,"Foot Bracket Bottom Cover Assembly, Even, Lunar Blue",Assembly,MTS,ATLN,RR37,FALSE,Sienna Corporation,21,0,75.76,1590.96,0,4,Unrestricted,21
09-11-2026,CM: Sienna GA,10-004397 REV-04,10-004397,"Foot Bracket Bottom Cover Assembly, Even, Lunar Blue",Assembly,MTS,ATLN,RRA8,FALSE,Sienna Corporation,48,0,75.76,3636.48,0,4,Unrestricted,48
09-11-2026,CM: Sienna GA,10-004397 REV-04,10-004397,"Foot Bracket Bottom Cover Assembly, Even, Lunar Blue",Assembly,MTS,ATLN,MRB,FALSE,Sienna Corporation,0,1,75.76,0,75.76,4,Restricted,0
09-11-2026,CM: Sienna GA,10-004397 REV-04,10-004397,"Foot Bracket Bottom Cover Assembly, Even, Lunar Blue",Assembly,MTS,ATLN,RIQC,FALSE,Sienna Corporation,457,0,75.76,34622.32,0,4,Unrestricted,457
09-11-2026,CM: Sienna GA,10-004397 REV-04,10-004397,"Foot Bracket Bottom Cover Assembly, Even, Lunar Blue",Assembly,MTS,ATLN,RR88,FALSE,Sienna Corporation,48,0,75.76,3636.48,0,4,Unrestricted,48
09-11-2026,Lunar Netsuite,10-004397,10-004397,"Foot Bracket Bottom Cover Assembly, Even, Lunar Blue",Assembly,MTS,CA - Ravendale,NS,FALSE,Lunar Energy,5,0,55,275,0,0,Unrestricted,3
09-11-2026,CM: Sienna GA,10-004397 REV-04,10-004397,"Foot Bracket Bottom Cover Assembly, Even, Lunar Blue",Assembly,MTS,ATLN,RS27,FALSE,Sienna Corporation,22,0,75.76,1666.72,0,4,Unrestricted,22
09-11-2026,CM: Sienna GA,10-004397 REV-04,10-004397,"Foot Bracket Bottom Cover Assembly, Even, Lunar Blue",Assembly,MTS,ATLN,RP12,FALSE,Sienna Corporation,64,0,75.76,4848.64,0,4,Unrestricted,64
09-11-2026,CM: Sienna GA,10-004397 REV-04,10-004397,"Foot Bracket Bottom Cover Assembly, Even, Lunar Blue",Assembly,MTS,ATLN,RR31,FALSE,Sienna Corporation,48,0,75.76,3636.48,0,4,Unrestricted,48
09-11-2026,CM: Sienna GA,10-004397 REV-04,10-004397,"Foot Bracket Bottom Cover Assembly, Even, Lunar Blue",Assembly,MTS,ATLN,RR48,FALSE,Sienna Corporation,48,0,75.76,3636.48,0,4,Unrestricted,48
09-11-2026,CM: Sienna GA,10-004397 REV-04,10-004397,"Foot Bracket Bottom Cover Assembly, Even, Lunar Blue",Assembly,MTS,ATLN,RR18,FALSE,Sienna Corporation,48,0,75.76,3636.48,0,4,Unrestricted,48
09-11-2026,CM: Sienna GA,10-004397 REV-04,10-004397,"Foot Bracket Bottom Cover Assembly, Even, Lunar Blue",Assembly,MTS,ATLN,RR47,FALSE,Sienna Corporation,96,0,75.76,7272.96,0,4,Unrestricted,96
09-11-2026,CM: Qualitel WA,814L-10-004422,10-004422,"Label, 7x7 mm QR",Assembly,MTS,"Seattle, WA",PO Inspection,FALSE,Qualitel,0,900,0.169,0,152.1,0,Restricted,0
09-11-2026,CM: Qualitel WA,814L-10-004422,10-004422,"Label, 7x7 mm QR",Assembly,MTS,"Seattle, WA",Stock,FALSE,Qualitel,21200,0,0.169,3582.8,0,0,Unrestricted,21200
09-11-2026,CM: Qualitel WA,814L-10-004422,10-004422,"Label, 7x7 mm QR",Assembly,MTS,"Seattle, WA",MRB,FALSE,Qualitel,0,900,0.169,0,152.1,0,Restricted,0
09-11-2026,CM: Sienna GA,10-004439 REV-02,10-004439,"10-004439 Insulating Tape, 0.069mm Thickness x 50.8 x 86 mm, Polyimide/Kapton",Assembly,MTS,ATLN,RIQC,FALSE,Sienna Corporation,3037.719971,0,2.2837,6937.241097,0,2,Unrestricted,3037.719971
09-11-2026,CM: Sienna GA,10-004439 REV-02,10-004439,"10-004439 Insulating Tape, 0.069mm Thickness x 50.8 x 86 mm, Polyimide/Kapton",Assembly,MTS,ATLN,PAMS,FALSE,Sienna Corporation,2,0,2.2837,4.5674,0,2,Unrestricted,2
09-11-2026,CM: Sienna GA,10-004439 REV-02,10-004439,"10-004439 Insulating Tape, 0.069mm Thickness x 50.8 x 86 mm, Polyimide/Kapton",Assembly,MTS,ATLN,LINE,FALSE,Sienna Corporation,39.47999954,0,2.2837,90.16047495,0,2,Unrestricted,39.47999954
09-11-2026,CM: Sienna GA,10-004439 REV-02,10-004439,"10-004439 Insulating Tape, 0.069mm Thickness x 50.8 x 86 mm, Polyimide/Kapton",Assembly,MTS,ATLN,PAWH,FALSE,Sienna Corporation,17,0,2.2837,38.8229,0,2,Unrestricted,17
09-11-2026,CM: Sienna GA,10-004439 REV-02,10-004439,"10-004439 Insulating Tape, 0.069mm Thickness x 50.8 x 86 mm, Polyimide/Kapton",Assembly,MTS,ATLN,MAIN,FALSE,Sienna Corporation,10,0,2.2837,22.837,0,2,Unrestricted,10
09-11-2026,CM: Sienna GA,10-004439 REV-02,10-004439,"10-004439 Insulating Tape, 0.069mm Thickness x 50.8 x 86 mm, Polyimide/Kapton",Assembly,MTS,ATLN,PCKD,FALSE,Sienna Corporation,216,0,2.2837,493.2792,0,2,Unrestricted,216
09-11-2026,CM: Sienna GA,10-004440 REV-11,10-004440,"Inverter Aesthetic Cover Main, Front, LRG, Plastic, Suede",Part,MTS,ATLN,RPA1,FALSE,Sienna Corporation,100,0,37.15,3715,0,11,Unrestricted,100
09-11-2026,CM: Sienna GA,10-004440 REV-11,10-004440,"Inverter Aesthetic Cover Main, Front, LRG, Plastic, Suede",Part,MTS,ATLN,RP47,FALSE,Sienna Corporation,100,0,37.15,3715,0,11,Unrestricted,100
09-11-2026,CM: Sienna GA,10-004440 REV-11,10-004440,"Inverter Aesthetic Cover Main, Front, LRG, Plastic, Suede",Part,MTS,ATLN,RRA2,FALSE,Sienna Corporation,200,0,37.15,7430,0,11,Unrestricted,200
09-11-2026,CM: Sienna GA,10-004440 REV-11,10-004440,"Inverter Aesthetic Cover Main, Front, LRG, Plastic, Suede",Part,MTS,ATLN,RT48,FALSE,Sienna Corporation,100,0,37.15,3715,0,11,Unrestricted,100
09-11-2026,CM: Sienna GA,10-004440 REV-11,10-004440,"Inverter Aesthetic Cover Main, Front, LRG, Plastic, Suede",Part,MTS,ATLN,RS97,FALSE,Sienna Corporation,100,0,37.15,3715,0,11,Unrestricted,100
09-11-2026,CM: Sienna GA,10-004440 REV-11,10-004440,"Inverter Aesthetic Cover Main, Front, LRG, Plastic, Suede",Part,MTS,ATLN,RS82,FALSE,Sienna Corporation,67,0,37.15,2489.05,0,11,Unrestricted,67
09-11-2026,CM: Sienna GA,10-004440 REV-11,10-004440,"Inverter Aesthetic Cover Main, Front, LRG, Plastic, Suede",Part,MTS,ATLN,RS68,FALSE,Sienna Corporation,55,0,37.15,2043.25,0,11,Unrestricted,55
09-11-2026,CM: Sienna GA,10-004440 REV-11,10-004440,"Inverter Aesthetic Cover Main, Front, LRG, Plastic, Suede",Part,MTS,ATLN,RR91,FALSE,Sienna Corporation,223,0,37.15,8284.45,0,11,Unrestricted,223
09-11-2026,CM: Sienna GA,10-004440 REV-11,10-004440,"Inverter Aesthetic Cover Main, Front, LRG, Plastic, Suede",Part,MTS,ATLN,RP28,FALSE,Sienna Corporation,100,0,37.15,3715,0,11,Unrestricted,100
09-11-2026,CM: Sienna GA,10-004440 REV-11,10-004440,"Inverter Aesthetic Cover Main, Front, LRG, Plastic, Suede",Part,MTS,ATLN,RT47,FALSE,Sienna Corporation,100,0,37.15,3715,0,11,Unrestricted,100
09-11-2026,CM: Sienna GA,10-004440 REV-11,10-004440,"Inverter Aesthetic Cover Main, Front, LRG, Plastic, Suede",Part,MTS,ATLN,RIQC,FALSE,Sienna Corporation,93,0,37.15,3454.95,0,11,Unrestricted,93
09-11-2026,CM: Sienna GA,10-004440 REV-11,10-004440,"Inverter Aesthetic Cover Main, Front, LRG, Plastic, Suede",Part,MTS,ATLN,MRB,FALSE,Sienna Corporation,0,5,37.15,0,185.75,11,Restricted,0
09-11-2026,CM: Sienna GA,10-004440 REV-11,10-004440,"Inverter Aesthetic Cover Main, Front, LRG, Plastic, Suede",Part,MTS,ATLN,RP22,FALSE,Sienna Corporation,100,0,37.15,3715,0,11,Unrestricted,100
09-11-2026,CM: Sienna GA,10-004440 REV-11,10-004440,"Inverter Aesthetic Cover Main, Front, LRG, Plastic, Suede",Part,MTS,ATLN,RQA8,FALSE,Sienna Corporation,200,0,37.15,7430,0,11,Unrestricted,200
09-11-2026,CM: Sienna GA,10-004440 REV-11,10-004440,"Inverter Aesthetic Cover Main, Front, LRG, Plastic, Suede",Part,MTS,ATLN,RS52,FALSE,Sienna Corporation,100,0,37.15,3715,0,11,Unrestricted,100
09-11-2026,CM: Sienna GA,10-004443 REV-03,10-004443,"Screw, 1/4-28x3/8, Slot-Square 2R, Steel, Zinc-Plated",Part,OTS,ATLN,MAIN,FALSE,Sienna Corporation,9000,0,0.2693,2423.7,0,3,Unrestricted,9000
09-11-2026,CM: Sienna GA,10-004443 REV-03,10-004443,"Screw, 1/4-28x3/8, Slot-Square 2R, Steel, Zinc-Plated",Part,OTS,ATLN,RIQC,FALSE,Sienna Corporation,1300,0,0.2693,350.09,0,3,Unrestricted,1300
09-11-2026,CM: Sienna GA,10-004443 REV-03,10-004443,"Screw, 1/4-28x3/8, Slot-Square 2R, Steel, Zinc-Plated",Part,OTS,ATLN,LINE,FALSE,Sienna Corporation,3491,0,0.2693,940.1263,0,3,Unrestricted,3491
09-11-2026,Lunar Netsuite,10-004444,10-004444,"Screw, M5x13, BHT, Flanged, DP, T25",Part,OTS,JIT - Reno,NS,FALSE,Lunar Energy,537,0,0.0977,52.4649,0,0,Unrestricted,537
09-11-2026,CM: Sienna GA,10-004444 REV-01,10-004444,"Screw, M5x13, BHT, Flanged, DP, T25",Part,OTS,ATLN,RP61,FALSE,Sienna Corporation,49487,0,0.091,4503.317,0,1,Unrestricted,49487
09-11-2026,CM: Sienna GA,10-004446 REV-01,10-004446,"Screw,Captive,M5x0.8 6gx14mm,5mm Thread,CS,T25,Flanged,DP,Steel,ZiNi BC",Part,OTS,ATLN,LINE,FALSE,Sienna Corporation,2866,0,0.22,630.52,0,1,Unrestricted,2866
09-11-2026,CM: Sienna GA,10-004446 REV-01,10-004446,"Screw,Captive,M5x0.8 6gx14mm,5mm Thread,CS,T25,Flanged,DP,Steel,ZiNi BC",Part,OTS,ATLN,RP62,FALSE,Sienna Corporation,14000,0,0.22,3080,0,1,Unrestricted,14000
09-11-2026,Lunar Netsuite,10-004454,10-004454,FERRITE BEAD 1.5K OHM 0603 1LN,Electrical Components,OTS,JIT - Reno,NS,FALSE,Lunar Energy,1050,0,0.072,75.6,0,0,Unrestricted,1050
09-11-2026,Lunar Netsuite,10-004465,10-004465,CAP CER 1UF 250V X7R 2220,Electrical Components,OTS,CCL (Computer Components Ltd),NS,FALSE,Lunar Energy,500,0,1.58,790,0,0,Unrestricted,500
09-11-2026,Lunar Netsuite,10-004472,10-004472,RES 100 mOHM 1% 1/5W 0603,Electrical Components,OTS,CCL (Computer Components Ltd),NS,FALSE,Lunar Energy,338,0,0.0265,8.957,0,0,Unrestricted,338
09-11-2026,CM: Celestica MX,10-0044743MS,10-004474,"Exhaust Manifold Assy w/ CWool and Label, Battery Block",Part,MTS,Monterrey Prod,1000,FALSE,Celestica,-3,0,58.12,-174.36,0,0,Unrestricted,-3
09-11-2026,CM: Sienna GA,10-004475 REV-01,10-004475,"Heatshrink, 30.00mm, 3:1 Black, 10mm Recovered",Part,OTS,ATLN,LINE,FALSE,Sienna Corporation,4,0,0.0066,0.0264,0,1,Unrestricted,4
09-11-2026,CM: Sienna GA,10-004475 REV-01,10-004475,"Heatshrink, 30.00mm, 3:1 Black, 10mm Recovered",Part,OTS,ATLN,MAIN,FALSE,Sienna Corporation,64,0,0.0066,0.4224,0,1,Unrestricted,64
09-11-2026,Lunar Netsuite,10-004477,10-004477,RES SMD 845K OHM 0.1% 1/4W 1206,Electrical Components,OTS,CCL (Computer Components Ltd),NS,FALSE,Lunar Energy,965,0,0.425,410.125,0,0,Unrestricted,965
09-11-2026,Lunar Netsuite,10-004481,10-004481,IC TRANSLTR BIDIRECTIONAL 8TSSOP,Electrical Components,OTS,CCL (Computer Components Ltd),NS,FALSE,Lunar Energy,9000,0,0.26,2340,0,0,Unrestricted,9000
09-11-2026,CM: Sienna GA,10-004489 REV-01,10-004489,DIODE ARRAY SCHOTTKY 30V SOT23-3,Electrical Components,OTS,ATLN,MAIN,FALSE,Sienna Corporation,240016,0,0.012,2880.192,0,1,Unrestricted,240016
09-11-2026,CM: Sienna GA,10-004489 REV-01,10-004489,DIODE ARRAY SCHOTTKY 30V SOT23-3,Electrical Components,OTS,ATLN,LINE,FALSE,Sienna Corporation,115443,0,0.012,1385.316,0,1,Unrestricted,115443
09-11-2026,CM: Sienna GA,10-004492 REV-01,10-004492,RES 25.5K OHM 1% 2W 1206,Electrical Components,OTS,ATLN,MAIN,FALSE,Sienna Corporation,15000,0,0.5,7500,0,1,Unrestricted,15000
09-11-2026,CM: Qualitel WA,814L-10-004492,10-004492,RES 25.5K OHM 1% 2W 1206,Electrical Components,OTS,"Seattle, WA",Stock,FALSE,Qualitel,17697,0,0.29,5132.13,0,0,Unrestricted,17697
09-11-2026,Lunar Netsuite,10-004492,10-004492,RES 25.5K OHM 1% 2W 1206,Electrical Components,OTS,JIT - Reno,NS,FALSE,Lunar Energy,3681,0,0.7375,2714.7375,0,0,Unrestricted,3681
09-11-2026,CM: Sienna GA,10-004492 REV-01,10-004492,RES 25.5K OHM 1% 2W 1206,Electrical Components,OTS,ATLN,LINE,FALSE,Sienna Corporation,3208,0,0.5,1604,0,1,Unrestricted,3208
09-11-2026,CM: Sienna GA,10-004496 REV-01,10-004496,OPTOISO 3.75KV TRANS 4-MINI-FLAT,Electrical Components,OTS,ATLN,LINE,FALSE,Sienna Corporation,4250,0,0.419,1780.75,0,1,Unrestricted,4250
09-11-2026,CM: Sienna GA,10-004496 REV-01,10-004496,OPTOISO 3.75KV TRANS 4-MINI-FLAT,Electrical Components,OTS,ATLN,RIQC,FALSE,Sienna Corporation,6000,0,0.419,2514,0,1,Unrestricted,6000
09-11-2026,CM: Sienna GA,10-004496 REV-01,10-004496,OPTOISO 3.75KV TRANS 4-MINI-FLAT,Electrical Components,OTS,ATLN,MAIN,FALSE,Sienna Corporation,9000,0,0.419,3771,0,1,Unrestricted,9000
09-11-2026,CM: Qualitel WA,814L-10-004496,10-004496,OPTOISO 3.75KV TRANS 4-MINI-FLAT,Electrical Components,OTS,"Seattle, WA",Stock,FALSE,Qualitel,15003,0,0.379,5686.137,0,0,Unrestricted,15003
09-11-2026,CM: Sienna GA,10-004497 REV-01,10-004497,CAP CER 0.022UF 630V X7R 1206,Electrical Components,OTS,ATLN,PAMS,FALSE,Sienna Corporation,2000,0,0.0213,42.6,0,1,Unrestricted,2000
09-11-2026,Lunar Netsuite,10-004497,10-004497,CAP CER 0.022UF 630V X7R 1206,Electrical Components,OTS,CA - Ravendale,NS,FALSE,Lunar Energy,22198,0,0.0691,1533.8818,0,0,Unrestricted,22198
09-11-2026,CM: Sienna GA,10-004497 REV-01,10-004497,CAP CER 0.022UF 630V X7R 1206,Electrical Components,OTS,ATLN,LINE,FALSE,Sienna Corporation,6924,0,0.0213,147.4812,0,1,Unrestricted,6924
09-11-2026,CM: Qualitel WA,814L-10-004497,10-004497,CAP CER 0.022UF 630V X7R 1206,Electrical Components,OTS,"Seattle, WA",Stock,FALSE,Qualitel,30305,0,0.017,515.185,0,0,Unrestricted,30305
09-11-2026,CM: Sienna GA,10-004497 REV-01,10-004497,CAP CER 0.022UF 630V X7R 1206,Electrical Components,OTS,ATLN,MAIN,FALSE,Sienna Corporation,16000,0,0.0213,340.8,0,1,Unrestricted,16000
09-11-2026,CM: Sienna GA,10-004497 REV-01,10-004497,CAP CER 0.022UF 630V X7R 1206,Electrical Components,OTS,ATLN,RIQC,FALSE,Sienna Corporation,16000,0,0.0213,340.8,0,1,Unrestricted,16000
09-11-2026,CM: Sienna GA,10-004497 REV-01,10-004497,CAP CER 0.022UF 630V X7R 1206,Electrical Components,OTS,ATLN,RECV,FALSE,Sienna Corporation,4000,0,0.0213,85.2,0,1,Unrestricted,4000
09-11-2026,Lunar Netsuite,10-004497,10-004497,CAP CER 0.022UF 630V X7R 1206,Electrical Components,OTS,JIT - Reno,NS,FALSE,Lunar Energy,153,0,0.1733,26.5149,0,0,Unrestricted,153
09-11-2026,CM: Qualitel WA,814L-10-004499,10-004499,RES SMD 47 OHM 1% 1/2W 1206 AEC-Q,Electrical Components,OTS,"Seattle, WA",Stock,FALSE,Qualitel,8751,0,0.0054,47.2554,0,0,Unrestricted,8751
09-11-2026,CM: Sienna GA,10-004499 REV-01,10-004499,RES SMD 47 OHM 1% 1/2W 1206 AEC-Q,Electrical Components,OTS,ATLN,LINE,FALSE,Sienna Corporation,8081,0,0.0344,277.9864,0,1,Unrestricted,8081
09-11-2026,CM: Sienna GA,10-004501 REV-01,10-004501,"55V, 3A, HALF-BRIDGE POWER DRIVE",Electrical Components,OTS,ATLN,LINE,FALSE,Sienna Corporation,2695,0,1.03,2775.85,0,1,Unrestricted,2695
09-11-2026,CM: Sienna GA,10-004501 REV-01,10-004501,"55V, 3A, HALF-BRIDGE POWER DRIVE",Electrical Components,OTS,ATLN,MAIN,FALSE,Sienna Corporation,7500,0,1.03,7725,0,1,Unrestricted,7500
09-11-2026,CM: Qualitel WA,814L-10-004501,10-004501,"55V, 3A, HALF-BRIDGE POWER DRIVE",Electrical Components,OTS,"Seattle, WA",Stock,FALSE,Qualitel,7972,0,0.7,5580.4,0,0,Unrestricted,7972
09-11-2026,CM: Celestica MX,10-0045093MS,10-004509,Battery Aesthetic Cover Front Lunar Blue,Part,MTS,Monterrey Prod,DIFF,FALSE,Celestica,0,-32,36.1,0,-1155.2,0,MRPExUnrestricted,0
09-11-2026,CM: Celestica MX,10-0045123MS,10-004512,Battery Aesthetic Cover Left Asy Suede,Part,MTS,Monterrey Prod,DIFF,FALSE,Celestica,0,20,26.37,0,527.4,0,MRPExUnrestricted,0
09-11-2026,CM: Celestica MX,10-0045123MS,10-004512,Battery Aesthetic Cover Left Asy Suede,Part,MTS,Monterrey Prod,1000,FALSE,Celestica,32,0,26.37,843.84,0,0,Unrestricted,32
09-11-2026,Lunar Netsuite,10-004512,10-004512,Battery Aesthetic Cover Left Asy Suede,Part,MTS,JIT - Reno,NS,FALSE,Lunar Energy,407,0,26.37,10732.59,0,0,Unrestricted,407
09-11-2026,CM: Celestica MX,10-0045133MS,10-004513,Battery Aesthetic Cover Right Asy Suede,Part,MTS,Monterrey Prod,DIFF,FALSE,Celestica,0,10,26.37,0,263.7,0,MRPExUnrestricted,0
09-11-2026,Lunar Netsuite,10-004513,10-004513,Battery Aesthetic Cover Right Asy Suede,Part,MTS,JIT - Reno,NS,FALSE,Lunar Energy,512,0,26.37,13501.44,0,0,Unrestricted,512
09-11-2026,Lunar Netsuite,10-004514,10-004514,Battery Aesthetic Cover Asy Suede,Part,MTS,JIT - Reno,NS,FALSE,Lunar Energy,5,0,88.992,444.96,0,0,Unrestricted,5
09-11-2026,CM: Sienna GA,10-004517 REV-01,10-004517,IC MCU 32BIT 2MB FLASH 100LQFP,Electrical Components,OTS,ATLN,MAIN,FALSE,Sienna Corporation,2005,0,9.69,19428.45,0,1,Unrestricted,2005
09-11-2026,CM: Qualitel WA,814L-10-004517,10-004517,IC MCU 32BIT 2MB FLASH 100LQFP,Electrical Components,OTS,"Seattle, WA",Stock,FALSE,Qualitel,14252,0,8.18,116581.36,0,0,Unrestricted,14252
09-11-2026,CM: Sienna GA,10-004517 REV-01,10-004517,IC MCU 32BIT 2MB FLASH 100LQFP,Electrical Components,OTS,ATLN,RIQC,FALSE,Sienna Corporation,794,0,9.69,7693.86,0,1,Unrestricted,794
09-11-2026,Lunar Netsuite,10-004517,10-004517,IC MCU 32BIT 2MB FLASH 100LQFP,Electrical Components,OTS,JIT - Reno,NS,FALSE,Lunar Energy,130,0,8.18,1063.4,0,0,Unrestricted,130
09-11-2026,CM: Sienna GA,10-004517 REV-01,10-004517,IC MCU 32BIT 2MB FLASH 100LQFP,Electrical Components,OTS,ATLN,LINE,FALSE,Sienna Corporation,503,0,9.69,4874.07,0,1,Unrestricted,503
09-11-2026,CM: Celestica MX,10-0045173MS,10-004517,IC MCU 32BIT 2MB FLASH 100LQFP,Electrical Components,OTS,Monterrey Prod,1000,FALSE,Celestica,39,0,8.18,319.02,0,0,Unrestricted,39
09-11-2026,Lunar Netsuite,10-004520,10-004520,CAP FILM 3.3UF 10% 630VDC RADIAL AEC-Q,Electrical Components,OTS,Sienna Corporation - GA,NS,FALSE,Lunar Energy,610,0,0.7172,437.492,0,0,Unrestricted,0
09-11-2026,CM: Sienna GA,C10-004520 REV-01,10-004520,CAP FILM 3.3UF 10% 630VDC RADIAL AEC-Q,Electrical Components,OTS,ATLN,WS54,TRUE,Lunar Energy,610,0,0,0,0,1,Unrestricted,610
09-11-2026,CM: Sienna GA,10-004520 REV-01,10-004520,CAP FILM 3.3UF 10% 630VDC RADIAL AEC-Q,Electrical Components,OTS,ATLN,RIQC,FALSE,Sienna Corporation,15353,0,0.717,11008.101,0,1,Unrestricted,15353
09-11-2026,CM: Sienna GA,10-004520 REV-01,10-004520,CAP FILM 3.3UF 10% 630VDC RADIAL AEC-Q,Electrical Components,OTS,ATLN,LINE,FALSE,Sienna Corporation,5784,0,0.717,4147.128,0,1,Unrestricted,5784
09-11-2026,CM: Sienna GA,10-004520 REV-01,10-004520,CAP FILM 3.3UF 10% 630VDC RADIAL AEC-Q,Electrical Components,OTS,ATLN,RI55,FALSE,Sienna Corporation,36,0,0.717,25.812,0,1,Unrestricted,36
09-11-2026,CM: Qualitel WA,814L-10-004521,10-004521,"Fan with Connector,DC-DC, with Splice",Part,OTS,"Seattle, WA",Stock,FALSE,Qualitel,739,0,7.34,5424.26,0,0,Unrestricted,739
09-11-2026,Lunar Netsuite,10-004521,10-004521,"Fan with Connector,DC-DC, with Splice",Part,OTS,CA - Ravendale,NS,FALSE,Lunar Energy,10,0,8.34,83.4,0,0,Unrestricted,10
09-11-2026,CM: Sienna GA,10-004532 REV-01,10-004532,DIODE GEN PURP 100V 300MA SOD123,Electrical Components,OTS,ATLN,LINE,FALSE,Sienna Corporation,10423,0,0.0287,299.1401,0,1,Unrestricted,10423
09-11-2026,CM: Sienna GA,10-004532 REV-01,10-004532,DIODE GEN PURP 100V 300MA SOD123,Electrical Components,OTS,ATLN,PAMS,FALSE,Sienna Corporation,6000,0,0.0287,172.2,0,1,Unrestricted,6000
09-11-2026,CM: Qualitel WA,814L-10-004532,10-004532,DIODE GEN PURP 100V 300MA SOD123,Electrical Components,OTS,"Seattle, WA",Stock,FALSE,Qualitel,9872,0,0.0118,116.4896,0,0,Unrestricted,9872
09-11-2026,CM: Qualitel WA,814L-10-004534,10-004534,FIXED IND 4.7UH 4.2A 35 MOHM SMD,Electrical Components,OTS,"Seattle, WA",Stock,FALSE,Qualitel,5221,0,0.127,663.067,0,0,Unrestricted,5221
09-11-2026,CM: Sienna GA,10-004534 REV-01,10-004534,FIXED IND 4.7UH 4.2A 35 MOHM SMD,Electrical Components,OTS,ATLN,LINE,FALSE,Sienna Corporation,500,0,0.124,62,0,1,Unrestricted,500
09-11-2026,Lunar Netsuite,10-004534,10-004534,FIXED IND 4.7UH 4.2A 35 MOHM SMD,Electrical Components,OTS,JIT - Reno,NS,FALSE,Lunar Energy,1000,0,0.173,173,0,0,Unrestricted,1000
09-11-2026,CM: Sienna GA,10-004534 REV-01,10-004534,FIXED IND 4.7UH 4.2A 35 MOHM SMD,Electrical Components,OTS,ATLN,MAIN,FALSE,Sienna Corporation,3000,0,0.124,372,0,1,Unrestricted,3000
09-11-2026,CM: Sienna GA,10-004534 REV-01,10-004534,FIXED IND 4.7UH 4.2A 35 MOHM SMD,Electrical Components,OTS,ATLN,RIQC,FALSE,Sienna Corporation,1500,0,0.124,186,0,1,Unrestricted,1500
09-11-2026,CM: Qualitel WA,814L-10-004538,10-004538,IC VREF SHUNT 0.32% 8SOIC AEC-Q,Electrical Components,OTS,"Seattle, WA",Stock,FALSE,Qualitel,6245,0,0.424,2647.88,0,0,Unrestricted,6245
09-11-2026,Lunar Netsuite,10-004538,10-004538,IC VREF SHUNT 0.32% 8SOIC AEC-Q,Electrical Components,OTS,JIT - Reno,NS,FALSE,Lunar Energy,1000,0,0.567,567,0,0,Unrestricted,1000
09-11-2026,CM: Sienna GA,10-004538 REV-01,10-004538,IC VREF SHUNT 0.32% 8SOIC AEC-Q,Electrical Components,OTS,ATLN,MAIN,FALSE,Sienna Corporation,5000,0,0.318,1590,0,1,Unrestricted,5000
09-11-2026,CM: Sienna GA,10-004538 REV-01,10-004538,IC VREF SHUNT 0.32% 8SOIC AEC-Q,Electrical Components,OTS,ATLN,LINE,FALSE,Sienna Corporation,816,0,0.318,259.488,0,1,Unrestricted,816
09-11-2026,Lunar Netsuite,10-004540,10-004540,IC INVERT SCHMITT 1CH 1IN SOT353,Electrical Components,OTS,JIT - Reno,NS,FALSE,Lunar Energy,1000,0,0.049,49,0,0,Unrestricted,1000
09-11-2026,CM: Sienna GA,10-004545 REV-05,10-004545,ESS Top Cover LRG Asy,Part,MTS,ATLN,RK17,FALSE,Sienna Corporation,1,0,44.59,44.59,0,5,Unrestricted,1
09-11-2026,CM: Sienna GA,10-004545 REV-05,10-004545,ESS Top Cover LRG Asy,Part,MTS,ATLN,LINE,FALSE,Sienna Corporation,11,0,44.59,490.49,0,5,Unrestricted,11
09-11-2026,CM: Sienna GA,10-004545 REV-05,10-004545,ESS Top Cover LRG Asy,Part,MTS,ATLN,RK18,FALSE,Sienna Corporation,35,0,44.59,1560.65,0,5,Unrestricted,35
09-11-2026,CM: Sienna GA,10-004545 REV-05,10-004545,ESS Top Cover LRG Asy,Part,MTS,ATLN,RR72,FALSE,Sienna Corporation,17,0,44.59,758.03,0,5,Unrestricted,17
09-11-2026,CM: Sienna GA,10-004545 REV-05,10-004545,ESS Top Cover LRG Asy,Part,MTS,ATLN,PAMS,FALSE,Sienna Corporation,188,0,44.59,8382.92,0,5,Unrestricted,188
09-11-2026,CM: Sienna GA,10-004545 REV-05,10-004545,ESS Top Cover LRG Asy,Part,MTS,ATLN,RIQC,FALSE,Sienna Corporation,17,0,44.59,758.03,0,5,Unrestricted,17
09-11-2026,CM: Sienna GA,10-004545 REV-05,10-004545,ESS Top Cover LRG Asy,Part,MTS,ATLN,RQB8,FALSE,Sienna Corporation,160,0,44.59,7134.4,0,5,Unrestricted,160
09-11-2026,CM: Sienna GA,10-004545 REV-05,10-004545,ESS Top Cover LRG Asy,Part,MTS,ATLN,RT98,FALSE,Sienna Corporation,90,0,44.59,4013.1,0,5,Unrestricted,90
09-11-2026,CM: Sienna GA,10-004545 REV-05,10-004545,ESS Top Cover LRG Asy,Part,MTS,ATLN,RRA8,FALSE,Sienna Corporation,144,0,44.59,6420.96,0,5,Unrestricted,144
09-11-2026,CM: Sienna GA,10-004546 REV-05,10-004546,"Label, Serial Number, Inverter",Assembly,MTS,ATLN,LINE,FALSE,Sienna Corporation,358,0,0.05,17.9,0,5,Unrestricted,358
09-11-2026,CM: Celestica MX,10-0045473MS,10-004547,RES 5.1 OHM 1% 1/10W 0402 SMD AEC-Q,Electrical Components,OTS,Monterrey Prod,1000,FALSE,Celestica,-32,0,0.009,-0.288,0,0,Unrestricted,-32
09-11-2026,CM: Qualitel WA,814L-10-004547,10-004547,RES 5.1 OHM 1% 1/10W 0402 SMD AEC-Q,Electrical Components,OTS,"Seattle, WA",Stock,FALSE,Qualitel,237537,0,0.0087,2066.5719,0,0,Unrestricted,237537
09-11-2026,CM: Celestica MX,10-0045483MS,10-004548,RES SMD 3 OHM 5% 1/10W 0402 AEC-Q,Electrical Components,OTS,Monterrey Prod,1000,FALSE,Celestica,3059,0,0.0022,6.7298,0,0,Unrestricted,3059
09-11-2026,CM: Qualitel WA,814L-10-004548,10-004548,RES SMD 3 OHM 5% 1/10W 0402 AEC-Q,Electrical Components,OTS,"Seattle, WA",Stock,FALSE,Qualitel,225624,0,0.0021,473.8104,0,0,Unrestricted,225624
09-11-2026,CM: Sienna GA,10-004552 REV-06,10-004552,"Inverter Aesthetic Cover Sub Assembly, LRG, Left Panel, Suede",Part,MTS,ATLN,RTA8,FALSE,Sienna Corporation,400,0,31.94,12776,0,6,Unrestricted,400
09-11-2026,CM: Sienna GA,10-004552 REV-06,10-004552,"Inverter Aesthetic Cover Sub Assembly, LRG, Left Panel, Suede",Part,MTS,ATLN,RRB8,FALSE,Sienna Corporation,363,0,31.94,11594.22,0,6,Unrestricted,363
09-11-2026,CM: Sienna GA,10-004552 REV-06,10-004552,"Inverter Aesthetic Cover Sub Assembly, LRG, Left Panel, Suede",Part,MTS,ATLN,MRB,FALSE,Sienna Corporation,0,3,31.94,0,95.82,6,Restricted,0
09-11-2026,CM: Sienna GA,10-004552 REV-06,10-004552,"Inverter Aesthetic Cover Sub Assembly, LRG, Left Panel, Suede",Part,MTS,ATLN,RT27,FALSE,Sienna Corporation,400,0,31.94,12776,0,6,Unrestricted,400
09-11-2026,CM: Sienna GA,10-004552 REV-06,10-004552,"Inverter Aesthetic Cover Sub Assembly, LRG, Left Panel, Suede",Part,MTS,ATLN,RTA7,FALSE,Sienna Corporation,400,0,31.94,12776,0,6,Unrestricted,400
09-11-2026,CM: Sienna GA,10-004552 REV-06,10-004552,"Inverter Aesthetic Cover Sub Assembly, LRG, Left Panel, Suede",Part,MTS,ATLN,RRB2,FALSE,Sienna Corporation,100,0,31.94,3194,0,6,Unrestricted,100
09-11-2026,CM: Sienna GA,10-004552 REV-06,10-004552,"Inverter Aesthetic Cover Sub Assembly, LRG, Left Panel, Suede",Part,MTS,ATLN,RR92,FALSE,Sienna Corporation,36,0,31.94,1149.84,0,6,Unrestricted,36
09-11-2026,CM: Sienna GA,10-004553 REV-07,10-004553,"Inverter Aesthetic Cover Sub Assembly, LRG, Right Panel, Suede",Part,MTS,ATLN,RR78,FALSE,Sienna Corporation,400,0,94.67,37868,0,7,Unrestricted,400
09-11-2026,CM: Sienna GA,10-004553 REV-07,10-004553,"Inverter Aesthetic Cover Sub Assembly, LRG, Right Panel, Suede",Part,MTS,ATLN,RIQC,FALSE,Sienna Corporation,720,0,94.67,68162.4,0,7,Unrestricted,720
09-11-2026,CM: Sienna GA,10-004553 REV-07,10-004553,"Inverter Aesthetic Cover Sub Assembly, LRG, Right Panel, Suede",Part,MTS,ATLN,RQB1,FALSE,Sienna Corporation,400,0,94.67,37868,0,7,Unrestricted,400
09-11-2026,CM: Sienna GA,10-004553 REV-07,10-004553,"Inverter Aesthetic Cover Sub Assembly, LRG, Right Panel, Suede",Part,MTS,ATLN,RRB2,FALSE,Sienna Corporation,100,0,94.67,9467,0,7,Unrestricted,100
09-11-2026,CM: Sienna GA,10-004553 REV-07,10-004553,"Inverter Aesthetic Cover Sub Assembly, LRG, Right Panel, Suede",Part,MTS,ATLN,RP81,FALSE,Sienna Corporation,72,0,94.67,6816.24,0,7,Unrestricted,72
09-11-2026,Lunar Netsuite,10-004555,10-004555,CONN PCB TERMINAL BLOCK; 2.5 MM; PIN,Electrical Components,OTS,CCL (Computer Components Ltd),NS,FALSE,Lunar Energy,624,0,0.818,510.432,0,0,Unrestricted,624
09-11-2026,Lunar Netsuite,10-004556,10-004556,CAP FILM 0.22UF 10% 1.5KVDC RAD AEC-Q,Electrical Components,OTS,JIT - Reno,NS,FALSE,Lunar Energy,1050,0,0.8492,891.66,0,0,Unrestricted,1050
09-11-2026,CM: Qualitel WA,814L-10-004556,10-004556,CAP FILM 0.22UF 10% 1.5KVDC RAD AEC-Q,Electrical Components,OTS,"Seattle, WA",Stock,FALSE,Qualitel,11763,0,0.336,3952.368,0,0,Unrestricted,11763
09-11-2026,CM: Sienna GA,10-004556 REV-01,10-004556,CAP FILM 0.22UF 10% 1.5KVDC RAD AEC-Q,Electrical Components,OTS,ATLN,PAMS,FALSE,Sienna Corporation,6300,0,0.533,3357.9,0,1,Unrestricted,6300
09-11-2026,CM: Sienna GA,10-004556 REV-01,10-004556,CAP FILM 0.22UF 10% 1.5KVDC RAD AEC-Q,Electrical Components,OTS,ATLN,LINE,FALSE,Sienna Corporation,1675,0,0.533,892.775,0,1,Unrestricted,1675
09-11-2026,CM: Sienna GA,10-004556 REV-01,10-004556,CAP FILM 0.22UF 10% 1.5KVDC RAD AEC-Q,Electrical Components,OTS,ATLN,RI33,FALSE,Sienna Corporation,6500,0,0.533,3464.5,0,1,Unrestricted,6500
09-11-2026,Lunar Netsuite,10-004557,10-004557,CAP CER 1000PF 250VAC X7R 1808,Electrical Components,OTS,Sienna Corporation - GA,NS,FALSE,Lunar Energy,32000,0,0.388,12416,0,0,Unrestricted,31000
09-11-2026,CM: Sienna GA,C10-004557 REV-01,10-004557,CAP CER 1000PF 250VAC X7R 1808,Electrical Components,OTS,ATLN,WR22,TRUE,Lunar Energy,32000,0,0,0,0,1,Unrestricted,32000
09-11-2026,CM: Qualitel WA,814L-10-004557,10-004557,CAP CER 1000PF 250VAC X7R 1808,Electrical Components,OTS,"Seattle, WA",Stock,FALSE,Qualitel,19022,0,0.082,1559.804,0,0,Unrestricted,19022
09-11-2026,CM: Sienna GA,10-004557 REV-01,10-004557,CAP CER 1000PF 250VAC X7R 1808,Electrical Components,OTS,ATLN,LINE,FALSE,Sienna Corporation,5023,0,0.388,1948.924,0,1,Unrestricted,5023
09-11-2026,Lunar Netsuite,10-004557,10-004557,CAP CER 1000PF 250VAC X7R 1808,Electrical Components,OTS,CA - Ravendale,NS,FALSE,Lunar Energy,10564,0,0.3858,4075.5912,0,0,Unrestricted,10564
09-11-2026,CM: Sienna GA,10-004557 REV-01,10-004557,CAP CER 1000PF 250VAC X7R 1808,Electrical Components,OTS,ATLN,MAIN,FALSE,Sienna Corporation,22000,0,0.388,8536,0,1,Unrestricted,22000
09-11-2026,CM: Sienna GA,10-004560 REV-01,10-004560,IC MODULATOR 16BIT 40K 32VQFN,Electrical Components,OTS,ATLN,LINE,FALSE,Sienna Corporation,4486,0,8.21,36830.06,0,1,Unrestricted,4486
09-11-2026,CM: Qualitel WA,814L-10-004560,10-004560,IC MODULATOR 16BIT 40K 32VQFN,Electrical Components,OTS,"Seattle, WA",Stock,FALSE,Qualitel,3778,0,7.187,27152.486,0,0,Unrestricted,3778
09-11-2026,CM: Qualitel WA,814L-10-004561,10-004561,RELAY GEN PURPOSE SPST 50A 12V,Electrical Components,OTS,"Seattle, WA",Stock,FALSE,Qualitel,7815,0,1.62,12660.3,0,0,Unrestricted,7815
09-11-2026,CM: Sienna GA,10-004561 REV-01,10-004561,RELAY GEN PURPOSE SPST 50A 12V,Electrical Components,OTS,ATLN,RIQC,FALSE,Sienna Corporation,3053,0,1.62,4945.86,0,1,Unrestricted,3053
09-11-2026,CM: Sienna GA,10-004561 REV-01,10-004561,RELAY GEN PURPOSE SPST 50A 12V,Electrical Components,OTS,ATLN,PAMS,FALSE,Sienna Corporation,1325,0,1.62,2146.5,0,1,Unrestricted,1325
09-11-2026,CM: Qualitel WA,814L-10-004564,10-004564,TRANS PNP 40V 0.2A SC75 SOT416,Electrical Components,OTS,"Seattle, WA",Stock,FALSE,Qualitel,9869,0,0.0103,101.6507,0,0,Unrestricted,9869
09-11-2026,CM: Sienna GA,10-004564 REV-01,10-004564,TRANS PNP 40V 0.2A SC75 SOT416,Electrical Components,OTS,ATLN,LINE,FALSE,Sienna Corporation,11185,0,0.0132,147.642,0,1,Unrestricted,11185
09-11-2026,CM: Sienna GA,10-004565 REV-01,10-004565,CAP FILM 3.3UF 10% 310VAC RADIAL,Electrical Components,OTS,ATLN,RIQC,FALSE,Sienna Corporation,3570,0,0.65,2320.5,0,1,Unrestricted,3570
09-11-2026,CM: Qualitel WA,814L-10-004565,10-004565,CAP FILM 3.3UF 10% 310VAC RADIAL,Electrical Components,OTS,"Seattle, WA",Stock,FALSE,Qualitel,8664,0,0.65,5631.6,0,0,Unrestricted,8664
09-11-2026,CM: Sienna GA,10-004565 REV-01,10-004565,CAP FILM 3.3UF 10% 310VAC RADIAL,Electrical Components,OTS,ATLN,MAIN,FALSE,Sienna Corporation,5420,0,0.65,3523,0,1,Unrestricted,5420
09-11-2026,CM: Sienna GA,10-004565 REV-01,10-004565,CAP FILM 3.3UF 10% 310VAC RADIAL,Electrical Components,OTS,ATLN,LINE,FALSE,Sienna Corporation,2756,0,0.65,1791.4,0,1,Unrestricted,2756
09-11-2026,CM: Sienna GA,10-004566 REV-01,10-004566,CAP CER 100PF 50V C0G/NP0 0402 AEC-Q,Electrical Components,OTS,ATLN,MAIN,FALSE,Sienna Corporation,100000,0,0.0042,420,0,1,Unrestricted,100000
09-11-2026,CM: Qualitel WA,814L-10-004566,10-004566,CAP CER 100PF 50V C0G/NP0 0402 AEC-Q,Electrical Components,OTS,"Seattle, WA",Stock,FALSE,Qualitel,62319,0,0.0035,218.1165,0,0,Unrestricted,62319
09-11-2026,CM: Sienna GA,10-004566 REV-01,10-004566,CAP CER 100PF 50V C0G/NP0 0402 AEC-Q,Electrical Components,OTS,ATLN,LINE,FALSE,Sienna Corporation,8675,0,0.0042,36.435,0,1,Unrestricted,8675
09-11-2026,CM: Sienna GA,10-004567 REV-01,10-004567,RELAY GEN PURPOSE DPDT 8A 120V,Electrical Components,OTS,ATLN,LINE,FALSE,Sienna Corporation,558,0,8.75,4882.5,0,1,Unrestricted,558
09-11-2026,CM: Sienna GA,10-004567 REV-01,10-004567,RELAY GEN PURPOSE DPDT 8A 120V,Electrical Components,OTS,ATLN,MAIN,FALSE,Sienna Corporation,1494,0,8.75,13072.5,0,1,Unrestricted,1494
09-11-2026,CM: Qualitel WA,814L-10-004567,10-004567,RELAY GEN PURPOSE DPDT 8A 120V,Electrical Components,OTS,"Seattle, WA",Stock,FALSE,Qualitel,3438,0,5.24,18015.12,0,0,Unrestricted,3438
09-11-2026,CM: Sienna GA,10-004567 REV-01,10-004567,RELAY GEN PURPOSE DPDT 8A 120V,Electrical Components,OTS,ATLN,RIQC,FALSE,Sienna Corporation,1000,0,8.75,8750,0,1,Unrestricted,1000
09-11-2026,CM: Sienna GA,10-004576 REV-01,10-004576,"PCB TERMINAL BLOCK, NOMINAL CURR",Electrical Components,OTS,ATLN,MAIN,FALSE,Sienna Corporation,3421,0,3.36,11494.56,0,1,Unrestricted,3421
09-11-2026,CM: Qualitel WA,814L-10-004576,10-004576,"PCB TERMINAL BLOCK, NOMINAL CURR",Electrical Components,OTS,"Seattle, WA",Stock,FALSE,Qualitel,3005,0,1.82,5469.1,0,0,Unrestricted,3005
09-11-2026,CM: Sienna GA,10-004576 REV-01,10-004576,"PCB TERMINAL BLOCK, NOMINAL CURR",Electrical Components,OTS,ATLN,RIQC,FALSE,Sienna Corporation,1300,0,3.36,4368,0,1,Unrestricted,1300
09-11-2026,CM: Sienna GA,10-004576 REV-01,10-004576,"PCB TERMINAL BLOCK, NOMINAL CURR",Electrical Components,OTS,ATLN,LINE,FALSE,Sienna Corporation,302,0,3.36,1014.72,0,1,Unrestricted,302
09-11-2026,Lunar Netsuite,10-004578,10-004578,RES 75 OHM 1% 1/16W 0402,Electrical Components,OTS,JIT - Reno,NS,FALSE,Lunar Energy,5400,0,0.004,21.6,0,0,Unrestricted,5400
09-11-2026,CM: Sienna GA,10-004580 REV-01,10-004580,CAP CER 10000PF 3KV X7R 2220,Electrical Components,OTS,ATLN,LINE,FALSE,Sienna Corporation,2000,0,0.244,488,0,1,Unrestricted,2000
09-11-2026,CM: Sienna GA,10-004580 REV-01,10-004580,CAP CER 10000PF 3KV X7R 2220,Electrical Components,OTS,ATLN,MAIN,FALSE,Sienna Corporation,962,0,0.244,234.728,0,1,Unrestricted,962
09-11-2026,CM: Qualitel WA,814L-10-004584,10-004584,TERM REDCUBE M3 1PIN SMD,Electrical Components,OTS,"Seattle, WA",Stock,FALSE,Qualitel,10270,0,0.25,2567.5,0,0,Unrestricted,10270
09-11-2026,CM: Sienna GA,10-004584 REV-01,10-004584,TERM REDCUBE M3 1PIN SMD,Electrical Components,OTS,ATLN,LINE,FALSE,Sienna Corporation,2273,0,0.25,568.25,0,1,Unrestricted,2273
09-11-2026,CM: Sienna GA,10-004584 REV-01,10-004584,TERM REDCUBE M3 1PIN SMD,Electrical Components,OTS,ATLN,RIQC,FALSE,Sienna Corporation,5000,0,0.25,1250,0,1,Unrestricted,5000
09-11-2026,CM: Sienna GA,10-004584 REV-01,10-004584,TERM REDCUBE M3 1PIN SMD,Electrical Components,OTS,ATLN,MAIN,FALSE,Sienna Corporation,4450,0,0.25,1112.5,0,1,Unrestricted,4450
09-11-2026,Lunar Netsuite,10-004591,10-004591,SURGE SUPP TBU 200MA 850VIMP SMD,Electrical Components,OTS,CCL (Computer Components Ltd),NS,FALSE,Lunar Energy,12000,0,0.74,8880,0,0,Unrestricted,12000
09-11-2026,CM: Sienna GA,10-004592 REV-01,10-004592,CAP FILM 0.015UF 10% 310VAC RAD,Electrical Components,OTS,ATLN,MAIN,FALSE,Sienna Corporation,3470,0,0.3516,1220.052,0,1,Unrestricted,3470
09-11-2026,CM: Qualitel WA,814L-10-004592,10-004592,CAP FILM 0.015UF 10% 310VAC RAD,Electrical Components,OTS,"Seattle, WA",Stock,FALSE,Qualitel,17334,0,0.067,1161.378,0,0,Unrestricted,17334
09-11-2026,CM: Sienna GA,10-004592 REV-01,10-004592,CAP FILM 0.015UF 10% 310VAC RAD,Electrical Components,OTS,ATLN,LINE,FALSE,Sienna Corporation,6591,0,0.3516,2317.3956,0,1,Unrestricted,6591
09-11-2026,CM: Sienna GA,10-004592 REV-01,10-004592,CAP FILM 0.015UF 10% 310VAC RAD,Electrical Components,OTS,ATLN,PAMS,FALSE,Sienna Corporation,6020,0,0.3516,2116.632,0,1,Unrestricted,6020
09-11-2026,CM: Sienna GA,10-004593 REV-04,10-004593,"Screw Terminal, M3, SMT, Thru Hole, Integrated Junction, 50A",Electrical Components,MTS,ATLN,RIQC,FALSE,Sienna Corporation,5000,0,0.31,1550,0,4,Unrestricted,5000
09-11-2026,CM: Qualitel WA,814L-10-004593,10-004593,"Screw Terminal, M3, SMT, Thru Hole, Integrated Junction, 50A",Electrical Components,MTS,"Seattle, WA",Stock,FALSE,Qualitel,7875,0,0.219,1724.625,0,0,Unrestricted,7875
09-11-2026,CM: Sienna GA,10-004593 REV-04,10-004593,"Screw Terminal, M3, SMT, Thru Hole, Integrated Junction, 50A",Electrical Components,MTS,ATLN,LINE,FALSE,Sienna Corporation,3107,0,0.31,963.17,0,4,Unrestricted,3107
09-11-2026,CM: Sienna GA,10-004596 REV-01,10-004596,CAP CER 2220 2.2NF 3000V X7R 10% AEC-Q,Electrical Components,OTS,ATLN,LINE,FALSE,Sienna Corporation,2000,0,0.95,1900,0,1,Unrestricted,2000
09-11-2026,CM: Sienna GA,10-004596 REV-01,10-004596,CAP CER 2220 2.2NF 3000V X7R 10% AEC-Q,Electrical Components,OTS,ATLN,MAIN,FALSE,Sienna Corporation,6518,0,0.95,6192.1,0,1,Unrestricted,6518
09-11-2026,CM: Sienna GA,10-004598 REV-01,10-004598,TRANS NPN 40V 0.6A SOT23,Electrical Components,OTS,ATLN,MAIN,FALSE,Sienna Corporation,51000,0,0.009,459,0,1,Unrestricted,51000
09-11-2026,CM: Sienna GA,10-004598 REV-01,10-004598,TRANS NPN 40V 0.6A SOT23,Electrical Components,OTS,ATLN,LINE,FALSE,Sienna Corporation,18845,0,0.009,169.605,0,1,Unrestricted,18845
09-11-2026,CM: Sienna GA,10-004598 REV-01,10-004598,TRANS NPN 40V 0.6A SOT23,Electrical Components,OTS,ATLN,RIQC,FALSE,Sienna Corporation,9000,0,0.009,81,0,1,Unrestricted,9000
09-11-2026,CM: Sienna GA,10-004599 REV-01,10-004599,10.00mm Pitch Mini-Fit Sr. Header,Electrical Components,OTS,ATLN,MAIN,FALSE,Sienna Corporation,1802,0,1.65,2973.3,0,1,Unrestricted,1802
09-11-2026,CM: Qualitel WA,814L-10-004599,10-004599,10.00mm Pitch Mini-Fit Sr. Header,Electrical Components,OTS,"Seattle, WA",Stock,FALSE,Qualitel,1779,0,1.6654,2962.7466,0,0,Unrestricted,1779
09-11-2026,CM: Sienna GA,10-004599 REV-01,10-004599,10.00mm Pitch Mini-Fit Sr. Header,Electrical Components,OTS,ATLN,RIQC,FALSE,Sienna Corporation,2520,0,1.65,4158,0,1,Unrestricted,2520
09-11-2026,CM: Sienna GA,10-004599 REV-01,10-004599,10.00mm Pitch Mini-Fit Sr. Header,Electrical Components,OTS,ATLN,LINE,FALSE,Sienna Corporation,656,0,1.65,1082.4,0,1,Unrestricted,656
09-11-2026,CM: Sienna GA,10-004601 REV-01,10-004601,"Label, Branch Circuits, Inner Panel, Left, Bridge",Part,MTS,ATLN,PCKD,FALSE,Sienna Corporation,1000,0,0.487,487,0,1,Unrestricted,1000
09-11-2026,CM: Sienna GA,10-004601 REV-01,10-004601,"Label, Branch Circuits, Inner Panel, Left, Bridge",Part,MTS,ATLN,LPAC,FALSE,Sienna Corporation,1070,0,0.487,521.09,0,1,Unrestricted,1070
09-11-2026,CM: Sienna GA,10-004601 REV-01,10-004601,"Label, Branch Circuits, Inner Panel, Left, Bridge",Part,MTS,ATLN,MAIN,FALSE,Sienna Corporation,2926,0,0.487,1424.962,0,1,Unrestricted,2926
09-11-2026,CM: Qualitel WA,814L-10-004602,10-004602,RES SMD 845K OHM 0.1% 1/4W 1206 AEC-Q,Electrical Components,OTS,"Seattle, WA",Stock,FALSE,Qualitel,141769,0,0.1023,14502.9687,0,0,Unrestricted,141769
09-11-2026,CM: Sienna GA,10-004602 REV-01,10-004602,RES SMD 845K OHM 0.1% 1/4W 1206 AEC-Q,Electrical Components,OTS,ATLN,LINE,FALSE,Sienna Corporation,1658,0,0.1713,284.0154,0,1,Unrestricted,1658
09-11-2026,CM: Sienna GA,10-004607 REV-06,10-004607,"Inverter Aesthetic Cover Assembly, LRG, Plastic, Suede",Part,MTS,ATLN,MRB,FALSE,Sienna Corporation,0,1,0,0,0,6,Restricted,0
09-11-2026,CM: Sienna GA,10-004607 REV-06,10-004607,"Inverter Aesthetic Cover Assembly, LRG, Plastic, Suede",Part,MTS,ATLN,LINE,FALSE,Sienna Corporation,83,0,0,0,0,6,Unrestricted,83
09-11-2026,Lunar Netsuite,10-004607,10-004607,"Inverter Aesthetic Cover Assembly, LRG, Plastic, Suede",Part,MTS,JIT - Reno,NS,FALSE,Lunar Energy,48,0,226.221,10858.608,0,0,Unrestricted,48
09-11-2026,CM: Sienna GA,10-004608 REV-02,10-004608,"AC CMC, 3 Phase, 4 Turns",Electrical Components,OTS,ATLN,PAMS,FALSE,Sienna Corporation,180,0,14.35,2583,0,2,Unrestricted,180
09-11-2026,CM: Sienna GA,10-004608 REV-02,10-004608,"AC CMC, 3 Phase, 4 Turns",Electrical Components,OTS,ATLN,RIQC,FALSE,Sienna Corporation,504,0,14.35,7232.4,0,2,Unrestricted,504
09-11-2026,CM: Qualitel WA,814L-10-004608,10-004608,"AC CMC, 3 Phase, 4 Turns",Electrical Components,OTS,"Seattle, WA",Stock,FALSE,Qualitel,2025,0,12.47,25251.75,0,0,Unrestricted,2025
09-11-2026,CM: Sienna GA,10-004608 REV-02,10-004608,"AC CMC, 3 Phase, 4 Turns",Electrical Components,OTS,ATLN,LINE,FALSE,Sienna Corporation,540,0,14.35,7749,0,2,Unrestricted,540
09-11-2026,CM: Sienna GA,10-004608 REV-02,10-004608,"AC CMC, 3 Phase, 4 Turns",Electrical Components,OTS,ATLN,RH56,FALSE,Sienna Corporation,180,0,14.35,2583,0,2,Unrestricted,180
09-11-2026,CM: Sienna GA,10-004608 REV-02,10-004608,"AC CMC, 3 Phase, 4 Turns",Electrical Components,OTS,ATLN,RH83,FALSE,Sienna Corporation,1332,0,14.35,19114.2,0,2,Unrestricted,1332
09-11-2026,CM: Sienna GA,10-004608 REV-02,10-004608,"AC CMC, 3 Phase, 4 Turns",Electrical Components,OTS,ATLN,RH24,FALSE,Sienna Corporation,189,0,14.35,2712.15,0,2,Unrestricted,189
09-11-2026,CM: Sienna GA,10-004608 REV-02,10-004608,"AC CMC, 3 Phase, 4 Turns",Electrical Components,OTS,ATLN,RH26,FALSE,Sienna Corporation,540,0,14.35,7749,0,2,Unrestricted,540
09-11-2026,CM: Sienna GA,10-004609 REV-02,10-004609,"DC CMC, 3 Phase, 4 Turns",Electrical Components,MTS,ATLN,MAIN,FALSE,Sienna Corporation,35,0,14.35,502.25,0,2,Unrestricted,35
09-11-2026,CM: Sienna GA,10-004609 REV-02,10-004609,"DC CMC, 3 Phase, 4 Turns",Electrical Components,MTS,ATLN,WHS2,FALSE,Sienna Corporation,326,0,14.35,4678.1,0,2,Unrestricted,326
09-11-2026,CM: Sienna GA,10-004609 REV-02,10-004609,"DC CMC, 3 Phase, 4 Turns",Electrical Components,MTS,ATLN,LPAC,FALSE,Sienna Corporation,73,0,14.35,1047.55,0,2,Unrestricted,73
09-11-2026,CM: Sienna GA,10-004611 REV-04,10-004611,"Safety Cover, Terminal Lug, Bridge",Part,MTS,ATLN,RS92,FALSE,Sienna Corporation,450,0,0.9114,410.13,0,4,Unrestricted,450
09-11-2026,CM: Sienna GA,10-004611 REV-04,10-004611,"Safety Cover, Terminal Lug, Bridge",Part,MTS,ATLN,RSA8,FALSE,Sienna Corporation,4000,0,0.9114,3645.6,0,4,Unrestricted,4000
09-11-2026,CM: Sienna GA,10-004611 REV-04,10-004611,"Safety Cover, Terminal Lug, Bridge",Part,MTS,ATLN,RR42,FALSE,Sienna Corporation,2105,0,0.9114,1918.497,0,4,Unrestricted,2105
09-11-2026,CM: Sienna GA,10-004611 REV-04,10-004611,"Safety Cover, Terminal Lug, Bridge",Part,MTS,ATLN,LPAC,FALSE,Sienna Corporation,29,0,0.9114,26.4306,0,4,Unrestricted,29
09-11-2026,CM: Sienna GA,10-004611 REV-04,10-004611,"Safety Cover, Terminal Lug, Bridge",Part,MTS,ATLN,RR71,FALSE,Sienna Corporation,150,0,0.9114,136.71,0,4,Unrestricted,150
09-11-2026,Lunar Netsuite,10-004611,10-004611,"Safety Cover, Terminal Lug, Bridge",Part,MTS,JIT - Reno,NS,FALSE,Lunar Energy,184,0,0,0,0,0,Unrestricted,184
09-11-2026,CM: Sienna GA,10-004611 REV-04,10-004611,"Safety Cover, Terminal Lug, Bridge",Part,MTS,ATLN,LINE,FALSE,Sienna Corporation,2784,0,0.9114,2537.3376,0,4,Unrestricted,2784
09-11-2026,CM: Sienna GA,10-004612 REV-01,10-004612,IC OPAMP GP 1 CIRCUIT SOT23-5,Electrical Components,OTS,ATLN,LINE,FALSE,Sienna Corporation,5526,0,0.8867,4899.9042,0,1,Unrestricted,5526
09-11-2026,CM: Qualitel WA,814L-10-004612,10-004612,IC OPAMP GP 1 CIRCUIT SOT23-5,Electrical Components,OTS,"Seattle, WA",Stock,FALSE,Qualitel,5746,0,0.289,1660.594,0,0,Unrestricted,5746
09-11-2026,Lunar Netsuite,10-004612,10-004612,IC OPAMP GP 1 CIRCUIT SOT23-5,Electrical Components,OTS,JIT - Reno,NS,FALSE,Lunar Energy,1000,0,0.557,557,0,0,Unrestricted,1000
09-11-2026,CM: Qualitel WA,814L-10-004613,10-004613,IC REG LINEAR POS ADJ 3A P2PAK-4,Electrical Components,OTS,"Seattle, WA",Stock,FALSE,Qualitel,2672,0,0.675,1803.6,0,0,Unrestricted,2672
09-11-2026,CM: Sienna GA,10-004613 REV-01,10-004613,IC REG LINEAR POS ADJ 3A P2PAK-4,Electrical Components,OTS,ATLN,LINE,FALSE,Sienna Corporation,1928,0,1.32,2544.96,0,1,Unrestricted,1928
09-11-2026,CM: Sienna GA,10-004614 REV-01,10-004614,TVS DEV GDT/MOV 875V DISC 13.2MM,Electrical Components,OTS,ATLN,MAIN,FALSE,Sienna Corporation,1000,0,0.604,604,0,1,Unrestricted,1000
09-11-2026,CM: Sienna GA,10-004614 REV-01,10-004614,TVS DEV GDT/MOV 875V DISC 13.2MM,Electrical Components,OTS,ATLN,RIQC,FALSE,Sienna Corporation,2229,0,0.604,1346.316,0,1,Unrestricted,2229
09-11-2026,CM: Qualitel WA,814L-10-004614,10-004614,TVS DEV GDT/MOV 875V DISC 13.2MM,Electrical Components,OTS,"Seattle, WA",Stock,FALSE,Qualitel,5294,0,0.508,2689.352,0,0,Unrestricted,5294
09-11-2026,CM: Sienna GA,10-004617 REV-01,10-004617,RES SMD 10.2KOHM 0.1% 1/16W 0402 AEC-Q,Electrical Components,OTS,ATLN,LINE,FALSE,Sienna Corporation,6919,0,0.074,512.006,0,1,Unrestricted,6919
09-11-2026,CM: Qualitel WA,814L-10-004617,10-004617,RES SMD 10.2KOHM 0.1% 1/16W 0402 AEC-Q,Electrical Components,OTS,"Seattle, WA",Stock,FALSE,Qualitel,17467,0,0.0458,799.9886,0,0,Unrestricted,17467
09-11-2026,CM: Sienna GA,10-004621 REV-01,10-004621,RES CPF 0201 20K 0.1% 25PPM 1K RL,Electrical Components,OTS,ATLN,MAIN,FALSE,Sienna Corporation,17948,0,0.299,5366.452,0,1,Unrestricted,17948
09-11-2026,CM: Sienna GA,10-004621 REV-01,10-004621,RES CPF 0201 20K 0.1% 25PPM 1K RL,Electrical Components,OTS,ATLN,LPAC,FALSE,Sienna Corporation,3952,0,0.299,1181.648,0,1,Unrestricted,3952
09-11-2026,CM: Sienna GA,10-004621 REV-01,10-004621,RES CPF 0201 20K 0.1% 25PPM 1K RL,Electrical Components,OTS,ATLN,LINE,FALSE,Sienna Corporation,4417,0,0.299,1320.683,0,1,Unrestricted,4417
09-11-2026,CM: Qualitel WA,814L-10-004621,10-004621,RES CPF 0201 20K 0.1% 25PPM 1K RL,Electrical Components,OTS,"Seattle, WA",Stock,FALSE,Qualitel,21573,0,0.135,2912.355,0,0,Unrestricted,21573
09-11-2026,CM: Sienna GA,10-004624 REV-01,10-004624,RES SMD 10K OHM 0.1% 1/10W 0603,Electrical Components,OTS,ATLN,MAIN,FALSE,Sienna Corporation,264184,0,0.017,4491.128,0,1,Unrestricted,264184
09-11-2026,CM: Sienna GA,10-004624 REV-01,10-004624,RES SMD 10K OHM 0.1% 1/10W 0603,Electrical Components,OTS,ATLN,LINE,FALSE,Sienna Corporation,67001,0,0.017,1139.017,0,1,Unrestricted,67001
09-11-2026,CM: Qualitel WA,814L-10-004624,10-004624,RES SMD 10K OHM 0.1% 1/10W 0603,Electrical Components,OTS,"Seattle, WA",Stock,FALSE,Qualitel,56136,0,0.0137,769.0632,0,0,Unrestricted,56136
09-11-2026,CM: Sienna GA,10-004624 REV-01,10-004624,RES SMD 10K OHM 0.1% 1/10W 0603,Electrical Components,OTS,ATLN,LPAC,FALSE,Sienna Corporation,5812,0,0.017,98.804,0,1,Unrestricted,5812
09-11-2026,CM: Sienna GA,10-004628 REV-01,10-004628,Automotive Compliant Low Knee Current 3.3V Voltage Reference AEC-Q,Electrical Components,OTS,ATLN,MAIN,FALSE,Sienna Corporation,2709,0,0.432,1170.288,0,1,Unrestricted,2709
09-11-2026,CM: Sienna GA,10-004630 REV-01,10-004630,TVS DIODE 10VWM 17VC SMA,Electrical Components,OTS,ATLN,LINE,FALSE,Sienna Corporation,3369,0,0.091,306.579,0,1,Unrestricted,3369
09-11-2026,CM: Sienna GA,10-004630 REV-01,10-004630,TVS DIODE 10VWM 17VC SMA,Electrical Components,OTS,ATLN,MAIN,FALSE,Sienna Corporation,5000,0,0.091,455,0,1,Unrestricted,5000
09-11-2026,CM: Qualitel WA,814L-10-004630,10-004630,TVS DIODE 10VWM 17VC SMA,Electrical Components,OTS,"Seattle, WA",Stock,FALSE,Qualitel,4287,0,0.0469,201.0603,0,0,Unrestricted,4287
09-11-2026,CM: Sienna GA,10-004631 REV-01,10-004631,RES 340 OHM 1% 1/16W 0402 AEC-Q,Electrical Components,OTS,ATLN,MAIN,FALSE,Sienna Corporation,20000,0,0.002,40,0,1,Unrestricted,20000
09-11-2026,CM: Qualitel WA,814L-10-004631,10-004631,RES 340 OHM 1% 1/16W 0402 AEC-Q,Electrical Components,OTS,"Seattle, WA",Stock,FALSE,Qualitel,43765,0,0.0015,65.6475,0,0,Unrestricted,43765
09-11-2026,CM: Sienna GA,10-004631 REV-01,10-004631,RES 340 OHM 1% 1/16W 0402 AEC-Q,Electrical Components,OTS,ATLN,LINE,FALSE,Sienna Corporation,4507,0,0.002,9.014,0,1,Unrestricted,4507
09-11-2026,CM: Sienna GA,10-004639 REV-05,10-004639,"Heat Sink, Maximizer",Assembly,MTS,ATLN,RR93,FALSE,Sienna Corporation,2400,0,0,0,0,5,Unrestricted,2400
09-11-2026,CM: Sienna GA,10-004639 REV-05,10-004639,"Heat Sink, Maximizer",Assembly,MTS,ATLN,RRB5,FALSE,Sienna Corporation,2400,0,0,0,0,5,Unrestricted,2400
09-11-2026,CM: Sienna GA,10-004639 REV-04,10-004639,"Heat Sink, Maximizer",Assembly,MTS,ATLN,RQ93,FALSE,Sienna Corporation,2400,0,2.41,5784,0,4,Unrestricted,2400
09-11-2026,CM: Sienna GA,10-004639 REV-04,10-004639,"Heat Sink, Maximizer",Assembly,MTS,ATLN,LPAC,FALSE,Sienna Corporation,72,0,2.41,173.52,0,4,Unrestricted,72
09-11-2026,CM: Sienna GA,10-004639 REV-05,10-004639,"Heat Sink, Maximizer",Assembly,MTS,ATLN,RQ16,FALSE,Sienna Corporation,2267,0,0,0,0,5,Unrestricted,2267
09-11-2026,CM: Sienna GA,10-004639 REV-04,10-004639,"Heat Sink, Maximizer",Assembly,MTS,ATLN,RIQC,FALSE,Sienna Corporation,1640,0,2.41,3952.4,0,4,Unrestricted,1640
09-11-2026,CM: Sienna GA,10-004639 REV-04,10-004639,"Heat Sink, Maximizer",Assembly,MTS,ATLN,RQ83,FALSE,Sienna Corporation,2400,0,2.41,5784,0,4,Unrestricted,2400
09-11-2026,CM: Sienna GA,10-004639 REV-04,10-004639,"Heat Sink, Maximizer",Assembly,MTS,ATLN,MRB,FALSE,Sienna Corporation,0,11,2.41,0,26.51,4,Restricted,0
09-11-2026,CM: Sienna GA,10-004639 REV-05,10-004639,"Heat Sink, Maximizer",Assembly,MTS,ATLN,RIQC,FALSE,Sienna Corporation,48,0,0,0,0,5,Unrestricted,48
09-11-2026,CM: Sienna GA,10-004639 REV-04,10-004639,"Heat Sink, Maximizer",Assembly,MTS,ATLN,RL54,FALSE,Sienna Corporation,2400,0,2.41,5784,0,4,Unrestricted,2400
09-11-2026,CM: Sienna GA,10-004639 REV-05,10-004639,"Heat Sink, Maximizer",Assembly,MTS,ATLN,LINE,FALSE,Sienna Corporation,2323,0,0,0,0,5,Unrestricted,2323
09-11-2026,CM: Sienna GA,10-004639 REV-05,10-004639,"Heat Sink, Maximizer",Assembly,MTS,ATLN,RT53,FALSE,Sienna Corporation,2400,0,0,0,0,5,Unrestricted,2400
09-11-2026,CM: Sienna GA,10-004639 REV-05,10-004639,"Heat Sink, Maximizer",Assembly,MTS,ATLN,RTA5,FALSE,Sienna Corporation,2400,0,0,0,0,5,Unrestricted,2400
09-11-2026,CM: Sienna GA,10-004639 REV-04,10-004639,"Heat Sink, Maximizer",Assembly,MTS,ATLN,RQ85,FALSE,Sienna Corporation,2400,0,2.41,5784,0,4,Unrestricted,2400
09-11-2026,CM: Sienna GA,10-004639 REV-04,10-004639,"Heat Sink, Maximizer",Assembly,MTS,ATLN,LINE,FALSE,Sienna Corporation,244,0,2.41,588.04,0,4,Unrestricted,244
09-11-2026,CM: Sienna GA,10-004639 REV-05,10-004639,"Heat Sink, Maximizer",Assembly,MTS,ATLN,RRB3,FALSE,Sienna Corporation,2395,0,0,0,0,5,Unrestricted,2395
09-11-2026,CM: Sienna GA,10-004643 REV-05,10-004643,"Adhesive, Double-sided, Heat Sink, Maximizer",Part,MTS,ATLN,LPAC,FALSE,Sienna Corporation,6768,0,0.14,947.52,0,5,Unrestricted,6768
09-11-2026,CM: Sienna GA,10-004643 REV-05,10-004643,"Adhesive, Double-sided, Heat Sink, Maximizer",Part,MTS,ATLN,MAIN,FALSE,Sienna Corporation,19706,0,0.14,2758.84,0,5,Unrestricted,19706
09-11-2026,CM: Sienna GA,10-004643 REV-05,10-004643,"Adhesive, Double-sided, Heat Sink, Maximizer",Part,MTS,ATLN,LINE,FALSE,Sienna Corporation,924,0,0.14,129.36,0,5,Unrestricted,924
09-11-2026,CM: Sienna GA,10-004643 REV-05,10-004643,"Adhesive, Double-sided, Heat Sink, Maximizer",Part,MTS,ATLN,WHS2,FALSE,Sienna Corporation,286,0,0.14,40.04,0,5,Unrestricted,286
09-11-2026,CM: Celestica MX,10-0046603MS,10-004660,CAP FILM 0.033UF 20% 1.5KVDC RAD,Electrical Components,OTS,Monterrey Prod,1000,FALSE,Celestica,-36,0,0.142,-5.112,0,0,Unrestricted,-36
09-11-2026,CM: Qualitel WA,814L-10-004660,10-004660,CAP FILM 0.033UF 20% 1.5KVDC RAD,Electrical Components,OTS,"Seattle, WA",Stock,FALSE,Qualitel,15373,0,0.15,2305.95,0,0,Unrestricted,15373
09-11-2026,CM: Sienna GA,10-004666 REV-01,10-004666,PV Disconnect Switch 0.1 mA at 3.3 VDC,Electrical Components,OTS,ATLN,LINE,FALSE,Sienna Corporation,822,0,9.96,8187.12,0,1,Unrestricted,822
09-11-2026,CM: Sienna GA,10-004666 REV-01,10-004666,PV Disconnect Switch 0.1 mA at 3.3 VDC,Electrical Components,OTS,ATLN,RIQC,FALSE,Sienna Corporation,565,0,9.96,5627.4,0,1,Unrestricted,565
09-11-2026,Lunar Netsuite,10-004675,10-004675,"Inductor Assy, DCDC, 22.8uH",Electrical Components,OTS,CA - Ravendale,NS,FALSE,Lunar Energy,35,0,4.7709,166.9815,0,0,Unrestricted,35
09-11-2026,CM: Celestica MX,10-0046753MS,10-004675,"Inductor Assy, DCDC, 22.8uH",Electrical Components,OTS,Monterrey Prod,1000,FALSE,Celestica,-18,0,10.7,-192.6,0,0,Unrestricted,-18
09-11-2026,CM: Sienna GA,10-004677 REV-02,10-004677,"Potted Pin Passthrough and Inductor Housing, Inverter Power Module C3",Part,MTS,ATLN,WHS2,FALSE,Sienna Corporation,1,0,91.25,91.25,0,2,Unrestricted,1
09-11-2026,Lunar Netsuite,10-004681,10-004681,CAP CER 2.2UF 25V X5R 0402,Electrical Components,OTS,JIT - Reno,NS,FALSE,Lunar Energy,5333,0,0.0695,370.6435,0,0,Unrestricted,5333
09-11-2026,CM: Qualitel WA,814L-10-004695,10-004695,"CAP CER 330PF SAFETY X1,Y2 250VAC X7R 1808",Electrical Components,OTS,"Seattle, WA",PO Inspection,FALSE,Qualitel,0,100,0.0928,0,9.28,0,Restricted,0
09-11-2026,CM: Qualitel WA,814L-10-004695,10-004695,"CAP CER 330PF SAFETY X1,Y2 250VAC X7R 1808",Electrical Components,OTS,"Seattle, WA",Stock,FALSE,Qualitel,25516,0,0.0928,2367.8848,0,0,Unrestricted,25516
09-11-2026,CM: Celestica MX,10-0046953MS,10-004695,"CAP CER 330PF SAFETY X1,Y2 250VAC X7R 1808",Electrical Components,OTS,Monterrey Prod,1000,FALSE,Celestica,216,0,0.233,50.328,0,0,Unrestricted,216
09-11-2026,CM: Qualitel WA,814L-10-004695,10-004695,"CAP CER 330PF SAFETY X1,Y2 250VAC X7R 1808",Electrical Components,OTS,"Seattle, WA",MRB,FALSE,Qualitel,0,100,0.0928,0,9.28,0,Restricted,0
09-11-2026,CM: Sienna GA,10-004719 REV-05,10-004719,"Wire Harness, Power, DC Contactors",Part,MTS,ATLN,RH33,FALSE,Sienna Corporation,800,0,10.488,8390.4,0,5,Unrestricted,800
09-11-2026,CM: Sienna GA,10-004719 REV-05,10-004719,"Wire Harness, Power, DC Contactors",Part,MTS,ATLN,LINE,FALSE,Sienna Corporation,190,0,10.488,1992.72,0,5,Unrestricted,190
09-11-2026,CM: Sienna GA,10-004719 REV-05,10-004719,"Wire Harness, Power, DC Contactors",Part,MTS,ATLN,RIQC,FALSE,Sienna Corporation,546,0,10.488,5726.448,0,5,Unrestricted,546
09-11-2026,CM: Sienna GA,10-004729 REV-07,10-004729,"Wire Harness, Inverter, PV Switch",Part,MTS,ATLN,RIQC,FALSE,Sienna Corporation,1199,0,0,0,0,7,Unrestricted,1199
09-11-2026,CM: Sienna GA,10-004729 REV-07,10-004729,"Wire Harness, Inverter, PV Switch",Part,MTS,ATLN,RPB2,FALSE,Sienna Corporation,1400,0,0,0,0,7,Unrestricted,1400
09-11-2026,CM: Sienna GA,10-004729 REV-07,10-004729,"Wire Harness, Inverter, PV Switch",Part,MTS,ATLN,MRB,FALSE,Sienna Corporation,0,2,0,0,0,7,Restricted,0
09-11-2026,CM: Sienna GA,10-004729 REV-07,10-004729,"Wire Harness, Inverter, PV Switch",Part,MTS,ATLN,LINE,FALSE,Sienna Corporation,471,0,0,0,0,7,Unrestricted,471
09-11-2026,CM: Sienna GA,10-004730 REV-04,10-004730,"Wire Harness, Coil & Aux, DC Contactors",Part,MTS,ATLN,RIQC,FALSE,Sienna Corporation,9,0,43.01,387.09,0,4,Unrestricted,9
09-11-2026,CM: Sienna GA,10-004730 REV-04,10-004730,"Wire Harness, Coil & Aux, DC Contactors",Part,MTS,ATLN,RL62,FALSE,Sienna Corporation,420,0,43.01,18064.2,0,4,Unrestricted,420
09-11-2026,CM: Sienna GA,10-004730 REV-04,10-004730,"Wire Harness, Coil & Aux, DC Contactors",Part,MTS,ATLN,MRB,FALSE,Sienna Corporation,0,2,43.01,0,86.02,4,Restricted,0
09-11-2026,CM: Sienna GA,10-004730 REV-04,10-004730,"Wire Harness, Coil & Aux, DC Contactors",Part,MTS,ATLN,RJ45,FALSE,Sienna Corporation,504,0,43.01,21677.04,0,4,Unrestricted,504
09-11-2026,CM: Sienna GA,10-004730 REV-04,10-004730,"Wire Harness, Coil & Aux, DC Contactors",Part,MTS,ATLN,RQ91,FALSE,Sienna Corporation,354,0,43.01,15225.54,0,4,Unrestricted,354
09-11-2026,CM: Sienna GA,10-004730 REV-04,10-004730,"Wire Harness, Coil & Aux, DC Contactors",Part,MTS,ATLN,HRAC,FALSE,Sienna Corporation,21,0,43.01,903.21,0,4,Unrestricted,21
09-11-2026,CM: Sienna GA,10-004730 REV-04,10-004730,"Wire Harness, Coil & Aux, DC Contactors",Part,MTS,ATLN,RQ95,FALSE,Sienna Corporation,490,0,43.01,21074.9,0,4,Unrestricted,490
09-11-2026,CM: Sienna GA,10-004730 REV-04,10-004730,"Wire Harness, Coil & Aux, DC Contactors",Part,MTS,ATLN,RQ92,FALSE,Sienna Corporation,518,0,43.01,22279.18,0,4,Unrestricted,518
09-11-2026,CM: Sienna GA,10-004730 REV-04,10-004730,"Wire Harness, Coil & Aux, DC Contactors",Part,MTS,ATLN,PDRW,FALSE,Sienna Corporation,78,0,43.01,3354.78,0,4,Unrestricted,78
09-11-2026,CM: Sienna GA,10-004732 REV-02,10-004732,"Wire Harness, Inverter, Battery IF, Cap Board",Part,MTS,ATLN,WHS2,FALSE,Sienna Corporation,4,0,39.88,159.52,0,2,Unrestricted,4
09-11-2026,CM: Sienna GA,10-004734 REV-02,10-004734,"Wire Harness,Inverter,Nano-fit",Part,MTS,ATLN,PAWH,FALSE,Sienna Corporation,600,0,6.992,4195.2,0,2,Unrestricted,600
09-11-2026,CM: Sienna GA,10-004734 REV-02,10-004734,"Wire Harness,Inverter,Nano-fit",Part,MTS,ATLN,RPB1,FALSE,Sienna Corporation,100,0,6.992,699.2,0,2,Unrestricted,100
09-11-2026,CM: Sienna GA,10-004734 REV-02,10-004734,"Wire Harness,Inverter,Nano-fit",Part,MTS,ATLN,RIQC,FALSE,Sienna Corporation,930,0,6.992,6502.56,0,2,Unrestricted,930
09-11-2026,CM: Sienna GA,10-004734 REV-02,10-004734,"Wire Harness,Inverter,Nano-fit",Part,MTS,ATLN,RL23,FALSE,Sienna Corporation,420,0,6.992,2936.64,0,2,Unrestricted,420
09-11-2026,CM: Qualitel WA,814L-10-004736,10-004736,RES 100K OHM 0.5% 1/2W 0805 AEC-Q,Electrical Components,OTS,"Seattle, WA",Stock,FALSE,Qualitel,71704,0,0.0566,4058.4464,0,0,Unrestricted,71704
09-11-2026,CM: Celestica MX,10-0047363MS,10-004736,RES 100K OHM 0.5% 1/2W 0805 AEC-Q,Electrical Components,OTS,Monterrey Prod,1000,FALSE,Celestica,-8,0,0.0572,-0.4576,0,0,Unrestricted,-8
09-11-2026,CM: Sienna GA,10-004753 REV-01,10-004753,Trans MOSFET N-CH 950V 4A 3-Pin(2+Tab) DPAK T/R,Electrical Components,OTS,ATLN,LINE,FALSE,Sienna Corporation,3652,0,0.31,1132.12,0,1,Unrestricted,3652
09-11-2026,CM: Sienna GA,10-004760 REV-01,10-004760,CONN HEADER R/A 30POS 2.54MM,Electrical Components,OTS,ATLN,MAIN,FALSE,Sienna Corporation,115,0,1.59,182.85,0,1,Unrestricted,115
09-11-2026,CM: Qualitel WA,814L-10-004760,10-004760,CONN HEADER R/A 30POS 2.54MM,Electrical Components,OTS,"Seattle, WA",Stock,FALSE,Qualitel,16732,0,1.4884,24903.9088,0,0,Unrestricted,16732
09-11-2026,CM: Celestica MX,10-0047603MS,10-004760,CONN HEADER R/A 30POS 2.54MM,Electrical Components,OTS,Monterrey Prod,1000,FALSE,Celestica,-9,0,1.66,-14.94,0,0,Unrestricted,-9
09-11-2026,CM: Celestica MX,10-0047713MS,10-004771,IC CURR SENSE 1 CIRCUIT SC70-5 AEC-Q,Electrical Components,OTS,Monterrey Prod,1000,FALSE,Celestica,-2,0,2.25,-4.5,0,0,Unrestricted,-2
09-11-2026,CM: Celestica MX,10-0047763MS,10-004776,RES 0.1 OHM 0.5% 1/2W 1206,Electrical Components,OTS,Monterrey Prod,1000,FALSE,Celestica,-2,0,0.0704,-0.1408,0,0,Unrestricted,-2
09-11-2026,CM: Sienna GA,10-004787 REV-01,10-004787,Cap Ceramic 0.1uF 16V X7R 10% Pad SMD 0402 125°C T/R,Electrical Components,OTS,ATLN,MAIN,FALSE,Sienna Corporation,4846,0,0.0022,10.6612,0,1,Unrestricted,4846
09-11-2026,CM: Sienna GA,10-004805 REV-01,10-004805,"RTV Silicone Sealant, Single Part, Electronics Grade",Part,OTS,ATLN,RIQC,FALSE,Sienna Corporation,12935.12012,0,0.115,1487.538813,0,1,Unrestricted,12935.12012
09-11-2026,CM: Sienna GA,10-004805 REV-01,10-004805,"RTV Silicone Sealant, Single Part, Electronics Grade",Part,OTS,ATLN,LINE,FALSE,Sienna Corporation,7749.379883,0,0.115,891.1786865,0,1,Unrestricted,7749.379883
09-11-2026,CM: Sienna GA,10-004805 REV-01,10-004805,"RTV Silicone Sealant, Single Part, Electronics Grade",Part,OTS,ATLN,MAIN,FALSE,Sienna Corporation,70.31999969,0,0.115,8.086799965,0,1,Unrestricted,70.31999969
09-11-2026,CM: Sienna GA,10-004805 REV-01,10-004805,"RTV Silicone Sealant, Single Part, Electronics Grade",Part,OTS,ATLN,LINE,FALSE,Sienna Corporation,10715.75,0,0.115,1232.31125,0,1,Unrestricted,10715.75
09-11-2026,CM: Sienna GA,10-004805 REV-01,10-004805,"RTV Silicone Sealant, Single Part, Electronics Grade",Part,OTS,ATLN,RIQC,FALSE,Sienna Corporation,75,0,0.115,8.625,0,1,Unrestricted,75
09-11-2026,CM: Sienna GA,10-004805 REV-01,10-004805,"RTV Silicone Sealant, Single Part, Electronics Grade",Part,OTS,ATLN,MAIN,FALSE,Sienna Corporation,1193.01001,0,0.115,137.1961511,0,1,Unrestricted,1193.01001
09-11-2026,CM: Sienna GA,10-004805 REV-01,10-004805,"RTV Silicone Sealant, Single Part, Electronics Grade",Part,OTS,ATLN,PAMS,FALSE,Sienna Corporation,100,0,0.115,11.5,0,1,Unrestricted,100
09-11-2026,CM: Sienna GA,10-004805 REV-01,10-004805,"RTV Silicone Sealant, Single Part, Electronics Grade",Part,OTS,ATLN,RIQC,FALSE,Sienna Corporation,0.3700000048,0,0.115,0.04255000055,0,1,Unrestricted,0.3700000048
09-11-2026,CM: Sienna GA,10-004806 REV-04,10-004806,"Wire Harness, Inverter, Filtered AC Jumper",Part,MTS,ATLN,LINE,FALSE,Sienna Corporation,182,0,15.5136,2823.4752,0,4,Unrestricted,182
09-11-2026,CM: Sienna GA,10-004806 REV-04,10-004806,"Wire Harness, Inverter, Filtered AC Jumper",Part,MTS,ATLN,RIQC,FALSE,Sienna Corporation,820,0,15.5136,12721.152,0,4,Unrestricted,820
09-11-2026,CM: Sienna GA,10-004806 REV-04,10-004806,"Wire Harness, Inverter, Filtered AC Jumper",Part,MTS,ATLN,RPB1,FALSE,Sienna Corporation,1052,0,15.5136,16320.3072,0,4,Unrestricted,1052
09-11-2026,CM: Sienna GA,10-004809 REV-04,10-004809,"Wire Harness,Inverter,Home Controller",Part,OTS,ATLN,PAWH,FALSE,Sienna Corporation,285,0,7.5,2137.5,0,4,Unrestricted,285
09-11-2026,CM: Sienna GA,10-004809 REV-04,10-004809,"Wire Harness,Inverter,Home Controller",Part,OTS,ATLN,MRB,FALSE,Sienna Corporation,0,87,7.5,0,652.5,4,Restricted,0
09-11-2026,CM: Sienna GA,10-004809 REV-04,10-004809,"Wire Harness,Inverter,Home Controller",Part,OTS,ATLN,RIQC,FALSE,Sienna Corporation,2482,0,7.5,18615,0,4,Unrestricted,2482
09-11-2026,CM: Sienna GA,10-004809 REV-04,10-004809,"Wire Harness,Inverter,Home Controller",Part,OTS,ATLN,LINE,FALSE,Sienna Corporation,312,0,7.5,2340,0,4,Unrestricted,312
09-11-2026,CM: Celestica MX,10-0048133MS,10-004813,CAP CER 4.7UF 25V X6S 0603,Electrical Components,OTS,Monterrey Prod,1000,FALSE,Celestica,3917,0,0.029,113.593,0,0,Unrestricted,3917
09-11-2026,CM: Qualitel WA,814L-10-004813,10-004813,CAP CER 4.7UF 25V X6S 0603,Electrical Components,OTS,"Seattle, WA",Stock,FALSE,Qualitel,36521,0,0.0242,883.8082,0,0,Unrestricted,36521
09-11-2026,CM: Qualitel WA,814L-10-004814,10-004814,CAP CER 1UF 25V X7R 0603,Electrical Components,OTS,"Seattle, WA",Stock,FALSE,Qualitel,67470,0,0.031,2091.57,0,0,Unrestricted,67470
09-11-2026,CM: Celestica MX,10-0048143MS,10-004814,CAP CER 1UF 25V X7R 0603,Electrical Components,OTS,Monterrey Prod,1000,FALSE,Celestica,-4,0,0.0316,-0.1264,0,0,Unrestricted,-4
09-11-2026,CM: Sienna GA,10-004819 REV-02,10-004819,"EMI Gasket, 2.3mm x 2.3mm, D-Profile",Part,OTS,ATLN,LINE,FALSE,Sienna Corporation,841.2000122,0,3.74,3146.088046,0,2,Unrestricted,841.2000122
09-11-2026,CM: Sienna GA,10-004819 REV-02,10-004819,"EMI Gasket, 2.3mm x 2.3mm, D-Profile",Part,OTS,ATLN,WHS2,FALSE,Sienna Corporation,20,0,3.74,74.8,0,2,Unrestricted,20
09-11-2026,CM: Sienna GA,10-004822 REV-03,10-004822,"O-Strip Tubing, 2.9mm OD x 1.6mm hollow x 300mm length",Part,MTS,ATLN,LINE,FALSE,Sienna Corporation,2147,0,3.4,7299.8,0,3,Unrestricted,2147
09-11-2026,CM: Sienna GA,10-004822 REV-03,10-004822,"O-Strip Tubing, 2.9mm OD x 1.6mm hollow x 300mm length",Part,MTS,ATLN,PCKD,FALSE,Sienna Corporation,400,0,3.4,1360,0,3,Unrestricted,400
09-11-2026,CM: Qualitel WA,814L-10-004823,10-004823,CAP CER 0.1UF 25V X7R 0402,Electrical Components,OTS,"Seattle, WA",Stock,FALSE,Qualitel,578000,0,0.0016,924.8,0,0,Unrestricted,578000
09-11-2026,CM: Celestica MX,10-0048233MS,10-004823,CAP CER 0.1UF 25V X7R 0402,Electrical Components,OTS,Monterrey Prod,1000,FALSE,Celestica,-24,0,0.0082,-0.1968,0,0,Unrestricted,-24
09-11-2026,CM: Sienna GA,10-004824 REV-03,10-004824,"O-Strip Tubing, 2.9mm OD x 1.6mm hollow x 275mm length",Part,MTS,ATLN,PAMS,FALSE,Sienna Corporation,600,0,3.85,2310,0,3,Unrestricted,600
09-11-2026,CM: Sienna GA,10-004824 REV-03,10-004824,"O-Strip Tubing, 2.9mm OD x 1.6mm hollow x 275mm length",Part,MTS,ATLN,LPAC,FALSE,Sienna Corporation,84,0,3.85,323.4,0,3,Unrestricted,84
09-11-2026,CM: Sienna GA,10-004824 REV-03,10-004824,"O-Strip Tubing, 2.9mm OD x 1.6mm hollow x 275mm length",Part,MTS,ATLN,LINE,FALSE,Sienna Corporation,710,0,3.85,2733.5,0,3,Unrestricted,710
09-11-2026,CM: Sienna GA,10-004824 REV-03,10-004824,"O-Strip Tubing, 2.9mm OD x 1.6mm hollow x 275mm length",Part,MTS,ATLN,RIQC,FALSE,Sienna Corporation,800,0,3.85,3080,0,3,Unrestricted,800
09-11-2026,CM: Sienna GA,10-004824 REV-03,10-004824,"O-Strip Tubing, 2.9mm OD x 1.6mm hollow x 275mm length",Part,MTS,ATLN,PCKD,FALSE,Sienna Corporation,400,0,3.85,1540,0,3,Unrestricted,400
09-11-2026,CM: Sienna GA,10-004825 REV-03,10-004825,"O-Strip Tubing, 2.9mm OD x 1.6mm hollow x 175mm length",Part,MTS,ATLN,PCKD,FALSE,Sienna Corporation,500,0,3.4,1700,0,3,Unrestricted,500
09-11-2026,CM: Sienna GA,10-004825 REV-03,10-004825,"O-Strip Tubing, 2.9mm OD x 1.6mm hollow x 175mm length",Part,MTS,ATLN,RIQC,FALSE,Sienna Corporation,1400,0,3.4,4760,0,3,Unrestricted,1400
09-11-2026,CM: Sienna GA,10-004825 REV-03,10-004825,"O-Strip Tubing, 2.9mm OD x 1.6mm hollow x 175mm length",Part,MTS,ATLN,LINE,FALSE,Sienna Corporation,841,0,3.4,2859.4,0,3,Unrestricted,841
09-11-2026,CM: Sienna GA,10-004838 REV-01,10-004838,Inductor Power Shielded Wirewound 1500uH 20% 100KHz Ferrite 0.52A 2.2Ohm DCR T/R,Electrical Components,OTS,ATLN,MAIN,FALSE,Sienna Corporation,3126,0,0.43,1344.18,0,1,Unrestricted,3126
09-11-2026,CM: Sienna GA,10-004838 REV-01,10-004838,Inductor Power Shielded Wirewound 1500uH 20% 100KHz Ferrite 0.52A 2.2Ohm DCR T/R,Electrical Components,OTS,ATLN,RIQC,FALSE,Sienna Corporation,3000,0,0.43,1290,0,1,Unrestricted,3000
09-11-2026,CM: Sienna GA,10-004838 REV-01,10-004838,Inductor Power Shielded Wirewound 1500uH 20% 100KHz Ferrite 0.52A 2.2Ohm DCR T/R,Electrical Components,OTS,ATLN,LINE,FALSE,Sienna Corporation,6224,0,0.43,2676.32,0,1,Unrestricted,6224
09-11-2026,Lunar Netsuite,10-004852,10-004852,Res Thick Film 0402 19.1K Ohm 1% 0.1W(1/10W) ±100ppm/°C Pad SMD Automotive T/R,Electrical Components,OTS,JIT - Reno,NS,FALSE,Lunar Energy,1400,0,0.013,18.2,0,0,Unrestricted,1400
09-11-2026,CM: Celestica MX,10-0048563MS,10-004856,CAP CER 10UF 25V X7S 0805,Electrical Components,OTS,Monterrey Prod,1000,FALSE,Celestica,-8,0,0.103,-0.824,0,0,Unrestricted,-8
09-11-2026,CM: Qualitel WA,814L-10-004856,10-004856,CAP CER 10UF 25V X7S 0805,Electrical Components,OTS,"Seattle, WA",Stock,FALSE,Qualitel,58831,0,0.0337,1982.6047,0,0,Unrestricted,58831
09-11-2026,CM: Sienna GA,10-004856 REV-01,10-004856,CAP CER 10UF 25V X7S 0805,Electrical Components,OTS,ATLN,RIQC,FALSE,Sienna Corporation,8000,0,0.01,80,0,1,Unrestricted,8000
09-11-2026,CM: Sienna GA,10-004856 REV-01,10-004856,CAP CER 10UF 25V X7S 0805,Electrical Components,OTS,ATLN,LINE,FALSE,Sienna Corporation,3330,0,0.01,33.3,0,1,Unrestricted,3330
09-11-2026,CM: Celestica MX,10-0048573MS,10-004857,TVS DIODE 58VWM 67VC 2DFN,Electrical Components,OTS,Monterrey Prod,1000,FALSE,Celestica,-2,0,1.769,-3.538,0,0,Unrestricted,-2
09-11-2026,Lunar Netsuite,10-004857,10-004857,TVS DIODE 58VWM 67VC 2DFN,Electrical Components,OTS,JIT - Reno,NS,FALSE,Lunar Energy,132,0,1.8532,244.6224,0,0,Unrestricted,132
09-11-2026,Lunar Netsuite,10-004868,10-004868,"Label Removable, White, Customer Quick Start QR Code",Part,MTS,CA - Ravendale,NS,FALSE,Lunar Energy,500,0,1.36,680,0,0,Unrestricted,500
09-11-2026,CM: Sienna GA,10-004878 REV-01,10-004878,RES SMD 100K OHM 0.1% 1/10W 0603,Electrical Components,OTS,ATLN,RIQC,FALSE,Sienna Corporation,45000,0,0.014,630,0,1,Unrestricted,45000
09-11-2026,CM: Sienna GA,10-004878 REV-01,10-004878,RES SMD 100K OHM 0.1% 1/10W 0603,Electrical Components,OTS,ATLN,MAIN,FALSE,Sienna Corporation,485000,0,0.014,6790,0,1,Unrestricted,485000
09-11-2026,CM: Sienna GA,10-004878 REV-01,10-004878,RES SMD 100K OHM 0.1% 1/10W 0603,Electrical Components,OTS,ATLN,LINE,FALSE,Sienna Corporation,186681,0,0.014,2613.534,0,1,Unrestricted,186681
09-11-2026,CM: Sienna GA,10-004879 REV-01,10-004879,RES 10K OHM 0.1% 1/6W 0603 AEC-Q,Electrical Components,OTS,ATLN,LPAC,FALSE,Sienna Corporation,0,0,0.023,0,0,1,Unrestricted,0
09-11-2026,CM: Sienna GA,10-004879 REV-01,10-004879,RES 10K OHM 0.1% 1/6W 0603 AEC-Q,Electrical Components,OTS,ATLN,RIQC,FALSE,Sienna Corporation,355000,0,0.023,8165,0,1,Unrestricted,355000
09-11-2026,CM: Sienna GA,10-004879 REV-01,10-004879,RES 10K OHM 0.1% 1/6W 0603 AEC-Q,Electrical Components,OTS,ATLN,LINE,FALSE,Sienna Corporation,211372,0,0.023,4861.556,0,1,Unrestricted,211372
09-11-2026,CM: Qualitel WA,814L-10-004897,10-004897,CAP CER 47PF 250VAC SL 1808,Electrical Components,OTS,"Seattle, WA",Stock,FALSE,Qualitel,15248,0,0.0679,1035.3392,0,0,Unrestricted,15248
09-11-2026,CM: Celestica MX,10-0048973MS,10-004897,CAP CER 47PF 250VAC SL 1808,Electrical Components,OTS,Monterrey Prod,1000,FALSE,Celestica,420,0,0.0476,19.992,0,0,Unrestricted,420
09-11-2026,CM: Sienna GA,10-004917 REV-01,10-004917,Cap Ceramic 0.068uF 1000V X7R 10% Pad SMD 1210 125°C Automotive T/R,Electrical Components,OTS,ATLN,LINE,FALSE,Sienna Corporation,8044,0,0.0854,686.9576,0,1,Unrestricted,8044
09-11-2026,CM: Sienna GA,10-004917 REV-01,10-004917,Cap Ceramic 0.068uF 1000V X7R 10% Pad SMD 1210 125°C Automotive T/R,Electrical Components,OTS,ATLN,MAIN,FALSE,Sienna Corporation,15000,0,0.0854,1281,0,1,Unrestricted,15000
09-11-2026,CM: Sienna GA,10-004919 REV-01,10-004919,CAP FILM 15UF 5% 700VDC RADIAL,Electrical Components,OTS,ATLN,LINE,FALSE,Sienna Corporation,958,0,2.24,2145.92,0,1,Unrestricted,958
09-11-2026,CM: Sienna GA,10-004919 REV-01,10-004919,CAP FILM 15UF 5% 700VDC RADIAL,Electrical Components,OTS,ATLN,RH34,FALSE,Sienna Corporation,1656,0,2.24,3709.44,0,1,Unrestricted,1656
09-11-2026,CM: Sienna GA,10-004919 REV-01,10-004919,CAP FILM 15UF 5% 700VDC RADIAL,Electrical Components,OTS,ATLN,RIQC,FALSE,Sienna Corporation,576,0,2.24,1290.24,0,1,Unrestricted,576
09-11-2026,CM: Sienna GA,10-004919 REV-01,10-004919,CAP FILM 15UF 5% 700VDC RADIAL,Electrical Components,OTS,ATLN,MAIN,FALSE,Sienna Corporation,2408,0,2.24,5393.92,0,1,Unrestricted,2408
09-11-2026,CM: Sienna GA,10-004927 REV-01,10-004927,RES 51 OHM 1% 1/10W 0603 AEC-Q,Electrical Components,OTS,ATLN,MAIN,FALSE,Sienna Corporation,5000,0,0.0018,9,0,1,Unrestricted,5000
09-11-2026,Lunar Netsuite,10-004927,10-004927,RES 51 OHM 1% 1/10W 0603 AEC-Q,Electrical Components,OTS,JIT - Reno,NS,FALSE,Lunar Energy,2100,0,0.008,16.8,0,0,Unrestricted,2100
09-11-2026,CM: Sienna GA,10-004927 REV-01,10-004927,RES 51 OHM 1% 1/10W 0603 AEC-Q,Electrical Components,OTS,ATLN,LINE,FALSE,Sienna Corporation,4390,0,0.0018,7.902,0,1,Unrestricted,4390
09-11-2026,CM: Sienna GA,10-004934 REV-01,10-004934,"Structure, Mounting, PCBA, PV Hub",Part,MTS,ATLN,RIQC,FALSE,Sienna Corporation,9,0,0.51,4.59,0,1,Unrestricted,9
09-11-2026,CM: Sienna GA,10-004934 REV-01,10-004934,"Structure, Mounting, PCBA, PV Hub",Part,MTS,ATLN,RSA1,FALSE,Sienna Corporation,2485,0,0.51,1267.35,0,1,Unrestricted,2485
09-11-2026,CM: Sienna GA,10-004934 REV-01,10-004934,"Structure, Mounting, PCBA, PV Hub",Part,MTS,ATLN,RS87,FALSE,Sienna Corporation,118,0,0.51,60.18,0,1,Unrestricted,118
09-11-2026,CM: Sienna GA,10-004938 REV-01,10-004938,RES SMD 24.9KOHM 0.1% 1/10W 0603,Electrical Components,OTS,ATLN,LINE,FALSE,Sienna Corporation,60596,0,0.02,1211.92,0,1,Unrestricted,60596
09-11-2026,CM: Sienna GA,10-004938 REV-01,10-004938,RES SMD 24.9KOHM 0.1% 1/10W 0603,Electrical Components,OTS,ATLN,RIQC,FALSE,Sienna Corporation,45000,0,0.02,900,0,1,Unrestricted,45000
09-11-2026,CM: Sienna GA,10-004938 REV-01,10-004938,RES SMD 24.9KOHM 0.1% 1/10W 0603,Electrical Components,OTS,ATLN,MAIN,FALSE,Sienna Corporation,30000,0,0.02,600,0,1,Unrestricted,30000
09-11-2026,CM: Sienna GA,10-004943 REV-01,10-004943,Res Thick Film 0603 30.1K Ohm 1% 0.1W(1/10W) ±100ppm/°C Pad SMD T/R,Electrical Components,OTS,ATLN,LINE,FALSE,Sienna Corporation,41611,0,0.0016,66.5776,0,1,Unrestricted,41611
09-11-2026,CM: Sienna GA,10-004943 REV-01,10-004943,Res Thick Film 0603 30.1K Ohm 1% 0.1W(1/10W) ±100ppm/°C Pad SMD T/R,Electrical Components,OTS,ATLN,MAIN,FALSE,Sienna Corporation,80000,0,0.0016,128,0,1,Unrestricted,80000
09-11-2026,CM: Sienna GA,10-004962 REV-01,10-004962,Conv DC-DC 8V to 80V Synchronous Step Down Single-Out 1V to 30V 0.8A 8-Pin SOIC EP T/R,Electrical Components,OTS,ATLN,LINE,FALSE,Sienna Corporation,18510,0,1.549,28671.99,0,1,Unrestricted,18510
09-11-2026,CM: Sienna GA,10-004962 REV-01,10-004962,Conv DC-DC 8V to 80V Synchronous Step Down Single-Out 1V to 30V 0.8A 8-Pin SOIC EP T/R,Electrical Components,OTS,ATLN,MAIN,FALSE,Sienna Corporation,20000,0,1.549,30980,0,1,Unrestricted,20000
09-11-2026,CM: Sienna GA,10-004962 REV-01,10-004962,Conv DC-DC 8V to 80V Synchronous Step Down Single-Out 1V to 30V 0.8A 8-Pin SOIC EP T/R,Electrical Components,OTS,ATLN,PAMS,FALSE,Sienna Corporation,32500,0,1.549,50342.5,0,1,Unrestricted,32500
09-11-2026,CM: Sienna GA,10-004970 REV-01,10-004970,"Label, Branch Circuits, Inner Panel, Right, Bridge",Part,MTS,ATLN,MAIN,FALSE,Sienna Corporation,3000,0,0.487,1461,0,1,Unrestricted,3000
09-11-2026,CM: Sienna GA,10-004970 REV-01,10-004970,"Label, Branch Circuits, Inner Panel, Right, Bridge",Part,MTS,ATLN,PCKD,FALSE,Sienna Corporation,1000,0,0.487,487,0,1,Unrestricted,1000
09-11-2026,CM: Sienna GA,10-004970 REV-01,10-004970,"Label, Branch Circuits, Inner Panel, Right, Bridge",Part,MTS,ATLN,LINE,FALSE,Sienna Corporation,52,0,0.487,25.324,0,1,Unrestricted,52
09-11-2026,CM: Sienna GA,10-004973 REV-01,10-004973,LDO Regulator Pos 3.3V 0.8A Automotive AEC-Q100 8-Pin DSO EP T/R,Electrical Components,OTS,ATLN,LINE,FALSE,Sienna Corporation,16855,0,1.41,23765.55,0,1,Unrestricted,16855
09-11-2026,CM: Sienna GA,10-004973 REV-01,10-004973,LDO Regulator Pos 3.3V 0.8A Automotive AEC-Q100 8-Pin DSO EP T/R,Electrical Components,OTS,ATLN,MAIN,FALSE,Sienna Corporation,25000,0,1.41,35250,0,1,Unrestricted,25000
09-11-2026,CM: Sienna GA,10-004973 REV-01,10-004973,LDO Regulator Pos 3.3V 0.8A Automotive AEC-Q100 8-Pin DSO EP T/R,Electrical Components,OTS,ATLN,PAMS,FALSE,Sienna Corporation,7500,0,1.41,10575,0,1,Unrestricted,7500
09-11-2026,CM: Sienna GA,10-004974 REV-01,10-004974,Hi Side Single 5.5V 0.4A to 4A 6-Pin TSOT-26 T/R,Electrical Components,OTS,ATLN,MAIN,FALSE,Sienna Corporation,45000,0,0.285,12825,0,1,Unrestricted,45000
09-11-2026,CM: Sienna GA,10-004974 REV-01,10-004974,Hi Side Single 5.5V 0.4A to 4A 6-Pin TSOT-26 T/R,Electrical Components,OTS,ATLN,LINE,FALSE,Sienna Corporation,20431,0,0.285,5822.835,0,1,Unrestricted,20431
09-11-2026,CM: Sienna GA,10-004984 REV-01,10-004984,"SCREW, PLASTIC-THREADING, M4, STEEL",Part,OTS,ATLN,RIQC,FALSE,Sienna Corporation,9348,0,0.052,486.096,0,1,Unrestricted,9348
09-11-2026,CM: Sienna GA,10-004985 REV-01,10-004985,Res Wirewound 18 Ohm 5% 2W ±200ppm/°C J-Lead SMD T/R,Electrical Components,OTS,ATLN,LINE,FALSE,Sienna Corporation,396,0,0.71,281.16,0,1,Unrestricted,396
09-11-2026,CM: Sienna GA,10-004985 REV-01,10-004985,Res Wirewound 18 Ohm 5% 2W ±200ppm/°C J-Lead SMD T/R,Electrical Components,OTS,ATLN,MAIN,FALSE,Sienna Corporation,2000,0,0.71,1420,0,1,Unrestricted,2000
09-11-2026,CM: Qualitel WA,814L-10-004990,10-004990,Diode Schottky 40V 0.12A 2-Pin SOD-323 T/R,Electrical Components,OTS,"Seattle, WA",Stock,FALSE,Qualitel,13010,0,0.018,234.18,0,0,Unrestricted,13010
09-11-2026,CM: Sienna GA,10-004990 REV-01,10-004990,Diode Schottky 40V 0.12A 2-Pin SOD-323 T/R,Electrical Components,OTS,ATLN,MAIN,FALSE,Sienna Corporation,3000,0,0.018,54,0,1,Unrestricted,3000
09-11-2026,CM: Sienna GA,10-004990 REV-01,10-004990,Diode Schottky 40V 0.12A 2-Pin SOD-323 T/R,Electrical Components,OTS,ATLN,LINE,FALSE,Sienna Corporation,2493,0,0.018,44.874,0,1,Unrestricted,2493
09-11-2026,CM: Sienna GA,10-004992 REV-02,10-004992,"Enclosure, Plastic, Wiring Compartment, Inverter, D1",Part,MTS,ATLN,RH47,FALSE,Sienna Corporation,60,0,22.5,1350,0,2,Unrestricted,60
09-11-2026,CM: Sienna GA,10-004992 REV-02,10-004992,"Enclosure, Plastic, Wiring Compartment, Inverter, D1",Part,MTS,ATLN,RS57,FALSE,Sienna Corporation,60,0,22.5,1350,0,2,Unrestricted,60
09-11-2026,CM: Sienna GA,10-004992 REV-02,10-004992,"Enclosure, Plastic, Wiring Compartment, Inverter, D1",Part,MTS,ATLN,RPB8,FALSE,Sienna Corporation,50,0,22.5,1125,0,2,Unrestricted,50
09-11-2026,CM: Sienna GA,10-004992 REV-02,10-004992,"Enclosure, Plastic, Wiring Compartment, Inverter, D1",Part,MTS,ATLN,RR61,FALSE,Sienna Corporation,60,0,22.5,1350,0,2,Unrestricted,60
09-11-2026,CM: Sienna GA,10-004992 REV-02,10-004992,"Enclosure, Plastic, Wiring Compartment, Inverter, D1",Part,MTS,ATLN,RP28,FALSE,Sienna Corporation,11,0,22.5,247.5,0,2,Unrestricted,11
09-11-2026,CM: Sienna GA,10-004992 REV-02,10-004992,"Enclosure, Plastic, Wiring Compartment, Inverter, D1",Part,MTS,ATLN,HRAC,FALSE,Sienna Corporation,363,0,22.5,8167.5,0,2,Unrestricted,363
09-11-2026,CM: Sienna GA,10-004992 REV-02,10-004992,"Enclosure, Plastic, Wiring Compartment, Inverter, D1",Part,MTS,ATLN,RR88,FALSE,Sienna Corporation,2,0,22.5,45,0,2,Unrestricted,2
09-11-2026,CM: Sienna GA,10-004992 REV-02,10-004992,"Enclosure, Plastic, Wiring Compartment, Inverter, D1",Part,MTS,ATLN,RS87,FALSE,Sienna Corporation,32,0,22.5,720,0,2,Unrestricted,32
09-11-2026,CM: Sienna GA,10-004992 REV-02,10-004992,"Enclosure, Plastic, Wiring Compartment, Inverter, D1",Part,MTS,ATLN,RIQC,FALSE,Sienna Corporation,957,0,22.5,21532.5,0,2,Unrestricted,957
09-11-2026,CM: Sienna GA,10-004992 REV-02,10-004992,"Enclosure, Plastic, Wiring Compartment, Inverter, D1",Part,MTS,ATLN,RR68,FALSE,Sienna Corporation,8,0,22.5,180,0,2,Unrestricted,8
09-11-2026,CM: Sienna GA,10-004992 REV-02,10-004992,"Enclosure, Plastic, Wiring Compartment, Inverter, D1",Part,MTS,ATLN,RQ97,FALSE,Sienna Corporation,60,0,22.5,1350,0,2,Unrestricted,60
09-11-2026,CM: Sienna GA,10-004992 REV-02,10-004992,"Enclosure, Plastic, Wiring Compartment, Inverter, D1",Part,MTS,ATLN,RR58,FALSE,Sienna Corporation,60,0,22.5,1350,0,2,Unrestricted,60
09-11-2026,CM: Sienna GA,10-004992 REV-02,10-004992,"Enclosure, Plastic, Wiring Compartment, Inverter, D1",Part,MTS,ATLN,RQ88,FALSE,Sienna Corporation,60,0,22.5,1350,0,2,Unrestricted,60
09-11-2026,CM: Sienna GA,10-004992 REV-02,10-004992,"Enclosure, Plastic, Wiring Compartment, Inverter, D1",Part,MTS,ATLN,RP81,FALSE,Sienna Corporation,60,0,22.5,1350,0,2,Unrestricted,60
09-11-2026,CM: Sienna GA,10-004992 REV-02,10-004992,"Enclosure, Plastic, Wiring Compartment, Inverter, D1",Part,MTS,ATLN,RS48,FALSE,Sienna Corporation,60,0,22.5,1350,0,2,Unrestricted,60
09-11-2026,CM: Sienna GA,10-004992 REV-02,10-004992,"Enclosure, Plastic, Wiring Compartment, Inverter, D1",Part,MTS,ATLN,RQ67,FALSE,Sienna Corporation,60,0,22.5,1350,0,2,Unrestricted,60
09-11-2026,CM: Sienna GA,10-004992 REV-02,10-004992,"Enclosure, Plastic, Wiring Compartment, Inverter, D1",Part,MTS,ATLN,RS97,FALSE,Sienna Corporation,24,0,22.5,540,0,2,Unrestricted,24
09-11-2026,CM: Sienna GA,10-004992 REV-02,10-004992,"Enclosure, Plastic, Wiring Compartment, Inverter, D1",Part,MTS,ATLN,RR71,FALSE,Sienna Corporation,60,0,22.5,1350,0,2,Unrestricted,60
09-11-2026,CM: Sienna GA,10-004992 REV-02,10-004992,"Enclosure, Plastic, Wiring Compartment, Inverter, D1",Part,MTS,ATLN,RT38,FALSE,Sienna Corporation,60,0,22.5,1350,0,2,Unrestricted,60
09-11-2026,CM: Sienna GA,10-004992 REV-02,10-004992,"Enclosure, Plastic, Wiring Compartment, Inverter, D1",Part,MTS,ATLN,RI58,FALSE,Sienna Corporation,60,0,22.5,1350,0,2,Unrestricted,60
09-11-2026,CM: Sienna GA,10-004992 REV-02,10-004992,"Enclosure, Plastic, Wiring Compartment, Inverter, D1",Part,MTS,ATLN,RR57,FALSE,Sienna Corporation,60,0,22.5,1350,0,2,Unrestricted,60
09-11-2026,CM: Sienna GA,10-004992 REV-02,10-004992,"Enclosure, Plastic, Wiring Compartment, Inverter, D1",Part,MTS,ATLN,RQB7,FALSE,Sienna Corporation,60,0,22.5,1350,0,2,Unrestricted,60
09-11-2026,CM: Sienna GA,10-004992 REV-02,10-004992,"Enclosure, Plastic, Wiring Compartment, Inverter, D1",Part,MTS,ATLN,RP38,FALSE,Sienna Corporation,60,0,22.5,1350,0,2,Unrestricted,60
09-11-2026,CM: Sienna GA,10-004992 REV-02,10-004992,"Enclosure, Plastic, Wiring Compartment, Inverter, D1",Part,MTS,ATLN,RU47,FALSE,Sienna Corporation,70,0,22.5,1575,0,2,Unrestricted,70
09-11-2026,CM: Sienna GA,10-004992 REV-02,10-004992,"Enclosure, Plastic, Wiring Compartment, Inverter, D1",Part,MTS,ATLN,RPA3,FALSE,Sienna Corporation,40,0,22.5,900,0,2,Unrestricted,40
09-11-2026,CM: Sienna GA,10-004992 REV-02,10-004992,"Enclosure, Plastic, Wiring Compartment, Inverter, D1",Part,MTS,ATLN,RH17,FALSE,Sienna Corporation,29,0,22.5,652.5,0,2,Unrestricted,29
09-11-2026,CM: Sienna GA,10-004992 REV-02,10-004992,"Enclosure, Plastic, Wiring Compartment, Inverter, D1",Part,MTS,ATLN,RH48,FALSE,Sienna Corporation,25,0,22.5,562.5,0,2,Unrestricted,25
09-11-2026,CM: Sienna GA,10-004992 REV-02,10-004992,"Enclosure, Plastic, Wiring Compartment, Inverter, D1",Part,MTS,ATLN,RI48,FALSE,Sienna Corporation,60,0,22.5,1350,0,2,Unrestricted,60
09-11-2026,CM: Sienna GA,10-004992 REV-02,10-004992,"Enclosure, Plastic, Wiring Compartment, Inverter, D1",Part,MTS,ATLN,RQ98,FALSE,Sienna Corporation,60,0,22.5,1350,0,2,Unrestricted,60
09-11-2026,CM: Sienna GA,10-004992 REV-02,10-004992,"Enclosure, Plastic, Wiring Compartment, Inverter, D1",Part,MTS,ATLN,RI38,FALSE,Sienna Corporation,60,0,22.5,1350,0,2,Unrestricted,60
09-11-2026,CM: Sienna GA,10-004992 REV-02,10-004992,"Enclosure, Plastic, Wiring Compartment, Inverter, D1",Part,MTS,ATLN,RQA7,FALSE,Sienna Corporation,60,0,22.5,1350,0,2,Unrestricted,60
09-11-2026,CM: Sienna GA,10-004992 REV-02,10-004992,"Enclosure, Plastic, Wiring Compartment, Inverter, D1",Part,MTS,ATLN,RPA8,FALSE,Sienna Corporation,60,0,22.5,1350,0,2,Unrestricted,60
09-11-2026,CM: Sienna GA,10-004992 REV-02,10-004992,"Enclosure, Plastic, Wiring Compartment, Inverter, D1",Part,MTS,ATLN,LPAC,FALSE,Sienna Corporation,3,0,22.5,67.5,0,2,Unrestricted,3
09-11-2026,CM: Sienna GA,10-004992 REV-02,10-004992,"Enclosure, Plastic, Wiring Compartment, Inverter, D1",Part,MTS,ATLN,RQ58,FALSE,Sienna Corporation,60,0,22.5,1350,0,2,Unrestricted,60
09-11-2026,CM: Sienna GA,10-004992 REV-02,10-004992,"Enclosure, Plastic, Wiring Compartment, Inverter, D1",Part,MTS,ATLN,RP57,FALSE,Sienna Corporation,60,0,22.5,1350,0,2,Unrestricted,60
09-11-2026,CM: Sienna GA,10-004992 REV-02,10-004992,"Enclosure, Plastic, Wiring Compartment, Inverter, D1",Part,MTS,ATLN,MRB,FALSE,Sienna Corporation,0,5,22.5,0,112.5,2,Restricted,0
09-11-2026,CM: Sienna GA,10-004995 REV-03,10-004995,"Ground Sheet, Wiring Compartment, Inverter, D",Part,MTS,ATLN,LPAC,FALSE,Sienna Corporation,7,0,15.3,107.1,0,3,Unrestricted,7
09-11-2026,CM: Sienna GA,10-004995 REV-03,10-004995,"Ground Sheet, Wiring Compartment, Inverter, D",Part,MTS,ATLN,LINE,FALSE,Sienna Corporation,185,0,15.3,2830.5,0,3,Unrestricted,185
09-11-2026,CM: Sienna GA,10-004995 REV-03,10-004995,"Ground Sheet, Wiring Compartment, Inverter, D",Part,MTS,ATLN,RIQC,FALSE,Sienna Corporation,250,0,15.3,3825,0,3,Unrestricted,250
09-11-2026,CM: Sienna GA,10-005002 REV-01,10-005002,"CLOCK OSCILLATOR,2.0X1.6X0.8MM S",Electrical Components,OTS,ATLN,MAIN,FALSE,Sienna Corporation,4500,0,0.842,3789,0,1,Unrestricted,4500
09-11-2026,CM: Qualitel WA,814L-10-005002,10-005002,"CLOCK OSCILLATOR,2.0X1.6X0.8MM S",Electrical Components,OTS,"Seattle, WA",Stock,FALSE,Qualitel,5224,0,0.5,2612,0,0,Unrestricted,5224
09-11-2026,CM: Sienna GA,10-005002 REV-01,10-005002,"CLOCK OSCILLATOR,2.0X1.6X0.8MM S",Electrical Components,OTS,ATLN,LINE,FALSE,Sienna Corporation,1558,0,0.842,1311.836,0,1,Unrestricted,1558
09-11-2026,CM: Qualitel WA,814L-10-005003,10-005003,DIODE GEN PURP 1.2KV 2A SMB,Electrical Components,OTS,"Seattle, WA",Stock,FALSE,Qualitel,22328,0,0.0759,1694.6952,0,0,Unrestricted,22328
09-11-2026,CM: Sienna GA,10-005003 REV-01,10-005003,DIODE GEN PURP 1.2KV 2A SMB,Electrical Components,OTS,ATLN,LINE,FALSE,Sienna Corporation,5202,0,0.1,520.2,0,1,Unrestricted,5202
09-11-2026,CM: Sienna GA,10-005003 REV-01,10-005003,DIODE GEN PURP 1.2KV 2A SMB,Electrical Components,OTS,ATLN,PAMS,FALSE,Sienna Corporation,7500,0,0.1,750,0,1,Unrestricted,7500
09-11-2026,CM: Sienna GA,10-005003 REV-01,10-005003,DIODE GEN PURP 1.2KV 2A SMB,Electrical Components,OTS,ATLN,MAIN,FALSE,Sienna Corporation,16750,0,0.1,1675,0,1,Unrestricted,16750
09-11-2026,CM: Qualitel WA,814L-10-005004,10-005004,RES SMD 7.5 OHM 5% 3W 5322,Electrical Components,OTS,"Seattle, WA",Stock,FALSE,Qualitel,13113,0,0.0906,1188.0378,0,0,Unrestricted,13113
09-11-2026,CM: Sienna GA,10-005004 REV-01,10-005004,RES SMD 7.5 OHM 5% 3W 5322,Electrical Components,OTS,ATLN,LINE,FALSE,Sienna Corporation,3123,0,0.7116,2222.3268,0,1,Unrestricted,3123
09-11-2026,CM: Sienna GA,10-005004 REV-01,10-005004,RES SMD 7.5 OHM 5% 3W 5322,Electrical Components,OTS,ATLN,MAIN,FALSE,Sienna Corporation,2697,0,0.7116,1919.1852,0,1,Unrestricted,2697
09-11-2026,Lunar Netsuite,10-005004,10-005004,RES SMD 7.5 OHM 5% 3W 5322,Electrical Components,OTS,CA - Ravendale,NS,FALSE,Lunar Energy,350,0,0.63,220.5,0,0,Unrestricted,350
09-11-2026,CM: Sienna GA,10-005004 REV-01,10-005004,RES SMD 7.5 OHM 5% 3W 5322,Electrical Components,OTS,ATLN,LPAC,FALSE,Sienna Corporation,1803,0,0.7116,1283.0148,0,1,Unrestricted,1803
09-11-2026,CM: Sienna GA,10-005005 REV-01,10-005005,TVS DIODE 18VWM 29.2VC DO214AB,Electrical Components,OTS,ATLN,MAIN,FALSE,Sienna Corporation,18000,0,0.45,8100,0,1,Unrestricted,18000
09-11-2026,CM: Qualitel WA,814L-10-005005,10-005005,TVS DIODE 18VWM 29.2VC DO214AB,Electrical Components,OTS,"Seattle, WA",Stock,FALSE,Qualitel,22005,0,0.346,7613.73,0,0,Unrestricted,22005
09-11-2026,Lunar Netsuite,10-005005,10-005005,TVS DIODE 18VWM 29.2VC DO214AB,Electrical Components,OTS,JIT - Reno,NS,FALSE,Lunar Energy,1000,0,0.519,519,0,0,Unrestricted,1000
09-11-2026,CM: Sienna GA,10-005005 REV-01,10-005005,TVS DIODE 18VWM 29.2VC DO214AB,Electrical Components,OTS,ATLN,LINE,FALSE,Sienna Corporation,1748,0,0.45,786.6,0,1,Unrestricted,1748
09-11-2026,CM: Sienna GA,10-005008 REV-01,10-005008,Inductor Power Shielded Wirewound 1000uH 20% 100KHz Ferrite 0.72A 1.4Ohm DCR T/R,Electrical Components,OTS,ATLN,MAIN,FALSE,Sienna Corporation,828,0,0.01,8.28,0,1,Unrestricted,828
09-11-2026,CM: Sienna GA,10-005009 REV-01,10-005009,RES 59K OHM 1% 1/10W 0603 AEC-Q,Electrical Components,OTS,ATLN,MAIN,FALSE,Sienna Corporation,5000,0,0.0018,9,0,1,Unrestricted,5000
09-11-2026,CM: Sienna GA,10-005009 REV-01,10-005009,RES 59K OHM 1% 1/10W 0603 AEC-Q,Electrical Components,OTS,ATLN,LINE,FALSE,Sienna Corporation,4402,0,0.0018,7.9236,0,1,Unrestricted,4402
09-11-2026,CM: Qualitel WA,814L-10-005012,10-005012,Res Thin Film 1206 5.1 Ohm 0.5% 0.25W(1/4W) ±25ppm/°C Pad SMD T/R,Electrical Components,OTS,"Seattle, WA",Stock,FALSE,Qualitel,20754,0,0.0346,718.0884,0,0,Unrestricted,20754
09-11-2026,CM: Sienna GA,10-005012 REV-01,10-005012,Res Thin Film 1206 5.1 Ohm 0.5% 0.25W(1/4W) ±25ppm/°C Pad SMD T/R,Electrical Components,OTS,ATLN,MAIN,FALSE,Sienna Corporation,10000,0,0.0705,705,0,1,Unrestricted,10000
09-11-2026,CM: Sienna GA,10-005012 REV-01,10-005012,Res Thin Film 1206 5.1 Ohm 0.5% 0.25W(1/4W) ±25ppm/°C Pad SMD T/R,Electrical Components,OTS,ATLN,LINE,FALSE,Sienna Corporation,15754,0,0.0705,1110.657,0,1,Unrestricted,15754
09-11-2026,CM: Sienna GA,10-005012 REV-01,10-005012,Res Thin Film 1206 5.1 Ohm 0.5% 0.25W(1/4W) ±25ppm/°C Pad SMD T/R,Electrical Components,OTS,ATLN,RIQC,FALSE,Sienna Corporation,5000,0,0.0705,352.5,0,1,Unrestricted,5000
09-11-2026,CM: Sienna GA,10-005014 REV-01,10-005014,RES SMD 59K OHM 1% 1/10W 0603,Electrical Components,OTS,ATLN,RIQC,FALSE,Sienna Corporation,5000,0,0.0041,20.5,0,1,Unrestricted,5000
09-11-2026,CM: Sienna GA,10-005014 REV-01,10-005014,RES SMD 59K OHM 1% 1/10W 0603,Electrical Components,OTS,ATLN,LINE,FALSE,Sienna Corporation,4751,0,0.0041,19.4791,0,1,Unrestricted,4751
09-11-2026,CM: Qualitel WA,814L-10-005014,10-005014,RES SMD 59K OHM 1% 1/10W 0603,Electrical Components,OTS,"Seattle, WA",Stock,FALSE,Qualitel,9289,0,0.0012,11.1468,0,0,Unrestricted,9289
09-11-2026,CM: Qualitel WA,814L-10-005018,10-005018,RES 3.3M OHM 5% 1/10W 0603,Electrical Components,OTS,"Seattle, WA",Stock,FALSE,Qualitel,27860,0,0.001,27.86,0,0,Unrestricted,27860
09-11-2026,CM: Sienna GA,10-005018 REV-01,10-005018,RES 3.3M OHM 5% 1/10W 0603,Electrical Components,OTS,ATLN,RIQC,FALSE,Sienna Corporation,10000,0,0.0042,42,0,1,Unrestricted,10000
09-11-2026,CM: Sienna GA,10-005018 REV-01,10-005018,RES 3.3M OHM 5% 1/10W 0603,Electrical Components,OTS,ATLN,LINE,FALSE,Sienna Corporation,12450,0,0.0042,52.29,0,1,Unrestricted,12450
09-11-2026,CM: Sienna GA,10-005019 REV-01,10-005019,RES SMD 4.7K OHM 1% 1/10W 0603,Electrical Components,OTS,ATLN,LINE,FALSE,Sienna Corporation,17471,0,0.0032,55.9072,0,1,Unrestricted,17471
09-11-2026,CM: Qualitel WA,814L-10-005019,10-005019,RES SMD 4.7K OHM 1% 1/10W 0603,Electrical Components,OTS,"Seattle, WA",Stock,FALSE,Qualitel,17864,0,0.0007,12.5048,0,0,Unrestricted,17864
09-11-2026,CM: Sienna GA,10-005022 REV-01,10-005022,Res Thick Film 0603 22K Ohm 5% 0.1W(1/10W) ±100ppm/°C Pad SMD T/R,Electrical Components,OTS,ATLN,LINE,FALSE,Sienna Corporation,4346,0,0.0034,14.7764,0,1,Unrestricted,4346
09-11-2026,CM: Sienna GA,10-005022 REV-01,10-005022,Res Thick Film 0603 22K Ohm 5% 0.1W(1/10W) ±100ppm/°C Pad SMD T/R,Electrical Components,OTS,ATLN,MAIN,FALSE,Sienna Corporation,15000,0,0.0034,51,0,1,Unrestricted,15000
09-11-2026,Lunar Netsuite,10-005025,10-005025,"Inverter, D",Part,MTS,Ravendale - Alpha/Beta,NS,FALSE,Lunar Energy,1,0,0,0,0,0,Unrestricted,1
09-11-2026,Lunar Netsuite,10-005025,10-005025,"Inverter, D",Part,MTS,CA - Ravendale,NS,FALSE,Lunar Energy,20,0,0,0,0,0,Unrestricted,1
09-11-2026,Lunar Netsuite,10-005025,10-005025,"Inverter, D",Part,MTS,JIT - Reno,NS,FALSE,Lunar Energy,13,0,0,0,0,0,Unrestricted,8
09-11-2026,CM: Sienna GA,10-005026 REV-07,10-005026,"ESS Cover, Conduit Cover and Bug Barrier Packaging Assembly",Part,MTS,ATLN,RQ12,FALSE,Sienna Corporation,192,0,21.89,4202.88,0,7,Unrestricted,192
09-11-2026,CM: Sienna GA,10-005026 REV-07,10-005026,"ESS Cover, Conduit Cover and Bug Barrier Packaging Assembly",Part,MTS,ATLN,LINE,FALSE,Sienna Corporation,2,0,21.89,43.78,0,7,Unrestricted,2
09-11-2026,CM: Sienna GA,10-005026 REV-07,10-005026,"ESS Cover, Conduit Cover and Bug Barrier Packaging Assembly",Part,MTS,ATLN,RP71,FALSE,Sienna Corporation,2,0,21.89,43.78,0,7,Unrestricted,2
09-11-2026,CM: Sienna GA,10-005026 REV-07,10-005026,"ESS Cover, Conduit Cover and Bug Barrier Packaging Assembly",Part,MTS,ATLN,RS71,FALSE,Sienna Corporation,192,0,21.89,4202.88,0,7,Unrestricted,192
09-11-2026,CM: Sienna GA,10-005026 REV-07,10-005026,"ESS Cover, Conduit Cover and Bug Barrier Packaging Assembly",Part,MTS,ATLN,RR88,FALSE,Sienna Corporation,192,0,21.89,4202.88,0,7,Unrestricted,192
09-11-2026,Lunar Netsuite,10-005026,10-005026,"ESS Cover, Conduit Cover and Bug Barrier Packaging Assembly",Part,MTS,JIT - Reno,NS,FALSE,Lunar Energy,7,0,24.1286,168.9002,0,0,Unrestricted,7
09-11-2026,CM: Sienna GA,10-005026 REV-07,10-005026,"ESS Cover, Conduit Cover and Bug Barrier Packaging Assembly",Part,MTS,ATLN,RIQC,FALSE,Sienna Corporation,389,0,21.89,8515.21,0,7,Unrestricted,389
09-11-2026,CM: Sienna GA,10-005026 REV-07,10-005026,"ESS Cover, Conduit Cover and Bug Barrier Packaging Assembly",Part,MTS,ATLN,RR77,FALSE,Sienna Corporation,88,0,21.89,1926.32,0,7,Unrestricted,88
09-11-2026,CM: Sienna GA,10-005026 REV-07,10-005026,"ESS Cover, Conduit Cover and Bug Barrier Packaging Assembly",Part,MTS,ATLN,RP98,FALSE,Sienna Corporation,146,0,21.89,3195.94,0,7,Unrestricted,146
09-11-2026,CM: Sienna GA,10-005026 REV-07,10-005026,"ESS Cover, Conduit Cover and Bug Barrier Packaging Assembly",Part,MTS,ATLN,RQB1,FALSE,Sienna Corporation,192,0,21.89,4202.88,0,7,Unrestricted,192
09-11-2026,CM: Sienna GA,10-005026 REV-07,10-005026,"ESS Cover, Conduit Cover and Bug Barrier Packaging Assembly",Part,MTS,ATLN,RQA7,FALSE,Sienna Corporation,192,0,21.89,4202.88,0,7,Unrestricted,192
09-11-2026,CM: Sienna GA,10-005026 REV-07,10-005026,"ESS Cover, Conduit Cover and Bug Barrier Packaging Assembly",Part,MTS,ATLN,RRA1,FALSE,Sienna Corporation,3,0,21.89,65.67,0,7,Unrestricted,3
09-11-2026,CM: Sienna GA,10-005026 REV-07,10-005026,"ESS Cover, Conduit Cover and Bug Barrier Packaging Assembly",Part,MTS,ATLN,RPA8,FALSE,Sienna Corporation,192,0,21.89,4202.88,0,7,Unrestricted,192
09-11-2026,CM: Sienna GA,10-005027 REV-04,10-005027,"Filter Board Base, Die Cast, Inverter, D",Part,MTS,ATLN,RQB6,FALSE,Sienna Corporation,160,0,24.2,3872,0,4,Unrestricted,160
09-11-2026,CM: Sienna GA,10-005027 REV-04,10-005027,"Filter Board Base, Die Cast, Inverter, D",Part,MTS,ATLN,RS73,FALSE,Sienna Corporation,160,0,24.2,3872,0,4,Unrestricted,160
09-11-2026,CM: Sienna GA,10-005027 REV-04,10-005027,"Filter Board Base, Die Cast, Inverter, D",Part,MTS,ATLN,MRB,FALSE,Sienna Corporation,0,3,24.2,0,72.6,4,Restricted,0
09-11-2026,CM: Sienna GA,10-005027 REV-04,10-005027,"Filter Board Base, Die Cast, Inverter, D",Part,MTS,ATLN,RS56,FALSE,Sienna Corporation,10,0,24.2,242,0,4,Unrestricted,10
09-11-2026,CM: Sienna GA,10-005027 REV-04,10-005027,"Filter Board Base, Die Cast, Inverter, D",Part,MTS,ATLN,RR94,FALSE,Sienna Corporation,30,0,24.2,726,0,4,Unrestricted,30
09-11-2026,CM: Sienna GA,10-005027 REV-04,10-005027,"Filter Board Base, Die Cast, Inverter, D",Part,MTS,ATLN,RS75,FALSE,Sienna Corporation,130,0,24.2,3146,0,4,Unrestricted,130
09-11-2026,CM: Sienna GA,10-005027 REV-04,10-005027,"Filter Board Base, Die Cast, Inverter, D",Part,MTS,ATLN,RIQC,FALSE,Sienna Corporation,4,0,24.2,96.8,0,4,Unrestricted,4
09-11-2026,CM: Sienna GA,10-005027 REV-04,10-005027,"Filter Board Base, Die Cast, Inverter, D",Part,MTS,ATLN,RQB5,FALSE,Sienna Corporation,160,0,24.2,3872,0,4,Unrestricted,160
09-11-2026,CM: Sienna GA,10-005027 REV-04,10-005027,"Filter Board Base, Die Cast, Inverter, D",Part,MTS,ATLN,RPA5,FALSE,Sienna Corporation,1,0,24.2,24.2,0,4,Unrestricted,1
09-11-2026,CM: Sienna GA,10-005027 REV-04,10-005027,"Filter Board Base, Die Cast, Inverter, D",Part,MTS,ATLN,RP63,FALSE,Sienna Corporation,131,0,24.2,3170.2,0,4,Unrestricted,131
09-11-2026,CM: Sienna GA,10-005027 REV-04,10-005027,"Filter Board Base, Die Cast, Inverter, D",Part,MTS,ATLN,INRE,FALSE,Sienna Corporation,42,0,24.2,1016.4,0,4,Unrestricted,42
09-11-2026,CM: Sienna GA,10-005027 REV-04,10-005027,"Filter Board Base, Die Cast, Inverter, D",Part,MTS,ATLN,RQ68,FALSE,Sienna Corporation,28,0,24.2,677.6,0,4,Unrestricted,28
09-11-2026,CM: Sienna GA,10-005027 REV-04,10-005027,"Filter Board Base, Die Cast, Inverter, D",Part,MTS,ATLN,LINE,FALSE,Sienna Corporation,301,0,24.2,7284.2,0,4,Unrestricted,301
09-11-2026,CM: Sienna GA,10-005027 REV-04,10-005027,"Filter Board Base, Die Cast, Inverter, D",Part,MTS,ATLN,RQ58,FALSE,Sienna Corporation,1,0,24.2,24.2,0,4,Unrestricted,1
09-11-2026,CM: Sienna GA,10-005027 REV-04,10-005027,"Filter Board Base, Die Cast, Inverter, D",Part,MTS,ATLN,RQA4,FALSE,Sienna Corporation,160,0,24.2,3872,0,4,Unrestricted,160
09-11-2026,CM: Sienna GA,10-005027 REV-04,10-005027,"Filter Board Base, Die Cast, Inverter, D",Part,MTS,ATLN,RQA3,FALSE,Sienna Corporation,1,0,24.2,24.2,0,4,Unrestricted,1
09-11-2026,Lunar Netsuite,10-00502C,10-00502C,"Asy, Inverter, 9.6kW",Assembly,MTS,CA - Ravendale,NS,FALSE,Lunar Energy,52,0,0,0,0,0,Unrestricted,0
09-11-2026,Lunar Netsuite,10-00502C,10-00502C,"Asy, Inverter, 9.6kW",Assembly,MTS,JIT - Reno,NS,FALSE,Lunar Energy,65,0,0,0,0,0,Unrestricted,9
09-11-2026,CM: Sienna GA,10-005031 REV-01,10-005031,Cap Ceramic 100pF 50V C0G 1% Pad SMD 0603 125°C Medical T/R,Electrical Components,OTS,ATLN,MAIN,FALSE,Sienna Corporation,92000,0,0.208,19136,0,1,Unrestricted,92000
09-11-2026,CM: Sienna GA,10-005031 REV-01,10-005031,Cap Ceramic 100pF 50V C0G 1% Pad SMD 0603 125°C Medical T/R,Electrical Components,OTS,ATLN,LINE,FALSE,Sienna Corporation,39977,0,0.208,8315.216,0,1,Unrestricted,39977
09-11-2026,CM: Sienna GA,10-005031 REV-01,10-005031,Cap Ceramic 100pF 50V C0G 1% Pad SMD 0603 125°C Medical T/R,Electrical Components,OTS,ATLN,LPAC,FALSE,Sienna Corporation,2554,0,0.208,531.232,0,1,Unrestricted,2554
09-11-2026,CM: Sienna GA,10-005035 REV-01,10-005035,DIGITAL TRANSFORMER,Electrical Components,OTS,ATLN,RH56,FALSE,Sienna Corporation,7040,0,0.71,4998.4,0,1,Unrestricted,7040
09-11-2026,CM: Sienna GA,10-005035 REV-01,10-005035,DIGITAL TRANSFORMER,Electrical Components,OTS,ATLN,LINE,FALSE,Sienna Corporation,2183,0,0.71,1549.93,0,1,Unrestricted,2183
09-11-2026,CM: Sienna GA,10-005035 REV-01,10-005035,DIGITAL TRANSFORMER,Electrical Components,OTS,ATLN,RH61,FALSE,Sienna Corporation,1853,0,0.71,1315.63,0,1,Unrestricted,1853
09-11-2026,CM: Qualitel WA,814L-10-005035,10-005035,DIGITAL TRANSFORMER,Electrical Components,OTS,"Seattle, WA",Stock,FALSE,Qualitel,8070,0,0.71,5729.7,0,0,Unrestricted,8070
09-11-2026,CM: Sienna GA,10-005037 REV-06,10-005037,"Enclosure, Power Module, Inverter, D",Part,MTS,ATLN,RS74,FALSE,Sienna Corporation,80,0,0,0,0,6,Unrestricted,80
09-11-2026,CM: Sienna GA,10-005037 REV-06,10-005037,"Enclosure, Power Module, Inverter, D",Part,MTS,ATLN,RR94,FALSE,Sienna Corporation,80,0,0,0,0,6,Unrestricted,80
09-11-2026,CM: Sienna GA,10-005037 REV-06,10-005037,"Enclosure, Power Module, Inverter, D",Part,MTS,ATLN,RSA5,FALSE,Sienna Corporation,80,0,0,0,0,6,Unrestricted,80
09-11-2026,CM: Sienna GA,10-005037 REV-06,10-005037,"Enclosure, Power Module, Inverter, D",Part,MTS,ATLN,RQA6,FALSE,Sienna Corporation,2,0,0,0,0,6,Unrestricted,2
09-11-2026,CM: Sienna GA,10-005037 REV-06,10-005037,"Enclosure, Power Module, Inverter, D",Part,MTS,ATLN,RR53,FALSE,Sienna Corporation,34,0,0,0,0,6,Unrestricted,34
09-11-2026,CM: Sienna GA,10-005037 REV-06,10-005037,"Enclosure, Power Module, Inverter, D",Part,MTS,ATLN,RSA6,FALSE,Sienna Corporation,80,0,0,0,0,6,Unrestricted,80
09-11-2026,CM: Sienna GA,10-005037 REV-06,10-005037,"Enclosure, Power Module, Inverter, D",Part,MTS,ATLN,RS63,FALSE,Sienna Corporation,40,0,0,0,0,6,Unrestricted,40
09-11-2026,CM: Sienna GA,10-005037 REV-06,10-005037,"Enclosure, Power Module, Inverter, D",Part,MTS,ATLN,RR56,FALSE,Sienna Corporation,80,0,0,0,0,6,Unrestricted,80
09-11-2026,CM: Sienna GA,10-005037 REV-06,10-005037,"Enclosure, Power Module, Inverter, D",Part,MTS,ATLN,RRB6,FALSE,Sienna Corporation,80,0,0,0,0,6,Unrestricted,80
09-11-2026,CM: Sienna GA,10-005037 REV-06,10-005037,"Enclosure, Power Module, Inverter, D",Part,MTS,ATLN,RR55,FALSE,Sienna Corporation,20,0,0,0,0,6,Unrestricted,20
09-11-2026,CM: Sienna GA,10-005037 REV-04,10-005037,"Enclosure, Power Module, Inverter, D",Part,MTS,ATLN,PDRW,FALSE,Sienna Corporation,25,0,36.7,917.5,0,4,Unrestricted,25
09-11-2026,CM: Sienna GA,10-005037 REV-06,10-005037,"Enclosure, Power Module, Inverter, D",Part,MTS,ATLN,RS96,FALSE,Sienna Corporation,80,0,0,0,0,6,Unrestricted,80
09-11-2026,CM: Sienna GA,10-005037 REV-06,10-005037,"Enclosure, Power Module, Inverter, D",Part,MTS,ATLN,RR85,FALSE,Sienna Corporation,80,0,0,0,0,6,Unrestricted,80
09-11-2026,CM: Sienna GA,10-005037 REV-06,10-005037,"Enclosure, Power Module, Inverter, D",Part,MTS,ATLN,RRA4,FALSE,Sienna Corporation,80,0,0,0,0,6,Unrestricted,80
09-11-2026,CM: Sienna GA,10-005037 REV-06,10-005037,"Enclosure, Power Module, Inverter, D",Part,MTS,ATLN,RRA3,FALSE,Sienna Corporation,80,0,0,0,0,6,Unrestricted,80
09-11-2026,CM: Sienna GA,10-005037 REV-06,10-005037,"Enclosure, Power Module, Inverter, D",Part,MTS,ATLN,RRB4,FALSE,Sienna Corporation,80,0,0,0,0,6,Unrestricted,80
09-11-2026,CM: Sienna GA,10-005037 REV-06,10-005037,"Enclosure, Power Module, Inverter, D",Part,MTS,ATLN,LINE,FALSE,Sienna Corporation,111,0,0,0,0,6,Unrestricted,111
09-11-2026,CM: Sienna GA,10-005037 REV-06,10-005037,"Enclosure, Power Module, Inverter, D",Part,MTS,ATLN,RQB5,FALSE,Sienna Corporation,4,0,0,0,0,6,Unrestricted,4
09-11-2026,CM: Sienna GA,10-005037 REV-06,10-005037,"Enclosure, Power Module, Inverter, D",Part,MTS,ATLN,RSA8,FALSE,Sienna Corporation,26,0,0,0,0,6,Unrestricted,26
09-11-2026,CM: Sienna GA,10-005037 REV-06,10-005037,"Enclosure, Power Module, Inverter, D",Part,MTS,ATLN,RIQC,FALSE,Sienna Corporation,147,0,0,0,0,6,Unrestricted,147
09-11-2026,CM: Sienna GA,10-005042 REV-01,10-005042,Res Thick Film 0603 340 Ohm 1% 0.1W(1/10W) ±100ppm/°C Pad SMD T/R,Electrical Components,OTS,ATLN,LINE,FALSE,Sienna Corporation,4421,0,0.003,13.263,0,1,Unrestricted,4421
09-11-2026,CM: Qualitel WA,814L-10-005043,10-005043,Cap Ceramic 5pF 50V C0G 0.25pF Pad SMD 0603 125°C Automotive AEC-Q200 T/R,Electrical Components,OTS,"Seattle, WA",Stock,FALSE,Qualitel,13835,0,0.0117,161.8695,0,0,Unrestricted,13835
09-11-2026,CM: Sienna GA,10-005043 REV-01,10-005043,Cap Ceramic 5pF 50V C0G 0.25pF Pad SMD 0603 125°C Automotive AEC-Q200 T/R,Electrical Components,OTS,ATLN,LINE,FALSE,Sienna Corporation,10583,0,0.0331,350.2973,0,1,Unrestricted,10583
09-11-2026,CM: Sienna GA,10-005043 REV-01,10-005043,Cap Ceramic 5pF 50V C0G 0.25pF Pad SMD 0603 125°C Automotive AEC-Q200 T/R,Electrical Components,OTS,ATLN,MAIN,FALSE,Sienna Corporation,4000,0,0.0331,132.4,0,1,Unrestricted,4000
09-11-2026,CM: Sienna GA,10-005044 REV-01,10-005044,FIXED IND 2.2UH 1.7A 60 MOHM SMD AEC-Q,Electrical Components,OTS,ATLN,LINE,FALSE,Sienna Corporation,1278,0,0.2241,286.3998,0,1,Unrestricted,1278
09-11-2026,CM: Sienna GA,10-005044 REV-01,10-005044,FIXED IND 2.2UH 1.7A 60 MOHM SMD AEC-Q,Electrical Components,OTS,ATLN,MAIN,FALSE,Sienna Corporation,12000,0,0.2241,2689.2,0,1,Unrestricted,12000
09-11-2026,CM: Qualitel WA,814L-10-005045,10-005045,Diode Switching 85V 0.155A 3-Pin SOT-523 T/R,Electrical Components,OTS,"Seattle, WA",Stock,FALSE,Qualitel,69672,0,0.017,1184.424,0,0,Unrestricted,69672
09-11-2026,CM: Sienna GA,10-005045 REV-01,10-005045,Diode Switching 85V 0.155A 3-Pin SOT-523 T/R,Electrical Components,OTS,ATLN,LINE,FALSE,Sienna Corporation,37685,0,0.0599,2257.3315,0,1,Unrestricted,37685
09-11-2026,CM: Sienna GA,10-005045 REV-01,10-005045,Diode Switching 85V 0.155A 3-Pin SOT-523 T/R,Electrical Components,OTS,ATLN,MAIN,FALSE,Sienna Corporation,9000,0,0.0599,539.1,0,1,Unrestricted,9000
09-11-2026,CM: Celestica MX,10-0050723MS,10-005072,Diode Zener Single 20V 1% 250mW 3-Pin SOT-23 T/R,Electrical Components,OTS,Monterrey Prod,1000,FALSE,Celestica,-2,0,0.0747,-0.1494,0,0,Unrestricted,-2
09-11-2026,CM: Qualitel WA,814L-10-005072,10-005072,Diode Zener Single 20V 1% 250mW 3-Pin SOT-23 T/R,Electrical Components,OTS,"Seattle, WA",Stock,FALSE,Qualitel,17644,0,0.096,1693.824,0,0,Unrestricted,17644
09-11-2026,CM: Qualitel WA,814L-10-005073,10-005073,CAP CER 10UF 10V X7R 0805,Electrical Components,OTS,"Seattle, WA",Stock,FALSE,Qualitel,22290,0,0.0621,1384.209,0,0,Unrestricted,22290
09-11-2026,CM: Celestica MX,10-0050733MS,10-005073,CAP CER 10UF 10V X7R 0805,Electrical Components,OTS,Monterrey Prod,1000,FALSE,Celestica,0,0,0.089,0,0,0,Unrestricted,0
09-11-2026,CM: Qualitel WA,814L-10-005074,10-005074,CAP CER 0.1UF 10V X7R 0603,Electrical Components,OTS,"Seattle, WA",Stock,FALSE,Qualitel,9769,0,0.0046,44.9374,0,0,Unrestricted,9769
09-11-2026,CM: Celestica MX,10-0050743MS,10-005074,CAP CER 0.1UF 10V X7R 0603,Electrical Components,OTS,Monterrey Prod,1000,FALSE,Celestica,-2,0,0.0216,-0.0432,0,0,Unrestricted,-2
09-11-2026,CM: Celestica MX,10-0050753MS,10-005075,CAP CER 1UF 10V X7R 0603,Electrical Components,OTS,Monterrey Prod,1000,FALSE,Celestica,-2,0,0.16,-0.32,0,0,Unrestricted,-2
09-11-2026,CM: Qualitel WA,814L-10-005075,10-005075,CAP CER 1UF 10V X7R 0603,Electrical Components,OTS,"Seattle, WA",Stock,FALSE,Qualitel,21942,0,0.0044,96.5448,0,0,Unrestricted,21942
09-11-2026,CM: Sienna GA,10-005077 REV-01,10-005077,CAP CER 1UF 50V X7R 0603,Electrical Components,OTS,ATLN,MAIN,FALSE,Sienna Corporation,4000,0,0.01,40,0,1,Unrestricted,4000
09-11-2026,CM: Sienna GA,10-005077 REV-01,10-005077,CAP CER 1UF 50V X7R 0603,Electrical Components,OTS,ATLN,LINE,FALSE,Sienna Corporation,4937,0,0.01,49.37,0,1,Unrestricted,4937
09-11-2026,CM: Celestica MX,10-0050773MS,10-005077,CAP CER 1UF 50V X7R 0603,Electrical Components,OTS,Monterrey Prod,1000,FALSE,Celestica,5,0,0.057,0.285,0,0,Unrestricted,5
09-11-2026,Lunar Netsuite,10-005077,10-005077,CAP CER 1UF 50V X7R 0603,Electrical Components,OTS,CA - Ravendale,NS,FALSE,Lunar Energy,24000,0,0.0473,1135.2,0,0,Unrestricted,24000
09-11-2026,CM: Qualitel WA,814L-10-005077,10-005077,CAP CER 1UF 50V X7R 0603,Electrical Components,OTS,"Seattle, WA",Stock,FALSE,Qualitel,93927,0,0.0147,1380.7269,0,0,Unrestricted,93927
09-11-2026,Lunar Netsuite,10-005078,10-005078,DIODE SCHOTT 40V 750MA SOD323-2,Electrical Components,OTS,CA - Ravendale,NS,FALSE,Lunar Energy,360,0,0.0828,29.808,0,0,Unrestricted,360
09-11-2026,CM: Sienna GA,10-005080 REV-03,10-005080,"Breaker Hold-Down, Bridge",Part,MTS,ATLN,RH74,FALSE,Sienna Corporation,2064,0,1.6,3302.4,0,3,Unrestricted,2064
09-11-2026,CM: Sienna GA,10-005080 REV-03,10-005080,"Breaker Hold-Down, Bridge",Part,MTS,ATLN,MAIN,FALSE,Sienna Corporation,35,0,1.6,56,0,3,Unrestricted,35
09-11-2026,CM: Sienna GA,10-005080 REV-03,10-005080,"Breaker Hold-Down, Bridge",Part,MTS,ATLN,LPAC,FALSE,Sienna Corporation,267,0,1.6,427.2,0,3,Unrestricted,267
09-11-2026,Lunar Netsuite,10-005080,10-005080,"Breaker Hold-Down, Bridge",Part,MTS,JIT - Reno,NS,FALSE,Lunar Energy,1,0,0,0,0,0,Unrestricted,1
09-11-2026,CM: Sienna GA,10-005080 REV-03,10-005080,"Breaker Hold-Down, Bridge",Part,MTS,ATLN,RIQC,FALSE,Sienna Corporation,0,0,1.6,0,0,3,Unrestricted,0
09-11-2026,CM: Celestica MX,10-0050813MS,10-005081,"Shield, Trunk Harness Connector, Battery Block",Part,MTS,Monterrey Prod,1000,FALSE,Celestica,-23,0,2.25,-51.75,0,0,Unrestricted,-23
09-11-2026,CM: Qualitel WA,814L-10-005081,10-005081,"Shield, Trunk Harness Connector, Battery Block",Part,MTS,"Seattle, WA",Stock,FALSE,Qualitel,8572,0,1.99,17058.28,0,0,Unrestricted,8572
09-11-2026,CM: Sienna GA,10-005082 REV-03,10-005082,"Top Cover, Filter Board, Inverter",Part,MTS,ATLN,MRB,FALSE,Sienna Corporation,0,1,19.6,0,19.6,3,Restricted,0
09-11-2026,CM: Sienna GA,10-005082 REV-03,10-005082,"Top Cover, Filter Board, Inverter",Part,MTS,ATLN,LINE,FALSE,Sienna Corporation,161,0,19.6,3155.6,0,3,Unrestricted,161
09-11-2026,CM: Sienna GA,10-005082 REV-03,10-005082,"Top Cover, Filter Board, Inverter",Part,MTS,ATLN,RIQC,FALSE,Sienna Corporation,253,0,19.6,4958.8,0,3,Unrestricted,253
09-11-2026,CM: Sienna GA,10-005082 REV-03,10-005082,"Top Cover, Filter Board, Inverter",Part,MTS,ATLN,RT41,FALSE,Sienna Corporation,320,0,19.6,6272,0,3,Unrestricted,320
09-11-2026,CM: Sienna GA,10-005082 REV-03,10-005082,"Top Cover, Filter Board, Inverter",Part,MTS,ATLN,RL11,FALSE,Sienna Corporation,300,0,19.6,5880,0,3,Unrestricted,300
09-11-2026,CM: Sienna GA,10-005082 REV-03,10-005082,"Top Cover, Filter Board, Inverter",Part,MTS,ATLN,RS81,FALSE,Sienna Corporation,20,0,19.6,392,0,3,Unrestricted,20
09-11-2026,CM: Sienna GA,10-005082 REV-03,10-005082,"Top Cover, Filter Board, Inverter",Part,MTS,ATLN,RQ48,FALSE,Sienna Corporation,320,0,19.6,6272,0,3,Unrestricted,320
09-11-2026,CM: Sienna GA,10-005082 REV-03,10-005082,"Top Cover, Filter Board, Inverter",Part,MTS,ATLN,RP47,FALSE,Sienna Corporation,320,0,19.6,6272,0,3,Unrestricted,320
09-11-2026,CM: Qualitel WA,814L-10-005099,10-005099,DC DC CONVERTER 12V 1W,Electrical Components,OTS,"Seattle, WA",Stock,FALSE,Qualitel,5558,0,1.9,10560.2,0,0,Unrestricted,5558
09-11-2026,CM: Celestica MX,10-0050993MS,10-005099,DC DC CONVERTER 12V 1W,Electrical Components,OTS,Monterrey Prod,1000,FALSE,Celestica,-2,0,1.95,-3.9,0,0,Unrestricted,-2
09-11-2026,Lunar Netsuite,10-005099,10-005099,DC DC CONVERTER 12V 1W,Electrical Components,OTS,JIT - Reno,NS,FALSE,Lunar Energy,385,0,2.28,877.8,0,0,Unrestricted,385
09-11-2026,CM: Sienna GA,10-005100 REV-01,10-005100,PTC RESET FUSE 400V 12MA 1210,Electrical Components,OTS,ATLN,LINE,FALSE,Sienna Corporation,657,0,0.638,419.166,0,1,Unrestricted,657
09-11-2026,CM: Sienna GA,10-005102 REV-1,10-005102,IC GATE DRVR HALF-BRIDGE 12DSBGA,Electrical Components,OTS,ATLN,MAIN,FALSE,Sienna Corporation,9,0,2.95,26.55,0,1,Unrestricted,9
09-11-2026,CM: Sienna GA,10-005103 REV-01,10-005103,IC Half Bridge GaN/MOSFET Driver,Electrical Components,OTS,ATLN,LINE,FALSE,Sienna Corporation,62317,0,0.42,26173.14,0,1,Unrestricted,62317
09-11-2026,CM: Sienna GA,10-005103 REV-01,10-005103,IC Half Bridge GaN/MOSFET Driver,Electrical Components,OTS,ATLN,MAIN,FALSE,Sienna Corporation,38400,0,0.42,16128,0,1,Unrestricted,38400
09-11-2026,CM: Sienna GA,10-005110 REV-01,10-005110,"Insulator Sheet, Filter Board Integrated PSA, D",Part,MTS,ATLN,LINE,FALSE,Sienna Corporation,2664,0,2.26,6020.64,0,1,Unrestricted,2664
09-11-2026,CM: Sienna GA,10-005110 REV-01,10-005110,"Insulator Sheet, Filter Board Integrated PSA, D",Part,MTS,ATLN,RIQC,FALSE,Sienna Corporation,694,0,2.26,1568.44,0,1,Unrestricted,694
09-11-2026,CM: Sienna GA,10-005110 REV-01,10-005110,"Insulator Sheet, Filter Board Integrated PSA, D",Part,MTS,ATLN,PAWH,FALSE,Sienna Corporation,231,0,2.26,522.06,0,1,Unrestricted,231
09-11-2026,CM: Qualitel WA,814L-10-005111,10-005111,FUSE CERM 50A 500VAC 500VDC RAD,Electrical Components,OTS,"Seattle, WA",PO Inspection,FALSE,Qualitel,0,50,4,0,200,0,Restricted,0
09-11-2026,CM: Qualitel WA,814L-10-005111,10-005111,FUSE CERM 50A 500VAC 500VDC RAD,Electrical Components,OTS,"Seattle, WA",Stock,FALSE,Qualitel,12000,0,4,48000,0,0,Unrestricted,12000
09-11-2026,CM: Qualitel WA,814L-10-005111,10-005111,FUSE CERM 50A 500VAC 500VDC RAD,Electrical Components,OTS,"Seattle, WA",MRB,FALSE,Qualitel,0,50,4,0,200,0,Restricted,0
09-11-2026,CM: Celestica MX,10-0051113MS,10-005111,FUSE CERM 50A 500VAC 500VDC RAD,Electrical Components,OTS,Monterrey Prod,1000,FALSE,Celestica,-9,0,6.56,-59.04,0,0,Unrestricted,-9
09-11-2026,Lunar Netsuite,10-005111,10-005111,FUSE CERM 50A 500VAC 500VDC RAD,Electrical Components,OTS,CA - Ravendale,NS,FALSE,Lunar Energy,100,0,5.12,512,0,0,Unrestricted,100
09-11-2026,CM: Celestica MX,10-0051123MS,10-005112,"Shroud with Inserts, Front",Part,MTS,Monterrey Prod,1000,FALSE,Celestica,-2,0,2.62,-5.24,0,0,Unrestricted,-2
09-11-2026,Lunar Netsuite,10-005112,10-005112,"Shroud with Inserts, Front",Part,MTS,CA - Ravendale,NS,FALSE,Lunar Energy,9,0,0,0,0,0,Unrestricted,9
09-11-2026,Lunar Netsuite,10-005113,10-005113,"Shroud with Inserts, Rear",Part,MTS,CA - Ravendale,NS,FALSE,Lunar Energy,9,0,0,0,0,0,Unrestricted,9
09-11-2026,CM: Celestica MX,10-0051133MS,10-005113,"Shroud with Inserts, Rear",Part,MTS,Monterrey Prod,1000,FALSE,Celestica,-2,0,2.62,-5.24,0,0,Unrestricted,-2
09-11-2026,Lunar Netsuite,10-005118,10-005118,"Maximizer, Potted Assembly, Type A",Part,MTS,CA - Ravendale,NS,FALSE,Lunar Energy,2,0,0,0,0,0,Unrestricted,2
09-11-2026,CM: Sienna GA,10-005121 REV-02,10-005121,"Wall Bracket Assembly, Inverter",Part,MTS,ATLN,WHS2,FALSE,Sienna Corporation,3,0,41,123,0,2,Unrestricted,3
09-11-2026,Lunar Netsuite,10-005122,10-005122,RES 1.5K OHM 1% 1/10W 0603,Electrical Components,OTS,JIT - Reno,NS,FALSE,Lunar Energy,1000,0,0.0136,13.6,0,0,Unrestricted,1000
09-11-2026,CM: Qualitel WA,814L-10-005123,10-005123,IC COMPARATOR 1 GEN PUR 6UDFN,Electrical Components,OTS,"Seattle, WA",PO Inspection,FALSE,Qualitel,0,75,0.117,0,8.775,0,Restricted,0
09-11-2026,CM: Qualitel WA,814L-10-005123,10-005123,IC COMPARATOR 1 GEN PUR 6UDFN,Electrical Components,OTS,"Seattle, WA",MRB,FALSE,Qualitel,0,75,0.117,0,8.775,0,Restricted,0
09-11-2026,CM: Qualitel WA,814L-10-005123,10-005123,IC COMPARATOR 1 GEN PUR 6UDFN,Electrical Components,OTS,"Seattle, WA",Stock,FALSE,Qualitel,5983,0,0.117,700.011,0,0,Unrestricted,5983
09-11-2026,CM: Celestica MX,10-0051233MS,10-005123,IC COMPARATOR 1 GEN PUR 6UDFN,Electrical Components,OTS,Monterrey Prod,1000,FALSE,Celestica,784,0,0.1785,139.944,0,0,Unrestricted,784
09-11-2026,CM: Sienna GA,10-005124 REV-05,10-005124,"Screw,SEMS,M5x0.8,10mm,Bellevile washer,BHT T-25,Flange,Steel",Part,OTS,ATLN,LINE,FALSE,Sienna Corporation,1992,0,0.103,205.176,0,5,Unrestricted,1992
09-11-2026,CM: Sienna GA,10-005124 REV-05,10-005124,"Screw,SEMS,M5x0.8,10mm,Bellevile washer,BHT T-25,Flange,Steel",Part,OTS,ATLN,RIQC,FALSE,Sienna Corporation,5361,0,0.103,552.183,0,5,Unrestricted,5361
09-11-2026,CM: Sienna GA,10-005125 REV-03,10-005125,"Screw,M4x0.7 6gx12mm,BHT T15,Steel,Nylon Patch",Part,OTS,ATLN,LINE,FALSE,Sienna Corporation,8572,0,0.055,471.46,0,3,Unrestricted,8572
09-11-2026,CM: Sienna GA,10-005125 REV-02,10-005125,"Screw,M4x0.7 6gx12mm,BHT T15,Steel,Nylon Patch",Part,OTS,ATLN,LINE,FALSE,Sienna Corporation,299,0,0.055,16.445,0,2,Unrestricted,299
09-11-2026,Lunar Netsuite,10-005134,10-005134,"Front Cover with Capacitors,Inverter, D",Part,MTS,JIT - Reno,NS,FALSE,Lunar Energy,5,0,132.21,661.05,0,0,Unrestricted,5
09-11-2026,Lunar Netsuite,10-005140,10-005140,"Terminal Board with Conformal Coat, Inverter, D",Part,MTS,CA - Ravendale,NS,FALSE,Lunar Energy,2,0,565.73,1131.46,0,0,Unrestricted,2
09-11-2026,CM: Sienna GA,10-005148 REV-01,10-005148,"O-Ring Seal, Inductor Housing 1 to HS, D",Part,MTS,ATLN,LINE,FALSE,Sienna Corporation,1260,0,3.7,4662,0,1,Unrestricted,1260
09-11-2026,CM: Sienna GA,10-005148 REV-01,10-005148,"O-Ring Seal, Inductor Housing 1 to HS, D",Part,MTS,ATLN,PCKD,FALSE,Sienna Corporation,500,0,3.7,1850,0,1,Unrestricted,500
09-11-2026,CM: Sienna GA,10-005149 REV-01,10-005149,"O-Ring Seal, Inductor Housing 2 to HS, D",Part,MTS,ATLN,LINE,FALSE,Sienna Corporation,1260,0,3.48,4384.8,0,1,Unrestricted,1260
09-11-2026,CM: Sienna GA,10-005149 REV-01,10-005149,"O-Ring Seal, Inductor Housing 2 to HS, D",Part,MTS,ATLN,PCKD,FALSE,Sienna Corporation,500,0,3.48,1740,0,1,Unrestricted,500
09-11-2026,CM: Sienna GA,10-005150 REV-04,10-005150,"Inductor Module 2 Assy, Inverter Power Module, D",Part,MTS,ATLN,LINE,FALSE,Sienna Corporation,242,0,0,0,0,4,Unrestricted,242
09-11-2026,CM: Sienna GA,10-005151 REV-04,10-005151,"Potted Wire Passthrough and Inductor Housing, Inverter Power Module, D",Part,MTS,ATLN,RIQC,FALSE,Sienna Corporation,237,0,54.1,12821.7,0,4,Unrestricted,237
09-11-2026,CM: Sienna GA,10-005151 REV-04,10-005151,"Potted Wire Passthrough and Inductor Housing, Inverter Power Module, D",Part,MTS,ATLN,LINE,FALSE,Sienna Corporation,241,0,54.1,13038.1,0,4,Unrestricted,241
09-11-2026,CM: Sienna GA,10-005151 REV-04,10-005151,"Potted Wire Passthrough and Inductor Housing, Inverter Power Module, D",Part,MTS,ATLN,RI35,FALSE,Sienna Corporation,318,0,54.1,17203.8,0,4,Unrestricted,318
09-11-2026,CM: Sienna GA,10-005151 REV-04,10-005151,"Potted Wire Passthrough and Inductor Housing, Inverter Power Module, D",Part,MTS,ATLN,RH81,FALSE,Sienna Corporation,168,0,54.1,9088.8,0,4,Unrestricted,168
09-11-2026,CM: Sienna GA,10-005151 REV-04,10-005151,"Potted Wire Passthrough and Inductor Housing, Inverter Power Module, D",Part,MTS,ATLN,MAIN,FALSE,Sienna Corporation,8,0,54.1,432.8,0,4,Unrestricted,8
09-11-2026,CM: Sienna GA,10-005151 REV-04,10-005151,"Potted Wire Passthrough and Inductor Housing, Inverter Power Module, D",Part,MTS,ATLN,RJ36,FALSE,Sienna Corporation,240,0,54.1,12984,0,4,Unrestricted,240
09-11-2026,Lunar Netsuite,10-005154,10-005154,"Power PCBA with Conformal Coat, Inverter, D",Electrical Components,MTS,CA - Ravendale,NS,FALSE,Lunar Energy,3,0,547.96,1643.88,0,0,Unrestricted,3
09-11-2026,CM: Sienna GA,10-005154 REV-02,10-005154,"Power PCBA with Conformal Coat, Inverter, D",Electrical Components,MTS,ATLN,LPAC,FALSE,Sienna Corporation,26,0,396.06,10297.56,0,2,Unrestricted,26
09-11-2026,CM: Sienna GA,10-005155 REV-02,10-005155,"Insulator Sheet, Power Board, Integrated PSA, D",Part,MTS,ATLN,RT13,FALSE,Sienna Corporation,310,0,3.21,995.1,0,2,Unrestricted,310
09-11-2026,CM: Sienna GA,10-005155 REV-02,10-005155,"Insulator Sheet, Power Board, Integrated PSA, D",Part,MTS,ATLN,LINE,FALSE,Sienna Corporation,141,0,3.21,452.61,0,2,Unrestricted,141
09-11-2026,CM: Sienna GA,10-005155 REV-02,10-005155,"Insulator Sheet, Power Board, Integrated PSA, D",Part,MTS,ATLN,RT92,FALSE,Sienna Corporation,400,0,3.21,1284,0,2,Unrestricted,400
09-11-2026,CM: Sienna GA,10-005155 REV-02,10-005155,"Insulator Sheet, Power Board, Integrated PSA, D",Part,MTS,ATLN,WHS2,FALSE,Sienna Corporation,6,0,3.21,19.26,0,2,Unrestricted,6
09-11-2026,CM: Sienna GA,10-005155 REV-02,10-005155,"Insulator Sheet, Power Board, Integrated PSA, D",Part,MTS,ATLN,PAWH,FALSE,Sienna Corporation,650,0,3.21,2086.5,0,2,Unrestricted,650
09-11-2026,CM: Sienna GA,10-005155 REV-02,10-005155,"Insulator Sheet, Power Board, Integrated PSA, D",Part,MTS,ATLN,RIQC,FALSE,Sienna Corporation,1363,0,3.21,4375.23,0,2,Unrestricted,1363
09-11-2026,Lunar Netsuite,10-005155,10-005155,"Insulator Sheet, Power Board, Integrated PSA, D",Part,MTS,CA - Ravendale,NS,FALSE,Lunar Energy,20,0,2.43,48.6,0,0,Unrestricted,20
09-11-2026,CM: Sienna GA,10-005156 REV-04,10-005156,"Inductor Module 1 Assy, Inverter Power Module, D",Part,MTS,ATLN,LINE,FALSE,Sienna Corporation,223,0,0,0,0,4,Unrestricted,223
09-11-2026,CM: Sienna GA,10-005157 REV-04,10-005157,"Potted Pin Passthrough and Inductor Housing, Inverter Power Module, D",Part,MTS,ATLN,LINE,FALSE,Sienna Corporation,48,0,91.25,4380,0,4,Unrestricted,48
09-11-2026,CM: Sienna GA,10-005157 REV-04,10-005157,"Potted Pin Passthrough and Inductor Housing, Inverter Power Module, D",Part,MTS,ATLN,MAIN,FALSE,Sienna Corporation,17,0,91.25,1551.25,0,4,Unrestricted,17
09-11-2026,CM: Sienna GA,10-005157 REV-04,10-005157,"Potted Pin Passthrough and Inductor Housing, Inverter Power Module, D",Part,MTS,ATLN,RK64,FALSE,Sienna Corporation,190,0,91.25,17337.5,0,4,Unrestricted,190
09-11-2026,CM: Sienna GA,10-005157 REV-04,10-005157,"Potted Pin Passthrough and Inductor Housing, Inverter Power Module, D",Part,MTS,ATLN,RPB1,FALSE,Sienna Corporation,160,0,91.25,14600,0,4,Unrestricted,160
09-11-2026,CM: Sienna GA,10-005157 REV-04,10-005157,"Potted Pin Passthrough and Inductor Housing, Inverter Power Module, D",Part,MTS,ATLN,RPA5,FALSE,Sienna Corporation,160,0,91.25,14600,0,4,Unrestricted,160
09-11-2026,CM: Sienna GA,10-005157 REV-04,10-005157,"Potted Pin Passthrough and Inductor Housing, Inverter Power Module, D",Part,MTS,ATLN,RPA1,FALSE,Sienna Corporation,160,0,91.25,14600,0,4,Unrestricted,160
09-11-2026,CM: Sienna GA,10-005157 REV-04,10-005157,"Potted Pin Passthrough and Inductor Housing, Inverter Power Module, D",Part,MTS,ATLN,RH82,FALSE,Sienna Corporation,347,0,91.25,31663.75,0,4,Unrestricted,347
09-11-2026,CM: Sienna GA,10-005157 REV-04,10-005157,"Potted Pin Passthrough and Inductor Housing, Inverter Power Module, D",Part,MTS,ATLN,RPB6,FALSE,Sienna Corporation,160,0,91.25,14600,0,4,Unrestricted,160
09-11-2026,CM: Sienna GA,10-005158 REV-04,10-005158,"Inductor Housing Plastic Pin Cap, D",Part,MTS,ATLN,RIQC,FALSE,Sienna Corporation,2371,0,0.84,1991.64,0,4,Unrestricted,2371
09-11-2026,CM: Sienna GA,10-005159 REV-04,10-005159,"Inductor Housing Plastic Pin Receptacle, D",Part,MTS,ATLN,LINE,FALSE,Sienna Corporation,227,0,1.26,286.02,0,4,Unrestricted,227
09-11-2026,CM: Sienna GA,10-005159 REV-04,10-005159,"Inductor Housing Plastic Pin Receptacle, D",Part,MTS,ATLN,RJ41,FALSE,Sienna Corporation,1750,0,1.26,2205,0,4,Unrestricted,1750
09-11-2026,CM: Sienna GA,10-005160 REV-01,10-005160,"BUSBAR, PIN CONNECTORS, 3.4MMX90.6MM, FLOATING, 75A, D",Part,MTS,ATLN,RIQC,FALSE,Sienna Corporation,5585,0,1.92,10723.2,0,1,Unrestricted,5585
09-11-2026,CM: Sienna GA,10-005163 REV-12,10-005163,"Blower Module, D",Assembly,MTS,ATLN,LINE,FALSE,Sienna Corporation,141,0,0,0,0,12,Unrestricted,141
09-11-2026,CM: Sienna GA,10-005163 REV-07,10-005163,"Blower Module, D",Assembly,MTS,ATLN,PDRW,FALSE,Sienna Corporation,20,0,0,0,0,7,Unrestricted,20
09-11-2026,CM: Sienna GA,10-005163 REV-11,10-005163,"Blower Module, D",Assembly,MTS,ATLN,LINE,FALSE,Sienna Corporation,2,0,0,0,0,11,Unrestricted,2
09-11-2026,CM: Sienna GA,10-005164 REV-07,10-005164,"Wire Harness,Inverter Exterior,Blowers/Ambient T, D",Part,MTS,ATLN,LINE,FALSE,Sienna Corporation,4,0,31.53,126.12,0,7,Unrestricted,4
09-11-2026,CM: Sienna GA,10-005169 REV-03,10-005169,"DC Contactor Cover, D",Part,MTS,ATLN,RT98,FALSE,Sienna Corporation,917,0,0.6,550.2,0,3,Unrestricted,917
09-11-2026,CM: Sienna GA,10-005169 REV-03,10-005169,"DC Contactor Cover, D",Part,MTS,ATLN,RS87,FALSE,Sienna Corporation,1554,0,0.6,932.4,0,3,Unrestricted,1554
09-11-2026,CM: Sienna GA,10-005176 REV-02,10-005176,"Protective Hat, Capacitor Board, Inverter",Part,MTS,ATLN,RQ88,FALSE,Sienna Corporation,380,0,10.98,4172.4,0,2,Unrestricted,380
09-11-2026,CM: Sienna GA,10-005176 REV-02,10-005176,"Protective Hat, Capacitor Board, Inverter",Part,MTS,ATLN,RIQC,FALSE,Sienna Corporation,388,0,10.98,4260.24,0,2,Unrestricted,388
09-11-2026,CM: Sienna GA,10-005176 REV-02,10-005176,"Protective Hat, Capacitor Board, Inverter",Part,MTS,ATLN,RTA7,FALSE,Sienna Corporation,400,0,10.98,4392,0,2,Unrestricted,400
09-11-2026,CM: Sienna GA,10-005176 REV-02,10-005176,"Protective Hat, Capacitor Board, Inverter",Part,MTS,ATLN,RP82,FALSE,Sienna Corporation,200,0,10.98,2196,0,2,Unrestricted,200
09-11-2026,CM: Sienna GA,10-005176 REV-02,10-005176,"Protective Hat, Capacitor Board, Inverter",Part,MTS,ATLN,LINE,FALSE,Sienna Corporation,139,0,10.98,1526.22,0,2,Unrestricted,139
09-11-2026,CM: Sienna GA,10-005177 REV-01,10-005177,"Home Controller, Heat Spreader, Connector Side, D",Assembly,MTS,ATLN,PDRW,FALSE,Sienna Corporation,19,0,15.5,294.5,0,1,Unrestricted,19
09-11-2026,CM: Sienna GA,10-005177 REV-01,10-005177,"Home Controller, Heat Spreader, Connector Side, D",Assembly,MTS,ATLN,LINE,FALSE,Sienna Corporation,172,0,15.5,2666,0,1,Unrestricted,172
09-11-2026,CM: Sienna GA,10-005177 REV-01,10-005177,"Home Controller, Heat Spreader, Connector Side, D",Assembly,MTS,ATLN,RIQC,FALSE,Sienna Corporation,109,0,15.5,1689.5,0,1,Unrestricted,109
09-11-2026,CM: Qualitel WA,814L-10-005178,10-005178,RES 3.2K OHM 0.1% 1/10W 0603 AEC-Q,Electrical Components,OTS,"Seattle, WA",Stock,FALSE,Qualitel,17864,0,0.122,2179.408,0,0,Unrestricted,17864
09-11-2026,CM: Celestica MX,10-0051783MS,10-005178,RES 3.2K OHM 0.1% 1/10W 0603 AEC-Q,Electrical Components,OTS,Monterrey Prod,1000,FALSE,Celestica,5,0,0.14,0.7,0,0,Unrestricted,5
09-11-2026,CM: Qualitel WA,814L-10-005179,10-005179,DIODE ZENER 3.3V 250MW TO236AB,Electrical Components,OTS,"Seattle, WA",Stock,FALSE,Qualitel,14218,0,0.0883,1255.4494,0,0,Unrestricted,14218
09-11-2026,CM: Celestica MX,10-0051793MS,10-005179,DIODE ZENER 3.3V 250MW TO236AB,Electrical Components,OTS,Monterrey Prod,1000,FALSE,Celestica,-2,0,0.0594,-0.1188,0,0,Unrestricted,-2
09-11-2026,CM: Sienna GA,10-005184 REV-01,10-005184,IC REG LINEAR 12V 2A HRP-5,Electrical Components,OTS,ATLN,LINE,FALSE,Sienna Corporation,1369,0,1.956,2677.764,0,1,Unrestricted,1369
09-11-2026,CM: Qualitel WA,814L-10-005184,10-005184,IC REG LINEAR 12V 2A HRP-5,Electrical Components,OTS,"Seattle, WA",Stock,FALSE,Qualitel,6492,0,0.989,6420.588,0,0,Unrestricted,6492
09-11-2026,CM: Sienna GA,10-005184 REV-01,10-005184,IC REG LINEAR 12V 2A HRP-5,Electrical Components,OTS,ATLN,MAIN,FALSE,Sienna Corporation,4000,0,1.956,7824,0,1,Unrestricted,4000
09-11-2026,CM: Sienna GA,10-005185 REV-01,10-005185,"Asy, Home Controller & Heat Spreader, D",Assembly,MTS,ATLN,LINE,FALSE,Sienna Corporation,124,0,0,0,0,1,Unrestricted,124
09-11-2026,CM: Sienna GA,10-005185 REV-01,10-005185,"Asy, Home Controller & Heat Spreader, D",Assembly,MTS,ATLN,MRB,FALSE,Sienna Corporation,0,81,0,0,0,1,Restricted,0
09-11-2026,CM: Sienna GA,10-005189 REV-01,10-005189,MOSFET N-CH 80V 100A TDSON,Electrical Components,OTS,ATLN,MAIN,FALSE,Sienna Corporation,25000,0,0.44,11000,0,1,Unrestricted,25000
09-11-2026,CM: Sienna GA,10-005189 REV-01,10-005189,MOSFET N-CH 80V 100A TDSON,Electrical Components,OTS,ATLN,LINE,FALSE,Sienna Corporation,20348,0,0.44,8953.12,0,1,Unrestricted,20348
09-11-2026,CM: Sienna GA,10-005189 REV-01,10-005189,MOSFET N-CH 80V 100A TDSON,Electrical Components,OTS,ATLN,RIQC,FALSE,Sienna Corporation,20000,0,0.44,8800,0,1,Unrestricted,20000
09-11-2026,CM: Sienna GA,10-005190 REV-01,10-005190,RES 402K OHM 1% 1/4W 1206 AEC-Q,Electrical Components,OTS,ATLN,LINE,FALSE,Sienna Corporation,73188,0,0.0025,182.97,0,1,Unrestricted,73188
09-11-2026,CM: Sienna GA,10-005190 REV-01,10-005190,RES 402K OHM 1% 1/4W 1206 AEC-Q,Electrical Components,OTS,ATLN,MAIN,FALSE,Sienna Corporation,168000,0,0.0025,420,0,1,Unrestricted,168000
09-11-2026,CM: Sienna GA,10-005190 REV-01,10-005190,RES 402K OHM 1% 1/4W 1206 AEC-Q,Electrical Components,OTS,ATLN,RIQC,FALSE,Sienna Corporation,50000,0,0.0025,125,0,1,Unrestricted,50000
09-11-2026,CM: Sienna GA,10-005197 REV-01,10-005197,RES 3M OHM 1% 1/4W 1206 AEC-Q,Electrical Components,OTS,ATLN,LINE,FALSE,Sienna Corporation,23834,0,0.0103,245.4902,0,1,Unrestricted,23834
09-11-2026,CM: Qualitel WA,814L-10-005197,10-005197,RES 3M OHM 1% 1/4W 1206 AEC-Q,Electrical Components,OTS,"Seattle, WA",Stock,FALSE,Qualitel,21257,0,0.0041,87.1537,0,0,Unrestricted,21257
09-11-2026,CM: Sienna GA,10-005199 REV-01,10-005199,"TIM, PCBA, Terminal Board, Inverter",Part,MTS,ATLN,PAWH,FALSE,Sienna Corporation,2600,0,0.5,1300,0,1,Unrestricted,2600
09-11-2026,CM: Sienna GA,10-005199 REV-01,10-005199,"TIM, PCBA, Terminal Board, Inverter",Part,MTS,ATLN,RIQC,FALSE,Sienna Corporation,383,0,0.5,191.5,0,1,Unrestricted,383
09-11-2026,CM: Sienna GA,10-005199 REV-01,10-005199,"TIM, PCBA, Terminal Board, Inverter",Part,MTS,ATLN,LINE,FALSE,Sienna Corporation,1009,0,0.5,504.5,0,1,Unrestricted,1009
09-11-2026,Lunar Netsuite,10-005203,10-005203,Battery Block,Part,MTS,JIT - Reno,NS,FALSE,Lunar Energy,157,0,15.4272,2422.0704,0,0,Unrestricted,23
09-11-2026,Lunar Netsuite,10-005203,10-005203,Battery Block,Part,MTS,CA - Ravendale,NS,FALSE,Lunar Energy,40,0,361.957,14478.28,0,0,Unrestricted,0
09-11-2026,CM: Celestica MX,10-0052103MS,10-005210,"TIM, PCBA, DC-DC",Part,MTS,Monterrey Prod,1000,FALSE,Celestica,-4,0,11.1,-44.4,0,0,Unrestricted,-4
09-11-2026,CM: Celestica MX,10-0052113MS,10-005211,"Heat Sink Assy, DCDC",Part,MTS,Monterrey Prod,1000,FALSE,Celestica,-4,0,32.4,-129.6,0,0,Unrestricted,-4
09-11-2026,CM: Qualitel WA,814L-10-005214,10-005214,TVS DIODE 376VWM 602VC DO214AB,Electrical Components,OTS,"Seattle, WA",Stock,FALSE,Qualitel,21313,0,0.271,5775.823,0,0,Unrestricted,21313
09-11-2026,CM: Celestica MX,10-0052143MS,10-005214,TVS DIODE 376VWM 602VC DO214AB,Electrical Components,OTS,Monterrey Prod,2000,FALSE,Celestica,0,12000,0.4673,0,5607.6,0,MRPExUnrestricted,0
09-11-2026,CM: Celestica MX,10-0052143MS,10-005214,TVS DIODE 376VWM 602VC DO214AB,Electrical Components,OTS,Monterrey Prod,1000,FALSE,Celestica,20,0,0.4673,9.346,0,0,Unrestricted,20
09-11-2026,CM: Sienna GA,10-005216 REV-01,10-005216,"MOSFET OptiMOSTM6Power-Transistor,80V PG-TDSON-8 FL",Electrical Components,OTS,ATLN,LINE,FALSE,Sienna Corporation,5000,0,1.25,6250,0,1,Unrestricted,5000
09-11-2026,CM: Sienna GA,10-005220 REV-06,10-005220,"Maximizer, Potted Assembly, Type C",Part,MTS,ATLN,MRB,FALSE,Sienna Corporation,0,454,0,0,0,6,Restricted,0
09-11-2026,Lunar Netsuite,10-005220,10-005220,"Maximizer, Potted Assembly, Type C",Part,MTS,JIT - Reno,NS,FALSE,Lunar Energy,18,0,0,0,0,0,Unrestricted,2
09-11-2026,Lunar Netsuite,10-005220,10-005220,"Maximizer, Potted Assembly, Type C",Part,MTS,CA - Ravendale,NS,FALSE,Lunar Energy,189,0,70.0317,13235.9913,0,0,Unrestricted,50
09-11-2026,CM: Sienna GA,10-005220 REV-05,10-005220,"Maximizer, Potted Assembly, Type C",Part,MTS,ATLN,MRB,FALSE,Sienna Corporation,0,8,0,0,0,5,Restricted,0
09-11-2026,Lunar Netsuite,10-005220_old,10-005220_old,,,,CA - Ravendale,NS,FALSE,Lunar Energy,1,0,72.84,72.84,0,0,Unrestricted,0
09-11-2026,Lunar Netsuite,10-005221,10-005221,"DCDC SUBASSEMBLY, BATTERY BLOCK",Part,MTS,JIT - Reno,NS,FALSE,Lunar Energy,132,0,466.33,61555.56,0,0,Unrestricted,132
09-11-2026,CM: Celestica MX,10-0052213MS,10-005221,"DCDC SUBASSEMBLY, BATTERY BLOCK",Part,MTS,Monterrey Prod,1000,FALSE,Celestica,124,0,326.11,40437.64,0,0,Unrestricted,124
09-11-2026,Lunar Netsuite,10-005221_old2,10-005221_old2,,,,CA - Ravendale,NS,FALSE,Lunar Energy,4,0,0,0,0,0,Unrestricted,4
09-11-2026,CM: Qualitel WA,814L-10-005226,10-005226,IC Isolated Single-Channel Gate Driver With Split Outputs,Electrical Components,OTS,"Seattle, WA",Stock,FALSE,Qualitel,20412,0,0.38,7756.56,0,0,Unrestricted,20412
09-11-2026,CM: Celestica MX,10-0052263MS,10-005226,IC Isolated Single-Channel Gate Driver With Split Outputs,Electrical Components,OTS,Monterrey Prod,1000,FALSE,Celestica,23,0,0.42,9.66,0,0,Unrestricted,23
09-11-2026,Lunar Netsuite,10-005227,10-005227,"Snorkel with Seal,Battery Block",Part,MTS,JIT - Reno,NS,FALSE,Lunar Energy,448,0,5.47,2450.56,0,0,Unrestricted,448
09-11-2026,CM: Celestica MX,10-0052273MS,10-005227,"Snorkel with Seal,Battery Block",Part,MTS,Monterrey Prod,1000,FALSE,Celestica,8,0,5.47,43.76,0,0,Unrestricted,8
09-11-2026,CM: Qualitel WA,814L-10-005227,10-005227,"Snorkel with Seal,Battery Block",Part,MTS,"Seattle, WA",Stock,FALSE,Qualitel,1284,0,2.26,2901.84,0,0,Unrestricted,1284
09-11-2026,CM: Qualitel WA,814L-10-005080,10-005227,"Snorkel with Seal,Battery Block",Part,MTS,"Seattle, WA",Stock,FALSE,Qualitel,942,0,1.15,1083.3,0,0,Unrestricted,942
09-11-2026,CM: Qualitel WA,814L-10-005227,10-005227,"Snorkel with Seal,Battery Block",Part,MTS,"Seattle, WA",PO Inspection,FALSE,Qualitel,0,7513,2.26,0,16979.38,0,Restricted,0
09-11-2026,Lunar Netsuite,10-00522D,10-00522D,"Maximizer, Potted Assembly, Type D",Part,MTS,JIT - Reno,NS,FALSE,Lunar Energy,460,0,85.7446,39442.516,0,0,Unrestricted,460
09-11-2026,CM: Sienna GA,10-00522D REV-02,10-00522D,"Maximizer, Potted Assembly, Type D",Part,MTS,ATLN,MRB,FALSE,Sienna Corporation,0,318,0,0,0,2,Restricted,0
09-11-2026,Lunar Netsuite,10-00522D,10-00522D,"Maximizer, Potted Assembly, Type D",Part,MTS,CA - Ravendale,NS,FALSE,Lunar Energy,308,0,86.9102,26768.3416,0,0,Unrestricted,233
09-11-2026,CM: Sienna GA,10-00522D REV-02,10-00522D,"Maximizer, Potted Assembly, Type D",Part,MTS,ATLN,PDRW,FALSE,Sienna Corporation,53,0,0,0,0,2,Unrestricted,53
09-11-2026,CM: Sienna GA,10-00522D REV-01,10-00522D,"Maximizer, Potted Assembly, Type D",Part,MTS,ATLN,PDRW,FALSE,Sienna Corporation,26,0,0,0,0,1,Unrestricted,26
09-11-2026,CM: Sienna GA,10-00522D REV-02,10-00522D,"Maximizer, Potted Assembly, Type D",Part,MTS,ATLN,LINE,FALSE,Sienna Corporation,1414,0,0,0,0,2,Unrestricted,1414
09-11-2026,CM: Sienna GA,10-00522D REV-01,10-00522D,"Maximizer, Potted Assembly, Type D",Part,MTS,ATLN,MRB,FALSE,Sienna Corporation,0,47,0,0,0,1,Restricted,0
09-11-2026,Lunar Netsuite,10-00522D,10-00522D,"Maximizer, Potted Assembly, Type D",Part,MTS,JIT - Gardena,NS,FALSE,Lunar Energy,19,0,87.28,1658.32,0,0,Unrestricted,19
09-11-2026,Lunar Netsuite,10-00522D,10-00522D,"Maximizer, Potted Assembly, Type D",Part,MTS,JIT - Houston,NS,FALSE,Lunar Energy,220,0,87.2028,19184.616,0,0,Unrestricted,220
09-11-2026,CM: Sienna GA,10-00522E REV-02,10-00522E,"Maximizer, Potted Assembly, Type E",Assembly,MTS,ATLN,MRB,FALSE,Sienna Corporation,0,189,0,0,0,2,Restricted,0
09-11-2026,CM: Sienna GA,10-00522E REV-01,10-00522E,"Maximizer, Potted Assembly, Type E",Assembly,MTS,ATLN,MRB,FALSE,Sienna Corporation,0,17,0,0,0,1,Restricted,0
09-11-2026,CM: Sienna GA,10-00522E REV-01,10-00522E,"Maximizer, Potted Assembly, Type E",Assembly,MTS,ATLN,LINE,FALSE,Sienna Corporation,79,0,0,0,0,1,Unrestricted,79
09-11-2026,CM: Sienna GA,10-00522E REV-02,10-00522E,"Maximizer, Potted Assembly, Type E",Assembly,MTS,ATLN,LINE,FALSE,Sienna Corporation,2089,0,0,0,0,2,Unrestricted,2089
09-11-2026,Lunar Netsuite,10-00522E,10-00522E,"Maximizer, Potted Assembly, Type E",Assembly,MTS,JIT - Reno,NS,FALSE,Lunar Energy,22800,0,76.6319,1747207.32,0,0,Unrestricted,10320
09-11-2026,CM: Qualitel WA,814L-10-005231,10-005231,RES 6.8 OHM 5% 1/4W 0603 AEC-Q,Electrical Components,OTS,"Seattle, WA",Stock,FALSE,Qualitel,16880,0,0.0242,408.496,0,0,Unrestricted,16880
09-11-2026,CM: Sienna GA,10-005231 REV-01,10-005231,RES 6.8 OHM 5% 1/4W 0603 AEC-Q,Electrical Components,OTS,ATLN,LINE,FALSE,Sienna Corporation,19510,0,0.035,682.85,0,1,Unrestricted,19510
09-11-2026,CM: Sienna GA,10-005247 REV-02,10-005247,"Screw,M3x11mm,BHT T10,Flange,BF,Steel,Zinc",Part,OTS,ATLN,RIQC,FALSE,Sienna Corporation,16203,0,0.043,696.729,0,2,Unrestricted,16203
09-11-2026,CM: Sienna GA,10-005247 REV-02,10-005247,"Screw,M3x11mm,BHT T10,Flange,BF,Steel,Zinc",Part,OTS,ATLN,LINE,FALSE,Sienna Corporation,11,0,0.043,0.473,0,2,Unrestricted,11
09-11-2026,CM: Sienna GA,10-005250 REV-01,10-005250,Fuse Chip Slow Blow Acting 0.5A 250V SMD Solder Pad 10.1 X 3.12 X 3.12mm Ceramic T/R cULus,Electrical Components,OTS,ATLN,MAIN,FALSE,Sienna Corporation,1549,0,0.01,15.49,0,1,Unrestricted,1549
09-11-2026,CM: Celestica MX,10-0052543MS,10-005254,"Hinge, Shield, Trunk Harness Connector",Part,OTS,Monterrey Prod,DIFF,FALSE,Celestica,0,-4,0.249,0,-0.996,0,MRPExUnrestricted,0
09-11-2026,CM: Qualitel WA,814L-10-005254,10-005254,"Hinge, Shield, Trunk Harness Connector",Part,OTS,"Seattle, WA",Stock,FALSE,Qualitel,15858,0,0.15,2378.7,0,0,Unrestricted,15858
09-11-2026,Lunar Netsuite,10-005254,10-005254,"Hinge, Shield, Trunk Harness Connector",Part,OTS,JIT - Reno,NS,FALSE,Lunar Energy,6187,0,0.25,1546.75,0,0,Unrestricted,0
09-11-2026,CM: Sienna GA,10-005259 REV-01,10-005259,"Tape, Aluminum, 25.4mm, Conductive Adhesive",Part,OTS,ATLN,MAIN,FALSE,Sienna Corporation,8,0,0.0366,0.2928,0,1,Unrestricted,8
09-11-2026,CM: Sienna GA,10-005260 REV-02,10-005260,"Gasket, Power Module, Perimeter Seal, Wiring Compartment",Part,MTS,ATLN,LINE,FALSE,Sienna Corporation,494,0,7.03,3472.82,0,2,Unrestricted,494
09-11-2026,CM: Sienna GA,10-005260 REV-02,10-005260,"Gasket, Power Module, Perimeter Seal, Wiring Compartment",Part,MTS,ATLN,RK41,FALSE,Sienna Corporation,1645,0,7.03,11564.35,0,2,Unrestricted,1645
09-11-2026,CM: Sienna GA,10-005260 REV-02,10-005260,"Gasket, Power Module, Perimeter Seal, Wiring Compartment",Part,MTS,ATLN,RJ37,FALSE,Sienna Corporation,1120,0,7.03,7873.6,0,2,Unrestricted,1120
09-11-2026,Lunar Netsuite,10-005266,10-005266,RES 68K OHM 1% 1/10W 0603,Electrical Components,OTS,JIT - Reno,NS,FALSE,Lunar Energy,1000,0,0.0141,14.1,0,0,Unrestricted,1000
09-11-2026,CM: Celestica MX,10-0052713MS,10-005271,"Harness, Sense, Battery Block, Type B",Part,MTS,Monterrey Prod,1000,FALSE,Celestica,-3,0,11.84,-35.52,0,0,Unrestricted,-3
09-11-2026,CM: Sienna GA,10-005278 REV-01,10-005278,"Heat Sink, Inverter, With Heat Pipe, D",Part,MTS,ATLN,RT41,FALSE,Sienna Corporation,128,0,79.4,10163.2,0,1,Unrestricted,128
09-11-2026,CM: Sienna GA,10-005278 REV-01,10-005278,"Heat Sink, Inverter, With Heat Pipe, D",Part,MTS,ATLN,RPA5,FALSE,Sienna Corporation,120,0,79.4,9528,0,1,Unrestricted,120
09-11-2026,CM: Sienna GA,10-005278 REV-01,10-005278,"Heat Sink, Inverter, With Heat Pipe, D",Part,MTS,ATLN,RR71,FALSE,Sienna Corporation,30,0,79.4,2382,0,1,Unrestricted,30
09-11-2026,CM: Sienna GA,10-005278 REV-01,10-005278,"Heat Sink, Inverter, With Heat Pipe, D",Part,MTS,ATLN,RQ75,FALSE,Sienna Corporation,78,0,79.4,6193.2,0,1,Unrestricted,78
09-11-2026,CM: Sienna GA,10-005278 REV-01,10-005278,"Heat Sink, Inverter, With Heat Pipe, D",Part,MTS,ATLN,RT45,FALSE,Sienna Corporation,128,0,79.4,10163.2,0,1,Unrestricted,128
09-11-2026,CM: Sienna GA,10-005278 REV-01,10-005278,"Heat Sink, Inverter, With Heat Pipe, D",Part,MTS,ATLN,LINE,FALSE,Sienna Corporation,269,0,79.4,21358.6,0,1,Unrestricted,269
09-11-2026,CM: Sienna GA,10-005278 REV-01,10-005278,"Heat Sink, Inverter, With Heat Pipe, D",Part,MTS,ATLN,RTA5,FALSE,Sienna Corporation,128,0,79.4,10163.2,0,1,Unrestricted,128
09-11-2026,CM: Sienna GA,10-005278 REV-01,10-005278,"Heat Sink, Inverter, With Heat Pipe, D",Part,MTS,ATLN,RSA2,FALSE,Sienna Corporation,113,0,79.4,8972.2,0,1,Unrestricted,113
09-11-2026,CM: Sienna GA,10-005278 REV-01,10-005278,"Heat Sink, Inverter, With Heat Pipe, D",Part,MTS,ATLN,RQ84,FALSE,Sienna Corporation,110,0,79.4,8734,0,1,Unrestricted,110
09-11-2026,CM: Sienna GA,10-005278 REV-01,10-005278,"Heat Sink, Inverter, With Heat Pipe, D",Part,MTS,ATLN,RT63,FALSE,Sienna Corporation,128,0,79.4,10163.2,0,1,Unrestricted,128
09-11-2026,CM: Sienna GA,10-005278 REV-01,10-005278,"Heat Sink, Inverter, With Heat Pipe, D",Part,MTS,ATLN,MRB,FALSE,Sienna Corporation,0,1,79.4,0,79.4,1,Restricted,0
09-11-2026,CM: Sienna GA,10-005278 REV-01,10-005278,"Heat Sink, Inverter, With Heat Pipe, D",Part,MTS,ATLN,RQ86,FALSE,Sienna Corporation,128,0,79.4,10163.2,0,1,Unrestricted,128
09-11-2026,CM: Sienna GA,10-005278 REV-01,10-005278,"Heat Sink, Inverter, With Heat Pipe, D",Part,MTS,ATLN,RQB6,FALSE,Sienna Corporation,128,0,79.4,10163.2,0,1,Unrestricted,128
09-11-2026,CM: Sienna GA,10-005282 REV-03,10-005282,"Insulator Sheet, Power Board, Lower Level, Integrated TIM and PSA",Part,MTS,ATLN,RIQC,FALSE,Sienna Corporation,1331,0,1.43,1903.33,0,3,Unrestricted,1331
09-11-2026,CM: Sienna GA,10-005282 REV-03,10-005282,"Insulator Sheet, Power Board, Lower Level, Integrated TIM and PSA",Part,MTS,ATLN,PAWH,FALSE,Sienna Corporation,1555,0,1.43,2223.65,0,3,Unrestricted,1555
09-11-2026,CM: Sienna GA,10-005282 REV-03,10-005282,"Insulator Sheet, Power Board, Lower Level, Integrated TIM and PSA",Part,MTS,ATLN,LINE,FALSE,Sienna Corporation,1077,0,1.43,1540.11,0,3,Unrestricted,1077
09-11-2026,CM: Sienna GA,10-005284 REV-03,10-005284,"Packaging, Maximizer Hub",Part,OTS,ATLN,RIQC,FALSE,Sienna Corporation,766,0,0,0,0,3,Unrestricted,766
09-11-2026,CM: Sienna GA,10-005284 REV-03,10-005284,"Packaging, Maximizer Hub",Part,OTS,ATLN,MRB,FALSE,Sienna Corporation,0,925,0,0,0,3,Restricted,0
09-11-2026,CM: Qualitel WA,814L-10-08057A,10-005286,"O-ring,291.69mm ID,3.53mm C/S",Part,OTS,"Seattle, WA",Stock,FALSE,Qualitel,446,0,0,0,0,0,Unrestricted,446
09-11-2026,CM: Sienna GA,10-005288 REV-01,10-005288,"Light Pipe Trio, Molded with Sealing Adhesive",Part,MTS,ATLN,MRB,FALSE,Sienna Corporation,0,59,12.26,0,723.34,1,Restricted,0
09-11-2026,CM: Sienna GA,10-005288 REV-01,10-005288,"Light Pipe Trio, Molded with Sealing Adhesive",Part,MTS,ATLN,LINE,FALSE,Sienna Corporation,190,0,12.26,2329.4,0,1,Unrestricted,190
09-11-2026,CM: Sienna GA,10-005289 REV-01,10-005289,"Adhesive, Epoxy, 2-Part, 5-min cure",Part,OTS,ATLN,PCKD,FALSE,Sienna Corporation,259,0,0.65,168.35,0,1,Unrestricted,259
09-11-2026,CM: Sienna GA,10-005289 REV-01,10-005289,"Adhesive, Epoxy, 2-Part, 5-min cure",Part,OTS,ATLN,PCKD,FALSE,Sienna Corporation,958.5,0,0.65,623.025,0,1,Unrestricted,958.5
09-11-2026,CM: Sienna GA,10-005289 REV-01,10-005289,"Adhesive, Epoxy, 2-Part, 5-min cure",Part,OTS,ATLN,LINE,FALSE,Sienna Corporation,331.3599854,0,0.65,215.3839905,0,1,Unrestricted,331.3599854
09-11-2026,CM: Sienna GA,10-005289 REV-01,10-005289,"Adhesive, Epoxy, 2-Part, 5-min cure",Part,OTS,ATLN,LINE,FALSE,Sienna Corporation,145.5,0,0.65,94.575,0,1,Unrestricted,145.5
09-11-2026,CM: Sienna GA,10-005294 REV-01,10-005294,"TIM, PCBA, Filter Board, Inverter, D",Part,MTS,ATLN,RIQC,FALSE,Sienna Corporation,1900,0,0.7,1330,0,1,Unrestricted,1900
09-11-2026,CM: Sienna GA,10-005294 REV-01,10-005294,"TIM, PCBA, Filter Board, Inverter, D",Part,MTS,ATLN,LINE,FALSE,Sienna Corporation,1758,0,0.7,1230.6,0,1,Unrestricted,1758
09-11-2026,Lunar Netsuite,10-005296,10-005296,Inverter Power Board Type A PCBA with DC Input Pins Attached,Part,MTS,CA - Ravendale,NS,FALSE,Lunar Energy,5,0,0,0,0,0,Unrestricted,5
09-11-2026,CM: Celestica MX,10-0052973MS,10-005297,CAP CER 2.2UF 10% 450V X6S 2220,Electrical Components,OTS,Monterrey Prod,1000,FALSE,Celestica,-4,0,0.837,-3.348,0,0,Unrestricted,-4
09-11-2026,CM: Qualitel WA,814L-10-005297,10-005297,CAP CER 2.2UF 10% 450V X6S 2220,Electrical Components,OTS,"Seattle, WA",Stock,FALSE,Qualitel,16304,0,0.875,14266,0,0,Unrestricted,16304
09-11-2026,CM: Sienna GA,10-005300 REV-04,10-005300,"Seal, Exhaust Duct, Adhesive Backed, Strip, D",Part,MTS,ATLN,LINE,FALSE,Sienna Corporation,2,0,1.31,2.62,0,4,Unrestricted,2
09-11-2026,CM: Sienna GA,10-005300 REV-04,10-005300,"Seal, Exhaust Duct, Adhesive Backed, Strip, D",Part,MTS,ATLN,PCKD,FALSE,Sienna Corporation,1400,0,1.31,1834,0,4,Unrestricted,1400
09-11-2026,CM: Sienna GA,10-005300 REV-04,10-005300,"Seal, Exhaust Duct, Adhesive Backed, Strip, D",Part,MTS,ATLN,RIQC,FALSE,Sienna Corporation,5868,0,1.31,7687.08,0,4,Unrestricted,5868
09-11-2026,CM: Sienna GA,10-005303 REV-02,10-005303,"Foam Gasket, Protective Hat, Capacitance Board, D",Assembly,MTS,ATLN,RP91,FALSE,Sienna Corporation,3325,0,1.26,4189.5,0,2,Unrestricted,3325
09-11-2026,CM: Sienna GA,10-005303 REV-02,10-005303,"Foam Gasket, Protective Hat, Capacitance Board, D",Assembly,MTS,ATLN,LINE,FALSE,Sienna Corporation,90,0,1.26,113.4,0,2,Unrestricted,90
09-11-2026,CM: Sienna GA,10-005304 REV-02,10-005304,"Foam Strip, 40mm L, Protective Hat, D",Assembly,MTS,ATLN,LINE,FALSE,Sienna Corporation,1732,0,1.41,2442.12,0,2,Unrestricted,1732
09-11-2026,CM: Sienna GA,10-005304 REV-02,10-005304,"Foam Strip, 40mm L, Protective Hat, D",Assembly,MTS,ATLN,RP91,FALSE,Sienna Corporation,1800,0,1.41,2538,0,2,Unrestricted,1800
09-11-2026,CM: Sienna GA,10-005306 REV-02,10-005306,"Foam Strip, 18mm L, Protective Hat, D",Assembly,MTS,ATLN,RP91,FALSE,Sienna Corporation,5250,0,0.84,4410,0,2,Unrestricted,5250
09-11-2026,CM: Sienna GA,10-005306 REV-02,10-005306,"Foam Strip, 18mm L, Protective Hat, D",Assembly,MTS,ATLN,LINE,FALSE,Sienna Corporation,4857,0,0.84,4079.88,0,2,Unrestricted,4857
09-11-2026,CM: Sienna GA,10-005307 REV-02,10-005307,"Foam Strip, 140mm L, Protective Hat, D",Assembly,MTS,ATLN,RP91,FALSE,Sienna Corporation,4500,0,1.57,7065,0,2,Unrestricted,4500
09-11-2026,CM: Sienna GA,10-005307 REV-02,10-005307,"Foam Strip, 140mm L, Protective Hat, D",Assembly,MTS,ATLN,LINE,FALSE,Sienna Corporation,2364,0,1.57,3711.48,0,2,Unrestricted,2364
09-11-2026,CM: Sienna GA,10-005310 REV-02,10-005310,"Heat Shield, Light Pipe Trio",Part,MTS,ATLN,LINE,FALSE,Sienna Corporation,243,0,1.06,257.58,0,2,Unrestricted,243
09-11-2026,CM: Sienna GA,10-005310 REV-02,10-005310,"Heat Shield, Light Pipe Trio",Part,MTS,ATLN,RQ62,FALSE,Sienna Corporation,400,0,1.06,424,0,2,Unrestricted,400
09-11-2026,CM: Sienna GA,10-005310 REV-02,10-005310,"Heat Shield, Light Pipe Trio",Part,MTS,ATLN,RIQC,FALSE,Sienna Corporation,3132,0,1.06,3319.92,0,2,Unrestricted,3132
09-11-2026,CM: Sienna GA,10-005310 REV-02,10-005310,"Heat Shield, Light Pipe Trio",Part,MTS,ATLN,MAIN,FALSE,Sienna Corporation,16,0,1.06,16.96,0,2,Unrestricted,16
09-11-2026,CM: Sienna GA,10-005313 REV-01,10-005313,RES 3.9K OHM 0.1% 1/10W 0603 AEC-Q,Electrical Components,OTS,ATLN,RIQC,FALSE,Sienna Corporation,155000,0,0.029,4495,0,1,Unrestricted,155000
09-11-2026,CM: Sienna GA,10-005313 REV-01,10-005313,RES 3.9K OHM 0.1% 1/10W 0603 AEC-Q,Electrical Components,OTS,ATLN,LINE,FALSE,Sienna Corporation,32541,0,0.029,943.689,0,1,Unrestricted,32541
09-11-2026,CM: Sienna GA,10-005313 REV-01,10-005313,RES 3.9K OHM 0.1% 1/10W 0603 AEC-Q,Electrical Components,OTS,ATLN,MAIN,FALSE,Sienna Corporation,8048,0,0.029,233.392,0,1,Unrestricted,8048
09-11-2026,CM: Qualitel WA,814L-10-005314,10-005314,"Tape, Aluminum, 50.8 mm, Conductive Adhesive",Part,OTS,"Seattle, WA",Stock,FALSE,Qualitel,241,0,12.0418,2902.0738,0,0,Unrestricted,241
09-11-2026,CM: Sienna GA,10-005348 REV-02,10-005348,"RCD Adapter, Inverter",Part,MTS,ATLN,MAIN,FALSE,Sienna Corporation,268,0,2,536,0,2,Unrestricted,268
09-11-2026,Lunar Netsuite,10-005362,10-005362,SENSOR CURRENT FLUX 300MA AC/DC,Electrical Components,OTS,JIT - Reno,NS,FALSE,Lunar Energy,277,0,41.8755,11599.5135,0,0,Unrestricted,277
09-11-2026,CM: Celestica MX,10-0053663MS,10-005366,"Scarf with Adhesive, Battery Block",Part,MTS,Monterrey Prod,1000,FALSE,Celestica,-2,0,45,-90,0,0,Unrestricted,-2
09-11-2026,CM: Sienna GA,10-005370 REV-01,10-005370,Conn Shrouded Header (4 Sides) HDR 4 POS 5.08mm Solder RA Side Entry Thru-Hole Cardboard,Electrical Components,OTS,ATLN,MAIN,FALSE,Sienna Corporation,777,0,1.257,976.689,0,1,Unrestricted,777
09-11-2026,CM: Sienna GA,10-005382 REV-02,10-005382,"Packaging, ESS Hardware Kit 20kWh Lunar Blue",Part,MTS,ATLN,LINE,FALSE,Sienna Corporation,10,0,7.41,74.1,0,2,Unrestricted,10
09-11-2026,CM: Sienna GA,10-005382 REV-02,10-005382,"Packaging, ESS Hardware Kit 20kWh Lunar Blue",Part,MTS,ATLN,WHS2,FALSE,Sienna Corporation,668,0,7.41,4949.88,0,2,Unrestricted,668
09-11-2026,CM: Sienna GA,10-005385 REV-05,10-005385,"Label, Packaging, Carton",Part,MTS,ATLN,LINE,FALSE,Sienna Corporation,1654,0,0.05,82.7,0,5,Unrestricted,1654
09-11-2026,CM: Qualitel WA,814L-10-005385,10-005385,"Label, Packaging, Carton",Part,MTS,"Seattle, WA",Stock,FALSE,Qualitel,300,0,0.05,15,0,0,Unrestricted,300
09-11-2026,CM: Qualitel WA,814L-10-005385,10-005385,"Label, Packaging, Carton",Part,MTS,"Seattle, WA",Stock,FALSE,Qualitel,20000,0,0.05,1000,0,0,Unrestricted,20000
09-11-2026,CM: Qualitel WA,814L-10-005390,10-005390,RES 100K OHM 1% 1/10W 0603,Electrical Components,OTS,"Seattle, WA",Stock,FALSE,Qualitel,35000,0,0.0007,24.5,0,0,Unrestricted,35000
09-11-2026,CM: Qualitel WA,814L-10-005392,10-005392,RES 1M OHM 1% 1/10W 0603,Electrical Components,OTS,"Seattle, WA",Stock,FALSE,Qualitel,35000,0,0.0008,28,0,0,Unrestricted,35000
09-11-2026,CM: Qualitel WA,814L-10-005393,10-005393,RES 470 OHM 1% 1/10W 75V 0603,Electrical Components,OTS,"Seattle, WA",Stock,FALSE,Qualitel,35000,0,0.0007,24.5,0,0,Unrestricted,35000
09-11-2026,Lunar Netsuite,10-005406,10-005406,RES SMD 1K OHM 1% 1/16W 0402,Electrical Components,OTS,JIT - Reno,NS,FALSE,Lunar Energy,9800,0,0.005,49,0,0,Unrestricted,9800
09-11-2026,CM: Qualitel WA,814L-10-005410,10-005410,RES SMD 200 OHM 1% 1/10W 0603,Electrical Components,OTS,"Seattle, WA",Stock,FALSE,Qualitel,570000,0,0.0007,399,0,0,Unrestricted,570000
09-11-2026,CM: Qualitel WA,814L-10-005411,10-005411,RES 10K OHM 1% 1/10W 0603,Electrical Components,OTS,"Seattle, WA",Stock,FALSE,Qualitel,1012151,0,0.0008,809.7208,0,0,Unrestricted,1012151
09-11-2026,CM: Sienna GA,10-005411 REV-01,10-005411,RES 10K OHM 1% 1/10W 0603,Electrical Components,OTS,ATLN,MAIN,FALSE,Sienna Corporation,15000,0,0.01,150,0,1,Unrestricted,15000
09-11-2026,Lunar Netsuite,10-005411,10-005411,RES 10K OHM 1% 1/10W 0603,Electrical Components,OTS,JIT - Reno,NS,FALSE,Lunar Energy,1000,0,0.0121,12.1,0,0,Unrestricted,1000
09-11-2026,CM: Sienna GA,10-005411 REV-01,10-005411,RES 10K OHM 1% 1/10W 0603,Electrical Components,OTS,ATLN,LINE,FALSE,Sienna Corporation,13206,0,0.01,132.06,0,1,Unrestricted,13206
09-11-2026,CM: Sienna GA,10-005421 REV-01,10-005421,"Cable Tie, REUSABLE",Part,OTS,ATLN,LINE,FALSE,Sienna Corporation,200,0,0.1573,31.46,0,1,Unrestricted,200
09-11-2026,CM: Qualitel WA,814L-10-005424,10-005424,DIODE ZENER 10V 500MW SOD123,Electrical Components,OTS,"Seattle, WA",Stock,FALSE,Qualitel,6000,0,0.0123,73.8,0,0,Unrestricted,6000
09-11-2026,CM: Qualitel WA,814L-10-005427,10-005427,RES 3K OHM 5% 1/4W 1206,Electrical Components,OTS,"Seattle, WA",Stock,FALSE,Qualitel,10000,0,0.0022,22,0,0,Unrestricted,10000
09-11-2026,Lunar Netsuite,10-005434,10-005434,"Assy, Inner Cover, Bridge, W/ Labels, Lunar Blue",Part,MTS,JIT - Reno,NS,FALSE,Lunar Energy,5,0,33.53,167.65,0,0,Unrestricted,5
09-11-2026,CM: Qualitel WA,814L-10-005449,10-005449,RES 20 OHM 1% 1/10W 0603,Electrical Components,OTS,"Seattle, WA",Stock,FALSE,Qualitel,470000,0,0.0007,329,0,0,Unrestricted,470000
09-11-2026,CM: Qualitel WA,814L-10-005450,10-005450,RES 47K OHM 1% 1/10W 0603,Electrical Components,OTS,"Seattle, WA",Stock,FALSE,Qualitel,240000,0,0.0007,168,0,0,Unrestricted,240000
09-11-2026,CM: Qualitel WA,814L-10-005451,10-005451,RES 1.1K OHM 1% 1/10W 0603,Electrical Components,OTS,"Seattle, WA",Stock,FALSE,Qualitel,305000,0,0.0007,213.5,0,0,Unrestricted,305000
09-11-2026,CM: Qualitel WA,814L-10-005459,10-005459,CAP CER 0.47UF 25V X7R 0603,Electrical Components,OTS,"Seattle, WA",Stock,FALSE,Qualitel,32000,0,0.007,224,0,0,Unrestricted,32000
09-11-2026,CM: Qualitel WA,814L-10-005460,10-005460,CAP CER 15PF 50V C0G/NP0 0402,Electrical Components,OTS,"Seattle, WA",Stock,FALSE,Qualitel,210000,0,0.001,210,0,0,Unrestricted,210000
09-11-2026,CM: Sienna GA,10-005481 REV-03,10-005481,"Wire Harness, Earth Ground Sense, Bridge, Type B",Part,MTS,ATLN,PAWH,FALSE,Sienna Corporation,160,0,1.52,243.2,0,3,Unrestricted,160
09-11-2026,CM: Sienna GA,10-005481 REV-03,10-005481,"Wire Harness, Earth Ground Sense, Bridge, Type B",Part,MTS,ATLN,MAIN,FALSE,Sienna Corporation,165,0,1.52,250.8,0,3,Unrestricted,165
09-11-2026,CM: Sienna GA,10-005481 REV-03,10-005481,"Wire Harness, Earth Ground Sense, Bridge, Type B",Part,MTS,ATLN,RIQC,FALSE,Sienna Corporation,132,0,1.52,200.64,0,3,Unrestricted,132
09-11-2026,CM: Sienna GA,10-005481 REV-03,10-005481,"Wire Harness, Earth Ground Sense, Bridge, Type B",Part,MTS,ATLN,RL23,FALSE,Sienna Corporation,520,0,1.52,790.4,0,3,Unrestricted,520
09-11-2026,CM: Sienna GA,10-005491 REV-01,10-005491,"RF Pass Thru, Molded, D",Part,MTS,ATLN,LINE,FALSE,Sienna Corporation,348,0,29.99,10436.52,0,1,Unrestricted,348
09-11-2026,Lunar Netsuite,10-005501,10-005501,"Assy, Enclosure Door, Bridge, W/ Terminal Diagram Label, Lunar Blue",Part,MTS,JIT - Reno,NS,FALSE,Lunar Energy,4,0,35.52,142.08,0,0,Unrestricted,4
09-11-2026,Lunar Netsuite,10-005510,10-005510,"Filter Module, Common Mode Choke, Inverter Wire Compartment",Part,MTS,JIT - Reno,NS,FALSE,Lunar Energy,5,0,54.52,272.6,0,0,Unrestricted,5
09-11-2026,CM: Sienna GA,10-005512 REV-01,10-005512,"Sled, Filter Module",Part,MTS,ATLN,RQ81,FALSE,Sienna Corporation,599,0,8.8,5271.2,0,1,Unrestricted,599
09-11-2026,CM: Sienna GA,10-005518 REV-01,10-005518,"Mounting Plate, Filter Module",Part,MTS,ATLN,LINE,FALSE,Sienna Corporation,19,0,6.7,127.3,0,1,Unrestricted,19
09-11-2026,CM: Sienna GA,10-005537 REV-01,10-005537,"Ferrule, 7 AWG, 18mm Pin",Part,OTS,ATLN,MAIN,FALSE,Sienna Corporation,2,0,0.27,0.54,0,1,Unrestricted,2
09-11-2026,CM: Sienna GA,10-005538 REV-01,10-005538,"Wire, BLK, 10AWG High Flex, UL Listed as AWM, 105C",Part,OTS,ATLN,EXIN,FALSE,Sienna Corporation,2500,0,0.676,1690,0,1,Unrestricted,2500
09-11-2026,CM: Sienna GA,10-005572 REV-01,10-005572,"Enclosure with Holes, Plastic, Wiring Compartment, Inverter, D",Part,MTS,ATLN,PDRW,FALSE,Sienna Corporation,18,0,22.05,396.9,0,1,Unrestricted,18
09-11-2026,CM: Sienna GA,10-005572 REV-01,10-005572,"Enclosure with Holes, Plastic, Wiring Compartment, Inverter, D",Part,MTS,ATLN,WHS2,FALSE,Sienna Corporation,4,0,22.05,88.2,0,1,Unrestricted,4
09-11-2026,CM: Sienna GA,10-005577 REV-02,10-005577,"Cable Tie, Locking, Black, 50lbs, Nylon, 188 x 4.8 mm",Part,OTS,ATLN,RIQC,FALSE,Sienna Corporation,4734,0,0.043,203.562,0,2,Unrestricted,4734
09-11-2026,CM: Sienna GA,10-005577 REV-02,10-005577,"Cable Tie, Locking, Black, 50lbs, Nylon, 188 x 4.8 mm",Part,OTS,ATLN,LINE,FALSE,Sienna Corporation,3636,0,0.043,156.348,0,2,Unrestricted,3636
09-11-2026,CM: Sienna GA,10-005577 REV-02,10-005577,"Cable Tie, Locking, Black, 50lbs, Nylon, 188 x 4.8 mm",Part,OTS,ATLN,PAMS,FALSE,Sienna Corporation,1242,0,0.043,53.406,0,2,Unrestricted,1242
09-11-2026,Lunar Netsuite,10-005579,10-005579,RES 0 OHM JUMPER 1/16W 0402,Electrical Components,OTS,JIT - Reno,NS,FALSE,Lunar Energy,46900,0,0.001,46.9,0,0,Unrestricted,46900
09-11-2026,CM: Qualitel WA,814L-10-005579,10-005579,RES 0 OHM JUMPER 1/16W 0402,Electrical Components,OTS,"Seattle, WA",Stock,FALSE,Qualitel,15363,0,0.0005,7.6815,0,0,Unrestricted,15363
09-11-2026,CM: Sienna GA,10-005597 REV-01,10-005597,"Wire, WHT, 10AWG High Flex, UL Listed as AWM, 105C",Part,OTS,ATLN,EXIN,FALSE,Sienna Corporation,1500,0,0.676,1014,0,1,Unrestricted,1500
09-11-2026,CM: Sienna GA,10-005598 REV-01,10-005598,"Wire, RED, 10AWG High Flex, UL Listed as AWM, 105C",Part,OTS,ATLN,EXIN,FALSE,Sienna Corporation,2500,0,0.676,1690,0,1,Unrestricted,2500
09-11-2026,CM: Sienna GA,10-005633 REV-03,10-005633,"Front Door Hinge, Sheet Metal, Inverter",Assembly,MTS,ATLN,RIQC,FALSE,Sienna Corporation,2028,0,2.42,4907.76,0,3,Unrestricted,2028
09-11-2026,Lunar Netsuite,10-005681,10-005681,FIXED IND 10UH 28A 2.5 MOHM SMD,Electrical Components,OTS,CA - Ravendale,NS,FALSE,Lunar Energy,35,0,1.85,64.75,0,0,Unrestricted,35
09-11-2026,Lunar Netsuite,10-005681,10-005681,FIXED IND 10UH 28A 2.5 MOHM SMD,Electrical Components,OTS,JIT - Reno,NS,FALSE,Lunar Energy,1356,0,1.88,2549.28,0,0,Unrestricted,1356
09-11-2026,CM: Qualitel WA,814L-10-005681,10-005681,FIXED IND 10UH 28A 2.5 MOHM SMD,Electrical Components,OTS,"Seattle, WA",Stock,FALSE,Qualitel,16833,0,1.39,23397.87,0,0,Unrestricted,16833
09-11-2026,CM: Celestica MX,10-0056813MS,10-005681,FIXED IND 10UH 28A 2.5 MOHM SMD,Electrical Components,OTS,Monterrey Prod,1000,FALSE,Celestica,-2,0,1.88,-3.76,0,0,Unrestricted,-2
09-11-2026,CM: Sienna GA,10-005699 REV-01,10-005699,"ESS Foot Bracket Bottom Cover Asy, Odd, Lunar Blue",Part,MTS,ATLN,LINE,FALSE,Sienna Corporation,7,0,75.76,530.32,0,1,Unrestricted,7
09-11-2026,CM: Sienna GA,10-005726 REV-01,10-005726,"Packaging, Inverter with Cover and Brackets",Part,MTS,ATLN,WHS2,FALSE,Sienna Corporation,32,0,41.47,1327.04,0,1,Unrestricted,32
09-11-2026,CM: Sienna GA,10-005762 REV-02,10-005762,"Inverter Packaging, Box",Part,MTS,ATLN,PAWH,FALSE,Sienna Corporation,1951,0,0,0,0,2,Unrestricted,1951
09-11-2026,CM: Sienna GA,10-005762 REV-02,10-005762,"Inverter Packaging, Box",Part,MTS,ATLN,LINE,FALSE,Sienna Corporation,2,0,0,0,0,2,Unrestricted,2
09-11-2026,CM: Sienna GA,10-005763 REV-01,10-005763,"Inverter Packaging, V Board",Part,MTS,ATLN,PAWH,FALSE,Sienna Corporation,5076,0,0,0,0,1,Unrestricted,5076
09-11-2026,CM: Sienna GA,10-005763 REV-01,10-005763,"Inverter Packaging, V Board",Part,MTS,ATLN,RC22,FALSE,Sienna Corporation,2692,0,0,0,0,1,Unrestricted,2692
09-11-2026,CM: Sienna GA,10-005763 REV-01,10-005763,"Inverter Packaging, V Board",Part,MTS,ATLN,LINE,FALSE,Sienna Corporation,8,0,0,0,0,1,Unrestricted,8
09-11-2026,CM: Sienna GA,10-005763 REV-01,10-005763,"Inverter Packaging, V Board",Part,MTS,ATLN,RIQC,FALSE,Sienna Corporation,7488,0,0,0,0,1,Unrestricted,7488
09-11-2026,CM: Sienna GA,10-005784 REV-01,10-005784,"Heavyweight Poly Bag, 2 x 4"" 4 Mil Reclosable",Part,OTS,ATLN,LINE,FALSE,Sienna Corporation,2270,0,0.044,99.88,0,1,Unrestricted,2270
09-11-2026,CM: Sienna GA,10-005784 REV-01,10-005784,"Heavyweight Poly Bag, 2 x 4"" 4 Mil Reclosable",Part,OTS,ATLN,RIQC,FALSE,Sienna Corporation,1000,0,0.044,44,0,1,Unrestricted,1000
09-11-2026,CM: Sienna GA,10-005784 REV-01,10-005784,"Heavyweight Poly Bag, 2 x 4"" 4 Mil Reclosable",Part,OTS,ATLN,MAIN,FALSE,Sienna Corporation,1000,0,0.044,44,0,1,Unrestricted,1000
09-11-2026,Lunar Netsuite,10-005785,10-005785,"PCBA 1 with Conformal Coating, Interface, Bridge",Part,MTS,CA - Ravendale,NS,FALSE,Lunar Energy,4,0,0,0,0,0,Unrestricted,4
09-11-2026,CM: Sienna GA,10-005785 REV-03,10-005785,"PCBA 1 with Conformal Coating, Interface, Bridge",Part,MTS,ATLN,LINE,FALSE,Sienna Corporation,181,0,0,0,0,3,Unrestricted,181
09-11-2026,CM: Sienna GA,10-005786 REV-02,10-005786,"PCBA 2 with Conformal Coating, Control, Bridge",Part,MTS,ATLN,LINE,FALSE,Sienna Corporation,93,0,0,0,0,2,Unrestricted,93
09-11-2026,Lunar Netsuite,10-005786,10-005786,"PCBA 2 with Conformal Coating, Control, Bridge",Part,MTS,CA - Ravendale,NS,FALSE,Lunar Energy,5,0,0,0,0,0,Unrestricted,5
09-11-2026,Lunar Netsuite,10-005794,10-005794,"Connector,MC4,Male",Part,OTS,CA - Ravendale,NS,FALSE,Lunar Energy,100,0,2.16,216,0,0,Unrestricted,100
09-11-2026,Lunar Netsuite,10-005795,10-005795,"Connector,MC4,Female",Part,OTS,CA - Ravendale,NS,FALSE,Lunar Energy,100,0,2.49,249,0,0,Unrestricted,100
09-11-2026,Lunar Netsuite,10-005825,10-005825,IC Op Amp Single GP R-R O/P 5.5V Automotive AEC-Q100 5-Pin SOT-23,Electrical Components,OTS,JIT - Reno,NS,FALSE,Lunar Energy,1050,0,0.4628,485.94,0,0,Unrestricted,1050
09-11-2026,CM: Qualitel WA,814L-10-005825,10-005825,IC Op Amp Single GP R-R O/P 5.5V Automotive AEC-Q100 5-Pin SOT-23,Electrical Components,OTS,"Seattle, WA",Stock,FALSE,Qualitel,6757,0,0.279,1885.203,0,0,Unrestricted,6757
09-11-2026,CM: Sienna GA,10-005825 REV-01,10-005825,IC Op Amp Single GP R-R O/P 5.5V Automotive AEC-Q100 5-Pin SOT-23,Electrical Components,OTS,ATLN,PAMS,FALSE,Sienna Corporation,12000,0,0.5367,6440.4,0,1,Unrestricted,12000
09-11-2026,CM: Sienna GA,10-005825 REV-01,10-005825,IC Op Amp Single GP R-R O/P 5.5V Automotive AEC-Q100 5-Pin SOT-23,Electrical Components,OTS,ATLN,LINE,FALSE,Sienna Corporation,1588,0,0.5367,852.2796,0,1,Unrestricted,1588
09-11-2026,CM: Sienna GA,10-005828 REV-01,10-005828,"Top Cover Gasket, Filter Board, Inverter, D",Part,MTS,ATLN,LINE,FALSE,Sienna Corporation,141,0,5.89,830.49,0,1,Unrestricted,141
09-11-2026,CM: Sienna GA,10-005828 REV-01,10-005828,"Top Cover Gasket, Filter Board, Inverter, D",Part,MTS,ATLN,RJ48,FALSE,Sienna Corporation,1149,0,5.89,6767.61,0,1,Unrestricted,1149
09-11-2026,CM: Sienna GA,10-005828 REV-01,10-005828,"Top Cover Gasket, Filter Board, Inverter, D",Part,MTS,ATLN,RQ82,FALSE,Sienna Corporation,2137,0,5.89,12586.93,0,1,Unrestricted,2137
09-11-2026,CM: Sienna GA,10-005831 REV-02,10-005831,"HARNESS,JMPR,NANO-FIT,2 POS",Part,MTS,ATLN,RPB2,FALSE,Sienna Corporation,439,0,1.44,632.16,0,2,Unrestricted,439
09-11-2026,CM: Sienna GA,10-005831 REV-02,10-005831,"HARNESS,JMPR,NANO-FIT,2 POS",Part,MTS,ATLN,RIQC,FALSE,Sienna Corporation,3832,0,1.44,5518.08,0,2,Unrestricted,3832
09-11-2026,CM: Sienna GA,10-005831 REV-02,10-005831,"HARNESS,JMPR,NANO-FIT,2 POS",Part,MTS,ATLN,LINE,FALSE,Sienna Corporation,3,0,1.44,4.32,0,2,Unrestricted,3
09-11-2026,CM: Sienna GA,10-005831 REV-02,10-005831,"HARNESS,JMPR,NANO-FIT,2 POS",Part,MTS,ATLN,PAWH,FALSE,Sienna Corporation,4200,0,1.44,6048,0,2,Unrestricted,4200
09-11-2026,CM: Qualitel WA,814L-10-005834,10-005834,Rectifier Diode Small Signal Switching 85V 0.215A 3000ns 2-Pin SOD-323 T/R,Electrical Components,OTS,"Seattle, WA",Stock,FALSE,Qualitel,10014,0,0.0158,158.2212,0,0,Unrestricted,10014
09-11-2026,CM: Sienna GA,10-005834 REV-01,10-005834,Rectifier Diode Small Signal Switching 85V 0.215A 3000ns 2-Pin SOD-323 T/R,Electrical Components,OTS,ATLN,LINE,FALSE,Sienna Corporation,15420,0,0.015,231.3,0,1,Unrestricted,15420
09-11-2026,CM: Sienna GA,10-005834 REV-01,10-005834,Rectifier Diode Small Signal Switching 85V 0.215A 3000ns 2-Pin SOD-323 T/R,Electrical Components,OTS,ATLN,MAIN,FALSE,Sienna Corporation,6000,0,0.015,90,0,1,Unrestricted,6000
09-11-2026,CM: Sienna GA,10-005843 REV-01,10-005843,"Wire Harness,Inverter,Antenna Pass-Thru-Module",Part,MTS,ATLN,RIQC,FALSE,Sienna Corporation,63,0,3.21,202.23,0,1,Unrestricted,63
09-11-2026,CM: Sienna GA,10-005843 REV-01,10-005843,"Wire Harness,Inverter,Antenna Pass-Thru-Module",Part,MTS,ATLN,WHS2,FALSE,Sienna Corporation,3,0,3.21,9.63,0,1,Unrestricted,3
09-11-2026,CM: Sienna GA,10-005843 REV-01,10-005843,"Wire Harness,Inverter,Antenna Pass-Thru-Module",Part,MTS,ATLN,RI53,FALSE,Sienna Corporation,200,0,3.21,642,0,1,Unrestricted,200
09-11-2026,CM: Sienna GA,10-005843 REV-01,10-005843,"Wire Harness,Inverter,Antenna Pass-Thru-Module",Part,MTS,ATLN,PAWH,FALSE,Sienna Corporation,1775,0,3.21,5697.75,0,1,Unrestricted,1775
09-11-2026,CM: Sienna GA,10-005846 REV-01,10-005846,"Wire Harness, AFCI, Power Module",Part,MTS,ATLN,LINE,FALSE,Sienna Corporation,192,0,1.53,293.76,0,1,Unrestricted,192
09-11-2026,CM: Sienna GA,10-005846 REV-01,10-005846,"Wire Harness, AFCI, Power Module",Part,MTS,ATLN,RTA2,FALSE,Sienna Corporation,1536,0,1.53,2350.08,0,1,Unrestricted,1536
09-11-2026,CM: Sienna GA,10-005846 REV-01,10-005846,"Wire Harness, AFCI, Power Module",Part,MTS,ATLN,RIQC,FALSE,Sienna Corporation,1241,0,1.53,1898.73,0,1,Unrestricted,1241
09-11-2026,CM: Sienna GA,10-005846 REV-01,10-005846,"Wire Harness, AFCI, Power Module",Part,MTS,ATLN,WHS2,FALSE,Sienna Corporation,31,0,1.53,47.43,0,1,Unrestricted,31
09-11-2026,CM: Sienna GA,10-005851 REV-02,10-005851,"Packaging, Bridge, RSC Shipping Box",Part,OTS,ATLN,RIQC,FALSE,Sienna Corporation,112,0,6.98,781.76,0,2,Unrestricted,112
09-11-2026,CM: Sienna GA,10-005851 REV-02,10-005851,"Packaging, Bridge, RSC Shipping Box",Part,OTS,ATLN,PAWH,FALSE,Sienna Corporation,1079,0,6.98,7531.42,0,2,Unrestricted,1079
09-11-2026,CM: Sienna GA,10-005852 REV-01,10-005852,"Packaging, Bridge, Front Cap Pad",Part,OTS,ATLN,PAWH,FALSE,Sienna Corporation,1000,0,0.76,760,0,1,Unrestricted,1000
09-11-2026,CM: Sienna GA,10-005852 REV-01,10-005852,"Packaging, Bridge, Front Cap Pad",Part,OTS,ATLN,LINE,FALSE,Sienna Corporation,291,0,0.76,221.16,0,1,Unrestricted,291
09-11-2026,CM: Sienna GA,10-005853 REV-01,10-005853,"Packaging, Bridge, Front Cap Frame",Part,OTS,ATLN,RF38,FALSE,Sienna Corporation,1760,0,0.63,1108.8,0,1,Unrestricted,1760
09-11-2026,CM: Sienna GA,10-005853 REV-01,10-005853,"Packaging, Bridge, Front Cap Frame",Part,OTS,ATLN,PAWH,FALSE,Sienna Corporation,6049,0,0.63,3810.87,0,1,Unrestricted,6049
09-11-2026,CM: Sienna GA,10-005853 REV-01,10-005853,"Packaging, Bridge, Front Cap Frame",Part,OTS,ATLN,WHS2,FALSE,Sienna Corporation,404,0,0.63,254.52,0,1,Unrestricted,404
09-11-2026,CM: Sienna GA,10-005853 REV-01,10-005853,"Packaging, Bridge, Front Cap Frame",Part,OTS,ATLN,RF37,FALSE,Sienna Corporation,75,0,0.63,47.25,0,1,Unrestricted,75
09-11-2026,CM: Sienna GA,10-005853 REV-01,10-005853,"Packaging, Bridge, Front Cap Frame",Part,OTS,ATLN,RF36,FALSE,Sienna Corporation,835,0,0.63,526.05,0,1,Unrestricted,835
09-11-2026,CM: Sienna GA,10-005854 REV-01,10-005854,"Packaging, Bridge, Front Cap Wrap",Part,OTS,ATLN,RIQC,FALSE,Sienna Corporation,148,0,3.16,467.68,0,1,Unrestricted,148
09-11-2026,CM: Sienna GA,10-005854 REV-01,10-005854,"Packaging, Bridge, Front Cap Wrap",Part,OTS,ATLN,RD65,FALSE,Sienna Corporation,8,0,3.16,25.28,0,1,Unrestricted,8
09-11-2026,CM: Sienna GA,10-005854 REV-01,10-005854,"Packaging, Bridge, Front Cap Wrap",Part,OTS,ATLN,LINE,FALSE,Sienna Corporation,250,0,3.16,790,0,1,Unrestricted,250
09-11-2026,CM: Sienna GA,10-005854 REV-01,10-005854,"Packaging, Bridge, Front Cap Wrap",Part,OTS,ATLN,RD76,FALSE,Sienna Corporation,166,0,3.16,524.56,0,1,Unrestricted,166
09-11-2026,CM: Sienna GA,10-005854 REV-01,10-005854,"Packaging, Bridge, Front Cap Wrap",Part,OTS,ATLN,RD88,FALSE,Sienna Corporation,49,0,3.16,154.84,0,1,Unrestricted,49
09-11-2026,CM: Sienna GA,10-005854 REV-01,10-005854,"Packaging, Bridge, Front Cap Wrap",Part,OTS,ATLN,RD87,FALSE,Sienna Corporation,200,0,3.16,632,0,1,Unrestricted,200
09-11-2026,CM: Sienna GA,10-005854 REV-01,10-005854,"Packaging, Bridge, Front Cap Wrap",Part,OTS,ATLN,RD77,FALSE,Sienna Corporation,424,0,3.16,1339.84,0,1,Unrestricted,424
09-11-2026,CM: Sienna GA,10-005855 REV-01,10-005855,"Packaging, Bridge, Back Cap Wrap",Part,OTS,ATLN,RD67,FALSE,Sienna Corporation,9,0,3.16,28.44,0,1,Unrestricted,9
09-11-2026,CM: Sienna GA,10-005855 REV-01,10-005855,"Packaging, Bridge, Back Cap Wrap",Part,OTS,ATLN,RD77,FALSE,Sienna Corporation,107,0,3.16,338.12,0,1,Unrestricted,107
09-11-2026,CM: Sienna GA,10-005855 REV-01,10-005855,"Packaging, Bridge, Back Cap Wrap",Part,OTS,ATLN,LINE,FALSE,Sienna Corporation,632,0,3.16,1997.12,0,1,Unrestricted,632
09-11-2026,CM: Sienna GA,10-005856 REV-01,10-005856,"Packaging, Bridge, Back Cap Frame",Part,OTS,ATLN,RF54,FALSE,Sienna Corporation,1590,0,0.63,1001.7,0,1,Unrestricted,1590
09-11-2026,CM: Sienna GA,10-005856 REV-01,10-005856,"Packaging, Bridge, Back Cap Frame",Part,OTS,ATLN,LINE,FALSE,Sienna Corporation,1685,0,0.63,1061.55,0,1,Unrestricted,1685
09-11-2026,CM: Sienna GA,10-005856 REV-01,10-005856,"Packaging, Bridge, Back Cap Frame",Part,OTS,ATLN,RE65,FALSE,Sienna Corporation,15,0,0.63,9.45,0,1,Unrestricted,15
09-11-2026,CM: Sienna GA,10-005856 REV-01,10-005856,"Packaging, Bridge, Back Cap Frame",Part,OTS,ATLN,PAWH,FALSE,Sienna Corporation,2460,0,0.63,1549.8,0,1,Unrestricted,2460
09-11-2026,CM: Sienna GA,10-005856 REV-01,10-005856,"Packaging, Bridge, Back Cap Frame",Part,OTS,ATLN,RF66,FALSE,Sienna Corporation,1979,0,0.63,1246.77,0,1,Unrestricted,1979
09-11-2026,CM: Sienna GA,10-005856 REV-01,10-005856,"Packaging, Bridge, Back Cap Frame",Part,OTS,ATLN,RF68,FALSE,Sienna Corporation,26,0,0.63,16.38,0,1,Unrestricted,26
09-11-2026,CM: Sienna GA,10-005856 REV-01,10-005856,"Packaging, Bridge, Back Cap Frame",Part,OTS,ATLN,RE67,FALSE,Sienna Corporation,260,0,0.63,163.8,0,1,Unrestricted,260
09-11-2026,CM: Sienna GA,10-005856 REV-01,10-005856,"Packaging, Bridge, Back Cap Frame",Part,OTS,ATLN,RF58,FALSE,Sienna Corporation,35,0,0.63,22.05,0,1,Unrestricted,35
09-11-2026,CM: Sienna GA,10-005857 REV-01,10-005857,"Packaging, Bridge, Back Cap Pad",Part,OTS,ATLN,RD65,FALSE,Sienna Corporation,29,0,0.76,22.04,0,1,Unrestricted,29
09-11-2026,CM: Sienna GA,10-005857 REV-01,10-005857,"Packaging, Bridge, Back Cap Pad",Part,OTS,ATLN,RG62,FALSE,Sienna Corporation,973,0,0.76,739.48,0,1,Unrestricted,973
09-11-2026,CM: Sienna GA,10-005857 REV-01,10-005857,"Packaging, Bridge, Back Cap Pad",Part,OTS,ATLN,RIQC,FALSE,Sienna Corporation,520,0,0.76,395.2,0,1,Unrestricted,520
09-11-2026,CM: Sienna GA,10-005857 REV-01,10-005857,"Packaging, Bridge, Back Cap Pad",Part,OTS,ATLN,RECV,FALSE,Sienna Corporation,229,0,0.76,174.04,0,1,Unrestricted,229
09-11-2026,CM: Sienna GA,10-005857 REV-01,10-005857,"Packaging, Bridge, Back Cap Pad",Part,OTS,ATLN,RD63,FALSE,Sienna Corporation,405,0,0.76,307.8,0,1,Unrestricted,405
09-11-2026,CM: Sienna GA,10-005857 REV-01,10-005857,"Packaging, Bridge, Back Cap Pad",Part,OTS,ATLN,RD61,FALSE,Sienna Corporation,6,0,0.76,4.56,0,1,Unrestricted,6
09-11-2026,CM: Sienna GA,10-005858 REV-01,10-005858,"Packaging, Bridge, Top Cover Frame",Part,OTS,ATLN,LINE,FALSE,Sienna Corporation,55,0,3.92,215.6,0,1,Unrestricted,55
09-11-2026,CM: Sienna GA,10-005858 REV-01,10-005858,"Packaging, Bridge, Top Cover Frame",Part,OTS,ATLN,PAWH,FALSE,Sienna Corporation,300,0,3.92,1176,0,1,Unrestricted,300
09-11-2026,CM: Sienna GA,10-005858 REV-01,10-005858,"Packaging, Bridge, Top Cover Frame",Part,OTS,ATLN,RF57,FALSE,Sienna Corporation,2,0,3.92,7.84,0,1,Unrestricted,2
09-11-2026,CM: Sienna GA,10-005858 REV-01,10-005858,"Packaging, Bridge, Top Cover Frame",Part,OTS,ATLN,RE34,FALSE,Sienna Corporation,250,0,3.92,980,0,1,Unrestricted,250
09-11-2026,CM: Sienna GA,10-005858 REV-01,10-005858,"Packaging, Bridge, Top Cover Frame",Part,OTS,ATLN,RE44,FALSE,Sienna Corporation,281,0,3.92,1101.52,0,1,Unrestricted,281
09-11-2026,CM: Sienna GA,10-005858 REV-01,10-005858,"Packaging, Bridge, Top Cover Frame",Part,OTS,ATLN,RE43,FALSE,Sienna Corporation,250,0,3.92,980,0,1,Unrestricted,250
09-11-2026,CM: Sienna GA,10-005859 REV-01,10-005859,"Packaging, Bridge, Top Cover Support",Part,OTS,ATLN,RIQC,FALSE,Sienna Corporation,158,0,2.37,374.46,0,1,Unrestricted,158
09-11-2026,CM: Sienna GA,10-005859 REV-01,10-005859,"Packaging, Bridge, Top Cover Support",Part,OTS,ATLN,WHS2,FALSE,Sienna Corporation,15,0,2.37,35.55,0,1,Unrestricted,15
09-11-2026,CM: Sienna GA,10-005859 REV-01,10-005859,"Packaging, Bridge, Top Cover Support",Part,OTS,ATLN,LINE,FALSE,Sienna Corporation,260,0,2.37,616.2,0,1,Unrestricted,260
09-11-2026,CM: Sienna GA,10-005859 REV-01,10-005859,"Packaging, Bridge, Top Cover Support",Part,OTS,ATLN,RF42,FALSE,Sienna Corporation,153,0,2.37,362.61,0,1,Unrestricted,153
09-11-2026,CM: Sienna GA,10-005859 REV-01,10-005859,"Packaging, Bridge, Top Cover Support",Part,OTS,ATLN,RF37,FALSE,Sienna Corporation,56,0,2.37,132.72,0,1,Unrestricted,56
09-11-2026,CM: Sienna GA,10-005859 REV-01,10-005859,"Packaging, Bridge, Top Cover Support",Part,OTS,ATLN,RF44,FALSE,Sienna Corporation,220,0,2.37,521.4,0,1,Unrestricted,220
09-11-2026,CM: Sienna GA,10-005860 REV-01,10-005860,"Packaging, Bridge, Top Cover Support Pad",Part,OTS,ATLN,LINE,FALSE,Sienna Corporation,360,0,1.66,597.6,0,1,Unrestricted,360
09-11-2026,CM: Sienna GA,10-005860 REV-01,10-005860,"Packaging, Bridge, Top Cover Support Pad",Part,OTS,ATLN,RIQC,FALSE,Sienna Corporation,277,0,1.66,459.82,0,1,Unrestricted,277
09-11-2026,CM: Sienna GA,10-005860 REV-01,10-005860,"Packaging, Bridge, Top Cover Support Pad",Part,OTS,ATLN,RF67,FALSE,Sienna Corporation,298,0,1.66,494.68,0,1,Unrestricted,298
09-11-2026,CM: Sienna GA,10-005861 REV-01,10-005861,"Packaging, Bridge, Top Pad",Part,OTS,ATLN,PAWH,FALSE,Sienna Corporation,148,0,1.05,155.4,0,1,Unrestricted,148
09-11-2026,CM: Sienna GA,10-005861 REV-01,10-005861,"Packaging, Bridge, Top Pad",Part,OTS,ATLN,RF33,FALSE,Sienna Corporation,613,0,1.05,643.65,0,1,Unrestricted,613
09-11-2026,CM: Sienna GA,10-005861 REV-01,10-005861,"Packaging, Bridge, Top Pad",Part,OTS,ATLN,RF31,FALSE,Sienna Corporation,460,0,1.05,483,0,1,Unrestricted,460
09-11-2026,CM: Sienna GA,10-005864 REV-1,10-005864,"Packaging, Maximizer, Center Support Bar",Part,OTS,ATLN,PAWH,FALSE,Sienna Corporation,2430.5,0,0,0,0,1,Unrestricted,2430.5
09-11-2026,CM: Sienna GA,10-005864 REV-1,10-005864,"Packaging, Maximizer, Center Support Bar",Part,OTS,ATLN,RD68,FALSE,Sienna Corporation,104.5999985,0,0,0,0,1,Unrestricted,104.5999985
09-11-2026,CM: Sienna GA,10-005864 REV-1,10-005864,"Packaging, Maximizer, Center Support Bar",Part,OTS,ATLN,RIQC,FALSE,Sienna Corporation,510.2999878,0,0,0,0,1,Unrestricted,510.2999878
09-11-2026,CM: Sienna GA,10-005864 REV-1,10-005864,"Packaging, Maximizer, Center Support Bar",Part,OTS,ATLN,RD66,FALSE,Sienna Corporation,265,0,0,0,0,1,Unrestricted,265
09-11-2026,CM: Sienna GA,10-005865 REV-1,10-005865,"Packaging, Maximizer, Partition Width",Part,OTS,ATLN,PAWH,FALSE,Sienna Corporation,36341.14844,0,0,0,0,1,Unrestricted,36341.14844
09-11-2026,CM: Sienna GA,10-005865 REV-1,10-005865,"Packaging, Maximizer, Partition Width",Part,OTS,ATLN,RIQC,FALSE,Sienna Corporation,1493.25,0,0,0,0,1,Unrestricted,1493.25
09-11-2026,CM: Sienna GA,10-005866 REV-1,10-005866,"Packaging, Maximizer, Partition Length Center",Part,OTS,ATLN,PAWH,FALSE,Sienna Corporation,2741.350098,0,0,0,0,1,Unrestricted,2741.350098
09-11-2026,CM: Sienna GA,10-005866 REV-1,10-005866,"Packaging, Maximizer, Partition Length Center",Part,OTS,ATLN,RC51,FALSE,Sienna Corporation,769.9000244,0,0,0,0,1,Unrestricted,769.9000244
09-11-2026,CM: Sienna GA,10-005866 REV-1,10-005866,"Packaging, Maximizer, Partition Length Center",Part,OTS,ATLN,RC55,FALSE,Sienna Corporation,0.150000006,0,0,0,0,1,Unrestricted,0.150000006
09-11-2026,CM: Sienna GA,10-005867 REV-1,10-005867,"Packaging, Maximizer, Partition Length",Part,OTS,ATLN,RC48,FALSE,Sienna Corporation,1200,0,0,0,0,1,Unrestricted,1200
09-11-2026,CM: Sienna GA,10-005867 REV-1,10-005867,"Packaging, Maximizer, Partition Length",Part,OTS,ATLN,RC54,FALSE,Sienna Corporation,240.6000061,0,0,0,0,1,Unrestricted,240.6000061
09-11-2026,CM: Sienna GA,10-005867 REV-1,10-005867,"Packaging, Maximizer, Partition Length",Part,OTS,ATLN,RC44,FALSE,Sienna Corporation,1162.900024,0,0,0,0,1,Unrestricted,1162.900024
09-11-2026,CM: Sienna GA,10-005867 REV-1,10-005867,"Packaging, Maximizer, Partition Length",Part,OTS,ATLN,PAWH,FALSE,Sienna Corporation,4273.299805,0,0,0,0,1,Unrestricted,4273.299805
09-11-2026,CM: Sienna GA,10-005868 REV-1,10-005868,"Packaging, Maximizer, Bottom Pad",Part,OTS,ATLN,RC24,FALSE,Sienna Corporation,600,0,0,0,0,1,Unrestricted,600
09-11-2026,CM: Sienna GA,10-005868 REV-1,10-005868,"Packaging, Maximizer, Bottom Pad",Part,OTS,ATLN,RC33,FALSE,Sienna Corporation,600,0,0,0,0,1,Unrestricted,600
09-11-2026,CM: Sienna GA,10-005868 REV-1,10-005868,"Packaging, Maximizer, Bottom Pad",Part,OTS,ATLN,PAWH,FALSE,Sienna Corporation,2141.25,0,0,0,0,1,Unrestricted,2141.25
09-11-2026,CM: Sienna GA,10-005868 REV-1,10-005868,"Packaging, Maximizer, Bottom Pad",Part,OTS,ATLN,RC34,FALSE,Sienna Corporation,4.650000095,0,0,0,0,1,Unrestricted,4.650000095
09-11-2026,CM: Sienna GA,10-005868 REV-1,10-005868,"Packaging, Maximizer, Bottom Pad",Part,OTS,ATLN,RC23,FALSE,Sienna Corporation,355.5499878,0,0,0,0,1,Unrestricted,355.5499878
09-11-2026,CM: Sienna GA,10-005868 REV-1,10-005868,"Packaging, Maximizer, Bottom Pad",Part,OTS,ATLN,RC36,FALSE,Sienna Corporation,13.94999981,0,0,0,0,1,Unrestricted,13.94999981
09-11-2026,CM: Sienna GA,10-005869 REV-2,10-005869,"Packaging, Maximizer, RSC Shipping Box",Part,OTS,ATLN,RB56,FALSE,Sienna Corporation,75,0,0,0,0,2,Unrestricted,75
09-11-2026,CM: Sienna GA,10-005869 REV-2,10-005869,"Packaging, Maximizer, RSC Shipping Box",Part,OTS,ATLN,RB57,FALSE,Sienna Corporation,75,0,0,0,0,2,Unrestricted,75
09-11-2026,CM: Sienna GA,10-005869 REV-2,10-005869,"Packaging, Maximizer, RSC Shipping Box",Part,OTS,ATLN,RB54,FALSE,Sienna Corporation,75,0,0,0,0,2,Unrestricted,75
09-11-2026,CM: Sienna GA,10-005869 REV-2,10-005869,"Packaging, Maximizer, RSC Shipping Box",Part,OTS,ATLN,RC17,FALSE,Sienna Corporation,11.30000019,0,0,0,0,2,Unrestricted,11.30000019
09-11-2026,CM: Sienna GA,10-005869 REV-2,10-005869,"Packaging, Maximizer, RSC Shipping Box",Part,OTS,ATLN,RB58,FALSE,Sienna Corporation,75,0,0,0,0,2,Unrestricted,75
09-11-2026,CM: Sienna GA,10-005869 REV-2,10-005869,"Packaging, Maximizer, RSC Shipping Box",Part,OTS,ATLN,RB45,FALSE,Sienna Corporation,75,0,0,0,0,2,Unrestricted,75
09-11-2026,CM: Sienna GA,10-005869 REV-2,10-005869,"Packaging, Maximizer, RSC Shipping Box",Part,OTS,ATLN,RE68,FALSE,Sienna Corporation,75,0,0,0,0,2,Unrestricted,75
09-11-2026,CM: Sienna GA,10-005869 REV-2,10-005869,"Packaging, Maximizer, RSC Shipping Box",Part,OTS,ATLN,RC43,FALSE,Sienna Corporation,75,0,0,0,0,2,Unrestricted,75
09-11-2026,CM: Sienna GA,10-005869 REV-2,10-005869,"Packaging, Maximizer, RSC Shipping Box",Part,OTS,ATLN,RE66,FALSE,Sienna Corporation,76,0,0,0,0,2,Unrestricted,76
09-11-2026,CM: Sienna GA,10-005869 REV-2,10-005869,"Packaging, Maximizer, RSC Shipping Box",Part,OTS,ATLN,RE67,FALSE,Sienna Corporation,76,0,0,0,0,2,Unrestricted,76
09-11-2026,CM: Sienna GA,10-005869 REV-2,10-005869,"Packaging, Maximizer, RSC Shipping Box",Part,OTS,ATLN,RIQC,FALSE,Sienna Corporation,27.54999924,0,0,0,0,2,Unrestricted,27.54999924
09-11-2026,CM: Sienna GA,10-005869 REV-2,10-005869,"Packaging, Maximizer, RSC Shipping Box",Part,OTS,ATLN,RC18,FALSE,Sienna Corporation,0.200000003,0,0,0,0,2,Unrestricted,0.200000003
09-11-2026,CM: Sienna GA,10-005869 REV-2,10-005869,"Packaging, Maximizer, RSC Shipping Box",Part,OTS,ATLN,PAWH,FALSE,Sienna Corporation,1558.75,0,0,0,0,2,Unrestricted,1558.75
09-11-2026,CM: Sienna GA,10-005869 REV-2,10-005869,"Packaging, Maximizer, RSC Shipping Box",Part,OTS,ATLN,RF58,FALSE,Sienna Corporation,2.25,0,0,0,0,2,Unrestricted,2.25
09-11-2026,CM: Sienna GA,10-005869 REV-2,10-005869,"Packaging, Maximizer, RSC Shipping Box",Part,OTS,ATLN,RB66,FALSE,Sienna Corporation,75,0,0,0,0,2,Unrestricted,75
09-11-2026,CM: Sienna GA,10-005869 REV-2,10-005869,"Packaging, Maximizer, RSC Shipping Box",Part,OTS,ATLN,RB55,FALSE,Sienna Corporation,75,0,0,0,0,2,Unrestricted,75
09-11-2026,CM: Sienna GA,10-005869 REV-2,10-005869,"Packaging, Maximizer, RSC Shipping Box",Part,OTS,ATLN,RB47,FALSE,Sienna Corporation,75,0,0,0,0,2,Unrestricted,75
09-11-2026,CM: Sienna GA,10-005887 REV-01,10-005887,"Wall Bracket Assembly, Inverter",Part,MTS,ATLN,RS31,FALSE,Sienna Corporation,15,0,38.97,584.55,0,1,Unrestricted,15
09-11-2026,CM: Sienna GA,10-005887 REV-01,10-005887,"Wall Bracket Assembly, Inverter",Part,MTS,ATLN,RR87,FALSE,Sienna Corporation,80,0,38.97,3117.6,0,1,Unrestricted,80
09-11-2026,CM: Sienna GA,10-005887 REV-01,10-005887,"Wall Bracket Assembly, Inverter",Part,MTS,ATLN,RR78,FALSE,Sienna Corporation,80,0,38.97,3117.6,0,1,Unrestricted,80
09-11-2026,CM: Sienna GA,10-005887 REV-01,10-005887,"Wall Bracket Assembly, Inverter",Part,MTS,ATLN,RK37,FALSE,Sienna Corporation,50,0,38.97,1948.5,0,1,Unrestricted,50
09-11-2026,CM: Sienna GA,10-005887 REV-01,10-005887,"Wall Bracket Assembly, Inverter",Part,MTS,ATLN,RK38,FALSE,Sienna Corporation,80,0,38.97,3117.6,0,1,Unrestricted,80
09-11-2026,CM: Sienna GA,10-005887 REV-01,10-005887,"Wall Bracket Assembly, Inverter",Part,MTS,ATLN,RS22,FALSE,Sienna Corporation,80,0,38.97,3117.6,0,1,Unrestricted,80
09-11-2026,CM: Sienna GA,10-005887 REV-01,10-005887,"Wall Bracket Assembly, Inverter",Part,MTS,ATLN,RS97,FALSE,Sienna Corporation,50,0,38.97,1948.5,0,1,Unrestricted,50
09-11-2026,CM: Sienna GA,10-005887 REV-01,10-005887,"Wall Bracket Assembly, Inverter",Part,MTS,ATLN,RK48,FALSE,Sienna Corporation,80,0,38.97,3117.6,0,1,Unrestricted,80
09-11-2026,CM: Sienna GA,10-005887 REV-01,10-005887,"Wall Bracket Assembly, Inverter",Part,MTS,ATLN,RN27,FALSE,Sienna Corporation,80,0,38.97,3117.6,0,1,Unrestricted,80
09-11-2026,CM: Sienna GA,10-005887 REV-01,10-005887,"Wall Bracket Assembly, Inverter",Part,MTS,ATLN,RR58,FALSE,Sienna Corporation,80,0,38.97,3117.6,0,1,Unrestricted,80
09-11-2026,CM: Sienna GA,10-005887 REV-01,10-005887,"Wall Bracket Assembly, Inverter",Part,MTS,ATLN,RQ37,FALSE,Sienna Corporation,80,0,38.97,3117.6,0,1,Unrestricted,80
09-11-2026,CM: Sienna GA,10-005887 REV-01,10-005887,"Wall Bracket Assembly, Inverter",Part,MTS,ATLN,RK57,FALSE,Sienna Corporation,80,0,38.97,3117.6,0,1,Unrestricted,80
09-11-2026,CM: Sienna GA,10-005887 REV-01,10-005887,"Wall Bracket Assembly, Inverter",Part,MTS,ATLN,RQ38,FALSE,Sienna Corporation,80,0,38.97,3117.6,0,1,Unrestricted,80
09-11-2026,CM: Sienna GA,10-005887 REV-01,10-005887,"Wall Bracket Assembly, Inverter",Part,MTS,ATLN,RS81,FALSE,Sienna Corporation,17,0,38.97,662.49,0,1,Unrestricted,17
09-11-2026,CM: Sienna GA,10-005887 REV-01,10-005887,"Wall Bracket Assembly, Inverter",Part,MTS,ATLN,RJ84,FALSE,Sienna Corporation,80,0,38.97,3117.6,0,1,Unrestricted,80
09-11-2026,CM: Sienna GA,10-005887 REV-01,10-005887,"Wall Bracket Assembly, Inverter",Part,MTS,ATLN,RQ28,FALSE,Sienna Corporation,80,0,38.97,3117.6,0,1,Unrestricted,80
09-11-2026,CM: Sienna GA,10-005887 REV-01,10-005887,"Wall Bracket Assembly, Inverter",Part,MTS,ATLN,RK27,FALSE,Sienna Corporation,80,0,38.97,3117.6,0,1,Unrestricted,80
09-11-2026,CM: Sienna GA,10-005887 REV-01,10-005887,"Wall Bracket Assembly, Inverter",Part,MTS,ATLN,RS11,FALSE,Sienna Corporation,80,0,38.97,3117.6,0,1,Unrestricted,80
09-11-2026,CM: Sienna GA,10-005887 REV-01,10-005887,"Wall Bracket Assembly, Inverter",Part,MTS,ATLN,RR77,FALSE,Sienna Corporation,80,0,38.97,3117.6,0,1,Unrestricted,80
09-11-2026,CM: Sienna GA,10-005887 REV-01,10-005887,"Wall Bracket Assembly, Inverter",Part,MTS,ATLN,RK58,FALSE,Sienna Corporation,80,0,38.97,3117.6,0,1,Unrestricted,80
09-11-2026,CM: Sienna GA,10-005887 REV-01,10-005887,"Wall Bracket Assembly, Inverter",Part,MTS,ATLN,RT88,FALSE,Sienna Corporation,80,0,38.97,3117.6,0,1,Unrestricted,80
09-11-2026,CM: Sienna GA,10-005887 REV-01,10-005887,"Wall Bracket Assembly, Inverter",Part,MTS,ATLN,RR98,FALSE,Sienna Corporation,80,0,38.97,3117.6,0,1,Unrestricted,80
09-11-2026,CM: Sienna GA,10-005887 REV-01,10-005887,"Wall Bracket Assembly, Inverter",Part,MTS,ATLN,RK60,FALSE,Sienna Corporation,80,0,38.97,3117.6,0,1,Unrestricted,80
09-11-2026,CM: Sienna GA,10-005887 REV-01,10-005887,"Wall Bracket Assembly, Inverter",Part,MTS,ATLN,RS47,FALSE,Sienna Corporation,80,0,38.97,3117.6,0,1,Unrestricted,80
09-11-2026,CM: Sienna GA,10-005887 REV-01,10-005887,"Wall Bracket Assembly, Inverter",Part,MTS,ATLN,RN28,FALSE,Sienna Corporation,80,0,38.97,3117.6,0,1,Unrestricted,80
09-11-2026,CM: Sienna GA,10-005887 REV-01,10-005887,"Wall Bracket Assembly, Inverter",Part,MTS,ATLN,RT62,FALSE,Sienna Corporation,80,0,38.97,3117.6,0,1,Unrestricted,80
09-11-2026,CM: Sienna GA,10-005887 REV-01,10-005887,"Wall Bracket Assembly, Inverter",Part,MTS,ATLN,RQ47,FALSE,Sienna Corporation,80,0,38.97,3117.6,0,1,Unrestricted,80
09-11-2026,CM: Sienna GA,10-005887 REV-01,10-005887,"Wall Bracket Assembly, Inverter",Part,MTS,ATLN,RP78,FALSE,Sienna Corporation,80,0,38.97,3117.6,0,1,Unrestricted,80
09-11-2026,CM: Sienna GA,10-005887 REV-01,10-005887,"Wall Bracket Assembly, Inverter",Part,MTS,ATLN,RS38,FALSE,Sienna Corporation,80,0,38.97,3117.6,0,1,Unrestricted,80
09-11-2026,CM: Sienna GA,10-005887 REV-01,10-005887,"Wall Bracket Assembly, Inverter",Part,MTS,ATLN,RJ82,FALSE,Sienna Corporation,2,0,38.97,77.94,0,1,Unrestricted,2
09-11-2026,CM: Sienna GA,10-005887 REV-01,10-005887,"Wall Bracket Assembly, Inverter",Part,MTS,ATLN,RP48,FALSE,Sienna Corporation,80,0,38.97,3117.6,0,1,Unrestricted,80
09-11-2026,CM: Sienna GA,10-005887 REV-01,10-005887,"Wall Bracket Assembly, Inverter",Part,MTS,ATLN,RL59,FALSE,Sienna Corporation,55,0,38.97,2143.35,0,1,Unrestricted,55
09-11-2026,CM: Sienna GA,10-005887 REV-01,10-005887,"Wall Bracket Assembly, Inverter",Part,MTS,ATLN,LINE,FALSE,Sienna Corporation,2,0,38.97,77.94,0,1,Unrestricted,2
09-11-2026,CM: Sienna GA,10-005887 REV-01,10-005887,"Wall Bracket Assembly, Inverter",Part,MTS,ATLN,RP37,FALSE,Sienna Corporation,80,0,38.97,3117.6,0,1,Unrestricted,80
09-11-2026,CM: Sienna GA,10-005887 REV-01,10-005887,"Wall Bracket Assembly, Inverter",Part,MTS,ATLN,RR67,FALSE,Sienna Corporation,80,0,38.97,3117.6,0,1,Unrestricted,80
09-11-2026,CM: Sienna GA,10-005887 REV-01,10-005887,"Wall Bracket Assembly, Inverter",Part,MTS,ATLN,RR32,FALSE,Sienna Corporation,80,0,38.97,3117.6,0,1,Unrestricted,80
09-11-2026,CM: Sienna GA,10-005887 REV-01,10-005887,"Wall Bracket Assembly, Inverter",Part,MTS,ATLN,RL60,FALSE,Sienna Corporation,80,0,38.97,3117.6,0,1,Unrestricted,80
09-11-2026,CM: Sienna GA,10-005887 REV-01,10-005887,"Wall Bracket Assembly, Inverter",Part,MTS,ATLN,RR68,FALSE,Sienna Corporation,80,0,38.97,3117.6,0,1,Unrestricted,80
09-11-2026,CM: Sienna GA,10-005887 REV-01,10-005887,"Wall Bracket Assembly, Inverter",Part,MTS,ATLN,RS72,FALSE,Sienna Corporation,80,0,38.97,3117.6,0,1,Unrestricted,80
09-11-2026,CM: Sienna GA,10-005887 REV-01,10-005887,"Wall Bracket Assembly, Inverter",Part,MTS,ATLN,RP88,FALSE,Sienna Corporation,1,0,38.97,38.97,0,1,Unrestricted,1
09-11-2026,CM: Sienna GA,10-005887 REV-01,10-005887,"Wall Bracket Assembly, Inverter",Part,MTS,ATLN,RK47,FALSE,Sienna Corporation,80,0,38.97,3117.6,0,1,Unrestricted,80
09-11-2026,CM: Sienna GA,10-005887 REV-01,10-005887,"Wall Bracket Assembly, Inverter",Part,MTS,ATLN,RJ81,FALSE,Sienna Corporation,1,0,38.97,38.97,0,1,Unrestricted,1
09-11-2026,Lunar Netsuite,10-005887,10-005887,"Wall Bracket Assembly, Inverter",Part,MTS,JIT - Reno,NS,FALSE,Lunar Energy,52,0,39.0973,2033.0596,0,0,Unrestricted,52
09-11-2026,CM: Sienna GA,10-005887 REV-01,10-005887,"Wall Bracket Assembly, Inverter",Part,MTS,ATLN,RQ57,FALSE,Sienna Corporation,80,0,38.97,3117.6,0,1,Unrestricted,80
09-11-2026,CM: Sienna GA,10-005887 REV-01,10-005887,"Wall Bracket Assembly, Inverter",Part,MTS,ATLN,MRB,FALSE,Sienna Corporation,0,10,38.97,0,389.7,1,Restricted,0
09-11-2026,CM: Sienna GA,10-005887 REV-01,10-005887,"Wall Bracket Assembly, Inverter",Part,MTS,ATLN,RJ83,FALSE,Sienna Corporation,34,0,38.97,1324.98,0,1,Unrestricted,34
09-11-2026,CM: Sienna GA,10-005887 REV-01,10-005887,"Wall Bracket Assembly, Inverter",Part,MTS,ATLN,RP83,FALSE,Sienna Corporation,60,0,38.97,2338.2,0,1,Unrestricted,60
09-11-2026,CM: Sienna GA,10-005887 REV-01,10-005887,"Wall Bracket Assembly, Inverter",Part,MTS,ATLN,RIQC,FALSE,Sienna Corporation,263,0,38.97,10249.11,0,1,Unrestricted,263
09-11-2026,CM: Sienna GA,10-005887 REV-01,10-005887,"Wall Bracket Assembly, Inverter",Part,MTS,ATLN,RK28,FALSE,Sienna Corporation,80,0,38.97,3117.6,0,1,Unrestricted,80
09-11-2026,Lunar Netsuite,10-005888,10-005888,"Wall Bracket Assembly, Battery Block",Part,MTS,JIT - Reno,NS,FALSE,Lunar Energy,5,0,45,225,0,0,Unrestricted,5
09-11-2026,CM: Celestica MX,10-0058913MS,10-005891,"Cover with Seal, Busbar, Type B",Part,MTS,Monterrey Prod,1000,FALSE,Celestica,-2,0,12.48,-24.96,0,0,Unrestricted,-2
09-11-2026,CM: Sienna GA,10-005899 REV-01,10-005899,Module Industrial ESim MFF2 MultiSIM-M2M 4.2.1 5x6mm,Electrical Components,OTS,ATLN,MAIN,FALSE,Sienna Corporation,2500,0,0,0,0,1,Unrestricted,2500
09-11-2026,CM: Sienna GA,10-005899 REV-01,10-005899,Module Industrial ESim MFF2 MultiSIM-M2M 4.2.1 5x6mm,Electrical Components,OTS,ATLN,LINE,FALSE,Sienna Corporation,24,0,0,0,0,1,Unrestricted,24
09-11-2026,CM: Sienna GA,10-005905 REV-03,10-005905,"Kit, Installation, Inverter",Part,MTS,ATLN,LINE,FALSE,Sienna Corporation,2,0,0.95,1.9,0,3,Unrestricted,2
09-11-2026,CM: Sienna GA,10-005905 REV-03,10-005905,"Kit, Installation, Inverter",Part,MTS,ATLN,RQA1,FALSE,Sienna Corporation,1118,0,0.95,1062.1,0,3,Unrestricted,1118
09-11-2026,Lunar Netsuite,10-005905,10-005905,"Kit, Installation, Inverter",Part,MTS,JIT - Reno,NS,FALSE,Lunar Energy,30,0,1,30,0,0,Unrestricted,30
09-11-2026,CM: Sienna GA,10-005905 REV-03,10-005905,"Kit, Installation, Inverter",Part,MTS,ATLN,RIQC,FALSE,Sienna Corporation,1798,0,0.95,1708.1,0,3,Unrestricted,1798
09-11-2026,CM: Sienna GA,10-005940 REV-01,10-005940,RES SMD 5M OHM 5% 1W 2512,Electrical Components,OTS,ATLN,LINE,FALSE,Sienna Corporation,844,0,1.56,1316.64,0,1,Unrestricted,844
09-11-2026,CM: Sienna GA,10-005944 REV-01,10-005944,RES 75K OHM 1% 1/16W 0402,Electrical Components,OTS,ATLN,LINE,FALSE,Sienna Corporation,15089,0,0.005,75.445,0,1,Unrestricted,15089
09-11-2026,CM: Qualitel WA,814L-10-005944,10-005944,RES 75K OHM 1% 1/16W 0402,Electrical Components,OTS,"Seattle, WA",Stock,FALSE,Qualitel,28746,0,0.0005,14.373,0,0,Unrestricted,28746
09-11-2026,CM: Sienna GA,10-005953 REV-01,10-005953,"Adhesive, Epoxy, 2-Part, Electrical Insulator, 13 kV/mm",Part,OTS,ATLN,LINE,FALSE,Sienna Corporation,497,0,0.3646,181.2062,0,1,Unrestricted,497
09-11-2026,CM: Sienna GA,10-005953 REV-01,10-005953,"Adhesive, Epoxy, 2-Part, Electrical Insulator, 13 kV/mm",Part,OTS,ATLN,RIQC,FALSE,Sienna Corporation,500,0,0.3646,182.3,0,1,Unrestricted,500
09-11-2026,CM: Sienna GA,10-005976 REV-01,10-005976,RES 3M OHM 1% 1W 2512,Electrical Components,OTS,ATLN,LINE,FALSE,Sienna Corporation,6449,0,0.331,2134.619,0,1,Unrestricted,6449
09-11-2026,CM: Sienna GA,10-005976 REV-01,10-005976,RES 3M OHM 1% 1W 2512,Electrical Components,OTS,ATLN,MAIN,FALSE,Sienna Corporation,4000,0,0.331,1324,0,1,Unrestricted,4000
09-11-2026,CM: Qualitel WA,814L-10-005976,10-005976,RES 3M OHM 1% 1W 2512,Electrical Components,OTS,"Seattle, WA",Stock,FALSE,Qualitel,13871,0,0.221,3065.491,0,0,Unrestricted,13871
09-11-2026,CM: Sienna GA,10-006061 REV-01,10-006061,IC VREF SERIES 0.08% SOT23-6,Electrical Components,OTS,ATLN,MAIN,FALSE,Sienna Corporation,32250,0,0.88,28380,0,1,Unrestricted,32250
09-11-2026,CM: Sienna GA,10-006061 REV-01,10-006061,IC VREF SERIES 0.08% SOT23-6,Electrical Components,OTS,ATLN,LINE,FALSE,Sienna Corporation,21948,0,0.88,19314.24,0,1,Unrestricted,21948
09-11-2026,CM: Qualitel WA,814L-10-006061,10-006061,IC VREF SERIES 0.08% SOT23-6,Electrical Components,OTS,"Seattle, WA",Stock,FALSE,Qualitel,3751,0,0.75,2813.25,0,0,Unrestricted,3751
09-11-2026,CM: Sienna GA,10-006069 REV-02,10-006069,"Label, Compliance, ESS, NMC, 20kWh",Part,MTS,ATLN,LINE,FALSE,Sienna Corporation,546,0,0.698,381.108,0,2,Unrestricted,546
09-11-2026,CM: Sienna GA,10-006069 REV-02,10-006069,"Label, Compliance, ESS, NMC, 20kWh",Part,MTS,ATLN,EXIN,FALSE,Sienna Corporation,1000,0,0.698,698,0,2,Unrestricted,1000
09-11-2026,Lunar Netsuite,10-006070,10-006070,"ESS Top Cover LRG Asy, With Label, 20 kWh",Part,MTS,JIT - Reno,NS,FALSE,Lunar Energy,5,0,59.54,297.7,0,0,Unrestricted,5
09-11-2026,CM: Sienna GA,10-006070 REV-02,10-006070,"ESS Top Cover LRG Asy, With Label, 20 kWh",Part,MTS,ATLN,PDRW,FALSE,Sienna Corporation,1,0,0,0,0,2,Unrestricted,1
09-11-2026,CM: Sienna GA,10-006072 REV-01,10-006072,"Screw, SEMS, M3x0.5x6, T10, Square-Cone Washer, SS",Part,OTS,ATLN,RP51,FALSE,Sienna Corporation,59980,0,0.03,1799.4,0,1,Unrestricted,59980
09-11-2026,CM: Sienna GA,10-006072 REV-01,10-006072,"Screw, SEMS, M3x0.5x6, T10, Square-Cone Washer, SS",Part,OTS,ATLN,LINE,FALSE,Sienna Corporation,8239,0,0.03,247.17,0,1,Unrestricted,8239
09-11-2026,CM: Sienna GA,10-006072 REV-01,10-006072,"Screw, SEMS, M3x0.5x6, T10, Square-Cone Washer, SS",Part,OTS,ATLN,RIQC,FALSE,Sienna Corporation,5000,0,0.03,150,0,1,Unrestricted,5000
09-11-2026,CM: Sienna GA,10-006073 REV-01,10-006073,"Screw, SEMS, M3x0.5x8, T10, Square-Cone Washer, SS",Part,OTS,ATLN,RIQC,FALSE,Sienna Corporation,6554,0,0.02,131.08,0,1,Unrestricted,6554
09-11-2026,CM: Qualitel WA,814L-10-006073,10-006073,"Screw, SEMS, M3x0.5x8, T10, Square-Cone Washer, SS",Part,OTS,"Seattle, WA",Stock,FALSE,Qualitel,8327,0,0.03,249.81,0,0,Unrestricted,8327
09-11-2026,CM: Sienna GA,10-006073 REV-01,10-006073,"Screw, SEMS, M3x0.5x8, T10, Square-Cone Washer, SS",Part,OTS,ATLN,LINE,FALSE,Sienna Corporation,9008,0,0.02,180.16,0,1,Unrestricted,9008
09-11-2026,CM: Sienna GA,10-006074 REV-01,10-006074,"Screw, SEMS, M3x0.5x10, T10, Square-Cone Washer, SS",Part,OTS,ATLN,LINE,FALSE,Sienna Corporation,35866,0,0.03,1075.98,0,1,Unrestricted,35866
09-11-2026,CM: Sienna GA,10-006075 REV-01,10-006075,SCREW DELTA PT 50x1.80-14.00 T25 TORX RECESS WASHER PAN HEAD,Part,OTS,ATLN,LINE,FALSE,Sienna Corporation,3995,0,0.044,175.78,0,1,Unrestricted,3995
09-11-2026,CM: Sienna GA,10-006075 REV-01,10-006075,SCREW DELTA PT 50x1.80-14.00 T25 TORX RECESS WASHER PAN HEAD,Part,OTS,ATLN,RIQC,FALSE,Sienna Corporation,5000,0,0.044,220,0,1,Unrestricted,5000
09-11-2026,CM: Sienna GA,10-006075 REV-01,10-006075,SCREW DELTA PT 50x1.80-14.00 T25 TORX RECESS WASHER PAN HEAD,Part,OTS,ATLN,MAIN,FALSE,Sienna Corporation,3000,0,0.044,132,0,1,Unrestricted,3000
09-11-2026,CM: Sienna GA,10-006075 REV-01,10-006075,SCREW DELTA PT 50x1.80-14.00 T25 TORX RECESS WASHER PAN HEAD,Part,OTS,ATLN,WHS2,FALSE,Sienna Corporation,15,0,0.044,0.66,0,1,Unrestricted,15
09-11-2026,Lunar Netsuite,10-006076,10-006076,"PCBA, Terminal Board, Type B, Coated",Part,MTS,CA - Ravendale,NS,FALSE,Lunar Energy,2,0,0,0,0,0,Unrestricted,2
09-11-2026,CM: Qualitel WA,814L-10-006083,10-006083,"Label Base, UL 969, Thermal Transfer, Polyester, AD S8001",Part,OTS,"Seattle, WA",Stock,FALSE,Qualitel,2050,0,0.937,1920.85,0,0,Unrestricted,2050
09-11-2026,CM: Sienna GA,10-006085/86/87/88 REV-01,10-006085,"Inverter Packaging, Foam, Top, Right, V2",Part,MTS,ATLN,WHS2,FALSE,Sienna Corporation,4,0,34.12,136.48,0,1,Unrestricted,4
09-11-2026,CM: Sienna GA,10-006085/86/87/88 REV-01,10-006085,"Inverter Packaging, Foam, Top, Right, V2",Part,MTS,ATLN,RJ58,FALSE,Sienna Corporation,24,0,34.12,818.88,0,1,Unrestricted,24
09-11-2026,CM: Sienna GA,10-006085/86/87/88 REV-01,10-006085,"Inverter Packaging, Foam, Top, Right, V2",Part,MTS,ATLN,PAWH,FALSE,Sienna Corporation,1694,0,34.12,57799.28,0,1,Unrestricted,1694
09-11-2026,CM: Sienna GA,10-006085/86/87/88 REV-01,10-006085,"Inverter Packaging, Foam, Top, Right, V2",Part,MTS,ATLN,LINE,FALSE,Sienna Corporation,2,0,34.12,68.24,0,1,Unrestricted,2
09-11-2026,CM: Sienna GA,10-006096 REV-01,10-006096,"Inverter Cover Packaging, Corrugated Insert, Right Panel",Part,MTS,ATLN,PAWH,FALSE,Sienna Corporation,1816,0,0,0,0,1,Unrestricted,1816
09-11-2026,CM: Sienna GA,10-006096 REV-01,10-006096,"Inverter Cover Packaging, Corrugated Insert, Right Panel",Part,MTS,ATLN,LINE,FALSE,Sienna Corporation,2,0,0,0,0,1,Unrestricted,2
09-11-2026,CM: Sienna GA,10-006096 REV-01,10-006096,"Inverter Cover Packaging, Corrugated Insert, Right Panel",Part,MTS,ATLN,WHS2,FALSE,Sienna Corporation,7,0,0,0,0,1,Unrestricted,7
09-11-2026,CM: Sienna GA,10-006099 REV-01,10-006099,"Label, Earth Terminal, 12.7mm Circular, UL969",Part,OTS,ATLN,LINE,FALSE,Sienna Corporation,107,0,0.2622,28.0554,0,1,Unrestricted,107
09-11-2026,CM: Sienna GA,10-006099 REV-01,10-006099,"Label, Earth Terminal, 12.7mm Circular, UL969",Part,OTS,ATLN,PAWH,FALSE,Sienna Corporation,8,0,0.2622,2.0976,0,1,Unrestricted,8
09-11-2026,CM: Sienna GA,10-006099 REV-01,10-006099,"Label, Earth Terminal, 12.7mm Circular, UL969",Part,OTS,ATLN,PCKD,FALSE,Sienna Corporation,750,0,0.2622,196.65,0,1,Unrestricted,750
09-11-2026,CM: Sienna GA,10-006099 REV-01,10-006099,"Label, Earth Terminal, 12.7mm Circular, UL969",Part,OTS,ATLN,MAIN,FALSE,Sienna Corporation,1695,0,0.2622,444.429,0,1,Unrestricted,1695
09-11-2026,CM: Sienna GA,10-006108 REV-03,10-006108,"Label, Overcurrent Device, Bridge",Assembly,MTS,ATLN,LINE,FALSE,Sienna Corporation,1136,0,0,0,0,3,Unrestricted,1136
09-11-2026,CM: Sienna GA,10-006108 REV-03,10-006108,"Label, Overcurrent Device, Bridge",Assembly,MTS,ATLN,PCKD,FALSE,Sienna Corporation,1000,0,0,0,0,3,Unrestricted,1000
09-11-2026,CM: Sienna GA,10-006108 REV-03,10-006108,"Label, Overcurrent Device, Bridge",Assembly,MTS,ATLN,MAIN,FALSE,Sienna Corporation,2000,0,0,0,0,3,Unrestricted,2000
09-11-2026,CM: Sienna GA,10-006108 REV-02,10-006108,"Label, Overcurrent Device, Bridge",Assembly,MTS,ATLN,EXIN,FALSE,Sienna Corporation,4133,0,1.356,5604.348,0,2,Unrestricted,4133
09-11-2026,CM: Sienna GA,10-006109 REV-04,10-006109,"Label, Traceability, 22x10mm",Assembly,MTS,ATLN,RIQC,FALSE,Sienna Corporation,50000,0,0.05,2500,0,4,Unrestricted,50000
09-11-2026,CM: Sienna GA,10-006109 REV-04,10-006109,"Label, Traceability, 22x10mm",Assembly,MTS,ATLN,PCKD,FALSE,Sienna Corporation,10000,0,0.05,500,0,4,Unrestricted,10000
09-11-2026,CM: Sienna GA,10-006109 REV-04,10-006109,"Label, Traceability, 22x10mm",Assembly,MTS,ATLN,MAIN,FALSE,Sienna Corporation,65000,0,0.05,3250,0,4,Unrestricted,65000
09-11-2026,CM: Sienna GA,10-006109 REV-04,10-006109,"Label, Traceability, 22x10mm",Assembly,MTS,ATLN,LINE,FALSE,Sienna Corporation,11291,0,0.05,564.55,0,4,Unrestricted,11291
09-11-2026,CM: Sienna GA,10-006129 REV-01,10-006129,FUSE BOARD MOUNT 5A 250VAC 2SMD,Electrical Components,OTS,ATLN,RIQC,FALSE,Sienna Corporation,1500,0,0.734,1101,0,1,Unrestricted,1500
09-11-2026,CM: Sienna GA,10-006129 REV-01,10-006129,FUSE BOARD MOUNT 5A 250VAC 2SMD,Electrical Components,OTS,ATLN,LINE,FALSE,Sienna Corporation,796,0,0.734,584.264,0,1,Unrestricted,796
09-11-2026,CM: Sienna GA,10-006129 REV-01,10-006129,FUSE BOARD MOUNT 5A 250VAC 2SMD,Electrical Components,OTS,ATLN,MAIN,FALSE,Sienna Corporation,3000,0,0.734,2202,0,1,Unrestricted,3000
09-11-2026,CM: Qualitel WA,814L-10-006129,10-006129,FUSE BOARD MOUNT 5A 250VAC 2SMD,Electrical Components,OTS,"Seattle, WA",Stock,FALSE,Qualitel,5248,0,0.514,2697.472,0,0,Unrestricted,5248
09-11-2026,CM: Qualitel WA,814L-10-006146,10-006146,"Bushing, DCDC",Part,MTS,"Seattle, WA",Stock,FALSE,Qualitel,5439,0,0.37,2012.43,0,0,Unrestricted,5439
09-11-2026,CM: Sienna GA,10-006147 REV-01,10-006147,RES 0.0025 OHM .25 W 1% 0402 SMD,Electrical Components,OTS,ATLN,LINE,FALSE,Sienna Corporation,696,0,0.174,121.104,0,1,Unrestricted,696
09-11-2026,Lunar Netsuite,10-006149,10-006149,CAP CER 10NF±5% 50V X7R 0402,Electrical Components,OTS,JIT - Reno,NS,FALSE,Lunar Energy,1400,0,0.027,37.8,0,0,Unrestricted,1400
09-11-2026,Lunar Netsuite,10-006153,10-006153,FLASH - NAND (MLC) Memory IC 8Gb (512M x 16) eMMC 153-LFBGA (11.5x13),Electrical Components,OTS,CA - Ravendale,NS,FALSE,Lunar Energy,10,0,0,0,0,0,Unrestricted,10
09-11-2026,CM: Sienna GA,10-006153 REV-01,10-006153,FLASH - NAND (MLC) Memory IC 8Gb (512M x 16) eMMC 153-LFBGA (11.5x13),Electrical Components,OTS,ATLN,MAIN,FALSE,Sienna Corporation,6285,0,0,0,0,1,Unrestricted,6285
09-11-2026,CM: Sienna GA,10-006153 REV-01,10-006153,FLASH - NAND (MLC) Memory IC 8Gb (512M x 16) eMMC 153-LFBGA (11.5x13),Electrical Components,OTS,ATLN,LINE,FALSE,Sienna Corporation,229,0,0,0,0,1,Unrestricted,229
09-11-2026,Lunar Netsuite,10-006173,10-006173,DIODE ZENER 150V 1.5W SMA,Electrical Components,OTS,JIT - Reno,NS,FALSE,Lunar Energy,1000,0,0.1897,189.7,0,0,Unrestricted,1000
09-11-2026,Lunar Netsuite,10-006177,10-006177,IC GATE AND 1CH 2-INP SC88A,Electrical Components,OTS,JIT - Reno,NS,FALSE,Lunar Energy,1000,0,0.039,39,0,0,Unrestricted,1000
09-11-2026,Lunar Netsuite,10-006188,10-006188,CAP CER 470PF 50V X7R 0805,Electrical Components,OTS,JIT - Reno,NS,FALSE,Lunar Energy,1000,0,0.0275,27.5,0,0,Unrestricted,1000
09-11-2026,CM: Qualitel WA,814L-10-006194,10-006194,RES 330K OHM 1% 2W 2512 AEC-Q,Electrical Components,OTS,"Seattle, WA",Stock,FALSE,Qualitel,20516,0,0.089,1825.924,0,0,Unrestricted,20516
09-11-2026,CM: Sienna GA,10-006194 REV-01,10-006194,RES 330K OHM 1% 2W 2512 AEC-Q,Electrical Components,OTS,ATLN,MAIN,FALSE,Sienna Corporation,40000,0,0.188,7520,0,1,Unrestricted,40000
09-11-2026,CM: Sienna GA,10-006194 REV-01,10-006194,RES 330K OHM 1% 2W 2512 AEC-Q,Electrical Components,OTS,ATLN,LINE,FALSE,Sienna Corporation,2878,0,0.188,541.064,0,1,Unrestricted,2878
09-11-2026,Lunar Netsuite,10-006197,10-006197,CAP FILM 5UF 10% 500VDC RADIAL,Electrical Components,OTS,JIT - Reno,NS,FALSE,Lunar Energy,1014,0,2.0765,2105.571,0,0,Unrestricted,1014
09-11-2026,Lunar Netsuite,10-006203,10-006203,DIODE GEN PURP 1.2KV 1A SMA,Electrical Components,OTS,JIT - Reno,NS,FALSE,Lunar Energy,1000,0,0.1756,175.6,0,0,Unrestricted,1000
09-11-2026,CM: Qualitel WA,814L-10-006205,10-006205,IND 22.8μH±10％ Within (Typ.22.78μH) Custom,Electrical Components,OTS,"Seattle, WA",Stock,FALSE,Qualitel,12209,0,4.6,56161.4,0,0,Unrestricted,12209
09-11-2026,CM: Qualitel WA,814L-10-006220,10-006220,IC VREF SERIES 0.1% 8SOIC,Electrical Components,OTS,"Seattle, WA",Stock,FALSE,Qualitel,10941,0,0.68,7439.88,0,0,Unrestricted,10941
09-11-2026,CM: Sienna GA,10-006231 REV-01,10-006231,"Thermal Gap Filler, Curing, 6.5 W/mK, Two Part Dispensed",Part,OTS,ATLN,PAWH,FALSE,Sienna Corporation,5147,0,0.295,1518.365,0,1,Unrestricted,5147
09-11-2026,CM: Sienna GA,10-006231 REV-01,10-006231,"Thermal Gap Filler, Curing, 6.5 W/mK, Two Part Dispensed",Part,OTS,ATLN,RIQC,FALSE,Sienna Corporation,3300,0,0.295,973.5,0,1,Unrestricted,3300
09-11-2026,CM: Sienna GA,10-006231 REV-01,10-006231,"Thermal Gap Filler, Curing, 6.5 W/mK, Two Part Dispensed",Part,OTS,ATLN,RIQC,FALSE,Sienna Corporation,6750,0,0.295,1991.25,0,1,Unrestricted,6750
09-11-2026,CM: Sienna GA,10-006231 REV-01,10-006231,"Thermal Gap Filler, Curing, 6.5 W/mK, Two Part Dispensed",Part,OTS,ATLN,RIQC,FALSE,Sienna Corporation,400,0,0.295,118,0,1,Unrestricted,400
09-11-2026,Lunar Netsuite,10-006231,10-006231,"Thermal Gap Filler, Curing, 6.5 W/mK, Two Part Dispensed",Part,OTS,CA - Ravendale,NS,FALSE,Lunar Energy,12000,0,0.325,3900,0,0,Unrestricted,12000
09-11-2026,CM: Sienna GA,10-006231 REV-01,10-006231,"Thermal Gap Filler, Curing, 6.5 W/mK, Two Part Dispensed",Part,OTS,ATLN,RIQC,FALSE,Sienna Corporation,3550,0,0.295,1047.25,0,1,Unrestricted,3550
09-11-2026,CM: Sienna GA,10-006231 REV-01,10-006231,"Thermal Gap Filler, Curing, 6.5 W/mK, Two Part Dispensed",Part,OTS,ATLN,RIQC,FALSE,Sienna Corporation,6000,0,0.295,1770,0,1,Unrestricted,6000
09-11-2026,CM: Sienna GA,10-006231 REV-01,10-006231,"Thermal Gap Filler, Curing, 6.5 W/mK, Two Part Dispensed",Part,OTS,ATLN,PAWH,FALSE,Sienna Corporation,50,0,0.295,14.75,0,1,Unrestricted,50
09-11-2026,CM: Sienna GA,10-006231 REV-01,10-006231,"Thermal Gap Filler, Curing, 6.5 W/mK, Two Part Dispensed",Part,OTS,ATLN,RIQC,FALSE,Sienna Corporation,19950,0,0.295,5885.25,0,1,Unrestricted,19950
09-11-2026,CM: Sienna GA,10-006231 REV-01,10-006231,"Thermal Gap Filler, Curing, 6.5 W/mK, Two Part Dispensed",Part,OTS,ATLN,RIQC,FALSE,Sienna Corporation,20000,0,0.295,5900,0,1,Unrestricted,20000
09-11-2026,CM: Sienna GA,10-006267 REV-01,10-006267,"Padded Bag, Accessories, Bridge",Part,OTS,ATLN,WHS2,FALSE,Sienna Corporation,301,0,0.27,81.27,0,1,Unrestricted,301
09-11-2026,CM: Sienna GA,10-006267 REV-01,10-006267,"Padded Bag, Accessories, Bridge",Part,OTS,ATLN,LPAC,FALSE,Sienna Corporation,798,0,0.27,215.46,0,1,Unrestricted,798
09-11-2026,CM: Sienna GA,10-006267 REV-01,10-006267,"Padded Bag, Accessories, Bridge",Part,OTS,ATLN,PAWH,FALSE,Sienna Corporation,5,0,0.27,1.35,0,1,Unrestricted,5
09-11-2026,CM: Sienna GA,10-006267 REV-01,10-006267,"Padded Bag, Accessories, Bridge",Part,OTS,ATLN,RIQC,FALSE,Sienna Corporation,2108,0,0.27,569.16,0,1,Unrestricted,2108
09-11-2026,CM: Qualitel WA,814L-10-006271,10-006271,CAP FILM 5UF 10% 600VDC RADIAL,Electrical Components,OTS,"Seattle, WA",Stock,FALSE,Qualitel,3464,0,0.46,1593.44,0,0,Unrestricted,3464
09-11-2026,CM: Sienna GA,10-006271 REV-01,10-006271,CAP FILM 5UF 10% 600VDC RADIAL,Electrical Components,OTS,ATLN,MAIN,FALSE,Sienna Corporation,966,0,0.9865,952.959,0,1,Unrestricted,966
09-11-2026,CM: Sienna GA,10-006271 REV-01,10-006271,CAP FILM 5UF 10% 600VDC RADIAL,Electrical Components,OTS,ATLN,LINE,FALSE,Sienna Corporation,319,0,0.9865,314.6935,0,1,Unrestricted,319
09-11-2026,CM: Sienna GA,10-006277 REV-01,10-006277,"Label, Breaker Warning, Bridge",Part,MTS,ATLN,MAIN,FALSE,Sienna Corporation,4905,0,1.229,6028.245,0,1,Unrestricted,4905
09-11-2026,CM: Sienna GA,10-006277 REV-01,10-006277,"Label, Breaker Warning, Bridge",Part,MTS,ATLN,PCKD,FALSE,Sienna Corporation,1000,0,1.229,1229,0,1,Unrestricted,1000
09-11-2026,CM: Sienna GA,10-006277 REV-01,10-006277,"Label, Breaker Warning, Bridge",Part,MTS,ATLN,LINE,FALSE,Sienna Corporation,1848,0,1.229,2271.192,0,1,Unrestricted,1848
09-11-2026,CM: Qualitel WA,814L-10-006278,10-006278,CAP FILM 0.47UF 20% 630VDC RAD X2,Electrical Components,OTS,"Seattle, WA",Stock,FALSE,Qualitel,6570,0,0.075,492.75,0,0,Unrestricted,6570
09-11-2026,CM: Sienna GA,10-006278 REV-01,10-006278,CAP FILM 0.47UF 20% 630VDC RAD X2,Electrical Components,OTS,ATLN,LINE,FALSE,Sienna Corporation,1156,0,0.073,84.388,0,1,Unrestricted,1156
09-11-2026,CM: Sienna GA,10-006278 REV-01,10-006278,CAP FILM 0.47UF 20% 630VDC RAD X2,Electrical Components,OTS,ATLN,MAIN,FALSE,Sienna Corporation,4217,0,0.073,307.841,0,1,Unrestricted,4217
09-11-2026,CM: Sienna GA,10-006278 REV-01,10-006278,CAP FILM 0.47UF 20% 630VDC RAD X2,Electrical Components,OTS,ATLN,RIQC,FALSE,Sienna Corporation,5460,0,0.073,398.58,0,1,Unrestricted,5460
09-11-2026,Lunar Netsuite,10-006284,10-006284,CAP CER 1NF 50V X7R 0402,Electrical Components,OTS,JIT - Reno,NS,FALSE,Lunar Energy,10000,0,0.0017,17,0,0,Unrestricted,10000
09-11-2026,CM: Sienna GA,10-006287 REV-01,10-006287,"Heat Shrink,2:1,25.4 mm ID Pre-Shrink,1 mm THK,UL224,Adhesive Lined",Part,OTS,ATLN,MAIN,FALSE,Sienna Corporation,70702,0,0.023,1626.146,0,1,Unrestricted,70702
09-11-2026,CM: Sienna GA,10-006287 REV-01,10-006287,"Heat Shrink,2:1,25.4 mm ID Pre-Shrink,1 mm THK,UL224,Adhesive Lined",Part,OTS,ATLN,LINE,FALSE,Sienna Corporation,38899,0,0.023,894.677,0,1,Unrestricted,38899
09-11-2026,CM: Qualitel WA,814L-10-006287,10-006287,"Heat Shrink,2:1,25.4 mm ID Pre-Shrink,1 mm THK,UL224,Adhesive Lined",Part,OTS,"Seattle, WA",Stock,FALSE,Qualitel,87.73,0,0.02,1.7546,0,0,Unrestricted,87.73
09-11-2026,CM: Qualitel WA,814L-10-006288,10-006288,"Heat Shrink,2:1,38.1 mm ID Pre-Shrink,1 mm THK,UL224,Adhesive Lined",Part,OTS,"Seattle, WA",Stock,FALSE,Qualitel,87.9229,0,0.0371,3.26193959,0,0,Unrestricted,87.9229
09-11-2026,CM: Sienna GA,10-006288 REV-01,10-006288,"Heat Shrink,2:1,38.1 mm ID Pre-Shrink,1 mm THK,UL224,Adhesive Lined",Part,OTS,ATLN,WHS2,FALSE,Sienna Corporation,196,0,0.06,11.76,0,1,Unrestricted,196
09-11-2026,CM: Sienna GA,10-006288 REV-01,10-006288,"Heat Shrink,2:1,38.1 mm ID Pre-Shrink,1 mm THK,UL224,Adhesive Lined",Part,OTS,ATLN,PAWH,FALSE,Sienna Corporation,68,0,0.06,4.08,0,1,Unrestricted,68
09-11-2026,CM: Sienna GA,10-006288 REV-01,10-006288,"Heat Shrink,2:1,38.1 mm ID Pre-Shrink,1 mm THK,UL224,Adhesive Lined",Part,OTS,ATLN,RIQC,FALSE,Sienna Corporation,13991,0,0.06,839.46,0,1,Unrestricted,13991
09-11-2026,CM: Sienna GA,10-006288 REV-01,10-006288,"Heat Shrink,2:1,38.1 mm ID Pre-Shrink,1 mm THK,UL224,Adhesive Lined",Part,OTS,ATLN,LINE,FALSE,Sienna Corporation,7761,0,0.06,465.66,0,1,Unrestricted,7761
09-11-2026,CM: Sienna GA,10-006288 REV-01,10-006288,"Heat Shrink,2:1,38.1 mm ID Pre-Shrink,1 mm THK,UL224,Adhesive Lined",Part,OTS,ATLN,MAIN,FALSE,Sienna Corporation,85330,0,0.06,5119.8,0,1,Unrestricted,85330
09-11-2026,Lunar Netsuite,10-006328,10-006328,RELAY DIRECT CURRENT 60AMP SWITCH VOLTAGE 1000VDC 24V CONTACT -40℃～85℃ 50L x 39.8W X 37MM,Electrical Components,OTS,CA - Ravendale,NS,FALSE,Lunar Energy,400,0,21.0562,8422.48,0,0,Unrestricted,400
09-11-2026,CM: Qualitel WA,814L-10-006355,10-006355,CAP CER 12PF 50V C0G/NP0 0402,Electrical Components,OTS,"Seattle, WA",Stock,FALSE,Qualitel,8335,0,0.001,8.335,0,0,Unrestricted,8335
09-11-2026,Lunar Netsuite,10-006355,10-006355,CAP CER 12PF 50V C0G/NP0 0402,Electrical Components,OTS,JIT - Reno,NS,FALSE,Lunar Energy,1050,0,0.0114,11.97,0,0,Unrestricted,1050
09-11-2026,CM: Sienna GA,10-006362 REV-01,10-006362,"Wire Harness, Rogowski Coil Jumper, Bridge, Type B",Part,MTS,ATLN,LINE,FALSE,Sienna Corporation,105,0,4.15,435.75,0,1,Unrestricted,105
09-11-2026,CM: Sienna GA,10-006362 REV-01,10-006362,"Wire Harness, Rogowski Coil Jumper, Bridge, Type B",Part,MTS,ATLN,RL23,FALSE,Sienna Corporation,550,0,4.15,2282.5,0,1,Unrestricted,550
09-11-2026,Lunar Netsuite,10-006363,10-006363,ISOMOV 8KA 250VRMS -40 °C to +125 °C BULK CRIMPED LEADS,Electrical Components,OTS,JIT - Reno,NS,FALSE,Lunar Energy,63,0,0.6879,43.3377,0,0,Unrestricted,63
09-11-2026,CM: Sienna GA,10-006363 REV-01,10-006363,ISOMOV 8KA 250VRMS -40 °C to +125 °C BULK CRIMPED LEADS,Electrical Components,OTS,ATLN,LINE,FALSE,Sienna Corporation,3368,0,0.688,2317.184,0,1,Unrestricted,3368
09-11-2026,CM: Qualitel WA,814L-10-006363,10-006363,ISOMOV 8KA 250VRMS -40 °C to +125 °C BULK CRIMPED LEADS,Electrical Components,OTS,"Seattle, WA",Stock,FALSE,Qualitel,5155,0,0.692,3567.26,0,0,Unrestricted,5155
09-11-2026,CM: Sienna GA,10-006363 REV-01,10-006363,ISOMOV 8KA 250VRMS -40 °C to +125 °C BULK CRIMPED LEADS,Electrical Components,OTS,ATLN,MAIN,FALSE,Sienna Corporation,5548,0,0.688,3817.024,0,1,Unrestricted,5548
09-11-2026,CM: Qualitel WA,814L-10-006364,10-006364,ISOMOV 5KA 175VRMS -40 °C to +125 °C BULK CRIMPED,Electrical Components,OTS,"Seattle, WA",Stock,FALSE,Qualitel,11520,0,0.589,6785.28,0,0,Unrestricted,11520
09-11-2026,CM: Sienna GA,10-006364 REV-01,10-006364,ISOMOV 5KA 175VRMS -40 °C to +125 °C BULK CRIMPED,Electrical Components,OTS,ATLN,PAMS,FALSE,Sienna Corporation,4600,0,0.768,3532.8,0,1,Unrestricted,4600
09-11-2026,CM: Sienna GA,10-006364 REV-01,10-006364,ISOMOV 5KA 175VRMS -40 °C to +125 °C BULK CRIMPED,Electrical Components,OTS,ATLN,LINE,FALSE,Sienna Corporation,1315,0,0.768,1009.92,0,1,Unrestricted,1315
09-11-2026,CM: Sienna GA,10-006364 REV-01,10-006364,ISOMOV 5KA 175VRMS -40 °C to +125 °C BULK CRIMPED,Electrical Components,OTS,ATLN,RIQC,FALSE,Sienna Corporation,200,0,0.768,153.6,0,1,Unrestricted,200
09-11-2026,CM: Sienna GA,10-006364 REV-01,10-006364,ISOMOV 5KA 175VRMS -40 °C to +125 °C BULK CRIMPED,Electrical Components,OTS,ATLN,MAIN,FALSE,Sienna Corporation,7090,0,0.768,5445.12,0,1,Unrestricted,7090
09-11-2026,Lunar Netsuite,10-006365,10-006365,"Torsion Spring, Latch, Bridge",Part,MTS,JIT - Reno,NS,FALSE,Lunar Energy,2,0,5.625,11.25,0,0,Unrestricted,2
09-11-2026,CM: Qualitel WA,814L-10-006375,10-006375,"Packaging, Battery with Cover and Brackets, Corrugated Box, FEFCO 0422, Type B",Part,MTS,"Seattle, WA",Stock,FALSE,Qualitel,233,0,3.58,834.14,0,0,Unrestricted,233
09-11-2026,Lunar Netsuite,10-006382,10-006382,"Latch, Swing, Bridge",Part,MTS,JIT - Reno,NS,FALSE,Lunar Energy,2,0,1.575,3.15,0,0,Unrestricted,2
09-11-2026,CM: Sienna GA,10-006397 REV-02,10-006397,"TIM, PCBA, TERMINAL BOARD, INVERTER",Part,MTS,ATLN,RIQC,FALSE,Sienna Corporation,567,0,0.115,65.205,0,2,Unrestricted,567
09-11-2026,CM: Sienna GA,10-006397 REV-02,10-006397,"TIM, PCBA, TERMINAL BOARD, INVERTER",Part,MTS,ATLN,MAIN,FALSE,Sienna Corporation,5032,0,0.115,578.68,0,2,Unrestricted,5032
09-11-2026,CM: Sienna GA,10-006397 REV-02,10-006397,"TIM, PCBA, TERMINAL BOARD, INVERTER",Part,MTS,ATLN,PCKD,FALSE,Sienna Corporation,790,0,0.115,90.85,0,2,Unrestricted,790
09-11-2026,CM: Sienna GA,10-006397 REV-02,10-006397,"TIM, PCBA, TERMINAL BOARD, INVERTER",Part,MTS,ATLN,LINE,FALSE,Sienna Corporation,1987,0,0.115,228.505,0,2,Unrestricted,1987
09-11-2026,Lunar Netsuite,10-006405,10-006405,CAP CER 4.7PF 50V C0G/NP0 0402,Electrical Components,OTS,CA - Ravendale,NS,FALSE,Lunar Energy,10000,0,0.0027,27,0,0,Unrestricted,10000
09-11-2026,Lunar Netsuite,10-006406,10-006406,RES 100K OHM 1% 1/16W 0402,Electrical Components,OTS,CA - Ravendale,NS,FALSE,Lunar Energy,104850,0,0.001,104.85,0,0,Unrestricted,104850
09-11-2026,Lunar Netsuite,10-006412,10-006412,RES SMD 12K OHM 1% 1/16W 0402,Electrical Components,OTS,CA - Ravendale,NS,FALSE,Lunar Energy,10000,0,0.001,10,0,0,Unrestricted,10000
09-11-2026,CM: Sienna GA,10-006421 REV-01,10-006421,IC VREF SERIES 0.13% TSOT5,Electrical Components,OTS,ATLN,MAIN,FALSE,Sienna Corporation,497,0,1.43,710.71,0,1,Unrestricted,497
09-11-2026,CM: Qualitel WA,814L-10-006421,10-006421,IC VREF SERIES 0.13% TSOT5,Electrical Components,OTS,"Seattle, WA",Stock,FALSE,Qualitel,7057,0,1.38,9738.66,0,0,Unrestricted,7057
09-11-2026,CM: Sienna GA,10-006421 REV-01,10-006421,IC VREF SERIES 0.13% TSOT5,Electrical Components,OTS,ATLN,LINE,FALSE,Sienna Corporation,3328,0,1.43,4759.04,0,1,Unrestricted,3328
09-11-2026,CM: Sienna GA,10-006424 REV-02,10-006424,"Asy, Visor",Part,MTS,ATLN,WHS2,FALSE,Sienna Corporation,6,0,20.19,121.14,0,2,Unrestricted,6
09-11-2026,CM: Sienna GA,10-006426 REV-04,10-006426,"Heat spreader, Aluminum Nitride, TIM and pre-applied, Type B",Part,MTS,ATLN,PCKD,FALSE,Sienna Corporation,1280,0,4.74,6067.2,0,4,Unrestricted,1280
09-11-2026,CM: Sienna GA,10-006426 REV-04,10-006426,"Heat spreader, Aluminum Nitride, TIM and pre-applied, Type B",Part,MTS,ATLN,RIQC,FALSE,Sienna Corporation,1080,0,4.74,5119.2,0,4,Unrestricted,1080
09-11-2026,CM: Sienna GA,10-006426 REV-04,10-006426,"Heat spreader, Aluminum Nitride, TIM and pre-applied, Type B",Part,MTS,ATLN,LINE,FALSE,Sienna Corporation,1230,0,4.74,5830.2,0,4,Unrestricted,1230
09-11-2026,Lunar Netsuite,10-006443,10-006443,RES SMD 3.6K OHM 1% 1/16W 0402,Electrical Components,OTS,JIT - Reno,NS,FALSE,Lunar Energy,4050,0,0.004,16.2,0,0,Unrestricted,4050
09-11-2026,CM: Sienna GA,10-006448 REV-01,10-006448,DIODE SCHOTTKY 40V 2A 1206,Electrical Components,OTS,ATLN,LINE,FALSE,Sienna Corporation,175,0,0.121,21.175,0,1,Unrestricted,175
09-11-2026,CM: Sienna GA,10-006448 REV-01,10-006448,DIODE SCHOTTKY 40V 2A 1206,Electrical Components,OTS,ATLN,MAIN,FALSE,Sienna Corporation,3000,0,0.121,363,0,1,Unrestricted,3000
09-11-2026,CM: Qualitel WA,814L-10-006452,10-006452,DIODE TVS 14VWM SOT23-6,Electrical Components,OTS,"Seattle, WA",Stock,FALSE,Qualitel,3332,0,0.069,229.908,0,0,Unrestricted,3332
09-11-2026,CM: Qualitel WA,814L-10-006453,10-006453,DIODE TVS 5.5VWM 11V U-DFN3810-9,Electrical Components,OTS,"Seattle, WA",MRB,FALSE,Qualitel,0,50,0.0709,0,3.545,0,Restricted,0
09-11-2026,CM: Qualitel WA,814L-10-006453,10-006453,DIODE TVS 5.5VWM 11V U-DFN3810-9,Electrical Components,OTS,"Seattle, WA",PO Inspection,FALSE,Qualitel,0,50,0.0709,0,3.545,0,Restricted,0
09-11-2026,CM: Qualitel WA,814L-10-006453,10-006453,DIODE TVS 5.5VWM 11V U-DFN3810-9,Electrical Components,OTS,"Seattle, WA",Stock,FALSE,Qualitel,7023,0,0.0709,497.9307,0,0,Unrestricted,7023
09-11-2026,CM: Sienna GA,10-006475 REV-01,10-006475,"Module AUTOMOTIVE, 2.5-W, 24-VIN, 25-VO 36-BSSOP (0.295"", 7.50mm Width)",Electrical Components,OTS,ATLN,RIQC,FALSE,Sienna Corporation,21000,0,2.32,48720,0,1,Unrestricted,21000
09-11-2026,CM: Sienna GA,10-006475 REV-01,10-006475,"Module AUTOMOTIVE, 2.5-W, 24-VIN, 25-VO 36-BSSOP (0.295"", 7.50mm Width)",Electrical Components,OTS,ATLN,LINE,FALSE,Sienna Corporation,3008,0,2.32,6978.56,0,1,Unrestricted,3008
09-11-2026,CM: Qualitel WA,814L-10-006475,10-006475,"Module AUTOMOTIVE, 2.5-W, 24-VIN, 25-VO 36-BSSOP (0.295"", 7.50mm Width)",Electrical Components,OTS,"Seattle, WA",Stock,FALSE,Qualitel,6153,0,2.1,12921.3,0,0,Unrestricted,6153
09-11-2026,Lunar Netsuite,10-006483,10-006483,IC INTEGRATED POWER MANAGEMENT (PMI 32-VFQFN EXPOSED PAD,Electrical Components,OTS,CA - Ravendale,NS,FALSE,Lunar Energy,1500,0,1.366,2049,0,0,Unrestricted,1500
09-11-2026,Lunar Netsuite,10-006484,10-006484,"IC 16CH BATTERY MONITOR 64-WFQFN Exposed Pad, CSP",Electrical Components,OTS,CA - Ravendale,NS,FALSE,Lunar Energy,150,0,3.03,454.5,0,0,Unrestricted,150
09-11-2026,CM: Qualitel WA,814L-10-006484,10-006484,"IC 16CH BATTERY MONITOR 64-WFQFN Exposed Pad, CSP",Electrical Components,OTS,"Seattle, WA",Stock,FALSE,Qualitel,2497,0,2.75,6866.75,0,0,Unrestricted,2497
09-11-2026,CM: Qualitel WA,814L-10-006492,10-006492,PC TEST POINT COMPACT,Electrical Components,OTS,"Seattle, WA",Stock,FALSE,Qualitel,39490,0,0.155,6120.95,0,0,Unrestricted,39490
09-11-2026,CM: Qualitel WA,814L-10-006493,10-006493,THERMISTOR NTC 10KOHM B25/50=3380K 0603,Electrical Components,OTS,"Seattle, WA",Stock,FALSE,Qualitel,54316,0,0.0438,2379.0408,0,0,Unrestricted,54316
09-11-2026,Lunar Netsuite,10-006560,10-006560,RES SMD 9.1K OHM 0.1% 1/16W 0402,Electrical Components,OTS,JIT - Reno,NS,FALSE,Lunar Energy,1400,0,0.086,120.4,0,0,Unrestricted,1400
09-11-2026,Lunar Netsuite,10-006563,10-006563,RES SMD 4.99KOHM 0.1% 1/16W 0402,Electrical Components,OTS,CA - Ravendale,NS,FALSE,Lunar Energy,9450,0,0.0956,903.42,0,0,Unrestricted,9450
09-11-2026,Lunar Netsuite,10-006567,10-006567,RES SMD 15K OHM 0.1% 1/16W 0402,Electrical Components,OTS,JIT - Reno,NS,FALSE,Lunar Energy,1000,0,0.073,73,0,0,Unrestricted,1000
09-11-2026,Lunar Netsuite,10-006578,10-006578,IND 470NH 4.8A 22MOHM SMD 0806 (2016 Metric),Electrical Components,OTS,JIT - Reno,NS,FALSE,Lunar Energy,2700,0,0.099,267.3,0,0,Unrestricted,2700
09-11-2026,Lunar Netsuite,10-006579,10-006579,IND 470NH 4.4A 39 MOHM SMD 1008 (2520 Metric),Electrical Components,OTS,JIT - Reno,NS,FALSE,Lunar Energy,1000,0,0.0836,83.6,0,0,Unrestricted,1000
09-11-2026,CM: Sienna GA,10-006582 REV-01,10-006582,CAP CER 1000PF 2KV X7R 1206,Electrical Components,OTS,ATLN,LINE,FALSE,Sienna Corporation,29234,0,0.0182,532.0588,0,1,Unrestricted,29234
09-11-2026,CM: Sienna GA,10-006582 REV-01,10-006582,CAP CER 1000PF 2KV X7R 1206,Electrical Components,OTS,ATLN,MAIN,FALSE,Sienna Corporation,69000,0,0.0182,1255.8,0,1,Unrestricted,69000
09-11-2026,CM: Sienna GA,10-006582 REV-01,10-006582,CAP CER 1000PF 2KV X7R 1206,Electrical Components,OTS,ATLN,RIQC,FALSE,Sienna Corporation,3000,0,0.0182,54.6,0,1,Unrestricted,3000
09-11-2026,Lunar Netsuite,10-006582,10-006582,CAP CER 1000PF 2KV X7R 1206,Electrical Components,OTS,JIT - Reno,NS,FALSE,Lunar Energy,1000,0,0.042,42,0,0,Unrestricted,1000
09-11-2026,Lunar Netsuite,10-006584,10-006584,IC RTC CLK/CALENDAR I2C 10DFN,Electrical Components,OTS,JIT - Reno,NS,FALSE,Lunar Energy,1000,0,0.625,625,0,0,Unrestricted,1000
09-11-2026,Lunar Netsuite,10-006604,10-006604,CONN CONTACT IDC 12AWG SMD,Electrical Components,OTS,CA - Ravendale,NS,FALSE,Lunar Energy,1380,0,0,0,0,0,Unrestricted,1380
09-11-2026,CM: Qualitel WA,814L-10-006613,10-006613,CONN HEADER R/A 32POS 2MM,Electrical Components,OTS,"Seattle, WA",Stock,FALSE,Qualitel,2225,0,0.483,1074.675,0,0,Unrestricted,2225
09-11-2026,Lunar Netsuite,10-006621,10-006621,Module GLOBAL LTE CAT1BIS W/ GNSS 26.5mm x 22.5mm,Electrical Components,OTS,CA - Ravendale,NS,FALSE,Lunar Energy,160,0,28.9598,4633.568,0,0,Unrestricted,160
09-11-2026,Lunar Netsuite,10-006624,10-006624,TVS DIODE 5VWM 7VC SOD923,Electrical Components,OTS,JIT - Reno,NS,FALSE,Lunar Energy,24000,0,0.0534,1281.6,0,0,Unrestricted,24000
09-11-2026,Lunar Netsuite,10-006624,10-006624,TVS DIODE 5VWM 7VC SOD923,Electrical Components,OTS,CA - Ravendale,NS,FALSE,Lunar Energy,7400,0,0.0587,434.38,0,0,Unrestricted,7400
09-11-2026,Lunar Netsuite,10-006625,10-006625,IND 4.7UH 3A 70 MOHM SMD,Electrical Components,OTS,JIT - Reno,NS,FALSE,Lunar Energy,3000,0,0.4362,1308.6,0,0,Unrestricted,3000
09-11-2026,Lunar Netsuite,10-006626,10-006626,RES ARRAY 4 RES ZERO OHM 1206,Electrical Components,OTS,JIT - Reno,NS,FALSE,Lunar Energy,1350,0,0.0232,31.32,0,0,Unrestricted,1350
09-11-2026,Lunar Netsuite,10-006627,10-006627,CONN RCPT USB2.0 TYPE C 24POS RA,Electrical Components,OTS,JIT - Reno,NS,FALSE,Lunar Energy,1350,0,0.665,897.75,0,0,Unrestricted,1350
09-11-2026,CM: Qualitel WA,814L-10-006635,10-006635,RES SMD 2 OHM 1% 1/5W 0402,Electrical Components,OTS,"Seattle, WA",Stock,FALSE,Qualitel,133194,0,0.01,1331.94,0,0,Unrestricted,133194
09-11-2026,CM: Celestica MX,10-0066353MS,10-006635,RES SMD 2 OHM 1% 1/5W 0402,Electrical Components,OTS,Monterrey Prod,1000,FALSE,Celestica,-249,0,0.0035,-0.8715,0,0,Unrestricted,-249
09-11-2026,CM: Celestica MX,10-0066373MS,10-006637,DIODE SCHOTTKY 40V 500MA 0402,Electrical Components,OTS,Monterrey Prod,1000,FALSE,Celestica,-12,0,0.056,-0.672,0,0,Unrestricted,-12
09-11-2026,CM: Qualitel WA,814L-10-006637,10-006637,DIODE SCHOTTKY 40V 500MA 0402,Electrical Components,OTS,"Seattle, WA",Stock,FALSE,Qualitel,107882,0,0.024,2589.168,0,0,Unrestricted,107882
09-11-2026,CM: Qualitel WA,814L-10-006638,10-006638,CAP CER 10000PF 1KV X7R 1812,Electrical Components,OTS,"Seattle, WA",Stock,FALSE,Qualitel,13072,0,0.147,1921.584,0,0,Unrestricted,13072
09-11-2026,CM: Qualitel WA,814L-10-006639,10-006639,CAP CER 1000PF 1KV X7R 1812,Electrical Components,OTS,"Seattle, WA",Stock,FALSE,Qualitel,28877,0,0.0585,1689.3045,0,0,Unrestricted,28877
09-11-2026,CM: Qualitel WA,814L-10-006640,10-006640,CAP CER 1000PF 1KV X7R 1206,Electrical Components,OTS,"Seattle, WA",Stock,FALSE,Qualitel,59503,0,0.0227,1350.7181,0,0,Unrestricted,59503
09-11-2026,CM: Qualitel WA,814L-10-006641,10-006641,CAP CER 10000PF 1KV X7R 1206,Electrical Components,OTS,"Seattle, WA",Stock,FALSE,Qualitel,71388,0,0.0126,899.4888,0,0,Unrestricted,71388
09-11-2026,Lunar Netsuite,10-006642,10-006642,IC ARM Microcontroller 32-Bit Quad-Core 400MHz 256KB FLASH 324-NFBGA (15x15),Electrical Components,OTS,CA - Ravendale,NS,FALSE,Lunar Energy,1500,0,12.735,19102.5,0,0,Unrestricted,1500
09-11-2026,CM: Qualitel WA,814L-10-006646,10-006646,RES 18K OHM 1% 1/10W 0603 AEC-Q200,Electrical Components,OTS,"Seattle, WA",Stock,FALSE,Qualitel,22007,0,0.0018,39.6126,0,0,Unrestricted,22007
09-11-2026,CM: Sienna GA,10-006651 REV-01,10-006651,RES SMD 60.4K OHM 0.1% 1/8W 0805 AEC-Q,Electrical Components,OTS,ATLN,MAIN,FALSE,Sienna Corporation,75160,0,0.032,2405.12,0,1,Unrestricted,75160
09-11-2026,CM: Sienna GA,10-006651 REV-01,10-006651,RES SMD 60.4K OHM 0.1% 1/8W 0805 AEC-Q,Electrical Components,OTS,ATLN,LINE,FALSE,Sienna Corporation,32034,0,0.032,1025.088,0,1,Unrestricted,32034
09-11-2026,CM: Sienna GA,10-006652 REV-01,10-006652,RES SMD 10K OHM 0.1% 1/8W 0805,Electrical Components,OTS,ATLN,MAIN,FALSE,Sienna Corporation,130000,0,0.032,4160,0,1,Unrestricted,130000
09-11-2026,CM: Sienna GA,10-006652 REV-01,10-006652,RES SMD 10K OHM 0.1% 1/8W 0805,Electrical Components,OTS,ATLN,LINE,FALSE,Sienna Corporation,38499,0,0.032,1231.968,0,1,Unrestricted,38499
09-11-2026,Lunar Netsuite,10-006653,10-006653,IC PWR SWITCH N-CHAN 1:1 8WSON,Electrical Components,OTS,JIT - Reno,NS,FALSE,Lunar Energy,2854,0,0.7428,2119.9512,0,0,Unrestricted,2854
09-11-2026,CM: Sienna GA,10-006654 REV-01,10-006654,DIODE ZENER 68V 3W SMB,Electrical Components,OTS,ATLN,LINE,FALSE,Sienna Corporation,15939,0,0.069,1099.791,0,1,Unrestricted,15939
09-11-2026,CM: Sienna GA,10-006654 REV-01,10-006654,DIODE ZENER 68V 3W SMB,Electrical Components,OTS,ATLN,RIQC,FALSE,Sienna Corporation,7500,0,0.069,517.5,0,1,Unrestricted,7500
09-11-2026,CM: Sienna GA,10-006654 REV-01,10-006654,DIODE ZENER 68V 3W SMB,Electrical Components,OTS,ATLN,MAIN,FALSE,Sienna Corporation,62499,0,0.069,4312.431,0,1,Unrestricted,62499
09-11-2026,Lunar Netsuite,10-006658,10-006658,DIODE TVS ZENER 2-CHANNEL 3.6VWM 8.4VC 3X2SON,Electrical Components,OTS,JIT - Reno,NS,FALSE,Lunar Energy,5400,0,0.2798,1510.92,0,0,Unrestricted,5400
09-11-2026,Lunar Netsuite,10-006659,10-006659,CAP CER 100UF 10V X5R 1210,Electrical Components,OTS,JIT - Reno,NS,FALSE,Lunar Energy,255,0,0.6698,170.799,0,0,Unrestricted,255
09-11-2026,Lunar Netsuite,10-006670,10-006670,IC CLK BUFFER 1:4 250MHZ 8WSON,Electrical Components,OTS,JIT - Reno,NS,FALSE,Lunar Energy,1175,0,1.897,2228.975,0,0,Unrestricted,1175
09-11-2026,Lunar Netsuite,10-006670,10-006670,IC CLK BUFFER 1:4 250MHZ 8WSON,Electrical Components,OTS,CA - Ravendale,NS,FALSE,Lunar Energy,175,0,1.2026,210.455,0,0,Unrestricted,175
09-11-2026,Lunar Netsuite,10-006671,10-006671,IC GATE AND 1CH 2-INP SC70-5,Electrical Components,OTS,JIT - Reno,NS,FALSE,Lunar Energy,4050,0,0.034,137.7,0,0,Unrestricted,4050
09-11-2026,CM: Qualitel WA,814L-10-006672,10-006672,RES 200K OHM 1% 1/16W 0402,Electrical Components,OTS,"Seattle, WA",Stock,FALSE,Qualitel,14129,0,0.0008,11.3032,0,0,Unrestricted,14129
09-11-2026,Lunar Netsuite,10-006673,10-006673,RES SMD 22 OHM 1% 1/16W 0402,Electrical Components,OTS,JIT - Reno,NS,FALSE,Lunar Energy,5000,0,0.0036,18,0,0,Unrestricted,5000
09-11-2026,CM: Sienna GA,10-006675 REV-01,10-006675,RES SMD 51K OHM 0.1% 1/10W 0603,Electrical Components,OTS,ATLN,MAIN,FALSE,Sienna Corporation,5000,0,0.01,50,0,1,Unrestricted,5000
09-11-2026,CM: Qualitel WA,814L-10-006675,10-006675,RES SMD 51K OHM 0.1% 1/10W 0603,Electrical Components,OTS,"Seattle, WA",Stock,FALSE,Qualitel,14283,0,0.029,414.207,0,0,Unrestricted,14283
09-11-2026,CM: Sienna GA,10-006675 REV-01,10-006675,RES SMD 51K OHM 0.1% 1/10W 0603,Electrical Components,OTS,ATLN,LINE,FALSE,Sienna Corporation,3285,0,0.01,32.85,0,1,Unrestricted,3285
09-11-2026,CM: Qualitel WA,814L-10-006676,10-006676,RES SMD 3.6K OHM 0.1% 1/10W 0603 AEC-Q,Electrical Components,OTS,"Seattle, WA",Stock,FALSE,Qualitel,9270,0,0.0175,162.225,0,0,Unrestricted,9270
09-11-2026,CM: Sienna GA,10-006676 REV-01,10-006676,RES SMD 3.6K OHM 0.1% 1/10W 0603 AEC-Q,Electrical Components,OTS,ATLN,LINE,FALSE,Sienna Corporation,3266,0,0.01,32.66,0,1,Unrestricted,3266
09-11-2026,CM: Sienna GA,10-006676 REV-01,10-006676,RES SMD 3.6K OHM 0.1% 1/10W 0603 AEC-Q,Electrical Components,OTS,ATLN,MAIN,FALSE,Sienna Corporation,5000,0,0.01,50,0,1,Unrestricted,5000
09-11-2026,Lunar Netsuite,10-006677,10-006677,CAP CER 3.3UF 25V X7R 0805 AEC-Q,Electrical Components,OTS,JIT - Reno,NS,FALSE,Lunar Energy,3150,0,0.119,374.85,0,0,Unrestricted,3150
09-11-2026,CM: Qualitel WA,814L-10-006678,10-006678,CAP CER 10NF 100V X7R 0603,Electrical Components,OTS,"Seattle, WA",Stock,FALSE,Qualitel,50669,0,0.0031,157.0739,0,0,Unrestricted,50669
09-11-2026,Lunar Netsuite,10-006678,10-006678,CAP CER 10NF 100V X7R 0603,Electrical Components,OTS,JIT - Reno,NS,FALSE,Lunar Energy,1400,0,0.019,26.6,0,0,Unrestricted,1400
09-11-2026,Lunar Netsuite,10-006684,10-006684,CAP CER 10NF 25V X7R 0603,Electrical Components,OTS,JIT - Reno,NS,FALSE,Lunar Energy,1000,0,0.018,18,0,0,Unrestricted,1000
09-11-2026,CM: Qualitel WA,814L-10-006687,10-006687,CAP CER 330PF 25V X7R 0402,Electrical Components,OTS,"Seattle, WA",Stock,FALSE,Qualitel,54187,0,0.0027,146.3049,0,0,Unrestricted,54187
09-11-2026,CM: Qualitel WA,814L-10-006688,10-006688,RES SMD 500 UOHM 1% 10W 2512,Electrical Components,OTS,"Seattle, WA",Stock,FALSE,Qualitel,29266,0,0.182,5326.412,0,0,Unrestricted,29266
09-11-2026,CM: Qualitel WA,814L-10-006946,10-006689,RES 6.2 OHM 1% 1W 2512 AEC-Q,Electrical Components,OTS,"Seattle, WA",Stock,FALSE,Qualitel,158549,0,0.0139,2203.8311,0,0,Unrestricted,158549
09-11-2026,CM: Qualitel WA,814L-10-006689,10-006689,RES 6.2 OHM 1% 1W 2512 AEC-Q,Electrical Components,OTS,"Seattle, WA",Stock,FALSE,Qualitel,217893,0,0.15,32683.95,0,0,Unrestricted,217893
09-11-2026,CM: Qualitel WA,814L-10-006690,10-006690,FERRITE BEAD 2.2 KOHM 0603 1LN,Electrical Components,OTS,"Seattle, WA",Stock,FALSE,Qualitel,32594,0,0.0081,264.0114,0,0,Unrestricted,32594
09-11-2026,CM: Qualitel WA,814L-10-006691,10-006691,CAP CER 4700PF 3KV X7R 2220,Electrical Components,OTS,"Seattle, WA",Stock,FALSE,Qualitel,11318,0,0.652,7379.336,0,0,Unrestricted,11318
09-11-2026,CM: Sienna GA,10-006691 REV-01,10-006691,CAP CER 4700PF 3KV X7R 2220,Electrical Components,OTS,ATLN,MAIN,FALSE,Sienna Corporation,10500,0,1.24,13020,0,1,Unrestricted,10500
09-11-2026,CM: Sienna GA,10-006691 REV-01,10-006691,CAP CER 4700PF 3KV X7R 2220,Electrical Components,OTS,ATLN,LINE,FALSE,Sienna Corporation,1866,0,1.24,2313.84,0,1,Unrestricted,1866
09-11-2026,CM: Qualitel WA,814L-10-006695,10-006695,DIODE ZENER 4.03V 960MW DO219AC,Electrical Components,OTS,"Seattle, WA",Stock,FALSE,Qualitel,7723,0,0.0245,189.2135,0,0,Unrestricted,7723
09-11-2026,CM: Sienna GA,10-006695 REV-01,10-006695,DIODE ZENER 4.03V 960MW DO219AC,Electrical Components,OTS,ATLN,LINE,FALSE,Sienna Corporation,1324,0,0.047,62.228,0,1,Unrestricted,1324
09-11-2026,CM: Sienna GA,10-006695 REV-01,10-006695,DIODE ZENER 4.03V 960MW DO219AC,Electrical Components,OTS,ATLN,MAIN,FALSE,Sienna Corporation,22500,0,0.047,1057.5,0,1,Unrestricted,22500
09-11-2026,CM: Qualitel WA,814L-10-006696,10-006696,RES SMD 2 OHM 5% 1W 2512 AEC-Q,Electrical Components,OTS,"Seattle, WA",Stock,FALSE,Qualitel,14244,0,0.0291,414.5004,0,0,Unrestricted,14244
09-11-2026,CM: Qualitel WA,814L-10-006698,10-006698,MOSFET N-CH 55V 5.1A SOT223,Electrical Components,OTS,"Seattle, WA",Stock,FALSE,Qualitel,7085,0,0.154,1091.09,0,0,Unrestricted,7085
09-11-2026,CM: Sienna GA,10-006698 REV-01,10-006698,MOSFET N-CH 55V 5.1A SOT223,Electrical Components,OTS,ATLN,RIQC,FALSE,Sienna Corporation,2500,0,0.01,25,0,1,Unrestricted,2500
09-11-2026,CM: Sienna GA,10-006698 REV-01,10-006698,MOSFET N-CH 55V 5.1A SOT223,Electrical Components,OTS,ATLN,MAIN,FALSE,Sienna Corporation,4500,0,0.01,45,0,1,Unrestricted,4500
09-11-2026,CM: Sienna GA,10-006698 REV-01,10-006698,MOSFET N-CH 55V 5.1A SOT223,Electrical Components,OTS,ATLN,LINE,FALSE,Sienna Corporation,2232,0,0.01,22.32,0,1,Unrestricted,2232
09-11-2026,Lunar Netsuite,10-006698,10-006698,MOSFET N-CH 55V 5.1A SOT223,Electrical Components,OTS,JIT - Reno,NS,FALSE,Lunar Energy,9450,0,0.248,2343.6,0,0,Unrestricted,9450
09-11-2026,CM: Sienna GA,10-006699 REV-02,10-006699,FIXED IND 2.2UH 1.7A 72 MOHM SMD AEC-Q,Electrical Components,OTS,ATLN,LINE,FALSE,Sienna Corporation,3326,0,0.01,33.26,0,2,Unrestricted,3326
09-11-2026,CM: Qualitel WA,814L-10-006699,10-006699,FIXED IND 2.2UH 1.7A 72 MOHM SMD AEC-Q,Electrical Components,OTS,"Seattle, WA",Stock,FALSE,Qualitel,15507,0,0.1347,2088.7929,0,0,Unrestricted,15507
09-11-2026,CM: Sienna GA,10-006699 REV-02,10-006699,FIXED IND 2.2UH 1.7A 72 MOHM SMD AEC-Q,Electrical Components,OTS,ATLN,MAIN,FALSE,Sienna Corporation,32000,0,0.01,320,0,2,Unrestricted,32000
09-11-2026,CM: Qualitel WA,814L-10-006700,10-006700,CONN HEADER VERT 4POS 2.5MM,Electrical Components,OTS,"Seattle, WA",Stock,FALSE,Qualitel,14501,0,0.365,5292.865,0,0,Unrestricted,14501
09-11-2026,Lunar Netsuite,10-006701,10-006701,RES SMD 18K OHM 1% 1/16W 0402,Electrical Components,OTS,CA - Ravendale,NS,FALSE,Lunar Energy,10000,0,0.0009,9,0,0,Unrestricted,10000
09-11-2026,CM: Qualitel WA,814L-10-006701,10-006701,RES SMD 18K OHM 1% 1/16W 0402,Electrical Components,OTS,"Seattle, WA",Stock,FALSE,Qualitel,7015,0,0.0005,3.5075,0,0,Unrestricted,7015
09-11-2026,CM: Qualitel WA,814L-10-006702,10-006702,RES 270 OHM 1% 1/16W 0402,Electrical Components,OTS,"Seattle, WA",Stock,FALSE,Qualitel,8412,0,0.0005,4.206,0,0,Unrestricted,8412
09-11-2026,Lunar Netsuite,10-006703,10-006703,RES 39K OHM 1% 1/16W 0402,Electrical Components,OTS,CA - Ravendale,NS,FALSE,Lunar Energy,20000,0,0.0009,18,0,0,Unrestricted,20000
09-11-2026,CM: Qualitel WA,814L-10-006703,10-006703,RES 39K OHM 1% 1/16W 0402,Electrical Components,OTS,"Seattle, WA",Stock,FALSE,Qualitel,8374,0,0.0005,4.187,0,0,Unrestricted,8374
09-11-2026,CM: Qualitel WA,814L-10-006704,10-006704,RES 4.99K OHM 1% 1/16W 0402,Electrical Components,OTS,"Seattle, WA",Stock,FALSE,Qualitel,8353,0,0.0005,4.1765,0,0,Unrestricted,8353
09-11-2026,CM: Qualitel WA,814L-10-006705,10-006705,RES 9.1K OHM 1% 1/16W 0402,Electrical Components,OTS,"Seattle, WA",Stock,FALSE,Qualitel,20340,0,0.0005,10.17,0,0,Unrestricted,20340
09-11-2026,CM: Qualitel WA,814L-10-006707,10-006707,RES SMD 330 OHM 1% 3/4W 1206 AEC-Q,Electrical Components,OTS,"Seattle, WA",Stock,FALSE,Qualitel,18234,0,0.0138,251.6292,0,0,Unrestricted,18234
09-11-2026,CM: Qualitel WA,814L-10-006707,10-006707,RES SMD 330 OHM 1% 3/4W 1206 AEC-Q,Electrical Components,OTS,"Seattle, WA",MRB,FALSE,Qualitel,0,250,0.0138,0,3.45,0,Restricted,0
09-11-2026,CM: Qualitel WA,814L-10-006707,10-006707,RES SMD 330 OHM 1% 3/4W 1206 AEC-Q,Electrical Components,OTS,"Seattle, WA",PO Inspection,FALSE,Qualitel,0,250,0.0138,0,3.45,0,Restricted,0
09-11-2026,Lunar Netsuite,10-006709,10-006709,TERMINAL BLOCK NZ 15.0 2P GREEN WITHOUT JUMPER,Electrical Components,OTS,JIT - Reno,NS,FALSE,Lunar Energy,229,0,1.85,423.65,0,0,Unrestricted,229
09-11-2026,Lunar Netsuite,10-006709,10-006709,TERMINAL BLOCK NZ 15.0 2P GREEN WITHOUT JUMPER,Electrical Components,OTS,CA - Ravendale,NS,FALSE,Lunar Energy,595,0,1.8235,1084.9825,0,0,Unrestricted,595
09-11-2026,Lunar Netsuite,10-006710,10-006710,TERMINAL BLOCK NZ 15.0 3P GREEN WITHOUT JUMPER,Electrical Components,OTS,JIT - Reno,NS,FALSE,Lunar Energy,1000,0,2.109,2109,0,0,Unrestricted,1000
09-11-2026,Lunar Netsuite,10-006712,10-006712,IC OPEN-LOOP LLC TRANSFORMER DRIVER 8-HVSSOP AEC-Q100,Electrical Components,OTS,CA - Ravendale,NS,FALSE,Lunar Energy,50,0,2.505,125.25,0,0,Unrestricted,50
09-11-2026,Lunar Netsuite,10-006713,10-006713,CAP ALUM 100UF 20% 450V RADIAL,Electrical Components,OTS,CA - Ravendale,NS,FALSE,Lunar Energy,486,0,1.8238,886.3668,0,0,Unrestricted,486
09-11-2026,Lunar Netsuite,10-006714,10-006714,"TRANSFORMER AUXILIARY GATE DRIVE SMT 0.445"" L x 0.431"" W (11.30mm x 10.95mm)",Electrical Components,OTS,CA - Ravendale,NS,FALSE,Lunar Energy,250,0,2.09,522.5,0,0,Unrestricted,250
09-11-2026,Lunar Netsuite,10-006717,10-006717,MOSFET SILICON CARBIDE N-CH 650V RDS 10.0mOHM PG-HDSOP-22-1,Electrical Components,OTS,CA - Ravendale,NS,FALSE,Lunar Energy,826,0,0,0,0,0,Unrestricted,826
09-11-2026,Lunar Netsuite,10-006720,10-006720,IC DGTL ISO 8KV 1CH GT DVR PG-DSO-8-66,Electrical Components,OTS,JIT - Reno,NS,FALSE,Lunar Energy,1078,0,1.2959,1396.9802,0,0,Unrestricted,1078
09-11-2026,Lunar Netsuite,10-006720,10-006720,IC DGTL ISO 8KV 1CH GT DVR PG-DSO-8-66,Electrical Components,OTS,CA - Ravendale,NS,FALSE,Lunar Energy,2000,0,1.2,2400,0,0,Unrestricted,2000
09-11-2026,Lunar Netsuite,10-006721,10-006721,IC OFFLINE SWITCH FLYBACK 7-SOIC,Electrical Components,OTS,JIT - Reno,NS,FALSE,Lunar Energy,2700,0,0.7544,2036.88,0,0,Unrestricted,2700
09-11-2026,Lunar Netsuite,10-006722,10-006722,CAP CER 33NF 650V C0G 1812 AEC-Q,Electrical Components,OTS,CA - Ravendale,NS,FALSE,Lunar Energy,1000,0,1.26,1260,0,0,Unrestricted,1000
09-11-2026,Lunar Netsuite,10-006723,10-006723,RES 16.5K OHM 1% 1/8W 0805,Electrical Components,OTS,JIT - Reno,NS,FALSE,Lunar Energy,1400,0,0.013,18.2,0,0,Unrestricted,1400
09-11-2026,Lunar Netsuite,10-006724,10-006724,RES SMD 1.1K OHM 0.1% 1/16W 0402,Electrical Components,OTS,JIT - Reno,NS,FALSE,Lunar Energy,1000,0,0.067,67,0,0,Unrestricted,1000
09-11-2026,Lunar Netsuite,10-006729,10-006729,"TRANSFORMER POWER -40°C to +125°C PTH 14 PIN 32.25MM X 27.05MM X 22,86MM",Electrical Components,OTS,CA - Ravendale,NS,FALSE,Lunar Energy,784,0,6.35,4978.4,0,0,Unrestricted,784
09-11-2026,Lunar Netsuite,10-006730,10-006730,CAP FILM 5UF 5% 700VDC RADIAL AEC-Q200,Electrical Components,OTS,JIT - Reno,NS,FALSE,Lunar Energy,738,0,1.75,1291.5,0,0,Unrestricted,738
09-11-2026,Lunar Netsuite,10-006730,10-006730,CAP FILM 5UF 5% 700VDC RADIAL AEC-Q200,Electrical Components,OTS,CA - Ravendale,NS,FALSE,Lunar Energy,317,0,1.6086,509.9262,0,0,Unrestricted,317
09-11-2026,Lunar Netsuite,10-006731,10-006731,CAP ALUM 800UF 20% 315V RADIAL,Electrical Components,OTS,JIT - Reno,NS,FALSE,Lunar Energy,400,0,0,0,0,0,Unrestricted,400
09-11-2026,Lunar Netsuite,10-006731,10-006731,CAP ALUM 800UF 20% 315V RADIAL,Electrical Components,OTS,CA - Ravendale,NS,FALSE,Lunar Energy,800,0,1.91,1528,0,0,Unrestricted,800
09-11-2026,Lunar Netsuite,10-006732,10-006732,IC SIGMA-DELTA 16BIT 40K 24TSSOP,Electrical Components,OTS,CA - Ravendale,NS,FALSE,Lunar Energy,5,0,0,0,0,0,Unrestricted,5
09-11-2026,Lunar Netsuite,10-006735,10-006735,RES SMD 22.6K OHM 1% 1/10W 0603,Electrical Components,OTS,JIT - Reno,NS,FALSE,Lunar Energy,1000,0,0.0141,14.1,0,0,Unrestricted,1000
09-11-2026,Lunar Netsuite,10-006739,10-006739,CAP CER 27PF 50V C0G/NP0 0603,Electrical Components,OTS,JIT - Reno,NS,FALSE,Lunar Energy,4000,0,0.0042,16.8,0,0,Unrestricted,4000
09-11-2026,Lunar Netsuite,10-006740,10-006740,DIODE STANDARD 200V 400MA SOD123,Electrical Components,OTS,CA - Ravendale,NS,FALSE,Lunar Energy,6000,0,0.0284,170.4,0,0,Unrestricted,6000
09-11-2026,Lunar Netsuite,10-006741,10-006741,DIODE STANDARD 800V 1A SMA,Electrical Components,OTS,JIT - Reno,NS,FALSE,Lunar Energy,1000,0,0.1658,165.8,0,0,Unrestricted,1000
09-11-2026,Lunar Netsuite,10-006744,10-006744,DIODE BRIDGE RECT 1P 600V 1.5A DF-S,Electrical Components,OTS,JIT - Reno,NS,FALSE,Lunar Energy,1000,0,0.245,245,0,0,Unrestricted,1000
09-11-2026,Lunar Netsuite,10-006747,10-006747,CAP CER 330PF 1KV U2J 1206,Electrical Components,OTS,JIT - Reno,NS,FALSE,Lunar Energy,1050,0,0.067,70.35,0,0,Unrestricted,1050
09-11-2026,Lunar Netsuite,10-006748,10-006748,RES 100 OHM 5% 1W 1210 AEC-Q,Electrical Components,OTS,JIT - Reno,NS,FALSE,Lunar Energy,2100,0,0.04,84,0,0,Unrestricted,2100
09-11-2026,Lunar Netsuite,10-006749,10-006749,CAP FILM 5UF 5% 700VDC RADIAL,Electrical Components,OTS,CA - Ravendale,NS,FALSE,Lunar Energy,2458,0,3.7554,9230.7732,0,0,Unrestricted,2458
09-11-2026,Lunar Netsuite,10-006750,10-006750,CAP ALUMHYB 150UF 20% 35V SMD,Electrical Components,OTS,JIT - Reno,NS,FALSE,Lunar Energy,2100,0,0.863,1812.3,0,0,Unrestricted,2100
09-11-2026,Lunar Netsuite,10-006756,10-006756,IND FIXED 10UH 5.5A 20 MOHM SMD,Electrical Components,OTS,JIT - Reno,NS,FALSE,Lunar Energy,1200,0,0.5748,689.76,0,0,Unrestricted,1200
09-11-2026,Lunar Netsuite,10-006759,10-006759,CAP CER 680PF 440VAC RADIAL,Electrical Components,OTS,JIT - Reno,NS,FALSE,Lunar Energy,1050,0,0.112,117.6,0,0,Unrestricted,1050
09-11-2026,Lunar Netsuite,10-006761,10-006761,RES 10K OHM 5% 1/2W 1206,Electrical Components,OTS,CA - Ravendale,NS,FALSE,Lunar Energy,15000,0,0.0128,192,0,0,Unrestricted,15000
09-11-2026,Lunar Netsuite,10-006761,10-006761,RES 10K OHM 5% 1/2W 1206,Electrical Components,OTS,JIT - Reno,NS,FALSE,Lunar Energy,3545,0,0.029,102.805,0,0,Unrestricted,3545
09-11-2026,Lunar Netsuite,10-006762,10-006762,IC ISOLATION 8SOIC,Electrical Components,OTS,JIT - Reno,NS,FALSE,Lunar Energy,382,0,2.958,1129.956,0,0,Unrestricted,382
09-11-2026,Lunar Netsuite,10-006763,10-006763,MOSFET N-CH 700V 3A SOT223,Electrical Components,OTS,JIT - Reno,NS,FALSE,Lunar Energy,4050,0,0.2,810,0,0,Unrestricted,4050
09-11-2026,Lunar Netsuite,10-006764,10-006764,CAP ALUM 10UF 20% 350V RADIAL TH,Electrical Components,OTS,JIT - Reno,NS,FALSE,Lunar Energy,1400,0,0.4122,577.08,0,0,Unrestricted,1400
09-11-2026,Lunar Netsuite,10-006768,10-006768,IC ELECTRONIC FUSE 5% 16HTSSOP,Electrical Components,OTS,JIT - Reno,NS,FALSE,Lunar Energy,4000,0,1.6758,6703.2,0,0,Unrestricted,4000
09-11-2026,Lunar Netsuite,10-006777,10-006777,TERM BLK 8POS TOP ENTRY 5MM PCB,Electrical Components,OTS,CA - Ravendale,NS,FALSE,Lunar Energy,960,0,0,0,0,0,Unrestricted,960
09-11-2026,Lunar Netsuite,10-006779,10-006779,CONN SCREW TERMINAL BRACKET M4 4 PIN D,Electrical Components,OTS,CA - Ravendale,NS,FALSE,Lunar Energy,152,0,0.177,26.904,0,0,Unrestricted,152
09-11-2026,Lunar Netsuite,10-006779,10-006779,CONN SCREW TERMINAL BRACKET M4 4 PIN D,Electrical Components,OTS,JIT - Reno,NS,FALSE,Lunar Energy,1948,0,0.1732,337.3936,0,0,Unrestricted,1948
09-11-2026,Lunar Netsuite,10-006780,10-006780,IC VREF SERIES 0.15% SOT23-3,Electrical Components,OTS,JIT - Reno,NS,FALSE,Lunar Energy,750,0,1.4531,1089.825,0,0,Unrestricted,750
09-11-2026,Lunar Netsuite,10-006781,10-006781,IC SWITCH SP4T X 1 5OHM 10USON,Electrical Components,OTS,JIT - Reno,NS,FALSE,Lunar Energy,3000,0,0.2756,826.8,0,0,Unrestricted,3000
09-11-2026,Lunar Netsuite,10-006782,10-006782,RES 680K OHM 1% 3/4W 1210,Electrical Components,OTS,JIT - Reno,NS,FALSE,Lunar Energy,1188,0,0.075,89.1,0,0,Unrestricted,1188
09-11-2026,Lunar Netsuite,10-006782,10-006782,RES 680K OHM 1% 3/4W 1210,Electrical Components,OTS,CA - Ravendale,NS,FALSE,Lunar Energy,19965,0,0.1465,2924.8725,0,0,Unrestricted,19965
09-11-2026,Lunar Netsuite,10-006786,10-006786,RES 33.2K OHM 1% 1/16W 0402,Electrical Components,OTS,JIT - Reno,NS,FALSE,Lunar Energy,1000,0,0.0151,15.1,0,0,Unrestricted,1000
09-11-2026,Lunar Netsuite,10-006788,10-006788,RES 5.23K OHM 1% 1/16W 0402,Electrical Components,OTS,JIT - Reno,NS,FALSE,Lunar Energy,10000,0,0.001,10,0,0,Unrestricted,10000
09-11-2026,Lunar Netsuite,10-006789,10-006789,RES SMD 33K OHM 0.1% 1/10W 0603,Electrical Components,OTS,CA - Ravendale,NS,FALSE,Lunar Energy,5021,0,0.0397,199.3337,0,0,Unrestricted,5021
09-11-2026,Lunar Netsuite,10-006790,10-006790,IC TRANSCEIVER HALF 1/1 8SOIC AEC-Q,Electrical Components,OTS,JIT - Reno,NS,FALSE,Lunar Energy,8100,0,0.471,3815.1,0,0,Unrestricted,8100
09-11-2026,Lunar Netsuite,10-006791,10-006791,TVS DIODE 24VWM 40VC SOT23,Electrical Components,OTS,JIT - Reno,NS,FALSE,Lunar Energy,9880,0,0.0998,986.024,0,0,Unrestricted,9880
09-11-2026,CM: Qualitel WA,814L-10-006791,10-006791,TVS DIODE 24VWM 40VC SOT23,Electrical Components,OTS,"Seattle, WA",Stock,FALSE,Qualitel,21000,0,0.044,924,0,0,Unrestricted,21000
09-11-2026,Lunar Netsuite,10-006793,10-006793,IC Arm Cortex-A53 Microprocessor ANB0373A,Electrical Components,OTS,JIT - Reno,NS,FALSE,Lunar Energy,874,0,9.1865,8029.001,0,0,Unrestricted,874
09-11-2026,Lunar Netsuite,10-006793,10-006793,IC Arm Cortex-A53 Microprocessor ANB0373A,Electrical Components,OTS,NPI Builds,NS,FALSE,Lunar Energy,30,0,0,0,0,0,Unrestricted,30
09-11-2026,Lunar Netsuite,10-006794,10-006794,IC OPAMP GP 1 CIRCUIT SOT23-5,Electrical Components,OTS,JIT - Reno,NS,FALSE,Lunar Energy,12000,0,1.3096,15715.2,0,0,Unrestricted,12000
09-11-2026,Lunar Netsuite,10-006804,10-006804,CAP FEEDTHRU 1UF 20% 4V 0402 AEC-Q,Electrical Components,OTS,JIT - Reno,NS,FALSE,Lunar Energy,4200,0,0.052,218.4,0,0,Unrestricted,4200
09-11-2026,Lunar Netsuite,10-006806,10-006806,IC BUFF NON-INVERT SCHMITT TRIGGER 5.5V SOT-23-5,Electrical Components,OTS,JIT - Reno,NS,FALSE,Lunar Energy,1320,0,0.062,81.84,0,0,Unrestricted,1320
09-11-2026,CM: Qualitel WA,814L-10-006807,10-006807,"XFMR FWD P-P DC/DC CONV SMD 0.485"" L x 0.410"" W (12.32mm x 10.41mm)",Electrical Components,OTS,"Seattle, WA",Stock,FALSE,Qualitel,2450,0,1.34,3283,0,0,Unrestricted,2450
09-11-2026,Lunar Netsuite,10-006817,10-006817,IND FIXED 3.3NH 700MA 45MOHM SMD 0603,Electrical Components,OTS,JIT - Reno,NS,FALSE,Lunar Energy,1350,0,0.058,78.3,0,0,Unrestricted,1350
09-11-2026,Lunar Netsuite,10-006818,10-006818,IND FIXED 12NH 500MA 0.14OHM SMD 0402,Electrical Components,OTS,JIT - Reno,NS,FALSE,Lunar Energy,1000,0,0.065,65,0,0,Unrestricted,1000
09-11-2026,Lunar Netsuite,10-006819,10-006819,IND FIXED 10NH 650MA 0.11OHM SMD 0603,Electrical Components,OTS,JIT - Reno,NS,FALSE,Lunar Energy,1350,0,0.082,110.7,0,0,Unrestricted,1350
09-11-2026,Lunar Netsuite,10-006820,10-006820,IC ETHERNET CONTROLLER PHY 10/100 BASE-T/TX INDUSTRIAL 32-VQFN (5x5),Electrical Components,OTS,JIT - Reno,NS,FALSE,Lunar Energy,2700,0,1.7758,4794.66,0,0,Unrestricted,2700
09-11-2026,Lunar Netsuite,10-006823,10-006823,"CMC 100MA 2LN 90 OHM SMD 0.033"" L x 0.026"" W (0.85mm x 0.65mm)",Electrical Components,OTS,JIT - Reno,NS,FALSE,Lunar Energy,1000,0,0.052,52,0,0,Unrestricted,1000
09-11-2026,Lunar Netsuite,10-006826,10-006826,LED GREEN CLEAR SMD 0603,Electrical Components,OTS,JIT - Reno,NS,FALSE,Lunar Energy,5600,0,0.028,156.8,0,0,Unrestricted,5600
09-11-2026,Lunar Netsuite,10-006828,10-006828,MODULE SimpleLink™ 2.4GHz and 5GHz Dual-Band Wi-Fi 6 and Bluetooth® QFM (MOZ) | 65,Electrical Components,OTS,CA - Ravendale,NS,FALSE,Lunar Energy,1500,0,3.5,5250,0,0,Unrestricted,1500
09-11-2026,Lunar Netsuite,10-006830,10-006830,IC MCU 32BIT 256KB FLASH 48VFQFN,Electrical Components,OTS,CA - Ravendale,NS,FALSE,Lunar Energy,25831,0,1.4153,36558.6143,0,0,Unrestricted,25831
09-11-2026,Lunar Netsuite,10-006831,10-006831,IC SDRAM DDR4 MEMORY 16Gbit 96-FBGA (9x13),Electrical Components,OTS,CA - Ravendale,NS,FALSE,Lunar Energy,142,0,35.49,5039.58,0,0,Unrestricted,142
09-11-2026,Lunar Netsuite,10-006833,10-006833,IC REG BUCK ADJ 2.5A 8SOPWR,Electrical Components,OTS,CA - Ravendale,NS,FALSE,Lunar Energy,870,0,1.9914,1732.518,0,0,Unrestricted,870
09-11-2026,Lunar Netsuite,10-006835,10-006835,SWITCH TACTILE SPST-NO 0.02A 15V 4.70mm x 3.50mm,Electrical Components,OTS,JIT - Reno,NS,FALSE,Lunar Energy,930,0,0.508,472.44,0,0,Unrestricted,930
09-11-2026,Lunar Netsuite,10-006835,10-006835,SWITCH TACTILE SPST-NO 0.02A 15V 4.70mm x 3.50mm,Electrical Components,OTS,CA - Ravendale,NS,FALSE,Lunar Energy,100,0,0.7386,73.86,0,0,Unrestricted,100
09-11-2026,Lunar Netsuite,10-006836,10-006836,IC USB 2.0 HUB AND FLASH MEDIA CARD CONTROLLER COMBO 48-QFN (7x7),Electrical Components,OTS,CA - Ravendale,NS,FALSE,Lunar Energy,2,0,0,0,0,0,Unrestricted,0
09-11-2026,Lunar Netsuite,10-006842,10-006842,RES ARRAY 4 RES 10K OHM 1206,Electrical Components,OTS,CA - Ravendale,NS,FALSE,Lunar Energy,95470,0,0.0143,1365.221,0,0,Unrestricted,95470
09-11-2026,Lunar Netsuite,10-006846,10-006846,IC REG LIN POS ADJ 100MA 8-SOIC,Electrical Components,OTS,JIT - Reno,NS,FALSE,Lunar Energy,1350,0,0.431,581.85,0,0,Unrestricted,1350
09-11-2026,Lunar Netsuite,10-006847,10-006847,SWITCH SLIDE DIP SPST 0.1A 6V 5.6MMLx2.5MMDx2.5MMH,Electrical Components,OTS,JIT - Reno,NS,FALSE,Lunar Energy,2000,0,0.6109,1221.8,0,0,Unrestricted,2000
09-11-2026,Lunar Netsuite,10-006852,10-006852,IC VREF SERIES 0.7% TSOT6,Electrical Components,OTS,JIT - Reno,NS,FALSE,Lunar Energy,1350,0,1.855,2504.25,0,0,Unrestricted,1350
09-11-2026,Lunar Netsuite,10-006853,10-006853,RES 1.5K OHM 1% 1/16W 0402,Electrical Components,OTS,CA - Ravendale,NS,FALSE,Lunar Energy,104350,0,0.002,208.7,0,0,Unrestricted,104350
09-11-2026,Lunar Netsuite,10-006858,10-006858,MODULE WI-FI AND BLUETOOTH 61PINS 16.6MM L X 13.2MM W X 2.4MM H,Electrical Components,OTS,CA - Ravendale,NS,FALSE,Lunar Energy,151,0,2.47,372.97,0,0,Unrestricted,151
09-11-2026,Lunar Netsuite,10-006859,10-006859,RES SMD 32.4K OHM 1% 1/16W 0402,Electrical Components,OTS,CA - Ravendale,NS,FALSE,Lunar Energy,26350,0,0.002,52.7,0,0,Unrestricted,26350
09-11-2026,Lunar Netsuite,10-006870,10-006870,RES SMD 120 OHM 0.5% 1/10W 0603,Electrical Components,OTS,JIT - Reno,NS,FALSE,Lunar Energy,1000,0,0.02,20,0,0,Unrestricted,1000
09-11-2026,Lunar Netsuite,10-006872,10-006872,RES 0.12 OHM 1% 1/2W 1206,Electrical Components,OTS,JIT - Reno,NS,FALSE,Lunar Energy,1000,0,0.043,43,0,0,Unrestricted,1000
09-11-2026,Lunar Netsuite,10-006873,10-006873,CAP CER 10000PF 500V C0G 1206,Electrical Components,OTS,JIT - Reno,NS,FALSE,Lunar Energy,1050,0,0.142,149.1,0,0,Unrestricted,1050
09-11-2026,Lunar Netsuite,10-006875,10-006875,RES 20K OHM 1% 1W 1210,Electrical Components,OTS,JIT - Reno,NS,FALSE,Lunar Energy,2100,0,0.081,170.1,0,0,Unrestricted,2100
09-11-2026,Lunar Netsuite,10-006877,10-006877,"FUSE BOARD MOUNT SLOW BLOW 3A 250VAC 2SMD 0.398"" L x 0.123"" W x 0.123"" H",Electrical Components,OTS,JIT - Reno,NS,FALSE,Lunar Energy,1000,0,0.657,657,0,0,Unrestricted,1000
09-11-2026,Lunar Netsuite,10-006878,10-006878,"FUSE BRD MT 2.5A 350VAC 600VDC 0.520""L x 0.199""W AEC-Q",Electrical Components,OTS,JIT - Reno,NS,FALSE,Lunar Energy,555,0,1.809,1003.995,0,0,Unrestricted,555
09-11-2026,Lunar Netsuite,10-006878,10-006878,"FUSE BRD MT 2.5A 350VAC 600VDC 0.520""L x 0.199""W AEC-Q",Electrical Components,OTS,CA - Ravendale,NS,FALSE,Lunar Energy,900,0,1.4,1260,0,0,Unrestricted,900
09-11-2026,Lunar Netsuite,10-006879,10-006879,RES 17.4K OHM 1% 1/10W 0603,Electrical Components,OTS,JIT - Reno,NS,FALSE,Lunar Energy,312,0,0.0318,9.9216,0,0,Unrestricted,312
09-11-2026,Lunar Netsuite,10-006879,10-006879,RES 17.4K OHM 1% 1/10W 0603,Electrical Components,OTS,CA - Ravendale,NS,FALSE,Lunar Energy,5000,0,0.0068,34,0,0,Unrestricted,5000
09-11-2026,Lunar Netsuite,10-006881,10-006881,RES 57.6K OHM 1% 1/10W 0603,Electrical Components,OTS,JIT - Reno,NS,FALSE,Lunar Energy,1000,0,0.0136,13.6,0,0,Unrestricted,1000
09-11-2026,Lunar Netsuite,10-006883,10-006883,IC FLASH 512GBIT EMMC 153FBGA,Electrical Components,OTS,CA - Ravendale,NS,FALSE,Lunar Energy,1216,0,41.915,50968.64,0,0,Unrestricted,1216
09-11-2026,Lunar Netsuite,10-006884,10-006884,IC DRAM 4GBIT POD 78FBGA,Electrical Components,OTS,CA - Ravendale,NS,FALSE,Lunar Energy,2118,0,8.88,18807.84,0,0,Unrestricted,2118
09-11-2026,Lunar Netsuite,10-006886,10-006886,CAP CER 330PF 50V C0G/NP0 0402,Electrical Components,OTS,JIT - Reno,NS,FALSE,Lunar Energy,2100,0,0.011,23.1,0,0,Unrestricted,2100
09-11-2026,Lunar Netsuite,10-006887,10-006887,CAP CER 33PF 50V C0G/NP0 0603,Electrical Components,OTS,JIT - Reno,NS,FALSE,Lunar Energy,1000,0,0.032,32,0,0,Unrestricted,1000
09-11-2026,Lunar Netsuite,10-006890,10-006890,"INDUCTOR FIXED 2.2UH ±30% 5.1A 19 MOHM SMD (0.236""L x 0.236""W (6.00mm x 6.00mm))",Electrical Components,OTS,JIT - Reno,NS,FALSE,Lunar Energy,2700,0,0.165,445.5,0,0,Unrestricted,2700
09-11-2026,Lunar Netsuite,10-006895,10-006895,DIODE SCHOTTKY 200V 20A DPAK (6.7X6.2x2.4MM),Electrical Components,OTS,JIT - Reno,NS,FALSE,Lunar Energy,5000,0,0.2316,1158,0,0,Unrestricted,5000
09-11-2026,Lunar Netsuite,10-006896,10-006896,CAP CER 0.022UF 50V C0G/NP0 0805,Electrical Components,OTS,JIT - Reno,NS,FALSE,Lunar Energy,5297,0,0.2136,1131.4392,0,0,Unrestricted,5297
09-11-2026,Lunar Netsuite,10-006898,10-006898,"IND 10UH 21A 3.88 MOHM SMD (0.886"" L x 0.866"" W (22.50mm x 22.00mm))",Electrical Components,OTS,CA - Ravendale,NS,FALSE,Lunar Energy,850,0,3.11,2643.5,0,0,Unrestricted,850
09-11-2026,Lunar Netsuite,10-006901,10-006901,IC BUFF NON-INVERT 5.5V 14-TSSOP,Electrical Components,OTS,CA - Ravendale,NS,FALSE,Lunar Energy,23611,0,0.2068,4882.7548,0,0,Unrestricted,23611
09-11-2026,Lunar Netsuite,10-006902,10-006902,MOSFET N-CH 100V 190MA SOT23-3 (2.9LX1.3WX1HMM),Electrical Components,OTS,CA - Ravendale,NS,FALSE,Lunar Energy,20068,0,0.0637,1278.3316,0,0,Unrestricted,20068
09-11-2026,Lunar Netsuite,10-006903,10-006903,RES 0.5 MILLIOHM 1% 1W 0612,Electrical Components,OTS,CA - Ravendale,NS,FALSE,Lunar Energy,10000,0,0.184,1840,0,0,Unrestricted,10000
09-11-2026,Lunar Netsuite,10-006905,10-006905,CAP CER 2.2UF 50V X7R 0805,Electrical Components,OTS,JIT - Reno,NS,FALSE,Lunar Energy,305,0,0.078,23.79,0,0,Unrestricted,305
09-11-2026,Lunar Netsuite,10-006906,10-006906,IC FLASH 512MBIT SPI/QUAD 24-BGA (8x6),Electrical Components,OTS,CA - Ravendale,NS,FALSE,Lunar Energy,373,0,2.35,876.55,0,0,Unrestricted,373
09-11-2026,Lunar Netsuite,10-006910,10-006910,RES SMD 15.8KOHM 0.1% 1/16W 0402,Electrical Components,OTS,CA - Ravendale,NS,FALSE,Lunar Energy,26000,0,0.0455,1183,0,0,Unrestricted,26000
09-11-2026,Lunar Netsuite,10-006911,10-006911,RES 22.1K OHM 1% 1/16W 0402,Electrical Components,OTS,CA - Ravendale,NS,FALSE,Lunar Energy,2700,0,0.0107,28.89,0,0,Unrestricted,2700
09-11-2026,Lunar Netsuite,10-006914,10-006914,RES 390K OHM 1% 1/2W 1206,Electrical Components,OTS,CA - Ravendale,NS,FALSE,Lunar Energy,10000,0,0.0054,54,0,0,Unrestricted,10000
09-11-2026,Lunar Netsuite,10-006919,10-006919,MOSFET N-CH 100V 18A TSDSON-8-32 (3.3X3.3MM),Electrical Components,OTS,JIT - Reno,NS,FALSE,Lunar Energy,768,0,0.4416,339.1488,0,0,Unrestricted,768
09-11-2026,Lunar Netsuite,10-006919,10-006919,MOSFET N-CH 100V 18A TSDSON-8-32 (3.3X3.3MM),Electrical Components,OTS,CA - Ravendale,NS,FALSE,Lunar Energy,1500,0,0.344,516,0,0,Unrestricted,1500
09-11-2026,Lunar Netsuite,10-006921,10-006921,CONN HEADER VERT 12POS 2ROWS 5.7MM PITCH ROW SPACING THRU HOLE 34.85LX14.03DX14.8HMM,Electrical Components,OTS,CA - Ravendale,NS,FALSE,Lunar Energy,575,0,6.4215,3692.3625,0,0,Unrestricted,575
09-11-2026,Lunar Netsuite,10-006925,10-006925,MOSFET P-CH 60V 330MA SOT23-3 (2.9MMX2.4MM),Electrical Components,OTS,JIT - Reno,NS,FALSE,Lunar Energy,4050,0,0.081,328.05,0,0,Unrestricted,4050
09-11-2026,Lunar Netsuite,10-006926,10-006926,IC GATE DRVR LOW-SIDE 8SOIC (4.93MML X 3.94MMW),Electrical Components,OTS,JIT - Reno,NS,FALSE,Lunar Energy,5400,0,0.303,1636.2,0,0,Unrestricted,5400
09-11-2026,Lunar Netsuite,10-006928,10-006928,IC POE CNTRL 4 CHANNEL 28TSSOP (9.8L(Max) x 4.5W(Max) x 1.05H(Max)),Electrical Components,OTS,JIT - Reno,NS,FALSE,Lunar Energy,1350,0,5.2299,7060.365,0,0,Unrestricted,1350
09-11-2026,Lunar Netsuite,10-006933,10-006933,ANTENNA RF 2.4GHZ 5.8GHZ EMBEDDED WIFI?WLAN SMT (9.6MM X 8.4MM x 1.1MM),Electrical Components,OTS,JIT - Reno,NS,FALSE,Lunar Energy,1350,0,0.647,873.45,0,0,Unrestricted,1350
09-11-2026,Lunar Netsuite,10-006934,10-006934,RES 22 OHM 1% 2W 2512,Electrical Components,OTS,JIT - Reno,NS,FALSE,Lunar Energy,1400,0,0.2514,351.96,0,0,Unrestricted,1400
09-11-2026,Lunar Netsuite,10-006936,10-006936,"CAP ALUM 22UF 20% 100V SMD 0.315"" Dia (8.00mm)",Electrical Components,OTS,CA - Ravendale,NS,FALSE,Lunar Energy,1500,0,0.2615,392.25,0,0,Unrestricted,1500
09-11-2026,Lunar Netsuite,10-006937,10-006937,RES SMD 825K OHM 1% 1/16W 0402,Electrical Components,OTS,CA - Ravendale,NS,FALSE,Lunar Energy,10000,0,0.0017,17,0,0,Unrestricted,10000
09-11-2026,Lunar Netsuite,10-006940,10-006940,CAP CER 68PF 50V C0G/NP0 0402,Electrical Components,OTS,JIT - Reno,NS,FALSE,Lunar Energy,10000,0,0.0017,17,0,0,Unrestricted,10000
09-11-2026,Lunar Netsuite,10-006941,10-006941,Standoff Round F/F M4 X 0.7-THD Carbon Steel Electro-Tin SMD,Part,OTS,JIT - Reno,NS,FALSE,Lunar Energy,1400,0,0.88,1232,0,0,Unrestricted,1400
09-11-2026,Lunar Netsuite,10-006942,10-006942,RES SMD 47 OHM 1% 1/10W 0603,Electrical Components,OTS,JIT - Reno,NS,FALSE,Lunar Energy,865,0,0.0142,12.283,0,0,Unrestricted,865
09-11-2026,Lunar Netsuite,10-006943,10-006943,RES SMD 22.1 OHM 1% 1/10W 0603,Electrical Components,OTS,JIT - Reno,NS,FALSE,Lunar Energy,1000,0,0.0136,13.6,0,0,Unrestricted,1000
09-11-2026,Lunar Netsuite,10-006945,10-006945,DIODE TVS 58VWM 95VC DO219AB (3.9MM X 1.9MM),Electrical Components,OTS,JIT - Reno,NS,FALSE,Lunar Energy,1000,0,0.143,143,0,0,Unrestricted,1000
09-11-2026,Lunar Netsuite,10-006948,10-006948,Module ESIM,Electrical Components,OTS,CA - Ravendale,NS,FALSE,Lunar Energy,1501,0,1.1492,1724.9492,0,0,Unrestricted,1501
09-11-2026,Lunar Netsuite,10-006949,10-006949,CONN HEADER VERT 8POS 2MM (22.62MML X 10.44MMLD X 14.6MMH),Electrical Components,OTS,CA - Ravendale,NS,FALSE,Lunar Energy,3,0,0,0,0,0,Unrestricted,0
09-11-2026,Lunar Netsuite,10-006949,10-006949,CONN HEADER VERT 8POS 2MM (22.62MML X 10.44MMLD X 14.6MMH),Electrical Components,OTS,JIT - Reno,NS,FALSE,Lunar Energy,998,0,1.17,1167.66,0,0,Unrestricted,998
09-11-2026,Lunar Netsuite,10-006950,10-006950,IC SUPERVISOR 1 CHANNEL SC70-5 (2MMX X 1.25MMW X 0.9MMH),Electrical Components,OTS,JIT - Reno,NS,FALSE,Lunar Energy,1350,0,0.474,639.9,0,0,Unrestricted,1350
09-11-2026,Lunar Netsuite,10-006951,10-006951,IC INVERTER 1CH 1-INP SOT23-5 (2.9mm × 2.8mm),Electrical Components,OTS,JIT - Reno,NS,FALSE,Lunar Energy,1350,0,0.059,79.65,0,0,Unrestricted,1350
09-11-2026,Lunar Netsuite,10-006953,10-006953,"LED SMD 5050 W/ 6 PINS, Discrete Red, Green, Blue (RGB) ADDRESSABLE 5.36mmL x 5.00mmW",Electrical Components,OTS,JIT - Reno,NS,FALSE,Lunar Energy,700,0,0.4073,285.11,0,0,Unrestricted,700
09-11-2026,Lunar Netsuite,10-006953,10-006953,"LED SMD 5050 W/ 6 PINS, Discrete Red, Green, Blue (RGB) ADDRESSABLE 5.36mmL x 5.00mmW",Electrical Components,OTS,CA - Ravendale,NS,FALSE,Lunar Energy,300,0,0,0,0,0,Unrestricted,300
09-11-2026,CM: Qualitel WA,814L-10-006954,10-006954,DIODE ZENER 20V 250MW SOT23-3 (2.9MM X 1.3MM),Electrical Components,OTS,"Seattle, WA",Stock,FALSE,Qualitel,33000,0,0.0115,379.5,0,0,Unrestricted,33000
09-11-2026,CM: Qualitel WA,814L-10-006955,10-006955,DIODE ZENER 3.3V 250MW SOT23-3 (2.9MM X 1.3MM),Electrical Components,OTS,"Seattle, WA",Stock,FALSE,Qualitel,36000,0,0.0108,388.8,0,0,Unrestricted,36000
09-11-2026,Lunar Netsuite,10-006957,10-006957,"IC HIGH-PRECISION, 50-MV INPUT, REI 16-SOIC (10.5(Max)MM X 7.6(Max)MM))",Electrical Components,OTS,JIT - Reno,NS,FALSE,Lunar Energy,2000,0,3.1695,6339,0,0,Unrestricted,2000
09-11-2026,Lunar Netsuite,10-006958,10-006958,RES 7.32K OHM 1% 1/16W 0402,Electrical Components,OTS,CA - Ravendale,NS,FALSE,Lunar Energy,10000,0,0.0013,13,0,0,Unrestricted,10000
09-11-2026,Lunar Netsuite,10-006959,10-006959,RES SMD 200 OHM 1% 1/16W 0402,Electrical Components,OTS,JIT - Reno,NS,FALSE,Lunar Energy,1000,0,0.0151,15.1,0,0,Unrestricted,1000
09-11-2026,Lunar Netsuite,10-006960,10-006960,RES 23.7K OHM 1% 1/16W 0402,Electrical Components,OTS,JIT - Reno,NS,FALSE,Lunar Energy,1400,0,0.0084,11.76,0,0,Unrestricted,1400
09-11-2026,Lunar Netsuite,10-006962,10-006962,IC MODULATOR 16BIT RESOLUTION 8SOIC (4.9MM × 3.9MM),Electrical Components,OTS,JIT - Reno,NS,FALSE,Lunar Energy,1350,0,2.465,3327.75,0,0,Unrestricted,1350
09-11-2026,Lunar Netsuite,10-006963,10-006963,RES 0.001 OHM 1% 3W 1216 AEC-Q,Electrical Components,OTS,JIT - Reno,NS,FALSE,Lunar Energy,1000,0,0.3717,371.7,0,0,Unrestricted,1000
09-11-2026,Lunar Netsuite,10-006964,10-006964,IC REG CTRLR BOOST/SEPIC 10MSOP (3MM X 3MM),Electrical Components,OTS,JIT - Reno,NS,FALSE,Lunar Energy,1350,0,1.7678,2386.53,0,0,Unrestricted,1350
09-11-2026,Lunar Netsuite,10-006967,10-006967,RES SMD 5.6K OHM 1% 1/16W 0402,Electrical Components,OTS,CA - Ravendale,NS,FALSE,Lunar Energy,26350,0,0.002,52.7,0,0,Unrestricted,26350
09-11-2026,Lunar Netsuite,10-006968,10-006968,IC VREF SHUNT ADJ 0.5% SOT23 (3MM X 1.4MM),Electrical Components,OTS,JIT - Reno,NS,FALSE,Lunar Energy,1442,0,0.2014,290.4188,0,0,Unrestricted,1442
09-11-2026,Lunar Netsuite,10-006970,10-006970,IC CURRENT SENSE AMPLIFIER SC-70-6 (2.15MM X 1.4MM),Electrical Components,OTS,CA - Ravendale,NS,FALSE,Lunar Energy,14285,0,0.0817,1167.0845,0,0,Unrestricted,14285
09-11-2026,Lunar Netsuite,10-006972,10-006972,RES 75K OHM 1% 1/4W 0805,Electrical Components,OTS,JIT - Reno,NS,FALSE,Lunar Energy,1000,0,0.019,19,0,0,Unrestricted,1000
09-11-2026,Lunar Netsuite,10-006973,10-006973,DIODE SCHOTTKY 100V 150MA SOD323 (1.8MM X 1.45MM),Electrical Components,OTS,JIT - Reno,NS,FALSE,Lunar Energy,6000,0,0.0626,375.6,0,0,Unrestricted,6000
09-11-2026,Lunar Netsuite,10-006976,10-006976,IC REG BUCK BOOST ADJ 600MA 8CSP (0.80MM x1.60MM),Electrical Components,OTS,JIT - Reno,NS,FALSE,Lunar Energy,1000,0,0.6649,664.9,0,0,Unrestricted,1000
09-11-2026,Lunar Netsuite,10-006979,10-006979,IC REG LIN POS ADJ 50MA 8-HVSSOP (3.00MM X 5.00MM),Electrical Components,OTS,JIT - Reno,NS,FALSE,Lunar Energy,1350,0,1.9712,2661.12,0,0,Unrestricted,1350
09-11-2026,Lunar Netsuite,10-006981,10-006981,TRANSFORMER PULSE 1CT:1CT TX 1CT:1CT RX 18.29mm x 14.70mm,Electrical Components,OTS,CA - Ravendale,NS,FALSE,Lunar Energy,320,0,4.64,1484.8,0,0,Unrestricted,320
09-11-2026,Lunar Netsuite,10-006981,10-006981,TRANSFORMER PULSE 1CT:1CT TX 1CT:1CT RX 18.29mm x 14.70mm,Electrical Components,OTS,JIT - Reno,NS,FALSE,Lunar Energy,680,0,4.43,3012.4,0,0,Unrestricted,680
09-11-2026,Lunar Netsuite,10-006983,10-006983,VARISTOR 750V 8KA 195J DISC 20MM,Electrical Components,OTS,JIT - Reno,NS,FALSE,Lunar Energy,1000,0,0.527,527,0,0,Unrestricted,1000
09-11-2026,Lunar Netsuite,10-006986,10-006986,RES SMD 7.5K OHM 1% 3/4W 2010,Electrical Components,OTS,JIT - Reno,NS,FALSE,Lunar Energy,1153,0,0.0521,60.0713,0,0,Unrestricted,1153
09-11-2026,Lunar Netsuite,10-006989,10-006989,RES SMD 24.6KOHM 0.1% 1/10W 0603,Electrical Components,OTS,JIT - Reno,NS,FALSE,Lunar Energy,1350,0,0.048,64.8,0,0,Unrestricted,1350
09-11-2026,Lunar Netsuite,10-006990,10-006990,CAP CER 1UF 10V X5R 0201,Electrical Components,OTS,JIT - Reno,NS,FALSE,Lunar Energy,1750,0,0.0329,57.575,0,0,Unrestricted,1750
09-11-2026,Lunar Netsuite,10-006992,10-006992,CAP CER 2200PF 2000V X7R 1812,Electrical Components,OTS,CA - Ravendale,NS,FALSE,Lunar Energy,3000,0,0.2247,674.1,0,0,Unrestricted,3000
09-11-2026,Lunar Netsuite,10-006993,10-006993,CRYSTAL 12.2880MHZ 18PF SMD HC-49/US (11.40MM x 4.70MM),Electrical Components,OTS,CA - Ravendale,NS,FALSE,Lunar Energy,1000,0,0.209,209,0,0,Unrestricted,1000
09-11-2026,Lunar Netsuite,10-006994,10-006994,DGTL ISOLTR 3KV 2CH I2C 8-SOIC,Electrical Components,OTS,CA - Ravendale,NS,FALSE,Lunar Energy,427,0,1.994,851.438,0,0,Unrestricted,427
09-11-2026,Lunar Netsuite,10-006995,10-006995,LED WHITE RECTANGLE WITH FLAT TOP SMD 0603,Electrical Components,OTS,JIT - Reno,NS,FALSE,Lunar Energy,2450,0,0.177,433.65,0,0,Unrestricted,2450
09-11-2026,Lunar Netsuite,10-006996,10-006996,LED RED 0603 RECTANGLE WITH FLAT TOP SMD 0603 AEC-Q,Electrical Components,OTS,JIT - Reno,NS,FALSE,Lunar Energy,1000,0,0.134,134,0,0,Unrestricted,1000
09-11-2026,Lunar Netsuite,10-006998,10-006998,IC CLK BUFFER 1:6 250MHZ 14TSSOP (5MM X 4.4MM),Electrical Components,OTS,JIT - Reno,NS,FALSE,Lunar Energy,1350,0,2.855,3854.25,0,0,Unrestricted,1350
09-11-2026,Lunar Netsuite,10-006999,10-006999,SENSOR OPT SLOT PHOTOTRANS MODULE (5MM X 4MM) AEC-Q,Electrical Components,OTS,JIT - Reno,NS,FALSE,Lunar Energy,1000,0,0.674,674,0,0,Unrestricted,1000
09-11-2026,Lunar Netsuite,10-007001,10-007001,RES 750K OHM 0.1% 0.52W 1206,Electrical Components,OTS,CA - Ravendale,NS,FALSE,Lunar Energy,5000,0,0.3745,1872.5,0,0,Unrestricted,5000
09-11-2026,Lunar Netsuite,10-007002,10-007002,SENSOR ANALOG ±2.7°C 13.6mV/°C TO92-3 (4.1MM X 1.62MM),Electrical Components,OTS,JIT - Reno,NS,FALSE,Lunar Energy,1350,0,0.368,496.8,0,0,Unrestricted,1350
09-11-2026,Lunar Netsuite,10-007004,10-007004,RES SMD 17.8KOHM 0.1% 1/16W 0402,Electrical Components,OTS,JIT - Reno,NS,FALSE,Lunar Energy,1000,0,0.056,56,0,0,Unrestricted,1000
09-11-2026,Lunar Netsuite,10-007005,10-007005,"IC HALF BRIDGE POWER STAGES GAN FET 100V RDS 2.2mOHM VBN (VQFN, 18) (7.00mm×4.50mm)",Electrical Components,OTS,CA - Ravendale,NS,FALSE,Lunar Energy,4420,0,4.15,18343,0,0,Unrestricted,4420
09-11-2026,Lunar Netsuite,10-007006,10-007006,TRANS NPN 300V 0.1A SOT223 (6.5MM X 3.5MM),Electrical Components,OTS,JIT - Reno,NS,FALSE,Lunar Energy,1000,0,0.198,198,0,0,Unrestricted,1000
09-11-2026,Lunar Netsuite,10-007007,10-007007,IC BUCK SWITCHING REGULATOR 100V 2A 35V OUTPUT MAX 19-QFN (3x5MM),Electrical Components,OTS,CA - Ravendale,NS,FALSE,Lunar Energy,200,0,1.4,280,0,0,Unrestricted,200
09-11-2026,Lunar Netsuite,10-007008,10-007008,DIODE ZENER 200V 1W SOD123W (2.9MM X 1.9MM),Electrical Components,OTS,JIT - Reno,NS,FALSE,Lunar Energy,1000,0,0.115,115,0,0,Unrestricted,1000
09-11-2026,Lunar Netsuite,10-007009,10-007009,"CMC 900MA 2LN 3 KOHM SMD (0.295"" L x 0.236"" W (7.50mm x 6.00mm))",Electrical Components,OTS,JIT - Reno,NS,FALSE,Lunar Energy,1000,0,0.47,470,0,0,Unrestricted,1000
09-11-2026,Lunar Netsuite,10-007010,10-007010,FUSE BRD MT 750MA 63VAC/VDC Slow Blow 1206,Electrical Components,OTS,CA - Ravendale,NS,FALSE,Lunar Energy,5000,0,0.148,740,0,0,Unrestricted,5000
09-11-2026,Lunar Netsuite,10-007011,10-007011,FUSE HOLDER HIGH PROFILE BLOCK MINI FUSE SMT 30 AMP (16MML X 9.25MMD),Electrical Components,OTS,CA - Ravendale,NS,FALSE,Lunar Energy,1676,0,0.792,1327.392,0,0,Unrestricted,1676
09-11-2026,Lunar Netsuite,10-007015,10-007015,MOSFET 100V N-CH SINGLE 75A 80V 8-PPAK (6.3X5.4MM),Electrical Components,OTS,CA - Ravendale,NS,FALSE,Lunar Energy,15000,0,0.48,7200,0,0,Unrestricted,15000
09-11-2026,Lunar Netsuite,10-007016,10-007016,DIODE ZENER 82V 5W ±5% DO214AA,Electrical Components,OTS,JIT - Reno,NS,FALSE,Lunar Energy,600,0,0.3801,228.06,0,0,Unrestricted,600
09-11-2026,Lunar Netsuite,10-007016,10-007016,DIODE ZENER 82V 5W ±5% DO214AA,Electrical Components,OTS,CA - Ravendale,NS,FALSE,Lunar Energy,12479,0,0.2588,3229.5652,0,0,Unrestricted,12479
09-11-2026,CM: Qualitel WA,814L-10-08504A,10-008504A,,,,"Seattle, WA",Stock,FALSE,Qualitel,396,0,2.75,1089,0,0,Unrestricted,396
09-11-2026,CM: Sienna GA,10-01267B REV-02,10-01267B,"Enclosure, Top, Maximizer",Part,MTS,ATLN,RP14,FALSE,Sienna Corporation,1920,0,0,0,0,2,Unrestricted,1920
09-11-2026,CM: Sienna GA,10-01267B REV-03,10-01267B,"Enclosure, Top, Maximizer",Part,MTS,ATLN,RIQC,FALSE,Sienna Corporation,18588,0,0,0,0,3,Unrestricted,18588
09-11-2026,CM: Sienna GA,10-01267B REV-02,10-01267B,"Enclosure, Top, Maximizer",Part,MTS,ATLN,RIQC,FALSE,Sienna Corporation,13331,0,0,0,0,2,Unrestricted,13331
09-11-2026,CM: Sienna GA,10-01267B REV-02,10-01267B,"Enclosure, Top, Maximizer",Part,MTS,ATLN,RP25,FALSE,Sienna Corporation,1920,0,0,0,0,2,Unrestricted,1920
09-11-2026,CM: Sienna GA,10-01267B REV-02,10-01267B,"Enclosure, Top, Maximizer",Part,MTS,ATLN,RP34,FALSE,Sienna Corporation,840,0,0,0,0,2,Unrestricted,840
09-11-2026,CM: Sienna GA,10-01267B REV-02,10-01267B,"Enclosure, Top, Maximizer",Part,MTS,ATLN,RP15,FALSE,Sienna Corporation,1920,0,0,0,0,2,Unrestricted,1920
09-11-2026,CM: Sienna GA,10-01267B REV-02,10-01267B,"Enclosure, Top, Maximizer",Part,MTS,ATLN,RP16,FALSE,Sienna Corporation,1920,0,0,0,0,2,Unrestricted,1920
09-11-2026,CM: Sienna GA,10-01267B REV-02,10-01267B,"Enclosure, Top, Maximizer",Part,MTS,ATLN,RP84,FALSE,Sienna Corporation,1920,0,0,0,0,2,Unrestricted,1920
09-11-2026,CM: Sienna GA,10-01267B REV-02,10-01267B,"Enclosure, Top, Maximizer",Part,MTS,ATLN,RP13,FALSE,Sienna Corporation,1920,0,0,0,0,2,Unrestricted,1920
09-11-2026,CM: Sienna GA,10-01267B REV-02,10-01267B,"Enclosure, Top, Maximizer",Part,MTS,ATLN,RP23,FALSE,Sienna Corporation,1920,0,0,0,0,2,Unrestricted,1920
09-11-2026,CM: Sienna GA,10-01267B REV-02,10-01267B,"Enclosure, Top, Maximizer",Part,MTS,ATLN,RP86,FALSE,Sienna Corporation,1920,0,0,0,0,2,Unrestricted,1920
09-11-2026,CM: Sienna GA,10-01267B REV-02,10-01267B,"Enclosure, Top, Maximizer",Part,MTS,ATLN,RP45,FALSE,Sienna Corporation,1920,0,0,0,0,2,Unrestricted,1920
09-11-2026,CM: Sienna GA,10-04116B REV-02,10-04116B,"Enclosure, Bottom, Maximizer",Part,MTS,ATLN,RJ46,FALSE,Sienna Corporation,16,0,0,0,0,2,Unrestricted,16
09-11-2026,CM: Sienna GA,10-04116B REV-02,10-04116B,"Enclosure, Bottom, Maximizer",Part,MTS,ATLN,RP66,FALSE,Sienna Corporation,1152,0,0,0,0,2,Unrestricted,1152
09-11-2026,CM: Sienna GA,10-04116B REV-02,10-04116B,"Enclosure, Bottom, Maximizer",Part,MTS,ATLN,RP96,FALSE,Sienna Corporation,1152,0,0,0,0,2,Unrestricted,1152
09-11-2026,CM: Sienna GA,10-04116B REV-02,10-04116B,"Enclosure, Bottom, Maximizer",Part,MTS,ATLN,RP56,FALSE,Sienna Corporation,1152,0,0,0,0,2,Unrestricted,1152
09-11-2026,CM: Sienna GA,10-04116B REV-02,10-04116B,"Enclosure, Bottom, Maximizer",Part,MTS,ATLN,RP24,FALSE,Sienna Corporation,1152,0,0,0,0,2,Unrestricted,1152
09-11-2026,CM: Sienna GA,10-04116B REV-02,10-04116B,"Enclosure, Bottom, Maximizer",Part,MTS,ATLN,RS35,FALSE,Sienna Corporation,1152,0,0,0,0,2,Unrestricted,1152
09-11-2026,CM: Sienna GA,10-04116B REV-02,10-04116B,"Enclosure, Bottom, Maximizer",Part,MTS,ATLN,RR36,FALSE,Sienna Corporation,1152,0,0,0,0,2,Unrestricted,1152
09-11-2026,CM: Sienna GA,10-04116B REV-02,10-04116B,"Enclosure, Bottom, Maximizer",Part,MTS,ATLN,RP33,FALSE,Sienna Corporation,1152,0,0,0,0,2,Unrestricted,1152
09-11-2026,CM: Sienna GA,10-04116B REV-03,10-04116B,"Enclosure, Bottom, Maximizer",Part,MTS,ATLN,RIQC,FALSE,Sienna Corporation,30000,0,0,0,0,3,Unrestricted,30000
09-11-2026,CM: Sienna GA,10-04116B REV-02,10-04116B,"Enclosure, Bottom, Maximizer",Part,MTS,ATLN,RP54,FALSE,Sienna Corporation,1152,0,0,0,0,2,Unrestricted,1152
09-11-2026,CM: Sienna GA,10-04116B REV-02,10-04116B,"Enclosure, Bottom, Maximizer",Part,MTS,ATLN,RP76,FALSE,Sienna Corporation,1152,0,0,0,0,2,Unrestricted,1152
09-11-2026,CM: Sienna GA,10-04116B REV-02,10-04116B,"Enclosure, Bottom, Maximizer",Part,MTS,ATLN,RP34,FALSE,Sienna Corporation,576,0,0,0,0,2,Unrestricted,576
09-11-2026,CM: Sienna GA,10-04116B REV-02,10-04116B,"Enclosure, Bottom, Maximizer",Part,MTS,ATLN,RS66,FALSE,Sienna Corporation,1152,0,0,0,0,2,Unrestricted,1152
09-11-2026,CM: Sienna GA,10-04116B REV-02,10-04116B,"Enclosure, Bottom, Maximizer",Part,MTS,ATLN,RP46,FALSE,Sienna Corporation,1152,0,0,0,0,2,Unrestricted,1152
09-11-2026,CM: Sienna GA,10-04116B REV-02,10-04116B,"Enclosure, Bottom, Maximizer",Part,MTS,ATLN,RIQC,FALSE,Sienna Corporation,5515,0,0,0,0,2,Unrestricted,5515
09-11-2026,CM: Sienna GA,10-04116B REV-02,10-04116B,"Enclosure, Bottom, Maximizer",Part,MTS,ATLN,RJ13,FALSE,Sienna Corporation,1080,0,0,0,0,2,Unrestricted,1080
09-11-2026,CM: Sienna GA,10-04116B REV-02,10-04116B,"Enclosure, Bottom, Maximizer",Part,MTS,ATLN,RR53,FALSE,Sienna Corporation,1152,0,0,0,0,2,Unrestricted,1152
09-11-2026,CM: Sienna GA,10-04116B REV-02,10-04116B,"Enclosure, Bottom, Maximizer",Part,MTS,ATLN,RP65,FALSE,Sienna Corporation,1152,0,0,0,0,2,Unrestricted,1152
09-11-2026,CM: Sienna GA,10-04116B REV-02,10-04116B,"Enclosure, Bottom, Maximizer",Part,MTS,ATLN,RP26,FALSE,Sienna Corporation,1152,0,0,0,0,2,Unrestricted,1152
09-11-2026,CM: Sienna GA,10-04116B REV-02,10-04116B,"Enclosure, Bottom, Maximizer",Part,MTS,ATLN,RP44,FALSE,Sienna Corporation,1152,0,0,0,0,2,Unrestricted,1152
09-11-2026,CM: Sienna GA,10-04116B REV-02,10-04116B,"Enclosure, Bottom, Maximizer",Part,MTS,ATLN,RP95,FALSE,Sienna Corporation,1152,0,0,0,0,2,Unrestricted,1152
09-11-2026,CM: Sienna GA,10-04116B REV-02,10-04116B,"Enclosure, Bottom, Maximizer",Part,MTS,ATLN,RP36,FALSE,Sienna Corporation,1152,0,0,0,0,2,Unrestricted,1152
09-11-2026,CM: Sienna GA,10-04116B REV-02,10-04116B,"Enclosure, Bottom, Maximizer",Part,MTS,ATLN,RP35,FALSE,Sienna Corporation,1152,0,0,0,0,2,Unrestricted,1152
09-11-2026,CM: Sienna GA,10-04116B REV-02,10-04116B,"Enclosure, Bottom, Maximizer",Part,MTS,ATLN,RR46,FALSE,Sienna Corporation,1152,0,0,0,0,2,Unrestricted,1152
09-11-2026,CM: Sienna GA,10-04116B REV-02,10-04116B,"Enclosure, Bottom, Maximizer",Part,MTS,ATLN,RP64,FALSE,Sienna Corporation,1152,0,0,0,0,2,Unrestricted,1152
09-11-2026,CM: Sienna GA,10-04116B REV-02,10-04116B,"Enclosure, Bottom, Maximizer",Part,MTS,ATLN,RP93,FALSE,Sienna Corporation,1152,0,0,0,0,2,Unrestricted,1152
09-11-2026,CM: Sienna GA,10-05006A REV-01,10-05006A,"Foam Seal, Top Service Entry, Bridge",Part,MTS,ATLN,LINE,FALSE,Sienna Corporation,76,0,0.211,16.036,0,1,Unrestricted,76
09-11-2026,CM: Sienna GA,10-05006A REV-01,10-05006A,"Foam Seal, Top Service Entry, Bridge",Part,MTS,ATLN,RQB2,FALSE,Sienna Corporation,2000,0,0.211,422,0,1,Unrestricted,2000
09-11-2026,CM: Sienna GA,10-06103C REV-03,10-06103C,"PCBA, Terminal Board, Type C, Coated",Part,MTS,ATLN,LINE,FALSE,Sienna Corporation,33,0,0,0,0,3,Unrestricted,33
09-11-2026,CM: Qualitel WA,814-4656,10-06103C,"PCBA, Terminal Board, Type C, Coated",Part,MTS,"Seattle, WA",PO Inspection,FALSE,Qualitel,0,1,276.162,0,276.162,0,Restricted,0
09-11-2026,CM: Sienna GA,10-06103C REV-03,10-06103C,"PCBA, Terminal Board, Type C, Coated",Part,MTS,ATLN,MRB,FALSE,Sienna Corporation,0,42,0,0,0,3,Restricted,0
09-11-2026,CM: Sienna GA,10-06103C(Q) REV-03,10-06103C,"PCBA, Terminal Board, Type C, Coated",Part,MTS,ATLN,MRB,FALSE,Sienna Corporation,0,10,0,0,0,3,Restricted,0
09-11-2026,CM: Sienna GA,10-06103C(Q) REV-03,10-06103C,"PCBA, Terminal Board, Type C, Coated",Part,MTS,ATLN,LINE,FALSE,Sienna Corporation,153,0,0,0,0,3,Unrestricted,153
09-11-2026,CM: Qualitel WA,814-4656,10-06103C,"PCBA, Terminal Board, Type C, Coated",Part,MTS,"Seattle, WA",MRB,FALSE,Qualitel,0,1,276.162,0,276.162,0,Restricted,0
09-11-2026,CM: Sienna GA,10-06104C REV-06,10-06104C,"Asy, Power Board, Type C, With DC Pins",Assembly,MTS,ATLN,MRB,FALSE,Sienna Corporation,0,2,0,0,0,6,Restricted,0
09-11-2026,CM: Sienna GA,10-06104C REV-05,10-06104C,"Asy, Power Board, Type C, With DC Pins",Assembly,MTS,ATLN,MRB,FALSE,Sienna Corporation,0,2,0,0,0,5,Restricted,0
09-11-2026,CM: Sienna GA,10-06104C REV-05,10-06104C,"Asy, Power Board, Type C, With DC Pins",Assembly,MTS,ATLN,LINE,FALSE,Sienna Corporation,73,0,0,0,0,5,Unrestricted,73
09-11-2026,CM: Sienna GA,10-06104C REV-04,10-06104C,"Asy, Power Board, Type C, With DC Pins",Assembly,MTS,ATLN,PDRW,FALSE,Sienna Corporation,3,0,0,0,0,4,Unrestricted,3
09-11-2026,CM: Sienna GA,10-06104C REV-05,10-06104C,"Asy, Power Board, Type C, With DC Pins",Assembly,MTS,ATLN,LPAC,FALSE,Sienna Corporation,27,0,0,0,0,5,Unrestricted,27
09-11-2026,CM: Sienna GA,10-06104C REV-06,10-06104C,"Asy, Power Board, Type C, With DC Pins",Assembly,MTS,ATLN,LINE,FALSE,Sienna Corporation,498,0,0,0,0,6,Unrestricted,498
09-11-2026,CM: Sienna GA,10-06104C REV-05,10-06104C,"Asy, Power Board, Type C, With DC Pins",Assembly,MTS,ATLN,PDRW,FALSE,Sienna Corporation,3,0,0,0,0,5,Unrestricted,3
09-11-2026,CM: Sienna GA,10-06105C(Q) REV-04,10-06105C,"PCBA, Power Board, Type C, Coated",Assembly,MTS,ATLN,MRB,FALSE,Sienna Corporation,0,46,0,0,0,4,Restricted,0
09-11-2026,CM: Sienna GA,10-06105C REV-04,10-06105C,"PCBA, Power Board, Type C, Coated",Assembly,MTS,ATLN,INRE,FALSE,Sienna Corporation,0,0,0,0,0,4,Unrestricted,0
09-11-2026,CM: Sienna GA,10-06105C(Q) REV-04,10-06105C,"PCBA, Power Board, Type C, Coated",Assembly,MTS,ATLN,LINE,FALSE,Sienna Corporation,138,0,0,0,0,4,Unrestricted,138
09-11-2026,Lunar Netsuite,10-06105C,10-06105C,"PCBA, Power Board, Type C, Coated",Assembly,MTS,Sienna Corporation - GA,NS,FALSE,Lunar Energy,90,0,462.56,41630.4,0,0,Unrestricted,0
09-11-2026,CM: Sienna GA,10-06105C REV-04,10-06105C,"PCBA, Power Board, Type C, Coated",Assembly,MTS,ATLN,MRB,FALSE,Sienna Corporation,0,19,0,0,0,4,Restricted,0
09-11-2026,CM: Qualitel WA,814-4657,10-06105C,"PCBA, Power Board, Type C, Coated",Assembly,MTS,"Seattle, WA",Stock,FALSE,Qualitel,7,0,236.2424,1653.6968,0,0,Unrestricted,7
09-11-2026,CM: Sienna GA,10-06105C REV-04,10-06105C,"PCBA, Power Board, Type C, Coated",Assembly,MTS,ATLN,LINE,FALSE,Sienna Corporation,44,0,0,0,0,4,Unrestricted,44
09-11-2026,CM: Sienna GA,10-06108A REV-01,10-06108A,"Closing Plate, Top Service Entry, Bridge, Lunar Blue",Part,MTS,ATLN,RIQC,FALSE,Sienna Corporation,731,0,1.16,847.96,0,1,Unrestricted,731
09-11-2026,CM: Sienna GA,10-06108A REV-01,10-06108A,"Closing Plate, Top Service Entry, Bridge, Lunar Blue",Part,MTS,ATLN,RI44,FALSE,Sienna Corporation,612,0,1.16,709.92,0,1,Unrestricted,612
09-11-2026,CM: Sienna GA,10-06110A REV-01,10-06110A,"Screw, Button, 12-24x0.55, T25, Steel with Zinc Coating",Part,OTS,ATLN,LINE,FALSE,Sienna Corporation,8309,0,0.09,747.81,0,1,Unrestricted,8309
09-11-2026,CM: Sienna GA,10-06501D REV-01,10-06501D,"Asy, Busbar, Iph A",Assembly,MTS,ATLN,RRB4,FALSE,Sienna Corporation,9,0,0,0,0,1,Unrestricted,9
09-11-2026,CM: Sienna GA,10-06501D REV-01,10-06501D,"Asy, Busbar, Iph A",Assembly,MTS,ATLN,RL44,FALSE,Sienna Corporation,469,0,0,0,0,1,Unrestricted,469
09-11-2026,CM: Sienna GA,10-06501D REV-01,10-06501D,"Asy, Busbar, Iph A",Assembly,MTS,ATLN,RIQC,FALSE,Sienna Corporation,1843,0,0,0,0,1,Unrestricted,1843
09-11-2026,CM: Sienna GA,10-06501D REV-01,10-06501D,"Asy, Busbar, Iph A",Assembly,MTS,ATLN,RL43,FALSE,Sienna Corporation,71,0,0,0,0,1,Unrestricted,71
09-11-2026,CM: Sienna GA,10-06502D REV-01,10-06502D,"Asy, Busbar, Iph B",Assembly,MTS,ATLN,RL44,FALSE,Sienna Corporation,469,0,0,0,0,1,Unrestricted,469
09-11-2026,CM: Sienna GA,10-06502D REV-01,10-06502D,"Asy, Busbar, Iph B",Assembly,MTS,ATLN,RL43,FALSE,Sienna Corporation,71,0,0,0,0,1,Unrestricted,71
09-11-2026,CM: Sienna GA,10-06502D REV-01,10-06502D,"Asy, Busbar, Iph B",Assembly,MTS,ATLN,RIQC,FALSE,Sienna Corporation,1823,0,0,0,0,1,Unrestricted,1823
09-11-2026,CM: Sienna GA,10-06502D REV-01,10-06502D,"Asy, Busbar, Iph B",Assembly,MTS,ATLN,RRB4,FALSE,Sienna Corporation,9,0,0,0,0,1,Unrestricted,9
09-11-2026,Lunar Netsuite,10-06521A,10-06521A,RES SMD 4.7K OHM 1% 1/16W 0402,Electrical Components,OTS,JIT - Reno,NS,FALSE,Lunar Energy,40000,0,0.0048,192,0,0,Unrestricted,40000
09-11-2026,Lunar Netsuite,10-06527A,10-06527A,"Lithium Ion Cell,S004a,Untrimmed,HU",Part,OTS,Celestica - Mexico,NS,FALSE,Lunar Energy,1243,0,9.3817,11661.4531,0,0,Unrestricted,0
09-11-2026,CM: Celestica MX,10-06527A3MX,10-06527A,"Lithium Ion Cell,S004a,Untrimmed,HU",Part,OTS,Monterrey Prod,1000,TRUE,Lunar Energy,-4410,0,0,0,0,0,Unrestricted,-4410
09-11-2026,CM: Celestica MX,10-06527A-I3MS,10-06527A-I,,,,Monterrey Prod,1000,FALSE,Celestica,7736,0,0.01,77.36,0,0,Unrestricted,7736
09-11-2026,CM: Celestica MX,10-06528A3MS,10-06528A,"Lithium Ion Cell,S004a,Trimmed,HU",Part,MTS,Monterrey Prod,1000,FALSE,Celestica,13094,0,0.01,130.94,0,0,Unrestricted,13094
09-11-2026,CM: Celestica MX,10-06529A3MS,10-06529A,"Submodule,HU",Part,MTS,Monterrey Prod,1000,FALSE,Celestica,1658,0,46.66,77362.28,0,0,Unrestricted,1658
09-11-2026,Lunar Netsuite,10-06532A,10-06532A,"Battery Block,HU",Part,MTS,JIT - Reno,NS,FALSE,Lunar Energy,82,0,0,0,0,0,Unrestricted,27
09-11-2026,Lunar Netsuite,10-06532A,10-06532A,"Battery Block,HU",Part,MTS,CA - Ravendale,NS,FALSE,Lunar Energy,48,0,0,0,0,0,Unrestricted,0
09-11-2026,Lunar Netsuite,10-06534A,10-06534A,"Chassis Base, MSA Controller",Part,MTS,CA - Ravendale,NS,FALSE,Lunar Energy,2,0,4.95,9.9,0,0,Unrestricted,2
09-11-2026,Lunar Netsuite,10-06535A,10-06535A,"PCBA Cover, MSA Controller",Part,MTS,CA - Ravendale,NS,FALSE,Lunar Energy,10,0,0,0,0,0,Unrestricted,10
09-11-2026,Lunar Netsuite,10-06536A,10-06536A,"Wiring Cover, MSA Controller",Part,MTS,CA - Ravendale,NS,FALSE,Lunar Energy,1,0,0,0,0,0,Unrestricted,1
09-11-2026,CM: Qualitel WA,814L-10-06546A,10-06546A,IC BUF NON-INVERT 5.5V SC-70-5,Electrical Components,OTS,"Seattle, WA",Stock,FALSE,Qualitel,7117,0,0.02,142.34,0,0,Unrestricted,7117
09-11-2026,CM: Qualitel WA,814L-10-06548A,10-06548A,"Label, Compliance, Class 9 with UN3480",Part,OTS,"Seattle, WA",Stock,FALSE,Qualitel,7092.14,0,0.048,340.42272,0,0,Unrestricted,7092.14
09-11-2026,CM: Qualitel WA,814L-10-06549A,10-06549A,IC BUF NON-INVERT 5.5V SC70-5,Electrical Components,OTS,"Seattle, WA",PO Inspection,FALSE,Qualitel,0,200,0.023,0,4.6,0,Restricted,0
09-11-2026,CM: Qualitel WA,814L-10-06549A,10-06549A,IC BUF NON-INVERT 5.5V SC70-5,Electrical Components,OTS,"Seattle, WA",MRB,FALSE,Qualitel,0,200,0.023,0,4.6,0,Restricted,0
09-11-2026,Lunar Netsuite,10-06549A,10-06549A,IC BUF NON-INVERT 5.5V SC70-5,Electrical Components,OTS,JIT - Reno,NS,FALSE,Lunar Energy,2480,0,0.04,99.2,0,0,Unrestricted,2480
09-11-2026,CM: Qualitel WA,814L-10-06549A,10-06549A,IC BUF NON-INVERT 5.5V SC70-5,Electrical Components,OTS,"Seattle, WA",Stock,FALSE,Qualitel,3266,0,0.023,75.118,0,0,Unrestricted,3266
09-11-2026,CM: Sienna GA,10-06560A REV-03,10-06560A,"Assy, Harness, Trunk, 25 kWh, Type B",Part,MTS,ATLN,RL56,FALSE,Sienna Corporation,2,0,0,0,0,3,Unrestricted,2
09-11-2026,CM: Sienna GA,10-06560A REV-03,10-06560A,"Assy, Harness, Trunk, 25 kWh, Type B",Part,MTS,ATLN,RIQC,FALSE,Sienna Corporation,30,0,0,0,0,3,Unrestricted,30
09-11-2026,CM: Sienna GA,10-06560A REV-03,10-06560A,"Assy, Harness, Trunk, 25 kWh, Type B",Part,MTS,ATLN,LINE,FALSE,Sienna Corporation,122,0,0,0,0,3,Unrestricted,122
09-11-2026,Lunar Netsuite,10-06560A,10-06560A,"Assy, Harness, Trunk, 25 kWh, Type B",Part,MTS,JIT - Gardena,NS,FALSE,Lunar Energy,1,0,84.66,84.66,0,0,Unrestricted,1
09-11-2026,Lunar Netsuite,10-06560A,10-06560A,"Assy, Harness, Trunk, 25 kWh, Type B",Part,MTS,CA - Ravendale,NS,FALSE,Lunar Energy,8,0,84.66,677.28,0,0,Unrestricted,8
09-11-2026,CM: Sienna GA,10-06561A REV-03,10-06561A,"Assy, Harness, Trunk, 30 kWh, Type B",Part,MTS,ATLN,RIQC,FALSE,Sienna Corporation,5,0,0,0,0,3,Unrestricted,5
09-11-2026,Lunar Netsuite,10-06561A,10-06561A,"Assy, Harness, Trunk, 30 kWh, Type B",Part,MTS,CA - Ravendale,NS,FALSE,Lunar Energy,5,0,90.46,452.3,0,0,Unrestricted,5
09-11-2026,Lunar Netsuite,10-06561A,10-06561A,"Assy, Harness, Trunk, 30 kWh, Type B",Part,MTS,JIT - Gardena,NS,FALSE,Lunar Energy,1,0,90.46,90.46,0,0,Unrestricted,1
09-11-2026,CM: Sienna GA,10-06561A REV-03,10-06561A,"Assy, Harness, Trunk, 30 kWh, Type B",Part,MTS,ATLN,PAWH,FALSE,Sienna Corporation,90,0,0,0,0,3,Unrestricted,90
09-11-2026,CM: Sienna GA,10-06561A REV-03,10-06561A,"Assy, Harness, Trunk, 30 kWh, Type B",Part,MTS,ATLN,RK65,FALSE,Sienna Corporation,68,0,0,0,0,3,Unrestricted,68
09-11-2026,CM: Sienna GA,10-06561A REV-03,10-06561A,"Assy, Harness, Trunk, 30 kWh, Type B",Part,MTS,ATLN,LINE,FALSE,Sienna Corporation,235,0,0,0,0,3,Unrestricted,235
09-11-2026,CM: Qualitel WA,814L-10-06572A,10-06572A,"Signal Harness, MSA Controller",Part,MTS,"Seattle, WA",Stock,FALSE,Qualitel,28,0,16.7988,470.3664,0,0,Unrestricted,28
09-11-2026,CM: Sienna GA,10-06636A REV-04,10-06636A,Shielded Front Door and Cap Board,Part,MTS,ATLN,LINE,FALSE,Sienna Corporation,242,0,0,0,0,4,Unrestricted,242
09-11-2026,CM: Sienna GA,10-06636A REV-03,10-06636A,Shielded Front Door and Cap Board,Part,MTS,ATLN,PDRW,FALSE,Sienna Corporation,24,0,0,0,0,3,Unrestricted,24
09-11-2026,Lunar Netsuite,10-06644A,10-06644A,"Rogowski Coil, Magnelab",Part,OTS,CA - Ravendale,NS,FALSE,Lunar Energy,82,0,30,2460,0,0,Unrestricted,82
09-11-2026,CM: Sienna GA,10-06644A REV-01,10-06644A,"Rogowski Coil, Magnelab",Part,OTS,ATLN,LINE,FALSE,Sienna Corporation,386,0,30,11580,0,1,Unrestricted,386
09-11-2026,Lunar Netsuite,10-06647A,10-06647A,"PCBA DCDC/BMS, with Conformal Coating",Part,MTS,CA - Ravendale,NS,FALSE,Lunar Energy,7,0,0,0,0,0,Unrestricted,0
09-11-2026,CM: Qualitel WA,814-4604,10-06647B,"PCBA DCDC/BMS, with Conformal Coating",Assembly,MTS,"Seattle, WA",Stock,FALSE,Qualitel,1,0,203.044,203.044,0,0,Unrestricted,1
09-11-2026,CM: Qualitel WA,814-4604,10-06647B,"PCBA DCDC/BMS, with Conformal Coating",Assembly,MTS,"Seattle, WA",Stock,FALSE,Qualitel,1,0,185.0209,185.0209,0,0,Unrestricted,1
09-11-2026,Lunar Netsuite,10-06647C,10-06647C,"PCBA DCDC/BMS, with Conformal Coating",Part,MTS,CA - Ravendale,NS,FALSE,Lunar Energy,12,0,124.08,1488.96,0,0,Unrestricted,9
09-11-2026,Lunar Netsuite,10-06647E,10-06647E,"PCBA DCDC/BMS, with Conformal Coat, LFP DC ESS",Assembly,MTS,CA - Ravendale,NS,FALSE,Lunar Energy,7,0,74.9071,524.3497,0,0,Unrestricted,0
09-11-2026,CM: Sienna GA,10-06684A REV-01,10-06684A,"Ground Bar, Power Module, 4 Terminal",Part,MTS,ATLN,LINE,FALSE,Sienna Corporation,1726,0,4.3,7421.8,0,1,Unrestricted,1726
09-11-2026,CM: Sienna GA,10-06684A REV-01,10-06684A,"Ground Bar, Power Module, 4 Terminal",Part,MTS,ATLN,MAIN,FALSE,Sienna Corporation,925,0,4.3,3977.5,0,1,Unrestricted,925
09-11-2026,CM: Sienna GA,10-06684A REV-01,10-06684A,"Ground Bar, Power Module, 4 Terminal",Part,MTS,ATLN,RIQC,FALSE,Sienna Corporation,600,0,4.3,2580,0,1,Unrestricted,600
09-11-2026,Lunar Netsuite,10-06687A,10-06687A,"MSA Controller, Assembly",Assembly,MTS,CA - Ravendale,NS,FALSE,Lunar Energy,1,0,0,0,0,0,Unrestricted,0
09-11-2026,CM: Sienna GA,10-06695C REV-02,10-06695C,"Asy, Power Board w/ Busbars",Assembly,MTS,ATLN,LINE,FALSE,Sienna Corporation,68,0,0,0,0,2,Unrestricted,68
09-11-2026,CM: Sienna GA,10-06695C REV-01,10-06695C,"Asy, Power Board w/ Busbars",Assembly,MTS,ATLN,MRB,FALSE,Sienna Corporation,0,96,0,0,0,1,Restricted,0
09-11-2026,CM: Sienna GA,10-06695C REV-01,10-06695C,"Asy, Power Board w/ Busbars",Assembly,MTS,ATLN,LINE,FALSE,Sienna Corporation,5,0,0,0,0,1,Unrestricted,5
09-11-2026,CM: Sienna GA,10-06695C REV-02,10-06695C,"Asy, Power Board w/ Busbars",Assembly,MTS,ATLN,MRB,FALSE,Sienna Corporation,0,41,0,0,0,2,Restricted,0
09-11-2026,CM: Sienna GA,10-06703A REV-02,10-06703A,"Foam Gasket, GaN FETs, Maximizer",Part,MTS,ATLN,RH36,FALSE,Sienna Corporation,10148,0,0,0,0,2,Unrestricted,10148
09-11-2026,CM: Sienna GA,10-06703A REV-03,10-06703A,"Foam Gasket, GaN FETs, Maximizer",Part,MTS,ATLN,LINE,FALSE,Sienna Corporation,525,0,0,0,0,3,Unrestricted,525
09-11-2026,CM: Sienna GA,10-06703A REV-02,10-06703A,"Foam Gasket, GaN FETs, Maximizer",Part,MTS,ATLN,RIQC,FALSE,Sienna Corporation,2133,0,0,0,0,2,Unrestricted,2133
09-11-2026,CM: Sienna GA,10-06704C REV-02,10-06704C,"Power Module, Inverter, Type C",Assembly,MTS,ATLN,LINE,FALSE,Sienna Corporation,2,0,0,0,0,2,Unrestricted,2
09-11-2026,CM: Sienna GA,10-06704C REV-08,10-06704C,"Power Module, Inverter, Type C",Assembly,MTS,ATLN,LINE,FALSE,Sienna Corporation,87,0,0,0,0,8,Unrestricted,87
09-11-2026,CM: Sienna GA,10-06705C REV-06,10-06705C,"Asy, Power Board, Filter Board, and Blower Asy, Type C",Assembly,MTS,ATLN,LINE,FALSE,Sienna Corporation,10,0,0,0,0,6,Unrestricted,10
09-11-2026,CM: Sienna GA,10-06705C REV-01,10-06705C,"Asy, Power Board, Filter Board, and Blower Asy, Type C",Assembly,MTS,ATLN,LINE,FALSE,Sienna Corporation,1,0,0,0,0,1,Unrestricted,1
09-11-2026,CM: Sienna GA,10-06708C REV-02,10-06708C,"Power Module Terminal and Cover Assembly, Type C",Part,MTS,ATLN,LINE,FALSE,Sienna Corporation,71,0,0,0,0,2,Unrestricted,71
09-11-2026,CM: Qualitel WA,814L-10-06717A,10-06717A,MOSFET N-CH 30V 4A SOT23F,Electrical Components,OTS,"Seattle, WA",Stock,FALSE,Qualitel,21075,0,0.037,779.775,0,0,Unrestricted,21075
09-11-2026,CM: Qualitel WA,814L-10-06720A,10-06720A,CONN HEADER SMD 6POS MALE 1.27MM,Electrical Components,OTS,"Seattle, WA",PO Inspection,FALSE,Qualitel,0,20,0.215,0,4.3,0,Restricted,0
09-11-2026,CM: Qualitel WA,814L-10-06720A,10-06720A,CONN HEADER SMD 6POS MALE 1.27MM,Electrical Components,OTS,"Seattle, WA",MRB,FALSE,Qualitel,0,20,0.215,0,4.3,0,Restricted,0
09-11-2026,CM: Qualitel WA,814L-10-06720A,10-06720A,CONN HEADER SMD 6POS MALE 1.27MM,Electrical Components,OTS,"Seattle, WA",Stock,FALSE,Qualitel,2572,0,0.215,552.98,0,0,Unrestricted,2572
09-11-2026,CM: Sienna GA,10-06723C REV-01,10-06723C,"Wiring Compartment, Inverter, D, TYPE C",Assembly,MTS,ATLN,LINE,FALSE,Sienna Corporation,165,0,0,0,0,1,Unrestricted,165
09-11-2026,CM: Sienna GA,10-06723C REV-01,10-06723C,"Wiring Compartment, Inverter, D, TYPE C",Assembly,MTS,ATLN,MRB,FALSE,Sienna Corporation,0,2,0,0,0,1,Restricted,0
09-11-2026,CM: Sienna GA,10-06732A REV-01,10-06732A,"Label, Warning, PCS",Part,MTS,ATLN,LINE,FALSE,Sienna Corporation,9078,0,0.36,3268.08,0,1,Unrestricted,9078
09-11-2026,CM: Sienna GA,10-06732A REV-01,10-06732A,"Label, Warning, PCS",Part,MTS,ATLN,PCKD,FALSE,Sienna Corporation,1000,0,0.36,360,0,1,Unrestricted,1000
09-11-2026,CM: Sienna GA,10-06733A REV-01,10-06733A,"Label, Limit, PCS",Part,MTS,ATLN,PCKD,FALSE,Sienna Corporation,1000,0,0.452,452,0,1,Unrestricted,1000
09-11-2026,CM: Sienna GA,10-06733A REV-01,10-06733A,"Label, Limit, PCS",Part,MTS,ATLN,LINE,FALSE,Sienna Corporation,6384,0,0.452,2885.568,0,1,Unrestricted,6384
09-11-2026,CM: Sienna GA,10-06734D REV-01,10-06734D,"Asy, Busbar, Iph BAL",Assembly,MTS,ATLN,RRB4,FALSE,Sienna Corporation,9,0,0,0,0,1,Unrestricted,9
09-11-2026,CM: Sienna GA,10-06734D REV-01,10-06734D,"Asy, Busbar, Iph BAL",Assembly,MTS,ATLN,RIQC,FALSE,Sienna Corporation,1843,0,0,0,0,1,Unrestricted,1843
09-11-2026,CM: Sienna GA,10-06734D REV-01,10-06734D,"Asy, Busbar, Iph BAL",Assembly,MTS,ATLN,RL44,FALSE,Sienna Corporation,469,0,0,0,0,1,Unrestricted,469
09-11-2026,CM: Sienna GA,10-06734D REV-01,10-06734D,"Asy, Busbar, Iph BAL",Assembly,MTS,ATLN,RL43,FALSE,Sienna Corporation,71,0,0,0,0,1,Unrestricted,71
09-11-2026,Lunar Netsuite,10-06738B,10-06738B,"Asy, Harness, Trunk, 15 kWh, Type B",Part,MTS,CA - Ravendale,NS,FALSE,Lunar Energy,3,0,0,0,0,0,Unrestricted,3
09-11-2026,CM: Sienna GA,10-06738C REV-03,10-06738C,"Asy, Harness, Trunk, 15 kWh, Type B",Part,MTS,ATLN,RJ11,FALSE,Sienna Corporation,110,0,0,0,0,3,Unrestricted,110
09-11-2026,Lunar Netsuite,10-06738C,10-06738C,"Asy, Harness, Trunk, 15 kWh, Type B",Part,MTS,CA - Ravendale,NS,FALSE,Lunar Energy,11,0,47.67,524.37,0,0,Unrestricted,10
09-11-2026,CM: Sienna GA,10-06738C REV-03,10-06738C,"Asy, Harness, Trunk, 15 kWh, Type B",Part,MTS,ATLN,LINE,FALSE,Sienna Corporation,16,0,0,0,0,3,Unrestricted,16
09-11-2026,CM: Sienna GA,10-06738C REV-03,10-06738C,"Asy, Harness, Trunk, 15 kWh, Type B",Part,MTS,ATLN,RH43,FALSE,Sienna Corporation,65,0,0,0,0,3,Unrestricted,65
09-11-2026,CM: Qualitel WA,814L-10-06752A,10-06752A,"Thermal Bridge, GaN, DCDC",Part,MTS,"Seattle, WA",Stock,FALSE,Qualitel,20961,0,0.04,838.44,0,0,Unrestricted,20961
09-11-2026,Lunar Netsuite,10-06752A,10-06752A,"Thermal Bridge, GaN, DCDC",Part,MTS,CA - Ravendale,NS,FALSE,Lunar Energy,300,0,0.04,12,0,0,Unrestricted,300
09-11-2026,CM: Qualitel WA,814L-10-06752A,10-06752A,"Thermal Bridge, GaN, DCDC",Part,MTS,"Seattle, WA",PO Inspection,FALSE,Qualitel,0,152000,0.04,0,6080,0,Restricted,0
09-11-2026,CM: Celestica MX,10-06752A3MS,10-06752A,"Thermal Bridge, GaN, DCDC",Part,MTS,Monterrey Prod,1000,FALSE,Celestica,2096,0,0.35,733.6,0,0,Unrestricted,2096
09-11-2026,CM: Qualitel WA,814L-10-06755A,10-06755A,"Wall Bracket Asy, Battery Block, Type 2",Part,MTS,"Seattle, WA",Stock,FALSE,Qualitel,402,0,15.49,6226.98,0,0,Unrestricted,402
09-11-2026,Lunar Netsuite,10-06755A,10-06755A,"Wall Bracket Asy, Battery Block, Type 2",Part,MTS,JIT - Reno,NS,FALSE,Lunar Energy,336,0,40.6568,13660.6848,0,0,Unrestricted,336
09-11-2026,CM: Celestica MX,10-06755A3MS,10-06755A,"Wall Bracket Asy, Battery Block, Type 2",Part,MTS,Monterrey Prod,1000,FALSE,Celestica,0,0,41.26,0,0,0,Unrestricted,0
09-11-2026,CM: Qualitel WA,814L-10-06755A,10-06755A,"Wall Bracket Asy, Battery Block, Type 2",Part,MTS,"Seattle, WA",PO Inspection,FALSE,Qualitel,0,7976,15.49,0,123548.24,0,Restricted,0
09-11-2026,CM: Sienna GA,10-06812A REV-04,10-06812A,"Wire Harness, Power, DC Contactors, Nano Fit",Part,MTS,ATLN,RJ11,FALSE,Sienna Corporation,1180,0,0,0,0,4,Unrestricted,1180
09-11-2026,CM: Sienna GA,10-06812A REV-04,10-06812A,"Wire Harness, Power, DC Contactors, Nano Fit",Part,MTS,ATLN,PAWH,FALSE,Sienna Corporation,160,0,0,0,0,4,Unrestricted,160
09-11-2026,CM: Sienna GA,10-06812A REV-04,10-06812A,"Wire Harness, Power, DC Contactors, Nano Fit",Part,MTS,ATLN,RIQC,FALSE,Sienna Corporation,208,0,0,0,0,4,Unrestricted,208
09-11-2026,CM: Sienna GA,10-06812A REV-04,10-06812A,"Wire Harness, Power, DC Contactors, Nano Fit",Part,MTS,ATLN,MAIN,FALSE,Sienna Corporation,1,0,0,0,0,4,Unrestricted,1
09-11-2026,CM: Sienna GA,10-06812A REV-04,10-06812A,"Wire Harness, Power, DC Contactors, Nano Fit",Part,MTS,ATLN,WHS2,FALSE,Sienna Corporation,130,0,0,0,0,4,Unrestricted,130
09-11-2026,CM: Sienna GA,10-06812A REV-04,10-06812A,"Wire Harness, Power, DC Contactors, Nano Fit",Part,MTS,ATLN,MRB,FALSE,Sienna Corporation,0,13,0,0,0,4,Restricted,0
09-11-2026,CM: Sienna GA,10-06812A REV-04,10-06812A,"Wire Harness, Power, DC Contactors, Nano Fit",Part,MTS,ATLN,LINE,FALSE,Sienna Corporation,1000,0,0,0,0,4,Unrestricted,1000
09-11-2026,CM: Sienna GA,10-06812A REV-04,10-06812A,"Wire Harness, Power, DC Contactors, Nano Fit",Part,MTS,ATLN,RK53,FALSE,Sienna Corporation,40,0,0,0,0,4,Unrestricted,40
09-11-2026,CM: Sienna GA,10-06824A REV-02,10-06824A,"Packaging, Assy, ESS Hardware Kit 15kWh Lunar Blue",Part,MTS,ATLN,WHS2,FALSE,Sienna Corporation,359,0,0,0,0,2,Unrestricted,359
09-11-2026,CM: Sienna GA,10-06825A REV-01,10-06825A,"Label, Caution, 19.05mm Tall Triangle, UL969",Part,OTS,ATLN,PAWH,FALSE,Sienna Corporation,8,0,0.204,1.632,0,1,Unrestricted,8
09-11-2026,CM: Sienna GA,10-06825A REV-01,10-06825A,"Label, Caution, 19.05mm Tall Triangle, UL969",Part,OTS,ATLN,MAIN,FALSE,Sienna Corporation,1742,0,0.204,355.368,0,1,Unrestricted,1742
09-11-2026,CM: Sienna GA,10-06825A REV-01,10-06825A,"Label, Caution, 19.05mm Tall Triangle, UL969",Part,OTS,ATLN,LINE,FALSE,Sienna Corporation,26,0,0.204,5.304,0,1,Unrestricted,26
09-11-2026,CM: Sienna GA,10-06825A REV-01,10-06825A,"Label, Caution, 19.05mm Tall Triangle, UL969",Part,OTS,ATLN,PCKD,FALSE,Sienna Corporation,750,0,0.204,153,0,1,Unrestricted,750
09-11-2026,Lunar Netsuite,10-06826A,10-06826A,"Fluxgate current sensor, 4P Nano-fit",Electrical Components,OTS,CA - Ravendale,NS,FALSE,Lunar Energy,46,0,10.12,465.52,0,0,Unrestricted,46
09-11-2026,CM: Sienna GA,10-06826A REV-01,10-06826A,"Fluxgate current sensor, 4P Nano-fit",Electrical Components,OTS,ATLN,RIQC,FALSE,Sienna Corporation,1419,0,9.38,13310.22,0,1,Unrestricted,1419
09-11-2026,CM: Sienna GA,10-06833A REV-02,10-06833A,"Label, Compliance, Bridge, Type B",Assembly,MTS,ATLN,PCKD,FALSE,Sienna Corporation,1000,0,0,0,0,2,Unrestricted,1000
09-11-2026,CM: Sienna GA,10-06833A REV-02,10-06833A,"Label, Compliance, Bridge, Type B",Assembly,MTS,ATLN,MAIN,FALSE,Sienna Corporation,2500,0,0,0,0,2,Unrestricted,2500
09-11-2026,CM: Sienna GA,10-06833A REV-01,10-06833A,"Label, Compliance, Bridge, Type B",Assembly,MTS,ATLN,EXIN,FALSE,Sienna Corporation,1551,0,1.06,1644.06,0,1,Unrestricted,1551
09-11-2026,CM: Sienna GA,10-06833A REV-02,10-06833A,"Label, Compliance, Bridge, Type B",Assembly,MTS,ATLN,LINE,FALSE,Sienna Corporation,719,0,0,0,0,2,Unrestricted,719
09-11-2026,CM: Sienna GA,10-06834A REV-02,10-06834A,"Wire Harness, Inverter, Battery IF, Cap Board, with Ferrite",Part,MTS,ATLN,LINE,FALSE,Sienna Corporation,353,0,37.68,13301.04,0,2,Unrestricted,353
09-11-2026,CM: Sienna GA,10-06834A REV-02,10-06834A,"Wire Harness, Inverter, Battery IF, Cap Board, with Ferrite",Part,MTS,ATLN,PAWH,FALSE,Sienna Corporation,136,0,37.68,5124.48,0,2,Unrestricted,136
09-11-2026,CM: Sienna GA,10-06834A REV-02,10-06834A,"Wire Harness, Inverter, Battery IF, Cap Board, with Ferrite",Part,MTS,ATLN,RIQC,FALSE,Sienna Corporation,150,0,37.68,5652,0,2,Unrestricted,150
09-11-2026,Lunar Netsuite,10-06835A,10-06835A,"PCBA Module, Bridge, Type B",Part,MTS,JIT - Gardena,NS,FALSE,Lunar Energy,1,0,0,0,0,0,Unrestricted,1
09-11-2026,CM: Sienna GA,10-06835A REV-04,10-06835A,"PCBA Module, Bridge, Type B",Part,MTS,ATLN,LINE,FALSE,Sienna Corporation,42,0,0,0,0,4,Unrestricted,42
09-11-2026,CM: Sienna GA,10-06835A REV-04,10-06835A,"PCBA Module, Bridge, Type B",Part,MTS,ATLN,MRB,FALSE,Sienna Corporation,0,4,0,0,0,4,Restricted,0
09-11-2026,Lunar Netsuite,10-06836A,10-06836A,"Full Functional Assy, Bridge, Type B, Lunar Blue",Part,MTS,CA - Ravendale,NS,FALSE,Lunar Energy,5,0,0,0,0,0,Unrestricted,0
09-11-2026,Lunar Netsuite,10-06836A,10-06836A,"Full Functional Assy, Bridge, Type B, Lunar Blue",Part,MTS,JIT - Reno,NS,FALSE,Lunar Energy,2,0,0,0,0,0,Unrestricted,1
09-11-2026,CM: Sienna GA,10-06836A REV-01,10-06836A,"Full Functional Assy, Bridge, Type B, Lunar Blue",Part,MTS,ATLN,LINE,FALSE,Sienna Corporation,19,0,0,0,0,1,Unrestricted,19
09-11-2026,CM: Sienna GA,10-06847A REV-02,10-06847A,"Label, Low Voltage Wire Routing Diagram, Bridge, Type B",Part,MTS,ATLN,MAIN,FALSE,Sienna Corporation,3375,0,0.393,1326.375,0,2,Unrestricted,3375
09-11-2026,CM: Sienna GA,10-06847A REV-02,10-06847A,"Label, Low Voltage Wire Routing Diagram, Bridge, Type B",Part,MTS,ATLN,PCKD,FALSE,Sienna Corporation,1000,0,0.393,393,0,2,Unrestricted,1000
09-11-2026,CM: Sienna GA,10-06847A REV-02,10-06847A,"Label, Low Voltage Wire Routing Diagram, Bridge, Type B",Part,MTS,ATLN,LINE,FALSE,Sienna Corporation,1715,0,0.393,673.995,0,2,Unrestricted,1715
09-11-2026,CM: Sienna GA,10-06902A REV-01,10-06902A,"Packaging, Rogowski Coils",Part,OTS,ATLN,RIQC,FALSE,Sienna Corporation,499,0,0.7,349.3,0,1,Unrestricted,499
09-11-2026,CM: Sienna GA,10-06902A REV-01,10-06902A,"Packaging, Rogowski Coils",Part,OTS,ATLN,WHS2,FALSE,Sienna Corporation,30,0,0.7,21,0,1,Unrestricted,30
09-11-2026,CM: Sienna GA,10-06902A REV-01,10-06902A,"Packaging, Rogowski Coils",Part,OTS,ATLN,RI77,FALSE,Sienna Corporation,137,0,0.7,95.9,0,1,Unrestricted,137
09-11-2026,CM: Sienna GA,10-06906A REV-01,10-06906A,"Poly Bag, Recloseable, 100mm x 50mm",Part,OTS,ATLN,LINE,FALSE,Sienna Corporation,1171,0,0,0,0,1,Unrestricted,1171
09-11-2026,CM: Qualitel WA,814L-10-06908A,10-06908A,DIODE SCHOTTKY 100V 1A SOD123HE,Electrical Components,OTS,"Seattle, WA",MRB,FALSE,Qualitel,0,75,0.0669,0,5.0175,0,Restricted,0
09-11-2026,CM: Qualitel WA,814L-10-06908A,10-06908A,DIODE SCHOTTKY 100V 1A SOD123HE,Electrical Components,OTS,"Seattle, WA",PO Inspection,FALSE,Qualitel,0,75,0.0669,0,5.0175,0,Restricted,0
09-11-2026,Lunar Netsuite,10-06908A,10-06908A,DIODE SCHOTTKY 100V 1A SOD123HE,Electrical Components,OTS,CA - Ravendale,NS,FALSE,Lunar Energy,18830,0,0.0974,1834.042,0,0,Unrestricted,18830
09-11-2026,CM: Qualitel WA,814L-10-06908A,10-06908A,DIODE SCHOTTKY 100V 1A SOD123HE,Electrical Components,OTS,"Seattle, WA",Stock,FALSE,Qualitel,21212,0,0.0669,1419.0828,0,0,Unrestricted,21212
09-11-2026,CM: Qualitel WA,814L-10-06915A,10-06915A,"Plug, Conduit, Sealing, Stepped, 1/2""",Part,OTS,"Seattle, WA",Stock,FALSE,Qualitel,4477,0,0.375,1678.875,0,0,Unrestricted,4477
09-11-2026,CM: Sienna GA,10-06918A REV-04,10-06918A,"Label, N Terminal, Front, Inverter",Part,MTS,ATLN,PCKD,FALSE,Sienna Corporation,6000,0,0.37,2220,0,4,Unrestricted,6000
09-11-2026,CM: Sienna GA,10-06918A REV-04,10-06918A,"Label, N Terminal, Front, Inverter",Part,MTS,ATLN,LINE,FALSE,Sienna Corporation,2216,0,0.37,819.92,0,4,Unrestricted,2216
09-11-2026,CM: Sienna GA,10-06918A REV-04,10-06918A,"Label, N Terminal, Front, Inverter",Part,MTS,ATLN,MAIN,FALSE,Sienna Corporation,6000,0,0.37,2220,0,4,Unrestricted,6000
09-11-2026,CM: Qualitel WA,814L-10-06919A,10-06919A,TERM BLK 4POS SIDE ENTRY 5MM PCB,Electrical Components,OTS,"Seattle, WA",Stock,FALSE,Qualitel,4817,0,0.225,1083.825,0,0,Unrestricted,4817
09-11-2026,CM: Qualitel WA,814L-10-06929B,10-06929B,"Heat Sink Assy, DCDC",Part,MTS,"Seattle, WA",Stock,FALSE,Qualitel,3356,0,29.8,100008.8,0,0,Unrestricted,3356
09-11-2026,CM: Qualitel WA,814L-10-06930B,10-06930B,"TIM, PCBA, DCDC",Part,MTS,"Seattle, WA",PO Inspection,FALSE,Qualitel,0,7400,3.07,0,22718,0,Restricted,0
09-11-2026,CM: Qualitel WA,814L-10-06936A,10-06936A,"Fan Shroud with Inserts, DCDC, LFP ESS, Rear",Part,MTS,"Seattle, WA",PO Inspection,FALSE,Qualitel,0,7020,1.18,0,8283.6,0,Restricted,0
09-11-2026,CM: Qualitel WA,814L-10-06938A,10-06938A,"Fan Shroud with Inserts, DCDC, LFP ESS, Fan Mtg, Front",Part,MTS,"Seattle, WA",PO Inspection,FALSE,Qualitel,0,7020,1.18,0,8283.6,0,Restricted,0
09-11-2026,Lunar Netsuite,10-06943B,10-06943B,"Assy, Enclosure, LFP BB",Assembly,MTS,Qualitel,NS,FALSE,Lunar Energy,1085,0,110.723,120134.455,0,0,Unrestricted,0
09-11-2026,Lunar Netsuite,10-06943B,10-06943B,"Assy, Enclosure, LFP BB",Assembly,MTS,Sytech,NS,FALSE,Lunar Energy,35,0,110.421,3864.735,0,0,Unrestricted,35
09-11-2026,Lunar Netsuite,10-06943B,10-06943B,"Assy, Enclosure, LFP BB",Assembly,MTS,TPC,NS,FALSE,Lunar Energy,2600,0,110.727,287890.2,0,0,Unrestricted,2600
09-11-2026,CM: Qualitel WA,814L-10-06944B,10-06944B,"Lid, Enclosure, LFP BB",Part,MTS,"Seattle, WA",Stock,FALSE,Qualitel,125,0,0,0,0,0,Unrestricted,125
09-11-2026,CM: Qualitel WA,814L-10-06944B,10-06944B,"Lid, Enclosure, LFP BB",Part,MTS,"Seattle, WA",PO Inspection,FALSE,Qualitel,0,1,0,0,0,0,Restricted,0
09-11-2026,Lunar Netsuite,10-06944B,10-06944B,"Lid, Enclosure, LFP BB",Part,MTS,CA - Ravendale,NS,FALSE,Lunar Energy,20,0,5.6795,113.59,0,0,Unrestricted,20
09-11-2026,Lunar Netsuite,10-06944B,10-06944B,"Lid, Enclosure, LFP BB",Part,MTS,TPC,NS,FALSE,Lunar Energy,2600,0,6.1493,15988.18,0,0,Unrestricted,2600
09-11-2026,Lunar Netsuite,10-06944B,10-06944B,"Lid, Enclosure, LFP BB",Part,MTS,Qualitel,NS,FALSE,Lunar Energy,1106,0,6.1371,6787.6326,0,0,Unrestricted,0
09-11-2026,CM: Qualitel WA,814L-10-06945A,10-06945A,"Busbar Nest Assy, LFP DC ESS",Assembly,MTS,"Seattle, WA",Stock,FALSE,Qualitel,2105,0,9.55,20102.75,0,0,Unrestricted,2105
09-11-2026,CM: Qualitel WA,814L-10-06945A,10-06945A,"Busbar Nest Assy, LFP DC ESS",Assembly,MTS,"Seattle, WA",PO Inspection,FALSE,Qualitel,0,3240,9.55,0,30942,0,Restricted,0
09-11-2026,CM: Qualitel WA,814L-10-06946B,10-06946B,"10-06946B Terminal Cover Assy, LFP BB",Part,MTS,"Seattle, WA",MRB,FALSE,Qualitel,0,354,5.7,0,2017.8,0,Restricted,0
09-11-2026,CM: Qualitel WA,814L-10-06946B,10-06946B,"10-06946B Terminal Cover Assy, LFP BB",Part,MTS,"Seattle, WA",PO Inspection,FALSE,Qualitel,0,14106,5.7,0,80404.2,0,Restricted,0
09-11-2026,Lunar Netsuite,10-06949A,10-06949A,LFP DC ESS,Part,MTS,CA - Ravendale,NS,FALSE,Lunar Energy,3,0,0,0,0,0,Unrestricted,0
09-11-2026,Lunar Netsuite,10-06949C,10-06949C,LFP Battery Block,Part,MTS,CA - Ravendale,NS,FALSE,Lunar Energy,13,0,0,0,0,0,Unrestricted,0
09-11-2026,Lunar Netsuite,10-06949C_old,10-06949C_old,,,,CA - Ravendale,NS,FALSE,Lunar Energy,1,0,0,0,0,0,Unrestricted,0
09-11-2026,Lunar Netsuite,10-06950A,10-06950A,"Cell Array Assy, LFP DC ESS, 51.2V, 100Ah Std Temp Cell, 20% SOC, 220W heater",Assembly,MTS,Qualitel,NS,FALSE,Lunar Energy,1103,0,441.314,486769.342,0,0,Unrestricted,0
09-11-2026,CM: Qualitel WA,814L-10-06950A,10-06950A,"Cell Array Assy, LFP DC ESS, 51.2V, 100Ah Std Temp Cell, 20% SOC, 220W heater",Assembly,MTS,"Seattle, WA",Stock,FALSE,Qualitel,158,0,0,0,0,0,Unrestricted,158
09-11-2026,Lunar Netsuite,10-06950A,10-06950A,"Cell Array Assy, LFP DC ESS, 51.2V, 100Ah Std Temp Cell, 20% SOC, 220W heater",Assembly,MTS,TPC,NS,FALSE,Lunar Energy,14310,0,442.316,6329541.96,0,0,Unrestricted,13374
09-11-2026,CM: Qualitel WA,814L-10-06950A,10-06950A,"Cell Array Assy, LFP DC ESS, 51.2V, 100Ah Std Temp Cell, 20% SOC, 220W heater",Assembly,MTS,"Seattle, WA",PO Inspection,FALSE,Qualitel,0,468,0,0,0,0,Restricted,0
09-11-2026,CM: Qualitel WA,814L-10-06951A,10-06951A,"Screw, M4x0.7, 10mm L, Steel, ZiNi, Nylon Patch",Part,OTS,"Seattle, WA",Stock,FALSE,Qualitel,4800,0,0.3,1440,0,0,Unrestricted,4800
09-11-2026,Lunar Netsuite,10-06952A,10-06952A,"Module Assy with Enclosure, LFP DC ESS",Part,MTS,Qualitel,NS,FALSE,Lunar Energy,16,0,633.48,10135.68,0,0,Unrestricted,6
09-11-2026,Lunar Netsuite,10-06952A,10-06952A,"Module Assy with Enclosure, LFP DC ESS",Part,MTS,CA - Ravendale,NS,FALSE,Lunar Energy,23,0,0,0,0,0,Unrestricted,0
09-11-2026,CM: Sienna GA,10-06953C REV-03,10-06953C,"Label,Compliance,Inverter",Assembly,MTS,ATLN,PCKD,FALSE,Sienna Corporation,1000,0,0.8,800,0,3,Unrestricted,1000
09-11-2026,CM: Sienna GA,10-06953C REV-03,10-06953C,"Label,Compliance,Inverter",Assembly,MTS,ATLN,LINE,FALSE,Sienna Corporation,4047,0,0.8,3237.6,0,3,Unrestricted,4047
09-11-2026,CM: Sienna GA,10-06953C REV-03,10-06953C,"Label,Compliance,Inverter",Assembly,MTS,ATLN,MAIN,FALSE,Sienna Corporation,3500,0,0.8,2800,0,3,Unrestricted,3500
09-11-2026,CM: Sienna GA,10-06954A REV-01,10-06954A,"Label, Compliance, Maximizer",Part,MTS,ATLN,LINE,FALSE,Sienna Corporation,10195,0,0,0,0,1,Unrestricted,10195
09-11-2026,CM: Sienna GA,10-06954A REV-01,10-06954A,"Label, Compliance, Maximizer",Part,MTS,ATLN,MAIN,FALSE,Sienna Corporation,55000,0,0,0,0,1,Unrestricted,55000
09-11-2026,CM: Sienna GA,10-06954A REV-01,10-06954A,"Label, Compliance, Maximizer",Part,MTS,ATLN,PCKD,FALSE,Sienna Corporation,5000,0,0,0,0,1,Unrestricted,5000
09-11-2026,CM: Sienna GA,10-06954B REV-01,10-06954B,"Label, Compliance, Maximizer",Assembly,MTS,ATLN,MAIN,FALSE,Sienna Corporation,77010,0,0,0,0,1,Unrestricted,77010
09-11-2026,CM: Sienna GA,10-06954B REV-01,10-06954B,"Label, Compliance, Maximizer",Assembly,MTS,ATLN,PCKD,FALSE,Sienna Corporation,5000,0,0,0,0,1,Unrestricted,5000
09-11-2026,CM: Sienna GA,10-06954B REV-01,10-06954B,"Label, Compliance, Maximizer",Assembly,MTS,ATLN,LINE,FALSE,Sienna Corporation,9371,0,0,0,0,1,Unrestricted,9371
09-11-2026,CM: Qualitel WA,814L-10-06958A,10-06958A,CAP CER 2.2UF 16V X7S 0603,Electrical Components,OTS,"Seattle, WA",Stock,FALSE,Qualitel,40000,0,0.019,760,0,0,Unrestricted,40000
09-11-2026,Lunar Netsuite,10-06958A,10-06958A,CAP CER 2.2UF 16V X7S 0603,Electrical Components,OTS,JIT - Reno,NS,FALSE,Lunar Energy,1000,0,0.051,51,0,0,Unrestricted,1000
09-11-2026,CM: Qualitel WA,814L-10-06969A,10-06969A,"Module Fixing Plate, 4X mtg at 84 mm, 60 deg flange",Part,MTS,"Seattle, WA",PO Inspection,FALSE,Qualitel,0,11904,0.27,0,3214.08,0,Restricted,0
09-11-2026,CM: Qualitel WA,814L-10-06969A,10-06969A,"Module Fixing Plate, 4X mtg at 84 mm, 60 deg flange",Part,MTS,"Seattle, WA",Stock,FALSE,Qualitel,8382,0,0.27,2263.14,0,0,Unrestricted,8382
09-11-2026,CM: Qualitel WA,814L-10-06970A,10-06970A,"Vent Valve, IP67, M12x1.5",Part,MTS,"Seattle, WA",PO Inspection,FALSE,Qualitel,0,2560,2.09,0,5350.4,0,Restricted,0
09-11-2026,CM: Qualitel WA,814L-10-06970A,10-06970A,"Vent Valve, IP67, M12x1.5",Part,MTS,"Seattle, WA",Stock,FALSE,Qualitel,1003,0,2.09,2096.27,0,0,Unrestricted,1003
09-11-2026,CM: Qualitel WA,814L-10-06970A,10-06970A,"Vent Valve, IP67, M12x1.5",Part,MTS,"Seattle, WA",Stock,FALSE,Qualitel,408,0,2.09,852.72,0,0,Unrestricted,408
09-11-2026,Lunar Netsuite,10-06971A,10-06971A,CAP CER 33PF 50V NP0 0402,Electrical Components,OTS,JIT - Reno,NS,FALSE,Lunar Energy,2450,0,0.01,24.5,0,0,Unrestricted,2450
09-11-2026,CM: Qualitel WA,814L-10-06981A,10-06981A,RES 100 OHM 1% 1/10W 0603,Electrical Components,OTS,"Seattle, WA",Stock,FALSE,Qualitel,540000,0,0.0008,432,0,0,Unrestricted,540000
09-11-2026,Lunar Netsuite,10-06990A,10-06990A,RES 499 OHM 1% 1/10W 0603,Electrical Components,OTS,JIT - Reno,NS,FALSE,Lunar Energy,1000,0,0.0121,12.1,0,0,Unrestricted,1000
09-11-2026,Lunar Netsuite,10-06991A,10-06991A,RES 510 OHM 1% 1/16W 0402,Electrical Components,OTS,CA - Ravendale,NS,FALSE,Lunar Energy,10000,0,0.0009,9,0,0,Unrestricted,10000
09-11-2026,CM: Qualitel WA,814L-10-06997C,10-06997C,"Foam Seal Assy, 4MM, Enclosure",Assembly,MTS,"Seattle, WA",Stock,FALSE,Qualitel,6392,0,2.14,13678.88,0,0,Unrestricted,6392
09-11-2026,Lunar Netsuite,10-06998A,10-06998A,CAP CER 1000PF 50V C0G/NP0 0603,Electrical Components,OTS,CA - Ravendale,NS,FALSE,Lunar Energy,28000,0,0.008,224,0,0,Unrestricted,28000
09-11-2026,CM: Qualitel WA,814L-10-06998A,10-06998A,CAP CER 1000PF 50V C0G/NP0 0603,Electrical Components,OTS,"Seattle, WA",Stock,FALSE,Qualitel,56000,0,0.0028,156.8,0,0,Unrestricted,56000
09-11-2026,CM: Sienna GA,10-07001A REV-01,10-07001A,"Front Door, Shielded, Inverter, Type 2",Part,MTS,ATLN,LPAC,FALSE,Sienna Corporation,2,0,46.92,93.84,0,1,Unrestricted,2
09-11-2026,CM: Sienna GA,10-07001A REV-01,10-07001A,"Front Door, Shielded, Inverter, Type 2",Part,MTS,ATLN,RT17,FALSE,Sienna Corporation,180,0,46.92,8445.6,0,1,Unrestricted,180
09-11-2026,CM: Sienna GA,10-07001A REV-01,10-07001A,"Front Door, Shielded, Inverter, Type 2",Part,MTS,ATLN,MRB,FALSE,Sienna Corporation,0,2,46.92,0,93.84,1,Restricted,0
09-11-2026,CM: Sienna GA,10-07001A REV-01,10-07001A,"Front Door, Shielded, Inverter, Type 2",Part,MTS,ATLN,PAMS,FALSE,Sienna Corporation,180,0,46.92,8445.6,0,1,Unrestricted,180
09-11-2026,CM: Sienna GA,10-07001A REV-01,10-07001A,"Front Door, Shielded, Inverter, Type 2",Part,MTS,ATLN,RP28,FALSE,Sienna Corporation,192,0,46.92,9008.64,0,1,Unrestricted,192
09-11-2026,CM: Sienna GA,10-07001A REV-01,10-07001A,"Front Door, Shielded, Inverter, Type 2",Part,MTS,ATLN,RS37,FALSE,Sienna Corporation,132,0,46.92,6193.44,0,1,Unrestricted,132
09-11-2026,CM: Sienna GA,10-07001A REV-01,10-07001A,"Front Door, Shielded, Inverter, Type 2",Part,MTS,ATLN,RP18,FALSE,Sienna Corporation,366,0,46.92,17172.72,0,1,Unrestricted,366
09-11-2026,CM: Sienna GA,10-07001A REV-01,10-07001A,"Front Door, Shielded, Inverter, Type 2",Part,MTS,ATLN,RP21,FALSE,Sienna Corporation,180,0,46.92,8445.6,0,1,Unrestricted,180
09-11-2026,CM: Sienna GA,10-07001A REV-01,10-07001A,"Front Door, Shielded, Inverter, Type 2",Part,MTS,ATLN,RQB1,FALSE,Sienna Corporation,156,0,46.92,7319.52,0,1,Unrestricted,156
09-11-2026,CM: Sienna GA,10-07001A REV-01,10-07001A,"Front Door, Shielded, Inverter, Type 2",Part,MTS,ATLN,RIQC,FALSE,Sienna Corporation,110,0,46.92,5161.2,0,1,Unrestricted,110
09-11-2026,CM: Sienna GA,10-07001A REV-01,10-07001A,"Front Door, Shielded, Inverter, Type 2",Part,MTS,ATLN,LINE,FALSE,Sienna Corporation,48,0,46.92,2252.16,0,1,Unrestricted,48
09-11-2026,CM: Sienna GA,10-07001A REV-01,10-07001A,"Front Door, Shielded, Inverter, Type 2",Part,MTS,ATLN,RQB8,FALSE,Sienna Corporation,192,0,46.92,9008.64,0,1,Unrestricted,192
09-11-2026,CM: Qualitel WA,814L-10-07029A,10-07029A,"Label, Compliance, MSA Controller",Part,MTS,"Seattle, WA",Stock,FALSE,Qualitel,2330,0,0.52,1211.6,0,0,Unrestricted,2330
09-11-2026,CM: Qualitel WA,814L-10-07038A,10-07038A,CAP CER 8PF 50V C0G/NPO 0603,Electrical Components,OTS,"Seattle, WA",Stock,FALSE,Qualitel,68000,0,0.0025,170,0,0,Unrestricted,68000
09-11-2026,Lunar Netsuite,10-07039B,10-07039B,"PCBA, MSA CONTROLLER, WITH CONFORMAL COAT",Assembly,MTS,CA - Ravendale,NS,FALSE,Lunar Energy,3,0,0,0,0,0,Unrestricted,0
09-11-2026,Lunar Netsuite,10-07065A,10-07065A,"CONTACT, FEMALE, TE, PWR TRIPLE LOCK, 14AWG, 15A, 600V,Cu ALLOY, Sn PLT",Part,OTS,CA - Ravendale,NS,FALSE,Lunar Energy,500,0,0,0,0,0,Unrestricted,500
09-11-2026,Lunar Netsuite,10-07067B,10-07067B,"AC Filter Inductor, HE Inverter",Part,MTS,CA - Ravendale,NS,FALSE,Lunar Energy,373,0,27.1,10108.3,0,0,Unrestricted,373
09-11-2026,CM: Qualitel WA,814L-10-07075A,10-07075A,"Label, Warning, Connector Lock",Part,OTS,"Seattle, WA",Stock,FALSE,Qualitel,2725,0,0.95,2588.75,0,0,Unrestricted,2725
09-11-2026,Lunar Netsuite,10-07076A,10-07076A,"CONTACT, FEMALE, TE, PWR TRIPLE LOCK, 12AWG, 20A, 600V,Cu ALLOY, Sn PLT",Part,OTS,CA - Ravendale,NS,FALSE,Lunar Energy,500,0,0,0,0,0,Unrestricted,500
09-11-2026,CM: Qualitel WA,814L-10-07078A,10-07078A,"Label, Compliance, LE-DC-UNIT",Part,MTS,"Seattle, WA",Stock,FALSE,Qualitel,18467,0,0.31,5724.77,0,0,Unrestricted,18467
09-11-2026,CM: Sienna GA,10-07089A REV-03,10-07089A,"Harness, Trunk, 20 kWh, Type B",Part,MTS,ATLN,RL54,FALSE,Sienna Corporation,216,0,0,0,0,3,Unrestricted,216
09-11-2026,CM: Sienna GA,10-07089A REV-03,10-07089A,"Harness, Trunk, 20 kWh, Type B",Part,MTS,ATLN,INRE,FALSE,Sienna Corporation,9,0,0,0,0,3,Unrestricted,9
09-11-2026,Lunar Netsuite,10-07089A,10-07089A,"Harness, Trunk, 20 kWh, Type B",Part,MTS,CA - Ravendale,NS,FALSE,Lunar Energy,16,0,65.7644,1052.2304,0,0,Unrestricted,15
09-11-2026,Lunar Netsuite,10-07089A,10-07089A,"Harness, Trunk, 20 kWh, Type B",Part,MTS,JIT - Reno,NS,FALSE,Lunar Energy,2,0,0,0,0,0,Unrestricted,0
09-11-2026,CM: Sienna GA,10-07089A REV-03,10-07089A,"Harness, Trunk, 20 kWh, Type B",Part,MTS,ATLN,RIQC,FALSE,Sienna Corporation,178,0,0,0,0,3,Unrestricted,178
09-11-2026,CM: Sienna GA,10-07089A REV-03,10-07089A,"Harness, Trunk, 20 kWh, Type B",Part,MTS,ATLN,LINE,FALSE,Sienna Corporation,570,0,0,0,0,3,Unrestricted,570
09-11-2026,CM: Sienna GA,10-07132A REV-01,10-07132A,DIODE ZENER 22V 5W DO214AA,Electrical Components,OTS,ATLN,MAIN,FALSE,Sienna Corporation,3000,0,0.119,357,0,1,Unrestricted,3000
09-11-2026,CM: Sienna GA,10-07132A REV-01,10-07132A,DIODE ZENER 22V 5W DO214AA,Electrical Components,OTS,ATLN,LINE,FALSE,Sienna Corporation,3243,0,0.119,385.917,0,1,Unrestricted,3243
09-11-2026,CM: Qualitel WA,814L-10-07132A,10-07132A,DIODE ZENER 22V 5W DO214AA,Electrical Components,OTS,"Seattle, WA",Stock,FALSE,Qualitel,7366,0,0.0968,713.0288,0,0,Unrestricted,7366
09-11-2026,CM: Sienna GA,10-07151A REV-01,10-07151A,"Adhesive, Cyanoacrylate (CA), Loctite 401",Part,OTS,ATLN,RIQC,FALSE,Sienna Corporation,0.1000000015,0,1.6,0.1600000024,0,1,Unrestricted,0.1000000015
09-11-2026,CM: Sienna GA,10-07151A REV-01,10-07151A,"Adhesive, Cyanoacrylate (CA), Loctite 401",Part,OTS,ATLN,LINE,FALSE,Sienna Corporation,7.300000191,0,1.6,11.68000031,0,1,Unrestricted,7.300000191
09-11-2026,CM: Sienna GA,10-07151A REV-01,10-07151A,"Adhesive, Cyanoacrylate (CA), Loctite 401",Part,OTS,ATLN,MAIN,FALSE,Sienna Corporation,95.5,0,1.6,152.8,0,1,Unrestricted,95.5
09-11-2026,CM: Sienna GA,10-07162A REV-01,10-07162A,"Label, 2x5, 15kWh, White / High Emphasis",Part,MTS,ATLN,PCKD,FALSE,Sienna Corporation,500,0,0,0,0,1,Unrestricted,500
09-11-2026,CM: Sienna GA,10-07162A REV-01,10-07162A,"Label, 2x5, 15kWh, White / High Emphasis",Part,MTS,ATLN,LINE,FALSE,Sienna Corporation,292,0,0,0,0,1,Unrestricted,292
09-11-2026,CM: Sienna GA,10-07163A REV-01,10-07163A,"Label, 2x5, 20kWh, Blue Primary / Base",Part,MTS,ATLN,MAIN,FALSE,Sienna Corporation,20895,0,0,0,0,1,Unrestricted,20895
09-11-2026,CM: Sienna GA,10-07163A REV-01,10-07163A,"Label, 2x5, 20kWh, Blue Primary / Base",Part,MTS,ATLN,PCKD,FALSE,Sienna Corporation,3000,0,0,0,0,1,Unrestricted,3000
09-11-2026,CM: Sienna GA,10-07163A REV-01,10-07163A,"Label, 2x5, 20kWh, Blue Primary / Base",Part,MTS,ATLN,LINE,FALSE,Sienna Corporation,660,0,0,0,0,1,Unrestricted,660
09-11-2026,CM: Sienna GA,10-07164A REV-02,10-07164A,"Label, 2x5, 25kWh, Gold / Base",Part,MTS,ATLN,RIQC,FALSE,Sienna Corporation,4192,0,0,0,0,2,Unrestricted,4192
09-11-2026,CM: Sienna GA,10-07164A REV-01,10-07164A,"Label, 2x5, 25kWh, Gold / Base",Part,MTS,ATLN,LINE,FALSE,Sienna Corporation,314,0,0,0,0,1,Unrestricted,314
09-11-2026,CM: Sienna GA,10-07165A REV-01,10-07165A,"Label, 2x5, 30kWh, Dark Mode Primary",Part,MTS,ATLN,MAIN,FALSE,Sienna Corporation,590,0,0,0,0,1,Unrestricted,590
09-11-2026,CM: Sienna GA,10-07165A REV-01,10-07165A,"Label, 2x5, 30kWh, Dark Mode Primary",Part,MTS,ATLN,LINE,FALSE,Sienna Corporation,1480,0,0,0,0,1,Unrestricted,1480
09-11-2026,CM: Sienna GA,10-07165A REV-01,10-07165A,"Label, 2x5, 30kWh, Dark Mode Primary",Part,MTS,ATLN,PCKD,FALSE,Sienna Corporation,2500,0,0,0,0,1,Unrestricted,2500
09-11-2026,CM: Qualitel WA,814L-10-07166A,10-07166A,"Shoulder Screw, M5x8, 6mm shoulder, 12 mm OD, A2-70 SS",Part,MTS,"Seattle, WA",Stock,FALSE,Qualitel,17986,0,0.32,5755.52,0,0,Unrestricted,17986
09-11-2026,CM: Qualitel WA,814L-10-07170A,10-07170A,Harness Protector Ring,Part,MTS,"Seattle, WA",Stock,FALSE,Qualitel,21988,0,0.315,6926.22,0,0,Unrestricted,21988
09-11-2026,Lunar Netsuite,10-07175A,10-07175A,"Heatsink Seal Gasket, Inverter Gen 2",Part,MTS,CA - Ravendale,NS,FALSE,Lunar Energy,100,0,6.96,696,0,0,Unrestricted,100
09-11-2026,CM: Sienna GA,10-07179A REV-02,10-07179A,"Label, Compliance, LFP AC ESS System, 15kWh",Assembly,MTS,ATLN,PCKD,FALSE,Sienna Corporation,500,0,0,0,0,2,Unrestricted,500
09-11-2026,CM: Sienna GA,10-07179A REV-02,10-07179A,"Label, Compliance, LFP AC ESS System, 15kWh",Assembly,MTS,ATLN,LINE,FALSE,Sienna Corporation,387,0,0,0,0,2,Unrestricted,387
09-11-2026,CM: Sienna GA,10-07180A REV-02,10-07180A,"Label, Compliance, LFP AC ESS System, 20kWh",Assembly,MTS,ATLN,PCKD,FALSE,Sienna Corporation,1000,0,0,0,0,2,Unrestricted,1000
09-11-2026,CM: Sienna GA,10-07180A REV-02,10-07180A,"Label, Compliance, LFP AC ESS System, 20kWh",Assembly,MTS,ATLN,MAIN,FALSE,Sienna Corporation,2250,0,0,0,0,2,Unrestricted,2250
09-11-2026,Lunar Netsuite,10-07188A,10-07188A,"Lifting Tool Assy, LFP Battery Block",Part,MTS,CA - Ravendale,NS,FALSE,Lunar Energy,4,0,0,0,0,0,Unrestricted,4
09-11-2026,Lunar Netsuite,10-07191A,10-07191A,CAP CER 1UF 10V X7S 0402,Electrical Components,OTS,CA - Ravendale,NS,FALSE,Lunar Energy,78700,0,0.023,1810.1,0,0,Unrestricted,78700
09-11-2026,Lunar Netsuite,10-07199A,10-07199A,CONN HEADER VERT 8POS 2.54MM PTH 18.8MM L X 22.05MM D X 28.05MM H,Electrical Components,OTS,JIT - Reno,NS,FALSE,Lunar Energy,1000,0,1.03,1030,0,0,Unrestricted,1000
09-11-2026,CM: Qualitel WA,814L-10-07206A,10-07206A,MOSFET N-CH 80V 120A D2PAK,Electrical Components,OTS,"Seattle, WA",Stock,FALSE,Qualitel,997,0,0.9544,951.5368,0,0,Unrestricted,997
09-11-2026,Lunar Netsuite,10-07211A,10-07211A,IC REG LINEAR 3.3V 1A SOT-223-4,Electrical Components,OTS,CA - Ravendale,NS,FALSE,Lunar Energy,51269,0,0.1284,6582.9396,0,0,Unrestricted,51269
09-11-2026,Lunar Netsuite,10-07228A,10-07228A,IND 10µH ±20% Shielded 21A 2212,Electrical Components,OTS,CA - Ravendale,NS,FALSE,Lunar Energy,1000,0,1.396,1396,0,0,Unrestricted,1000
09-11-2026,Lunar Netsuite,10-07229A,10-07229A,IC SMART DIODE CTLR 8VSSOP AEC-Q,Electrical Components,OTS,CA - Ravendale,NS,FALSE,Lunar Energy,59916,0,1.1563,69280.8708,0,0,Unrestricted,59916
09-11-2026,Lunar Netsuite,10-07233A,10-07233A,IND FIXED 47UH Shielded 1.15A 274.3 MOHM 2424 (6060 Metric),Electrical Components,OTS,CA - Ravendale,NS,FALSE,Lunar Energy,2556,0,0.139,355.284,0,0,Unrestricted,2556
09-11-2026,Lunar Netsuite,10-07233A,10-07233A,IND FIXED 47UH Shielded 1.15A 274.3 MOHM 2424 (6060 Metric),Electrical Components,OTS,JIT - Reno,NS,FALSE,Lunar Energy,1646,0,0.1575,259.245,0,0,Unrestricted,1646
09-11-2026,CM: Qualitel WA,814L-10-07238A,10-07238A,CAP CER 0.33UF 16V X7R 0603,Electrical Components,OTS,"Seattle, WA",Stock,FALSE,Qualitel,36000,0,0.0055,198,0,0,Unrestricted,36000
09-11-2026,CM: Qualitel WA,814L-10-07240C,10-07240A,"SCREW, M5-0.8X12, PAN HD, T25, SEALING, STL+ZNNI",Assembly,MTS,"Seattle, WA",PO Inspection,FALSE,Qualitel,0,10740,0,0,0,0,Restricted,0
09-11-2026,CM: Qualitel WA,814L-10-07240B,10-07240A,"SCREW, M5-0.8X12, PAN HD, T25, SEALING, STL+ZNNI",Assembly,MTS,"Seattle, WA",Stock,FALSE,Qualitel,20110,0,0.1187,2387.057,0,0,Unrestricted,20110
09-11-2026,CM: Qualitel WA,814L-10-07240A,10-07240A,"SCREW, M5-0.8X12, PAN HD, T25, SEALING, STL+ZNNI",Assembly,MTS,"Seattle, WA",Stock,FALSE,Qualitel,19,0,0.1187,2.2553,0,0,Unrestricted,19
09-11-2026,CM: Qualitel WA,814L-10-07241A,10-07241A,"SCREW, M8-1.25X10, PAN HD, T40, SEALING, STL+ZNNI",Part,MTS,"Seattle, WA",Stock,FALSE,Qualitel,20444,0,0.572,11693.968,0,0,Unrestricted,20444
09-11-2026,CM: Qualitel WA,814L-10-08055A,10-07241A,"SCREW, M8-1.25X10, PAN HD, T40, SEALING, STL+ZNNI",Part,MTS,"Seattle, WA",Stock,FALSE,Qualitel,48,0,0,0,0,0,Unrestricted,48
09-11-2026,CM: Sienna GA,10-07244A REV-01,10-07244A,RES SMD 332 OHM 1% 1/2W 0805 AEC-Q,Electrical Components,OTS,ATLN,LINE,FALSE,Sienna Corporation,5627,0,0,0,0,1,Unrestricted,5627
09-11-2026,CM: Qualitel WA,814L-10-07244A,10-07244A,RES SMD 332 OHM 1% 1/2W 0805 AEC-Q,Electrical Components,OTS,"Seattle, WA",Stock,FALSE,Qualitel,4241,0,0.0092,39.0172,0,0,Unrestricted,4241
09-11-2026,Lunar Netsuite,10-07245A,10-07245A,CONN MOD JACK 8PC8PC SHIELDED,Electrical Components,OTS,JIT - Reno,NS,FALSE,Lunar Energy,845,0,3.3188,2804.386,0,0,Unrestricted,845
09-11-2026,Lunar Netsuite,10-07247A,10-07247A,ANTENNA PCB 4G SMT Mount Monopole 40mm×7mm×3mm,Electrical Components,OTS,JIT - Reno,NS,FALSE,Lunar Energy,1000,0,0.7499,749.9,0,0,Unrestricted,1000
09-11-2026,CM: Qualitel WA,814L-10-07248A,10-07248A,"Cover with Seal, M8 Vent Seal, DC-DC",Part,MTS,"Seattle, WA",Stock,FALSE,Qualitel,10,0,13.74,137.4,0,0,Unrestricted,10
09-11-2026,CM: Qualitel WA,814L-10-07249A,10-07249A,"Cover, M8x1.0 Vent, DC-DC",Part,MTS,"Seattle, WA",Stock,FALSE,Qualitel,4280,0,10.9,46652,0,0,Unrestricted,4280
09-11-2026,Lunar Netsuite,10-07266A,10-07266A,Roof Doctor Assembly,Assembly,MTS,CA - Ravendale,NS,FALSE,Lunar Energy,365,0,5.2989,1934.0985,0,0,Unrestricted,345
09-11-2026,Lunar Netsuite,10-07268A,10-07268A,CAP CER 0.75PF 50V C0G/NP0 0402,Electrical Components,OTS,JIT - Reno,NS,FALSE,Lunar Energy,993,0,0.0468,46.4724,0,0,Unrestricted,993
09-11-2026,CM: Qualitel WA,814L-10-07272A,10-07272A,"Packaging, MSA Controller, Primary Support",Part,OTS,"Seattle, WA",Stock,FALSE,Qualitel,2181,0,1.409,3073.029,0,0,Unrestricted,2181
09-11-2026,CM: Qualitel WA,814L-10-07273A,10-07273A,"Packaging, MSA Controller, Top Cover",Part,OTS,"Seattle, WA",Stock,FALSE,Qualitel,3191,0,1.409,4496.119,0,0,Unrestricted,3191
09-11-2026,Lunar Netsuite,10-07278A,10-07278A,IC REG BOOST 5V 2.5A SOT23-5,Electrical Components,OTS,JIT - Reno,NS,FALSE,Lunar Energy,1350,0,0.24,324,0,0,Unrestricted,1350
09-11-2026,CM: Sienna GA,10-07279A REV-01,10-07279A,"Asy, Harness, Trunk, 10 kWh, Type B",Part,MTS,ATLN,RH43,FALSE,Sienna Corporation,32,0,0,0,0,1,Unrestricted,32
09-11-2026,CM: Sienna GA,10-07279A REV-01,10-07279A,"Asy, Harness, Trunk, 10 kWh, Type B",Part,MTS,ATLN,LINE,FALSE,Sienna Corporation,18,0,0,0,0,1,Unrestricted,18
09-11-2026,Lunar Netsuite,10-07279A,10-07279A,"Asy, Harness, Trunk, 10 kWh, Type B",Part,MTS,CA - Ravendale,NS,FALSE,Lunar Energy,5,0,42,210,0,0,Unrestricted,5
09-11-2026,CM: Sienna GA,10-07279A REV-01,10-07279A,"Asy, Harness, Trunk, 10 kWh, Type B",Part,MTS,ATLN,RIQC,FALSE,Sienna Corporation,50,0,0,0,0,1,Unrestricted,50
09-11-2026,Lunar Netsuite,10-07285B,10-07285B,"Heat Spreader Assy, HE Inverter",Part,MTS,JIT - Reno,NS,FALSE,Lunar Energy,90000,0,6.29,566100,0,0,Unrestricted,90000
09-11-2026,CM: Sienna GA,10-07295A REV-02,10-07295A,"Label, Compliance, LFP AC ESS System, 10kWh",Assembly,MTS,ATLN,PCKD,FALSE,Sienna Corporation,500,0,0,0,0,2,Unrestricted,500
09-11-2026,CM: Sienna GA,10-07295A REV-02,10-07295A,"Label, Compliance, LFP AC ESS System, 10kWh",Assembly,MTS,ATLN,LINE,FALSE,Sienna Corporation,495,0,0,0,0,2,Unrestricted,495
09-11-2026,CM: Sienna GA,10-07296A REV-01,10-07296A,"Label, 2x5, 10kWh, Blue Primary / Lighter",Part,MTS,ATLN,PCKD,FALSE,Sienna Corporation,500,0,0,0,0,1,Unrestricted,500
09-11-2026,CM: Sienna GA,10-07296A REV-01,10-07296A,"Label, 2x5, 10kWh, Blue Primary / Lighter",Part,MTS,ATLN,LINE,FALSE,Sienna Corporation,495,0,0,0,0,1,Unrestricted,495
09-11-2026,CM: Sienna GA,10-07315A REV-01,10-07315A,"Printed Box, ESS Hardware Kit",Part,MTS,ATLN,PAWH,FALSE,Sienna Corporation,1254,0,0,0,0,1,Unrestricted,1254
09-11-2026,CM: Sienna GA,10-07315A REV-01,10-07315A,"Printed Box, ESS Hardware Kit",Part,MTS,ATLN,RD17,FALSE,Sienna Corporation,20,0,0,0,0,1,Unrestricted,20
09-11-2026,CM: Sienna GA,10-07315A REV-01,10-07315A,"Printed Box, ESS Hardware Kit",Part,MTS,ATLN,RD28,FALSE,Sienna Corporation,48,0,0,0,0,1,Unrestricted,48
09-11-2026,CM: Sienna GA,10-07315A REV-01,10-07315A,"Printed Box, ESS Hardware Kit",Part,MTS,ATLN,RD26,FALSE,Sienna Corporation,6,0,0,0,0,1,Unrestricted,6
09-11-2026,CM: Sienna GA,10-07315A REV-01,10-07315A,"Printed Box, ESS Hardware Kit",Part,MTS,ATLN,RECV,FALSE,Sienna Corporation,600,0,0,0,0,1,Unrestricted,600
09-11-2026,CM: Sienna GA,10-07315A REV-01,10-07315A,"Printed Box, ESS Hardware Kit",Part,MTS,ATLN,RE17,FALSE,Sienna Corporation,76,0,0,0,0,1,Unrestricted,76
09-11-2026,CM: Sienna GA,10-07315A REV-01,10-07315A,"Printed Box, ESS Hardware Kit",Part,MTS,ATLN,RH33,FALSE,Sienna Corporation,4,0,0,0,0,1,Unrestricted,4
09-11-2026,CM: Sienna GA,10-07315A REV-01,10-07315A,"Printed Box, ESS Hardware Kit",Part,MTS,ATLN,RD37,FALSE,Sienna Corporation,150,0,0,0,0,1,Unrestricted,150
09-11-2026,CM: Qualitel WA,814L-10-07327A,10-07327A,"VOLTAGE TEMPERATURE SENSE HARNESS, SAMTEC - 150 - Y - 80 - TE, UL 3132",Part,MTS,"Seattle, WA",Stock,FALSE,Qualitel,93,0,0,0,0,0,Unrestricted,93
09-11-2026,Lunar Netsuite,10-07337A,10-07337A,CAP CER 1000PF 25V C0G/NP0 0402,Electrical Components,OTS,CA - Ravendale,NS,FALSE,Lunar Energy,51000,0,0.0175,892.5,0,0,Unrestricted,51000
09-11-2026,Lunar Netsuite,10-07341A,10-07341A,CAP CER 3300PF/3.3NF 50V C0G/NP0 0603,Electrical Components,OTS,CA - Ravendale,NS,FALSE,Lunar Energy,41731,0,0.0297,1239.4107,0,0,Unrestricted,41731
09-11-2026,CM: Qualitel WA,814L-10-07356A,10-07356A,"Seal, Cover, DC-DC",Part,OTS,"Seattle, WA",Stock,FALSE,Qualitel,8083,0,6.47,52297.01,0,0,Unrestricted,8083
09-11-2026,Lunar Netsuite,10-07356A,10-07356A,"Seal, Cover, DC-DC",Part,OTS,CA - Ravendale,NS,FALSE,Lunar Energy,1,0,0,0,0,0,Unrestricted,1
09-11-2026,CM: Qualitel WA,814L-10-07368A,10-07368A,CAP CER 6800PF 50V C0G/NP0 0603,Electrical Components,OTS,"Seattle, WA",Stock,FALSE,Qualitel,104000,0,0.0122,1268.8,0,0,Unrestricted,104000
09-11-2026,Lunar Netsuite,10-07384A,10-07384A,RES 10 OHM 1% 1/10W 0603,Electrical Components,OTS,JIT - Reno,NS,FALSE,Lunar Energy,2450,0,0.01,24.5,0,0,Unrestricted,2450
09-11-2026,CM: Qualitel WA,814L-10-07385A,10-07385A,CAP CER 47UF 6.3V X7R 1210,Electrical Components,OTS,"Seattle, WA",Stock,FALSE,Qualitel,1000,0,0.133,133,0,0,Unrestricted,1000
09-11-2026,CM: Qualitel WA,814L-10-07389A,10-07389A,CAP CER 2200PF ±20% 100V X7R 0603,Electrical Components,OTS,"Seattle, WA",Stock,FALSE,Qualitel,12000,0,0.0035,42,0,0,Unrestricted,12000
09-11-2026,CM: Qualitel WA,814L-10-07398A,10-07398A,CAP CER 1UF 250V X7R 2220,Electrical Components,OTS,"Seattle, WA",Stock,FALSE,Qualitel,59509,0,0.227,13508.543,0,0,Unrestricted,59509
09-11-2026,CM: Qualitel WA,814L-10-07405A,10-07405A,"Packaging, Side Pad, LFP Battery Block with Cover and WB",Part,OTS,"Seattle, WA",Stock,FALSE,Qualitel,399,0,1.97,786.03,0,0,Unrestricted,399
09-11-2026,CM: Qualitel WA,814L-10-07406A,10-07406A,"Packaging, Printed Box, LFP Battery Block with ESS Cover and Wall Bracket, FEFCO 0200",Part,OTS,"Seattle, WA",Stock,FALSE,Qualitel,375,0,6.05,2268.75,0,0,Unrestricted,375
09-11-2026,CM: Qualitel WA,814L-10-07407A,10-07407A,"Packaging, W Support, LFP Battery Block with Cover and WB",Part,OTS,"Seattle, WA",Stock,FALSE,Qualitel,1265,0,2.38,3010.7,0,0,Unrestricted,1265
09-11-2026,CM: Qualitel WA,814L-10-07408A,10-07408A,"Packaging, L Support, LFP Battery Block with Cover and WB",Part,OTS,"Seattle, WA",Stock,FALSE,Qualitel,171,0,2.58,441.18,0,0,Unrestricted,171
09-11-2026,Lunar Netsuite,10-07420A,10-07420A,"Wire Harness, Home Controller to Motherboard, HE Inverter",Assembly,MTS,CA - Ravendale,NS,FALSE,Lunar Energy,91,0,0,0,0,0,Unrestricted,91
09-11-2026,Lunar Netsuite,10-07472A,10-07472A,IC VREF SHUNT 3V 0.5% SOT23-3 (2.92mm × 1.30mm),Electrical Components,OTS,CA - Ravendale,NS,FALSE,Lunar Energy,15000,0,0.1651,2476.5,0,0,Unrestricted,15000
09-11-2026,Lunar Netsuite,10-07481A,10-07481A,"Assy, Battery Cover, Gen 2",Assembly,MTS,CA - Ravendale,NS,FALSE,Lunar Energy,22,0,378.64,8330.08,0,0,Unrestricted,22
09-11-2026,CM: Qualitel WA,814L-10-07509A,10-07509A,CONN HEADER VERT 35POS MALE 4MM PITCH,Electrical Components,OTS,"Seattle, WA",Stock,FALSE,Qualitel,7500,0,4.95,37125,0,0,Unrestricted,7500
09-11-2026,Lunar Netsuite,10-07510C,10-07510C,"Heat Sink, DCDC, Cont Fin, LFP DC ESS",Part,MTS,CA - Ravendale,NS,FALSE,Lunar Energy,47,0,0,0,0,0,Unrestricted,47
09-11-2026,CM: Qualitel WA,814L-10-07516A,10-07516A,"Packaging, Assy, V-board & D/C Pad, Stitched",Part,OTS,"Seattle, WA",Stock,FALSE,Qualitel,40,0,3.1,124,0,0,Unrestricted,40
09-11-2026,CM: Sienna GA,10-07527A REV-01,10-07527A,CAP FILM 5UF 10% 800VDC RADIAL,Electrical Components,OTS,ATLN,LINE,FALSE,Sienna Corporation,512,0,0,0,0,1,Unrestricted,512
09-11-2026,CM: Sienna GA,10-07527A REV-01,10-07527A,CAP FILM 5UF 10% 800VDC RADIAL,Electrical Components,OTS,ATLN,LPAC,FALSE,Sienna Corporation,128,0,0,0,0,1,Unrestricted,128
09-11-2026,CM: Qualitel WA,814L-10-07527A,10-07527A,CAP FILM 5UF 10% 800VDC RADIAL,Electrical Components,OTS,"Seattle, WA",Stock,FALSE,Qualitel,167,0,0.46,76.82,0,0,Unrestricted,167
09-11-2026,Lunar Netsuite,10-07539D,10-07539D,"Enclosure, Bottom, Maximizer 2",Assembly,MTS,CA - Ravendale,NS,FALSE,Lunar Energy,100,0,23.49,2349,0,0,Unrestricted,100
09-11-2026,Lunar Netsuite,10-07540C,10-07540C,"Enclosure, Top, Maximizer 2",Assembly,MTS,CA - Ravendale,NS,FALSE,Lunar Energy,100,0,18.8,1880,0,0,Unrestricted,100
09-11-2026,CM: Sienna GA,10-07543A REV-01,10-07543A,"Assy, ESS Top Cover W/ Compliance Label, 20 kWh",Assembly,MTS,ATLN,LINE,FALSE,Sienna Corporation,1,0,0,0,0,1,Unrestricted,1
09-11-2026,Lunar Netsuite,10-07650A,10-07650A,"Cover, DCDC, LFP DC ESS",Part,MTS,CA - Ravendale,NS,FALSE,Lunar Energy,61,0,0,0,0,0,Unrestricted,61
09-11-2026,Lunar Netsuite,10-07654A,10-07654A,RES 5.1 OHM 1% 1/2W 0805,Electrical Components,OTS,JIT - Reno,NS,FALSE,Lunar Energy,2100,0,0.035,73.5,0,0,Unrestricted,2100
09-11-2026,Lunar Netsuite,10-07681A,10-07681A,IC DRAM 4GBIT POD 78FBGA,Electrical Components,OTS,CA - Ravendale,NS,FALSE,Lunar Energy,160,0,0,0,0,0,Unrestricted,160
09-11-2026,CM: Qualitel WA,814L-10-07683A,10-07683A,RES SMD 845K OHM 0.1% 1/4W 1206,Electrical Components,OTS,"Seattle, WA",Stock,FALSE,Qualitel,2583,0,0.1024,264.4992,0,0,Unrestricted,2583
09-11-2026,CM: Sienna GA,10-07683A REV-01,10-07683A,RES SMD 845K OHM 0.1% 1/4W 1206,Electrical Components,OTS,ATLN,LINE,FALSE,Sienna Corporation,28216,0,0,0,0,1,Unrestricted,28216
09-11-2026,CM: Sienna GA,10-07683A REV-01,10-07683A,RES SMD 845K OHM 0.1% 1/4W 1206,Electrical Components,OTS,ATLN,MAIN,FALSE,Sienna Corporation,90020,0,0,0,0,1,Unrestricted,90020
09-11-2026,CM: Sienna GA,10-07686A REV-01,10-07686A,"Label, Compliance, LFP AC ESS System, 20kWh w/ Expansion Note",Assembly,MTS,ATLN,PCKD,FALSE,Sienna Corporation,1000,0,0,0,0,1,Unrestricted,1000
09-11-2026,CM: Sienna GA,10-07686A REV-01,10-07686A,"Label, Compliance, LFP AC ESS System, 20kWh w/ Expansion Note",Assembly,MTS,ATLN,LINE,FALSE,Sienna Corporation,3059,0,0,0,0,1,Unrestricted,3059
09-11-2026,CM: Sienna GA,10-07686A REV-01,10-07686A,"Label, Compliance, LFP AC ESS System, 20kWh w/ Expansion Note",Assembly,MTS,ATLN,MAIN,FALSE,Sienna Corporation,500,0,0,0,0,1,Unrestricted,500
09-11-2026,CM: Sienna GA,10-07693A REV-01,10-07693A,"Label, Compliance, LFP ESS DC Expansion Unit",Assembly,MTS,ATLN,MAIN,FALSE,Sienna Corporation,3092,0,0,0,0,1,Unrestricted,3092
09-11-2026,CM: Sienna GA,10-07693A REV-01,10-07693A,"Label, Compliance, LFP ESS DC Expansion Unit",Assembly,MTS,ATLN,PCKD,FALSE,Sienna Corporation,1000,0,0,0,0,1,Unrestricted,1000
09-11-2026,CM: Sienna GA,10-07693A REV-01,10-07693A,"Label, Compliance, LFP ESS DC Expansion Unit",Assembly,MTS,ATLN,LINE,FALSE,Sienna Corporation,497,0,0,0,0,1,Unrestricted,497
09-11-2026,Lunar Netsuite,10-07720A,10-07720A,"Hinge Door Mount, Front Door, Inverter, Gen 2",Part,MTS,CA - Ravendale,NS,FALSE,Lunar Energy,23,0,0,0,0,0,Unrestricted,23
09-11-2026,Lunar Netsuite,10-07723A,10-07723A,"Snorkel, L2.1 LFP DC ESS",Part,MTS,CA - Ravendale,NS,FALSE,Lunar Energy,66,0,0,0,0,0,Unrestricted,66
09-11-2026,Lunar Netsuite,10-07731A,10-07731A,CAP CER 0.033UF ±5% 630V C0G 1812,Electrical Components,OTS,JIT - Reno,NS,FALSE,Lunar Energy,210,0,1.2335,259.035,0,0,Unrestricted,210
09-11-2026,Lunar Netsuite,10-07732A,10-07732A,"Snorkel Insert, L2.1 LFP DC ESS",Part,MTS,CA - Ravendale,NS,FALSE,Lunar Energy,67,0,0,0,0,0,Unrestricted,67
09-11-2026,Lunar Netsuite,10-07733A,10-07733A,"Snorkel Insert with Seal, L2.1 LFP DC ESS",Assembly,MTS,CA - Ravendale,NS,FALSE,Lunar Energy,67,0,0,0,0,0,Unrestricted,67
09-11-2026,CM: Qualitel WA,814L-10-07746A,10-07746A,"Packaging, LFP BB + WB, HSC Cover with Artwork",Part,OTS,"Seattle, WA",Stock,FALSE,Qualitel,7095,0,2.42,17169.9,0,0,Unrestricted,7095
09-11-2026,CM: Qualitel WA,814L-10-07747A,10-07747A,"Packaging, LFP BB + WB, Base Tray Assy",Part,OTS,"Seattle, WA",Stock,FALSE,Qualitel,4050,0,8.33,33736.5,0,0,Unrestricted,4050
09-11-2026,CM: Qualitel WA,814L-10-07754A,10-07754A,"Packaging, LFP BB + WB, WB Tray",Part,OTS,"Seattle, WA",Stock,FALSE,Qualitel,2640,0,1.04,2745.6,0,0,Unrestricted,2640
09-11-2026,Lunar Netsuite,10-07769A,10-07769A,"Heatsink, AC Safe Harbor, 11kW Inverter",Assembly,MTS,CA - Ravendale,NS,FALSE,Lunar Energy,9,0,0,0,0,0,Unrestricted,9
09-11-2026,Lunar Netsuite,10-07770A,10-07770A,"Heatsink, PV Safe Harbor, 11kW Inverter",Assembly,MTS,CA - Ravendale,NS,FALSE,Lunar Energy,22,0,0,0,0,0,Unrestricted,22
09-11-2026,Lunar Netsuite,10-07770B,10-07770B,"Heatsink, PV Safe Harbor, 11kW Inverter",Assembly,MTS,CA - Ravendale,NS,FALSE,Lunar Energy,5,0,0,0,0,0,Unrestricted,5
09-11-2026,Lunar Netsuite,10-07779A,10-07779A,"Shroud, L2.1 LFP DC ESS",Part,MTS,CA - Ravendale,NS,FALSE,Lunar Energy,66,0,0,0,0,0,Unrestricted,66
09-11-2026,CM: Sienna GA,10-07793A REV-01,10-07793A,"Wire Harness, Inverter Exterior, Blowers/Ambient T, SS 540-22",Assembly,MTS,ATLN,RJ11,FALSE,Sienna Corporation,112,0,0,0,0,1,Unrestricted,112
09-11-2026,CM: Sienna GA,10-07817A REV-01,10-07817A,"Wire Harness, Inverter Exterior, Blowers/Ambient T, D TP48",Assembly,MTS,ATLN,LINE,FALSE,Sienna Corporation,34,0,0,0,0,1,Unrestricted,34
09-11-2026,Lunar Netsuite,10-07823A,10-07823A,"Screw M2x0.4, 6mmL, RENY",Part,OTS,CA - Ravendale,NS,FALSE,Lunar Energy,2,0,11.31,22.62,0,0,Unrestricted,2
09-11-2026,Lunar Netsuite,10-07833A,10-07833A,"Assy, Panel, End Cap, DCDC",Assembly,MTS,CA - Ravendale,NS,FALSE,Lunar Energy,3,0,82.5733,247.7199,0,0,Unrestricted,3
09-11-2026,CM: Sienna GA,10-07839A REV-01,10-07839A,CAP 2.2UF ±10% 10% 305VAC 630VDC AEC-Q200 X2 RADIAL 42.00mm x 12.00mm,Electrical Components,OTS,ATLN,MAIN,FALSE,Sienna Corporation,1583,0,0,0,0,1,Unrestricted,1583
09-11-2026,CM: Sienna GA,10-07839A REV-01,10-07839A,CAP 2.2UF ±10% 10% 305VAC 630VDC AEC-Q200 X2 RADIAL 42.00mm x 12.00mm,Electrical Components,OTS,ATLN,RIQC,FALSE,Sienna Corporation,1000,0,0,0,0,1,Unrestricted,1000
09-11-2026,Lunar Netsuite,10-07840A,10-07840A,DIODE STANDARD 600V 6A TO277A (4.35(Max)MM X 6.15(Max)MM),Electrical Components,OTS,JIT - Reno,NS,FALSE,Lunar Energy,1000,0,0.443,443,0,0,Unrestricted,1000
09-11-2026,CM: Qualitel WA,814L-10-07848A,10-07848A,RES SMD 5.1 OHM 1% 1/5W 0402,Electrical Components,OTS,"Seattle, WA",Stock,FALSE,Qualitel,26556,0,0.0069,183.2364,0,0,Unrestricted,26556
09-11-2026,Lunar Netsuite,10-07933A,10-07933A,IC FLASH 256MBIT SPI/QUAD 24BGA (8X6MM),Electrical Components,OTS,CA - Ravendale,NS,FALSE,Lunar Energy,443,0,0,0,0,0,Unrestricted,443
09-11-2026,Lunar Netsuite,10-07937A,10-07937A,"Heat Sink with Seals, DCDC, LFP DC ESS",Assembly,MTS,CA - Ravendale,NS,FALSE,Lunar Energy,47,0,0,0,0,0,Unrestricted,47
09-11-2026,Lunar Netsuite,10-07939A,10-07939A,"Terminal Cover, L2.1",Part,MTS,CA - Ravendale,NS,FALSE,Lunar Energy,234,0,0,0,0,0,Unrestricted,234
09-11-2026,Lunar Netsuite,10-07946A,10-07946A,"Assy, Cell Array, w/o CCS, L2.1",Assembly,MTS,CA - Ravendale,NS,FALSE,Lunar Energy,39,0,0,0,0,0,Unrestricted,39
09-11-2026,Lunar Netsuite,10-07962A,10-07962A,Ultra-Low-Profile Socket Head Screw M5 x 12,Part,MTS,CA - Ravendale,NS,FALSE,Lunar Energy,30,0,4.27,128.1,0,0,Unrestricted,30
09-11-2026,Lunar Netsuite,10-07964A,10-07964A,RES SMD 2.2M OHM 1% 1/16W 0402,Electrical Components,OTS,CA - Ravendale,NS,FALSE,Lunar Energy,10000,0,0.0009,9,0,0,Unrestricted,10000
09-11-2026,Lunar Netsuite,10-07972A,10-07972A,RES 0.51 OHM 1% 1/4W 0805,Electrical Components,OTS,JIT - Reno,NS,FALSE,Lunar Energy,1400,0,0.052,72.8,0,0,Unrestricted,1400
09-11-2026,Lunar Netsuite,10-07974A,10-07974A,RES 0.068 OHM 1% 1/2W 1206 AEC-Q,Electrical Components,OTS,JIT - Reno,NS,FALSE,Lunar Energy,1350,0,0.1821,245.835,0,0,Unrestricted,1350
09-11-2026,Lunar Netsuite,10-07982A,10-07982A,"PCBA Cover, Motherboard, 11kW Inverter",Part,MTS,CA - Ravendale,NS,FALSE,Lunar Energy,1,0,80.01,80.01,0,0,Unrestricted,1
09-11-2026,CM: Sienna GA,10-07984A REV-01,10-07984A,"Wire Harness, Inverter Exterior, Blowers/Ambient T, D CMJ5",Assembly,MTS,ATLN,PAWH,FALSE,Sienna Corporation,42,0,0,0,0,1,Unrestricted,42
09-11-2026,CM: Sienna GA,10-07984A REV-01,10-07984A,"Wire Harness, Inverter Exterior, Blowers/Ambient T, D CMJ5",Assembly,MTS,ATLN,LINE,FALSE,Sienna Corporation,294,0,0,0,0,1,Unrestricted,294
09-11-2026,CM: Sienna GA,10-07984A REV-01,10-07984A,"Wire Harness, Inverter Exterior, Blowers/Ambient T, D CMJ5",Assembly,MTS,ATLN,RIQC,FALSE,Sienna Corporation,160,0,0,0,0,1,Unrestricted,160
09-11-2026,Lunar Netsuite,10-08010A,10-08010A,"Screw,M4x0.7,30mmL,BHT T-20,Steel,Zn",Part,MTS,CA - Ravendale,NS,FALSE,Lunar Energy,2,0,19.07,38.14,0,0,Unrestricted,2
09-11-2026,Lunar Netsuite,10-08027A,10-08027A,"Fan, Wire Harness, Lunar 3 Inverter",Assembly,MTS,CA - Ravendale,NS,FALSE,Lunar Energy,91,0,13.6101,1238.5191,0,0,Unrestricted,91
09-11-2026,Lunar Netsuite,10-08039A,10-08039A,"Foam Seal, Home Controller, Lunar 3 Inverter",Part,MTS,CA - Ravendale,NS,FALSE,Lunar Energy,81,0,16.67,1350.27,0,0,Unrestricted,81
09-11-2026,Lunar Netsuite,10-08050A,10-08050A,"Wire Harness, RSD Switch, Lunar 3 Inverter",Assembly,MTS,CA - Ravendale,NS,FALSE,Lunar Energy,9,0,0,0,0,0,Unrestricted,9
09-11-2026,Lunar Netsuite,10-08101A,10-08101A,"Lunar 3 Front Cover Weldment, DVT1",Assembly,MTS,CA - Ravendale,NS,FALSE,Lunar Energy,90,0,15.0601,1355.409,0,0,Unrestricted,90
09-11-2026,Lunar Netsuite,10-08114A,10-08114A,"Lunar 3 Inverter Enclosure, Rear Grill Weldment, DVT1",Assembly,MTS,CA - Ravendale,NS,FALSE,Lunar Energy,80,0,27.3,2184,0,0,Unrestricted,80
09-11-2026,Lunar Netsuite,10-08121A,10-08121A,"Lunar 3 Inverter, Enclosure Assembly, DVT1",Assembly,MTS,CA - Ravendale,NS,FALSE,Lunar Energy,87,0,197.8,17208.6,0,0,Unrestricted,87
09-11-2026,Lunar Netsuite,10-08335A,10-08335A,CCA Positive Side L2.1,Part,OTS,CA - Ravendale,NS,FALSE,Lunar Energy,73,0,0,0,0,0,Unrestricted,73
09-11-2026,Lunar Netsuite,10-08336A,10-08336A,CCA Negative Side L2.1,Part,OTS,CA - Ravendale,NS,FALSE,Lunar Energy,67,0,0,0,0,0,Unrestricted,67
09-11-2026,Lunar Netsuite,10-08337A,10-08337A,"PP Insulation plate, CCA 2.1",Part,MTS,CA - Ravendale,NS,FALSE,Lunar Energy,170,0,0,0,0,0,Unrestricted,170
09-11-2026,Lunar Netsuite,10-08346A,10-08346A,"Sub Assy, Nest CA 2.1",Assembly,MTS,CA - Ravendale,NS,FALSE,Lunar Energy,35,0,40.01,1400.35,0,0,Unrestricted,35
09-11-2026,Lunar Netsuite,10-08349A,10-08349A,"ASSY, HARNESS, TRUNK, 30 kWh,TYPE C INVERTER TO LFP 2.1",Assembly,MTS,CA - Ravendale,NS,FALSE,Lunar Energy,22,0,0,0,0,0,Unrestricted,22
09-11-2026,Lunar Netsuite,10-08350A,10-08350A,"Assy, Enclosure Press-Brake, L2.1",Assembly,MTS,CA - Ravendale,NS,FALSE,Lunar Energy,3,0,104.46,313.38,0,0,Unrestricted,3
09-11-2026,Lunar Netsuite,10-08378A,10-08378A,Edge Trim Protector CA 2.1,Part,MTS,CA - Ravendale,NS,FALSE,Lunar Energy,185,0,0,0,0,0,Unrestricted,185
09-11-2026,Lunar Netsuite,10-08403A,10-08403A,"End Cap, Integrated, Gen 2 LFP",Part,MTS,CA - Ravendale,NS,FALSE,Lunar Energy,1,0,0,0,0,0,Unrestricted,1
09-11-2026,Lunar Netsuite,10-08440A,10-08440A,RES 390K OHM 1% 1/2W PULSE WITHSTANDING 1206 AEC-Q,Electrical Components,OTS,CA - Ravendale,NS,FALSE,Lunar Energy,17605,0,0.0577,1015.8085,0,0,Unrestricted,17605
09-11-2026,Lunar Netsuite,10-08453A,10-08453A,"Hinge Base, Enclosure, Inverter Gen 2, Press Brake",Part,MTS,CA - Ravendale,NS,FALSE,Lunar Energy,175,0,0,0,0,0,Unrestricted,175
09-11-2026,Lunar Netsuite,10-08455A,10-08455A,IND FIXED 47UH 20% 1.1A 220 MOHM SHIELDED SMD (6.00mm x 6.00mm),Electrical Components,OTS,CA - Ravendale,NS,FALSE,Lunar Energy,13000,0,0.1211,1574.3,0,0,Unrestricted,13000
09-11-2026,Lunar Netsuite,10-08465A,10-08465A,"MINI MATE CRIMP TERMINAL, FEMALE, 2.54M GOLD (AU) PLATING, 20-24 AWG",Part,OTS,CA - Ravendale,NS,FALSE,Lunar Energy,500,0,0.17,85,0,0,Unrestricted,500
09-11-2026,Lunar Netsuite,10-08540A,10-08540A,IC 16-CHANNEL BATTERY PACK MONITORING SYSTEM 64-PIN QFN-SS AEC-Q100,Electrical Components,OTS,Qualitel,NS,FALSE,Lunar Energy,1232,0,2.75,3388,0,0,Unrestricted,1232
09-11-2026,CM: Sienna GA,20-000541 REV-8,20-000541,"PCB, Home Controller",PCB,MTS,ATLN,LINE,FALSE,Sienna Corporation,66,0,13.28,876.48,0,8,Unrestricted,66
09-11-2026,CM: Sienna GA,20-000541 REV-8,20-000541,"PCB, Home Controller",PCB,MTS,ATLN,RIQC,FALSE,Sienna Corporation,949,0,13.28,12602.72,0,8,Unrestricted,949
09-11-2026,CM: Sienna GA,20-000544 REV-04,20-000544,"PCB, LED",PCB,MTS,ATLN,PAMS,FALSE,Sienna Corporation,2230,0,0.4,892,0,4,Unrestricted,2230
09-11-2026,CM: Sienna GA,20-000544 REV-04,20-000544,"PCB, LED",PCB,MTS,ATLN,LINE,FALSE,Sienna Corporation,1440,0,0.4,576,0,4,Unrestricted,1440
09-11-2026,Lunar Netsuite,20-000737,20-000737,"PCB DCDC/BMS, Battery Block",PCB,MTS,CA - Ravendale,NS,FALSE,Lunar Energy,32,0,0,0,0,0,Unrestricted,32
09-11-2026,CM: Sienna GA,20-002996 REV-07,20-002996,"PCB, PV Hub",PCB,MTS,ATLN,LINE,FALSE,Sienna Corporation,1548,0,1.59,2461.32,0,7,Unrestricted,1548
09-11-2026,CM: Sienna GA,20-002996 REV-07,20-002996,"PCB, PV Hub",PCB,MTS,ATLN,RIQC,FALSE,Sienna Corporation,172,0,1.59,273.48,0,7,Unrestricted,172
09-11-2026,CM: Sienna GA,20-002996 REV-07,20-002996,"PCB, PV Hub",PCB,MTS,ATLN,RSA6,FALSE,Sienna Corporation,600,0,1.59,954,0,7,Unrestricted,600
09-11-2026,Lunar Netsuite,20-003034,20-003034,"PCB, Capacitor Board",PCB,MTS,CA - Ravendale,NS,FALSE,Lunar Energy,5,0,0,0,0,0,Unrestricted,5
09-11-2026,CM: Sienna GA,20-004050 REV-03,20-004050,Inverter EMC Filter,PCB,MTS,ATLN,MAIN,FALSE,Sienna Corporation,42,0,18,756,0,3,Unrestricted,42
09-11-2026,CM: Sienna GA,20-005054 REV-01,20-005054,Capacitor Board TypeA PCB,PCB,MTS,ATLN,RIQC,FALSE,Sienna Corporation,800,0,8.54,6832,0,1,Unrestricted,800
09-11-2026,CM: Sienna GA,20-005054 REV-01,20-005054,Capacitor Board TypeA PCB,PCB,MTS,ATLN,LINE,FALSE,Sienna Corporation,100,0,8.54,854,0,1,Unrestricted,100
09-11-2026,CM: Sienna GA,20-005054 REV-01,20-005054,Capacitor Board TypeA PCB,PCB,MTS,ATLN,MAIN,FALSE,Sienna Corporation,129,0,8.54,1101.66,0,1,Unrestricted,129
09-11-2026,Lunar Netsuite,20-005200,20-005200,"Maximizer PCB, Type B",PCB,MTS,Sienna Corporation - GA,NS,FALSE,Lunar Energy,1002,0,3.8622,3869.9244,0,0,Unrestricted,0
09-11-2026,CM: Sienna GA,C20-005200 REV-01,20-005200,"Maximizer PCB, Type B",PCB,MTS,ATLN,WQ92,TRUE,Lunar Energy,1002,0,0,0,0,1,Unrestricted,1002
09-11-2026,CM: Sienna GA,20-005240 REV-01,20-005240,Inverter - Power PCB Type A,PCB,MTS,ATLN,MAIN,FALSE,Sienna Corporation,21,0,61.67,1295.07,0,1,Unrestricted,21
09-11-2026,CM: Celestica MX,20-0053393MS,20-005339,"PCB DCDC/BMS, Battery Block",PCB,MTS,Monterrey Prod,1000,FALSE,Celestica,-2,0,20.43,-40.86,0,0,Unrestricted,-2
09-11-2026,CM: Sienna GA,20-005340 REV-01,20-005340,PCB Lunar Bridge CAN Pigtail Board Rev 1,PCB,MTS,ATLN,MAIN,FALSE,Sienna Corporation,2230,0,0.24,535.2,0,1,Unrestricted,2230
09-11-2026,CM: Sienna GA,20-005340 REV-01,20-005340,PCB Lunar Bridge CAN Pigtail Board Rev 1,PCB,MTS,ATLN,RIQC,FALSE,Sienna Corporation,800,0,0.24,192,0,1,Unrestricted,800
09-11-2026,CM: Sienna GA,20-005340 REV-01,20-005340,PCB Lunar Bridge CAN Pigtail Board Rev 1,PCB,MTS,ATLN,LINE,FALSE,Sienna Corporation,110,0,0.24,26.4,0,1,Unrestricted,110
09-11-2026,CM: Sienna GA,20-005341 REV-01,20-005341,PCB Lunar Bridge Rogowski Coil Pigtail Board Rev 1,PCB,MTS,ATLN,MAIN,FALSE,Sienna Corporation,120,0,0.24,28.8,0,1,Unrestricted,120
09-11-2026,CM: Sienna GA,20-005369 REV-01,20-005369,"PCB, RF Passthrough Type A",PCB,MTS,ATLN,MAIN,FALSE,Sienna Corporation,10,0,1.49,14.9,0,1,Unrestricted,10
09-11-2026,CM: Sienna GA,20-005369 REV-01,20-005369,"PCB, RF Passthrough Type A",PCB,MTS,ATLN,LINE,FALSE,Sienna Corporation,80,0,1.49,119.2,0,1,Unrestricted,80
09-11-2026,CM: Sienna GA,20-005369 REV-01,20-005369,"PCB, RF Passthrough Type A",PCB,MTS,ATLN,RIQC,FALSE,Sienna Corporation,520,0,1.49,774.8,0,1,Unrestricted,520
09-11-2026,Lunar Netsuite,20-005377,20-005377,PCB LEM CSTR RCD Adapter Board,PCB,MTS,CA - Ravendale,NS,FALSE,Lunar Energy,48,0,0,0,0,0,Unrestricted,48
09-11-2026,CM: Sienna GA,20-005485 REV-02,20-005485,"PCB, Lunar Bridge Interface Board, Type B",PCB,MTS,ATLN,RS82,FALSE,Sienna Corporation,1022,0,4.88,4987.36,0,2,Unrestricted,1022
09-11-2026,CM: Sienna GA,20-005485 REV-02,20-005485,"PCB, Lunar Bridge Interface Board, Type B",PCB,MTS,ATLN,RIQC,FALSE,Sienna Corporation,1630,0,4.88,7954.4,0,2,Unrestricted,1630
09-11-2026,CM: Sienna GA,20-005485 REV-01,20-005485,"PCB, Lunar Bridge Interface Board, Type B",PCB,MTS,ATLN,MAIN,FALSE,Sienna Corporation,4,0,4.85,19.4,0,1,Unrestricted,4
09-11-2026,CM: Sienna GA,20-005485 REV-02,20-005485,"PCB, Lunar Bridge Interface Board, Type B",PCB,MTS,ATLN,LINE,FALSE,Sienna Corporation,64,0,4.88,312.32,0,2,Unrestricted,64
09-11-2026,CM: Sienna GA,20-005507 REV-1,20-005507,Terminal Board Type B PCB,PCB,MTS,ATLN,MAIN,FALSE,Sienna Corporation,114,0,0,0,0,1,Unrestricted,114
09-11-2026,CM: Sienna GA,20-005508 REV-01,20-005508,"PCB, Inverter Wire Compartment Filter Module",PCB,MTS,ATLN,MAIN,FALSE,Sienna Corporation,8,0,1.26,10.08,0,1,Unrestricted,8
09-11-2026,Lunar Netsuite,20-005508,20-005508,"PCB, Inverter Wire Compartment Filter Module",PCB,MTS,CA - Ravendale,NS,FALSE,Lunar Energy,13,0,0,0,0,0,Unrestricted,13
09-11-2026,CM: Sienna GA,20-005550. REV-01,20-005550,"Maximizer PCB, Type C",PCB,MTS,ATLN,LPAC,FALSE,Sienna Corporation,25,0,2.88,72,0,1,Unrestricted,25
09-11-2026,CM: Sienna GA,20-005550 REV-01,20-005550,"Maximizer PCB, Type C",PCB,MTS,ATLN,MAIN,FALSE,Sienna Corporation,40,0,0,0,0,1,Unrestricted,40
09-11-2026,CM: Sienna GA,20-005550. REV-01,20-005550,"Maximizer PCB, Type C",PCB,MTS,ATLN,MAIN,FALSE,Sienna Corporation,36,0,2.88,103.68,0,1,Unrestricted,36
09-11-2026,CM: Sienna GA,20-005550 REV-01,20-005550,"Maximizer PCB, Type C",PCB,MTS,ATLN,LPAC,FALSE,Sienna Corporation,264,0,0,0,0,1,Unrestricted,264
09-11-2026,CM: Sienna GA,20-005737 REV-01,20-005737,PCB Inverter - Power Board Type B,PCB,MTS,ATLN,MAIN,FALSE,Sienna Corporation,2,0,61.76,123.52,0,1,Unrestricted,2
09-11-2026,Lunar Netsuite,20-005748,20-005748,"PCB, Lunar Bridge Control Board Type B",PCB,MTS,CA - Ravendale,NS,FALSE,Lunar Energy,11,0,0,0,0,0,Unrestricted,11
09-11-2026,CM: Sienna GA,20-005748 REV-01,20-005748,"PCB, Lunar Bridge Control Board Type B",PCB,MTS,ATLN,RIQC,FALSE,Sienna Corporation,1400,0,4.94,6916,0,1,Unrestricted,1400
09-11-2026,CM: Sienna GA,20-005748 REV-01,20-005748,"PCB, Lunar Bridge Control Board Type B",PCB,MTS,ATLN,RSA6,FALSE,Sienna Corporation,780,0,4.94,3853.2,0,1,Unrestricted,780
09-11-2026,CM: Sienna GA,20-005748 REV-01,20-005748,"PCB, Lunar Bridge Control Board Type B",PCB,MTS,ATLN,LINE,FALSE,Sienna Corporation,324,0,4.94,1600.56,0,1,Unrestricted,324
09-11-2026,Lunar Netsuite,20-005783,20-005783,PCB Lunar Bridge Rogowski Coil Pigtail Board Type B,PCB,MTS,CA - Ravendale,NS,FALSE,Lunar Energy,96,0,0,0,0,0,Unrestricted,96
09-11-2026,CM: Sienna GA,20-005783 REV-01,20-005783,PCB Lunar Bridge Rogowski Coil Pigtail Board Type B,PCB,MTS,ATLN,MAIN,FALSE,Sienna Corporation,1690,0,0.44,743.6,0,1,Unrestricted,1690
09-11-2026,CM: Sienna GA,20-005783 REV-01,20-005783,PCB Lunar Bridge Rogowski Coil Pigtail Board Type B,PCB,MTS,ATLN,LINE,FALSE,Sienna Corporation,160,0,0.44,70.4,0,1,Unrestricted,160
09-11-2026,CM: Sienna GA,20-005925 REV-01,20-005925,PCB TRM AFCI Amplifier Board,PCB,MTS,ATLN,MAIN,FALSE,Sienna Corporation,300,0,1.02,306,0,1,Unrestricted,300
09-11-2026,CM: Sienna GA,20-005927 REV-01,20-005927,PCB TRM AFCI Connector Board,PCB,OTS,ATLN,MAIN,FALSE,Sienna Corporation,220,0,0.92,202.4,0,1,Unrestricted,220
09-11-2026,CM: Sienna GA,20-05001C REV-02,20-05001C,"PCB, Terminal Board, Type C",PCB,MTS,ATLN,MAIN,FALSE,Sienna Corporation,267,0,46.88,12516.96,0,2,Unrestricted,267
09-11-2026,CM: Sienna GA,20-05001C REV-02,20-05001C,"PCB, Terminal Board, Type C",PCB,MTS,ATLN,LINE,FALSE,Sienna Corporation,400,0,46.88,18752,0,2,Unrestricted,400
09-11-2026,CM: Sienna GA,20-05001C REV-02,20-05001C,"PCB, Terminal Board, Type C",PCB,MTS,ATLN,RIQC,FALSE,Sienna Corporation,962,0,46.88,45098.56,0,2,Unrestricted,962
09-11-2026,CM: Sienna GA,20-05001C REV-02,20-05001C,"PCB, Terminal Board, Type C",PCB,MTS,ATLN,RS82,FALSE,Sienna Corporation,168,0,46.88,7875.84,0,2,Unrestricted,168
09-11-2026,CM: Qualitel WA,814L-20-05001C,20-05001C,"PCB, Terminal Board, Type C",PCB,MTS,"Seattle, WA",Stock,FALSE,Qualitel,1683,0,46.88,78899.04,0,0,Unrestricted,1683
09-11-2026,CM: Sienna GA,20-05003C REV-03,20-05003C,"PCB, Power Board, Type C",PCB,MTS,ATLN,RIQC,FALSE,Sienna Corporation,1189,0,0,0,0,3,Unrestricted,1189
09-11-2026,CM: Sienna GA,20-05003C REV-01,20-05003C,"PCB, Power Board, Type C",PCB,MTS,ATLN,MAIN,FALSE,Sienna Corporation,2,0,0,0,0,1,Unrestricted,2
09-11-2026,CM: Qualitel WA,814L-20-05003C,20-05003C,"PCB, Power Board, Type C",PCB,MTS,"Seattle, WA",Stock,FALSE,Qualitel,794,0,62.3,49466.2,0,0,Unrestricted,794
09-11-2026,CM: Qualitel WA,814L-20-05003C,20-05003C,"PCB, Power Board, Type C",PCB,MTS,"Seattle, WA",MRB,FALSE,Qualitel,0,800,62.3,0,49840,0,Restricted,0
09-11-2026,CM: Qualitel WA,814L-20-05003C,20-05003C,"PCB, Power Board, Type C",PCB,MTS,"Seattle, WA",PO Inspection,FALSE,Qualitel,0,800,62.3,0,49840,0,Restricted,0
09-11-2026,CM: Sienna GA,20-06545A REV-01,20-06545A,Inverter EMC Filter Type B,PCB,MTS,ATLN,RSA5,FALSE,Sienna Corporation,49,0,17.05,835.45,0,1,Unrestricted,49
09-11-2026,CM: Sienna GA,20-06545A REV-01,20-06545A,Inverter EMC Filter Type B,PCB,MTS,ATLN,RIQC,FALSE,Sienna Corporation,2002,0,17.05,34134.1,0,1,Unrestricted,2002
09-11-2026,CM: Sienna GA,20-06545A REV-01,20-06545A,Inverter EMC Filter Type B,PCB,MTS,ATLN,LINE,FALSE,Sienna Corporation,100,0,17.05,1705,0,1,Unrestricted,100
09-11-2026,CM: Sienna GA,20-06545A REV-01,20-06545A,Inverter EMC Filter Type B,PCB,MTS,ATLN,MAIN,FALSE,Sienna Corporation,22,0,17.05,375.1,0,1,Unrestricted,22
09-11-2026,CM: Qualitel WA,814L-20-06570B,20-06570B,20-06570B Lunar MSA Controller PCB,PCB,MTS,"Seattle, WA",Stock,FALSE,Qualitel,1331,0,2.76,3673.56,0,0,Unrestricted,1331
09-11-2026,CM: Sienna GA,20-06830D REV-01,20-06830D,"Maximizer PCB, Type D",PCB,MTS,ATLN,LINE,FALSE,Sienna Corporation,10900,0,2.1,22890,0,1,Unrestricted,10900
09-11-2026,CM: Sienna GA,20-06830D REV-01,20-06830D,"Maximizer PCB, Type D",PCB,MTS,ATLN,RIQC,FALSE,Sienna Corporation,28504,0,2.1,59858.4,0,1,Unrestricted,28504
09-11-2026,CM: Sienna GA,20-06830D REV-01,20-06830D,"Maximizer PCB, Type D",PCB,MTS,ATLN,MRB,FALSE,Sienna Corporation,0,40,2.1,0,84,1,Restricted,0
09-11-2026,CM: Qualitel WA,814L-20-06905A,20-06905A,LFP EVT DC-DC BMS PCB,PCB,MTS,"Seattle, WA",Stock,FALSE,Qualitel,2650,0,22.01,58326.5,0,0,Unrestricted,2650
09-11-2026,CM: Qualitel WA,814L-20-06905A,20-06905A,LFP EVT DC-DC BMS PCB,PCB,MTS,"Seattle, WA",PO Inspection,FALSE,Qualitel,0,1,22.01,0,22.01,0,Restricted,0
09-11-2026,CM: Qualitel WA,814L-20-06905A,20-06905A,LFP EVT DC-DC BMS PCB,PCB,MTS,"Seattle, WA",MRB,FALSE,Qualitel,0,1,22.01,0,22.01,0,Restricted,0
09-11-2026,CM: Qualitel WA,815L-20-06905A,20-06905A,LFP EVT DC-DC BMS PCB,PCB,MTS,"Seattle, WA",Stock,TRUE,Lunar Energy,29,0,0,0,0,0,Unrestricted,29
09-11-2026,CM: Qualitel WA,814L-20-06905A,20-06905A,LFP EVT DC-DC BMS PCB,PCB,MTS,"Seattle, WA",PO Inspection,FALSE,Qualitel,0,5000,22.01,0,110050,0,Restricted,0
09-11-2026,Lunar Netsuite,20-06955A,20-06955A,"PCB, Roof Doctor",PCB,MTS,CA - Ravendale,NS,FALSE,Lunar Energy,20,0,0,0,0,0,Unrestricted,20
09-11-2026,Lunar Netsuite,20-07321E,20-07321E,Maximizer 2.0 PCB,PCB,MTS,CA - Ravendale,NS,FALSE,Lunar Energy,138,0,0,0,0,0,Unrestricted,138
09-11-2026,CM: Sienna GA,30-000542 REV-09,30-000542,"PCBA, Home Controller",PCBA,MTS,ATLN,MRB,FALSE,Sienna Corporation,0,14,0,0,0,9,Restricted,0
09-11-2026,CM: Sienna GA,30-000542 REV-09,30-000542,"PCBA, Home Controller",PCBA,MTS,ATLN,DBUG,FALSE,Sienna Corporation,61,0,0,0,0,9,Unrestricted,61
09-11-2026,CM: Sienna GA,30-000542 REV-09,30-000542,"PCBA, Home Controller",PCBA,MTS,ATLN,LINE,FALSE,Sienna Corporation,553,0,0,0,0,9,Unrestricted,553
09-11-2026,CM: Sienna GA,30-000542 REV-8,30-000542,"PCBA, Home Controller",PCBA,MTS,ATLN,PDRW,FALSE,Sienna Corporation,3,0,0,0,0,8,Unrestricted,3
09-11-2026,CM: Sienna GA,30-000545 REV-04,30-000545,"PCBA, LED",PCBA,MTS,ATLN,LINE,FALSE,Sienna Corporation,700,0,3.46,2422,0,4,Unrestricted,700
09-11-2026,Lunar Netsuite,30-000738,30-000738,"PCBA DCDC/BMS, Battery Block",PCBA,MTS,CA - Ravendale,NS,FALSE,Lunar Energy,26,0,0,0,0,0,Unrestricted,26
09-11-2026,Lunar Netsuite,30-000827,30-000827,BMS-INV Data Collect - PCBA,PCBA,MTS,CA - Ravendale,NS,FALSE,Lunar Energy,4,0,0,0,0,0,Unrestricted,4
09-11-2026,CM: Sienna GA,30-002435 REV-08,30-002435,"PCBA, PV Hub",PCBA,MTS,ATLN,DBUG,FALSE,Sienna Corporation,27,0,36.23,978.21,0,8,Unrestricted,27
09-11-2026,CM: Sienna GA,30-002435 REV-08,30-002435,"PCBA, PV Hub",PCBA,MTS,ATLN,MRB,FALSE,Sienna Corporation,0,4,36.23,0,144.92,8,Restricted,0
09-11-2026,CM: Sienna GA,30-002435 REV-08,30-002435,"PCBA, PV Hub",PCBA,MTS,ATLN,LINE,FALSE,Sienna Corporation,24,0,36.23,869.52,0,8,Unrestricted,24
09-11-2026,Lunar Netsuite,30-002866,30-002866,Inverter Terminal PBCA,PCBA,MTS,CA - Ravendale,NS,FALSE,Lunar Energy,6,0,0,0,0,0,Unrestricted,6
09-11-2026,CM: Sienna GA,30-003827 REV-03,30-003827,Lunar Bridge Rogowski Coil Pigtail PCBA,PCBA,MTS,ATLN,MAIN,FALSE,Sienna Corporation,3,0,0,0,0,3,Unrestricted,3
09-11-2026,Lunar Netsuite,30-004051,30-004051,Inverter EMC Filter,PCBA,MTS,CA - Ravendale,NS,FALSE,Lunar Energy,27,0,0,0,0,0,Unrestricted,27
09-11-2026,Lunar Netsuite,30-005029,30-005029,"PCBA 1, Interface, Bridge, Type A",PCBA,MTS,CA - Ravendale,NS,FALSE,Lunar Energy,1,0,0,0,0,0,Unrestricted,1
09-11-2026,Lunar Netsuite,30-005030,30-005030,"PCBA, Control, Bridge Type A",PCBA,MTS,CA - Ravendale,NS,FALSE,Lunar Energy,1,0,0,0,0,0,Unrestricted,1
09-11-2026,CM: Sienna GA,30-005034 REV-01,30-005034,"Lunar Bridge CAN Pigtail Board PCBA, Type A",PCBA,MTS,ATLN,MRB,FALSE,Sienna Corporation,0,2,3.25,0,6.5,1,Restricted,0
09-11-2026,CM: Sienna GA,30-005034 REV-01,30-005034,"Lunar Bridge CAN Pigtail Board PCBA, Type A",PCBA,MTS,ATLN,LINE,FALSE,Sienna Corporation,441,0,3.25,1433.25,0,1,Unrestricted,441
09-11-2026,CM: Sienna GA,30-005055 REV-01,30-005055,Capacitor Board TypeA PCBA,PCBA,MTS,ATLN,LINE,FALSE,Sienna Corporation,723,0,62,44826,0,1,Unrestricted,723
09-11-2026,Lunar Netsuite,30-005127,30-005127,Terminal TypeA PCBA,PCBA,MTS,CA - Ravendale,NS,FALSE,Lunar Energy,5,0,0,0,0,0,Unrestricted,5
09-11-2026,Lunar Netsuite,30-005205,30-005205,Terminal Board Type A Light Copper PCBA,PCBA,MTS,CA - Ravendale,NS,FALSE,Lunar Energy,3,0,0,0,0,0,Unrestricted,3
09-11-2026,Lunar Netsuite,30-005239,30-005239,Inverter Power Board Type A PCBA,PCBA,MTS,CA - Ravendale,NS,FALSE,Lunar Energy,2,0,0,0,0,0,Unrestricted,2
09-11-2026,CM: Sienna GA,30-005368 REV-01,30-005368,"PCBA, RF Passthrough Type A",PCBA,MTS,ATLN,LINE,FALSE,Sienna Corporation,221,0,29.02,6413.42,0,1,Unrestricted,221
09-11-2026,CM: Sienna GA,30-005368 REV-01,30-005368,"PCBA, RF Passthrough Type A",PCBA,MTS,ATLN,MRB,FALSE,Sienna Corporation,0,3,29.02,0,87.06,1,Restricted,0
09-11-2026,CM: Sienna GA,30-005368 REV-01,30-005368,"PCBA, RF Passthrough Type A",PCBA,MTS,ATLN,WHS2,FALSE,Sienna Corporation,42,0,29.02,1218.84,0,1,Unrestricted,42
09-11-2026,CM: Sienna GA,30-005368 REV-01,30-005368,"PCBA, RF Passthrough Type A",PCBA,MTS,ATLN,DBUG,FALSE,Sienna Corporation,201,0,29.02,5833.02,0,1,Unrestricted,201
09-11-2026,CM: Sienna GA,30-005368 REV-01,30-005368,"PCBA, RF Passthrough Type A",PCBA,MTS,ATLN,LPAC,FALSE,Sienna Corporation,10,0,29.02,290.2,0,1,Unrestricted,10
09-11-2026,CM: Sienna GA,C30-005484 REV-02,30-005484,"PCBA 1, Interface, Bridge, Type B",PCBA,MTS,ATLN,RECV,TRUE,Lunar Energy,0,0,0,0,0,2,Unrestricted,0
09-11-2026,CM: Sienna GA,30-005484SMT REV-02,30-005484,"PCBA 1, Interface, Bridge, Type B",PCBA,MTS,ATLN,LINE,FALSE,Sienna Corporation,2,0,0,0,0,2,Unrestricted,2
09-11-2026,CM: Sienna GA,30-005484 REV-02,30-005484,"PCBA 1, Interface, Bridge, Type B",PCBA,MTS,ATLN,DBUG,FALSE,Sienna Corporation,14,0,83.51,1169.14,0,2,Unrestricted,14
09-11-2026,Lunar Netsuite,30-005484,30-005484,"PCBA 1, Interface, Bridge, Type B",PCBA,MTS,CA - Ravendale,NS,FALSE,Lunar Energy,1,0,0,0,0,0,Unrestricted,1
09-11-2026,CM: Sienna GA,30-005484 REV-01,30-005484,"PCBA 1, Interface, Bridge, Type B",PCBA,MTS,ATLN,PDRW,FALSE,Sienna Corporation,1,0,0,0,0,1,Unrestricted,1
09-11-2026,Lunar Netsuite,30-005506,30-005506,Terminal Board Type B PCBA,PCBA,MTS,CA - Ravendale,NS,FALSE,Lunar Energy,4,0,0,0,0,0,Unrestricted,4
09-11-2026,CM: Sienna GA,30-005549 REV-3,30-005549,"Maximizer PCBA, Type C",PCBA,MTS,ATLN,LINE,FALSE,Sienna Corporation,431,0,0,0,0,3,Unrestricted,431
09-11-2026,CM: Sienna GA,30-005549 REV-03,30-005549,"Maximizer PCBA, Type C",PCBA,MTS,ATLN,MRB,FALSE,Sienna Corporation,0,11,0,0,0,3,Restricted,0
09-11-2026,CM: Sienna GA,30-005549 REV-3,30-005549,"Maximizer PCBA, Type C",PCBA,MTS,ATLN,WHS2,FALSE,Sienna Corporation,462,0,0,0,0,3,Unrestricted,462
09-11-2026,CM: Sienna GA,30-005549SMT REV-03,30-005549,"Maximizer PCBA, Type C",PCBA,MTS,ATLN,LINE,FALSE,Sienna Corporation,384,0,0,0,0,3,Unrestricted,384
09-11-2026,CM: Sienna GA,30-005549 REV-01,30-005549,"Maximizer PCBA, Type C",PCBA,MTS,ATLN,MRB,FALSE,Sienna Corporation,0,3,49.94,0,149.82,1,Restricted,0
09-11-2026,CM: Sienna GA,30-005549 REV-3,30-005549,"Maximizer PCBA, Type C",PCBA,MTS,ATLN,MRB,FALSE,Sienna Corporation,0,2,0,0,0,3,Restricted,0
09-11-2026,CM: Sienna GA,30-005549 REV-02,30-005549,"Maximizer PCBA, Type C",PCBA,MTS,ATLN,MRB,FALSE,Sienna Corporation,0,1,47.68,0,47.68,2,Restricted,0
09-11-2026,Lunar Netsuite,30-005549,30-005549,"Maximizer PCBA, Type C",PCBA,MTS,CA - Ravendale,NS,FALSE,Lunar Energy,3,0,0,0,0,0,Unrestricted,3
09-11-2026,CM: Celestica MX,30-0055993MS,30-005599,DCDC Battery Block Type B,PCBA,MTS,Monterrey Prod,1000,FALSE,Celestica,-22,0,274.8,-6045.6,0,0,Unrestricted,-22
09-11-2026,CM: Sienna GA,30-005747SMT REV-01,30-005747,"PCBA, Control, Bridge Type B",PCBA,MTS,ATLN,DBUG,FALSE,Sienna Corporation,42,0,0,0,0,1,Unrestricted,42
09-11-2026,CM: Sienna GA,30-005747 REV-01,30-005747,"PCBA, Control, Bridge Type B",PCBA,MTS,ATLN,LINE,FALSE,Sienna Corporation,47,0,97.22,4569.34,0,1,Unrestricted,47
09-11-2026,Lunar Netsuite,30-005747,30-005747,"PCBA, Control, Bridge Type B",PCBA,MTS,CA - Ravendale,NS,FALSE,Lunar Energy,2,0,0,0,0,0,Unrestricted,2
09-11-2026,CM: Sienna GA,30-005747SMT REV-01,30-005747,"PCBA, Control, Bridge Type B",PCBA,MTS,ATLN,LINE,FALSE,Sienna Corporation,8,0,0,0,0,1,Unrestricted,8
09-11-2026,CM: Sienna GA,C30-005747 REV-01,30-005747,"PCBA, Control, Bridge Type B",PCBA,MTS,ATLN,RECV,TRUE,Lunar Energy,0,0,0,0,0,1,Unrestricted,0
09-11-2026,CM: Sienna GA,30-005747 REV-01,30-005747,"PCBA, Control, Bridge Type B",PCBA,MTS,ATLN,MRB,FALSE,Sienna Corporation,0,6,97.22,0,583.32,1,Restricted,0
09-11-2026,CM: Sienna GA,30-005782 REV-01,30-005782,"Lunar Bridge Rogowski Coil Pigtail PCBA, Type B",PCBA,MTS,ATLN,LINE,FALSE,Sienna Corporation,388,0,0,0,0,1,Unrestricted,388
09-11-2026,CM: Sienna GA,30-005782 REV-01,30-005782,"Lunar Bridge Rogowski Coil Pigtail PCBA, Type B",PCBA,MTS,ATLN,MRB,FALSE,Sienna Corporation,0,63,0,0,0,1,Restricted,0
09-11-2026,CM: Sienna GA,30-05000C REV-05,30-05000C,"PCBA, Terminal Board, Type C",PCBA,MTS,ATLN,MRB,FALSE,Sienna Corporation,0,6,0,0,0,5,Restricted,0
09-11-2026,CM: Sienna GA,30-05000C REV-04,30-05000C,"PCBA, Terminal Board, Type C",PCBA,MTS,ATLN,LINE,FALSE,Sienna Corporation,6,0,0,0,0,4,Unrestricted,6
09-11-2026,CM: Sienna GA,30-05000C REV-02,30-05000C,"PCBA, Terminal Board, Type C",PCBA,MTS,ATLN,LPAC,FALSE,Sienna Corporation,4,0,0,0,0,2,Unrestricted,4
09-11-2026,CM: Sienna GA,30-05000C REV-05,30-05000C,"PCBA, Terminal Board, Type C",PCBA,MTS,ATLN,LINE,FALSE,Sienna Corporation,119,0,0,0,0,5,Unrestricted,119
09-11-2026,CM: Sienna GA,30-05000C-SMT REV-03,30-05000C,"PCBA, Terminal Board, Type C",PCBA,MTS,ATLN,LINE,FALSE,Sienna Corporation,1,0,0,0,0,3,Unrestricted,1
09-11-2026,Lunar Netsuite,30-05000C,30-05000C,"PCBA, Terminal Board, Type C",PCBA,MTS,CA - Ravendale,NS,FALSE,Lunar Energy,8,0,422.34,3378.72,0,0,Unrestricted,8
09-11-2026,CM: Sienna GA,30-06544A REV-01,30-06544A,Inverter EMC Filter Board Type B,PCBA,MTS,ATLN,MRB,FALSE,Sienna Corporation,0,2,0,0,0,1,Restricted,0
09-11-2026,CM: Sienna GA,30-06544A REV-01,30-06544A,Inverter EMC Filter Board Type B,PCBA,MTS,ATLN,LINE,FALSE,Sienna Corporation,251,0,0,0,0,1,Unrestricted,251
09-11-2026,Lunar Netsuite,30-06544A,30-06544A,Inverter EMC Filter Board Type B,PCBA,MTS,CA - Ravendale,NS,FALSE,Lunar Energy,7,0,0,0,0,0,Unrestricted,0
09-11-2026,CM: Sienna GA,30-06544A(SMT) REV-01,30-06544A,Inverter EMC Filter Board Type B,PCBA,MTS,ATLN,LINE,FALSE,Sienna Corporation,950,0,0,0,0,1,Unrestricted,950
09-11-2026,Lunar Netsuite,30-06569B,30-06569B,30-06569B Lunar MSA Controller_1 Production PCBA,Part,MTS,CA - Ravendale,NS,FALSE,Lunar Energy,3,0,0,0,0,0,Unrestricted,0
09-11-2026,CM: Sienna GA,30-06829D REV-01,30-06829D,"Maximizer PCBA, Type D",PCBA,MTS,ATLN,MRB,FALSE,Sienna Corporation,0,5,0,0,0,1,Restricted,0
09-11-2026,Lunar Netsuite,30-06829D,30-06829D,"Maximizer PCBA, Type D",PCBA,MTS,CA - Ravendale,NS,FALSE,Lunar Energy,9,0,0,0,0,0,Unrestricted,9
09-11-2026,CM: Sienna GA,30-06829D REV-01,30-06829D,"Maximizer PCBA, Type D",PCBA,MTS,ATLN,PDRW,FALSE,Sienna Corporation,296,0,0,0,0,1,Unrestricted,296
09-11-2026,CM: Sienna GA,30-06829E REV-01,30-06829E,"Maximizer PCBA, Type E",PCBA,MTS,ATLN,LINE,FALSE,Sienna Corporation,923,0,0,0,0,1,Unrestricted,923
09-11-2026,CM: Sienna GA,30-06829E(SMT) REV-01,30-06829E,"Maximizer PCBA, Type E",PCBA,MTS,ATLN,LINE,FALSE,Sienna Corporation,2636,0,0,0,0,1,Unrestricted,2636
09-11-2026,CM: Sienna GA,30-06829E REV-01,30-06829E,"Maximizer PCBA, Type E",PCBA,MTS,ATLN,DBUG,FALSE,Sienna Corporation,190,0,0,0,0,1,Unrestricted,190
09-11-2026,CM: Sienna GA,30-06829E(SMT) REV-01,30-06829E,"Maximizer PCBA, Type E",PCBA,MTS,ATLN,DBUG,FALSE,Sienna Corporation,64,0,0,0,0,1,Unrestricted,64
09-11-2026,CM: Sienna GA,30-06829E REV-01,30-06829E,"Maximizer PCBA, Type E",PCBA,MTS,ATLN,MRB,FALSE,Sienna Corporation,0,288,0,0,0,1,Restricted,0
09-11-2026,Lunar Netsuite,30-06904C,30-06904C,30-06904C DC-DC BMS Lunar 2 LFP DVT Spin 1 PCBA,PCBA,MTS,CA - Ravendale,NS,FALSE,Lunar Energy,1,0,0,0,0,0,Unrestricted,0
09-11-2026,Lunar Netsuite,30-06909A,30-06909A,30-06909A Home Controller 2.0 PCBA,PCBA,MTS,NPI Builds,NS,FALSE,Lunar Energy,8,0,0,0,0,0,Unrestricted,0
09-11-2026,Lunar Netsuite,30-06956A,30-06956A,"PCBA, Roof Doctor",PCBA,MTS,CA - Ravendale,NS,FALSE,Lunar Energy,22,0,0,0,0,0,Unrestricted,0
09-11-2026,Lunar Netsuite,30-07320C,30-07320C,Maximizer 2.0 C2000 Variant,PCBA,MTS,CA - Ravendale,NS,FALSE,Lunar Energy,32,0,45.6344,1460.3008,0,0,Unrestricted,0
09-11-2026,Lunar Netsuite,30-07320F,30-07320F,"PCBA, C2000 Variant, Maximizer 2.0",PCBA,MTS,CA - Ravendale,NS,FALSE,Lunar Energy,73,0,64.89,4736.97,0,0,Unrestricted,0
09-11-2026,Lunar Netsuite,30-07320G,30-07320G,Maximizer 2.0 PCBA,PCBA,MTS,CA - Ravendale,NS,FALSE,Lunar Energy,36,0,93.69,3372.84,0,0,Unrestricted,0
09-11-2026,Lunar Netsuite,30-07519A,30-07519A,Lunar Link PCBA,PCBA,MTS,CA - Ravendale,NS,FALSE,Lunar Energy,2,0,0,0,0,0,Unrestricted,0
09-11-2026,Lunar Netsuite,30-07552A,30-07552A,AFCI CT Breakout PCBA,PCBA,OTS,CA - Ravendale,NS,FALSE,Lunar Energy,5,0,0,0,0,0,Unrestricted,0
09-11-2026,Lunar Netsuite,30-07555B,30-07555B,LFP DVT SPIN-2 DC-DC BMS PCBA,PCBA,MTS,CA - Ravendale,NS,FALSE,Lunar Energy,1,0,366.67,366.67,0,0,Unrestricted,0
09-11-2026,Lunar Netsuite,30-07555C,30-07555C,Lunar 2.1 DCDC-BMS PCBA,PCBA,MTS,CA - Ravendale,NS,FALSE,Lunar Energy,7,0,304.98,2134.86,0,0,Unrestricted,0
09-11-2026,CM: Celestica MX,3480-0329YJS,3480-0329,,,,Monterrey Prod,1000,FALSE,Celestica,50000,0,0.0522,2610,0,0,Unrestricted,50000
09-11-2026,CM: Celestica MX,3480-0330YJS,3480-0330,,,,Monterrey Prod,1000,FALSE,Celestica,-52,0,0.01,-0.52,0,0,Unrestricted,-52
09-11-2026,CM: Celestica MX,3508-2627YJS,3508-2627,,,,Monterrey Prod,1000,FALSE,Celestica,600,0,19.01,11406,0,0,Unrestricted,600
09-11-2026,Lunar Netsuite,60-005955,60-005955,PCBA DCDC_BMS_GND-Full,Non-Production Part,MTS,CA - Ravendale,NS,FALSE,Lunar Energy,1,0,0,0,0,0,Unrestricted,1
09-11-2026,Lunar Netsuite,60-005957,60-005957,PCBA DCDC_BMS_GND-North-Cut,Non-Production Part,MTS,CA - Ravendale,NS,FALSE,Lunar Energy,1,0,0,0,0,0,Unrestricted,1
09-11-2026,Lunar Netsuite,60-005959,60-005959,PCBA DCDC_BMS_GND-South-Cut,Non-Production Part,MTS,CA - Ravendale,NS,FALSE,Lunar Energy,1,0,0,0,0,0,Unrestricted,1
09-11-2026,Lunar Netsuite,60-005960,60-005960,PCB DCDC_BMS_GND-South-Cut,Non-Production Part,MTS,CA - Ravendale,NS,FALSE,Lunar Energy,10,0,0,0,0,0,Unrestricted,10
09-11-2026,Lunar Netsuite,60-006103,60-006103,PCBA Power Board Light Copper Type B,Non-Production Part,MTS,CA - Ravendale,NS,FALSE,Lunar Energy,1,0,0,0,0,0,Unrestricted,1
09-11-2026,Lunar Netsuite,60-006155,60-006155,PCB DC-DC_BMS_1.1_Cost_Down,Non-Production Part,OTS,CA - Ravendale,NS,FALSE,Lunar Energy,1,0,0,0,0,0,Unrestricted,1
09-11-2026,Lunar Netsuite,60-006228,60-006228,PCBA 4 Channel Gate Drive Power Supply,Non-Production Part,MTS,CA - Ravendale,NS,FALSE,Lunar Energy,12,0,0,0,0,0,Unrestricted,12
09-11-2026,Lunar Netsuite,60-006250,60-006250,PCB Power Board Switch Node Traces,Non-Production Part,MTS,CA - Ravendale,NS,FALSE,Lunar Energy,6,0,0,0,0,0,Unrestricted,6
09-11-2026,Lunar Netsuite,60-006477,60-006477,"PCBA, Terminal Board Type C - Light Copper",Non-Production Part,MTS,CA - Ravendale,NS,FALSE,Lunar Energy,10,0,0,0,0,0,Unrestricted,10
09-11-2026,Lunar Netsuite,60-006481,60-006481,"PCBA, Power board Type C Light Cu",Non-Production Part,MTS,CA - Ravendale,NS,FALSE,Lunar Energy,5,0,0,0,0,0,Unrestricted,5
09-11-2026,Lunar Netsuite,60-06569A,60-06569A,60-06569A Lunar MSA Controller_1 Production PCBA,Non-Production Part,OTS,CA - Ravendale,NS,FALSE,Lunar Energy,12,0,0,0,0,0,Unrestricted,12
09-11-2026,Lunar Netsuite,60-06570A,60-06570A,60-06569A Lunar MSA Controller PCB,Non-Production Part,OTS,JIT - Reno,NS,FALSE,Lunar Energy,20,0,0,0,0,0,Unrestricted,20
09-11-2026,Lunar Netsuite,60-06742A,60-06742A,"Power Conversion Board A Sample, PCBA",PCBA,MTS,CA - Ravendale,NS,FALSE,Lunar Energy,1,0,0,0,0,0,Unrestricted,1
09-11-2026,Lunar Netsuite,60-06803A,60-06803A,"PCB, Mini Busbar Validation",Non-Production Part,MTS,CA - Ravendale,NS,FALSE,Lunar Energy,15,0,0,0,0,0,Unrestricted,15
09-11-2026,CM: Celestica MX,8100-0352YJS,8100-0352,,,,Monterrey Prod,1000,FALSE,Celestica,19680.016,0,0.0417,820.6566672,0,0,Unrestricted,19680.016
09-11-2026,CM: Celestica MX,8105-0264YJS,8105-0264,,,,Monterrey Prod,1000,FALSE,Celestica,525,0,31,16275,0,0,Unrestricted,525
09-11-2026,Lunar Netsuite,90-001221,90-001221,"Bridge, Boxed, Lunar Blue",Top Level Assembly,MTS,JIT - Tracy,NS,FALSE,Lunar Energy,12,0,718.53,8622.36,0,0,Unrestricted,0
09-11-2026,Lunar Netsuite,90-001221,90-001221,"Bridge, Boxed, Lunar Blue",Top Level Assembly,MTS,CA - Ravendale,NS,FALSE,Lunar Energy,4,0,731.905,2927.62,0,0,Unrestricted,0
09-11-2026,CM: Sienna GA,90-001221 REV-04,90-001221,"Bridge, Boxed, Lunar Blue",Top Level Assembly,MTS,ATLN,CRMA,FALSE,Sienna Corporation,2,0,0,0,0,4,Unrestricted,2
09-11-2026,Lunar Netsuite,90-001221_old,90-001221_old,,,,Ravendale - Alpha/Beta,NS,FALSE,Lunar Energy,1,0,820.94,820.94,0,0,Unrestricted,1
09-11-2026,Lunar Netsuite,90-001223,90-001223,"20kWh Hardware Kit, Lunar Blue",Top Level Assembly,MTS,JIT - Tracy,NS,FALSE,Lunar Energy,15,0,228.415,3426.225,0,0,Unrestricted,0
09-11-2026,CM: Sienna GA,90-001223 REV-05,90-001223,"20kWh Hardware Kit, Lunar Blue",Top Level Assembly,MTS,ATLN,CRMA,FALSE,Sienna Corporation,1,0,199.87,199.87,0,5,Unrestricted,1
09-11-2026,Lunar Netsuite,90-001223,90-001223,"20kWh Hardware Kit, Lunar Blue",Top Level Assembly,MTS,CA - Ravendale,NS,FALSE,Lunar Energy,6,0,238.545,1431.27,0,0,Unrestricted,5
09-11-2026,Lunar Netsuite,90-001223,90-001223,"20kWh Hardware Kit, Lunar Blue",Top Level Assembly,MTS,JIT - Reno,NS,FALSE,Lunar Energy,17,0,229.37,3899.29,0,0,Unrestricted,17
09-11-2026,Lunar Netsuite,90-001223,90-001223,"20kWh Hardware Kit, Lunar Blue",Top Level Assembly,MTS,JIT - Gardena,NS,FALSE,Lunar Energy,1,0,234.35,234.35,0,0,Unrestricted,1
09-11-2026,Lunar Netsuite,90-001223_old,90-001223_old,,,,Ravendale - Alpha/Beta,NS,FALSE,Lunar Energy,1,0,240.7,240.7,0,0,Unrestricted,1
09-11-2026,Lunar Netsuite,90-002802,90-002802,"Battery With Cover and Brackets, Boxed, Lunar Blue",Top Level Assembly,MTS,CA - Ravendale,NS,FALSE,Lunar Energy,3,0,1828.97,5486.91,0,0,Unrestricted,0
09-11-2026,Lunar Netsuite,90-002802,90-002802,"Battery With Cover and Brackets, Boxed, Lunar Blue",Top Level Assembly,MTS,JIT - Houston,NS,FALSE,Lunar Energy,15,0,1821.38,27320.7,0,0,Unrestricted,15
09-11-2026,Lunar Netsuite,90-002802,90-002802,"Battery With Cover and Brackets, Boxed, Lunar Blue",Top Level Assembly,MTS,Celestica - Mexico,NS,FALSE,Lunar Energy,2,0,1821.38,3642.76,0,0,Unrestricted,0
09-11-2026,CM: Celestica MX,90-0028023MS-R,90-0028023MS-R,,,,Monterrey Prod,1000,FALSE,Celestica,2,0,0.01,0.02,0,0,Unrestricted,2
09-11-2026,Lunar Netsuite,90-002802_old,90-002802_old,,,,Ravendale - Alpha/Beta,NS,FALSE,Lunar Energy,4,0,2389.86,9559.44,0,0,Unrestricted,4
09-11-2026,Lunar Netsuite,90-002878,90-002878,"Maximizer, Boxed, Box of 20",Top Level Assembly,MTS,CA - Ravendale,NS,FALSE,Lunar Energy,1,0,1650.37,1650.37,0,0,Unrestricted,0
09-11-2026,Lunar Netsuite,90-002878,90-002878,"Maximizer, Boxed, Box of 20",Top Level Assembly,MTS,JIT - Tracy,NS,FALSE,Lunar Energy,5,0,1680.82,8404.1,0,0,Unrestricted,0
09-11-2026,CM: Sienna GA,90-002878 REV-05,90-002878,"Maximizer, Boxed, Box of 20",Top Level Assembly,MTS,ATLN,CRMA,FALSE,Sienna Corporation,6,0,1470.35,8822.1,0,5,Unrestricted,6
09-11-2026,Lunar Netsuite,90-002878,90-002878,"Maximizer, Boxed, Box of 20",Top Level Assembly,MTS,JIT - Houston,NS,FALSE,Lunar Energy,151,0,1928.62,291221.62,0,0,Unrestricted,151
09-11-2026,Lunar Netsuite,90-002878,90-002878,"Maximizer, Boxed, Box of 20",Top Level Assembly,MTS,JIT - Gardena,NS,FALSE,Lunar Energy,1,0,1696.73,1696.73,0,0,Unrestricted,1
09-11-2026,Lunar Netsuite,90-002878_old,90-002878_old,,,,Ravendale - Alpha/Beta,NS,FALSE,Lunar Energy,1,0,2561.4,2561.4,0,0,Unrestricted,1
09-11-2026,Lunar Netsuite,90-003540,90-003540,"Inverter with Cover and Brackets, Boxed, Lunar Blue",Top Level Assembly,MTS,CA - Ravendale,NS,FALSE,Lunar Energy,5,0,3044.72,15223.6,0,0,Unrestricted,1
09-11-2026,CM: Sienna GA,C90-003540 REV-05,90-003540,"Inverter with Cover and Brackets, Boxed, Lunar Blue",Top Level Assembly,MTS,ATLN,CRMA,TRUE,Lunar Energy,1,0,0,0,0,5,Unrestricted,1
09-11-2026,Lunar Netsuite,90-003540,90-003540,"Inverter with Cover and Brackets, Boxed, Lunar Blue",Top Level Assembly,MTS,JIT - Tracy,NS,FALSE,Lunar Energy,1,0,2798.86,2798.86,0,0,Unrestricted,0
09-11-2026,Lunar Netsuite,90-003540,90-003540,"Inverter with Cover and Brackets, Boxed, Lunar Blue",Top Level Assembly,MTS,Sienna Corporation - GA,NS,FALSE,Lunar Energy,1,0,3289.25,3289.25,0,0,Unrestricted,0
09-11-2026,Lunar Netsuite,90-003540_old,90-003540_old,,,,Ravendale - Alpha/Beta,NS,FALSE,Lunar Energy,1,0,3235.85,3235.85,0,0,Unrestricted,1
09-11-2026,Lunar Netsuite,90-004034,90-004034,"Maximizer Hub, Boxed",Top Level Assembly,MTS,CA - Ravendale,NS,FALSE,Lunar Energy,10,0,118.205,1182.05,0,0,Unrestricted,10
09-11-2026,CM: Sienna GA,90-004034 REV-05,90-004034,"Maximizer Hub, Boxed",Top Level Assembly,MTS,ATLN,PDRW,FALSE,Sienna Corporation,3,0,0,0,0,5,Unrestricted,3
09-11-2026,Lunar Netsuite,90-004034,90-004034,"Maximizer Hub, Boxed",Top Level Assembly,MTS,JIT - Houston,NS,FALSE,Lunar Energy,28,0,117.338,3285.464,0,0,Unrestricted,28
09-11-2026,Lunar Netsuite,90-004034,90-004034,"Maximizer Hub, Boxed",Top Level Assembly,MTS,JIT - Gardena,NS,FALSE,Lunar Energy,2,0,128.86,257.72,0,0,Unrestricted,2
09-11-2026,Lunar Netsuite,90-004034,90-004034,"Maximizer Hub, Boxed",Top Level Assembly,MTS,JIT - Tracy,NS,FALSE,Lunar Energy,11,0,106.65,1173.15,0,0,Unrestricted,0
09-11-2026,CM: Sienna GA,90-004034 REV-06,90-004034,"Maximizer Hub, Boxed",Top Level Assembly,MTS,ATLN,LINE,FALSE,Sienna Corporation,109,0,0,0,0,6,Unrestricted,109
09-11-2026,Lunar Netsuite,90-004034,90-004034,"Maximizer Hub, Boxed",Top Level Assembly,MTS,JIT - Reno,NS,FALSE,Lunar Energy,939,0,117.227,110076.153,0,0,Unrestricted,507
09-11-2026,Lunar Netsuite,90-004034_old,90-004034_old,,,,Ravendale - Alpha/Beta,NS,FALSE,Lunar Energy,1,0,129.03,129.03,0,0,Unrestricted,1
09-11-2026,Lunar Netsuite,90-005336,90-005336,"Lifting Tool, Boxed",Top Level Assembly,MTS,CA - Ravendale,NS,FALSE,Lunar Energy,2,0,156.87,313.74,0,0,Unrestricted,0
09-11-2026,Lunar Netsuite,90-06533A,90-06533A,"Battery With Cover and Brackets, Boxed, Lunar Blue,HU",Top Level Assembly,MTS,JIT - Gardena,NS,FALSE,Lunar Energy,7,0,1777.98,12445.86,0,0,Unrestricted,7
09-11-2026,Lunar Netsuite,90-06533A,90-06533A,"Battery With Cover and Brackets, Boxed, Lunar Blue,HU",Top Level Assembly,MTS,JIT - Houston,NS,FALSE,Lunar Energy,224,0,1768.86,396224.64,0,0,Unrestricted,224
09-11-2026,CM: Celestica MX,90-06533A3MS,90-06533A,"Battery With Cover and Brackets, Boxed, Lunar Blue,HU",Top Level Assembly,MTS,Monterrey Prod,1000,FALSE,Celestica,1,0,1006.52,1006.52,0,0,Unrestricted,1
09-11-2026,Lunar Netsuite,90-06533A,90-06533A,"Battery With Cover and Brackets, Boxed, Lunar Blue,HU",Top Level Assembly,MTS,JIT - Reno,NS,FALSE,Lunar Energy,32,0,1793.19,57382.08,0,0,Unrestricted,32
09-11-2026,Lunar Netsuite,90-06533A,90-06533A,"Battery With Cover and Brackets, Boxed, Lunar Blue,HU",Top Level Assembly,MTS,CA - Ravendale,NS,FALSE,Lunar Energy,8,0,1793.19,14345.52,0,0,Unrestricted,7
09-11-2026,Lunar Netsuite,90-06700A,90-06700A,"MSA Controller, Boxed",Top Level Assembly,MTS,JIT - Reno,NS,FALSE,Lunar Energy,703,0,128.209,90130.927,0,0,Unrestricted,203
09-11-2026,Lunar Netsuite,90-06700A,90-06700A,"MSA Controller, Boxed",Top Level Assembly,MTS,JIT - Gardena,NS,FALSE,Lunar Energy,1,0,134.79,134.79,0,0,Unrestricted,1
09-11-2026,Lunar Netsuite,90-06700A,90-06700A,"MSA Controller, Boxed",Top Level Assembly,MTS,JIT - Houston,NS,FALSE,Lunar Energy,32,0,126.342,4042.944,0,0,Unrestricted,32
09-11-2026,Lunar Netsuite,90-06700A,90-06700A,"MSA Controller, Boxed",Top Level Assembly,MTS,CA - Ravendale,NS,FALSE,Lunar Energy,15,0,127.808,1917.12,0,0,Unrestricted,15
09-11-2026,CM: Sienna GA,90-06789A REV-01,90-06789A,"Rogowski Coil, Boxed",Top Level Assembly,MTS,ATLN,LINE,FALSE,Sienna Corporation,84,0,0,0,0,1,Unrestricted,84
09-11-2026,Lunar Netsuite,90-06789A,90-06789A,"Rogowski Coil, Boxed",Top Level Assembly,MTS,JIT - Reno,NS,FALSE,Lunar Energy,322,0,75.0253,24158.1466,0,0,Unrestricted,22
09-11-2026,Lunar Netsuite,90-06789A,90-06789A,"Rogowski Coil, Boxed",Top Level Assembly,MTS,CA - Ravendale,NS,FALSE,Lunar Energy,23,0,74.37,1710.51,0,0,Unrestricted,23
09-11-2026,Lunar Netsuite,90-06801A,90-06801A,"Bridge, Type B, Boxed, Lunar Blue",Top Level Assembly,MTS,ES Solar,NS,FALSE,Lunar Energy,16,0,839.271,13428.336,0,0,Unrestricted,16
09-11-2026,Lunar Netsuite,90-06801A,90-06801A,"Bridge, Type B, Boxed, Lunar Blue",Top Level Assembly,MTS,Solarize,NS,FALSE,Lunar Energy,1,0,841.34,841.34,0,0,Unrestricted,1
09-11-2026,Lunar Netsuite,90-06801A,90-06801A,"Bridge, Type B, Boxed, Lunar Blue",Top Level Assembly,MTS,JIT - Reno,NS,FALSE,Lunar Energy,1254,0,832.915,1044475.41,0,0,Unrestricted,1020
09-11-2026,Lunar Netsuite,90-06801A,90-06801A,"Bridge, Type B, Boxed, Lunar Blue",Top Level Assembly,MTS,KW Solar,NS,FALSE,Lunar Energy,6,0,841.633,5049.798,0,0,Unrestricted,6
09-11-2026,Lunar Netsuite,90-06801A,90-06801A,"Bridge, Type B, Boxed, Lunar Blue",Top Level Assembly,MTS,CA - Ravendale,NS,FALSE,Lunar Energy,13,0,841.834,10943.842,0,0,Unrestricted,12
09-11-2026,Lunar Netsuite,90-06801A,90-06801A,"Bridge, Type B, Boxed, Lunar Blue",Top Level Assembly,MTS,JIT - Houston,NS,FALSE,Lunar Energy,28,0,839.034,23492.952,0,0,Unrestricted,16
09-11-2026,CM: Sienna GA,90-06801A REV-01,90-06801A,"Bridge, Type B, Boxed, Lunar Blue",Top Level Assembly,MTS,ATLN,LINE,FALSE,Sienna Corporation,18,0,0,0,0,1,Unrestricted,18
09-11-2026,Lunar Netsuite,90-06823A,90-06823A,"15kWh Hardware Kit, Lunar Blue",Top Level Assembly,MTS,JIT - Reno,NS,FALSE,Lunar Energy,5,0,0,0,0,0,Unrestricted,5
09-11-2026,Lunar Netsuite,90-06823A,90-06823A,"15kWh Hardware Kit, Lunar Blue",Top Level Assembly,MTS,CA - Ravendale,NS,FALSE,Lunar Energy,3,0,233.41,700.23,0,0,Unrestricted,3
09-11-2026,Lunar Netsuite,90-06823A,90-06823A,"15kWh Hardware Kit, Lunar Blue",Top Level Assembly,MTS,JIT - Houston,NS,FALSE,Lunar Energy,28,0,233.41,6535.48,0,0,Unrestricted,28
09-11-2026,Lunar Netsuite,90-06889C,90-06889C,"Inverter 9.6kW with Cover and Brackets, Boxed, Lunar Blue",Top Level Assembly,MTS,KW Solar,NS,FALSE,Lunar Energy,6,0,2530.46,15182.76,0,0,Unrestricted,6
09-11-2026,Lunar Netsuite,90-06889C,90-06889C,"Inverter 9.6kW with Cover and Brackets, Boxed, Lunar Blue",Top Level Assembly,MTS,ES Solar,NS,FALSE,Lunar Energy,25,0,2558.22,63955.5,0,0,Unrestricted,25
09-11-2026,Lunar Netsuite,90-06889C,90-06889C,"Inverter 9.6kW with Cover and Brackets, Boxed, Lunar Blue",Top Level Assembly,MTS,JIT - Reno,NS,FALSE,Lunar Energy,104,0,2538.45,263998.8,0,0,Unrestricted,104
09-11-2026,Lunar Netsuite,90-06889C,90-06889C,"Inverter 9.6kW with Cover and Brackets, Boxed, Lunar Blue",Top Level Assembly,MTS,JIT - Houston,NS,FALSE,Lunar Energy,26,0,2548.46,66259.96,0,0,Unrestricted,14
09-11-2026,Lunar Netsuite,90-06889C,90-06889C,"Inverter 9.6kW with Cover and Brackets, Boxed, Lunar Blue",Top Level Assembly,MTS,CA - Ravendale,NS,FALSE,Lunar Energy,23,0,2650.39,60958.97,0,0,Unrestricted,22
09-11-2026,CM: Sienna GA,90-06889C(R2) REV-02,90-06889C,"Inverter 9.6kW with Cover and Brackets, Boxed, Lunar Blue",Top Level Assembly,MTS,ATLN,FING,FALSE,Sienna Corporation,1,0,0,0,0,2,Unrestricted,1
09-11-2026,CM: Sienna GA,90-06889C REV-02,90-06889C,"Inverter 9.6kW with Cover and Brackets, Boxed, Lunar Blue",Top Level Assembly,MTS,ATLN,LINE,FALSE,Sienna Corporation,126,0,0,0,0,2,Unrestricted,126
09-11-2026,Lunar Netsuite,90-06889C,90-06889C,"Inverter 9.6kW with Cover and Brackets, Boxed, Lunar Blue",Top Level Assembly,MTS,JIT - Gardena,NS,FALSE,Lunar Energy,1,0,2765.76,2765.76,0,0,Unrestricted,1
09-11-2026,Lunar Netsuite,90-06889C,90-06889C,"Inverter 9.6kW with Cover and Brackets, Boxed, Lunar Blue",Top Level Assembly,MTS,Solarize,NS,FALSE,Lunar Energy,1,0,2575.71,2575.71,0,0,Unrestricted,1
09-11-2026,Lunar Netsuite,90-06948B,90-06948B,"LFP DC ESS With Cover and Brackets, Boxed, Lunar Blue",Top Level Assembly,MTS,JIT - Reno,NS,FALSE,Lunar Energy,4,0,1283.5,5134,0,0,Unrestricted,4
09-11-2026,Lunar Netsuite,90-06948B,90-06948B,"LFP DC ESS With Cover and Brackets, Boxed, Lunar Blue",Top Level Assembly,MTS,Qualitel,NS,FALSE,Lunar Energy,3,0,1283.5,3850.5,0,0,Unrestricted,0
09-11-2026,Lunar Netsuite,90-06948C,90-06948C,LFP Battery Block with ESS Cover and Wall Bracket,Top Level Assembly,MTS,JIT - Gardena,NS,FALSE,Lunar Energy,2,0,1152.61,2305.22,0,0,Unrestricted,2
09-11-2026,Lunar Netsuite,90-06948C,90-06948C,LFP Battery Block with ESS Cover and Wall Bracket,Top Level Assembly,MTS,Qualitel,NS,FALSE,Lunar Energy,1,0,1160.7,1160.7,0,0,Unrestricted,0
09-11-2026,Lunar Netsuite,90-06948C,90-06948C,LFP Battery Block with ESS Cover and Wall Bracket,Top Level Assembly,MTS,CA - Ravendale,NS,FALSE,Lunar Energy,11,0,1160.27,12762.97,0,0,Unrestricted,8
09-11-2026,Lunar Netsuite,90-07042A,90-07042A,"MSA, ConnectDER, Boxed",Top Level Assembly,OTS,CA - Ravendale,NS,FALSE,Lunar Energy,5,0,599,2995,0,0,Unrestricted,5
09-11-2026,Lunar Netsuite,90-07042A,90-07042A,"MSA, ConnectDER, Boxed",Top Level Assembly,OTS,JIT - Houston,NS,FALSE,Lunar Energy,12,0,599,7188,0,0,Unrestricted,12
09-11-2026,Lunar Netsuite,90-07042A,90-07042A,"MSA, ConnectDER, Boxed",Top Level Assembly,OTS,JIT - Reno,NS,FALSE,Lunar Energy,144,0,649.336,93504.384,0,0,Unrestricted,144
09-11-2026,Lunar Netsuite,90-07091A,90-07091A,"Smart Breaker, 15A, Boxed",Top Level Assembly,OTS,ES Solar,NS,FALSE,Lunar Energy,10,0,98.1,981,0,0,Unrestricted,10
09-11-2026,Lunar Netsuite,90-07091A,90-07091A,"Smart Breaker, 15A, Boxed",Top Level Assembly,OTS,KW Solar,NS,FALSE,Lunar Energy,5,0,98.1,490.5,0,0,Unrestricted,5
09-11-2026,Lunar Netsuite,90-07091A,90-07091A,"Smart Breaker, 15A, Boxed",Top Level Assembly,OTS,JIT - Reno,NS,FALSE,Lunar Energy,130,0,98.1,12753,0,0,Unrestricted,130
09-11-2026,Lunar Netsuite,90-07091A,90-07091A,"Smart Breaker, 15A, Boxed",Top Level Assembly,OTS,CA - Ravendale,NS,FALSE,Lunar Energy,28,0,98.1,2746.8,0,0,Unrestricted,28
09-11-2026,Lunar Netsuite,90-07092A,90-07092A,"Smart Breaker, 20A, Boxed",Top Level Assembly,OTS,ES Solar,NS,FALSE,Lunar Energy,20,0,98.1,1962,0,0,Unrestricted,20
09-11-2026,Lunar Netsuite,90-07092A,90-07092A,"Smart Breaker, 20A, Boxed",Top Level Assembly,OTS,JIT - Gardena,NS,FALSE,Lunar Energy,3,0,98.1,294.3,0,0,Unrestricted,3
09-11-2026,Lunar Netsuite,90-07092A,90-07092A,"Smart Breaker, 20A, Boxed",Top Level Assembly,OTS,Solarize,NS,FALSE,Lunar Energy,9,0,98.1,882.9,0,0,Unrestricted,9
09-11-2026,Lunar Netsuite,90-07092A,90-07092A,"Smart Breaker, 20A, Boxed",Top Level Assembly,OTS,CA - Ravendale,NS,FALSE,Lunar Energy,32,0,98.1,3139.2,0,0,Unrestricted,32
09-11-2026,Lunar Netsuite,90-07092A,90-07092A,"Smart Breaker, 20A, Boxed",Top Level Assembly,OTS,JIT - Reno,NS,FALSE,Lunar Energy,72,0,98.1,7063.2,0,0,Unrestricted,72
09-11-2026,Lunar Netsuite,90-07092A,90-07092A,"Smart Breaker, 20A, Boxed",Top Level Assembly,OTS,KW Solar,NS,FALSE,Lunar Energy,5,0,98.1,490.5,0,0,Unrestricted,5
09-11-2026,Lunar Netsuite,90-07093A,90-07093A,"Smart Breaker, 30A, Boxed",Top Level Assembly,OTS,JIT - Reno,NS,FALSE,Lunar Energy,113,0,98.1,11085.3,0,0,Unrestricted,113
09-11-2026,Lunar Netsuite,90-07093A,90-07093A,"Smart Breaker, 30A, Boxed",Top Level Assembly,OTS,ES Solar,NS,FALSE,Lunar Energy,20,0,98.1,1962,0,0,Unrestricted,20
09-11-2026,Lunar Netsuite,90-07093A,90-07093A,"Smart Breaker, 30A, Boxed",Top Level Assembly,OTS,KW Solar,NS,FALSE,Lunar Energy,5,0,98.1,490.5,0,0,Unrestricted,5
09-11-2026,Lunar Netsuite,90-07093A,90-07093A,"Smart Breaker, 30A, Boxed",Top Level Assembly,OTS,CA - Ravendale,NS,FALSE,Lunar Energy,27,0,98.1,2648.7,0,0,Unrestricted,27
09-11-2026,Lunar Netsuite,90-07093A,90-07093A,"Smart Breaker, 30A, Boxed",Top Level Assembly,OTS,Solarize,NS,FALSE,Lunar Energy,8,0,98.1,784.8,0,0,Unrestricted,8
09-11-2026,Lunar Netsuite,90-07093A,90-07093A,"Smart Breaker, 30A, Boxed",Top Level Assembly,OTS,JIT - Gardena,NS,FALSE,Lunar Energy,3,0,98.1,294.3,0,0,Unrestricted,3
09-11-2026,Lunar Netsuite,90-07094A,90-07094A,"Smart Breaker, 40A, Boxed",Top Level Assembly,OTS,CA - Ravendale,NS,FALSE,Lunar Energy,27,0,98.1,2648.7,0,0,Unrestricted,27
09-11-2026,Lunar Netsuite,90-07094A,90-07094A,"Smart Breaker, 40A, Boxed",Top Level Assembly,OTS,JIT - Reno,NS,FALSE,Lunar Energy,126,0,98.1,12360.6,0,0,Unrestricted,126
09-11-2026,Lunar Netsuite,90-07094A,90-07094A,"Smart Breaker, 40A, Boxed",Top Level Assembly,OTS,ES Solar,NS,FALSE,Lunar Energy,19,0,98.1,1863.9,0,0,Unrestricted,19
09-11-2026,Lunar Netsuite,90-07094A,90-07094A,"Smart Breaker, 40A, Boxed",Top Level Assembly,OTS,KW Solar,NS,FALSE,Lunar Energy,5,0,98.1,490.5,0,0,Unrestricted,5
09-11-2026,Lunar Netsuite,90-07095A,90-07095A,"Smart Breaker, 50A, Boxed",Top Level Assembly,OTS,Solarize,NS,FALSE,Lunar Energy,5,0,98.1,490.5,0,0,Unrestricted,5
09-11-2026,Lunar Netsuite,90-07095A,90-07095A,"Smart Breaker, 50A, Boxed",Top Level Assembly,OTS,KW Solar,NS,FALSE,Lunar Energy,5,0,98.1,490.5,0,0,Unrestricted,5
09-11-2026,Lunar Netsuite,90-07095A,90-07095A,"Smart Breaker, 50A, Boxed",Top Level Assembly,OTS,JIT - Reno,NS,FALSE,Lunar Energy,103,0,98.1,10104.3,0,0,Unrestricted,103
09-11-2026,Lunar Netsuite,90-07095A,90-07095A,"Smart Breaker, 50A, Boxed",Top Level Assembly,OTS,CA - Ravendale,NS,FALSE,Lunar Energy,36,0,98.1,3531.6,0,0,Unrestricted,36
09-11-2026,Lunar Netsuite,90-07095A,90-07095A,"Smart Breaker, 50A, Boxed",Top Level Assembly,OTS,ES Solar,NS,FALSE,Lunar Energy,20,0,98.1,1962,0,0,Unrestricted,20
09-11-2026,Lunar Netsuite,90-07096A,90-07096A,"Smart Breaker, 60A, Boxed",Top Level Assembly,OTS,JIT - Reno,NS,FALSE,Lunar Energy,132,0,98.1,12949.2,0,0,Unrestricted,132
09-11-2026,Lunar Netsuite,90-07096A,90-07096A,"Smart Breaker, 60A, Boxed",Top Level Assembly,OTS,CA - Ravendale,NS,FALSE,Lunar Energy,29,0,98.1,2844.9,0,0,Unrestricted,29
09-11-2026,Lunar Netsuite,90-07096A,90-07096A,"Smart Breaker, 60A, Boxed",Top Level Assembly,OTS,Solarize,NS,FALSE,Lunar Energy,7,0,98.1,686.7,0,0,Unrestricted,7
09-11-2026,Lunar Netsuite,90-07096A,90-07096A,"Smart Breaker, 60A, Boxed",Top Level Assembly,OTS,ES Solar,NS,FALSE,Lunar Energy,20,0,98.1,1962,0,0,Unrestricted,20
09-11-2026,Lunar Netsuite,90-07096A,90-07096A,"Smart Breaker, 60A, Boxed",Top Level Assembly,OTS,KW Solar,NS,FALSE,Lunar Energy,5,0,98.1,490.5,0,0,Unrestricted,5
09-11-2026,Lunar Netsuite,90-07117A,90-07117A,"Adapter for Lifting Tool, LFP Battery Block",Top Level Assembly,MTS,CA - Ravendale,NS,FALSE,Lunar Energy,2,0,48.88,97.76,0,0,Unrestricted,0
09-11-2026,Lunar Netsuite,90-07117A,90-07117A,"Adapter for Lifting Tool, LFP Battery Block",Top Level Assembly,MTS,JIT - Reno,NS,FALSE,Lunar Energy,39,0,48.88,1906.32,0,0,Unrestricted,39
09-11-2026,CM: Sienna GA,90-07124A REV-03,90-07124A,25kWh LFP ESS Hardware Kit,Top Level Assembly,MTS,ATLN,LINE,FALSE,Sienna Corporation,8,0,0,0,0,3,Unrestricted,8
09-11-2026,Lunar Netsuite,90-07124A,90-07124A,25kWh LFP ESS Hardware Kit,Top Level Assembly,MTS,CA - Ravendale,NS,FALSE,Lunar Energy,5,0,257.35,1286.75,0,0,Unrestricted,5
09-11-2026,Lunar Netsuite,90-07124A,90-07124A,25kWh LFP ESS Hardware Kit,Top Level Assembly,MTS,JIT - Reno,NS,FALSE,Lunar Energy,15,0,257.35,3860.25,0,0,Unrestricted,0
09-11-2026,Lunar Netsuite,90-07125A,90-07125A,30kWh LFP ESS Hardware Kit,Top Level Assembly,MTS,KW Solar,NS,FALSE,Lunar Energy,6,0,265.2,1591.2,0,0,Unrestricted,6
09-11-2026,Lunar Netsuite,90-07125A,90-07125A,30kWh LFP ESS Hardware Kit,Top Level Assembly,MTS,CA - Ravendale,NS,FALSE,Lunar Energy,6,0,265.2,1591.2,0,0,Unrestricted,6
09-11-2026,Lunar Netsuite,90-07125A,90-07125A,30kWh LFP ESS Hardware Kit,Top Level Assembly,MTS,JIT - Houston,NS,FALSE,Lunar Energy,39,0,265.2,10342.8,0,0,Unrestricted,27
09-11-2026,Lunar Netsuite,90-07125A,90-07125A,30kWh LFP ESS Hardware Kit,Top Level Assembly,MTS,JIT - Reno,NS,FALSE,Lunar Energy,188,0,265.2,49857.6,0,0,Unrestricted,138
09-11-2026,Lunar Netsuite,90-07125A,90-07125A,30kWh LFP ESS Hardware Kit,Top Level Assembly,MTS,ES Solar,NS,FALSE,Lunar Energy,16,0,265.2,4243.2,0,0,Unrestricted,16
09-11-2026,Lunar Netsuite,90-07125A,90-07125A,30kWh LFP ESS Hardware Kit,Top Level Assembly,MTS,Solarize,NS,FALSE,Lunar Energy,1,0,265.2,265.2,0,0,Unrestricted,1
09-11-2026,CM: Sienna GA,90-07125A REV-03,90-07125A,30kWh LFP ESS Hardware Kit,Top Level Assembly,MTS,ATLN,LINE,FALSE,Sienna Corporation,31,0,0,0,0,3,Unrestricted,31
09-11-2026,Lunar Netsuite,90-07187A,90-07187A,"Lifting Tool, LFP Battery Block",Top Level Assembly,MTS,KW Solar,NS,FALSE,Lunar Energy,1,0,154.04,154.04,0,0,Unrestricted,1
09-11-2026,Lunar Netsuite,90-07187A,90-07187A,"Lifting Tool, LFP Battery Block",Top Level Assembly,MTS,Solarize,NS,FALSE,Lunar Energy,1,0,154.05,154.05,0,0,Unrestricted,1
09-11-2026,Lunar Netsuite,90-07187A,90-07187A,"Lifting Tool, LFP Battery Block",Top Level Assembly,MTS,CA - Ravendale,NS,FALSE,Lunar Energy,8,0,157.066,1256.528,0,0,Unrestricted,8
09-11-2026,Lunar Netsuite,90-07187A,90-07187A,"Lifting Tool, LFP Battery Block",Top Level Assembly,MTS,JIT - Houston,NS,FALSE,Lunar Energy,3,0,154.043,462.129,0,0,Unrestricted,3
09-11-2026,Lunar Netsuite,90-07187A,90-07187A,"Lifting Tool, LFP Battery Block",Top Level Assembly,MTS,JIT - Reno,NS,FALSE,Lunar Energy,4,0,154.045,616.18,0,0,Unrestricted,4
09-11-2026,Lunar Netsuite,90-07187A,90-07187A,"Lifting Tool, LFP Battery Block",Top Level Assembly,MTS,ES Solar,NS,FALSE,Lunar Energy,1,0,154.04,154.04,0,0,Unrestricted,1
09-11-2026,Lunar Netsuite,90-07282A,90-07282A,10kWh LFP ESS Hardware Kit,Top Level Assembly,MTS,CA - Ravendale,NS,FALSE,Lunar Energy,5,0,211.39,1056.95,0,0,Unrestricted,5
09-11-2026,Lunar Netsuite,90-07289A,90-07289A,15kWh LFP ESS Hardware Kit,Top Level Assembly,MTS,CA - Ravendale,NS,FALSE,Lunar Energy,5,0,235.722,1178.61,0,0,Unrestricted,5
09-11-2026,Lunar Netsuite,90-07289A,90-07289A,15kWh LFP ESS Hardware Kit,Top Level Assembly,MTS,JIT - Reno,NS,FALSE,Lunar Energy,58,0,235.52,13660.16,0,0,Unrestricted,58
09-11-2026,Lunar Netsuite,90-07290A,90-07290A,20kWh LFP ESS Hardware Kit,Top Level Assembly,MTS,JIT - Reno,NS,FALSE,Lunar Energy,607,0,229.85,139518.95,0,0,Unrestricted,607
09-11-2026,CM: Sienna GA,90-07290A REV-03,90-07290A,20kWh LFP ESS Hardware Kit,Top Level Assembly,MTS,ATLN,LINE,FALSE,Sienna Corporation,8,0,0,0,0,3,Unrestricted,8
09-11-2026,Lunar Netsuite,90-07290A,90-07290A,20kWh LFP ESS Hardware Kit,Top Level Assembly,MTS,CA - Ravendale,NS,FALSE,Lunar Energy,4,0,230.075,920.3,0,0,Unrestricted,4
09-11-2026,Lunar Netsuite,90-07675A,90-07675A,LFP Battery Block with Wall Bracket,Top Level Assembly,MTS,CA - Ravendale,NS,FALSE,Lunar Energy,9,0,1047.47,9427.23,0,0,Unrestricted,7
09-11-2026,Lunar Netsuite,90-07675A,90-07675A,LFP Battery Block with Wall Bracket,Top Level Assembly,MTS,KW Solar,NS,FALSE,Lunar Energy,36,0,1051.82,37865.52,0,0,Unrestricted,36
09-11-2026,Lunar Netsuite,90-07675A,90-07675A,LFP Battery Block with Wall Bracket,Top Level Assembly,MTS,ES Solar,NS,FALSE,Lunar Energy,114,0,1057.34,120536.76,0,0,Unrestricted,111
09-11-2026,Lunar Netsuite,90-07675A,90-07675A,LFP Battery Block with Wall Bracket,Top Level Assembly,MTS,JIT - Reno,NS,FALSE,Lunar Energy,1860,0,1060.07,1971730.2,0,0,Unrestricted,1809
09-11-2026,Lunar Netsuite,90-07675A,90-07675A,LFP Battery Block with Wall Bracket,Top Level Assembly,MTS,JIT - Houston,NS,FALSE,Lunar Energy,126,0,1058.16,133328.16,0,0,Unrestricted,54
09-11-2026,Lunar Netsuite,90-07675A,90-07675A,LFP Battery Block with Wall Bracket,Top Level Assembly,MTS,Solarize,NS,FALSE,Lunar Energy,6,0,1051.82,6310.92,0,0,Unrestricted,6
09-11-2026,Lunar Netsuite,90-07679A,90-07679A,LFP Battery Cover,Top Level Assembly,MTS,ES Solar,NS,FALSE,Lunar Energy,96,0,73.3207,7038.7872,0,0,Unrestricted,96
09-11-2026,Lunar Netsuite,90-07679A,90-07679A,LFP Battery Cover,Top Level Assembly,MTS,JIT - Reno,NS,FALSE,Lunar Energy,11944,0,71.9804,859733.8976,0,0,Unrestricted,9640
09-11-2026,Lunar Netsuite,90-07679A,90-07679A,LFP Battery Cover,Top Level Assembly,MTS,CA - Ravendale,NS,FALSE,Lunar Energy,12,0,76.0558,912.6696,0,0,Unrestricted,12
09-11-2026,Lunar Netsuite,90-07679A,90-07679A,LFP Battery Cover,Top Level Assembly,MTS,JIT - Houston,NS,FALSE,Lunar Energy,144,0,73.1449,10532.8656,0,0,Unrestricted,72
09-11-2026,Lunar Netsuite,90-07679A,90-07679A,LFP Battery Cover,Top Level Assembly,MTS,Solarize,NS,FALSE,Lunar Energy,6,0,74.9017,449.4102,0,0,Unrestricted,6
09-11-2026,Lunar Netsuite,90-07679A,90-07679A,LFP Battery Cover,Top Level Assembly,MTS,KW Solar,NS,FALSE,Lunar Energy,36,0,74.9028,2696.5008,0,0,Unrestricted,36
09-11-2026,CM: Qualitel WA,814L-S-747,S-747,,,,"Seattle, WA",Stock,FALSE,Qualitel,4480,0,0,0,0,0,Unrestricted,4480
