"serial_number","shipped_date","shipment_number","ship_to","packing_slip_number","po_number","po_line_number","customer_part_number","pallet_id","quantity","lot_code","master_carton_id","source_file","source_file_timestamp","_db_created_at","_db_modified_at"
P:10-00522DR:01S:SIE254104159,2026-07-30 17:00:00,SFOHOUT00052412,,93248292,PO-US-08015,,10-00522D,202607105,1,,P:90-06831DR:02S:SIE262512714,PO-US-08015 shipped 073126 ASN 93248292 Qty 240 POUS08933 A8401 Q324 POUS08008 A8402 Q110 POUS08625 A8452 Q270 POUS08013 A8453 Q13 POUS09054 A8454 Q50 POUS08885 A93248457 Q10 POUS09166 A93248460 Q2400.xlsx,2026-07-31 17:45:36,2026-07-31 17:45:43,2026-07-31 17:45:43
P:10-00522DR:01S:SIE254202411,2026-08-06 17:00:00,SFOHOUT 00052757,,93248521,PO-US-08015,,10-00522D,202608077,1,,P:90-06831DR:02S:SIE262512715,PO-US-018014 shipped 080726 ASN 93248493 Qty 8 PO-US-09054 A93248518 Q9 PO-US-08885 A93248519 Q225 PO-US-08932 A93248520 Q75 PO-US-08015 A93248521 Q200 PO-US-09166 A93248523 Q1920.xlsx,2026-08-07 18:16:17,2026-08-07 18:16:23,2026-08-07 18:16:23
P:10-00522DR:01S:SIE254902014,2026-08-06 17:00:00,SFOHOUT 00052757,,93248521,PO-US-08015,,10-00522D,202608077,1,,P:90-06831DR:02S:SIE262512713,PO-US-018014 shipped 080726 ASN 93248493 Qty 8 PO-US-09054 A93248518 Q9 PO-US-08885 A93248519 Q225 PO-US-08932 A93248520 Q75 PO-US-08015 A93248521 Q200 PO-US-09166 A93248523 Q1920.xlsx,2026-08-07 18:16:17,2026-08-07 18:16:23,2026-08-07 18:16:23
P:10-00522DR:01S:SIE255006220,2026-08-06 17:00:00,SFOHOUT 00052757,,93248521,PO-US-08015,,10-00522D,202608077,1,,P:90-06831DR:02S:SIE262512708,PO-US-018014 shipped 080726 ASN 93248493 Qty 8 PO-US-09054 A93248518 Q9 PO-US-08885 A93248519 Q225 PO-US-08932 A93248520 Q75 PO-US-08015 A93248521 Q200 PO-US-09166 A93248523 Q1920.xlsx,2026-08-07 18:16:17,2026-08-07 18:16:23,2026-08-07 18:16:23
P:10-00522DR:01S:SIE255006315,2026-08-06 17:00:00,SFOHOUT 00052757,,93248521,PO-US-08015,,10-00522D,202608077,1,,P:90-06831DR:02S:SIE262512708,PO-US-018014 shipped 080726 ASN 93248493 Qty 8 PO-US-09054 A93248518 Q9 PO-US-08885 A93248519 Q225 PO-US-08932 A93248520 Q75 PO-US-08015 A93248521 Q200 PO-US-09166 A93248523 Q1920.xlsx,2026-08-07 18:16:17,2026-08-07 18:16:23,2026-08-07 18:16:23
P:10-00522DR:01S:SIE255201322,2026-08-06 17:00:00,SFOHOUT 00052757,,93248521,PO-US-08015,,10-00522D,202608077,1,,P:90-06831DR:02S:SIE262512709,PO-US-018014 shipped 080726 ASN 93248493 Qty 8 PO-US-09054 A93248518 Q9 PO-US-08885 A93248519 Q225 PO-US-08932 A93248520 Q75 PO-US-08015 A93248521 Q200 PO-US-09166 A93248523 Q1920.xlsx,2026-08-07 18:16:17,2026-08-07 18:16:23,2026-08-07 18:16:23
P:10-00522DR:01S:SIE255202012,2026-08-06 17:00:00,SFOHOUT 00052757,,93248521,PO-US-08015,,10-00522D,202608077,1,,P:90-06831DR:02S:SIE262512710,PO-US-018014 shipped 080726 ASN 93248493 Qty 8 PO-US-09054 A93248518 Q9 PO-US-08885 A93248519 Q225 PO-US-08932 A93248520 Q75 PO-US-08015 A93248521 Q200 PO-US-09166 A93248523 Q1920.xlsx,2026-08-07 18:16:17,2026-08-07 18:16:23,2026-08-07 18:16:23
P:10-00522DR:01S:SIE260200960,2026-08-06 17:00:00,SFOHOUT 00052757,,93248521,PO-US-08015,,10-00522D,202608077,1,,P:90-06831DR:02S:SIE262512716,PO-US-018014 shipped 080726 ASN 93248493 Qty 8 PO-US-09054 A93248518 Q9 PO-US-08885 A93248519 Q225 PO-US-08932 A93248520 Q75 PO-US-08015 A93248521 Q200 PO-US-09166 A93248523 Q1920.xlsx,2026-08-07 18:16:17,2026-08-07 18:16:23,2026-08-07 18:16:23
P:10-00522DR:01S:SIE260201061,2026-08-06 17:00:00,SFOHOUT 00052757,,93248521,PO-US-08015,,10-00522D,202608077,1,,P:90-06831DR:02S:SIE262512715,PO-US-018014 shipped 080726 ASN 93248493 Qty 8 PO-US-09054 A93248518 Q9 PO-US-08885 A93248519 Q225 PO-US-08932 A93248520 Q75 PO-US-08015 A93248521 Q200 PO-US-09166 A93248523 Q1920.xlsx,2026-08-07 18:16:17,2026-08-07 18:16:23,2026-08-07 18:16:23
P:10-00522DR:01S:SIE260201257,2026-08-06 17:00:00,SFOHOUT 00052757,,93248521,PO-US-08015,,10-00522D,202608077,1,,P:90-06831DR:02S:SIE262512709,PO-US-018014 shipped 080726 ASN 93248493 Qty 8 PO-US-09054 A93248518 Q9 PO-US-08885 A93248519 Q225 PO-US-08932 A93248520 Q75 PO-US-08015 A93248521 Q200 PO-US-09166 A93248523 Q1920.xlsx,2026-08-07 18:16:17,2026-08-07 18:16:23,2026-08-07 18:16:23
P:10-00522DR:01S:SIE260201370,2026-08-06 17:00:00,SFOHOUT 00052757,,93248521,PO-US-08015,,10-00522D,202608077,1,,P:90-06831DR:02S:SIE262512710,PO-US-018014 shipped 080726 ASN 93248493 Qty 8 PO-US-09054 A93248518 Q9 PO-US-08885 A93248519 Q225 PO-US-08932 A93248520 Q75 PO-US-08015 A93248521 Q200 PO-US-09166 A93248523 Q1920.xlsx,2026-08-07 18:16:17,2026-08-07 18:16:23,2026-08-07 18:16:23
P:10-00522DR:01S:SIE260201528,2026-08-06 17:00:00,SFOHOUT 00052757,,93248521,PO-US-08015,,10-00522D,202608077,1,,P:90-06831DR:02S:SIE262512709,PO-US-018014 shipped 080726 ASN 93248493 Qty 8 PO-US-09054 A93248518 Q9 PO-US-08885 A93248519 Q225 PO-US-08932 A93248520 Q75 PO-US-08015 A93248521 Q200 PO-US-09166 A93248523 Q1920.xlsx,2026-08-07 18:16:17,2026-08-07 18:16:23,2026-08-07 18:16:23
P:10-00522DR:01S:SIE260201659,2026-08-06 17:00:00,SFOHOUT 00052757,,93248521,PO-US-08015,,10-00522D,202608077,1,,P:90-06831DR:02S:SIE262512713,PO-US-018014 shipped 080726 ASN 93248493 Qty 8 PO-US-09054 A93248518 Q9 PO-US-08885 A93248519 Q225 PO-US-08932 A93248520 Q75 PO-US-08015 A93248521 Q200 PO-US-09166 A93248523 Q1920.xlsx,2026-08-07 18:16:17,2026-08-07 18:16:23,2026-08-07 18:16:23
P:10-00522DR:01S:SIE260201813,2026-08-06 17:00:00,SFOHOUT 00052757,,93248521,PO-US-08015,,10-00522D,202608077,1,,P:90-06831DR:02S:SIE262512713,PO-US-018014 shipped 080726 ASN 93248493 Qty 8 PO-US-09054 A93248518 Q9 PO-US-08885 A93248519 Q225 PO-US-08932 A93248520 Q75 PO-US-08015 A93248521 Q200 PO-US-09166 A93248523 Q1920.xlsx,2026-08-07 18:16:17,2026-08-07 18:16:23,2026-08-07 18:16:23
P:10-00522DR:01S:SIE260201961,2026-08-06 17:00:00,SFOHOUT 00052757,,93248521,PO-US-08015,,10-00522D,202608077,1,,P:90-06831DR:02S:SIE262512713,PO-US-018014 shipped 080726 ASN 93248493 Qty 8 PO-US-09054 A93248518 Q9 PO-US-08885 A93248519 Q225 PO-US-08932 A93248520 Q75 PO-US-08015 A93248521 Q200 PO-US-09166 A93248523 Q1920.xlsx,2026-08-07 18:16:17,2026-08-07 18:16:23,2026-08-07 18:16:23
P:10-00522DR:01S:SIE260202184,2026-08-06 17:00:00,SFOHOUT 00052757,,93248521,PO-US-08015,,10-00522D,202608077,1,,P:90-06831DR:02S:SIE262512709,PO-US-018014 shipped 080726 ASN 93248493 Qty 8 PO-US-09054 A93248518 Q9 PO-US-08885 A93248519 Q225 PO-US-08932 A93248520 Q75 PO-US-08015 A93248521 Q200 PO-US-09166 A93248523 Q1920.xlsx,2026-08-07 18:16:17,2026-08-07 18:16:23,2026-08-07 18:16:23
P:10-00522DR:01S:SIE260202213,2026-08-06 17:00:00,SFOHOUT 00052757,,93248521,PO-US-08015,,10-00522D,202608077,1,,P:90-06831DR:02S:SIE262512713,PO-US-018014 shipped 080726 ASN 93248493 Qty 8 PO-US-09054 A93248518 Q9 PO-US-08885 A93248519 Q225 PO-US-08932 A93248520 Q75 PO-US-08015 A93248521 Q200 PO-US-09166 A93248523 Q1920.xlsx,2026-08-07 18:16:17,2026-08-07 18:16:23,2026-08-07 18:16:23
P:10-00522DR:01S:SIE260202305,2026-08-06 17:00:00,SFOHOUT 00052757,,93248521,PO-US-08015,,10-00522D,202608077,1,,P:90-06831DR:02S:SIE262512717,PO-US-018014 shipped 080726 ASN 93248493 Qty 8 PO-US-09054 A93248518 Q9 PO-US-08885 A93248519 Q225 PO-US-08932 A93248520 Q75 PO-US-08015 A93248521 Q200 PO-US-09166 A93248523 Q1920.xlsx,2026-08-07 18:16:17,2026-08-07 18:16:23,2026-08-07 18:16:23
P:10-00522DR:01S:SIE260202448,2026-08-06 17:00:00,SFOHOUT 00052757,,93248521,PO-US-08015,,10-00522D,202608077,1,,P:90-06831DR:02S:SIE262512716,PO-US-018014 shipped 080726 ASN 93248493 Qty 8 PO-US-09054 A93248518 Q9 PO-US-08885 A93248519 Q225 PO-US-08932 A93248520 Q75 PO-US-08015 A93248521 Q200 PO-US-09166 A93248523 Q1920.xlsx,2026-08-07 18:16:17,2026-08-07 18:16:23,2026-08-07 18:16:23
P:10-00522DR:01S:SIE260202521,2026-08-06 17:00:00,SFOHOUT 00052757,,93248521,PO-US-08015,,10-00522D,202608077,1,,P:90-06831DR:02S:SIE262512709,PO-US-018014 shipped 080726 ASN 93248493 Qty 8 PO-US-09054 A93248518 Q9 PO-US-08885 A93248519 Q225 PO-US-08932 A93248520 Q75 PO-US-08015 A93248521 Q200 PO-US-09166 A93248523 Q1920.xlsx,2026-08-07 18:16:17,2026-08-07 18:16:23,2026-08-07 18:16:23
P:10-00522DR:01S:SIE260202585,2026-08-06 17:00:00,SFOHOUT 00052757,,93248521,PO-US-08015,,10-00522D,202608077,1,,P:90-06831DR:02S:SIE262512710,PO-US-018014 shipped 080726 ASN 93248493 Qty 8 PO-US-09054 A93248518 Q9 PO-US-08885 A93248519 Q225 PO-US-08932 A93248520 Q75 PO-US-08015 A93248521 Q200 PO-US-09166 A93248523 Q1920.xlsx,2026-08-07 18:16:17,2026-08-07 18:16:23,2026-08-07 18:16:23
P:10-00522DR:01S:SIE260202630,2026-08-06 17:00:00,SFOHOUT 00052757,,93248521,PO-US-08015,,10-00522D,202608077,1,,P:90-06831DR:02S:SIE262512710,PO-US-018014 shipped 080726 ASN 93248493 Qty 8 PO-US-09054 A93248518 Q9 PO-US-08885 A93248519 Q225 PO-US-08932 A93248520 Q75 PO-US-08015 A93248521 Q200 PO-US-09166 A93248523 Q1920.xlsx,2026-08-07 18:16:17,2026-08-07 18:16:23,2026-08-07 18:16:23
P:10-00522DR:01S:SIE260202746,2026-08-06 17:00:00,SFOHOUT 00052757,,93248521,PO-US-08015,,10-00522D,202608077,1,,P:90-06831DR:02S:SIE262512709,PO-US-018014 shipped 080726 ASN 93248493 Qty 8 PO-US-09054 A93248518 Q9 PO-US-08885 A93248519 Q225 PO-US-08932 A93248520 Q75 PO-US-08015 A93248521 Q200 PO-US-09166 A93248523 Q1920.xlsx,2026-08-07 18:16:17,2026-08-07 18:16:23,2026-08-07 18:16:23
P:10-00522DR:01S:SIE260303505,2026-08-06 17:00:00,SFOHOUT 00052757,,93248521,PO-US-08015,,10-00522D,202608077,1,,P:90-06831DR:02S:SIE262512708,PO-US-018014 shipped 080726 ASN 93248493 Qty 8 PO-US-09054 A93248518 Q9 PO-US-08885 A93248519 Q225 PO-US-08932 A93248520 Q75 PO-US-08015 A93248521 Q200 PO-US-09166 A93248523 Q1920.xlsx,2026-08-07 18:16:17,2026-08-07 18:16:23,2026-08-07 18:16:23
P:10-00522DR:01S:SIE260303912,2026-08-06 17:00:00,SFOHOUT 00052757,,93248521,PO-US-08015,,10-00522D,202608077,1,,P:90-06831DR:02S:SIE262512715,PO-US-018014 shipped 080726 ASN 93248493 Qty 8 PO-US-09054 A93248518 Q9 PO-US-08885 A93248519 Q225 PO-US-08932 A93248520 Q75 PO-US-08015 A93248521 Q200 PO-US-09166 A93248523 Q1920.xlsx,2026-08-07 18:16:17,2026-08-07 18:16:23,2026-08-07 18:16:23
P:10-00522DR:01S:SIE260303999,2026-08-06 17:00:00,SFOHOUT 00052757,,93248521,PO-US-08015,,10-00522D,202608077,1,,P:90-06831DR:02S:SIE262512712,PO-US-018014 shipped 080726 ASN 93248493 Qty 8 PO-US-09054 A93248518 Q9 PO-US-08885 A93248519 Q225 PO-US-08932 A93248520 Q75 PO-US-08015 A93248521 Q200 PO-US-09166 A93248523 Q1920.xlsx,2026-08-07 18:16:17,2026-08-07 18:16:23,2026-08-07 18:16:23
P:10-00522DR:01S:SIE260304137,2026-07-30 17:00:00,SFOHOUT00052412,,93248292,PO-US-08015,,10-00522D,202607105,1,,P:90-06831DR:02S:SIE262512714,PO-US-08015 shipped 073126 ASN 93248292 Qty 240 POUS08933 A8401 Q324 POUS08008 A8402 Q110 POUS08625 A8452 Q270 POUS08013 A8453 Q13 POUS09054 A8454 Q50 POUS08885 A93248457 Q10 POUS09166 A93248460 Q2400.xlsx,2026-07-31 17:45:36,2026-07-31 17:45:43,2026-07-31 17:45:43
P:10-00522DR:01S:SIE260304138,2026-08-06 17:00:00,SFOHOUT 00052757,,93248521,PO-US-08015,,10-00522D,202608077,1,,P:90-06831DR:02S:SIE262512712,PO-US-018014 shipped 080726 ASN 93248493 Qty 8 PO-US-09054 A93248518 Q9 PO-US-08885 A93248519 Q225 PO-US-08932 A93248520 Q75 PO-US-08015 A93248521 Q200 PO-US-09166 A93248523 Q1920.xlsx,2026-08-07 18:16:17,2026-08-07 18:16:23,2026-08-07 18:16:23
P:10-00522DR:01S:SIE260304152,2026-07-30 17:00:00,SFOHOUT00052412,,93248292,PO-US-08015,,10-00522D,202607105,1,,P:90-06831DR:02S:SIE262512714,PO-US-08015 shipped 073126 ASN 93248292 Qty 240 POUS08933 A8401 Q324 POUS08008 A8402 Q110 POUS08625 A8452 Q270 POUS08013 A8453 Q13 POUS09054 A8454 Q50 POUS08885 A93248457 Q10 POUS09166 A93248460 Q2400.xlsx,2026-07-31 17:45:36,2026-07-31 17:45:43,2026-07-31 17:45:43
P:10-00522DR:01S:SIE260304154,2026-08-06 17:00:00,SFOHOUT 00052757,,93248521,PO-US-08015,,10-00522D,202608077,1,,P:90-06831DR:02S:SIE262512716,PO-US-018014 shipped 080726 ASN 93248493 Qty 8 PO-US-09054 A93248518 Q9 PO-US-08885 A93248519 Q225 PO-US-08932 A93248520 Q75 PO-US-08015 A93248521 Q200 PO-US-09166 A93248523 Q1920.xlsx,2026-08-07 18:16:17,2026-08-07 18:16:23,2026-08-07 18:16:23
P:10-00522DR:01S:SIE260304467,2026-08-06 17:00:00,SFOHOUT 00052757,,93248521,PO-US-08015,,10-00522D,202608077,1,,P:90-06831DR:02S:SIE262512708,PO-US-018014 shipped 080726 ASN 93248493 Qty 8 PO-US-09054 A93248518 Q9 PO-US-08885 A93248519 Q225 PO-US-08932 A93248520 Q75 PO-US-08015 A93248521 Q200 PO-US-09166 A93248523 Q1920.xlsx,2026-08-07 18:16:17,2026-08-07 18:16:23,2026-08-07 18:16:23
P:10-00522DR:01S:SIE260304863,2026-08-06 17:00:00,SFOHOUT 00052757,,93248521,PO-US-08015,,10-00522D,202608077,1,,P:90-06831DR:02S:SIE262512708,PO-US-018014 shipped 080726 ASN 93248493 Qty 8 PO-US-09054 A93248518 Q9 PO-US-08885 A93248519 Q225 PO-US-08932 A93248520 Q75 PO-US-08015 A93248521 Q200 PO-US-09166 A93248523 Q1920.xlsx,2026-08-07 18:16:17,2026-08-07 18:16:23,2026-08-07 18:16:23
P:10-00522DR:01S:SIE260305332,2026-08-06 17:00:00,SFOHOUT 00052757,,93248521,PO-US-08015,,10-00522D,202608077,1,,P:90-06831DR:02S:SIE262512709,PO-US-018014 shipped 080726 ASN 93248493 Qty 8 PO-US-09054 A93248518 Q9 PO-US-08885 A93248519 Q225 PO-US-08932 A93248520 Q75 PO-US-08015 A93248521 Q200 PO-US-09166 A93248523 Q1920.xlsx,2026-08-07 18:16:17,2026-08-07 18:16:23,2026-08-07 18:16:23
P:10-00522DR:01S:SIE260305446,2026-08-06 17:00:00,SFOHOUT 00052757,,93248521,PO-US-08015,,10-00522D,202608077,1,,P:90-06831DR:02S:SIE262512709,PO-US-018014 shipped 080726 ASN 93248493 Qty 8 PO-US-09054 A93248518 Q9 PO-US-08885 A93248519 Q225 PO-US-08932 A93248520 Q75 PO-US-08015 A93248521 Q200 PO-US-09166 A93248523 Q1920.xlsx,2026-08-07 18:16:17,2026-08-07 18:16:23,2026-08-07 18:16:23
P:10-00522DR:01S:SIE260305453,2026-08-06 17:00:00,SFOHOUT 00052757,,93248521,PO-US-08015,,10-00522D,202608077,1,,P:90-06831DR:02S:SIE262512710,PO-US-018014 shipped 080726 ASN 93248493 Qty 8 PO-US-09054 A93248518 Q9 PO-US-08885 A93248519 Q225 PO-US-08932 A93248520 Q75 PO-US-08015 A93248521 Q200 PO-US-09166 A93248523 Q1920.xlsx,2026-08-07 18:16:17,2026-08-07 18:16:23,2026-08-07 18:16:23
P:10-00522DR:02S:SIE260501534,2026-07-30 17:00:00,SFOHOUT00052412,,93248292,PO-US-08015,,10-00522D,202607105,1,,P:90-06831DR:02S:SIE262512714,PO-US-08015 shipped 073126 ASN 93248292 Qty 240 POUS08933 A8401 Q324 POUS08008 A8402 Q110 POUS08625 A8452 Q270 POUS08013 A8453 Q13 POUS09054 A8454 Q50 POUS08885 A93248457 Q10 POUS09166 A93248460 Q2400.xlsx,2026-07-31 17:45:36,2026-07-31 17:45:43,2026-07-31 17:45:43
P:10-00522DR:02S:SIE260501676,2026-08-06 17:00:00,SFOHOUT 00052757,,93248521,PO-US-08015,,10-00522D,202608077,1,,P:90-06831DR:02S:SIE262512712,PO-US-018014 shipped 080726 ASN 93248493 Qty 8 PO-US-09054 A93248518 Q9 PO-US-08885 A93248519 Q225 PO-US-08932 A93248520 Q75 PO-US-08015 A93248521 Q200 PO-US-09166 A93248523 Q1920.xlsx,2026-08-07 18:16:17,2026-08-07 18:16:23,2026-08-07 18:16:23
P:10-00522DR:02S:SIE260502926,2026-08-06 17:00:00,SFOHOUT 00052757,,93248521,PO-US-08015,,10-00522D,202608077,1,,P:90-06831DR:02S:SIE262512711,PO-US-018014 shipped 080726 ASN 93248493 Qty 8 PO-US-09054 A93248518 Q9 PO-US-08885 A93248519 Q225 PO-US-08932 A93248520 Q75 PO-US-08015 A93248521 Q200 PO-US-09166 A93248523 Q1920.xlsx,2026-08-07 18:16:17,2026-08-07 18:16:23,2026-08-07 18:16:23
P:10-00522DR:02S:SIE260503414,2026-08-06 17:00:00,SFOHOUT 00052757,,93248521,PO-US-08015,,10-00522D,202608077,1,,P:90-06831DR:02S:SIE262512710,PO-US-018014 shipped 080726 ASN 93248493 Qty 8 PO-US-09054 A93248518 Q9 PO-US-08885 A93248519 Q225 PO-US-08932 A93248520 Q75 PO-US-08015 A93248521 Q200 PO-US-09166 A93248523 Q1920.xlsx,2026-08-07 18:16:17,2026-08-07 18:16:23,2026-08-07 18:16:23
P:10-00522DR:02S:SIE260609271,2026-08-06 17:00:00,SFOHOUT 00052757,,93248521,PO-US-08015,,10-00522D,202608077,1,,P:90-06831DR:02S:SIE262512710,PO-US-018014 shipped 080726 ASN 93248493 Qty 8 PO-US-09054 A93248518 Q9 PO-US-08885 A93248519 Q225 PO-US-08932 A93248520 Q75 PO-US-08015 A93248521 Q200 PO-US-09166 A93248523 Q1920.xlsx,2026-08-07 18:16:17,2026-08-07 18:16:23,2026-08-07 18:16:23
P:10-00522DR:02S:SIE260609523,2026-08-06 17:00:00,SFOHOUT 00052757,,93248521,PO-US-08015,,10-00522D,202608077,1,,P:90-06831DR:02S:SIE262512716,PO-US-018014 shipped 080726 ASN 93248493 Qty 8 PO-US-09054 A93248518 Q9 PO-US-08885 A93248519 Q225 PO-US-08932 A93248520 Q75 PO-US-08015 A93248521 Q200 PO-US-09166 A93248523 Q1920.xlsx,2026-08-07 18:16:17,2026-08-07 18:16:23,2026-08-07 18:16:23
P:10-00522DR:02S:SIE260609974,2026-07-30 17:00:00,SFOHOUT00052412,,93248292,PO-US-08015,,10-00522D,202607105,1,,P:90-06831DR:02S:SIE262512714,PO-US-08015 shipped 073126 ASN 93248292 Qty 240 POUS08933 A8401 Q324 POUS08008 A8402 Q110 POUS08625 A8452 Q270 POUS08013 A8453 Q13 POUS09054 A8454 Q50 POUS08885 A93248457 Q10 POUS09166 A93248460 Q2400.xlsx,2026-07-31 17:45:36,2026-07-31 17:45:43,2026-07-31 17:45:43
P:10-00522DR:02S:SIE260610419,2026-08-06 17:00:00,SFOHOUT 00052757,,93248521,PO-US-08015,,10-00522D,202608077,1,,P:90-06831DR:02S:SIE262512712,PO-US-018014 shipped 080726 ASN 93248493 Qty 8 PO-US-09054 A93248518 Q9 PO-US-08885 A93248519 Q225 PO-US-08932 A93248520 Q75 PO-US-08015 A93248521 Q200 PO-US-09166 A93248523 Q1920.xlsx,2026-08-07 18:16:17,2026-08-07 18:16:23,2026-08-07 18:16:23
P:10-00522DR:02S:SIE260610681,2026-07-30 17:00:00,SFOHOUT00052412,,93248292,PO-US-08015,,10-00522D,202607105,1,,P:90-06831DR:02S:SIE262512714,PO-US-08015 shipped 073126 ASN 93248292 Qty 240 POUS08933 A8401 Q324 POUS08008 A8402 Q110 POUS08625 A8452 Q270 POUS08013 A8453 Q13 POUS09054 A8454 Q50 POUS08885 A93248457 Q10 POUS09166 A93248460 Q2400.xlsx,2026-07-31 17:45:36,2026-07-31 17:45:43,2026-07-31 17:45:43
P:10-00522DR:02S:SIE260610704,2026-08-06 17:00:00,SFOHOUT 00052757,,93248521,PO-US-08015,,10-00522D,202608077,1,,P:90-06831DR:02S:SIE262512712,PO-US-018014 shipped 080726 ASN 93248493 Qty 8 PO-US-09054 A93248518 Q9 PO-US-08885 A93248519 Q225 PO-US-08932 A93248520 Q75 PO-US-08015 A93248521 Q200 PO-US-09166 A93248523 Q1920.xlsx,2026-08-07 18:16:17,2026-08-07 18:16:23,2026-08-07 18:16:23
P:10-00522DR:02S:SIE260611428,2026-08-06 17:00:00,SFOHOUT 00052757,,93248521,PO-US-08015,,10-00522D,202608077,1,,P:90-06831DR:02S:SIE262512712,PO-US-018014 shipped 080726 ASN 93248493 Qty 8 PO-US-09054 A93248518 Q9 PO-US-08885 A93248519 Q225 PO-US-08932 A93248520 Q75 PO-US-08015 A93248521 Q200 PO-US-09166 A93248523 Q1920.xlsx,2026-08-07 18:16:17,2026-08-07 18:16:23,2026-08-07 18:16:23
P:10-00522DR:02S:SIE260611523,2026-08-06 17:00:00,SFOHOUT 00052757,,93248521,PO-US-08015,,10-00522D,202608077,1,,P:90-06831DR:02S:SIE262512712,PO-US-018014 shipped 080726 ASN 93248493 Qty 8 PO-US-09054 A93248518 Q9 PO-US-08885 A93248519 Q225 PO-US-08932 A93248520 Q75 PO-US-08015 A93248521 Q200 PO-US-09166 A93248523 Q1920.xlsx,2026-08-07 18:16:17,2026-08-07 18:16:23,2026-08-07 18:16:23
P:10-00522DR:02S:SIE260801354,2026-08-06 17:00:00,SFOHOUT 00052757,,93248521,PO-US-08015,,10-00522D,202608077,1,,P:90-06831DR:02S:SIE262512715,PO-US-018014 shipped 080726 ASN 93248493 Qty 8 PO-US-09054 A93248518 Q9 PO-US-08885 A93248519 Q225 PO-US-08932 A93248520 Q75 PO-US-08015 A93248521 Q200 PO-US-09166 A93248523 Q1920.xlsx,2026-08-07 18:16:17,2026-08-07 18:16:23,2026-08-07 18:16:23
P:10-00522DR:02S:SIE260801537,2026-08-06 17:00:00,SFOHOUT 00052757,,93248521,PO-US-08015,,10-00522D,202608077,1,,P:90-06831DR:02S:SIE262512712,PO-US-018014 shipped 080726 ASN 93248493 Qty 8 PO-US-09054 A93248518 Q9 PO-US-08885 A93248519 Q225 PO-US-08932 A93248520 Q75 PO-US-08015 A93248521 Q200 PO-US-09166 A93248523 Q1920.xlsx,2026-08-07 18:16:17,2026-08-07 18:16:23,2026-08-07 18:16:23
P:10-00522DR:02S:SIE260801627,2026-08-06 17:00:00,SFOHOUT 00052757,,93248521,PO-US-08015,,10-00522D,202608077,1,,P:90-06831DR:02S:SIE262512713,PO-US-018014 shipped 080726 ASN 93248493 Qty 8 PO-US-09054 A93248518 Q9 PO-US-08885 A93248519 Q225 PO-US-08932 A93248520 Q75 PO-US-08015 A93248521 Q200 PO-US-09166 A93248523 Q1920.xlsx,2026-08-07 18:16:17,2026-08-07 18:16:23,2026-08-07 18:16:23
P:10-00522DR:02S:SIE260801898,2026-07-30 17:00:00,SFOHOUT00052412,,93248292,PO-US-08015,,10-00522D,202607105,1,,P:90-06831DR:02S:SIE262512714,PO-US-08015 shipped 073126 ASN 93248292 Qty 240 POUS08933 A8401 Q324 POUS08008 A8402 Q110 POUS08625 A8452 Q270 POUS08013 A8453 Q13 POUS09054 A8454 Q50 POUS08885 A93248457 Q10 POUS09166 A93248460 Q2400.xlsx,2026-07-31 17:45:36,2026-07-31 17:45:43,2026-07-31 17:45:43
P:10-00522DR:02S:SIE260802556,2026-08-06 17:00:00,SFOHOUT 00052757,,93248521,PO-US-08015,,10-00522D,202608077,1,,P:90-06831DR:02S:SIE262512717,PO-US-018014 shipped 080726 ASN 93248493 Qty 8 PO-US-09054 A93248518 Q9 PO-US-08885 A93248519 Q225 PO-US-08932 A93248520 Q75 PO-US-08015 A93248521 Q200 PO-US-09166 A93248523 Q1920.xlsx,2026-08-07 18:16:17,2026-08-07 18:16:23,2026-08-07 18:16:23
P:10-00522DR:02S:SIE260803293,2026-08-06 17:00:00,SFOHOUT 00052757,,93248521,PO-US-08015,,10-00522D,202608077,1,,P:90-06831DR:02S:SIE262512709,PO-US-018014 shipped 080726 ASN 93248493 Qty 8 PO-US-09054 A93248518 Q9 PO-US-08885 A93248519 Q225 PO-US-08932 A93248520 Q75 PO-US-08015 A93248521 Q200 PO-US-09166 A93248523 Q1920.xlsx,2026-08-07 18:16:17,2026-08-07 18:16:23,2026-08-07 18:16:23
P:10-00522DR:02S:SIE260803836,2026-08-06 17:00:00,SFOHOUT 00052757,,93248521,PO-US-08015,,10-00522D,202608077,1,,P:90-06831DR:02S:SIE262512717,PO-US-018014 shipped 080726 ASN 93248493 Qty 8 PO-US-09054 A93248518 Q9 PO-US-08885 A93248519 Q225 PO-US-08932 A93248520 Q75 PO-US-08015 A93248521 Q200 PO-US-09166 A93248523 Q1920.xlsx,2026-08-07 18:16:17,2026-08-07 18:16:23,2026-08-07 18:16:23
P:10-00522DR:02S:SIE260903931,2026-07-30 17:00:00,SFOHOUT00052412,,93248292,PO-US-08015,,10-00522D,202607105,1,,P:90-06831DR:02S:SIE262512714,PO-US-08015 shipped 073126 ASN 93248292 Qty 240 POUS08933 A8401 Q324 POUS08008 A8402 Q110 POUS08625 A8452 Q270 POUS08013 A8453 Q13 POUS09054 A8454 Q50 POUS08885 A93248457 Q10 POUS09166 A93248460 Q2400.xlsx,2026-07-31 17:45:36,2026-07-31 17:45:43,2026-07-31 17:45:43
P:10-00522DR:02S:SIE260904110,2026-08-06 17:00:00,SFOHOUT 00052757,,93248521,PO-US-08015,,10-00522D,202608077,1,,P:90-06831DR:02S:SIE262512713,PO-US-018014 shipped 080726 ASN 93248493 Qty 8 PO-US-09054 A93248518 Q9 PO-US-08885 A93248519 Q225 PO-US-08932 A93248520 Q75 PO-US-08015 A93248521 Q200 PO-US-09166 A93248523 Q1920.xlsx,2026-08-07 18:16:17,2026-08-07 18:16:23,2026-08-07 18:16:23
P:10-00522DR:02S:SIE260904238,2026-08-06 17:00:00,SFOHOUT 00052757,,93248521,PO-US-08015,,10-00522D,202608077,1,,P:90-06831DR:02S:SIE262512711,PO-US-018014 shipped 080726 ASN 93248493 Qty 8 PO-US-09054 A93248518 Q9 PO-US-08885 A93248519 Q225 PO-US-08932 A93248520 Q75 PO-US-08015 A93248521 Q200 PO-US-09166 A93248523 Q1920.xlsx,2026-08-07 18:16:17,2026-08-07 18:16:23,2026-08-07 18:16:23
P:10-00522DR:02S:SIE260904457,2026-08-06 17:00:00,SFOHOUT 00052757,,93248521,PO-US-08015,,10-00522D,202608077,1,,P:90-06831DR:02S:SIE262512713,PO-US-018014 shipped 080726 ASN 93248493 Qty 8 PO-US-09054 A93248518 Q9 PO-US-08885 A93248519 Q225 PO-US-08932 A93248520 Q75 PO-US-08015 A93248521 Q200 PO-US-09166 A93248523 Q1920.xlsx,2026-08-07 18:16:17,2026-08-07 18:16:23,2026-08-07 18:16:23
P:10-00522DR:02S:SIE261008120,2026-07-30 17:00:00,SFOHOUT00052412,,93248292,PO-US-08015,,10-00522D,202607105,1,,P:90-06831DR:02S:SIE262512714,PO-US-08015 shipped 073126 ASN 93248292 Qty 240 POUS08933 A8401 Q324 POUS08008 A8402 Q110 POUS08625 A8452 Q270 POUS08013 A8453 Q13 POUS09054 A8454 Q50 POUS08885 A93248457 Q10 POUS09166 A93248460 Q2400.xlsx,2026-07-31 17:45:36,2026-07-31 17:45:43,2026-07-31 17:45:43
P:10-00522DR:02S:SIE261008291,2026-08-06 17:00:00,SFOHOUT 00052757,,93248521,PO-US-08015,,10-00522D,202608077,1,,P:90-06831DR:02S:SIE262512717,PO-US-018014 shipped 080726 ASN 93248493 Qty 8 PO-US-09054 A93248518 Q9 PO-US-08885 A93248519 Q225 PO-US-08932 A93248520 Q75 PO-US-08015 A93248521 Q200 PO-US-09166 A93248523 Q1920.xlsx,2026-08-07 18:16:17,2026-08-07 18:16:23,2026-08-07 18:16:23
P:10-00522DR:02S:SIE261008381,2026-07-30 17:00:00,SFOHOUT00052412,,93248292,PO-US-08015,,10-00522D,202607105,1,,P:90-06831DR:02S:SIE262512714,PO-US-08015 shipped 073126 ASN 93248292 Qty 240 POUS08933 A8401 Q324 POUS08008 A8402 Q110 POUS08625 A8452 Q270 POUS08013 A8453 Q13 POUS09054 A8454 Q50 POUS08885 A93248457 Q10 POUS09166 A93248460 Q2400.xlsx,2026-07-31 17:45:36,2026-07-31 17:45:43,2026-07-31 17:45:43
P:10-00522DR:02S:SIE261008545,2026-08-06 17:00:00,SFOHOUT 00052757,,93248521,PO-US-08015,,10-00522D,202608077,1,,P:90-06831DR:02S:SIE262512713,PO-US-018014 shipped 080726 ASN 93248493 Qty 8 PO-US-09054 A93248518 Q9 PO-US-08885 A93248519 Q225 PO-US-08932 A93248520 Q75 PO-US-08015 A93248521 Q200 PO-US-09166 A93248523 Q1920.xlsx,2026-08-07 18:16:17,2026-08-07 18:16:23,2026-08-07 18:16:23
P:10-00522DR:02S:SIE261202726,2026-08-06 17:00:00,SFOHOUT 00052757,,93248521,PO-US-08015,,10-00522D,202608077,1,,P:90-06831DR:02S:SIE262512713,PO-US-018014 shipped 080726 ASN 93248493 Qty 8 PO-US-09054 A93248518 Q9 PO-US-08885 A93248519 Q225 PO-US-08932 A93248520 Q75 PO-US-08015 A93248521 Q200 PO-US-09166 A93248523 Q1920.xlsx,2026-08-07 18:16:17,2026-08-07 18:16:23,2026-08-07 18:16:23
P:10-00522DR:02S:SIE261202938,2026-08-06 17:00:00,SFOHOUT 00052757,,93248521,PO-US-08015,,10-00522D,202608077,1,,P:90-06831DR:02S:SIE262512712,PO-US-018014 shipped 080726 ASN 93248493 Qty 8 PO-US-09054 A93248518 Q9 PO-US-08885 A93248519 Q225 PO-US-08932 A93248520 Q75 PO-US-08015 A93248521 Q200 PO-US-09166 A93248523 Q1920.xlsx,2026-08-07 18:16:17,2026-08-07 18:16:23,2026-08-07 18:16:23
P:10-00522DR:02S:SIE261203083,2026-08-06 17:00:00,SFOHOUT 00052757,,93248521,PO-US-08015,,10-00522D,202608077,1,,P:90-06831DR:02S:SIE262512715,PO-US-018014 shipped 080726 ASN 93248493 Qty 8 PO-US-09054 A93248518 Q9 PO-US-08885 A93248519 Q225 PO-US-08932 A93248520 Q75 PO-US-08015 A93248521 Q200 PO-US-09166 A93248523 Q1920.xlsx,2026-08-07 18:16:17,2026-08-07 18:16:23,2026-08-07 18:16:23
P:10-00522DR:02S:SIE261204207,2026-08-06 17:00:00,SFOHOUT 00052757,,93248521,PO-US-08015,,10-00522D,202608077,1,,P:90-06831DR:02S:SIE262512712,PO-US-018014 shipped 080726 ASN 93248493 Qty 8 PO-US-09054 A93248518 Q9 PO-US-08885 A93248519 Q225 PO-US-08932 A93248520 Q75 PO-US-08015 A93248521 Q200 PO-US-09166 A93248523 Q1920.xlsx,2026-08-07 18:16:17,2026-08-07 18:16:23,2026-08-07 18:16:23
P:10-00522DR:02S:SIE261204537,2026-07-30 17:00:00,SFOHOUT00052412,,93248292,PO-US-08015,,10-00522D,202607105,1,,P:90-06831DR:02S:SIE262512714,PO-US-08015 shipped 073126 ASN 93248292 Qty 240 POUS08933 A8401 Q324 POUS08008 A8402 Q110 POUS08625 A8452 Q270 POUS08013 A8453 Q13 POUS09054 A8454 Q50 POUS08885 A93248457 Q10 POUS09166 A93248460 Q2400.xlsx,2026-07-31 17:45:36,2026-07-31 17:45:43,2026-07-31 17:45:43
P:10-00522DR:02S:SIE261310547,2026-08-06 17:00:00,SFOHOUT 00052757,,93248521,PO-US-08015,,10-00522D,202608077,1,,P:90-06831DR:02S:SIE262512716,PO-US-018014 shipped 080726 ASN 93248493 Qty 8 PO-US-09054 A93248518 Q9 PO-US-08885 A93248519 Q225 PO-US-08932 A93248520 Q75 PO-US-08015 A93248521 Q200 PO-US-09166 A93248523 Q1920.xlsx,2026-08-07 18:16:17,2026-08-07 18:16:23,2026-08-07 18:16:23
P:10-00522DR:02S:SIE261312414,2026-08-06 17:00:00,SFOHOUT 00052757,,93248521,PO-US-08015,,10-00522D,202608077,1,,P:90-06831DR:02S:SIE262512711,PO-US-018014 shipped 080726 ASN 93248493 Qty 8 PO-US-09054 A93248518 Q9 PO-US-08885 A93248519 Q225 PO-US-08932 A93248520 Q75 PO-US-08015 A93248521 Q200 PO-US-09166 A93248523 Q1920.xlsx,2026-08-07 18:16:17,2026-08-07 18:16:23,2026-08-07 18:16:23
P:10-00522DR:02S:SIE261312587,2026-08-06 17:00:00,SFOHOUT 00052757,,93248521,PO-US-08015,,10-00522D,202608077,1,,P:90-06831DR:02S:SIE262512716,PO-US-018014 shipped 080726 ASN 93248493 Qty 8 PO-US-09054 A93248518 Q9 PO-US-08885 A93248519 Q225 PO-US-08932 A93248520 Q75 PO-US-08015 A93248521 Q200 PO-US-09166 A93248523 Q1920.xlsx,2026-08-07 18:16:17,2026-08-07 18:16:23,2026-08-07 18:16:23
P:10-00522DR:02S:SIE261313210,2026-08-06 17:00:00,SFOHOUT 00052757,,93248521,PO-US-08015,,10-00522D,202608077,1,,P:90-06831DR:02S:SIE262512713,PO-US-018014 shipped 080726 ASN 93248493 Qty 8 PO-US-09054 A93248518 Q9 PO-US-08885 A93248519 Q225 PO-US-08932 A93248520 Q75 PO-US-08015 A93248521 Q200 PO-US-09166 A93248523 Q1920.xlsx,2026-08-07 18:16:17,2026-08-07 18:16:23,2026-08-07 18:16:23
P:10-00522DR:02S:SIE261314204,2026-08-06 17:00:00,SFOHOUT 00052757,,93248521,PO-US-08015,,10-00522D,202608077,1,,P:90-06831DR:02S:SIE262512712,PO-US-018014 shipped 080726 ASN 93248493 Qty 8 PO-US-09054 A93248518 Q9 PO-US-08885 A93248519 Q225 PO-US-08932 A93248520 Q75 PO-US-08015 A93248521 Q200 PO-US-09166 A93248523 Q1920.xlsx,2026-08-07 18:16:17,2026-08-07 18:16:23,2026-08-07 18:16:23
P:10-00522DR:02S:SIE261314206,2026-08-06 17:00:00,SFOHOUT 00052757,,93248521,PO-US-08015,,10-00522D,202608077,1,,P:90-06831DR:02S:SIE262512712,PO-US-018014 shipped 080726 ASN 93248493 Qty 8 PO-US-09054 A93248518 Q9 PO-US-08885 A93248519 Q225 PO-US-08932 A93248520 Q75 PO-US-08015 A93248521 Q200 PO-US-09166 A93248523 Q1920.xlsx,2026-08-07 18:16:17,2026-08-07 18:16:23,2026-08-07 18:16:23
P:10-00522DR:02S:SIE261314241,2026-08-06 17:00:00,SFOHOUT 00052757,,93248521,PO-US-08015,,10-00522D,202608077,1,,P:90-06831DR:02S:SIE262512713,PO-US-018014 shipped 080726 ASN 93248493 Qty 8 PO-US-09054 A93248518 Q9 PO-US-08885 A93248519 Q225 PO-US-08932 A93248520 Q75 PO-US-08015 A93248521 Q200 PO-US-09166 A93248523 Q1920.xlsx,2026-08-07 18:16:17,2026-08-07 18:16:23,2026-08-07 18:16:23
P:10-00522DR:02S:SIE261314251,2026-08-06 17:00:00,SFOHOUT 00052757,,93248521,PO-US-08015,,10-00522D,202608077,1,,P:90-06831DR:02S:SIE262512717,PO-US-018014 shipped 080726 ASN 93248493 Qty 8 PO-US-09054 A93248518 Q9 PO-US-08885 A93248519 Q225 PO-US-08932 A93248520 Q75 PO-US-08015 A93248521 Q200 PO-US-09166 A93248523 Q1920.xlsx,2026-08-07 18:16:17,2026-08-07 18:16:23,2026-08-07 18:16:23
P:10-00522DR:02S:SIE261314333,2026-08-06 17:00:00,SFOHOUT 00052757,,93248521,PO-US-08015,,10-00522D,202608077,1,,P:90-06831DR:02S:SIE262512707,PO-US-018014 shipped 080726 ASN 93248493 Qty 8 PO-US-09054 A93248518 Q9 PO-US-08885 A93248519 Q225 PO-US-08932 A93248520 Q75 PO-US-08015 A93248521 Q200 PO-US-09166 A93248523 Q1920.xlsx,2026-08-07 18:16:17,2026-08-07 18:16:23,2026-08-07 18:16:23
P:10-00522DR:02S:SIE261700224,2026-08-06 17:00:00,SFOHOUT 00052757,,93248521,PO-US-08015,,10-00522D,202608077,1,,P:90-06831DR:02S:SIE262512712,PO-US-018014 shipped 080726 ASN 93248493 Qty 8 PO-US-09054 A93248518 Q9 PO-US-08885 A93248519 Q225 PO-US-08932 A93248520 Q75 PO-US-08015 A93248521 Q200 PO-US-09166 A93248523 Q1920.xlsx,2026-08-07 18:16:17,2026-08-07 18:16:23,2026-08-07 18:16:23
P:10-00522DR:02S:SIE261700346,2026-08-06 17:00:00,SFOHOUT 00052757,,93248521,PO-US-08015,,10-00522D,202608077,1,,P:90-06831DR:02S:SIE262512712,PO-US-018014 shipped 080726 ASN 93248493 Qty 8 PO-US-09054 A93248518 Q9 PO-US-08885 A93248519 Q225 PO-US-08932 A93248520 Q75 PO-US-08015 A93248521 Q200 PO-US-09166 A93248523 Q1920.xlsx,2026-08-07 18:16:17,2026-08-07 18:16:23,2026-08-07 18:16:23
P:10-00522DR:02S:SIE261700421,2026-08-06 17:00:00,SFOHOUT 00052757,,93248521,PO-US-08015,,10-00522D,202608077,1,,P:90-06831DR:02S:SIE262512712,PO-US-018014 shipped 080726 ASN 93248493 Qty 8 PO-US-09054 A93248518 Q9 PO-US-08885 A93248519 Q225 PO-US-08932 A93248520 Q75 PO-US-08015 A93248521 Q200 PO-US-09166 A93248523 Q1920.xlsx,2026-08-07 18:16:17,2026-08-07 18:16:23,2026-08-07 18:16:23
P:10-00522DR:02S:SIE261700464,2026-08-06 17:00:00,SFOHOUT 00052757,,93248521,PO-US-08015,,10-00522D,202608077,1,,P:90-06831DR:02S:SIE262512717,PO-US-018014 shipped 080726 ASN 93248493 Qty 8 PO-US-09054 A93248518 Q9 PO-US-08885 A93248519 Q225 PO-US-08932 A93248520 Q75 PO-US-08015 A93248521 Q200 PO-US-09166 A93248523 Q1920.xlsx,2026-08-07 18:16:17,2026-08-07 18:16:23,2026-08-07 18:16:23
P:10-00522DR:02S:SIE261700608,2026-08-06 17:00:00,SFOHOUT 00052757,,93248521,PO-US-08015,,10-00522D,202608077,1,,P:90-06831DR:02S:SIE262512712,PO-US-018014 shipped 080726 ASN 93248493 Qty 8 PO-US-09054 A93248518 Q9 PO-US-08885 A93248519 Q225 PO-US-08932 A93248520 Q75 PO-US-08015 A93248521 Q200 PO-US-09166 A93248523 Q1920.xlsx,2026-08-07 18:16:17,2026-08-07 18:16:23,2026-08-07 18:16:23
P:10-00522DR:02S:SIE261700749,2026-08-06 17:00:00,SFOHOUT 00052757,,93248521,PO-US-08015,,10-00522D,202608077,1,,P:90-06831DR:02S:SIE262512712,PO-US-018014 shipped 080726 ASN 93248493 Qty 8 PO-US-09054 A93248518 Q9 PO-US-08885 A93248519 Q225 PO-US-08932 A93248520 Q75 PO-US-08015 A93248521 Q200 PO-US-09166 A93248523 Q1920.xlsx,2026-08-07 18:16:17,2026-08-07 18:16:23,2026-08-07 18:16:23
P:10-00522DR:02S:SIE261700991,2026-08-06 17:00:00,SFOHOUT 00052757,,93248521,PO-US-08015,,10-00522D,202608077,1,,P:90-06831DR:02S:SIE262512712,PO-US-018014 shipped 080726 ASN 93248493 Qty 8 PO-US-09054 A93248518 Q9 PO-US-08885 A93248519 Q225 PO-US-08932 A93248520 Q75 PO-US-08015 A93248521 Q200 PO-US-09166 A93248523 Q1920.xlsx,2026-08-07 18:16:17,2026-08-07 18:16:23,2026-08-07 18:16:23
P:10-00522DR:02S:SIE261701662,2026-08-06 17:00:00,SFOHOUT 00052757,,93248521,PO-US-08015,,10-00522D,202608077,1,,P:90-06831DR:02S:SIE262512712,PO-US-018014 shipped 080726 ASN 93248493 Qty 8 PO-US-09054 A93248518 Q9 PO-US-08885 A93248519 Q225 PO-US-08932 A93248520 Q75 PO-US-08015 A93248521 Q200 PO-US-09166 A93248523 Q1920.xlsx,2026-08-07 18:16:17,2026-08-07 18:16:23,2026-08-07 18:16:23
P:10-00522DR:02S:SIE261701888,2026-08-06 17:00:00,SFOHOUT 00052757,,93248521,PO-US-08015,,10-00522D,202608077,1,,P:90-06831DR:02S:SIE262512711,PO-US-018014 shipped 080726 ASN 93248493 Qty 8 PO-US-09054 A93248518 Q9 PO-US-08885 A93248519 Q225 PO-US-08932 A93248520 Q75 PO-US-08015 A93248521 Q200 PO-US-09166 A93248523 Q1920.xlsx,2026-08-07 18:16:17,2026-08-07 18:16:23,2026-08-07 18:16:23
P:10-00522DR:02S:SIE261702391,2026-08-06 17:00:00,SFOHOUT 00052757,,93248521,PO-US-08015,,10-00522D,202608077,1,,P:90-06831DR:02S:SIE262512712,PO-US-018014 shipped 080726 ASN 93248493 Qty 8 PO-US-09054 A93248518 Q9 PO-US-08885 A93248519 Q225 PO-US-08932 A93248520 Q75 PO-US-08015 A93248521 Q200 PO-US-09166 A93248523 Q1920.xlsx,2026-08-07 18:16:17,2026-08-07 18:16:23,2026-08-07 18:16:23
P:10-00522DR:02S:SIE261703459,2026-08-06 17:00:00,SFOHOUT 00052757,,93248521,PO-US-08015,,10-00522D,202608077,1,,P:90-06831DR:02S:SIE262512715,PO-US-018014 shipped 080726 ASN 93248493 Qty 8 PO-US-09054 A93248518 Q9 PO-US-08885 A93248519 Q225 PO-US-08932 A93248520 Q75 PO-US-08015 A93248521 Q200 PO-US-09166 A93248523 Q1920.xlsx,2026-08-07 18:16:17,2026-08-07 18:16:23,2026-08-07 18:16:23
P:10-00522DR:02S:SIE261703531,2026-08-06 17:00:00,SFOHOUT 00052757,,93248521,PO-US-08015,,10-00522D,202608077,1,,P:90-06831DR:02S:SIE262512713,PO-US-018014 shipped 080726 ASN 93248493 Qty 8 PO-US-09054 A93248518 Q9 PO-US-08885 A93248519 Q225 PO-US-08932 A93248520 Q75 PO-US-08015 A93248521 Q200 PO-US-09166 A93248523 Q1920.xlsx,2026-08-07 18:16:17,2026-08-07 18:16:23,2026-08-07 18:16:23
P:10-00522DR:02S:SIE261703728,2026-08-06 17:00:00,SFOHOUT 00052757,,93248521,PO-US-08015,,10-00522D,202608077,1,,P:90-06831DR:02S:SIE262512713,PO-US-018014 shipped 080726 ASN 93248493 Qty 8 PO-US-09054 A93248518 Q9 PO-US-08885 A93248519 Q225 PO-US-08932 A93248520 Q75 PO-US-08015 A93248521 Q200 PO-US-09166 A93248523 Q1920.xlsx,2026-08-07 18:16:17,2026-08-07 18:16:23,2026-08-07 18:16:23
P:10-00522DR:02S:SIE261703747,2026-08-06 17:00:00,SFOHOUT 00052757,,93248521,PO-US-08015,,10-00522D,202608077,1,,P:90-06831DR:02S:SIE262512709,PO-US-018014 shipped 080726 ASN 93248493 Qty 8 PO-US-09054 A93248518 Q9 PO-US-08885 A93248519 Q225 PO-US-08932 A93248520 Q75 PO-US-08015 A93248521 Q200 PO-US-09166 A93248523 Q1920.xlsx,2026-08-07 18:16:17,2026-08-07 18:16:23,2026-08-07 18:16:23
P:10-00522DR:02S:SIE261804513,2026-07-30 17:00:00,SFOHOUT00052412,,93248292,PO-US-08015,,10-00522D,202607105,1,,P:90-06831DR:02S:SIE262512714,PO-US-08015 shipped 073126 ASN 93248292 Qty 240 POUS08933 A8401 Q324 POUS08008 A8402 Q110 POUS08625 A8452 Q270 POUS08013 A8453 Q13 POUS09054 A8454 Q50 POUS08885 A93248457 Q10 POUS09166 A93248460 Q2400.xlsx,2026-07-31 17:45:36,2026-07-31 17:45:43,2026-07-31 17:45:43
P:10-00522DR:02S:SIE261804766,2026-08-06 17:00:00,SFOHOUT 00052757,,93248521,PO-US-08015,,10-00522D,202608077,1,,P:90-06831DR:02S:SIE262512716,PO-US-018014 shipped 080726 ASN 93248493 Qty 8 PO-US-09054 A93248518 Q9 PO-US-08885 A93248519 Q225 PO-US-08932 A93248520 Q75 PO-US-08015 A93248521 Q200 PO-US-09166 A93248523 Q1920.xlsx,2026-08-07 18:16:17,2026-08-07 18:16:23,2026-08-07 18:16:23
P:10-00522DR:02S:SIE261805211,2026-08-06 17:00:00,SFOHOUT 00052757,,93248521,PO-US-08015,,10-00522D,202608077,1,,P:90-06831DR:02S:SIE262512715,PO-US-018014 shipped 080726 ASN 93248493 Qty 8 PO-US-09054 A93248518 Q9 PO-US-08885 A93248519 Q225 PO-US-08932 A93248520 Q75 PO-US-08015 A93248521 Q200 PO-US-09166 A93248523 Q1920.xlsx,2026-08-07 18:16:17,2026-08-07 18:16:23,2026-08-07 18:16:23
P:10-00522DR:02S:SIE261805617,2026-08-06 17:00:00,SFOHOUT 00052757,,93248521,PO-US-08015,,10-00522D,202608077,1,,P:90-06831DR:02S:SIE262512717,PO-US-018014 shipped 080726 ASN 93248493 Qty 8 PO-US-09054 A93248518 Q9 PO-US-08885 A93248519 Q225 PO-US-08932 A93248520 Q75 PO-US-08015 A93248521 Q200 PO-US-09166 A93248523 Q1920.xlsx,2026-08-07 18:16:17,2026-08-07 18:16:23,2026-08-07 18:16:23
P:10-00522DR:02S:SIE261805990,2026-08-06 17:00:00,SFOHOUT 00052757,,93248521,PO-US-08015,,10-00522D,202608077,1,,P:90-06831DR:02S:SIE262512710,PO-US-018014 shipped 080726 ASN 93248493 Qty 8 PO-US-09054 A93248518 Q9 PO-US-08885 A93248519 Q225 PO-US-08932 A93248520 Q75 PO-US-08015 A93248521 Q200 PO-US-09166 A93248523 Q1920.xlsx,2026-08-07 18:16:17,2026-08-07 18:16:23,2026-08-07 18:16:23
P:10-00522DR:02S:SIE261806099,2026-07-30 17:00:00,SFOHOUT00052412,,93248292,PO-US-08015,,10-00522D,202607105,1,,P:90-06831DR:02S:SIE262512714,PO-US-08015 shipped 073126 ASN 93248292 Qty 240 POUS08933 A8401 Q324 POUS08008 A8402 Q110 POUS08625 A8452 Q270 POUS08013 A8453 Q13 POUS09054 A8454 Q50 POUS08885 A93248457 Q10 POUS09166 A93248460 Q2400.xlsx,2026-07-31 17:45:36,2026-07-31 17:45:43,2026-07-31 17:45:43
P:10-00522DR:02S:SIE261806301,2026-07-30 17:00:00,SFOHOUT00052412,,93248292,PO-US-08015,,10-00522D,202607105,1,,P:90-06831DR:02S:SIE262512714,PO-US-08015 shipped 073126 ASN 93248292 Qty 240 POUS08933 A8401 Q324 POUS08008 A8402 Q110 POUS08625 A8452 Q270 POUS08013 A8453 Q13 POUS09054 A8454 Q50 POUS08885 A93248457 Q10 POUS09166 A93248460 Q2400.xlsx,2026-07-31 17:45:36,2026-07-31 17:45:43,2026-07-31 17:45:43
P:10-00522DR:02S:SIE261806367,2026-07-30 17:00:00,SFOHOUT00052412,,93248292,PO-US-08015,,10-00522D,202607105,1,,P:90-06831DR:02S:SIE262512714,PO-US-08015 shipped 073126 ASN 93248292 Qty 240 POUS08933 A8401 Q324 POUS08008 A8402 Q110 POUS08625 A8452 Q270 POUS08013 A8453 Q13 POUS09054 A8454 Q50 POUS08885 A93248457 Q10 POUS09166 A93248460 Q2400.xlsx,2026-07-31 17:45:36,2026-07-31 17:45:43,2026-07-31 17:45:43
P:10-00522DR:02S:SIE261806711,2026-08-06 17:00:00,SFOHOUT 00052757,,93248521,PO-US-08015,,10-00522D,202608077,1,,P:90-06831DR:02S:SIE262512717,PO-US-018014 shipped 080726 ASN 93248493 Qty 8 PO-US-09054 A93248518 Q9 PO-US-08885 A93248519 Q225 PO-US-08932 A93248520 Q75 PO-US-08015 A93248521 Q200 PO-US-09166 A93248523 Q1920.xlsx,2026-08-07 18:16:17,2026-08-07 18:16:23,2026-08-07 18:16:23
P:10-00522DR:02S:SIE261806789,2026-08-06 17:00:00,SFOHOUT 00052757,,93248521,PO-US-08015,,10-00522D,202608077,1,,P:90-06831DR:02S:SIE262512713,PO-US-018014 shipped 080726 ASN 93248493 Qty 8 PO-US-09054 A93248518 Q9 PO-US-08885 A93248519 Q225 PO-US-08932 A93248520 Q75 PO-US-08015 A93248521 Q200 PO-US-09166 A93248523 Q1920.xlsx,2026-08-07 18:16:17,2026-08-07 18:16:23,2026-08-07 18:16:23
P:10-00522DR:02S:SIE261807580,2026-07-30 17:00:00,SFOHOUT00052412,,93248292,PO-US-08015,,10-00522D,202607105,1,,P:90-06831DR:02S:SIE262512622,PO-US-08015 shipped 073126 ASN 93248292 Qty 240 POUS08933 A8401 Q324 POUS08008 A8402 Q110 POUS08625 A8452 Q270 POUS08013 A8453 Q13 POUS09054 A8454 Q50 POUS08885 A93248457 Q10 POUS09166 A93248460 Q2400.xlsx,2026-07-31 17:45:36,2026-07-31 17:45:43,2026-07-31 17:45:43
P:10-00522DR:02S:SIE261807616,2026-07-30 17:00:00,SFOHOUT00052412,,93248292,PO-US-08015,,10-00522D,202607105,1,,P:90-06831DR:02S:SIE262512672,PO-US-08015 shipped 073126 ASN 93248292 Qty 240 POUS08933 A8401 Q324 POUS08008 A8402 Q110 POUS08625 A8452 Q270 POUS08013 A8453 Q13 POUS09054 A8454 Q50 POUS08885 A93248457 Q10 POUS09166 A93248460 Q2400.xlsx,2026-07-31 17:45:36,2026-07-31 17:45:43,2026-07-31 17:45:43
P:10-00522DR:02S:SIE262000426,2026-08-06 17:00:00,SFOHOUT 00052757,,93248521,PO-US-08015,,10-00522D,202608077,1,,P:90-06831DR:02S:SIE262512709,PO-US-018014 shipped 080726 ASN 93248493 Qty 8 PO-US-09054 A93248518 Q9 PO-US-08885 A93248519 Q225 PO-US-08932 A93248520 Q75 PO-US-08015 A93248521 Q200 PO-US-09166 A93248523 Q1920.xlsx,2026-08-07 18:16:17,2026-08-07 18:16:23,2026-08-07 18:16:23
P:10-00522DR:02S:SIE262000676,2026-08-06 17:00:00,SFOHOUT 00052757,,93248521,PO-US-08015,,10-00522D,202608077,1,,P:90-06831DR:02S:SIE262512708,PO-US-018014 shipped 080726 ASN 93248493 Qty 8 PO-US-09054 A93248518 Q9 PO-US-08885 A93248519 Q225 PO-US-08932 A93248520 Q75 PO-US-08015 A93248521 Q200 PO-US-09166 A93248523 Q1920.xlsx,2026-08-07 18:16:17,2026-08-07 18:16:23,2026-08-07 18:16:23
P:10-00522DR:02S:SIE262000710,2026-08-06 17:00:00,SFOHOUT 00052757,,93248521,PO-US-08015,,10-00522D,202608077,1,,P:90-06831DR:02S:SIE262512709,PO-US-018014 shipped 080726 ASN 93248493 Qty 8 PO-US-09054 A93248518 Q9 PO-US-08885 A93248519 Q225 PO-US-08932 A93248520 Q75 PO-US-08015 A93248521 Q200 PO-US-09166 A93248523 Q1920.xlsx,2026-08-07 18:16:17,2026-08-07 18:16:23,2026-08-07 18:16:23
P:10-00522DR:02S:SIE262000800,2026-08-06 17:00:00,SFOHOUT 00052757,,93248521,PO-US-08015,,10-00522D,202608077,1,,P:90-06831DR:02S:SIE262512708,PO-US-018014 shipped 080726 ASN 93248493 Qty 8 PO-US-09054 A93248518 Q9 PO-US-08885 A93248519 Q225 PO-US-08932 A93248520 Q75 PO-US-08015 A93248521 Q200 PO-US-09166 A93248523 Q1920.xlsx,2026-08-07 18:16:17,2026-08-07 18:16:23,2026-08-07 18:16:23
P:10-00522DR:02S:SIE262000801,2026-08-06 17:00:00,SFOHOUT 00052757,,93248521,PO-US-08015,,10-00522D,202608077,1,,P:90-06831DR:02S:SIE262512707,PO-US-018014 shipped 080726 ASN 93248493 Qty 8 PO-US-09054 A93248518 Q9 PO-US-08885 A93248519 Q225 PO-US-08932 A93248520 Q75 PO-US-08015 A93248521 Q200 PO-US-09166 A93248523 Q1920.xlsx,2026-08-07 18:16:17,2026-08-07 18:16:23,2026-08-07 18:16:23
P:10-00522DR:02S:SIE262000802,2026-08-06 17:00:00,SFOHOUT 00052757,,93248521,PO-US-08015,,10-00522D,202608077,1,,P:90-06831DR:02S:SIE262512707,PO-US-018014 shipped 080726 ASN 93248493 Qty 8 PO-US-09054 A93248518 Q9 PO-US-08885 A93248519 Q225 PO-US-08932 A93248520 Q75 PO-US-08015 A93248521 Q200 PO-US-09166 A93248523 Q1920.xlsx,2026-08-07 18:16:17,2026-08-07 18:16:23,2026-08-07 18:16:23
P:10-00522DR:02S:SIE262000877,2026-08-06 17:00:00,SFOHOUT 00052757,,93248521,PO-US-08015,,10-00522D,202608077,1,,P:90-06831DR:02S:SIE262512713,PO-US-018014 shipped 080726 ASN 93248493 Qty 8 PO-US-09054 A93248518 Q9 PO-US-08885 A93248519 Q225 PO-US-08932 A93248520 Q75 PO-US-08015 A93248521 Q200 PO-US-09166 A93248523 Q1920.xlsx,2026-08-07 18:16:17,2026-08-07 18:16:23,2026-08-07 18:16:23
P:10-00522DR:02S:SIE262001139,2026-08-06 17:00:00,SFOHOUT 00052757,,93248521,PO-US-08015,,10-00522D,202608077,1,,P:90-06831DR:02S:SIE262512716,PO-US-018014 shipped 080726 ASN 93248493 Qty 8 PO-US-09054 A93248518 Q9 PO-US-08885 A93248519 Q225 PO-US-08932 A93248520 Q75 PO-US-08015 A93248521 Q200 PO-US-09166 A93248523 Q1920.xlsx,2026-08-07 18:16:17,2026-08-07 18:16:23,2026-08-07 18:16:23
P:10-00522DR:02S:SIE262001322,2026-08-06 17:00:00,SFOHOUT 00052757,,93248521,PO-US-08015,,10-00522D,202608077,1,,P:90-06831DR:02S:SIE262512710,PO-US-018014 shipped 080726 ASN 93248493 Qty 8 PO-US-09054 A93248518 Q9 PO-US-08885 A93248519 Q225 PO-US-08932 A93248520 Q75 PO-US-08015 A93248521 Q200 PO-US-09166 A93248523 Q1920.xlsx,2026-08-07 18:16:17,2026-08-07 18:16:23,2026-08-07 18:16:23
P:10-00522DR:02S:SIE262001701,2026-08-06 17:00:00,SFOHOUT 00052757,,93248521,PO-US-08015,,10-00522D,202608077,1,,P:90-06831DR:02S:SIE262512711,PO-US-018014 shipped 080726 ASN 93248493 Qty 8 PO-US-09054 A93248518 Q9 PO-US-08885 A93248519 Q225 PO-US-08932 A93248520 Q75 PO-US-08015 A93248521 Q200 PO-US-09166 A93248523 Q1920.xlsx,2026-08-07 18:16:17,2026-08-07 18:16:23,2026-08-07 18:16:23
P:10-00522DR:02S:SIE262001776,2026-08-06 17:00:00,SFOHOUT 00052757,,93248521,PO-US-08015,,10-00522D,202608077,1,,P:90-06831DR:02S:SIE262512716,PO-US-018014 shipped 080726 ASN 93248493 Qty 8 PO-US-09054 A93248518 Q9 PO-US-08885 A93248519 Q225 PO-US-08932 A93248520 Q75 PO-US-08015 A93248521 Q200 PO-US-09166 A93248523 Q1920.xlsx,2026-08-07 18:16:17,2026-08-07 18:16:23,2026-08-07 18:16:23
P:10-00522DR:02S:SIE262002079,2026-08-06 17:00:00,SFOHOUT 00052757,,93248521,PO-US-08015,,10-00522D,202608077,1,,P:90-06831DR:02S:SIE262512710,PO-US-018014 shipped 080726 ASN 93248493 Qty 8 PO-US-09054 A93248518 Q9 PO-US-08885 A93248519 Q225 PO-US-08932 A93248520 Q75 PO-US-08015 A93248521 Q200 PO-US-09166 A93248523 Q1920.xlsx,2026-08-07 18:16:17,2026-08-07 18:16:23,2026-08-07 18:16:23
P:10-00522DR:02S:SIE262002434,2026-07-30 17:00:00,SFOHOUT00052412,,93248292,PO-US-08015,,10-00522D,202607105,1,,P:90-06831DR:02S:SIE262512714,PO-US-08015 shipped 073126 ASN 93248292 Qty 240 POUS08933 A8401 Q324 POUS08008 A8402 Q110 POUS08625 A8452 Q270 POUS08013 A8453 Q13 POUS09054 A8454 Q50 POUS08885 A93248457 Q10 POUS09166 A93248460 Q2400.xlsx,2026-07-31 17:45:36,2026-07-31 17:45:43,2026-07-31 17:45:43
P:10-00522DR:02S:SIE262002448,2026-07-30 17:00:00,SFOHOUT00052412,,93248292,PO-US-08015,,10-00522D,202607105,1,,P:90-06831DR:02S:SIE262512672,PO-US-08015 shipped 073126 ASN 93248292 Qty 240 POUS08933 A8401 Q324 POUS08008 A8402 Q110 POUS08625 A8452 Q270 POUS08013 A8453 Q13 POUS09054 A8454 Q50 POUS08885 A93248457 Q10 POUS09166 A93248460 Q2400.xlsx,2026-07-31 17:45:36,2026-07-31 17:45:43,2026-07-31 17:45:43
P:10-00522DR:02S:SIE262002781,2026-08-06 17:00:00,SFOHOUT 00052757,,93248521,PO-US-08015,,10-00522D,202608077,1,,P:90-06831DR:02S:SIE262512709,PO-US-018014 shipped 080726 ASN 93248493 Qty 8 PO-US-09054 A93248518 Q9 PO-US-08885 A93248519 Q225 PO-US-08932 A93248520 Q75 PO-US-08015 A93248521 Q200 PO-US-09166 A93248523 Q1920.xlsx,2026-08-07 18:16:17,2026-08-07 18:16:23,2026-08-07 18:16:23
P:10-00522DR:02S:SIE262002852,2026-08-06 17:00:00,SFOHOUT 00052757,,93248521,PO-US-08015,,10-00522D,202608077,1,,P:90-06831DR:02S:SIE262512717,PO-US-018014 shipped 080726 ASN 93248493 Qty 8 PO-US-09054 A93248518 Q9 PO-US-08885 A93248519 Q225 PO-US-08932 A93248520 Q75 PO-US-08015 A93248521 Q200 PO-US-09166 A93248523 Q1920.xlsx,2026-08-07 18:16:17,2026-08-07 18:16:23,2026-08-07 18:16:23
P:10-00522DR:02S:SIE262002887,2026-08-06 17:00:00,SFOHOUT 00052757,,93248521,PO-US-08015,,10-00522D,202608077,1,,P:90-06831DR:02S:SIE262512710,PO-US-018014 shipped 080726 ASN 93248493 Qty 8 PO-US-09054 A93248518 Q9 PO-US-08885 A93248519 Q225 PO-US-08932 A93248520 Q75 PO-US-08015 A93248521 Q200 PO-US-09166 A93248523 Q1920.xlsx,2026-08-07 18:16:17,2026-08-07 18:16:23,2026-08-07 18:16:23
P:10-00522DR:02S:SIE262003028,2026-08-06 17:00:00,SFOHOUT 00052757,,93248521,PO-US-08015,,10-00522D,202608077,1,,P:90-06831DR:02S:SIE262512717,PO-US-018014 shipped 080726 ASN 93248493 Qty 8 PO-US-09054 A93248518 Q9 PO-US-08885 A93248519 Q225 PO-US-08932 A93248520 Q75 PO-US-08015 A93248521 Q200 PO-US-09166 A93248523 Q1920.xlsx,2026-08-07 18:16:17,2026-08-07 18:16:23,2026-08-07 18:16:23
P:10-00522DR:02S:SIE262003136,2026-08-06 17:00:00,SFOHOUT 00052757,,93248521,PO-US-08015,,10-00522D,202608077,1,,P:90-06831DR:02S:SIE262512711,PO-US-018014 shipped 080726 ASN 93248493 Qty 8 PO-US-09054 A93248518 Q9 PO-US-08885 A93248519 Q225 PO-US-08932 A93248520 Q75 PO-US-08015 A93248521 Q200 PO-US-09166 A93248523 Q1920.xlsx,2026-08-07 18:16:17,2026-08-07 18:16:23,2026-08-07 18:16:23
P:10-00522DR:02S:SIE262003157,2026-08-06 17:00:00,SFOHOUT 00052757,,93248521,PO-US-08015,,10-00522D,202608077,1,,P:90-06831DR:02S:SIE262512716,PO-US-018014 shipped 080726 ASN 93248493 Qty 8 PO-US-09054 A93248518 Q9 PO-US-08885 A93248519 Q225 PO-US-08932 A93248520 Q75 PO-US-08015 A93248521 Q200 PO-US-09166 A93248523 Q1920.xlsx,2026-08-07 18:16:17,2026-08-07 18:16:23,2026-08-07 18:16:23
P:10-00522DR:02S:SIE262003186,2026-08-06 17:00:00,SFOHOUT 00052757,,93248521,PO-US-08015,,10-00522D,202608077,1,,P:90-06831DR:02S:SIE262512717,PO-US-018014 shipped 080726 ASN 93248493 Qty 8 PO-US-09054 A93248518 Q9 PO-US-08885 A93248519 Q225 PO-US-08932 A93248520 Q75 PO-US-08015 A93248521 Q200 PO-US-09166 A93248523 Q1920.xlsx,2026-08-07 18:16:17,2026-08-07 18:16:23,2026-08-07 18:16:23
P:10-00522DR:02S:SIE262003515,2026-08-06 17:00:00,SFOHOUT 00052757,,93248521,PO-US-08015,,10-00522D,202608077,1,,P:90-06831DR:02S:SIE262512717,PO-US-018014 shipped 080726 ASN 93248493 Qty 8 PO-US-09054 A93248518 Q9 PO-US-08885 A93248519 Q225 PO-US-08932 A93248520 Q75 PO-US-08015 A93248521 Q200 PO-US-09166 A93248523 Q1920.xlsx,2026-08-07 18:16:17,2026-08-07 18:16:23,2026-08-07 18:16:23
P:10-00522DR:02S:SIE262003736,2026-08-06 17:00:00,SFOHOUT 00052757,,93248521,PO-US-08015,,10-00522D,202608077,1,,P:90-06831DR:02S:SIE262512717,PO-US-018014 shipped 080726 ASN 93248493 Qty 8 PO-US-09054 A93248518 Q9 PO-US-08885 A93248519 Q225 PO-US-08932 A93248520 Q75 PO-US-08015 A93248521 Q200 PO-US-09166 A93248523 Q1920.xlsx,2026-08-07 18:16:17,2026-08-07 18:16:23,2026-08-07 18:16:23
P:10-00522DR:02S:SIE262003861,2026-08-06 17:00:00,SFOHOUT 00052757,,93248521,PO-US-08015,,10-00522D,202608077,1,,P:90-06831DR:02S:SIE262512711,PO-US-018014 shipped 080726 ASN 93248493 Qty 8 PO-US-09054 A93248518 Q9 PO-US-08885 A93248519 Q225 PO-US-08932 A93248520 Q75 PO-US-08015 A93248521 Q200 PO-US-09166 A93248523 Q1920.xlsx,2026-08-07 18:16:17,2026-08-07 18:16:23,2026-08-07 18:16:23
P:10-00522DR:02S:SIE262003922,2026-08-06 17:00:00,SFOHOUT 00052757,,93248521,PO-US-08015,,10-00522D,202608077,1,,P:90-06831DR:02S:SIE262512715,PO-US-018014 shipped 080726 ASN 93248493 Qty 8 PO-US-09054 A93248518 Q9 PO-US-08885 A93248519 Q225 PO-US-08932 A93248520 Q75 PO-US-08015 A93248521 Q200 PO-US-09166 A93248523 Q1920.xlsx,2026-08-07 18:16:17,2026-08-07 18:16:23,2026-08-07 18:16:23
P:10-00522DR:02S:SIE262003943,2026-08-06 17:00:00,SFOHOUT 00052757,,93248521,PO-US-08015,,10-00522D,202608077,1,,P:90-06831DR:02S:SIE262512708,PO-US-018014 shipped 080726 ASN 93248493 Qty 8 PO-US-09054 A93248518 Q9 PO-US-08885 A93248519 Q225 PO-US-08932 A93248520 Q75 PO-US-08015 A93248521 Q200 PO-US-09166 A93248523 Q1920.xlsx,2026-08-07 18:16:17,2026-08-07 18:16:23,2026-08-07 18:16:23
P:10-00522DR:02S:SIE262203358,2026-08-06 17:00:00,SFOHOUT 00052757,,93248521,PO-US-08015,,10-00522D,202608077,1,,P:90-06831DR:02S:SIE262512708,PO-US-018014 shipped 080726 ASN 93248493 Qty 8 PO-US-09054 A93248518 Q9 PO-US-08885 A93248519 Q225 PO-US-08932 A93248520 Q75 PO-US-08015 A93248521 Q200 PO-US-09166 A93248523 Q1920.xlsx,2026-08-07 18:16:17,2026-08-07 18:16:23,2026-08-07 18:16:23
P:10-00522DR:02S:SIE262203444,2026-08-06 17:00:00,SFOHOUT 00052757,,93248521,PO-US-08015,,10-00522D,202608077,1,,P:90-06831DR:02S:SIE262512709,PO-US-018014 shipped 080726 ASN 93248493 Qty 8 PO-US-09054 A93248518 Q9 PO-US-08885 A93248519 Q225 PO-US-08932 A93248520 Q75 PO-US-08015 A93248521 Q200 PO-US-09166 A93248523 Q1920.xlsx,2026-08-07 18:16:17,2026-08-07 18:16:23,2026-08-07 18:16:23
P:10-00522DR:02S:SIE262203585,2026-08-06 17:00:00,SFOHOUT 00052757,,93248521,PO-US-08015,,10-00522D,202608077,1,,P:90-06831DR:02S:SIE262512709,PO-US-018014 shipped 080726 ASN 93248493 Qty 8 PO-US-09054 A93248518 Q9 PO-US-08885 A93248519 Q225 PO-US-08932 A93248520 Q75 PO-US-08015 A93248521 Q200 PO-US-09166 A93248523 Q1920.xlsx,2026-08-07 18:16:17,2026-08-07 18:16:23,2026-08-07 18:16:23
P:10-00522DR:02S:SIE262203768,2026-08-06 17:00:00,SFOHOUT 00052757,,93248521,PO-US-08015,,10-00522D,202608077,1,,P:90-06831DR:02S:SIE262512709,PO-US-018014 shipped 080726 ASN 93248493 Qty 8 PO-US-09054 A93248518 Q9 PO-US-08885 A93248519 Q225 PO-US-08932 A93248520 Q75 PO-US-08015 A93248521 Q200 PO-US-09166 A93248523 Q1920.xlsx,2026-08-07 18:16:17,2026-08-07 18:16:23,2026-08-07 18:16:23
P:10-00522DR:02S:SIE262203908,2026-07-30 17:00:00,SFOHOUT00052412,,93248292,PO-US-08015,,10-00522D,202607105,1,,P:90-06831DR:02S:SIE262512622,PO-US-08015 shipped 073126 ASN 93248292 Qty 240 POUS08933 A8401 Q324 POUS08008 A8402 Q110 POUS08625 A8452 Q270 POUS08013 A8453 Q13 POUS09054 A8454 Q50 POUS08885 A93248457 Q10 POUS09166 A93248460 Q2400.xlsx,2026-07-31 17:45:36,2026-07-31 17:45:43,2026-07-31 17:45:43
P:10-00522DR:02S:SIE262203918,2026-08-06 17:00:00,SFOHOUT 00052757,,93248521,PO-US-08015,,10-00522D,202608077,1,,P:90-06831DR:02S:SIE262512707,PO-US-018014 shipped 080726 ASN 93248493 Qty 8 PO-US-09054 A93248518 Q9 PO-US-08885 A93248519 Q225 PO-US-08932 A93248520 Q75 PO-US-08015 A93248521 Q200 PO-US-09166 A93248523 Q1920.xlsx,2026-08-07 18:16:17,2026-08-07 18:16:23,2026-08-07 18:16:23
P:10-00522DR:02S:SIE262203992,2026-08-06 17:00:00,SFOHOUT 00052757,,93248521,PO-US-08015,,10-00522D,202608077,1,,P:90-06831DR:02S:SIE262512707,PO-US-018014 shipped 080726 ASN 93248493 Qty 8 PO-US-09054 A93248518 Q9 PO-US-08885 A93248519 Q225 PO-US-08932 A93248520 Q75 PO-US-08015 A93248521 Q200 PO-US-09166 A93248523 Q1920.xlsx,2026-08-07 18:16:17,2026-08-07 18:16:23,2026-08-07 18:16:23
P:10-00522DR:02S:SIE262204021,2026-08-06 17:00:00,SFOHOUT 00052757,,93248521,PO-US-08015,,10-00522D,202608077,1,,P:90-06831DR:02S:SIE262512710,PO-US-018014 shipped 080726 ASN 93248493 Qty 8 PO-US-09054 A93248518 Q9 PO-US-08885 A93248519 Q225 PO-US-08932 A93248520 Q75 PO-US-08015 A93248521 Q200 PO-US-09166 A93248523 Q1920.xlsx,2026-08-07 18:16:17,2026-08-07 18:16:23,2026-08-07 18:16:23
P:10-00522DR:02S:SIE262204277,2026-08-06 17:00:00,SFOHOUT 00052757,,93248521,PO-US-08015,,10-00522D,202608077,1,,P:90-06831DR:02S:SIE262512709,PO-US-018014 shipped 080726 ASN 93248493 Qty 8 PO-US-09054 A93248518 Q9 PO-US-08885 A93248519 Q225 PO-US-08932 A93248520 Q75 PO-US-08015 A93248521 Q200 PO-US-09166 A93248523 Q1920.xlsx,2026-08-07 18:16:17,2026-08-07 18:16:23,2026-08-07 18:16:23
P:10-00522DR:02S:SIE262204386,2026-08-06 17:00:00,SFOHOUT 00052757,,93248521,PO-US-08015,,10-00522D,202608077,1,,P:90-06831DR:02S:SIE262512715,PO-US-018014 shipped 080726 ASN 93248493 Qty 8 PO-US-09054 A93248518 Q9 PO-US-08885 A93248519 Q225 PO-US-08932 A93248520 Q75 PO-US-08015 A93248521 Q200 PO-US-09166 A93248523 Q1920.xlsx,2026-08-07 18:16:17,2026-08-07 18:16:23,2026-08-07 18:16:23
P:10-00522DR:02S:SIE262204450,2026-08-06 17:00:00,SFOHOUT 00052757,,93248521,PO-US-08015,,10-00522D,202608077,1,,P:90-06831DR:02S:SIE262512709,PO-US-018014 shipped 080726 ASN 93248493 Qty 8 PO-US-09054 A93248518 Q9 PO-US-08885 A93248519 Q225 PO-US-08932 A93248520 Q75 PO-US-08015 A93248521 Q200 PO-US-09166 A93248523 Q1920.xlsx,2026-08-07 18:16:17,2026-08-07 18:16:23,2026-08-07 18:16:23
P:10-00522DR:02S:SIE262204551,2026-08-06 17:00:00,SFOHOUT 00052757,,93248521,PO-US-08015,,10-00522D,202608077,1,,P:90-06831DR:02S:SIE262512716,PO-US-018014 shipped 080726 ASN 93248493 Qty 8 PO-US-09054 A93248518 Q9 PO-US-08885 A93248519 Q225 PO-US-08932 A93248520 Q75 PO-US-08015 A93248521 Q200 PO-US-09166 A93248523 Q1920.xlsx,2026-08-07 18:16:17,2026-08-07 18:16:23,2026-08-07 18:16:23
P:10-00522DR:02S:SIE262204595,2026-08-06 17:00:00,SFOHOUT 00052757,,93248521,PO-US-08015,,10-00522D,202608077,1,,P:90-06831DR:02S:SIE262512710,PO-US-018014 shipped 080726 ASN 93248493 Qty 8 PO-US-09054 A93248518 Q9 PO-US-08885 A93248519 Q225 PO-US-08932 A93248520 Q75 PO-US-08015 A93248521 Q200 PO-US-09166 A93248523 Q1920.xlsx,2026-08-07 18:16:17,2026-08-07 18:16:23,2026-08-07 18:16:23
P:10-00522DR:02S:SIE262204633,2026-08-06 17:00:00,SFOHOUT 00052757,,93248521,PO-US-08015,,10-00522D,202608077,1,,P:90-06831DR:02S:SIE262512716,PO-US-018014 shipped 080726 ASN 93248493 Qty 8 PO-US-09054 A93248518 Q9 PO-US-08885 A93248519 Q225 PO-US-08932 A93248520 Q75 PO-US-08015 A93248521 Q200 PO-US-09166 A93248523 Q1920.xlsx,2026-08-07 18:16:17,2026-08-07 18:16:23,2026-08-07 18:16:23
P:10-00522DR:02S:SIE262204662,2026-08-06 17:00:00,SFOHOUT 00052757,,93248521,PO-US-08015,,10-00522D,202608077,1,,P:90-06831DR:02S:SIE262512715,PO-US-018014 shipped 080726 ASN 93248493 Qty 8 PO-US-09054 A93248518 Q9 PO-US-08885 A93248519 Q225 PO-US-08932 A93248520 Q75 PO-US-08015 A93248521 Q200 PO-US-09166 A93248523 Q1920.xlsx,2026-08-07 18:16:17,2026-08-07 18:16:23,2026-08-07 18:16:23
P:10-00522DR:02S:SIE262204783,2026-08-06 17:00:00,SFOHOUT 00052757,,93248521,PO-US-08015,,10-00522D,202608077,1,,P:90-06831DR:02S:SIE262512713,PO-US-018014 shipped 080726 ASN 93248493 Qty 8 PO-US-09054 A93248518 Q9 PO-US-08885 A93248519 Q225 PO-US-08932 A93248520 Q75 PO-US-08015 A93248521 Q200 PO-US-09166 A93248523 Q1920.xlsx,2026-08-07 18:16:17,2026-08-07 18:16:23,2026-08-07 18:16:23
P:10-00522DR:02S:SIE262204966,2026-08-06 17:00:00,SFOHOUT 00052757,,93248521,PO-US-08015,,10-00522D,202608077,1,,P:90-06831DR:02S:SIE262512708,PO-US-018014 shipped 080726 ASN 93248493 Qty 8 PO-US-09054 A93248518 Q9 PO-US-08885 A93248519 Q225 PO-US-08932 A93248520 Q75 PO-US-08015 A93248521 Q200 PO-US-09166 A93248523 Q1920.xlsx,2026-08-07 18:16:17,2026-08-07 18:16:23,2026-08-07 18:16:23
P:10-00522DR:02S:SIE262204982,2026-08-06 17:00:00,SFOHOUT 00052757,,93248521,PO-US-08015,,10-00522D,202608077,1,,P:90-06831DR:02S:SIE262512708,PO-US-018014 shipped 080726 ASN 93248493 Qty 8 PO-US-09054 A93248518 Q9 PO-US-08885 A93248519 Q225 PO-US-08932 A93248520 Q75 PO-US-08015 A93248521 Q200 PO-US-09166 A93248523 Q1920.xlsx,2026-08-07 18:16:17,2026-08-07 18:16:23,2026-08-07 18:16:23
P:10-00522DR:02S:SIE262204995,2026-08-06 17:00:00,SFOHOUT 00052757,,93248521,PO-US-08015,,10-00522D,202608077,1,,P:90-06831DR:02S:SIE262512710,PO-US-018014 shipped 080726 ASN 93248493 Qty 8 PO-US-09054 A93248518 Q9 PO-US-08885 A93248519 Q225 PO-US-08932 A93248520 Q75 PO-US-08015 A93248521 Q200 PO-US-09166 A93248523 Q1920.xlsx,2026-08-07 18:16:17,2026-08-07 18:16:23,2026-08-07 18:16:23
P:10-00522DR:02S:SIE262205093,2026-08-06 17:00:00,SFOHOUT 00052757,,93248521,PO-US-08015,,10-00522D,202608077,1,,P:90-06831DR:02S:SIE262512717,PO-US-018014 shipped 080726 ASN 93248493 Qty 8 PO-US-09054 A93248518 Q9 PO-US-08885 A93248519 Q225 PO-US-08932 A93248520 Q75 PO-US-08015 A93248521 Q200 PO-US-09166 A93248523 Q1920.xlsx,2026-08-07 18:16:17,2026-08-07 18:16:23,2026-08-07 18:16:23
P:10-00522DR:02S:SIE262205145,2026-08-06 17:00:00,SFOHOUT 00052757,,93248521,PO-US-08015,,10-00522D,202608077,1,,P:90-06831DR:02S:SIE262512708,PO-US-018014 shipped 080726 ASN 93248493 Qty 8 PO-US-09054 A93248518 Q9 PO-US-08885 A93248519 Q225 PO-US-08932 A93248520 Q75 PO-US-08015 A93248521 Q200 PO-US-09166 A93248523 Q1920.xlsx,2026-08-07 18:16:17,2026-08-07 18:16:23,2026-08-07 18:16:23
P:10-00522DR:02S:SIE262205269,2026-07-30 17:00:00,SFOHOUT00052412,,93248292,PO-US-08015,,10-00522D,202607105,1,,P:90-06831DR:02S:SIE262512674,PO-US-08015 shipped 073126 ASN 93248292 Qty 240 POUS08933 A8401 Q324 POUS08008 A8402 Q110 POUS08625 A8452 Q270 POUS08013 A8453 Q13 POUS09054 A8454 Q50 POUS08885 A93248457 Q10 POUS09166 A93248460 Q2400.xlsx,2026-07-31 17:45:36,2026-07-31 17:45:43,2026-07-31 17:45:43
P:10-00522DR:02S:SIE262205398,2026-08-06 17:00:00,SFOHOUT 00052757,,93248521,PO-US-08015,,10-00522D,202608077,1,,P:90-06831DR:02S:SIE262512708,PO-US-018014 shipped 080726 ASN 93248493 Qty 8 PO-US-09054 A93248518 Q9 PO-US-08885 A93248519 Q225 PO-US-08932 A93248520 Q75 PO-US-08015 A93248521 Q200 PO-US-09166 A93248523 Q1920.xlsx,2026-08-07 18:16:17,2026-08-07 18:16:23,2026-08-07 18:16:23
P:10-00522DR:02S:SIE262205469,2026-08-06 17:00:00,SFOHOUT 00052757,,93248521,PO-US-08015,,10-00522D,202608077,1,,P:90-06831DR:02S:SIE262512707,PO-US-018014 shipped 080726 ASN 93248493 Qty 8 PO-US-09054 A93248518 Q9 PO-US-08885 A93248519 Q225 PO-US-08932 A93248520 Q75 PO-US-08015 A93248521 Q200 PO-US-09166 A93248523 Q1920.xlsx,2026-08-07 18:16:17,2026-08-07 18:16:23,2026-08-07 18:16:23
P:10-00522DR:02S:SIE262205470,2026-08-06 17:00:00,SFOHOUT 00052757,,93248521,PO-US-08015,,10-00522D,202608077,1,,P:90-06831DR:02S:SIE262512709,PO-US-018014 shipped 080726 ASN 93248493 Qty 8 PO-US-09054 A93248518 Q9 PO-US-08885 A93248519 Q225 PO-US-08932 A93248520 Q75 PO-US-08015 A93248521 Q200 PO-US-09166 A93248523 Q1920.xlsx,2026-08-07 18:16:17,2026-08-07 18:16:23,2026-08-07 18:16:23
P:10-00522DR:02S:SIE262205471,2026-08-06 17:00:00,SFOHOUT 00052757,,93248521,PO-US-08015,,10-00522D,202608077,1,,P:90-06831DR:02S:SIE262512708,PO-US-018014 shipped 080726 ASN 93248493 Qty 8 PO-US-09054 A93248518 Q9 PO-US-08885 A93248519 Q225 PO-US-08932 A93248520 Q75 PO-US-08015 A93248521 Q200 PO-US-09166 A93248523 Q1920.xlsx,2026-08-07 18:16:17,2026-08-07 18:16:23,2026-08-07 18:16:23
P:10-00522DR:02S:SIE262205500,2026-08-06 17:00:00,SFOHOUT 00052757,,93248521,PO-US-08015,,10-00522D,202608077,1,,P:90-06831DR:02S:SIE262512710,PO-US-018014 shipped 080726 ASN 93248493 Qty 8 PO-US-09054 A93248518 Q9 PO-US-08885 A93248519 Q225 PO-US-08932 A93248520 Q75 PO-US-08015 A93248521 Q200 PO-US-09166 A93248523 Q1920.xlsx,2026-08-07 18:16:17,2026-08-07 18:16:23,2026-08-07 18:16:23
P:10-00522DR:02S:SIE262205566,2026-08-06 17:00:00,SFOHOUT 00052757,,93248521,PO-US-08015,,10-00522D,202608077,1,,P:90-06831DR:02S:SIE262512708,PO-US-018014 shipped 080726 ASN 93248493 Qty 8 PO-US-09054 A93248518 Q9 PO-US-08885 A93248519 Q225 PO-US-08932 A93248520 Q75 PO-US-08015 A93248521 Q200 PO-US-09166 A93248523 Q1920.xlsx,2026-08-07 18:16:17,2026-08-07 18:16:23,2026-08-07 18:16:23
P:10-00522DR:02S:SIE262205756,2026-07-30 17:00:00,SFOHOUT00052412,,93248292,PO-US-08015,,10-00522D,202607105,1,,P:90-06831DR:02S:SIE262512677,PO-US-08015 shipped 073126 ASN 93248292 Qty 240 POUS08933 A8401 Q324 POUS08008 A8402 Q110 POUS08625 A8452 Q270 POUS08013 A8453 Q13 POUS09054 A8454 Q50 POUS08885 A93248457 Q10 POUS09166 A93248460 Q2400.xlsx,2026-07-31 17:45:36,2026-07-31 17:45:43,2026-07-31 17:45:43
P:10-00522DR:02S:SIE262205836,2026-08-06 17:00:00,SFOHOUT 00052757,,93248521,PO-US-08015,,10-00522D,202608077,1,,P:90-06831DR:02S:SIE262512711,PO-US-018014 shipped 080726 ASN 93248493 Qty 8 PO-US-09054 A93248518 Q9 PO-US-08885 A93248519 Q225 PO-US-08932 A93248520 Q75 PO-US-08015 A93248521 Q200 PO-US-09166 A93248523 Q1920.xlsx,2026-08-07 18:16:17,2026-08-07 18:16:23,2026-08-07 18:16:23
P:10-00522DR:02S:SIE262206153,2026-08-06 17:00:00,SFOHOUT 00052757,,93248521,PO-US-08015,,10-00522D,202608077,1,,P:90-06831DR:02S:SIE262512710,PO-US-018014 shipped 080726 ASN 93248493 Qty 8 PO-US-09054 A93248518 Q9 PO-US-08885 A93248519 Q225 PO-US-08932 A93248520 Q75 PO-US-08015 A93248521 Q200 PO-US-09166 A93248523 Q1920.xlsx,2026-08-07 18:16:17,2026-08-07 18:16:23,2026-08-07 18:16:23
P:10-00522DR:02S:SIE262206287,2026-08-06 17:00:00,SFOHOUT 00052757,,93248521,PO-US-08015,,10-00522D,202608077,1,,P:90-06831DR:02S:SIE262512711,PO-US-018014 shipped 080726 ASN 93248493 Qty 8 PO-US-09054 A93248518 Q9 PO-US-08885 A93248519 Q225 PO-US-08932 A93248520 Q75 PO-US-08015 A93248521 Q200 PO-US-09166 A93248523 Q1920.xlsx,2026-08-07 18:16:17,2026-08-07 18:16:23,2026-08-07 18:16:23
P:10-00522DR:02S:SIE262206445,2026-08-06 17:00:00,SFOHOUT 00052757,,93248521,PO-US-08015,,10-00522D,202608077,1,,P:90-06831DR:02S:SIE262512717,PO-US-018014 shipped 080726 ASN 93248493 Qty 8 PO-US-09054 A93248518 Q9 PO-US-08885 A93248519 Q225 PO-US-08932 A93248520 Q75 PO-US-08015 A93248521 Q200 PO-US-09166 A93248523 Q1920.xlsx,2026-08-07 18:16:17,2026-08-07 18:16:23,2026-08-07 18:16:23
P:10-00522DR:02S:SIE262206497,2026-08-06 17:00:00,SFOHOUT 00052757,,93248521,PO-US-08015,,10-00522D,202608077,1,,P:90-06831DR:02S:SIE262512708,PO-US-018014 shipped 080726 ASN 93248493 Qty 8 PO-US-09054 A93248518 Q9 PO-US-08885 A93248519 Q225 PO-US-08932 A93248520 Q75 PO-US-08015 A93248521 Q200 PO-US-09166 A93248523 Q1920.xlsx,2026-08-07 18:16:17,2026-08-07 18:16:23,2026-08-07 18:16:23
P:10-00522DR:02S:SIE262206638,2026-08-06 17:00:00,SFOHOUT 00052757,,93248521,PO-US-08015,,10-00522D,202608077,1,,P:90-06831DR:02S:SIE262512716,PO-US-018014 shipped 080726 ASN 93248493 Qty 8 PO-US-09054 A93248518 Q9 PO-US-08885 A93248519 Q225 PO-US-08932 A93248520 Q75 PO-US-08015 A93248521 Q200 PO-US-09166 A93248523 Q1920.xlsx,2026-08-07 18:16:17,2026-08-07 18:16:23,2026-08-07 18:16:23
P:10-00522DR:02S:SIE262206872,2026-08-06 17:00:00,SFOHOUT 00052757,,93248521,PO-US-08015,,10-00522D,202608077,1,,P:90-06831DR:02S:SIE262512707,PO-US-018014 shipped 080726 ASN 93248493 Qty 8 PO-US-09054 A93248518 Q9 PO-US-08885 A93248519 Q225 PO-US-08932 A93248520 Q75 PO-US-08015 A93248521 Q200 PO-US-09166 A93248523 Q1920.xlsx,2026-08-07 18:16:17,2026-08-07 18:16:23,2026-08-07 18:16:23
P:10-00522DR:02S:SIE262206994,2026-08-06 17:00:00,SFOHOUT 00052757,,93248521,PO-US-08015,,10-00522D,202608077,1,,P:90-06831DR:02S:SIE262512711,PO-US-018014 shipped 080726 ASN 93248493 Qty 8 PO-US-09054 A93248518 Q9 PO-US-08885 A93248519 Q225 PO-US-08932 A93248520 Q75 PO-US-08015 A93248521 Q200 PO-US-09166 A93248523 Q1920.xlsx,2026-08-07 18:16:17,2026-08-07 18:16:23,2026-08-07 18:16:23
P:10-00522DR:02S:SIE262207051,2026-08-06 17:00:00,SFOHOUT 00052757,,93248521,PO-US-08015,,10-00522D,202608077,1,,P:90-06831DR:02S:SIE262512711,PO-US-018014 shipped 080726 ASN 93248493 Qty 8 PO-US-09054 A93248518 Q9 PO-US-08885 A93248519 Q225 PO-US-08932 A93248520 Q75 PO-US-08015 A93248521 Q200 PO-US-09166 A93248523 Q1920.xlsx,2026-08-07 18:16:17,2026-08-07 18:16:23,2026-08-07 18:16:23
P:10-00522DR:02S:SIE262207078,2026-08-06 17:00:00,SFOHOUT 00052757,,93248521,PO-US-08015,,10-00522D,202608077,1,,P:90-06831DR:02S:SIE262512716,PO-US-018014 shipped 080726 ASN 93248493 Qty 8 PO-US-09054 A93248518 Q9 PO-US-08885 A93248519 Q225 PO-US-08932 A93248520 Q75 PO-US-08015 A93248521 Q200 PO-US-09166 A93248523 Q1920.xlsx,2026-08-07 18:16:17,2026-08-07 18:16:23,2026-08-07 18:16:23
P:10-00522DR:02S:SIE262207123,2026-08-06 17:00:00,SFOHOUT 00052757,,93248521,PO-US-08015,,10-00522D,202608077,1,,P:90-06831DR:02S:SIE262512708,PO-US-018014 shipped 080726 ASN 93248493 Qty 8 PO-US-09054 A93248518 Q9 PO-US-08885 A93248519 Q225 PO-US-08932 A93248520 Q75 PO-US-08015 A93248521 Q200 PO-US-09166 A93248523 Q1920.xlsx,2026-08-07 18:16:17,2026-08-07 18:16:23,2026-08-07 18:16:23
P:10-00522DR:02S:SIE262400872,2026-08-06 17:00:00,SFOHOUT 00052757,,93248521,PO-US-08015,,10-00522D,202608077,1,,P:90-06831DR:02S:SIE262512708,PO-US-018014 shipped 080726 ASN 93248493 Qty 8 PO-US-09054 A93248518 Q9 PO-US-08885 A93248519 Q225 PO-US-08932 A93248520 Q75 PO-US-08015 A93248521 Q200 PO-US-09166 A93248523 Q1920.xlsx,2026-08-07 18:16:17,2026-08-07 18:16:23,2026-08-07 18:16:23
P:10-00522DR:02S:SIE262400959,2026-08-06 17:00:00,SFOHOUT 00052757,,93248521,PO-US-08015,,10-00522D,202608077,1,,P:90-06831DR:02S:SIE262512715,PO-US-018014 shipped 080726 ASN 93248493 Qty 8 PO-US-09054 A93248518 Q9 PO-US-08885 A93248519 Q225 PO-US-08932 A93248520 Q75 PO-US-08015 A93248521 Q200 PO-US-09166 A93248523 Q1920.xlsx,2026-08-07 18:16:17,2026-08-07 18:16:23,2026-08-07 18:16:23
P:10-00522DR:02S:SIE262401004,2026-08-06 17:00:00,SFOHOUT 00052757,,93248521,PO-US-08015,,10-00522D,202608077,1,,P:90-06831DR:02S:SIE262512708,PO-US-018014 shipped 080726 ASN 93248493 Qty 8 PO-US-09054 A93248518 Q9 PO-US-08885 A93248519 Q225 PO-US-08932 A93248520 Q75 PO-US-08015 A93248521 Q200 PO-US-09166 A93248523 Q1920.xlsx,2026-08-07 18:16:17,2026-08-07 18:16:23,2026-08-07 18:16:23
P:10-00522DR:02S:SIE262401117,2026-07-30 17:00:00,SFOHOUT00052412,,93248292,PO-US-08015,,10-00522D,202607105,1,,P:90-06831DR:02S:SIE262512672,PO-US-08015 shipped 073126 ASN 93248292 Qty 240 POUS08933 A8401 Q324 POUS08008 A8402 Q110 POUS08625 A8452 Q270 POUS08013 A8453 Q13 POUS09054 A8454 Q50 POUS08885 A93248457 Q10 POUS09166 A93248460 Q2400.xlsx,2026-07-31 17:45:36,2026-07-31 17:45:43,2026-07-31 17:45:43
P:10-00522DR:02S:SIE262401151,2026-08-06 17:00:00,SFOHOUT 00052757,,93248521,PO-US-08015,,10-00522D,202608077,1,,P:90-06831DR:02S:SIE262512713,PO-US-018014 shipped 080726 ASN 93248493 Qty 8 PO-US-09054 A93248518 Q9 PO-US-08885 A93248519 Q225 PO-US-08932 A93248520 Q75 PO-US-08015 A93248521 Q200 PO-US-09166 A93248523 Q1920.xlsx,2026-08-07 18:16:17,2026-08-07 18:16:23,2026-08-07 18:16:23
P:10-00522DR:02S:SIE262401253,2026-08-06 17:00:00,SFOHOUT 00052757,,93248521,PO-US-08015,,10-00522D,202608077,1,,P:90-06831DR:02S:SIE262512711,PO-US-018014 shipped 080726 ASN 93248493 Qty 8 PO-US-09054 A93248518 Q9 PO-US-08885 A93248519 Q225 PO-US-08932 A93248520 Q75 PO-US-08015 A93248521 Q200 PO-US-09166 A93248523 Q1920.xlsx,2026-08-07 18:16:17,2026-08-07 18:16:23,2026-08-07 18:16:23
P:10-00522DR:02S:SIE262401558,2026-08-06 17:00:00,SFOHOUT 00052757,,93248521,PO-US-08015,,10-00522D,202608077,1,,P:90-06831DR:02S:SIE262512711,PO-US-018014 shipped 080726 ASN 93248493 Qty 8 PO-US-09054 A93248518 Q9 PO-US-08885 A93248519 Q225 PO-US-08932 A93248520 Q75 PO-US-08015 A93248521 Q200 PO-US-09166 A93248523 Q1920.xlsx,2026-08-07 18:16:17,2026-08-07 18:16:23,2026-08-07 18:16:23
P:10-00522DR:02S:SIE262401878,2026-08-06 17:00:00,SFOHOUT 00052757,,93248521,PO-US-08015,,10-00522D,202608077,1,,P:90-06831DR:02S:SIE262512716,PO-US-018014 shipped 080726 ASN 93248493 Qty 8 PO-US-09054 A93248518 Q9 PO-US-08885 A93248519 Q225 PO-US-08932 A93248520 Q75 PO-US-08015 A93248521 Q200 PO-US-09166 A93248523 Q1920.xlsx,2026-08-07 18:16:17,2026-08-07 18:16:23,2026-08-07 18:16:23
P:10-00522DR:02S:SIE262401889,2026-08-06 17:00:00,SFOHOUT 00052757,,93248521,PO-US-08015,,10-00522D,202608077,1,,P:90-06831DR:02S:SIE262512717,PO-US-018014 shipped 080726 ASN 93248493 Qty 8 PO-US-09054 A93248518 Q9 PO-US-08885 A93248519 Q225 PO-US-08932 A93248520 Q75 PO-US-08015 A93248521 Q200 PO-US-09166 A93248523 Q1920.xlsx,2026-08-07 18:16:17,2026-08-07 18:16:23,2026-08-07 18:16:23
P:10-00522DR:02S:SIE262401996,2026-08-06 17:00:00,SFOHOUT 00052757,,93248521,PO-US-08015,,10-00522D,202608077,1,,P:90-06831DR:02S:SIE262512709,PO-US-018014 shipped 080726 ASN 93248493 Qty 8 PO-US-09054 A93248518 Q9 PO-US-08885 A93248519 Q225 PO-US-08932 A93248520 Q75 PO-US-08015 A93248521 Q200 PO-US-09166 A93248523 Q1920.xlsx,2026-08-07 18:16:17,2026-08-07 18:16:23,2026-08-07 18:16:23
P:10-00522DR:02S:SIE262402299,2026-08-06 17:00:00,SFOHOUT 00052757,,93248521,PO-US-08015,,10-00522D,202608077,1,,P:90-06831DR:02S:SIE262512707,PO-US-018014 shipped 080726 ASN 93248493 Qty 8 PO-US-09054 A93248518 Q9 PO-US-08885 A93248519 Q225 PO-US-08932 A93248520 Q75 PO-US-08015 A93248521 Q200 PO-US-09166 A93248523 Q1920.xlsx,2026-08-07 18:16:17,2026-08-07 18:16:23,2026-08-07 18:16:23
P:10-00522DR:02S:SIE262402400,2026-08-06 17:00:00,SFOHOUT 00052757,,93248521,PO-US-08015,,10-00522D,202608077,1,,P:90-06831DR:02S:SIE262512707,PO-US-018014 shipped 080726 ASN 93248493 Qty 8 PO-US-09054 A93248518 Q9 PO-US-08885 A93248519 Q225 PO-US-08932 A93248520 Q75 PO-US-08015 A93248521 Q200 PO-US-09166 A93248523 Q1920.xlsx,2026-08-07 18:16:17,2026-08-07 18:16:23,2026-08-07 18:16:23
P:10-00522DR:02S:SIE262402424,2026-08-06 17:00:00,SFOHOUT 00052757,,93248521,PO-US-08015,,10-00522D,202608077,1,,P:90-06831DR:02S:SIE262512707,PO-US-018014 shipped 080726 ASN 93248493 Qty 8 PO-US-09054 A93248518 Q9 PO-US-08885 A93248519 Q225 PO-US-08932 A93248520 Q75 PO-US-08015 A93248521 Q200 PO-US-09166 A93248523 Q1920.xlsx,2026-08-07 18:16:17,2026-08-07 18:16:23,2026-08-07 18:16:23
P:10-00522DR:02S:SIE262402425,2026-08-06 17:00:00,SFOHOUT 00052757,,93248521,PO-US-08015,,10-00522D,202608077,1,,P:90-06831DR:02S:SIE262512707,PO-US-018014 shipped 080726 ASN 93248493 Qty 8 PO-US-09054 A93248518 Q9 PO-US-08885 A93248519 Q225 PO-US-08932 A93248520 Q75 PO-US-08015 A93248521 Q200 PO-US-09166 A93248523 Q1920.xlsx,2026-08-07 18:16:17,2026-08-07 18:16:23,2026-08-07 18:16:23
P:10-00522DR:02S:SIE262402500,2026-08-06 17:00:00,SFOHOUT 00052757,,93248521,PO-US-08015,,10-00522D,202608077,1,,P:90-06831DR:02S:SIE262512708,PO-US-018014 shipped 080726 ASN 93248493 Qty 8 PO-US-09054 A93248518 Q9 PO-US-08885 A93248519 Q225 PO-US-08932 A93248520 Q75 PO-US-08015 A93248521 Q200 PO-US-09166 A93248523 Q1920.xlsx,2026-08-07 18:16:17,2026-08-07 18:16:23,2026-08-07 18:16:23
P:10-00522DR:02S:SIE262402548,2026-08-06 17:00:00,SFOHOUT 00052757,,93248521,PO-US-08015,,10-00522D,202608077,1,,P:90-06831DR:02S:SIE262512707,PO-US-018014 shipped 080726 ASN 93248493 Qty 8 PO-US-09054 A93248518 Q9 PO-US-08885 A93248519 Q225 PO-US-08932 A93248520 Q75 PO-US-08015 A93248521 Q200 PO-US-09166 A93248523 Q1920.xlsx,2026-08-07 18:16:17,2026-08-07 18:16:23,2026-08-07 18:16:23
P:10-00522DR:02S:SIE262402599,2026-07-30 17:00:00,SFOHOUT00052412,,93248292,PO-US-08015,,10-00522D,202607105,1,,P:90-06831DR:02S:SIE262512677,PO-US-08015 shipped 073126 ASN 93248292 Qty 240 POUS08933 A8401 Q324 POUS08008 A8402 Q110 POUS08625 A8452 Q270 POUS08013 A8453 Q13 POUS09054 A8454 Q50 POUS08885 A93248457 Q10 POUS09166 A93248460 Q2400.xlsx,2026-07-31 17:45:36,2026-07-31 17:45:43,2026-07-31 17:45:43
P:10-00522DR:02S:SIE262402826,2026-08-06 17:00:00,SFOHOUT 00052757,,93248521,PO-US-08015,,10-00522D,202608077,1,,P:90-06831DR:02S:SIE262512707,PO-US-018014 shipped 080726 ASN 93248493 Qty 8 PO-US-09054 A93248518 Q9 PO-US-08885 A93248519 Q225 PO-US-08932 A93248520 Q75 PO-US-08015 A93248521 Q200 PO-US-09166 A93248523 Q1920.xlsx,2026-08-07 18:16:17,2026-08-07 18:16:23,2026-08-07 18:16:23
P:10-00522DR:02S:SIE262403122,2026-07-30 17:00:00,SFOHOUT00052412,,93248292,PO-US-08015,,10-00522D,202607105,1,,P:90-06831DR:02S:SIE262512680,PO-US-08015 shipped 073126 ASN 93248292 Qty 240 POUS08933 A8401 Q324 POUS08008 A8402 Q110 POUS08625 A8452 Q270 POUS08013 A8453 Q13 POUS09054 A8454 Q50 POUS08885 A93248457 Q10 POUS09166 A93248460 Q2400.xlsx,2026-07-31 17:45:36,2026-07-31 17:45:43,2026-07-31 17:45:43
P:10-00522DR:02S:SIE262403191,2026-07-30 17:00:00,SFOHOUT00052412,,93248292,PO-US-08015,,10-00522D,202607105,1,,P:90-06831DR:02S:SIE262512675,PO-US-08015 shipped 073126 ASN 93248292 Qty 240 POUS08933 A8401 Q324 POUS08008 A8402 Q110 POUS08625 A8452 Q270 POUS08013 A8453 Q13 POUS09054 A8454 Q50 POUS08885 A93248457 Q10 POUS09166 A93248460 Q2400.xlsx,2026-07-31 17:45:36,2026-07-31 17:45:43,2026-07-31 17:45:43
P:10-00522DR:02S:SIE262403213,2026-07-30 17:00:00,SFOHOUT00052412,,93248292,PO-US-08015,,10-00522D,202607105,1,,P:90-06831DR:02S:SIE262512714,PO-US-08015 shipped 073126 ASN 93248292 Qty 240 POUS08933 A8401 Q324 POUS08008 A8402 Q110 POUS08625 A8452 Q270 POUS08013 A8453 Q13 POUS09054 A8454 Q50 POUS08885 A93248457 Q10 POUS09166 A93248460 Q2400.xlsx,2026-07-31 17:45:36,2026-07-31 17:45:43,2026-07-31 17:45:43
P:10-00522DR:02S:SIE262403306,2026-07-30 17:00:00,SFOHOUT00052412,,93248292,PO-US-08015,,10-00522D,202607105,1,,P:90-06831DR:02S:SIE262512675,PO-US-08015 shipped 073126 ASN 93248292 Qty 240 POUS08933 A8401 Q324 POUS08008 A8402 Q110 POUS08625 A8452 Q270 POUS08013 A8453 Q13 POUS09054 A8454 Q50 POUS08885 A93248457 Q10 POUS09166 A93248460 Q2400.xlsx,2026-07-31 17:45:36,2026-07-31 17:45:43,2026-07-31 17:45:43
P:10-00522DR:02S:SIE262403308,2026-08-06 17:00:00,SFOHOUT 00052757,,93248521,PO-US-08015,,10-00522D,202608077,1,,P:90-06831DR:02S:SIE262512715,PO-US-018014 shipped 080726 ASN 93248493 Qty 8 PO-US-09054 A93248518 Q9 PO-US-08885 A93248519 Q225 PO-US-08932 A93248520 Q75 PO-US-08015 A93248521 Q200 PO-US-09166 A93248523 Q1920.xlsx,2026-08-07 18:16:17,2026-08-07 18:16:23,2026-08-07 18:16:23
P:10-00522DR:02S:SIE262403343,2026-08-06 17:00:00,SFOHOUT 00052757,,93248521,PO-US-08015,,10-00522D,202608077,1,,P:90-06831DR:02S:SIE262512715,PO-US-018014 shipped 080726 ASN 93248493 Qty 8 PO-US-09054 A93248518 Q9 PO-US-08885 A93248519 Q225 PO-US-08932 A93248520 Q75 PO-US-08015 A93248521 Q200 PO-US-09166 A93248523 Q1920.xlsx,2026-08-07 18:16:17,2026-08-07 18:16:23,2026-08-07 18:16:23
P:10-00522DR:02S:SIE262403398,2026-08-06 17:00:00,SFOHOUT 00052757,,93248521,PO-US-08015,,10-00522D,202608077,1,,P:90-06831DR:02S:SIE262512711,PO-US-018014 shipped 080726 ASN 93248493 Qty 8 PO-US-09054 A93248518 Q9 PO-US-08885 A93248519 Q225 PO-US-08932 A93248520 Q75 PO-US-08015 A93248521 Q200 PO-US-09166 A93248523 Q1920.xlsx,2026-08-07 18:16:17,2026-08-07 18:16:23,2026-08-07 18:16:23
P:10-00522DR:02S:SIE262403527,2026-07-30 17:00:00,SFOHOUT00052412,,93248292,PO-US-08015,,10-00522D,202607105,1,,P:90-06831DR:02S:SIE262512682,PO-US-08015 shipped 073126 ASN 93248292 Qty 240 POUS08933 A8401 Q324 POUS08008 A8402 Q110 POUS08625 A8452 Q270 POUS08013 A8453 Q13 POUS09054 A8454 Q50 POUS08885 A93248457 Q10 POUS09166 A93248460 Q2400.xlsx,2026-07-31 17:45:36,2026-07-31 17:45:43,2026-07-31 17:45:43
P:10-00522DR:02S:SIE262403582,2026-07-30 17:00:00,SFOHOUT00052412,,93248292,PO-US-08015,,10-00522D,202607105,1,,P:90-06831DR:02S:SIE262512671,PO-US-08015 shipped 073126 ASN 93248292 Qty 240 POUS08933 A8401 Q324 POUS08008 A8402 Q110 POUS08625 A8452 Q270 POUS08013 A8453 Q13 POUS09054 A8454 Q50 POUS08885 A93248457 Q10 POUS09166 A93248460 Q2400.xlsx,2026-07-31 17:45:36,2026-07-31 17:45:43,2026-07-31 17:45:43
P:10-00522DR:02S:SIE262403712,2026-07-30 17:00:00,SFOHOUT00052412,,93248292,PO-US-08015,,10-00522D,202607105,1,,P:90-06831DR:02S:SIE262512671,PO-US-08015 shipped 073126 ASN 93248292 Qty 240 POUS08933 A8401 Q324 POUS08008 A8402 Q110 POUS08625 A8452 Q270 POUS08013 A8453 Q13 POUS09054 A8454 Q50 POUS08885 A93248457 Q10 POUS09166 A93248460 Q2400.xlsx,2026-07-31 17:45:36,2026-07-31 17:45:43,2026-07-31 17:45:43
P:10-00522DR:02S:SIE262403715,2026-07-30 17:00:00,SFOHOUT00052412,,93248292,PO-US-08015,,10-00522D,202607105,1,,P:90-06831DR:02S:SIE262512681,PO-US-08015 shipped 073126 ASN 93248292 Qty 240 POUS08933 A8401 Q324 POUS08008 A8402 Q110 POUS08625 A8452 Q270 POUS08013 A8453 Q13 POUS09054 A8454 Q50 POUS08885 A93248457 Q10 POUS09166 A93248460 Q2400.xlsx,2026-07-31 17:45:36,2026-07-31 17:45:43,2026-07-31 17:45:43
P:10-00522DR:02S:SIE262403741,2026-07-30 17:00:00,SFOHOUT00052412,,93248292,PO-US-08015,,10-00522D,202607105,1,,P:90-06831DR:02S:SIE262512677,PO-US-08015 shipped 073126 ASN 93248292 Qty 240 POUS08933 A8401 Q324 POUS08008 A8402 Q110 POUS08625 A8452 Q270 POUS08013 A8453 Q13 POUS09054 A8454 Q50 POUS08885 A93248457 Q10 POUS09166 A93248460 Q2400.xlsx,2026-07-31 17:45:36,2026-07-31 17:45:43,2026-07-31 17:45:43
P:10-00522DR:02S:SIE262403746,2026-07-30 17:00:00,SFOHOUT00052412,,93248292,PO-US-08015,,10-00522D,202607105,1,,P:90-06831DR:02S:SIE262512682,PO-US-08015 shipped 073126 ASN 93248292 Qty 240 POUS08933 A8401 Q324 POUS08008 A8402 Q110 POUS08625 A8452 Q270 POUS08013 A8453 Q13 POUS09054 A8454 Q50 POUS08885 A93248457 Q10 POUS09166 A93248460 Q2400.xlsx,2026-07-31 17:45:36,2026-07-31 17:45:43,2026-07-31 17:45:43
P:10-00522DR:02S:SIE262403752,2026-07-30 17:00:00,SFOHOUT00052412,,93248292,PO-US-08015,,10-00522D,202607105,1,,P:90-06831DR:02S:SIE262512677,PO-US-08015 shipped 073126 ASN 93248292 Qty 240 POUS08933 A8401 Q324 POUS08008 A8402 Q110 POUS08625 A8452 Q270 POUS08013 A8453 Q13 POUS09054 A8454 Q50 POUS08885 A93248457 Q10 POUS09166 A93248460 Q2400.xlsx,2026-07-31 17:45:36,2026-07-31 17:45:43,2026-07-31 17:45:43
P:10-00522DR:02S:SIE262403753,2026-07-30 17:00:00,SFOHOUT00052412,,93248292,PO-US-08015,,10-00522D,202607105,1,,P:90-06831DR:02S:SIE262512680,PO-US-08015 shipped 073126 ASN 93248292 Qty 240 POUS08933 A8401 Q324 POUS08008 A8402 Q110 POUS08625 A8452 Q270 POUS08013 A8453 Q13 POUS09054 A8454 Q50 POUS08885 A93248457 Q10 POUS09166 A93248460 Q2400.xlsx,2026-07-31 17:45:36,2026-07-31 17:45:43,2026-07-31 17:45:43
P:10-00522DR:02S:SIE262403757,2026-07-30 17:00:00,SFOHOUT00052412,,93248292,PO-US-08015,,10-00522D,202607105,1,,P:90-06831DR:02S:SIE262512681,PO-US-08015 shipped 073126 ASN 93248292 Qty 240 POUS08933 A8401 Q324 POUS08008 A8402 Q110 POUS08625 A8452 Q270 POUS08013 A8453 Q13 POUS09054 A8454 Q50 POUS08885 A93248457 Q10 POUS09166 A93248460 Q2400.xlsx,2026-07-31 17:45:36,2026-07-31 17:45:43,2026-07-31 17:45:43
P:10-00522DR:02S:SIE262403780,2026-07-30 17:00:00,SFOHOUT00052412,,93248292,PO-US-08015,,10-00522D,202607105,1,,P:90-06831DR:02S:SIE262512680,PO-US-08015 shipped 073126 ASN 93248292 Qty 240 POUS08933 A8401 Q324 POUS08008 A8402 Q110 POUS08625 A8452 Q270 POUS08013 A8453 Q13 POUS09054 A8454 Q50 POUS08885 A93248457 Q10 POUS09166 A93248460 Q2400.xlsx,2026-07-31 17:45:36,2026-07-31 17:45:43,2026-07-31 17:45:43
P:10-00522DR:02S:SIE262403782,2026-07-30 17:00:00,SFOHOUT00052412,,93248292,PO-US-08015,,10-00522D,202607105,1,,P:90-06831DR:02S:SIE262512682,PO-US-08015 shipped 073126 ASN 93248292 Qty 240 POUS08933 A8401 Q324 POUS08008 A8402 Q110 POUS08625 A8452 Q270 POUS08013 A8453 Q13 POUS09054 A8454 Q50 POUS08885 A93248457 Q10 POUS09166 A93248460 Q2400.xlsx,2026-07-31 17:45:36,2026-07-31 17:45:43,2026-07-31 17:45:43
P:10-00522DR:02S:SIE262403792,2026-07-30 17:00:00,SFOHOUT00052412,,93248292,PO-US-08015,,10-00522D,202607105,1,,P:90-06831DR:02S:SIE262512672,PO-US-08015 shipped 073126 ASN 93248292 Qty 240 POUS08933 A8401 Q324 POUS08008 A8402 Q110 POUS08625 A8452 Q270 POUS08013 A8453 Q13 POUS09054 A8454 Q50 POUS08885 A93248457 Q10 POUS09166 A93248460 Q2400.xlsx,2026-07-31 17:45:36,2026-07-31 17:45:43,2026-07-31 17:45:43
P:10-00522DR:02S:SIE262403801,2026-07-30 17:00:00,SFOHOUT00052412,,93248292,PO-US-08015,,10-00522D,202607105,1,,P:90-06831DR:02S:SIE262512681,PO-US-08015 shipped 073126 ASN 93248292 Qty 240 POUS08933 A8401 Q324 POUS08008 A8402 Q110 POUS08625 A8452 Q270 POUS08013 A8453 Q13 POUS09054 A8454 Q50 POUS08885 A93248457 Q10 POUS09166 A93248460 Q2400.xlsx,2026-07-31 17:45:36,2026-07-31 17:45:43,2026-07-31 17:45:43
P:10-00522DR:02S:SIE262403802,2026-07-30 17:00:00,SFOHOUT00052412,,93248292,PO-US-08015,,10-00522D,202607105,1,,P:90-06831DR:02S:SIE262512682,PO-US-08015 shipped 073126 ASN 93248292 Qty 240 POUS08933 A8401 Q324 POUS08008 A8402 Q110 POUS08625 A8452 Q270 POUS08013 A8453 Q13 POUS09054 A8454 Q50 POUS08885 A93248457 Q10 POUS09166 A93248460 Q2400.xlsx,2026-07-31 17:45:36,2026-07-31 17:45:43,2026-07-31 17:45:43
P:10-00522DR:02S:SIE262403805,2026-07-30 17:00:00,SFOHOUT00052412,,93248292,PO-US-08015,,10-00522D,202607105,1,,P:90-06831DR:02S:SIE262512681,PO-US-08015 shipped 073126 ASN 93248292 Qty 240 POUS08933 A8401 Q324 POUS08008 A8402 Q110 POUS08625 A8452 Q270 POUS08013 A8453 Q13 POUS09054 A8454 Q50 POUS08885 A93248457 Q10 POUS09166 A93248460 Q2400.xlsx,2026-07-31 17:45:36,2026-07-31 17:45:43,2026-07-31 17:45:43
P:10-00522DR:02S:SIE262403809,2026-07-30 17:00:00,SFOHOUT00052412,,93248292,PO-US-08015,,10-00522D,202607105,1,,P:90-06831DR:02S:SIE262512681,PO-US-08015 shipped 073126 ASN 93248292 Qty 240 POUS08933 A8401 Q324 POUS08008 A8402 Q110 POUS08625 A8452 Q270 POUS08013 A8453 Q13 POUS09054 A8454 Q50 POUS08885 A93248457 Q10 POUS09166 A93248460 Q2400.xlsx,2026-07-31 17:45:36,2026-07-31 17:45:43,2026-07-31 17:45:43
P:10-00522DR:02S:SIE262403814,2026-08-06 17:00:00,SFOHOUT 00052757,,93248521,PO-US-08015,,10-00522D,202608077,1,,P:90-06831DR:02S:SIE262512717,PO-US-018014 shipped 080726 ASN 93248493 Qty 8 PO-US-09054 A93248518 Q9 PO-US-08885 A93248519 Q225 PO-US-08932 A93248520 Q75 PO-US-08015 A93248521 Q200 PO-US-09166 A93248523 Q1920.xlsx,2026-08-07 18:16:17,2026-08-07 18:16:23,2026-08-07 18:16:23
P:10-00522DR:02S:SIE262403821,2026-07-30 17:00:00,SFOHOUT00052412,,93248292,PO-US-08015,,10-00522D,202607105,1,,P:90-06831DR:02S:SIE262512680,PO-US-08015 shipped 073126 ASN 93248292 Qty 240 POUS08933 A8401 Q324 POUS08008 A8402 Q110 POUS08625 A8452 Q270 POUS08013 A8453 Q13 POUS09054 A8454 Q50 POUS08885 A93248457 Q10 POUS09166 A93248460 Q2400.xlsx,2026-07-31 17:45:36,2026-07-31 17:45:43,2026-07-31 17:45:43
P:10-00522DR:02S:SIE262403823,2026-07-30 17:00:00,SFOHOUT00052412,,93248292,PO-US-08015,,10-00522D,202607105,1,,P:90-06831DR:02S:SIE262512681,PO-US-08015 shipped 073126 ASN 93248292 Qty 240 POUS08933 A8401 Q324 POUS08008 A8402 Q110 POUS08625 A8452 Q270 POUS08013 A8453 Q13 POUS09054 A8454 Q50 POUS08885 A93248457 Q10 POUS09166 A93248460 Q2400.xlsx,2026-07-31 17:45:36,2026-07-31 17:45:43,2026-07-31 17:45:43
P:10-00522DR:02S:SIE262403831,2026-07-30 17:00:00,SFOHOUT00052412,,93248292,PO-US-08015,,10-00522D,202607105,1,,P:90-06831DR:02S:SIE262512680,PO-US-08015 shipped 073126 ASN 93248292 Qty 240 POUS08933 A8401 Q324 POUS08008 A8402 Q110 POUS08625 A8452 Q270 POUS08013 A8453 Q13 POUS09054 A8454 Q50 POUS08885 A93248457 Q10 POUS09166 A93248460 Q2400.xlsx,2026-07-31 17:45:36,2026-07-31 17:45:43,2026-07-31 17:45:43
P:10-00522DR:02S:SIE262403833,2026-07-30 17:00:00,SFOHOUT00052412,,93248292,PO-US-08015,,10-00522D,202607105,1,,P:90-06831DR:02S:SIE262512681,PO-US-08015 shipped 073126 ASN 93248292 Qty 240 POUS08933 A8401 Q324 POUS08008 A8402 Q110 POUS08625 A8452 Q270 POUS08013 A8453 Q13 POUS09054 A8454 Q50 POUS08885 A93248457 Q10 POUS09166 A93248460 Q2400.xlsx,2026-07-31 17:45:36,2026-07-31 17:45:43,2026-07-31 17:45:43
P:10-00522DR:02S:SIE262403837,2026-07-30 17:00:00,SFOHOUT00052412,,93248292,PO-US-08015,,10-00522D,202607105,1,,P:90-06831DR:02S:SIE262512682,PO-US-08015 shipped 073126 ASN 93248292 Qty 240 POUS08933 A8401 Q324 POUS08008 A8402 Q110 POUS08625 A8452 Q270 POUS08013 A8453 Q13 POUS09054 A8454 Q50 POUS08885 A93248457 Q10 POUS09166 A93248460 Q2400.xlsx,2026-07-31 17:45:36,2026-07-31 17:45:43,2026-07-31 17:45:43
P:10-00522DR:02S:SIE262403842,2026-07-30 17:00:00,SFOHOUT00052412,,93248292,PO-US-08015,,10-00522D,202607105,1,,P:90-06831DR:02S:SIE262512681,PO-US-08015 shipped 073126 ASN 93248292 Qty 240 POUS08933 A8401 Q324 POUS08008 A8402 Q110 POUS08625 A8452 Q270 POUS08013 A8453 Q13 POUS09054 A8454 Q50 POUS08885 A93248457 Q10 POUS09166 A93248460 Q2400.xlsx,2026-07-31 17:45:36,2026-07-31 17:45:43,2026-07-31 17:45:43
P:10-00522DR:02S:SIE262403845,2026-07-30 17:00:00,SFOHOUT00052412,,93248292,PO-US-08015,,10-00522D,202607105,1,,P:90-06831DR:02S:SIE262512681,PO-US-08015 shipped 073126 ASN 93248292 Qty 240 POUS08933 A8401 Q324 POUS08008 A8402 Q110 POUS08625 A8452 Q270 POUS08013 A8453 Q13 POUS09054 A8454 Q50 POUS08885 A93248457 Q10 POUS09166 A93248460 Q2400.xlsx,2026-07-31 17:45:36,2026-07-31 17:45:43,2026-07-31 17:45:43
P:10-00522DR:02S:SIE262403846,2026-07-30 17:00:00,SFOHOUT00052412,,93248292,PO-US-08015,,10-00522D,202607105,1,,P:90-06831DR:02S:SIE262512682,PO-US-08015 shipped 073126 ASN 93248292 Qty 240 POUS08933 A8401 Q324 POUS08008 A8402 Q110 POUS08625 A8452 Q270 POUS08013 A8453 Q13 POUS09054 A8454 Q50 POUS08885 A93248457 Q10 POUS09166 A93248460 Q2400.xlsx,2026-07-31 17:45:36,2026-07-31 17:45:43,2026-07-31 17:45:43
P:10-00522DR:02S:SIE262403849,2026-07-30 17:00:00,SFOHOUT00052412,,93248292,PO-US-08015,,10-00522D,202607105,1,,P:90-06831DR:02S:SIE262512680,PO-US-08015 shipped 073126 ASN 93248292 Qty 240 POUS08933 A8401 Q324 POUS08008 A8402 Q110 POUS08625 A8452 Q270 POUS08013 A8453 Q13 POUS09054 A8454 Q50 POUS08885 A93248457 Q10 POUS09166 A93248460 Q2400.xlsx,2026-07-31 17:45:36,2026-07-31 17:45:43,2026-07-31 17:45:43
P:10-00522DR:02S:SIE262403868,2026-07-30 17:00:00,SFOHOUT00052412,,93248292,PO-US-08015,,10-00522D,202607105,1,,P:90-06831DR:02S:SIE262512681,PO-US-08015 shipped 073126 ASN 93248292 Qty 240 POUS08933 A8401 Q324 POUS08008 A8402 Q110 POUS08625 A8452 Q270 POUS08013 A8453 Q13 POUS09054 A8454 Q50 POUS08885 A93248457 Q10 POUS09166 A93248460 Q2400.xlsx,2026-07-31 17:45:36,2026-07-31 17:45:43,2026-07-31 17:45:43
P:10-00522DR:02S:SIE262403869,2026-07-30 17:00:00,SFOHOUT00052412,,93248292,PO-US-08015,,10-00522D,202607105,1,,P:90-06831DR:02S:SIE262512682,PO-US-08015 shipped 073126 ASN 93248292 Qty 240 POUS08933 A8401 Q324 POUS08008 A8402 Q110 POUS08625 A8452 Q270 POUS08013 A8453 Q13 POUS09054 A8454 Q50 POUS08885 A93248457 Q10 POUS09166 A93248460 Q2400.xlsx,2026-07-31 17:45:36,2026-07-31 17:45:43,2026-07-31 17:45:43
P:10-00522DR:02S:SIE262403873,2026-07-30 17:00:00,SFOHOUT00052412,,93248292,PO-US-08015,,10-00522D,202607105,1,,P:90-06831DR:02S:SIE262512680,PO-US-08015 shipped 073126 ASN 93248292 Qty 240 POUS08933 A8401 Q324 POUS08008 A8402 Q110 POUS08625 A8452 Q270 POUS08013 A8453 Q13 POUS09054 A8454 Q50 POUS08885 A93248457 Q10 POUS09166 A93248460 Q2400.xlsx,2026-07-31 17:45:36,2026-07-31 17:45:43,2026-07-31 17:45:43
P:10-00522DR:02S:SIE262403883,2026-07-30 17:00:00,SFOHOUT00052412,,93248292,PO-US-08015,,10-00522D,202607105,1,,P:90-06831DR:02S:SIE262512681,PO-US-08015 shipped 073126 ASN 93248292 Qty 240 POUS08933 A8401 Q324 POUS08008 A8402 Q110 POUS08625 A8452 Q270 POUS08013 A8453 Q13 POUS09054 A8454 Q50 POUS08885 A93248457 Q10 POUS09166 A93248460 Q2400.xlsx,2026-07-31 17:45:36,2026-07-31 17:45:43,2026-07-31 17:45:43
P:10-00522DR:02S:SIE262403893,2026-07-30 17:00:00,SFOHOUT00052412,,93248292,PO-US-08015,,10-00522D,202607105,1,,P:90-06831DR:02S:SIE262512644,PO-US-08015 shipped 073126 ASN 93248292 Qty 240 POUS08933 A8401 Q324 POUS08008 A8402 Q110 POUS08625 A8452 Q270 POUS08013 A8453 Q13 POUS09054 A8454 Q50 POUS08885 A93248457 Q10 POUS09166 A93248460 Q2400.xlsx,2026-07-31 17:45:36,2026-07-31 17:45:43,2026-07-31 17:45:43
P:10-00522DR:02S:SIE262403907,2026-07-30 17:00:00,SFOHOUT00052412,,93248292,PO-US-08015,,10-00522D,202607105,1,,P:90-06831DR:02S:SIE262512680,PO-US-08015 shipped 073126 ASN 93248292 Qty 240 POUS08933 A8401 Q324 POUS08008 A8402 Q110 POUS08625 A8452 Q270 POUS08013 A8453 Q13 POUS09054 A8454 Q50 POUS08885 A93248457 Q10 POUS09166 A93248460 Q2400.xlsx,2026-07-31 17:45:36,2026-07-31 17:45:43,2026-07-31 17:45:43
P:10-00522DR:02S:SIE262403911,2026-07-30 17:00:00,SFOHOUT00052412,,93248292,PO-US-08015,,10-00522D,202607105,1,,P:90-06831DR:02S:SIE262512681,PO-US-08015 shipped 073126 ASN 93248292 Qty 240 POUS08933 A8401 Q324 POUS08008 A8402 Q110 POUS08625 A8452 Q270 POUS08013 A8453 Q13 POUS09054 A8454 Q50 POUS08885 A93248457 Q10 POUS09166 A93248460 Q2400.xlsx,2026-07-31 17:45:36,2026-07-31 17:45:43,2026-07-31 17:45:43
P:10-00522DR:02S:SIE262403921,2026-07-30 17:00:00,SFOHOUT00052412,,93248292,PO-US-08015,,10-00522D,202607105,1,,P:90-06831DR:02S:SIE262512681,PO-US-08015 shipped 073126 ASN 93248292 Qty 240 POUS08933 A8401 Q324 POUS08008 A8402 Q110 POUS08625 A8452 Q270 POUS08013 A8453 Q13 POUS09054 A8454 Q50 POUS08885 A93248457 Q10 POUS09166 A93248460 Q2400.xlsx,2026-07-31 17:45:36,2026-07-31 17:45:43,2026-07-31 17:45:43
P:10-00522DR:02S:SIE262403924,2026-07-30 17:00:00,SFOHOUT00052412,,93248292,PO-US-08015,,10-00522D,202607105,1,,P:90-06831DR:02S:SIE262512681,PO-US-08015 shipped 073126 ASN 93248292 Qty 240 POUS08933 A8401 Q324 POUS08008 A8402 Q110 POUS08625 A8452 Q270 POUS08013 A8453 Q13 POUS09054 A8454 Q50 POUS08885 A93248457 Q10 POUS09166 A93248460 Q2400.xlsx,2026-07-31 17:45:36,2026-07-31 17:45:43,2026-07-31 17:45:43
P:10-00522DR:02S:SIE262403928,2026-07-30 17:00:00,SFOHOUT00052412,,93248292,PO-US-08015,,10-00522D,202607105,1,,P:90-06831DR:02S:SIE262512682,PO-US-08015 shipped 073126 ASN 93248292 Qty 240 POUS08933 A8401 Q324 POUS08008 A8402 Q110 POUS08625 A8452 Q270 POUS08013 A8453 Q13 POUS09054 A8454 Q50 POUS08885 A93248457 Q10 POUS09166 A93248460 Q2400.xlsx,2026-07-31 17:45:36,2026-07-31 17:45:43,2026-07-31 17:45:43
P:10-00522DR:02S:SIE262403929,2026-07-30 17:00:00,SFOHOUT00052412,,93248292,PO-US-08015,,10-00522D,202607105,1,,P:90-06831DR:02S:SIE262512680,PO-US-08015 shipped 073126 ASN 93248292 Qty 240 POUS08933 A8401 Q324 POUS08008 A8402 Q110 POUS08625 A8452 Q270 POUS08013 A8453 Q13 POUS09054 A8454 Q50 POUS08885 A93248457 Q10 POUS09166 A93248460 Q2400.xlsx,2026-07-31 17:45:36,2026-07-31 17:45:43,2026-07-31 17:45:43
P:10-00522DR:02S:SIE262403940,2026-07-30 17:00:00,SFOHOUT00052412,,93248292,PO-US-08015,,10-00522D,202607105,1,,P:90-06831DR:02S:SIE262512680,PO-US-08015 shipped 073126 ASN 93248292 Qty 240 POUS08933 A8401 Q324 POUS08008 A8402 Q110 POUS08625 A8452 Q270 POUS08013 A8453 Q13 POUS09054 A8454 Q50 POUS08885 A93248457 Q10 POUS09166 A93248460 Q2400.xlsx,2026-07-31 17:45:36,2026-07-31 17:45:43,2026-07-31 17:45:43
P:10-00522DR:02S:SIE262403952,2026-07-30 17:00:00,SFOHOUT00052412,,93248292,PO-US-08015,,10-00522D,202607105,1,,P:90-06831DR:02S:SIE262512681,PO-US-08015 shipped 073126 ASN 93248292 Qty 240 POUS08933 A8401 Q324 POUS08008 A8402 Q110 POUS08625 A8452 Q270 POUS08013 A8453 Q13 POUS09054 A8454 Q50 POUS08885 A93248457 Q10 POUS09166 A93248460 Q2400.xlsx,2026-07-31 17:45:36,2026-07-31 17:45:43,2026-07-31 17:45:43
P:10-00522DR:02S:SIE262403958,2026-07-30 17:00:00,SFOHOUT00052412,,93248292,PO-US-08015,,10-00522D,202607105,1,,P:90-06831DR:02S:SIE262512682,PO-US-08015 shipped 073126 ASN 93248292 Qty 240 POUS08933 A8401 Q324 POUS08008 A8402 Q110 POUS08625 A8452 Q270 POUS08013 A8453 Q13 POUS09054 A8454 Q50 POUS08885 A93248457 Q10 POUS09166 A93248460 Q2400.xlsx,2026-07-31 17:45:36,2026-07-31 17:45:43,2026-07-31 17:45:43
P:10-00522DR:02S:SIE262403961,2026-07-30 17:00:00,SFOHOUT00052412,,93248292,PO-US-08015,,10-00522D,202607105,1,,P:90-06831DR:02S:SIE262512680,PO-US-08015 shipped 073126 ASN 93248292 Qty 240 POUS08933 A8401 Q324 POUS08008 A8402 Q110 POUS08625 A8452 Q270 POUS08013 A8453 Q13 POUS09054 A8454 Q50 POUS08885 A93248457 Q10 POUS09166 A93248460 Q2400.xlsx,2026-07-31 17:45:36,2026-07-31 17:45:43,2026-07-31 17:45:43
P:10-00522DR:02S:SIE262403971,2026-07-30 17:00:00,SFOHOUT00052412,,93248292,PO-US-08015,,10-00522D,202607105,1,,P:90-06831DR:02S:SIE262512682,PO-US-08015 shipped 073126 ASN 93248292 Qty 240 POUS08933 A8401 Q324 POUS08008 A8402 Q110 POUS08625 A8452 Q270 POUS08013 A8453 Q13 POUS09054 A8454 Q50 POUS08885 A93248457 Q10 POUS09166 A93248460 Q2400.xlsx,2026-07-31 17:45:36,2026-07-31 17:45:43,2026-07-31 17:45:43
P:10-00522DR:02S:SIE262403973,2026-08-06 17:00:00,SFOHOUT 00052757,,93248521,PO-US-08015,,10-00522D,202608077,1,,P:90-06831DR:02S:SIE262512716,PO-US-018014 shipped 080726 ASN 93248493 Qty 8 PO-US-09054 A93248518 Q9 PO-US-08885 A93248519 Q225 PO-US-08932 A93248520 Q75 PO-US-08015 A93248521 Q200 PO-US-09166 A93248523 Q1920.xlsx,2026-08-07 18:16:17,2026-08-07 18:16:23,2026-08-07 18:16:23
P:10-00522DR:02S:SIE262403974,2026-07-30 17:00:00,SFOHOUT00052412,,93248292,PO-US-08015,,10-00522D,202607105,1,,P:90-06831DR:02S:SIE262512682,PO-US-08015 shipped 073126 ASN 93248292 Qty 240 POUS08933 A8401 Q324 POUS08008 A8402 Q110 POUS08625 A8452 Q270 POUS08013 A8453 Q13 POUS09054 A8454 Q50 POUS08885 A93248457 Q10 POUS09166 A93248460 Q2400.xlsx,2026-07-31 17:45:36,2026-07-31 17:45:43,2026-07-31 17:45:43
P:10-00522DR:02S:SIE262403976,2026-07-30 17:00:00,SFOHOUT00052412,,93248292,PO-US-08015,,10-00522D,202607105,1,,P:90-06831DR:02S:SIE262512681,PO-US-08015 shipped 073126 ASN 93248292 Qty 240 POUS08933 A8401 Q324 POUS08008 A8402 Q110 POUS08625 A8452 Q270 POUS08013 A8453 Q13 POUS09054 A8454 Q50 POUS08885 A93248457 Q10 POUS09166 A93248460 Q2400.xlsx,2026-07-31 17:45:36,2026-07-31 17:45:43,2026-07-31 17:45:43
P:10-00522DR:02S:SIE262403978,2026-07-30 17:00:00,SFOHOUT00052412,,93248292,PO-US-08015,,10-00522D,202607105,1,,P:90-06831DR:02S:SIE262512681,PO-US-08015 shipped 073126 ASN 93248292 Qty 240 POUS08933 A8401 Q324 POUS08008 A8402 Q110 POUS08625 A8452 Q270 POUS08013 A8453 Q13 POUS09054 A8454 Q50 POUS08885 A93248457 Q10 POUS09166 A93248460 Q2400.xlsx,2026-07-31 17:45:36,2026-07-31 17:45:43,2026-07-31 17:45:43
P:10-00522DR:02S:SIE262403979,2026-07-30 17:00:00,SFOHOUT00052412,,93248292,PO-US-08015,,10-00522D,202607105,1,,P:90-06831DR:02S:SIE262512680,PO-US-08015 shipped 073126 ASN 93248292 Qty 240 POUS08933 A8401 Q324 POUS08008 A8402 Q110 POUS08625 A8452 Q270 POUS08013 A8453 Q13 POUS09054 A8454 Q50 POUS08885 A93248457 Q10 POUS09166 A93248460 Q2400.xlsx,2026-07-31 17:45:36,2026-07-31 17:45:43,2026-07-31 17:45:43
P:10-00522DR:02S:SIE262403996,2026-07-30 17:00:00,SFOHOUT00052412,,93248292,PO-US-08015,,10-00522D,202607105,1,,P:90-06831DR:02S:SIE262512675,PO-US-08015 shipped 073126 ASN 93248292 Qty 240 POUS08933 A8401 Q324 POUS08008 A8402 Q110 POUS08625 A8452 Q270 POUS08013 A8453 Q13 POUS09054 A8454 Q50 POUS08885 A93248457 Q10 POUS09166 A93248460 Q2400.xlsx,2026-07-31 17:45:36,2026-07-31 17:45:43,2026-07-31 17:45:43
P:10-00522DR:02S:SIE262404001,2026-07-30 17:00:00,SFOHOUT00052412,,93248292,PO-US-08015,,10-00522D,202607105,1,,P:90-06831DR:02S:SIE262512680,PO-US-08015 shipped 073126 ASN 93248292 Qty 240 POUS08933 A8401 Q324 POUS08008 A8402 Q110 POUS08625 A8452 Q270 POUS08013 A8453 Q13 POUS09054 A8454 Q50 POUS08885 A93248457 Q10 POUS09166 A93248460 Q2400.xlsx,2026-07-31 17:45:36,2026-07-31 17:45:43,2026-07-31 17:45:43
P:10-00522DR:02S:SIE262404037,2026-07-30 17:00:00,SFOHOUT00052412,,93248292,PO-US-08015,,10-00522D,202607105,1,,P:90-06831DR:02S:SIE262512680,PO-US-08015 shipped 073126 ASN 93248292 Qty 240 POUS08933 A8401 Q324 POUS08008 A8402 Q110 POUS08625 A8452 Q270 POUS08013 A8453 Q13 POUS09054 A8454 Q50 POUS08885 A93248457 Q10 POUS09166 A93248460 Q2400.xlsx,2026-07-31 17:45:36,2026-07-31 17:45:43,2026-07-31 17:45:43
P:10-00522DR:02S:SIE262404041,2026-07-30 17:00:00,SFOHOUT00052412,,93248292,PO-US-08015,,10-00522D,202607105,1,,P:90-06831DR:02S:SIE262512680,PO-US-08015 shipped 073126 ASN 93248292 Qty 240 POUS08933 A8401 Q324 POUS08008 A8402 Q110 POUS08625 A8452 Q270 POUS08013 A8453 Q13 POUS09054 A8454 Q50 POUS08885 A93248457 Q10 POUS09166 A93248460 Q2400.xlsx,2026-07-31 17:45:36,2026-07-31 17:45:43,2026-07-31 17:45:43
P:10-00522DR:02S:SIE262404043,2026-07-30 17:00:00,SFOHOUT00052412,,93248292,PO-US-08015,,10-00522D,202607105,1,,P:90-06831DR:02S:SIE262512681,PO-US-08015 shipped 073126 ASN 93248292 Qty 240 POUS08933 A8401 Q324 POUS08008 A8402 Q110 POUS08625 A8452 Q270 POUS08013 A8453 Q13 POUS09054 A8454 Q50 POUS08885 A93248457 Q10 POUS09166 A93248460 Q2400.xlsx,2026-07-31 17:45:36,2026-07-31 17:45:43,2026-07-31 17:45:43
P:10-00522DR:02S:SIE262404048,2026-07-30 17:00:00,SFOHOUT00052412,,93248292,PO-US-08015,,10-00522D,202607105,1,,P:90-06831DR:02S:SIE262512680,PO-US-08015 shipped 073126 ASN 93248292 Qty 240 POUS08933 A8401 Q324 POUS08008 A8402 Q110 POUS08625 A8452 Q270 POUS08013 A8453 Q13 POUS09054 A8454 Q50 POUS08885 A93248457 Q10 POUS09166 A93248460 Q2400.xlsx,2026-07-31 17:45:36,2026-07-31 17:45:43,2026-07-31 17:45:43
P:10-00522DR:02S:SIE262404050,2026-07-30 17:00:00,SFOHOUT00052412,,93248292,PO-US-08015,,10-00522D,202607105,1,,P:90-06831DR:02S:SIE262512680,PO-US-08015 shipped 073126 ASN 93248292 Qty 240 POUS08933 A8401 Q324 POUS08008 A8402 Q110 POUS08625 A8452 Q270 POUS08013 A8453 Q13 POUS09054 A8454 Q50 POUS08885 A93248457 Q10 POUS09166 A93248460 Q2400.xlsx,2026-07-31 17:45:36,2026-07-31 17:45:43,2026-07-31 17:45:43
P:10-00522DR:02S:SIE262404053,2026-07-30 17:00:00,SFOHOUT00052412,,93248292,PO-US-08015,,10-00522D,202607105,1,,P:90-06831DR:02S:SIE262512714,PO-US-08015 shipped 073126 ASN 93248292 Qty 240 POUS08933 A8401 Q324 POUS08008 A8402 Q110 POUS08625 A8452 Q270 POUS08013 A8453 Q13 POUS09054 A8454 Q50 POUS08885 A93248457 Q10 POUS09166 A93248460 Q2400.xlsx,2026-07-31 17:45:36,2026-07-31 17:45:43,2026-07-31 17:45:43
P:10-00522DR:02S:SIE262404058,2026-07-30 17:00:00,SFOHOUT00052412,,93248292,PO-US-08015,,10-00522D,202607105,1,,P:90-06831DR:02S:SIE262512681,PO-US-08015 shipped 073126 ASN 93248292 Qty 240 POUS08933 A8401 Q324 POUS08008 A8402 Q110 POUS08625 A8452 Q270 POUS08013 A8453 Q13 POUS09054 A8454 Q50 POUS08885 A93248457 Q10 POUS09166 A93248460 Q2400.xlsx,2026-07-31 17:45:36,2026-07-31 17:45:43,2026-07-31 17:45:43
P:10-00522DR:02S:SIE262404060,2026-07-30 17:00:00,SFOHOUT00052412,,93248292,PO-US-08015,,10-00522D,202607105,1,,P:90-06831DR:02S:SIE262512682,PO-US-08015 shipped 073126 ASN 93248292 Qty 240 POUS08933 A8401 Q324 POUS08008 A8402 Q110 POUS08625 A8452 Q270 POUS08013 A8453 Q13 POUS09054 A8454 Q50 POUS08885 A93248457 Q10 POUS09166 A93248460 Q2400.xlsx,2026-07-31 17:45:36,2026-07-31 17:45:43,2026-07-31 17:45:43
P:10-00522DR:02S:SIE262404065,2026-07-30 17:00:00,SFOHOUT00052412,,93248292,PO-US-08015,,10-00522D,202607105,1,,P:90-06831DR:02S:SIE262512680,PO-US-08015 shipped 073126 ASN 93248292 Qty 240 POUS08933 A8401 Q324 POUS08008 A8402 Q110 POUS08625 A8452 Q270 POUS08013 A8453 Q13 POUS09054 A8454 Q50 POUS08885 A93248457 Q10 POUS09166 A93248460 Q2400.xlsx,2026-07-31 17:45:36,2026-07-31 17:45:43,2026-07-31 17:45:43
P:10-00522DR:02S:SIE262404111,2026-07-30 17:00:00,SFOHOUT00052412,,93248292,PO-US-08015,,10-00522D,202607105,1,,P:90-06831DR:02S:SIE262512622,PO-US-08015 shipped 073126 ASN 93248292 Qty 240 POUS08933 A8401 Q324 POUS08008 A8402 Q110 POUS08625 A8452 Q270 POUS08013 A8453 Q13 POUS09054 A8454 Q50 POUS08885 A93248457 Q10 POUS09166 A93248460 Q2400.xlsx,2026-07-31 17:45:36,2026-07-31 17:45:43,2026-07-31 17:45:43
P:10-00522DR:02S:SIE262404116,2026-07-30 17:00:00,SFOHOUT00052412,,93248292,PO-US-08015,,10-00522D,202607105,1,,P:90-06831DR:02S:SIE262512671,PO-US-08015 shipped 073126 ASN 93248292 Qty 240 POUS08933 A8401 Q324 POUS08008 A8402 Q110 POUS08625 A8452 Q270 POUS08013 A8453 Q13 POUS09054 A8454 Q50 POUS08885 A93248457 Q10 POUS09166 A93248460 Q2400.xlsx,2026-07-31 17:45:36,2026-07-31 17:45:43,2026-07-31 17:45:43
P:10-00522DR:02S:SIE262404146,2026-07-30 17:00:00,SFOHOUT00052412,,93248292,PO-US-08015,,10-00522D,202607105,1,,P:90-06831DR:02S:SIE262512680,PO-US-08015 shipped 073126 ASN 93248292 Qty 240 POUS08933 A8401 Q324 POUS08008 A8402 Q110 POUS08625 A8452 Q270 POUS08013 A8453 Q13 POUS09054 A8454 Q50 POUS08885 A93248457 Q10 POUS09166 A93248460 Q2400.xlsx,2026-07-31 17:45:36,2026-07-31 17:45:43,2026-07-31 17:45:43
P:10-00522DR:02S:SIE262404157,2026-07-30 17:00:00,SFOHOUT00052412,,93248292,PO-US-08015,,10-00522D,202607105,1,,P:90-06831DR:02S:SIE262512714,PO-US-08015 shipped 073126 ASN 93248292 Qty 240 POUS08933 A8401 Q324 POUS08008 A8402 Q110 POUS08625 A8452 Q270 POUS08013 A8453 Q13 POUS09054 A8454 Q50 POUS08885 A93248457 Q10 POUS09166 A93248460 Q2400.xlsx,2026-07-31 17:45:36,2026-07-31 17:45:43,2026-07-31 17:45:43
P:10-00522DR:02S:SIE262404209,2026-07-30 17:00:00,SFOHOUT00052412,,93248292,PO-US-08015,,10-00522D,202607105,1,,P:90-06831DR:02S:SIE262512622,PO-US-08015 shipped 073126 ASN 93248292 Qty 240 POUS08933 A8401 Q324 POUS08008 A8402 Q110 POUS08625 A8452 Q270 POUS08013 A8453 Q13 POUS09054 A8454 Q50 POUS08885 A93248457 Q10 POUS09166 A93248460 Q2400.xlsx,2026-07-31 17:45:36,2026-07-31 17:45:43,2026-07-31 17:45:43
P:10-00522DR:02S:SIE262404217,2026-07-30 17:00:00,SFOHOUT00052412,,93248292,PO-US-08015,,10-00522D,202607105,1,,P:90-06831DR:02S:SIE262512680,PO-US-08015 shipped 073126 ASN 93248292 Qty 240 POUS08933 A8401 Q324 POUS08008 A8402 Q110 POUS08625 A8452 Q270 POUS08013 A8453 Q13 POUS09054 A8454 Q50 POUS08885 A93248457 Q10 POUS09166 A93248460 Q2400.xlsx,2026-07-31 17:45:36,2026-07-31 17:45:43,2026-07-31 17:45:43
P:10-00522DR:02S:SIE262404300,2026-07-30 17:00:00,SFOHOUT00052412,,93248292,PO-US-08015,,10-00522D,202607105,1,,P:90-06831DR:02S:SIE262512668,PO-US-08015 shipped 073126 ASN 93248292 Qty 240 POUS08933 A8401 Q324 POUS08008 A8402 Q110 POUS08625 A8452 Q270 POUS08013 A8453 Q13 POUS09054 A8454 Q50 POUS08885 A93248457 Q10 POUS09166 A93248460 Q2400.xlsx,2026-07-31 17:45:36,2026-07-31 17:45:43,2026-07-31 17:45:43
P:10-00522DR:02S:SIE262404304,2026-07-30 17:00:00,SFOHOUT00052412,,93248292,PO-US-08015,,10-00522D,202607105,1,,P:90-06831DR:02S:SIE262512668,PO-US-08015 shipped 073126 ASN 93248292 Qty 240 POUS08933 A8401 Q324 POUS08008 A8402 Q110 POUS08625 A8452 Q270 POUS08013 A8453 Q13 POUS09054 A8454 Q50 POUS08885 A93248457 Q10 POUS09166 A93248460 Q2400.xlsx,2026-07-31 17:45:36,2026-07-31 17:45:43,2026-07-31 17:45:43
P:10-00522DR:02S:SIE262404338,2026-07-30 17:00:00,SFOHOUT00052412,,93248292,PO-US-08015,,10-00522D,202607105,1,,P:90-06831DR:02S:SIE262512668,PO-US-08015 shipped 073126 ASN 93248292 Qty 240 POUS08933 A8401 Q324 POUS08008 A8402 Q110 POUS08625 A8452 Q270 POUS08013 A8453 Q13 POUS09054 A8454 Q50 POUS08885 A93248457 Q10 POUS09166 A93248460 Q2400.xlsx,2026-07-31 17:45:36,2026-07-31 17:45:43,2026-07-31 17:45:43
P:10-00522DR:02S:SIE262404341,2026-07-30 17:00:00,SFOHOUT00052412,,93248292,PO-US-08015,,10-00522D,202607105,1,,P:90-06831DR:02S:SIE262512668,PO-US-08015 shipped 073126 ASN 93248292 Qty 240 POUS08933 A8401 Q324 POUS08008 A8402 Q110 POUS08625 A8452 Q270 POUS08013 A8453 Q13 POUS09054 A8454 Q50 POUS08885 A93248457 Q10 POUS09166 A93248460 Q2400.xlsx,2026-07-31 17:45:36,2026-07-31 17:45:43,2026-07-31 17:45:43
P:10-00522DR:02S:SIE262404393,2026-08-06 17:00:00,SFOHOUT 00052757,,93248521,PO-US-08015,,10-00522D,202608077,1,,P:90-06831DR:02S:SIE262512707,PO-US-018014 shipped 080726 ASN 93248493 Qty 8 PO-US-09054 A93248518 Q9 PO-US-08885 A93248519 Q225 PO-US-08932 A93248520 Q75 PO-US-08015 A93248521 Q200 PO-US-09166 A93248523 Q1920.xlsx,2026-08-07 18:16:17,2026-08-07 18:16:23,2026-08-07 18:16:23
P:10-00522DR:02S:SIE262404402,2026-07-30 17:00:00,SFOHOUT00052412,,93248292,PO-US-08015,,10-00522D,202607105,1,,P:90-06831DR:02S:SIE262512644,PO-US-08015 shipped 073126 ASN 93248292 Qty 240 POUS08933 A8401 Q324 POUS08008 A8402 Q110 POUS08625 A8452 Q270 POUS08013 A8453 Q13 POUS09054 A8454 Q50 POUS08885 A93248457 Q10 POUS09166 A93248460 Q2400.xlsx,2026-07-31 17:45:36,2026-07-31 17:45:43,2026-07-31 17:45:43
P:10-00522DR:02S:SIE262404410,2026-07-30 17:00:00,SFOHOUT00052412,,93248292,PO-US-08015,,10-00522D,202607105,1,,P:90-06831DR:02S:SIE262512668,PO-US-08015 shipped 073126 ASN 93248292 Qty 240 POUS08933 A8401 Q324 POUS08008 A8402 Q110 POUS08625 A8452 Q270 POUS08013 A8453 Q13 POUS09054 A8454 Q50 POUS08885 A93248457 Q10 POUS09166 A93248460 Q2400.xlsx,2026-07-31 17:45:36,2026-07-31 17:45:43,2026-07-31 17:45:43
P:10-00522DR:02S:SIE262404414,2026-07-30 17:00:00,SFOHOUT00052412,,93248292,PO-US-08015,,10-00522D,202607105,1,,P:90-06831DR:02S:SIE262512675,PO-US-08015 shipped 073126 ASN 93248292 Qty 240 POUS08933 A8401 Q324 POUS08008 A8402 Q110 POUS08625 A8452 Q270 POUS08013 A8453 Q13 POUS09054 A8454 Q50 POUS08885 A93248457 Q10 POUS09166 A93248460 Q2400.xlsx,2026-07-31 17:45:36,2026-07-31 17:45:43,2026-07-31 17:45:43
P:10-00522DR:02S:SIE262404441,2026-07-30 17:00:00,SFOHOUT00052412,,93248292,PO-US-08015,,10-00522D,202607105,1,,P:90-06831DR:02S:SIE262512668,PO-US-08015 shipped 073126 ASN 93248292 Qty 240 POUS08933 A8401 Q324 POUS08008 A8402 Q110 POUS08625 A8452 Q270 POUS08013 A8453 Q13 POUS09054 A8454 Q50 POUS08885 A93248457 Q10 POUS09166 A93248460 Q2400.xlsx,2026-07-31 17:45:36,2026-07-31 17:45:43,2026-07-31 17:45:43
P:10-00522DR:02S:SIE262404442,2026-07-30 17:00:00,SFOHOUT00052412,,93248292,PO-US-08015,,10-00522D,202607105,1,,P:90-06831DR:02S:SIE262512668,PO-US-08015 shipped 073126 ASN 93248292 Qty 240 POUS08933 A8401 Q324 POUS08008 A8402 Q110 POUS08625 A8452 Q270 POUS08013 A8453 Q13 POUS09054 A8454 Q50 POUS08885 A93248457 Q10 POUS09166 A93248460 Q2400.xlsx,2026-07-31 17:45:36,2026-07-31 17:45:43,2026-07-31 17:45:43
P:10-00522DR:02S:SIE262404450,2026-07-30 17:00:00,SFOHOUT00052412,,93248292,PO-US-08015,,10-00522D,202607105,1,,P:90-06831DR:02S:SIE262512644,PO-US-08015 shipped 073126 ASN 93248292 Qty 240 POUS08933 A8401 Q324 POUS08008 A8402 Q110 POUS08625 A8452 Q270 POUS08013 A8453 Q13 POUS09054 A8454 Q50 POUS08885 A93248457 Q10 POUS09166 A93248460 Q2400.xlsx,2026-07-31 17:45:36,2026-07-31 17:45:43,2026-07-31 17:45:43
P:10-00522DR:02S:SIE262404458,2026-07-30 17:00:00,SFOHOUT00052412,,93248292,PO-US-08015,,10-00522D,202607105,1,,P:90-06831DR:02S:SIE262512622,PO-US-08015 shipped 073126 ASN 93248292 Qty 240 POUS08933 A8401 Q324 POUS08008 A8402 Q110 POUS08625 A8452 Q270 POUS08013 A8453 Q13 POUS09054 A8454 Q50 POUS08885 A93248457 Q10 POUS09166 A93248460 Q2400.xlsx,2026-07-31 17:45:36,2026-07-31 17:45:43,2026-07-31 17:45:43
P:10-00522DR:02S:SIE262404461,2026-07-30 17:00:00,SFOHOUT00052412,,93248292,PO-US-08015,,10-00522D,202607105,1,,P:90-06831DR:02S:SIE262512671,PO-US-08015 shipped 073126 ASN 93248292 Qty 240 POUS08933 A8401 Q324 POUS08008 A8402 Q110 POUS08625 A8452 Q270 POUS08013 A8453 Q13 POUS09054 A8454 Q50 POUS08885 A93248457 Q10 POUS09166 A93248460 Q2400.xlsx,2026-07-31 17:45:36,2026-07-31 17:45:43,2026-07-31 17:45:43
P:10-00522DR:02S:SIE262404482,2026-07-30 17:00:00,SFOHOUT00052412,,93248292,PO-US-08015,,10-00522D,202607105,1,,P:90-06831DR:02S:SIE262512671,PO-US-08015 shipped 073126 ASN 93248292 Qty 240 POUS08933 A8401 Q324 POUS08008 A8402 Q110 POUS08625 A8452 Q270 POUS08013 A8453 Q13 POUS09054 A8454 Q50 POUS08885 A93248457 Q10 POUS09166 A93248460 Q2400.xlsx,2026-07-31 17:45:36,2026-07-31 17:45:43,2026-07-31 17:45:43
P:10-00522DR:02S:SIE262404493,2026-07-30 17:00:00,SFOHOUT00052412,,93248292,PO-US-08015,,10-00522D,202607105,1,,P:90-06831DR:02S:SIE262512668,PO-US-08015 shipped 073126 ASN 93248292 Qty 240 POUS08933 A8401 Q324 POUS08008 A8402 Q110 POUS08625 A8452 Q270 POUS08013 A8453 Q13 POUS09054 A8454 Q50 POUS08885 A93248457 Q10 POUS09166 A93248460 Q2400.xlsx,2026-07-31 17:45:36,2026-07-31 17:45:43,2026-07-31 17:45:43
P:10-00522DR:02S:SIE262404495,2026-07-30 17:00:00,SFOHOUT00052412,,93248292,PO-US-08015,,10-00522D,202607105,1,,P:90-06831DR:02S:SIE262512668,PO-US-08015 shipped 073126 ASN 93248292 Qty 240 POUS08933 A8401 Q324 POUS08008 A8402 Q110 POUS08625 A8452 Q270 POUS08013 A8453 Q13 POUS09054 A8454 Q50 POUS08885 A93248457 Q10 POUS09166 A93248460 Q2400.xlsx,2026-07-31 17:45:36,2026-07-31 17:45:43,2026-07-31 17:45:43
P:10-00522DR:02S:SIE262404497,2026-07-30 17:00:00,SFOHOUT00052412,,93248292,PO-US-08015,,10-00522D,202607105,1,,P:90-06831DR:02S:SIE262512668,PO-US-08015 shipped 073126 ASN 93248292 Qty 240 POUS08933 A8401 Q324 POUS08008 A8402 Q110 POUS08625 A8452 Q270 POUS08013 A8453 Q13 POUS09054 A8454 Q50 POUS08885 A93248457 Q10 POUS09166 A93248460 Q2400.xlsx,2026-07-31 17:45:36,2026-07-31 17:45:43,2026-07-31 17:45:43
P:10-00522DR:02S:SIE262404511,2026-07-30 17:00:00,SFOHOUT00052412,,93248292,PO-US-08015,,10-00522D,202607105,1,,P:90-06831DR:02S:SIE262512622,PO-US-08015 shipped 073126 ASN 93248292 Qty 240 POUS08933 A8401 Q324 POUS08008 A8402 Q110 POUS08625 A8452 Q270 POUS08013 A8453 Q13 POUS09054 A8454 Q50 POUS08885 A93248457 Q10 POUS09166 A93248460 Q2400.xlsx,2026-07-31 17:45:36,2026-07-31 17:45:43,2026-07-31 17:45:43
P:10-00522DR:02S:SIE262404524,2026-07-30 17:00:00,SFOHOUT00052412,,93248292,PO-US-08015,,10-00522D,202607105,1,,P:90-06831DR:02S:SIE262512668,PO-US-08015 shipped 073126 ASN 93248292 Qty 240 POUS08933 A8401 Q324 POUS08008 A8402 Q110 POUS08625 A8452 Q270 POUS08013 A8453 Q13 POUS09054 A8454 Q50 POUS08885 A93248457 Q10 POUS09166 A93248460 Q2400.xlsx,2026-07-31 17:45:36,2026-07-31 17:45:43,2026-07-31 17:45:43
P:10-00522DR:02S:SIE262404530,2026-07-30 17:00:00,SFOHOUT00052412,,93248292,PO-US-08015,,10-00522D,202607105,1,,P:90-06831DR:02S:SIE262512671,PO-US-08015 shipped 073126 ASN 93248292 Qty 240 POUS08933 A8401 Q324 POUS08008 A8402 Q110 POUS08625 A8452 Q270 POUS08013 A8453 Q13 POUS09054 A8454 Q50 POUS08885 A93248457 Q10 POUS09166 A93248460 Q2400.xlsx,2026-07-31 17:45:36,2026-07-31 17:45:43,2026-07-31 17:45:43
P:10-00522DR:02S:SIE262404555,2026-07-30 17:00:00,SFOHOUT00052412,,93248292,PO-US-08015,,10-00522D,202607105,1,,P:90-06831DR:02S:SIE262512668,PO-US-08015 shipped 073126 ASN 93248292 Qty 240 POUS08933 A8401 Q324 POUS08008 A8402 Q110 POUS08625 A8452 Q270 POUS08013 A8453 Q13 POUS09054 A8454 Q50 POUS08885 A93248457 Q10 POUS09166 A93248460 Q2400.xlsx,2026-07-31 17:45:36,2026-07-31 17:45:43,2026-07-31 17:45:43
P:10-00522DR:02S:SIE262404588,2026-07-30 17:00:00,SFOHOUT00052412,,93248292,PO-US-08015,,10-00522D,202607105,1,,P:90-06831DR:02S:SIE262512622,PO-US-08015 shipped 073126 ASN 93248292 Qty 240 POUS08933 A8401 Q324 POUS08008 A8402 Q110 POUS08625 A8452 Q270 POUS08013 A8453 Q13 POUS09054 A8454 Q50 POUS08885 A93248457 Q10 POUS09166 A93248460 Q2400.xlsx,2026-07-31 17:45:36,2026-07-31 17:45:43,2026-07-31 17:45:43
P:10-00522DR:02S:SIE262404611,2026-07-30 17:00:00,SFOHOUT00052412,,93248292,PO-US-08015,,10-00522D,202607105,1,,P:90-06831DR:02S:SIE262512668,PO-US-08015 shipped 073126 ASN 93248292 Qty 240 POUS08933 A8401 Q324 POUS08008 A8402 Q110 POUS08625 A8452 Q270 POUS08013 A8453 Q13 POUS09054 A8454 Q50 POUS08885 A93248457 Q10 POUS09166 A93248460 Q2400.xlsx,2026-07-31 17:45:36,2026-07-31 17:45:43,2026-07-31 17:45:43
P:10-00522DR:02S:SIE262404618,2026-07-30 17:00:00,SFOHOUT00052412,,93248292,PO-US-08015,,10-00522D,202607105,1,,P:90-06831DR:02S:SIE262512668,PO-US-08015 shipped 073126 ASN 93248292 Qty 240 POUS08933 A8401 Q324 POUS08008 A8402 Q110 POUS08625 A8452 Q270 POUS08013 A8453 Q13 POUS09054 A8454 Q50 POUS08885 A93248457 Q10 POUS09166 A93248460 Q2400.xlsx,2026-07-31 17:45:36,2026-07-31 17:45:43,2026-07-31 17:45:43
P:10-00522DR:02S:SIE262404620,2026-07-30 17:00:00,SFOHOUT00052412,,93248292,PO-US-08015,,10-00522D,202607105,1,,P:90-06831DR:02S:SIE262512622,PO-US-08015 shipped 073126 ASN 93248292 Qty 240 POUS08933 A8401 Q324 POUS08008 A8402 Q110 POUS08625 A8452 Q270 POUS08013 A8453 Q13 POUS09054 A8454 Q50 POUS08885 A93248457 Q10 POUS09166 A93248460 Q2400.xlsx,2026-07-31 17:45:36,2026-07-31 17:45:43,2026-07-31 17:45:43
P:10-00522DR:02S:SIE262404663,2026-07-30 17:00:00,SFOHOUT00052412,,93248292,PO-US-08015,,10-00522D,202607105,1,,P:90-06831DR:02S:SIE262512622,PO-US-08015 shipped 073126 ASN 93248292 Qty 240 POUS08933 A8401 Q324 POUS08008 A8402 Q110 POUS08625 A8452 Q270 POUS08013 A8453 Q13 POUS09054 A8454 Q50 POUS08885 A93248457 Q10 POUS09166 A93248460 Q2400.xlsx,2026-07-31 17:45:36,2026-07-31 17:45:43,2026-07-31 17:45:43
P:10-00522DR:02S:SIE262404667,2026-07-30 17:00:00,SFOHOUT00052412,,93248292,PO-US-08015,,10-00522D,202607105,1,,P:90-06831DR:02S:SIE262512622,PO-US-08015 shipped 073126 ASN 93248292 Qty 240 POUS08933 A8401 Q324 POUS08008 A8402 Q110 POUS08625 A8452 Q270 POUS08013 A8453 Q13 POUS09054 A8454 Q50 POUS08885 A93248457 Q10 POUS09166 A93248460 Q2400.xlsx,2026-07-31 17:45:36,2026-07-31 17:45:43,2026-07-31 17:45:43
P:10-00522DR:02S:SIE262404672,2026-07-30 17:00:00,SFOHOUT00052412,,93248292,PO-US-08015,,10-00522D,202607105,1,,P:90-06831DR:02S:SIE262512682,PO-US-08015 shipped 073126 ASN 93248292 Qty 240 POUS08933 A8401 Q324 POUS08008 A8402 Q110 POUS08625 A8452 Q270 POUS08013 A8453 Q13 POUS09054 A8454 Q50 POUS08885 A93248457 Q10 POUS09166 A93248460 Q2400.xlsx,2026-07-31 17:45:36,2026-07-31 17:45:43,2026-07-31 17:45:43
P:10-00522DR:02S:SIE262404680,2026-07-30 17:00:00,SFOHOUT00052412,,93248292,PO-US-08015,,10-00522D,202607105,1,,P:90-06831DR:02S:SIE262512622,PO-US-08015 shipped 073126 ASN 93248292 Qty 240 POUS08933 A8401 Q324 POUS08008 A8402 Q110 POUS08625 A8452 Q270 POUS08013 A8453 Q13 POUS09054 A8454 Q50 POUS08885 A93248457 Q10 POUS09166 A93248460 Q2400.xlsx,2026-07-31 17:45:36,2026-07-31 17:45:43,2026-07-31 17:45:43
P:10-00522DR:02S:SIE262404686,2026-07-30 17:00:00,SFOHOUT00052412,,93248292,PO-US-08015,,10-00522D,202607105,1,,P:90-06831DR:02S:SIE262512622,PO-US-08015 shipped 073126 ASN 93248292 Qty 240 POUS08933 A8401 Q324 POUS08008 A8402 Q110 POUS08625 A8452 Q270 POUS08013 A8453 Q13 POUS09054 A8454 Q50 POUS08885 A93248457 Q10 POUS09166 A93248460 Q2400.xlsx,2026-07-31 17:45:36,2026-07-31 17:45:43,2026-07-31 17:45:43
P:10-00522DR:02S:SIE262404691,2026-07-30 17:00:00,SFOHOUT00052412,,93248292,PO-US-08015,,10-00522D,202607105,1,,P:90-06831DR:02S:SIE262512668,PO-US-08015 shipped 073126 ASN 93248292 Qty 240 POUS08933 A8401 Q324 POUS08008 A8402 Q110 POUS08625 A8452 Q270 POUS08013 A8453 Q13 POUS09054 A8454 Q50 POUS08885 A93248457 Q10 POUS09166 A93248460 Q2400.xlsx,2026-07-31 17:45:36,2026-07-31 17:45:43,2026-07-31 17:45:43
P:10-00522DR:02S:SIE262404703,2026-07-30 17:00:00,SFOHOUT00052412,,93248292,PO-US-08015,,10-00522D,202607105,1,,P:90-06831DR:02S:SIE262512622,PO-US-08015 shipped 073126 ASN 93248292 Qty 240 POUS08933 A8401 Q324 POUS08008 A8402 Q110 POUS08625 A8452 Q270 POUS08013 A8453 Q13 POUS09054 A8454 Q50 POUS08885 A93248457 Q10 POUS09166 A93248460 Q2400.xlsx,2026-07-31 17:45:36,2026-07-31 17:45:43,2026-07-31 17:45:43
P:10-00522DR:02S:SIE262404721,2026-07-30 17:00:00,SFOHOUT00052412,,93248292,PO-US-08015,,10-00522D,202607105,1,,P:90-06831DR:02S:SIE262512671,PO-US-08015 shipped 073126 ASN 93248292 Qty 240 POUS08933 A8401 Q324 POUS08008 A8402 Q110 POUS08625 A8452 Q270 POUS08013 A8453 Q13 POUS09054 A8454 Q50 POUS08885 A93248457 Q10 POUS09166 A93248460 Q2400.xlsx,2026-07-31 17:45:36,2026-07-31 17:45:43,2026-07-31 17:45:43
P:10-00522DR:02S:SIE262404739,2026-07-30 17:00:00,SFOHOUT00052412,,93248292,PO-US-08015,,10-00522D,202607105,1,,P:90-06831DR:02S:SIE262512668,PO-US-08015 shipped 073126 ASN 93248292 Qty 240 POUS08933 A8401 Q324 POUS08008 A8402 Q110 POUS08625 A8452 Q270 POUS08013 A8453 Q13 POUS09054 A8454 Q50 POUS08885 A93248457 Q10 POUS09166 A93248460 Q2400.xlsx,2026-07-31 17:45:36,2026-07-31 17:45:43,2026-07-31 17:45:43
P:10-00522DR:02S:SIE262404742,2026-08-06 17:00:00,SFOHOUT 00052757,,93248521,PO-US-08015,,10-00522D,202608077,1,,P:90-06831DR:02S:SIE262512715,PO-US-018014 shipped 080726 ASN 93248493 Qty 8 PO-US-09054 A93248518 Q9 PO-US-08885 A93248519 Q225 PO-US-08932 A93248520 Q75 PO-US-08015 A93248521 Q200 PO-US-09166 A93248523 Q1920.xlsx,2026-08-07 18:16:17,2026-08-07 18:16:23,2026-08-07 18:16:23
P:10-00522DR:02S:SIE262404761,2026-07-30 17:00:00,SFOHOUT00052412,,93248292,PO-US-08015,,10-00522D,202607105,1,,P:90-06831DR:02S:SIE262512674,PO-US-08015 shipped 073126 ASN 93248292 Qty 240 POUS08933 A8401 Q324 POUS08008 A8402 Q110 POUS08625 A8452 Q270 POUS08013 A8453 Q13 POUS09054 A8454 Q50 POUS08885 A93248457 Q10 POUS09166 A93248460 Q2400.xlsx,2026-07-31 17:45:36,2026-07-31 17:45:43,2026-07-31 17:45:43
P:10-00522DR:02S:SIE262404782,2026-07-30 17:00:00,SFOHOUT00052412,,93248292,PO-US-08015,,10-00522D,202607105,1,,P:90-06831DR:02S:SIE262512682,PO-US-08015 shipped 073126 ASN 93248292 Qty 240 POUS08933 A8401 Q324 POUS08008 A8402 Q110 POUS08625 A8452 Q270 POUS08013 A8453 Q13 POUS09054 A8454 Q50 POUS08885 A93248457 Q10 POUS09166 A93248460 Q2400.xlsx,2026-07-31 17:45:36,2026-07-31 17:45:43,2026-07-31 17:45:43
P:10-00522DR:02S:SIE262404818,2026-07-30 17:00:00,SFOHOUT00052412,,93248292,PO-US-08015,,10-00522D,202607105,1,,P:90-06831DR:02S:SIE262512668,PO-US-08015 shipped 073126 ASN 93248292 Qty 240 POUS08933 A8401 Q324 POUS08008 A8402 Q110 POUS08625 A8452 Q270 POUS08013 A8453 Q13 POUS09054 A8454 Q50 POUS08885 A93248457 Q10 POUS09166 A93248460 Q2400.xlsx,2026-07-31 17:45:36,2026-07-31 17:45:43,2026-07-31 17:45:43
P:10-00522DR:02S:SIE262404823,2026-07-30 17:00:00,SFOHOUT00052412,,93248292,PO-US-08015,,10-00522D,202607105,1,,P:90-06831DR:02S:SIE262512668,PO-US-08015 shipped 073126 ASN 93248292 Qty 240 POUS08933 A8401 Q324 POUS08008 A8402 Q110 POUS08625 A8452 Q270 POUS08013 A8453 Q13 POUS09054 A8454 Q50 POUS08885 A93248457 Q10 POUS09166 A93248460 Q2400.xlsx,2026-07-31 17:45:36,2026-07-31 17:45:43,2026-07-31 17:45:43
P:10-00522DR:02S:SIE262404847,2026-07-30 17:00:00,SFOHOUT00052412,,93248292,PO-US-08015,,10-00522D,202607105,1,,P:90-06831DR:02S:SIE262512622,PO-US-08015 shipped 073126 ASN 93248292 Qty 240 POUS08933 A8401 Q324 POUS08008 A8402 Q110 POUS08625 A8452 Q270 POUS08013 A8453 Q13 POUS09054 A8454 Q50 POUS08885 A93248457 Q10 POUS09166 A93248460 Q2400.xlsx,2026-07-31 17:45:36,2026-07-31 17:45:43,2026-07-31 17:45:43
P:10-00522DR:02S:SIE262404850,2026-07-30 17:00:00,SFOHOUT00052412,,93248292,PO-US-08015,,10-00522D,202607105,1,,P:90-06831DR:02S:SIE262512682,PO-US-08015 shipped 073126 ASN 93248292 Qty 240 POUS08933 A8401 Q324 POUS08008 A8402 Q110 POUS08625 A8452 Q270 POUS08013 A8453 Q13 POUS09054 A8454 Q50 POUS08885 A93248457 Q10 POUS09166 A93248460 Q2400.xlsx,2026-07-31 17:45:36,2026-07-31 17:45:43,2026-07-31 17:45:43
P:10-00522DR:02S:SIE262404855,2026-07-30 17:00:00,SFOHOUT00052412,,93248292,PO-US-08015,,10-00522D,202607105,1,,P:90-06831DR:02S:SIE262512622,PO-US-08015 shipped 073126 ASN 93248292 Qty 240 POUS08933 A8401 Q324 POUS08008 A8402 Q110 POUS08625 A8452 Q270 POUS08013 A8453 Q13 POUS09054 A8454 Q50 POUS08885 A93248457 Q10 POUS09166 A93248460 Q2400.xlsx,2026-07-31 17:45:36,2026-07-31 17:45:43,2026-07-31 17:45:43
P:10-00522DR:02S:SIE262404857,2026-07-30 17:00:00,SFOHOUT00052412,,93248292,PO-US-08015,,10-00522D,202607105,1,,P:90-06831DR:02S:SIE262512668,PO-US-08015 shipped 073126 ASN 93248292 Qty 240 POUS08933 A8401 Q324 POUS08008 A8402 Q110 POUS08625 A8452 Q270 POUS08013 A8453 Q13 POUS09054 A8454 Q50 POUS08885 A93248457 Q10 POUS09166 A93248460 Q2400.xlsx,2026-07-31 17:45:36,2026-07-31 17:45:43,2026-07-31 17:45:43
P:10-00522DR:02S:SIE262404862,2026-07-30 17:00:00,SFOHOUT00052412,,93248292,PO-US-08015,,10-00522D,202607105,1,,P:90-06831DR:02S:SIE262512622,PO-US-08015 shipped 073126 ASN 93248292 Qty 240 POUS08933 A8401 Q324 POUS08008 A8402 Q110 POUS08625 A8452 Q270 POUS08013 A8453 Q13 POUS09054 A8454 Q50 POUS08885 A93248457 Q10 POUS09166 A93248460 Q2400.xlsx,2026-07-31 17:45:36,2026-07-31 17:45:43,2026-07-31 17:45:43
P:10-00522DR:02S:SIE262404870,2026-07-30 17:00:00,SFOHOUT00052412,,93248292,PO-US-08015,,10-00522D,202607105,1,,P:90-06831DR:02S:SIE262512668,PO-US-08015 shipped 073126 ASN 93248292 Qty 240 POUS08933 A8401 Q324 POUS08008 A8402 Q110 POUS08625 A8452 Q270 POUS08013 A8453 Q13 POUS09054 A8454 Q50 POUS08885 A93248457 Q10 POUS09166 A93248460 Q2400.xlsx,2026-07-31 17:45:36,2026-07-31 17:45:43,2026-07-31 17:45:43
P:10-00522DR:02S:SIE262508562,2026-07-30 17:00:00,SFOHOUT00052412,,93248292,PO-US-08015,,10-00522D,202607105,1,,P:90-06831DR:02S:SIE262512644,PO-US-08015 shipped 073126 ASN 93248292 Qty 240 POUS08933 A8401 Q324 POUS08008 A8402 Q110 POUS08625 A8452 Q270 POUS08013 A8453 Q13 POUS09054 A8454 Q50 POUS08885 A93248457 Q10 POUS09166 A93248460 Q2400.xlsx,2026-07-31 17:45:36,2026-07-31 17:45:43,2026-07-31 17:45:43
P:10-00522DR:02S:SIE262508565,2026-07-30 17:00:00,SFOHOUT00052412,,93248292,PO-US-08015,,10-00522D,202607105,1,,P:90-06831DR:02S:SIE262512674,PO-US-08015 shipped 073126 ASN 93248292 Qty 240 POUS08933 A8401 Q324 POUS08008 A8402 Q110 POUS08625 A8452 Q270 POUS08013 A8453 Q13 POUS09054 A8454 Q50 POUS08885 A93248457 Q10 POUS09166 A93248460 Q2400.xlsx,2026-07-31 17:45:36,2026-07-31 17:45:43,2026-07-31 17:45:43
P:10-00522DR:02S:SIE262508602,2026-07-30 17:00:00,SFOHOUT00052412,,93248292,PO-US-08015,,10-00522D,202607105,1,,P:90-06831DR:02S:SIE262512671,PO-US-08015 shipped 073126 ASN 93248292 Qty 240 POUS08933 A8401 Q324 POUS08008 A8402 Q110 POUS08625 A8452 Q270 POUS08013 A8453 Q13 POUS09054 A8454 Q50 POUS08885 A93248457 Q10 POUS09166 A93248460 Q2400.xlsx,2026-07-31 17:45:36,2026-07-31 17:45:43,2026-07-31 17:45:43
P:10-00522DR:02S:SIE262508613,2026-07-30 17:00:00,SFOHOUT00052412,,93248292,PO-US-08015,,10-00522D,202607105,1,,P:90-06831DR:02S:SIE262512681,PO-US-08015 shipped 073126 ASN 93248292 Qty 240 POUS08933 A8401 Q324 POUS08008 A8402 Q110 POUS08625 A8452 Q270 POUS08013 A8453 Q13 POUS09054 A8454 Q50 POUS08885 A93248457 Q10 POUS09166 A93248460 Q2400.xlsx,2026-07-31 17:45:36,2026-07-31 17:45:43,2026-07-31 17:45:43
P:10-00522DR:02S:SIE262508614,2026-07-30 17:00:00,SFOHOUT00052412,,93248292,PO-US-08015,,10-00522D,202607105,1,,P:90-06831DR:02S:SIE262512622,PO-US-08015 shipped 073126 ASN 93248292 Qty 240 POUS08933 A8401 Q324 POUS08008 A8402 Q110 POUS08625 A8452 Q270 POUS08013 A8453 Q13 POUS09054 A8454 Q50 POUS08885 A93248457 Q10 POUS09166 A93248460 Q2400.xlsx,2026-07-31 17:45:36,2026-07-31 17:45:43,2026-07-31 17:45:43
P:10-00522DR:02S:SIE262508616,2026-07-30 17:00:00,SFOHOUT00052412,,93248292,PO-US-08015,,10-00522D,202607105,1,,P:90-06831DR:02S:SIE262512674,PO-US-08015 shipped 073126 ASN 93248292 Qty 240 POUS08933 A8401 Q324 POUS08008 A8402 Q110 POUS08625 A8452 Q270 POUS08013 A8453 Q13 POUS09054 A8454 Q50 POUS08885 A93248457 Q10 POUS09166 A93248460 Q2400.xlsx,2026-07-31 17:45:36,2026-07-31 17:45:43,2026-07-31 17:45:43
P:10-00522DR:02S:SIE262508621,2026-07-30 17:00:00,SFOHOUT00052412,,93248292,PO-US-08015,,10-00522D,202607105,1,,P:90-06831DR:02S:SIE262512682,PO-US-08015 shipped 073126 ASN 93248292 Qty 240 POUS08933 A8401 Q324 POUS08008 A8402 Q110 POUS08625 A8452 Q270 POUS08013 A8453 Q13 POUS09054 A8454 Q50 POUS08885 A93248457 Q10 POUS09166 A93248460 Q2400.xlsx,2026-07-31 17:45:36,2026-07-31 17:45:43,2026-07-31 17:45:43
P:10-00522DR:02S:SIE262508628,2026-07-30 17:00:00,SFOHOUT00052412,,93248292,PO-US-08015,,10-00522D,202607105,1,,P:90-06831DR:02S:SIE262512671,PO-US-08015 shipped 073126 ASN 93248292 Qty 240 POUS08933 A8401 Q324 POUS08008 A8402 Q110 POUS08625 A8452 Q270 POUS08013 A8453 Q13 POUS09054 A8454 Q50 POUS08885 A93248457 Q10 POUS09166 A93248460 Q2400.xlsx,2026-07-31 17:45:36,2026-07-31 17:45:43,2026-07-31 17:45:43
P:10-00522DR:02S:SIE262508649,2026-07-30 17:00:00,SFOHOUT00052412,,93248292,PO-US-08015,,10-00522D,202607105,1,,P:90-06831DR:02S:SIE262512671,PO-US-08015 shipped 073126 ASN 93248292 Qty 240 POUS08933 A8401 Q324 POUS08008 A8402 Q110 POUS08625 A8452 Q270 POUS08013 A8453 Q13 POUS09054 A8454 Q50 POUS08885 A93248457 Q10 POUS09166 A93248460 Q2400.xlsx,2026-07-31 17:45:36,2026-07-31 17:45:43,2026-07-31 17:45:43
P:10-00522DR:02S:SIE262508652,2026-07-30 17:00:00,SFOHOUT00052412,,93248292,PO-US-08015,,10-00522D,202607105,1,,P:90-06831DR:02S:SIE262512674,PO-US-08015 shipped 073126 ASN 93248292 Qty 240 POUS08933 A8401 Q324 POUS08008 A8402 Q110 POUS08625 A8452 Q270 POUS08013 A8453 Q13 POUS09054 A8454 Q50 POUS08885 A93248457 Q10 POUS09166 A93248460 Q2400.xlsx,2026-07-31 17:45:36,2026-07-31 17:45:43,2026-07-31 17:45:43
P:10-00522DR:02S:SIE262508653,2026-07-30 17:00:00,SFOHOUT00052412,,93248292,PO-US-08015,,10-00522D,202607105,1,,P:90-06831DR:02S:SIE262512677,PO-US-08015 shipped 073126 ASN 93248292 Qty 240 POUS08933 A8401 Q324 POUS08008 A8402 Q110 POUS08625 A8452 Q270 POUS08013 A8453 Q13 POUS09054 A8454 Q50 POUS08885 A93248457 Q10 POUS09166 A93248460 Q2400.xlsx,2026-07-31 17:45:36,2026-07-31 17:45:43,2026-07-31 17:45:43
P:10-00522DR:02S:SIE262508661,2026-07-30 17:00:00,SFOHOUT00052412,,93248292,PO-US-08015,,10-00522D,202607105,1,,P:90-06831DR:02S:SIE262512671,PO-US-08015 shipped 073126 ASN 93248292 Qty 240 POUS08933 A8401 Q324 POUS08008 A8402 Q110 POUS08625 A8452 Q270 POUS08013 A8453 Q13 POUS09054 A8454 Q50 POUS08885 A93248457 Q10 POUS09166 A93248460 Q2400.xlsx,2026-07-31 17:45:36,2026-07-31 17:45:43,2026-07-31 17:45:43
P:10-00522DR:02S:SIE262508674,2026-07-30 17:00:00,SFOHOUT00052412,,93248292,PO-US-08015,,10-00522D,202607105,1,,P:90-06831DR:02S:SIE262512677,PO-US-08015 shipped 073126 ASN 93248292 Qty 240 POUS08933 A8401 Q324 POUS08008 A8402 Q110 POUS08625 A8452 Q270 POUS08013 A8453 Q13 POUS09054 A8454 Q50 POUS08885 A93248457 Q10 POUS09166 A93248460 Q2400.xlsx,2026-07-31 17:45:36,2026-07-31 17:45:43,2026-07-31 17:45:43
P:10-00522DR:02S:SIE262508688,2026-07-30 17:00:00,SFOHOUT00052412,,93248292,PO-US-08015,,10-00522D,202607105,1,,P:90-06831DR:02S:SIE262512674,PO-US-08015 shipped 073126 ASN 93248292 Qty 240 POUS08933 A8401 Q324 POUS08008 A8402 Q110 POUS08625 A8452 Q270 POUS08013 A8453 Q13 POUS09054 A8454 Q50 POUS08885 A93248457 Q10 POUS09166 A93248460 Q2400.xlsx,2026-07-31 17:45:36,2026-07-31 17:45:43,2026-07-31 17:45:43
P:10-00522DR:02S:SIE262508739,2026-07-30 17:00:00,SFOHOUT00052412,,93248292,PO-US-08015,,10-00522D,202607105,1,,P:90-06831DR:02S:SIE262512674,PO-US-08015 shipped 073126 ASN 93248292 Qty 240 POUS08933 A8401 Q324 POUS08008 A8402 Q110 POUS08625 A8452 Q270 POUS08013 A8453 Q13 POUS09054 A8454 Q50 POUS08885 A93248457 Q10 POUS09166 A93248460 Q2400.xlsx,2026-07-31 17:45:36,2026-07-31 17:45:43,2026-07-31 17:45:43
P:10-00522DR:02S:SIE262508741,2026-07-30 17:00:00,SFOHOUT00052412,,93248292,PO-US-08015,,10-00522D,202607105,1,,P:90-06831DR:02S:SIE262512622,PO-US-08015 shipped 073126 ASN 93248292 Qty 240 POUS08933 A8401 Q324 POUS08008 A8402 Q110 POUS08625 A8452 Q270 POUS08013 A8453 Q13 POUS09054 A8454 Q50 POUS08885 A93248457 Q10 POUS09166 A93248460 Q2400.xlsx,2026-07-31 17:45:36,2026-07-31 17:45:43,2026-07-31 17:45:43
P:10-00522DR:02S:SIE262508746,2026-07-30 17:00:00,SFOHOUT00052412,,93248292,PO-US-08015,,10-00522D,202607105,1,,P:90-06831DR:02S:SIE262512675,PO-US-08015 shipped 073126 ASN 93248292 Qty 240 POUS08933 A8401 Q324 POUS08008 A8402 Q110 POUS08625 A8452 Q270 POUS08013 A8453 Q13 POUS09054 A8454 Q50 POUS08885 A93248457 Q10 POUS09166 A93248460 Q2400.xlsx,2026-07-31 17:45:36,2026-07-31 17:45:43,2026-07-31 17:45:43
P:10-00522DR:02S:SIE262508757,2026-07-30 17:00:00,SFOHOUT00052412,,93248292,PO-US-08015,,10-00522D,202607105,1,,P:90-06831DR:02S:SIE262512674,PO-US-08015 shipped 073126 ASN 93248292 Qty 240 POUS08933 A8401 Q324 POUS08008 A8402 Q110 POUS08625 A8452 Q270 POUS08013 A8453 Q13 POUS09054 A8454 Q50 POUS08885 A93248457 Q10 POUS09166 A93248460 Q2400.xlsx,2026-07-31 17:45:36,2026-07-31 17:45:43,2026-07-31 17:45:43
P:10-00522DR:02S:SIE262508790,2026-07-30 17:00:00,SFOHOUT00052412,,93248292,PO-US-08015,,10-00522D,202607105,1,,P:90-06831DR:02S:SIE262512622,PO-US-08015 shipped 073126 ASN 93248292 Qty 240 POUS08933 A8401 Q324 POUS08008 A8402 Q110 POUS08625 A8452 Q270 POUS08013 A8453 Q13 POUS09054 A8454 Q50 POUS08885 A93248457 Q10 POUS09166 A93248460 Q2400.xlsx,2026-07-31 17:45:36,2026-07-31 17:45:43,2026-07-31 17:45:43
P:10-00522DR:02S:SIE262508823,2026-07-30 17:00:00,SFOHOUT00052412,,93248292,PO-US-08015,,10-00522D,202607105,1,,P:90-06831DR:02S:SIE262512677,PO-US-08015 shipped 073126 ASN 93248292 Qty 240 POUS08933 A8401 Q324 POUS08008 A8402 Q110 POUS08625 A8452 Q270 POUS08013 A8453 Q13 POUS09054 A8454 Q50 POUS08885 A93248457 Q10 POUS09166 A93248460 Q2400.xlsx,2026-07-31 17:45:36,2026-07-31 17:45:43,2026-07-31 17:45:43
P:10-00522DR:02S:SIE262508826,2026-07-30 17:00:00,SFOHOUT00052412,,93248292,PO-US-08015,,10-00522D,202607105,1,,P:90-06831DR:02S:SIE262512671,PO-US-08015 shipped 073126 ASN 93248292 Qty 240 POUS08933 A8401 Q324 POUS08008 A8402 Q110 POUS08625 A8452 Q270 POUS08013 A8453 Q13 POUS09054 A8454 Q50 POUS08885 A93248457 Q10 POUS09166 A93248460 Q2400.xlsx,2026-07-31 17:45:36,2026-07-31 17:45:43,2026-07-31 17:45:43
P:10-00522DR:02S:SIE262508830,2026-07-30 17:00:00,SFOHOUT00052412,,93248292,PO-US-08015,,10-00522D,202607105,1,,P:90-06831DR:02S:SIE262512675,PO-US-08015 shipped 073126 ASN 93248292 Qty 240 POUS08933 A8401 Q324 POUS08008 A8402 Q110 POUS08625 A8452 Q270 POUS08013 A8453 Q13 POUS09054 A8454 Q50 POUS08885 A93248457 Q10 POUS09166 A93248460 Q2400.xlsx,2026-07-31 17:45:36,2026-07-31 17:45:43,2026-07-31 17:45:43
P:10-00522DR:02S:SIE262508838,2026-08-06 17:00:00,SFOHOUT 00052757,,93248521,PO-US-08015,,10-00522D,202608077,1,,P:90-06831DR:02S:SIE262512710,PO-US-018014 shipped 080726 ASN 93248493 Qty 8 PO-US-09054 A93248518 Q9 PO-US-08885 A93248519 Q225 PO-US-08932 A93248520 Q75 PO-US-08015 A93248521 Q200 PO-US-09166 A93248523 Q1920.xlsx,2026-08-07 18:16:17,2026-08-07 18:16:23,2026-08-07 18:16:23
P:10-00522DR:02S:SIE262508840,2026-08-06 17:00:00,SFOHOUT 00052757,,93248521,PO-US-08015,,10-00522D,202608077,1,,P:90-06831DR:02S:SIE262512711,PO-US-018014 shipped 080726 ASN 93248493 Qty 8 PO-US-09054 A93248518 Q9 PO-US-08885 A93248519 Q225 PO-US-08932 A93248520 Q75 PO-US-08015 A93248521 Q200 PO-US-09166 A93248523 Q1920.xlsx,2026-08-07 18:16:17,2026-08-07 18:16:23,2026-08-07 18:16:23
P:10-00522DR:02S:SIE262508846,2026-07-30 17:00:00,SFOHOUT00052412,,93248292,PO-US-08015,,10-00522D,202607105,1,,P:90-06831DR:02S:SIE262512672,PO-US-08015 shipped 073126 ASN 93248292 Qty 240 POUS08933 A8401 Q324 POUS08008 A8402 Q110 POUS08625 A8452 Q270 POUS08013 A8453 Q13 POUS09054 A8454 Q50 POUS08885 A93248457 Q10 POUS09166 A93248460 Q2400.xlsx,2026-07-31 17:45:36,2026-07-31 17:45:43,2026-07-31 17:45:43
P:10-00522DR:02S:SIE262508862,2026-07-30 17:00:00,SFOHOUT00052412,,93248292,PO-US-08015,,10-00522D,202607105,1,,P:90-06831DR:02S:SIE262512644,PO-US-08015 shipped 073126 ASN 93248292 Qty 240 POUS08933 A8401 Q324 POUS08008 A8402 Q110 POUS08625 A8452 Q270 POUS08013 A8453 Q13 POUS09054 A8454 Q50 POUS08885 A93248457 Q10 POUS09166 A93248460 Q2400.xlsx,2026-07-31 17:45:36,2026-07-31 17:45:43,2026-07-31 17:45:43
P:10-00522DR:02S:SIE262508863,2026-07-30 17:00:00,SFOHOUT00052412,,93248292,PO-US-08015,,10-00522D,202607105,1,,P:90-06831DR:02S:SIE262512672,PO-US-08015 shipped 073126 ASN 93248292 Qty 240 POUS08933 A8401 Q324 POUS08008 A8402 Q110 POUS08625 A8452 Q270 POUS08013 A8453 Q13 POUS09054 A8454 Q50 POUS08885 A93248457 Q10 POUS09166 A93248460 Q2400.xlsx,2026-07-31 17:45:36,2026-07-31 17:45:43,2026-07-31 17:45:43
P:10-00522DR:02S:SIE262508877,2026-07-30 17:00:00,SFOHOUT00052412,,93248292,PO-US-08015,,10-00522D,202607105,1,,P:90-06831DR:02S:SIE262512672,PO-US-08015 shipped 073126 ASN 93248292 Qty 240 POUS08933 A8401 Q324 POUS08008 A8402 Q110 POUS08625 A8452 Q270 POUS08013 A8453 Q13 POUS09054 A8454 Q50 POUS08885 A93248457 Q10 POUS09166 A93248460 Q2400.xlsx,2026-07-31 17:45:36,2026-07-31 17:45:43,2026-07-31 17:45:43
P:10-00522DR:02S:SIE262508880,2026-07-30 17:00:00,SFOHOUT00052412,,93248292,PO-US-08015,,10-00522D,202607105,1,,P:90-06831DR:02S:SIE262512672,PO-US-08015 shipped 073126 ASN 93248292 Qty 240 POUS08933 A8401 Q324 POUS08008 A8402 Q110 POUS08625 A8452 Q270 POUS08013 A8453 Q13 POUS09054 A8454 Q50 POUS08885 A93248457 Q10 POUS09166 A93248460 Q2400.xlsx,2026-07-31 17:45:36,2026-07-31 17:45:43,2026-07-31 17:45:43
P:10-00522DR:02S:SIE262508881,2026-08-06 17:00:00,SFOHOUT 00052757,,93248521,PO-US-08015,,10-00522D,202608077,1,,P:90-06831DR:02S:SIE262512717,PO-US-018014 shipped 080726 ASN 93248493 Qty 8 PO-US-09054 A93248518 Q9 PO-US-08885 A93248519 Q225 PO-US-08932 A93248520 Q75 PO-US-08015 A93248521 Q200 PO-US-09166 A93248523 Q1920.xlsx,2026-08-07 18:16:17,2026-08-07 18:16:23,2026-08-07 18:16:23
P:10-00522DR:02S:SIE262508884,2026-08-06 17:00:00,SFOHOUT 00052757,,93248521,PO-US-08015,,10-00522D,202608077,1,,P:90-06831DR:02S:SIE262512716,PO-US-018014 shipped 080726 ASN 93248493 Qty 8 PO-US-09054 A93248518 Q9 PO-US-08885 A93248519 Q225 PO-US-08932 A93248520 Q75 PO-US-08015 A93248521 Q200 PO-US-09166 A93248523 Q1920.xlsx,2026-08-07 18:16:17,2026-08-07 18:16:23,2026-08-07 18:16:23
P:10-00522DR:02S:SIE262508893,2026-07-30 17:00:00,SFOHOUT00052412,,93248292,PO-US-08015,,10-00522D,202607105,1,,P:90-06831DR:02S:SIE262512674,PO-US-08015 shipped 073126 ASN 93248292 Qty 240 POUS08933 A8401 Q324 POUS08008 A8402 Q110 POUS08625 A8452 Q270 POUS08013 A8453 Q13 POUS09054 A8454 Q50 POUS08885 A93248457 Q10 POUS09166 A93248460 Q2400.xlsx,2026-07-31 17:45:36,2026-07-31 17:45:43,2026-07-31 17:45:43
P:10-00522DR:02S:SIE262508901,2026-07-30 17:00:00,SFOHOUT00052412,,93248292,PO-US-08015,,10-00522D,202607105,1,,P:90-06831DR:02S:SIE262512671,PO-US-08015 shipped 073126 ASN 93248292 Qty 240 POUS08933 A8401 Q324 POUS08008 A8402 Q110 POUS08625 A8452 Q270 POUS08013 A8453 Q13 POUS09054 A8454 Q50 POUS08885 A93248457 Q10 POUS09166 A93248460 Q2400.xlsx,2026-07-31 17:45:36,2026-07-31 17:45:43,2026-07-31 17:45:43
P:10-00522DR:02S:SIE262508912,2026-07-30 17:00:00,SFOHOUT00052412,,93248292,PO-US-08015,,10-00522D,202607105,1,,P:90-06831DR:02S:SIE262512644,PO-US-08015 shipped 073126 ASN 93248292 Qty 240 POUS08933 A8401 Q324 POUS08008 A8402 Q110 POUS08625 A8452 Q270 POUS08013 A8453 Q13 POUS09054 A8454 Q50 POUS08885 A93248457 Q10 POUS09166 A93248460 Q2400.xlsx,2026-07-31 17:45:36,2026-07-31 17:45:43,2026-07-31 17:45:43
P:10-00522DR:02S:SIE262508919,2026-07-30 17:00:00,SFOHOUT00052412,,93248292,PO-US-08015,,10-00522D,202607105,1,,P:90-06831DR:02S:SIE262512674,PO-US-08015 shipped 073126 ASN 93248292 Qty 240 POUS08933 A8401 Q324 POUS08008 A8402 Q110 POUS08625 A8452 Q270 POUS08013 A8453 Q13 POUS09054 A8454 Q50 POUS08885 A93248457 Q10 POUS09166 A93248460 Q2400.xlsx,2026-07-31 17:45:36,2026-07-31 17:45:43,2026-07-31 17:45:43
P:10-00522DR:02S:SIE262508920,2026-07-30 17:00:00,SFOHOUT00052412,,93248292,PO-US-08015,,10-00522D,202607105,1,,P:90-06831DR:02S:SIE262512644,PO-US-08015 shipped 073126 ASN 93248292 Qty 240 POUS08933 A8401 Q324 POUS08008 A8402 Q110 POUS08625 A8452 Q270 POUS08013 A8453 Q13 POUS09054 A8454 Q50 POUS08885 A93248457 Q10 POUS09166 A93248460 Q2400.xlsx,2026-07-31 17:45:36,2026-07-31 17:45:43,2026-07-31 17:45:43
P:10-00522DR:02S:SIE262508933,2026-07-30 17:00:00,SFOHOUT00052412,,93248292,PO-US-08015,,10-00522D,202607105,1,,P:90-06831DR:02S:SIE262512671,PO-US-08015 shipped 073126 ASN 93248292 Qty 240 POUS08933 A8401 Q324 POUS08008 A8402 Q110 POUS08625 A8452 Q270 POUS08013 A8453 Q13 POUS09054 A8454 Q50 POUS08885 A93248457 Q10 POUS09166 A93248460 Q2400.xlsx,2026-07-31 17:45:36,2026-07-31 17:45:43,2026-07-31 17:45:43
P:10-00522DR:02S:SIE262508941,2026-07-30 17:00:00,SFOHOUT00052412,,93248292,PO-US-08015,,10-00522D,202607105,1,,P:90-06831DR:02S:SIE262512672,PO-US-08015 shipped 073126 ASN 93248292 Qty 240 POUS08933 A8401 Q324 POUS08008 A8402 Q110 POUS08625 A8452 Q270 POUS08013 A8453 Q13 POUS09054 A8454 Q50 POUS08885 A93248457 Q10 POUS09166 A93248460 Q2400.xlsx,2026-07-31 17:45:36,2026-07-31 17:45:43,2026-07-31 17:45:43
P:10-00522DR:02S:SIE262508948,2026-07-30 17:00:00,SFOHOUT00052412,,93248292,PO-US-08015,,10-00522D,202607105,1,,P:90-06831DR:02S:SIE262512671,PO-US-08015 shipped 073126 ASN 93248292 Qty 240 POUS08933 A8401 Q324 POUS08008 A8402 Q110 POUS08625 A8452 Q270 POUS08013 A8453 Q13 POUS09054 A8454 Q50 POUS08885 A93248457 Q10 POUS09166 A93248460 Q2400.xlsx,2026-07-31 17:45:36,2026-07-31 17:45:43,2026-07-31 17:45:43
P:10-00522DR:02S:SIE262508963,2026-07-30 17:00:00,SFOHOUT00052412,,93248292,PO-US-08015,,10-00522D,202607105,1,,P:90-06831DR:02S:SIE262512671,PO-US-08015 shipped 073126 ASN 93248292 Qty 240 POUS08933 A8401 Q324 POUS08008 A8402 Q110 POUS08625 A8452 Q270 POUS08013 A8453 Q13 POUS09054 A8454 Q50 POUS08885 A93248457 Q10 POUS09166 A93248460 Q2400.xlsx,2026-07-31 17:45:36,2026-07-31 17:45:43,2026-07-31 17:45:43
P:10-00522DR:02S:SIE262508969,2026-07-30 17:00:00,SFOHOUT00052412,,93248292,PO-US-08015,,10-00522D,202607105,1,,P:90-06831DR:02S:SIE262512671,PO-US-08015 shipped 073126 ASN 93248292 Qty 240 POUS08933 A8401 Q324 POUS08008 A8402 Q110 POUS08625 A8452 Q270 POUS08013 A8453 Q13 POUS09054 A8454 Q50 POUS08885 A93248457 Q10 POUS09166 A93248460 Q2400.xlsx,2026-07-31 17:45:36,2026-07-31 17:45:43,2026-07-31 17:45:43
P:10-00522DR:02S:SIE262509018,2026-07-30 17:00:00,SFOHOUT00052412,,93248292,PO-US-08015,,10-00522D,202607105,1,,P:90-06831DR:02S:SIE262512677,PO-US-08015 shipped 073126 ASN 93248292 Qty 240 POUS08933 A8401 Q324 POUS08008 A8402 Q110 POUS08625 A8452 Q270 POUS08013 A8453 Q13 POUS09054 A8454 Q50 POUS08885 A93248457 Q10 POUS09166 A93248460 Q2400.xlsx,2026-07-31 17:45:36,2026-07-31 17:45:43,2026-07-31 17:45:43
P:10-00522DR:02S:SIE262509042,2026-07-30 17:00:00,SFOHOUT00052412,,93248292,PO-US-08015,,10-00522D,202607105,1,,P:90-06831DR:02S:SIE262512675,PO-US-08015 shipped 073126 ASN 93248292 Qty 240 POUS08933 A8401 Q324 POUS08008 A8402 Q110 POUS08625 A8452 Q270 POUS08013 A8453 Q13 POUS09054 A8454 Q50 POUS08885 A93248457 Q10 POUS09166 A93248460 Q2400.xlsx,2026-07-31 17:45:36,2026-07-31 17:45:43,2026-07-31 17:45:43
P:10-00522DR:02S:SIE262509051,2026-08-06 17:00:00,SFOHOUT 00052757,,93248521,PO-US-08015,,10-00522D,202608077,1,,P:90-06831DR:02S:SIE262512716,PO-US-018014 shipped 080726 ASN 93248493 Qty 8 PO-US-09054 A93248518 Q9 PO-US-08885 A93248519 Q225 PO-US-08932 A93248520 Q75 PO-US-08015 A93248521 Q200 PO-US-09166 A93248523 Q1920.xlsx,2026-08-07 18:16:17,2026-08-07 18:16:23,2026-08-07 18:16:23
P:10-00522DR:02S:SIE262509052,2026-07-30 17:00:00,SFOHOUT00052412,,93248292,PO-US-08015,,10-00522D,202607105,1,,P:90-06831DR:02S:SIE262512675,PO-US-08015 shipped 073126 ASN 93248292 Qty 240 POUS08933 A8401 Q324 POUS08008 A8402 Q110 POUS08625 A8452 Q270 POUS08013 A8453 Q13 POUS09054 A8454 Q50 POUS08885 A93248457 Q10 POUS09166 A93248460 Q2400.xlsx,2026-07-31 17:45:36,2026-07-31 17:45:43,2026-07-31 17:45:43
P:10-00522DR:02S:SIE262509054,2026-07-30 17:00:00,SFOHOUT00052412,,93248292,PO-US-08015,,10-00522D,202607105,1,,P:90-06831DR:02S:SIE262512682,PO-US-08015 shipped 073126 ASN 93248292 Qty 240 POUS08933 A8401 Q324 POUS08008 A8402 Q110 POUS08625 A8452 Q270 POUS08013 A8453 Q13 POUS09054 A8454 Q50 POUS08885 A93248457 Q10 POUS09166 A93248460 Q2400.xlsx,2026-07-31 17:45:36,2026-07-31 17:45:43,2026-07-31 17:45:43
P:10-00522DR:02S:SIE262509057,2026-07-30 17:00:00,SFOHOUT00052412,,93248292,PO-US-08015,,10-00522D,202607105,1,,P:90-06831DR:02S:SIE262512677,PO-US-08015 shipped 073126 ASN 93248292 Qty 240 POUS08933 A8401 Q324 POUS08008 A8402 Q110 POUS08625 A8452 Q270 POUS08013 A8453 Q13 POUS09054 A8454 Q50 POUS08885 A93248457 Q10 POUS09166 A93248460 Q2400.xlsx,2026-07-31 17:45:36,2026-07-31 17:45:43,2026-07-31 17:45:43
P:10-00522DR:02S:SIE262509068,2026-07-30 17:00:00,SFOHOUT00052412,,93248292,PO-US-08015,,10-00522D,202607105,1,,P:90-06831DR:02S:SIE262512674,PO-US-08015 shipped 073126 ASN 93248292 Qty 240 POUS08933 A8401 Q324 POUS08008 A8402 Q110 POUS08625 A8452 Q270 POUS08013 A8453 Q13 POUS09054 A8454 Q50 POUS08885 A93248457 Q10 POUS09166 A93248460 Q2400.xlsx,2026-07-31 17:45:36,2026-07-31 17:45:43,2026-07-31 17:45:43
P:10-00522DR:02S:SIE262509108,2026-07-30 17:00:00,SFOHOUT00052412,,93248292,PO-US-08015,,10-00522D,202607105,1,,P:90-06831DR:02S:SIE262512675,PO-US-08015 shipped 073126 ASN 93248292 Qty 240 POUS08933 A8401 Q324 POUS08008 A8402 Q110 POUS08625 A8452 Q270 POUS08013 A8453 Q13 POUS09054 A8454 Q50 POUS08885 A93248457 Q10 POUS09166 A93248460 Q2400.xlsx,2026-07-31 17:45:36,2026-07-31 17:45:43,2026-07-31 17:45:43
P:10-00522DR:02S:SIE262509110,2026-07-30 17:00:00,SFOHOUT00052412,,93248292,PO-US-08015,,10-00522D,202607105,1,,P:90-06831DR:02S:SIE262512671,PO-US-08015 shipped 073126 ASN 93248292 Qty 240 POUS08933 A8401 Q324 POUS08008 A8402 Q110 POUS08625 A8452 Q270 POUS08013 A8453 Q13 POUS09054 A8454 Q50 POUS08885 A93248457 Q10 POUS09166 A93248460 Q2400.xlsx,2026-07-31 17:45:36,2026-07-31 17:45:43,2026-07-31 17:45:43
P:10-00522DR:02S:SIE262509118,2026-07-30 17:00:00,SFOHOUT00052412,,93248292,PO-US-08015,,10-00522D,202607105,1,,P:90-06831DR:02S:SIE262512671,PO-US-08015 shipped 073126 ASN 93248292 Qty 240 POUS08933 A8401 Q324 POUS08008 A8402 Q110 POUS08625 A8452 Q270 POUS08013 A8453 Q13 POUS09054 A8454 Q50 POUS08885 A93248457 Q10 POUS09166 A93248460 Q2400.xlsx,2026-07-31 17:45:36,2026-07-31 17:45:43,2026-07-31 17:45:43
P:10-00522DR:02S:SIE262509145,2026-08-06 17:00:00,SFOHOUT 00052757,,93248521,PO-US-08015,,10-00522D,202608077,1,,P:90-06831DR:02S:SIE262512711,PO-US-018014 shipped 080726 ASN 93248493 Qty 8 PO-US-09054 A93248518 Q9 PO-US-08885 A93248519 Q225 PO-US-08932 A93248520 Q75 PO-US-08015 A93248521 Q200 PO-US-09166 A93248523 Q1920.xlsx,2026-08-07 18:16:17,2026-08-07 18:16:23,2026-08-07 18:16:23
P:10-00522DR:02S:SIE262509147,2026-08-06 17:00:00,SFOHOUT 00052757,,93248521,PO-US-08015,,10-00522D,202608077,1,,P:90-06831DR:02S:SIE262512710,PO-US-018014 shipped 080726 ASN 93248493 Qty 8 PO-US-09054 A93248518 Q9 PO-US-08885 A93248519 Q225 PO-US-08932 A93248520 Q75 PO-US-08015 A93248521 Q200 PO-US-09166 A93248523 Q1920.xlsx,2026-08-07 18:16:17,2026-08-07 18:16:23,2026-08-07 18:16:23
P:10-00522DR:02S:SIE262509159,2026-08-06 17:00:00,SFOHOUT 00052757,,93248521,PO-US-08015,,10-00522D,202608077,1,,P:90-06831DR:02S:SIE262512707,PO-US-018014 shipped 080726 ASN 93248493 Qty 8 PO-US-09054 A93248518 Q9 PO-US-08885 A93248519 Q225 PO-US-08932 A93248520 Q75 PO-US-08015 A93248521 Q200 PO-US-09166 A93248523 Q1920.xlsx,2026-08-07 18:16:17,2026-08-07 18:16:23,2026-08-07 18:16:23
P:10-00522DR:02S:SIE262509161,2026-07-30 17:00:00,SFOHOUT00052412,,93248292,PO-US-08015,,10-00522D,202607105,1,,P:90-06831DR:02S:SIE262512674,PO-US-08015 shipped 073126 ASN 93248292 Qty 240 POUS08933 A8401 Q324 POUS08008 A8402 Q110 POUS08625 A8452 Q270 POUS08013 A8453 Q13 POUS09054 A8454 Q50 POUS08885 A93248457 Q10 POUS09166 A93248460 Q2400.xlsx,2026-07-31 17:45:36,2026-07-31 17:45:43,2026-07-31 17:45:43
P:10-00522DR:02S:SIE262509205,2026-07-30 17:00:00,SFOHOUT00052412,,93248292,PO-US-08015,,10-00522D,202607105,1,,P:90-06831DR:02S:SIE262512644,PO-US-08015 shipped 073126 ASN 93248292 Qty 240 POUS08933 A8401 Q324 POUS08008 A8402 Q110 POUS08625 A8452 Q270 POUS08013 A8453 Q13 POUS09054 A8454 Q50 POUS08885 A93248457 Q10 POUS09166 A93248460 Q2400.xlsx,2026-07-31 17:45:36,2026-07-31 17:45:43,2026-07-31 17:45:43
P:10-00522DR:02S:SIE262509207,2026-07-30 17:00:00,SFOHOUT00052412,,93248292,PO-US-08015,,10-00522D,202607105,1,,P:90-06831DR:02S:SIE262512672,PO-US-08015 shipped 073126 ASN 93248292 Qty 240 POUS08933 A8401 Q324 POUS08008 A8402 Q110 POUS08625 A8452 Q270 POUS08013 A8453 Q13 POUS09054 A8454 Q50 POUS08885 A93248457 Q10 POUS09166 A93248460 Q2400.xlsx,2026-07-31 17:45:36,2026-07-31 17:45:43,2026-07-31 17:45:43
P:10-00522DR:02S:SIE262509211,2026-07-30 17:00:00,SFOHOUT00052412,,93248292,PO-US-08015,,10-00522D,202607105,1,,P:90-06831DR:02S:SIE262512675,PO-US-08015 shipped 073126 ASN 93248292 Qty 240 POUS08933 A8401 Q324 POUS08008 A8402 Q110 POUS08625 A8452 Q270 POUS08013 A8453 Q13 POUS09054 A8454 Q50 POUS08885 A93248457 Q10 POUS09166 A93248460 Q2400.xlsx,2026-07-31 17:45:36,2026-07-31 17:45:43,2026-07-31 17:45:43
P:10-00522DR:02S:SIE262509226,2026-07-30 17:00:00,SFOHOUT00052412,,93248292,PO-US-08015,,10-00522D,202607105,1,,P:90-06831DR:02S:SIE262512672,PO-US-08015 shipped 073126 ASN 93248292 Qty 240 POUS08933 A8401 Q324 POUS08008 A8402 Q110 POUS08625 A8452 Q270 POUS08013 A8453 Q13 POUS09054 A8454 Q50 POUS08885 A93248457 Q10 POUS09166 A93248460 Q2400.xlsx,2026-07-31 17:45:36,2026-07-31 17:45:43,2026-07-31 17:45:43
P:10-00522DR:02S:SIE262509227,2026-07-30 17:00:00,SFOHOUT00052412,,93248292,PO-US-08015,,10-00522D,202607105,1,,P:90-06831DR:02S:SIE262512714,PO-US-08015 shipped 073126 ASN 93248292 Qty 240 POUS08933 A8401 Q324 POUS08008 A8402 Q110 POUS08625 A8452 Q270 POUS08013 A8453 Q13 POUS09054 A8454 Q50 POUS08885 A93248457 Q10 POUS09166 A93248460 Q2400.xlsx,2026-07-31 17:45:36,2026-07-31 17:45:43,2026-07-31 17:45:43
P:10-00522DR:02S:SIE262509259,2026-07-30 17:00:00,SFOHOUT00052412,,93248292,PO-US-08015,,10-00522D,202607105,1,,P:90-06831DR:02S:SIE262512682,PO-US-08015 shipped 073126 ASN 93248292 Qty 240 POUS08933 A8401 Q324 POUS08008 A8402 Q110 POUS08625 A8452 Q270 POUS08013 A8453 Q13 POUS09054 A8454 Q50 POUS08885 A93248457 Q10 POUS09166 A93248460 Q2400.xlsx,2026-07-31 17:45:36,2026-07-31 17:45:43,2026-07-31 17:45:43
P:10-00522DR:02S:SIE262509261,2026-07-30 17:00:00,SFOHOUT00052412,,93248292,PO-US-08015,,10-00522D,202607105,1,,P:90-06831DR:02S:SIE262512674,PO-US-08015 shipped 073126 ASN 93248292 Qty 240 POUS08933 A8401 Q324 POUS08008 A8402 Q110 POUS08625 A8452 Q270 POUS08013 A8453 Q13 POUS09054 A8454 Q50 POUS08885 A93248457 Q10 POUS09166 A93248460 Q2400.xlsx,2026-07-31 17:45:36,2026-07-31 17:45:43,2026-07-31 17:45:43
P:10-00522DR:02S:SIE262509264,2026-08-06 17:00:00,SFOHOUT 00052757,,93248521,PO-US-08015,,10-00522D,202608077,1,,P:90-06831DR:02S:SIE262512715,PO-US-018014 shipped 080726 ASN 93248493 Qty 8 PO-US-09054 A93248518 Q9 PO-US-08885 A93248519 Q225 PO-US-08932 A93248520 Q75 PO-US-08015 A93248521 Q200 PO-US-09166 A93248523 Q1920.xlsx,2026-08-07 18:16:17,2026-08-07 18:16:23,2026-08-07 18:16:23
P:10-00522DR:02S:SIE262509285,2026-07-30 17:00:00,SFOHOUT00052412,,93248292,PO-US-08015,,10-00522D,202607105,1,,P:90-06831DR:02S:SIE262512672,PO-US-08015 shipped 073126 ASN 93248292 Qty 240 POUS08933 A8401 Q324 POUS08008 A8402 Q110 POUS08625 A8452 Q270 POUS08013 A8453 Q13 POUS09054 A8454 Q50 POUS08885 A93248457 Q10 POUS09166 A93248460 Q2400.xlsx,2026-07-31 17:45:36,2026-07-31 17:45:43,2026-07-31 17:45:43
P:10-00522DR:02S:SIE262509324,2026-07-30 17:00:00,SFOHOUT00052412,,93248292,PO-US-08015,,10-00522D,202607105,1,,P:90-06831DR:02S:SIE262512674,PO-US-08015 shipped 073126 ASN 93248292 Qty 240 POUS08933 A8401 Q324 POUS08008 A8402 Q110 POUS08625 A8452 Q270 POUS08013 A8453 Q13 POUS09054 A8454 Q50 POUS08885 A93248457 Q10 POUS09166 A93248460 Q2400.xlsx,2026-07-31 17:45:36,2026-07-31 17:45:43,2026-07-31 17:45:43
P:10-00522DR:02S:SIE262509328,2026-08-06 17:00:00,SFOHOUT 00052757,,93248521,PO-US-08015,,10-00522D,202608077,1,,P:90-06831DR:02S:SIE262512715,PO-US-018014 shipped 080726 ASN 93248493 Qty 8 PO-US-09054 A93248518 Q9 PO-US-08885 A93248519 Q225 PO-US-08932 A93248520 Q75 PO-US-08015 A93248521 Q200 PO-US-09166 A93248523 Q1920.xlsx,2026-08-07 18:16:17,2026-08-07 18:16:23,2026-08-07 18:16:23
P:10-00522DR:02S:SIE262509331,2026-08-06 17:00:00,SFOHOUT 00052757,,93248521,PO-US-08015,,10-00522D,202608077,1,,P:90-06831DR:02S:SIE262512716,PO-US-018014 shipped 080726 ASN 93248493 Qty 8 PO-US-09054 A93248518 Q9 PO-US-08885 A93248519 Q225 PO-US-08932 A93248520 Q75 PO-US-08015 A93248521 Q200 PO-US-09166 A93248523 Q1920.xlsx,2026-08-07 18:16:17,2026-08-07 18:16:23,2026-08-07 18:16:23
P:10-00522DR:02S:SIE262509337,2026-08-06 17:00:00,SFOHOUT 00052757,,93248521,PO-US-08015,,10-00522D,202608077,1,,P:90-06831DR:02S:SIE262512717,PO-US-018014 shipped 080726 ASN 93248493 Qty 8 PO-US-09054 A93248518 Q9 PO-US-08885 A93248519 Q225 PO-US-08932 A93248520 Q75 PO-US-08015 A93248521 Q200 PO-US-09166 A93248523 Q1920.xlsx,2026-08-07 18:16:17,2026-08-07 18:16:23,2026-08-07 18:16:23
P:10-00522DR:02S:SIE262509339,2026-07-30 17:00:00,SFOHOUT00052412,,93248292,PO-US-08015,,10-00522D,202607105,1,,P:90-06831DR:02S:SIE262512677,PO-US-08015 shipped 073126 ASN 93248292 Qty 240 POUS08933 A8401 Q324 POUS08008 A8402 Q110 POUS08625 A8452 Q270 POUS08013 A8453 Q13 POUS09054 A8454 Q50 POUS08885 A93248457 Q10 POUS09166 A93248460 Q2400.xlsx,2026-07-31 17:45:36,2026-07-31 17:45:43,2026-07-31 17:45:43
P:10-00522DR:02S:SIE262509363,2026-07-30 17:00:00,SFOHOUT00052412,,93248292,PO-US-08015,,10-00522D,202607105,1,,P:90-06831DR:02S:SIE262512622,PO-US-08015 shipped 073126 ASN 93248292 Qty 240 POUS08933 A8401 Q324 POUS08008 A8402 Q110 POUS08625 A8452 Q270 POUS08013 A8453 Q13 POUS09054 A8454 Q50 POUS08885 A93248457 Q10 POUS09166 A93248460 Q2400.xlsx,2026-07-31 17:45:36,2026-07-31 17:45:43,2026-07-31 17:45:43
P:10-00522DR:02S:SIE262509367,2026-07-30 17:00:00,SFOHOUT00052412,,93248292,PO-US-08015,,10-00522D,202607105,1,,P:90-06831DR:02S:SIE262512682,PO-US-08015 shipped 073126 ASN 93248292 Qty 240 POUS08933 A8401 Q324 POUS08008 A8402 Q110 POUS08625 A8452 Q270 POUS08013 A8453 Q13 POUS09054 A8454 Q50 POUS08885 A93248457 Q10 POUS09166 A93248460 Q2400.xlsx,2026-07-31 17:45:36,2026-07-31 17:45:43,2026-07-31 17:45:43
P:10-00522DR:02S:SIE262509391,2026-07-30 17:00:00,SFOHOUT00052412,,93248292,PO-US-08015,,10-00522D,202607105,1,,P:90-06831DR:02S:SIE262512677,PO-US-08015 shipped 073126 ASN 93248292 Qty 240 POUS08933 A8401 Q324 POUS08008 A8402 Q110 POUS08625 A8452 Q270 POUS08013 A8453 Q13 POUS09054 A8454 Q50 POUS08885 A93248457 Q10 POUS09166 A93248460 Q2400.xlsx,2026-07-31 17:45:36,2026-07-31 17:45:43,2026-07-31 17:45:43
P:10-00522DR:02S:SIE262509393,2026-07-30 17:00:00,SFOHOUT00052412,,93248292,PO-US-08015,,10-00522D,202607105,1,,P:90-06831DR:02S:SIE262512672,PO-US-08015 shipped 073126 ASN 93248292 Qty 240 POUS08933 A8401 Q324 POUS08008 A8402 Q110 POUS08625 A8452 Q270 POUS08013 A8453 Q13 POUS09054 A8454 Q50 POUS08885 A93248457 Q10 POUS09166 A93248460 Q2400.xlsx,2026-07-31 17:45:36,2026-07-31 17:45:43,2026-07-31 17:45:43
P:10-00522DR:02S:SIE262509394,2026-07-30 17:00:00,SFOHOUT00052412,,93248292,PO-US-08015,,10-00522D,202607105,1,,P:90-06831DR:02S:SIE262512674,PO-US-08015 shipped 073126 ASN 93248292 Qty 240 POUS08933 A8401 Q324 POUS08008 A8402 Q110 POUS08625 A8452 Q270 POUS08013 A8453 Q13 POUS09054 A8454 Q50 POUS08885 A93248457 Q10 POUS09166 A93248460 Q2400.xlsx,2026-07-31 17:45:36,2026-07-31 17:45:43,2026-07-31 17:45:43
P:10-00522DR:02S:SIE262509404,2026-07-30 17:00:00,SFOHOUT00052412,,93248292,PO-US-08015,,10-00522D,202607105,1,,P:90-06831DR:02S:SIE262512672,PO-US-08015 shipped 073126 ASN 93248292 Qty 240 POUS08933 A8401 Q324 POUS08008 A8402 Q110 POUS08625 A8452 Q270 POUS08013 A8453 Q13 POUS09054 A8454 Q50 POUS08885 A93248457 Q10 POUS09166 A93248460 Q2400.xlsx,2026-07-31 17:45:36,2026-07-31 17:45:43,2026-07-31 17:45:43
P:10-00522DR:02S:SIE262509423,2026-07-30 17:00:00,SFOHOUT00052412,,93248292,PO-US-08015,,10-00522D,202607105,1,,P:90-06831DR:02S:SIE262512675,PO-US-08015 shipped 073126 ASN 93248292 Qty 240 POUS08933 A8401 Q324 POUS08008 A8402 Q110 POUS08625 A8452 Q270 POUS08013 A8453 Q13 POUS09054 A8454 Q50 POUS08885 A93248457 Q10 POUS09166 A93248460 Q2400.xlsx,2026-07-31 17:45:36,2026-07-31 17:45:43,2026-07-31 17:45:43
P:10-00522DR:02S:SIE262509425,2026-07-30 17:00:00,SFOHOUT00052412,,93248292,PO-US-08015,,10-00522D,202607105,1,,P:90-06831DR:02S:SIE262512674,PO-US-08015 shipped 073126 ASN 93248292 Qty 240 POUS08933 A8401 Q324 POUS08008 A8402 Q110 POUS08625 A8452 Q270 POUS08013 A8453 Q13 POUS09054 A8454 Q50 POUS08885 A93248457 Q10 POUS09166 A93248460 Q2400.xlsx,2026-07-31 17:45:36,2026-07-31 17:45:43,2026-07-31 17:45:43
P:10-00522DR:02S:SIE262509432,2026-07-30 17:00:00,SFOHOUT00052412,,93248292,PO-US-08015,,10-00522D,202607105,1,,P:90-06831DR:02S:SIE262512675,PO-US-08015 shipped 073126 ASN 93248292 Qty 240 POUS08933 A8401 Q324 POUS08008 A8402 Q110 POUS08625 A8452 Q270 POUS08013 A8453 Q13 POUS09054 A8454 Q50 POUS08885 A93248457 Q10 POUS09166 A93248460 Q2400.xlsx,2026-07-31 17:45:36,2026-07-31 17:45:43,2026-07-31 17:45:43
P:10-00522DR:02S:SIE262509438,2026-07-30 17:00:00,SFOHOUT00052412,,93248292,PO-US-08015,,10-00522D,202607105,1,,P:90-06831DR:02S:SIE262512644,PO-US-08015 shipped 073126 ASN 93248292 Qty 240 POUS08933 A8401 Q324 POUS08008 A8402 Q110 POUS08625 A8452 Q270 POUS08013 A8453 Q13 POUS09054 A8454 Q50 POUS08885 A93248457 Q10 POUS09166 A93248460 Q2400.xlsx,2026-07-31 17:45:36,2026-07-31 17:45:43,2026-07-31 17:45:43
P:10-00522DR:02S:SIE262509472,2026-07-30 17:00:00,SFOHOUT00052412,,93248292,PO-US-08015,,10-00522D,202607105,1,,P:90-06831DR:02S:SIE262512644,PO-US-08015 shipped 073126 ASN 93248292 Qty 240 POUS08933 A8401 Q324 POUS08008 A8402 Q110 POUS08625 A8452 Q270 POUS08013 A8453 Q13 POUS09054 A8454 Q50 POUS08885 A93248457 Q10 POUS09166 A93248460 Q2400.xlsx,2026-07-31 17:45:36,2026-07-31 17:45:43,2026-07-31 17:45:43
P:10-00522DR:02S:SIE262509479,2026-08-06 17:00:00,SFOHOUT 00052757,,93248521,PO-US-08015,,10-00522D,202608077,1,,P:90-06831DR:02S:SIE262512713,PO-US-018014 shipped 080726 ASN 93248493 Qty 8 PO-US-09054 A93248518 Q9 PO-US-08885 A93248519 Q225 PO-US-08932 A93248520 Q75 PO-US-08015 A93248521 Q200 PO-US-09166 A93248523 Q1920.xlsx,2026-08-07 18:16:17,2026-08-07 18:16:23,2026-08-07 18:16:23
P:10-00522DR:02S:SIE262509519,2026-07-30 17:00:00,SFOHOUT00052412,,93248292,PO-US-08015,,10-00522D,202607105,1,,P:90-06831DR:02S:SIE262512677,PO-US-08015 shipped 073126 ASN 93248292 Qty 240 POUS08933 A8401 Q324 POUS08008 A8402 Q110 POUS08625 A8452 Q270 POUS08013 A8453 Q13 POUS09054 A8454 Q50 POUS08885 A93248457 Q10 POUS09166 A93248460 Q2400.xlsx,2026-07-31 17:45:36,2026-07-31 17:45:43,2026-07-31 17:45:43
P:10-00522DR:02S:SIE262509531,2026-08-06 17:00:00,SFOHOUT 00052757,,93248521,PO-US-08015,,10-00522D,202608077,1,,P:90-06831DR:02S:SIE262512715,PO-US-018014 shipped 080726 ASN 93248493 Qty 8 PO-US-09054 A93248518 Q9 PO-US-08885 A93248519 Q225 PO-US-08932 A93248520 Q75 PO-US-08015 A93248521 Q200 PO-US-09166 A93248523 Q1920.xlsx,2026-08-07 18:16:17,2026-08-07 18:16:23,2026-08-07 18:16:23
P:10-00522DR:02S:SIE262509538,2026-07-30 17:00:00,SFOHOUT00052412,,93248292,PO-US-08015,,10-00522D,202607105,1,,P:90-06831DR:02S:SIE262512674,PO-US-08015 shipped 073126 ASN 93248292 Qty 240 POUS08933 A8401 Q324 POUS08008 A8402 Q110 POUS08625 A8452 Q270 POUS08013 A8453 Q13 POUS09054 A8454 Q50 POUS08885 A93248457 Q10 POUS09166 A93248460 Q2400.xlsx,2026-07-31 17:45:36,2026-07-31 17:45:43,2026-07-31 17:45:43
P:10-00522DR:02S:SIE262509587,2026-07-30 17:00:00,SFOHOUT00052412,,93248292,PO-US-08015,,10-00522D,202607105,1,,P:90-06831DR:02S:SIE262512674,PO-US-08015 shipped 073126 ASN 93248292 Qty 240 POUS08933 A8401 Q324 POUS08008 A8402 Q110 POUS08625 A8452 Q270 POUS08013 A8453 Q13 POUS09054 A8454 Q50 POUS08885 A93248457 Q10 POUS09166 A93248460 Q2400.xlsx,2026-07-31 17:45:36,2026-07-31 17:45:43,2026-07-31 17:45:43
P:10-00522DR:02S:SIE262509596,2026-07-30 17:00:00,SFOHOUT00052412,,93248292,PO-US-08015,,10-00522D,202607105,1,,P:90-06831DR:02S:SIE262512677,PO-US-08015 shipped 073126 ASN 93248292 Qty 240 POUS08933 A8401 Q324 POUS08008 A8402 Q110 POUS08625 A8452 Q270 POUS08013 A8453 Q13 POUS09054 A8454 Q50 POUS08885 A93248457 Q10 POUS09166 A93248460 Q2400.xlsx,2026-07-31 17:45:36,2026-07-31 17:45:43,2026-07-31 17:45:43
P:10-00522DR:02S:SIE262509597,2026-07-30 17:00:00,SFOHOUT00052412,,93248292,PO-US-08015,,10-00522D,202607105,1,,P:90-06831DR:02S:SIE262512682,PO-US-08015 shipped 073126 ASN 93248292 Qty 240 POUS08933 A8401 Q324 POUS08008 A8402 Q110 POUS08625 A8452 Q270 POUS08013 A8453 Q13 POUS09054 A8454 Q50 POUS08885 A93248457 Q10 POUS09166 A93248460 Q2400.xlsx,2026-07-31 17:45:36,2026-07-31 17:45:43,2026-07-31 17:45:43
P:10-00522DR:02S:SIE262509627,2026-07-30 17:00:00,SFOHOUT00052412,,93248292,PO-US-08015,,10-00522D,202607105,1,,P:90-06831DR:02S:SIE262512644,PO-US-08015 shipped 073126 ASN 93248292 Qty 240 POUS08933 A8401 Q324 POUS08008 A8402 Q110 POUS08625 A8452 Q270 POUS08013 A8453 Q13 POUS09054 A8454 Q50 POUS08885 A93248457 Q10 POUS09166 A93248460 Q2400.xlsx,2026-07-31 17:45:36,2026-07-31 17:45:43,2026-07-31 17:45:43
P:10-00522DR:02S:SIE262509669,2026-07-30 17:00:00,SFOHOUT00052412,,93248292,PO-US-08015,,10-00522D,202607105,1,,P:90-06831DR:02S:SIE262512672,PO-US-08015 shipped 073126 ASN 93248292 Qty 240 POUS08933 A8401 Q324 POUS08008 A8402 Q110 POUS08625 A8452 Q270 POUS08013 A8453 Q13 POUS09054 A8454 Q50 POUS08885 A93248457 Q10 POUS09166 A93248460 Q2400.xlsx,2026-07-31 17:45:36,2026-07-31 17:45:43,2026-07-31 17:45:43
P:10-00522DR:02S:SIE262509705,2026-07-30 17:00:00,SFOHOUT00052412,,93248292,PO-US-08015,,10-00522D,202607105,1,,P:90-06831DR:02S:SIE262512672,PO-US-08015 shipped 073126 ASN 93248292 Qty 240 POUS08933 A8401 Q324 POUS08008 A8402 Q110 POUS08625 A8452 Q270 POUS08013 A8453 Q13 POUS09054 A8454 Q50 POUS08885 A93248457 Q10 POUS09166 A93248460 Q2400.xlsx,2026-07-31 17:45:36,2026-07-31 17:45:43,2026-07-31 17:45:43
P:10-00522DR:02S:SIE262509706,2026-07-30 17:00:00,SFOHOUT00052412,,93248292,PO-US-08015,,10-00522D,202607105,1,,P:90-06831DR:02S:SIE262512672,PO-US-08015 shipped 073126 ASN 93248292 Qty 240 POUS08933 A8401 Q324 POUS08008 A8402 Q110 POUS08625 A8452 Q270 POUS08013 A8453 Q13 POUS09054 A8454 Q50 POUS08885 A93248457 Q10 POUS09166 A93248460 Q2400.xlsx,2026-07-31 17:45:36,2026-07-31 17:45:43,2026-07-31 17:45:43
P:10-00522DR:02S:SIE262509719,2026-07-30 17:00:00,SFOHOUT00052412,,93248292,PO-US-08015,,10-00522D,202607105,1,,P:90-06831DR:02S:SIE262512675,PO-US-08015 shipped 073126 ASN 93248292 Qty 240 POUS08933 A8401 Q324 POUS08008 A8402 Q110 POUS08625 A8452 Q270 POUS08013 A8453 Q13 POUS09054 A8454 Q50 POUS08885 A93248457 Q10 POUS09166 A93248460 Q2400.xlsx,2026-07-31 17:45:36,2026-07-31 17:45:43,2026-07-31 17:45:43
P:10-00522DR:02S:SIE262509735,2026-07-30 17:00:00,SFOHOUT00052412,,93248292,PO-US-08015,,10-00522D,202607105,1,,P:90-06831DR:02S:SIE262512677,PO-US-08015 shipped 073126 ASN 93248292 Qty 240 POUS08933 A8401 Q324 POUS08008 A8402 Q110 POUS08625 A8452 Q270 POUS08013 A8453 Q13 POUS09054 A8454 Q50 POUS08885 A93248457 Q10 POUS09166 A93248460 Q2400.xlsx,2026-07-31 17:45:36,2026-07-31 17:45:43,2026-07-31 17:45:43
P:10-00522DR:02S:SIE262509737,2026-08-06 17:00:00,SFOHOUT 00052757,,93248521,PO-US-08015,,10-00522D,202608077,1,,P:90-06831DR:02S:SIE262512711,PO-US-018014 shipped 080726 ASN 93248493 Qty 8 PO-US-09054 A93248518 Q9 PO-US-08885 A93248519 Q225 PO-US-08932 A93248520 Q75 PO-US-08015 A93248521 Q200 PO-US-09166 A93248523 Q1920.xlsx,2026-08-07 18:16:17,2026-08-07 18:16:23,2026-08-07 18:16:23
P:10-00522DR:02S:SIE262509739,2026-08-06 17:00:00,SFOHOUT 00052757,,93248521,PO-US-08015,,10-00522D,202608077,1,,P:90-06831DR:02S:SIE262512710,PO-US-018014 shipped 080726 ASN 93248493 Qty 8 PO-US-09054 A93248518 Q9 PO-US-08885 A93248519 Q225 PO-US-08932 A93248520 Q75 PO-US-08015 A93248521 Q200 PO-US-09166 A93248523 Q1920.xlsx,2026-08-07 18:16:17,2026-08-07 18:16:23,2026-08-07 18:16:23
P:10-00522DR:02S:SIE262509745,2026-08-06 17:00:00,SFOHOUT 00052757,,93248521,PO-US-08015,,10-00522D,202608077,1,,P:90-06831DR:02S:SIE262512715,PO-US-018014 shipped 080726 ASN 93248493 Qty 8 PO-US-09054 A93248518 Q9 PO-US-08885 A93248519 Q225 PO-US-08932 A93248520 Q75 PO-US-08015 A93248521 Q200 PO-US-09166 A93248523 Q1920.xlsx,2026-08-07 18:16:17,2026-08-07 18:16:23,2026-08-07 18:16:23
P:10-00522DR:02S:SIE262509748,2026-08-06 17:00:00,SFOHOUT 00052757,,93248521,PO-US-08015,,10-00522D,202608077,1,,P:90-06831DR:02S:SIE262512717,PO-US-018014 shipped 080726 ASN 93248493 Qty 8 PO-US-09054 A93248518 Q9 PO-US-08885 A93248519 Q225 PO-US-08932 A93248520 Q75 PO-US-08015 A93248521 Q200 PO-US-09166 A93248523 Q1920.xlsx,2026-08-07 18:16:17,2026-08-07 18:16:23,2026-08-07 18:16:23
P:10-00522DR:02S:SIE262509771,2026-08-06 17:00:00,SFOHOUT 00052757,,93248521,PO-US-08015,,10-00522D,202608077,1,,P:90-06831DR:02S:SIE262512713,PO-US-018014 shipped 080726 ASN 93248493 Qty 8 PO-US-09054 A93248518 Q9 PO-US-08885 A93248519 Q225 PO-US-08932 A93248520 Q75 PO-US-08015 A93248521 Q200 PO-US-09166 A93248523 Q1920.xlsx,2026-08-07 18:16:17,2026-08-07 18:16:23,2026-08-07 18:16:23
P:10-00522DR:02S:SIE262509774,2026-08-06 17:00:00,SFOHOUT 00052757,,93248521,PO-US-08015,,10-00522D,202608077,1,,P:90-06831DR:02S:SIE262512710,PO-US-018014 shipped 080726 ASN 93248493 Qty 8 PO-US-09054 A93248518 Q9 PO-US-08885 A93248519 Q225 PO-US-08932 A93248520 Q75 PO-US-08015 A93248521 Q200 PO-US-09166 A93248523 Q1920.xlsx,2026-08-07 18:16:17,2026-08-07 18:16:23,2026-08-07 18:16:23
P:10-00522DR:02S:SIE262509776,2026-08-06 17:00:00,SFOHOUT 00052757,,93248521,PO-US-08015,,10-00522D,202608077,1,,P:90-06831DR:02S:SIE262512707,PO-US-018014 shipped 080726 ASN 93248493 Qty 8 PO-US-09054 A93248518 Q9 PO-US-08885 A93248519 Q225 PO-US-08932 A93248520 Q75 PO-US-08015 A93248521 Q200 PO-US-09166 A93248523 Q1920.xlsx,2026-08-07 18:16:17,2026-08-07 18:16:23,2026-08-07 18:16:23
P:10-00522DR:02S:SIE262509791,2026-08-06 17:00:00,SFOHOUT 00052757,,93248521,PO-US-08015,,10-00522D,202608077,1,,P:90-06831DR:02S:SIE262512715,PO-US-018014 shipped 080726 ASN 93248493 Qty 8 PO-US-09054 A93248518 Q9 PO-US-08885 A93248519 Q225 PO-US-08932 A93248520 Q75 PO-US-08015 A93248521 Q200 PO-US-09166 A93248523 Q1920.xlsx,2026-08-07 18:16:17,2026-08-07 18:16:23,2026-08-07 18:16:23
P:10-00522DR:02S:SIE262509833,2026-08-06 17:00:00,SFOHOUT 00052757,,93248521,PO-US-08015,,10-00522D,202608077,1,,P:90-06831DR:02S:SIE262512707,PO-US-018014 shipped 080726 ASN 93248493 Qty 8 PO-US-09054 A93248518 Q9 PO-US-08885 A93248519 Q225 PO-US-08932 A93248520 Q75 PO-US-08015 A93248521 Q200 PO-US-09166 A93248523 Q1920.xlsx,2026-08-07 18:16:17,2026-08-07 18:16:23,2026-08-07 18:16:23
P:10-00522DR:02S:SIE262509835,2026-08-06 17:00:00,SFOHOUT 00052757,,93248521,PO-US-08015,,10-00522D,202608077,1,,P:90-06831DR:02S:SIE262512707,PO-US-018014 shipped 080726 ASN 93248493 Qty 8 PO-US-09054 A93248518 Q9 PO-US-08885 A93248519 Q225 PO-US-08932 A93248520 Q75 PO-US-08015 A93248521 Q200 PO-US-09166 A93248523 Q1920.xlsx,2026-08-07 18:16:17,2026-08-07 18:16:23,2026-08-07 18:16:23
P:10-00522DR:02S:SIE262509840,2026-08-06 17:00:00,SFOHOUT 00052757,,93248521,PO-US-08015,,10-00522D,202608077,1,,P:90-06831DR:02S:SIE262512707,PO-US-018014 shipped 080726 ASN 93248493 Qty 8 PO-US-09054 A93248518 Q9 PO-US-08885 A93248519 Q225 PO-US-08932 A93248520 Q75 PO-US-08015 A93248521 Q200 PO-US-09166 A93248523 Q1920.xlsx,2026-08-07 18:16:17,2026-08-07 18:16:23,2026-08-07 18:16:23
P:10-00522DR:02S:SIE262509851,2026-07-30 17:00:00,SFOHOUT00052412,,93248292,PO-US-08015,,10-00522D,202607105,1,,P:90-06831DR:02S:SIE262512675,PO-US-08015 shipped 073126 ASN 93248292 Qty 240 POUS08933 A8401 Q324 POUS08008 A8402 Q110 POUS08625 A8452 Q270 POUS08013 A8453 Q13 POUS09054 A8454 Q50 POUS08885 A93248457 Q10 POUS09166 A93248460 Q2400.xlsx,2026-07-31 17:45:36,2026-07-31 17:45:43,2026-07-31 17:45:43
P:10-00522DR:02S:SIE262509853,2026-07-30 17:00:00,SFOHOUT00052412,,93248292,PO-US-08015,,10-00522D,202607105,1,,P:90-06831DR:02S:SIE262512677,PO-US-08015 shipped 073126 ASN 93248292 Qty 240 POUS08933 A8401 Q324 POUS08008 A8402 Q110 POUS08625 A8452 Q270 POUS08013 A8453 Q13 POUS09054 A8454 Q50 POUS08885 A93248457 Q10 POUS09166 A93248460 Q2400.xlsx,2026-07-31 17:45:36,2026-07-31 17:45:43,2026-07-31 17:45:43
P:10-00522DR:02S:SIE262509860,2026-07-30 17:00:00,SFOHOUT00052412,,93248292,PO-US-08015,,10-00522D,202607105,1,,P:90-06831DR:02S:SIE262512644,PO-US-08015 shipped 073126 ASN 93248292 Qty 240 POUS08933 A8401 Q324 POUS08008 A8402 Q110 POUS08625 A8452 Q270 POUS08013 A8453 Q13 POUS09054 A8454 Q50 POUS08885 A93248457 Q10 POUS09166 A93248460 Q2400.xlsx,2026-07-31 17:45:36,2026-07-31 17:45:43,2026-07-31 17:45:43
P:10-00522DR:02S:SIE262509885,2026-07-30 17:00:00,SFOHOUT00052412,,93248292,PO-US-08015,,10-00522D,202607105,1,,P:90-06831DR:02S:SIE262512671,PO-US-08015 shipped 073126 ASN 93248292 Qty 240 POUS08933 A8401 Q324 POUS08008 A8402 Q110 POUS08625 A8452 Q270 POUS08013 A8453 Q13 POUS09054 A8454 Q50 POUS08885 A93248457 Q10 POUS09166 A93248460 Q2400.xlsx,2026-07-31 17:45:36,2026-07-31 17:45:43,2026-07-31 17:45:43
P:10-00522DR:02S:SIE262509902,2026-07-30 17:00:00,SFOHOUT00052412,,93248292,PO-US-08015,,10-00522D,202607105,1,,P:90-06831DR:02S:SIE262512675,PO-US-08015 shipped 073126 ASN 93248292 Qty 240 POUS08933 A8401 Q324 POUS08008 A8402 Q110 POUS08625 A8452 Q270 POUS08013 A8453 Q13 POUS09054 A8454 Q50 POUS08885 A93248457 Q10 POUS09166 A93248460 Q2400.xlsx,2026-07-31 17:45:36,2026-07-31 17:45:43,2026-07-31 17:45:43
P:10-00522DR:02S:SIE262509904,2026-08-06 17:00:00,SFOHOUT 00052757,,93248521,PO-US-08015,,10-00522D,202608077,1,,P:90-06831DR:02S:SIE262512711,PO-US-018014 shipped 080726 ASN 93248493 Qty 8 PO-US-09054 A93248518 Q9 PO-US-08885 A93248519 Q225 PO-US-08932 A93248520 Q75 PO-US-08015 A93248521 Q200 PO-US-09166 A93248523 Q1920.xlsx,2026-08-07 18:16:17,2026-08-07 18:16:23,2026-08-07 18:16:23
P:10-00522DR:02S:SIE262509922,2026-07-30 17:00:00,SFOHOUT00052412,,93248292,PO-US-08015,,10-00522D,202607105,1,,P:90-06831DR:02S:SIE262512675,PO-US-08015 shipped 073126 ASN 93248292 Qty 240 POUS08933 A8401 Q324 POUS08008 A8402 Q110 POUS08625 A8452 Q270 POUS08013 A8453 Q13 POUS09054 A8454 Q50 POUS08885 A93248457 Q10 POUS09166 A93248460 Q2400.xlsx,2026-07-31 17:45:36,2026-07-31 17:45:43,2026-07-31 17:45:43
P:10-00522DR:02S:SIE262509935,2026-07-30 17:00:00,SFOHOUT00052412,,93248292,PO-US-08015,,10-00522D,202607105,1,,P:90-06831DR:02S:SIE262512674,PO-US-08015 shipped 073126 ASN 93248292 Qty 240 POUS08933 A8401 Q324 POUS08008 A8402 Q110 POUS08625 A8452 Q270 POUS08013 A8453 Q13 POUS09054 A8454 Q50 POUS08885 A93248457 Q10 POUS09166 A93248460 Q2400.xlsx,2026-07-31 17:45:36,2026-07-31 17:45:43,2026-07-31 17:45:43
P:10-00522DR:02S:SIE262509945,2026-07-30 17:00:00,SFOHOUT00052412,,93248292,PO-US-08015,,10-00522D,202607105,1,,P:90-06831DR:02S:SIE262512672,PO-US-08015 shipped 073126 ASN 93248292 Qty 240 POUS08933 A8401 Q324 POUS08008 A8402 Q110 POUS08625 A8452 Q270 POUS08013 A8453 Q13 POUS09054 A8454 Q50 POUS08885 A93248457 Q10 POUS09166 A93248460 Q2400.xlsx,2026-07-31 17:45:36,2026-07-31 17:45:43,2026-07-31 17:45:43
P:10-00522DR:02S:SIE262509995,2026-08-06 17:00:00,SFOHOUT 00052757,,93248521,PO-US-08015,,10-00522D,202608077,1,,P:90-06831DR:02S:SIE262512716,PO-US-018014 shipped 080726 ASN 93248493 Qty 8 PO-US-09054 A93248518 Q9 PO-US-08885 A93248519 Q225 PO-US-08932 A93248520 Q75 PO-US-08015 A93248521 Q200 PO-US-09166 A93248523 Q1920.xlsx,2026-08-07 18:16:17,2026-08-07 18:16:23,2026-08-07 18:16:23
P:10-00522DR:02S:SIE262510001,2026-07-30 17:00:00,SFOHOUT00052412,,93248292,PO-US-08015,,10-00522D,202607105,1,,P:90-06831DR:02S:SIE262512677,PO-US-08015 shipped 073126 ASN 93248292 Qty 240 POUS08933 A8401 Q324 POUS08008 A8402 Q110 POUS08625 A8452 Q270 POUS08013 A8453 Q13 POUS09054 A8454 Q50 POUS08885 A93248457 Q10 POUS09166 A93248460 Q2400.xlsx,2026-07-31 17:45:36,2026-07-31 17:45:43,2026-07-31 17:45:43
P:10-00522DR:02S:SIE262510005,2026-07-30 17:00:00,SFOHOUT00052412,,93248292,PO-US-08015,,10-00522D,202607105,1,,P:90-06831DR:02S:SIE262512644,PO-US-08015 shipped 073126 ASN 93248292 Qty 240 POUS08933 A8401 Q324 POUS08008 A8402 Q110 POUS08625 A8452 Q270 POUS08013 A8453 Q13 POUS09054 A8454 Q50 POUS08885 A93248457 Q10 POUS09166 A93248460 Q2400.xlsx,2026-07-31 17:45:36,2026-07-31 17:45:43,2026-07-31 17:45:43
P:10-00522DR:02S:SIE262510029,2026-07-30 17:00:00,SFOHOUT00052412,,93248292,PO-US-08015,,10-00522D,202607105,1,,P:90-06831DR:02S:SIE262512675,PO-US-08015 shipped 073126 ASN 93248292 Qty 240 POUS08933 A8401 Q324 POUS08008 A8402 Q110 POUS08625 A8452 Q270 POUS08013 A8453 Q13 POUS09054 A8454 Q50 POUS08885 A93248457 Q10 POUS09166 A93248460 Q2400.xlsx,2026-07-31 17:45:36,2026-07-31 17:45:43,2026-07-31 17:45:43
P:10-00522DR:02S:SIE262510043,2026-08-06 17:00:00,SFOHOUT 00052757,,93248521,PO-US-08015,,10-00522D,202608077,1,,P:90-06831DR:02S:SIE262512715,PO-US-018014 shipped 080726 ASN 93248493 Qty 8 PO-US-09054 A93248518 Q9 PO-US-08885 A93248519 Q225 PO-US-08932 A93248520 Q75 PO-US-08015 A93248521 Q200 PO-US-09166 A93248523 Q1920.xlsx,2026-08-07 18:16:17,2026-08-07 18:16:23,2026-08-07 18:16:23
P:10-00522DR:02S:SIE262510059,2026-07-30 17:00:00,SFOHOUT00052412,,93248292,PO-US-08015,,10-00522D,202607105,1,,P:90-06831DR:02S:SIE262512677,PO-US-08015 shipped 073126 ASN 93248292 Qty 240 POUS08933 A8401 Q324 POUS08008 A8402 Q110 POUS08625 A8452 Q270 POUS08013 A8453 Q13 POUS09054 A8454 Q50 POUS08885 A93248457 Q10 POUS09166 A93248460 Q2400.xlsx,2026-07-31 17:45:36,2026-07-31 17:45:43,2026-07-31 17:45:43
P:10-00522DR:02S:SIE262510069,2026-07-30 17:00:00,SFOHOUT00052412,,93248292,PO-US-08015,,10-00522D,202607105,1,,P:90-06831DR:02S:SIE262512672,PO-US-08015 shipped 073126 ASN 93248292 Qty 240 POUS08933 A8401 Q324 POUS08008 A8402 Q110 POUS08625 A8452 Q270 POUS08013 A8453 Q13 POUS09054 A8454 Q50 POUS08885 A93248457 Q10 POUS09166 A93248460 Q2400.xlsx,2026-07-31 17:45:36,2026-07-31 17:45:43,2026-07-31 17:45:43
P:10-00522DR:02S:SIE262510072,2026-07-30 17:00:00,SFOHOUT00052412,,93248292,PO-US-08015,,10-00522D,202607105,1,,P:90-06831DR:02S:SIE262512675,PO-US-08015 shipped 073126 ASN 93248292 Qty 240 POUS08933 A8401 Q324 POUS08008 A8402 Q110 POUS08625 A8452 Q270 POUS08013 A8453 Q13 POUS09054 A8454 Q50 POUS08885 A93248457 Q10 POUS09166 A93248460 Q2400.xlsx,2026-07-31 17:45:36,2026-07-31 17:45:43,2026-07-31 17:45:43
P:10-00522DR:02S:SIE262510105,2026-07-30 17:00:00,SFOHOUT00052412,,93248292,PO-US-08015,,10-00522D,202607105,1,,P:90-06831DR:02S:SIE262512644,PO-US-08015 shipped 073126 ASN 93248292 Qty 240 POUS08933 A8401 Q324 POUS08008 A8402 Q110 POUS08625 A8452 Q270 POUS08013 A8453 Q13 POUS09054 A8454 Q50 POUS08885 A93248457 Q10 POUS09166 A93248460 Q2400.xlsx,2026-07-31 17:45:36,2026-07-31 17:45:43,2026-07-31 17:45:43
P:10-00522DR:02S:SIE262510119,2026-07-30 17:00:00,SFOHOUT00052412,,93248292,PO-US-08015,,10-00522D,202607105,1,,P:90-06831DR:02S:SIE262512677,PO-US-08015 shipped 073126 ASN 93248292 Qty 240 POUS08933 A8401 Q324 POUS08008 A8402 Q110 POUS08625 A8452 Q270 POUS08013 A8453 Q13 POUS09054 A8454 Q50 POUS08885 A93248457 Q10 POUS09166 A93248460 Q2400.xlsx,2026-07-31 17:45:36,2026-07-31 17:45:43,2026-07-31 17:45:43
P:10-00522DR:02S:SIE262510121,2026-07-30 17:00:00,SFOHOUT00052412,,93248292,PO-US-08015,,10-00522D,202607105,1,,P:90-06831DR:02S:SIE262512644,PO-US-08015 shipped 073126 ASN 93248292 Qty 240 POUS08933 A8401 Q324 POUS08008 A8402 Q110 POUS08625 A8452 Q270 POUS08013 A8453 Q13 POUS09054 A8454 Q50 POUS08885 A93248457 Q10 POUS09166 A93248460 Q2400.xlsx,2026-07-31 17:45:36,2026-07-31 17:45:43,2026-07-31 17:45:43
P:10-00522DR:02S:SIE262510133,2026-07-30 17:00:00,SFOHOUT00052412,,93248292,PO-US-08015,,10-00522D,202607105,1,,P:90-06831DR:02S:SIE262512677,PO-US-08015 shipped 073126 ASN 93248292 Qty 240 POUS08933 A8401 Q324 POUS08008 A8402 Q110 POUS08625 A8452 Q270 POUS08013 A8453 Q13 POUS09054 A8454 Q50 POUS08885 A93248457 Q10 POUS09166 A93248460 Q2400.xlsx,2026-07-31 17:45:36,2026-07-31 17:45:43,2026-07-31 17:45:43
P:10-00522DR:02S:SIE262510163,2026-07-30 17:00:00,SFOHOUT00052412,,93248292,PO-US-08015,,10-00522D,202607105,1,,P:90-06831DR:02S:SIE262512672,PO-US-08015 shipped 073126 ASN 93248292 Qty 240 POUS08933 A8401 Q324 POUS08008 A8402 Q110 POUS08625 A8452 Q270 POUS08013 A8453 Q13 POUS09054 A8454 Q50 POUS08885 A93248457 Q10 POUS09166 A93248460 Q2400.xlsx,2026-07-31 17:45:36,2026-07-31 17:45:43,2026-07-31 17:45:43
P:10-00522DR:02S:SIE262510170,2026-07-30 17:00:00,SFOHOUT00052412,,93248292,PO-US-08015,,10-00522D,202607105,1,,P:90-06831DR:02S:SIE262512675,PO-US-08015 shipped 073126 ASN 93248292 Qty 240 POUS08933 A8401 Q324 POUS08008 A8402 Q110 POUS08625 A8452 Q270 POUS08013 A8453 Q13 POUS09054 A8454 Q50 POUS08885 A93248457 Q10 POUS09166 A93248460 Q2400.xlsx,2026-07-31 17:45:36,2026-07-31 17:45:43,2026-07-31 17:45:43
P:10-00522DR:02S:SIE262510179,2026-07-30 17:00:00,SFOHOUT00052412,,93248292,PO-US-08015,,10-00522D,202607105,1,,P:90-06831DR:02S:SIE262512644,PO-US-08015 shipped 073126 ASN 93248292 Qty 240 POUS08933 A8401 Q324 POUS08008 A8402 Q110 POUS08625 A8452 Q270 POUS08013 A8453 Q13 POUS09054 A8454 Q50 POUS08885 A93248457 Q10 POUS09166 A93248460 Q2400.xlsx,2026-07-31 17:45:36,2026-07-31 17:45:43,2026-07-31 17:45:43
P:10-00522DR:02S:SIE262510193,2026-07-30 17:00:00,SFOHOUT00052412,,93248292,PO-US-08015,,10-00522D,202607105,1,,P:90-06831DR:02S:SIE262512644,PO-US-08015 shipped 073126 ASN 93248292 Qty 240 POUS08933 A8401 Q324 POUS08008 A8402 Q110 POUS08625 A8452 Q270 POUS08013 A8453 Q13 POUS09054 A8454 Q50 POUS08885 A93248457 Q10 POUS09166 A93248460 Q2400.xlsx,2026-07-31 17:45:36,2026-07-31 17:45:43,2026-07-31 17:45:43
P:10-00522DR:02S:SIE262510205,2026-08-06 17:00:00,SFOHOUT 00052757,,93248521,PO-US-08015,,10-00522D,202608077,1,,P:90-06831DR:02S:SIE262512707,PO-US-018014 shipped 080726 ASN 93248493 Qty 8 PO-US-09054 A93248518 Q9 PO-US-08885 A93248519 Q225 PO-US-08932 A93248520 Q75 PO-US-08015 A93248521 Q200 PO-US-09166 A93248523 Q1920.xlsx,2026-08-07 18:16:17,2026-08-07 18:16:23,2026-08-07 18:16:23
P:10-00522DR:02S:SIE262510213,2026-07-30 17:00:00,SFOHOUT00052412,,93248292,PO-US-08015,,10-00522D,202607105,1,,P:90-06831DR:02S:SIE262512674,PO-US-08015 shipped 073126 ASN 93248292 Qty 240 POUS08933 A8401 Q324 POUS08008 A8402 Q110 POUS08625 A8452 Q270 POUS08013 A8453 Q13 POUS09054 A8454 Q50 POUS08885 A93248457 Q10 POUS09166 A93248460 Q2400.xlsx,2026-07-31 17:45:36,2026-07-31 17:45:43,2026-07-31 17:45:43
P:10-00522DR:02S:SIE262510214,2026-07-30 17:00:00,SFOHOUT00052412,,93248292,PO-US-08015,,10-00522D,202607105,1,,P:90-06831DR:02S:SIE262512644,PO-US-08015 shipped 073126 ASN 93248292 Qty 240 POUS08933 A8401 Q324 POUS08008 A8402 Q110 POUS08625 A8452 Q270 POUS08013 A8453 Q13 POUS09054 A8454 Q50 POUS08885 A93248457 Q10 POUS09166 A93248460 Q2400.xlsx,2026-07-31 17:45:36,2026-07-31 17:45:43,2026-07-31 17:45:43
P:10-00522DR:02S:SIE262510249,2026-07-30 17:00:00,SFOHOUT00052412,,93248292,PO-US-08015,,10-00522D,202607105,1,,P:90-06831DR:02S:SIE262512675,PO-US-08015 shipped 073126 ASN 93248292 Qty 240 POUS08933 A8401 Q324 POUS08008 A8402 Q110 POUS08625 A8452 Q270 POUS08013 A8453 Q13 POUS09054 A8454 Q50 POUS08885 A93248457 Q10 POUS09166 A93248460 Q2400.xlsx,2026-07-31 17:45:36,2026-07-31 17:45:43,2026-07-31 17:45:43
P:10-00522DR:02S:SIE262510269,2026-07-30 17:00:00,SFOHOUT00052412,,93248292,PO-US-08015,,10-00522D,202607105,1,,P:90-06831DR:02S:SIE262512644,PO-US-08015 shipped 073126 ASN 93248292 Qty 240 POUS08933 A8401 Q324 POUS08008 A8402 Q110 POUS08625 A8452 Q270 POUS08013 A8453 Q13 POUS09054 A8454 Q50 POUS08885 A93248457 Q10 POUS09166 A93248460 Q2400.xlsx,2026-07-31 17:45:36,2026-07-31 17:45:43,2026-07-31 17:45:43
P:10-00522DR:02S:SIE262510271,2026-07-30 17:00:00,SFOHOUT00052412,,93248292,PO-US-08015,,10-00522D,202607105,1,,P:90-06831DR:02S:SIE262512644,PO-US-08015 shipped 073126 ASN 93248292 Qty 240 POUS08933 A8401 Q324 POUS08008 A8402 Q110 POUS08625 A8452 Q270 POUS08013 A8453 Q13 POUS09054 A8454 Q50 POUS08885 A93248457 Q10 POUS09166 A93248460 Q2400.xlsx,2026-07-31 17:45:36,2026-07-31 17:45:43,2026-07-31 17:45:43
P:10-00522DR:02S:SIE262510284,2026-08-06 17:00:00,SFOHOUT 00052757,,93248521,PO-US-08015,,10-00522D,202608077,1,,P:90-06831DR:02S:SIE262512711,PO-US-018014 shipped 080726 ASN 93248493 Qty 8 PO-US-09054 A93248518 Q9 PO-US-08885 A93248519 Q225 PO-US-08932 A93248520 Q75 PO-US-08015 A93248521 Q200 PO-US-09166 A93248523 Q1920.xlsx,2026-08-07 18:16:17,2026-08-07 18:16:23,2026-08-07 18:16:23
P:10-00522DR:02S:SIE262510315,2026-08-06 17:00:00,SFOHOUT 00052757,,93248521,PO-US-08015,,10-00522D,202608077,1,,P:90-06831DR:02S:SIE262512711,PO-US-018014 shipped 080726 ASN 93248493 Qty 8 PO-US-09054 A93248518 Q9 PO-US-08885 A93248519 Q225 PO-US-08932 A93248520 Q75 PO-US-08015 A93248521 Q200 PO-US-09166 A93248523 Q1920.xlsx,2026-08-07 18:16:17,2026-08-07 18:16:23,2026-08-07 18:16:23
P:10-00522DR:02S:SIE262510329,2026-07-30 17:00:00,SFOHOUT00052412,,93248292,PO-US-08015,,10-00522D,202607105,1,,P:90-06831DR:02S:SIE262512677,PO-US-08015 shipped 073126 ASN 93248292 Qty 240 POUS08933 A8401 Q324 POUS08008 A8402 Q110 POUS08625 A8452 Q270 POUS08013 A8453 Q13 POUS09054 A8454 Q50 POUS08885 A93248457 Q10 POUS09166 A93248460 Q2400.xlsx,2026-07-31 17:45:36,2026-07-31 17:45:43,2026-07-31 17:45:43
P:10-00522ER:01S:SIE262405442,2026-07-29 17:00:00,SFOHOUT00052411,,93248377,PO-US-09166,,10-00522E,2026072813,1,,P:90-06831ER:01S:SIE262704284,PO-US-09166 shipped 073026 ASN 93248377 Qty 6240.xlsx,2026-07-30 17:56:34,2026-07-30 17:56:45,2026-07-30 17:56:44
P:10-00522ER:01S:SIE262405453,2026-07-29 17:00:00,SFOHOUT00052411,,93248377,PO-US-09166,,10-00522E,2026072813,1,,P:90-06831ER:01S:SIE262704284,PO-US-09166 shipped 073026 ASN 93248377 Qty 6240.xlsx,2026-07-30 17:56:34,2026-07-30 17:56:45,2026-07-30 17:56:44
P:10-00522ER:01S:SIE262405455,2026-07-29 17:00:00,SFOHOUT00052411,,93248377,PO-US-09166,,10-00522E,202607289,1,,P:90-06831ER:01S:SIE262704459,PO-US-09166 shipped 073026 ASN 93248377 Qty 6240.xlsx,2026-07-30 17:56:34,2026-07-30 17:56:45,2026-07-30 17:56:44
P:10-00522ER:01S:SIE262405456,2026-08-06 17:00:00,SFOHOUT 00052757,,93248523,PO-US-09166,,10-00522E,2026080611,1,,P:90-06831ER:01S:SIE263009544,PO-US-018014 shipped 080726 ASN 93248493 Qty 8 PO-US-09054 A93248518 Q9 PO-US-08885 A93248519 Q225 PO-US-08932 A93248520 Q75 PO-US-08015 A93248521 Q200 PO-US-09166 A93248523 Q1920.xlsx,2026-08-07 18:16:17,2026-08-07 18:16:23,2026-08-07 18:16:23
P:10-00522ER:01S:SIE262602701,2026-07-29 17:00:00,SFOHOUT00052411,,93248377,PO-US-09166,,10-00522E,2026072813,1,,P:90-06831ER:01S:SIE262704284,PO-US-09166 shipped 073026 ASN 93248377 Qty 6240.xlsx,2026-07-30 17:56:34,2026-07-30 17:56:45,2026-07-30 17:56:44
P:10-00522ER:01S:SIE262602703,2026-07-30 17:00:00,SFOHOUT00052412,,93248460,PO-US-09166,,10-00522E,202607311,1,,P:90-06831ER:01S:SIE263009573,PO-US-08015 shipped 073126 ASN 93248292 Qty 240 POUS08933 A8401 Q324 POUS08008 A8402 Q110 POUS08625 A8452 Q270 POUS08013 A8453 Q13 POUS09054 A8454 Q50 POUS08885 A93248457 Q10 POUS09166 A93248460 Q2400.xlsx,2026-07-31 17:45:36,2026-07-31 17:45:43,2026-07-31 17:45:43
P:10-00522ER:01S:SIE262602705,2026-07-29 17:00:00,SFOHOUT00052411,,93248377,PO-US-09166,,10-00522E,2026072813,1,,P:90-06831ER:01S:SIE262704343,PO-US-09166 shipped 073026 ASN 93248377 Qty 6240.xlsx,2026-07-30 17:56:34,2026-07-30 17:56:45,2026-07-30 17:56:44
P:10-00522ER:01S:SIE262602709,2026-07-29 17:00:00,SFOHOUT00052411,,93248377,PO-US-09166,,10-00522E,2026072813,1,,P:90-06831ER:01S:SIE262704284,PO-US-09166 shipped 073026 ASN 93248377 Qty 6240.xlsx,2026-07-30 17:56:34,2026-07-30 17:56:45,2026-07-30 17:56:44
P:10-00522ER:01S:SIE262602711,2026-07-29 17:00:00,SFOHOUT00052411,,93248377,PO-US-09166,,10-00522E,2026072813,1,,P:90-06831ER:01S:SIE262704284,PO-US-09166 shipped 073026 ASN 93248377 Qty 6240.xlsx,2026-07-30 17:56:34,2026-07-30 17:56:45,2026-07-30 17:56:44
P:10-00522ER:01S:SIE262602718,2026-07-29 17:00:00,SFOHOUT00052411,,93248377,PO-US-09166,,10-00522E,2026072813,1,,P:90-06831ER:01S:SIE262704284,PO-US-09166 shipped 073026 ASN 93248377 Qty 6240.xlsx,2026-07-30 17:56:34,2026-07-30 17:56:45,2026-07-30 17:56:44
P:10-00522ER:01S:SIE262602744,2026-08-06 17:00:00,SFOHOUT 00052757,,93248523,PO-US-09166,,10-00522E,2026080611,1,,P:90-06831ER:01S:SIE263009544,PO-US-018014 shipped 080726 ASN 93248493 Qty 8 PO-US-09054 A93248518 Q9 PO-US-08885 A93248519 Q225 PO-US-08932 A93248520 Q75 PO-US-08015 A93248521 Q200 PO-US-09166 A93248523 Q1920.xlsx,2026-08-07 18:16:17,2026-08-07 18:16:23,2026-08-07 18:16:23
P:10-00522ER:01S:SIE262602754,2026-07-29 17:00:00,SFOHOUT00052411,,93248377,PO-US-09166,,10-00522E,202607282,1,,P:90-06831ER:01S:SIE262704433,PO-US-09166 shipped 073026 ASN 93248377 Qty 6240.xlsx,2026-07-30 17:56:34,2026-07-30 17:56:45,2026-07-30 17:56:44
P:10-00522ER:01S:SIE262602756,2026-07-29 17:00:00,SFOHOUT00052411,,93248377,PO-US-09166,,10-00522E,2026072813,1,,P:90-06831ER:01S:SIE262704343,PO-US-09166 shipped 073026 ASN 93248377 Qty 6240.xlsx,2026-07-30 17:56:34,2026-07-30 17:56:45,2026-07-30 17:56:44
P:10-00522ER:01S:SIE262602761,2026-07-29 17:00:00,SFOHOUT00052411,,93248377,PO-US-09166,,10-00522E,2026072813,1,,P:90-06831ER:01S:SIE262704343,PO-US-09166 shipped 073026 ASN 93248377 Qty 6240.xlsx,2026-07-30 17:56:34,2026-07-30 17:56:45,2026-07-30 17:56:44
P:10-00522ER:01S:SIE262602768,2026-07-29 17:00:00,SFOHOUT00052411,,93248377,PO-US-09166,,10-00522E,2026072813,1,,P:90-06831ER:01S:SIE262704343,PO-US-09166 shipped 073026 ASN 93248377 Qty 6240.xlsx,2026-07-30 17:56:34,2026-07-30 17:56:45,2026-07-30 17:56:44
P:10-00522ER:01S:SIE262602770,2026-07-29 17:00:00,SFOHOUT00052411,,93248377,PO-US-09166,,10-00522E,202607283,1,,P:90-06831ER:01S:SIE262704394,PO-US-09166 shipped 073026 ASN 93248377 Qty 6240.xlsx,2026-07-30 17:56:34,2026-07-30 17:56:45,2026-07-30 17:56:44
P:10-00522ER:01S:SIE262602773,2026-07-29 17:00:00,SFOHOUT00052411,,93248377,PO-US-09166,,10-00522E,2026072813,1,,P:90-06831ER:01S:SIE262704275,PO-US-09166 shipped 073026 ASN 93248377 Qty 6240.xlsx,2026-07-30 17:56:34,2026-07-30 17:56:45,2026-07-30 17:56:44
P:10-00522ER:01S:SIE262602775,2026-07-29 17:00:00,SFOHOUT00052411,,93248377,PO-US-09166,,10-00522E,2026072813,1,,P:90-06831ER:01S:SIE262704343,PO-US-09166 shipped 073026 ASN 93248377 Qty 6240.xlsx,2026-07-30 17:56:34,2026-07-30 17:56:45,2026-07-30 17:56:44
P:10-00522ER:01S:SIE262602783,2026-07-29 17:00:00,SFOHOUT00052411,,93248377,PO-US-09166,,10-00522E,2026072813,1,,P:90-06831ER:01S:SIE262704313,PO-US-09166 shipped 073026 ASN 93248377 Qty 6240.xlsx,2026-07-30 17:56:34,2026-07-30 17:56:45,2026-07-30 17:56:44
P:10-00522ER:01S:SIE262602786,2026-07-29 17:00:00,SFOHOUT00052411,,93248377,PO-US-09166,,10-00522E,202607283,1,,P:90-06831ER:01S:SIE262704394,PO-US-09166 shipped 073026 ASN 93248377 Qty 6240.xlsx,2026-07-30 17:56:34,2026-07-30 17:56:45,2026-07-30 17:56:44
P:10-00522ER:01S:SIE262602795,2026-07-29 17:00:00,SFOHOUT00052411,,93248377,PO-US-09166,,10-00522E,202607282,1,,P:90-06831ER:01S:SIE262704433,PO-US-09166 shipped 073026 ASN 93248377 Qty 6240.xlsx,2026-07-30 17:56:34,2026-07-30 17:56:45,2026-07-30 17:56:44
P:10-00522ER:01S:SIE262602796,2026-07-29 17:00:00,SFOHOUT00052411,,93248377,PO-US-09166,,10-00522E,202607289,1,,P:90-06831ER:01S:SIE262704454,PO-US-09166 shipped 073026 ASN 93248377 Qty 6240.xlsx,2026-07-30 17:56:34,2026-07-30 17:56:45,2026-07-30 17:56:44
P:10-00522ER:01S:SIE262602800,2026-07-29 17:00:00,SFOHOUT00052411,,93248377,PO-US-09166,,10-00522E,2026072813,1,,P:90-06831ER:01S:SIE262704343,PO-US-09166 shipped 073026 ASN 93248377 Qty 6240.xlsx,2026-07-30 17:56:34,2026-07-30 17:56:45,2026-07-30 17:56:44
P:10-00522ER:01S:SIE262602813,2026-07-29 17:00:00,SFOHOUT00052411,,93248377,PO-US-09166,,10-00522E,2026072813,1,,P:90-06831ER:01S:SIE262704343,PO-US-09166 shipped 073026 ASN 93248377 Qty 6240.xlsx,2026-07-30 17:56:34,2026-07-30 17:56:45,2026-07-30 17:56:44
P:10-00522ER:01S:SIE262602820,2026-07-29 17:00:00,SFOHOUT00052411,,93248377,PO-US-09166,,10-00522E,2026072813,1,,P:90-06831ER:01S:SIE262704343,PO-US-09166 shipped 073026 ASN 93248377 Qty 6240.xlsx,2026-07-30 17:56:34,2026-07-30 17:56:45,2026-07-30 17:56:44
P:10-00522ER:01S:SIE262602824,2026-07-29 17:00:00,SFOHOUT00052411,,93248377,PO-US-09166,,10-00522E,2026072813,1,,P:90-06831ER:01S:SIE262704343,PO-US-09166 shipped 073026 ASN 93248377 Qty 6240.xlsx,2026-07-30 17:56:34,2026-07-30 17:56:45,2026-07-30 17:56:44
P:10-00522ER:01S:SIE262602825,2026-07-29 17:00:00,SFOHOUT00052411,,93248377,PO-US-09166,,10-00522E,2026072813,1,,P:90-06831ER:01S:SIE262704343,PO-US-09166 shipped 073026 ASN 93248377 Qty 6240.xlsx,2026-07-30 17:56:34,2026-07-30 17:56:45,2026-07-30 17:56:44
P:10-00522ER:01S:SIE262602837,2026-07-29 17:00:00,SFOHOUT00052411,,93248377,PO-US-09166,,10-00522E,2026072813,1,,P:90-06831ER:01S:SIE262704343,PO-US-09166 shipped 073026 ASN 93248377 Qty 6240.xlsx,2026-07-30 17:56:34,2026-07-30 17:56:45,2026-07-30 17:56:44
P:10-00522ER:01S:SIE262602849,2026-07-29 17:00:00,SFOHOUT00052411,,93248377,PO-US-09166,,10-00522E,2026072813,1,,P:90-06831ER:01S:SIE262704280,PO-US-09166 shipped 073026 ASN 93248377 Qty 6240.xlsx,2026-07-30 17:56:34,2026-07-30 17:56:45,2026-07-30 17:56:44
P:10-00522ER:01S:SIE262602851,2026-07-29 17:00:00,SFOHOUT00052411,,93248377,PO-US-09166,,10-00522E,2026072813,1,,P:90-06831ER:01S:SIE262704343,PO-US-09166 shipped 073026 ASN 93248377 Qty 6240.xlsx,2026-07-30 17:56:34,2026-07-30 17:56:45,2026-07-30 17:56:44
P:10-00522ER:01S:SIE262602860,2026-07-29 17:00:00,SFOHOUT00052411,,93248377,PO-US-09166,,10-00522E,202607282,1,,P:90-06831ER:01S:SIE262704433,PO-US-09166 shipped 073026 ASN 93248377 Qty 6240.xlsx,2026-07-30 17:56:34,2026-07-30 17:56:45,2026-07-30 17:56:44
P:10-00522ER:01S:SIE262602863,2026-07-29 17:00:00,SFOHOUT00052411,,93248377,PO-US-09166,,10-00522E,2026072813,1,,P:90-06831ER:01S:SIE262704343,PO-US-09166 shipped 073026 ASN 93248377 Qty 6240.xlsx,2026-07-30 17:56:34,2026-07-30 17:56:45,2026-07-30 17:56:44
P:10-00522ER:01S:SIE262602864,2026-07-29 17:00:00,SFOHOUT00052411,,93248377,PO-US-09166,,10-00522E,2026072813,1,,P:90-06831ER:01S:SIE262704343,PO-US-09166 shipped 073026 ASN 93248377 Qty 6240.xlsx,2026-07-30 17:56:34,2026-07-30 17:56:45,2026-07-30 17:56:44
P:10-00522ER:01S:SIE262602866,2026-07-29 17:00:00,SFOHOUT00052411,,93248377,PO-US-09166,,10-00522E,2026072813,1,,P:90-06831ER:01S:SIE262704343,PO-US-09166 shipped 073026 ASN 93248377 Qty 6240.xlsx,2026-07-30 17:56:34,2026-07-30 17:56:45,2026-07-30 17:56:44
P:10-00522ER:01S:SIE262602869,2026-07-29 17:00:00,SFOHOUT00052411,,93248377,PO-US-09166,,10-00522E,2026072813,1,,P:90-06831ER:01S:SIE262704343,PO-US-09166 shipped 073026 ASN 93248377 Qty 6240.xlsx,2026-07-30 17:56:34,2026-07-30 17:56:45,2026-07-30 17:56:44
P:10-00522ER:01S:SIE262602874,2026-07-29 17:00:00,SFOHOUT00052411,,93248377,PO-US-09166,,10-00522E,2026072813,1,,P:90-06831ER:01S:SIE262704343,PO-US-09166 shipped 073026 ASN 93248377 Qty 6240.xlsx,2026-07-30 17:56:34,2026-07-30 17:56:45,2026-07-30 17:56:44
P:10-00522ER:01S:SIE262602876,2026-07-29 17:00:00,SFOHOUT00052411,,93248377,PO-US-09166,,10-00522E,2026072813,1,,P:90-06831ER:01S:SIE262704343,PO-US-09166 shipped 073026 ASN 93248377 Qty 6240.xlsx,2026-07-30 17:56:34,2026-07-30 17:56:45,2026-07-30 17:56:44
P:10-00522ER:01S:SIE262602883,2026-07-29 17:00:00,SFOHOUT00052411,,93248377,PO-US-09166,,10-00522E,202607282,1,,P:90-06831ER:01S:SIE262704433,PO-US-09166 shipped 073026 ASN 93248377 Qty 6240.xlsx,2026-07-30 17:56:34,2026-07-30 17:56:45,2026-07-30 17:56:44
P:10-00522ER:01S:SIE262602890,2026-07-29 17:00:00,SFOHOUT00052411,,93248377,PO-US-09166,,10-00522E,202607286,1,,P:90-06831ER:01S:SIE262811686,PO-US-09166 shipped 073026 ASN 93248377 Qty 6240.xlsx,2026-07-30 17:56:34,2026-07-30 17:56:45,2026-07-30 17:56:44
P:10-00522ER:01S:SIE262602891,2026-07-29 17:00:00,SFOHOUT00052411,,93248377,PO-US-09166,,10-00522E,2026072813,1,,P:90-06831ER:01S:SIE262704343,PO-US-09166 shipped 073026 ASN 93248377 Qty 6240.xlsx,2026-07-30 17:56:34,2026-07-30 17:56:45,2026-07-30 17:56:44
P:10-00522ER:01S:SIE262602893,2026-07-29 17:00:00,SFOHOUT00052411,,93248377,PO-US-09166,,10-00522E,202607286,1,,P:90-06831ER:01S:SIE262811689,PO-US-09166 shipped 073026 ASN 93248377 Qty 6240.xlsx,2026-07-30 17:56:34,2026-07-30 17:56:45,2026-07-30 17:56:44
P:10-00522ER:01S:SIE262602899,2026-07-29 17:00:00,SFOHOUT00052411,,93248377,PO-US-09166,,10-00522E,2026072813,1,,P:90-06831ER:01S:SIE262704280,PO-US-09166 shipped 073026 ASN 93248377 Qty 6240.xlsx,2026-07-30 17:56:34,2026-07-30 17:56:45,2026-07-30 17:56:44
P:10-00522ER:01S:SIE262602908,2026-07-29 17:00:00,SFOHOUT00052411,,93248377,PO-US-09166,,10-00522E,2026072815,1,,P:90-06831ER:01S:SIE262704389,PO-US-09166 shipped 073026 ASN 93248377 Qty 6240.xlsx,2026-07-30 17:56:34,2026-07-30 17:56:45,2026-07-30 17:56:44
P:10-00522ER:01S:SIE262602912,2026-07-29 17:00:00,SFOHOUT00052411,,93248377,PO-US-09166,,10-00522E,2026072813,1,,P:90-06831ER:01S:SIE262704274,PO-US-09166 shipped 073026 ASN 93248377 Qty 6240.xlsx,2026-07-30 17:56:34,2026-07-30 17:56:45,2026-07-30 17:56:44
P:10-00522ER:01S:SIE262602926,2026-07-29 17:00:00,SFOHOUT00052411,,93248377,PO-US-09166,,10-00522E,2026072813,1,,P:90-06831ER:01S:SIE262704274,PO-US-09166 shipped 073026 ASN 93248377 Qty 6240.xlsx,2026-07-30 17:56:34,2026-07-30 17:56:45,2026-07-30 17:56:44
P:10-00522ER:01S:SIE262602929,2026-07-29 17:00:00,SFOHOUT00052411,,93248377,PO-US-09166,,10-00522E,2026072813,1,,P:90-06831ER:01S:SIE262704272,PO-US-09166 shipped 073026 ASN 93248377 Qty 6240.xlsx,2026-07-30 17:56:34,2026-07-30 17:56:45,2026-07-30 17:56:44
P:10-00522ER:01S:SIE262602937,2026-07-29 17:00:00,SFOHOUT00052411,,93248377,PO-US-09166,,10-00522E,2026072813,1,,P:90-06831ER:01S:SIE262704319,PO-US-09166 shipped 073026 ASN 93248377 Qty 6240.xlsx,2026-07-30 17:56:34,2026-07-30 17:56:45,2026-07-30 17:56:44
P:10-00522ER:01S:SIE262602939,2026-07-29 17:00:00,SFOHOUT00052411,,93248377,PO-US-09166,,10-00522E,2026072813,1,,P:90-06831ER:01S:SIE262704272,PO-US-09166 shipped 073026 ASN 93248377 Qty 6240.xlsx,2026-07-30 17:56:34,2026-07-30 17:56:45,2026-07-30 17:56:44
P:10-00522ER:01S:SIE262602945,2026-07-29 17:00:00,SFOHOUT00052411,,93248377,PO-US-09166,,10-00522E,2026072813,1,,P:90-06831ER:01S:SIE262704276,PO-US-09166 shipped 073026 ASN 93248377 Qty 6240.xlsx,2026-07-30 17:56:34,2026-07-30 17:56:45,2026-07-30 17:56:44
P:10-00522ER:01S:SIE262602952,2026-07-29 17:00:00,SFOHOUT00052411,,93248377,PO-US-09166,,10-00522E,202607292,1,,P:90-06831ER:01S:SIE262811648,PO-US-09166 shipped 073026 ASN 93248377 Qty 6240.xlsx,2026-07-30 17:56:34,2026-07-30 17:56:45,2026-07-30 17:56:44
P:10-00522ER:01S:SIE262602953,2026-07-29 17:00:00,SFOHOUT00052411,,93248377,PO-US-09166,,10-00522E,2026072813,1,,P:90-06831ER:01S:SIE262704280,PO-US-09166 shipped 073026 ASN 93248377 Qty 6240.xlsx,2026-07-30 17:56:34,2026-07-30 17:56:45,2026-07-30 17:56:44
P:10-00522ER:01S:SIE262602956,2026-07-29 17:00:00,SFOHOUT00052411,,93248377,PO-US-09166,,10-00522E,2026072813,1,,P:90-06831ER:01S:SIE262704276,PO-US-09166 shipped 073026 ASN 93248377 Qty 6240.xlsx,2026-07-30 17:56:34,2026-07-30 17:56:45,2026-07-30 17:56:44
P:10-00522ER:01S:SIE262602964,2026-07-29 17:00:00,SFOHOUT00052411,,93248377,PO-US-09166,,10-00522E,202607288,1,,P:90-06831ER:01S:SIE262704407,PO-US-09166 shipped 073026 ASN 93248377 Qty 6240.xlsx,2026-07-30 17:56:34,2026-07-30 17:56:45,2026-07-30 17:56:44
P:10-00522ER:01S:SIE262602967,2026-07-29 17:00:00,SFOHOUT00052411,,93248377,PO-US-09166,,10-00522E,2026072813,1,,P:90-06831ER:01S:SIE262704272,PO-US-09166 shipped 073026 ASN 93248377 Qty 6240.xlsx,2026-07-30 17:56:34,2026-07-30 17:56:45,2026-07-30 17:56:44
P:10-00522ER:01S:SIE262602970,2026-07-29 17:00:00,SFOHOUT00052411,,93248377,PO-US-09166,,10-00522E,2026072813,1,,P:90-06831ER:01S:SIE262704280,PO-US-09166 shipped 073026 ASN 93248377 Qty 6240.xlsx,2026-07-30 17:56:34,2026-07-30 17:56:45,2026-07-30 17:56:44
P:10-00522ER:01S:SIE262602975,2026-07-29 17:00:00,SFOHOUT00052411,,93248377,PO-US-09166,,10-00522E,2026072813,1,,P:90-06831ER:01S:SIE262704274,PO-US-09166 shipped 073026 ASN 93248377 Qty 6240.xlsx,2026-07-30 17:56:34,2026-07-30 17:56:45,2026-07-30 17:56:44
P:10-00522ER:01S:SIE262602978,2026-07-29 17:00:00,SFOHOUT00052411,,93248377,PO-US-09166,,10-00522E,2026072813,1,,P:90-06831ER:01S:SIE262704274,PO-US-09166 shipped 073026 ASN 93248377 Qty 6240.xlsx,2026-07-30 17:56:34,2026-07-30 17:56:45,2026-07-30 17:56:44
P:10-00522ER:01S:SIE262602980,2026-07-29 17:00:00,SFOHOUT00052411,,93248377,PO-US-09166,,10-00522E,2026072813,1,,P:90-06831ER:01S:SIE262704274,PO-US-09166 shipped 073026 ASN 93248377 Qty 6240.xlsx,2026-07-30 17:56:34,2026-07-30 17:56:45,2026-07-30 17:56:44
P:10-00522ER:01S:SIE262602981,2026-07-29 17:00:00,SFOHOUT00052411,,93248377,PO-US-09166,,10-00522E,2026072814,1,,P:90-06831ER:01S:SIE262704369,PO-US-09166 shipped 073026 ASN 93248377 Qty 6240.xlsx,2026-07-30 17:56:34,2026-07-30 17:56:45,2026-07-30 17:56:44
P:10-00522ER:01S:SIE262602983,2026-07-29 17:00:00,SFOHOUT00052411,,93248377,PO-US-09166,,10-00522E,2026072813,1,,P:90-06831ER:01S:SIE262704276,PO-US-09166 shipped 073026 ASN 93248377 Qty 6240.xlsx,2026-07-30 17:56:34,2026-07-30 17:56:45,2026-07-30 17:56:44
P:10-00522ER:01S:SIE262602987,2026-07-29 17:00:00,SFOHOUT00052411,,93248377,PO-US-09166,,10-00522E,2026072813,1,,P:90-06831ER:01S:SIE262704276,PO-US-09166 shipped 073026 ASN 93248377 Qty 6240.xlsx,2026-07-30 17:56:34,2026-07-30 17:56:45,2026-07-30 17:56:44
P:10-00522ER:01S:SIE262602988,2026-07-29 17:00:00,SFOHOUT00052411,,93248377,PO-US-09166,,10-00522E,2026072813,1,,P:90-06831ER:01S:SIE262704280,PO-US-09166 shipped 073026 ASN 93248377 Qty 6240.xlsx,2026-07-30 17:56:34,2026-07-30 17:56:45,2026-07-30 17:56:44
P:10-00522ER:01S:SIE262602994,2026-07-29 17:00:00,SFOHOUT00052411,,93248377,PO-US-09166,,10-00522E,2026072813,1,,P:90-06831ER:01S:SIE262704274,PO-US-09166 shipped 073026 ASN 93248377 Qty 6240.xlsx,2026-07-30 17:56:34,2026-07-30 17:56:45,2026-07-30 17:56:44
P:10-00522ER:01S:SIE262602996,2026-07-29 17:00:00,SFOHOUT00052411,,93248377,PO-US-09166,,10-00522E,2026072814,1,,P:90-06831ER:01S:SIE262704369,PO-US-09166 shipped 073026 ASN 93248377 Qty 6240.xlsx,2026-07-30 17:56:34,2026-07-30 17:56:45,2026-07-30 17:56:44
P:10-00522ER:01S:SIE262602997,2026-07-29 17:00:00,SFOHOUT00052411,,93248377,PO-US-09166,,10-00522E,2026072815,1,,P:90-06831ER:01S:SIE262704392,PO-US-09166 shipped 073026 ASN 93248377 Qty 6240.xlsx,2026-07-30 17:56:34,2026-07-30 17:56:45,2026-07-30 17:56:44
P:10-00522ER:01S:SIE262603013,2026-07-29 17:00:00,SFOHOUT00052411,,93248377,PO-US-09166,,10-00522E,202607292,1,,P:90-06831ER:01S:SIE262811645,PO-US-09166 shipped 073026 ASN 93248377 Qty 6240.xlsx,2026-07-30 17:56:34,2026-07-30 17:56:45,2026-07-30 17:56:44
P:10-00522ER:01S:SIE262603015,2026-07-29 17:00:00,SFOHOUT00052411,,93248377,PO-US-09166,,10-00522E,202607292,1,,P:90-06831ER:01S:SIE262811648,PO-US-09166 shipped 073026 ASN 93248377 Qty 6240.xlsx,2026-07-30 17:56:34,2026-07-30 17:56:45,2026-07-30 17:56:44
P:10-00522ER:01S:SIE262603018,2026-07-29 17:00:00,SFOHOUT00052411,,93248377,PO-US-09166,,10-00522E,2026072815,1,,P:90-06831ER:01S:SIE262704389,PO-US-09166 shipped 073026 ASN 93248377 Qty 6240.xlsx,2026-07-30 17:56:34,2026-07-30 17:56:45,2026-07-30 17:56:44
P:10-00522ER:01S:SIE262603020,2026-07-29 17:00:00,SFOHOUT00052411,,93248377,PO-US-09166,,10-00522E,202607285,1,,P:90-06831ER:01S:SIE262811658,PO-US-09166 shipped 073026 ASN 93248377 Qty 6240.xlsx,2026-07-30 17:56:34,2026-07-30 17:56:45,2026-07-30 17:56:44
P:10-00522ER:01S:SIE262603026,2026-07-29 17:00:00,SFOHOUT00052411,,93248377,PO-US-09166,,10-00522E,2026072813,1,,P:90-06831ER:01S:SIE262704280,PO-US-09166 shipped 073026 ASN 93248377 Qty 6240.xlsx,2026-07-30 17:56:34,2026-07-30 17:56:45,2026-07-30 17:56:44
P:10-00522ER:01S:SIE262603027,2026-07-29 17:00:00,SFOHOUT00052411,,93248377,PO-US-09166,,10-00522E,202607292,1,,P:90-06831ER:01S:SIE262811645,PO-US-09166 shipped 073026 ASN 93248377 Qty 6240.xlsx,2026-07-30 17:56:34,2026-07-30 17:56:45,2026-07-30 17:56:44
P:10-00522ER:01S:SIE262603028,2026-07-29 17:00:00,SFOHOUT00052411,,93248377,PO-US-09166,,10-00522E,202607292,1,,P:90-06831ER:01S:SIE262811645,PO-US-09166 shipped 073026 ASN 93248377 Qty 6240.xlsx,2026-07-30 17:56:34,2026-07-30 17:56:45,2026-07-30 17:56:44
P:10-00522ER:01S:SIE262603029,2026-07-29 17:00:00,SFOHOUT00052411,,93248377,PO-US-09166,,10-00522E,202607292,1,,P:90-06831ER:01S:SIE262811646,PO-US-09166 shipped 073026 ASN 93248377 Qty 6240.xlsx,2026-07-30 17:56:34,2026-07-30 17:56:45,2026-07-30 17:56:44
P:10-00522ER:01S:SIE262603030,2026-07-29 17:00:00,SFOHOUT00052411,,93248377,PO-US-09166,,10-00522E,202607292,1,,P:90-06831ER:01S:SIE262811645,PO-US-09166 shipped 073026 ASN 93248377 Qty 6240.xlsx,2026-07-30 17:56:34,2026-07-30 17:56:45,2026-07-30 17:56:44
P:10-00522ER:01S:SIE262603039,2026-07-29 17:00:00,SFOHOUT00052411,,93248377,PO-US-09166,,10-00522E,2026072813,1,,P:90-06831ER:01S:SIE262704274,PO-US-09166 shipped 073026 ASN 93248377 Qty 6240.xlsx,2026-07-30 17:56:34,2026-07-30 17:56:45,2026-07-30 17:56:44
P:10-00522ER:01S:SIE262603040,2026-07-29 17:00:00,SFOHOUT00052411,,93248377,PO-US-09166,,10-00522E,202607283,1,,P:90-06831ER:01S:SIE262704395,PO-US-09166 shipped 073026 ASN 93248377 Qty 6240.xlsx,2026-07-30 17:56:34,2026-07-30 17:56:45,2026-07-30 17:56:44
P:10-00522ER:01S:SIE262603046,2026-07-29 17:00:00,SFOHOUT00052411,,93248377,PO-US-09166,,10-00522E,202607292,1,,P:90-06831ER:01S:SIE262811645,PO-US-09166 shipped 073026 ASN 93248377 Qty 6240.xlsx,2026-07-30 17:56:34,2026-07-30 17:56:45,2026-07-30 17:56:44
P:10-00522ER:01S:SIE262603047,2026-07-29 17:00:00,SFOHOUT00052411,,93248377,PO-US-09166,,10-00522E,202607292,1,,P:90-06831ER:01S:SIE262811648,PO-US-09166 shipped 073026 ASN 93248377 Qty 6240.xlsx,2026-07-30 17:56:34,2026-07-30 17:56:45,2026-07-30 17:56:44
P:10-00522ER:01S:SIE262603050,2026-07-29 17:00:00,SFOHOUT00052411,,93248377,PO-US-09166,,10-00522E,2026072814,1,,P:90-06831ER:01S:SIE262704370,PO-US-09166 shipped 073026 ASN 93248377 Qty 6240.xlsx,2026-07-30 17:56:34,2026-07-30 17:56:45,2026-07-30 17:56:44
P:10-00522ER:01S:SIE262603051,2026-07-29 17:00:00,SFOHOUT00052411,,93248377,PO-US-09166,,10-00522E,2026072813,1,,P:90-06831ER:01S:SIE262704280,PO-US-09166 shipped 073026 ASN 93248377 Qty 6240.xlsx,2026-07-30 17:56:34,2026-07-30 17:56:45,2026-07-30 17:56:44
P:10-00522ER:01S:SIE262603053,2026-07-29 17:00:00,SFOHOUT00052411,,93248377,PO-US-09166,,10-00522E,202607292,1,,P:90-06831ER:01S:SIE262811647,PO-US-09166 shipped 073026 ASN 93248377 Qty 6240.xlsx,2026-07-30 17:56:34,2026-07-30 17:56:45,2026-07-30 17:56:44
P:10-00522ER:01S:SIE262603054,2026-07-29 17:00:00,SFOHOUT00052411,,93248377,PO-US-09166,,10-00522E,202607289,1,,P:90-06831ER:01S:SIE262704459,PO-US-09166 shipped 073026 ASN 93248377 Qty 6240.xlsx,2026-07-30 17:56:34,2026-07-30 17:56:45,2026-07-30 17:56:44
P:10-00522ER:01S:SIE262603057,2026-07-29 17:00:00,SFOHOUT00052411,,93248377,PO-US-09166,,10-00522E,2026072813,1,,P:90-06831ER:01S:SIE262704313,PO-US-09166 shipped 073026 ASN 93248377 Qty 6240.xlsx,2026-07-30 17:56:34,2026-07-30 17:56:45,2026-07-30 17:56:44
P:10-00522ER:01S:SIE262603058,2026-07-29 17:00:00,SFOHOUT00052411,,93248377,PO-US-09166,,10-00522E,202607292,1,,P:90-06831ER:01S:SIE262811645,PO-US-09166 shipped 073026 ASN 93248377 Qty 6240.xlsx,2026-07-30 17:56:34,2026-07-30 17:56:45,2026-07-30 17:56:44
P:10-00522ER:01S:SIE262603060,2026-07-29 17:00:00,SFOHOUT00052411,,93248377,PO-US-09166,,10-00522E,2026072813,1,,P:90-06831ER:01S:SIE262704272,PO-US-09166 shipped 073026 ASN 93248377 Qty 6240.xlsx,2026-07-30 17:56:34,2026-07-30 17:56:45,2026-07-30 17:56:44
P:10-00522ER:01S:SIE262603070,2026-07-29 17:00:00,SFOHOUT00052411,,93248377,PO-US-09166,,10-00522E,2026072813,1,,P:90-06831ER:01S:SIE262704272,PO-US-09166 shipped 073026 ASN 93248377 Qty 6240.xlsx,2026-07-30 17:56:34,2026-07-30 17:56:45,2026-07-30 17:56:44
P:10-00522ER:01S:SIE262603071,2026-07-29 17:00:00,SFOHOUT00052411,,93248377,PO-US-09166,,10-00522E,2026072813,1,,P:90-06831ER:01S:SIE262704280,PO-US-09166 shipped 073026 ASN 93248377 Qty 6240.xlsx,2026-07-30 17:56:34,2026-07-30 17:56:45,2026-07-30 17:56:44
P:10-00522ER:01S:SIE262603077,2026-07-29 17:00:00,SFOHOUT00052411,,93248377,PO-US-09166,,10-00522E,202607292,1,,P:90-06831ER:01S:SIE262811647,PO-US-09166 shipped 073026 ASN 93248377 Qty 6240.xlsx,2026-07-30 17:56:34,2026-07-30 17:56:45,2026-07-30 17:56:44
P:10-00522ER:01S:SIE262603079,2026-07-29 17:00:00,SFOHOUT00052411,,93248377,PO-US-09166,,10-00522E,2026072813,1,,P:90-06831ER:01S:SIE262704276,PO-US-09166 shipped 073026 ASN 93248377 Qty 6240.xlsx,2026-07-30 17:56:34,2026-07-30 17:56:45,2026-07-30 17:56:44
P:10-00522ER:01S:SIE262603081,2026-07-29 17:00:00,SFOHOUT00052411,,93248377,PO-US-09166,,10-00522E,2026072813,1,,P:90-06831ER:01S:SIE262704272,PO-US-09166 shipped 073026 ASN 93248377 Qty 6240.xlsx,2026-07-30 17:56:34,2026-07-30 17:56:45,2026-07-30 17:56:44
P:10-00522ER:01S:SIE262603083,2026-07-29 17:00:00,SFOHOUT00052411,,93248377,PO-US-09166,,10-00522E,2026072813,1,,P:90-06831ER:01S:SIE262704272,PO-US-09166 shipped 073026 ASN 93248377 Qty 6240.xlsx,2026-07-30 17:56:34,2026-07-30 17:56:45,2026-07-30 17:56:44
P:10-00522ER:01S:SIE262603084,2026-07-29 17:00:00,SFOHOUT00052411,,93248377,PO-US-09166,,10-00522E,202607292,1,,P:90-06831ER:01S:SIE262811645,PO-US-09166 shipped 073026 ASN 93248377 Qty 6240.xlsx,2026-07-30 17:56:34,2026-07-30 17:56:45,2026-07-30 17:56:44
P:10-00522ER:01S:SIE262603086,2026-07-29 17:00:00,SFOHOUT00052411,,93248377,PO-US-09166,,10-00522E,202607292,1,,P:90-06831ER:01S:SIE262811648,PO-US-09166 shipped 073026 ASN 93248377 Qty 6240.xlsx,2026-07-30 17:56:34,2026-07-30 17:56:45,2026-07-30 17:56:44
P:10-00522ER:01S:SIE262603090,2026-07-29 17:00:00,SFOHOUT00052411,,93248377,PO-US-09166,,10-00522E,202607292,1,,P:90-06831ER:01S:SIE262811645,PO-US-09166 shipped 073026 ASN 93248377 Qty 6240.xlsx,2026-07-30 17:56:34,2026-07-30 17:56:45,2026-07-30 17:56:44
P:10-00522ER:01S:SIE262603095,2026-07-29 17:00:00,SFOHOUT00052411,,93248377,PO-US-09166,,10-00522E,202607292,1,,P:90-06831ER:01S:SIE262811648,PO-US-09166 shipped 073026 ASN 93248377 Qty 6240.xlsx,2026-07-30 17:56:34,2026-07-30 17:56:45,2026-07-30 17:56:44
P:10-00522ER:01S:SIE262603096,2026-07-29 17:00:00,SFOHOUT00052411,,93248377,PO-US-09166,,10-00522E,202607292,1,,P:90-06831ER:01S:SIE262811645,PO-US-09166 shipped 073026 ASN 93248377 Qty 6240.xlsx,2026-07-30 17:56:34,2026-07-30 17:56:45,2026-07-30 17:56:44
P:10-00522ER:01S:SIE262603097,2026-07-29 17:00:00,SFOHOUT00052411,,93248377,PO-US-09166,,10-00522E,202607292,1,,P:90-06831ER:01S:SIE262811648,PO-US-09166 shipped 073026 ASN 93248377 Qty 6240.xlsx,2026-07-30 17:56:34,2026-07-30 17:56:45,2026-07-30 17:56:44
P:10-00522ER:01S:SIE262603099,2026-07-29 17:00:00,SFOHOUT00052411,,93248377,PO-US-09166,,10-00522E,202607292,1,,P:90-06831ER:01S:SIE262811648,PO-US-09166 shipped 073026 ASN 93248377 Qty 6240.xlsx,2026-07-30 17:56:34,2026-07-30 17:56:45,2026-07-30 17:56:44
P:10-00522ER:01S:SIE262603100,2026-07-29 17:00:00,SFOHOUT00052411,,93248377,PO-US-09166,,10-00522E,2026072813,1,,P:90-06831ER:01S:SIE262704272,PO-US-09166 shipped 073026 ASN 93248377 Qty 6240.xlsx,2026-07-30 17:56:34,2026-07-30 17:56:45,2026-07-30 17:56:44
P:10-00522ER:01S:SIE262603101,2026-07-29 17:00:00,SFOHOUT00052411,,93248377,PO-US-09166,,10-00522E,202607292,1,,P:90-06831ER:01S:SIE262811647,PO-US-09166 shipped 073026 ASN 93248377 Qty 6240.xlsx,2026-07-30 17:56:34,2026-07-30 17:56:45,2026-07-30 17:56:44
P:10-00522ER:01S:SIE262603102,2026-07-29 17:00:00,SFOHOUT00052411,,93248377,PO-US-09166,,10-00522E,202607292,1,,P:90-06831ER:01S:SIE262811645,PO-US-09166 shipped 073026 ASN 93248377 Qty 6240.xlsx,2026-07-30 17:56:34,2026-07-30 17:56:45,2026-07-30 17:56:44
P:10-00522ER:01S:SIE262603105,2026-07-29 17:00:00,SFOHOUT00052411,,93248377,PO-US-09166,,10-00522E,2026072813,1,,P:90-06831ER:01S:SIE262704313,PO-US-09166 shipped 073026 ASN 93248377 Qty 6240.xlsx,2026-07-30 17:56:34,2026-07-30 17:56:45,2026-07-30 17:56:44
P:10-00522ER:01S:SIE262603108,2026-07-29 17:00:00,SFOHOUT00052411,,93248377,PO-US-09166,,10-00522E,202607292,1,,P:90-06831ER:01S:SIE262811645,PO-US-09166 shipped 073026 ASN 93248377 Qty 6240.xlsx,2026-07-30 17:56:34,2026-07-30 17:56:45,2026-07-30 17:56:44
P:10-00522ER:01S:SIE262603114,2026-07-29 17:00:00,SFOHOUT00052411,,93248377,PO-US-09166,,10-00522E,202607292,1,,P:90-06831ER:01S:SIE262811646,PO-US-09166 shipped 073026 ASN 93248377 Qty 6240.xlsx,2026-07-30 17:56:34,2026-07-30 17:56:45,2026-07-30 17:56:44
P:10-00522ER:01S:SIE262603115,2026-07-29 17:00:00,SFOHOUT00052411,,93248377,PO-US-09166,,10-00522E,2026072813,1,,P:90-06831ER:01S:SIE262704274,PO-US-09166 shipped 073026 ASN 93248377 Qty 6240.xlsx,2026-07-30 17:56:34,2026-07-30 17:56:45,2026-07-30 17:56:44
P:10-00522ER:01S:SIE262603117,2026-07-29 17:00:00,SFOHOUT00052411,,93248377,PO-US-09166,,10-00522E,2026072813,1,,P:90-06831ER:01S:SIE262704274,PO-US-09166 shipped 073026 ASN 93248377 Qty 6240.xlsx,2026-07-30 17:56:34,2026-07-30 17:56:45,2026-07-30 17:56:44
P:10-00522ER:01S:SIE262603119,2026-07-29 17:00:00,SFOHOUT00052411,,93248377,PO-US-09166,,10-00522E,2026072813,1,,P:90-06831ER:01S:SIE262704280,PO-US-09166 shipped 073026 ASN 93248377 Qty 6240.xlsx,2026-07-30 17:56:34,2026-07-30 17:56:45,2026-07-30 17:56:44
P:10-00522ER:01S:SIE262603122,2026-07-29 17:00:00,SFOHOUT00052411,,93248377,PO-US-09166,,10-00522E,202607292,1,,P:90-06831ER:01S:SIE262811645,PO-US-09166 shipped 073026 ASN 93248377 Qty 6240.xlsx,2026-07-30 17:56:34,2026-07-30 17:56:45,2026-07-30 17:56:44
P:10-00522ER:01S:SIE262603124,2026-07-29 17:00:00,SFOHOUT00052411,,93248377,PO-US-09166,,10-00522E,2026072813,1,,P:90-06831ER:01S:SIE262704280,PO-US-09166 shipped 073026 ASN 93248377 Qty 6240.xlsx,2026-07-30 17:56:34,2026-07-30 17:56:45,2026-07-30 17:56:44
P:10-00522ER:01S:SIE262603125,2026-07-29 17:00:00,SFOHOUT00052411,,93248377,PO-US-09166,,10-00522E,2026072813,1,,P:90-06831ER:01S:SIE262704280,PO-US-09166 shipped 073026 ASN 93248377 Qty 6240.xlsx,2026-07-30 17:56:34,2026-07-30 17:56:45,2026-07-30 17:56:44
P:10-00522ER:01S:SIE262603127,2026-07-29 17:00:00,SFOHOUT00052411,,93248377,PO-US-09166,,10-00522E,202607292,1,,P:90-06831ER:01S:SIE262811645,PO-US-09166 shipped 073026 ASN 93248377 Qty 6240.xlsx,2026-07-30 17:56:34,2026-07-30 17:56:45,2026-07-30 17:56:44
P:10-00522ER:01S:SIE262603130,2026-07-29 17:00:00,SFOHOUT00052411,,93248377,PO-US-09166,,10-00522E,202607292,1,,P:90-06831ER:01S:SIE262811648,PO-US-09166 shipped 073026 ASN 93248377 Qty 6240.xlsx,2026-07-30 17:56:34,2026-07-30 17:56:45,2026-07-30 17:56:44
P:10-00522ER:01S:SIE262603131,2026-08-13 17:00:00,SFOHOUT00052859,,93248589,PO-US-09166,,10-00522E,2026081222,1,,P:90-06831ER:01S:SIE263009747,PO-US-09054 shipped 081426 ASN 93248585 Qty 63 PO-US-08933 A93248586 Q108 PO-US-089323 A93248587 Q105 PO-US-08888 A93248588 Q75 PO-US-09166 A93248589 Q2400 PO-US-08008 A93248609 Q15.xlsx,2026-08-14 18:01:52,2026-08-14 18:01:59,2026-08-14 18:01:58
P:10-00522ER:01S:SIE262603133,2026-07-29 17:00:00,SFOHOUT00052411,,93248377,PO-US-09166,,10-00522E,202607292,1,,P:90-06831ER:01S:SIE262811646,PO-US-09166 shipped 073026 ASN 93248377 Qty 6240.xlsx,2026-07-30 17:56:34,2026-07-30 17:56:45,2026-07-30 17:56:44
P:10-00522ER:01S:SIE262603134,2026-07-29 17:00:00,SFOHOUT00052411,,93248377,PO-US-09166,,10-00522E,202607292,1,,P:90-06831ER:01S:SIE262811645,PO-US-09166 shipped 073026 ASN 93248377 Qty 6240.xlsx,2026-07-30 17:56:34,2026-07-30 17:56:45,2026-07-30 17:56:44
P:10-00522ER:01S:SIE262603135,2026-07-29 17:00:00,SFOHOUT00052411,,93248377,PO-US-09166,,10-00522E,202607292,1,,P:90-06831ER:01S:SIE262811648,PO-US-09166 shipped 073026 ASN 93248377 Qty 6240.xlsx,2026-07-30 17:56:34,2026-07-30 17:56:45,2026-07-30 17:56:44
P:10-00522ER:01S:SIE262603136,2026-07-29 17:00:00,SFOHOUT00052411,,93248377,PO-US-09166,,10-00522E,2026072813,1,,P:90-06831ER:01S:SIE262704280,PO-US-09166 shipped 073026 ASN 93248377 Qty 6240.xlsx,2026-07-30 17:56:34,2026-07-30 17:56:45,2026-07-30 17:56:44
P:10-00522ER:01S:SIE262603137,2026-07-29 17:00:00,SFOHOUT00052411,,93248377,PO-US-09166,,10-00522E,202607292,1,,P:90-06831ER:01S:SIE262811647,PO-US-09166 shipped 073026 ASN 93248377 Qty 6240.xlsx,2026-07-30 17:56:34,2026-07-30 17:56:45,2026-07-30 17:56:44
P:10-00522ER:01S:SIE262603139,2026-07-29 17:00:00,SFOHOUT00052411,,93248377,PO-US-09166,,10-00522E,2026072813,1,,P:90-06831ER:01S:SIE262704280,PO-US-09166 shipped 073026 ASN 93248377 Qty 6240.xlsx,2026-07-30 17:56:34,2026-07-30 17:56:45,2026-07-30 17:56:44
P:10-00522ER:01S:SIE262603142,2026-07-29 17:00:00,SFOHOUT00052411,,93248377,PO-US-09166,,10-00522E,202607292,1,,P:90-06831ER:01S:SIE262811647,PO-US-09166 shipped 073026 ASN 93248377 Qty 6240.xlsx,2026-07-30 17:56:34,2026-07-30 17:56:45,2026-07-30 17:56:44
P:10-00522ER:01S:SIE262603143,2026-07-29 17:00:00,SFOHOUT00052411,,93248377,PO-US-09166,,10-00522E,2026072813,1,,P:90-06831ER:01S:SIE262704276,PO-US-09166 shipped 073026 ASN 93248377 Qty 6240.xlsx,2026-07-30 17:56:34,2026-07-30 17:56:45,2026-07-30 17:56:44
P:10-00522ER:01S:SIE262603145,2026-07-29 17:00:00,SFOHOUT00052411,,93248377,PO-US-09166,,10-00522E,2026072813,1,,P:90-06831ER:01S:SIE262704276,PO-US-09166 shipped 073026 ASN 93248377 Qty 6240.xlsx,2026-07-30 17:56:34,2026-07-30 17:56:45,2026-07-30 17:56:44
P:10-00522ER:01S:SIE262603154,2026-07-29 17:00:00,SFOHOUT00052411,,93248377,PO-US-09166,,10-00522E,2026072813,1,,P:90-06831ER:01S:SIE262704280,PO-US-09166 shipped 073026 ASN 93248377 Qty 6240.xlsx,2026-07-30 17:56:34,2026-07-30 17:56:45,2026-07-30 17:56:44
P:10-00522ER:01S:SIE262603155,2026-07-29 17:00:00,SFOHOUT00052411,,93248377,PO-US-09166,,10-00522E,2026072813,1,,P:90-06831ER:01S:SIE262704318,PO-US-09166 shipped 073026 ASN 93248377 Qty 6240.xlsx,2026-07-30 17:56:34,2026-07-30 17:56:45,2026-07-30 17:56:44
P:10-00522ER:01S:SIE262603156,2026-07-29 17:00:00,SFOHOUT00052411,,93248377,PO-US-09166,,10-00522E,2026072813,1,,P:90-06831ER:01S:SIE262704274,PO-US-09166 shipped 073026 ASN 93248377 Qty 6240.xlsx,2026-07-30 17:56:34,2026-07-30 17:56:45,2026-07-30 17:56:44
P:10-00522ER:01S:SIE262603160,2026-07-29 17:00:00,SFOHOUT00052411,,93248377,PO-US-09166,,10-00522E,2026072813,1,,P:90-06831ER:01S:SIE262704274,PO-US-09166 shipped 073026 ASN 93248377 Qty 6240.xlsx,2026-07-30 17:56:34,2026-07-30 17:56:45,2026-07-30 17:56:44
P:10-00522ER:01S:SIE262603163,2026-07-29 17:00:00,SFOHOUT00052411,,93248377,PO-US-09166,,10-00522E,2026072813,1,,P:90-06831ER:01S:SIE262704272,PO-US-09166 shipped 073026 ASN 93248377 Qty 6240.xlsx,2026-07-30 17:56:34,2026-07-30 17:56:45,2026-07-30 17:56:44
P:10-00522ER:01S:SIE262603166,2026-07-29 17:00:00,SFOHOUT00052411,,93248377,PO-US-09166,,10-00522E,2026072813,1,,P:90-06831ER:01S:SIE262704272,PO-US-09166 shipped 073026 ASN 93248377 Qty 6240.xlsx,2026-07-30 17:56:34,2026-07-30 17:56:45,2026-07-30 17:56:44
P:10-00522ER:01S:SIE262603167,2026-07-29 17:00:00,SFOHOUT00052411,,93248377,PO-US-09166,,10-00522E,202607288,1,,P:90-06831ER:01S:SIE262704411,PO-US-09166 shipped 073026 ASN 93248377 Qty 6240.xlsx,2026-07-30 17:56:34,2026-07-30 17:56:45,2026-07-30 17:56:44
P:10-00522ER:01S:SIE262603174,2026-07-29 17:00:00,SFOHOUT00052411,,93248377,PO-US-09166,,10-00522E,202607292,1,,P:90-06831ER:01S:SIE262811646,PO-US-09166 shipped 073026 ASN 93248377 Qty 6240.xlsx,2026-07-30 17:56:34,2026-07-30 17:56:45,2026-07-30 17:56:44
P:10-00522ER:01S:SIE262603179,2026-07-29 17:00:00,SFOHOUT00052411,,93248377,PO-US-09166,,10-00522E,202607289,1,,P:90-06831ER:01S:SIE262704459,PO-US-09166 shipped 073026 ASN 93248377 Qty 6240.xlsx,2026-07-30 17:56:34,2026-07-30 17:56:45,2026-07-30 17:56:44
P:10-00522ER:01S:SIE262603182,2026-07-29 17:00:00,SFOHOUT00052411,,93248377,PO-US-09166,,10-00522E,202607292,1,,P:90-06831ER:01S:SIE262811648,PO-US-09166 shipped 073026 ASN 93248377 Qty 6240.xlsx,2026-07-30 17:56:34,2026-07-30 17:56:45,2026-07-30 17:56:44
P:10-00522ER:01S:SIE262603183,2026-07-29 17:00:00,SFOHOUT00052411,,93248377,PO-US-09166,,10-00522E,2026072813,1,,P:90-06831ER:01S:SIE262704276,PO-US-09166 shipped 073026 ASN 93248377 Qty 6240.xlsx,2026-07-30 17:56:34,2026-07-30 17:56:45,2026-07-30 17:56:44
P:10-00522ER:01S:SIE262603187,2026-07-29 17:00:00,SFOHOUT00052411,,93248377,PO-US-09166,,10-00522E,2026072813,1,,P:90-06831ER:01S:SIE262704272,PO-US-09166 shipped 073026 ASN 93248377 Qty 6240.xlsx,2026-07-30 17:56:34,2026-07-30 17:56:45,2026-07-30 17:56:44
P:10-00522ER:01S:SIE262603188,2026-07-29 17:00:00,SFOHOUT00052411,,93248377,PO-US-09166,,10-00522E,2026072813,1,,P:90-06831ER:01S:SIE262704319,PO-US-09166 shipped 073026 ASN 93248377 Qty 6240.xlsx,2026-07-30 17:56:34,2026-07-30 17:56:45,2026-07-30 17:56:44
P:10-00522ER:01S:SIE262603197,2026-07-29 17:00:00,SFOHOUT00052411,,93248377,PO-US-09166,,10-00522E,202607285,1,,P:90-06831ER:01S:SIE262811657,PO-US-09166 shipped 073026 ASN 93248377 Qty 6240.xlsx,2026-07-30 17:56:34,2026-07-30 17:56:45,2026-07-30 17:56:44
P:10-00522ER:01S:SIE262603206,2026-07-29 17:00:00,SFOHOUT00052411,,93248377,PO-US-09166,,10-00522E,202607289,1,,P:90-06831ER:01S:SIE262704456,PO-US-09166 shipped 073026 ASN 93248377 Qty 6240.xlsx,2026-07-30 17:56:34,2026-07-30 17:56:45,2026-07-30 17:56:44
P:10-00522ER:01S:SIE262603207,2026-07-29 17:00:00,SFOHOUT00052411,,93248377,PO-US-09166,,10-00522E,2026072813,1,,P:90-06831ER:01S:SIE262704280,PO-US-09166 shipped 073026 ASN 93248377 Qty 6240.xlsx,2026-07-30 17:56:34,2026-07-30 17:56:45,2026-07-30 17:56:44
P:10-00522ER:01S:SIE262603208,2026-07-29 17:00:00,SFOHOUT00052411,,93248377,PO-US-09166,,10-00522E,2026072813,1,,P:90-06831ER:01S:SIE262704276,PO-US-09166 shipped 073026 ASN 93248377 Qty 6240.xlsx,2026-07-30 17:56:34,2026-07-30 17:56:45,2026-07-30 17:56:44
P:10-00522ER:01S:SIE262603210,2026-07-29 17:00:00,SFOHOUT00052411,,93248377,PO-US-09166,,10-00522E,202607283,1,,P:90-06831ER:01S:SIE262704460,PO-US-09166 shipped 073026 ASN 93248377 Qty 6240.xlsx,2026-07-30 17:56:34,2026-07-30 17:56:45,2026-07-30 17:56:44
P:10-00522ER:01S:SIE262603212,2026-07-29 17:00:00,SFOHOUT00052411,,93248377,PO-US-09166,,10-00522E,2026072813,1,,P:90-06831ER:01S:SIE262704284,PO-US-09166 shipped 073026 ASN 93248377 Qty 6240.xlsx,2026-07-30 17:56:34,2026-07-30 17:56:45,2026-07-30 17:56:44
P:10-00522ER:01S:SIE262603214,2026-07-29 17:00:00,SFOHOUT00052411,,93248377,PO-US-09166,,10-00522E,2026072813,1,,P:90-06831ER:01S:SIE262704280,PO-US-09166 shipped 073026 ASN 93248377 Qty 6240.xlsx,2026-07-30 17:56:34,2026-07-30 17:56:45,2026-07-30 17:56:44
P:10-00522ER:01S:SIE262603215,2026-07-29 17:00:00,SFOHOUT00052411,,93248377,PO-US-09166,,10-00522E,2026072813,1,,P:90-06831ER:01S:SIE262704280,PO-US-09166 shipped 073026 ASN 93248377 Qty 6240.xlsx,2026-07-30 17:56:34,2026-07-30 17:56:45,2026-07-30 17:56:44
P:10-00522ER:01S:SIE262603218,2026-07-29 17:00:00,SFOHOUT00052411,,93248377,PO-US-09166,,10-00522E,2026072813,1,,P:90-06831ER:01S:SIE262704274,PO-US-09166 shipped 073026 ASN 93248377 Qty 6240.xlsx,2026-07-30 17:56:34,2026-07-30 17:56:45,2026-07-30 17:56:44
P:10-00522ER:01S:SIE262603224,2026-07-29 17:00:00,SFOHOUT00052411,,93248377,PO-US-09166,,10-00522E,2026072813,1,,P:90-06831ER:01S:SIE262704274,PO-US-09166 shipped 073026 ASN 93248377 Qty 6240.xlsx,2026-07-30 17:56:34,2026-07-30 17:56:45,2026-07-30 17:56:44
P:10-00522ER:01S:SIE262603228,2026-07-29 17:00:00,SFOHOUT00052411,,93248377,PO-US-09166,,10-00522E,2026072817,1,,P:90-06831ER:01S:SIE262704434,PO-US-09166 shipped 073026 ASN 93248377 Qty 6240.xlsx,2026-07-30 17:56:34,2026-07-30 17:56:45,2026-07-30 17:56:44
P:10-00522ER:01S:SIE262603230,2026-07-29 17:00:00,SFOHOUT00052411,,93248377,PO-US-09166,,10-00522E,202607292,1,,P:90-06831ER:01S:SIE262811648,PO-US-09166 shipped 073026 ASN 93248377 Qty 6240.xlsx,2026-07-30 17:56:34,2026-07-30 17:56:45,2026-07-30 17:56:44
P:10-00522ER:01S:SIE262603236,2026-07-29 17:00:00,SFOHOUT00052411,,93248377,PO-US-09166,,10-00522E,202607285,1,,P:90-06831ER:01S:SIE262811660,PO-US-09166 shipped 073026 ASN 93248377 Qty 6240.xlsx,2026-07-30 17:56:34,2026-07-30 17:56:45,2026-07-30 17:56:44
P:10-00522ER:01S:SIE262603242,2026-07-29 17:00:00,SFOHOUT00052411,,93248377,PO-US-09166,,10-00522E,2026072813,1,,P:90-06831ER:01S:SIE262704280,PO-US-09166 shipped 073026 ASN 93248377 Qty 6240.xlsx,2026-07-30 17:56:34,2026-07-30 17:56:45,2026-07-30 17:56:44
P:10-00522ER:01S:SIE262603248,2026-07-29 17:00:00,SFOHOUT00052411,,93248377,PO-US-09166,,10-00522E,2026072813,1,,P:90-06831ER:01S:SIE262704274,PO-US-09166 shipped 073026 ASN 93248377 Qty 6240.xlsx,2026-07-30 17:56:34,2026-07-30 17:56:45,2026-07-30 17:56:44
P:10-00522ER:01S:SIE262603257,2026-07-29 17:00:00,SFOHOUT00052411,,93248377,PO-US-09166,,10-00522E,2026072813,1,,P:90-06831ER:01S:SIE262704276,PO-US-09166 shipped 073026 ASN 93248377 Qty 6240.xlsx,2026-07-30 17:56:34,2026-07-30 17:56:45,2026-07-30 17:56:44
P:10-00522ER:01S:SIE262603260,2026-07-29 17:00:00,SFOHOUT00052411,,93248377,PO-US-09166,,10-00522E,2026072813,1,,P:90-06831ER:01S:SIE262704313,PO-US-09166 shipped 073026 ASN 93248377 Qty 6240.xlsx,2026-07-30 17:56:34,2026-07-30 17:56:45,2026-07-30 17:56:44
P:10-00522ER:01S:SIE262603261,2026-07-29 17:00:00,SFOHOUT00052411,,93248377,PO-US-09166,,10-00522E,2026072813,1,,P:90-06831ER:01S:SIE262704274,PO-US-09166 shipped 073026 ASN 93248377 Qty 6240.xlsx,2026-07-30 17:56:34,2026-07-30 17:56:45,2026-07-30 17:56:44
P:10-00522ER:01S:SIE262603272,2026-07-29 17:00:00,SFOHOUT00052411,,93248377,PO-US-09166,,10-00522E,2026072813,1,,P:90-06831ER:01S:SIE262704280,PO-US-09166 shipped 073026 ASN 93248377 Qty 6240.xlsx,2026-07-30 17:56:34,2026-07-30 17:56:45,2026-07-30 17:56:44
P:10-00522ER:01S:SIE262603275,2026-07-29 17:00:00,SFOHOUT00052411,,93248377,PO-US-09166,,10-00522E,202607292,1,,P:90-06831ER:01S:SIE262811647,PO-US-09166 shipped 073026 ASN 93248377 Qty 6240.xlsx,2026-07-30 17:56:34,2026-07-30 17:56:45,2026-07-30 17:56:44
P:10-00522ER:01S:SIE262603277,2026-07-29 17:00:00,SFOHOUT00052411,,93248377,PO-US-09166,,10-00522E,202607292,1,,P:90-06831ER:01S:SIE262811646,PO-US-09166 shipped 073026 ASN 93248377 Qty 6240.xlsx,2026-07-30 17:56:34,2026-07-30 17:56:45,2026-07-30 17:56:44
P:10-00522ER:01S:SIE262603283,2026-07-29 17:00:00,SFOHOUT00052411,,93248377,PO-US-09166,,10-00522E,202607292,1,,P:90-06831ER:01S:SIE262811646,PO-US-09166 shipped 073026 ASN 93248377 Qty 6240.xlsx,2026-07-30 17:56:34,2026-07-30 17:56:45,2026-07-30 17:56:44
P:10-00522ER:01S:SIE262603284,2026-07-29 17:00:00,SFOHOUT00052411,,93248377,PO-US-09166,,10-00522E,202607292,1,,P:90-06831ER:01S:SIE262811645,PO-US-09166 shipped 073026 ASN 93248377 Qty 6240.xlsx,2026-07-30 17:56:34,2026-07-30 17:56:45,2026-07-30 17:56:44
P:10-00522ER:01S:SIE262603286,2026-07-29 17:00:00,SFOHOUT00052411,,93248377,PO-US-09166,,10-00522E,202607292,1,,P:90-06831ER:01S:SIE262811648,PO-US-09166 shipped 073026 ASN 93248377 Qty 6240.xlsx,2026-07-30 17:56:34,2026-07-30 17:56:45,2026-07-30 17:56:44
P:10-00522ER:01S:SIE262603288,2026-07-29 17:00:00,SFOHOUT00052411,,93248377,PO-US-09166,,10-00522E,202607292,1,,P:90-06831ER:01S:SIE262811645,PO-US-09166 shipped 073026 ASN 93248377 Qty 6240.xlsx,2026-07-30 17:56:34,2026-07-30 17:56:45,2026-07-30 17:56:44
P:10-00522ER:01S:SIE262603289,2026-07-29 17:00:00,SFOHOUT00052411,,93248377,PO-US-09166,,10-00522E,202607292,1,,P:90-06831ER:01S:SIE262811647,PO-US-09166 shipped 073026 ASN 93248377 Qty 6240.xlsx,2026-07-30 17:56:34,2026-07-30 17:56:45,2026-07-30 17:56:44
P:10-00522ER:01S:SIE262603290,2026-07-29 17:00:00,SFOHOUT00052411,,93248377,PO-US-09166,,10-00522E,202607292,1,,P:90-06831ER:01S:SIE262811648,PO-US-09166 shipped 073026 ASN 93248377 Qty 6240.xlsx,2026-07-30 17:56:34,2026-07-30 17:56:45,2026-07-30 17:56:44
P:10-00522ER:01S:SIE262603291,2026-07-29 17:00:00,SFOHOUT00052411,,93248377,PO-US-09166,,10-00522E,2026072813,1,,P:90-06831ER:01S:SIE262704280,PO-US-09166 shipped 073026 ASN 93248377 Qty 6240.xlsx,2026-07-30 17:56:34,2026-07-30 17:56:45,2026-07-30 17:56:44
P:10-00522ER:01S:SIE262603294,2026-07-29 17:00:00,SFOHOUT00052411,,93248377,PO-US-09166,,10-00522E,202607292,1,,P:90-06831ER:01S:SIE262811647,PO-US-09166 shipped 073026 ASN 93248377 Qty 6240.xlsx,2026-07-30 17:56:34,2026-07-30 17:56:45,2026-07-30 17:56:44
P:10-00522ER:01S:SIE262603297,2026-07-29 17:00:00,SFOHOUT00052411,,93248377,PO-US-09166,,10-00522E,202607292,1,,P:90-06831ER:01S:SIE262811648,PO-US-09166 shipped 073026 ASN 93248377 Qty 6240.xlsx,2026-07-30 17:56:34,2026-07-30 17:56:45,2026-07-30 17:56:44
P:10-00522ER:01S:SIE262603301,2026-07-29 17:00:00,SFOHOUT00052411,,93248377,PO-US-09166,,10-00522E,2026072813,1,,P:90-06831ER:01S:SIE262704276,PO-US-09166 shipped 073026 ASN 93248377 Qty 6240.xlsx,2026-07-30 17:56:34,2026-07-30 17:56:45,2026-07-30 17:56:44
P:10-00522ER:01S:SIE262603302,2026-07-29 17:00:00,SFOHOUT00052411,,93248377,PO-US-09166,,10-00522E,2026072814,1,,P:90-06831ER:01S:SIE262704373,PO-US-09166 shipped 073026 ASN 93248377 Qty 6240.xlsx,2026-07-30 17:56:34,2026-07-30 17:56:45,2026-07-30 17:56:44
P:10-00522ER:01S:SIE262603306,2026-07-29 17:00:00,SFOHOUT00052411,,93248377,PO-US-09166,,10-00522E,2026072813,1,,P:90-06831ER:01S:SIE262704276,PO-US-09166 shipped 073026 ASN 93248377 Qty 6240.xlsx,2026-07-30 17:56:34,2026-07-30 17:56:45,2026-07-30 17:56:44
P:10-00522ER:01S:SIE262603307,2026-07-29 17:00:00,SFOHOUT00052411,,93248377,PO-US-09166,,10-00522E,2026072813,1,,P:90-06831ER:01S:SIE262704272,PO-US-09166 shipped 073026 ASN 93248377 Qty 6240.xlsx,2026-07-30 17:56:34,2026-07-30 17:56:45,2026-07-30 17:56:44
P:10-00522ER:01S:SIE262603310,2026-07-29 17:00:00,SFOHOUT00052411,,93248377,PO-US-09166,,10-00522E,2026072813,1,,P:90-06831ER:01S:SIE262704313,PO-US-09166 shipped 073026 ASN 93248377 Qty 6240.xlsx,2026-07-30 17:56:34,2026-07-30 17:56:45,2026-07-30 17:56:44
P:10-00522ER:01S:SIE262603313,2026-07-29 17:00:00,SFOHOUT00052411,,93248377,PO-US-09166,,10-00522E,2026072813,1,,P:90-06831ER:01S:SIE262704276,PO-US-09166 shipped 073026 ASN 93248377 Qty 6240.xlsx,2026-07-30 17:56:34,2026-07-30 17:56:45,2026-07-30 17:56:44
P:10-00522ER:01S:SIE262603316,2026-07-29 17:00:00,SFOHOUT00052411,,93248377,PO-US-09166,,10-00522E,2026072813,1,,P:90-06831ER:01S:SIE262704318,PO-US-09166 shipped 073026 ASN 93248377 Qty 6240.xlsx,2026-07-30 17:56:34,2026-07-30 17:56:45,2026-07-30 17:56:44
P:10-00522ER:01S:SIE262603321,2026-07-29 17:00:00,SFOHOUT00052411,,93248377,PO-US-09166,,10-00522E,2026072813,1,,P:90-06831ER:01S:SIE262704274,PO-US-09166 shipped 073026 ASN 93248377 Qty 6240.xlsx,2026-07-30 17:56:34,2026-07-30 17:56:45,2026-07-30 17:56:44
P:10-00522ER:01S:SIE262603322,2026-07-29 17:00:00,SFOHOUT00052411,,93248377,PO-US-09166,,10-00522E,2026072813,1,,P:90-06831ER:01S:SIE262704276,PO-US-09166 shipped 073026 ASN 93248377 Qty 6240.xlsx,2026-07-30 17:56:34,2026-07-30 17:56:45,2026-07-30 17:56:44
P:10-00522ER:01S:SIE262603325,2026-07-29 17:00:00,SFOHOUT00052411,,93248377,PO-US-09166,,10-00522E,2026072813,1,,P:90-06831ER:01S:SIE262704276,PO-US-09166 shipped 073026 ASN 93248377 Qty 6240.xlsx,2026-07-30 17:56:34,2026-07-30 17:56:45,2026-07-30 17:56:44
P:10-00522ER:01S:SIE262603326,2026-07-29 17:00:00,SFOHOUT00052411,,93248377,PO-US-09166,,10-00522E,2026072815,1,,P:90-06831ER:01S:SIE262704392,PO-US-09166 shipped 073026 ASN 93248377 Qty 6240.xlsx,2026-07-30 17:56:34,2026-07-30 17:56:45,2026-07-30 17:56:44
P:10-00522ER:01S:SIE262603329,2026-07-29 17:00:00,SFOHOUT00052411,,93248377,PO-US-09166,,10-00522E,2026072813,1,,P:90-06831ER:01S:SIE262704276,PO-US-09166 shipped 073026 ASN 93248377 Qty 6240.xlsx,2026-07-30 17:56:34,2026-07-30 17:56:45,2026-07-30 17:56:44
P:10-00522ER:01S:SIE262603330,2026-07-29 17:00:00,SFOHOUT00052411,,93248377,PO-US-09166,,10-00522E,2026072813,1,,P:90-06831ER:01S:SIE262704313,PO-US-09166 shipped 073026 ASN 93248377 Qty 6240.xlsx,2026-07-30 17:56:34,2026-07-30 17:56:45,2026-07-30 17:56:44
P:10-00522ER:01S:SIE262603334,2026-07-29 17:00:00,SFOHOUT00052411,,93248377,PO-US-09166,,10-00522E,202607292,1,,P:90-06831ER:01S:SIE262811646,PO-US-09166 shipped 073026 ASN 93248377 Qty 6240.xlsx,2026-07-30 17:56:34,2026-07-30 17:56:45,2026-07-30 17:56:44
P:10-00522ER:01S:SIE262603335,2026-07-29 17:00:00,SFOHOUT00052411,,93248377,PO-US-09166,,10-00522E,202607283,1,,P:90-06831ER:01S:SIE262704460,PO-US-09166 shipped 073026 ASN 93248377 Qty 6240.xlsx,2026-07-30 17:56:34,2026-07-30 17:56:45,2026-07-30 17:56:44
P:10-00522ER:01S:SIE262603340,2026-07-29 17:00:00,SFOHOUT00052411,,93248377,PO-US-09166,,10-00522E,2026072813,1,,P:90-06831ER:01S:SIE262704274,PO-US-09166 shipped 073026 ASN 93248377 Qty 6240.xlsx,2026-07-30 17:56:34,2026-07-30 17:56:45,2026-07-30 17:56:44
P:10-00522ER:01S:SIE262603342,2026-07-29 17:00:00,SFOHOUT00052411,,93248377,PO-US-09166,,10-00522E,2026072813,1,,P:90-06831ER:01S:SIE262704276,PO-US-09166 shipped 073026 ASN 93248377 Qty 6240.xlsx,2026-07-30 17:56:34,2026-07-30 17:56:45,2026-07-30 17:56:44
P:10-00522ER:01S:SIE262603344,2026-07-29 17:00:00,SFOHOUT00052411,,93248377,PO-US-09166,,10-00522E,2026072813,1,,P:90-06831ER:01S:SIE262704272,PO-US-09166 shipped 073026 ASN 93248377 Qty 6240.xlsx,2026-07-30 17:56:34,2026-07-30 17:56:45,2026-07-30 17:56:44
P:10-00522ER:01S:SIE262603346,2026-07-29 17:00:00,SFOHOUT00052411,,93248377,PO-US-09166,,10-00522E,202607292,1,,P:90-06831ER:01S:SIE262811646,PO-US-09166 shipped 073026 ASN 93248377 Qty 6240.xlsx,2026-07-30 17:56:34,2026-07-30 17:56:45,2026-07-30 17:56:44
P:10-00522ER:01S:SIE262603348,2026-07-29 17:00:00,SFOHOUT00052411,,93248377,PO-US-09166,,10-00522E,2026072813,1,,P:90-06831ER:01S:SIE262704313,PO-US-09166 shipped 073026 ASN 93248377 Qty 6240.xlsx,2026-07-30 17:56:34,2026-07-30 17:56:45,2026-07-30 17:56:44
P:10-00522ER:01S:SIE262603351,2026-07-29 17:00:00,SFOHOUT00052411,,93248377,PO-US-09166,,10-00522E,202607283,1,,P:90-06831ER:01S:SIE262704460,PO-US-09166 shipped 073026 ASN 93248377 Qty 6240.xlsx,2026-07-30 17:56:34,2026-07-30 17:56:45,2026-07-30 17:56:44
P:10-00522ER:01S:SIE262603355,2026-07-29 17:00:00,SFOHOUT00052411,,93248377,PO-US-09166,,10-00522E,2026072813,1,,P:90-06831ER:01S:SIE262704319,PO-US-09166 shipped 073026 ASN 93248377 Qty 6240.xlsx,2026-07-30 17:56:34,2026-07-30 17:56:45,2026-07-30 17:56:44
P:10-00522ER:01S:SIE262603360,2026-07-29 17:00:00,SFOHOUT00052411,,93248377,PO-US-09166,,10-00522E,2026072813,1,,P:90-06831ER:01S:SIE262704272,PO-US-09166 shipped 073026 ASN 93248377 Qty 6240.xlsx,2026-07-30 17:56:34,2026-07-30 17:56:45,2026-07-30 17:56:44
P:10-00522ER:01S:SIE262603362,2026-07-29 17:00:00,SFOHOUT00052411,,93248377,PO-US-09166,,10-00522E,202607292,1,,P:90-06831ER:01S:SIE262811647,PO-US-09166 shipped 073026 ASN 93248377 Qty 6240.xlsx,2026-07-30 17:56:34,2026-07-30 17:56:45,2026-07-30 17:56:44
P:10-00522ER:01S:SIE262603368,2026-07-29 17:00:00,SFOHOUT00052411,,93248377,PO-US-09166,,10-00522E,2026072814,1,,P:90-06831ER:01S:SIE262704369,PO-US-09166 shipped 073026 ASN 93248377 Qty 6240.xlsx,2026-07-30 17:56:34,2026-07-30 17:56:45,2026-07-30 17:56:44
P:10-00522ER:01S:SIE262603372,2026-07-29 17:00:00,SFOHOUT00052411,,93248377,PO-US-09166,,10-00522E,2026072813,1,,P:90-06831ER:01S:SIE262704313,PO-US-09166 shipped 073026 ASN 93248377 Qty 6240.xlsx,2026-07-30 17:56:34,2026-07-30 17:56:45,2026-07-30 17:56:44
P:10-00522ER:01S:SIE262603373,2026-07-29 17:00:00,SFOHOUT00052411,,93248377,PO-US-09166,,10-00522E,2026072813,1,,P:90-06831ER:01S:SIE262704319,PO-US-09166 shipped 073026 ASN 93248377 Qty 6240.xlsx,2026-07-30 17:56:34,2026-07-30 17:56:45,2026-07-30 17:56:44
P:10-00522ER:01S:SIE262603388,2026-07-29 17:00:00,SFOHOUT00052411,,93248377,PO-US-09166,,10-00522E,2026072813,1,,P:90-06831ER:01S:SIE262704318,PO-US-09166 shipped 073026 ASN 93248377 Qty 6240.xlsx,2026-07-30 17:56:34,2026-07-30 17:56:45,2026-07-30 17:56:44
P:10-00522ER:01S:SIE262603389,2026-07-29 17:00:00,SFOHOUT00052411,,93248377,PO-US-09166,,10-00522E,202607292,1,,P:90-06831ER:01S:SIE262811646,PO-US-09166 shipped 073026 ASN 93248377 Qty 6240.xlsx,2026-07-30 17:56:34,2026-07-30 17:56:45,2026-07-30 17:56:44
P:10-00522ER:01S:SIE262603394,2026-07-29 17:00:00,SFOHOUT00052411,,93248377,PO-US-09166,,10-00522E,2026072813,1,,P:90-06831ER:01S:SIE262704318,PO-US-09166 shipped 073026 ASN 93248377 Qty 6240.xlsx,2026-07-30 17:56:34,2026-07-30 17:56:45,2026-07-30 17:56:44
P:10-00522ER:01S:SIE262603396,2026-07-29 17:00:00,SFOHOUT00052411,,93248377,PO-US-09166,,10-00522E,2026072814,1,,P:90-06831ER:01S:SIE262704369,PO-US-09166 shipped 073026 ASN 93248377 Qty 6240.xlsx,2026-07-30 17:56:34,2026-07-30 17:56:45,2026-07-30 17:56:44
P:10-00522ER:01S:SIE262603397,2026-07-29 17:00:00,SFOHOUT00052411,,93248377,PO-US-09166,,10-00522E,202607283,1,,P:90-06831ER:01S:SIE262704460,PO-US-09166 shipped 073026 ASN 93248377 Qty 6240.xlsx,2026-07-30 17:56:34,2026-07-30 17:56:45,2026-07-30 17:56:44
P:10-00522ER:01S:SIE262603398,2026-07-29 17:00:00,SFOHOUT00052411,,93248377,PO-US-09166,,10-00522E,2026072813,1,,P:90-06831ER:01S:SIE262704274,PO-US-09166 shipped 073026 ASN 93248377 Qty 6240.xlsx,2026-07-30 17:56:34,2026-07-30 17:56:45,2026-07-30 17:56:44
P:10-00522ER:01S:SIE262603405,2026-07-29 17:00:00,SFOHOUT00052411,,93248377,PO-US-09166,,10-00522E,2026072813,1,,P:90-06831ER:01S:SIE262704274,PO-US-09166 shipped 073026 ASN 93248377 Qty 6240.xlsx,2026-07-30 17:56:34,2026-07-30 17:56:45,2026-07-30 17:56:44
P:10-00522ER:01S:SIE262603406,2026-07-29 17:00:00,SFOHOUT00052411,,93248377,PO-US-09166,,10-00522E,202607286,1,,P:90-06831ER:01S:SIE262811686,PO-US-09166 shipped 073026 ASN 93248377 Qty 6240.xlsx,2026-07-30 17:56:34,2026-07-30 17:56:45,2026-07-30 17:56:44
P:10-00522ER:01S:SIE262603408,2026-07-29 17:00:00,SFOHOUT00052411,,93248377,PO-US-09166,,10-00522E,202607284,1,,P:90-06831ER:01S:SIE262704428,PO-US-09166 shipped 073026 ASN 93248377 Qty 6240.xlsx,2026-07-30 17:56:34,2026-07-30 17:56:45,2026-07-30 17:56:44
P:10-00522ER:01S:SIE262603413,2026-07-29 17:00:00,SFOHOUT00052411,,93248377,PO-US-09166,,10-00522E,202607283,1,,P:90-06831ER:01S:SIE262704396,PO-US-09166 shipped 073026 ASN 93248377 Qty 6240.xlsx,2026-07-30 17:56:34,2026-07-30 17:56:45,2026-07-30 17:56:44
P:10-00522ER:01S:SIE262603415,2026-07-29 17:00:00,SFOHOUT00052411,,93248377,PO-US-09166,,10-00522E,202607285,1,,P:90-06831ER:01S:SIE262811662,PO-US-09166 shipped 073026 ASN 93248377 Qty 6240.xlsx,2026-07-30 17:56:34,2026-07-30 17:56:45,2026-07-30 17:56:44
P:10-00522ER:01S:SIE262603416,2026-07-29 17:00:00,SFOHOUT00052411,,93248377,PO-US-09166,,10-00522E,2026072813,1,,P:90-06831ER:01S:SIE262704319,PO-US-09166 shipped 073026 ASN 93248377 Qty 6240.xlsx,2026-07-30 17:56:34,2026-07-30 17:56:45,2026-07-30 17:56:44
P:10-00522ER:01S:SIE262603417,2026-07-29 17:00:00,SFOHOUT00052411,,93248377,PO-US-09166,,10-00522E,202607285,1,,P:90-06831ER:01S:SIE262811662,PO-US-09166 shipped 073026 ASN 93248377 Qty 6240.xlsx,2026-07-30 17:56:34,2026-07-30 17:56:45,2026-07-30 17:56:44
P:10-00522ER:01S:SIE262603432,2026-07-29 17:00:00,SFOHOUT00052411,,93248377,PO-US-09166,,10-00522E,202607283,1,,P:90-06831ER:01S:SIE262704460,PO-US-09166 shipped 073026 ASN 93248377 Qty 6240.xlsx,2026-07-30 17:56:34,2026-07-30 17:56:45,2026-07-30 17:56:44
P:10-00522ER:01S:SIE262603454,2026-07-29 17:00:00,SFOHOUT00052411,,93248377,PO-US-09166,,10-00522E,202607285,1,,P:90-06831ER:01S:SIE262811662,PO-US-09166 shipped 073026 ASN 93248377 Qty 6240.xlsx,2026-07-30 17:56:34,2026-07-30 17:56:45,2026-07-30 17:56:44
P:10-00522ER:01S:SIE262603459,2026-07-29 17:00:00,SFOHOUT00052411,,93248377,PO-US-09166,,10-00522E,202607285,1,,P:90-06831ER:01S:SIE262811662,PO-US-09166 shipped 073026 ASN 93248377 Qty 6240.xlsx,2026-07-30 17:56:34,2026-07-30 17:56:45,2026-07-30 17:56:44
P:10-00522ER:01S:SIE262603466,2026-07-29 17:00:00,SFOHOUT00052411,,93248377,PO-US-09166,,10-00522E,2026072813,1,,P:90-06831ER:01S:SIE262704313,PO-US-09166 shipped 073026 ASN 93248377 Qty 6240.xlsx,2026-07-30 17:56:34,2026-07-30 17:56:45,2026-07-30 17:56:44
P:10-00522ER:01S:SIE262603467,2026-08-06 17:00:00,SFOHOUT 00052757,,93248523,PO-US-09166,,10-00522E,202608075,1,,P:90-06831ER:01S:SIE263009677,PO-US-018014 shipped 080726 ASN 93248493 Qty 8 PO-US-09054 A93248518 Q9 PO-US-08885 A93248519 Q225 PO-US-08932 A93248520 Q75 PO-US-08015 A93248521 Q200 PO-US-09166 A93248523 Q1920.xlsx,2026-08-07 18:16:17,2026-08-07 18:16:23,2026-08-07 18:16:23
P:10-00522ER:01S:SIE262603477,2026-07-29 17:00:00,SFOHOUT00052411,,93248377,PO-US-09166,,10-00522E,2026072813,1,,P:90-06831ER:01S:SIE262704319,PO-US-09166 shipped 073026 ASN 93248377 Qty 6240.xlsx,2026-07-30 17:56:34,2026-07-30 17:56:45,2026-07-30 17:56:44
P:10-00522ER:01S:SIE262603482,2026-07-29 17:00:00,SFOHOUT00052411,,93248377,PO-US-09166,,10-00522E,202607293,1,,P:90-06831ER:01S:SIE262811665,PO-US-09166 shipped 073026 ASN 93248377 Qty 6240.xlsx,2026-07-30 17:56:34,2026-07-30 17:56:45,2026-07-30 17:56:44
P:10-00522ER:01S:SIE262603504,2026-07-29 17:00:00,SFOHOUT00052411,,93248377,PO-US-09166,,10-00522E,2026072813,1,,P:90-06831ER:01S:SIE262704318,PO-US-09166 shipped 073026 ASN 93248377 Qty 6240.xlsx,2026-07-30 17:56:34,2026-07-30 17:56:45,2026-07-30 17:56:44
P:10-00522ER:01S:SIE262603509,2026-07-29 17:00:00,SFOHOUT00052411,,93248377,PO-US-09166,,10-00522E,2026072813,1,,P:90-06831ER:01S:SIE262704319,PO-US-09166 shipped 073026 ASN 93248377 Qty 6240.xlsx,2026-07-30 17:56:34,2026-07-30 17:56:45,2026-07-30 17:56:44
P:10-00522ER:01S:SIE262603511,2026-07-29 17:00:00,SFOHOUT00052411,,93248377,PO-US-09166,,10-00522E,202607288,1,,P:90-06831ER:01S:SIE262704407,PO-US-09166 shipped 073026 ASN 93248377 Qty 6240.xlsx,2026-07-30 17:56:34,2026-07-30 17:56:45,2026-07-30 17:56:44
P:10-00522ER:01S:SIE262603513,2026-07-29 17:00:00,SFOHOUT00052411,,93248377,PO-US-09166,,10-00522E,2026072813,1,,P:90-06831ER:01S:SIE262704274,PO-US-09166 shipped 073026 ASN 93248377 Qty 6240.xlsx,2026-07-30 17:56:34,2026-07-30 17:56:45,2026-07-30 17:56:44
P:10-00522ER:01S:SIE262603517,2026-07-29 17:00:00,SFOHOUT00052411,,93248377,PO-US-09166,,10-00522E,2026072814,1,,P:90-06831ER:01S:SIE262704372,PO-US-09166 shipped 073026 ASN 93248377 Qty 6240.xlsx,2026-07-30 17:56:34,2026-07-30 17:56:45,2026-07-30 17:56:44
P:10-00522ER:01S:SIE262603520,2026-07-29 17:00:00,SFOHOUT00052411,,93248377,PO-US-09166,,10-00522E,2026072813,1,,P:90-06831ER:01S:SIE262704319,PO-US-09166 shipped 073026 ASN 93248377 Qty 6240.xlsx,2026-07-30 17:56:34,2026-07-30 17:56:45,2026-07-30 17:56:44
P:10-00522ER:01S:SIE262603527,2026-07-29 17:00:00,SFOHOUT00052411,,93248377,PO-US-09166,,10-00522E,202607292,1,,P:90-06831ER:01S:SIE262811647,PO-US-09166 shipped 073026 ASN 93248377 Qty 6240.xlsx,2026-07-30 17:56:34,2026-07-30 17:56:45,2026-07-30 17:56:44
P:10-00522ER:01S:SIE262603531,2026-07-29 17:00:00,SFOHOUT00052411,,93248377,PO-US-09166,,10-00522E,202607292,1,,P:90-06831ER:01S:SIE262811646,PO-US-09166 shipped 073026 ASN 93248377 Qty 6240.xlsx,2026-07-30 17:56:34,2026-07-30 17:56:45,2026-07-30 17:56:44
P:10-00522ER:01S:SIE262603548,2026-07-29 17:00:00,SFOHOUT00052411,,93248377,PO-US-09166,,10-00522E,2026072813,1,,P:90-06831ER:01S:SIE262704284,PO-US-09166 shipped 073026 ASN 93248377 Qty 6240.xlsx,2026-07-30 17:56:34,2026-07-30 17:56:45,2026-07-30 17:56:44
P:10-00522ER:01S:SIE262603551,2026-07-29 17:00:00,SFOHOUT00052411,,93248377,PO-US-09166,,10-00522E,2026072814,1,,P:90-06831ER:01S:SIE262704373,PO-US-09166 shipped 073026 ASN 93248377 Qty 6240.xlsx,2026-07-30 17:56:34,2026-07-30 17:56:45,2026-07-30 17:56:44
P:10-00522ER:01S:SIE262603552,2026-07-29 17:00:00,SFOHOUT00052411,,93248377,PO-US-09166,,10-00522E,202607285,1,,P:90-06831ER:01S:SIE262811659,PO-US-09166 shipped 073026 ASN 93248377 Qty 6240.xlsx,2026-07-30 17:56:34,2026-07-30 17:56:45,2026-07-30 17:56:44
P:10-00522ER:01S:SIE262603558,2026-07-29 17:00:00,SFOHOUT00052411,,93248377,PO-US-09166,,10-00522E,202607285,1,,P:90-06831ER:01S:SIE262811660,PO-US-09166 shipped 073026 ASN 93248377 Qty 6240.xlsx,2026-07-30 17:56:34,2026-07-30 17:56:45,2026-07-30 17:56:44
P:10-00522ER:01S:SIE262603565,2026-07-29 17:00:00,SFOHOUT00052411,,93248377,PO-US-09166,,10-00522E,2026072813,1,,P:90-06831ER:01S:SIE262704275,PO-US-09166 shipped 073026 ASN 93248377 Qty 6240.xlsx,2026-07-30 17:56:34,2026-07-30 17:56:45,2026-07-30 17:56:44
P:10-00522ER:01S:SIE262603575,2026-07-29 17:00:00,SFOHOUT00052411,,93248377,PO-US-09166,,10-00522E,2026072813,1,,P:90-06831ER:01S:SIE262704313,PO-US-09166 shipped 073026 ASN 93248377 Qty 6240.xlsx,2026-07-30 17:56:34,2026-07-30 17:56:45,2026-07-30 17:56:44
P:10-00522ER:01S:SIE262603578,2026-07-29 17:00:00,SFOHOUT00052411,,93248377,PO-US-09166,,10-00522E,2026072813,1,,P:90-06831ER:01S:SIE262704313,PO-US-09166 shipped 073026 ASN 93248377 Qty 6240.xlsx,2026-07-30 17:56:34,2026-07-30 17:56:45,2026-07-30 17:56:44
P:10-00522ER:01S:SIE262603587,2026-07-29 17:00:00,SFOHOUT00052411,,93248377,PO-US-09166,,10-00522E,2026072813,1,,P:90-06831ER:01S:SIE262704275,PO-US-09166 shipped 073026 ASN 93248377 Qty 6240.xlsx,2026-07-30 17:56:34,2026-07-30 17:56:45,2026-07-30 17:56:44
P:10-00522ER:01S:SIE262603595,2026-07-29 17:00:00,SFOHOUT00052411,,93248377,PO-US-09166,,10-00522E,2026072813,1,,P:90-06831ER:01S:SIE262704272,PO-US-09166 shipped 073026 ASN 93248377 Qty 6240.xlsx,2026-07-30 17:56:34,2026-07-30 17:56:45,2026-07-30 17:56:44
P:10-00522ER:01S:SIE262603603,2026-07-29 17:00:00,SFOHOUT00052411,,93248377,PO-US-09166,,10-00522E,2026072813,1,,P:90-06831ER:01S:SIE262704313,PO-US-09166 shipped 073026 ASN 93248377 Qty 6240.xlsx,2026-07-30 17:56:34,2026-07-30 17:56:45,2026-07-30 17:56:44
P:10-00522ER:01S:SIE262603606,2026-07-29 17:00:00,SFOHOUT00052411,,93248377,PO-US-09166,,10-00522E,2026072814,1,,P:90-06831ER:01S:SIE262704369,PO-US-09166 shipped 073026 ASN 93248377 Qty 6240.xlsx,2026-07-30 17:56:34,2026-07-30 17:56:45,2026-07-30 17:56:44
P:10-00522ER:01S:SIE262603607,2026-07-29 17:00:00,SFOHOUT00052411,,93248377,PO-US-09166,,10-00522E,202607288,1,,P:90-06831ER:01S:SIE262704407,PO-US-09166 shipped 073026 ASN 93248377 Qty 6240.xlsx,2026-07-30 17:56:34,2026-07-30 17:56:45,2026-07-30 17:56:44
P:10-00522ER:01S:SIE262603615,2026-07-29 17:00:00,SFOHOUT00052411,,93248377,PO-US-09166,,10-00522E,2026072813,1,,P:90-06831ER:01S:SIE262704303,PO-US-09166 shipped 073026 ASN 93248377 Qty 6240.xlsx,2026-07-30 17:56:34,2026-07-30 17:56:45,2026-07-30 17:56:44
P:10-00522ER:01S:SIE262603622,2026-07-29 17:00:00,SFOHOUT00052411,,93248377,PO-US-09166,,10-00522E,202607283,1,,P:90-06831ER:01S:SIE262704396,PO-US-09166 shipped 073026 ASN 93248377 Qty 6240.xlsx,2026-07-30 17:56:34,2026-07-30 17:56:45,2026-07-30 17:56:44
P:10-00522ER:01S:SIE262603627,2026-07-29 17:00:00,SFOHOUT00052411,,93248377,PO-US-09166,,10-00522E,2026072814,1,,P:90-06831ER:01S:SIE262704372,PO-US-09166 shipped 073026 ASN 93248377 Qty 6240.xlsx,2026-07-30 17:56:34,2026-07-30 17:56:45,2026-07-30 17:56:44
P:10-00522ER:01S:SIE262603629,2026-07-29 17:00:00,SFOHOUT00052411,,93248377,PO-US-09166,,10-00522E,2026072814,1,,P:90-06831ER:01S:SIE262704369,PO-US-09166 shipped 073026 ASN 93248377 Qty 6240.xlsx,2026-07-30 17:56:34,2026-07-30 17:56:45,2026-07-30 17:56:44
P:10-00522ER:01S:SIE262603636,2026-07-29 17:00:00,SFOHOUT00052411,,93248377,PO-US-09166,,10-00522E,202607289,1,,P:90-06831ER:01S:SIE262704459,PO-US-09166 shipped 073026 ASN 93248377 Qty 6240.xlsx,2026-07-30 17:56:34,2026-07-30 17:56:45,2026-07-30 17:56:44
P:10-00522ER:01S:SIE262603637,2026-07-29 17:00:00,SFOHOUT00052411,,93248377,PO-US-09166,,10-00522E,202607288,1,,P:90-06831ER:01S:SIE262704409,PO-US-09166 shipped 073026 ASN 93248377 Qty 6240.xlsx,2026-07-30 17:56:34,2026-07-30 17:56:45,2026-07-30 17:56:44
P:10-00522ER:01S:SIE262603641,2026-07-29 17:00:00,SFOHOUT00052411,,93248377,PO-US-09166,,10-00522E,2026072813,1,,P:90-06831ER:01S:SIE262704284,PO-US-09166 shipped 073026 ASN 93248377 Qty 6240.xlsx,2026-07-30 17:56:34,2026-07-30 17:56:45,2026-07-30 17:56:44
P:10-00522ER:01S:SIE262603647,2026-07-29 17:00:00,SFOHOUT00052411,,93248377,PO-US-09166,,10-00522E,2026072813,1,,P:90-06831ER:01S:SIE262704284,PO-US-09166 shipped 073026 ASN 93248377 Qty 6240.xlsx,2026-07-30 17:56:34,2026-07-30 17:56:45,2026-07-30 17:56:44
P:10-00522ER:01S:SIE262603661,2026-07-29 17:00:00,SFOHOUT00052411,,93248377,PO-US-09166,,10-00522E,2026072813,1,,P:90-06831ER:01S:SIE262704275,PO-US-09166 shipped 073026 ASN 93248377 Qty 6240.xlsx,2026-07-30 17:56:34,2026-07-30 17:56:45,2026-07-30 17:56:44
P:10-00522ER:01S:SIE262603676,2026-07-29 17:00:00,SFOHOUT00052411,,93248377,PO-US-09166,,10-00522E,202607283,1,,P:90-06831ER:01S:SIE262704460,PO-US-09166 shipped 073026 ASN 93248377 Qty 6240.xlsx,2026-07-30 17:56:34,2026-07-30 17:56:45,2026-07-30 17:56:44
P:10-00522ER:01S:SIE262603677,2026-07-29 17:00:00,SFOHOUT00052411,,93248377,PO-US-09166,,10-00522E,2026072814,1,,P:90-06831ER:01S:SIE262704375,PO-US-09166 shipped 073026 ASN 93248377 Qty 6240.xlsx,2026-07-30 17:56:34,2026-07-30 17:56:45,2026-07-30 17:56:44
P:10-00522ER:01S:SIE262603680,2026-07-29 17:00:00,SFOHOUT00052411,,93248377,PO-US-09166,,10-00522E,202607293,1,,P:90-06831ER:01S:SIE262811667,PO-US-09166 shipped 073026 ASN 93248377 Qty 6240.xlsx,2026-07-30 17:56:34,2026-07-30 17:56:45,2026-07-30 17:56:44
P:10-00522ER:01S:SIE262603681,2026-07-29 17:00:00,SFOHOUT00052411,,93248377,PO-US-09166,,10-00522E,202607285,1,,P:90-06831ER:01S:SIE262811658,PO-US-09166 shipped 073026 ASN 93248377 Qty 6240.xlsx,2026-07-30 17:56:34,2026-07-30 17:56:45,2026-07-30 17:56:44
P:10-00522ER:01S:SIE262603683,2026-07-29 17:00:00,SFOHOUT00052411,,93248377,PO-US-09166,,10-00522E,202607293,1,,P:90-06831ER:01S:SIE262811668,PO-US-09166 shipped 073026 ASN 93248377 Qty 6240.xlsx,2026-07-30 17:56:34,2026-07-30 17:56:45,2026-07-30 17:56:44
P:10-00522ER:01S:SIE262603685,2026-07-29 17:00:00,SFOHOUT00052411,,93248377,PO-US-09166,,10-00522E,202607285,1,,P:90-06831ER:01S:SIE262811658,PO-US-09166 shipped 073026 ASN 93248377 Qty 6240.xlsx,2026-07-30 17:56:34,2026-07-30 17:56:45,2026-07-30 17:56:44
P:10-00522ER:01S:SIE262603688,2026-07-29 17:00:00,SFOHOUT00052411,,93248377,PO-US-09166,,10-00522E,202607293,1,,P:90-06831ER:01S:SIE262811669,PO-US-09166 shipped 073026 ASN 93248377 Qty 6240.xlsx,2026-07-30 17:56:34,2026-07-30 17:56:45,2026-07-30 17:56:44
P:10-00522ER:01S:SIE262603689,2026-07-29 17:00:00,SFOHOUT00052411,,93248377,PO-US-09166,,10-00522E,202607285,1,,P:90-06831ER:01S:SIE262811658,PO-US-09166 shipped 073026 ASN 93248377 Qty 6240.xlsx,2026-07-30 17:56:34,2026-07-30 17:56:45,2026-07-30 17:56:44
P:10-00522ER:01S:SIE262603690,2026-07-29 17:00:00,SFOHOUT00052411,,93248377,PO-US-09166,,10-00522E,202607293,1,,P:90-06831ER:01S:SIE262811667,PO-US-09166 shipped 073026 ASN 93248377 Qty 6240.xlsx,2026-07-30 17:56:34,2026-07-30 17:56:45,2026-07-30 17:56:44
P:10-00522ER:01S:SIE262603691,2026-07-29 17:00:00,SFOHOUT00052411,,93248377,PO-US-09166,,10-00522E,202607293,1,,P:90-06831ER:01S:SIE262811667,PO-US-09166 shipped 073026 ASN 93248377 Qty 6240.xlsx,2026-07-30 17:56:34,2026-07-30 17:56:45,2026-07-30 17:56:44
P:10-00522ER:01S:SIE262603693,2026-07-29 17:00:00,SFOHOUT00052411,,93248377,PO-US-09166,,10-00522E,202607293,1,,P:90-06831ER:01S:SIE262811667,PO-US-09166 shipped 073026 ASN 93248377 Qty 6240.xlsx,2026-07-30 17:56:34,2026-07-30 17:56:45,2026-07-30 17:56:44
P:10-00522ER:01S:SIE262603694,2026-07-29 17:00:00,SFOHOUT00052411,,93248377,PO-US-09166,,10-00522E,202607293,1,,P:90-06831ER:01S:SIE262811666,PO-US-09166 shipped 073026 ASN 93248377 Qty 6240.xlsx,2026-07-30 17:56:34,2026-07-30 17:56:45,2026-07-30 17:56:44
P:10-00522ER:01S:SIE262603695,2026-07-29 17:00:00,SFOHOUT00052411,,93248377,PO-US-09166,,10-00522E,202607293,1,,P:90-06831ER:01S:SIE262811666,PO-US-09166 shipped 073026 ASN 93248377 Qty 6240.xlsx,2026-07-30 17:56:34,2026-07-30 17:56:45,2026-07-30 17:56:44
P:10-00522ER:01S:SIE262603696,2026-07-29 17:00:00,SFOHOUT00052411,,93248377,PO-US-09166,,10-00522E,202607293,1,,P:90-06831ER:01S:SIE262811669,PO-US-09166 shipped 073026 ASN 93248377 Qty 6240.xlsx,2026-07-30 17:56:34,2026-07-30 17:56:45,2026-07-30 17:56:44
P:10-00522ER:01S:SIE262603697,2026-07-29 17:00:00,SFOHOUT00052411,,93248377,PO-US-09166,,10-00522E,202607285,1,,P:90-06831ER:01S:SIE262811662,PO-US-09166 shipped 073026 ASN 93248377 Qty 6240.xlsx,2026-07-30 17:56:34,2026-07-30 17:56:45,2026-07-30 17:56:44
P:10-00522ER:01S:SIE262603698,2026-07-29 17:00:00,SFOHOUT00052411,,93248377,PO-US-09166,,10-00522E,202607283,1,,P:90-06831ER:01S:SIE262704382,PO-US-09166 shipped 073026 ASN 93248377 Qty 6240.xlsx,2026-07-30 17:56:34,2026-07-30 17:56:45,2026-07-30 17:56:44
P:10-00522ER:01S:SIE262603699,2026-07-29 17:00:00,SFOHOUT00052411,,93248377,PO-US-09166,,10-00522E,202607293,1,,P:90-06831ER:01S:SIE262811665,PO-US-09166 shipped 073026 ASN 93248377 Qty 6240.xlsx,2026-07-30 17:56:34,2026-07-30 17:56:45,2026-07-30 17:56:44
P:10-00522ER:01S:SIE262603700,2026-07-29 17:00:00,SFOHOUT00052411,,93248377,PO-US-09166,,10-00522E,202607293,1,,P:90-06831ER:01S:SIE262811668,PO-US-09166 shipped 073026 ASN 93248377 Qty 6240.xlsx,2026-07-30 17:56:34,2026-07-30 17:56:45,2026-07-30 17:56:44
P:10-00522ER:01S:SIE262603701,2026-07-29 17:00:00,SFOHOUT00052411,,93248377,PO-US-09166,,10-00522E,202607293,1,,P:90-06831ER:01S:SIE262811668,PO-US-09166 shipped 073026 ASN 93248377 Qty 6240.xlsx,2026-07-30 17:56:34,2026-07-30 17:56:45,2026-07-30 17:56:44
P:10-00522ER:01S:SIE262603702,2026-07-29 17:00:00,SFOHOUT00052411,,93248377,PO-US-09166,,10-00522E,202607293,1,,P:90-06831ER:01S:SIE262811665,PO-US-09166 shipped 073026 ASN 93248377 Qty 6240.xlsx,2026-07-30 17:56:34,2026-07-30 17:56:45,2026-07-30 17:56:44
P:10-00522ER:01S:SIE262603703,2026-07-29 17:00:00,SFOHOUT00052411,,93248377,PO-US-09166,,10-00522E,202607293,1,,P:90-06831ER:01S:SIE262811665,PO-US-09166 shipped 073026 ASN 93248377 Qty 6240.xlsx,2026-07-30 17:56:34,2026-07-30 17:56:45,2026-07-30 17:56:44
P:10-00522ER:01S:SIE262603705,2026-07-29 17:00:00,SFOHOUT00052411,,93248377,PO-US-09166,,10-00522E,202607285,1,,P:90-06831ER:01S:SIE262811658,PO-US-09166 shipped 073026 ASN 93248377 Qty 6240.xlsx,2026-07-30 17:56:34,2026-07-30 17:56:45,2026-07-30 17:56:44
P:10-00522ER:01S:SIE262603706,2026-07-29 17:00:00,SFOHOUT00052411,,93248377,PO-US-09166,,10-00522E,2026072813,1,,P:90-06831ER:01S:SIE262704284,PO-US-09166 shipped 073026 ASN 93248377 Qty 6240.xlsx,2026-07-30 17:56:34,2026-07-30 17:56:45,2026-07-30 17:56:44
P:10-00522ER:01S:SIE262603707,2026-07-29 17:00:00,SFOHOUT00052411,,93248377,PO-US-09166,,10-00522E,202607285,1,,P:90-06831ER:01S:SIE262811658,PO-US-09166 shipped 073026 ASN 93248377 Qty 6240.xlsx,2026-07-30 17:56:34,2026-07-30 17:56:45,2026-07-30 17:56:44
P:10-00522ER:01S:SIE262603708,2026-07-29 17:00:00,SFOHOUT00052411,,93248377,PO-US-09166,,10-00522E,202607285,1,,P:90-06831ER:01S:SIE262811658,PO-US-09166 shipped 073026 ASN 93248377 Qty 6240.xlsx,2026-07-30 17:56:34,2026-07-30 17:56:45,2026-07-30 17:56:44
P:10-00522ER:01S:SIE262603709,2026-07-29 17:00:00,SFOHOUT00052411,,93248377,PO-US-09166,,10-00522E,202607287,1,,P:90-06831ER:01S:SIE262811685,PO-US-09166 shipped 073026 ASN 93248377 Qty 6240.xlsx,2026-07-30 17:56:34,2026-07-30 17:56:45,2026-07-30 17:56:44
P:10-00522ER:01S:SIE262603710,2026-07-29 17:00:00,SFOHOUT00052411,,93248377,PO-US-09166,,10-00522E,202607285,1,,P:90-06831ER:01S:SIE262811658,PO-US-09166 shipped 073026 ASN 93248377 Qty 6240.xlsx,2026-07-30 17:56:34,2026-07-30 17:56:45,2026-07-30 17:56:44
P:10-00522ER:01S:SIE262603711,2026-07-29 17:00:00,SFOHOUT00052411,,93248377,PO-US-09166,,10-00522E,202607293,1,,P:90-06831ER:01S:SIE262811667,PO-US-09166 shipped 073026 ASN 93248377 Qty 6240.xlsx,2026-07-30 17:56:34,2026-07-30 17:56:45,2026-07-30 17:56:44
P:10-00522ER:01S:SIE262603712,2026-07-29 17:00:00,SFOHOUT00052411,,93248377,PO-US-09166,,10-00522E,202607293,1,,P:90-06831ER:01S:SIE262811667,PO-US-09166 shipped 073026 ASN 93248377 Qty 6240.xlsx,2026-07-30 17:56:34,2026-07-30 17:56:45,2026-07-30 17:56:44
P:10-00522ER:01S:SIE262603713,2026-07-29 17:00:00,SFOHOUT00052411,,93248377,PO-US-09166,,10-00522E,202607293,1,,P:90-06831ER:01S:SIE262811653,PO-US-09166 shipped 073026 ASN 93248377 Qty 6240.xlsx,2026-07-30 17:56:34,2026-07-30 17:56:45,2026-07-30 17:56:44
P:10-00522ER:01S:SIE262603714,2026-07-29 17:00:00,SFOHOUT00052411,,93248377,PO-US-09166,,10-00522E,202607293,1,,P:90-06831ER:01S:SIE262811653,PO-US-09166 shipped 073026 ASN 93248377 Qty 6240.xlsx,2026-07-30 17:56:34,2026-07-30 17:56:45,2026-07-30 17:56:44
P:10-00522ER:01S:SIE262603715,2026-07-29 17:00:00,SFOHOUT00052411,,93248377,PO-US-09166,,10-00522E,202607285,1,,P:90-06831ER:01S:SIE262811658,PO-US-09166 shipped 073026 ASN 93248377 Qty 6240.xlsx,2026-07-30 17:56:34,2026-07-30 17:56:45,2026-07-30 17:56:44
P:10-00522ER:01S:SIE262603716,2026-07-29 17:00:00,SFOHOUT00052411,,93248377,PO-US-09166,,10-00522E,202607293,1,,P:90-06831ER:01S:SIE262811667,PO-US-09166 shipped 073026 ASN 93248377 Qty 6240.xlsx,2026-07-30 17:56:34,2026-07-30 17:56:45,2026-07-30 17:56:44
P:10-00522ER:01S:SIE262603718,2026-07-29 17:00:00,SFOHOUT00052411,,93248377,PO-US-09166,,10-00522E,202607285,1,,P:90-06831ER:01S:SIE262811654,PO-US-09166 shipped 073026 ASN 93248377 Qty 6240.xlsx,2026-07-30 17:56:34,2026-07-30 17:56:45,2026-07-30 17:56:44
P:10-00522ER:01S:SIE262603719,2026-07-29 17:00:00,SFOHOUT00052411,,93248377,PO-US-09166,,10-00522E,202607293,1,,P:90-06831ER:01S:SIE262811668,PO-US-09166 shipped 073026 ASN 93248377 Qty 6240.xlsx,2026-07-30 17:56:34,2026-07-30 17:56:45,2026-07-30 17:56:44
P:10-00522ER:01S:SIE262603720,2026-07-29 17:00:00,SFOHOUT00052411,,93248377,PO-US-09166,,10-00522E,202607285,1,,P:90-06831ER:01S:SIE262811658,PO-US-09166 shipped 073026 ASN 93248377 Qty 6240.xlsx,2026-07-30 17:56:34,2026-07-30 17:56:45,2026-07-30 17:56:44
P:10-00522ER:01S:SIE262603721,2026-07-29 17:00:00,SFOHOUT00052411,,93248377,PO-US-09166,,10-00522E,202607293,1,,P:90-06831ER:01S:SIE262811667,PO-US-09166 shipped 073026 ASN 93248377 Qty 6240.xlsx,2026-07-30 17:56:34,2026-07-30 17:56:45,2026-07-30 17:56:44
P:10-00522ER:01S:SIE262603723,2026-07-29 17:00:00,SFOHOUT00052411,,93248377,PO-US-09166,,10-00522E,202607293,1,,P:90-06831ER:01S:SIE262811653,PO-US-09166 shipped 073026 ASN 93248377 Qty 6240.xlsx,2026-07-30 17:56:34,2026-07-30 17:56:45,2026-07-30 17:56:44
P:10-00522ER:01S:SIE262603725,2026-07-29 17:00:00,SFOHOUT00052411,,93248377,PO-US-09166,,10-00522E,202607292,1,,P:90-06831ER:01S:SIE262811643,PO-US-09166 shipped 073026 ASN 93248377 Qty 6240.xlsx,2026-07-30 17:56:34,2026-07-30 17:56:45,2026-07-30 17:56:44
P:10-00522ER:01S:SIE262603726,2026-07-29 17:00:00,SFOHOUT00052411,,93248377,PO-US-09166,,10-00522E,202607293,1,,P:90-06831ER:01S:SIE262811667,PO-US-09166 shipped 073026 ASN 93248377 Qty 6240.xlsx,2026-07-30 17:56:34,2026-07-30 17:56:45,2026-07-30 17:56:44
P:10-00522ER:01S:SIE262603727,2026-07-29 17:00:00,SFOHOUT00052411,,93248377,PO-US-09166,,10-00522E,202607293,1,,P:90-06831ER:01S:SIE262811668,PO-US-09166 shipped 073026 ASN 93248377 Qty 6240.xlsx,2026-07-30 17:56:34,2026-07-30 17:56:45,2026-07-30 17:56:44
P:10-00522ER:01S:SIE262603728,2026-07-29 17:00:00,SFOHOUT00052411,,93248377,PO-US-09166,,10-00522E,202607293,1,,P:90-06831ER:01S:SIE262811667,PO-US-09166 shipped 073026 ASN 93248377 Qty 6240.xlsx,2026-07-30 17:56:34,2026-07-30 17:56:45,2026-07-30 17:56:44
P:10-00522ER:01S:SIE262603729,2026-07-29 17:00:00,SFOHOUT00052411,,93248377,PO-US-09166,,10-00522E,202607293,1,,P:90-06831ER:01S:SIE262811668,PO-US-09166 shipped 073026 ASN 93248377 Qty 6240.xlsx,2026-07-30 17:56:34,2026-07-30 17:56:45,2026-07-30 17:56:44
P:10-00522ER:01S:SIE262603730,2026-07-29 17:00:00,SFOHOUT00052411,,93248377,PO-US-09166,,10-00522E,202607293,1,,P:90-06831ER:01S:SIE262811667,PO-US-09166 shipped 073026 ASN 93248377 Qty 6240.xlsx,2026-07-30 17:56:34,2026-07-30 17:56:45,2026-07-30 17:56:44
P:10-00522ER:01S:SIE262603731,2026-07-29 17:00:00,SFOHOUT00052411,,93248377,PO-US-09166,,10-00522E,202607293,1,,P:90-06831ER:01S:SIE262811666,PO-US-09166 shipped 073026 ASN 93248377 Qty 6240.xlsx,2026-07-30 17:56:34,2026-07-30 17:56:45,2026-07-30 17:56:44
P:10-00522ER:01S:SIE262603732,2026-07-29 17:00:00,SFOHOUT00052411,,93248377,PO-US-09166,,10-00522E,202607293,1,,P:90-06831ER:01S:SIE262811653,PO-US-09166 shipped 073026 ASN 93248377 Qty 6240.xlsx,2026-07-30 17:56:34,2026-07-30 17:56:45,2026-07-30 17:56:44
P:10-00522ER:01S:SIE262603733,2026-07-29 17:00:00,SFOHOUT00052411,,93248377,PO-US-09166,,10-00522E,202607293,1,,P:90-06831ER:01S:SIE262811667,PO-US-09166 shipped 073026 ASN 93248377 Qty 6240.xlsx,2026-07-30 17:56:34,2026-07-30 17:56:45,2026-07-30 17:56:44
P:10-00522ER:01S:SIE262603734,2026-07-29 17:00:00,SFOHOUT00052411,,93248377,PO-US-09166,,10-00522E,202607293,1,,P:90-06831ER:01S:SIE262811666,PO-US-09166 shipped 073026 ASN 93248377 Qty 6240.xlsx,2026-07-30 17:56:34,2026-07-30 17:56:45,2026-07-30 17:56:44
P:10-00522ER:01S:SIE262603735,2026-07-29 17:00:00,SFOHOUT00052411,,93248377,PO-US-09166,,10-00522E,202607293,1,,P:90-06831ER:01S:SIE262811666,PO-US-09166 shipped 073026 ASN 93248377 Qty 6240.xlsx,2026-07-30 17:56:34,2026-07-30 17:56:45,2026-07-30 17:56:44
P:10-00522ER:01S:SIE262603736,2026-07-29 17:00:00,SFOHOUT00052411,,93248377,PO-US-09166,,10-00522E,202607285,1,,P:90-06831ER:01S:SIE262811658,PO-US-09166 shipped 073026 ASN 93248377 Qty 6240.xlsx,2026-07-30 17:56:34,2026-07-30 17:56:45,2026-07-30 17:56:44
P:10-00522ER:01S:SIE262603737,2026-07-29 17:00:00,SFOHOUT00052411,,93248377,PO-US-09166,,10-00522E,202607293,1,,P:90-06831ER:01S:SIE262811666,PO-US-09166 shipped 073026 ASN 93248377 Qty 6240.xlsx,2026-07-30 17:56:34,2026-07-30 17:56:45,2026-07-30 17:56:44
P:10-00522ER:01S:SIE262603738,2026-07-29 17:00:00,SFOHOUT00052411,,93248377,PO-US-09166,,10-00522E,202607285,1,,P:90-06831ER:01S:SIE262811658,PO-US-09166 shipped 073026 ASN 93248377 Qty 6240.xlsx,2026-07-30 17:56:34,2026-07-30 17:56:45,2026-07-30 17:56:44
P:10-00522ER:01S:SIE262603741,2026-07-29 17:00:00,SFOHOUT00052411,,93248377,PO-US-09166,,10-00522E,202607293,1,,P:90-06831ER:01S:SIE262811665,PO-US-09166 shipped 073026 ASN 93248377 Qty 6240.xlsx,2026-07-30 17:56:34,2026-07-30 17:56:45,2026-07-30 17:56:44
P:10-00522ER:01S:SIE262603742,2026-07-29 17:00:00,SFOHOUT00052411,,93248377,PO-US-09166,,10-00522E,202607293,1,,P:90-06831ER:01S:SIE262811665,PO-US-09166 shipped 073026 ASN 93248377 Qty 6240.xlsx,2026-07-30 17:56:34,2026-07-30 17:56:45,2026-07-30 17:56:44
P:10-00522ER:01S:SIE262603743,2026-07-29 17:00:00,SFOHOUT00052411,,93248377,PO-US-09166,,10-00522E,202607293,1,,P:90-06831ER:01S:SIE262811668,PO-US-09166 shipped 073026 ASN 93248377 Qty 6240.xlsx,2026-07-30 17:56:34,2026-07-30 17:56:45,2026-07-30 17:56:44
P:10-00522ER:01S:SIE262603744,2026-07-29 17:00:00,SFOHOUT00052411,,93248377,PO-US-09166,,10-00522E,202607293,1,,P:90-06831ER:01S:SIE262811666,PO-US-09166 shipped 073026 ASN 93248377 Qty 6240.xlsx,2026-07-30 17:56:34,2026-07-30 17:56:45,2026-07-30 17:56:44
P:10-00522ER:01S:SIE262603745,2026-07-29 17:00:00,SFOHOUT00052411,,93248377,PO-US-09166,,10-00522E,202607293,1,,P:90-06831ER:01S:SIE262811666,PO-US-09166 shipped 073026 ASN 93248377 Qty 6240.xlsx,2026-07-30 17:56:34,2026-07-30 17:56:45,2026-07-30 17:56:44
P:10-00522ER:01S:SIE262603746,2026-07-29 17:00:00,SFOHOUT00052411,,93248377,PO-US-09166,,10-00522E,202607293,1,,P:90-06831ER:01S:SIE262811668,PO-US-09166 shipped 073026 ASN 93248377 Qty 6240.xlsx,2026-07-30 17:56:34,2026-07-30 17:56:45,2026-07-30 17:56:44
P:10-00522ER:01S:SIE262603747,2026-07-29 17:00:00,SFOHOUT00052411,,93248377,PO-US-09166,,10-00522E,202607298,1,,P:90-06831ER:01S:SIE262811745,PO-US-09166 shipped 073026 ASN 93248377 Qty 6240.xlsx,2026-07-30 17:56:34,2026-07-30 17:56:45,2026-07-30 17:56:44
P:10-00522ER:01S:SIE262603748,2026-07-29 17:00:00,SFOHOUT00052411,,93248377,PO-US-09166,,10-00522E,202607293,1,,P:90-06831ER:01S:SIE262811668,PO-US-09166 shipped 073026 ASN 93248377 Qty 6240.xlsx,2026-07-30 17:56:34,2026-07-30 17:56:45,2026-07-30 17:56:44
P:10-00522ER:01S:SIE262603749,2026-07-29 17:00:00,SFOHOUT00052411,,93248377,PO-US-09166,,10-00522E,202607285,1,,P:90-06831ER:01S:SIE262811658,PO-US-09166 shipped 073026 ASN 93248377 Qty 6240.xlsx,2026-07-30 17:56:34,2026-07-30 17:56:45,2026-07-30 17:56:44
P:10-00522ER:01S:SIE262603750,2026-07-29 17:00:00,SFOHOUT00052411,,93248377,PO-US-09166,,10-00522E,202607297,1,,P:90-06831ER:01S:SIE262811767,PO-US-09166 shipped 073026 ASN 93248377 Qty 6240.xlsx,2026-07-30 17:56:34,2026-07-30 17:56:45,2026-07-30 17:56:44
P:10-00522ER:01S:SIE262603752,2026-07-29 17:00:00,SFOHOUT00052411,,93248377,PO-US-09166,,10-00522E,202607292,1,,P:90-06831ER:01S:SIE262811643,PO-US-09166 shipped 073026 ASN 93248377 Qty 6240.xlsx,2026-07-30 17:56:34,2026-07-30 17:56:45,2026-07-30 17:56:44
P:10-00522ER:01S:SIE262603753,2026-07-29 17:00:00,SFOHOUT00052411,,93248377,PO-US-09166,,10-00522E,202607285,1,,P:90-06831ER:01S:SIE262811657,PO-US-09166 shipped 073026 ASN 93248377 Qty 6240.xlsx,2026-07-30 17:56:34,2026-07-30 17:56:45,2026-07-30 17:56:44
P:10-00522ER:01S:SIE262603755,2026-07-29 17:00:00,SFOHOUT00052411,,93248377,PO-US-09166,,10-00522E,202607285,1,,P:90-06831ER:01S:SIE262811657,PO-US-09166 shipped 073026 ASN 93248377 Qty 6240.xlsx,2026-07-30 17:56:34,2026-07-30 17:56:45,2026-07-30 17:56:44
P:10-00522ER:01S:SIE262603757,2026-07-29 17:00:00,SFOHOUT00052411,,93248377,PO-US-09166,,10-00522E,202607293,1,,P:90-06831ER:01S:SIE262811653,PO-US-09166 shipped 073026 ASN 93248377 Qty 6240.xlsx,2026-07-30 17:56:34,2026-07-30 17:56:45,2026-07-30 17:56:44
P:10-00522ER:01S:SIE262603759,2026-07-29 17:00:00,SFOHOUT00052411,,93248377,PO-US-09166,,10-00522E,202607293,1,,P:90-06831ER:01S:SIE262811666,PO-US-09166 shipped 073026 ASN 93248377 Qty 6240.xlsx,2026-07-30 17:56:34,2026-07-30 17:56:45,2026-07-30 17:56:44
P:10-00522ER:01S:SIE262603760,2026-07-29 17:00:00,SFOHOUT00052411,,93248377,PO-US-09166,,10-00522E,202607293,1,,P:90-06831ER:01S:SIE262811665,PO-US-09166 shipped 073026 ASN 93248377 Qty 6240.xlsx,2026-07-30 17:56:34,2026-07-30 17:56:45,2026-07-30 17:56:44
P:10-00522ER:01S:SIE262603761,2026-07-29 17:00:00,SFOHOUT00052411,,93248377,PO-US-09166,,10-00522E,2026072814,1,,P:90-06831ER:01S:SIE262704380,PO-US-09166 shipped 073026 ASN 93248377 Qty 6240.xlsx,2026-07-30 17:56:34,2026-07-30 17:56:45,2026-07-30 17:56:44
P:10-00522ER:01S:SIE262603762,2026-07-29 17:00:00,SFOHOUT00052411,,93248377,PO-US-09166,,10-00522E,202607293,1,,P:90-06831ER:01S:SIE262811668,PO-US-09166 shipped 073026 ASN 93248377 Qty 6240.xlsx,2026-07-30 17:56:34,2026-07-30 17:56:45,2026-07-30 17:56:44
P:10-00522ER:01S:SIE262603763,2026-07-29 17:00:00,SFOHOUT00052411,,93248377,PO-US-09166,,10-00522E,202607293,1,,P:90-06831ER:01S:SIE262811666,PO-US-09166 shipped 073026 ASN 93248377 Qty 6240.xlsx,2026-07-30 17:56:34,2026-07-30 17:56:45,2026-07-30 17:56:44
P:10-00522ER:01S:SIE262603764,2026-07-29 17:00:00,SFOHOUT00052411,,93248377,PO-US-09166,,10-00522E,202607293,1,,P:90-06831ER:01S:SIE262811668,PO-US-09166 shipped 073026 ASN 93248377 Qty 6240.xlsx,2026-07-30 17:56:34,2026-07-30 17:56:45,2026-07-30 17:56:44
P:10-00522ER:01S:SIE262603765,2026-07-29 17:00:00,SFOHOUT00052411,,93248377,PO-US-09166,,10-00522E,202607293,1,,P:90-06831ER:01S:SIE262811666,PO-US-09166 shipped 073026 ASN 93248377 Qty 6240.xlsx,2026-07-30 17:56:34,2026-07-30 17:56:45,2026-07-30 17:56:44
P:10-00522ER:01S:SIE262603766,2026-07-29 17:00:00,SFOHOUT00052411,,93248377,PO-US-09166,,10-00522E,202607293,1,,P:90-06831ER:01S:SIE262811668,PO-US-09166 shipped 073026 ASN 93248377 Qty 6240.xlsx,2026-07-30 17:56:34,2026-07-30 17:56:45,2026-07-30 17:56:44
P:10-00522ER:01S:SIE262603767,2026-07-29 17:00:00,SFOHOUT00052411,,93248377,PO-US-09166,,10-00522E,202607293,1,,P:90-06831ER:01S:SIE262811668,PO-US-09166 shipped 073026 ASN 93248377 Qty 6240.xlsx,2026-07-30 17:56:34,2026-07-30 17:56:45,2026-07-30 17:56:44
P:10-00522ER:01S:SIE262603768,2026-07-29 17:00:00,SFOHOUT00052411,,93248377,PO-US-09166,,10-00522E,202607293,1,,P:90-06831ER:01S:SIE262811668,PO-US-09166 shipped 073026 ASN 93248377 Qty 6240.xlsx,2026-07-30 17:56:34,2026-07-30 17:56:45,2026-07-30 17:56:44
P:10-00522ER:01S:SIE262603769,2026-07-29 17:00:00,SFOHOUT00052411,,93248377,PO-US-09166,,10-00522E,202607293,1,,P:90-06831ER:01S:SIE262811667,PO-US-09166 shipped 073026 ASN 93248377 Qty 6240.xlsx,2026-07-30 17:56:34,2026-07-30 17:56:45,2026-07-30 17:56:44
P:10-00522ER:01S:SIE262603770,2026-07-29 17:00:00,SFOHOUT00052411,,93248377,PO-US-09166,,10-00522E,202607293,1,,P:90-06831ER:01S:SIE262811666,PO-US-09166 shipped 073026 ASN 93248377 Qty 6240.xlsx,2026-07-30 17:56:34,2026-07-30 17:56:45,2026-07-30 17:56:44
P:10-00522ER:01S:SIE262603771,2026-07-29 17:00:00,SFOHOUT00052411,,93248377,PO-US-09166,,10-00522E,202607293,1,,P:90-06831ER:01S:SIE262811668,PO-US-09166 shipped 073026 ASN 93248377 Qty 6240.xlsx,2026-07-30 17:56:34,2026-07-30 17:56:45,2026-07-30 17:56:44
P:10-00522ER:01S:SIE262603772,2026-07-29 17:00:00,SFOHOUT00052411,,93248377,PO-US-09166,,10-00522E,202607293,1,,P:90-06831ER:01S:SIE262811666,PO-US-09166 shipped 073026 ASN 93248377 Qty 6240.xlsx,2026-07-30 17:56:34,2026-07-30 17:56:45,2026-07-30 17:56:44
P:10-00522ER:01S:SIE262603773,2026-07-29 17:00:00,SFOHOUT00052411,,93248377,PO-US-09166,,10-00522E,202607293,1,,P:90-06831ER:01S:SIE262811666,PO-US-09166 shipped 073026 ASN 93248377 Qty 6240.xlsx,2026-07-30 17:56:34,2026-07-30 17:56:45,2026-07-30 17:56:44
P:10-00522ER:01S:SIE262603774,2026-07-29 17:00:00,SFOHOUT00052411,,93248377,PO-US-09166,,10-00522E,202607293,1,,P:90-06831ER:01S:SIE262811666,PO-US-09166 shipped 073026 ASN 93248377 Qty 6240.xlsx,2026-07-30 17:56:34,2026-07-30 17:56:45,2026-07-30 17:56:44
P:10-00522ER:01S:SIE262603775,2026-07-29 17:00:00,SFOHOUT00052411,,93248377,PO-US-09166,,10-00522E,202607293,1,,P:90-06831ER:01S:SIE262811668,PO-US-09166 shipped 073026 ASN 93248377 Qty 6240.xlsx,2026-07-30 17:56:34,2026-07-30 17:56:45,2026-07-30 17:56:44
P:10-00522ER:01S:SIE262603776,2026-07-29 17:00:00,SFOHOUT00052411,,93248377,PO-US-09166,,10-00522E,202607292,1,,P:90-06831ER:01S:SIE262811643,PO-US-09166 shipped 073026 ASN 93248377 Qty 6240.xlsx,2026-07-30 17:56:34,2026-07-30 17:56:45,2026-07-30 17:56:44
P:10-00522ER:01S:SIE262603777,2026-07-29 17:00:00,SFOHOUT00052411,,93248377,PO-US-09166,,10-00522E,202607285,1,,P:90-06831ER:01S:SIE262811658,PO-US-09166 shipped 073026 ASN 93248377 Qty 6240.xlsx,2026-07-30 17:56:34,2026-07-30 17:56:45,2026-07-30 17:56:44
P:10-00522ER:01S:SIE262603778,2026-07-29 17:00:00,SFOHOUT00052411,,93248377,PO-US-09166,,10-00522E,202607285,1,,P:90-06831ER:01S:SIE262811658,PO-US-09166 shipped 073026 ASN 93248377 Qty 6240.xlsx,2026-07-30 17:56:34,2026-07-30 17:56:45,2026-07-30 17:56:44
P:10-00522ER:01S:SIE262603779,2026-07-29 17:00:00,SFOHOUT00052411,,93248377,PO-US-09166,,10-00522E,202607285,1,,P:90-06831ER:01S:SIE262811658,PO-US-09166 shipped 073026 ASN 93248377 Qty 6240.xlsx,2026-07-30 17:56:34,2026-07-30 17:56:45,2026-07-30 17:56:44
P:10-00522ER:01S:SIE262603780,2026-07-29 17:00:00,SFOHOUT00052411,,93248377,PO-US-09166,,10-00522E,202607293,1,,P:90-06831ER:01S:SIE262811666,PO-US-09166 shipped 073026 ASN 93248377 Qty 6240.xlsx,2026-07-30 17:56:34,2026-07-30 17:56:45,2026-07-30 17:56:44
P:10-00522ER:01S:SIE262603781,2026-07-29 17:00:00,SFOHOUT00052411,,93248377,PO-US-09166,,10-00522E,202607293,1,,P:90-06831ER:01S:SIE262811668,PO-US-09166 shipped 073026 ASN 93248377 Qty 6240.xlsx,2026-07-30 17:56:34,2026-07-30 17:56:45,2026-07-30 17:56:44
P:10-00522ER:01S:SIE262603782,2026-07-29 17:00:00,SFOHOUT00052411,,93248377,PO-US-09166,,10-00522E,202607293,1,,P:90-06831ER:01S:SIE262811667,PO-US-09166 shipped 073026 ASN 93248377 Qty 6240.xlsx,2026-07-30 17:56:34,2026-07-30 17:56:45,2026-07-30 17:56:44
P:10-00522ER:01S:SIE262603783,2026-07-29 17:00:00,SFOHOUT00052411,,93248377,PO-US-09166,,10-00522E,202607293,1,,P:90-06831ER:01S:SIE262811666,PO-US-09166 shipped 073026 ASN 93248377 Qty 6240.xlsx,2026-07-30 17:56:34,2026-07-30 17:56:45,2026-07-30 17:56:44
P:10-00522ER:01S:SIE262603785,2026-07-29 17:00:00,SFOHOUT00052411,,93248377,PO-US-09166,,10-00522E,202607293,1,,P:90-06831ER:01S:SIE262811667,PO-US-09166 shipped 073026 ASN 93248377 Qty 6240.xlsx,2026-07-30 17:56:34,2026-07-30 17:56:45,2026-07-30 17:56:44
P:10-00522ER:01S:SIE262603786,2026-07-29 17:00:00,SFOHOUT00052411,,93248377,PO-US-09166,,10-00522E,202607285,1,,P:90-06831ER:01S:SIE262811658,PO-US-09166 shipped 073026 ASN 93248377 Qty 6240.xlsx,2026-07-30 17:56:34,2026-07-30 17:56:45,2026-07-30 17:56:44
P:10-00522ER:01S:SIE262603789,2026-07-29 17:00:00,SFOHOUT00052411,,93248377,PO-US-09166,,10-00522E,2026072815,1,,P:90-06831ER:01S:SIE262704389,PO-US-09166 shipped 073026 ASN 93248377 Qty 6240.xlsx,2026-07-30 17:56:34,2026-07-30 17:56:45,2026-07-30 17:56:44
P:10-00522ER:01S:SIE262603815,2026-07-29 17:00:00,SFOHOUT00052411,,93248377,PO-US-09166,,10-00522E,202607282,1,,P:90-06831ER:01S:SIE262811603,PO-US-09166 shipped 073026 ASN 93248377 Qty 6240.xlsx,2026-07-30 17:56:34,2026-07-30 17:56:45,2026-07-30 17:56:44
P:10-00522ER:01S:SIE262603817,2026-07-29 17:00:00,SFOHOUT00052411,,93248377,PO-US-09166,,10-00522E,202607285,1,,P:90-06831ER:01S:SIE262811662,PO-US-09166 shipped 073026 ASN 93248377 Qty 6240.xlsx,2026-07-30 17:56:34,2026-07-30 17:56:45,2026-07-30 17:56:44
P:10-00522ER:01S:SIE262603818,2026-07-29 17:00:00,SFOHOUT00052411,,93248377,PO-US-09166,,10-00522E,2026072813,1,,P:90-06831ER:01S:SIE262704318,PO-US-09166 shipped 073026 ASN 93248377 Qty 6240.xlsx,2026-07-30 17:56:34,2026-07-30 17:56:45,2026-07-30 17:56:44
P:10-00522ER:01S:SIE262603820,2026-07-29 17:00:00,SFOHOUT00052411,,93248377,PO-US-09166,,10-00522E,2026072813,1,,P:90-06831ER:01S:SIE262704313,PO-US-09166 shipped 073026 ASN 93248377 Qty 6240.xlsx,2026-07-30 17:56:34,2026-07-30 17:56:45,2026-07-30 17:56:44
P:10-00522ER:01S:SIE262603821,2026-07-29 17:00:00,SFOHOUT00052411,,93248377,PO-US-09166,,10-00522E,202607285,1,,P:90-06831ER:01S:SIE262811662,PO-US-09166 shipped 073026 ASN 93248377 Qty 6240.xlsx,2026-07-30 17:56:34,2026-07-30 17:56:45,2026-07-30 17:56:44
P:10-00522ER:01S:SIE262603826,2026-07-29 17:00:00,SFOHOUT00052411,,93248377,PO-US-09166,,10-00522E,202607288,1,,P:90-06831ER:01S:SIE262704409,PO-US-09166 shipped 073026 ASN 93248377 Qty 6240.xlsx,2026-07-30 17:56:34,2026-07-30 17:56:45,2026-07-30 17:56:44
P:10-00522ER:01S:SIE262603827,2026-07-29 17:00:00,SFOHOUT00052411,,93248377,PO-US-09166,,10-00522E,202607289,1,,P:90-06831ER:01S:SIE262704459,PO-US-09166 shipped 073026 ASN 93248377 Qty 6240.xlsx,2026-07-30 17:56:34,2026-07-30 17:56:45,2026-07-30 17:56:44
P:10-00522ER:01S:SIE262603829,2026-07-29 17:00:00,SFOHOUT00052411,,93248377,PO-US-09166,,10-00522E,2026072813,1,,P:90-06831ER:01S:SIE262704284,PO-US-09166 shipped 073026 ASN 93248377 Qty 6240.xlsx,2026-07-30 17:56:34,2026-07-30 17:56:45,2026-07-30 17:56:44
P:10-00522ER:01S:SIE262603831,2026-07-29 17:00:00,SFOHOUT00052411,,93248377,PO-US-09166,,10-00522E,2026072813,1,,P:90-06831ER:01S:SIE262704319,PO-US-09166 shipped 073026 ASN 93248377 Qty 6240.xlsx,2026-07-30 17:56:34,2026-07-30 17:56:45,2026-07-30 17:56:44
P:10-00522ER:01S:SIE262603837,2026-07-29 17:00:00,SFOHOUT00052411,,93248377,PO-US-09166,,10-00522E,2026072814,1,,P:90-06831ER:01S:SIE262704370,PO-US-09166 shipped 073026 ASN 93248377 Qty 6240.xlsx,2026-07-30 17:56:34,2026-07-30 17:56:45,2026-07-30 17:56:44
P:10-00522ER:01S:SIE262603842,2026-07-29 17:00:00,SFOHOUT00052411,,93248377,PO-US-09166,,10-00522E,2026072813,1,,P:90-06831ER:01S:SIE262704272,PO-US-09166 shipped 073026 ASN 93248377 Qty 6240.xlsx,2026-07-30 17:56:34,2026-07-30 17:56:45,2026-07-30 17:56:44
P:10-00522ER:01S:SIE262603845,2026-07-29 17:00:00,SFOHOUT00052411,,93248377,PO-US-09166,,10-00522E,202607292,1,,P:90-06831ER:01S:SIE262811647,PO-US-09166 shipped 073026 ASN 93248377 Qty 6240.xlsx,2026-07-30 17:56:34,2026-07-30 17:56:45,2026-07-30 17:56:44
P:10-00522ER:01S:SIE262603848,2026-07-29 17:00:00,SFOHOUT00052411,,93248377,PO-US-09166,,10-00522E,2026072814,1,,P:90-06831ER:01S:SIE262704369,PO-US-09166 shipped 073026 ASN 93248377 Qty 6240.xlsx,2026-07-30 17:56:34,2026-07-30 17:56:45,2026-07-30 17:56:44
P:10-00522ER:01S:SIE262603849,2026-07-29 17:00:00,SFOHOUT00052411,,93248377,PO-US-09166,,10-00522E,2026072814,1,,P:90-06831ER:01S:SIE262704370,PO-US-09166 shipped 073026 ASN 93248377 Qty 6240.xlsx,2026-07-30 17:56:34,2026-07-30 17:56:45,2026-07-30 17:56:44
P:10-00522ER:01S:SIE262603854,2026-07-29 17:00:00,SFOHOUT00052411,,93248377,PO-US-09166,,10-00522E,2026072813,1,,P:90-06831ER:01S:SIE262704319,PO-US-09166 shipped 073026 ASN 93248377 Qty 6240.xlsx,2026-07-30 17:56:34,2026-07-30 17:56:45,2026-07-30 17:56:44
P:10-00522ER:01S:SIE262603861,2026-07-29 17:00:00,SFOHOUT00052411,,93248377,PO-US-09166,,10-00522E,202607285,1,,P:90-06831ER:01S:SIE262811657,PO-US-09166 shipped 073026 ASN 93248377 Qty 6240.xlsx,2026-07-30 17:56:34,2026-07-30 17:56:45,2026-07-30 17:56:44
P:10-00522ER:01S:SIE262603866,2026-07-29 17:00:00,SFOHOUT00052411,,93248377,PO-US-09166,,10-00522E,202607285,1,,P:90-06831ER:01S:SIE262811660,PO-US-09166 shipped 073026 ASN 93248377 Qty 6240.xlsx,2026-07-30 17:56:34,2026-07-30 17:56:45,2026-07-30 17:56:44
P:10-00522ER:01S:SIE262603871,2026-07-29 17:00:00,SFOHOUT00052411,,93248377,PO-US-09166,,10-00522E,2026072813,1,,P:90-06831ER:01S:SIE262704313,PO-US-09166 shipped 073026 ASN 93248377 Qty 6240.xlsx,2026-07-30 17:56:34,2026-07-30 17:56:45,2026-07-30 17:56:44
P:10-00522ER:01S:SIE262603879,2026-07-29 17:00:00,SFOHOUT00052411,,93248377,PO-US-09166,,10-00522E,202607293,1,,P:90-06831ER:01S:SIE262811666,PO-US-09166 shipped 073026 ASN 93248377 Qty 6240.xlsx,2026-07-30 17:56:34,2026-07-30 17:56:45,2026-07-30 17:56:44
P:10-00522ER:01S:SIE262603881,2026-07-29 17:00:00,SFOHOUT00052411,,93248377,PO-US-09166,,10-00522E,2026072813,1,,P:90-06831ER:01S:SIE262704318,PO-US-09166 shipped 073026 ASN 93248377 Qty 6240.xlsx,2026-07-30 17:56:34,2026-07-30 17:56:45,2026-07-30 17:56:44
P:10-00522ER:01S:SIE262603887,2026-07-29 17:00:00,SFOHOUT00052411,,93248377,PO-US-09166,,10-00522E,2026072811,1,,P:90-06831ER:01S:SIE262811630,PO-US-09166 shipped 073026 ASN 93248377 Qty 6240.xlsx,2026-07-30 17:56:34,2026-07-30 17:56:45,2026-07-30 17:56:44
P:10-00522ER:01S:SIE262603888,2026-07-29 17:00:00,SFOHOUT00052411,,93248377,PO-US-09166,,10-00522E,2026072813,1,,P:90-06831ER:01S:SIE262704318,PO-US-09166 shipped 073026 ASN 93248377 Qty 6240.xlsx,2026-07-30 17:56:34,2026-07-30 17:56:45,2026-07-30 17:56:44
P:10-00522ER:01S:SIE262603889,2026-07-29 17:00:00,SFOHOUT00052411,,93248377,PO-US-09166,,10-00522E,202607293,1,,P:90-06831ER:01S:SIE262811667,PO-US-09166 shipped 073026 ASN 93248377 Qty 6240.xlsx,2026-07-30 17:56:34,2026-07-30 17:56:45,2026-07-30 17:56:44
P:10-00522ER:01S:SIE262603890,2026-07-29 17:00:00,SFOHOUT00052411,,93248377,PO-US-09166,,10-00522E,202607293,1,,P:90-06831ER:01S:SIE262811667,PO-US-09166 shipped 073026 ASN 93248377 Qty 6240.xlsx,2026-07-30 17:56:34,2026-07-30 17:56:45,2026-07-30 17:56:44
P:10-00522ER:01S:SIE262603891,2026-07-29 17:00:00,SFOHOUT00052411,,93248377,PO-US-09166,,10-00522E,202607285,1,,P:90-06831ER:01S:SIE262811658,PO-US-09166 shipped 073026 ASN 93248377 Qty 6240.xlsx,2026-07-30 17:56:34,2026-07-30 17:56:45,2026-07-30 17:56:44
P:10-00522ER:01S:SIE262603892,2026-07-29 17:00:00,SFOHOUT00052411,,93248377,PO-US-09166,,10-00522E,202607292,1,,P:90-06831ER:01S:SIE262811642,PO-US-09166 shipped 073026 ASN 93248377 Qty 6240.xlsx,2026-07-30 17:56:34,2026-07-30 17:56:45,2026-07-30 17:56:44
P:10-00522ER:01S:SIE262603895,2026-07-29 17:00:00,SFOHOUT00052411,,93248377,PO-US-09166,,10-00522E,2026072813,1,,P:90-06831ER:01S:SIE262704319,PO-US-09166 shipped 073026 ASN 93248377 Qty 6240.xlsx,2026-07-30 17:56:34,2026-07-30 17:56:45,2026-07-30 17:56:44
P:10-00522ER:01S:SIE262603899,2026-07-29 17:00:00,SFOHOUT00052411,,93248377,PO-US-09166,,10-00522E,202607285,1,,P:90-06831ER:01S:SIE262811658,PO-US-09166 shipped 073026 ASN 93248377 Qty 6240.xlsx,2026-07-30 17:56:34,2026-07-30 17:56:45,2026-07-30 17:56:44
P:10-00522ER:01S:SIE262603900,2026-07-29 17:00:00,SFOHOUT00052411,,93248377,PO-US-09166,,10-00522E,202607293,1,,P:90-06831ER:01S:SIE262811667,PO-US-09166 shipped 073026 ASN 93248377 Qty 6240.xlsx,2026-07-30 17:56:34,2026-07-30 17:56:45,2026-07-30 17:56:44
P:10-00522ER:01S:SIE262603901,2026-07-29 17:00:00,SFOHOUT00052411,,93248377,PO-US-09166,,10-00522E,202607285,1,,P:90-06831ER:01S:SIE262811658,PO-US-09166 shipped 073026 ASN 93248377 Qty 6240.xlsx,2026-07-30 17:56:34,2026-07-30 17:56:45,2026-07-30 17:56:44
P:10-00522ER:01S:SIE262603902,2026-07-29 17:00:00,SFOHOUT00052411,,93248377,PO-US-09166,,10-00522E,202607293,1,,P:90-06831ER:01S:SIE262811668,PO-US-09166 shipped 073026 ASN 93248377 Qty 6240.xlsx,2026-07-30 17:56:34,2026-07-30 17:56:45,2026-07-30 17:56:44
P:10-00522ER:01S:SIE262603907,2026-07-29 17:00:00,SFOHOUT00052411,,93248377,PO-US-09166,,10-00522E,2026072813,1,,P:90-06831ER:01S:SIE262704318,PO-US-09166 shipped 073026 ASN 93248377 Qty 6240.xlsx,2026-07-30 17:56:34,2026-07-30 17:56:45,2026-07-30 17:56:44
P:10-00522ER:01S:SIE262603912,2026-07-29 17:00:00,SFOHOUT00052411,,93248377,PO-US-09166,,10-00522E,2026072813,1,,P:90-06831ER:01S:SIE262704313,PO-US-09166 shipped 073026 ASN 93248377 Qty 6240.xlsx,2026-07-30 17:56:34,2026-07-30 17:56:45,2026-07-30 17:56:44
P:10-00522ER:01S:SIE262603921,2026-07-29 17:00:00,SFOHOUT00052411,,93248377,PO-US-09166,,10-00522E,2026072813,1,,P:90-06831ER:01S:SIE262704272,PO-US-09166 shipped 073026 ASN 93248377 Qty 6240.xlsx,2026-07-30 17:56:34,2026-07-30 17:56:45,2026-07-30 17:56:44
P:10-00522ER:01S:SIE262603925,2026-07-29 17:00:00,SFOHOUT00052411,,93248377,PO-US-09166,,10-00522E,202607287,1,,P:90-06831ER:01S:SIE262811683,PO-US-09166 shipped 073026 ASN 93248377 Qty 6240.xlsx,2026-07-30 17:56:34,2026-07-30 17:56:45,2026-07-30 17:56:44
P:10-00522ER:01S:SIE262603929,2026-07-29 17:00:00,SFOHOUT00052411,,93248377,PO-US-09166,,10-00522E,2026072813,1,,P:90-06831ER:01S:SIE262704319,PO-US-09166 shipped 073026 ASN 93248377 Qty 6240.xlsx,2026-07-30 17:56:34,2026-07-30 17:56:45,2026-07-30 17:56:44
P:10-00522ER:01S:SIE262603932,2026-07-29 17:00:00,SFOHOUT00052411,,93248377,PO-US-09166,,10-00522E,2026072813,1,,P:90-06831ER:01S:SIE262704319,PO-US-09166 shipped 073026 ASN 93248377 Qty 6240.xlsx,2026-07-30 17:56:34,2026-07-30 17:56:45,2026-07-30 17:56:44
P:10-00522ER:01S:SIE262603933,2026-07-29 17:00:00,SFOHOUT00052411,,93248377,PO-US-09166,,10-00522E,2026072813,1,,P:90-06831ER:01S:SIE262704318,PO-US-09166 shipped 073026 ASN 93248377 Qty 6240.xlsx,2026-07-30 17:56:34,2026-07-30 17:56:45,2026-07-30 17:56:44
P:10-00522ER:01S:SIE262603945,2026-07-29 17:00:00,SFOHOUT00052411,,93248377,PO-US-09166,,10-00522E,202607292,1,,P:90-06831ER:01S:SIE262811646,PO-US-09166 shipped 073026 ASN 93248377 Qty 6240.xlsx,2026-07-30 17:56:34,2026-07-30 17:56:45,2026-07-30 17:56:44
P:10-00522ER:01S:SIE262603947,2026-07-29 17:00:00,SFOHOUT00052411,,93248377,PO-US-09166,,10-00522E,2026072813,1,,P:90-06831ER:01S:SIE262704313,PO-US-09166 shipped 073026 ASN 93248377 Qty 6240.xlsx,2026-07-30 17:56:34,2026-07-30 17:56:45,2026-07-30 17:56:44
P:10-00522ER:01S:SIE262603948,2026-07-29 17:00:00,SFOHOUT00052411,,93248377,PO-US-09166,,10-00522E,2026072813,1,,P:90-06831ER:01S:SIE262704284,PO-US-09166 shipped 073026 ASN 93248377 Qty 6240.xlsx,2026-07-30 17:56:34,2026-07-30 17:56:45,2026-07-30 17:56:44
P:10-00522ER:01S:SIE262603949,2026-07-29 17:00:00,SFOHOUT00052411,,93248377,PO-US-09166,,10-00522E,2026072813,1,,P:90-06831ER:01S:SIE262704284,PO-US-09166 shipped 073026 ASN 93248377 Qty 6240.xlsx,2026-07-30 17:56:34,2026-07-30 17:56:45,2026-07-30 17:56:44
P:10-00522ER:01S:SIE262603950,2026-07-29 17:00:00,SFOHOUT00052411,,93248377,PO-US-09166,,10-00522E,2026072813,1,,P:90-06831ER:01S:SIE262704319,PO-US-09166 shipped 073026 ASN 93248377 Qty 6240.xlsx,2026-07-30 17:56:34,2026-07-30 17:56:45,2026-07-30 17:56:44
P:10-00522ER:01S:SIE262603954,2026-07-29 17:00:00,SFOHOUT00052411,,93248377,PO-US-09166,,10-00522E,2026072813,1,,P:90-06831ER:01S:SIE262704319,PO-US-09166 shipped 073026 ASN 93248377 Qty 6240.xlsx,2026-07-30 17:56:34,2026-07-30 17:56:45,2026-07-30 17:56:44
P:10-00522ER:01S:SIE262603958,2026-07-29 17:00:00,SFOHOUT00052411,,93248377,PO-US-09166,,10-00522E,202607289,1,,P:90-06831ER:01S:SIE262704459,PO-US-09166 shipped 073026 ASN 93248377 Qty 6240.xlsx,2026-07-30 17:56:34,2026-07-30 17:56:45,2026-07-30 17:56:44
P:10-00522ER:01S:SIE262603960,2026-07-29 17:00:00,SFOHOUT00052411,,93248377,PO-US-09166,,10-00522E,202607293,1,,P:90-06831ER:01S:SIE262811668,PO-US-09166 shipped 073026 ASN 93248377 Qty 6240.xlsx,2026-07-30 17:56:34,2026-07-30 17:56:45,2026-07-30 17:56:44
P:10-00522ER:01S:SIE262603961,2026-07-29 17:00:00,SFOHOUT00052411,,93248377,PO-US-09166,,10-00522E,202607293,1,,P:90-06831ER:01S:SIE262811667,PO-US-09166 shipped 073026 ASN 93248377 Qty 6240.xlsx,2026-07-30 17:56:34,2026-07-30 17:56:45,2026-07-30 17:56:44
P:10-00522ER:01S:SIE262603962,2026-07-29 17:00:00,SFOHOUT00052411,,93248377,PO-US-09166,,10-00522E,202607293,1,,P:90-06831ER:01S:SIE262811668,PO-US-09166 shipped 073026 ASN 93248377 Qty 6240.xlsx,2026-07-30 17:56:34,2026-07-30 17:56:45,2026-07-30 17:56:44
P:10-00522ER:01S:SIE262603963,2026-07-29 17:00:00,SFOHOUT00052411,,93248377,PO-US-09166,,10-00522E,2026072813,1,,P:90-06831ER:01S:SIE262704318,PO-US-09166 shipped 073026 ASN 93248377 Qty 6240.xlsx,2026-07-30 17:56:34,2026-07-30 17:56:45,2026-07-30 17:56:44
P:10-00522ER:01S:SIE262603968,2026-07-29 17:00:00,SFOHOUT00052411,,93248377,PO-US-09166,,10-00522E,202607293,1,,P:90-06831ER:01S:SIE262811666,PO-US-09166 shipped 073026 ASN 93248377 Qty 6240.xlsx,2026-07-30 17:56:34,2026-07-30 17:56:45,2026-07-30 17:56:44
P:10-00522ER:01S:SIE262603970,2026-07-29 17:00:00,SFOHOUT00052411,,93248377,PO-US-09166,,10-00522E,2026072813,1,,P:90-06831ER:01S:SIE262704318,PO-US-09166 shipped 073026 ASN 93248377 Qty 6240.xlsx,2026-07-30 17:56:34,2026-07-30 17:56:45,2026-07-30 17:56:44
P:10-00522ER:01S:SIE262603976,2026-07-29 17:00:00,SFOHOUT00052411,,93248377,PO-US-09166,,10-00522E,2026072813,1,,P:90-06831ER:01S:SIE262704313,PO-US-09166 shipped 073026 ASN 93248377 Qty 6240.xlsx,2026-07-30 17:56:34,2026-07-30 17:56:45,2026-07-30 17:56:44
P:10-00522ER:01S:SIE262603978,2026-07-29 17:00:00,SFOHOUT00052411,,93248377,PO-US-09166,,10-00522E,2026072813,1,,P:90-06831ER:01S:SIE262704318,PO-US-09166 shipped 073026 ASN 93248377 Qty 6240.xlsx,2026-07-30 17:56:34,2026-07-30 17:56:45,2026-07-30 17:56:44
P:10-00522ER:01S:SIE262603979,2026-07-29 17:00:00,SFOHOUT00052411,,93248377,PO-US-09166,,10-00522E,202607282,1,,P:90-06831ER:01S:SIE262704433,PO-US-09166 shipped 073026 ASN 93248377 Qty 6240.xlsx,2026-07-30 17:56:34,2026-07-30 17:56:45,2026-07-30 17:56:44
P:10-00522ER:01S:SIE262603980,2026-07-29 17:00:00,SFOHOUT00052411,,93248377,PO-US-09166,,10-00522E,2026072813,1,,P:90-06831ER:01S:SIE262704318,PO-US-09166 shipped 073026 ASN 93248377 Qty 6240.xlsx,2026-07-30 17:56:34,2026-07-30 17:56:45,2026-07-30 17:56:44
P:10-00522ER:01S:SIE262603981,2026-07-29 17:00:00,SFOHOUT00052411,,93248377,PO-US-09166,,10-00522E,2026072813,1,,P:90-06831ER:01S:SIE262704319,PO-US-09166 shipped 073026 ASN 93248377 Qty 6240.xlsx,2026-07-30 17:56:34,2026-07-30 17:56:45,2026-07-30 17:56:44
P:10-00522ER:01S:SIE262603982,2026-07-29 17:00:00,SFOHOUT00052411,,93248377,PO-US-09166,,10-00522E,2026072813,1,,P:90-06831ER:01S:SIE262704318,PO-US-09166 shipped 073026 ASN 93248377 Qty 6240.xlsx,2026-07-30 17:56:34,2026-07-30 17:56:45,2026-07-30 17:56:44
P:10-00522ER:01S:SIE262603988,2026-08-06 17:00:00,SFOHOUT 00052757,,93248523,PO-US-09166,,10-00522E,2026080612,1,,P:90-06831ER:01S:SIE263009616,PO-US-018014 shipped 080726 ASN 93248493 Qty 8 PO-US-09054 A93248518 Q9 PO-US-08885 A93248519 Q225 PO-US-08932 A93248520 Q75 PO-US-08015 A93248521 Q200 PO-US-09166 A93248523 Q1920.xlsx,2026-08-07 18:16:17,2026-08-07 18:16:23,2026-08-07 18:16:23
P:10-00522ER:01S:SIE262603990,2026-07-29 17:00:00,SFOHOUT00052411,,93248377,PO-US-09166,,10-00522E,202607285,1,,P:90-06831ER:01S:SIE262811661,PO-US-09166 shipped 073026 ASN 93248377 Qty 6240.xlsx,2026-07-30 17:56:34,2026-07-30 17:56:45,2026-07-30 17:56:44
P:10-00522ER:01S:SIE262603993,2026-07-29 17:00:00,SFOHOUT00052411,,93248377,PO-US-09166,,10-00522E,2026072813,1,,P:90-06831ER:01S:SIE262704318,PO-US-09166 shipped 073026 ASN 93248377 Qty 6240.xlsx,2026-07-30 17:56:34,2026-07-30 17:56:45,2026-07-30 17:56:44
P:10-00522ER:01S:SIE262603995,2026-07-29 17:00:00,SFOHOUT00052411,,93248377,PO-US-09166,,10-00522E,2026072814,1,,P:90-06831ER:01S:SIE262704369,PO-US-09166 shipped 073026 ASN 93248377 Qty 6240.xlsx,2026-07-30 17:56:34,2026-07-30 17:56:45,2026-07-30 17:56:44
P:10-00522ER:01S:SIE262603996,2026-07-29 17:00:00,SFOHOUT00052411,,93248377,PO-US-09166,,10-00522E,2026072813,1,,P:90-06831ER:01S:SIE262704318,PO-US-09166 shipped 073026 ASN 93248377 Qty 6240.xlsx,2026-07-30 17:56:34,2026-07-30 17:56:45,2026-07-30 17:56:44
P:10-00522ER:01S:SIE262603999,2026-07-29 17:00:00,SFOHOUT00052411,,93248377,PO-US-09166,,10-00522E,202607292,1,,P:90-06831ER:01S:SIE262811647,PO-US-09166 shipped 073026 ASN 93248377 Qty 6240.xlsx,2026-07-30 17:56:34,2026-07-30 17:56:45,2026-07-30 17:56:44
P:10-00522ER:01S:SIE262604000,2026-07-29 17:00:00,SFOHOUT00052411,,93248377,PO-US-09166,,10-00522E,2026072813,1,,P:90-06831ER:01S:SIE262704319,PO-US-09166 shipped 073026 ASN 93248377 Qty 6240.xlsx,2026-07-30 17:56:34,2026-07-30 17:56:45,2026-07-30 17:56:44
P:10-00522ER:01S:SIE262604002,2026-07-29 17:00:00,SFOHOUT00052411,,93248377,PO-US-09166,,10-00522E,2026072813,1,,P:90-06831ER:01S:SIE262704313,PO-US-09166 shipped 073026 ASN 93248377 Qty 6240.xlsx,2026-07-30 17:56:34,2026-07-30 17:56:45,2026-07-30 17:56:44
P:10-00522ER:01S:SIE262604003,2026-07-29 17:00:00,SFOHOUT00052411,,93248377,PO-US-09166,,10-00522E,2026072813,1,,P:90-06831ER:01S:SIE262704276,PO-US-09166 shipped 073026 ASN 93248377 Qty 6240.xlsx,2026-07-30 17:56:34,2026-07-30 17:56:45,2026-07-30 17:56:44
P:10-00522ER:01S:SIE262604006,2026-07-30 17:00:00,SFOHOUT00052412,,93248460,PO-US-09166,,10-00522E,2026073021,1,,P:90-06831ER:01S:SIE263009554,PO-US-08015 shipped 073126 ASN 93248292 Qty 240 POUS08933 A8401 Q324 POUS08008 A8402 Q110 POUS08625 A8452 Q270 POUS08013 A8453 Q13 POUS09054 A8454 Q50 POUS08885 A93248457 Q10 POUS09166 A93248460 Q2400.xlsx,2026-07-31 17:45:36,2026-07-31 17:45:43,2026-07-31 17:45:43
P:10-00522ER:01S:SIE262604008,2026-07-29 17:00:00,SFOHOUT00052411,,93248377,PO-US-09166,,10-00522E,2026072811,1,,P:90-06831ER:01S:SIE262811630,PO-US-09166 shipped 073026 ASN 93248377 Qty 6240.xlsx,2026-07-30 17:56:34,2026-07-30 17:56:45,2026-07-30 17:56:44
P:10-00522ER:01S:SIE262604009,2026-07-29 17:00:00,SFOHOUT00052411,,93248377,PO-US-09166,,10-00522E,202607292,1,,P:90-06831ER:01S:SIE262811646,PO-US-09166 shipped 073026 ASN 93248377 Qty 6240.xlsx,2026-07-30 17:56:34,2026-07-30 17:56:45,2026-07-30 17:56:44
P:10-00522ER:01S:SIE262604014,2026-07-29 17:00:00,SFOHOUT00052411,,93248377,PO-US-09166,,10-00522E,2026072814,1,,P:90-06831ER:01S:SIE262704377,PO-US-09166 shipped 073026 ASN 93248377 Qty 6240.xlsx,2026-07-30 17:56:34,2026-07-30 17:56:45,2026-07-30 17:56:44
P:10-00522ER:01S:SIE262604017,2026-07-29 17:00:00,SFOHOUT00052411,,93248377,PO-US-09166,,10-00522E,2026072815,1,,P:90-06831ER:01S:SIE262704385,PO-US-09166 shipped 073026 ASN 93248377 Qty 6240.xlsx,2026-07-30 17:56:34,2026-07-30 17:56:45,2026-07-30 17:56:44
P:10-00522ER:01S:SIE262604018,2026-07-29 17:00:00,SFOHOUT00052411,,93248377,PO-US-09166,,10-00522E,202607285,1,,P:90-06831ER:01S:SIE262811662,PO-US-09166 shipped 073026 ASN 93248377 Qty 6240.xlsx,2026-07-30 17:56:34,2026-07-30 17:56:45,2026-07-30 17:56:44
P:10-00522ER:01S:SIE262604020,2026-07-29 17:00:00,SFOHOUT00052411,,93248377,PO-US-09166,,10-00522E,2026072813,1,,P:90-06831ER:01S:SIE262704318,PO-US-09166 shipped 073026 ASN 93248377 Qty 6240.xlsx,2026-07-30 17:56:34,2026-07-30 17:56:45,2026-07-30 17:56:44
P:10-00522ER:01S:SIE262604021,2026-07-29 17:00:00,SFOHOUT00052411,,93248377,PO-US-09166,,10-00522E,2026072813,1,,P:90-06831ER:01S:SIE262704318,PO-US-09166 shipped 073026 ASN 93248377 Qty 6240.xlsx,2026-07-30 17:56:34,2026-07-30 17:56:45,2026-07-30 17:56:44
P:10-00522ER:01S:SIE262604022,2026-07-29 17:00:00,SFOHOUT00052411,,93248377,PO-US-09166,,10-00522E,202607288,1,,P:90-06831ER:01S:SIE262704411,PO-US-09166 shipped 073026 ASN 93248377 Qty 6240.xlsx,2026-07-30 17:56:34,2026-07-30 17:56:45,2026-07-30 17:56:44
P:10-00522ER:01S:SIE262604023,2026-07-29 17:00:00,SFOHOUT00052411,,93248377,PO-US-09166,,10-00522E,2026072813,1,,P:90-06831ER:01S:SIE262704313,PO-US-09166 shipped 073026 ASN 93248377 Qty 6240.xlsx,2026-07-30 17:56:34,2026-07-30 17:56:45,2026-07-30 17:56:44
P:10-00522ER:01S:SIE262604024,2026-07-29 17:00:00,SFOHOUT00052411,,93248377,PO-US-09166,,10-00522E,2026072813,1,,P:90-06831ER:01S:SIE262704319,PO-US-09166 shipped 073026 ASN 93248377 Qty 6240.xlsx,2026-07-30 17:56:34,2026-07-30 17:56:45,2026-07-30 17:56:44
P:10-00522ER:01S:SIE262604025,2026-07-29 17:00:00,SFOHOUT00052411,,93248377,PO-US-09166,,10-00522E,202607293,1,,P:90-06831ER:01S:SIE262811666,PO-US-09166 shipped 073026 ASN 93248377 Qty 6240.xlsx,2026-07-30 17:56:34,2026-07-30 17:56:45,2026-07-30 17:56:44
P:10-00522ER:01S:SIE262604038,2026-07-29 17:00:00,SFOHOUT00052411,,93248377,PO-US-09166,,10-00522E,2026072811,1,,P:90-06831ER:01S:SIE262811628,PO-US-09166 shipped 073026 ASN 93248377 Qty 6240.xlsx,2026-07-30 17:56:34,2026-07-30 17:56:45,2026-07-30 17:56:44
P:10-00522ER:01S:SIE262604039,2026-07-29 17:00:00,SFOHOUT00052411,,93248377,PO-US-09166,,10-00522E,202607288,1,,P:90-06831ER:01S:SIE262704409,PO-US-09166 shipped 073026 ASN 93248377 Qty 6240.xlsx,2026-07-30 17:56:34,2026-07-30 17:56:45,2026-07-30 17:56:44
P:10-00522ER:01S:SIE262604040,2026-07-29 17:00:00,SFOHOUT00052411,,93248377,PO-US-09166,,10-00522E,2026072814,1,,P:90-06831ER:01S:SIE262704369,PO-US-09166 shipped 073026 ASN 93248377 Qty 6240.xlsx,2026-07-30 17:56:34,2026-07-30 17:56:45,2026-07-30 17:56:44
P:10-00522ER:01S:SIE262604043,2026-07-29 17:00:00,SFOHOUT00052411,,93248377,PO-US-09166,,10-00522E,2026072813,1,,P:90-06831ER:01S:SIE262704319,PO-US-09166 shipped 073026 ASN 93248377 Qty 6240.xlsx,2026-07-30 17:56:34,2026-07-30 17:56:45,2026-07-30 17:56:44
P:10-00522ER:01S:SIE262604045,2026-07-29 17:00:00,SFOHOUT00052411,,93248377,PO-US-09166,,10-00522E,202607293,1,,P:90-06831ER:01S:SIE262811667,PO-US-09166 shipped 073026 ASN 93248377 Qty 6240.xlsx,2026-07-30 17:56:34,2026-07-30 17:56:45,2026-07-30 17:56:44
P:10-00522ER:01S:SIE262604555,2026-07-29 17:00:00,SFOHOUT00052411,,93248377,PO-US-09166,,10-00522E,2026072814,1,,P:90-06831ER:01S:SIE262704372,PO-US-09166 shipped 073026 ASN 93248377 Qty 6240.xlsx,2026-07-30 17:56:34,2026-07-30 17:56:45,2026-07-30 17:56:44
P:10-00522ER:01S:SIE262604558,2026-07-29 17:00:00,SFOHOUT00052411,,93248377,PO-US-09166,,10-00522E,202607285,1,,P:90-06831ER:01S:SIE262811660,PO-US-09166 shipped 073026 ASN 93248377 Qty 6240.xlsx,2026-07-30 17:56:34,2026-07-30 17:56:45,2026-07-30 17:56:44
P:10-00522ER:01S:SIE262604562,2026-07-29 17:00:00,SFOHOUT00052411,,93248377,PO-US-09166,,10-00522E,2026072813,1,,P:90-06831ER:01S:SIE262704272,PO-US-09166 shipped 073026 ASN 93248377 Qty 6240.xlsx,2026-07-30 17:56:34,2026-07-30 17:56:45,2026-07-30 17:56:44
P:10-00522ER:01S:SIE262604580,2026-07-29 17:00:00,SFOHOUT00052411,,93248377,PO-US-09166,,10-00522E,2026072813,1,,P:90-06831ER:01S:SIE262704303,PO-US-09166 shipped 073026 ASN 93248377 Qty 6240.xlsx,2026-07-30 17:56:34,2026-07-30 17:56:45,2026-07-30 17:56:44
P:10-00522ER:01S:SIE262604589,2026-07-29 17:00:00,SFOHOUT00052411,,93248377,PO-US-09166,,10-00522E,2026072813,1,,P:90-06831ER:01S:SIE262704303,PO-US-09166 shipped 073026 ASN 93248377 Qty 6240.xlsx,2026-07-30 17:56:34,2026-07-30 17:56:45,2026-07-30 17:56:44
P:10-00522ER:01S:SIE262604598,2026-07-29 17:00:00,SFOHOUT00052411,,93248377,PO-US-09166,,10-00522E,2026072813,1,,P:90-06831ER:01S:SIE262704272,PO-US-09166 shipped 073026 ASN 93248377 Qty 6240.xlsx,2026-07-30 17:56:34,2026-07-30 17:56:45,2026-07-30 17:56:44
P:10-00522ER:01S:SIE262604614,2026-07-29 17:00:00,SFOHOUT00052411,,93248377,PO-US-09166,,10-00522E,2026072814,1,,P:90-06831ER:01S:SIE262704372,PO-US-09166 shipped 073026 ASN 93248377 Qty 6240.xlsx,2026-07-30 17:56:34,2026-07-30 17:56:45,2026-07-30 17:56:44
P:10-00522ER:01S:SIE262604617,2026-07-29 17:00:00,SFOHOUT00052411,,93248377,PO-US-09166,,10-00522E,2026072814,1,,P:90-06831ER:01S:SIE262704369,PO-US-09166 shipped 073026 ASN 93248377 Qty 6240.xlsx,2026-07-30 17:56:34,2026-07-30 17:56:45,2026-07-30 17:56:44
P:10-00522ER:01S:SIE262604618,2026-07-29 17:00:00,SFOHOUT00052411,,93248377,PO-US-09166,,10-00522E,2026072814,1,,P:90-06831ER:01S:SIE262704373,PO-US-09166 shipped 073026 ASN 93248377 Qty 6240.xlsx,2026-07-30 17:56:34,2026-07-30 17:56:45,2026-07-30 17:56:44
P:10-00522ER:01S:SIE262604625,2026-07-29 17:00:00,SFOHOUT00052411,,93248377,PO-US-09166,,10-00522E,202607285,1,,P:90-06831ER:01S:SIE262811659,PO-US-09166 shipped 073026 ASN 93248377 Qty 6240.xlsx,2026-07-30 17:56:34,2026-07-30 17:56:45,2026-07-30 17:56:44
P:10-00522ER:01S:SIE262604629,2026-07-29 17:00:00,SFOHOUT00052411,,93248377,PO-US-09166,,10-00522E,202607292,1,,P:90-06831ER:01S:SIE262811644,PO-US-09166 shipped 073026 ASN 93248377 Qty 6240.xlsx,2026-07-30 17:56:34,2026-07-30 17:56:45,2026-07-30 17:56:44
P:10-00522ER:01S:SIE262604634,2026-07-29 17:00:00,SFOHOUT00052411,,93248377,PO-US-09166,,10-00522E,202607285,1,,P:90-06831ER:01S:SIE262811660,PO-US-09166 shipped 073026 ASN 93248377 Qty 6240.xlsx,2026-07-30 17:56:34,2026-07-30 17:56:45,2026-07-30 17:56:44
P:10-00522ER:01S:SIE262604637,2026-07-29 17:00:00,SFOHOUT00052411,,93248377,PO-US-09166,,10-00522E,2026072813,1,,P:90-06831ER:01S:SIE262704303,PO-US-09166 shipped 073026 ASN 93248377 Qty 6240.xlsx,2026-07-30 17:56:34,2026-07-30 17:56:45,2026-07-30 17:56:44
P:10-00522ER:01S:SIE262604639,2026-07-29 17:00:00,SFOHOUT00052411,,93248377,PO-US-09166,,10-00522E,202607283,1,,P:90-06831ER:01S:SIE262704460,PO-US-09166 shipped 073026 ASN 93248377 Qty 6240.xlsx,2026-07-30 17:56:34,2026-07-30 17:56:45,2026-07-30 17:56:44
P:10-00522ER:01S:SIE262604653,2026-07-29 17:00:00,SFOHOUT00052411,,93248377,PO-US-09166,,10-00522E,202607288,1,,P:90-06831ER:01S:SIE262704409,PO-US-09166 shipped 073026 ASN 93248377 Qty 6240.xlsx,2026-07-30 17:56:34,2026-07-30 17:56:45,2026-07-30 17:56:44
P:10-00522ER:01S:SIE262604667,2026-07-29 17:00:00,SFOHOUT00052411,,93248377,PO-US-09166,,10-00522E,2026072813,1,,P:90-06831ER:01S:SIE262704303,PO-US-09166 shipped 073026 ASN 93248377 Qty 6240.xlsx,2026-07-30 17:56:34,2026-07-30 17:56:45,2026-07-30 17:56:44
P:10-00522ER:01S:SIE262604671,2026-07-30 17:00:00,SFOHOUT00052412,,93248460,PO-US-09166,,10-00522E,202607311,1,,P:90-06831ER:01S:SIE263009577,PO-US-08015 shipped 073126 ASN 93248292 Qty 240 POUS08933 A8401 Q324 POUS08008 A8402 Q110 POUS08625 A8452 Q270 POUS08013 A8453 Q13 POUS09054 A8454 Q50 POUS08885 A93248457 Q10 POUS09166 A93248460 Q2400.xlsx,2026-07-31 17:45:36,2026-07-31 17:45:43,2026-07-31 17:45:43
P:10-00522ER:01S:SIE262604673,2026-07-29 17:00:00,SFOHOUT00052411,,93248377,PO-US-09166,,10-00522E,2026072811,1,,P:90-06831ER:01S:SIE262811629,PO-US-09166 shipped 073026 ASN 93248377 Qty 6240.xlsx,2026-07-30 17:56:34,2026-07-30 17:56:45,2026-07-30 17:56:44
P:10-00522ER:01S:SIE262604678,2026-07-29 17:00:00,SFOHOUT00052411,,93248377,PO-US-09166,,10-00522E,2026072813,1,,P:90-06831ER:01S:SIE262704313,PO-US-09166 shipped 073026 ASN 93248377 Qty 6240.xlsx,2026-07-30 17:56:34,2026-07-30 17:56:45,2026-07-30 17:56:44
P:10-00522ER:01S:SIE262604685,2026-07-29 17:00:00,SFOHOUT00052411,,93248377,PO-US-09166,,10-00522E,202607288,1,,P:90-06831ER:01S:SIE262704410,PO-US-09166 shipped 073026 ASN 93248377 Qty 6240.xlsx,2026-07-30 17:56:34,2026-07-30 17:56:45,2026-07-30 17:56:44
P:10-00522ER:01S:SIE262604691,2026-07-29 17:00:00,SFOHOUT00052411,,93248377,PO-US-09166,,10-00522E,2026072813,1,,P:90-06831ER:01S:SIE262704276,PO-US-09166 shipped 073026 ASN 93248377 Qty 6240.xlsx,2026-07-30 17:56:34,2026-07-30 17:56:45,2026-07-30 17:56:44
P:10-00522ER:01S:SIE262604699,2026-07-29 17:00:00,SFOHOUT00052411,,93248377,PO-US-09166,,10-00522E,2026072813,1,,P:90-06831ER:01S:SIE262704272,PO-US-09166 shipped 073026 ASN 93248377 Qty 6240.xlsx,2026-07-30 17:56:34,2026-07-30 17:56:45,2026-07-30 17:56:44
P:10-00522ER:01S:SIE262604704,2026-07-29 17:00:00,SFOHOUT00052411,,93248377,PO-US-09166,,10-00522E,202607285,1,,P:90-06831ER:01S:SIE262811659,PO-US-09166 shipped 073026 ASN 93248377 Qty 6240.xlsx,2026-07-30 17:56:34,2026-07-30 17:56:45,2026-07-30 17:56:44
P:10-00522ER:01S:SIE262604708,2026-07-29 17:00:00,SFOHOUT00052411,,93248377,PO-US-09166,,10-00522E,2026072813,1,,P:90-06831ER:01S:SIE262704303,PO-US-09166 shipped 073026 ASN 93248377 Qty 6240.xlsx,2026-07-30 17:56:34,2026-07-30 17:56:45,2026-07-30 17:56:44
P:10-00522ER:01S:SIE262604709,2026-07-29 17:00:00,SFOHOUT00052411,,93248377,PO-US-09166,,10-00522E,2026072813,1,,P:90-06831ER:01S:SIE262704303,PO-US-09166 shipped 073026 ASN 93248377 Qty 6240.xlsx,2026-07-30 17:56:34,2026-07-30 17:56:45,2026-07-30 17:56:44
P:10-00522ER:01S:SIE262604732,2026-07-29 17:00:00,SFOHOUT00052411,,93248377,PO-US-09166,,10-00522E,2026072814,1,,P:90-06831ER:01S:SIE262704372,PO-US-09166 shipped 073026 ASN 93248377 Qty 6240.xlsx,2026-07-30 17:56:34,2026-07-30 17:56:45,2026-07-30 17:56:44
P:10-00522ER:01S:SIE262604733,2026-07-29 17:00:00,SFOHOUT00052411,,93248377,PO-US-09166,,10-00522E,2026072813,1,,P:90-06831ER:01S:SIE262704303,PO-US-09166 shipped 073026 ASN 93248377 Qty 6240.xlsx,2026-07-30 17:56:34,2026-07-30 17:56:45,2026-07-30 17:56:44
P:10-00522ER:01S:SIE262604734,2026-07-29 17:00:00,SFOHOUT00052411,,93248377,PO-US-09166,,10-00522E,2026072813,1,,P:90-06831ER:01S:SIE262704303,PO-US-09166 shipped 073026 ASN 93248377 Qty 6240.xlsx,2026-07-30 17:56:34,2026-07-30 17:56:45,2026-07-30 17:56:44
P:10-00522ER:01S:SIE262604737,2026-07-29 17:00:00,SFOHOUT00052411,,93248377,PO-US-09166,,10-00522E,202607283,1,,P:90-06831ER:01S:SIE262704460,PO-US-09166 shipped 073026 ASN 93248377 Qty 6240.xlsx,2026-07-30 17:56:34,2026-07-30 17:56:45,2026-07-30 17:56:44
P:10-00522ER:01S:SIE262604738,2026-07-29 17:00:00,SFOHOUT00052411,,93248377,PO-US-09166,,10-00522E,202607289,1,,P:90-06831ER:01S:SIE262704448,PO-US-09166 shipped 073026 ASN 93248377 Qty 6240.xlsx,2026-07-30 17:56:34,2026-07-30 17:56:45,2026-07-30 17:56:44
P:10-00522ER:01S:SIE262604750,2026-07-29 17:00:00,SFOHOUT00052411,,93248377,PO-US-09166,,10-00522E,202607285,1,,P:90-06831ER:01S:SIE262811659,PO-US-09166 shipped 073026 ASN 93248377 Qty 6240.xlsx,2026-07-30 17:56:34,2026-07-30 17:56:45,2026-07-30 17:56:44
P:10-00522ER:01S:SIE262604755,2026-07-29 17:00:00,SFOHOUT00052411,,93248377,PO-US-09166,,10-00522E,2026072813,1,,P:90-06831ER:01S:SIE262704284,PO-US-09166 shipped 073026 ASN 93248377 Qty 6240.xlsx,2026-07-30 17:56:34,2026-07-30 17:56:45,2026-07-30 17:56:44
P:10-00522ER:01S:SIE262604769,2026-07-29 17:00:00,SFOHOUT00052411,,93248377,PO-US-09166,,10-00522E,2026072814,1,,P:90-06831ER:01S:SIE262704372,PO-US-09166 shipped 073026 ASN 93248377 Qty 6240.xlsx,2026-07-30 17:56:34,2026-07-30 17:56:45,2026-07-30 17:56:44
P:10-00522ER:01S:SIE262604771,2026-07-29 17:00:00,SFOHOUT00052411,,93248377,PO-US-09166,,10-00522E,2026072813,1,,P:90-06831ER:01S:SIE262704303,PO-US-09166 shipped 073026 ASN 93248377 Qty 6240.xlsx,2026-07-30 17:56:34,2026-07-30 17:56:45,2026-07-30 17:56:44
P:10-00522ER:01S:SIE262604775,2026-07-29 17:00:00,SFOHOUT00052411,,93248377,PO-US-09166,,10-00522E,202607285,1,,P:90-06831ER:01S:SIE262811661,PO-US-09166 shipped 073026 ASN 93248377 Qty 6240.xlsx,2026-07-30 17:56:34,2026-07-30 17:56:45,2026-07-30 17:56:44
P:10-00522ER:01S:SIE262604782,2026-07-29 17:00:00,SFOHOUT00052411,,93248377,PO-US-09166,,10-00522E,202607285,1,,P:90-06831ER:01S:SIE262811660,PO-US-09166 shipped 073026 ASN 93248377 Qty 6240.xlsx,2026-07-30 17:56:34,2026-07-30 17:56:45,2026-07-30 17:56:44
P:10-00522ER:01S:SIE262604788,2026-07-29 17:00:00,SFOHOUT00052411,,93248377,PO-US-09166,,10-00522E,202607285,1,,P:90-06831ER:01S:SIE262811661,PO-US-09166 shipped 073026 ASN 93248377 Qty 6240.xlsx,2026-07-30 17:56:34,2026-07-30 17:56:45,2026-07-30 17:56:44
P:10-00522ER:01S:SIE262604790,2026-07-29 17:00:00,SFOHOUT00052411,,93248377,PO-US-09166,,10-00522E,2026072813,1,,P:90-06831ER:01S:SIE262704303,PO-US-09166 shipped 073026 ASN 93248377 Qty 6240.xlsx,2026-07-30 17:56:34,2026-07-30 17:56:45,2026-07-30 17:56:44
P:10-00522ER:01S:SIE262604794,2026-07-29 17:00:00,SFOHOUT00052411,,93248377,PO-US-09166,,10-00522E,202607285,1,,P:90-06831ER:01S:SIE262811661,PO-US-09166 shipped 073026 ASN 93248377 Qty 6240.xlsx,2026-07-30 17:56:34,2026-07-30 17:56:45,2026-07-30 17:56:44
P:10-00522ER:01S:SIE262604797,2026-07-29 17:00:00,SFOHOUT00052411,,93248377,PO-US-09166,,10-00522E,2026072814,1,,P:90-06831ER:01S:SIE262704370,PO-US-09166 shipped 073026 ASN 93248377 Qty 6240.xlsx,2026-07-30 17:56:34,2026-07-30 17:56:45,2026-07-30 17:56:44
P:10-00522ER:01S:SIE262604800,2026-07-29 17:00:00,SFOHOUT00052411,,93248377,PO-US-09166,,10-00522E,2026072813,1,,P:90-06831ER:01S:SIE262704284,PO-US-09166 shipped 073026 ASN 93248377 Qty 6240.xlsx,2026-07-30 17:56:34,2026-07-30 17:56:45,2026-07-30 17:56:44
P:10-00522ER:01S:SIE262604802,2026-07-29 17:00:00,SFOHOUT00052411,,93248377,PO-US-09166,,10-00522E,202607285,1,,P:90-06831ER:01S:SIE262811659,PO-US-09166 shipped 073026 ASN 93248377 Qty 6240.xlsx,2026-07-30 17:56:34,2026-07-30 17:56:45,2026-07-30 17:56:44
P:10-00522ER:01S:SIE262604812,2026-07-29 17:00:00,SFOHOUT00052411,,93248377,PO-US-09166,,10-00522E,202607292,1,,P:90-06831ER:01S:SIE262811644,PO-US-09166 shipped 073026 ASN 93248377 Qty 6240.xlsx,2026-07-30 17:56:34,2026-07-30 17:56:45,2026-07-30 17:56:44
P:10-00522ER:01S:SIE262604817,2026-07-29 17:00:00,SFOHOUT00052411,,93248377,PO-US-09166,,10-00522E,202607288,1,,P:90-06831ER:01S:SIE262704409,PO-US-09166 shipped 073026 ASN 93248377 Qty 6240.xlsx,2026-07-30 17:56:34,2026-07-30 17:56:45,2026-07-30 17:56:44
P:10-00522ER:01S:SIE262604818,2026-07-29 17:00:00,SFOHOUT00052411,,93248377,PO-US-09166,,10-00522E,202607285,1,,P:90-06831ER:01S:SIE262811659,PO-US-09166 shipped 073026 ASN 93248377 Qty 6240.xlsx,2026-07-30 17:56:34,2026-07-30 17:56:45,2026-07-30 17:56:44
P:10-00522ER:01S:SIE262604820,2026-07-30 17:00:00,SFOHOUT00052412,,93248460,PO-US-09166,,10-00522E,2026073115,1,,P:90-06831ER:01S:SIE263009599,PO-US-08015 shipped 073126 ASN 93248292 Qty 240 POUS08933 A8401 Q324 POUS08008 A8402 Q110 POUS08625 A8452 Q270 POUS08013 A8453 Q13 POUS09054 A8454 Q50 POUS08885 A93248457 Q10 POUS09166 A93248460 Q2400.xlsx,2026-07-31 17:45:36,2026-07-31 17:45:43,2026-07-31 17:45:43
P:10-00522ER:01S:SIE262604821,2026-07-29 17:00:00,SFOHOUT00052411,,93248377,PO-US-09166,,10-00522E,2026072814,1,,P:90-06831ER:01S:SIE262704370,PO-US-09166 shipped 073026 ASN 93248377 Qty 6240.xlsx,2026-07-30 17:56:34,2026-07-30 17:56:45,2026-07-30 17:56:44
P:10-00522ER:01S:SIE262604822,2026-07-29 17:00:00,SFOHOUT00052411,,93248377,PO-US-09166,,10-00522E,202607285,1,,P:90-06831ER:01S:SIE262811661,PO-US-09166 shipped 073026 ASN 93248377 Qty 6240.xlsx,2026-07-30 17:56:34,2026-07-30 17:56:45,2026-07-30 17:56:44
P:10-00522ER:01S:SIE262604823,2026-07-29 17:00:00,SFOHOUT00052411,,93248377,PO-US-09166,,10-00522E,202607285,1,,P:90-06831ER:01S:SIE262811660,PO-US-09166 shipped 073026 ASN 93248377 Qty 6240.xlsx,2026-07-30 17:56:34,2026-07-30 17:56:45,2026-07-30 17:56:44
P:10-00522ER:01S:SIE262604825,2026-07-29 17:00:00,SFOHOUT00052411,,93248377,PO-US-09166,,10-00522E,202607285,1,,P:90-06831ER:01S:SIE262811661,PO-US-09166 shipped 073026 ASN 93248377 Qty 6240.xlsx,2026-07-30 17:56:34,2026-07-30 17:56:45,2026-07-30 17:56:44
P:10-00522ER:01S:SIE262604827,2026-07-29 17:00:00,SFOHOUT00052411,,93248377,PO-US-09166,,10-00522E,2026072814,1,,P:90-06831ER:01S:SIE262704369,PO-US-09166 shipped 073026 ASN 93248377 Qty 6240.xlsx,2026-07-30 17:56:34,2026-07-30 17:56:45,2026-07-30 17:56:44
P:10-00522ER:01S:SIE262604828,2026-07-29 17:00:00,SFOHOUT00052411,,93248377,PO-US-09166,,10-00522E,202607285,1,,P:90-06831ER:01S:SIE262811660,PO-US-09166 shipped 073026 ASN 93248377 Qty 6240.xlsx,2026-07-30 17:56:34,2026-07-30 17:56:45,2026-07-30 17:56:44
P:10-00522ER:01S:SIE262604829,2026-07-29 17:00:00,SFOHOUT00052411,,93248377,PO-US-09166,,10-00522E,202607285,1,,P:90-06831ER:01S:SIE262811660,PO-US-09166 shipped 073026 ASN 93248377 Qty 6240.xlsx,2026-07-30 17:56:34,2026-07-30 17:56:45,2026-07-30 17:56:44
P:10-00522ER:01S:SIE262604830,2026-07-29 17:00:00,SFOHOUT00052411,,93248377,PO-US-09166,,10-00522E,202607285,1,,P:90-06831ER:01S:SIE262811661,PO-US-09166 shipped 073026 ASN 93248377 Qty 6240.xlsx,2026-07-30 17:56:34,2026-07-30 17:56:45,2026-07-30 17:56:44
P:10-00522ER:01S:SIE262604833,2026-07-29 17:00:00,SFOHOUT00052411,,93248377,PO-US-09166,,10-00522E,2026072814,1,,P:90-06831ER:01S:SIE262704379,PO-US-09166 shipped 073026 ASN 93248377 Qty 6240.xlsx,2026-07-30 17:56:34,2026-07-30 17:56:45,2026-07-30 17:56:44
P:10-00522ER:01S:SIE262604834,2026-07-29 17:00:00,SFOHOUT00052411,,93248377,PO-US-09166,,10-00522E,2026072813,1,,P:90-06831ER:01S:SIE262704275,PO-US-09166 shipped 073026 ASN 93248377 Qty 6240.xlsx,2026-07-30 17:56:34,2026-07-30 17:56:45,2026-07-30 17:56:44
P:10-00522ER:01S:SIE262604839,2026-07-29 17:00:00,SFOHOUT00052411,,93248377,PO-US-09166,,10-00522E,2026072810,1,,P:90-06831ER:01S:SIE262704414,PO-US-09166 shipped 073026 ASN 93248377 Qty 6240.xlsx,2026-07-30 17:56:34,2026-07-30 17:56:45,2026-07-30 17:56:44
P:10-00522ER:01S:SIE262604840,2026-07-29 17:00:00,SFOHOUT00052411,,93248377,PO-US-09166,,10-00522E,202607285,1,,P:90-06831ER:01S:SIE262811661,PO-US-09166 shipped 073026 ASN 93248377 Qty 6240.xlsx,2026-07-30 17:56:34,2026-07-30 17:56:45,2026-07-30 17:56:44
P:10-00522ER:01S:SIE262604842,2026-07-29 17:00:00,SFOHOUT00052411,,93248377,PO-US-09166,,10-00522E,2026072814,1,,P:90-06831ER:01S:SIE262704369,PO-US-09166 shipped 073026 ASN 93248377 Qty 6240.xlsx,2026-07-30 17:56:34,2026-07-30 17:56:45,2026-07-30 17:56:44
P:10-00522ER:01S:SIE262604843,2026-07-29 17:00:00,SFOHOUT00052411,,93248377,PO-US-09166,,10-00522E,2026072813,1,,P:90-06831ER:01S:SIE262704284,PO-US-09166 shipped 073026 ASN 93248377 Qty 6240.xlsx,2026-07-30 17:56:34,2026-07-30 17:56:45,2026-07-30 17:56:44
P:10-00522ER:01S:SIE262604844,2026-07-29 17:00:00,SFOHOUT00052411,,93248377,PO-US-09166,,10-00522E,2026072813,1,,P:90-06831ER:01S:SIE262704284,PO-US-09166 shipped 073026 ASN 93248377 Qty 6240.xlsx,2026-07-30 17:56:34,2026-07-30 17:56:45,2026-07-30 17:56:44
P:10-00522ER:01S:SIE262604848,2026-07-29 17:00:00,SFOHOUT00052411,,93248377,PO-US-09166,,10-00522E,202607285,1,,P:90-06831ER:01S:SIE262811661,PO-US-09166 shipped 073026 ASN 93248377 Qty 6240.xlsx,2026-07-30 17:56:34,2026-07-30 17:56:45,2026-07-30 17:56:44
P:10-00522ER:01S:SIE262604850,2026-07-29 17:00:00,SFOHOUT00052411,,93248377,PO-US-09166,,10-00522E,202607285,1,,P:90-06831ER:01S:SIE262811660,PO-US-09166 shipped 073026 ASN 93248377 Qty 6240.xlsx,2026-07-30 17:56:34,2026-07-30 17:56:45,2026-07-30 17:56:44
P:10-00522ER:01S:SIE262604855,2026-07-29 17:00:00,SFOHOUT00052411,,93248377,PO-US-09166,,10-00522E,202607285,1,,P:90-06831ER:01S:SIE262811659,PO-US-09166 shipped 073026 ASN 93248377 Qty 6240.xlsx,2026-07-30 17:56:34,2026-07-30 17:56:45,2026-07-30 17:56:44
P:10-00522ER:01S:SIE262604856,2026-07-29 17:00:00,SFOHOUT00052411,,93248377,PO-US-09166,,10-00522E,202607285,1,,P:90-06831ER:01S:SIE262811661,PO-US-09166 shipped 073026 ASN 93248377 Qty 6240.xlsx,2026-07-30 17:56:34,2026-07-30 17:56:45,2026-07-30 17:56:44
P:10-00522ER:01S:SIE262604858,2026-07-29 17:00:00,SFOHOUT00052411,,93248377,PO-US-09166,,10-00522E,2026072813,1,,P:90-06831ER:01S:SIE262704303,PO-US-09166 shipped 073026 ASN 93248377 Qty 6240.xlsx,2026-07-30 17:56:34,2026-07-30 17:56:45,2026-07-30 17:56:44
P:10-00522ER:01S:SIE262604865,2026-07-29 17:00:00,SFOHOUT00052411,,93248377,PO-US-09166,,10-00522E,2026072813,1,,P:90-06831ER:01S:SIE262704275,PO-US-09166 shipped 073026 ASN 93248377 Qty 6240.xlsx,2026-07-30 17:56:34,2026-07-30 17:56:45,2026-07-30 17:56:44
P:10-00522ER:01S:SIE262604871,2026-07-29 17:00:00,SFOHOUT00052411,,93248377,PO-US-09166,,10-00522E,202607285,1,,P:90-06831ER:01S:SIE262811661,PO-US-09166 shipped 073026 ASN 93248377 Qty 6240.xlsx,2026-07-30 17:56:34,2026-07-30 17:56:45,2026-07-30 17:56:44
P:10-00522ER:01S:SIE262604872,2026-07-29 17:00:00,SFOHOUT00052411,,93248377,PO-US-09166,,10-00522E,202607285,1,,P:90-06831ER:01S:SIE262811660,PO-US-09166 shipped 073026 ASN 93248377 Qty 6240.xlsx,2026-07-30 17:56:34,2026-07-30 17:56:45,2026-07-30 17:56:44
P:10-00522ER:01S:SIE262604880,2026-07-29 17:00:00,SFOHOUT00052411,,93248377,PO-US-09166,,10-00522E,2026072814,1,,P:90-06831ER:01S:SIE262704377,PO-US-09166 shipped 073026 ASN 93248377 Qty 6240.xlsx,2026-07-30 17:56:34,2026-07-30 17:56:45,2026-07-30 17:56:44
P:10-00522ER:01S:SIE262604882,2026-07-29 17:00:00,SFOHOUT00052411,,93248377,PO-US-09166,,10-00522E,202607283,1,,P:90-06831ER:01S:SIE262704382,PO-US-09166 shipped 073026 ASN 93248377 Qty 6240.xlsx,2026-07-30 17:56:34,2026-07-30 17:56:45,2026-07-30 17:56:44
P:10-00522ER:01S:SIE262604890,2026-07-29 17:00:00,SFOHOUT00052411,,93248377,PO-US-09166,,10-00522E,202607285,1,,P:90-06831ER:01S:SIE262811661,PO-US-09166 shipped 073026 ASN 93248377 Qty 6240.xlsx,2026-07-30 17:56:34,2026-07-30 17:56:45,2026-07-30 17:56:44
P:10-00522ER:01S:SIE262604891,2026-07-29 17:00:00,SFOHOUT00052411,,93248377,PO-US-09166,,10-00522E,2026072810,1,,P:90-06831ER:01S:SIE262704420,PO-US-09166 shipped 073026 ASN 93248377 Qty 6240.xlsx,2026-07-30 17:56:34,2026-07-30 17:56:45,2026-07-30 17:56:44
P:10-00522ER:01S:SIE262604897,2026-07-29 17:00:00,SFOHOUT00052411,,93248377,PO-US-09166,,10-00522E,2026072814,1,,P:90-06831ER:01S:SIE262704369,PO-US-09166 shipped 073026 ASN 93248377 Qty 6240.xlsx,2026-07-30 17:56:34,2026-07-30 17:56:45,2026-07-30 17:56:44
P:10-00522ER:01S:SIE262604899,2026-07-29 17:00:00,SFOHOUT00052411,,93248377,PO-US-09166,,10-00522E,2026072813,1,,P:90-06831ER:01S:SIE262704284,PO-US-09166 shipped 073026 ASN 93248377 Qty 6240.xlsx,2026-07-30 17:56:34,2026-07-30 17:56:45,2026-07-30 17:56:44
P:10-00522ER:01S:SIE262604902,2026-07-29 17:00:00,SFOHOUT00052411,,93248377,PO-US-09166,,10-00522E,202607285,1,,P:90-06831ER:01S:SIE262811662,PO-US-09166 shipped 073026 ASN 93248377 Qty 6240.xlsx,2026-07-30 17:56:34,2026-07-30 17:56:45,2026-07-30 17:56:44
P:10-00522ER:01S:SIE262604903,2026-07-29 17:00:00,SFOHOUT00052411,,93248377,PO-US-09166,,10-00522E,202607285,1,,P:90-06831ER:01S:SIE262811661,PO-US-09166 shipped 073026 ASN 93248377 Qty 6240.xlsx,2026-07-30 17:56:34,2026-07-30 17:56:45,2026-07-30 17:56:44
P:10-00522ER:01S:SIE262604906,2026-07-29 17:00:00,SFOHOUT00052411,,93248377,PO-US-09166,,10-00522E,2026072813,1,,P:90-06831ER:01S:SIE262704275,PO-US-09166 shipped 073026 ASN 93248377 Qty 6240.xlsx,2026-07-30 17:56:34,2026-07-30 17:56:45,2026-07-30 17:56:44
P:10-00522ER:01S:SIE262604909,2026-07-29 17:00:00,SFOHOUT00052411,,93248377,PO-US-09166,,10-00522E,202607285,1,,P:90-06831ER:01S:SIE262811661,PO-US-09166 shipped 073026 ASN 93248377 Qty 6240.xlsx,2026-07-30 17:56:34,2026-07-30 17:56:45,2026-07-30 17:56:44
P:10-00522ER:01S:SIE262604912,2026-07-29 17:00:00,SFOHOUT00052411,,93248377,PO-US-09166,,10-00522E,202607285,1,,P:90-06831ER:01S:SIE262811659,PO-US-09166 shipped 073026 ASN 93248377 Qty 6240.xlsx,2026-07-30 17:56:34,2026-07-30 17:56:45,2026-07-30 17:56:44
P:10-00522ER:01S:SIE262604915,2026-07-29 17:00:00,SFOHOUT00052411,,93248377,PO-US-09166,,10-00522E,202607285,1,,P:90-06831ER:01S:SIE262811659,PO-US-09166 shipped 073026 ASN 93248377 Qty 6240.xlsx,2026-07-30 17:56:34,2026-07-30 17:56:45,2026-07-30 17:56:44
P:10-00522ER:01S:SIE262604922,2026-07-29 17:00:00,SFOHOUT00052411,,93248377,PO-US-09166,,10-00522E,202607285,1,,P:90-06831ER:01S:SIE262811660,PO-US-09166 shipped 073026 ASN 93248377 Qty 6240.xlsx,2026-07-30 17:56:34,2026-07-30 17:56:45,2026-07-30 17:56:44
P:10-00522ER:01S:SIE262604923,2026-07-29 17:00:00,SFOHOUT00052411,,93248377,PO-US-09166,,10-00522E,2026072813,1,,P:90-06831ER:01S:SIE262704275,PO-US-09166 shipped 073026 ASN 93248377 Qty 6240.xlsx,2026-07-30 17:56:34,2026-07-30 17:56:45,2026-07-30 17:56:44
P:10-00522ER:01S:SIE262604928,2026-07-29 17:00:00,SFOHOUT00052411,,93248377,PO-US-09166,,10-00522E,2026072814,1,,P:90-06831ER:01S:SIE262704377,PO-US-09166 shipped 073026 ASN 93248377 Qty 6240.xlsx,2026-07-30 17:56:34,2026-07-30 17:56:45,2026-07-30 17:56:44
P:10-00522ER:01S:SIE262604930,2026-07-29 17:00:00,SFOHOUT00052411,,93248377,PO-US-09166,,10-00522E,2026072817,1,,P:90-06831ER:01S:SIE262811617,PO-US-09166 shipped 073026 ASN 93248377 Qty 6240.xlsx,2026-07-30 17:56:34,2026-07-30 17:56:45,2026-07-30 17:56:44
P:10-00522ER:01S:SIE262604934,2026-07-29 17:00:00,SFOHOUT00052411,,93248377,PO-US-09166,,10-00522E,2026072810,1,,P:90-06831ER:01S:SIE262704414,PO-US-09166 shipped 073026 ASN 93248377 Qty 6240.xlsx,2026-07-30 17:56:34,2026-07-30 17:56:45,2026-07-30 17:56:44
P:10-00522ER:01S:SIE262604938,2026-07-29 17:00:00,SFOHOUT00052411,,93248377,PO-US-09166,,10-00522E,202607285,1,,P:90-06831ER:01S:SIE262811659,PO-US-09166 shipped 073026 ASN 93248377 Qty 6240.xlsx,2026-07-30 17:56:34,2026-07-30 17:56:45,2026-07-30 17:56:44
P:10-00522ER:01S:SIE262604939,2026-07-29 17:00:00,SFOHOUT00052411,,93248377,PO-US-09166,,10-00522E,2026072813,1,,P:90-06831ER:01S:SIE262704318,PO-US-09166 shipped 073026 ASN 93248377 Qty 6240.xlsx,2026-07-30 17:56:34,2026-07-30 17:56:45,2026-07-30 17:56:44
P:10-00522ER:01S:SIE262604941,2026-07-29 17:00:00,SFOHOUT00052411,,93248377,PO-US-09166,,10-00522E,2026072814,1,,P:90-06831ER:01S:SIE262704373,PO-US-09166 shipped 073026 ASN 93248377 Qty 6240.xlsx,2026-07-30 17:56:34,2026-07-30 17:56:45,2026-07-30 17:56:44
P:10-00522ER:01S:SIE262604944,2026-07-29 17:00:00,SFOHOUT00052411,,93248377,PO-US-09166,,10-00522E,2026072815,1,,P:90-06831ER:01S:SIE262704383,PO-US-09166 shipped 073026 ASN 93248377 Qty 6240.xlsx,2026-07-30 17:56:34,2026-07-30 17:56:45,2026-07-30 17:56:44
P:10-00522ER:01S:SIE262604946,2026-07-29 17:00:00,SFOHOUT00052411,,93248377,PO-US-09166,,10-00522E,2026072814,1,,P:90-06831ER:01S:SIE262704374,PO-US-09166 shipped 073026 ASN 93248377 Qty 6240.xlsx,2026-07-30 17:56:34,2026-07-30 17:56:45,2026-07-30 17:56:44
P:10-00522ER:01S:SIE262604957,2026-07-29 17:00:00,SFOHOUT00052411,,93248377,PO-US-09166,,10-00522E,2026072814,1,,P:90-06831ER:01S:SIE262704375,PO-US-09166 shipped 073026 ASN 93248377 Qty 6240.xlsx,2026-07-30 17:56:34,2026-07-30 17:56:45,2026-07-30 17:56:44
P:10-00522ER:01S:SIE262604958,2026-07-29 17:00:00,SFOHOUT00052411,,93248377,PO-US-09166,,10-00522E,2026072811,1,,P:90-06831ER:01S:SIE262811628,PO-US-09166 shipped 073026 ASN 93248377 Qty 6240.xlsx,2026-07-30 17:56:34,2026-07-30 17:56:45,2026-07-30 17:56:44
P:10-00522ER:01S:SIE262604961,2026-07-29 17:00:00,SFOHOUT00052411,,93248377,PO-US-09166,,10-00522E,202607283,1,,P:90-06831ER:01S:SIE262704382,PO-US-09166 shipped 073026 ASN 93248377 Qty 6240.xlsx,2026-07-30 17:56:34,2026-07-30 17:56:45,2026-07-30 17:56:44
P:10-00522ER:01S:SIE262604962,2026-07-29 17:00:00,SFOHOUT00052411,,93248377,PO-US-09166,,10-00522E,2026072817,1,,P:90-06831ER:01S:SIE262811617,PO-US-09166 shipped 073026 ASN 93248377 Qty 6240.xlsx,2026-07-30 17:56:34,2026-07-30 17:56:45,2026-07-30 17:56:44
P:10-00522ER:01S:SIE262604964,2026-07-29 17:00:00,SFOHOUT00052411,,93248377,PO-US-09166,,10-00522E,202607283,1,,P:90-06831ER:01S:SIE262704460,PO-US-09166 shipped 073026 ASN 93248377 Qty 6240.xlsx,2026-07-30 17:56:34,2026-07-30 17:56:45,2026-07-30 17:56:44
P:10-00522ER:01S:SIE262604966,2026-07-29 17:00:00,SFOHOUT00052411,,93248377,PO-US-09166,,10-00522E,202607288,1,,P:90-06831ER:01S:SIE262704407,PO-US-09166 shipped 073026 ASN 93248377 Qty 6240.xlsx,2026-07-30 17:56:34,2026-07-30 17:56:45,2026-07-30 17:56:44
P:10-00522ER:01S:SIE262604972,2026-07-29 17:00:00,SFOHOUT00052411,,93248377,PO-US-09166,,10-00522E,2026072814,1,,P:90-06831ER:01S:SIE262704376,PO-US-09166 shipped 073026 ASN 93248377 Qty 6240.xlsx,2026-07-30 17:56:34,2026-07-30 17:56:45,2026-07-30 17:56:44
P:10-00522ER:01S:SIE262604976,2026-07-29 17:00:00,SFOHOUT00052411,,93248377,PO-US-09166,,10-00522E,2026072814,1,,P:90-06831ER:01S:SIE262704370,PO-US-09166 shipped 073026 ASN 93248377 Qty 6240.xlsx,2026-07-30 17:56:34,2026-07-30 17:56:45,2026-07-30 17:56:44
P:10-00522ER:01S:SIE262604978,2026-07-29 17:00:00,SFOHOUT00052411,,93248377,PO-US-09166,,10-00522E,2026072813,1,,P:90-06831ER:01S:SIE262704275,PO-US-09166 shipped 073026 ASN 93248377 Qty 6240.xlsx,2026-07-30 17:56:34,2026-07-30 17:56:45,2026-07-30 17:56:44
P:10-00522ER:01S:SIE262604983,2026-07-29 17:00:00,SFOHOUT00052411,,93248377,PO-US-09166,,10-00522E,202607285,1,,P:90-06831ER:01S:SIE262811660,PO-US-09166 shipped 073026 ASN 93248377 Qty 6240.xlsx,2026-07-30 17:56:34,2026-07-30 17:56:45,2026-07-30 17:56:44
P:10-00522ER:01S:SIE262604984,2026-07-29 17:00:00,SFOHOUT00052411,,93248377,PO-US-09166,,10-00522E,2026072815,1,,P:90-06831ER:01S:SIE262704387,PO-US-09166 shipped 073026 ASN 93248377 Qty 6240.xlsx,2026-07-30 17:56:34,2026-07-30 17:56:45,2026-07-30 17:56:44
P:10-00522ER:01S:SIE262604985,2026-07-29 17:00:00,SFOHOUT00052411,,93248377,PO-US-09166,,10-00522E,2026072814,1,,P:90-06831ER:01S:SIE262704374,PO-US-09166 shipped 073026 ASN 93248377 Qty 6240.xlsx,2026-07-30 17:56:34,2026-07-30 17:56:45,2026-07-30 17:56:44
P:10-00522ER:01S:SIE262604989,2026-07-29 17:00:00,SFOHOUT00052411,,93248377,PO-US-09166,,10-00522E,202607283,1,,P:90-06831ER:01S:SIE262704460,PO-US-09166 shipped 073026 ASN 93248377 Qty 6240.xlsx,2026-07-30 17:56:34,2026-07-30 17:56:45,2026-07-30 17:56:44
P:10-00522ER:01S:SIE262604991,2026-07-29 17:00:00,SFOHOUT00052411,,93248377,PO-US-09166,,10-00522E,202607292,1,,P:90-06831ER:01S:SIE262811644,PO-US-09166 shipped 073026 ASN 93248377 Qty 6240.xlsx,2026-07-30 17:56:34,2026-07-30 17:56:45,2026-07-30 17:56:44
P:10-00522ER:01S:SIE262604992,2026-07-29 17:00:00,SFOHOUT00052411,,93248377,PO-US-09166,,10-00522E,202607283,1,,P:90-06831ER:01S:SIE262704398,PO-US-09166 shipped 073026 ASN 93248377 Qty 6240.xlsx,2026-07-30 17:56:34,2026-07-30 17:56:45,2026-07-30 17:56:44
P:10-00522ER:01S:SIE262604993,2026-07-29 17:00:00,SFOHOUT00052411,,93248377,PO-US-09166,,10-00522E,202607285,1,,P:90-06831ER:01S:SIE262811662,PO-US-09166 shipped 073026 ASN 93248377 Qty 6240.xlsx,2026-07-30 17:56:34,2026-07-30 17:56:45,2026-07-30 17:56:44
P:10-00522ER:01S:SIE262604995,2026-07-29 17:00:00,SFOHOUT00052411,,93248377,PO-US-09166,,10-00522E,2026072814,1,,P:90-06831ER:01S:SIE262704378,PO-US-09166 shipped 073026 ASN 93248377 Qty 6240.xlsx,2026-07-30 17:56:34,2026-07-30 17:56:45,2026-07-30 17:56:44
P:10-00522ER:01S:SIE262604997,2026-07-29 17:00:00,SFOHOUT00052411,,93248377,PO-US-09166,,10-00522E,202607285,1,,P:90-06831ER:01S:SIE262811660,PO-US-09166 shipped 073026 ASN 93248377 Qty 6240.xlsx,2026-07-30 17:56:34,2026-07-30 17:56:45,2026-07-30 17:56:44
P:10-00522ER:01S:SIE262605001,2026-07-29 17:00:00,SFOHOUT00052411,,93248377,PO-US-09166,,10-00522E,2026072814,1,,P:90-06831ER:01S:SIE262704369,PO-US-09166 shipped 073026 ASN 93248377 Qty 6240.xlsx,2026-07-30 17:56:34,2026-07-30 17:56:45,2026-07-30 17:56:44
P:10-00522ER:01S:SIE262605002,2026-07-29 17:00:00,SFOHOUT00052411,,93248377,PO-US-09166,,10-00522E,202607285,1,,P:90-06831ER:01S:SIE262811659,PO-US-09166 shipped 073026 ASN 93248377 Qty 6240.xlsx,2026-07-30 17:56:34,2026-07-30 17:56:45,2026-07-30 17:56:44
P:10-00522ER:01S:SIE262605005,2026-07-29 17:00:00,SFOHOUT00052411,,93248377,PO-US-09166,,10-00522E,202607283,1,,P:90-06831ER:01S:SIE262704460,PO-US-09166 shipped 073026 ASN 93248377 Qty 6240.xlsx,2026-07-30 17:56:34,2026-07-30 17:56:45,2026-07-30 17:56:44
P:10-00522ER:01S:SIE262605006,2026-07-29 17:00:00,SFOHOUT00052411,,93248377,PO-US-09166,,10-00522E,2026072813,1,,P:90-06831ER:01S:SIE262704275,PO-US-09166 shipped 073026 ASN 93248377 Qty 6240.xlsx,2026-07-30 17:56:34,2026-07-30 17:56:45,2026-07-30 17:56:44
P:10-00522ER:01S:SIE262605007,2026-07-29 17:00:00,SFOHOUT00052411,,93248377,PO-US-09166,,10-00522E,2026072813,1,,P:90-06831ER:01S:SIE262704275,PO-US-09166 shipped 073026 ASN 93248377 Qty 6240.xlsx,2026-07-30 17:56:34,2026-07-30 17:56:45,2026-07-30 17:56:44
P:10-00522ER:01S:SIE262605010,2026-07-29 17:00:00,SFOHOUT00052411,,93248377,PO-US-09166,,10-00522E,2026072815,1,,P:90-06831ER:01S:SIE262704392,PO-US-09166 shipped 073026 ASN 93248377 Qty 6240.xlsx,2026-07-30 17:56:34,2026-07-30 17:56:45,2026-07-30 17:56:44
P:10-00522ER:01S:SIE262605011,2026-07-29 17:00:00,SFOHOUT00052411,,93248377,PO-US-09166,,10-00522E,202607285,1,,P:90-06831ER:01S:SIE262811659,PO-US-09166 shipped 073026 ASN 93248377 Qty 6240.xlsx,2026-07-30 17:56:34,2026-07-30 17:56:45,2026-07-30 17:56:44
P:10-00522ER:01S:SIE262605012,2026-07-29 17:00:00,SFOHOUT00052411,,93248377,PO-US-09166,,10-00522E,202607285,1,,P:90-06831ER:01S:SIE262811660,PO-US-09166 shipped 073026 ASN 93248377 Qty 6240.xlsx,2026-07-30 17:56:34,2026-07-30 17:56:45,2026-07-30 17:56:44
P:10-00522ER:01S:SIE262605017,2026-07-29 17:00:00,SFOHOUT00052411,,93248377,PO-US-09166,,10-00522E,202607285,1,,P:90-06831ER:01S:SIE262811660,PO-US-09166 shipped 073026 ASN 93248377 Qty 6240.xlsx,2026-07-30 17:56:34,2026-07-30 17:56:45,2026-07-30 17:56:44
P:10-00522ER:01S:SIE262605020,2026-07-29 17:00:00,SFOHOUT00052411,,93248377,PO-US-09166,,10-00522E,2026072814,1,,P:90-06831ER:01S:SIE262704375,PO-US-09166 shipped 073026 ASN 93248377 Qty 6240.xlsx,2026-07-30 17:56:34,2026-07-30 17:56:45,2026-07-30 17:56:44
P:10-00522ER:01S:SIE262605022,2026-07-29 17:00:00,SFOHOUT00052411,,93248377,PO-US-09166,,10-00522E,202607285,1,,P:90-06831ER:01S:SIE262811661,PO-US-09166 shipped 073026 ASN 93248377 Qty 6240.xlsx,2026-07-30 17:56:34,2026-07-30 17:56:45,2026-07-30 17:56:44
P:10-00522ER:01S:SIE262605023,2026-07-29 17:00:00,SFOHOUT00052411,,93248377,PO-US-09166,,10-00522E,2026072814,1,,P:90-06831ER:01S:SIE262704369,PO-US-09166 shipped 073026 ASN 93248377 Qty 6240.xlsx,2026-07-30 17:56:34,2026-07-30 17:56:45,2026-07-30 17:56:44
P:10-00522ER:01S:SIE262605025,2026-07-29 17:00:00,SFOHOUT00052411,,93248377,PO-US-09166,,10-00522E,2026072814,1,,P:90-06831ER:01S:SIE262704377,PO-US-09166 shipped 073026 ASN 93248377 Qty 6240.xlsx,2026-07-30 17:56:34,2026-07-30 17:56:45,2026-07-30 17:56:44
P:10-00522ER:01S:SIE262605027,2026-07-29 17:00:00,SFOHOUT00052411,,93248377,PO-US-09166,,10-00522E,2026072815,1,,P:90-06831ER:01S:SIE262704390,PO-US-09166 shipped 073026 ASN 93248377 Qty 6240.xlsx,2026-07-30 17:56:34,2026-07-30 17:56:45,2026-07-30 17:56:44
P:10-00522ER:01S:SIE262605028,2026-07-29 17:00:00,SFOHOUT00052411,,93248377,PO-US-09166,,10-00522E,2026072815,1,,P:90-06831ER:01S:SIE262704392,PO-US-09166 shipped 073026 ASN 93248377 Qty 6240.xlsx,2026-07-30 17:56:34,2026-07-30 17:56:45,2026-07-30 17:56:44
P:10-00522ER:01S:SIE262605031,2026-07-29 17:00:00,SFOHOUT00052411,,93248377,PO-US-09166,,10-00522E,202607285,1,,P:90-06831ER:01S:SIE262811659,PO-US-09166 shipped 073026 ASN 93248377 Qty 6240.xlsx,2026-07-30 17:56:34,2026-07-30 17:56:45,2026-07-30 17:56:44
P:10-00522ER:01S:SIE262605032,2026-07-29 17:00:00,SFOHOUT00052411,,93248377,PO-US-09166,,10-00522E,202607285,1,,P:90-06831ER:01S:SIE262811659,PO-US-09166 shipped 073026 ASN 93248377 Qty 6240.xlsx,2026-07-30 17:56:34,2026-07-30 17:56:45,2026-07-30 17:56:44
P:10-00522ER:01S:SIE262605039,2026-08-06 17:00:00,SFOHOUT 00052757,,93248523,PO-US-09166,,10-00522E,202608075,1,,P:90-06831ER:01S:SIE263009677,PO-US-018014 shipped 080726 ASN 93248493 Qty 8 PO-US-09054 A93248518 Q9 PO-US-08885 A93248519 Q225 PO-US-08932 A93248520 Q75 PO-US-08015 A93248521 Q200 PO-US-09166 A93248523 Q1920.xlsx,2026-08-07 18:16:17,2026-08-07 18:16:23,2026-08-07 18:16:23
P:10-00522ER:01S:SIE262605040,2026-07-29 17:00:00,SFOHOUT00052411,,93248377,PO-US-09166,,10-00522E,2026072813,1,,P:90-06831ER:01S:SIE262704275,PO-US-09166 shipped 073026 ASN 93248377 Qty 6240.xlsx,2026-07-30 17:56:34,2026-07-30 17:56:45,2026-07-30 17:56:44
P:10-00522ER:01S:SIE262605041,2026-07-29 17:00:00,SFOHOUT00052411,,93248377,PO-US-09166,,10-00522E,2026072814,1,,P:90-06831ER:01S:SIE262704369,PO-US-09166 shipped 073026 ASN 93248377 Qty 6240.xlsx,2026-07-30 17:56:34,2026-07-30 17:56:45,2026-07-30 17:56:44
P:10-00522ER:01S:SIE262605045,2026-07-29 17:00:00,SFOHOUT00052411,,93248377,PO-US-09166,,10-00522E,2026072813,1,,P:90-06831ER:01S:SIE262704303,PO-US-09166 shipped 073026 ASN 93248377 Qty 6240.xlsx,2026-07-30 17:56:34,2026-07-30 17:56:45,2026-07-30 17:56:44
P:10-00522ER:01S:SIE262605046,2026-07-29 17:00:00,SFOHOUT00052411,,93248377,PO-US-09166,,10-00522E,2026072813,1,,P:90-06831ER:01S:SIE262704303,PO-US-09166 shipped 073026 ASN 93248377 Qty 6240.xlsx,2026-07-30 17:56:34,2026-07-30 17:56:45,2026-07-30 17:56:44
P:10-00522ER:01S:SIE262605047,2026-07-30 17:00:00,SFOHOUT00052412,,93248460,PO-US-09166,,10-00522E,2026073024,1,,P:90-06831ER:01S:SIE263009484,PO-US-08015 shipped 073126 ASN 93248292 Qty 240 POUS08933 A8401 Q324 POUS08008 A8402 Q110 POUS08625 A8452 Q270 POUS08013 A8453 Q13 POUS09054 A8454 Q50 POUS08885 A93248457 Q10 POUS09166 A93248460 Q2400.xlsx,2026-07-31 17:45:36,2026-07-31 17:45:43,2026-07-31 17:45:43
P:10-00522ER:01S:SIE262605048,2026-07-29 17:00:00,SFOHOUT00052411,,93248377,PO-US-09166,,10-00522E,202607285,1,,P:90-06831ER:01S:SIE262811661,PO-US-09166 shipped 073026 ASN 93248377 Qty 6240.xlsx,2026-07-30 17:56:34,2026-07-30 17:56:45,2026-07-30 17:56:44
P:10-00522ER:01S:SIE262605050,2026-07-29 17:00:00,SFOHOUT00052411,,93248377,PO-US-09166,,10-00522E,2026072814,1,,P:90-06831ER:01S:SIE262704373,PO-US-09166 shipped 073026 ASN 93248377 Qty 6240.xlsx,2026-07-30 17:56:34,2026-07-30 17:56:45,2026-07-30 17:56:44
P:10-00522ER:01S:SIE262605052,2026-07-29 17:00:00,SFOHOUT00052411,,93248377,PO-US-09166,,10-00522E,202607285,1,,P:90-06831ER:01S:SIE262811660,PO-US-09166 shipped 073026 ASN 93248377 Qty 6240.xlsx,2026-07-30 17:56:34,2026-07-30 17:56:45,2026-07-30 17:56:44
P:10-00522ER:01S:SIE262605053,2026-07-29 17:00:00,SFOHOUT00052411,,93248377,PO-US-09166,,10-00522E,2026072813,1,,P:90-06831ER:01S:SIE262704276,PO-US-09166 shipped 073026 ASN 93248377 Qty 6240.xlsx,2026-07-30 17:56:34,2026-07-30 17:56:45,2026-07-30 17:56:44
P:10-00522ER:01S:SIE262605058,2026-07-29 17:00:00,SFOHOUT00052411,,93248377,PO-US-09166,,10-00522E,2026072812,1,,P:90-06831ER:01S:SIE262811729,PO-US-09166 shipped 073026 ASN 93248377 Qty 6240.xlsx,2026-07-30 17:56:34,2026-07-30 17:56:45,2026-07-30 17:56:44
P:10-00522ER:01S:SIE262605065,2026-07-29 17:00:00,SFOHOUT00052411,,93248377,PO-US-09166,,10-00522E,202607289,1,,P:90-06831ER:01S:SIE262704459,PO-US-09166 shipped 073026 ASN 93248377 Qty 6240.xlsx,2026-07-30 17:56:34,2026-07-30 17:56:45,2026-07-30 17:56:44
P:10-00522ER:01S:SIE262605066,2026-07-29 17:00:00,SFOHOUT00052411,,93248377,PO-US-09166,,10-00522E,202607285,1,,P:90-06831ER:01S:SIE262811659,PO-US-09166 shipped 073026 ASN 93248377 Qty 6240.xlsx,2026-07-30 17:56:34,2026-07-30 17:56:45,2026-07-30 17:56:44
P:10-00522ER:01S:SIE262605076,2026-07-29 17:00:00,SFOHOUT00052411,,93248377,PO-US-09166,,10-00522E,202607285,1,,P:90-06831ER:01S:SIE262811661,PO-US-09166 shipped 073026 ASN 93248377 Qty 6240.xlsx,2026-07-30 17:56:34,2026-07-30 17:56:45,2026-07-30 17:56:44
P:10-00522ER:01S:SIE262605082,2026-07-29 17:00:00,SFOHOUT00052411,,93248377,PO-US-09166,,10-00522E,2026072813,1,,P:90-06831ER:01S:SIE262704275,PO-US-09166 shipped 073026 ASN 93248377 Qty 6240.xlsx,2026-07-30 17:56:34,2026-07-30 17:56:45,2026-07-30 17:56:44
P:10-00522ER:01S:SIE262605083,2026-07-29 17:00:00,SFOHOUT00052411,,93248377,PO-US-09166,,10-00522E,2026072813,1,,P:90-06831ER:01S:SIE262704275,PO-US-09166 shipped 073026 ASN 93248377 Qty 6240.xlsx,2026-07-30 17:56:34,2026-07-30 17:56:45,2026-07-30 17:56:44
P:10-00522ER:01S:SIE262605085,2026-07-29 17:00:00,SFOHOUT00052411,,93248377,PO-US-09166,,10-00522E,202607285,1,,P:90-06831ER:01S:SIE262811660,PO-US-09166 shipped 073026 ASN 93248377 Qty 6240.xlsx,2026-07-30 17:56:34,2026-07-30 17:56:45,2026-07-30 17:56:44
P:10-00522ER:01S:SIE262605087,2026-07-29 17:00:00,SFOHOUT00052411,,93248377,PO-US-09166,,10-00522E,2026072814,1,,P:90-06831ER:01S:SIE262704372,PO-US-09166 shipped 073026 ASN 93248377 Qty 6240.xlsx,2026-07-30 17:56:34,2026-07-30 17:56:45,2026-07-30 17:56:44
P:10-00522ER:01S:SIE262605088,2026-07-29 17:00:00,SFOHOUT00052411,,93248377,PO-US-09166,,10-00522E,202607285,1,,P:90-06831ER:01S:SIE262811659,PO-US-09166 shipped 073026 ASN 93248377 Qty 6240.xlsx,2026-07-30 17:56:34,2026-07-30 17:56:45,2026-07-30 17:56:44
P:10-00522ER:01S:SIE262605091,2026-07-29 17:00:00,SFOHOUT00052411,,93248377,PO-US-09166,,10-00522E,202607285,1,,P:90-06831ER:01S:SIE262811660,PO-US-09166 shipped 073026 ASN 93248377 Qty 6240.xlsx,2026-07-30 17:56:34,2026-07-30 17:56:45,2026-07-30 17:56:44
P:10-00522ER:01S:SIE262605092,2026-07-29 17:00:00,SFOHOUT00052411,,93248377,PO-US-09166,,10-00522E,202607285,1,,P:90-06831ER:01S:SIE262811661,PO-US-09166 shipped 073026 ASN 93248377 Qty 6240.xlsx,2026-07-30 17:56:34,2026-07-30 17:56:45,2026-07-30 17:56:44
P:10-00522ER:01S:SIE262605096,2026-07-29 17:00:00,SFOHOUT00052411,,93248377,PO-US-09166,,10-00522E,2026072813,1,,P:90-06831ER:01S:SIE262704319,PO-US-09166 shipped 073026 ASN 93248377 Qty 6240.xlsx,2026-07-30 17:56:34,2026-07-30 17:56:45,2026-07-30 17:56:44
P:10-00522ER:01S:SIE262605097,2026-07-29 17:00:00,SFOHOUT00052411,,93248377,PO-US-09166,,10-00522E,2026072814,1,,P:90-06831ER:01S:SIE262704372,PO-US-09166 shipped 073026 ASN 93248377 Qty 6240.xlsx,2026-07-30 17:56:34,2026-07-30 17:56:45,2026-07-30 17:56:44
P:10-00522ER:01S:SIE262605100,2026-07-29 17:00:00,SFOHOUT00052411,,93248377,PO-US-09166,,10-00522E,2026072814,1,,P:90-06831ER:01S:SIE262704373,PO-US-09166 shipped 073026 ASN 93248377 Qty 6240.xlsx,2026-07-30 17:56:34,2026-07-30 17:56:45,2026-07-30 17:56:44
P:10-00522ER:01S:SIE262605104,2026-07-29 17:00:00,SFOHOUT00052411,,93248377,PO-US-09166,,10-00522E,2026072813,1,,P:90-06831ER:01S:SIE262704275,PO-US-09166 shipped 073026 ASN 93248377 Qty 6240.xlsx,2026-07-30 17:56:34,2026-07-30 17:56:45,2026-07-30 17:56:44
P:10-00522ER:01S:SIE262605106,2026-07-29 17:00:00,SFOHOUT00052411,,93248377,PO-US-09166,,10-00522E,202607285,1,,P:90-06831ER:01S:SIE262811659,PO-US-09166 shipped 073026 ASN 93248377 Qty 6240.xlsx,2026-07-30 17:56:34,2026-07-30 17:56:45,2026-07-30 17:56:44
P:10-00522ER:01S:SIE262605107,2026-07-29 17:00:00,SFOHOUT00052411,,93248377,PO-US-09166,,10-00522E,202607285,1,,P:90-06831ER:01S:SIE262811660,PO-US-09166 shipped 073026 ASN 93248377 Qty 6240.xlsx,2026-07-30 17:56:34,2026-07-30 17:56:45,2026-07-30 17:56:44
P:10-00522ER:01S:SIE262605109,2026-07-29 17:00:00,SFOHOUT00052411,,93248377,PO-US-09166,,10-00522E,202607285,1,,P:90-06831ER:01S:SIE262811661,PO-US-09166 shipped 073026 ASN 93248377 Qty 6240.xlsx,2026-07-30 17:56:34,2026-07-30 17:56:45,2026-07-30 17:56:44
P:10-00522ER:01S:SIE262605110,2026-07-29 17:00:00,SFOHOUT00052411,,93248377,PO-US-09166,,10-00522E,202607285,1,,P:90-06831ER:01S:SIE262811661,PO-US-09166 shipped 073026 ASN 93248377 Qty 6240.xlsx,2026-07-30 17:56:34,2026-07-30 17:56:45,2026-07-30 17:56:44
P:10-00522ER:01S:SIE262605112,2026-07-29 17:00:00,SFOHOUT00052411,,93248377,PO-US-09166,,10-00522E,2026072817,1,,P:90-06831ER:01S:SIE262811617,PO-US-09166 shipped 073026 ASN 93248377 Qty 6240.xlsx,2026-07-30 17:56:34,2026-07-30 17:56:45,2026-07-30 17:56:44
P:10-00522ER:01S:SIE262605114,2026-07-29 17:00:00,SFOHOUT00052411,,93248377,PO-US-09166,,10-00522E,2026072813,1,,P:90-06831ER:01S:SIE262704275,PO-US-09166 shipped 073026 ASN 93248377 Qty 6240.xlsx,2026-07-30 17:56:34,2026-07-30 17:56:45,2026-07-30 17:56:44
P:10-00522ER:01S:SIE262605117,2026-07-29 17:00:00,SFOHOUT00052411,,93248377,PO-US-09166,,10-00522E,202607285,1,,P:90-06831ER:01S:SIE262811659,PO-US-09166 shipped 073026 ASN 93248377 Qty 6240.xlsx,2026-07-30 17:56:34,2026-07-30 17:56:45,2026-07-30 17:56:44
P:10-00522ER:01S:SIE262605120,2026-07-29 17:00:00,SFOHOUT00052411,,93248377,PO-US-09166,,10-00522E,2026072813,1,,P:90-06831ER:01S:SIE262704275,PO-US-09166 shipped 073026 ASN 93248377 Qty 6240.xlsx,2026-07-30 17:56:34,2026-07-30 17:56:45,2026-07-30 17:56:44
P:10-00522ER:01S:SIE262605121,2026-07-29 17:00:00,SFOHOUT00052411,,93248377,PO-US-09166,,10-00522E,2026072813,1,,P:90-06831ER:01S:SIE262704275,PO-US-09166 shipped 073026 ASN 93248377 Qty 6240.xlsx,2026-07-30 17:56:34,2026-07-30 17:56:45,2026-07-30 17:56:44
P:10-00522ER:01S:SIE262605123,2026-07-29 17:00:00,SFOHOUT00052411,,93248377,PO-US-09166,,10-00522E,202607285,1,,P:90-06831ER:01S:SIE262811659,PO-US-09166 shipped 073026 ASN 93248377 Qty 6240.xlsx,2026-07-30 17:56:34,2026-07-30 17:56:45,2026-07-30 17:56:44
P:10-00522ER:01S:SIE262605126,2026-07-29 17:00:00,SFOHOUT00052411,,93248377,PO-US-09166,,10-00522E,202607288,1,,P:90-06831ER:01S:SIE262704408,PO-US-09166 shipped 073026 ASN 93248377 Qty 6240.xlsx,2026-07-30 17:56:34,2026-07-30 17:56:45,2026-07-30 17:56:44
P:10-00522ER:01S:SIE262605130,2026-07-29 17:00:00,SFOHOUT00052411,,93248377,PO-US-09166,,10-00522E,2026072813,1,,P:90-06831ER:01S:SIE262704303,PO-US-09166 shipped 073026 ASN 93248377 Qty 6240.xlsx,2026-07-30 17:56:34,2026-07-30 17:56:45,2026-07-30 17:56:44
P:10-00522ER:01S:SIE262605135,2026-07-29 17:00:00,SFOHOUT00052411,,93248377,PO-US-09166,,10-00522E,2026072811,1,,P:90-06831ER:01S:SIE262811630,PO-US-09166 shipped 073026 ASN 93248377 Qty 6240.xlsx,2026-07-30 17:56:34,2026-07-30 17:56:45,2026-07-30 17:56:44
P:10-00522ER:01S:SIE262605137,2026-07-29 17:00:00,SFOHOUT00052411,,93248377,PO-US-09166,,10-00522E,202607288,1,,P:90-06831ER:01S:SIE262704407,PO-US-09166 shipped 073026 ASN 93248377 Qty 6240.xlsx,2026-07-30 17:56:34,2026-07-30 17:56:45,2026-07-30 17:56:44
P:10-00522ER:01S:SIE262605138,2026-07-29 17:00:00,SFOHOUT00052411,,93248377,PO-US-09166,,10-00522E,2026072814,1,,P:90-06831ER:01S:SIE262704381,PO-US-09166 shipped 073026 ASN 93248377 Qty 6240.xlsx,2026-07-30 17:56:34,2026-07-30 17:56:45,2026-07-30 17:56:44
P:10-00522ER:01S:SIE262605147,2026-07-29 17:00:00,SFOHOUT00052411,,93248377,PO-US-09166,,10-00522E,2026072813,1,,P:90-06831ER:01S:SIE262704303,PO-US-09166 shipped 073026 ASN 93248377 Qty 6240.xlsx,2026-07-30 17:56:34,2026-07-30 17:56:45,2026-07-30 17:56:44
P:10-00522ER:01S:SIE262605153,2026-07-29 17:00:00,SFOHOUT00052411,,93248377,PO-US-09166,,10-00522E,2026072815,1,,P:90-06831ER:01S:SIE262704391,PO-US-09166 shipped 073026 ASN 93248377 Qty 6240.xlsx,2026-07-30 17:56:34,2026-07-30 17:56:45,2026-07-30 17:56:44
P:10-00522ER:01S:SIE262605157,2026-07-29 17:00:00,SFOHOUT00052411,,93248377,PO-US-09166,,10-00522E,2026072815,1,,P:90-06831ER:01S:SIE262704392,PO-US-09166 shipped 073026 ASN 93248377 Qty 6240.xlsx,2026-07-30 17:56:34,2026-07-30 17:56:45,2026-07-30 17:56:44
P:10-00522ER:01S:SIE262605164,2026-07-29 17:00:00,SFOHOUT00052411,,93248377,PO-US-09166,,10-00522E,202607283,1,,P:90-06831ER:01S:SIE262704382,PO-US-09166 shipped 073026 ASN 93248377 Qty 6240.xlsx,2026-07-30 17:56:34,2026-07-30 17:56:45,2026-07-30 17:56:44
P:10-00522ER:01S:SIE262605166,2026-07-29 17:00:00,SFOHOUT00052411,,93248377,PO-US-09166,,10-00522E,202607288,1,,P:90-06831ER:01S:SIE262704411,PO-US-09166 shipped 073026 ASN 93248377 Qty 6240.xlsx,2026-07-30 17:56:34,2026-07-30 17:56:45,2026-07-30 17:56:44
P:10-00522ER:01S:SIE262605171,2026-07-29 17:00:00,SFOHOUT00052411,,93248377,PO-US-09166,,10-00522E,202607283,1,,P:90-06831ER:01S:SIE262704460,PO-US-09166 shipped 073026 ASN 93248377 Qty 6240.xlsx,2026-07-30 17:56:34,2026-07-30 17:56:45,2026-07-30 17:56:44
P:10-00522ER:01S:SIE262605179,2026-07-29 17:00:00,SFOHOUT00052411,,93248377,PO-US-09166,,10-00522E,2026072815,1,,P:90-06831ER:01S:SIE262704392,PO-US-09166 shipped 073026 ASN 93248377 Qty 6240.xlsx,2026-07-30 17:56:34,2026-07-30 17:56:45,2026-07-30 17:56:44
P:10-00522ER:01S:SIE262605181,2026-07-29 17:00:00,SFOHOUT00052411,,93248377,PO-US-09166,,10-00522E,2026072813,1,,P:90-06831ER:01S:SIE262704303,PO-US-09166 shipped 073026 ASN 93248377 Qty 6240.xlsx,2026-07-30 17:56:34,2026-07-30 17:56:45,2026-07-30 17:56:44
P:10-00522ER:01S:SIE262605192,2026-07-29 17:00:00,SFOHOUT00052411,,93248377,PO-US-09166,,10-00522E,2026072815,1,,P:90-06831ER:01S:SIE262704390,PO-US-09166 shipped 073026 ASN 93248377 Qty 6240.xlsx,2026-07-30 17:56:34,2026-07-30 17:56:45,2026-07-30 17:56:44
P:10-00522ER:01S:SIE262605195,2026-07-29 17:00:00,SFOHOUT00052411,,93248377,PO-US-09166,,10-00522E,2026072814,1,,P:90-06831ER:01S:SIE262704373,PO-US-09166 shipped 073026 ASN 93248377 Qty 6240.xlsx,2026-07-30 17:56:34,2026-07-30 17:56:45,2026-07-30 17:56:44
P:10-00522ER:01S:SIE262605197,2026-07-29 17:00:00,SFOHOUT00052411,,93248377,PO-US-09166,,10-00522E,2026072814,1,,P:90-06831ER:01S:SIE262704376,PO-US-09166 shipped 073026 ASN 93248377 Qty 6240.xlsx,2026-07-30 17:56:34,2026-07-30 17:56:45,2026-07-30 17:56:44
P:10-00522ER:01S:SIE262605198,2026-07-29 17:00:00,SFOHOUT00052411,,93248377,PO-US-09166,,10-00522E,2026072815,1,,P:90-06831ER:01S:SIE262704390,PO-US-09166 shipped 073026 ASN 93248377 Qty 6240.xlsx,2026-07-30 17:56:34,2026-07-30 17:56:45,2026-07-30 17:56:44
P:10-00522ER:01S:SIE262605199,2026-07-29 17:00:00,SFOHOUT00052411,,93248377,PO-US-09166,,10-00522E,2026072815,1,,P:90-06831ER:01S:SIE262704391,PO-US-09166 shipped 073026 ASN 93248377 Qty 6240.xlsx,2026-07-30 17:56:34,2026-07-30 17:56:45,2026-07-30 17:56:44
P:10-00522ER:01S:SIE262605203,2026-07-29 17:00:00,SFOHOUT00052411,,93248377,PO-US-09166,,10-00522E,2026072811,1,,P:90-06831ER:01S:SIE262811630,PO-US-09166 shipped 073026 ASN 93248377 Qty 6240.xlsx,2026-07-30 17:56:34,2026-07-30 17:56:45,2026-07-30 17:56:44
P:10-00522ER:01S:SIE262605207,2026-07-29 17:00:00,SFOHOUT00052411,,93248377,PO-US-09166,,10-00522E,202607288,1,,P:90-06831ER:01S:SIE262704407,PO-US-09166 shipped 073026 ASN 93248377 Qty 6240.xlsx,2026-07-30 17:56:34,2026-07-30 17:56:45,2026-07-30 17:56:44
P:10-00522ER:01S:SIE262605213,2026-07-29 17:00:00,SFOHOUT00052411,,93248377,PO-US-09166,,10-00522E,202607289,1,,P:90-06831ER:01S:SIE262704459,PO-US-09166 shipped 073026 ASN 93248377 Qty 6240.xlsx,2026-07-30 17:56:34,2026-07-30 17:56:45,2026-07-30 17:56:44
P:10-00522ER:01S:SIE262605214,2026-07-29 17:00:00,SFOHOUT00052411,,93248377,PO-US-09166,,10-00522E,2026072813,1,,P:90-06831ER:01S:SIE262704303,PO-US-09166 shipped 073026 ASN 93248377 Qty 6240.xlsx,2026-07-30 17:56:34,2026-07-30 17:56:45,2026-07-30 17:56:44
P:10-00522ER:01S:SIE262605216,2026-07-29 17:00:00,SFOHOUT00052411,,93248377,PO-US-09166,,10-00522E,2026072813,1,,P:90-06831ER:01S:SIE262704275,PO-US-09166 shipped 073026 ASN 93248377 Qty 6240.xlsx,2026-07-30 17:56:34,2026-07-30 17:56:45,2026-07-30 17:56:44
P:10-00522ER:01S:SIE262605217,2026-07-29 17:00:00,SFOHOUT00052411,,93248377,PO-US-09166,,10-00522E,202607292,1,,P:90-06831ER:01S:SIE262811640,PO-US-09166 shipped 073026 ASN 93248377 Qty 6240.xlsx,2026-07-30 17:56:34,2026-07-30 17:56:45,2026-07-30 17:56:44
P:10-00522ER:01S:SIE262605218,2026-07-29 17:00:00,SFOHOUT00052411,,93248377,PO-US-09166,,10-00522E,202607292,1,,P:90-06831ER:01S:SIE262811643,PO-US-09166 shipped 073026 ASN 93248377 Qty 6240.xlsx,2026-07-30 17:56:34,2026-07-30 17:56:45,2026-07-30 17:56:44
P:10-00522ER:01S:SIE262605233,2026-07-29 17:00:00,SFOHOUT00052411,,93248377,PO-US-09166,,10-00522E,202607283,1,,P:90-06831ER:01S:SIE262704388,PO-US-09166 shipped 073026 ASN 93248377 Qty 6240.xlsx,2026-07-30 17:56:34,2026-07-30 17:56:45,2026-07-30 17:56:44
P:10-00522ER:01S:SIE262605235,2026-07-29 17:00:00,SFOHOUT00052411,,93248377,PO-US-09166,,10-00522E,2026072811,1,,P:90-06831ER:01S:SIE262811628,PO-US-09166 shipped 073026 ASN 93248377 Qty 6240.xlsx,2026-07-30 17:56:34,2026-07-30 17:56:45,2026-07-30 17:56:44
P:10-00522ER:01S:SIE262605240,2026-07-29 17:00:00,SFOHOUT00052411,,93248377,PO-US-09166,,10-00522E,2026072814,1,,P:90-06831ER:01S:SIE262704376,PO-US-09166 shipped 073026 ASN 93248377 Qty 6240.xlsx,2026-07-30 17:56:34,2026-07-30 17:56:45,2026-07-30 17:56:44
P:10-00522ER:01S:SIE262605242,2026-07-29 17:00:00,SFOHOUT00052411,,93248377,PO-US-09166,,10-00522E,2026072813,1,,P:90-06831ER:01S:SIE262704353,PO-US-09166 shipped 073026 ASN 93248377 Qty 6240.xlsx,2026-07-30 17:56:34,2026-07-30 17:56:45,2026-07-30 17:56:44
P:10-00522ER:01S:SIE262605243,2026-07-29 17:00:00,SFOHOUT00052411,,93248377,PO-US-09166,,10-00522E,202607283,1,,P:90-06831ER:01S:SIE262704460,PO-US-09166 shipped 073026 ASN 93248377 Qty 6240.xlsx,2026-07-30 17:56:34,2026-07-30 17:56:45,2026-07-30 17:56:44
P:10-00522ER:01S:SIE262605250,2026-07-29 17:00:00,SFOHOUT00052411,,93248377,PO-US-09166,,10-00522E,202607291,1,,P:90-06831ER:01S:SIE262811631,PO-US-09166 shipped 073026 ASN 93248377 Qty 6240.xlsx,2026-07-30 17:56:34,2026-07-30 17:56:45,2026-07-30 17:56:44
P:10-00522ER:01S:SIE262605252,2026-07-29 17:00:00,SFOHOUT00052411,,93248377,PO-US-09166,,10-00522E,2026072815,1,,P:90-06831ER:01S:SIE262704392,PO-US-09166 shipped 073026 ASN 93248377 Qty 6240.xlsx,2026-07-30 17:56:34,2026-07-30 17:56:45,2026-07-30 17:56:44
P:10-00522ER:01S:SIE262605265,2026-07-29 17:00:00,SFOHOUT00052411,,93248377,PO-US-09166,,10-00522E,2026072814,1,,P:90-06831ER:01S:SIE262704369,PO-US-09166 shipped 073026 ASN 93248377 Qty 6240.xlsx,2026-07-30 17:56:34,2026-07-30 17:56:45,2026-07-30 17:56:44
P:10-00522ER:01S:SIE262605266,2026-07-29 17:00:00,SFOHOUT00052411,,93248377,PO-US-09166,,10-00522E,202607289,1,,P:90-06831ER:01S:SIE262704459,PO-US-09166 shipped 073026 ASN 93248377 Qty 6240.xlsx,2026-07-30 17:56:34,2026-07-30 17:56:45,2026-07-30 17:56:44
P:10-00522ER:01S:SIE262605272,2026-07-29 17:00:00,SFOHOUT00052411,,93248377,PO-US-09166,,10-00522E,2026072815,1,,P:90-06831ER:01S:SIE262704392,PO-US-09166 shipped 073026 ASN 93248377 Qty 6240.xlsx,2026-07-30 17:56:34,2026-07-30 17:56:45,2026-07-30 17:56:44
P:10-00522ER:01S:SIE262605277,2026-07-29 17:00:00,SFOHOUT00052411,,93248377,PO-US-09166,,10-00522E,202607292,1,,P:90-06831ER:01S:SIE262811643,PO-US-09166 shipped 073026 ASN 93248377 Qty 6240.xlsx,2026-07-30 17:56:34,2026-07-30 17:56:45,2026-07-30 17:56:44
P:10-00522ER:01S:SIE262605278,2026-07-29 17:00:00,SFOHOUT00052411,,93248377,PO-US-09166,,10-00522E,2026072815,1,,P:90-06831ER:01S:SIE262704391,PO-US-09166 shipped 073026 ASN 93248377 Qty 6240.xlsx,2026-07-30 17:56:34,2026-07-30 17:56:45,2026-07-30 17:56:44
P:10-00522ER:01S:SIE262605285,2026-07-29 17:00:00,SFOHOUT00052411,,93248377,PO-US-09166,,10-00522E,202607291,1,,P:90-06831ER:01S:SIE262811631,PO-US-09166 shipped 073026 ASN 93248377 Qty 6240.xlsx,2026-07-30 17:56:34,2026-07-30 17:56:45,2026-07-30 17:56:44
P:10-00522ER:01S:SIE262605290,2026-07-29 17:00:00,SFOHOUT00052411,,93248377,PO-US-09166,,10-00522E,2026072815,1,,P:90-06831ER:01S:SIE262704390,PO-US-09166 shipped 073026 ASN 93248377 Qty 6240.xlsx,2026-07-30 17:56:34,2026-07-30 17:56:45,2026-07-30 17:56:44
P:10-00522ER:01S:SIE262605300,2026-07-29 17:00:00,SFOHOUT00052411,,93248377,PO-US-09166,,10-00522E,2026072813,1,,P:90-06831ER:01S:SIE262704303,PO-US-09166 shipped 073026 ASN 93248377 Qty 6240.xlsx,2026-07-30 17:56:34,2026-07-30 17:56:45,2026-07-30 17:56:44
P:10-00522ER:01S:SIE262605301,2026-07-29 17:00:00,SFOHOUT00052411,,93248377,PO-US-09166,,10-00522E,2026072815,1,,P:90-06831ER:01S:SIE262704389,PO-US-09166 shipped 073026 ASN 93248377 Qty 6240.xlsx,2026-07-30 17:56:34,2026-07-30 17:56:45,2026-07-30 17:56:44
P:10-00522ER:01S:SIE262605302,2026-07-29 17:00:00,SFOHOUT00052411,,93248377,PO-US-09166,,10-00522E,2026072811,1,,P:90-06831ER:01S:SIE262811630,PO-US-09166 shipped 073026 ASN 93248377 Qty 6240.xlsx,2026-07-30 17:56:34,2026-07-30 17:56:45,2026-07-30 17:56:44
P:10-00522ER:01S:SIE262605308,2026-07-29 17:00:00,SFOHOUT00052411,,93248377,PO-US-09166,,10-00522E,202607292,1,,P:90-06831ER:01S:SIE262811643,PO-US-09166 shipped 073026 ASN 93248377 Qty 6240.xlsx,2026-07-30 17:56:34,2026-07-30 17:56:45,2026-07-30 17:56:44
P:10-00522ER:01S:SIE262605313,2026-07-29 17:00:00,SFOHOUT00052411,,93248377,PO-US-09166,,10-00522E,202607292,1,,P:90-06831ER:01S:SIE262811643,PO-US-09166 shipped 073026 ASN 93248377 Qty 6240.xlsx,2026-07-30 17:56:34,2026-07-30 17:56:45,2026-07-30 17:56:44
P:10-00522ER:01S:SIE262605316,2026-07-29 17:00:00,SFOHOUT00052411,,93248377,PO-US-09166,,10-00522E,2026072813,1,,P:90-06831ER:01S:SIE262704353,PO-US-09166 shipped 073026 ASN 93248377 Qty 6240.xlsx,2026-07-30 17:56:34,2026-07-30 17:56:45,2026-07-30 17:56:44
P:10-00522ER:01S:SIE262605317,2026-07-29 17:00:00,SFOHOUT00052411,,93248377,PO-US-09166,,10-00522E,2026072811,1,,P:90-06831ER:01S:SIE262811616,PO-US-09166 shipped 073026 ASN 93248377 Qty 6240.xlsx,2026-07-30 17:56:34,2026-07-30 17:56:45,2026-07-30 17:56:44
P:10-00522ER:01S:SIE262605319,2026-07-29 17:00:00,SFOHOUT00052411,,93248377,PO-US-09166,,10-00522E,2026072815,1,,P:90-06831ER:01S:SIE262704389,PO-US-09166 shipped 073026 ASN 93248377 Qty 6240.xlsx,2026-07-30 17:56:34,2026-07-30 17:56:45,2026-07-30 17:56:44
P:10-00522ER:01S:SIE262605321,2026-07-29 17:00:00,SFOHOUT00052411,,93248377,PO-US-09166,,10-00522E,202607289,1,,P:90-06831ER:01S:SIE262704459,PO-US-09166 shipped 073026 ASN 93248377 Qty 6240.xlsx,2026-07-30 17:56:34,2026-07-30 17:56:45,2026-07-30 17:56:44
P:10-00522ER:01S:SIE262605322,2026-07-29 17:00:00,SFOHOUT00052411,,93248377,PO-US-09166,,10-00522E,202607291,1,,P:90-06831ER:01S:SIE262811631,PO-US-09166 shipped 073026 ASN 93248377 Qty 6240.xlsx,2026-07-30 17:56:34,2026-07-30 17:56:45,2026-07-30 17:56:44
P:10-00522ER:01S:SIE262605323,2026-07-29 17:00:00,SFOHOUT00052411,,93248377,PO-US-09166,,10-00522E,2026072817,1,,P:90-06831ER:01S:SIE262811617,PO-US-09166 shipped 073026 ASN 93248377 Qty 6240.xlsx,2026-07-30 17:56:34,2026-07-30 17:56:45,2026-07-30 17:56:44
P:10-00522ER:01S:SIE262605327,2026-07-29 17:00:00,SFOHOUT00052411,,93248377,PO-US-09166,,10-00522E,2026072811,1,,P:90-06831ER:01S:SIE262811641,PO-US-09166 shipped 073026 ASN 93248377 Qty 6240.xlsx,2026-07-30 17:56:34,2026-07-30 17:56:45,2026-07-30 17:56:44
P:10-00522ER:01S:SIE262605328,2026-07-29 17:00:00,SFOHOUT00052411,,93248377,PO-US-09166,,10-00522E,202607292,1,,P:90-06831ER:01S:SIE262811644,PO-US-09166 shipped 073026 ASN 93248377 Qty 6240.xlsx,2026-07-30 17:56:34,2026-07-30 17:56:45,2026-07-30 17:56:44
P:10-00522ER:01S:SIE262605330,2026-07-29 17:00:00,SFOHOUT00052411,,93248377,PO-US-09166,,10-00522E,2026072813,1,,P:90-06831ER:01S:SIE262704275,PO-US-09166 shipped 073026 ASN 93248377 Qty 6240.xlsx,2026-07-30 17:56:34,2026-07-30 17:56:45,2026-07-30 17:56:44
P:10-00522ER:01S:SIE262605335,2026-07-29 17:00:00,SFOHOUT00052411,,93248377,PO-US-09166,,10-00522E,2026072816,1,,P:90-06831ER:01S:SIE262811702,PO-US-09166 shipped 073026 ASN 93248377 Qty 6240.xlsx,2026-07-30 17:56:34,2026-07-30 17:56:45,2026-07-30 17:56:44
P:10-00522ER:01S:SIE262605336,2026-07-29 17:00:00,SFOHOUT00052411,,93248377,PO-US-09166,,10-00522E,202607288,1,,P:90-06831ER:01S:SIE262704408,PO-US-09166 shipped 073026 ASN 93248377 Qty 6240.xlsx,2026-07-30 17:56:34,2026-07-30 17:56:45,2026-07-30 17:56:44
P:10-00522ER:01S:SIE262605338,2026-07-29 17:00:00,SFOHOUT00052411,,93248377,PO-US-09166,,10-00522E,2026072815,1,,P:90-06831ER:01S:SIE262704383,PO-US-09166 shipped 073026 ASN 93248377 Qty 6240.xlsx,2026-07-30 17:56:34,2026-07-30 17:56:45,2026-07-30 17:56:44
P:10-00522ER:01S:SIE262605347,2026-07-29 17:00:00,SFOHOUT00052411,,93248377,PO-US-09166,,10-00522E,202607292,1,,P:90-06831ER:01S:SIE262811643,PO-US-09166 shipped 073026 ASN 93248377 Qty 6240.xlsx,2026-07-30 17:56:34,2026-07-30 17:56:45,2026-07-30 17:56:44
P:10-00522ER:01S:SIE262605348,2026-07-29 17:00:00,SFOHOUT00052411,,93248377,PO-US-09166,,10-00522E,202607292,1,,P:90-06831ER:01S:SIE262811642,PO-US-09166 shipped 073026 ASN 93248377 Qty 6240.xlsx,2026-07-30 17:56:34,2026-07-30 17:56:45,2026-07-30 17:56:44
P:10-00522ER:01S:SIE262605349,2026-07-29 17:00:00,SFOHOUT00052411,,93248377,PO-US-09166,,10-00522E,2026072817,1,,P:90-06831ER:01S:SIE262704434,PO-US-09166 shipped 073026 ASN 93248377 Qty 6240.xlsx,2026-07-30 17:56:34,2026-07-30 17:56:45,2026-07-30 17:56:44
P:10-00522ER:01S:SIE262605352,2026-07-29 17:00:00,SFOHOUT00052411,,93248377,PO-US-09166,,10-00522E,2026072814,1,,P:90-06831ER:01S:SIE262704379,PO-US-09166 shipped 073026 ASN 93248377 Qty 6240.xlsx,2026-07-30 17:56:34,2026-07-30 17:56:45,2026-07-30 17:56:44
P:10-00522ER:01S:SIE262605360,2026-07-29 17:00:00,SFOHOUT00052411,,93248377,PO-US-09166,,10-00522E,2026072815,1,,P:90-06831ER:01S:SIE262704390,PO-US-09166 shipped 073026 ASN 93248377 Qty 6240.xlsx,2026-07-30 17:56:34,2026-07-30 17:56:45,2026-07-30 17:56:44
P:10-00522ER:01S:SIE262605362,2026-07-29 17:00:00,SFOHOUT00052411,,93248377,PO-US-09166,,10-00522E,2026072814,1,,P:90-06831ER:01S:SIE262704373,PO-US-09166 shipped 073026 ASN 93248377 Qty 6240.xlsx,2026-07-30 17:56:34,2026-07-30 17:56:45,2026-07-30 17:56:44
P:10-00522ER:01S:SIE262605363,2026-07-29 17:00:00,SFOHOUT00052411,,93248377,PO-US-09166,,10-00522E,2026072811,1,,P:90-06831ER:01S:SIE262811628,PO-US-09166 shipped 073026 ASN 93248377 Qty 6240.xlsx,2026-07-30 17:56:34,2026-07-30 17:56:45,2026-07-30 17:56:44
P:10-00522ER:01S:SIE262605369,2026-07-29 17:00:00,SFOHOUT00052411,,93248377,PO-US-09166,,10-00522E,2026072814,1,,P:90-06831ER:01S:SIE262704373,PO-US-09166 shipped 073026 ASN 93248377 Qty 6240.xlsx,2026-07-30 17:56:34,2026-07-30 17:56:45,2026-07-30 17:56:44
P:10-00522ER:01S:SIE262605373,2026-07-29 17:00:00,SFOHOUT00052411,,93248377,PO-US-09166,,10-00522E,2026072815,1,,P:90-06831ER:01S:SIE262704391,PO-US-09166 shipped 073026 ASN 93248377 Qty 6240.xlsx,2026-07-30 17:56:34,2026-07-30 17:56:45,2026-07-30 17:56:44
P:10-00522ER:01S:SIE262605374,2026-07-29 17:00:00,SFOHOUT00052411,,93248377,PO-US-09166,,10-00522E,2026072815,1,,P:90-06831ER:01S:SIE262704389,PO-US-09166 shipped 073026 ASN 93248377 Qty 6240.xlsx,2026-07-30 17:56:34,2026-07-30 17:56:45,2026-07-30 17:56:44
P:10-00522ER:01S:SIE262605376,2026-07-29 17:00:00,SFOHOUT00052411,,93248377,PO-US-09166,,10-00522E,202607292,1,,P:90-06831ER:01S:SIE262811643,PO-US-09166 shipped 073026 ASN 93248377 Qty 6240.xlsx,2026-07-30 17:56:34,2026-07-30 17:56:45,2026-07-30 17:56:44
P:10-00522ER:01S:SIE262605380,2026-07-29 17:00:00,SFOHOUT00052411,,93248377,PO-US-09166,,10-00522E,202607292,1,,P:90-06831ER:01S:SIE262811640,PO-US-09166 shipped 073026 ASN 93248377 Qty 6240.xlsx,2026-07-30 17:56:34,2026-07-30 17:56:45,2026-07-30 17:56:44
P:10-00522ER:01S:SIE262605383,2026-07-29 17:00:00,SFOHOUT00052411,,93248377,PO-US-09166,,10-00522E,2026072815,1,,P:90-06831ER:01S:SIE262704392,PO-US-09166 shipped 073026 ASN 93248377 Qty 6240.xlsx,2026-07-30 17:56:34,2026-07-30 17:56:45,2026-07-30 17:56:44
P:10-00522ER:01S:SIE262605384,2026-07-29 17:00:00,SFOHOUT00052411,,93248377,PO-US-09166,,10-00522E,2026072815,1,,P:90-06831ER:01S:SIE262704391,PO-US-09166 shipped 073026 ASN 93248377 Qty 6240.xlsx,2026-07-30 17:56:34,2026-07-30 17:56:45,2026-07-30 17:56:44
P:10-00522ER:01S:SIE262605391,2026-07-29 17:00:00,SFOHOUT00052411,,93248377,PO-US-09166,,10-00522E,2026072813,1,,P:90-06831ER:01S:SIE262704353,PO-US-09166 shipped 073026 ASN 93248377 Qty 6240.xlsx,2026-07-30 17:56:34,2026-07-30 17:56:45,2026-07-30 17:56:44
P:10-00522ER:01S:SIE262605397,2026-07-29 17:00:00,SFOHOUT00052411,,93248377,PO-US-09166,,10-00522E,2026072815,1,,P:90-06831ER:01S:SIE262704389,PO-US-09166 shipped 073026 ASN 93248377 Qty 6240.xlsx,2026-07-30 17:56:34,2026-07-30 17:56:45,2026-07-30 17:56:44
P:10-00522ER:01S:SIE262605398,2026-07-29 17:00:00,SFOHOUT00052411,,93248377,PO-US-09166,,10-00522E,2026072815,1,,P:90-06831ER:01S:SIE262704391,PO-US-09166 shipped 073026 ASN 93248377 Qty 6240.xlsx,2026-07-30 17:56:34,2026-07-30 17:56:45,2026-07-30 17:56:44
P:10-00522ER:01S:SIE262605403,2026-07-29 17:00:00,SFOHOUT00052411,,93248377,PO-US-09166,,10-00522E,2026072815,1,,P:90-06831ER:01S:SIE262704391,PO-US-09166 shipped 073026 ASN 93248377 Qty 6240.xlsx,2026-07-30 17:56:34,2026-07-30 17:56:45,2026-07-30 17:56:44
P:10-00522ER:01S:SIE262605406,2026-07-29 17:00:00,SFOHOUT00052411,,93248377,PO-US-09166,,10-00522E,2026072815,1,,P:90-06831ER:01S:SIE262704391,PO-US-09166 shipped 073026 ASN 93248377 Qty 6240.xlsx,2026-07-30 17:56:34,2026-07-30 17:56:45,2026-07-30 17:56:44
P:10-00522ER:01S:SIE262605411,2026-07-29 17:00:00,SFOHOUT00052411,,93248377,PO-US-09166,,10-00522E,2026072815,1,,P:90-06831ER:01S:SIE262704387,PO-US-09166 shipped 073026 ASN 93248377 Qty 6240.xlsx,2026-07-30 17:56:34,2026-07-30 17:56:45,2026-07-30 17:56:44
P:10-00522ER:01S:SIE262605414,2026-07-29 17:00:00,SFOHOUT00052411,,93248377,PO-US-09166,,10-00522E,2026072815,1,,P:90-06831ER:01S:SIE262704391,PO-US-09166 shipped 073026 ASN 93248377 Qty 6240.xlsx,2026-07-30 17:56:34,2026-07-30 17:56:45,2026-07-30 17:56:44
P:10-00522ER:01S:SIE262605415,2026-07-29 17:00:00,SFOHOUT00052411,,93248377,PO-US-09166,,10-00522E,2026072815,1,,P:90-06831ER:01S:SIE262704389,PO-US-09166 shipped 073026 ASN 93248377 Qty 6240.xlsx,2026-07-30 17:56:34,2026-07-30 17:56:45,2026-07-30 17:56:44
P:10-00522ER:01S:SIE262605417,2026-07-29 17:00:00,SFOHOUT00052411,,93248377,PO-US-09166,,10-00522E,2026072815,1,,P:90-06831ER:01S:SIE262704392,PO-US-09166 shipped 073026 ASN 93248377 Qty 6240.xlsx,2026-07-30 17:56:34,2026-07-30 17:56:45,2026-07-30 17:56:44
P:10-00522ER:01S:SIE262605420,2026-07-29 17:00:00,SFOHOUT00052411,,93248377,PO-US-09166,,10-00522E,202607289,1,,P:90-06831ER:01S:SIE262704456,PO-US-09166 shipped 073026 ASN 93248377 Qty 6240.xlsx,2026-07-30 17:56:34,2026-07-30 17:56:45,2026-07-30 17:56:44
P:10-00522ER:01S:SIE262605421,2026-07-29 17:00:00,SFOHOUT00052411,,93248377,PO-US-09166,,10-00522E,2026072815,1,,P:90-06831ER:01S:SIE262704397,PO-US-09166 shipped 073026 ASN 93248377 Qty 6240.xlsx,2026-07-30 17:56:34,2026-07-30 17:56:45,2026-07-30 17:56:44
P:10-00522ER:01S:SIE262605422,2026-07-29 17:00:00,SFOHOUT00052411,,93248377,PO-US-09166,,10-00522E,202607292,1,,P:90-06831ER:01S:SIE262811644,PO-US-09166 shipped 073026 ASN 93248377 Qty 6240.xlsx,2026-07-30 17:56:34,2026-07-30 17:56:45,2026-07-30 17:56:44
P:10-00522ER:01S:SIE262605423,2026-07-29 17:00:00,SFOHOUT00052411,,93248377,PO-US-09166,,10-00522E,2026072815,1,,P:90-06831ER:01S:SIE262704397,PO-US-09166 shipped 073026 ASN 93248377 Qty 6240.xlsx,2026-07-30 17:56:34,2026-07-30 17:56:45,2026-07-30 17:56:44
P:10-00522ER:01S:SIE262605424,2026-07-29 17:00:00,SFOHOUT00052411,,93248377,PO-US-09166,,10-00522E,202607283,1,,P:90-06831ER:01S:SIE262704398,PO-US-09166 shipped 073026 ASN 93248377 Qty 6240.xlsx,2026-07-30 17:56:34,2026-07-30 17:56:45,2026-07-30 17:56:44
P:10-00522ER:01S:SIE262605430,2026-07-29 17:00:00,SFOHOUT00052411,,93248377,PO-US-09166,,10-00522E,2026072815,1,,P:90-06831ER:01S:SIE262704389,PO-US-09166 shipped 073026 ASN 93248377 Qty 6240.xlsx,2026-07-30 17:56:34,2026-07-30 17:56:45,2026-07-30 17:56:44
P:10-00522ER:01S:SIE262605432,2026-07-29 17:00:00,SFOHOUT00052411,,93248377,PO-US-09166,,10-00522E,2026072813,1,,P:90-06831ER:01S:SIE262704353,PO-US-09166 shipped 073026 ASN 93248377 Qty 6240.xlsx,2026-07-30 17:56:34,2026-07-30 17:56:45,2026-07-30 17:56:44
P:10-00522ER:01S:SIE262605435,2026-07-29 17:00:00,SFOHOUT00052411,,93248377,PO-US-09166,,10-00522E,2026072814,1,,P:90-06831ER:01S:SIE262704376,PO-US-09166 shipped 073026 ASN 93248377 Qty 6240.xlsx,2026-07-30 17:56:34,2026-07-30 17:56:45,2026-07-30 17:56:44
P:10-00522ER:01S:SIE262605444,2026-07-29 17:00:00,SFOHOUT00052411,,93248377,PO-US-09166,,10-00522E,202607291,1,,P:90-06831ER:01S:SIE262811631,PO-US-09166 shipped 073026 ASN 93248377 Qty 6240.xlsx,2026-07-30 17:56:34,2026-07-30 17:56:45,2026-07-30 17:56:44
P:10-00522ER:01S:SIE262605445,2026-07-29 17:00:00,SFOHOUT00052411,,93248377,PO-US-09166,,10-00522E,202607292,1,,P:90-06831ER:01S:SIE262811642,PO-US-09166 shipped 073026 ASN 93248377 Qty 6240.xlsx,2026-07-30 17:56:34,2026-07-30 17:56:45,2026-07-30 17:56:44
P:10-00522ER:01S:SIE262605446,2026-07-29 17:00:00,SFOHOUT00052411,,93248377,PO-US-09166,,10-00522E,202607292,1,,P:90-06831ER:01S:SIE262811644,PO-US-09166 shipped 073026 ASN 93248377 Qty 6240.xlsx,2026-07-30 17:56:34,2026-07-30 17:56:45,2026-07-30 17:56:44
P:10-00522ER:01S:SIE262605447,2026-07-29 17:00:00,SFOHOUT00052411,,93248377,PO-US-09166,,10-00522E,202607283,1,,P:90-06831ER:01S:SIE262704382,PO-US-09166 shipped 073026 ASN 93248377 Qty 6240.xlsx,2026-07-30 17:56:34,2026-07-30 17:56:45,2026-07-30 17:56:44
P:10-00522ER:01S:SIE262605449,2026-07-29 17:00:00,SFOHOUT00052411,,93248377,PO-US-09166,,10-00522E,202607292,1,,P:90-06831ER:01S:SIE262811642,PO-US-09166 shipped 073026 ASN 93248377 Qty 6240.xlsx,2026-07-30 17:56:34,2026-07-30 17:56:45,2026-07-30 17:56:44
P:10-00522ER:01S:SIE262605450,2026-07-29 17:00:00,SFOHOUT00052411,,93248377,PO-US-09166,,10-00522E,2026072811,1,,P:90-06831ER:01S:SIE262811641,PO-US-09166 shipped 073026 ASN 93248377 Qty 6240.xlsx,2026-07-30 17:56:34,2026-07-30 17:56:45,2026-07-30 17:56:44
P:10-00522ER:01S:SIE262605454,2026-07-29 17:00:00,SFOHOUT00052411,,93248377,PO-US-09166,,10-00522E,2026072811,1,,P:90-06831ER:01S:SIE262811641,PO-US-09166 shipped 073026 ASN 93248377 Qty 6240.xlsx,2026-07-30 17:56:34,2026-07-30 17:56:45,2026-07-30 17:56:44
P:10-00522ER:01S:SIE262605456,2026-07-29 17:00:00,SFOHOUT00052411,,93248377,PO-US-09166,,10-00522E,2026072815,1,,P:90-06831ER:01S:SIE262704391,PO-US-09166 shipped 073026 ASN 93248377 Qty 6240.xlsx,2026-07-30 17:56:34,2026-07-30 17:56:45,2026-07-30 17:56:44
P:10-00522ER:01S:SIE262605457,2026-07-29 17:00:00,SFOHOUT00052411,,93248377,PO-US-09166,,10-00522E,2026072815,1,,P:90-06831ER:01S:SIE262704390,PO-US-09166 shipped 073026 ASN 93248377 Qty 6240.xlsx,2026-07-30 17:56:34,2026-07-30 17:56:45,2026-07-30 17:56:44
P:10-00522ER:01S:SIE262605458,2026-07-29 17:00:00,SFOHOUT00052411,,93248377,PO-US-09166,,10-00522E,2026072815,1,,P:90-06831ER:01S:SIE262704390,PO-US-09166 shipped 073026 ASN 93248377 Qty 6240.xlsx,2026-07-30 17:56:34,2026-07-30 17:56:45,2026-07-30 17:56:44
P:10-00522ER:01S:SIE262605461,2026-07-29 17:00:00,SFOHOUT00052411,,93248377,PO-US-09166,,10-00522E,2026072815,1,,P:90-06831ER:01S:SIE262704390,PO-US-09166 shipped 073026 ASN 93248377 Qty 6240.xlsx,2026-07-30 17:56:34,2026-07-30 17:56:45,2026-07-30 17:56:44
P:10-00522ER:01S:SIE262605464,2026-07-29 17:00:00,SFOHOUT00052411,,93248377,PO-US-09166,,10-00522E,2026072815,1,,P:90-06831ER:01S:SIE262704390,PO-US-09166 shipped 073026 ASN 93248377 Qty 6240.xlsx,2026-07-30 17:56:34,2026-07-30 17:56:45,2026-07-30 17:56:44
P:10-00522ER:01S:SIE262605465,2026-07-29 17:00:00,SFOHOUT00052411,,93248377,PO-US-09166,,10-00522E,202607292,1,,P:90-06831ER:01S:SIE262811644,PO-US-09166 shipped 073026 ASN 93248377 Qty 6240.xlsx,2026-07-30 17:56:34,2026-07-30 17:56:45,2026-07-30 17:56:44
P:10-00522ER:01S:SIE262605466,2026-07-29 17:00:00,SFOHOUT00052411,,93248377,PO-US-09166,,10-00522E,2026072815,1,,P:90-06831ER:01S:SIE262704389,PO-US-09166 shipped 073026 ASN 93248377 Qty 6240.xlsx,2026-07-30 17:56:34,2026-07-30 17:56:45,2026-07-30 17:56:44
P:10-00522ER:01S:SIE262605468,2026-07-29 17:00:00,SFOHOUT00052411,,93248377,PO-US-09166,,10-00522E,202607288,1,,P:90-06831ER:01S:SIE262704409,PO-US-09166 shipped 073026 ASN 93248377 Qty 6240.xlsx,2026-07-30 17:56:34,2026-07-30 17:56:45,2026-07-30 17:56:44
P:10-00522ER:01S:SIE262605469,2026-07-29 17:00:00,SFOHOUT00052411,,93248377,PO-US-09166,,10-00522E,2026072815,1,,P:90-06831ER:01S:SIE262704392,PO-US-09166 shipped 073026 ASN 93248377 Qty 6240.xlsx,2026-07-30 17:56:34,2026-07-30 17:56:45,2026-07-30 17:56:44
P:10-00522ER:01S:SIE262605471,2026-07-29 17:00:00,SFOHOUT00052411,,93248377,PO-US-09166,,10-00522E,2026072815,1,,P:90-06831ER:01S:SIE262704390,PO-US-09166 shipped 073026 ASN 93248377 Qty 6240.xlsx,2026-07-30 17:56:34,2026-07-30 17:56:45,2026-07-30 17:56:44
P:10-00522ER:01S:SIE262605472,2026-07-29 17:00:00,SFOHOUT00052411,,93248377,PO-US-09166,,10-00522E,2026072815,1,,P:90-06831ER:01S:SIE262704390,PO-US-09166 shipped 073026 ASN 93248377 Qty 6240.xlsx,2026-07-30 17:56:34,2026-07-30 17:56:45,2026-07-30 17:56:44
P:10-00522ER:01S:SIE262605473,2026-07-29 17:00:00,SFOHOUT00052411,,93248377,PO-US-09166,,10-00522E,2026072815,1,,P:90-06831ER:01S:SIE262704391,PO-US-09166 shipped 073026 ASN 93248377 Qty 6240.xlsx,2026-07-30 17:56:34,2026-07-30 17:56:45,2026-07-30 17:56:44
P:10-00522ER:01S:SIE262605474,2026-07-29 17:00:00,SFOHOUT00052411,,93248377,PO-US-09166,,10-00522E,2026072815,1,,P:90-06831ER:01S:SIE262704391,PO-US-09166 shipped 073026 ASN 93248377 Qty 6240.xlsx,2026-07-30 17:56:34,2026-07-30 17:56:45,2026-07-30 17:56:44
P:10-00522ER:01S:SIE262605476,2026-07-29 17:00:00,SFOHOUT00052411,,93248377,PO-US-09166,,10-00522E,202607288,1,,P:90-06831ER:01S:SIE262704406,PO-US-09166 shipped 073026 ASN 93248377 Qty 6240.xlsx,2026-07-30 17:56:34,2026-07-30 17:56:45,2026-07-30 17:56:44
P:10-00522ER:01S:SIE262605479,2026-07-29 17:00:00,SFOHOUT00052411,,93248377,PO-US-09166,,10-00522E,2026072815,1,,P:90-06831ER:01S:SIE262704387,PO-US-09166 shipped 073026 ASN 93248377 Qty 6240.xlsx,2026-07-30 17:56:34,2026-07-30 17:56:45,2026-07-30 17:56:44
P:10-00522ER:01S:SIE262605482,2026-07-29 17:00:00,SFOHOUT00052411,,93248377,PO-US-09166,,10-00522E,2026072815,1,,P:90-06831ER:01S:SIE262704390,PO-US-09166 shipped 073026 ASN 93248377 Qty 6240.xlsx,2026-07-30 17:56:34,2026-07-30 17:56:45,2026-07-30 17:56:44
P:10-00522ER:01S:SIE262605483,2026-07-29 17:00:00,SFOHOUT00052411,,93248377,PO-US-09166,,10-00522E,2026072815,1,,P:90-06831ER:01S:SIE262704384,PO-US-09166 shipped 073026 ASN 93248377 Qty 6240.xlsx,2026-07-30 17:56:34,2026-07-30 17:56:45,2026-07-30 17:56:44
P:10-00522ER:01S:SIE262605486,2026-07-29 17:00:00,SFOHOUT00052411,,93248377,PO-US-09166,,10-00522E,2026072815,1,,P:90-06831ER:01S:SIE262704390,PO-US-09166 shipped 073026 ASN 93248377 Qty 6240.xlsx,2026-07-30 17:56:34,2026-07-30 17:56:45,2026-07-30 17:56:44
P:10-00522ER:01S:SIE262605498,2026-07-29 17:00:00,SFOHOUT00052411,,93248377,PO-US-09166,,10-00522E,2026072815,1,,P:90-06831ER:01S:SIE262704383,PO-US-09166 shipped 073026 ASN 93248377 Qty 6240.xlsx,2026-07-30 17:56:34,2026-07-30 17:56:45,2026-07-30 17:56:44
P:10-00522ER:01S:SIE262605500,2026-07-29 17:00:00,SFOHOUT00052411,,93248377,PO-US-09166,,10-00522E,202607283,1,,P:90-06831ER:01S:SIE262704396,PO-US-09166 shipped 073026 ASN 93248377 Qty 6240.xlsx,2026-07-30 17:56:34,2026-07-30 17:56:45,2026-07-30 17:56:44
P:10-00522ER:01S:SIE262605501,2026-07-29 17:00:00,SFOHOUT00052411,,93248377,PO-US-09166,,10-00522E,202607283,1,,P:90-06831ER:01S:SIE262704396,PO-US-09166 shipped 073026 ASN 93248377 Qty 6240.xlsx,2026-07-30 17:56:34,2026-07-30 17:56:45,2026-07-30 17:56:44
P:10-00522ER:01S:SIE262605503,2026-07-29 17:00:00,SFOHOUT00052411,,93248377,PO-US-09166,,10-00522E,2026072815,1,,P:90-06831ER:01S:SIE262704386,PO-US-09166 shipped 073026 ASN 93248377 Qty 6240.xlsx,2026-07-30 17:56:34,2026-07-30 17:56:45,2026-07-30 17:56:44
P:10-00522ER:01S:SIE262605505,2026-07-29 17:00:00,SFOHOUT00052411,,93248377,PO-US-09166,,10-00522E,2026072815,1,,P:90-06831ER:01S:SIE262704389,PO-US-09166 shipped 073026 ASN 93248377 Qty 6240.xlsx,2026-07-30 17:56:34,2026-07-30 17:56:45,2026-07-30 17:56:44
P:10-00522ER:01S:SIE262605509,2026-07-29 17:00:00,SFOHOUT00052411,,93248377,PO-US-09166,,10-00522E,2026072815,1,,P:90-06831ER:01S:SIE262704386,PO-US-09166 shipped 073026 ASN 93248377 Qty 6240.xlsx,2026-07-30 17:56:34,2026-07-30 17:56:45,2026-07-30 17:56:44
P:10-00522ER:01S:SIE262605511,2026-07-29 17:00:00,SFOHOUT00052411,,93248377,PO-US-09166,,10-00522E,202607292,1,,P:90-06831ER:01S:SIE262811646,PO-US-09166 shipped 073026 ASN 93248377 Qty 6240.xlsx,2026-07-30 17:56:34,2026-07-30 17:56:45,2026-07-30 17:56:44
P:10-00522ER:01S:SIE262605512,2026-07-29 17:00:00,SFOHOUT00052411,,93248377,PO-US-09166,,10-00522E,202607289,1,,P:90-06831ER:01S:SIE262704459,PO-US-09166 shipped 073026 ASN 93248377 Qty 6240.xlsx,2026-07-30 17:56:34,2026-07-30 17:56:45,2026-07-30 17:56:44
P:10-00522ER:01S:SIE262605513,2026-07-29 17:00:00,SFOHOUT00052411,,93248377,PO-US-09166,,10-00522E,2026072815,1,,P:90-06831ER:01S:SIE262704387,PO-US-09166 shipped 073026 ASN 93248377 Qty 6240.xlsx,2026-07-30 17:56:34,2026-07-30 17:56:45,2026-07-30 17:56:44
P:10-00522ER:01S:SIE262605515,2026-07-29 17:00:00,SFOHOUT00052411,,93248377,PO-US-09166,,10-00522E,2026072815,1,,P:90-06831ER:01S:SIE262704392,PO-US-09166 shipped 073026 ASN 93248377 Qty 6240.xlsx,2026-07-30 17:56:34,2026-07-30 17:56:45,2026-07-30 17:56:44
P:10-00522ER:01S:SIE262605516,2026-07-29 17:00:00,SFOHOUT00052411,,93248377,PO-US-09166,,10-00522E,202607283,1,,P:90-06831ER:01S:SIE262704396,PO-US-09166 shipped 073026 ASN 93248377 Qty 6240.xlsx,2026-07-30 17:56:34,2026-07-30 17:56:45,2026-07-30 17:56:44
P:10-00522ER:01S:SIE262605517,2026-07-29 17:00:00,SFOHOUT00052411,,93248377,PO-US-09166,,10-00522E,202607283,1,,P:90-06831ER:01S:SIE262704388,PO-US-09166 shipped 073026 ASN 93248377 Qty 6240.xlsx,2026-07-30 17:56:34,2026-07-30 17:56:45,2026-07-30 17:56:44
P:10-00522ER:01S:SIE262605518,2026-07-29 17:00:00,SFOHOUT00052411,,93248377,PO-US-09166,,10-00522E,202607283,1,,P:90-06831ER:01S:SIE262704396,PO-US-09166 shipped 073026 ASN 93248377 Qty 6240.xlsx,2026-07-30 17:56:34,2026-07-30 17:56:45,2026-07-30 17:56:44
P:10-00522ER:01S:SIE262605519,2026-07-29 17:00:00,SFOHOUT00052411,,93248377,PO-US-09166,,10-00522E,2026072815,1,,P:90-06831ER:01S:SIE262704389,PO-US-09166 shipped 073026 ASN 93248377 Qty 6240.xlsx,2026-07-30 17:56:34,2026-07-30 17:56:45,2026-07-30 17:56:44
P:10-00522ER:01S:SIE262605520,2026-07-29 17:00:00,SFOHOUT00052411,,93248377,PO-US-09166,,10-00522E,2026072815,1,,P:90-06831ER:01S:SIE262704390,PO-US-09166 shipped 073026 ASN 93248377 Qty 6240.xlsx,2026-07-30 17:56:34,2026-07-30 17:56:45,2026-07-30 17:56:44
P:10-00522ER:01S:SIE262605521,2026-07-29 17:00:00,SFOHOUT00052411,,93248377,PO-US-09166,,10-00522E,202607292,1,,P:90-06831ER:01S:SIE262811645,PO-US-09166 shipped 073026 ASN 93248377 Qty 6240.xlsx,2026-07-30 17:56:34,2026-07-30 17:56:45,2026-07-30 17:56:44
P:10-00522ER:01S:SIE262605522,2026-07-29 17:00:00,SFOHOUT00052411,,93248377,PO-US-09166,,10-00522E,202607292,1,,P:90-06831ER:01S:SIE262811646,PO-US-09166 shipped 073026 ASN 93248377 Qty 6240.xlsx,2026-07-30 17:56:34,2026-07-30 17:56:45,2026-07-30 17:56:44
P:10-00522ER:01S:SIE262605523,2026-07-29 17:00:00,SFOHOUT00052411,,93248377,PO-US-09166,,10-00522E,2026072817,1,,P:90-06831ER:01S:SIE262704434,PO-US-09166 shipped 073026 ASN 93248377 Qty 6240.xlsx,2026-07-30 17:56:34,2026-07-30 17:56:45,2026-07-30 17:56:44
P:10-00522ER:01S:SIE262605524,2026-07-29 17:00:00,SFOHOUT00052411,,93248377,PO-US-09166,,10-00522E,202607283,1,,P:90-06831ER:01S:SIE262704396,PO-US-09166 shipped 073026 ASN 93248377 Qty 6240.xlsx,2026-07-30 17:56:34,2026-07-30 17:56:45,2026-07-30 17:56:44
P:10-00522ER:01S:SIE262605526,2026-07-29 17:00:00,SFOHOUT00052411,,93248377,PO-US-09166,,10-00522E,2026072814,1,,P:90-06831ER:01S:SIE262704381,PO-US-09166 shipped 073026 ASN 93248377 Qty 6240.xlsx,2026-07-30 17:56:34,2026-07-30 17:56:45,2026-07-30 17:56:44
P:10-00522ER:01S:SIE262605527,2026-07-29 17:00:00,SFOHOUT00052411,,93248377,PO-US-09166,,10-00522E,202607282,1,,P:90-06831ER:01S:SIE262704433,PO-US-09166 shipped 073026 ASN 93248377 Qty 6240.xlsx,2026-07-30 17:56:34,2026-07-30 17:56:45,2026-07-30 17:56:44
P:10-00522ER:01S:SIE262605530,2026-07-29 17:00:00,SFOHOUT00052411,,93248377,PO-US-09166,,10-00522E,202607283,1,,P:90-06831ER:01S:SIE262704396,PO-US-09166 shipped 073026 ASN 93248377 Qty 6240.xlsx,2026-07-30 17:56:34,2026-07-30 17:56:45,2026-07-30 17:56:44
P:10-00522ER:01S:SIE262605531,2026-07-29 17:00:00,SFOHOUT00052411,,93248377,PO-US-09166,,10-00522E,2026072815,1,,P:90-06831ER:01S:SIE262704391,PO-US-09166 shipped 073026 ASN 93248377 Qty 6240.xlsx,2026-07-30 17:56:34,2026-07-30 17:56:45,2026-07-30 17:56:44
P:10-00522ER:01S:SIE262605533,2026-07-29 17:00:00,SFOHOUT00052411,,93248377,PO-US-09166,,10-00522E,2026072815,1,,P:90-06831ER:01S:SIE262704389,PO-US-09166 shipped 073026 ASN 93248377 Qty 6240.xlsx,2026-07-30 17:56:34,2026-07-30 17:56:45,2026-07-30 17:56:44
P:10-00522ER:01S:SIE262605535,2026-07-29 17:00:00,SFOHOUT00052411,,93248377,PO-US-09166,,10-00522E,2026072813,1,,P:90-06831ER:01S:SIE262704353,PO-US-09166 shipped 073026 ASN 93248377 Qty 6240.xlsx,2026-07-30 17:56:34,2026-07-30 17:56:45,2026-07-30 17:56:44
P:10-00522ER:01S:SIE262605537,2026-07-29 17:00:00,SFOHOUT00052411,,93248377,PO-US-09166,,10-00522E,202607289,1,,P:90-06831ER:01S:SIE262704455,PO-US-09166 shipped 073026 ASN 93248377 Qty 6240.xlsx,2026-07-30 17:56:34,2026-07-30 17:56:45,2026-07-30 17:56:44
P:10-00522ER:01S:SIE262605539,2026-07-29 17:00:00,SFOHOUT00052411,,93248377,PO-US-09166,,10-00522E,2026072815,1,,P:90-06831ER:01S:SIE262704389,PO-US-09166 shipped 073026 ASN 93248377 Qty 6240.xlsx,2026-07-30 17:56:34,2026-07-30 17:56:45,2026-07-30 17:56:44
P:10-00522ER:01S:SIE262605540,2026-07-29 17:00:00,SFOHOUT00052411,,93248377,PO-US-09166,,10-00522E,2026072815,1,,P:90-06831ER:01S:SIE262704390,PO-US-09166 shipped 073026 ASN 93248377 Qty 6240.xlsx,2026-07-30 17:56:34,2026-07-30 17:56:45,2026-07-30 17:56:44
P:10-00522ER:01S:SIE262605541,2026-07-29 17:00:00,SFOHOUT00052411,,93248377,PO-US-09166,,10-00522E,2026072815,1,,P:90-06831ER:01S:SIE262704391,PO-US-09166 shipped 073026 ASN 93248377 Qty 6240.xlsx,2026-07-30 17:56:34,2026-07-30 17:56:45,2026-07-30 17:56:44
P:10-00522ER:01S:SIE262605542,2026-07-29 17:00:00,SFOHOUT00052411,,93248377,PO-US-09166,,10-00522E,2026072815,1,,P:90-06831ER:01S:SIE262704389,PO-US-09166 shipped 073026 ASN 93248377 Qty 6240.xlsx,2026-07-30 17:56:34,2026-07-30 17:56:45,2026-07-30 17:56:44
P:10-00522ER:01S:SIE262605558,2026-07-29 17:00:00,SFOHOUT00052411,,93248377,PO-US-09166,,10-00522E,202607283,1,,P:90-06831ER:01S:SIE262704460,PO-US-09166 shipped 073026 ASN 93248377 Qty 6240.xlsx,2026-07-30 17:56:34,2026-07-30 17:56:45,2026-07-30 17:56:44
P:10-00522ER:01S:SIE262605563,2026-07-29 17:00:00,SFOHOUT00052411,,93248377,PO-US-09166,,10-00522E,2026072815,1,,P:90-06831ER:01S:SIE262704390,PO-US-09166 shipped 073026 ASN 93248377 Qty 6240.xlsx,2026-07-30 17:56:34,2026-07-30 17:56:45,2026-07-30 17:56:44
P:10-00522ER:01S:SIE262605566,2026-07-29 17:00:00,SFOHOUT00052411,,93248377,PO-US-09166,,10-00522E,2026072815,1,,P:90-06831ER:01S:SIE262704391,PO-US-09166 shipped 073026 ASN 93248377 Qty 6240.xlsx,2026-07-30 17:56:34,2026-07-30 17:56:45,2026-07-30 17:56:44
P:10-00522ER:01S:SIE262605568,2026-07-29 17:00:00,SFOHOUT00052411,,93248377,PO-US-09166,,10-00522E,2026072815,1,,P:90-06831ER:01S:SIE262704390,PO-US-09166 shipped 073026 ASN 93248377 Qty 6240.xlsx,2026-07-30 17:56:34,2026-07-30 17:56:45,2026-07-30 17:56:44
P:10-00522ER:01S:SIE262605569,2026-07-29 17:00:00,SFOHOUT00052411,,93248377,PO-US-09166,,10-00522E,2026072815,1,,P:90-06831ER:01S:SIE262704391,PO-US-09166 shipped 073026 ASN 93248377 Qty 6240.xlsx,2026-07-30 17:56:34,2026-07-30 17:56:45,2026-07-30 17:56:44
P:10-00522ER:01S:SIE262605573,2026-07-29 17:00:00,SFOHOUT00052411,,93248377,PO-US-09166,,10-00522E,202607292,1,,P:90-06831ER:01S:SIE262811642,PO-US-09166 shipped 073026 ASN 93248377 Qty 6240.xlsx,2026-07-30 17:56:34,2026-07-30 17:56:45,2026-07-30 17:56:44
P:10-00522ER:01S:SIE262605575,2026-07-29 17:00:00,SFOHOUT00052411,,93248377,PO-US-09166,,10-00522E,202607283,1,,P:90-06831ER:01S:SIE262704371,PO-US-09166 shipped 073026 ASN 93248377 Qty 6240.xlsx,2026-07-30 17:56:34,2026-07-30 17:56:45,2026-07-30 17:56:44
P:10-00522ER:01S:SIE262605576,2026-07-29 17:00:00,SFOHOUT00052411,,93248377,PO-US-09166,,10-00522E,2026072811,1,,P:90-06831ER:01S:SIE262811630,PO-US-09166 shipped 073026 ASN 93248377 Qty 6240.xlsx,2026-07-30 17:56:34,2026-07-30 17:56:45,2026-07-30 17:56:44
P:10-00522ER:01S:SIE262605577,2026-07-29 17:00:00,SFOHOUT00052411,,93248377,PO-US-09166,,10-00522E,202607285,1,,P:90-06831ER:01S:SIE262811650,PO-US-09166 shipped 073026 ASN 93248377 Qty 6240.xlsx,2026-07-30 17:56:34,2026-07-30 17:56:45,2026-07-30 17:56:44
P:10-00522ER:01S:SIE262605591,2026-07-29 17:00:00,SFOHOUT00052411,,93248377,PO-US-09166,,10-00522E,202607288,1,,P:90-06831ER:01S:SIE262704406,PO-US-09166 shipped 073026 ASN 93248377 Qty 6240.xlsx,2026-07-30 17:56:34,2026-07-30 17:56:45,2026-07-30 17:56:44
P:10-00522ER:01S:SIE262605593,2026-07-29 17:00:00,SFOHOUT00052411,,93248377,PO-US-09166,,10-00522E,2026072814,1,,P:90-06831ER:01S:SIE262704381,PO-US-09166 shipped 073026 ASN 93248377 Qty 6240.xlsx,2026-07-30 17:56:34,2026-07-30 17:56:45,2026-07-30 17:56:44
P:10-00522ER:01S:SIE262605596,2026-07-29 17:00:00,SFOHOUT00052411,,93248377,PO-US-09166,,10-00522E,2026072813,1,,P:90-06831ER:01S:SIE262704303,PO-US-09166 shipped 073026 ASN 93248377 Qty 6240.xlsx,2026-07-30 17:56:34,2026-07-30 17:56:45,2026-07-30 17:56:44
P:10-00522ER:01S:SIE262605600,2026-07-29 17:00:00,SFOHOUT00052411,,93248377,PO-US-09166,,10-00522E,2026072815,1,,P:90-06831ER:01S:SIE262704387,PO-US-09166 shipped 073026 ASN 93248377 Qty 6240.xlsx,2026-07-30 17:56:34,2026-07-30 17:56:45,2026-07-30 17:56:44
P:10-00522ER:01S:SIE262605601,2026-07-29 17:00:00,SFOHOUT00052411,,93248377,PO-US-09166,,10-00522E,2026072814,1,,P:90-06831ER:01S:SIE262704374,PO-US-09166 shipped 073026 ASN 93248377 Qty 6240.xlsx,2026-07-30 17:56:34,2026-07-30 17:56:45,2026-07-30 17:56:44
P:10-00522ER:01S:SIE262605615,2026-07-29 17:00:00,SFOHOUT00052411,,93248377,PO-US-09166,,10-00522E,202607288,1,,P:90-06831ER:01S:SIE262704407,PO-US-09166 shipped 073026 ASN 93248377 Qty 6240.xlsx,2026-07-30 17:56:34,2026-07-30 17:56:45,2026-07-30 17:56:44
P:10-00522ER:01S:SIE262605617,2026-07-29 17:00:00,SFOHOUT00052411,,93248377,PO-US-09166,,10-00522E,202607282,1,,P:90-06831ER:01S:SIE262704433,PO-US-09166 shipped 073026 ASN 93248377 Qty 6240.xlsx,2026-07-30 17:56:34,2026-07-30 17:56:45,2026-07-30 17:56:44
P:10-00522ER:01S:SIE262605618,2026-07-29 17:00:00,SFOHOUT00052411,,93248377,PO-US-09166,,10-00522E,202607283,1,,P:90-06831ER:01S:SIE262704382,PO-US-09166 shipped 073026 ASN 93248377 Qty 6240.xlsx,2026-07-30 17:56:34,2026-07-30 17:56:45,2026-07-30 17:56:44
P:10-00522ER:01S:SIE262605620,2026-07-29 17:00:00,SFOHOUT00052411,,93248377,PO-US-09166,,10-00522E,2026072814,1,,P:90-06831ER:01S:SIE262704376,PO-US-09166 shipped 073026 ASN 93248377 Qty 6240.xlsx,2026-07-30 17:56:34,2026-07-30 17:56:45,2026-07-30 17:56:44
P:10-00522ER:01S:SIE262605622,2026-07-29 17:00:00,SFOHOUT00052411,,93248377,PO-US-09166,,10-00522E,2026072815,1,,P:90-06831ER:01S:SIE262704389,PO-US-09166 shipped 073026 ASN 93248377 Qty 6240.xlsx,2026-07-30 17:56:34,2026-07-30 17:56:45,2026-07-30 17:56:44
P:10-00522ER:01S:SIE262605629,2026-07-29 17:00:00,SFOHOUT00052411,,93248377,PO-US-09166,,10-00522E,2026072811,1,,P:90-06831ER:01S:SIE262811630,PO-US-09166 shipped 073026 ASN 93248377 Qty 6240.xlsx,2026-07-30 17:56:34,2026-07-30 17:56:45,2026-07-30 17:56:44
P:10-00522ER:01S:SIE262605634,2026-07-29 17:00:00,SFOHOUT00052411,,93248377,PO-US-09166,,10-00522E,202607291,1,,P:90-06831ER:01S:SIE262811631,PO-US-09166 shipped 073026 ASN 93248377 Qty 6240.xlsx,2026-07-30 17:56:34,2026-07-30 17:56:45,2026-07-30 17:56:44
P:10-00522ER:01S:SIE262605636,2026-07-29 17:00:00,SFOHOUT00052411,,93248377,PO-US-09166,,10-00522E,202607283,1,,P:90-06831ER:01S:SIE262704382,PO-US-09166 shipped 073026 ASN 93248377 Qty 6240.xlsx,2026-07-30 17:56:34,2026-07-30 17:56:45,2026-07-30 17:56:44
P:10-00522ER:01S:SIE262605644,2026-07-29 17:00:00,SFOHOUT00052411,,93248377,PO-US-09166,,10-00522E,202607292,1,,P:90-06831ER:01S:SIE262811643,PO-US-09166 shipped 073026 ASN 93248377 Qty 6240.xlsx,2026-07-30 17:56:34,2026-07-30 17:56:45,2026-07-30 17:56:44
P:10-00522ER:01S:SIE262605647,2026-07-29 17:00:00,SFOHOUT00052411,,93248377,PO-US-09166,,10-00522E,202607292,1,,P:90-06831ER:01S:SIE262811642,PO-US-09166 shipped 073026 ASN 93248377 Qty 6240.xlsx,2026-07-30 17:56:34,2026-07-30 17:56:45,2026-07-30 17:56:44
P:10-00522ER:01S:SIE262605648,2026-07-29 17:00:00,SFOHOUT00052411,,93248377,PO-US-09166,,10-00522E,202607292,1,,P:90-06831ER:01S:SIE262811644,PO-US-09166 shipped 073026 ASN 93248377 Qty 6240.xlsx,2026-07-30 17:56:34,2026-07-30 17:56:45,2026-07-30 17:56:44
P:10-00522ER:01S:SIE262605649,2026-07-29 17:00:00,SFOHOUT00052411,,93248377,PO-US-09166,,10-00522E,2026072815,1,,P:90-06831ER:01S:SIE262704391,PO-US-09166 shipped 073026 ASN 93248377 Qty 6240.xlsx,2026-07-30 17:56:34,2026-07-30 17:56:45,2026-07-30 17:56:44
P:10-00522ER:01S:SIE262605661,2026-07-29 17:00:00,SFOHOUT00052411,,93248377,PO-US-09166,,10-00522E,2026072814,1,,P:90-06831ER:01S:SIE262704373,PO-US-09166 shipped 073026 ASN 93248377 Qty 6240.xlsx,2026-07-30 17:56:34,2026-07-30 17:56:45,2026-07-30 17:56:44
P:10-00522ER:01S:SIE262605662,2026-07-29 17:00:00,SFOHOUT00052411,,93248377,PO-US-09166,,10-00522E,202607283,1,,P:90-06831ER:01S:SIE262704393,PO-US-09166 shipped 073026 ASN 93248377 Qty 6240.xlsx,2026-07-30 17:56:34,2026-07-30 17:56:45,2026-07-30 17:56:44
P:10-00522ER:01S:SIE262605664,2026-07-29 17:00:00,SFOHOUT00052411,,93248377,PO-US-09166,,10-00522E,2026072813,1,,P:90-06831ER:01S:SIE262704353,PO-US-09166 shipped 073026 ASN 93248377 Qty 6240.xlsx,2026-07-30 17:56:34,2026-07-30 17:56:45,2026-07-30 17:56:44
P:10-00522ER:01S:SIE262605665,2026-07-29 17:00:00,SFOHOUT00052411,,93248377,PO-US-09166,,10-00522E,2026072811,1,,P:90-06831ER:01S:SIE262811630,PO-US-09166 shipped 073026 ASN 93248377 Qty 6240.xlsx,2026-07-30 17:56:34,2026-07-30 17:56:45,2026-07-30 17:56:44
P:10-00522ER:01S:SIE262605669,2026-07-29 17:00:00,SFOHOUT00052411,,93248377,PO-US-09166,,10-00522E,202607283,1,,P:90-06831ER:01S:SIE262704382,PO-US-09166 shipped 073026 ASN 93248377 Qty 6240.xlsx,2026-07-30 17:56:34,2026-07-30 17:56:45,2026-07-30 17:56:44
P:10-00522ER:01S:SIE262605671,2026-07-29 17:00:00,SFOHOUT00052411,,93248377,PO-US-09166,,10-00522E,202607283,1,,P:90-06831ER:01S:SIE262704394,PO-US-09166 shipped 073026 ASN 93248377 Qty 6240.xlsx,2026-07-30 17:56:34,2026-07-30 17:56:45,2026-07-30 17:56:44
P:10-00522ER:01S:SIE262605672,2026-07-29 17:00:00,SFOHOUT00052411,,93248377,PO-US-09166,,10-00522E,2026072810,1,,P:90-06831ER:01S:SIE262704426,PO-US-09166 shipped 073026 ASN 93248377 Qty 6240.xlsx,2026-07-30 17:56:34,2026-07-30 17:56:45,2026-07-30 17:56:44
P:10-00522ER:01S:SIE262605673,2026-07-29 17:00:00,SFOHOUT00052411,,93248377,PO-US-09166,,10-00522E,2026072815,1,,P:90-06831ER:01S:SIE262704391,PO-US-09166 shipped 073026 ASN 93248377 Qty 6240.xlsx,2026-07-30 17:56:34,2026-07-30 17:56:45,2026-07-30 17:56:44
P:10-00522ER:01S:SIE262605674,2026-07-29 17:00:00,SFOHOUT00052411,,93248377,PO-US-09166,,10-00522E,2026072811,1,,P:90-06831ER:01S:SIE262811629,PO-US-09166 shipped 073026 ASN 93248377 Qty 6240.xlsx,2026-07-30 17:56:34,2026-07-30 17:56:45,2026-07-30 17:56:44
P:10-00522ER:01S:SIE262605676,2026-07-29 17:00:00,SFOHOUT00052411,,93248377,PO-US-09166,,10-00522E,202607288,1,,P:90-06831ER:01S:SIE262704408,PO-US-09166 shipped 073026 ASN 93248377 Qty 6240.xlsx,2026-07-30 17:56:34,2026-07-30 17:56:45,2026-07-30 17:56:44
P:10-00522ER:01S:SIE262605679,2026-07-29 17:00:00,SFOHOUT00052411,,93248377,PO-US-09166,,10-00522E,2026072811,1,,P:90-06831ER:01S:SIE262811629,PO-US-09166 shipped 073026 ASN 93248377 Qty 6240.xlsx,2026-07-30 17:56:34,2026-07-30 17:56:45,2026-07-30 17:56:44
P:10-00522ER:01S:SIE262605681,2026-07-29 17:00:00,SFOHOUT00052411,,93248377,PO-US-09166,,10-00522E,2026072811,1,,P:90-06831ER:01S:SIE262811628,PO-US-09166 shipped 073026 ASN 93248377 Qty 6240.xlsx,2026-07-30 17:56:34,2026-07-30 17:56:45,2026-07-30 17:56:44
P:10-00522ER:01S:SIE262605683,2026-07-29 17:00:00,SFOHOUT00052411,,93248377,PO-US-09166,,10-00522E,2026072814,1,,P:90-06831ER:01S:SIE262704372,PO-US-09166 shipped 073026 ASN 93248377 Qty 6240.xlsx,2026-07-30 17:56:34,2026-07-30 17:56:45,2026-07-30 17:56:44
P:10-00522ER:01S:SIE262605685,2026-07-29 17:00:00,SFOHOUT00052411,,93248377,PO-US-09166,,10-00522E,2026072815,1,,P:90-06831ER:01S:SIE262704387,PO-US-09166 shipped 073026 ASN 93248377 Qty 6240.xlsx,2026-07-30 17:56:34,2026-07-30 17:56:45,2026-07-30 17:56:44
P:10-00522ER:01S:SIE262605687,2026-07-29 17:00:00,SFOHOUT00052411,,93248377,PO-US-09166,,10-00522E,2026072814,1,,P:90-06831ER:01S:SIE262704381,PO-US-09166 shipped 073026 ASN 93248377 Qty 6240.xlsx,2026-07-30 17:56:34,2026-07-30 17:56:45,2026-07-30 17:56:44
P:10-00522ER:01S:SIE262605688,2026-07-29 17:00:00,SFOHOUT00052411,,93248377,PO-US-09166,,10-00522E,202607289,1,,P:90-06831ER:01S:SIE262704454,PO-US-09166 shipped 073026 ASN 93248377 Qty 6240.xlsx,2026-07-30 17:56:34,2026-07-30 17:56:45,2026-07-30 17:56:44
P:10-00522ER:01S:SIE262605689,2026-07-29 17:00:00,SFOHOUT00052411,,93248377,PO-US-09166,,10-00522E,2026072814,1,,P:90-06831ER:01S:SIE262704372,PO-US-09166 shipped 073026 ASN 93248377 Qty 6240.xlsx,2026-07-30 17:56:34,2026-07-30 17:56:45,2026-07-30 17:56:44
P:10-00522ER:01S:SIE262605690,2026-07-29 17:00:00,SFOHOUT00052411,,93248377,PO-US-09166,,10-00522E,202607283,1,,P:90-06831ER:01S:SIE262704395,PO-US-09166 shipped 073026 ASN 93248377 Qty 6240.xlsx,2026-07-30 17:56:34,2026-07-30 17:56:45,2026-07-30 17:56:44
P:10-00522ER:01S:SIE262605691,2026-07-29 17:00:00,SFOHOUT00052411,,93248377,PO-US-09166,,10-00522E,202607283,1,,P:90-06831ER:01S:SIE262704398,PO-US-09166 shipped 073026 ASN 93248377 Qty 6240.xlsx,2026-07-30 17:56:34,2026-07-30 17:56:45,2026-07-30 17:56:44
P:10-00522ER:01S:SIE262605695,2026-07-29 17:00:00,SFOHOUT00052411,,93248377,PO-US-09166,,10-00522E,202607283,1,,P:90-06831ER:01S:SIE262704394,PO-US-09166 shipped 073026 ASN 93248377 Qty 6240.xlsx,2026-07-30 17:56:34,2026-07-30 17:56:45,2026-07-30 17:56:44
P:10-00522ER:01S:SIE262605697,2026-07-29 17:00:00,SFOHOUT00052411,,93248377,PO-US-09166,,10-00522E,2026072813,1,,P:90-06831ER:01S:SIE262704353,PO-US-09166 shipped 073026 ASN 93248377 Qty 6240.xlsx,2026-07-30 17:56:34,2026-07-30 17:56:45,2026-07-30 17:56:44
P:10-00522ER:01S:SIE262605698,2026-07-29 17:00:00,SFOHOUT00052411,,93248377,PO-US-09166,,10-00522E,2026072814,1,,P:90-06831ER:01S:SIE262704377,PO-US-09166 shipped 073026 ASN 93248377 Qty 6240.xlsx,2026-07-30 17:56:34,2026-07-30 17:56:45,2026-07-30 17:56:44
P:10-00522ER:01S:SIE262605700,2026-07-29 17:00:00,SFOHOUT00052411,,93248377,PO-US-09166,,10-00522E,2026072815,1,,P:90-06831ER:01S:SIE262704384,PO-US-09166 shipped 073026 ASN 93248377 Qty 6240.xlsx,2026-07-30 17:56:34,2026-07-30 17:56:45,2026-07-30 17:56:44
P:10-00522ER:01S:SIE262605701,2026-07-29 17:00:00,SFOHOUT00052411,,93248377,PO-US-09166,,10-00522E,2026072814,1,,P:90-06831ER:01S:SIE262704373,PO-US-09166 shipped 073026 ASN 93248377 Qty 6240.xlsx,2026-07-30 17:56:34,2026-07-30 17:56:45,2026-07-30 17:56:44
P:10-00522ER:01S:SIE262605704,2026-07-29 17:00:00,SFOHOUT00052411,,93248377,PO-US-09166,,10-00522E,202607283,1,,P:90-06831ER:01S:SIE262704398,PO-US-09166 shipped 073026 ASN 93248377 Qty 6240.xlsx,2026-07-30 17:56:34,2026-07-30 17:56:45,2026-07-30 17:56:44
P:10-00522ER:01S:SIE262605705,2026-07-29 17:00:00,SFOHOUT00052411,,93248377,PO-US-09166,,10-00522E,202607288,1,,P:90-06831ER:01S:SIE262704409,PO-US-09166 shipped 073026 ASN 93248377 Qty 6240.xlsx,2026-07-30 17:56:34,2026-07-30 17:56:45,2026-07-30 17:56:44
P:10-00522ER:01S:SIE262605707,2026-07-29 17:00:00,SFOHOUT00052411,,93248377,PO-US-09166,,10-00522E,202607288,1,,P:90-06831ER:01S:SIE262704409,PO-US-09166 shipped 073026 ASN 93248377 Qty 6240.xlsx,2026-07-30 17:56:34,2026-07-30 17:56:45,2026-07-30 17:56:44
P:10-00522ER:01S:SIE262605710,2026-07-29 17:00:00,SFOHOUT00052411,,93248377,PO-US-09166,,10-00522E,2026072817,1,,P:90-06831ER:01S:SIE262704434,PO-US-09166 shipped 073026 ASN 93248377 Qty 6240.xlsx,2026-07-30 17:56:34,2026-07-30 17:56:45,2026-07-30 17:56:44
P:10-00522ER:01S:SIE262605712,2026-07-29 17:00:00,SFOHOUT00052411,,93248377,PO-US-09166,,10-00522E,2026072811,1,,P:90-06831ER:01S:SIE262811628,PO-US-09166 shipped 073026 ASN 93248377 Qty 6240.xlsx,2026-07-30 17:56:34,2026-07-30 17:56:45,2026-07-30 17:56:44
P:10-00522ER:01S:SIE262605713,2026-07-29 17:00:00,SFOHOUT00052411,,93248377,PO-US-09166,,10-00522E,2026072811,1,,P:90-06831ER:01S:SIE262811628,PO-US-09166 shipped 073026 ASN 93248377 Qty 6240.xlsx,2026-07-30 17:56:34,2026-07-30 17:56:45,2026-07-30 17:56:44
P:10-00522ER:01S:SIE262605715,2026-07-29 17:00:00,SFOHOUT00052411,,93248377,PO-US-09166,,10-00522E,2026072814,1,,P:90-06831ER:01S:SIE262704380,PO-US-09166 shipped 073026 ASN 93248377 Qty 6240.xlsx,2026-07-30 17:56:34,2026-07-30 17:56:45,2026-07-30 17:56:44
P:10-00522ER:01S:SIE262605717,2026-07-29 17:00:00,SFOHOUT00052411,,93248377,PO-US-09166,,10-00522E,2026072811,1,,P:90-06831ER:01S:SIE262811629,PO-US-09166 shipped 073026 ASN 93248377 Qty 6240.xlsx,2026-07-30 17:56:34,2026-07-30 17:56:45,2026-07-30 17:56:44
P:10-00522ER:01S:SIE262605719,2026-07-29 17:00:00,SFOHOUT00052411,,93248377,PO-US-09166,,10-00522E,202607288,1,,P:90-06831ER:01S:SIE262704411,PO-US-09166 shipped 073026 ASN 93248377 Qty 6240.xlsx,2026-07-30 17:56:34,2026-07-30 17:56:45,2026-07-30 17:56:44
P:10-00522ER:01S:SIE262605720,2026-07-29 17:00:00,SFOHOUT00052411,,93248377,PO-US-09166,,10-00522E,202607283,1,,P:90-06831ER:01S:SIE262704395,PO-US-09166 shipped 073026 ASN 93248377 Qty 6240.xlsx,2026-07-30 17:56:34,2026-07-30 17:56:45,2026-07-30 17:56:44
P:10-00522ER:01S:SIE262605723,2026-07-29 17:00:00,SFOHOUT00052411,,93248377,PO-US-09166,,10-00522E,2026072817,1,,P:90-06831ER:01S:SIE262704434,PO-US-09166 shipped 073026 ASN 93248377 Qty 6240.xlsx,2026-07-30 17:56:34,2026-07-30 17:56:45,2026-07-30 17:56:44
P:10-00522ER:01S:SIE262605724,2026-07-29 17:00:00,SFOHOUT00052411,,93248377,PO-US-09166,,10-00522E,2026072814,1,,P:90-06831ER:01S:SIE262704377,PO-US-09166 shipped 073026 ASN 93248377 Qty 6240.xlsx,2026-07-30 17:56:34,2026-07-30 17:56:45,2026-07-30 17:56:44
P:10-00522ER:01S:SIE262605725,2026-07-29 17:00:00,SFOHOUT00052411,,93248377,PO-US-09166,,10-00522E,2026072814,1,,P:90-06831ER:01S:SIE262704375,PO-US-09166 shipped 073026 ASN 93248377 Qty 6240.xlsx,2026-07-30 17:56:34,2026-07-30 17:56:45,2026-07-30 17:56:44
P:10-00522ER:01S:SIE262605729,2026-07-29 17:00:00,SFOHOUT00052411,,93248377,PO-US-09166,,10-00522E,202607283,1,,P:90-06831ER:01S:SIE262704395,PO-US-09166 shipped 073026 ASN 93248377 Qty 6240.xlsx,2026-07-30 17:56:34,2026-07-30 17:56:45,2026-07-30 17:56:44
P:10-00522ER:01S:SIE262605730,2026-07-29 17:00:00,SFOHOUT00052411,,93248377,PO-US-09166,,10-00522E,2026072815,1,,P:90-06831ER:01S:SIE262704392,PO-US-09166 shipped 073026 ASN 93248377 Qty 6240.xlsx,2026-07-30 17:56:34,2026-07-30 17:56:45,2026-07-30 17:56:44
P:10-00522ER:01S:SIE262605731,2026-07-29 17:00:00,SFOHOUT00052411,,93248377,PO-US-09166,,10-00522E,2026072813,1,,P:90-06831ER:01S:SIE262704353,PO-US-09166 shipped 073026 ASN 93248377 Qty 6240.xlsx,2026-07-30 17:56:34,2026-07-30 17:56:45,2026-07-30 17:56:44
P:10-00522ER:01S:SIE262605733,2026-07-29 17:00:00,SFOHOUT00052411,,93248377,PO-US-09166,,10-00522E,202607283,1,,P:90-06831ER:01S:SIE262704395,PO-US-09166 shipped 073026 ASN 93248377 Qty 6240.xlsx,2026-07-30 17:56:34,2026-07-30 17:56:45,2026-07-30 17:56:44
P:10-00522ER:01S:SIE262605734,2026-07-29 17:00:00,SFOHOUT00052411,,93248377,PO-US-09166,,10-00522E,202607283,1,,P:90-06831ER:01S:SIE262704393,PO-US-09166 shipped 073026 ASN 93248377 Qty 6240.xlsx,2026-07-30 17:56:34,2026-07-30 17:56:45,2026-07-30 17:56:44
P:10-00522ER:01S:SIE262605737,2026-07-29 17:00:00,SFOHOUT00052411,,93248377,PO-US-09166,,10-00522E,202607282,1,,P:90-06831ER:01S:SIE262811603,PO-US-09166 shipped 073026 ASN 93248377 Qty 6240.xlsx,2026-07-30 17:56:34,2026-07-30 17:56:45,2026-07-30 17:56:44
P:10-00522ER:01S:SIE262605738,2026-07-29 17:00:00,SFOHOUT00052411,,93248377,PO-US-09166,,10-00522E,202607283,1,,P:90-06831ER:01S:SIE262704396,PO-US-09166 shipped 073026 ASN 93248377 Qty 6240.xlsx,2026-07-30 17:56:34,2026-07-30 17:56:45,2026-07-30 17:56:44
P:10-00522ER:01S:SIE262605739,2026-07-29 17:00:00,SFOHOUT00052411,,93248377,PO-US-09166,,10-00522E,202607283,1,,P:90-06831ER:01S:SIE262704394,PO-US-09166 shipped 073026 ASN 93248377 Qty 6240.xlsx,2026-07-30 17:56:34,2026-07-30 17:56:45,2026-07-30 17:56:44
P:10-00522ER:01S:SIE262605740,2026-07-29 17:00:00,SFOHOUT00052411,,93248377,PO-US-09166,,10-00522E,2026072811,1,,P:90-06831ER:01S:SIE262811630,PO-US-09166 shipped 073026 ASN 93248377 Qty 6240.xlsx,2026-07-30 17:56:34,2026-07-30 17:56:45,2026-07-30 17:56:44
P:10-00522ER:01S:SIE262605741,2026-07-29 17:00:00,SFOHOUT00052411,,93248377,PO-US-09166,,10-00522E,2026072811,1,,P:90-06831ER:01S:SIE262811616,PO-US-09166 shipped 073026 ASN 93248377 Qty 6240.xlsx,2026-07-30 17:56:34,2026-07-30 17:56:45,2026-07-30 17:56:44
P:10-00522ER:01S:SIE262605744,2026-07-30 17:00:00,SFOHOUT00052412,,93248460,PO-US-09166,,10-00522E,2026073025,1,,P:90-06831ER:01S:SIE262811795,PO-US-08015 shipped 073126 ASN 93248292 Qty 240 POUS08933 A8401 Q324 POUS08008 A8402 Q110 POUS08625 A8452 Q270 POUS08013 A8453 Q13 POUS09054 A8454 Q50 POUS08885 A93248457 Q10 POUS09166 A93248460 Q2400.xlsx,2026-07-31 17:45:36,2026-07-31 17:45:43,2026-07-31 17:45:43
P:10-00522ER:01S:SIE262605746,2026-07-29 17:00:00,SFOHOUT00052411,,93248377,PO-US-09166,,10-00522E,2026072814,1,,P:90-06831ER:01S:SIE262704377,PO-US-09166 shipped 073026 ASN 93248377 Qty 6240.xlsx,2026-07-30 17:56:34,2026-07-30 17:56:45,2026-07-30 17:56:44
P:10-00522ER:01S:SIE262605748,2026-07-29 17:00:00,SFOHOUT00052411,,93248377,PO-US-09166,,10-00522E,2026072811,1,,P:90-06831ER:01S:SIE262811628,PO-US-09166 shipped 073026 ASN 93248377 Qty 6240.xlsx,2026-07-30 17:56:34,2026-07-30 17:56:45,2026-07-30 17:56:44
P:10-00522ER:01S:SIE262605750,2026-07-29 17:00:00,SFOHOUT00052411,,93248377,PO-US-09166,,10-00522E,2026072814,1,,P:90-06831ER:01S:SIE262704370,PO-US-09166 shipped 073026 ASN 93248377 Qty 6240.xlsx,2026-07-30 17:56:34,2026-07-30 17:56:45,2026-07-30 17:56:44
P:10-00522ER:01S:SIE262605751,2026-07-29 17:00:00,SFOHOUT00052411,,93248377,PO-US-09166,,10-00522E,2026072815,1,,P:90-06831ER:01S:SIE262704384,PO-US-09166 shipped 073026 ASN 93248377 Qty 6240.xlsx,2026-07-30 17:56:34,2026-07-30 17:56:45,2026-07-30 17:56:44
P:10-00522ER:01S:SIE262605752,2026-07-29 17:00:00,SFOHOUT00052411,,93248377,PO-US-09166,,10-00522E,202607289,1,,P:90-06831ER:01S:SIE262704459,PO-US-09166 shipped 073026 ASN 93248377 Qty 6240.xlsx,2026-07-30 17:56:34,2026-07-30 17:56:45,2026-07-30 17:56:44
P:10-00522ER:01S:SIE262605755,2026-07-29 17:00:00,SFOHOUT00052411,,93248377,PO-US-09166,,10-00522E,2026072815,1,,P:90-06831ER:01S:SIE262704390,PO-US-09166 shipped 073026 ASN 93248377 Qty 6240.xlsx,2026-07-30 17:56:34,2026-07-30 17:56:45,2026-07-30 17:56:44
P:10-00522ER:01S:SIE262605757,2026-07-29 17:00:00,SFOHOUT00052411,,93248377,PO-US-09166,,10-00522E,2026072815,1,,P:90-06831ER:01S:SIE262704392,PO-US-09166 shipped 073026 ASN 93248377 Qty 6240.xlsx,2026-07-30 17:56:34,2026-07-30 17:56:45,2026-07-30 17:56:44
P:10-00522ER:01S:SIE262605760,2026-07-29 17:00:00,SFOHOUT00052411,,93248377,PO-US-09166,,10-00522E,2026072817,1,,P:90-06831ER:01S:SIE262704434,PO-US-09166 shipped 073026 ASN 93248377 Qty 6240.xlsx,2026-07-30 17:56:34,2026-07-30 17:56:45,2026-07-30 17:56:44
P:10-00522ER:01S:SIE262605762,2026-07-29 17:00:00,SFOHOUT00052411,,93248377,PO-US-09166,,10-00522E,2026072816,1,,P:90-06831ER:01S:SIE262811703,PO-US-09166 shipped 073026 ASN 93248377 Qty 6240.xlsx,2026-07-30 17:56:34,2026-07-30 17:56:45,2026-07-30 17:56:44
P:10-00522ER:01S:SIE262605764,2026-07-29 17:00:00,SFOHOUT00052411,,93248377,PO-US-09166,,10-00522E,2026072815,1,,P:90-06831ER:01S:SIE262704383,PO-US-09166 shipped 073026 ASN 93248377 Qty 6240.xlsx,2026-07-30 17:56:34,2026-07-30 17:56:45,2026-07-30 17:56:44
P:10-00522ER:01S:SIE262605766,2026-07-29 17:00:00,SFOHOUT00052411,,93248377,PO-US-09166,,10-00522E,2026072811,1,,P:90-06831ER:01S:SIE262811628,PO-US-09166 shipped 073026 ASN 93248377 Qty 6240.xlsx,2026-07-30 17:56:34,2026-07-30 17:56:45,2026-07-30 17:56:44
P:10-00522ER:01S:SIE262605768,2026-07-29 17:00:00,SFOHOUT00052411,,93248377,PO-US-09166,,10-00522E,2026072815,1,,P:90-06831ER:01S:SIE262704383,PO-US-09166 shipped 073026 ASN 93248377 Qty 6240.xlsx,2026-07-30 17:56:34,2026-07-30 17:56:45,2026-07-30 17:56:44
P:10-00522ER:01S:SIE262605772,2026-07-29 17:00:00,SFOHOUT00052411,,93248377,PO-US-09166,,10-00522E,2026072814,1,,P:90-06831ER:01S:SIE262704370,PO-US-09166 shipped 073026 ASN 93248377 Qty 6240.xlsx,2026-07-30 17:56:34,2026-07-30 17:56:45,2026-07-30 17:56:44
P:10-00522ER:01S:SIE262605773,2026-07-29 17:00:00,SFOHOUT00052411,,93248377,PO-US-09166,,10-00522E,202607289,1,,P:90-06831ER:01S:SIE262704459,PO-US-09166 shipped 073026 ASN 93248377 Qty 6240.xlsx,2026-07-30 17:56:34,2026-07-30 17:56:45,2026-07-30 17:56:44
P:10-00522ER:01S:SIE262605774,2026-07-29 17:00:00,SFOHOUT00052411,,93248377,PO-US-09166,,10-00522E,2026072814,1,,P:90-06831ER:01S:SIE262704378,PO-US-09166 shipped 073026 ASN 93248377 Qty 6240.xlsx,2026-07-30 17:56:34,2026-07-30 17:56:45,2026-07-30 17:56:44
P:10-00522ER:01S:SIE262605775,2026-07-29 17:00:00,SFOHOUT00052411,,93248377,PO-US-09166,,10-00522E,202607282,1,,P:90-06831ER:01S:SIE262704433,PO-US-09166 shipped 073026 ASN 93248377 Qty 6240.xlsx,2026-07-30 17:56:34,2026-07-30 17:56:45,2026-07-30 17:56:44
P:10-00522ER:01S:SIE262605776,2026-07-29 17:00:00,SFOHOUT00052411,,93248377,PO-US-09166,,10-00522E,2026072811,1,,P:90-06831ER:01S:SIE262811629,PO-US-09166 shipped 073026 ASN 93248377 Qty 6240.xlsx,2026-07-30 17:56:34,2026-07-30 17:56:45,2026-07-30 17:56:44
P:10-00522ER:01S:SIE262605777,2026-07-29 17:00:00,SFOHOUT00052411,,93248377,PO-US-09166,,10-00522E,2026072817,1,,P:90-06831ER:01S:SIE262811617,PO-US-09166 shipped 073026 ASN 93248377 Qty 6240.xlsx,2026-07-30 17:56:34,2026-07-30 17:56:45,2026-07-30 17:56:44
P:10-00522ER:01S:SIE262605780,2026-07-29 17:00:00,SFOHOUT00052411,,93248377,PO-US-09166,,10-00522E,202607288,1,,P:90-06831ER:01S:SIE262704411,PO-US-09166 shipped 073026 ASN 93248377 Qty 6240.xlsx,2026-07-30 17:56:34,2026-07-30 17:56:45,2026-07-30 17:56:44
P:10-00522ER:01S:SIE262605781,2026-07-29 17:00:00,SFOHOUT00052411,,93248377,PO-US-09166,,10-00522E,202607282,1,,P:90-06831ER:01S:SIE262811610,PO-US-09166 shipped 073026 ASN 93248377 Qty 6240.xlsx,2026-07-30 17:56:34,2026-07-30 17:56:45,2026-07-30 17:56:44
P:10-00522ER:01S:SIE262605783,2026-07-29 17:00:00,SFOHOUT00052411,,93248377,PO-US-09166,,10-00522E,2026072811,1,,P:90-06831ER:01S:SIE262811629,PO-US-09166 shipped 073026 ASN 93248377 Qty 6240.xlsx,2026-07-30 17:56:34,2026-07-30 17:56:45,2026-07-30 17:56:44
P:10-00522ER:01S:SIE262605785,2026-07-29 17:00:00,SFOHOUT00052411,,93248377,PO-US-09166,,10-00522E,202607288,1,,P:90-06831ER:01S:SIE262704408,PO-US-09166 shipped 073026 ASN 93248377 Qty 6240.xlsx,2026-07-30 17:56:34,2026-07-30 17:56:45,2026-07-30 17:56:44
P:10-00522ER:01S:SIE262605787,2026-07-29 17:00:00,SFOHOUT00052411,,93248377,PO-US-09166,,10-00522E,202607288,1,,P:90-06831ER:01S:SIE262704408,PO-US-09166 shipped 073026 ASN 93248377 Qty 6240.xlsx,2026-07-30 17:56:34,2026-07-30 17:56:45,2026-07-30 17:56:44
P:10-00522ER:01S:SIE262605790,2026-07-29 17:00:00,SFOHOUT00052411,,93248377,PO-US-09166,,10-00522E,202607288,1,,P:90-06831ER:01S:SIE262704411,PO-US-09166 shipped 073026 ASN 93248377 Qty 6240.xlsx,2026-07-30 17:56:34,2026-07-30 17:56:45,2026-07-30 17:56:44
P:10-00522ER:01S:SIE262605792,2026-07-29 17:00:00,SFOHOUT00052411,,93248377,PO-US-09166,,10-00522E,202607289,1,,P:90-06831ER:01S:SIE262704459,PO-US-09166 shipped 073026 ASN 93248377 Qty 6240.xlsx,2026-07-30 17:56:34,2026-07-30 17:56:45,2026-07-30 17:56:44
P:10-00522ER:01S:SIE262605797,2026-07-29 17:00:00,SFOHOUT00052411,,93248377,PO-US-09166,,10-00522E,2026072814,1,,P:90-06831ER:01S:SIE262704377,PO-US-09166 shipped 073026 ASN 93248377 Qty 6240.xlsx,2026-07-30 17:56:34,2026-07-30 17:56:45,2026-07-30 17:56:44
P:10-00522ER:01S:SIE262605799,2026-07-29 17:00:00,SFOHOUT00052411,,93248377,PO-US-09166,,10-00522E,202607282,1,,P:90-06831ER:01S:SIE262704433,PO-US-09166 shipped 073026 ASN 93248377 Qty 6240.xlsx,2026-07-30 17:56:34,2026-07-30 17:56:45,2026-07-30 17:56:44
P:10-00522ER:01S:SIE262605801,2026-07-29 17:00:00,SFOHOUT00052411,,93248377,PO-US-09166,,10-00522E,202607288,1,,P:90-06831ER:01S:SIE262704408,PO-US-09166 shipped 073026 ASN 93248377 Qty 6240.xlsx,2026-07-30 17:56:34,2026-07-30 17:56:45,2026-07-30 17:56:44
P:10-00522ER:01S:SIE262605802,2026-07-29 17:00:00,SFOHOUT00052411,,93248377,PO-US-09166,,10-00522E,2026072811,1,,P:90-06831ER:01S:SIE262811628,PO-US-09166 shipped 073026 ASN 93248377 Qty 6240.xlsx,2026-07-30 17:56:34,2026-07-30 17:56:45,2026-07-30 17:56:44
P:10-00522ER:01S:SIE262605806,2026-07-29 17:00:00,SFOHOUT00052411,,93248377,PO-US-09166,,10-00522E,202607288,1,,P:90-06831ER:01S:SIE262704406,PO-US-09166 shipped 073026 ASN 93248377 Qty 6240.xlsx,2026-07-30 17:56:34,2026-07-30 17:56:45,2026-07-30 17:56:44
P:10-00522ER:01S:SIE262605808,2026-07-29 17:00:00,SFOHOUT00052411,,93248377,PO-US-09166,,10-00522E,202607289,1,,P:90-06831ER:01S:SIE262704455,PO-US-09166 shipped 073026 ASN 93248377 Qty 6240.xlsx,2026-07-30 17:56:34,2026-07-30 17:56:45,2026-07-30 17:56:44
P:10-00522ER:01S:SIE262605810,2026-07-29 17:00:00,SFOHOUT00052411,,93248377,PO-US-09166,,10-00522E,202607288,1,,P:90-06831ER:01S:SIE262704411,PO-US-09166 shipped 073026 ASN 93248377 Qty 6240.xlsx,2026-07-30 17:56:34,2026-07-30 17:56:45,2026-07-30 17:56:44
P:10-00522ER:01S:SIE262605811,2026-07-29 17:00:00,SFOHOUT00052411,,93248377,PO-US-09166,,10-00522E,2026072814,1,,P:90-06831ER:01S:SIE262704377,PO-US-09166 shipped 073026 ASN 93248377 Qty 6240.xlsx,2026-07-30 17:56:34,2026-07-30 17:56:45,2026-07-30 17:56:44
P:10-00522ER:01S:SIE262605815,2026-07-29 17:00:00,SFOHOUT00052411,,93248377,PO-US-09166,,10-00522E,202607288,1,,P:90-06831ER:01S:SIE262704409,PO-US-09166 shipped 073026 ASN 93248377 Qty 6240.xlsx,2026-07-30 17:56:34,2026-07-30 17:56:45,2026-07-30 17:56:44
P:10-00522ER:01S:SIE262605817,2026-07-29 17:00:00,SFOHOUT00052411,,93248377,PO-US-09166,,10-00522E,202607292,1,,P:90-06831ER:01S:SIE262811645,PO-US-09166 shipped 073026 ASN 93248377 Qty 6240.xlsx,2026-07-30 17:56:34,2026-07-30 17:56:45,2026-07-30 17:56:44
P:10-00522ER:01S:SIE262605819,2026-07-29 17:00:00,SFOHOUT00052411,,93248377,PO-US-09166,,10-00522E,2026072814,1,,P:90-06831ER:01S:SIE262704370,PO-US-09166 shipped 073026 ASN 93248377 Qty 6240.xlsx,2026-07-30 17:56:34,2026-07-30 17:56:45,2026-07-30 17:56:44
P:10-00522ER:01S:SIE262605821,2026-07-29 17:00:00,SFOHOUT00052411,,93248377,PO-US-09166,,10-00522E,2026072817,1,,P:90-06831ER:01S:SIE262811611,PO-US-09166 shipped 073026 ASN 93248377 Qty 6240.xlsx,2026-07-30 17:56:34,2026-07-30 17:56:45,2026-07-30 17:56:44
P:10-00522ER:01S:SIE262605823,2026-07-29 17:00:00,SFOHOUT00052411,,93248377,PO-US-09166,,10-00522E,2026072817,1,,P:90-06831ER:01S:SIE262704434,PO-US-09166 shipped 073026 ASN 93248377 Qty 6240.xlsx,2026-07-30 17:56:34,2026-07-30 17:56:45,2026-07-30 17:56:44
P:10-00522ER:01S:SIE262605824,2026-07-29 17:00:00,SFOHOUT00052411,,93248377,PO-US-09166,,10-00522E,202607282,1,,P:90-06831ER:01S:SIE262704433,PO-US-09166 shipped 073026 ASN 93248377 Qty 6240.xlsx,2026-07-30 17:56:34,2026-07-30 17:56:45,2026-07-30 17:56:44
P:10-00522ER:01S:SIE262605826,2026-07-29 17:00:00,SFOHOUT00052411,,93248377,PO-US-09166,,10-00522E,202607292,1,,P:90-06831ER:01S:SIE262811644,PO-US-09166 shipped 073026 ASN 93248377 Qty 6240.xlsx,2026-07-30 17:56:34,2026-07-30 17:56:45,2026-07-30 17:56:44
P:10-00522ER:01S:SIE262605827,2026-07-29 17:00:00,SFOHOUT00052411,,93248377,PO-US-09166,,10-00522E,202607291,1,,P:90-06831ER:01S:SIE262811631,PO-US-09166 shipped 073026 ASN 93248377 Qty 6240.xlsx,2026-07-30 17:56:34,2026-07-30 17:56:45,2026-07-30 17:56:44
P:10-00522ER:01S:SIE262605832,2026-07-29 17:00:00,SFOHOUT00052411,,93248377,PO-US-09166,,10-00522E,2026072814,1,,P:90-06831ER:01S:SIE262704378,PO-US-09166 shipped 073026 ASN 93248377 Qty 6240.xlsx,2026-07-30 17:56:34,2026-07-30 17:56:45,2026-07-30 17:56:44
P:10-00522ER:01S:SIE262605836,2026-07-29 17:00:00,SFOHOUT00052411,,93248377,PO-US-09166,,10-00522E,2026072815,1,,P:90-06831ER:01S:SIE262704391,PO-US-09166 shipped 073026 ASN 93248377 Qty 6240.xlsx,2026-07-30 17:56:34,2026-07-30 17:56:45,2026-07-30 17:56:44
P:10-00522ER:01S:SIE262605838,2026-07-29 17:00:00,SFOHOUT00052411,,93248377,PO-US-09166,,10-00522E,2026072815,1,,P:90-06831ER:01S:SIE262704391,PO-US-09166 shipped 073026 ASN 93248377 Qty 6240.xlsx,2026-07-30 17:56:34,2026-07-30 17:56:45,2026-07-30 17:56:44
P:10-00522ER:01S:SIE262605842,2026-07-29 17:00:00,SFOHOUT00052411,,93248377,PO-US-09166,,10-00522E,202607288,1,,P:90-06831ER:01S:SIE262704408,PO-US-09166 shipped 073026 ASN 93248377 Qty 6240.xlsx,2026-07-30 17:56:34,2026-07-30 17:56:45,2026-07-30 17:56:44
P:10-00522ER:01S:SIE262605843,2026-07-29 17:00:00,SFOHOUT00052411,,93248377,PO-US-09166,,10-00522E,2026072814,1,,P:90-06831ER:01S:SIE262704375,PO-US-09166 shipped 073026 ASN 93248377 Qty 6240.xlsx,2026-07-30 17:56:34,2026-07-30 17:56:45,2026-07-30 17:56:44
P:10-00522ER:01S:SIE262605844,2026-07-29 17:00:00,SFOHOUT00052411,,93248377,PO-US-09166,,10-00522E,202607283,1,,P:90-06831ER:01S:SIE262704394,PO-US-09166 shipped 073026 ASN 93248377 Qty 6240.xlsx,2026-07-30 17:56:34,2026-07-30 17:56:45,2026-07-30 17:56:44
P:10-00522ER:01S:SIE262605846,2026-07-29 17:00:00,SFOHOUT00052411,,93248377,PO-US-09166,,10-00522E,2026072814,1,,P:90-06831ER:01S:SIE262704376,PO-US-09166 shipped 073026 ASN 93248377 Qty 6240.xlsx,2026-07-30 17:56:34,2026-07-30 17:56:45,2026-07-30 17:56:44
P:10-00522ER:01S:SIE262605847,2026-07-29 17:00:00,SFOHOUT00052411,,93248377,PO-US-09166,,10-00522E,202607288,1,,P:90-06831ER:01S:SIE262704408,PO-US-09166 shipped 073026 ASN 93248377 Qty 6240.xlsx,2026-07-30 17:56:34,2026-07-30 17:56:45,2026-07-30 17:56:44
P:10-00522ER:01S:SIE262605851,2026-07-29 17:00:00,SFOHOUT00052411,,93248377,PO-US-09166,,10-00522E,202607288,1,,P:90-06831ER:01S:SIE262704408,PO-US-09166 shipped 073026 ASN 93248377 Qty 6240.xlsx,2026-07-30 17:56:34,2026-07-30 17:56:45,2026-07-30 17:56:44
P:10-00522ER:01S:SIE262605854,2026-07-29 17:00:00,SFOHOUT00052411,,93248377,PO-US-09166,,10-00522E,2026072811,1,,P:90-06831ER:01S:SIE262811629,PO-US-09166 shipped 073026 ASN 93248377 Qty 6240.xlsx,2026-07-30 17:56:34,2026-07-30 17:56:45,2026-07-30 17:56:44
P:10-00522ER:01S:SIE262605855,2026-07-29 17:00:00,SFOHOUT00052411,,93248377,PO-US-09166,,10-00522E,2026072814,1,,P:90-06831ER:01S:SIE262704375,PO-US-09166 shipped 073026 ASN 93248377 Qty 6240.xlsx,2026-07-30 17:56:34,2026-07-30 17:56:45,2026-07-30 17:56:44
P:10-00522ER:01S:SIE262605856,2026-07-29 17:00:00,SFOHOUT00052411,,93248377,PO-US-09166,,10-00522E,2026072814,1,,P:90-06831ER:01S:SIE262704374,PO-US-09166 shipped 073026 ASN 93248377 Qty 6240.xlsx,2026-07-30 17:56:34,2026-07-30 17:56:45,2026-07-30 17:56:44
P:10-00522ER:01S:SIE262605857,2026-07-29 17:00:00,SFOHOUT00052411,,93248377,PO-US-09166,,10-00522E,2026072814,1,,P:90-06831ER:01S:SIE262704377,PO-US-09166 shipped 073026 ASN 93248377 Qty 6240.xlsx,2026-07-30 17:56:34,2026-07-30 17:56:45,2026-07-30 17:56:44
P:10-00522ER:01S:SIE262605860,2026-07-29 17:00:00,SFOHOUT00052411,,93248377,PO-US-09166,,10-00522E,2026072817,1,,P:90-06831ER:01S:SIE262704434,PO-US-09166 shipped 073026 ASN 93248377 Qty 6240.xlsx,2026-07-30 17:56:34,2026-07-30 17:56:45,2026-07-30 17:56:44
P:10-00522ER:01S:SIE262605861,2026-07-29 17:00:00,SFOHOUT00052411,,93248377,PO-US-09166,,10-00522E,2026072811,1,,P:90-06831ER:01S:SIE262811629,PO-US-09166 shipped 073026 ASN 93248377 Qty 6240.xlsx,2026-07-30 17:56:34,2026-07-30 17:56:45,2026-07-30 17:56:44
P:10-00522ER:01S:SIE262605865,2026-07-29 17:00:00,SFOHOUT00052411,,93248377,PO-US-09166,,10-00522E,2026072811,1,,P:90-06831ER:01S:SIE262811630,PO-US-09166 shipped 073026 ASN 93248377 Qty 6240.xlsx,2026-07-30 17:56:34,2026-07-30 17:56:45,2026-07-30 17:56:44
P:10-00522ER:01S:SIE262605866,2026-07-29 17:00:00,SFOHOUT00052411,,93248377,PO-US-09166,,10-00522E,2026072814,1,,P:90-06831ER:01S:SIE262704376,PO-US-09166 shipped 073026 ASN 93248377 Qty 6240.xlsx,2026-07-30 17:56:34,2026-07-30 17:56:45,2026-07-30 17:56:44
P:10-00522ER:01S:SIE262605868,2026-07-29 17:00:00,SFOHOUT00052411,,93248377,PO-US-09166,,10-00522E,2026072813,1,,P:90-06831ER:01S:SIE262704353,PO-US-09166 shipped 073026 ASN 93248377 Qty 6240.xlsx,2026-07-30 17:56:34,2026-07-30 17:56:45,2026-07-30 17:56:44
P:10-00522ER:01S:SIE262605873,2026-07-29 17:00:00,SFOHOUT00052411,,93248377,PO-US-09166,,10-00522E,202607288,1,,P:90-06831ER:01S:SIE262704407,PO-US-09166 shipped 073026 ASN 93248377 Qty 6240.xlsx,2026-07-30 17:56:34,2026-07-30 17:56:45,2026-07-30 17:56:44
P:10-00522ER:01S:SIE262605874,2026-07-29 17:00:00,SFOHOUT00052411,,93248377,PO-US-09166,,10-00522E,2026072815,1,,P:90-06831ER:01S:SIE262704383,PO-US-09166 shipped 073026 ASN 93248377 Qty 6240.xlsx,2026-07-30 17:56:34,2026-07-30 17:56:45,2026-07-30 17:56:44
P:10-00522ER:01S:SIE262605878,2026-07-29 17:00:00,SFOHOUT00052411,,93248377,PO-US-09166,,10-00522E,2026072811,1,,P:90-06831ER:01S:SIE262811629,PO-US-09166 shipped 073026 ASN 93248377 Qty 6240.xlsx,2026-07-30 17:56:34,2026-07-30 17:56:45,2026-07-30 17:56:44
P:10-00522ER:01S:SIE262605879,2026-07-29 17:00:00,SFOHOUT00052411,,93248377,PO-US-09166,,10-00522E,2026072815,1,,P:90-06831ER:01S:SIE262704384,PO-US-09166 shipped 073026 ASN 93248377 Qty 6240.xlsx,2026-07-30 17:56:34,2026-07-30 17:56:45,2026-07-30 17:56:44
P:10-00522ER:01S:SIE262605882,2026-07-29 17:00:00,SFOHOUT00052411,,93248377,PO-US-09166,,10-00522E,2026072814,1,,P:90-06831ER:01S:SIE262704375,PO-US-09166 shipped 073026 ASN 93248377 Qty 6240.xlsx,2026-07-30 17:56:34,2026-07-30 17:56:45,2026-07-30 17:56:44
P:10-00522ER:01S:SIE262605884,2026-07-29 17:00:00,SFOHOUT00052411,,93248377,PO-US-09166,,10-00522E,2026072815,1,,P:90-06831ER:01S:SIE262704397,PO-US-09166 shipped 073026 ASN 93248377 Qty 6240.xlsx,2026-07-30 17:56:34,2026-07-30 17:56:45,2026-07-30 17:56:44
P:10-00522ER:01S:SIE262605888,2026-07-29 17:00:00,SFOHOUT00052411,,93248377,PO-US-09166,,10-00522E,2026072814,1,,P:90-06831ER:01S:SIE262704374,PO-US-09166 shipped 073026 ASN 93248377 Qty 6240.xlsx,2026-07-30 17:56:34,2026-07-30 17:56:45,2026-07-30 17:56:44
P:10-00522ER:01S:SIE262605889,2026-07-29 17:00:00,SFOHOUT00052411,,93248377,PO-US-09166,,10-00522E,2026072814,1,,P:90-06831ER:01S:SIE262704372,PO-US-09166 shipped 073026 ASN 93248377 Qty 6240.xlsx,2026-07-30 17:56:34,2026-07-30 17:56:45,2026-07-30 17:56:44
P:10-00522ER:01S:SIE262605891,2026-07-29 17:00:00,SFOHOUT00052411,,93248377,PO-US-09166,,10-00522E,202607292,1,,P:90-06831ER:01S:SIE262811644,PO-US-09166 shipped 073026 ASN 93248377 Qty 6240.xlsx,2026-07-30 17:56:34,2026-07-30 17:56:45,2026-07-30 17:56:44
P:10-00522ER:01S:SIE262605892,2026-07-29 17:00:00,SFOHOUT00052411,,93248377,PO-US-09166,,10-00522E,2026072815,1,,P:90-06831ER:01S:SIE262704384,PO-US-09166 shipped 073026 ASN 93248377 Qty 6240.xlsx,2026-07-30 17:56:34,2026-07-30 17:56:45,2026-07-30 17:56:44
P:10-00522ER:01S:SIE262605893,2026-07-29 17:00:00,SFOHOUT00052411,,93248377,PO-US-09166,,10-00522E,202607292,1,,P:90-06831ER:01S:SIE262811644,PO-US-09166 shipped 073026 ASN 93248377 Qty 6240.xlsx,2026-07-30 17:56:34,2026-07-30 17:56:45,2026-07-30 17:56:44
P:10-00522ER:01S:SIE262605894,2026-07-29 17:00:00,SFOHOUT00052411,,93248377,PO-US-09166,,10-00522E,2026072815,1,,P:90-06831ER:01S:SIE262704390,PO-US-09166 shipped 073026 ASN 93248377 Qty 6240.xlsx,2026-07-30 17:56:34,2026-07-30 17:56:45,2026-07-30 17:56:44
P:10-00522ER:01S:SIE262605895,2026-07-29 17:00:00,SFOHOUT00052411,,93248377,PO-US-09166,,10-00522E,2026072811,1,,P:90-06831ER:01S:SIE262811628,PO-US-09166 shipped 073026 ASN 93248377 Qty 6240.xlsx,2026-07-30 17:56:34,2026-07-30 17:56:45,2026-07-30 17:56:44
P:10-00522ER:01S:SIE262605900,2026-07-29 17:00:00,SFOHOUT00052411,,93248377,PO-US-09166,,10-00522E,2026072811,1,,P:90-06831ER:01S:SIE262811629,PO-US-09166 shipped 073026 ASN 93248377 Qty 6240.xlsx,2026-07-30 17:56:34,2026-07-30 17:56:45,2026-07-30 17:56:44
P:10-00522ER:01S:SIE262605901,2026-07-30 17:00:00,SFOHOUT00052412,,93248460,PO-US-09166,,10-00522E,2026073027,1,,P:90-06831ER:01S:SIE263009557,PO-US-08015 shipped 073126 ASN 93248292 Qty 240 POUS08933 A8401 Q324 POUS08008 A8402 Q110 POUS08625 A8452 Q270 POUS08013 A8453 Q13 POUS09054 A8454 Q50 POUS08885 A93248457 Q10 POUS09166 A93248460 Q2400.xlsx,2026-07-31 17:45:36,2026-07-31 17:45:43,2026-07-31 17:45:43
P:10-00522ER:01S:SIE262605906,2026-07-29 17:00:00,SFOHOUT00052411,,93248377,PO-US-09166,,10-00522E,202607288,1,,P:90-06831ER:01S:SIE262704410,PO-US-09166 shipped 073026 ASN 93248377 Qty 6240.xlsx,2026-07-30 17:56:34,2026-07-30 17:56:45,2026-07-30 17:56:44
P:10-00522ER:01S:SIE262605907,2026-07-29 17:00:00,SFOHOUT00052411,,93248377,PO-US-09166,,10-00522E,2026072817,1,,P:90-06831ER:01S:SIE262704434,PO-US-09166 shipped 073026 ASN 93248377 Qty 6240.xlsx,2026-07-30 17:56:34,2026-07-30 17:56:45,2026-07-30 17:56:44
P:10-00522ER:01S:SIE262605908,2026-07-29 17:00:00,SFOHOUT00052411,,93248377,PO-US-09166,,10-00522E,2026072817,1,,P:90-06831ER:01S:SIE262704434,PO-US-09166 shipped 073026 ASN 93248377 Qty 6240.xlsx,2026-07-30 17:56:34,2026-07-30 17:56:45,2026-07-30 17:56:44
P:10-00522ER:01S:SIE262605913,2026-07-29 17:00:00,SFOHOUT00052411,,93248377,PO-US-09166,,10-00522E,202607288,1,,P:90-06831ER:01S:SIE262704408,PO-US-09166 shipped 073026 ASN 93248377 Qty 6240.xlsx,2026-07-30 17:56:34,2026-07-30 17:56:45,2026-07-30 17:56:44
P:10-00522ER:01S:SIE262605914,2026-07-29 17:00:00,SFOHOUT00052411,,93248377,PO-US-09166,,10-00522E,202607292,1,,P:90-06831ER:01S:SIE262811646,PO-US-09166 shipped 073026 ASN 93248377 Qty 6240.xlsx,2026-07-30 17:56:34,2026-07-30 17:56:45,2026-07-30 17:56:44
P:10-00522ER:01S:SIE262605919,2026-07-29 17:00:00,SFOHOUT00052411,,93248377,PO-US-09166,,10-00522E,202607288,1,,P:90-06831ER:01S:SIE262704408,PO-US-09166 shipped 073026 ASN 93248377 Qty 6240.xlsx,2026-07-30 17:56:34,2026-07-30 17:56:45,2026-07-30 17:56:44
P:10-00522ER:01S:SIE262605920,2026-07-29 17:00:00,SFOHOUT00052411,,93248377,PO-US-09166,,10-00522E,202607292,1,,P:90-06831ER:01S:SIE262811645,PO-US-09166 shipped 073026 ASN 93248377 Qty 6240.xlsx,2026-07-30 17:56:34,2026-07-30 17:56:45,2026-07-30 17:56:44
P:10-00522ER:01S:SIE262605922,2026-07-29 17:00:00,SFOHOUT00052411,,93248377,PO-US-09166,,10-00522E,202607289,1,,P:90-06831ER:01S:SIE262704459,PO-US-09166 shipped 073026 ASN 93248377 Qty 6240.xlsx,2026-07-30 17:56:34,2026-07-30 17:56:45,2026-07-30 17:56:44
P:10-00522ER:01S:SIE262605927,2026-07-29 17:00:00,SFOHOUT00052411,,93248377,PO-US-09166,,10-00522E,2026072817,1,,P:90-06831ER:01S:SIE262811611,PO-US-09166 shipped 073026 ASN 93248377 Qty 6240.xlsx,2026-07-30 17:56:34,2026-07-30 17:56:45,2026-07-30 17:56:44
P:10-00522ER:01S:SIE262605928,2026-07-29 17:00:00,SFOHOUT00052411,,93248377,PO-US-09166,,10-00522E,2026072814,1,,P:90-06831ER:01S:SIE262704378,PO-US-09166 shipped 073026 ASN 93248377 Qty 6240.xlsx,2026-07-30 17:56:34,2026-07-30 17:56:45,2026-07-30 17:56:44
P:10-00522ER:01S:SIE262605929,2026-07-29 17:00:00,SFOHOUT00052411,,93248377,PO-US-09166,,10-00522E,202607283,1,,P:90-06831ER:01S:SIE262704393,PO-US-09166 shipped 073026 ASN 93248377 Qty 6240.xlsx,2026-07-30 17:56:34,2026-07-30 17:56:45,2026-07-30 17:56:44
P:10-00522ER:01S:SIE262605931,2026-07-29 17:00:00,SFOHOUT00052411,,93248377,PO-US-09166,,10-00522E,202607292,1,,P:90-06831ER:01S:SIE262811640,PO-US-09166 shipped 073026 ASN 93248377 Qty 6240.xlsx,2026-07-30 17:56:34,2026-07-30 17:56:45,2026-07-30 17:56:44
P:10-00522ER:01S:SIE262605932,2026-07-29 17:00:00,SFOHOUT00052411,,93248377,PO-US-09166,,10-00522E,2026072814,1,,P:90-06831ER:01S:SIE262704378,PO-US-09166 shipped 073026 ASN 93248377 Qty 6240.xlsx,2026-07-30 17:56:34,2026-07-30 17:56:45,2026-07-30 17:56:44
P:10-00522ER:01S:SIE262605933,2026-07-29 17:00:00,SFOHOUT00052411,,93248377,PO-US-09166,,10-00522E,2026072814,1,,P:90-06831ER:01S:SIE262704376,PO-US-09166 shipped 073026 ASN 93248377 Qty 6240.xlsx,2026-07-30 17:56:34,2026-07-30 17:56:45,2026-07-30 17:56:44
P:10-00522ER:01S:SIE262605937,2026-07-29 17:00:00,SFOHOUT00052411,,93248377,PO-US-09166,,10-00522E,2026072814,1,,P:90-06831ER:01S:SIE262704375,PO-US-09166 shipped 073026 ASN 93248377 Qty 6240.xlsx,2026-07-30 17:56:34,2026-07-30 17:56:45,2026-07-30 17:56:44
P:10-00522ER:01S:SIE262605938,2026-07-29 17:00:00,SFOHOUT00052411,,93248377,PO-US-09166,,10-00522E,202607289,1,,P:90-06831ER:01S:SIE262704459,PO-US-09166 shipped 073026 ASN 93248377 Qty 6240.xlsx,2026-07-30 17:56:34,2026-07-30 17:56:45,2026-07-30 17:56:44
P:10-00522ER:01S:SIE262605940,2026-07-29 17:00:00,SFOHOUT00052411,,93248377,PO-US-09166,,10-00522E,2026072814,1,,P:90-06831ER:01S:SIE262704374,PO-US-09166 shipped 073026 ASN 93248377 Qty 6240.xlsx,2026-07-30 17:56:34,2026-07-30 17:56:45,2026-07-30 17:56:44
P:10-00522ER:01S:SIE262605942,2026-07-29 17:00:00,SFOHOUT00052411,,93248377,PO-US-09166,,10-00522E,2026072814,1,,P:90-06831ER:01S:SIE262704377,PO-US-09166 shipped 073026 ASN 93248377 Qty 6240.xlsx,2026-07-30 17:56:34,2026-07-30 17:56:45,2026-07-30 17:56:44
P:10-00522ER:01S:SIE262605944,2026-07-29 17:00:00,SFOHOUT00052411,,93248377,PO-US-09166,,10-00522E,2026072814,1,,P:90-06831ER:01S:SIE262704377,PO-US-09166 shipped 073026 ASN 93248377 Qty 6240.xlsx,2026-07-30 17:56:34,2026-07-30 17:56:45,2026-07-30 17:56:44
P:10-00522ER:01S:SIE262605945,2026-07-29 17:00:00,SFOHOUT00052411,,93248377,PO-US-09166,,10-00522E,2026072814,1,,P:90-06831ER:01S:SIE262704378,PO-US-09166 shipped 073026 ASN 93248377 Qty 6240.xlsx,2026-07-30 17:56:34,2026-07-30 17:56:45,2026-07-30 17:56:44
P:10-00522ER:01S:SIE262605946,2026-07-29 17:00:00,SFOHOUT00052411,,93248377,PO-US-09166,,10-00522E,2026072814,1,,P:90-06831ER:01S:SIE262704378,PO-US-09166 shipped 073026 ASN 93248377 Qty 6240.xlsx,2026-07-30 17:56:34,2026-07-30 17:56:45,2026-07-30 17:56:44
P:10-00522ER:01S:SIE262605949,2026-07-29 17:00:00,SFOHOUT00052411,,93248377,PO-US-09166,,10-00522E,2026072813,1,,P:90-06831ER:01S:SIE262704353,PO-US-09166 shipped 073026 ASN 93248377 Qty 6240.xlsx,2026-07-30 17:56:34,2026-07-30 17:56:45,2026-07-30 17:56:44
P:10-00522ER:01S:SIE262605951,2026-07-29 17:00:00,SFOHOUT00052411,,93248377,PO-US-09166,,10-00522E,202607284,1,,P:90-06831ER:01S:SIE262704422,PO-US-09166 shipped 073026 ASN 93248377 Qty 6240.xlsx,2026-07-30 17:56:34,2026-07-30 17:56:45,2026-07-30 17:56:44
P:10-00522ER:01S:SIE262605952,2026-07-29 17:00:00,SFOHOUT00052411,,93248377,PO-US-09166,,10-00522E,2026072814,1,,P:90-06831ER:01S:SIE262704377,PO-US-09166 shipped 073026 ASN 93248377 Qty 6240.xlsx,2026-07-30 17:56:34,2026-07-30 17:56:45,2026-07-30 17:56:44
P:10-00522ER:01S:SIE262605953,2026-07-29 17:00:00,SFOHOUT00052411,,93248377,PO-US-09166,,10-00522E,2026072814,1,,P:90-06831ER:01S:SIE262704378,PO-US-09166 shipped 073026 ASN 93248377 Qty 6240.xlsx,2026-07-30 17:56:34,2026-07-30 17:56:45,2026-07-30 17:56:44
P:10-00522ER:01S:SIE262605956,2026-07-29 17:00:00,SFOHOUT00052411,,93248377,PO-US-09166,,10-00522E,2026072814,1,,P:90-06831ER:01S:SIE262704372,PO-US-09166 shipped 073026 ASN 93248377 Qty 6240.xlsx,2026-07-30 17:56:34,2026-07-30 17:56:45,2026-07-30 17:56:44
P:10-00522ER:01S:SIE262605957,2026-07-29 17:00:00,SFOHOUT00052411,,93248377,PO-US-09166,,10-00522E,2026072814,1,,P:90-06831ER:01S:SIE262704374,PO-US-09166 shipped 073026 ASN 93248377 Qty 6240.xlsx,2026-07-30 17:56:34,2026-07-30 17:56:45,2026-07-30 17:56:44
P:10-00522ER:01S:SIE262605958,2026-07-29 17:00:00,SFOHOUT00052411,,93248377,PO-US-09166,,10-00522E,202607287,1,,P:90-06831ER:01S:SIE262811685,PO-US-09166 shipped 073026 ASN 93248377 Qty 6240.xlsx,2026-07-30 17:56:34,2026-07-30 17:56:45,2026-07-30 17:56:44
P:10-00522ER:01S:SIE262605960,2026-07-29 17:00:00,SFOHOUT00052411,,93248377,PO-US-09166,,10-00522E,2026072811,1,,P:90-06831ER:01S:SIE262811616,PO-US-09166 shipped 073026 ASN 93248377 Qty 6240.xlsx,2026-07-30 17:56:34,2026-07-30 17:56:45,2026-07-30 17:56:44
P:10-00522ER:01S:SIE262605961,2026-07-29 17:00:00,SFOHOUT00052411,,93248377,PO-US-09166,,10-00522E,2026072811,1,,P:90-06831ER:01S:SIE262811616,PO-US-09166 shipped 073026 ASN 93248377 Qty 6240.xlsx,2026-07-30 17:56:34,2026-07-30 17:56:45,2026-07-30 17:56:44
P:10-00522ER:01S:SIE262605964,2026-07-29 17:00:00,SFOHOUT00052411,,93248377,PO-US-09166,,10-00522E,202607288,1,,P:90-06831ER:01S:SIE262704410,PO-US-09166 shipped 073026 ASN 93248377 Qty 6240.xlsx,2026-07-30 17:56:34,2026-07-30 17:56:45,2026-07-30 17:56:44
P:10-00522ER:01S:SIE262605968,2026-07-29 17:00:00,SFOHOUT00052411,,93248377,PO-US-09166,,10-00522E,2026072814,1,,P:90-06831ER:01S:SIE262704376,PO-US-09166 shipped 073026 ASN 93248377 Qty 6240.xlsx,2026-07-30 17:56:34,2026-07-30 17:56:45,2026-07-30 17:56:44
P:10-00522ER:01S:SIE262605970,2026-07-29 17:00:00,SFOHOUT00052411,,93248377,PO-US-09166,,10-00522E,202607283,1,,P:90-06831ER:01S:SIE262704398,PO-US-09166 shipped 073026 ASN 93248377 Qty 6240.xlsx,2026-07-30 17:56:34,2026-07-30 17:56:45,2026-07-30 17:56:44
P:10-00522ER:01S:SIE262605971,2026-07-29 17:00:00,SFOHOUT00052411,,93248377,PO-US-09166,,10-00522E,2026072814,1,,P:90-06831ER:01S:SIE262704376,PO-US-09166 shipped 073026 ASN 93248377 Qty 6240.xlsx,2026-07-30 17:56:34,2026-07-30 17:56:45,2026-07-30 17:56:44
P:10-00522ER:01S:SIE262605973,2026-07-29 17:00:00,SFOHOUT00052411,,93248377,PO-US-09166,,10-00522E,2026072815,1,,P:90-06831ER:01S:SIE262704397,PO-US-09166 shipped 073026 ASN 93248377 Qty 6240.xlsx,2026-07-30 17:56:34,2026-07-30 17:56:45,2026-07-30 17:56:44
P:10-00522ER:01S:SIE262605979,2026-07-29 17:00:00,SFOHOUT00052411,,93248377,PO-US-09166,,10-00522E,2026072811,1,,P:90-06831ER:01S:SIE262811628,PO-US-09166 shipped 073026 ASN 93248377 Qty 6240.xlsx,2026-07-30 17:56:34,2026-07-30 17:56:45,2026-07-30 17:56:44
P:10-00522ER:01S:SIE262605980,2026-07-29 17:00:00,SFOHOUT00052411,,93248377,PO-US-09166,,10-00522E,2026072813,1,,P:90-06831ER:01S:SIE262704353,PO-US-09166 shipped 073026 ASN 93248377 Qty 6240.xlsx,2026-07-30 17:56:34,2026-07-30 17:56:45,2026-07-30 17:56:44
P:10-00522ER:01S:SIE262605981,2026-07-29 17:00:00,SFOHOUT00052411,,93248377,PO-US-09166,,10-00522E,2026072811,1,,P:90-06831ER:01S:SIE262811628,PO-US-09166 shipped 073026 ASN 93248377 Qty 6240.xlsx,2026-07-30 17:56:34,2026-07-30 17:56:45,2026-07-30 17:56:44
P:10-00522ER:01S:SIE262605982,2026-07-29 17:00:00,SFOHOUT00052411,,93248377,PO-US-09166,,10-00522E,2026072814,1,,P:90-06831ER:01S:SIE262704377,PO-US-09166 shipped 073026 ASN 93248377 Qty 6240.xlsx,2026-07-30 17:56:34,2026-07-30 17:56:45,2026-07-30 17:56:44
P:10-00522ER:01S:SIE262605983,2026-07-29 17:00:00,SFOHOUT00052411,,93248377,PO-US-09166,,10-00522E,2026072814,1,,P:90-06831ER:01S:SIE262704375,PO-US-09166 shipped 073026 ASN 93248377 Qty 6240.xlsx,2026-07-30 17:56:34,2026-07-30 17:56:45,2026-07-30 17:56:44
P:10-00522ER:01S:SIE262605985,2026-07-29 17:00:00,SFOHOUT00052411,,93248377,PO-US-09166,,10-00522E,202607283,1,,P:90-06831ER:01S:SIE262704398,PO-US-09166 shipped 073026 ASN 93248377 Qty 6240.xlsx,2026-07-30 17:56:34,2026-07-30 17:56:45,2026-07-30 17:56:44
P:10-00522ER:01S:SIE262605987,2026-07-29 17:00:00,SFOHOUT00052411,,93248377,PO-US-09166,,10-00522E,202607288,1,,P:90-06831ER:01S:SIE262704407,PO-US-09166 shipped 073026 ASN 93248377 Qty 6240.xlsx,2026-07-30 17:56:34,2026-07-30 17:56:45,2026-07-30 17:56:44
P:10-00522ER:01S:SIE262605988,2026-07-29 17:00:00,SFOHOUT00052411,,93248377,PO-US-09166,,10-00522E,202607283,1,,P:90-06831ER:01S:SIE262704388,PO-US-09166 shipped 073026 ASN 93248377 Qty 6240.xlsx,2026-07-30 17:56:34,2026-07-30 17:56:45,2026-07-30 17:56:44
P:10-00522ER:01S:SIE262605989,2026-07-29 17:00:00,SFOHOUT00052411,,93248377,PO-US-09166,,10-00522E,2026072814,1,,P:90-06831ER:01S:SIE262704379,PO-US-09166 shipped 073026 ASN 93248377 Qty 6240.xlsx,2026-07-30 17:56:34,2026-07-30 17:56:45,2026-07-30 17:56:44
P:10-00522ER:01S:SIE262605990,2026-07-29 17:00:00,SFOHOUT00052411,,93248377,PO-US-09166,,10-00522E,2026072815,1,,P:90-06831ER:01S:SIE262704387,PO-US-09166 shipped 073026 ASN 93248377 Qty 6240.xlsx,2026-07-30 17:56:34,2026-07-30 17:56:45,2026-07-30 17:56:44
P:10-00522ER:01S:SIE262605992,2026-07-29 17:00:00,SFOHOUT00052411,,93248377,PO-US-09166,,10-00522E,2026072813,1,,P:90-06831ER:01S:SIE262704353,PO-US-09166 shipped 073026 ASN 93248377 Qty 6240.xlsx,2026-07-30 17:56:34,2026-07-30 17:56:45,2026-07-30 17:56:44
P:10-00522ER:01S:SIE262605996,2026-07-29 17:00:00,SFOHOUT00052411,,93248377,PO-US-09166,,10-00522E,2026072814,1,,P:90-06831ER:01S:SIE262704376,PO-US-09166 shipped 073026 ASN 93248377 Qty 6240.xlsx,2026-07-30 17:56:34,2026-07-30 17:56:45,2026-07-30 17:56:44
P:10-00522ER:01S:SIE262605997,2026-07-29 17:00:00,SFOHOUT00052411,,93248377,PO-US-09166,,10-00522E,2026072814,1,,P:90-06831ER:01S:SIE262704375,PO-US-09166 shipped 073026 ASN 93248377 Qty 6240.xlsx,2026-07-30 17:56:34,2026-07-30 17:56:45,2026-07-30 17:56:44
P:10-00522ER:01S:SIE262605999,2026-07-29 17:00:00,SFOHOUT00052411,,93248377,PO-US-09166,,10-00522E,202607289,1,,P:90-06831ER:01S:SIE262704459,PO-US-09166 shipped 073026 ASN 93248377 Qty 6240.xlsx,2026-07-30 17:56:34,2026-07-30 17:56:45,2026-07-30 17:56:44
P:10-00522ER:01S:SIE262606000,2026-07-29 17:00:00,SFOHOUT00052411,,93248377,PO-US-09166,,10-00522E,202607283,1,,P:90-06831ER:01S:SIE262704398,PO-US-09166 shipped 073026 ASN 93248377 Qty 6240.xlsx,2026-07-30 17:56:34,2026-07-30 17:56:45,2026-07-30 17:56:44
P:10-00522ER:01S:SIE262606001,2026-07-29 17:00:00,SFOHOUT00052411,,93248377,PO-US-09166,,10-00522E,2026072815,1,,P:90-06831ER:01S:SIE262704386,PO-US-09166 shipped 073026 ASN 93248377 Qty 6240.xlsx,2026-07-30 17:56:34,2026-07-30 17:56:45,2026-07-30 17:56:44
P:10-00522ER:01S:SIE262606002,2026-07-29 17:00:00,SFOHOUT00052411,,93248377,PO-US-09166,,10-00522E,2026072814,1,,P:90-06831ER:01S:SIE262704372,PO-US-09166 shipped 073026 ASN 93248377 Qty 6240.xlsx,2026-07-30 17:56:34,2026-07-30 17:56:45,2026-07-30 17:56:44
P:10-00522ER:01S:SIE262606006,2026-07-29 17:00:00,SFOHOUT00052411,,93248377,PO-US-09166,,10-00522E,202607283,1,,P:90-06831ER:01S:SIE262704382,PO-US-09166 shipped 073026 ASN 93248377 Qty 6240.xlsx,2026-07-30 17:56:34,2026-07-30 17:56:45,2026-07-30 17:56:44
P:10-00522ER:01S:SIE262606007,2026-07-29 17:00:00,SFOHOUT00052411,,93248377,PO-US-09166,,10-00522E,202607289,1,,P:90-06831ER:01S:SIE262704459,PO-US-09166 shipped 073026 ASN 93248377 Qty 6240.xlsx,2026-07-30 17:56:34,2026-07-30 17:56:45,2026-07-30 17:56:44
P:10-00522ER:01S:SIE262606008,2026-07-29 17:00:00,SFOHOUT00052411,,93248377,PO-US-09166,,10-00522E,2026072814,1,,P:90-06831ER:01S:SIE262704375,PO-US-09166 shipped 073026 ASN 93248377 Qty 6240.xlsx,2026-07-30 17:56:34,2026-07-30 17:56:45,2026-07-30 17:56:44
P:10-00522ER:01S:SIE262606010,2026-07-29 17:00:00,SFOHOUT00052411,,93248377,PO-US-09166,,10-00522E,2026072814,1,,P:90-06831ER:01S:SIE262704375,PO-US-09166 shipped 073026 ASN 93248377 Qty 6240.xlsx,2026-07-30 17:56:34,2026-07-30 17:56:45,2026-07-30 17:56:44
P:10-00522ER:01S:SIE262606012,2026-07-29 17:00:00,SFOHOUT00052411,,93248377,PO-US-09166,,10-00522E,202607283,1,,P:90-06831ER:01S:SIE262704398,PO-US-09166 shipped 073026 ASN 93248377 Qty 6240.xlsx,2026-07-30 17:56:34,2026-07-30 17:56:45,2026-07-30 17:56:44
P:10-00522ER:01S:SIE262606013,2026-07-29 17:00:00,SFOHOUT00052411,,93248377,PO-US-09166,,10-00522E,2026072814,1,,P:90-06831ER:01S:SIE262704376,PO-US-09166 shipped 073026 ASN 93248377 Qty 6240.xlsx,2026-07-30 17:56:34,2026-07-30 17:56:45,2026-07-30 17:56:44
P:10-00522ER:01S:SIE262606014,2026-07-29 17:00:00,SFOHOUT00052411,,93248377,PO-US-09166,,10-00522E,202607283,1,,P:90-06831ER:01S:SIE262704388,PO-US-09166 shipped 073026 ASN 93248377 Qty 6240.xlsx,2026-07-30 17:56:34,2026-07-30 17:56:45,2026-07-30 17:56:44
P:10-00522ER:01S:SIE262606016,2026-07-29 17:00:00,SFOHOUT00052411,,93248377,PO-US-09166,,10-00522E,202607283,1,,P:90-06831ER:01S:SIE262704396,PO-US-09166 shipped 073026 ASN 93248377 Qty 6240.xlsx,2026-07-30 17:56:34,2026-07-30 17:56:45,2026-07-30 17:56:44
P:10-00522ER:01S:SIE262606017,2026-07-29 17:00:00,SFOHOUT00052411,,93248377,PO-US-09166,,10-00522E,202607283,1,,P:90-06831ER:01S:SIE262704460,PO-US-09166 shipped 073026 ASN 93248377 Qty 6240.xlsx,2026-07-30 17:56:34,2026-07-30 17:56:45,2026-07-30 17:56:44
P:10-00522ER:01S:SIE262606023,2026-07-29 17:00:00,SFOHOUT00052411,,93248377,PO-US-09166,,10-00522E,2026072814,1,,P:90-06831ER:01S:SIE262704380,PO-US-09166 shipped 073026 ASN 93248377 Qty 6240.xlsx,2026-07-30 17:56:34,2026-07-30 17:56:45,2026-07-30 17:56:44
P:10-00522ER:01S:SIE262606027,2026-07-29 17:00:00,SFOHOUT00052411,,93248377,PO-US-09166,,10-00522E,202607283,1,,P:90-06831ER:01S:SIE262704396,PO-US-09166 shipped 073026 ASN 93248377 Qty 6240.xlsx,2026-07-30 17:56:34,2026-07-30 17:56:45,2026-07-30 17:56:44
P:10-00522ER:01S:SIE262606028,2026-07-29 17:00:00,SFOHOUT00052411,,93248377,PO-US-09166,,10-00522E,2026072815,1,,P:90-06831ER:01S:SIE262704387,PO-US-09166 shipped 073026 ASN 93248377 Qty 6240.xlsx,2026-07-30 17:56:34,2026-07-30 17:56:45,2026-07-30 17:56:44
P:10-00522ER:01S:SIE262606029,2026-07-29 17:00:00,SFOHOUT00052411,,93248377,PO-US-09166,,10-00522E,2026072814,1,,P:90-06831ER:01S:SIE262704378,PO-US-09166 shipped 073026 ASN 93248377 Qty 6240.xlsx,2026-07-30 17:56:34,2026-07-30 17:56:45,2026-07-30 17:56:44
P:10-00522ER:01S:SIE262606031,2026-07-29 17:00:00,SFOHOUT00052411,,93248377,PO-US-09166,,10-00522E,2026072815,1,,P:90-06831ER:01S:SIE262704383,PO-US-09166 shipped 073026 ASN 93248377 Qty 6240.xlsx,2026-07-30 17:56:34,2026-07-30 17:56:45,2026-07-30 17:56:44
P:10-00522ER:01S:SIE262606032,2026-07-29 17:00:00,SFOHOUT00052411,,93248377,PO-US-09166,,10-00522E,202607283,1,,P:90-06831ER:01S:SIE262704388,PO-US-09166 shipped 073026 ASN 93248377 Qty 6240.xlsx,2026-07-30 17:56:34,2026-07-30 17:56:45,2026-07-30 17:56:44
P:10-00522ER:01S:SIE262606033,2026-07-29 17:00:00,SFOHOUT00052411,,93248377,PO-US-09166,,10-00522E,2026072815,1,,P:90-06831ER:01S:SIE262704397,PO-US-09166 shipped 073026 ASN 93248377 Qty 6240.xlsx,2026-07-30 17:56:34,2026-07-30 17:56:45,2026-07-30 17:56:44
P:10-00522ER:01S:SIE262606034,2026-07-29 17:00:00,SFOHOUT00052411,,93248377,PO-US-09166,,10-00522E,202607283,1,,P:90-06831ER:01S:SIE262704398,PO-US-09166 shipped 073026 ASN 93248377 Qty 6240.xlsx,2026-07-30 17:56:34,2026-07-30 17:56:45,2026-07-30 17:56:44
P:10-00522ER:01S:SIE262606035,2026-07-29 17:00:00,SFOHOUT00052411,,93248377,PO-US-09166,,10-00522E,2026072815,1,,P:90-06831ER:01S:SIE262704397,PO-US-09166 shipped 073026 ASN 93248377 Qty 6240.xlsx,2026-07-30 17:56:34,2026-07-30 17:56:45,2026-07-30 17:56:44
P:10-00522ER:01S:SIE262606036,2026-07-29 17:00:00,SFOHOUT00052411,,93248377,PO-US-09166,,10-00522E,202607283,1,,P:90-06831ER:01S:SIE262704460,PO-US-09166 shipped 073026 ASN 93248377 Qty 6240.xlsx,2026-07-30 17:56:34,2026-07-30 17:56:45,2026-07-30 17:56:44
P:10-00522ER:01S:SIE262606038,2026-07-29 17:00:00,SFOHOUT00052411,,93248377,PO-US-09166,,10-00522E,2026072815,1,,P:90-06831ER:01S:SIE262704384,PO-US-09166 shipped 073026 ASN 93248377 Qty 6240.xlsx,2026-07-30 17:56:34,2026-07-30 17:56:45,2026-07-30 17:56:44
P:10-00522ER:01S:SIE262606040,2026-07-29 17:00:00,SFOHOUT00052411,,93248377,PO-US-09166,,10-00522E,2026072815,1,,P:90-06831ER:01S:SIE262704397,PO-US-09166 shipped 073026 ASN 93248377 Qty 6240.xlsx,2026-07-30 17:56:34,2026-07-30 17:56:45,2026-07-30 17:56:44
P:10-00522ER:01S:SIE262606041,2026-07-29 17:00:00,SFOHOUT00052411,,93248377,PO-US-09166,,10-00522E,2026072814,1,,P:90-06831ER:01S:SIE262704378,PO-US-09166 shipped 073026 ASN 93248377 Qty 6240.xlsx,2026-07-30 17:56:34,2026-07-30 17:56:45,2026-07-30 17:56:44
P:10-00522ER:01S:SIE262606043,2026-07-29 17:00:00,SFOHOUT00052411,,93248377,PO-US-09166,,10-00522E,202607282,1,,P:90-06831ER:01S:SIE262704433,PO-US-09166 shipped 073026 ASN 93248377 Qty 6240.xlsx,2026-07-30 17:56:34,2026-07-30 17:56:45,2026-07-30 17:56:44
P:10-00522ER:01S:SIE262606044,2026-07-29 17:00:00,SFOHOUT00052411,,93248377,PO-US-09166,,10-00522E,202607292,1,,P:90-06831ER:01S:SIE262811643,PO-US-09166 shipped 073026 ASN 93248377 Qty 6240.xlsx,2026-07-30 17:56:34,2026-07-30 17:56:45,2026-07-30 17:56:44
P:10-00522ER:01S:SIE262606045,2026-07-29 17:00:00,SFOHOUT00052411,,93248377,PO-US-09166,,10-00522E,202607288,1,,P:90-06831ER:01S:SIE262704411,PO-US-09166 shipped 073026 ASN 93248377 Qty 6240.xlsx,2026-07-30 17:56:34,2026-07-30 17:56:45,2026-07-30 17:56:44
P:10-00522ER:01S:SIE262606049,2026-07-29 17:00:00,SFOHOUT00052411,,93248377,PO-US-09166,,10-00522E,202607283,1,,P:90-06831ER:01S:SIE262704398,PO-US-09166 shipped 073026 ASN 93248377 Qty 6240.xlsx,2026-07-30 17:56:34,2026-07-30 17:56:45,2026-07-30 17:56:44
P:10-00522ER:01S:SIE262606051,2026-07-29 17:00:00,SFOHOUT00052411,,93248377,PO-US-09166,,10-00522E,2026072811,1,,P:90-06831ER:01S:SIE262811629,PO-US-09166 shipped 073026 ASN 93248377 Qty 6240.xlsx,2026-07-30 17:56:34,2026-07-30 17:56:45,2026-07-30 17:56:44
P:10-00522ER:01S:SIE262606053,2026-07-29 17:00:00,SFOHOUT00052411,,93248377,PO-US-09166,,10-00522E,202607288,1,,P:90-06831ER:01S:SIE262704407,PO-US-09166 shipped 073026 ASN 93248377 Qty 6240.xlsx,2026-07-30 17:56:34,2026-07-30 17:56:45,2026-07-30 17:56:44
P:10-00522ER:01S:SIE262606055,2026-07-29 17:00:00,SFOHOUT00052411,,93248377,PO-US-09166,,10-00522E,2026072814,1,,P:90-06831ER:01S:SIE262704380,PO-US-09166 shipped 073026 ASN 93248377 Qty 6240.xlsx,2026-07-30 17:56:34,2026-07-30 17:56:45,2026-07-30 17:56:44
P:10-00522ER:01S:SIE262606060,2026-07-29 17:00:00,SFOHOUT00052411,,93248377,PO-US-09166,,10-00522E,2026072814,1,,P:90-06831ER:01S:SIE262704377,PO-US-09166 shipped 073026 ASN 93248377 Qty 6240.xlsx,2026-07-30 17:56:34,2026-07-30 17:56:45,2026-07-30 17:56:44
P:10-00522ER:01S:SIE262606061,2026-07-29 17:00:00,SFOHOUT00052411,,93248377,PO-US-09166,,10-00522E,202607292,1,,P:90-06831ER:01S:SIE262811643,PO-US-09166 shipped 073026 ASN 93248377 Qty 6240.xlsx,2026-07-30 17:56:34,2026-07-30 17:56:45,2026-07-30 17:56:44
P:10-00522ER:01S:SIE262606062,2026-07-29 17:00:00,SFOHOUT00052411,,93248377,PO-US-09166,,10-00522E,2026072815,1,,P:90-06831ER:01S:SIE262704390,PO-US-09166 shipped 073026 ASN 93248377 Qty 6240.xlsx,2026-07-30 17:56:34,2026-07-30 17:56:45,2026-07-30 17:56:44
P:10-00522ER:01S:SIE262606063,2026-07-29 17:00:00,SFOHOUT00052411,,93248377,PO-US-09166,,10-00522E,2026072811,1,,P:90-06831ER:01S:SIE262811630,PO-US-09166 shipped 073026 ASN 93248377 Qty 6240.xlsx,2026-07-30 17:56:34,2026-07-30 17:56:45,2026-07-30 17:56:44
P:10-00522ER:01S:SIE262606064,2026-07-29 17:00:00,SFOHOUT00052411,,93248377,PO-US-09166,,10-00522E,2026072814,1,,P:90-06831ER:01S:SIE262704375,PO-US-09166 shipped 073026 ASN 93248377 Qty 6240.xlsx,2026-07-30 17:56:34,2026-07-30 17:56:45,2026-07-30 17:56:44
P:10-00522ER:01S:SIE262606066,2026-07-29 17:00:00,SFOHOUT00052411,,93248377,PO-US-09166,,10-00522E,2026072811,1,,P:90-06831ER:01S:SIE262811629,PO-US-09166 shipped 073026 ASN 93248377 Qty 6240.xlsx,2026-07-30 17:56:34,2026-07-30 17:56:45,2026-07-30 17:56:44
P:10-00522ER:01S:SIE262606069,2026-07-29 17:00:00,SFOHOUT00052411,,93248377,PO-US-09166,,10-00522E,202607283,1,,P:90-06831ER:01S:SIE262704398,PO-US-09166 shipped 073026 ASN 93248377 Qty 6240.xlsx,2026-07-30 17:56:34,2026-07-30 17:56:45,2026-07-30 17:56:44
P:10-00522ER:01S:SIE262606070,2026-07-29 17:00:00,SFOHOUT00052411,,93248377,PO-US-09166,,10-00522E,2026072814,1,,P:90-06831ER:01S:SIE262704376,PO-US-09166 shipped 073026 ASN 93248377 Qty 6240.xlsx,2026-07-30 17:56:34,2026-07-30 17:56:45,2026-07-30 17:56:44
P:10-00522ER:01S:SIE262606071,2026-07-29 17:00:00,SFOHOUT00052411,,93248377,PO-US-09166,,10-00522E,202607289,1,,P:90-06831ER:01S:SIE262704459,PO-US-09166 shipped 073026 ASN 93248377 Qty 6240.xlsx,2026-07-30 17:56:34,2026-07-30 17:56:45,2026-07-30 17:56:44
P:10-00522ER:01S:SIE262606075,2026-07-29 17:00:00,SFOHOUT00052411,,93248377,PO-US-09166,,10-00522E,202607284,1,,P:90-06831ER:01S:SIE262704415,PO-US-09166 shipped 073026 ASN 93248377 Qty 6240.xlsx,2026-07-30 17:56:34,2026-07-30 17:56:45,2026-07-30 17:56:44
P:10-00522ER:01S:SIE262606078,2026-07-29 17:00:00,SFOHOUT00052411,,93248377,PO-US-09166,,10-00522E,202607286,1,,P:90-06831ER:01S:SIE262811694,PO-US-09166 shipped 073026 ASN 93248377 Qty 6240.xlsx,2026-07-30 17:56:34,2026-07-30 17:56:45,2026-07-30 17:56:44
P:10-00522ER:01S:SIE262606085,2026-07-29 17:00:00,SFOHOUT00052411,,93248377,PO-US-09166,,10-00522E,202607282,1,,P:90-06831ER:01S:SIE262704433,PO-US-09166 shipped 073026 ASN 93248377 Qty 6240.xlsx,2026-07-30 17:56:34,2026-07-30 17:56:45,2026-07-30 17:56:44
P:10-00522ER:01S:SIE262606086,2026-07-29 17:00:00,SFOHOUT00052411,,93248377,PO-US-09166,,10-00522E,2026072814,1,,P:90-06831ER:01S:SIE262704376,PO-US-09166 shipped 073026 ASN 93248377 Qty 6240.xlsx,2026-07-30 17:56:34,2026-07-30 17:56:45,2026-07-30 17:56:44
P:10-00522ER:01S:SIE262606089,2026-07-29 17:00:00,SFOHOUT00052411,,93248377,PO-US-09166,,10-00522E,2026072814,1,,P:90-06831ER:01S:SIE262704377,PO-US-09166 shipped 073026 ASN 93248377 Qty 6240.xlsx,2026-07-30 17:56:34,2026-07-30 17:56:45,2026-07-30 17:56:44
P:10-00522ER:01S:SIE262606091,2026-07-29 17:00:00,SFOHOUT00052411,,93248377,PO-US-09166,,10-00522E,2026072814,1,,P:90-06831ER:01S:SIE262704375,PO-US-09166 shipped 073026 ASN 93248377 Qty 6240.xlsx,2026-07-30 17:56:34,2026-07-30 17:56:45,2026-07-30 17:56:44
P:10-00522ER:01S:SIE262606092,2026-08-13 17:00:00,SFOHOUT00052859,,93248589,PO-US-09166,,10-00522E,2026081223,1,,P:90-06831ER:01S:SIE263009712,PO-US-09054 shipped 081426 ASN 93248585 Qty 63 PO-US-08933 A93248586 Q108 PO-US-089323 A93248587 Q105 PO-US-08888 A93248588 Q75 PO-US-09166 A93248589 Q2400 PO-US-08008 A93248609 Q15.xlsx,2026-08-14 18:01:52,2026-08-14 18:01:59,2026-08-14 18:01:58
P:10-00522ER:01S:SIE262606097,2026-07-29 17:00:00,SFOHOUT00052411,,93248377,PO-US-09166,,10-00522E,2026072815,1,,P:90-06831ER:01S:SIE262704385,PO-US-09166 shipped 073026 ASN 93248377 Qty 6240.xlsx,2026-07-30 17:56:34,2026-07-30 17:56:45,2026-07-30 17:56:44
P:10-00522ER:01S:SIE262606098,2026-07-29 17:00:00,SFOHOUT00052411,,93248377,PO-US-09166,,10-00522E,2026072817,1,,P:90-06831ER:01S:SIE262704434,PO-US-09166 shipped 073026 ASN 93248377 Qty 6240.xlsx,2026-07-30 17:56:34,2026-07-30 17:56:45,2026-07-30 17:56:44
P:10-00522ER:01S:SIE262606099,2026-07-29 17:00:00,SFOHOUT00052411,,93248377,PO-US-09166,,10-00522E,2026072815,1,,P:90-06831ER:01S:SIE262704384,PO-US-09166 shipped 073026 ASN 93248377 Qty 6240.xlsx,2026-07-30 17:56:34,2026-07-30 17:56:45,2026-07-30 17:56:44
P:10-00522ER:01S:SIE262606103,2026-07-29 17:00:00,SFOHOUT00052411,,93248377,PO-US-09166,,10-00522E,202607288,1,,P:90-06831ER:01S:SIE262704407,PO-US-09166 shipped 073026 ASN 93248377 Qty 6240.xlsx,2026-07-30 17:56:34,2026-07-30 17:56:45,2026-07-30 17:56:44
P:10-00522ER:01S:SIE262606106,2026-07-29 17:00:00,SFOHOUT00052411,,93248377,PO-US-09166,,10-00522E,2026072814,1,,P:90-06831ER:01S:SIE262704377,PO-US-09166 shipped 073026 ASN 93248377 Qty 6240.xlsx,2026-07-30 17:56:34,2026-07-30 17:56:45,2026-07-30 17:56:44
P:10-00522ER:01S:SIE262606110,2026-07-29 17:00:00,SFOHOUT00052411,,93248377,PO-US-09166,,10-00522E,202607288,1,,P:90-06831ER:01S:SIE262704411,PO-US-09166 shipped 073026 ASN 93248377 Qty 6240.xlsx,2026-07-30 17:56:34,2026-07-30 17:56:45,2026-07-30 17:56:44
P:10-00522ER:01S:SIE262606112,2026-07-29 17:00:00,SFOHOUT00052411,,93248377,PO-US-09166,,10-00522E,202607283,1,,P:90-06831ER:01S:SIE262704394,PO-US-09166 shipped 073026 ASN 93248377 Qty 6240.xlsx,2026-07-30 17:56:34,2026-07-30 17:56:45,2026-07-30 17:56:44
P:10-00522ER:01S:SIE262606114,2026-07-29 17:00:00,SFOHOUT00052411,,93248377,PO-US-09166,,10-00522E,202607283,1,,P:90-06831ER:01S:SIE262704394,PO-US-09166 shipped 073026 ASN 93248377 Qty 6240.xlsx,2026-07-30 17:56:34,2026-07-30 17:56:45,2026-07-30 17:56:44
P:10-00522ER:01S:SIE262606115,2026-07-29 17:00:00,SFOHOUT00052411,,93248377,PO-US-09166,,10-00522E,2026072814,1,,P:90-06831ER:01S:SIE262704378,PO-US-09166 shipped 073026 ASN 93248377 Qty 6240.xlsx,2026-07-30 17:56:34,2026-07-30 17:56:45,2026-07-30 17:56:44
P:10-00522ER:01S:SIE262606116,2026-07-29 17:00:00,SFOHOUT00052411,,93248377,PO-US-09166,,10-00522E,2026072814,1,,P:90-06831ER:01S:SIE262704380,PO-US-09166 shipped 073026 ASN 93248377 Qty 6240.xlsx,2026-07-30 17:56:34,2026-07-30 17:56:45,2026-07-30 17:56:44
P:10-00522ER:01S:SIE262606117,2026-07-29 17:00:00,SFOHOUT00052411,,93248377,PO-US-09166,,10-00522E,202607282,1,,P:90-06831ER:01S:SIE262704433,PO-US-09166 shipped 073026 ASN 93248377 Qty 6240.xlsx,2026-07-30 17:56:34,2026-07-30 17:56:45,2026-07-30 17:56:44
P:10-00522ER:01S:SIE262606121,2026-07-29 17:00:00,SFOHOUT00052411,,93248377,PO-US-09166,,10-00522E,202607283,1,,P:90-06831ER:01S:SIE262704388,PO-US-09166 shipped 073026 ASN 93248377 Qty 6240.xlsx,2026-07-30 17:56:34,2026-07-30 17:56:45,2026-07-30 17:56:44
P:10-00522ER:01S:SIE262606122,2026-07-29 17:00:00,SFOHOUT00052411,,93248377,PO-US-09166,,10-00522E,2026072815,1,,P:90-06831ER:01S:SIE262704392,PO-US-09166 shipped 073026 ASN 93248377 Qty 6240.xlsx,2026-07-30 17:56:34,2026-07-30 17:56:45,2026-07-30 17:56:44
P:10-00522ER:01S:SIE262606123,2026-07-29 17:00:00,SFOHOUT00052411,,93248377,PO-US-09166,,10-00522E,202607283,1,,P:90-06831ER:01S:SIE262704394,PO-US-09166 shipped 073026 ASN 93248377 Qty 6240.xlsx,2026-07-30 17:56:34,2026-07-30 17:56:45,2026-07-30 17:56:44
P:10-00522ER:01S:SIE262606124,2026-07-29 17:00:00,SFOHOUT00052411,,93248377,PO-US-09166,,10-00522E,2026072815,1,,P:90-06831ER:01S:SIE262704385,PO-US-09166 shipped 073026 ASN 93248377 Qty 6240.xlsx,2026-07-30 17:56:34,2026-07-30 17:56:45,2026-07-30 17:56:44
P:10-00522ER:01S:SIE262606125,2026-07-29 17:00:00,SFOHOUT00052411,,93248377,PO-US-09166,,10-00522E,202607283,1,,P:90-06831ER:01S:SIE262704393,PO-US-09166 shipped 073026 ASN 93248377 Qty 6240.xlsx,2026-07-30 17:56:34,2026-07-30 17:56:45,2026-07-30 17:56:44
P:10-00522ER:01S:SIE262606126,2026-07-29 17:00:00,SFOHOUT00052411,,93248377,PO-US-09166,,10-00522E,2026072814,1,,P:90-06831ER:01S:SIE262704379,PO-US-09166 shipped 073026 ASN 93248377 Qty 6240.xlsx,2026-07-30 17:56:34,2026-07-30 17:56:45,2026-07-30 17:56:44
P:10-00522ER:01S:SIE262606127,2026-07-29 17:00:00,SFOHOUT00052411,,93248377,PO-US-09166,,10-00522E,2026072815,1,,P:90-06831ER:01S:SIE262704386,PO-US-09166 shipped 073026 ASN 93248377 Qty 6240.xlsx,2026-07-30 17:56:34,2026-07-30 17:56:45,2026-07-30 17:56:44
P:10-00522ER:01S:SIE262606128,2026-07-29 17:00:00,SFOHOUT00052411,,93248377,PO-US-09166,,10-00522E,202607283,1,,P:90-06831ER:01S:SIE262704394,PO-US-09166 shipped 073026 ASN 93248377 Qty 6240.xlsx,2026-07-30 17:56:34,2026-07-30 17:56:45,2026-07-30 17:56:44
P:10-00522ER:01S:SIE262606129,2026-07-29 17:00:00,SFOHOUT00052411,,93248377,PO-US-09166,,10-00522E,202607283,1,,P:90-06831ER:01S:SIE262704394,PO-US-09166 shipped 073026 ASN 93248377 Qty 6240.xlsx,2026-07-30 17:56:34,2026-07-30 17:56:45,2026-07-30 17:56:44
P:10-00522ER:01S:SIE262606130,2026-07-29 17:00:00,SFOHOUT00052411,,93248377,PO-US-09166,,10-00522E,2026072811,1,,P:90-06831ER:01S:SIE262811630,PO-US-09166 shipped 073026 ASN 93248377 Qty 6240.xlsx,2026-07-30 17:56:34,2026-07-30 17:56:45,2026-07-30 17:56:44
P:10-00522ER:01S:SIE262606131,2026-07-29 17:00:00,SFOHOUT00052411,,93248377,PO-US-09166,,10-00522E,2026072815,1,,P:90-06831ER:01S:SIE262704386,PO-US-09166 shipped 073026 ASN 93248377 Qty 6240.xlsx,2026-07-30 17:56:34,2026-07-30 17:56:45,2026-07-30 17:56:44
P:10-00522ER:01S:SIE262606132,2026-07-29 17:00:00,SFOHOUT00052411,,93248377,PO-US-09166,,10-00522E,2026072811,1,,P:90-06831ER:01S:SIE262811628,PO-US-09166 shipped 073026 ASN 93248377 Qty 6240.xlsx,2026-07-30 17:56:34,2026-07-30 17:56:45,2026-07-30 17:56:44
P:10-00522ER:01S:SIE262606133,2026-07-29 17:00:00,SFOHOUT00052411,,93248377,PO-US-09166,,10-00522E,202607283,1,,P:90-06831ER:01S:SIE262704394,PO-US-09166 shipped 073026 ASN 93248377 Qty 6240.xlsx,2026-07-30 17:56:34,2026-07-30 17:56:45,2026-07-30 17:56:44
P:10-00522ER:01S:SIE262606135,2026-07-29 17:00:00,SFOHOUT00052411,,93248377,PO-US-09166,,10-00522E,2026072811,1,,P:90-06831ER:01S:SIE262811616,PO-US-09166 shipped 073026 ASN 93248377 Qty 6240.xlsx,2026-07-30 17:56:34,2026-07-30 17:56:45,2026-07-30 17:56:44
P:10-00522ER:01S:SIE262606136,2026-07-29 17:00:00,SFOHOUT00052411,,93248377,PO-US-09166,,10-00522E,2026072814,1,,P:90-06831ER:01S:SIE262704379,PO-US-09166 shipped 073026 ASN 93248377 Qty 6240.xlsx,2026-07-30 17:56:34,2026-07-30 17:56:45,2026-07-30 17:56:44
P:10-00522ER:01S:SIE262606137,2026-07-29 17:00:00,SFOHOUT00052411,,93248377,PO-US-09166,,10-00522E,2026072814,1,,P:90-06831ER:01S:SIE262704370,PO-US-09166 shipped 073026 ASN 93248377 Qty 6240.xlsx,2026-07-30 17:56:34,2026-07-30 17:56:45,2026-07-30 17:56:44
P:10-00522ER:01S:SIE262606138,2026-07-29 17:00:00,SFOHOUT00052411,,93248377,PO-US-09166,,10-00522E,2026072814,1,,P:90-06831ER:01S:SIE262704380,PO-US-09166 shipped 073026 ASN 93248377 Qty 6240.xlsx,2026-07-30 17:56:34,2026-07-30 17:56:45,2026-07-30 17:56:44
P:10-00522ER:01S:SIE262606139,2026-07-29 17:00:00,SFOHOUT00052411,,93248377,PO-US-09166,,10-00522E,2026072815,1,,P:90-06831ER:01S:SIE262704389,PO-US-09166 shipped 073026 ASN 93248377 Qty 6240.xlsx,2026-07-30 17:56:34,2026-07-30 17:56:45,2026-07-30 17:56:44
P:10-00522ER:01S:SIE262606140,2026-07-29 17:00:00,SFOHOUT00052411,,93248377,PO-US-09166,,10-00522E,2026072814,1,,P:90-06831ER:01S:SIE262704380,PO-US-09166 shipped 073026 ASN 93248377 Qty 6240.xlsx,2026-07-30 17:56:34,2026-07-30 17:56:45,2026-07-30 17:56:44
P:10-00522ER:01S:SIE262606141,2026-07-29 17:00:00,SFOHOUT00052411,,93248377,PO-US-09166,,10-00522E,202607283,1,,P:90-06831ER:01S:SIE262704395,PO-US-09166 shipped 073026 ASN 93248377 Qty 6240.xlsx,2026-07-30 17:56:34,2026-07-30 17:56:45,2026-07-30 17:56:44
P:10-00522ER:01S:SIE262606142,2026-07-29 17:00:00,SFOHOUT00052411,,93248377,PO-US-09166,,10-00522E,2026072814,1,,P:90-06831ER:01S:SIE262704380,PO-US-09166 shipped 073026 ASN 93248377 Qty 6240.xlsx,2026-07-30 17:56:34,2026-07-30 17:56:45,2026-07-30 17:56:44
P:10-00522ER:01S:SIE262606143,2026-07-29 17:00:00,SFOHOUT00052411,,93248377,PO-US-09166,,10-00522E,2026072814,1,,P:90-06831ER:01S:SIE262704379,PO-US-09166 shipped 073026 ASN 93248377 Qty 6240.xlsx,2026-07-30 17:56:34,2026-07-30 17:56:45,2026-07-30 17:56:44
P:10-00522ER:01S:SIE262606144,2026-07-29 17:00:00,SFOHOUT00052411,,93248377,PO-US-09166,,10-00522E,202607283,1,,P:90-06831ER:01S:SIE262704394,PO-US-09166 shipped 073026 ASN 93248377 Qty 6240.xlsx,2026-07-30 17:56:34,2026-07-30 17:56:45,2026-07-30 17:56:44
P:10-00522ER:01S:SIE262606145,2026-07-29 17:00:00,SFOHOUT00052411,,93248377,PO-US-09166,,10-00522E,2026072814,1,,P:90-06831ER:01S:SIE262704374,PO-US-09166 shipped 073026 ASN 93248377 Qty 6240.xlsx,2026-07-30 17:56:34,2026-07-30 17:56:45,2026-07-30 17:56:44
P:10-00522ER:01S:SIE262606146,2026-07-29 17:00:00,SFOHOUT00052411,,93248377,PO-US-09166,,10-00522E,2026072814,1,,P:90-06831ER:01S:SIE262704378,PO-US-09166 shipped 073026 ASN 93248377 Qty 6240.xlsx,2026-07-30 17:56:34,2026-07-30 17:56:45,2026-07-30 17:56:44
P:10-00522ER:01S:SIE262606147,2026-07-29 17:00:00,SFOHOUT00052411,,93248377,PO-US-09166,,10-00522E,2026072811,1,,P:90-06831ER:01S:SIE262811629,PO-US-09166 shipped 073026 ASN 93248377 Qty 6240.xlsx,2026-07-30 17:56:34,2026-07-30 17:56:45,2026-07-30 17:56:44
P:10-00522ER:01S:SIE262606148,2026-07-29 17:00:00,SFOHOUT00052411,,93248377,PO-US-09166,,10-00522E,202607287,1,,P:90-06831ER:01S:SIE262811685,PO-US-09166 shipped 073026 ASN 93248377 Qty 6240.xlsx,2026-07-30 17:56:34,2026-07-30 17:56:45,2026-07-30 17:56:44
P:10-00522ER:01S:SIE262606149,2026-07-29 17:00:00,SFOHOUT00052411,,93248377,PO-US-09166,,10-00522E,2026072814,1,,P:90-06831ER:01S:SIE262704379,PO-US-09166 shipped 073026 ASN 93248377 Qty 6240.xlsx,2026-07-30 17:56:34,2026-07-30 17:56:45,2026-07-30 17:56:44
P:10-00522ER:01S:SIE262606150,2026-07-29 17:00:00,SFOHOUT00052411,,93248377,PO-US-09166,,10-00522E,202607283,1,,P:90-06831ER:01S:SIE262704394,PO-US-09166 shipped 073026 ASN 93248377 Qty 6240.xlsx,2026-07-30 17:56:34,2026-07-30 17:56:45,2026-07-30 17:56:44
P:10-00522ER:01S:SIE262606151,2026-07-29 17:00:00,SFOHOUT00052411,,93248377,PO-US-09166,,10-00522E,2026072814,1,,P:90-06831ER:01S:SIE262704370,PO-US-09166 shipped 073026 ASN 93248377 Qty 6240.xlsx,2026-07-30 17:56:34,2026-07-30 17:56:45,2026-07-30 17:56:44
P:10-00522ER:01S:SIE262606152,2026-07-29 17:00:00,SFOHOUT00052411,,93248377,PO-US-09166,,10-00522E,2026072815,1,,P:90-06831ER:01S:SIE262704387,PO-US-09166 shipped 073026 ASN 93248377 Qty 6240.xlsx,2026-07-30 17:56:34,2026-07-30 17:56:45,2026-07-30 17:56:44
P:10-00522ER:01S:SIE262606153,2026-07-29 17:00:00,SFOHOUT00052411,,93248377,PO-US-09166,,10-00522E,2026072815,1,,P:90-06831ER:01S:SIE262704385,PO-US-09166 shipped 073026 ASN 93248377 Qty 6240.xlsx,2026-07-30 17:56:34,2026-07-30 17:56:45,2026-07-30 17:56:44
P:10-00522ER:01S:SIE262606154,2026-07-29 17:00:00,SFOHOUT00052411,,93248377,PO-US-09166,,10-00522E,2026072815,1,,P:90-06831ER:01S:SIE262704385,PO-US-09166 shipped 073026 ASN 93248377 Qty 6240.xlsx,2026-07-30 17:56:34,2026-07-30 17:56:45,2026-07-30 17:56:44
P:10-00522ER:01S:SIE262606155,2026-07-29 17:00:00,SFOHOUT00052411,,93248377,PO-US-09166,,10-00522E,2026072815,1,,P:90-06831ER:01S:SIE262704384,PO-US-09166 shipped 073026 ASN 93248377 Qty 6240.xlsx,2026-07-30 17:56:34,2026-07-30 17:56:45,2026-07-30 17:56:44
P:10-00522ER:01S:SIE262606156,2026-07-29 17:00:00,SFOHOUT00052411,,93248377,PO-US-09166,,10-00522E,2026072815,1,,P:90-06831ER:01S:SIE262704387,PO-US-09166 shipped 073026 ASN 93248377 Qty 6240.xlsx,2026-07-30 17:56:34,2026-07-30 17:56:45,2026-07-30 17:56:44
P:10-00522ER:01S:SIE262606157,2026-07-29 17:00:00,SFOHOUT00052411,,93248377,PO-US-09166,,10-00522E,2026072814,1,,P:90-06831ER:01S:SIE262704374,PO-US-09166 shipped 073026 ASN 93248377 Qty 6240.xlsx,2026-07-30 17:56:34,2026-07-30 17:56:45,2026-07-30 17:56:44
P:10-00522ER:01S:SIE262606158,2026-07-29 17:00:00,SFOHOUT00052411,,93248377,PO-US-09166,,10-00522E,2026072815,1,,P:90-06831ER:01S:SIE262704384,PO-US-09166 shipped 073026 ASN 93248377 Qty 6240.xlsx,2026-07-30 17:56:34,2026-07-30 17:56:45,2026-07-30 17:56:44
P:10-00522ER:01S:SIE262606159,2026-07-29 17:00:00,SFOHOUT00052411,,93248377,PO-US-09166,,10-00522E,2026072815,1,,P:90-06831ER:01S:SIE262704385,PO-US-09166 shipped 073026 ASN 93248377 Qty 6240.xlsx,2026-07-30 17:56:34,2026-07-30 17:56:45,2026-07-30 17:56:44
P:10-00522ER:01S:SIE262606160,2026-07-29 17:00:00,SFOHOUT00052411,,93248377,PO-US-09166,,10-00522E,2026072815,1,,P:90-06831ER:01S:SIE262704385,PO-US-09166 shipped 073026 ASN 93248377 Qty 6240.xlsx,2026-07-30 17:56:34,2026-07-30 17:56:45,2026-07-30 17:56:44
P:10-00522ER:01S:SIE262606161,2026-07-29 17:00:00,SFOHOUT00052411,,93248377,PO-US-09166,,10-00522E,2026072814,1,,P:90-06831ER:01S:SIE262704374,PO-US-09166 shipped 073026 ASN 93248377 Qty 6240.xlsx,2026-07-30 17:56:34,2026-07-30 17:56:45,2026-07-30 17:56:44
P:10-00522ER:01S:SIE262606162,2026-07-29 17:00:00,SFOHOUT00052411,,93248377,PO-US-09166,,10-00522E,202607283,1,,P:90-06831ER:01S:SIE262704388,PO-US-09166 shipped 073026 ASN 93248377 Qty 6240.xlsx,2026-07-30 17:56:34,2026-07-30 17:56:45,2026-07-30 17:56:44
P:10-00522ER:01S:SIE262606163,2026-07-29 17:00:00,SFOHOUT00052411,,93248377,PO-US-09166,,10-00522E,2026072811,1,,P:90-06831ER:01S:SIE262811630,PO-US-09166 shipped 073026 ASN 93248377 Qty 6240.xlsx,2026-07-30 17:56:34,2026-07-30 17:56:45,2026-07-30 17:56:44
P:10-00522ER:01S:SIE262606164,2026-07-29 17:00:00,SFOHOUT00052411,,93248377,PO-US-09166,,10-00522E,202607283,1,,P:90-06831ER:01S:SIE262704395,PO-US-09166 shipped 073026 ASN 93248377 Qty 6240.xlsx,2026-07-30 17:56:34,2026-07-30 17:56:45,2026-07-30 17:56:44
P:10-00522ER:01S:SIE262606165,2026-07-29 17:00:00,SFOHOUT00052411,,93248377,PO-US-09166,,10-00522E,2026072815,1,,P:90-06831ER:01S:SIE262704383,PO-US-09166 shipped 073026 ASN 93248377 Qty 6240.xlsx,2026-07-30 17:56:34,2026-07-30 17:56:45,2026-07-30 17:56:44
P:10-00522ER:01S:SIE262606166,2026-07-29 17:00:00,SFOHOUT00052411,,93248377,PO-US-09166,,10-00522E,2026072815,1,,P:90-06831ER:01S:SIE262704383,PO-US-09166 shipped 073026 ASN 93248377 Qty 6240.xlsx,2026-07-30 17:56:34,2026-07-30 17:56:45,2026-07-30 17:56:44
P:10-00522ER:01S:SIE262606167,2026-07-29 17:00:00,SFOHOUT00052411,,93248377,PO-US-09166,,10-00522E,2026072814,1,,P:90-06831ER:01S:SIE262704374,PO-US-09166 shipped 073026 ASN 93248377 Qty 6240.xlsx,2026-07-30 17:56:34,2026-07-30 17:56:45,2026-07-30 17:56:44
P:10-00522ER:01S:SIE262606168,2026-07-29 17:00:00,SFOHOUT00052411,,93248377,PO-US-09166,,10-00522E,2026072814,1,,P:90-06831ER:01S:SIE262704373,PO-US-09166 shipped 073026 ASN 93248377 Qty 6240.xlsx,2026-07-30 17:56:34,2026-07-30 17:56:45,2026-07-30 17:56:44
P:10-00522ER:01S:SIE262606169,2026-07-29 17:00:00,SFOHOUT00052411,,93248377,PO-US-09166,,10-00522E,202607283,1,,P:90-06831ER:01S:SIE262704388,PO-US-09166 shipped 073026 ASN 93248377 Qty 6240.xlsx,2026-07-30 17:56:34,2026-07-30 17:56:45,2026-07-30 17:56:44
P:10-00522ER:01S:SIE262606170,2026-07-29 17:00:00,SFOHOUT00052411,,93248377,PO-US-09166,,10-00522E,2026072814,1,,P:90-06831ER:01S:SIE262704373,PO-US-09166 shipped 073026 ASN 93248377 Qty 6240.xlsx,2026-07-30 17:56:34,2026-07-30 17:56:45,2026-07-30 17:56:44
P:10-00522ER:01S:SIE262606171,2026-07-29 17:00:00,SFOHOUT00052411,,93248377,PO-US-09166,,10-00522E,2026072814,1,,P:90-06831ER:01S:SIE262704373,PO-US-09166 shipped 073026 ASN 93248377 Qty 6240.xlsx,2026-07-30 17:56:34,2026-07-30 17:56:45,2026-07-30 17:56:44
P:10-00522ER:01S:SIE262606172,2026-07-29 17:00:00,SFOHOUT00052411,,93248377,PO-US-09166,,10-00522E,202607283,1,,P:90-06831ER:01S:SIE262704395,PO-US-09166 shipped 073026 ASN 93248377 Qty 6240.xlsx,2026-07-30 17:56:34,2026-07-30 17:56:45,2026-07-30 17:56:44
P:10-00522ER:01S:SIE262606173,2026-07-29 17:00:00,SFOHOUT00052411,,93248377,PO-US-09166,,10-00522E,202607283,1,,P:90-06831ER:01S:SIE262704395,PO-US-09166 shipped 073026 ASN 93248377 Qty 6240.xlsx,2026-07-30 17:56:34,2026-07-30 17:56:45,2026-07-30 17:56:44
P:10-00522ER:01S:SIE262606174,2026-07-29 17:00:00,SFOHOUT00052411,,93248377,PO-US-09166,,10-00522E,2026072811,1,,P:90-06831ER:01S:SIE262811630,PO-US-09166 shipped 073026 ASN 93248377 Qty 6240.xlsx,2026-07-30 17:56:34,2026-07-30 17:56:45,2026-07-30 17:56:44
P:10-00522ER:01S:SIE262606175,2026-07-29 17:00:00,SFOHOUT00052411,,93248377,PO-US-09166,,10-00522E,2026072811,1,,P:90-06831ER:01S:SIE262811629,PO-US-09166 shipped 073026 ASN 93248377 Qty 6240.xlsx,2026-07-30 17:56:34,2026-07-30 17:56:45,2026-07-30 17:56:44
P:10-00522ER:01S:SIE262606176,2026-07-29 17:00:00,SFOHOUT00052411,,93248377,PO-US-09166,,10-00522E,2026072811,1,,P:90-06831ER:01S:SIE262811630,PO-US-09166 shipped 073026 ASN 93248377 Qty 6240.xlsx,2026-07-30 17:56:34,2026-07-30 17:56:45,2026-07-30 17:56:44
P:10-00522ER:01S:SIE262606177,2026-07-29 17:00:00,SFOHOUT00052411,,93248377,PO-US-09166,,10-00522E,2026072811,1,,P:90-06831ER:01S:SIE262811616,PO-US-09166 shipped 073026 ASN 93248377 Qty 6240.xlsx,2026-07-30 17:56:34,2026-07-30 17:56:45,2026-07-30 17:56:44
P:10-00522ER:01S:SIE262606178,2026-07-29 17:00:00,SFOHOUT00052411,,93248377,PO-US-09166,,10-00522E,2026072814,1,,P:90-06831ER:01S:SIE262704370,PO-US-09166 shipped 073026 ASN 93248377 Qty 6240.xlsx,2026-07-30 17:56:34,2026-07-30 17:56:45,2026-07-30 17:56:44
P:10-00522ER:01S:SIE262606179,2026-07-29 17:00:00,SFOHOUT00052411,,93248377,PO-US-09166,,10-00522E,2026072815,1,,P:90-06831ER:01S:SIE262704383,PO-US-09166 shipped 073026 ASN 93248377 Qty 6240.xlsx,2026-07-30 17:56:34,2026-07-30 17:56:45,2026-07-30 17:56:44
P:10-00522ER:01S:SIE262606180,2026-07-29 17:00:00,SFOHOUT00052411,,93248377,PO-US-09166,,10-00522E,202607284,1,,P:90-06831ER:01S:SIE262704416,PO-US-09166 shipped 073026 ASN 93248377 Qty 6240.xlsx,2026-07-30 17:56:34,2026-07-30 17:56:45,2026-07-30 17:56:44
P:10-00522ER:01S:SIE262606181,2026-07-29 17:00:00,SFOHOUT00052411,,93248377,PO-US-09166,,10-00522E,202607283,1,,P:90-06831ER:01S:SIE262704398,PO-US-09166 shipped 073026 ASN 93248377 Qty 6240.xlsx,2026-07-30 17:56:34,2026-07-30 17:56:45,2026-07-30 17:56:44
P:10-00522ER:01S:SIE262606182,2026-07-29 17:00:00,SFOHOUT00052411,,93248377,PO-US-09166,,10-00522E,2026072811,1,,P:90-06831ER:01S:SIE262811628,PO-US-09166 shipped 073026 ASN 93248377 Qty 6240.xlsx,2026-07-30 17:56:34,2026-07-30 17:56:45,2026-07-30 17:56:44
P:10-00522ER:01S:SIE262606184,2026-07-29 17:00:00,SFOHOUT00052411,,93248377,PO-US-09166,,10-00522E,202607283,1,,P:90-06831ER:01S:SIE262704393,PO-US-09166 shipped 073026 ASN 93248377 Qty 6240.xlsx,2026-07-30 17:56:34,2026-07-30 17:56:45,2026-07-30 17:56:44
P:10-00522ER:01S:SIE262606186,2026-07-29 17:00:00,SFOHOUT00052411,,93248377,PO-US-09166,,10-00522E,202607283,1,,P:90-06831ER:01S:SIE262704393,PO-US-09166 shipped 073026 ASN 93248377 Qty 6240.xlsx,2026-07-30 17:56:34,2026-07-30 17:56:45,2026-07-30 17:56:44
P:10-00522ER:01S:SIE262606187,2026-07-29 17:00:00,SFOHOUT00052411,,93248377,PO-US-09166,,10-00522E,202607288,1,,P:90-06831ER:01S:SIE262704407,PO-US-09166 shipped 073026 ASN 93248377 Qty 6240.xlsx,2026-07-30 17:56:34,2026-07-30 17:56:45,2026-07-30 17:56:44
P:10-00522ER:01S:SIE262606189,2026-07-29 17:00:00,SFOHOUT00052411,,93248377,PO-US-09166,,10-00522E,202607283,1,,P:90-06831ER:01S:SIE262704382,PO-US-09166 shipped 073026 ASN 93248377 Qty 6240.xlsx,2026-07-30 17:56:34,2026-07-30 17:56:45,2026-07-30 17:56:44
P:10-00522ER:01S:SIE262606192,2026-07-29 17:00:00,SFOHOUT00052411,,93248377,PO-US-09166,,10-00522E,2026072814,1,,P:90-06831ER:01S:SIE262704372,PO-US-09166 shipped 073026 ASN 93248377 Qty 6240.xlsx,2026-07-30 17:56:34,2026-07-30 17:56:45,2026-07-30 17:56:44
P:10-00522ER:01S:SIE262606193,2026-07-29 17:00:00,SFOHOUT00052411,,93248377,PO-US-09166,,10-00522E,2026072814,1,,P:90-06831ER:01S:SIE262704377,PO-US-09166 shipped 073026 ASN 93248377 Qty 6240.xlsx,2026-07-30 17:56:34,2026-07-30 17:56:45,2026-07-30 17:56:44
P:10-00522ER:01S:SIE262606194,2026-07-29 17:00:00,SFOHOUT00052411,,93248377,PO-US-09166,,10-00522E,2026072814,1,,P:90-06831ER:01S:SIE262704381,PO-US-09166 shipped 073026 ASN 93248377 Qty 6240.xlsx,2026-07-30 17:56:34,2026-07-30 17:56:45,2026-07-30 17:56:44
P:10-00522ER:01S:SIE262606195,2026-07-29 17:00:00,SFOHOUT00052411,,93248377,PO-US-09166,,10-00522E,2026072811,1,,P:90-06831ER:01S:SIE262811616,PO-US-09166 shipped 073026 ASN 93248377 Qty 6240.xlsx,2026-07-30 17:56:34,2026-07-30 17:56:45,2026-07-30 17:56:44
P:10-00522ER:01S:SIE262606196,2026-07-29 17:00:00,SFOHOUT00052411,,93248377,PO-US-09166,,10-00522E,2026072815,1,,P:90-06831ER:01S:SIE262704384,PO-US-09166 shipped 073026 ASN 93248377 Qty 6240.xlsx,2026-07-30 17:56:34,2026-07-30 17:56:45,2026-07-30 17:56:44
P:10-00522ER:01S:SIE262606197,2026-07-29 17:00:00,SFOHOUT00052411,,93248377,PO-US-09166,,10-00522E,2026072814,1,,P:90-06831ER:01S:SIE262704376,PO-US-09166 shipped 073026 ASN 93248377 Qty 6240.xlsx,2026-07-30 17:56:34,2026-07-30 17:56:45,2026-07-30 17:56:44
P:10-00522ER:01S:SIE262606198,2026-07-29 17:00:00,SFOHOUT00052411,,93248377,PO-US-09166,,10-00522E,202607283,1,,P:90-06831ER:01S:SIE262704393,PO-US-09166 shipped 073026 ASN 93248377 Qty 6240.xlsx,2026-07-30 17:56:34,2026-07-30 17:56:45,2026-07-30 17:56:44
P:10-00522ER:01S:SIE262606199,2026-07-29 17:00:00,SFOHOUT00052411,,93248377,PO-US-09166,,10-00522E,202607283,1,,P:90-06831ER:01S:SIE262704393,PO-US-09166 shipped 073026 ASN 93248377 Qty 6240.xlsx,2026-07-30 17:56:34,2026-07-30 17:56:45,2026-07-30 17:56:44
P:10-00522ER:01S:SIE262606200,2026-07-29 17:00:00,SFOHOUT00052411,,93248377,PO-US-09166,,10-00522E,202607283,1,,P:90-06831ER:01S:SIE262704395,PO-US-09166 shipped 073026 ASN 93248377 Qty 6240.xlsx,2026-07-30 17:56:34,2026-07-30 17:56:45,2026-07-30 17:56:44
P:10-00522ER:01S:SIE262606201,2026-07-29 17:00:00,SFOHOUT00052411,,93248377,PO-US-09166,,10-00522E,2026072815,1,,P:90-06831ER:01S:SIE262704392,PO-US-09166 shipped 073026 ASN 93248377 Qty 6240.xlsx,2026-07-30 17:56:34,2026-07-30 17:56:45,2026-07-30 17:56:44
P:10-00522ER:01S:SIE262606202,2026-07-29 17:00:00,SFOHOUT00052411,,93248377,PO-US-09166,,10-00522E,2026072814,1,,P:90-06831ER:01S:SIE262704374,PO-US-09166 shipped 073026 ASN 93248377 Qty 6240.xlsx,2026-07-30 17:56:34,2026-07-30 17:56:45,2026-07-30 17:56:44
P:10-00522ER:01S:SIE262606203,2026-07-29 17:00:00,SFOHOUT00052411,,93248377,PO-US-09166,,10-00522E,2026072815,1,,P:90-06831ER:01S:SIE262704392,PO-US-09166 shipped 073026 ASN 93248377 Qty 6240.xlsx,2026-07-30 17:56:34,2026-07-30 17:56:45,2026-07-30 17:56:44
P:10-00522ER:01S:SIE262606204,2026-07-29 17:00:00,SFOHOUT00052411,,93248377,PO-US-09166,,10-00522E,202607283,1,,P:90-06831ER:01S:SIE262704393,PO-US-09166 shipped 073026 ASN 93248377 Qty 6240.xlsx,2026-07-30 17:56:34,2026-07-30 17:56:45,2026-07-30 17:56:44
P:10-00522ER:01S:SIE262606205,2026-07-29 17:00:00,SFOHOUT00052411,,93248377,PO-US-09166,,10-00522E,2026072811,1,,P:90-06831ER:01S:SIE262811616,PO-US-09166 shipped 073026 ASN 93248377 Qty 6240.xlsx,2026-07-30 17:56:34,2026-07-30 17:56:45,2026-07-30 17:56:44
P:10-00522ER:01S:SIE262606206,2026-07-29 17:00:00,SFOHOUT00052411,,93248377,PO-US-09166,,10-00522E,2026072814,1,,P:90-06831ER:01S:SIE262704381,PO-US-09166 shipped 073026 ASN 93248377 Qty 6240.xlsx,2026-07-30 17:56:34,2026-07-30 17:56:45,2026-07-30 17:56:44
P:10-00522ER:01S:SIE262606208,2026-07-29 17:00:00,SFOHOUT00052411,,93248377,PO-US-09166,,10-00522E,202607282,1,,P:90-06831ER:01S:SIE262811603,PO-US-09166 shipped 073026 ASN 93248377 Qty 6240.xlsx,2026-07-30 17:56:34,2026-07-30 17:56:45,2026-07-30 17:56:44
P:10-00522ER:01S:SIE262606209,2026-07-29 17:00:00,SFOHOUT00052411,,93248377,PO-US-09166,,10-00522E,2026072813,1,,P:90-06831ER:01S:SIE262704353,PO-US-09166 shipped 073026 ASN 93248377 Qty 6240.xlsx,2026-07-30 17:56:34,2026-07-30 17:56:45,2026-07-30 17:56:44
P:10-00522ER:01S:SIE262606210,2026-07-29 17:00:00,SFOHOUT00052411,,93248377,PO-US-09166,,10-00522E,2026072815,1,,P:90-06831ER:01S:SIE262704392,PO-US-09166 shipped 073026 ASN 93248377 Qty 6240.xlsx,2026-07-30 17:56:34,2026-07-30 17:56:45,2026-07-30 17:56:44
P:10-00522ER:01S:SIE262606211,2026-07-29 17:00:00,SFOHOUT00052411,,93248377,PO-US-09166,,10-00522E,2026072814,1,,P:90-06831ER:01S:SIE262704375,PO-US-09166 shipped 073026 ASN 93248377 Qty 6240.xlsx,2026-07-30 17:56:34,2026-07-30 17:56:45,2026-07-30 17:56:44
P:10-00522ER:01S:SIE262606212,2026-07-29 17:00:00,SFOHOUT00052411,,93248377,PO-US-09166,,10-00522E,202607288,1,,P:90-06831ER:01S:SIE262704408,PO-US-09166 shipped 073026 ASN 93248377 Qty 6240.xlsx,2026-07-30 17:56:34,2026-07-30 17:56:45,2026-07-30 17:56:44
P:10-00522ER:01S:SIE262606213,2026-07-29 17:00:00,SFOHOUT00052411,,93248377,PO-US-09166,,10-00522E,2026072814,1,,P:90-06831ER:01S:SIE262704370,PO-US-09166 shipped 073026 ASN 93248377 Qty 6240.xlsx,2026-07-30 17:56:34,2026-07-30 17:56:45,2026-07-30 17:56:44
P:10-00522ER:01S:SIE262606214,2026-07-29 17:00:00,SFOHOUT00052411,,93248377,PO-US-09166,,10-00522E,202607283,1,,P:90-06831ER:01S:SIE262704394,PO-US-09166 shipped 073026 ASN 93248377 Qty 6240.xlsx,2026-07-30 17:56:34,2026-07-30 17:56:45,2026-07-30 17:56:44
P:10-00522ER:01S:SIE262606215,2026-07-29 17:00:00,SFOHOUT00052411,,93248377,PO-US-09166,,10-00522E,202607283,1,,P:90-06831ER:01S:SIE262704395,PO-US-09166 shipped 073026 ASN 93248377 Qty 6240.xlsx,2026-07-30 17:56:34,2026-07-30 17:56:45,2026-07-30 17:56:44
P:10-00522ER:01S:SIE262606216,2026-07-29 17:00:00,SFOHOUT00052411,,93248377,PO-US-09166,,10-00522E,2026072814,1,,P:90-06831ER:01S:SIE262704377,PO-US-09166 shipped 073026 ASN 93248377 Qty 6240.xlsx,2026-07-30 17:56:34,2026-07-30 17:56:45,2026-07-30 17:56:44
P:10-00522ER:01S:SIE262606217,2026-07-29 17:00:00,SFOHOUT00052411,,93248377,PO-US-09166,,10-00522E,2026072815,1,,P:90-06831ER:01S:SIE262704385,PO-US-09166 shipped 073026 ASN 93248377 Qty 6240.xlsx,2026-07-30 17:56:34,2026-07-30 17:56:45,2026-07-30 17:56:44
P:10-00522ER:01S:SIE262606218,2026-07-29 17:00:00,SFOHOUT00052411,,93248377,PO-US-09166,,10-00522E,202607283,1,,P:90-06831ER:01S:SIE262704394,PO-US-09166 shipped 073026 ASN 93248377 Qty 6240.xlsx,2026-07-30 17:56:34,2026-07-30 17:56:45,2026-07-30 17:56:44
P:10-00522ER:01S:SIE262606219,2026-07-29 17:00:00,SFOHOUT00052411,,93248377,PO-US-09166,,10-00522E,202607283,1,,P:90-06831ER:01S:SIE262704394,PO-US-09166 shipped 073026 ASN 93248377 Qty 6240.xlsx,2026-07-30 17:56:34,2026-07-30 17:56:45,2026-07-30 17:56:44
P:10-00522ER:01S:SIE262606220,2026-07-29 17:00:00,SFOHOUT00052411,,93248377,PO-US-09166,,10-00522E,2026072813,1,,P:90-06831ER:01S:SIE262704353,PO-US-09166 shipped 073026 ASN 93248377 Qty 6240.xlsx,2026-07-30 17:56:34,2026-07-30 17:56:45,2026-07-30 17:56:44
P:10-00522ER:01S:SIE262606221,2026-07-29 17:00:00,SFOHOUT00052411,,93248377,PO-US-09166,,10-00522E,202607283,1,,P:90-06831ER:01S:SIE262704393,PO-US-09166 shipped 073026 ASN 93248377 Qty 6240.xlsx,2026-07-30 17:56:34,2026-07-30 17:56:45,2026-07-30 17:56:44
P:10-00522ER:01S:SIE262606222,2026-07-29 17:00:00,SFOHOUT00052411,,93248377,PO-US-09166,,10-00522E,202607283,1,,P:90-06831ER:01S:SIE262704393,PO-US-09166 shipped 073026 ASN 93248377 Qty 6240.xlsx,2026-07-30 17:56:34,2026-07-30 17:56:45,2026-07-30 17:56:44
P:10-00522ER:01S:SIE262606223,2026-07-29 17:00:00,SFOHOUT00052411,,93248377,PO-US-09166,,10-00522E,202607288,1,,P:90-06831ER:01S:SIE262704411,PO-US-09166 shipped 073026 ASN 93248377 Qty 6240.xlsx,2026-07-30 17:56:34,2026-07-30 17:56:45,2026-07-30 17:56:44
P:10-00522ER:01S:SIE262606224,2026-07-29 17:00:00,SFOHOUT00052411,,93248377,PO-US-09166,,10-00522E,202607283,1,,P:90-06831ER:01S:SIE262704396,PO-US-09166 shipped 073026 ASN 93248377 Qty 6240.xlsx,2026-07-30 17:56:34,2026-07-30 17:56:45,2026-07-30 17:56:44
P:10-00522ER:01S:SIE262606225,2026-07-29 17:00:00,SFOHOUT00052411,,93248377,PO-US-09166,,10-00522E,2026072810,1,,P:90-06831ER:01S:SIE262704426,PO-US-09166 shipped 073026 ASN 93248377 Qty 6240.xlsx,2026-07-30 17:56:34,2026-07-30 17:56:45,2026-07-30 17:56:44
P:10-00522ER:01S:SIE262606226,2026-07-29 17:00:00,SFOHOUT00052411,,93248377,PO-US-09166,,10-00522E,2026072815,1,,P:90-06831ER:01S:SIE262704384,PO-US-09166 shipped 073026 ASN 93248377 Qty 6240.xlsx,2026-07-30 17:56:34,2026-07-30 17:56:45,2026-07-30 17:56:44
P:10-00522ER:01S:SIE262606227,2026-07-29 17:00:00,SFOHOUT00052411,,93248377,PO-US-09166,,10-00522E,202607282,1,,P:90-06831ER:01S:SIE262704433,PO-US-09166 shipped 073026 ASN 93248377 Qty 6240.xlsx,2026-07-30 17:56:34,2026-07-30 17:56:45,2026-07-30 17:56:44
P:10-00522ER:01S:SIE262606228,2026-07-29 17:00:00,SFOHOUT00052411,,93248377,PO-US-09166,,10-00522E,2026072814,1,,P:90-06831ER:01S:SIE262704373,PO-US-09166 shipped 073026 ASN 93248377 Qty 6240.xlsx,2026-07-30 17:56:34,2026-07-30 17:56:45,2026-07-30 17:56:44
P:10-00522ER:01S:SIE262606231,2026-07-29 17:00:00,SFOHOUT00052411,,93248377,PO-US-09166,,10-00522E,202607283,1,,P:90-06831ER:01S:SIE262704394,PO-US-09166 shipped 073026 ASN 93248377 Qty 6240.xlsx,2026-07-30 17:56:34,2026-07-30 17:56:45,2026-07-30 17:56:44
P:10-00522ER:01S:SIE262606232,2026-07-29 17:00:00,SFOHOUT00052411,,93248377,PO-US-09166,,10-00522E,202607283,1,,P:90-06831ER:01S:SIE262704395,PO-US-09166 shipped 073026 ASN 93248377 Qty 6240.xlsx,2026-07-30 17:56:34,2026-07-30 17:56:45,2026-07-30 17:56:44
P:10-00522ER:01S:SIE262606233,2026-07-29 17:00:00,SFOHOUT00052411,,93248377,PO-US-09166,,10-00522E,202607283,1,,P:90-06831ER:01S:SIE262704393,PO-US-09166 shipped 073026 ASN 93248377 Qty 6240.xlsx,2026-07-30 17:56:34,2026-07-30 17:56:45,2026-07-30 17:56:44
P:10-00522ER:01S:SIE262606234,2026-07-29 17:00:00,SFOHOUT00052411,,93248377,PO-US-09166,,10-00522E,2026072815,1,,P:90-06831ER:01S:SIE262704385,PO-US-09166 shipped 073026 ASN 93248377 Qty 6240.xlsx,2026-07-30 17:56:34,2026-07-30 17:56:45,2026-07-30 17:56:44
P:10-00522ER:01S:SIE262606235,2026-07-29 17:00:00,SFOHOUT00052411,,93248377,PO-US-09166,,10-00522E,2026072811,1,,P:90-06831ER:01S:SIE262811630,PO-US-09166 shipped 073026 ASN 93248377 Qty 6240.xlsx,2026-07-30 17:56:34,2026-07-30 17:56:45,2026-07-30 17:56:44
P:10-00522ER:01S:SIE262606236,2026-08-13 17:00:00,SFOHOUT00052859,,93248589,PO-US-09166,,10-00522E,2026081222,1,,P:90-06831ER:01S:SIE263009747,PO-US-09054 shipped 081426 ASN 93248585 Qty 63 PO-US-08933 A93248586 Q108 PO-US-089323 A93248587 Q105 PO-US-08888 A93248588 Q75 PO-US-09166 A93248589 Q2400 PO-US-08008 A93248609 Q15.xlsx,2026-08-14 18:01:52,2026-08-14 18:01:59,2026-08-14 18:01:58
P:10-00522ER:01S:SIE262606237,2026-07-29 17:00:00,SFOHOUT00052411,,93248377,PO-US-09166,,10-00522E,2026072814,1,,P:90-06831ER:01S:SIE262704379,PO-US-09166 shipped 073026 ASN 93248377 Qty 6240.xlsx,2026-07-30 17:56:34,2026-07-30 17:56:45,2026-07-30 17:56:44
P:10-00522ER:01S:SIE262606238,2026-07-29 17:00:00,SFOHOUT00052411,,93248377,PO-US-09166,,10-00522E,2026072811,1,,P:90-06831ER:01S:SIE262811616,PO-US-09166 shipped 073026 ASN 93248377 Qty 6240.xlsx,2026-07-30 17:56:34,2026-07-30 17:56:45,2026-07-30 17:56:44
P:10-00522ER:01S:SIE262606239,2026-07-29 17:00:00,SFOHOUT00052411,,93248377,PO-US-09166,,10-00522E,2026072815,1,,P:90-06831ER:01S:SIE262704385,PO-US-09166 shipped 073026 ASN 93248377 Qty 6240.xlsx,2026-07-30 17:56:34,2026-07-30 17:56:45,2026-07-30 17:56:44
P:10-00522ER:01S:SIE262606240,2026-07-29 17:00:00,SFOHOUT00052411,,93248377,PO-US-09166,,10-00522E,2026072814,1,,P:90-06831ER:01S:SIE262704381,PO-US-09166 shipped 073026 ASN 93248377 Qty 6240.xlsx,2026-07-30 17:56:34,2026-07-30 17:56:45,2026-07-30 17:56:44
P:10-00522ER:01S:SIE262606241,2026-07-29 17:00:00,SFOHOUT00052411,,93248377,PO-US-09166,,10-00522E,202607283,1,,P:90-06831ER:01S:SIE262704382,PO-US-09166 shipped 073026 ASN 93248377 Qty 6240.xlsx,2026-07-30 17:56:34,2026-07-30 17:56:45,2026-07-30 17:56:44
P:10-00522ER:01S:SIE262606242,2026-07-29 17:00:00,SFOHOUT00052411,,93248377,PO-US-09166,,10-00522E,202607283,1,,P:90-06831ER:01S:SIE262704395,PO-US-09166 shipped 073026 ASN 93248377 Qty 6240.xlsx,2026-07-30 17:56:34,2026-07-30 17:56:45,2026-07-30 17:56:44
P:10-00522ER:01S:SIE262606243,2026-07-29 17:00:00,SFOHOUT00052411,,93248377,PO-US-09166,,10-00522E,2026072815,1,,P:90-06831ER:01S:SIE262704392,PO-US-09166 shipped 073026 ASN 93248377 Qty 6240.xlsx,2026-07-30 17:56:34,2026-07-30 17:56:45,2026-07-30 17:56:44
P:10-00522ER:01S:SIE262606244,2026-07-29 17:00:00,SFOHOUT00052411,,93248377,PO-US-09166,,10-00522E,202607283,1,,P:90-06831ER:01S:SIE262704393,PO-US-09166 shipped 073026 ASN 93248377 Qty 6240.xlsx,2026-07-30 17:56:34,2026-07-30 17:56:45,2026-07-30 17:56:44
P:10-00522ER:01S:SIE262606245,2026-07-29 17:00:00,SFOHOUT00052411,,93248377,PO-US-09166,,10-00522E,2026072811,1,,P:90-06831ER:01S:SIE262811630,PO-US-09166 shipped 073026 ASN 93248377 Qty 6240.xlsx,2026-07-30 17:56:34,2026-07-30 17:56:45,2026-07-30 17:56:44
P:10-00522ER:01S:SIE262606246,2026-07-29 17:00:00,SFOHOUT00052411,,93248377,PO-US-09166,,10-00522E,202607283,1,,P:90-06831ER:01S:SIE262704395,PO-US-09166 shipped 073026 ASN 93248377 Qty 6240.xlsx,2026-07-30 17:56:34,2026-07-30 17:56:45,2026-07-30 17:56:44
P:10-00522ER:01S:SIE262606247,2026-07-29 17:00:00,SFOHOUT00052411,,93248377,PO-US-09166,,10-00522E,2026072814,1,,P:90-06831ER:01S:SIE262704380,PO-US-09166 shipped 073026 ASN 93248377 Qty 6240.xlsx,2026-07-30 17:56:34,2026-07-30 17:56:45,2026-07-30 17:56:44
P:10-00522ER:01S:SIE262606248,2026-07-29 17:00:00,SFOHOUT00052411,,93248377,PO-US-09166,,10-00522E,2026072811,1,,P:90-06831ER:01S:SIE262811629,PO-US-09166 shipped 073026 ASN 93248377 Qty 6240.xlsx,2026-07-30 17:56:34,2026-07-30 17:56:45,2026-07-30 17:56:44
P:10-00522ER:01S:SIE262606250,2026-07-29 17:00:00,SFOHOUT00052411,,93248377,PO-US-09166,,10-00522E,2026072814,1,,P:90-06831ER:01S:SIE262704381,PO-US-09166 shipped 073026 ASN 93248377 Qty 6240.xlsx,2026-07-30 17:56:34,2026-07-30 17:56:45,2026-07-30 17:56:44
P:10-00522ER:01S:SIE262606251,2026-07-29 17:00:00,SFOHOUT00052411,,93248377,PO-US-09166,,10-00522E,202607288,1,,P:90-06831ER:01S:SIE262704407,PO-US-09166 shipped 073026 ASN 93248377 Qty 6240.xlsx,2026-07-30 17:56:34,2026-07-30 17:56:45,2026-07-30 17:56:44
P:10-00522ER:01S:SIE262606252,2026-07-29 17:00:00,SFOHOUT00052411,,93248377,PO-US-09166,,10-00522E,202607288,1,,P:90-06831ER:01S:SIE262704408,PO-US-09166 shipped 073026 ASN 93248377 Qty 6240.xlsx,2026-07-30 17:56:34,2026-07-30 17:56:45,2026-07-30 17:56:44
P:10-00522ER:01S:SIE262606253,2026-07-29 17:00:00,SFOHOUT00052411,,93248377,PO-US-09166,,10-00522E,202607283,1,,P:90-06831ER:01S:SIE262704395,PO-US-09166 shipped 073026 ASN 93248377 Qty 6240.xlsx,2026-07-30 17:56:34,2026-07-30 17:56:45,2026-07-30 17:56:44
P:10-00522ER:01S:SIE262606254,2026-07-29 17:00:00,SFOHOUT00052411,,93248377,PO-US-09166,,10-00522E,2026072810,1,,P:90-06831ER:01S:SIE262704426,PO-US-09166 shipped 073026 ASN 93248377 Qty 6240.xlsx,2026-07-30 17:56:34,2026-07-30 17:56:45,2026-07-30 17:56:44
P:10-00522ER:01S:SIE262606257,2026-07-29 17:00:00,SFOHOUT00052411,,93248377,PO-US-09166,,10-00522E,2026072815,1,,P:90-06831ER:01S:SIE262704384,PO-US-09166 shipped 073026 ASN 93248377 Qty 6240.xlsx,2026-07-30 17:56:34,2026-07-30 17:56:45,2026-07-30 17:56:44
P:10-00522ER:01S:SIE262606259,2026-07-29 17:00:00,SFOHOUT00052411,,93248377,PO-US-09166,,10-00522E,202607284,1,,P:90-06831ER:01S:SIE262704415,PO-US-09166 shipped 073026 ASN 93248377 Qty 6240.xlsx,2026-07-30 17:56:34,2026-07-30 17:56:45,2026-07-30 17:56:44
P:10-00522ER:01S:SIE262606260,2026-07-29 17:00:00,SFOHOUT00052411,,93248377,PO-US-09166,,10-00522E,2026072814,1,,P:90-06831ER:01S:SIE262704374,PO-US-09166 shipped 073026 ASN 93248377 Qty 6240.xlsx,2026-07-30 17:56:34,2026-07-30 17:56:45,2026-07-30 17:56:44
P:10-00522ER:01S:SIE262606262,2026-07-29 17:00:00,SFOHOUT00052411,,93248377,PO-US-09166,,10-00522E,202607283,1,,P:90-06831ER:01S:SIE262704396,PO-US-09166 shipped 073026 ASN 93248377 Qty 6240.xlsx,2026-07-30 17:56:34,2026-07-30 17:56:45,2026-07-30 17:56:44
P:10-00522ER:01S:SIE262606263,2026-07-29 17:00:00,SFOHOUT00052411,,93248377,PO-US-09166,,10-00522E,202607283,1,,P:90-06831ER:01S:SIE262704396,PO-US-09166 shipped 073026 ASN 93248377 Qty 6240.xlsx,2026-07-30 17:56:34,2026-07-30 17:56:45,2026-07-30 17:56:44
P:10-00522ER:01S:SIE262606264,2026-07-29 17:00:00,SFOHOUT00052411,,93248377,PO-US-09166,,10-00522E,2026072815,1,,P:90-06831ER:01S:SIE262704386,PO-US-09166 shipped 073026 ASN 93248377 Qty 6240.xlsx,2026-07-30 17:56:34,2026-07-30 17:56:45,2026-07-30 17:56:44
P:10-00522ER:01S:SIE262606265,2026-07-29 17:00:00,SFOHOUT00052411,,93248377,PO-US-09166,,10-00522E,2026072814,1,,P:90-06831ER:01S:SIE262704381,PO-US-09166 shipped 073026 ASN 93248377 Qty 6240.xlsx,2026-07-30 17:56:34,2026-07-30 17:56:45,2026-07-30 17:56:44
P:10-00522ER:01S:SIE262606266,2026-07-29 17:00:00,SFOHOUT00052411,,93248377,PO-US-09166,,10-00522E,202607283,1,,P:90-06831ER:01S:SIE262704382,PO-US-09166 shipped 073026 ASN 93248377 Qty 6240.xlsx,2026-07-30 17:56:34,2026-07-30 17:56:45,2026-07-30 17:56:44
P:10-00522ER:01S:SIE262606267,2026-07-29 17:00:00,SFOHOUT00052411,,93248377,PO-US-09166,,10-00522E,202607283,1,,P:90-06831ER:01S:SIE262704396,PO-US-09166 shipped 073026 ASN 93248377 Qty 6240.xlsx,2026-07-30 17:56:34,2026-07-30 17:56:45,2026-07-30 17:56:44
P:10-00522ER:01S:SIE262606268,2026-07-29 17:00:00,SFOHOUT00052411,,93248377,PO-US-09166,,10-00522E,2026072815,1,,P:90-06831ER:01S:SIE262704384,PO-US-09166 shipped 073026 ASN 93248377 Qty 6240.xlsx,2026-07-30 17:56:34,2026-07-30 17:56:45,2026-07-30 17:56:44
P:10-00522ER:01S:SIE262606269,2026-07-29 17:00:00,SFOHOUT00052411,,93248377,PO-US-09166,,10-00522E,2026072815,1,,P:90-06831ER:01S:SIE262704386,PO-US-09166 shipped 073026 ASN 93248377 Qty 6240.xlsx,2026-07-30 17:56:34,2026-07-30 17:56:45,2026-07-30 17:56:44
P:10-00522ER:01S:SIE262606272,2026-07-29 17:00:00,SFOHOUT00052411,,93248377,PO-US-09166,,10-00522E,2026072814,1,,P:90-06831ER:01S:SIE262704378,PO-US-09166 shipped 073026 ASN 93248377 Qty 6240.xlsx,2026-07-30 17:56:34,2026-07-30 17:56:45,2026-07-30 17:56:44
P:10-00522ER:01S:SIE262606275,2026-07-29 17:00:00,SFOHOUT00052411,,93248377,PO-US-09166,,10-00522E,202607283,1,,P:90-06831ER:01S:SIE262704396,PO-US-09166 shipped 073026 ASN 93248377 Qty 6240.xlsx,2026-07-30 17:56:34,2026-07-30 17:56:45,2026-07-30 17:56:44
P:10-00522ER:01S:SIE262606276,2026-07-29 17:00:00,SFOHOUT00052411,,93248377,PO-US-09166,,10-00522E,2026072814,1,,P:90-06831ER:01S:SIE262704381,PO-US-09166 shipped 073026 ASN 93248377 Qty 6240.xlsx,2026-07-30 17:56:34,2026-07-30 17:56:45,2026-07-30 17:56:44
P:10-00522ER:01S:SIE262606277,2026-07-29 17:00:00,SFOHOUT00052411,,93248377,PO-US-09166,,10-00522E,2026072815,1,,P:90-06831ER:01S:SIE262704397,PO-US-09166 shipped 073026 ASN 93248377 Qty 6240.xlsx,2026-07-30 17:56:34,2026-07-30 17:56:45,2026-07-30 17:56:44
P:10-00522ER:01S:SIE262606279,2026-07-29 17:00:00,SFOHOUT00052411,,93248377,PO-US-09166,,10-00522E,2026072815,1,,P:90-06831ER:01S:SIE262704383,PO-US-09166 shipped 073026 ASN 93248377 Qty 6240.xlsx,2026-07-30 17:56:34,2026-07-30 17:56:45,2026-07-30 17:56:44
P:10-00522ER:01S:SIE262606280,2026-07-29 17:00:00,SFOHOUT00052411,,93248377,PO-US-09166,,10-00522E,2026072814,1,,P:90-06831ER:01S:SIE262704380,PO-US-09166 shipped 073026 ASN 93248377 Qty 6240.xlsx,2026-07-30 17:56:34,2026-07-30 17:56:45,2026-07-30 17:56:44
P:10-00522ER:01S:SIE262606282,2026-07-29 17:00:00,SFOHOUT00052411,,93248377,PO-US-09166,,10-00522E,202607283,1,,P:90-06831ER:01S:SIE262704382,PO-US-09166 shipped 073026 ASN 93248377 Qty 6240.xlsx,2026-07-30 17:56:34,2026-07-30 17:56:45,2026-07-30 17:56:44
P:10-00522ER:01S:SIE262606283,2026-07-29 17:00:00,SFOHOUT00052411,,93248377,PO-US-09166,,10-00522E,202607283,1,,P:90-06831ER:01S:SIE262704382,PO-US-09166 shipped 073026 ASN 93248377 Qty 6240.xlsx,2026-07-30 17:56:34,2026-07-30 17:56:45,2026-07-30 17:56:44
P:10-00522ER:01S:SIE262606285,2026-07-29 17:00:00,SFOHOUT00052411,,93248377,PO-US-09166,,10-00522E,202607288,1,,P:90-06831ER:01S:SIE262704411,PO-US-09166 shipped 073026 ASN 93248377 Qty 6240.xlsx,2026-07-30 17:56:34,2026-07-30 17:56:45,2026-07-30 17:56:44
P:10-00522ER:01S:SIE262606287,2026-07-29 17:00:00,SFOHOUT00052411,,93248377,PO-US-09166,,10-00522E,202607283,1,,P:90-06831ER:01S:SIE262704398,PO-US-09166 shipped 073026 ASN 93248377 Qty 6240.xlsx,2026-07-30 17:56:34,2026-07-30 17:56:45,2026-07-30 17:56:44
P:10-00522ER:01S:SIE262606288,2026-07-29 17:00:00,SFOHOUT00052411,,93248377,PO-US-09166,,10-00522E,2026072813,1,,P:90-06831ER:01S:SIE262704353,PO-US-09166 shipped 073026 ASN 93248377 Qty 6240.xlsx,2026-07-30 17:56:34,2026-07-30 17:56:45,2026-07-30 17:56:44
P:10-00522ER:01S:SIE262606289,2026-07-29 17:00:00,SFOHOUT00052411,,93248377,PO-US-09166,,10-00522E,2026072814,1,,P:90-06831ER:01S:SIE262704379,PO-US-09166 shipped 073026 ASN 93248377 Qty 6240.xlsx,2026-07-30 17:56:34,2026-07-30 17:56:45,2026-07-30 17:56:44
P:10-00522ER:01S:SIE262606290,2026-07-29 17:00:00,SFOHOUT00052411,,93248377,PO-US-09166,,10-00522E,2026072815,1,,P:90-06831ER:01S:SIE262704389,PO-US-09166 shipped 073026 ASN 93248377 Qty 6240.xlsx,2026-07-30 17:56:34,2026-07-30 17:56:45,2026-07-30 17:56:44
P:10-00522ER:01S:SIE262606291,2026-07-29 17:00:00,SFOHOUT00052411,,93248377,PO-US-09166,,10-00522E,2026072815,1,,P:90-06831ER:01S:SIE262704384,PO-US-09166 shipped 073026 ASN 93248377 Qty 6240.xlsx,2026-07-30 17:56:34,2026-07-30 17:56:45,2026-07-30 17:56:44
P:10-00522ER:01S:SIE262606296,2026-07-29 17:00:00,SFOHOUT00052411,,93248377,PO-US-09166,,10-00522E,202607283,1,,P:90-06831ER:01S:SIE262704398,PO-US-09166 shipped 073026 ASN 93248377 Qty 6240.xlsx,2026-07-30 17:56:34,2026-07-30 17:56:45,2026-07-30 17:56:44
P:10-00522ER:01S:SIE262606297,2026-07-29 17:00:00,SFOHOUT00052411,,93248377,PO-US-09166,,10-00522E,202607283,1,,P:90-06831ER:01S:SIE262704393,PO-US-09166 shipped 073026 ASN 93248377 Qty 6240.xlsx,2026-07-30 17:56:34,2026-07-30 17:56:45,2026-07-30 17:56:44
P:10-00522ER:01S:SIE262606298,2026-07-29 17:00:00,SFOHOUT00052411,,93248377,PO-US-09166,,10-00522E,202607289,1,,P:90-06831ER:01S:SIE262704456,PO-US-09166 shipped 073026 ASN 93248377 Qty 6240.xlsx,2026-07-30 17:56:34,2026-07-30 17:56:45,2026-07-30 17:56:44
P:10-00522ER:01S:SIE262606299,2026-07-29 17:00:00,SFOHOUT00052411,,93248377,PO-US-09166,,10-00522E,2026072814,1,,P:90-06831ER:01S:SIE262704380,PO-US-09166 shipped 073026 ASN 93248377 Qty 6240.xlsx,2026-07-30 17:56:34,2026-07-30 17:56:45,2026-07-30 17:56:44
P:10-00522ER:01S:SIE262606300,2026-07-29 17:00:00,SFOHOUT00052411,,93248377,PO-US-09166,,10-00522E,2026072815,1,,P:90-06831ER:01S:SIE262704386,PO-US-09166 shipped 073026 ASN 93248377 Qty 6240.xlsx,2026-07-30 17:56:34,2026-07-30 17:56:45,2026-07-30 17:56:44
P:10-00522ER:01S:SIE262606301,2026-07-29 17:00:00,SFOHOUT00052411,,93248377,PO-US-09166,,10-00522E,2026072815,1,,P:90-06831ER:01S:SIE262704387,PO-US-09166 shipped 073026 ASN 93248377 Qty 6240.xlsx,2026-07-30 17:56:34,2026-07-30 17:56:45,2026-07-30 17:56:44
P:10-00522ER:01S:SIE262606302,2026-07-29 17:00:00,SFOHOUT00052411,,93248377,PO-US-09166,,10-00522E,2026072815,1,,P:90-06831ER:01S:SIE262704385,PO-US-09166 shipped 073026 ASN 93248377 Qty 6240.xlsx,2026-07-30 17:56:34,2026-07-30 17:56:45,2026-07-30 17:56:44
P:10-00522ER:01S:SIE262606303,2026-07-29 17:00:00,SFOHOUT00052411,,93248377,PO-US-09166,,10-00522E,2026072814,1,,P:90-06831ER:01S:SIE262704378,PO-US-09166 shipped 073026 ASN 93248377 Qty 6240.xlsx,2026-07-30 17:56:34,2026-07-30 17:56:45,2026-07-30 17:56:44
P:10-00522ER:01S:SIE262606304,2026-07-29 17:00:00,SFOHOUT00052411,,93248377,PO-US-09166,,10-00522E,2026072815,1,,P:90-06831ER:01S:SIE262704397,PO-US-09166 shipped 073026 ASN 93248377 Qty 6240.xlsx,2026-07-30 17:56:34,2026-07-30 17:56:45,2026-07-30 17:56:44
P:10-00522ER:01S:SIE262606306,2026-07-29 17:00:00,SFOHOUT00052411,,93248377,PO-US-09166,,10-00522E,2026072814,1,,P:90-06831ER:01S:SIE262704374,PO-US-09166 shipped 073026 ASN 93248377 Qty 6240.xlsx,2026-07-30 17:56:34,2026-07-30 17:56:45,2026-07-30 17:56:44
P:10-00522ER:01S:SIE262606307,2026-07-29 17:00:00,SFOHOUT00052411,,93248377,PO-US-09166,,10-00522E,2026072811,1,,P:90-06831ER:01S:SIE262811630,PO-US-09166 shipped 073026 ASN 93248377 Qty 6240.xlsx,2026-07-30 17:56:34,2026-07-30 17:56:45,2026-07-30 17:56:44
P:10-00522ER:01S:SIE262606308,2026-07-29 17:00:00,SFOHOUT00052411,,93248377,PO-US-09166,,10-00522E,2026072814,1,,P:90-06831ER:01S:SIE262704370,PO-US-09166 shipped 073026 ASN 93248377 Qty 6240.xlsx,2026-07-30 17:56:34,2026-07-30 17:56:45,2026-07-30 17:56:44
P:10-00522ER:01S:SIE262606309,2026-07-29 17:00:00,SFOHOUT00052411,,93248377,PO-US-09166,,10-00522E,2026072811,1,,P:90-06831ER:01S:SIE262811628,PO-US-09166 shipped 073026 ASN 93248377 Qty 6240.xlsx,2026-07-30 17:56:34,2026-07-30 17:56:45,2026-07-30 17:56:44
P:10-00522ER:01S:SIE262606311,2026-07-29 17:00:00,SFOHOUT00052411,,93248377,PO-US-09166,,10-00522E,2026072814,1,,P:90-06831ER:01S:SIE262704374,PO-US-09166 shipped 073026 ASN 93248377 Qty 6240.xlsx,2026-07-30 17:56:34,2026-07-30 17:56:45,2026-07-30 17:56:44
P:10-00522ER:01S:SIE262606312,2026-07-29 17:00:00,SFOHOUT00052411,,93248377,PO-US-09166,,10-00522E,202607283,1,,P:90-06831ER:01S:SIE262704388,PO-US-09166 shipped 073026 ASN 93248377 Qty 6240.xlsx,2026-07-30 17:56:34,2026-07-30 17:56:45,2026-07-30 17:56:44
P:10-00522ER:01S:SIE262606313,2026-07-29 17:00:00,SFOHOUT00052411,,93248377,PO-US-09166,,10-00522E,2026072815,1,,P:90-06831ER:01S:SIE262704386,PO-US-09166 shipped 073026 ASN 93248377 Qty 6240.xlsx,2026-07-30 17:56:34,2026-07-30 17:56:45,2026-07-30 17:56:44
P:10-00522ER:01S:SIE262606314,2026-07-29 17:00:00,SFOHOUT00052411,,93248377,PO-US-09166,,10-00522E,202607288,1,,P:90-06831ER:01S:SIE262704407,PO-US-09166 shipped 073026 ASN 93248377 Qty 6240.xlsx,2026-07-30 17:56:34,2026-07-30 17:56:45,2026-07-30 17:56:44
P:10-00522ER:01S:SIE262606315,2026-07-29 17:00:00,SFOHOUT00052411,,93248377,PO-US-09166,,10-00522E,2026072814,1,,P:90-06831ER:01S:SIE262704381,PO-US-09166 shipped 073026 ASN 93248377 Qty 6240.xlsx,2026-07-30 17:56:34,2026-07-30 17:56:45,2026-07-30 17:56:44
P:10-00522ER:01S:SIE262606316,2026-07-29 17:00:00,SFOHOUT00052411,,93248377,PO-US-09166,,10-00522E,202607288,1,,P:90-06831ER:01S:SIE262704408,PO-US-09166 shipped 073026 ASN 93248377 Qty 6240.xlsx,2026-07-30 17:56:34,2026-07-30 17:56:45,2026-07-30 17:56:44
P:10-00522ER:01S:SIE262606317,2026-07-29 17:00:00,SFOHOUT00052411,,93248377,PO-US-09166,,10-00522E,2026072811,1,,P:90-06831ER:01S:SIE262811630,PO-US-09166 shipped 073026 ASN 93248377 Qty 6240.xlsx,2026-07-30 17:56:34,2026-07-30 17:56:45,2026-07-30 17:56:44
P:10-00522ER:01S:SIE262606320,2026-07-29 17:00:00,SFOHOUT00052411,,93248377,PO-US-09166,,10-00522E,202607283,1,,P:90-06831ER:01S:SIE262704395,PO-US-09166 shipped 073026 ASN 93248377 Qty 6240.xlsx,2026-07-30 17:56:34,2026-07-30 17:56:45,2026-07-30 17:56:44
P:10-00522ER:01S:SIE262606321,2026-07-29 17:00:00,SFOHOUT00052411,,93248377,PO-US-09166,,10-00522E,2026072815,1,,P:90-06831ER:01S:SIE262704386,PO-US-09166 shipped 073026 ASN 93248377 Qty 6240.xlsx,2026-07-30 17:56:34,2026-07-30 17:56:45,2026-07-30 17:56:44
P:10-00522ER:01S:SIE262606322,2026-07-29 17:00:00,SFOHOUT00052411,,93248377,PO-US-09166,,10-00522E,2026072815,1,,P:90-06831ER:01S:SIE262704383,PO-US-09166 shipped 073026 ASN 93248377 Qty 6240.xlsx,2026-07-30 17:56:34,2026-07-30 17:56:45,2026-07-30 17:56:44
P:10-00522ER:01S:SIE262606323,2026-07-29 17:00:00,SFOHOUT00052411,,93248377,PO-US-09166,,10-00522E,2026072814,1,,P:90-06831ER:01S:SIE262704379,PO-US-09166 shipped 073026 ASN 93248377 Qty 6240.xlsx,2026-07-30 17:56:34,2026-07-30 17:56:45,2026-07-30 17:56:44
P:10-00522ER:01S:SIE262606324,2026-07-29 17:00:00,SFOHOUT00052411,,93248377,PO-US-09166,,10-00522E,2026072815,1,,P:90-06831ER:01S:SIE262704389,PO-US-09166 shipped 073026 ASN 93248377 Qty 6240.xlsx,2026-07-30 17:56:34,2026-07-30 17:56:45,2026-07-30 17:56:44
P:10-00522ER:01S:SIE262606326,2026-07-29 17:00:00,SFOHOUT00052411,,93248377,PO-US-09166,,10-00522E,2026072814,1,,P:90-06831ER:01S:SIE262704381,PO-US-09166 shipped 073026 ASN 93248377 Qty 6240.xlsx,2026-07-30 17:56:34,2026-07-30 17:56:45,2026-07-30 17:56:44
P:10-00522ER:01S:SIE262606328,2026-07-29 17:00:00,SFOHOUT00052411,,93248377,PO-US-09166,,10-00522E,2026072815,1,,P:90-06831ER:01S:SIE262704397,PO-US-09166 shipped 073026 ASN 93248377 Qty 6240.xlsx,2026-07-30 17:56:34,2026-07-30 17:56:45,2026-07-30 17:56:44
P:10-00522ER:01S:SIE262606329,2026-07-29 17:00:00,SFOHOUT00052411,,93248377,PO-US-09166,,10-00522E,2026072814,1,,P:90-06831ER:01S:SIE262704375,PO-US-09166 shipped 073026 ASN 93248377 Qty 6240.xlsx,2026-07-30 17:56:34,2026-07-30 17:56:45,2026-07-30 17:56:44
P:10-00522ER:01S:SIE262606330,2026-07-29 17:00:00,SFOHOUT00052411,,93248377,PO-US-09166,,10-00522E,2026072813,1,,P:90-06831ER:01S:SIE262704353,PO-US-09166 shipped 073026 ASN 93248377 Qty 6240.xlsx,2026-07-30 17:56:34,2026-07-30 17:56:45,2026-07-30 17:56:44
P:10-00522ER:01S:SIE262606331,2026-07-29 17:00:00,SFOHOUT00052411,,93248377,PO-US-09166,,10-00522E,2026072813,1,,P:90-06831ER:01S:SIE262704353,PO-US-09166 shipped 073026 ASN 93248377 Qty 6240.xlsx,2026-07-30 17:56:34,2026-07-30 17:56:45,2026-07-30 17:56:44
P:10-00522ER:01S:SIE262606335,2026-07-29 17:00:00,SFOHOUT00052411,,93248377,PO-US-09166,,10-00522E,2026072815,1,,P:90-06831ER:01S:SIE262704397,PO-US-09166 shipped 073026 ASN 93248377 Qty 6240.xlsx,2026-07-30 17:56:34,2026-07-30 17:56:45,2026-07-30 17:56:44
P:10-00522ER:01S:SIE262606338,2026-07-29 17:00:00,SFOHOUT00052411,,93248377,PO-US-09166,,10-00522E,2026072814,1,,P:90-06831ER:01S:SIE262704373,PO-US-09166 shipped 073026 ASN 93248377 Qty 6240.xlsx,2026-07-30 17:56:34,2026-07-30 17:56:45,2026-07-30 17:56:44
P:10-00522ER:01S:SIE262606339,2026-07-29 17:00:00,SFOHOUT00052411,,93248377,PO-US-09166,,10-00522E,2026072811,1,,P:90-06831ER:01S:SIE262811616,PO-US-09166 shipped 073026 ASN 93248377 Qty 6240.xlsx,2026-07-30 17:56:34,2026-07-30 17:56:45,2026-07-30 17:56:44
P:10-00522ER:01S:SIE262606341,2026-07-29 17:00:00,SFOHOUT00052411,,93248377,PO-US-09166,,10-00522E,202607288,1,,P:90-06831ER:01S:SIE262704410,PO-US-09166 shipped 073026 ASN 93248377 Qty 6240.xlsx,2026-07-30 17:56:34,2026-07-30 17:56:45,2026-07-30 17:56:44
P:10-00522ER:01S:SIE262606342,2026-07-29 17:00:00,SFOHOUT00052411,,93248377,PO-US-09166,,10-00522E,2026072814,1,,P:90-06831ER:01S:SIE262704376,PO-US-09166 shipped 073026 ASN 93248377 Qty 6240.xlsx,2026-07-30 17:56:34,2026-07-30 17:56:45,2026-07-30 17:56:44
P:10-00522ER:01S:SIE262606343,2026-07-29 17:00:00,SFOHOUT00052411,,93248377,PO-US-09166,,10-00522E,2026072814,1,,P:90-06831ER:01S:SIE262704376,PO-US-09166 shipped 073026 ASN 93248377 Qty 6240.xlsx,2026-07-30 17:56:34,2026-07-30 17:56:45,2026-07-30 17:56:44
P:10-00522ER:01S:SIE262606349,2026-07-29 17:00:00,SFOHOUT00052411,,93248377,PO-US-09166,,10-00522E,202607283,1,,P:90-06831ER:01S:SIE262704393,PO-US-09166 shipped 073026 ASN 93248377 Qty 6240.xlsx,2026-07-30 17:56:34,2026-07-30 17:56:45,2026-07-30 17:56:44
P:10-00522ER:01S:SIE262606350,2026-07-29 17:00:00,SFOHOUT00052411,,93248377,PO-US-09166,,10-00522E,202607283,1,,P:90-06831ER:01S:SIE262704398,PO-US-09166 shipped 073026 ASN 93248377 Qty 6240.xlsx,2026-07-30 17:56:34,2026-07-30 17:56:45,2026-07-30 17:56:44
P:10-00522ER:01S:SIE262606351,2026-07-29 17:00:00,SFOHOUT00052411,,93248377,PO-US-09166,,10-00522E,2026072814,1,,P:90-06831ER:01S:SIE262704376,PO-US-09166 shipped 073026 ASN 93248377 Qty 6240.xlsx,2026-07-30 17:56:34,2026-07-30 17:56:45,2026-07-30 17:56:44
P:10-00522ER:01S:SIE262606353,2026-07-29 17:00:00,SFOHOUT00052411,,93248377,PO-US-09166,,10-00522E,2026072815,1,,P:90-06831ER:01S:SIE262704386,PO-US-09166 shipped 073026 ASN 93248377 Qty 6240.xlsx,2026-07-30 17:56:34,2026-07-30 17:56:45,2026-07-30 17:56:44
P:10-00522ER:01S:SIE262606354,2026-07-29 17:00:00,SFOHOUT00052411,,93248377,PO-US-09166,,10-00522E,2026072815,1,,P:90-06831ER:01S:SIE262704386,PO-US-09166 shipped 073026 ASN 93248377 Qty 6240.xlsx,2026-07-30 17:56:34,2026-07-30 17:56:45,2026-07-30 17:56:44
P:10-00522ER:01S:SIE262606355,2026-07-29 17:00:00,SFOHOUT00052411,,93248377,PO-US-09166,,10-00522E,2026072815,1,,P:90-06831ER:01S:SIE262704387,PO-US-09166 shipped 073026 ASN 93248377 Qty 6240.xlsx,2026-07-30 17:56:34,2026-07-30 17:56:45,2026-07-30 17:56:44
P:10-00522ER:01S:SIE262606357,2026-07-29 17:00:00,SFOHOUT00052411,,93248377,PO-US-09166,,10-00522E,202607283,1,,P:90-06831ER:01S:SIE262704398,PO-US-09166 shipped 073026 ASN 93248377 Qty 6240.xlsx,2026-07-30 17:56:34,2026-07-30 17:56:45,2026-07-30 17:56:44
P:10-00522ER:01S:SIE262606358,2026-07-29 17:00:00,SFOHOUT00052411,,93248377,PO-US-09166,,10-00522E,202607283,1,,P:90-06831ER:01S:SIE262704460,PO-US-09166 shipped 073026 ASN 93248377 Qty 6240.xlsx,2026-07-30 17:56:34,2026-07-30 17:56:45,2026-07-30 17:56:44
P:10-00522ER:01S:SIE262606359,2026-07-29 17:00:00,SFOHOUT00052411,,93248377,PO-US-09166,,10-00522E,202607289,1,,P:90-06831ER:01S:SIE262704454,PO-US-09166 shipped 073026 ASN 93248377 Qty 6240.xlsx,2026-07-30 17:56:34,2026-07-30 17:56:45,2026-07-30 17:56:44
P:10-00522ER:01S:SIE262606360,2026-07-29 17:00:00,SFOHOUT00052411,,93248377,PO-US-09166,,10-00522E,2026072814,1,,P:90-06831ER:01S:SIE262704375,PO-US-09166 shipped 073026 ASN 93248377 Qty 6240.xlsx,2026-07-30 17:56:34,2026-07-30 17:56:45,2026-07-30 17:56:44
P:10-00522ER:01S:SIE262606361,2026-07-29 17:00:00,SFOHOUT00052411,,93248377,PO-US-09166,,10-00522E,202607283,1,,P:90-06831ER:01S:SIE262704388,PO-US-09166 shipped 073026 ASN 93248377 Qty 6240.xlsx,2026-07-30 17:56:34,2026-07-30 17:56:45,2026-07-30 17:56:44
P:10-00522ER:01S:SIE262606363,2026-07-29 17:00:00,SFOHOUT00052411,,93248377,PO-US-09166,,10-00522E,202607283,1,,P:90-06831ER:01S:SIE262704460,PO-US-09166 shipped 073026 ASN 93248377 Qty 6240.xlsx,2026-07-30 17:56:34,2026-07-30 17:56:45,2026-07-30 17:56:44
P:10-00522ER:01S:SIE262606364,2026-07-29 17:00:00,SFOHOUT00052411,,93248377,PO-US-09166,,10-00522E,2026072814,1,,P:90-06831ER:01S:SIE262704370,PO-US-09166 shipped 073026 ASN 93248377 Qty 6240.xlsx,2026-07-30 17:56:34,2026-07-30 17:56:45,2026-07-30 17:56:44
P:10-00522ER:01S:SIE262606365,2026-07-29 17:00:00,SFOHOUT00052411,,93248377,PO-US-09166,,10-00522E,202607283,1,,P:90-06831ER:01S:SIE262704396,PO-US-09166 shipped 073026 ASN 93248377 Qty 6240.xlsx,2026-07-30 17:56:34,2026-07-30 17:56:45,2026-07-30 17:56:44
P:10-00522ER:01S:SIE262606366,2026-07-29 17:00:00,SFOHOUT00052411,,93248377,PO-US-09166,,10-00522E,2026072814,1,,P:90-06831ER:01S:SIE262704370,PO-US-09166 shipped 073026 ASN 93248377 Qty 6240.xlsx,2026-07-30 17:56:34,2026-07-30 17:56:45,2026-07-30 17:56:44
P:10-00522ER:01S:SIE262606367,2026-07-29 17:00:00,SFOHOUT00052411,,93248377,PO-US-09166,,10-00522E,202607283,1,,P:90-06831ER:01S:SIE262704460,PO-US-09166 shipped 073026 ASN 93248377 Qty 6240.xlsx,2026-07-30 17:56:34,2026-07-30 17:56:45,2026-07-30 17:56:44
P:10-00522ER:01S:SIE262606368,2026-07-29 17:00:00,SFOHOUT00052411,,93248377,PO-US-09166,,10-00522E,2026072815,1,,P:90-06831ER:01S:SIE262704387,PO-US-09166 shipped 073026 ASN 93248377 Qty 6240.xlsx,2026-07-30 17:56:34,2026-07-30 17:56:45,2026-07-30 17:56:44
P:10-00522ER:01S:SIE262606369,2026-07-29 17:00:00,SFOHOUT00052411,,93248377,PO-US-09166,,10-00522E,2026072814,1,,P:90-06831ER:01S:SIE262704370,PO-US-09166 shipped 073026 ASN 93248377 Qty 6240.xlsx,2026-07-30 17:56:34,2026-07-30 17:56:45,2026-07-30 17:56:44
P:10-00522ER:01S:SIE262606370,2026-07-29 17:00:00,SFOHOUT00052411,,93248377,PO-US-09166,,10-00522E,2026072815,1,,P:90-06831ER:01S:SIE262704385,PO-US-09166 shipped 073026 ASN 93248377 Qty 6240.xlsx,2026-07-30 17:56:34,2026-07-30 17:56:45,2026-07-30 17:56:44
P:10-00522ER:01S:SIE262606373,2026-07-29 17:00:00,SFOHOUT00052411,,93248377,PO-US-09166,,10-00522E,2026072814,1,,P:90-06831ER:01S:SIE262704372,PO-US-09166 shipped 073026 ASN 93248377 Qty 6240.xlsx,2026-07-30 17:56:34,2026-07-30 17:56:45,2026-07-30 17:56:44
P:10-00522ER:01S:SIE262606376,2026-07-29 17:00:00,SFOHOUT00052411,,93248377,PO-US-09166,,10-00522E,2026072815,1,,P:90-06831ER:01S:SIE262704397,PO-US-09166 shipped 073026 ASN 93248377 Qty 6240.xlsx,2026-07-30 17:56:34,2026-07-30 17:56:45,2026-07-30 17:56:44
P:10-00522ER:01S:SIE262606377,2026-07-29 17:00:00,SFOHOUT00052411,,93248377,PO-US-09166,,10-00522E,2026072817,1,,P:90-06831ER:01S:SIE262704434,PO-US-09166 shipped 073026 ASN 93248377 Qty 6240.xlsx,2026-07-30 17:56:34,2026-07-30 17:56:45,2026-07-30 17:56:44
P:10-00522ER:01S:SIE262606378,2026-07-29 17:00:00,SFOHOUT00052411,,93248377,PO-US-09166,,10-00522E,202607283,1,,P:90-06831ER:01S:SIE262704382,PO-US-09166 shipped 073026 ASN 93248377 Qty 6240.xlsx,2026-07-30 17:56:34,2026-07-30 17:56:45,2026-07-30 17:56:44
P:10-00522ER:01S:SIE262606379,2026-07-29 17:00:00,SFOHOUT00052411,,93248377,PO-US-09166,,10-00522E,2026072815,1,,P:90-06831ER:01S:SIE262704385,PO-US-09166 shipped 073026 ASN 93248377 Qty 6240.xlsx,2026-07-30 17:56:34,2026-07-30 17:56:45,2026-07-30 17:56:44
P:10-00522ER:01S:SIE262606380,2026-07-29 17:00:00,SFOHOUT00052411,,93248377,PO-US-09166,,10-00522E,202607283,1,,P:90-06831ER:01S:SIE262704388,PO-US-09166 shipped 073026 ASN 93248377 Qty 6240.xlsx,2026-07-30 17:56:34,2026-07-30 17:56:45,2026-07-30 17:56:44
P:10-00522ER:01S:SIE262606381,2026-07-29 17:00:00,SFOHOUT00052411,,93248377,PO-US-09166,,10-00522E,202607283,1,,P:90-06831ER:01S:SIE262704398,PO-US-09166 shipped 073026 ASN 93248377 Qty 6240.xlsx,2026-07-30 17:56:34,2026-07-30 17:56:45,2026-07-30 17:56:44
P:10-00522ER:01S:SIE262606382,2026-07-29 17:00:00,SFOHOUT00052411,,93248377,PO-US-09166,,10-00522E,202607283,1,,P:90-06831ER:01S:SIE262704396,PO-US-09166 shipped 073026 ASN 93248377 Qty 6240.xlsx,2026-07-30 17:56:34,2026-07-30 17:56:45,2026-07-30 17:56:44
P:10-00522ER:01S:SIE262606383,2026-07-29 17:00:00,SFOHOUT00052411,,93248377,PO-US-09166,,10-00522E,2026072814,1,,P:90-06831ER:01S:SIE262704375,PO-US-09166 shipped 073026 ASN 93248377 Qty 6240.xlsx,2026-07-30 17:56:34,2026-07-30 17:56:45,2026-07-30 17:56:44
P:10-00522ER:01S:SIE262606384,2026-07-29 17:00:00,SFOHOUT00052411,,93248377,PO-US-09166,,10-00522E,2026072814,1,,P:90-06831ER:01S:SIE262704372,PO-US-09166 shipped 073026 ASN 93248377 Qty 6240.xlsx,2026-07-30 17:56:34,2026-07-30 17:56:45,2026-07-30 17:56:44
P:10-00522ER:01S:SIE262606385,2026-07-29 17:00:00,SFOHOUT00052411,,93248377,PO-US-09166,,10-00522E,2026072815,1,,P:90-06831ER:01S:SIE262704387,PO-US-09166 shipped 073026 ASN 93248377 Qty 6240.xlsx,2026-07-30 17:56:34,2026-07-30 17:56:45,2026-07-30 17:56:44
P:10-00522ER:01S:SIE262606387,2026-07-29 17:00:00,SFOHOUT00052411,,93248377,PO-US-09166,,10-00522E,202607283,1,,P:90-06831ER:01S:SIE262704388,PO-US-09166 shipped 073026 ASN 93248377 Qty 6240.xlsx,2026-07-30 17:56:34,2026-07-30 17:56:45,2026-07-30 17:56:44
P:10-00522ER:01S:SIE262606388,2026-07-29 17:00:00,SFOHOUT00052411,,93248377,PO-US-09166,,10-00522E,202607283,1,,P:90-06831ER:01S:SIE262704388,PO-US-09166 shipped 073026 ASN 93248377 Qty 6240.xlsx,2026-07-30 17:56:34,2026-07-30 17:56:45,2026-07-30 17:56:44
P:10-00522ER:01S:SIE262606389,2026-07-29 17:00:00,SFOHOUT00052411,,93248377,PO-US-09166,,10-00522E,2026072815,1,,P:90-06831ER:01S:SIE262704397,PO-US-09166 shipped 073026 ASN 93248377 Qty 6240.xlsx,2026-07-30 17:56:34,2026-07-30 17:56:45,2026-07-30 17:56:44
P:10-00522ER:01S:SIE262606390,2026-07-29 17:00:00,SFOHOUT00052411,,93248377,PO-US-09166,,10-00522E,202607283,1,,P:90-06831ER:01S:SIE262704388,PO-US-09166 shipped 073026 ASN 93248377 Qty 6240.xlsx,2026-07-30 17:56:34,2026-07-30 17:56:45,2026-07-30 17:56:44
P:10-00522ER:01S:SIE262606392,2026-07-29 17:00:00,SFOHOUT00052411,,93248377,PO-US-09166,,10-00522E,2026072817,1,,P:90-06831ER:01S:SIE262704434,PO-US-09166 shipped 073026 ASN 93248377 Qty 6240.xlsx,2026-07-30 17:56:34,2026-07-30 17:56:45,2026-07-30 17:56:44
P:10-00522ER:01S:SIE262606393,2026-07-29 17:00:00,SFOHOUT00052411,,93248377,PO-US-09166,,10-00522E,2026072815,1,,P:90-06831ER:01S:SIE262704385,PO-US-09166 shipped 073026 ASN 93248377 Qty 6240.xlsx,2026-07-30 17:56:34,2026-07-30 17:56:45,2026-07-30 17:56:44
P:10-00522ER:01S:SIE262606395,2026-07-29 17:00:00,SFOHOUT00052411,,93248377,PO-US-09166,,10-00522E,2026072814,1,,P:90-06831ER:01S:SIE262704378,PO-US-09166 shipped 073026 ASN 93248377 Qty 6240.xlsx,2026-07-30 17:56:34,2026-07-30 17:56:45,2026-07-30 17:56:44
P:10-00522ER:01S:SIE262606396,2026-07-29 17:00:00,SFOHOUT00052411,,93248377,PO-US-09166,,10-00522E,2026072815,1,,P:90-06831ER:01S:SIE262704384,PO-US-09166 shipped 073026 ASN 93248377 Qty 6240.xlsx,2026-07-30 17:56:34,2026-07-30 17:56:45,2026-07-30 17:56:44
P:10-00522ER:01S:SIE262606397,2026-07-29 17:00:00,SFOHOUT00052411,,93248377,PO-US-09166,,10-00522E,2026072814,1,,P:90-06831ER:01S:SIE262704379,PO-US-09166 shipped 073026 ASN 93248377 Qty 6240.xlsx,2026-07-30 17:56:34,2026-07-30 17:56:45,2026-07-30 17:56:44
P:10-00522ER:01S:SIE262606399,2026-07-29 17:00:00,SFOHOUT00052411,,93248377,PO-US-09166,,10-00522E,2026072814,1,,P:90-06831ER:01S:SIE262704374,PO-US-09166 shipped 073026 ASN 93248377 Qty 6240.xlsx,2026-07-30 17:56:34,2026-07-30 17:56:45,2026-07-30 17:56:44
P:10-00522ER:01S:SIE262606400,2026-07-29 17:00:00,SFOHOUT00052411,,93248377,PO-US-09166,,10-00522E,2026072814,1,,P:90-06831ER:01S:SIE262704374,PO-US-09166 shipped 073026 ASN 93248377 Qty 6240.xlsx,2026-07-30 17:56:34,2026-07-30 17:56:45,2026-07-30 17:56:44
P:10-00522ER:01S:SIE262606401,2026-07-29 17:00:00,SFOHOUT00052411,,93248377,PO-US-09166,,10-00522E,2026072814,1,,P:90-06831ER:01S:SIE262704380,PO-US-09166 shipped 073026 ASN 93248377 Qty 6240.xlsx,2026-07-30 17:56:34,2026-07-30 17:56:45,2026-07-30 17:56:44
P:10-00522ER:01S:SIE262606407,2026-07-29 17:00:00,SFOHOUT00052411,,93248377,PO-US-09166,,10-00522E,2026072814,1,,P:90-06831ER:01S:SIE262704380,PO-US-09166 shipped 073026 ASN 93248377 Qty 6240.xlsx,2026-07-30 17:56:34,2026-07-30 17:56:45,2026-07-30 17:56:44
P:10-00522ER:01S:SIE262606413,2026-07-29 17:00:00,SFOHOUT00052411,,93248377,PO-US-09166,,10-00522E,202607286,1,,P:90-06831ER:01S:SIE262811693,PO-US-09166 shipped 073026 ASN 93248377 Qty 6240.xlsx,2026-07-30 17:56:34,2026-07-30 17:56:45,2026-07-30 17:56:44
P:10-00522ER:01S:SIE262606414,2026-07-29 17:00:00,SFOHOUT00052411,,93248377,PO-US-09166,,10-00522E,2026072814,1,,P:90-06831ER:01S:SIE262704372,PO-US-09166 shipped 073026 ASN 93248377 Qty 6240.xlsx,2026-07-30 17:56:34,2026-07-30 17:56:45,2026-07-30 17:56:44
P:10-00522ER:01S:SIE262606415,2026-07-29 17:00:00,SFOHOUT00052411,,93248377,PO-US-09166,,10-00522E,2026072815,1,,P:90-06831ER:01S:SIE262704385,PO-US-09166 shipped 073026 ASN 93248377 Qty 6240.xlsx,2026-07-30 17:56:34,2026-07-30 17:56:45,2026-07-30 17:56:44
P:10-00522ER:01S:SIE262606416,2026-07-29 17:00:00,SFOHOUT00052411,,93248377,PO-US-09166,,10-00522E,2026072814,1,,P:90-06831ER:01S:SIE262704380,PO-US-09166 shipped 073026 ASN 93248377 Qty 6240.xlsx,2026-07-30 17:56:34,2026-07-30 17:56:45,2026-07-30 17:56:44
P:10-00522ER:01S:SIE262606418,2026-07-29 17:00:00,SFOHOUT00052411,,93248377,PO-US-09166,,10-00522E,2026072814,1,,P:90-06831ER:01S:SIE262704379,PO-US-09166 shipped 073026 ASN 93248377 Qty 6240.xlsx,2026-07-30 17:56:34,2026-07-30 17:56:45,2026-07-30 17:56:44
P:10-00522ER:01S:SIE262606422,2026-07-29 17:00:00,SFOHOUT00052411,,93248377,PO-US-09166,,10-00522E,202607288,1,,P:90-06831ER:01S:SIE262704408,PO-US-09166 shipped 073026 ASN 93248377 Qty 6240.xlsx,2026-07-30 17:56:34,2026-07-30 17:56:45,2026-07-30 17:56:44
P:10-00522ER:01S:SIE262606424,2026-07-29 17:00:00,SFOHOUT00052411,,93248377,PO-US-09166,,10-00522E,2026072815,1,,P:90-06831ER:01S:SIE262704383,PO-US-09166 shipped 073026 ASN 93248377 Qty 6240.xlsx,2026-07-30 17:56:34,2026-07-30 17:56:45,2026-07-30 17:56:44
P:10-00522ER:01S:SIE262606427,2026-07-29 17:00:00,SFOHOUT00052411,,93248377,PO-US-09166,,10-00522E,2026072815,1,,P:90-06831ER:01S:SIE262704384,PO-US-09166 shipped 073026 ASN 93248377 Qty 6240.xlsx,2026-07-30 17:56:34,2026-07-30 17:56:45,2026-07-30 17:56:44
P:10-00522ER:01S:SIE262606432,2026-07-29 17:00:00,SFOHOUT00052411,,93248377,PO-US-09166,,10-00522E,2026072814,1,,P:90-06831ER:01S:SIE262704380,PO-US-09166 shipped 073026 ASN 93248377 Qty 6240.xlsx,2026-07-30 17:56:34,2026-07-30 17:56:45,2026-07-30 17:56:44
P:10-00522ER:01S:SIE262606434,2026-07-29 17:00:00,SFOHOUT00052411,,93248377,PO-US-09166,,10-00522E,2026072811,1,,P:90-06831ER:01S:SIE262811630,PO-US-09166 shipped 073026 ASN 93248377 Qty 6240.xlsx,2026-07-30 17:56:34,2026-07-30 17:56:45,2026-07-30 17:56:44
P:10-00522ER:01S:SIE262606435,2026-07-29 17:00:00,SFOHOUT00052411,,93248377,PO-US-09166,,10-00522E,2026072815,1,,P:90-06831ER:01S:SIE262704386,PO-US-09166 shipped 073026 ASN 93248377 Qty 6240.xlsx,2026-07-30 17:56:34,2026-07-30 17:56:45,2026-07-30 17:56:44
P:10-00522ER:01S:SIE262606438,2026-07-29 17:00:00,SFOHOUT00052411,,93248377,PO-US-09166,,10-00522E,2026072815,1,,P:90-06831ER:01S:SIE262704384,PO-US-09166 shipped 073026 ASN 93248377 Qty 6240.xlsx,2026-07-30 17:56:34,2026-07-30 17:56:45,2026-07-30 17:56:44
P:10-00522ER:01S:SIE262606439,2026-07-29 17:00:00,SFOHOUT00052411,,93248377,PO-US-09166,,10-00522E,2026072814,1,,P:90-06831ER:01S:SIE262704374,PO-US-09166 shipped 073026 ASN 93248377 Qty 6240.xlsx,2026-07-30 17:56:34,2026-07-30 17:56:45,2026-07-30 17:56:44
P:10-00522ER:01S:SIE262606441,2026-07-29 17:00:00,SFOHOUT00052411,,93248377,PO-US-09166,,10-00522E,202607288,1,,P:90-06831ER:01S:SIE262704407,PO-US-09166 shipped 073026 ASN 93248377 Qty 6240.xlsx,2026-07-30 17:56:34,2026-07-30 17:56:45,2026-07-30 17:56:44
P:10-00522ER:01S:SIE262606442,2026-07-29 17:00:00,SFOHOUT00052411,,93248377,PO-US-09166,,10-00522E,202607283,1,,P:90-06831ER:01S:SIE262704460,PO-US-09166 shipped 073026 ASN 93248377 Qty 6240.xlsx,2026-07-30 17:56:34,2026-07-30 17:56:45,2026-07-30 17:56:44
P:10-00522ER:01S:SIE262606443,2026-07-29 17:00:00,SFOHOUT00052411,,93248377,PO-US-09166,,10-00522E,202607283,1,,P:90-06831ER:01S:SIE262704395,PO-US-09166 shipped 073026 ASN 93248377 Qty 6240.xlsx,2026-07-30 17:56:34,2026-07-30 17:56:45,2026-07-30 17:56:44
P:10-00522ER:01S:SIE262606445,2026-07-29 17:00:00,SFOHOUT00052411,,93248377,PO-US-09166,,10-00522E,202607282,1,,P:90-06831ER:01S:SIE262811603,PO-US-09166 shipped 073026 ASN 93248377 Qty 6240.xlsx,2026-07-30 17:56:34,2026-07-30 17:56:45,2026-07-30 17:56:44
P:10-00522ER:01S:SIE262606448,2026-07-29 17:00:00,SFOHOUT00052411,,93248377,PO-US-09166,,10-00522E,2026072814,1,,P:90-06831ER:01S:SIE262704379,PO-US-09166 shipped 073026 ASN 93248377 Qty 6240.xlsx,2026-07-30 17:56:34,2026-07-30 17:56:45,2026-07-30 17:56:44
P:10-00522ER:01S:SIE262606449,2026-07-29 17:00:00,SFOHOUT00052411,,93248377,PO-US-09166,,10-00522E,2026072811,1,,P:90-06831ER:01S:SIE262811629,PO-US-09166 shipped 073026 ASN 93248377 Qty 6240.xlsx,2026-07-30 17:56:34,2026-07-30 17:56:45,2026-07-30 17:56:44
P:10-00522ER:01S:SIE262606450,2026-07-29 17:00:00,SFOHOUT00052411,,93248377,PO-US-09166,,10-00522E,2026072815,1,,P:90-06831ER:01S:SIE262704386,PO-US-09166 shipped 073026 ASN 93248377 Qty 6240.xlsx,2026-07-30 17:56:34,2026-07-30 17:56:45,2026-07-30 17:56:44
P:10-00522ER:01S:SIE262606452,2026-07-29 17:00:00,SFOHOUT00052411,,93248377,PO-US-09166,,10-00522E,2026072815,1,,P:90-06831ER:01S:SIE262704385,PO-US-09166 shipped 073026 ASN 93248377 Qty 6240.xlsx,2026-07-30 17:56:34,2026-07-30 17:56:45,2026-07-30 17:56:44
P:10-00522ER:01S:SIE262606453,2026-07-29 17:00:00,SFOHOUT00052411,,93248377,PO-US-09166,,10-00522E,2026072815,1,,P:90-06831ER:01S:SIE262704383,PO-US-09166 shipped 073026 ASN 93248377 Qty 6240.xlsx,2026-07-30 17:56:34,2026-07-30 17:56:45,2026-07-30 17:56:44
P:10-00522ER:01S:SIE262606454,2026-07-29 17:00:00,SFOHOUT00052411,,93248377,PO-US-09166,,10-00522E,202607283,1,,P:90-06831ER:01S:SIE262704395,PO-US-09166 shipped 073026 ASN 93248377 Qty 6240.xlsx,2026-07-30 17:56:34,2026-07-30 17:56:45,2026-07-30 17:56:44
P:10-00522ER:01S:SIE262606455,2026-07-29 17:00:00,SFOHOUT00052411,,93248377,PO-US-09166,,10-00522E,202607282,1,,P:90-06831ER:01S:SIE262811603,PO-US-09166 shipped 073026 ASN 93248377 Qty 6240.xlsx,2026-07-30 17:56:34,2026-07-30 17:56:45,2026-07-30 17:56:44
P:10-00522ER:01S:SIE262606456,2026-07-29 17:00:00,SFOHOUT00052411,,93248377,PO-US-09166,,10-00522E,2026072817,1,,P:90-06831ER:01S:SIE262811611,PO-US-09166 shipped 073026 ASN 93248377 Qty 6240.xlsx,2026-07-30 17:56:34,2026-07-30 17:56:45,2026-07-30 17:56:44
P:10-00522ER:01S:SIE262606459,2026-07-29 17:00:00,SFOHOUT00052411,,93248377,PO-US-09166,,10-00522E,2026072817,1,,P:90-06831ER:01S:SIE262811611,PO-US-09166 shipped 073026 ASN 93248377 Qty 6240.xlsx,2026-07-30 17:56:34,2026-07-30 17:56:45,2026-07-30 17:56:44
P:10-00522ER:01S:SIE262606460,2026-07-29 17:00:00,SFOHOUT00052411,,93248377,PO-US-09166,,10-00522E,2026072810,1,,P:90-06831ER:01S:SIE262704426,PO-US-09166 shipped 073026 ASN 93248377 Qty 6240.xlsx,2026-07-30 17:56:34,2026-07-30 17:56:45,2026-07-30 17:56:44
P:10-00522ER:01S:SIE262606462,2026-07-29 17:00:00,SFOHOUT00052411,,93248377,PO-US-09166,,10-00522E,202607288,1,,P:90-06831ER:01S:SIE262704407,PO-US-09166 shipped 073026 ASN 93248377 Qty 6240.xlsx,2026-07-30 17:56:34,2026-07-30 17:56:45,2026-07-30 17:56:44
P:10-00522ER:01S:SIE262606471,2026-07-29 17:00:00,SFOHOUT00052411,,93248377,PO-US-09166,,10-00522E,2026072815,1,,P:90-06831ER:01S:SIE262704385,PO-US-09166 shipped 073026 ASN 93248377 Qty 6240.xlsx,2026-07-30 17:56:34,2026-07-30 17:56:45,2026-07-30 17:56:44
P:10-00522ER:01S:SIE262606472,2026-07-29 17:00:00,SFOHOUT00052411,,93248377,PO-US-09166,,10-00522E,2026072815,1,,P:90-06831ER:01S:SIE262704385,PO-US-09166 shipped 073026 ASN 93248377 Qty 6240.xlsx,2026-07-30 17:56:34,2026-07-30 17:56:45,2026-07-30 17:56:44
P:10-00522ER:01S:SIE262606474,2026-07-29 17:00:00,SFOHOUT00052411,,93248377,PO-US-09166,,10-00522E,2026072814,1,,P:90-06831ER:01S:SIE262704381,PO-US-09166 shipped 073026 ASN 93248377 Qty 6240.xlsx,2026-07-30 17:56:34,2026-07-30 17:56:45,2026-07-30 17:56:44
P:10-00522ER:01S:SIE262606475,2026-07-29 17:00:00,SFOHOUT00052411,,93248377,PO-US-09166,,10-00522E,202607283,1,,P:90-06831ER:01S:SIE262704382,PO-US-09166 shipped 073026 ASN 93248377 Qty 6240.xlsx,2026-07-30 17:56:34,2026-07-30 17:56:45,2026-07-30 17:56:44
P:10-00522ER:01S:SIE262606481,2026-07-29 17:00:00,SFOHOUT00052411,,93248377,PO-US-09166,,10-00522E,202607283,1,,P:90-06831ER:01S:SIE262704393,PO-US-09166 shipped 073026 ASN 93248377 Qty 6240.xlsx,2026-07-30 17:56:34,2026-07-30 17:56:45,2026-07-30 17:56:44
P:10-00522ER:01S:SIE262606484,2026-07-29 17:00:00,SFOHOUT00052411,,93248377,PO-US-09166,,10-00522E,2026072814,1,,P:90-06831ER:01S:SIE262704381,PO-US-09166 shipped 073026 ASN 93248377 Qty 6240.xlsx,2026-07-30 17:56:34,2026-07-30 17:56:45,2026-07-30 17:56:44
P:10-00522ER:01S:SIE262606486,2026-07-29 17:00:00,SFOHOUT00052411,,93248377,PO-US-09166,,10-00522E,2026072815,1,,P:90-06831ER:01S:SIE262704383,PO-US-09166 shipped 073026 ASN 93248377 Qty 6240.xlsx,2026-07-30 17:56:34,2026-07-30 17:56:45,2026-07-30 17:56:44
P:10-00522ER:01S:SIE262606488,2026-07-29 17:00:00,SFOHOUT00052411,,93248377,PO-US-09166,,10-00522E,2026072815,1,,P:90-06831ER:01S:SIE262704383,PO-US-09166 shipped 073026 ASN 93248377 Qty 6240.xlsx,2026-07-30 17:56:34,2026-07-30 17:56:45,2026-07-30 17:56:44
P:10-00522ER:01S:SIE262606491,2026-07-29 17:00:00,SFOHOUT00052411,,93248377,PO-US-09166,,10-00522E,2026072814,1,,P:90-06831ER:01S:SIE262704381,PO-US-09166 shipped 073026 ASN 93248377 Qty 6240.xlsx,2026-07-30 17:56:34,2026-07-30 17:56:45,2026-07-30 17:56:44
P:10-00522ER:01S:SIE262606493,2026-07-29 17:00:00,SFOHOUT00052411,,93248377,PO-US-09166,,10-00522E,2026072815,1,,P:90-06831ER:01S:SIE262704384,PO-US-09166 shipped 073026 ASN 93248377 Qty 6240.xlsx,2026-07-30 17:56:34,2026-07-30 17:56:45,2026-07-30 17:56:44
P:10-00522ER:01S:SIE262606494,2026-07-29 17:00:00,SFOHOUT00052411,,93248377,PO-US-09166,,10-00522E,202607283,1,,P:90-06831ER:01S:SIE262704395,PO-US-09166 shipped 073026 ASN 93248377 Qty 6240.xlsx,2026-07-30 17:56:34,2026-07-30 17:56:45,2026-07-30 17:56:44
P:10-00522ER:01S:SIE262606496,2026-07-29 17:00:00,SFOHOUT00052411,,93248377,PO-US-09166,,10-00522E,202607289,1,,P:90-06831ER:01S:SIE262704454,PO-US-09166 shipped 073026 ASN 93248377 Qty 6240.xlsx,2026-07-30 17:56:34,2026-07-30 17:56:45,2026-07-30 17:56:44
P:10-00522ER:01S:SIE262606498,2026-07-29 17:00:00,SFOHOUT00052411,,93248377,PO-US-09166,,10-00522E,2026072814,1,,P:90-06831ER:01S:SIE262704379,PO-US-09166 shipped 073026 ASN 93248377 Qty 6240.xlsx,2026-07-30 17:56:34,2026-07-30 17:56:45,2026-07-30 17:56:44
P:10-00522ER:01S:SIE262606502,2026-07-29 17:00:00,SFOHOUT00052411,,93248377,PO-US-09166,,10-00522E,2026072815,1,,P:90-06831ER:01S:SIE262704385,PO-US-09166 shipped 073026 ASN 93248377 Qty 6240.xlsx,2026-07-30 17:56:34,2026-07-30 17:56:45,2026-07-30 17:56:44
P:10-00522ER:01S:SIE262606515,2026-07-29 17:00:00,SFOHOUT00052411,,93248377,PO-US-09166,,10-00522E,2026072815,1,,P:90-06831ER:01S:SIE262704384,PO-US-09166 shipped 073026 ASN 93248377 Qty 6240.xlsx,2026-07-30 17:56:34,2026-07-30 17:56:45,2026-07-30 17:56:44
P:10-00522ER:01S:SIE262606522,2026-07-29 17:00:00,SFOHOUT00052411,,93248377,PO-US-09166,,10-00522E,2026072814,1,,P:90-06831ER:01S:SIE262704378,PO-US-09166 shipped 073026 ASN 93248377 Qty 6240.xlsx,2026-07-30 17:56:34,2026-07-30 17:56:45,2026-07-30 17:56:44
P:10-00522ER:01S:SIE262606530,2026-07-29 17:00:00,SFOHOUT00052411,,93248377,PO-US-09166,,10-00522E,2026072817,1,,P:90-06831ER:01S:SIE262704434,PO-US-09166 shipped 073026 ASN 93248377 Qty 6240.xlsx,2026-07-30 17:56:34,2026-07-30 17:56:45,2026-07-30 17:56:44
P:10-00522ER:01S:SIE262606536,2026-07-29 17:00:00,SFOHOUT00052411,,93248377,PO-US-09166,,10-00522E,202607288,1,,P:90-06831ER:01S:SIE262704407,PO-US-09166 shipped 073026 ASN 93248377 Qty 6240.xlsx,2026-07-30 17:56:34,2026-07-30 17:56:45,2026-07-30 17:56:44
P:10-00522ER:01S:SIE262606537,2026-07-29 17:00:00,SFOHOUT00052411,,93248377,PO-US-09166,,10-00522E,2026072817,1,,P:90-06831ER:01S:SIE262704434,PO-US-09166 shipped 073026 ASN 93248377 Qty 6240.xlsx,2026-07-30 17:56:34,2026-07-30 17:56:45,2026-07-30 17:56:44
P:10-00522ER:01S:SIE262606539,2026-07-29 17:00:00,SFOHOUT00052411,,93248377,PO-US-09166,,10-00522E,2026072814,1,,P:90-06831ER:01S:SIE262704379,PO-US-09166 shipped 073026 ASN 93248377 Qty 6240.xlsx,2026-07-30 17:56:34,2026-07-30 17:56:45,2026-07-30 17:56:44
P:10-00522ER:01S:SIE262606547,2026-07-29 17:00:00,SFOHOUT00052411,,93248377,PO-US-09166,,10-00522E,2026072814,1,,P:90-06831ER:01S:SIE262704369,PO-US-09166 shipped 073026 ASN 93248377 Qty 6240.xlsx,2026-07-30 17:56:34,2026-07-30 17:56:45,2026-07-30 17:56:44
P:10-00522ER:01S:SIE262606548,2026-07-29 17:00:00,SFOHOUT00052411,,93248377,PO-US-09166,,10-00522E,202607286,1,,P:90-06831ER:01S:SIE262811693,PO-US-09166 shipped 073026 ASN 93248377 Qty 6240.xlsx,2026-07-30 17:56:34,2026-07-30 17:56:45,2026-07-30 17:56:44
P:10-00522ER:01S:SIE262606549,2026-07-29 17:00:00,SFOHOUT00052411,,93248377,PO-US-09166,,10-00522E,202607283,1,,P:90-06831ER:01S:SIE262704398,PO-US-09166 shipped 073026 ASN 93248377 Qty 6240.xlsx,2026-07-30 17:56:34,2026-07-30 17:56:45,2026-07-30 17:56:44
P:10-00522ER:01S:SIE262606550,2026-07-29 17:00:00,SFOHOUT00052411,,93248377,PO-US-09166,,10-00522E,202607283,1,,P:90-06831ER:01S:SIE262704398,PO-US-09166 shipped 073026 ASN 93248377 Qty 6240.xlsx,2026-07-30 17:56:34,2026-07-30 17:56:45,2026-07-30 17:56:44
P:10-00522ER:01S:SIE262606551,2026-07-29 17:00:00,SFOHOUT00052411,,93248377,PO-US-09166,,10-00522E,202607289,1,,P:90-06831ER:01S:SIE262704459,PO-US-09166 shipped 073026 ASN 93248377 Qty 6240.xlsx,2026-07-30 17:56:34,2026-07-30 17:56:45,2026-07-30 17:56:44
P:10-00522ER:01S:SIE262606552,2026-07-29 17:00:00,SFOHOUT00052411,,93248377,PO-US-09166,,10-00522E,2026072811,1,,P:90-06831ER:01S:SIE262811628,PO-US-09166 shipped 073026 ASN 93248377 Qty 6240.xlsx,2026-07-30 17:56:34,2026-07-30 17:56:45,2026-07-30 17:56:44
P:10-00522ER:01S:SIE262606553,2026-07-29 17:00:00,SFOHOUT00052411,,93248377,PO-US-09166,,10-00522E,2026072814,1,,P:90-06831ER:01S:SIE262704378,PO-US-09166 shipped 073026 ASN 93248377 Qty 6240.xlsx,2026-07-30 17:56:34,2026-07-30 17:56:45,2026-07-30 17:56:44
P:10-00522ER:01S:SIE262606554,2026-07-29 17:00:00,SFOHOUT00052411,,93248377,PO-US-09166,,10-00522E,2026072815,1,,P:90-06831ER:01S:SIE262704383,PO-US-09166 shipped 073026 ASN 93248377 Qty 6240.xlsx,2026-07-30 17:56:34,2026-07-30 17:56:45,2026-07-30 17:56:44
P:10-00522ER:01S:SIE262606555,2026-07-29 17:00:00,SFOHOUT00052411,,93248377,PO-US-09166,,10-00522E,202607288,1,,P:90-06831ER:01S:SIE262704407,PO-US-09166 shipped 073026 ASN 93248377 Qty 6240.xlsx,2026-07-30 17:56:34,2026-07-30 17:56:45,2026-07-30 17:56:44
P:10-00522ER:01S:SIE262606556,2026-07-29 17:00:00,SFOHOUT00052411,,93248377,PO-US-09166,,10-00522E,2026072814,1,,P:90-06831ER:01S:SIE262704372,PO-US-09166 shipped 073026 ASN 93248377 Qty 6240.xlsx,2026-07-30 17:56:34,2026-07-30 17:56:45,2026-07-30 17:56:44
P:10-00522ER:01S:SIE262606558,2026-07-29 17:00:00,SFOHOUT00052411,,93248377,PO-US-09166,,10-00522E,2026072815,1,,P:90-06831ER:01S:SIE262704386,PO-US-09166 shipped 073026 ASN 93248377 Qty 6240.xlsx,2026-07-30 17:56:34,2026-07-30 17:56:45,2026-07-30 17:56:44
P:10-00522ER:01S:SIE262606559,2026-07-29 17:00:00,SFOHOUT00052411,,93248377,PO-US-09166,,10-00522E,2026072815,1,,P:90-06831ER:01S:SIE262704383,PO-US-09166 shipped 073026 ASN 93248377 Qty 6240.xlsx,2026-07-30 17:56:34,2026-07-30 17:56:45,2026-07-30 17:56:44
P:10-00522ER:01S:SIE262606560,2026-07-29 17:00:00,SFOHOUT00052411,,93248377,PO-US-09166,,10-00522E,2026072814,1,,P:90-06831ER:01S:SIE262704381,PO-US-09166 shipped 073026 ASN 93248377 Qty 6240.xlsx,2026-07-30 17:56:34,2026-07-30 17:56:45,2026-07-30 17:56:44
P:10-00522ER:01S:SIE262606561,2026-07-29 17:00:00,SFOHOUT00052411,,93248377,PO-US-09166,,10-00522E,202607284,1,,P:90-06831ER:01S:SIE262704415,PO-US-09166 shipped 073026 ASN 93248377 Qty 6240.xlsx,2026-07-30 17:56:34,2026-07-30 17:56:45,2026-07-30 17:56:44
P:10-00522ER:01S:SIE262606562,2026-07-29 17:00:00,SFOHOUT00052411,,93248377,PO-US-09166,,10-00522E,2026072814,1,,P:90-06831ER:01S:SIE262704380,PO-US-09166 shipped 073026 ASN 93248377 Qty 6240.xlsx,2026-07-30 17:56:34,2026-07-30 17:56:45,2026-07-30 17:56:44
P:10-00522ER:01S:SIE262606563,2026-07-29 17:00:00,SFOHOUT00052411,,93248377,PO-US-09166,,10-00522E,202607288,1,,P:90-06831ER:01S:SIE262704411,PO-US-09166 shipped 073026 ASN 93248377 Qty 6240.xlsx,2026-07-30 17:56:34,2026-07-30 17:56:45,2026-07-30 17:56:44
P:10-00522ER:01S:SIE262606564,2026-07-29 17:00:00,SFOHOUT00052411,,93248377,PO-US-09166,,10-00522E,2026072814,1,,P:90-06831ER:01S:SIE262704376,PO-US-09166 shipped 073026 ASN 93248377 Qty 6240.xlsx,2026-07-30 17:56:34,2026-07-30 17:56:45,2026-07-30 17:56:44
P:10-00522ER:01S:SIE262606565,2026-07-29 17:00:00,SFOHOUT00052411,,93248377,PO-US-09166,,10-00522E,2026072814,1,,P:90-06831ER:01S:SIE262704380,PO-US-09166 shipped 073026 ASN 93248377 Qty 6240.xlsx,2026-07-30 17:56:34,2026-07-30 17:56:45,2026-07-30 17:56:44
P:10-00522ER:01S:SIE262606567,2026-07-29 17:00:00,SFOHOUT00052411,,93248377,PO-US-09166,,10-00522E,202607283,1,,P:90-06831ER:01S:SIE262704382,PO-US-09166 shipped 073026 ASN 93248377 Qty 6240.xlsx,2026-07-30 17:56:34,2026-07-30 17:56:45,2026-07-30 17:56:44
P:10-00522ER:01S:SIE262606568,2026-07-29 17:00:00,SFOHOUT00052411,,93248377,PO-US-09166,,10-00522E,202607288,1,,P:90-06831ER:01S:SIE262704410,PO-US-09166 shipped 073026 ASN 93248377 Qty 6240.xlsx,2026-07-30 17:56:34,2026-07-30 17:56:45,2026-07-30 17:56:44
P:10-00522ER:01S:SIE262606569,2026-07-29 17:00:00,SFOHOUT00052411,,93248377,PO-US-09166,,10-00522E,2026072815,1,,P:90-06831ER:01S:SIE262704383,PO-US-09166 shipped 073026 ASN 93248377 Qty 6240.xlsx,2026-07-30 17:56:34,2026-07-30 17:56:45,2026-07-30 17:56:44
P:10-00522ER:01S:SIE262606570,2026-07-29 17:00:00,SFOHOUT00052411,,93248377,PO-US-09166,,10-00522E,2026072814,1,,P:90-06831ER:01S:SIE262704370,PO-US-09166 shipped 073026 ASN 93248377 Qty 6240.xlsx,2026-07-30 17:56:34,2026-07-30 17:56:45,2026-07-30 17:56:44
P:10-00522ER:01S:SIE262606571,2026-07-29 17:00:00,SFOHOUT00052411,,93248377,PO-US-09166,,10-00522E,2026072815,1,,P:90-06831ER:01S:SIE262704383,PO-US-09166 shipped 073026 ASN 93248377 Qty 6240.xlsx,2026-07-30 17:56:34,2026-07-30 17:56:45,2026-07-30 17:56:44
P:10-00522ER:01S:SIE262606572,2026-07-29 17:00:00,SFOHOUT00052411,,93248377,PO-US-09166,,10-00522E,2026072814,1,,P:90-06831ER:01S:SIE262704379,PO-US-09166 shipped 073026 ASN 93248377 Qty 6240.xlsx,2026-07-30 17:56:34,2026-07-30 17:56:45,2026-07-30 17:56:44
P:10-00522ER:01S:SIE262606573,2026-07-29 17:00:00,SFOHOUT00052411,,93248377,PO-US-09166,,10-00522E,2026072814,1,,P:90-06831ER:01S:SIE262704380,PO-US-09166 shipped 073026 ASN 93248377 Qty 6240.xlsx,2026-07-30 17:56:34,2026-07-30 17:56:45,2026-07-30 17:56:44
P:10-00522ER:01S:SIE262606575,2026-07-29 17:00:00,SFOHOUT00052411,,93248377,PO-US-09166,,10-00522E,2026072814,1,,P:90-06831ER:01S:SIE262704377,PO-US-09166 shipped 073026 ASN 93248377 Qty 6240.xlsx,2026-07-30 17:56:34,2026-07-30 17:56:45,2026-07-30 17:56:44
P:10-00522ER:01S:SIE262606579,2026-07-29 17:00:00,SFOHOUT00052411,,93248377,PO-US-09166,,10-00522E,2026072811,1,,P:90-06831ER:01S:SIE262811628,PO-US-09166 shipped 073026 ASN 93248377 Qty 6240.xlsx,2026-07-30 17:56:34,2026-07-30 17:56:45,2026-07-30 17:56:44
P:10-00522ER:01S:SIE262606581,2026-07-29 17:00:00,SFOHOUT00052411,,93248377,PO-US-09166,,10-00522E,202607288,1,,P:90-06831ER:01S:SIE262704410,PO-US-09166 shipped 073026 ASN 93248377 Qty 6240.xlsx,2026-07-30 17:56:34,2026-07-30 17:56:45,2026-07-30 17:56:44
P:10-00522ER:01S:SIE262606582,2026-07-29 17:00:00,SFOHOUT00052411,,93248377,PO-US-09166,,10-00522E,2026072813,1,,P:90-06831ER:01S:SIE262704353,PO-US-09166 shipped 073026 ASN 93248377 Qty 6240.xlsx,2026-07-30 17:56:34,2026-07-30 17:56:45,2026-07-30 17:56:44
P:10-00522ER:01S:SIE262606583,2026-07-29 17:00:00,SFOHOUT00052411,,93248377,PO-US-09166,,10-00522E,2026072815,1,,P:90-06831ER:01S:SIE262704384,PO-US-09166 shipped 073026 ASN 93248377 Qty 6240.xlsx,2026-07-30 17:56:34,2026-07-30 17:56:45,2026-07-30 17:56:44
P:10-00522ER:01S:SIE262606584,2026-07-29 17:00:00,SFOHOUT00052411,,93248377,PO-US-09166,,10-00522E,2026072814,1,,P:90-06831ER:01S:SIE262704381,PO-US-09166 shipped 073026 ASN 93248377 Qty 6240.xlsx,2026-07-30 17:56:34,2026-07-30 17:56:45,2026-07-30 17:56:44
P:10-00522ER:01S:SIE262606585,2026-07-29 17:00:00,SFOHOUT00052411,,93248377,PO-US-09166,,10-00522E,2026072815,1,,P:90-06831ER:01S:SIE262704386,PO-US-09166 shipped 073026 ASN 93248377 Qty 6240.xlsx,2026-07-30 17:56:34,2026-07-30 17:56:45,2026-07-30 17:56:44
P:10-00522ER:01S:SIE262606586,2026-07-29 17:00:00,SFOHOUT00052411,,93248377,PO-US-09166,,10-00522E,202607283,1,,P:90-06831ER:01S:SIE262704393,PO-US-09166 shipped 073026 ASN 93248377 Qty 6240.xlsx,2026-07-30 17:56:34,2026-07-30 17:56:45,2026-07-30 17:56:44
P:10-00522ER:01S:SIE262606588,2026-07-29 17:00:00,SFOHOUT00052411,,93248377,PO-US-09166,,10-00522E,2026072811,1,,P:90-06831ER:01S:SIE262811628,PO-US-09166 shipped 073026 ASN 93248377 Qty 6240.xlsx,2026-07-30 17:56:34,2026-07-30 17:56:45,2026-07-30 17:56:44
P:10-00522ER:01S:SIE262606589,2026-07-29 17:00:00,SFOHOUT00052411,,93248377,PO-US-09166,,10-00522E,2026072814,1,,P:90-06831ER:01S:SIE262704381,PO-US-09166 shipped 073026 ASN 93248377 Qty 6240.xlsx,2026-07-30 17:56:34,2026-07-30 17:56:45,2026-07-30 17:56:44
P:10-00522ER:01S:SIE262606590,2026-07-29 17:00:00,SFOHOUT00052411,,93248377,PO-US-09166,,10-00522E,2026072814,1,,P:90-06831ER:01S:SIE262704378,PO-US-09166 shipped 073026 ASN 93248377 Qty 6240.xlsx,2026-07-30 17:56:34,2026-07-30 17:56:45,2026-07-30 17:56:44
P:10-00522ER:01S:SIE262606591,2026-07-29 17:00:00,SFOHOUT00052411,,93248377,PO-US-09166,,10-00522E,2026072814,1,,P:90-06831ER:01S:SIE262704379,PO-US-09166 shipped 073026 ASN 93248377 Qty 6240.xlsx,2026-07-30 17:56:34,2026-07-30 17:56:45,2026-07-30 17:56:44
P:10-00522ER:01S:SIE262606592,2026-07-29 17:00:00,SFOHOUT00052411,,93248377,PO-US-09166,,10-00522E,202607283,1,,P:90-06831ER:01S:SIE262704393,PO-US-09166 shipped 073026 ASN 93248377 Qty 6240.xlsx,2026-07-30 17:56:34,2026-07-30 17:56:45,2026-07-30 17:56:44
P:10-00522ER:01S:SIE262606593,2026-07-29 17:00:00,SFOHOUT00052411,,93248377,PO-US-09166,,10-00522E,2026072811,1,,P:90-06831ER:01S:SIE262811629,PO-US-09166 shipped 073026 ASN 93248377 Qty 6240.xlsx,2026-07-30 17:56:34,2026-07-30 17:56:45,2026-07-30 17:56:44
P:10-00522ER:01S:SIE262606594,2026-07-29 17:00:00,SFOHOUT00052411,,93248377,PO-US-09166,,10-00522E,202607283,1,,P:90-06831ER:01S:SIE262704394,PO-US-09166 shipped 073026 ASN 93248377 Qty 6240.xlsx,2026-07-30 17:56:34,2026-07-30 17:56:45,2026-07-30 17:56:44
P:10-00522ER:01S:SIE262606595,2026-07-29 17:00:00,SFOHOUT00052411,,93248377,PO-US-09166,,10-00522E,202607288,1,,P:90-06831ER:01S:SIE262704407,PO-US-09166 shipped 073026 ASN 93248377 Qty 6240.xlsx,2026-07-30 17:56:34,2026-07-30 17:56:45,2026-07-30 17:56:44
P:10-00522ER:01S:SIE262606596,2026-07-29 17:00:00,SFOHOUT00052411,,93248377,PO-US-09166,,10-00522E,2026072814,1,,P:90-06831ER:01S:SIE262704378,PO-US-09166 shipped 073026 ASN 93248377 Qty 6240.xlsx,2026-07-30 17:56:34,2026-07-30 17:56:45,2026-07-30 17:56:44
P:10-00522ER:01S:SIE262606597,2026-07-29 17:00:00,SFOHOUT00052411,,93248377,PO-US-09166,,10-00522E,2026072814,1,,P:90-06831ER:01S:SIE262704381,PO-US-09166 shipped 073026 ASN 93248377 Qty 6240.xlsx,2026-07-30 17:56:34,2026-07-30 17:56:45,2026-07-30 17:56:44
P:10-00522ER:01S:SIE262606598,2026-07-29 17:00:00,SFOHOUT00052411,,93248377,PO-US-09166,,10-00522E,2026072814,1,,P:90-06831ER:01S:SIE262704378,PO-US-09166 shipped 073026 ASN 93248377 Qty 6240.xlsx,2026-07-30 17:56:34,2026-07-30 17:56:45,2026-07-30 17:56:44
P:10-00522ER:01S:SIE262606600,2026-07-29 17:00:00,SFOHOUT00052411,,93248377,PO-US-09166,,10-00522E,2026072814,1,,P:90-06831ER:01S:SIE262704380,PO-US-09166 shipped 073026 ASN 93248377 Qty 6240.xlsx,2026-07-30 17:56:34,2026-07-30 17:56:45,2026-07-30 17:56:44
P:10-00522ER:01S:SIE262606601,2026-07-29 17:00:00,SFOHOUT00052411,,93248377,PO-US-09166,,10-00522E,202607283,1,,P:90-06831ER:01S:SIE262704382,PO-US-09166 shipped 073026 ASN 93248377 Qty 6240.xlsx,2026-07-30 17:56:34,2026-07-30 17:56:45,2026-07-30 17:56:44
P:10-00522ER:01S:SIE262606602,2026-07-29 17:00:00,SFOHOUT00052411,,93248377,PO-US-09166,,10-00522E,202607283,1,,P:90-06831ER:01S:SIE262704395,PO-US-09166 shipped 073026 ASN 93248377 Qty 6240.xlsx,2026-07-30 17:56:34,2026-07-30 17:56:45,2026-07-30 17:56:44
P:10-00522ER:01S:SIE262606603,2026-07-29 17:00:00,SFOHOUT00052411,,93248377,PO-US-09166,,10-00522E,202607282,1,,P:90-06831ER:01S:SIE262811603,PO-US-09166 shipped 073026 ASN 93248377 Qty 6240.xlsx,2026-07-30 17:56:34,2026-07-30 17:56:45,2026-07-30 17:56:44
P:10-00522ER:01S:SIE262606604,2026-07-29 17:00:00,SFOHOUT00052411,,93248377,PO-US-09166,,10-00522E,2026072815,1,,P:90-06831ER:01S:SIE262704392,PO-US-09166 shipped 073026 ASN 93248377 Qty 6240.xlsx,2026-07-30 17:56:34,2026-07-30 17:56:45,2026-07-30 17:56:44
P:10-00522ER:01S:SIE262606605,2026-07-29 17:00:00,SFOHOUT00052411,,93248377,PO-US-09166,,10-00522E,202607284,1,,P:90-06831ER:01S:SIE262704429,PO-US-09166 shipped 073026 ASN 93248377 Qty 6240.xlsx,2026-07-30 17:56:34,2026-07-30 17:56:45,2026-07-30 17:56:44
P:10-00522ER:01S:SIE262606606,2026-07-29 17:00:00,SFOHOUT00052411,,93248377,PO-US-09166,,10-00522E,2026072810,1,,P:90-06831ER:01S:SIE262704426,PO-US-09166 shipped 073026 ASN 93248377 Qty 6240.xlsx,2026-07-30 17:56:34,2026-07-30 17:56:45,2026-07-30 17:56:44
P:10-00522ER:01S:SIE262606607,2026-07-29 17:00:00,SFOHOUT00052411,,93248377,PO-US-09166,,10-00522E,2026072810,1,,P:90-06831ER:01S:SIE262704426,PO-US-09166 shipped 073026 ASN 93248377 Qty 6240.xlsx,2026-07-30 17:56:34,2026-07-30 17:56:45,2026-07-30 17:56:44
P:10-00522ER:01S:SIE262606608,2026-07-29 17:00:00,SFOHOUT00052411,,93248377,PO-US-09166,,10-00522E,202607283,1,,P:90-06831ER:01S:SIE262704393,PO-US-09166 shipped 073026 ASN 93248377 Qty 6240.xlsx,2026-07-30 17:56:34,2026-07-30 17:56:45,2026-07-30 17:56:44
P:10-00522ER:01S:SIE262606609,2026-07-29 17:00:00,SFOHOUT00052411,,93248377,PO-US-09166,,10-00522E,202607283,1,,P:90-06831ER:01S:SIE262704393,PO-US-09166 shipped 073026 ASN 93248377 Qty 6240.xlsx,2026-07-30 17:56:34,2026-07-30 17:56:45,2026-07-30 17:56:44
P:10-00522ER:01S:SIE262606610,2026-07-29 17:00:00,SFOHOUT00052411,,93248377,PO-US-09166,,10-00522E,2026072815,1,,P:90-06831ER:01S:SIE262704386,PO-US-09166 shipped 073026 ASN 93248377 Qty 6240.xlsx,2026-07-30 17:56:34,2026-07-30 17:56:45,2026-07-30 17:56:44
P:10-00522ER:01S:SIE262606613,2026-07-29 17:00:00,SFOHOUT00052411,,93248377,PO-US-09166,,10-00522E,2026072811,1,,P:90-06831ER:01S:SIE262811629,PO-US-09166 shipped 073026 ASN 93248377 Qty 6240.xlsx,2026-07-30 17:56:34,2026-07-30 17:56:45,2026-07-30 17:56:44
P:10-00522ER:01S:SIE262606614,2026-07-29 17:00:00,SFOHOUT00052411,,93248377,PO-US-09166,,10-00522E,202607283,1,,P:90-06831ER:01S:SIE262704382,PO-US-09166 shipped 073026 ASN 93248377 Qty 6240.xlsx,2026-07-30 17:56:34,2026-07-30 17:56:45,2026-07-30 17:56:44
P:10-00522ER:01S:SIE262606615,2026-07-29 17:00:00,SFOHOUT00052411,,93248377,PO-US-09166,,10-00522E,2026072817,1,,P:90-06831ER:01S:SIE262811611,PO-US-09166 shipped 073026 ASN 93248377 Qty 6240.xlsx,2026-07-30 17:56:34,2026-07-30 17:56:45,2026-07-30 17:56:44
P:10-00522ER:01S:SIE262606616,2026-07-29 17:00:00,SFOHOUT00052411,,93248377,PO-US-09166,,10-00522E,202607283,1,,P:90-06831ER:01S:SIE262704382,PO-US-09166 shipped 073026 ASN 93248377 Qty 6240.xlsx,2026-07-30 17:56:34,2026-07-30 17:56:45,2026-07-30 17:56:44
P:10-00522ER:01S:SIE262606618,2026-07-29 17:00:00,SFOHOUT00052411,,93248377,PO-US-09166,,10-00522E,2026072817,1,,P:90-06831ER:01S:SIE262811611,PO-US-09166 shipped 073026 ASN 93248377 Qty 6240.xlsx,2026-07-30 17:56:34,2026-07-30 17:56:45,2026-07-30 17:56:44
P:10-00522ER:01S:SIE262606619,2026-07-29 17:00:00,SFOHOUT00052411,,93248377,PO-US-09166,,10-00522E,2026072814,1,,P:90-06831ER:01S:SIE262704380,PO-US-09166 shipped 073026 ASN 93248377 Qty 6240.xlsx,2026-07-30 17:56:34,2026-07-30 17:56:45,2026-07-30 17:56:44
P:10-00522ER:01S:SIE262606621,2026-07-29 17:00:00,SFOHOUT00052411,,93248377,PO-US-09166,,10-00522E,202607283,1,,P:90-06831ER:01S:SIE262704398,PO-US-09166 shipped 073026 ASN 93248377 Qty 6240.xlsx,2026-07-30 17:56:34,2026-07-30 17:56:45,2026-07-30 17:56:44
P:10-00522ER:01S:SIE262606622,2026-07-29 17:00:00,SFOHOUT00052411,,93248377,PO-US-09166,,10-00522E,2026072815,1,,P:90-06831ER:01S:SIE262704397,PO-US-09166 shipped 073026 ASN 93248377 Qty 6240.xlsx,2026-07-30 17:56:34,2026-07-30 17:56:45,2026-07-30 17:56:44
P:10-00522ER:01S:SIE262606623,2026-07-29 17:00:00,SFOHOUT00052411,,93248377,PO-US-09166,,10-00522E,2026072814,1,,P:90-06831ER:01S:SIE262704379,PO-US-09166 shipped 073026 ASN 93248377 Qty 6240.xlsx,2026-07-30 17:56:34,2026-07-30 17:56:45,2026-07-30 17:56:44
P:10-00522ER:01S:SIE262606625,2026-07-29 17:00:00,SFOHOUT00052411,,93248377,PO-US-09166,,10-00522E,2026072814,1,,P:90-06831ER:01S:SIE262704373,PO-US-09166 shipped 073026 ASN 93248377 Qty 6240.xlsx,2026-07-30 17:56:34,2026-07-30 17:56:45,2026-07-30 17:56:44
P:10-00522ER:01S:SIE262606626,2026-07-29 17:00:00,SFOHOUT00052411,,93248377,PO-US-09166,,10-00522E,202607288,1,,P:90-06831ER:01S:SIE262704407,PO-US-09166 shipped 073026 ASN 93248377 Qty 6240.xlsx,2026-07-30 17:56:34,2026-07-30 17:56:45,2026-07-30 17:56:44
P:10-00522ER:01S:SIE262606628,2026-07-29 17:00:00,SFOHOUT00052411,,93248377,PO-US-09166,,10-00522E,202607283,1,,P:90-06831ER:01S:SIE262704388,PO-US-09166 shipped 073026 ASN 93248377 Qty 6240.xlsx,2026-07-30 17:56:34,2026-07-30 17:56:45,2026-07-30 17:56:44
P:10-00522ER:01S:SIE262606630,2026-07-29 17:00:00,SFOHOUT00052411,,93248377,PO-US-09166,,10-00522E,202607283,1,,P:90-06831ER:01S:SIE262704396,PO-US-09166 shipped 073026 ASN 93248377 Qty 6240.xlsx,2026-07-30 17:56:34,2026-07-30 17:56:45,2026-07-30 17:56:44
P:10-00522ER:01S:SIE262606631,2026-07-29 17:00:00,SFOHOUT00052411,,93248377,PO-US-09166,,10-00522E,202607289,1,,P:90-06831ER:01S:SIE262704449,PO-US-09166 shipped 073026 ASN 93248377 Qty 6240.xlsx,2026-07-30 17:56:34,2026-07-30 17:56:45,2026-07-30 17:56:44
P:10-00522ER:01S:SIE262606632,2026-07-29 17:00:00,SFOHOUT00052411,,93248377,PO-US-09166,,10-00522E,2026072814,1,,P:90-06831ER:01S:SIE262704375,PO-US-09166 shipped 073026 ASN 93248377 Qty 6240.xlsx,2026-07-30 17:56:34,2026-07-30 17:56:45,2026-07-30 17:56:44
P:10-00522ER:01S:SIE262606634,2026-07-29 17:00:00,SFOHOUT00052411,,93248377,PO-US-09166,,10-00522E,2026072815,1,,P:90-06831ER:01S:SIE262704397,PO-US-09166 shipped 073026 ASN 93248377 Qty 6240.xlsx,2026-07-30 17:56:34,2026-07-30 17:56:45,2026-07-30 17:56:44
P:10-00522ER:01S:SIE262606635,2026-07-29 17:00:00,SFOHOUT00052411,,93248377,PO-US-09166,,10-00522E,2026072815,1,,P:90-06831ER:01S:SIE262704387,PO-US-09166 shipped 073026 ASN 93248377 Qty 6240.xlsx,2026-07-30 17:56:34,2026-07-30 17:56:45,2026-07-30 17:56:44
P:10-00522ER:01S:SIE262606636,2026-07-29 17:00:00,SFOHOUT00052411,,93248377,PO-US-09166,,10-00522E,202607283,1,,P:90-06831ER:01S:SIE262704396,PO-US-09166 shipped 073026 ASN 93248377 Qty 6240.xlsx,2026-07-30 17:56:34,2026-07-30 17:56:45,2026-07-30 17:56:44
P:10-00522ER:01S:SIE262606637,2026-07-29 17:00:00,SFOHOUT00052411,,93248377,PO-US-09166,,10-00522E,2026072811,1,,P:90-06831ER:01S:SIE262811629,PO-US-09166 shipped 073026 ASN 93248377 Qty 6240.xlsx,2026-07-30 17:56:34,2026-07-30 17:56:45,2026-07-30 17:56:44
P:10-00522ER:01S:SIE262606638,2026-07-29 17:00:00,SFOHOUT00052411,,93248377,PO-US-09166,,10-00522E,2026072814,1,,P:90-06831ER:01S:SIE262704369,PO-US-09166 shipped 073026 ASN 93248377 Qty 6240.xlsx,2026-07-30 17:56:34,2026-07-30 17:56:45,2026-07-30 17:56:44
P:10-00522ER:01S:SIE262606639,2026-07-29 17:00:00,SFOHOUT00052411,,93248377,PO-US-09166,,10-00522E,2026072815,1,,P:90-06831ER:01S:SIE262704386,PO-US-09166 shipped 073026 ASN 93248377 Qty 6240.xlsx,2026-07-30 17:56:34,2026-07-30 17:56:45,2026-07-30 17:56:44
P:10-00522ER:01S:SIE262606641,2026-07-29 17:00:00,SFOHOUT00052411,,93248377,PO-US-09166,,10-00522E,202607283,1,,P:90-06831ER:01S:SIE262704394,PO-US-09166 shipped 073026 ASN 93248377 Qty 6240.xlsx,2026-07-30 17:56:34,2026-07-30 17:56:45,2026-07-30 17:56:44
P:10-00522ER:01S:SIE262606642,2026-07-29 17:00:00,SFOHOUT00052411,,93248377,PO-US-09166,,10-00522E,2026072814,1,,P:90-06831ER:01S:SIE262704370,PO-US-09166 shipped 073026 ASN 93248377 Qty 6240.xlsx,2026-07-30 17:56:34,2026-07-30 17:56:45,2026-07-30 17:56:44
P:10-00522ER:01S:SIE262606644,2026-07-29 17:00:00,SFOHOUT00052411,,93248377,PO-US-09166,,10-00522E,2026072815,1,,P:90-06831ER:01S:SIE262704397,PO-US-09166 shipped 073026 ASN 93248377 Qty 6240.xlsx,2026-07-30 17:56:34,2026-07-30 17:56:45,2026-07-30 17:56:44
P:10-00522ER:01S:SIE262606645,2026-07-29 17:00:00,SFOHOUT00052411,,93248377,PO-US-09166,,10-00522E,2026072815,1,,P:90-06831ER:01S:SIE262704386,PO-US-09166 shipped 073026 ASN 93248377 Qty 6240.xlsx,2026-07-30 17:56:34,2026-07-30 17:56:45,2026-07-30 17:56:44
P:10-00522ER:01S:SIE262606647,2026-07-29 17:00:00,SFOHOUT00052411,,93248377,PO-US-09166,,10-00522E,2026072814,1,,P:90-06831ER:01S:SIE262704375,PO-US-09166 shipped 073026 ASN 93248377 Qty 6240.xlsx,2026-07-30 17:56:34,2026-07-30 17:56:45,2026-07-30 17:56:44
P:10-00522ER:01S:SIE262606648,2026-07-29 17:00:00,SFOHOUT00052411,,93248377,PO-US-09166,,10-00522E,202607283,1,,P:90-06831ER:01S:SIE262704388,PO-US-09166 shipped 073026 ASN 93248377 Qty 6240.xlsx,2026-07-30 17:56:34,2026-07-30 17:56:45,2026-07-30 17:56:44
P:10-00522ER:01S:SIE262606649,2026-07-29 17:00:00,SFOHOUT00052411,,93248377,PO-US-09166,,10-00522E,2026072814,1,,P:90-06831ER:01S:SIE262704373,PO-US-09166 shipped 073026 ASN 93248377 Qty 6240.xlsx,2026-07-30 17:56:34,2026-07-30 17:56:45,2026-07-30 17:56:44
P:10-00522ER:01S:SIE262606652,2026-07-29 17:00:00,SFOHOUT00052411,,93248377,PO-US-09166,,10-00522E,202607283,1,,P:90-06831ER:01S:SIE262704388,PO-US-09166 shipped 073026 ASN 93248377 Qty 6240.xlsx,2026-07-30 17:56:34,2026-07-30 17:56:45,2026-07-30 17:56:44
P:10-00522ER:01S:SIE262606653,2026-07-29 17:00:00,SFOHOUT00052411,,93248377,PO-US-09166,,10-00522E,2026072814,1,,P:90-06831ER:01S:SIE262704381,PO-US-09166 shipped 073026 ASN 93248377 Qty 6240.xlsx,2026-07-30 17:56:34,2026-07-30 17:56:45,2026-07-30 17:56:44
P:10-00522ER:01S:SIE262606654,2026-07-29 17:00:00,SFOHOUT00052411,,93248377,PO-US-09166,,10-00522E,2026072815,1,,P:90-06831ER:01S:SIE262704397,PO-US-09166 shipped 073026 ASN 93248377 Qty 6240.xlsx,2026-07-30 17:56:34,2026-07-30 17:56:45,2026-07-30 17:56:44
P:10-00522ER:01S:SIE262606655,2026-07-29 17:00:00,SFOHOUT00052411,,93248377,PO-US-09166,,10-00522E,2026072814,1,,P:90-06831ER:01S:SIE262704372,PO-US-09166 shipped 073026 ASN 93248377 Qty 6240.xlsx,2026-07-30 17:56:34,2026-07-30 17:56:45,2026-07-30 17:56:44
P:10-00522ER:01S:SIE262606656,2026-07-29 17:00:00,SFOHOUT00052411,,93248377,PO-US-09166,,10-00522E,2026072815,1,,P:90-06831ER:01S:SIE262704397,PO-US-09166 shipped 073026 ASN 93248377 Qty 6240.xlsx,2026-07-30 17:56:34,2026-07-30 17:56:45,2026-07-30 17:56:44
P:10-00522ER:01S:SIE262606658,2026-07-29 17:00:00,SFOHOUT00052411,,93248377,PO-US-09166,,10-00522E,2026072815,1,,P:90-06831ER:01S:SIE262704387,PO-US-09166 shipped 073026 ASN 93248377 Qty 6240.xlsx,2026-07-30 17:56:34,2026-07-30 17:56:45,2026-07-30 17:56:44
P:10-00522ER:01S:SIE262606659,2026-07-29 17:00:00,SFOHOUT00052411,,93248377,PO-US-09166,,10-00522E,202607289,1,,P:90-06831ER:01S:SIE262704455,PO-US-09166 shipped 073026 ASN 93248377 Qty 6240.xlsx,2026-07-30 17:56:34,2026-07-30 17:56:45,2026-07-30 17:56:44
P:10-00522ER:01S:SIE262606660,2026-07-29 17:00:00,SFOHOUT00052411,,93248377,PO-US-09166,,10-00522E,2026072815,1,,P:90-06831ER:01S:SIE262704397,PO-US-09166 shipped 073026 ASN 93248377 Qty 6240.xlsx,2026-07-30 17:56:34,2026-07-30 17:56:45,2026-07-30 17:56:44
P:10-00522ER:01S:SIE262606661,2026-07-29 17:00:00,SFOHOUT00052411,,93248377,PO-US-09166,,10-00522E,2026072815,1,,P:90-06831ER:01S:SIE262704397,PO-US-09166 shipped 073026 ASN 93248377 Qty 6240.xlsx,2026-07-30 17:56:34,2026-07-30 17:56:45,2026-07-30 17:56:44
P:10-00522ER:01S:SIE262606662,2026-07-29 17:00:00,SFOHOUT00052411,,93248377,PO-US-09166,,10-00522E,2026072814,1,,P:90-06831ER:01S:SIE262704372,PO-US-09166 shipped 073026 ASN 93248377 Qty 6240.xlsx,2026-07-30 17:56:34,2026-07-30 17:56:45,2026-07-30 17:56:44
P:10-00522ER:01S:SIE262606664,2026-07-29 17:00:00,SFOHOUT00052411,,93248377,PO-US-09166,,10-00522E,2026072814,1,,P:90-06831ER:01S:SIE262704379,PO-US-09166 shipped 073026 ASN 93248377 Qty 6240.xlsx,2026-07-30 17:56:34,2026-07-30 17:56:45,2026-07-30 17:56:44
P:10-00522ER:01S:SIE262606665,2026-07-29 17:00:00,SFOHOUT00052411,,93248377,PO-US-09166,,10-00522E,2026072815,1,,P:90-06831ER:01S:SIE262704389,PO-US-09166 shipped 073026 ASN 93248377 Qty 6240.xlsx,2026-07-30 17:56:34,2026-07-30 17:56:45,2026-07-30 17:56:44
P:10-00522ER:01S:SIE262606666,2026-07-29 17:00:00,SFOHOUT00052411,,93248377,PO-US-09166,,10-00522E,2026072814,1,,P:90-06831ER:01S:SIE262704373,PO-US-09166 shipped 073026 ASN 93248377 Qty 6240.xlsx,2026-07-30 17:56:34,2026-07-30 17:56:45,2026-07-30 17:56:44
P:10-00522ER:01S:SIE262606667,2026-07-29 17:00:00,SFOHOUT00052411,,93248377,PO-US-09166,,10-00522E,2026072815,1,,P:90-06831ER:01S:SIE262704387,PO-US-09166 shipped 073026 ASN 93248377 Qty 6240.xlsx,2026-07-30 17:56:34,2026-07-30 17:56:45,2026-07-30 17:56:44
P:10-00522ER:01S:SIE262606668,2026-07-29 17:00:00,SFOHOUT00052411,,93248377,PO-US-09166,,10-00522E,2026072815,1,,P:90-06831ER:01S:SIE262704387,PO-US-09166 shipped 073026 ASN 93248377 Qty 6240.xlsx,2026-07-30 17:56:34,2026-07-30 17:56:45,2026-07-30 17:56:44
P:10-00522ER:01S:SIE262606669,2026-07-29 17:00:00,SFOHOUT00052411,,93248377,PO-US-09166,,10-00522E,2026072814,1,,P:90-06831ER:01S:SIE262704374,PO-US-09166 shipped 073026 ASN 93248377 Qty 6240.xlsx,2026-07-30 17:56:34,2026-07-30 17:56:45,2026-07-30 17:56:44
P:10-00522ER:01S:SIE262606670,2026-07-29 17:00:00,SFOHOUT00052411,,93248377,PO-US-09166,,10-00522E,202607283,1,,P:90-06831ER:01S:SIE262704388,PO-US-09166 shipped 073026 ASN 93248377 Qty 6240.xlsx,2026-07-30 17:56:34,2026-07-30 17:56:45,2026-07-30 17:56:44
P:10-00522ER:01S:SIE262606671,2026-07-29 17:00:00,SFOHOUT00052411,,93248377,PO-US-09166,,10-00522E,2026072814,1,,P:90-06831ER:01S:SIE262704379,PO-US-09166 shipped 073026 ASN 93248377 Qty 6240.xlsx,2026-07-30 17:56:34,2026-07-30 17:56:45,2026-07-30 17:56:44
P:10-00522ER:01S:SIE262606672,2026-07-29 17:00:00,SFOHOUT00052411,,93248377,PO-US-09166,,10-00522E,2026072814,1,,P:90-06831ER:01S:SIE262704370,PO-US-09166 shipped 073026 ASN 93248377 Qty 6240.xlsx,2026-07-30 17:56:34,2026-07-30 17:56:45,2026-07-30 17:56:44
P:10-00522ER:01S:SIE262606673,2026-07-29 17:00:00,SFOHOUT00052411,,93248377,PO-US-09166,,10-00522E,2026072814,1,,P:90-06831ER:01S:SIE262704373,PO-US-09166 shipped 073026 ASN 93248377 Qty 6240.xlsx,2026-07-30 17:56:34,2026-07-30 17:56:45,2026-07-30 17:56:44
P:10-00522ER:01S:SIE262606674,2026-07-29 17:00:00,SFOHOUT00052411,,93248377,PO-US-09166,,10-00522E,202607283,1,,P:90-06831ER:01S:SIE262704388,PO-US-09166 shipped 073026 ASN 93248377 Qty 6240.xlsx,2026-07-30 17:56:34,2026-07-30 17:56:45,2026-07-30 17:56:44
P:10-00522ER:01S:SIE262606677,2026-07-29 17:00:00,SFOHOUT00052411,,93248377,PO-US-09166,,10-00522E,2026072813,1,,P:90-06831ER:01S:SIE262704353,PO-US-09166 shipped 073026 ASN 93248377 Qty 6240.xlsx,2026-07-30 17:56:34,2026-07-30 17:56:45,2026-07-30 17:56:44
P:10-00522ER:01S:SIE262606678,2026-07-29 17:00:00,SFOHOUT00052411,,93248377,PO-US-09166,,10-00522E,202607282,1,,P:90-06831ER:01S:SIE262811603,PO-US-09166 shipped 073026 ASN 93248377 Qty 6240.xlsx,2026-07-30 17:56:34,2026-07-30 17:56:45,2026-07-30 17:56:44
P:10-00522ER:01S:SIE262606681,2026-07-29 17:00:00,SFOHOUT00052411,,93248377,PO-US-09166,,10-00522E,2026072815,1,,P:90-06831ER:01S:SIE262704387,PO-US-09166 shipped 073026 ASN 93248377 Qty 6240.xlsx,2026-07-30 17:56:34,2026-07-30 17:56:45,2026-07-30 17:56:44
P:10-00522ER:01S:SIE262606683,2026-07-29 17:00:00,SFOHOUT00052411,,93248377,PO-US-09166,,10-00522E,2026072811,1,,P:90-06831ER:01S:SIE262811629,PO-US-09166 shipped 073026 ASN 93248377 Qty 6240.xlsx,2026-07-30 17:56:34,2026-07-30 17:56:45,2026-07-30 17:56:44
P:10-00522ER:01S:SIE262606684,2026-07-29 17:00:00,SFOHOUT00052411,,93248377,PO-US-09166,,10-00522E,202607288,1,,P:90-06831ER:01S:SIE262704410,PO-US-09166 shipped 073026 ASN 93248377 Qty 6240.xlsx,2026-07-30 17:56:34,2026-07-30 17:56:45,2026-07-30 17:56:44
P:10-00522ER:01S:SIE262606685,2026-07-29 17:00:00,SFOHOUT00052411,,93248377,PO-US-09166,,10-00522E,202607288,1,,P:90-06831ER:01S:SIE262704410,PO-US-09166 shipped 073026 ASN 93248377 Qty 6240.xlsx,2026-07-30 17:56:34,2026-07-30 17:56:45,2026-07-30 17:56:44
P:10-00522ER:01S:SIE262606689,2026-07-29 17:00:00,SFOHOUT00052411,,93248377,PO-US-09166,,10-00522E,2026072815,1,,P:90-06831ER:01S:SIE262704385,PO-US-09166 shipped 073026 ASN 93248377 Qty 6240.xlsx,2026-07-30 17:56:34,2026-07-30 17:56:45,2026-07-30 17:56:44
P:10-00522ER:01S:SIE262606691,2026-07-29 17:00:00,SFOHOUT00052411,,93248377,PO-US-09166,,10-00522E,2026072814,1,,P:90-06831ER:01S:SIE262704374,PO-US-09166 shipped 073026 ASN 93248377 Qty 6240.xlsx,2026-07-30 17:56:34,2026-07-30 17:56:45,2026-07-30 17:56:44
P:10-00522ER:01S:SIE262606692,2026-07-29 17:00:00,SFOHOUT00052411,,93248377,PO-US-09166,,10-00522E,2026072813,1,,P:90-06831ER:01S:SIE262704353,PO-US-09166 shipped 073026 ASN 93248377 Qty 6240.xlsx,2026-07-30 17:56:34,2026-07-30 17:56:45,2026-07-30 17:56:44
P:10-00522ER:01S:SIE262606694,2026-07-29 17:00:00,SFOHOUT00052411,,93248377,PO-US-09166,,10-00522E,2026072811,1,,P:90-06831ER:01S:SIE262811628,PO-US-09166 shipped 073026 ASN 93248377 Qty 6240.xlsx,2026-07-30 17:56:34,2026-07-30 17:56:45,2026-07-30 17:56:44
P:10-00522ER:01S:SIE262606695,2026-07-29 17:00:00,SFOHOUT00052411,,93248377,PO-US-09166,,10-00522E,2026072815,1,,P:90-06831ER:01S:SIE262704386,PO-US-09166 shipped 073026 ASN 93248377 Qty 6240.xlsx,2026-07-30 17:56:34,2026-07-30 17:56:45,2026-07-30 17:56:44
P:10-00522ER:01S:SIE262606697,2026-07-29 17:00:00,SFOHOUT00052411,,93248377,PO-US-09166,,10-00522E,202607283,1,,P:90-06831ER:01S:SIE262704388,PO-US-09166 shipped 073026 ASN 93248377 Qty 6240.xlsx,2026-07-30 17:56:34,2026-07-30 17:56:45,2026-07-30 17:56:44
P:10-00522ER:01S:SIE262606698,2026-07-29 17:00:00,SFOHOUT00052411,,93248377,PO-US-09166,,10-00522E,2026072814,1,,P:90-06831ER:01S:SIE262704369,PO-US-09166 shipped 073026 ASN 93248377 Qty 6240.xlsx,2026-07-30 17:56:34,2026-07-30 17:56:45,2026-07-30 17:56:44
P:10-00522ER:01S:SIE262606699,2026-07-29 17:00:00,SFOHOUT00052411,,93248377,PO-US-09166,,10-00522E,2026072815,1,,P:90-06831ER:01S:SIE262704387,PO-US-09166 shipped 073026 ASN 93248377 Qty 6240.xlsx,2026-07-30 17:56:34,2026-07-30 17:56:45,2026-07-30 17:56:44
P:10-00522ER:01S:SIE262606700,2026-07-29 17:00:00,SFOHOUT00052411,,93248377,PO-US-09166,,10-00522E,2026072814,1,,P:90-06831ER:01S:SIE262704376,PO-US-09166 shipped 073026 ASN 93248377 Qty 6240.xlsx,2026-07-30 17:56:34,2026-07-30 17:56:45,2026-07-30 17:56:44
P:10-00522ER:02S:SIE262805151,2026-07-29 17:00:00,SFOHOUT00052411,,93248377,PO-US-09166,,10-00522E,2026072815,1,,P:90-06831ER:01S:SIE262704458,PO-US-09166 shipped 073026 ASN 93248377 Qty 6240.xlsx,2026-07-30 17:56:34,2026-07-30 17:56:45,2026-07-30 17:56:44
P:10-00522ER:02S:SIE262805152,2026-07-29 17:00:00,SFOHOUT00052411,,93248377,PO-US-09166,,10-00522E,2026072815,1,,P:90-06831ER:01S:SIE262704458,PO-US-09166 shipped 073026 ASN 93248377 Qty 6240.xlsx,2026-07-30 17:56:34,2026-07-30 17:56:45,2026-07-30 17:56:44
P:10-00522ER:02S:SIE262805153,2026-07-29 17:00:00,SFOHOUT00052411,,93248377,PO-US-09166,,10-00522E,202607283,1,,P:90-06831ER:01S:SIE262704445,PO-US-09166 shipped 073026 ASN 93248377 Qty 6240.xlsx,2026-07-30 17:56:34,2026-07-30 17:56:45,2026-07-30 17:56:44
P:10-00522ER:02S:SIE262805154,2026-07-29 17:00:00,SFOHOUT00052411,,93248377,PO-US-09166,,10-00522E,202607283,1,,P:90-06831ER:01S:SIE262704371,PO-US-09166 shipped 073026 ASN 93248377 Qty 6240.xlsx,2026-07-30 17:56:34,2026-07-30 17:56:45,2026-07-30 17:56:44
P:10-00522ER:02S:SIE262805155,2026-07-29 17:00:00,SFOHOUT00052411,,93248377,PO-US-09166,,10-00522E,202607289,1,,P:90-06831ER:01S:SIE262704444,PO-US-09166 shipped 073026 ASN 93248377 Qty 6240.xlsx,2026-07-30 17:56:34,2026-07-30 17:56:45,2026-07-30 17:56:44
P:10-00522ER:02S:SIE262805156,2026-07-29 17:00:00,SFOHOUT00052411,,93248377,PO-US-09166,,10-00522E,202607283,1,,P:90-06831ER:01S:SIE262704371,PO-US-09166 shipped 073026 ASN 93248377 Qty 6240.xlsx,2026-07-30 17:56:34,2026-07-30 17:56:45,2026-07-30 17:56:44
P:10-00522ER:02S:SIE262805158,2026-07-29 17:00:00,SFOHOUT00052411,,93248377,PO-US-09166,,10-00522E,202607283,1,,P:90-06831ER:01S:SIE262704443,PO-US-09166 shipped 073026 ASN 93248377 Qty 6240.xlsx,2026-07-30 17:56:34,2026-07-30 17:56:45,2026-07-30 17:56:44
P:10-00522ER:02S:SIE262805159,2026-07-29 17:00:00,SFOHOUT00052411,,93248377,PO-US-09166,,10-00522E,202607284,1,,P:90-06831ER:01S:SIE262704416,PO-US-09166 shipped 073026 ASN 93248377 Qty 6240.xlsx,2026-07-30 17:56:34,2026-07-30 17:56:45,2026-07-30 17:56:44
P:10-00522ER:02S:SIE262805160,2026-07-29 17:00:00,SFOHOUT00052411,,93248377,PO-US-09166,,10-00522E,202607284,1,,P:90-06831ER:01S:SIE262704422,PO-US-09166 shipped 073026 ASN 93248377 Qty 6240.xlsx,2026-07-30 17:56:34,2026-07-30 17:56:45,2026-07-30 17:56:44
P:10-00522ER:02S:SIE262805161,2026-07-29 17:00:00,SFOHOUT00052411,,93248377,PO-US-09166,,10-00522E,202607289,1,,P:90-06831ER:01S:SIE262704444,PO-US-09166 shipped 073026 ASN 93248377 Qty 6240.xlsx,2026-07-30 17:56:34,2026-07-30 17:56:45,2026-07-30 17:56:44
P:10-00522ER:02S:SIE262805162,2026-07-29 17:00:00,SFOHOUT00052411,,93248377,PO-US-09166,,10-00522E,2026072810,1,,P:90-06831ER:01S:SIE262704417,PO-US-09166 shipped 073026 ASN 93248377 Qty 6240.xlsx,2026-07-30 17:56:34,2026-07-30 17:56:45,2026-07-30 17:56:44
P:10-00522ER:02S:SIE262805163,2026-07-29 17:00:00,SFOHOUT00052411,,93248377,PO-US-09166,,10-00522E,202607283,1,,P:90-06831ER:01S:SIE262704453,PO-US-09166 shipped 073026 ASN 93248377 Qty 6240.xlsx,2026-07-30 17:56:34,2026-07-30 17:56:45,2026-07-30 17:56:44
P:10-00522ER:02S:SIE262805164,2026-07-29 17:00:00,SFOHOUT00052411,,93248377,PO-US-09166,,10-00522E,202607288,1,,P:90-06831ER:01S:SIE262704412,PO-US-09166 shipped 073026 ASN 93248377 Qty 6240.xlsx,2026-07-30 17:56:34,2026-07-30 17:56:45,2026-07-30 17:56:44
P:10-00522ER:02S:SIE262805165,2026-07-29 17:00:00,SFOHOUT00052411,,93248377,PO-US-09166,,10-00522E,202607289,1,,P:90-06831ER:01S:SIE262704444,PO-US-09166 shipped 073026 ASN 93248377 Qty 6240.xlsx,2026-07-30 17:56:34,2026-07-30 17:56:45,2026-07-30 17:56:44
P:10-00522ER:02S:SIE262805166,2026-07-29 17:00:00,SFOHOUT00052411,,93248377,PO-US-09166,,10-00522E,202607284,1,,P:90-06831ER:01S:SIE262704424,PO-US-09166 shipped 073026 ASN 93248377 Qty 6240.xlsx,2026-07-30 17:56:34,2026-07-30 17:56:45,2026-07-30 17:56:44
P:10-00522ER:02S:SIE262805167,2026-07-29 17:00:00,SFOHOUT00052411,,93248377,PO-US-09166,,10-00522E,202607283,1,,P:90-06831ER:01S:SIE262704371,PO-US-09166 shipped 073026 ASN 93248377 Qty 6240.xlsx,2026-07-30 17:56:34,2026-07-30 17:56:45,2026-07-30 17:56:44
P:10-00522ER:02S:SIE262805168,2026-07-29 17:00:00,SFOHOUT00052411,,93248377,PO-US-09166,,10-00522E,2026072810,1,,P:90-06831ER:01S:SIE262704418,PO-US-09166 shipped 073026 ASN 93248377 Qty 6240.xlsx,2026-07-30 17:56:34,2026-07-30 17:56:45,2026-07-30 17:56:44
P:10-00522ER:02S:SIE262805169,2026-07-29 17:00:00,SFOHOUT00052411,,93248377,PO-US-09166,,10-00522E,202607283,1,,P:90-06831ER:01S:SIE262704371,PO-US-09166 shipped 073026 ASN 93248377 Qty 6240.xlsx,2026-07-30 17:56:34,2026-07-30 17:56:45,2026-07-30 17:56:44
P:10-00522ER:02S:SIE262805170,2026-07-29 17:00:00,SFOHOUT00052411,,93248377,PO-US-09166,,10-00522E,2026072815,1,,P:90-06831ER:01S:SIE262704458,PO-US-09166 shipped 073026 ASN 93248377 Qty 6240.xlsx,2026-07-30 17:56:34,2026-07-30 17:56:45,2026-07-30 17:56:44
P:10-00522ER:02S:SIE262805171,2026-07-29 17:00:00,SFOHOUT00052411,,93248377,PO-US-09166,,10-00522E,202607289,1,,P:90-06831ER:01S:SIE262704444,PO-US-09166 shipped 073026 ASN 93248377 Qty 6240.xlsx,2026-07-30 17:56:34,2026-07-30 17:56:45,2026-07-30 17:56:44
P:10-00522ER:02S:SIE262805172,2026-07-29 17:00:00,SFOHOUT00052411,,93248377,PO-US-09166,,10-00522E,202607284,1,,P:90-06831ER:01S:SIE262704432,PO-US-09166 shipped 073026 ASN 93248377 Qty 6240.xlsx,2026-07-30 17:56:34,2026-07-30 17:56:45,2026-07-30 17:56:44
P:10-00522ER:02S:SIE262805173,2026-07-29 17:00:00,SFOHOUT00052411,,93248377,PO-US-09166,,10-00522E,2026072810,1,,P:90-06831ER:01S:SIE262704418,PO-US-09166 shipped 073026 ASN 93248377 Qty 6240.xlsx,2026-07-30 17:56:34,2026-07-30 17:56:45,2026-07-30 17:56:44
P:10-00522ER:02S:SIE262805174,2026-07-29 17:00:00,SFOHOUT00052411,,93248377,PO-US-09166,,10-00522E,202607284,1,,P:90-06831ER:01S:SIE262704429,PO-US-09166 shipped 073026 ASN 93248377 Qty 6240.xlsx,2026-07-30 17:56:34,2026-07-30 17:56:45,2026-07-30 17:56:44
P:10-00522ER:02S:SIE262805175,2026-07-29 17:00:00,SFOHOUT00052411,,93248377,PO-US-09166,,10-00522E,202607288,1,,P:90-06831ER:01S:SIE262704412,PO-US-09166 shipped 073026 ASN 93248377 Qty 6240.xlsx,2026-07-30 17:56:34,2026-07-30 17:56:45,2026-07-30 17:56:44
P:10-00522ER:02S:SIE262805176,2026-07-29 17:00:00,SFOHOUT00052411,,93248377,PO-US-09166,,10-00522E,2026072810,1,,P:90-06831ER:01S:SIE262704413,PO-US-09166 shipped 073026 ASN 93248377 Qty 6240.xlsx,2026-07-30 17:56:34,2026-07-30 17:56:45,2026-07-30 17:56:44
P:10-00522ER:02S:SIE262805177,2026-07-29 17:00:00,SFOHOUT00052411,,93248377,PO-US-09166,,10-00522E,202607284,1,,P:90-06831ER:01S:SIE262704400,PO-US-09166 shipped 073026 ASN 93248377 Qty 6240.xlsx,2026-07-30 17:56:34,2026-07-30 17:56:45,2026-07-30 17:56:44
P:10-00522ER:02S:SIE262805179,2026-07-29 17:00:00,SFOHOUT00052411,,93248377,PO-US-09166,,10-00522E,2026072810,1,,P:90-06831ER:01S:SIE262704414,PO-US-09166 shipped 073026 ASN 93248377 Qty 6240.xlsx,2026-07-30 17:56:34,2026-07-30 17:56:45,2026-07-30 17:56:44
P:10-00522ER:02S:SIE262805180,2026-07-29 17:00:00,SFOHOUT00052411,,93248377,PO-US-09166,,10-00522E,202607284,1,,P:90-06831ER:01S:SIE262704415,PO-US-09166 shipped 073026 ASN 93248377 Qty 6240.xlsx,2026-07-30 17:56:34,2026-07-30 17:56:45,2026-07-30 17:56:44
P:10-00522ER:02S:SIE262805183,2026-07-29 17:00:00,SFOHOUT00052411,,93248377,PO-US-09166,,10-00522E,202607283,1,,P:90-06831ER:01S:SIE262704445,PO-US-09166 shipped 073026 ASN 93248377 Qty 6240.xlsx,2026-07-30 17:56:34,2026-07-30 17:56:45,2026-07-30 17:56:44
P:10-00522ER:02S:SIE262805184,2026-07-29 17:00:00,SFOHOUT00052411,,93248377,PO-US-09166,,10-00522E,202607283,1,,P:90-06831ER:01S:SIE262704371,PO-US-09166 shipped 073026 ASN 93248377 Qty 6240.xlsx,2026-07-30 17:56:34,2026-07-30 17:56:45,2026-07-30 17:56:44
P:10-00522ER:02S:SIE262805185,2026-07-29 17:00:00,SFOHOUT00052411,,93248377,PO-US-09166,,10-00522E,202607289,1,,P:90-06831ER:01S:SIE262704456,PO-US-09166 shipped 073026 ASN 93248377 Qty 6240.xlsx,2026-07-30 17:56:34,2026-07-30 17:56:45,2026-07-30 17:56:44
P:10-00522ER:02S:SIE262805186,2026-07-29 17:00:00,SFOHOUT00052411,,93248377,PO-US-09166,,10-00522E,202607288,1,,P:90-06831ER:01S:SIE262704409,PO-US-09166 shipped 073026 ASN 93248377 Qty 6240.xlsx,2026-07-30 17:56:34,2026-07-30 17:56:45,2026-07-30 17:56:44
P:10-00522ER:02S:SIE262805187,2026-07-29 17:00:00,SFOHOUT00052411,,93248377,PO-US-09166,,10-00522E,202607289,1,,P:90-06831ER:01S:SIE262704451,PO-US-09166 shipped 073026 ASN 93248377 Qty 6240.xlsx,2026-07-30 17:56:34,2026-07-30 17:56:45,2026-07-30 17:56:44
P:10-00522ER:02S:SIE262805188,2026-07-29 17:00:00,SFOHOUT00052411,,93248377,PO-US-09166,,10-00522E,202607284,1,,P:90-06831ER:01S:SIE262704415,PO-US-09166 shipped 073026 ASN 93248377 Qty 6240.xlsx,2026-07-30 17:56:34,2026-07-30 17:56:45,2026-07-30 17:56:44
P:10-00522ER:02S:SIE262805189,2026-07-30 17:00:00,SFOHOUT00052412,,93248460,PO-US-09166,,10-00522E,2026073025,1,,P:90-06831ER:01S:SIE262811790,PO-US-08015 shipped 073126 ASN 93248292 Qty 240 POUS08933 A8401 Q324 POUS08008 A8402 Q110 POUS08625 A8452 Q270 POUS08013 A8453 Q13 POUS09054 A8454 Q50 POUS08885 A93248457 Q10 POUS09166 A93248460 Q2400.xlsx,2026-07-31 17:45:36,2026-07-31 17:45:43,2026-07-31 17:45:43
P:10-00522ER:02S:SIE262805190,2026-07-30 17:00:00,SFOHOUT00052412,,93248460,PO-US-09166,,10-00522E,2026073023,1,,P:90-06831ER:01S:SIE262811782,PO-US-08015 shipped 073126 ASN 93248292 Qty 240 POUS08933 A8401 Q324 POUS08008 A8402 Q110 POUS08625 A8452 Q270 POUS08013 A8453 Q13 POUS09054 A8454 Q50 POUS08885 A93248457 Q10 POUS09166 A93248460 Q2400.xlsx,2026-07-31 17:45:36,2026-07-31 17:45:43,2026-07-31 17:45:43
P:10-00522ER:02S:SIE262805191,2026-07-29 17:00:00,SFOHOUT00052411,,93248377,PO-US-09166,,10-00522E,202607284,1,,P:90-06831ER:01S:SIE262704430,PO-US-09166 shipped 073026 ASN 93248377 Qty 6240.xlsx,2026-07-30 17:56:34,2026-07-30 17:56:45,2026-07-30 17:56:44
P:10-00522ER:02S:SIE262805192,2026-07-29 17:00:00,SFOHOUT00052411,,93248377,PO-US-09166,,10-00522E,202607289,1,,P:90-06831ER:01S:SIE262704452,PO-US-09166 shipped 073026 ASN 93248377 Qty 6240.xlsx,2026-07-30 17:56:34,2026-07-30 17:56:45,2026-07-30 17:56:44
P:10-00522ER:02S:SIE262805193,2026-07-29 17:00:00,SFOHOUT00052411,,93248377,PO-US-09166,,10-00522E,202607289,1,,P:90-06831ER:01S:SIE262704447,PO-US-09166 shipped 073026 ASN 93248377 Qty 6240.xlsx,2026-07-30 17:56:34,2026-07-30 17:56:45,2026-07-30 17:56:44
P:10-00522ER:02S:SIE262805194,2026-07-29 17:00:00,SFOHOUT00052411,,93248377,PO-US-09166,,10-00522E,202607283,1,,P:90-06831ER:01S:SIE262704443,PO-US-09166 shipped 073026 ASN 93248377 Qty 6240.xlsx,2026-07-30 17:56:34,2026-07-30 17:56:45,2026-07-30 17:56:44
P:10-00522ER:02S:SIE262805195,2026-07-29 17:00:00,SFOHOUT00052411,,93248377,PO-US-09166,,10-00522E,202607283,1,,P:90-06831ER:01S:SIE262704443,PO-US-09166 shipped 073026 ASN 93248377 Qty 6240.xlsx,2026-07-30 17:56:34,2026-07-30 17:56:45,2026-07-30 17:56:44
P:10-00522ER:02S:SIE262805196,2026-07-29 17:00:00,SFOHOUT00052411,,93248377,PO-US-09166,,10-00522E,202607283,1,,P:90-06831ER:01S:SIE262704445,PO-US-09166 shipped 073026 ASN 93248377 Qty 6240.xlsx,2026-07-30 17:56:34,2026-07-30 17:56:45,2026-07-30 17:56:44
P:10-00522ER:02S:SIE262805197,2026-07-29 17:00:00,SFOHOUT00052411,,93248377,PO-US-09166,,10-00522E,202607288,1,,P:90-06831ER:01S:SIE262704403,PO-US-09166 shipped 073026 ASN 93248377 Qty 6240.xlsx,2026-07-30 17:56:34,2026-07-30 17:56:45,2026-07-30 17:56:44
P:10-00522ER:02S:SIE262805198,2026-07-29 17:00:00,SFOHOUT00052411,,93248377,PO-US-09166,,10-00522E,202607284,1,,P:90-06831ER:01S:SIE262704430,PO-US-09166 shipped 073026 ASN 93248377 Qty 6240.xlsx,2026-07-30 17:56:34,2026-07-30 17:56:45,2026-07-30 17:56:44
P:10-00522ER:02S:SIE262805199,2026-07-29 17:00:00,SFOHOUT00052411,,93248377,PO-US-09166,,10-00522E,2026072810,1,,P:90-06831ER:01S:SIE262704417,PO-US-09166 shipped 073026 ASN 93248377 Qty 6240.xlsx,2026-07-30 17:56:34,2026-07-30 17:56:45,2026-07-30 17:56:44
P:10-00522ER:02S:SIE262805200,2026-07-29 17:00:00,SFOHOUT00052411,,93248377,PO-US-09166,,10-00522E,202607284,1,,P:90-06831ER:01S:SIE262704430,PO-US-09166 shipped 073026 ASN 93248377 Qty 6240.xlsx,2026-07-30 17:56:34,2026-07-30 17:56:45,2026-07-30 17:56:44
P:10-00522ER:02S:SIE262805201,2026-07-29 17:00:00,SFOHOUT00052411,,93248377,PO-US-09166,,10-00522E,202607289,1,,P:90-06831ER:01S:SIE262704449,PO-US-09166 shipped 073026 ASN 93248377 Qty 6240.xlsx,2026-07-30 17:56:34,2026-07-30 17:56:45,2026-07-30 17:56:44
P:10-00522ER:02S:SIE262805202,2026-07-29 17:00:00,SFOHOUT00052411,,93248377,PO-US-09166,,10-00522E,202607284,1,,P:90-06831ER:01S:SIE262704430,PO-US-09166 shipped 073026 ASN 93248377 Qty 6240.xlsx,2026-07-30 17:56:34,2026-07-30 17:56:45,2026-07-30 17:56:44
P:10-00522ER:02S:SIE262805203,2026-07-29 17:00:00,SFOHOUT00052411,,93248377,PO-US-09166,,10-00522E,202607289,1,,P:90-06831ER:01S:SIE262704452,PO-US-09166 shipped 073026 ASN 93248377 Qty 6240.xlsx,2026-07-30 17:56:34,2026-07-30 17:56:45,2026-07-30 17:56:44
P:10-00522ER:02S:SIE262805204,2026-07-30 17:00:00,SFOHOUT00052412,,93248460,PO-US-09166,,10-00522E,2026073024,1,,P:90-06831ER:01S:SIE263009486,PO-US-08015 shipped 073126 ASN 93248292 Qty 240 POUS08933 A8401 Q324 POUS08008 A8402 Q110 POUS08625 A8452 Q270 POUS08013 A8453 Q13 POUS09054 A8454 Q50 POUS08885 A93248457 Q10 POUS09166 A93248460 Q2400.xlsx,2026-07-31 17:45:36,2026-07-31 17:45:43,2026-07-31 17:45:43
P:10-00522ER:02S:SIE262805205,2026-07-29 17:00:00,SFOHOUT00052411,,93248377,PO-US-09166,,10-00522E,202607287,1,,P:90-06831ER:01S:SIE262811681,PO-US-09166 shipped 073026 ASN 93248377 Qty 6240.xlsx,2026-07-30 17:56:34,2026-07-30 17:56:45,2026-07-30 17:56:44
P:10-00522ER:02S:SIE262805206,2026-07-29 17:00:00,SFOHOUT00052411,,93248377,PO-US-09166,,10-00522E,2026072810,1,,P:90-06831ER:01S:SIE262704418,PO-US-09166 shipped 073026 ASN 93248377 Qty 6240.xlsx,2026-07-30 17:56:34,2026-07-30 17:56:45,2026-07-30 17:56:44
P:10-00522ER:02S:SIE262805207,2026-07-29 17:00:00,SFOHOUT00052411,,93248377,PO-US-09166,,10-00522E,202607287,1,,P:90-06831ER:01S:SIE262811684,PO-US-09166 shipped 073026 ASN 93248377 Qty 6240.xlsx,2026-07-30 17:56:34,2026-07-30 17:56:45,2026-07-30 17:56:44
P:10-00522ER:02S:SIE262805208,2026-07-29 17:00:00,SFOHOUT00052411,,93248377,PO-US-09166,,10-00522E,2026072810,1,,P:90-06831ER:01S:SIE262704413,PO-US-09166 shipped 073026 ASN 93248377 Qty 6240.xlsx,2026-07-30 17:56:34,2026-07-30 17:56:45,2026-07-30 17:56:44
P:10-00522ER:02S:SIE262805209,2026-07-29 17:00:00,SFOHOUT00052411,,93248377,PO-US-09166,,10-00522E,202607284,1,,P:90-06831ER:01S:SIE262704415,PO-US-09166 shipped 073026 ASN 93248377 Qty 6240.xlsx,2026-07-30 17:56:34,2026-07-30 17:56:45,2026-07-30 17:56:44
P:10-00522ER:02S:SIE262805210,2026-07-29 17:00:00,SFOHOUT00052411,,93248377,PO-US-09166,,10-00522E,202607289,1,,P:90-06831ER:01S:SIE262704444,PO-US-09166 shipped 073026 ASN 93248377 Qty 6240.xlsx,2026-07-30 17:56:34,2026-07-30 17:56:45,2026-07-30 17:56:44
P:10-00522ER:02S:SIE262805211,2026-07-29 17:00:00,SFOHOUT00052411,,93248377,PO-US-09166,,10-00522E,2026072810,1,,P:90-06831ER:01S:SIE262704421,PO-US-09166 shipped 073026 ASN 93248377 Qty 6240.xlsx,2026-07-30 17:56:34,2026-07-30 17:56:45,2026-07-30 17:56:44
P:10-00522ER:02S:SIE262805212,2026-07-29 17:00:00,SFOHOUT00052411,,93248377,PO-US-09166,,10-00522E,2026072810,1,,P:90-06831ER:01S:SIE262704421,PO-US-09166 shipped 073026 ASN 93248377 Qty 6240.xlsx,2026-07-30 17:56:34,2026-07-30 17:56:45,2026-07-30 17:56:44
P:10-00522ER:02S:SIE262805213,2026-07-29 17:00:00,SFOHOUT00052411,,93248377,PO-US-09166,,10-00522E,202607289,1,,P:90-06831ER:01S:SIE262704444,PO-US-09166 shipped 073026 ASN 93248377 Qty 6240.xlsx,2026-07-30 17:56:34,2026-07-30 17:56:45,2026-07-30 17:56:44
P:10-00522ER:02S:SIE262805214,2026-07-29 17:00:00,SFOHOUT00052411,,93248377,PO-US-09166,,10-00522E,2026072815,1,,P:90-06831ER:01S:SIE262704457,PO-US-09166 shipped 073026 ASN 93248377 Qty 6240.xlsx,2026-07-30 17:56:34,2026-07-30 17:56:45,2026-07-30 17:56:44
P:10-00522ER:02S:SIE262805215,2026-07-29 17:00:00,SFOHOUT00052411,,93248377,PO-US-09166,,10-00522E,202607283,1,,P:90-06831ER:01S:SIE262704371,PO-US-09166 shipped 073026 ASN 93248377 Qty 6240.xlsx,2026-07-30 17:56:34,2026-07-30 17:56:45,2026-07-30 17:56:44
P:10-00522ER:02S:SIE262805216,2026-07-29 17:00:00,SFOHOUT00052411,,93248377,PO-US-09166,,10-00522E,202607288,1,,P:90-06831ER:01S:SIE262704405,PO-US-09166 shipped 073026 ASN 93248377 Qty 6240.xlsx,2026-07-30 17:56:34,2026-07-30 17:56:45,2026-07-30 17:56:44
P:10-00522ER:02S:SIE262805217,2026-07-29 17:00:00,SFOHOUT00052411,,93248377,PO-US-09166,,10-00522E,2026072815,1,,P:90-06831ER:01S:SIE262704457,PO-US-09166 shipped 073026 ASN 93248377 Qty 6240.xlsx,2026-07-30 17:56:34,2026-07-30 17:56:45,2026-07-30 17:56:44
P:10-00522ER:02S:SIE262805218,2026-07-29 17:00:00,SFOHOUT00052411,,93248377,PO-US-09166,,10-00522E,2026072810,1,,P:90-06831ER:01S:SIE262704413,PO-US-09166 shipped 073026 ASN 93248377 Qty 6240.xlsx,2026-07-30 17:56:34,2026-07-30 17:56:45,2026-07-30 17:56:44
P:10-00522ER:02S:SIE262805219,2026-07-29 17:00:00,SFOHOUT00052411,,93248377,PO-US-09166,,10-00522E,202607283,1,,P:90-06831ER:01S:SIE262704443,PO-US-09166 shipped 073026 ASN 93248377 Qty 6240.xlsx,2026-07-30 17:56:34,2026-07-30 17:56:45,2026-07-30 17:56:44
P:10-00522ER:02S:SIE262805220,2026-07-29 17:00:00,SFOHOUT00052411,,93248377,PO-US-09166,,10-00522E,2026072815,1,,P:90-06831ER:01S:SIE262704458,PO-US-09166 shipped 073026 ASN 93248377 Qty 6240.xlsx,2026-07-30 17:56:34,2026-07-30 17:56:45,2026-07-30 17:56:44
P:10-00522ER:02S:SIE262805221,2026-07-29 17:00:00,SFOHOUT00052411,,93248377,PO-US-09166,,10-00522E,202607288,1,,P:90-06831ER:01S:SIE262704406,PO-US-09166 shipped 073026 ASN 93248377 Qty 6240.xlsx,2026-07-30 17:56:34,2026-07-30 17:56:45,2026-07-30 17:56:44
P:10-00522ER:02S:SIE262805222,2026-07-29 17:00:00,SFOHOUT00052411,,93248377,PO-US-09166,,10-00522E,202607288,1,,P:90-06831ER:01S:SIE262704410,PO-US-09166 shipped 073026 ASN 93248377 Qty 6240.xlsx,2026-07-30 17:56:34,2026-07-30 17:56:45,2026-07-30 17:56:44
P:10-00522ER:02S:SIE262805223,2026-07-29 17:00:00,SFOHOUT00052411,,93248377,PO-US-09166,,10-00522E,202607289,1,,P:90-06831ER:01S:SIE262704444,PO-US-09166 shipped 073026 ASN 93248377 Qty 6240.xlsx,2026-07-30 17:56:34,2026-07-30 17:56:45,2026-07-30 17:56:44
P:10-00522ER:02S:SIE262805224,2026-07-29 17:00:00,SFOHOUT00052411,,93248377,PO-US-09166,,10-00522E,202607283,1,,P:90-06831ER:01S:SIE262704443,PO-US-09166 shipped 073026 ASN 93248377 Qty 6240.xlsx,2026-07-30 17:56:34,2026-07-30 17:56:45,2026-07-30 17:56:44
P:10-00522ER:02S:SIE262805225,2026-07-29 17:00:00,SFOHOUT00052411,,93248377,PO-US-09166,,10-00522E,202607281,1,,P:90-06831ER:01S:SIE263009509,PO-US-09166 shipped 073026 ASN 93248377 Qty 6240.xlsx,2026-07-30 17:56:34,2026-07-30 17:56:45,2026-07-30 17:56:44
P:10-00522ER:02S:SIE262805226,2026-07-29 17:00:00,SFOHOUT00052411,,93248377,PO-US-09166,,10-00522E,202607288,1,,P:90-06831ER:01S:SIE262704406,PO-US-09166 shipped 073026 ASN 93248377 Qty 6240.xlsx,2026-07-30 17:56:34,2026-07-30 17:56:45,2026-07-30 17:56:44
P:10-00522ER:02S:SIE262805227,2026-07-29 17:00:00,SFOHOUT00052411,,93248377,PO-US-09166,,10-00522E,202607289,1,,P:90-06831ER:01S:SIE262704456,PO-US-09166 shipped 073026 ASN 93248377 Qty 6240.xlsx,2026-07-30 17:56:34,2026-07-30 17:56:45,2026-07-30 17:56:44
P:10-00522ER:02S:SIE262805228,2026-07-30 17:00:00,SFOHOUT00052412,,93248460,PO-US-09166,,10-00522E,2026073023,1,,P:90-06831ER:01S:SIE262811782,PO-US-08015 shipped 073126 ASN 93248292 Qty 240 POUS08933 A8401 Q324 POUS08008 A8402 Q110 POUS08625 A8452 Q270 POUS08013 A8453 Q13 POUS09054 A8454 Q50 POUS08885 A93248457 Q10 POUS09166 A93248460 Q2400.xlsx,2026-07-31 17:45:36,2026-07-31 17:45:43,2026-07-31 17:45:43
P:10-00522ER:02S:SIE262805229,2026-07-29 17:00:00,SFOHOUT00052411,,93248377,PO-US-09166,,10-00522E,202607289,1,,P:90-06831ER:01S:SIE262704452,PO-US-09166 shipped 073026 ASN 93248377 Qty 6240.xlsx,2026-07-30 17:56:34,2026-07-30 17:56:45,2026-07-30 17:56:44
P:10-00522ER:02S:SIE262805230,2026-07-29 17:00:00,SFOHOUT00052411,,93248377,PO-US-09166,,10-00522E,202607283,1,,P:90-06831ER:01S:SIE262704371,PO-US-09166 shipped 073026 ASN 93248377 Qty 6240.xlsx,2026-07-30 17:56:34,2026-07-30 17:56:45,2026-07-30 17:56:44
P:10-00522ER:02S:SIE262805231,2026-07-29 17:00:00,SFOHOUT00052411,,93248377,PO-US-09166,,10-00522E,202607289,1,,P:90-06831ER:01S:SIE262704446,PO-US-09166 shipped 073026 ASN 93248377 Qty 6240.xlsx,2026-07-30 17:56:34,2026-07-30 17:56:45,2026-07-30 17:56:44
P:10-00522ER:02S:SIE262805232,2026-07-29 17:00:00,SFOHOUT00052411,,93248377,PO-US-09166,,10-00522E,2026072811,1,,P:90-06831ER:01S:SIE262811613,PO-US-09166 shipped 073026 ASN 93248377 Qty 6240.xlsx,2026-07-30 17:56:34,2026-07-30 17:56:45,2026-07-30 17:56:44
P:10-00522ER:02S:SIE262805233,2026-07-29 17:00:00,SFOHOUT00052411,,93248377,PO-US-09166,,10-00522E,2026072811,1,,P:90-06831ER:01S:SIE262811614,PO-US-09166 shipped 073026 ASN 93248377 Qty 6240.xlsx,2026-07-30 17:56:34,2026-07-30 17:56:45,2026-07-30 17:56:44
P:10-00522ER:02S:SIE262805234,2026-07-29 17:00:00,SFOHOUT00052411,,93248377,PO-US-09166,,10-00522E,202607289,1,,P:90-06831ER:01S:SIE262704448,PO-US-09166 shipped 073026 ASN 93248377 Qty 6240.xlsx,2026-07-30 17:56:34,2026-07-30 17:56:45,2026-07-30 17:56:44
P:10-00522ER:02S:SIE262805235,2026-07-29 17:00:00,SFOHOUT00052411,,93248377,PO-US-09166,,10-00522E,202607289,1,,P:90-06831ER:01S:SIE262704449,PO-US-09166 shipped 073026 ASN 93248377 Qty 6240.xlsx,2026-07-30 17:56:34,2026-07-30 17:56:45,2026-07-30 17:56:44
P:10-00522ER:02S:SIE262805236,2026-07-29 17:00:00,SFOHOUT00052411,,93248377,PO-US-09166,,10-00522E,202607282,1,,P:90-06831ER:01S:SIE262811601,PO-US-09166 shipped 073026 ASN 93248377 Qty 6240.xlsx,2026-07-30 17:56:34,2026-07-30 17:56:45,2026-07-30 17:56:44
P:10-00522ER:02S:SIE262805237,2026-07-29 17:00:00,SFOHOUT00052411,,93248377,PO-US-09166,,10-00522E,202607289,1,,P:90-06831ER:01S:SIE262704449,PO-US-09166 shipped 073026 ASN 93248377 Qty 6240.xlsx,2026-07-30 17:56:34,2026-07-30 17:56:45,2026-07-30 17:56:44
P:10-00522ER:02S:SIE262805238,2026-07-29 17:00:00,SFOHOUT00052411,,93248377,PO-US-09166,,10-00522E,202607283,1,,P:90-06831ER:01S:SIE262704445,PO-US-09166 shipped 073026 ASN 93248377 Qty 6240.xlsx,2026-07-30 17:56:34,2026-07-30 17:56:45,2026-07-30 17:56:44
P:10-00522ER:02S:SIE262805239,2026-07-29 17:00:00,SFOHOUT00052411,,93248377,PO-US-09166,,10-00522E,202607295,1,,P:90-06831ER:01S:SIE263009495,PO-US-09166 shipped 073026 ASN 93248377 Qty 6240.xlsx,2026-07-30 17:56:34,2026-07-30 17:56:45,2026-07-30 17:56:44
P:10-00522ER:02S:SIE262805240,2026-07-30 17:00:00,SFOHOUT00052412,,93248460,PO-US-09166,,10-00522E,2026073024,1,,P:90-06831ER:01S:SIE263009488,PO-US-08015 shipped 073126 ASN 93248292 Qty 240 POUS08933 A8401 Q324 POUS08008 A8402 Q110 POUS08625 A8452 Q270 POUS08013 A8453 Q13 POUS09054 A8454 Q50 POUS08885 A93248457 Q10 POUS09166 A93248460 Q2400.xlsx,2026-07-31 17:45:36,2026-07-31 17:45:43,2026-07-31 17:45:43
P:10-00522ER:02S:SIE262805241,2026-07-29 17:00:00,SFOHOUT00052411,,93248377,PO-US-09166,,10-00522E,202607288,1,,P:90-06831ER:01S:SIE262704409,PO-US-09166 shipped 073026 ASN 93248377 Qty 6240.xlsx,2026-07-30 17:56:34,2026-07-30 17:56:45,2026-07-30 17:56:44
P:10-00522ER:02S:SIE262805242,2026-07-29 17:00:00,SFOHOUT00052411,,93248377,PO-US-09166,,10-00522E,202607289,1,,P:90-06831ER:01S:SIE262704456,PO-US-09166 shipped 073026 ASN 93248377 Qty 6240.xlsx,2026-07-30 17:56:34,2026-07-30 17:56:45,2026-07-30 17:56:44
P:10-00522ER:02S:SIE262805243,2026-07-29 17:00:00,SFOHOUT00052411,,93248377,PO-US-09166,,10-00522E,202607283,1,,P:90-06831ER:01S:SIE262704445,PO-US-09166 shipped 073026 ASN 93248377 Qty 6240.xlsx,2026-07-30 17:56:34,2026-07-30 17:56:45,2026-07-30 17:56:44
P:10-00522ER:02S:SIE262805244,2026-07-29 17:00:00,SFOHOUT00052411,,93248377,PO-US-09166,,10-00522E,202607289,1,,P:90-06831ER:01S:SIE262704456,PO-US-09166 shipped 073026 ASN 93248377 Qty 6240.xlsx,2026-07-30 17:56:34,2026-07-30 17:56:45,2026-07-30 17:56:44
P:10-00522ER:02S:SIE262805245,2026-07-29 17:00:00,SFOHOUT00052411,,93248377,PO-US-09166,,10-00522E,202607289,1,,P:90-06831ER:01S:SIE262704454,PO-US-09166 shipped 073026 ASN 93248377 Qty 6240.xlsx,2026-07-30 17:56:34,2026-07-30 17:56:45,2026-07-30 17:56:44
P:10-00522ER:02S:SIE262805246,2026-07-29 17:00:00,SFOHOUT00052411,,93248377,PO-US-09166,,10-00522E,202607283,1,,P:90-06831ER:01S:SIE262704371,PO-US-09166 shipped 073026 ASN 93248377 Qty 6240.xlsx,2026-07-30 17:56:34,2026-07-30 17:56:45,2026-07-30 17:56:44
P:10-00522ER:02S:SIE262805247,2026-07-29 17:00:00,SFOHOUT00052411,,93248377,PO-US-09166,,10-00522E,202607283,1,,P:90-06831ER:01S:SIE262704371,PO-US-09166 shipped 073026 ASN 93248377 Qty 6240.xlsx,2026-07-30 17:56:34,2026-07-30 17:56:45,2026-07-30 17:56:44
P:10-00522ER:02S:SIE262805248,2026-07-29 17:00:00,SFOHOUT00052411,,93248377,PO-US-09166,,10-00522E,202607289,1,,P:90-06831ER:01S:SIE262704444,PO-US-09166 shipped 073026 ASN 93248377 Qty 6240.xlsx,2026-07-30 17:56:34,2026-07-30 17:56:45,2026-07-30 17:56:44
P:10-00522ER:02S:SIE262805249,2026-07-29 17:00:00,SFOHOUT00052411,,93248377,PO-US-09166,,10-00522E,202607283,1,,P:90-06831ER:01S:SIE262704453,PO-US-09166 shipped 073026 ASN 93248377 Qty 6240.xlsx,2026-07-30 17:56:34,2026-07-30 17:56:45,2026-07-30 17:56:44
P:10-00522ER:02S:SIE262805251,2026-07-29 17:00:00,SFOHOUT00052411,,93248377,PO-US-09166,,10-00522E,202607288,1,,P:90-06831ER:01S:SIE262704412,PO-US-09166 shipped 073026 ASN 93248377 Qty 6240.xlsx,2026-07-30 17:56:34,2026-07-30 17:56:45,2026-07-30 17:56:44
P:10-00522ER:02S:SIE262805252,2026-07-29 17:00:00,SFOHOUT00052411,,93248377,PO-US-09166,,10-00522E,202607288,1,,P:90-06831ER:01S:SIE262704399,PO-US-09166 shipped 073026 ASN 93248377 Qty 6240.xlsx,2026-07-30 17:56:34,2026-07-30 17:56:45,2026-07-30 17:56:44
P:10-00522ER:02S:SIE262805253,2026-07-30 17:00:00,SFOHOUT00052412,,93248460,PO-US-09166,,10-00522E,2026073023,1,,P:90-06831ER:01S:SIE262811782,PO-US-08015 shipped 073126 ASN 93248292 Qty 240 POUS08933 A8401 Q324 POUS08008 A8402 Q110 POUS08625 A8452 Q270 POUS08013 A8453 Q13 POUS09054 A8454 Q50 POUS08885 A93248457 Q10 POUS09166 A93248460 Q2400.xlsx,2026-07-31 17:45:36,2026-07-31 17:45:43,2026-07-31 17:45:43
P:10-00522ER:02S:SIE262805254,2026-07-29 17:00:00,SFOHOUT00052411,,93248377,PO-US-09166,,10-00522E,202607289,1,,P:90-06831ER:01S:SIE262704454,PO-US-09166 shipped 073026 ASN 93248377 Qty 6240.xlsx,2026-07-30 17:56:34,2026-07-30 17:56:45,2026-07-30 17:56:44
P:10-00522ER:02S:SIE262805255,2026-07-29 17:00:00,SFOHOUT00052411,,93248377,PO-US-09166,,10-00522E,2026072811,1,,P:90-06831ER:01S:SIE262811614,PO-US-09166 shipped 073026 ASN 93248377 Qty 6240.xlsx,2026-07-30 17:56:34,2026-07-30 17:56:45,2026-07-30 17:56:44
P:10-00522ER:02S:SIE262805256,2026-07-29 17:00:00,SFOHOUT00052411,,93248377,PO-US-09166,,10-00522E,202607289,1,,P:90-06831ER:01S:SIE262704456,PO-US-09166 shipped 073026 ASN 93248377 Qty 6240.xlsx,2026-07-30 17:56:34,2026-07-30 17:56:45,2026-07-30 17:56:44
P:10-00522ER:02S:SIE262805257,2026-07-29 17:00:00,SFOHOUT00052411,,93248377,PO-US-09166,,10-00522E,202607289,1,,P:90-06831ER:01S:SIE262704449,PO-US-09166 shipped 073026 ASN 93248377 Qty 6240.xlsx,2026-07-30 17:56:34,2026-07-30 17:56:45,2026-07-30 17:56:44
P:10-00522ER:02S:SIE262805258,2026-07-29 17:00:00,SFOHOUT00052411,,93248377,PO-US-09166,,10-00522E,202607289,1,,P:90-06831ER:01S:SIE262704454,PO-US-09166 shipped 073026 ASN 93248377 Qty 6240.xlsx,2026-07-30 17:56:34,2026-07-30 17:56:45,2026-07-30 17:56:44
P:10-00522ER:02S:SIE262805259,2026-07-29 17:00:00,SFOHOUT00052411,,93248377,PO-US-09166,,10-00522E,2026072815,1,,P:90-06831ER:01S:SIE262704458,PO-US-09166 shipped 073026 ASN 93248377 Qty 6240.xlsx,2026-07-30 17:56:34,2026-07-30 17:56:45,2026-07-30 17:56:44
P:10-00522ER:02S:SIE262805260,2026-07-29 17:00:00,SFOHOUT00052411,,93248377,PO-US-09166,,10-00522E,202607283,1,,P:90-06831ER:01S:SIE262704445,PO-US-09166 shipped 073026 ASN 93248377 Qty 6240.xlsx,2026-07-30 17:56:34,2026-07-30 17:56:45,2026-07-30 17:56:44
P:10-00522ER:02S:SIE262805261,2026-07-29 17:00:00,SFOHOUT00052411,,93248377,PO-US-09166,,10-00522E,202607283,1,,P:90-06831ER:01S:SIE262704443,PO-US-09166 shipped 073026 ASN 93248377 Qty 6240.xlsx,2026-07-30 17:56:34,2026-07-30 17:56:45,2026-07-30 17:56:44
P:10-00522ER:02S:SIE262805262,2026-07-29 17:00:00,SFOHOUT00052411,,93248377,PO-US-09166,,10-00522E,202607289,1,,P:90-06831ER:01S:SIE262704449,PO-US-09166 shipped 073026 ASN 93248377 Qty 6240.xlsx,2026-07-30 17:56:34,2026-07-30 17:56:45,2026-07-30 17:56:44
P:10-00522ER:02S:SIE262805263,2026-07-29 17:00:00,SFOHOUT00052411,,93248377,PO-US-09166,,10-00522E,2026072810,1,,P:90-06831ER:01S:SIE262704413,PO-US-09166 shipped 073026 ASN 93248377 Qty 6240.xlsx,2026-07-30 17:56:34,2026-07-30 17:56:45,2026-07-30 17:56:44
P:10-00522ER:02S:SIE262805264,2026-07-29 17:00:00,SFOHOUT00052411,,93248377,PO-US-09166,,10-00522E,202607283,1,,P:90-06831ER:01S:SIE262704371,PO-US-09166 shipped 073026 ASN 93248377 Qty 6240.xlsx,2026-07-30 17:56:34,2026-07-30 17:56:45,2026-07-30 17:56:44
P:10-00522ER:02S:SIE262805265,2026-07-29 17:00:00,SFOHOUT00052411,,93248377,PO-US-09166,,10-00522E,202607283,1,,P:90-06831ER:01S:SIE262704443,PO-US-09166 shipped 073026 ASN 93248377 Qty 6240.xlsx,2026-07-30 17:56:34,2026-07-30 17:56:45,2026-07-30 17:56:44
P:10-00522ER:02S:SIE262805266,2026-07-29 17:00:00,SFOHOUT00052411,,93248377,PO-US-09166,,10-00522E,202607283,1,,P:90-06831ER:01S:SIE262704445,PO-US-09166 shipped 073026 ASN 93248377 Qty 6240.xlsx,2026-07-30 17:56:34,2026-07-30 17:56:45,2026-07-30 17:56:44
P:10-00522ER:02S:SIE262805267,2026-07-29 17:00:00,SFOHOUT00052411,,93248377,PO-US-09166,,10-00522E,202607283,1,,P:90-06831ER:01S:SIE262704443,PO-US-09166 shipped 073026 ASN 93248377 Qty 6240.xlsx,2026-07-30 17:56:34,2026-07-30 17:56:45,2026-07-30 17:56:44
P:10-00522ER:02S:SIE262805268,2026-07-29 17:00:00,SFOHOUT00052411,,93248377,PO-US-09166,,10-00522E,202607283,1,,P:90-06831ER:01S:SIE262704445,PO-US-09166 shipped 073026 ASN 93248377 Qty 6240.xlsx,2026-07-30 17:56:34,2026-07-30 17:56:45,2026-07-30 17:56:44
P:10-00522ER:02S:SIE262805269,2026-07-29 17:00:00,SFOHOUT00052411,,93248377,PO-US-09166,,10-00522E,202607283,1,,P:90-06831ER:01S:SIE262704371,PO-US-09166 shipped 073026 ASN 93248377 Qty 6240.xlsx,2026-07-30 17:56:34,2026-07-30 17:56:45,2026-07-30 17:56:44
P:10-00522ER:02S:SIE262805270,2026-07-29 17:00:00,SFOHOUT00052411,,93248377,PO-US-09166,,10-00522E,202607287,1,,P:90-06831ER:01S:SIE262811681,PO-US-09166 shipped 073026 ASN 93248377 Qty 6240.xlsx,2026-07-30 17:56:34,2026-07-30 17:56:45,2026-07-30 17:56:44
P:10-00522ER:02S:SIE262805271,2026-07-29 17:00:00,SFOHOUT00052411,,93248377,PO-US-09166,,10-00522E,2026072815,1,,P:90-06831ER:01S:SIE262704458,PO-US-09166 shipped 073026 ASN 93248377 Qty 6240.xlsx,2026-07-30 17:56:34,2026-07-30 17:56:45,2026-07-30 17:56:44
P:10-00522ER:02S:SIE262805272,2026-07-29 17:00:00,SFOHOUT00052411,,93248377,PO-US-09166,,10-00522E,202607283,1,,P:90-06831ER:01S:SIE262704443,PO-US-09166 shipped 073026 ASN 93248377 Qty 6240.xlsx,2026-07-30 17:56:34,2026-07-30 17:56:45,2026-07-30 17:56:44
P:10-00522ER:02S:SIE262805273,2026-07-29 17:00:00,SFOHOUT00052411,,93248377,PO-US-09166,,10-00522E,2026072810,1,,P:90-06831ER:01S:SIE262704441,PO-US-09166 shipped 073026 ASN 93248377 Qty 6240.xlsx,2026-07-30 17:56:34,2026-07-30 17:56:45,2026-07-30 17:56:44
P:10-00522ER:02S:SIE262805274,2026-07-29 17:00:00,SFOHOUT00052411,,93248377,PO-US-09166,,10-00522E,202607287,1,,P:90-06831ER:01S:SIE262811682,PO-US-09166 shipped 073026 ASN 93248377 Qty 6240.xlsx,2026-07-30 17:56:34,2026-07-30 17:56:45,2026-07-30 17:56:44
P:10-00522ER:02S:SIE262805275,2026-07-29 17:00:00,SFOHOUT00052411,,93248377,PO-US-09166,,10-00522E,202607283,1,,P:90-06831ER:01S:SIE262704445,PO-US-09166 shipped 073026 ASN 93248377 Qty 6240.xlsx,2026-07-30 17:56:34,2026-07-30 17:56:45,2026-07-30 17:56:44
P:10-00522ER:02S:SIE262805276,2026-07-29 17:00:00,SFOHOUT00052411,,93248377,PO-US-09166,,10-00522E,202607283,1,,P:90-06831ER:01S:SIE262704445,PO-US-09166 shipped 073026 ASN 93248377 Qty 6240.xlsx,2026-07-30 17:56:34,2026-07-30 17:56:45,2026-07-30 17:56:44
P:10-00522ER:02S:SIE262805277,2026-07-29 17:00:00,SFOHOUT00052411,,93248377,PO-US-09166,,10-00522E,2026072810,1,,P:90-06831ER:01S:SIE262704414,PO-US-09166 shipped 073026 ASN 93248377 Qty 6240.xlsx,2026-07-30 17:56:34,2026-07-30 17:56:45,2026-07-30 17:56:44
P:10-00522ER:02S:SIE262805278,2026-07-29 17:00:00,SFOHOUT00052411,,93248377,PO-US-09166,,10-00522E,2026072810,1,,P:90-06831ER:01S:SIE262704413,PO-US-09166 shipped 073026 ASN 93248377 Qty 6240.xlsx,2026-07-30 17:56:34,2026-07-30 17:56:45,2026-07-30 17:56:44
P:10-00522ER:02S:SIE262805279,2026-07-29 17:00:00,SFOHOUT00052411,,93248377,PO-US-09166,,10-00522E,202607289,1,,P:90-06831ER:01S:SIE262704448,PO-US-09166 shipped 073026 ASN 93248377 Qty 6240.xlsx,2026-07-30 17:56:34,2026-07-30 17:56:45,2026-07-30 17:56:44
P:10-00522ER:02S:SIE262805280,2026-07-29 17:00:00,SFOHOUT00052411,,93248377,PO-US-09166,,10-00522E,202607287,1,,P:90-06831ER:01S:SIE262811683,PO-US-09166 shipped 073026 ASN 93248377 Qty 6240.xlsx,2026-07-30 17:56:34,2026-07-30 17:56:45,2026-07-30 17:56:44
P:10-00522ER:02S:SIE262805281,2026-07-29 17:00:00,SFOHOUT00052411,,93248377,PO-US-09166,,10-00522E,202607283,1,,P:90-06831ER:01S:SIE262704445,PO-US-09166 shipped 073026 ASN 93248377 Qty 6240.xlsx,2026-07-30 17:56:34,2026-07-30 17:56:45,2026-07-30 17:56:44
P:10-00522ER:02S:SIE262805282,2026-07-29 17:00:00,SFOHOUT00052411,,93248377,PO-US-09166,,10-00522E,2026072811,1,,P:90-06831ER:01S:SIE262811614,PO-US-09166 shipped 073026 ASN 93248377 Qty 6240.xlsx,2026-07-30 17:56:34,2026-07-30 17:56:45,2026-07-30 17:56:44
P:10-00522ER:02S:SIE262805283,2026-07-29 17:00:00,SFOHOUT00052411,,93248377,PO-US-09166,,10-00522E,202607283,1,,P:90-06831ER:01S:SIE262704453,PO-US-09166 shipped 073026 ASN 93248377 Qty 6240.xlsx,2026-07-30 17:56:34,2026-07-30 17:56:45,2026-07-30 17:56:44
P:10-00522ER:02S:SIE262805284,2026-07-29 17:00:00,SFOHOUT00052411,,93248377,PO-US-09166,,10-00522E,2026072811,1,,P:90-06831ER:01S:SIE262811615,PO-US-09166 shipped 073026 ASN 93248377 Qty 6240.xlsx,2026-07-30 17:56:34,2026-07-30 17:56:45,2026-07-30 17:56:44
P:10-00522ER:02S:SIE262805285,2026-07-29 17:00:00,SFOHOUT00052411,,93248377,PO-US-09166,,10-00522E,202607289,1,,P:90-06831ER:01S:SIE262704455,PO-US-09166 shipped 073026 ASN 93248377 Qty 6240.xlsx,2026-07-30 17:56:34,2026-07-30 17:56:45,2026-07-30 17:56:44
P:10-00522ER:02S:SIE262805286,2026-07-29 17:00:00,SFOHOUT00052411,,93248377,PO-US-09166,,10-00522E,202607289,1,,P:90-06831ER:01S:SIE262704455,PO-US-09166 shipped 073026 ASN 93248377 Qty 6240.xlsx,2026-07-30 17:56:34,2026-07-30 17:56:45,2026-07-30 17:56:44
P:10-00522ER:02S:SIE262805287,2026-07-29 17:00:00,SFOHOUT00052411,,93248377,PO-US-09166,,10-00522E,2026072811,1,,P:90-06831ER:01S:SIE262811614,PO-US-09166 shipped 073026 ASN 93248377 Qty 6240.xlsx,2026-07-30 17:56:34,2026-07-30 17:56:45,2026-07-30 17:56:44
P:10-00522ER:02S:SIE262805288,2026-07-29 17:00:00,SFOHOUT00052411,,93248377,PO-US-09166,,10-00522E,202607289,1,,P:90-06831ER:01S:SIE262704449,PO-US-09166 shipped 073026 ASN 93248377 Qty 6240.xlsx,2026-07-30 17:56:34,2026-07-30 17:56:45,2026-07-30 17:56:44
P:10-00522ER:02S:SIE262805289,2026-07-29 17:00:00,SFOHOUT00052411,,93248377,PO-US-09166,,10-00522E,202607283,1,,P:90-06831ER:01S:SIE262704443,PO-US-09166 shipped 073026 ASN 93248377 Qty 6240.xlsx,2026-07-30 17:56:34,2026-07-30 17:56:45,2026-07-30 17:56:44
P:10-00522ER:02S:SIE262805290,2026-07-29 17:00:00,SFOHOUT00052411,,93248377,PO-US-09166,,10-00522E,202607283,1,,P:90-06831ER:01S:SIE262704371,PO-US-09166 shipped 073026 ASN 93248377 Qty 6240.xlsx,2026-07-30 17:56:34,2026-07-30 17:56:45,2026-07-30 17:56:44
P:10-00522ER:02S:SIE262805291,2026-07-29 17:00:00,SFOHOUT00052411,,93248377,PO-US-09166,,10-00522E,202607295,1,,P:90-06831ER:01S:SIE263009494,PO-US-09166 shipped 073026 ASN 93248377 Qty 6240.xlsx,2026-07-30 17:56:34,2026-07-30 17:56:45,2026-07-30 17:56:44
P:10-00522ER:02S:SIE262805292,2026-07-29 17:00:00,SFOHOUT00052411,,93248377,PO-US-09166,,10-00522E,2026072811,1,,P:90-06831ER:01S:SIE262811612,PO-US-09166 shipped 073026 ASN 93248377 Qty 6240.xlsx,2026-07-30 17:56:34,2026-07-30 17:56:45,2026-07-30 17:56:44
P:10-00522ER:02S:SIE262805293,2026-07-29 17:00:00,SFOHOUT00052411,,93248377,PO-US-09166,,10-00522E,202607289,1,,P:90-06831ER:01S:SIE262704449,PO-US-09166 shipped 073026 ASN 93248377 Qty 6240.xlsx,2026-07-30 17:56:34,2026-07-30 17:56:45,2026-07-30 17:56:44
P:10-00522ER:02S:SIE262805294,2026-07-29 17:00:00,SFOHOUT00052411,,93248377,PO-US-09166,,10-00522E,202607288,1,,P:90-06831ER:01S:SIE262704406,PO-US-09166 shipped 073026 ASN 93248377 Qty 6240.xlsx,2026-07-30 17:56:34,2026-07-30 17:56:45,2026-07-30 17:56:44
P:10-00522ER:02S:SIE262805295,2026-07-29 17:00:00,SFOHOUT00052411,,93248377,PO-US-09166,,10-00522E,202607284,1,,P:90-06831ER:01S:SIE262704400,PO-US-09166 shipped 073026 ASN 93248377 Qty 6240.xlsx,2026-07-30 17:56:34,2026-07-30 17:56:45,2026-07-30 17:56:44
P:10-00522ER:02S:SIE262805296,2026-07-29 17:00:00,SFOHOUT00052411,,93248377,PO-US-09166,,10-00522E,202607288,1,,P:90-06831ER:01S:SIE262704412,PO-US-09166 shipped 073026 ASN 93248377 Qty 6240.xlsx,2026-07-30 17:56:34,2026-07-30 17:56:45,2026-07-30 17:56:44
P:10-00522ER:02S:SIE262805297,2026-07-29 17:00:00,SFOHOUT00052411,,93248377,PO-US-09166,,10-00522E,202607289,1,,P:90-06831ER:01S:SIE262704449,PO-US-09166 shipped 073026 ASN 93248377 Qty 6240.xlsx,2026-07-30 17:56:34,2026-07-30 17:56:45,2026-07-30 17:56:44
P:10-00522ER:02S:SIE262805298,2026-07-29 17:00:00,SFOHOUT00052411,,93248377,PO-US-09166,,10-00522E,2026072810,1,,P:90-06831ER:01S:SIE262704442,PO-US-09166 shipped 073026 ASN 93248377 Qty 6240.xlsx,2026-07-30 17:56:34,2026-07-30 17:56:45,2026-07-30 17:56:44
P:10-00522ER:02S:SIE262805299,2026-07-30 17:00:00,SFOHOUT00052412,,93248460,PO-US-09166,,10-00522E,2026073023,1,,P:90-06831ER:01S:SIE262811782,PO-US-08015 shipped 073126 ASN 93248292 Qty 240 POUS08933 A8401 Q324 POUS08008 A8402 Q110 POUS08625 A8452 Q270 POUS08013 A8453 Q13 POUS09054 A8454 Q50 POUS08885 A93248457 Q10 POUS09166 A93248460 Q2400.xlsx,2026-07-31 17:45:36,2026-07-31 17:45:43,2026-07-31 17:45:43
P:10-00522ER:02S:SIE262805300,2026-07-29 17:00:00,SFOHOUT00052411,,93248377,PO-US-09166,,10-00522E,2026072810,1,,P:90-06831ER:01S:SIE262704441,PO-US-09166 shipped 073026 ASN 93248377 Qty 6240.xlsx,2026-07-30 17:56:34,2026-07-30 17:56:45,2026-07-30 17:56:44
P:10-00522ER:02S:SIE262805301,2026-07-29 17:00:00,SFOHOUT00052411,,93248377,PO-US-09166,,10-00522E,202607284,1,,P:90-06831ER:01S:SIE262704422,PO-US-09166 shipped 073026 ASN 93248377 Qty 6240.xlsx,2026-07-30 17:56:34,2026-07-30 17:56:45,2026-07-30 17:56:44
P:10-00522ER:02S:SIE262805302,2026-07-29 17:00:00,SFOHOUT00052411,,93248377,PO-US-09166,,10-00522E,202607288,1,,P:90-06831ER:01S:SIE262704412,PO-US-09166 shipped 073026 ASN 93248377 Qty 6240.xlsx,2026-07-30 17:56:34,2026-07-30 17:56:45,2026-07-30 17:56:44
P:10-00522ER:02S:SIE262805303,2026-07-29 17:00:00,SFOHOUT00052411,,93248377,PO-US-09166,,10-00522E,202607289,1,,P:90-06831ER:01S:SIE262704446,PO-US-09166 shipped 073026 ASN 93248377 Qty 6240.xlsx,2026-07-30 17:56:34,2026-07-30 17:56:45,2026-07-30 17:56:44
P:10-00522ER:02S:SIE262805304,2026-07-29 17:00:00,SFOHOUT00052411,,93248377,PO-US-09166,,10-00522E,2026072810,1,,P:90-06831ER:01S:SIE262704441,PO-US-09166 shipped 073026 ASN 93248377 Qty 6240.xlsx,2026-07-30 17:56:34,2026-07-30 17:56:45,2026-07-30 17:56:44
P:10-00522ER:02S:SIE262805305,2026-07-30 17:00:00,SFOHOUT00052412,,93248460,PO-US-09166,,10-00522E,2026073023,1,,P:90-06831ER:01S:SIE262811781,PO-US-08015 shipped 073126 ASN 93248292 Qty 240 POUS08933 A8401 Q324 POUS08008 A8402 Q110 POUS08625 A8452 Q270 POUS08013 A8453 Q13 POUS09054 A8454 Q50 POUS08885 A93248457 Q10 POUS09166 A93248460 Q2400.xlsx,2026-07-31 17:45:36,2026-07-31 17:45:43,2026-07-31 17:45:43
P:10-00522ER:02S:SIE262805306,2026-07-29 17:00:00,SFOHOUT00052411,,93248377,PO-US-09166,,10-00522E,2026072810,1,,P:90-06831ER:01S:SIE262704417,PO-US-09166 shipped 073026 ASN 93248377 Qty 6240.xlsx,2026-07-30 17:56:34,2026-07-30 17:56:45,2026-07-30 17:56:44
P:10-00522ER:02S:SIE262805307,2026-07-29 17:00:00,SFOHOUT00052411,,93248377,PO-US-09166,,10-00522E,202607287,1,,P:90-06831ER:01S:SIE262811685,PO-US-09166 shipped 073026 ASN 93248377 Qty 6240.xlsx,2026-07-30 17:56:34,2026-07-30 17:56:45,2026-07-30 17:56:44
P:10-00522ER:02S:SIE262805308,2026-07-29 17:00:00,SFOHOUT00052411,,93248377,PO-US-09166,,10-00522E,202607289,1,,P:90-06831ER:01S:SIE262704454,PO-US-09166 shipped 073026 ASN 93248377 Qty 6240.xlsx,2026-07-30 17:56:34,2026-07-30 17:56:45,2026-07-30 17:56:44
P:10-00522ER:02S:SIE262805309,2026-07-29 17:00:00,SFOHOUT00052411,,93248377,PO-US-09166,,10-00522E,202607289,1,,P:90-06831ER:01S:SIE262704451,PO-US-09166 shipped 073026 ASN 93248377 Qty 6240.xlsx,2026-07-30 17:56:34,2026-07-30 17:56:45,2026-07-30 17:56:44
P:10-00522ER:02S:SIE262805311,2026-07-29 17:00:00,SFOHOUT00052411,,93248377,PO-US-09166,,10-00522E,202607283,1,,P:90-06831ER:01S:SIE262704453,PO-US-09166 shipped 073026 ASN 93248377 Qty 6240.xlsx,2026-07-30 17:56:34,2026-07-30 17:56:45,2026-07-30 17:56:44
P:10-00522ER:02S:SIE262805312,2026-07-29 17:00:00,SFOHOUT00052411,,93248377,PO-US-09166,,10-00522E,202607288,1,,P:90-06831ER:01S:SIE262704401,PO-US-09166 shipped 073026 ASN 93248377 Qty 6240.xlsx,2026-07-30 17:56:34,2026-07-30 17:56:45,2026-07-30 17:56:44
P:10-00522ER:02S:SIE262805313,2026-07-29 17:00:00,SFOHOUT00052411,,93248377,PO-US-09166,,10-00522E,2026072810,1,,P:90-06831ER:01S:SIE262704442,PO-US-09166 shipped 073026 ASN 93248377 Qty 6240.xlsx,2026-07-30 17:56:34,2026-07-30 17:56:45,2026-07-30 17:56:44
P:10-00522ER:02S:SIE262805314,2026-07-29 17:00:00,SFOHOUT00052411,,93248377,PO-US-09166,,10-00522E,202607287,1,,P:90-06831ER:01S:SIE262811683,PO-US-09166 shipped 073026 ASN 93248377 Qty 6240.xlsx,2026-07-30 17:56:34,2026-07-30 17:56:45,2026-07-30 17:56:44
P:10-00522ER:02S:SIE262805315,2026-07-29 17:00:00,SFOHOUT00052411,,93248377,PO-US-09166,,10-00522E,202607289,1,,P:90-06831ER:01S:SIE262704450,PO-US-09166 shipped 073026 ASN 93248377 Qty 6240.xlsx,2026-07-30 17:56:34,2026-07-30 17:56:45,2026-07-30 17:56:44
P:10-00522ER:02S:SIE262805316,2026-07-29 17:00:00,SFOHOUT00052411,,93248377,PO-US-09166,,10-00522E,2026072810,1,,P:90-06831ER:01S:SIE262704418,PO-US-09166 shipped 073026 ASN 93248377 Qty 6240.xlsx,2026-07-30 17:56:34,2026-07-30 17:56:45,2026-07-30 17:56:44
P:10-00522ER:02S:SIE262805317,2026-07-29 17:00:00,SFOHOUT00052411,,93248377,PO-US-09166,,10-00522E,2026072811,1,,P:90-06831ER:01S:SIE262811615,PO-US-09166 shipped 073026 ASN 93248377 Qty 6240.xlsx,2026-07-30 17:56:34,2026-07-30 17:56:45,2026-07-30 17:56:44
P:10-00522ER:02S:SIE262805318,2026-07-29 17:00:00,SFOHOUT00052411,,93248377,PO-US-09166,,10-00522E,202607288,1,,P:90-06831ER:01S:SIE262704401,PO-US-09166 shipped 073026 ASN 93248377 Qty 6240.xlsx,2026-07-30 17:56:34,2026-07-30 17:56:45,2026-07-30 17:56:44
P:10-00522ER:02S:SIE262805319,2026-07-29 17:00:00,SFOHOUT00052411,,93248377,PO-US-09166,,10-00522E,202607286,1,,P:90-06831ER:01S:SIE262811692,PO-US-09166 shipped 073026 ASN 93248377 Qty 6240.xlsx,2026-07-30 17:56:34,2026-07-30 17:56:45,2026-07-30 17:56:44
P:10-00522ER:02S:SIE262805320,2026-07-29 17:00:00,SFOHOUT00052411,,93248377,PO-US-09166,,10-00522E,202607288,1,,P:90-06831ER:01S:SIE262704405,PO-US-09166 shipped 073026 ASN 93248377 Qty 6240.xlsx,2026-07-30 17:56:34,2026-07-30 17:56:45,2026-07-30 17:56:44
P:10-00522ER:02S:SIE262805321,2026-07-29 17:00:00,SFOHOUT00052411,,93248377,PO-US-09166,,10-00522E,202607289,1,,P:90-06831ER:01S:SIE262704450,PO-US-09166 shipped 073026 ASN 93248377 Qty 6240.xlsx,2026-07-30 17:56:34,2026-07-30 17:56:45,2026-07-30 17:56:44
P:10-00522ER:02S:SIE262805322,2026-07-29 17:00:00,SFOHOUT00052411,,93248377,PO-US-09166,,10-00522E,202607284,1,,P:90-06831ER:01S:SIE262704429,PO-US-09166 shipped 073026 ASN 93248377 Qty 6240.xlsx,2026-07-30 17:56:34,2026-07-30 17:56:45,2026-07-30 17:56:44
P:10-00522ER:02S:SIE262805323,2026-07-29 17:00:00,SFOHOUT00052411,,93248377,PO-US-09166,,10-00522E,202607283,1,,P:90-06831ER:01S:SIE262704453,PO-US-09166 shipped 073026 ASN 93248377 Qty 6240.xlsx,2026-07-30 17:56:34,2026-07-30 17:56:45,2026-07-30 17:56:44
P:10-00522ER:02S:SIE262805324,2026-07-29 17:00:00,SFOHOUT00052411,,93248377,PO-US-09166,,10-00522E,202607289,1,,P:90-06831ER:01S:SIE262704449,PO-US-09166 shipped 073026 ASN 93248377 Qty 6240.xlsx,2026-07-30 17:56:34,2026-07-30 17:56:45,2026-07-30 17:56:44
P:10-00522ER:02S:SIE262805325,2026-07-29 17:00:00,SFOHOUT00052411,,93248377,PO-US-09166,,10-00522E,202607289,1,,P:90-06831ER:01S:SIE262704455,PO-US-09166 shipped 073026 ASN 93248377 Qty 6240.xlsx,2026-07-30 17:56:34,2026-07-30 17:56:45,2026-07-30 17:56:44
P:10-00522ER:02S:SIE262805326,2026-07-29 17:00:00,SFOHOUT00052411,,93248377,PO-US-09166,,10-00522E,202607283,1,,P:90-06831ER:01S:SIE262704445,PO-US-09166 shipped 073026 ASN 93248377 Qty 6240.xlsx,2026-07-30 17:56:34,2026-07-30 17:56:45,2026-07-30 17:56:44
P:10-00522ER:02S:SIE262805327,2026-07-29 17:00:00,SFOHOUT00052411,,93248377,PO-US-09166,,10-00522E,202607289,1,,P:90-06831ER:01S:SIE262704454,PO-US-09166 shipped 073026 ASN 93248377 Qty 6240.xlsx,2026-07-30 17:56:34,2026-07-30 17:56:45,2026-07-30 17:56:44
P:10-00522ER:02S:SIE262805328,2026-07-29 17:00:00,SFOHOUT00052411,,93248377,PO-US-09166,,10-00522E,202607284,1,,P:90-06831ER:01S:SIE262704416,PO-US-09166 shipped 073026 ASN 93248377 Qty 6240.xlsx,2026-07-30 17:56:34,2026-07-30 17:56:45,2026-07-30 17:56:44
P:10-00522ER:02S:SIE262805329,2026-07-29 17:00:00,SFOHOUT00052411,,93248377,PO-US-09166,,10-00522E,2026072810,1,,P:90-06831ER:01S:SIE262704441,PO-US-09166 shipped 073026 ASN 93248377 Qty 6240.xlsx,2026-07-30 17:56:34,2026-07-30 17:56:45,2026-07-30 17:56:44
P:10-00522ER:02S:SIE262805330,2026-07-29 17:00:00,SFOHOUT00052411,,93248377,PO-US-09166,,10-00522E,202607284,1,,P:90-06831ER:01S:SIE262704400,PO-US-09166 shipped 073026 ASN 93248377 Qty 6240.xlsx,2026-07-30 17:56:34,2026-07-30 17:56:45,2026-07-30 17:56:44
P:10-00522ER:02S:SIE262805331,2026-07-29 17:00:00,SFOHOUT00052411,,93248377,PO-US-09166,,10-00522E,202607287,1,,P:90-06831ER:01S:SIE262811684,PO-US-09166 shipped 073026 ASN 93248377 Qty 6240.xlsx,2026-07-30 17:56:34,2026-07-30 17:56:45,2026-07-30 17:56:44
P:10-00522ER:02S:SIE262805332,2026-07-29 17:00:00,SFOHOUT00052411,,93248377,PO-US-09166,,10-00522E,2026072810,1,,P:90-06831ER:01S:SIE262704417,PO-US-09166 shipped 073026 ASN 93248377 Qty 6240.xlsx,2026-07-30 17:56:34,2026-07-30 17:56:45,2026-07-30 17:56:44
P:10-00522ER:02S:SIE262805333,2026-07-29 17:00:00,SFOHOUT00052411,,93248377,PO-US-09166,,10-00522E,2026072810,1,,P:90-06831ER:01S:SIE262704441,PO-US-09166 shipped 073026 ASN 93248377 Qty 6240.xlsx,2026-07-30 17:56:34,2026-07-30 17:56:45,2026-07-30 17:56:44
P:10-00522ER:02S:SIE262805334,2026-07-29 17:00:00,SFOHOUT00052411,,93248377,PO-US-09166,,10-00522E,2026072810,1,,P:90-06831ER:01S:SIE262704413,PO-US-09166 shipped 073026 ASN 93248377 Qty 6240.xlsx,2026-07-30 17:56:34,2026-07-30 17:56:45,2026-07-30 17:56:44
P:10-00522ER:02S:SIE262805335,2026-07-29 17:00:00,SFOHOUT00052411,,93248377,PO-US-09166,,10-00522E,2026072810,1,,P:90-06831ER:01S:SIE262704414,PO-US-09166 shipped 073026 ASN 93248377 Qty 6240.xlsx,2026-07-30 17:56:34,2026-07-30 17:56:45,2026-07-30 17:56:44
P:10-00522ER:02S:SIE262805336,2026-07-29 17:00:00,SFOHOUT00052411,,93248377,PO-US-09166,,10-00522E,202607284,1,,P:90-06831ER:01S:SIE262704415,PO-US-09166 shipped 073026 ASN 93248377 Qty 6240.xlsx,2026-07-30 17:56:34,2026-07-30 17:56:45,2026-07-30 17:56:44
P:10-00522ER:02S:SIE262805337,2026-07-29 17:00:00,SFOHOUT00052411,,93248377,PO-US-09166,,10-00522E,202607289,1,,P:90-06831ER:01S:SIE262704450,PO-US-09166 shipped 073026 ASN 93248377 Qty 6240.xlsx,2026-07-30 17:56:34,2026-07-30 17:56:45,2026-07-30 17:56:44
P:10-00522ER:02S:SIE262805338,2026-07-29 17:00:00,SFOHOUT00052411,,93248377,PO-US-09166,,10-00522E,202607288,1,,P:90-06831ER:01S:SIE262704401,PO-US-09166 shipped 073026 ASN 93248377 Qty 6240.xlsx,2026-07-30 17:56:34,2026-07-30 17:56:45,2026-07-30 17:56:44
P:10-00522ER:02S:SIE262805339,2026-07-29 17:00:00,SFOHOUT00052411,,93248377,PO-US-09166,,10-00522E,202607289,1,,P:90-06831ER:01S:SIE262704450,PO-US-09166 shipped 073026 ASN 93248377 Qty 6240.xlsx,2026-07-30 17:56:34,2026-07-30 17:56:45,2026-07-30 17:56:44
P:10-00522ER:02S:SIE262805340,2026-07-29 17:00:00,SFOHOUT00052411,,93248377,PO-US-09166,,10-00522E,2026072810,1,,P:90-06831ER:01S:SIE262704417,PO-US-09166 shipped 073026 ASN 93248377 Qty 6240.xlsx,2026-07-30 17:56:34,2026-07-30 17:56:45,2026-07-30 17:56:44
P:10-00522ER:02S:SIE262805341,2026-07-29 17:00:00,SFOHOUT00052411,,93248377,PO-US-09166,,10-00522E,202607288,1,,P:90-06831ER:01S:SIE262704399,PO-US-09166 shipped 073026 ASN 93248377 Qty 6240.xlsx,2026-07-30 17:56:34,2026-07-30 17:56:45,2026-07-30 17:56:44
P:10-00522ER:02S:SIE262805342,2026-07-29 17:00:00,SFOHOUT00052411,,93248377,PO-US-09166,,10-00522E,202607288,1,,P:90-06831ER:01S:SIE262704406,PO-US-09166 shipped 073026 ASN 93248377 Qty 6240.xlsx,2026-07-30 17:56:34,2026-07-30 17:56:45,2026-07-30 17:56:44
P:10-00522ER:02S:SIE262805343,2026-07-29 17:00:00,SFOHOUT00052411,,93248377,PO-US-09166,,10-00522E,2026072810,1,,P:90-06831ER:01S:SIE262704441,PO-US-09166 shipped 073026 ASN 93248377 Qty 6240.xlsx,2026-07-30 17:56:34,2026-07-30 17:56:45,2026-07-30 17:56:44
P:10-00522ER:02S:SIE262805344,2026-07-29 17:00:00,SFOHOUT00052411,,93248377,PO-US-09166,,10-00522E,202607288,1,,P:90-06831ER:01S:SIE262704401,PO-US-09166 shipped 073026 ASN 93248377 Qty 6240.xlsx,2026-07-30 17:56:34,2026-07-30 17:56:45,2026-07-30 17:56:44