cm,part,description,state,first_shortage_date,shortage_qty,opening,undated,products
Sienna,10-002146,"Part A, Epic Resins S7475",IN_PRODUCTION,2026-08-03,15284446.657926096,372300.850461,35.0,Maximizer Box
Sienna,10-004819,"EMI Gasket, 2.3mm x 2.3mm, D-Profile",IN_PRODUCTION,2026-08-03,2209213.2387340777,13141.5999756,0.0,9.6 KW Inverter
Sienna,10-001267,"Enclosure, Top, Maximizer",IN_PRODUCTION,2026-08-03,72782.03225806452,1987.0,0.0,Maximizer Box
Sienna,10-004116,"Enclosure, Bottom, Maximizer",IN_PRODUCTION,2026-08-03,72360.03225806452,2409.0,0.0,Maximizer Box
Qualitel,10-003754,UV Curable Polyurethane Conformal Coating,ON_ORDER_ONLY,2026-08-03,43416.12903225807,0.0,31550.0,"2.1 LFP Block, MSAC"
Qualitel,90-07675A,LFP Battery Block with Wall Bracket,IN_PRODUCTION,2026-08-03,21117.935483870966,24.0,0.0,2.0 LFP - EVT without cover
Sienna,10-005385,"Label, Packaging, Carton",IN_PRODUCTION,2026-08-03,18166.806451612905,121.0,0.0,"9.6 KW Inverter, Bridge, PV Hub, Rogowski Coil"
Qualitel,10-005080,"Breaker Hold-Down, Bridge",IN_PRODUCTION,2026-08-03,6206.451612903226,0.0,0.0,MSAC
Sienna,10-06826A,"Fluxgate current sensor, 4P Nano-fit",IN_PRODUCTION,2026-08-03,3831.3870967741937,125.0,0.0,9.6 KW Inverter
Qualitel,10-003248,RES 2K OHM 1% 1/10W 0402 AEC-Q,IN_PRODUCTION,2026-08-10,1927.5806451612902,320.0,0.0,"MSAC, Terminal PCBA (TRM)"
Sienna,90-07290A,20kWh LFP ESS Hardware Kit,IN_PRODUCTION,2026-08-10,2501.8709677419356,72.0,0.0,LFP HW Kit
Sienna,10-06834A,"Wire Harness, Inverter, Battery IF, Cap Board, with Ferrite",IN_PRODUCTION,2026-08-10,5217.387096774193,339.0,4598.0,9.6 KW Inverter
Sienna,10-004995,"Ground Sheet, Wiring Compartment, Inverter, D",IN_PRODUCTION,2026-08-10,5275.387096774193,281.0,4476.0,9.6 KW Inverter
Qualitel,10-06534A,"Chassis Base, MSA Controller",IN_PRODUCTION,2026-08-10,4047.4516129032263,89.0,3000.0,MSAC
Sienna,10-06644A,"Rogowski Coil, Magnelab",IN_PRODUCTION,2026-08-10,7472.806451612903,322.0,0.0,Rogowski Coil
Qualitel,10-006287,"Heat Shrink,2:1,25.4 mm ID Pre-Shrink,1 mm THK,UL224,Adhesive Lined",IN_PRODUCTION,2026-08-10,35021.56032258064,3389.73,0.0,Terminal PCBA (TRM)
Qualitel,10-006288,"Heat Shrink,2:1,38.1 mm ID Pre-Shrink,1 mm THK,UL224,Adhesive Lined",IN_PRODUCTION,2026-08-10,35023.367422580646,3387.9229,0.0,Terminal PCBA (TRM)
Sienna,10-005177,"Home Controller, Heat Spreader, Connector Side, D",IN_PRODUCTION,2026-08-10,5340.387096774193,216.0,4750.0,9.6 KW Inverter
Sienna,10-003772,"Clip, Wire Harness Pair, Maximizer",IN_PRODUCTION,2026-08-24,123389.06451612903,26149.0,0.0,Maximizer Box
Sienna,10-003603,"Label, MAC Address, Maximizer Hub",IN_PRODUCTION,2026-08-31,2684.6129032258063,839.0,4000.0,PV Hub
Sienna,10-07984A,"Wire Harness, Inverter Exterior, Blowers/Ambient T, D CMJ5",IN_PRODUCTION,2026-08-31,4718.387096774193,838.0,502.0,9.6 KW Inverter
Sienna,10-003929,"Wire Harness,Inverter,Blowers/Ambient T/LED/Motion",IN_PRODUCTION,2026-08-31,4716.387096774193,840.0,4280.0,9.6 KW Inverter
Sienna,10-004643,"Adhesive, Double-sided, Heat Sink, Maximizer",IN_PRODUCTION,2026-08-31,38384.06451612903,31154.0,0.0,Maximizer Box
Sienna,10-004443,"Screw, 1/4-28x3/8, Slot-Square 2R, Steel, Zinc-Plated",IN_PRODUCTION,2026-08-31,5023.548387096773,3602.0,0.0,9.6 KW Inverter
Sienna,10-006231,"Thermal Gap Filler, Curing, 6.5 W/mK, Two Part Dispensed",IN_PRODUCTION,2026-09-07,319480.0967741936,69367.0,100.0,9.6 KW Inverter
Sienna,10-004546,"Label, Serial Number, Inverter",IN_PRODUCTION,2026-09-07,4615.387096774193,941.0,0.0,9.6 KW Inverter
Sienna,10-006085,"Inverter Packaging, Foam, Top, Right, V2",IN_PRODUCTION,2026-09-07,4473.387096774193,1083.0,1250.0,9.6 KW Inverter
Sienna,10-002704,CAP FILM 20UF 10% 800VDC RADIAL,IN_PRODUCTION,2026-09-07,4071.935483870968,5440.0,79.0,9.6 KW Inverter
Sienna,10-06501D,"Asy, Busbar, Iph A",IN_PRODUCTION,2026-09-14,1915.3870967741937,1277.0,0.0,9.6 KW Inverter
Sienna,10-06502D,"Asy, Busbar, Iph B",IN_PRODUCTION,2026-09-14,1097.65376344086,1277.0,0.0,9.6 KW Inverter
Sienna,10-06734D,"Asy, Busbar, Iph BAL",IN_PRODUCTION,2026-09-14,1915.3870967741937,1277.0,0.0,9.6 KW Inverter
Sienna,10-006096,"Inverter Cover Packaging, Corrugated Insert, Right Panel",IN_PRODUCTION,2026-09-14,4378.387096774193,1178.0,1212.0,9.6 KW Inverter
Sienna,10-06902A,"Packaging, Rogowski Coils",IN_PRODUCTION,2026-09-14,3962.9032258064517,525.0,0.0,Rogowski Coil
Sienna,20-000544,"PCB, LED",ON_ORDER_ONLY,2026-09-14,4430.387096774193,1126.0,0.0,9.6 KW Inverter
Sienna,10-06703A,"Foam Gasket, GaN FETs, Maximizer",IN_PRODUCTION,2026-09-14,51126.54838709677,21707.0,90000.0,Maximizer Box
Sienna,10-001269,"Mounting Bracket, Maximizer",IN_PRODUCTION,2026-09-14,50282.032258064515,24487.0,21000.0,Maximizer Box
Sienna,10-005953,"Adhesive, Epoxy, 2-Part, Electrical Insulator, 13 kV/mm",IN_PRODUCTION,2026-09-14,4425.887112074193,1130.4999847,0.0,9.6 KW Inverter
Sienna,10-003758,"Tab, PCBA Grounding, Maximizer Released",IN_PRODUCTION,2026-09-14,13787.064516129023,42311.0,3205.0,Maximizer Box
Sienna,10-001160,RES SMD 470 OHM 1% 1/10W 0603 AEC-Q,IN_PRODUCTION,2026-09-21,115830.83870967742,39748.0,0.0,9.6 KW Inverter
Sienna,10-001651,THERMISTOR NTC 10KOHM 3380K 0603,IN_PRODUCTION,2026-09-21,68269.52258064516,60852.0,0.0,"9.6 KW Inverter, Bridge, Maximizer Box"
Sienna,10-005852,"Packaging, Bridge, Front Cap Pad",IN_PRODUCTION,2026-09-21,12551.709677419356,1608.0,3000.0,Bridge
Sienna,10-005762,"Inverter Packaging, Box",IN_PRODUCTION,2026-09-21,4256.387096774193,1300.0,1220.0,9.6 KW Inverter
Sienna,10-003978,"Wire Harness,Inverter Exterior,LED/Motion,Pre Mold",IN_PRODUCTION,2026-09-21,4138.387096774193,1418.0,2670.0,9.6 KW Inverter
Sienna,10-005284,"Packaging, Maximizer Hub",IN_PRODUCTION,2026-09-21,2177.6129032258063,1346.0,2500.0,PV Hub
Sienna,10-004809,"Wire Harness,Inverter,Home Controller",IN_PRODUCTION,2026-09-21,4214.387096774193,1342.0,3645.0,9.6 KW Inverter
Sienna,10-002147,"Part B, Epic Resins S7475",IN_PRODUCTION,2026-09-28,1628380.8056658097,1033284.5891729001,2240.0,Maximizer Box
Sienna,10-004602,RES SMD 845K OHM 0.1% 1/4W 1206 AEC-Q,IN_PRODUCTION,2026-09-28,145577.93548387097,54452.0,0.0,9.6 KW Inverter
Sienna,10-001153,RES SMD 10 OHM 1% 1/3W 0603 AEC-Q,IN_PRODUCTION,2026-09-28,111648.93548387097,68718.0,0.0,"9.6 KW Inverter, Bridge, Maximizer Box"
Sienna,10-003550,"ASSY, INNER COVER, BRIDGE, LUNAR BLUE",IN_PRODUCTION,2026-09-28,2042.9032258064517,577.0,240.0,Bridge
Sienna,10-002579,"Offset Mounting Bracket, Wall, Bridge",IN_PRODUCTION,2026-09-28,1592.9032258064517,627.0,240.0,Bridge
Sienna,10-001820,"Gantry,Power Transistor",IN_PRODUCTION,2026-10-05,2507.3870967741937,863.0,0.0,9.6 KW Inverter
Sienna,10-06812A,"Wire Harness, Power, DC Contactors, Nano Fit",IN_PRODUCTION,2026-10-05,3753.387096774193,1803.0,2530.0,9.6 KW Inverter
Qualitel,10-06919A,TERM BLK 4POS SIDE ENTRY 5MM PCB,IN_PRODUCTION,2026-10-05,5352.451612903226,854.0,0.0,MSAC
Sienna,10-001272,"MC4 Pigtail, Female, 200mm",IN_PRODUCTION,2026-10-05,41248.032258064515,33521.0,88000.0,Maximizer Box
Sienna,10-004734,"Wire Harness,Inverter,Nano-fit",IN_PRODUCTION,2026-10-12,3723.387096774193,1833.0,3110.0,9.6 KW Inverter
Sienna,10-006288,"Heat Shrink,2:1,38.1 mm ID Pre-Shrink,1 mm THK,UL224,Adhesive Lined",IN_PRODUCTION,2026-10-12,79180.51612903226,42978.0,0.0,9.6 KW Inverter
Sienna,10-001439,CURRENT SENSOR W/OVERCURRENT FAU,IN_PRODUCTION,2026-10-12,73630.06451612903,75908.0,0.0,Maximizer Box
Sienna,10-001271,"MC4 Pigtail, Male, 200mm",IN_PRODUCTION,2026-10-12,38226.032258064515,36543.0,87000.0,Maximizer Box
Sienna,10-001527,"MC4 Pigtail, Male, 1250mm",IN_PRODUCTION,2026-10-12,38209.032258064515,36560.0,90000.0,Maximizer Box
Sienna,10-001528,"MC4 Pigtail, Female, 1250mm",IN_PRODUCTION,2026-10-12,36782.032258064515,37987.0,87000.0,Maximizer Box
Sienna,10-001319,IC REG LIN POS ADJ 200MA TSOT23,IN_PRODUCTION,2026-10-12,10961.16129032258,5708.0,0.0,9.6 KW Inverter
Sienna,10-000690,Power-line communication dual line driver,IN_PRODUCTION,2026-10-12,9108.90322580645,4691.0,0.0,"9.6 KW Inverter, Bridge, PV Hub"
Sienna,10-004439,"10-004439 Insulating Tape, 0.069mm Thickness x 50.8 x 86 mm, Polyimide/Kapton",IN_PRODUCTION,2026-10-12,3211.987102874193,1912.3999939,1620.0,9.6 KW Inverter
Sienna,10-005857,"Packaging, Bridge, Back Cap Pad",IN_PRODUCTION,2026-10-19,11680.709677419356,2479.0,3000.0,Bridge
Sienna,10-005289,"Adhesive, Epoxy, 2-Part, 5-min cure",IN_PRODUCTION,2026-10-19,3517.587108974193,2038.7999878,0.0,9.6 KW Inverter
Sienna,20-005369,"PCB, RF Passthrough Type A",IN_PRODUCTION,2026-10-19,3482.387096774193,2074.0,0.0,9.6 KW Inverter
Sienna,10-005855,"Packaging, Bridge, Back Cap Wrap",IN_PRODUCTION,2026-10-26,3832.9032258064517,887.0,1000.0,Bridge
Sienna,10-004719,"Wire Harness, Power, DC Contactors",IN_PRODUCTION,2026-10-26,3355.387096774193,2201.0,2715.0,9.6 KW Inverter
Sienna,10-004806,"Wire Harness, Inverter, Filtered AC Jumper",IN_PRODUCTION,2026-11-02,3180.387096774193,2376.0,2680.0,9.6 KW Inverter
Sienna,10-005859,"Packaging, Bridge, Top Cover Support",IN_PRODUCTION,2026-11-02,3728.9032258064517,991.0,1000.0,Bridge
Sienna,10-003464,"Screw, 1/4-28 x 3/8in, Steel, Zinc-Plated",IN_PRODUCTION,2026-11-02,7527.806451612903,1912.0,0.0,Bridge
Sienna,10-001583,TERM REDCUBE M3 9PIN PCB,IN_PRODUCTION,2026-11-02,26442.419354838712,34447.0,0.0,9.6 KW Inverter
Sienna,10-006287,"Heat Shrink,2:1,25.4 mm ID Pre-Shrink,1 mm THK,UL224,Adhesive Lined",IN_PRODUCTION,2026-11-09,64817.51612903226,57423.0,0.0,9.6 KW Inverter
Sienna,10-002730,CAP CER 2.2UF 10V X7R 0603,IN_PRODUCTION,2026-11-09,31257.806451612894,42624.0,0.0,"9.6 KW Inverter, Maximizer Box"
Sienna,10-005865,"Packaging, Maximizer, Partition Width",IN_PRODUCTION,2026-11-09,13936.117741555485,27186.85000038,0.0,Maximizer Box
Sienna,10-06825A,"Label, Caution, 19.05mm Tall Triangle, UL969",IN_PRODUCTION,2026-11-09,3685.9032258064517,1034.0,250.0,Bridge
Sienna,10-006099,"Label, Earth Terminal, 12.7mm Circular, UL969",IN_PRODUCTION,2026-11-09,3654.9032258064517,1065.0,0.0,Bridge
Sienna,10-005860,"Packaging, Bridge, Top Cover Support Pad",IN_PRODUCTION,2026-11-09,3645.9032258064517,1074.0,1000.0,Bridge
Sienna,10-002248,"Wire Harness, Voltage Sense, Bridge",IN_PRODUCTION,2026-11-09,3630.9032258064517,1089.0,2900.0,Bridge
Sienna,10-003374,CONN HEADER SMD 14POS 2.5MM,IN_PRODUCTION,2026-11-09,2936.387096774193,2620.0,0.0,9.6 KW Inverter
Sienna,10-004730,"Wire Harness, Coil & Aux, DC Contactors",IN_PRODUCTION,2026-11-09,2923.387096774193,2633.0,1656.0,9.6 KW Inverter
Sienna,20-05003C,"PCB, Power Board, Type C",IN_PRODUCTION,2026-11-09,2918.387096774193,2638.0,1723.0,9.6 KW Inverter
Sienna,10-002646,"Home Controller, Processor TIM",IN_PRODUCTION,2026-11-09,1282.7741935483873,3782.0,0.0,9.6 KW Inverter
Sienna,10-003602,"Label, Compliance, Maximizer Hub",IN_PRODUCTION,2026-11-09,1027.6129032258063,2496.0,3000.0,PV Hub
Sienna,10-001732,CAP CER 4.7UF 16V X7R 0805 AEC-Q,IN_PRODUCTION,2026-11-16,864.5935483870962,7630.0,8000.0,"9.6 KW Inverter, Bridge, PV Hub"
Sienna,10-005846,"Wire Harness, AFCI, Power Module",IN_PRODUCTION,2026-11-16,1596.3870967741932,2860.0,0.0,9.6 KW Inverter
Sienna,10-006362,"Wire Harness, Rogowski Coil Jumper, Bridge, Type B",IN_PRODUCTION,2026-11-16,3556.9032258064517,1163.0,2700.0,Bridge
Sienna,10-003133,"Overmolding Gasket, Antenna Pass Thru",IN_PRODUCTION,2026-11-16,5363.774193548386,3749.0,0.0,9.6 KW Inverter
Sienna,10-002300,CAP CER 6800PF 50V C0G 0603 AEC-Q,IN_PRODUCTION,2026-11-16,21372.096774193546,23079.0,12000.0,9.6 KW Inverter
Sienna,10-001217,IC PSRAM 8MB FLASH SMD,IN_PRODUCTION,2026-11-16,24904.548387096773,57406.0,52000.0,"Bridge, Maximizer Box, PV Hub"
Sienna,20-05001C,"PCB, Terminal Board, Type C",IN_PRODUCTION,2026-11-23,2619.387096774193,2937.0,1350.0,9.6 KW Inverter
Sienna,10-004729,"Wire Harness, Inverter, PV Switch",IN_PRODUCTION,2026-11-23,2531.387096774193,3025.0,2385.0,9.6 KW Inverter
Qualitel,10-002776,IC OPAMP GP 1 CIRCUIT 8UMAX,IN_PRODUCTION,2026-11-23,337.9677419354839,1408.0,0.0,Terminal PCBA (TRM)
Sienna,10-004822,"O-Strip Tubing, 2.9mm OD x 1.6mm hollow x 300mm length",IN_PRODUCTION,2026-11-30,681.6129032258063,3278.0,0.0,9.6 KW Inverter
Sienna,10-06906A,"Poly Bag, Recloseable, 100mm x 50mm",IN_PRODUCTION,2026-11-30,2957.9032258064517,1530.0,0.0,Rogowski Coil
Sienna,10-002322,"Wire Harness, G/N Bond, Bridge",IN_PRODUCTION,2026-11-30,3396.9032258064517,1323.0,3700.0,Bridge
Sienna,10-005858,"Packaging, Bridge, Top Cover Frame",IN_PRODUCTION,2026-11-30,3442.9032258064517,1277.0,1000.0,Bridge
Sienna,20-06830D,"Maximizer PCB, Type D",IN_PRODUCTION,2026-11-30,12398.032258064515,62371.0,35087.0,Maximizer Box
Sienna,10-003885,"Antenna Box, Top, Maximizer",IN_PRODUCTION,2026-11-30,14211.032258064515,60558.0,0.0,Maximizer Box
Qualitel,10-08346A,"Sub Assy, Nest CA 2.1",IN_PRODUCTION,2026-11-30,37209.67741935484,0.0,0.0,2.1 LFP Block
Qualitel,10-07937A,"Heat Sink with Seals, DCDC, LFP DC ESS",IN_PRODUCTION,2026-11-30,37209.67741935484,0.0,0.0,2.1 LFP Block
Qualitel,10-06886A,"Heat Spreader, DCDC, LFP DC ESS",ON_ORDER_ONLY,2026-11-30,37209.67741935484,0.0,0.0,2.1 LFP Block
Qualitel,10-07946A,"Assy, Cell Array, w/o CCS, L2.1",ON_ORDER_ONLY,2026-11-30,37209.67741935484,0.0,0.0,2.1 LFP Block
Qualitel,10-006790,IC TRANSCEIVER HALF 1/1 8SOIC AEC-Q,ON_ORDER_ONLY,2026-11-30,37209.67741935484,0.0,0.0,2.1 LFP Block
Qualitel,10-006791,TVS DIODE 24VWM 40VC SOT23,ON_ORDER_ONLY,2026-11-30,37209.67741935484,0.0,0.0,2.1 LFP Block
Qualitel,10-004177,RES SMD 1M OHM 1% 1/4W 1206,IN_PRODUCTION,2026-11-30,37209.67741935484,0.0,0.0,2.1 LFP Block
Qualitel,10-001598,RES SMD 1K OHM 1% 1/10W 0603,IN_PRODUCTION,2026-11-30,37209.67741935484,0.0,0.0,2.1 LFP Block
Qualitel,10-001401,CONN HEADER SMD 6POS 2.54MM,IN_PRODUCTION,2026-11-30,37209.67741935484,0.0,0.0,2.1 LFP Block
Qualitel,10-001129,RES SMD 1K OHM 1% 1/10W 0603,IN_PRODUCTION,2026-11-30,74419.35483870968,0.0,0.0,2.1 LFP Block
Qualitel,10-07384A,RES 10 OHM 1% 1/10W 0603,ON_ORDER_ONLY,2026-11-30,148838.70967741936,0.0,0.0,2.1 LFP Block
Qualitel,10-06958A,CAP CER 2.2UF 16V X7S 0603,ON_ORDER_ONLY,2026-11-30,148838.70967741936,0.0,0.0,2.1 LFP Block
Qualitel,10-007018,RES SMD 5.6 OHM 5% 1W 2512,IN_PRODUCTION,2026-11-30,632564.5161290322,0.0,0.0,2.1 LFP Block
Sienna,10-006267,"Padded Bag, Accessories, Bridge",IN_PRODUCTION,2026-12-07,3318.9032258064517,1401.0,0.0,Bridge
Sienna,10-005854,"Packaging, Bridge, Front Cap Wrap",IN_PRODUCTION,2026-12-07,3335.9032258064517,1384.0,1000.0,Bridge
Sienna,10-005861,"Packaging, Bridge, Top Pad",IN_PRODUCTION,2026-12-07,3359.9032258064517,1360.0,1000.0,Bridge
Qualitel,10-001153,RES SMD 10 OHM 1% 1/3W 0603 AEC-Q,IN_PRODUCTION,2026-12-07,296176.32258064515,6739.0,0.0,"2.1 LFP Block, Terminal PCBA (TRM)"
Sienna,10-005831,"HARNESS,JMPR,NANO-FIT,2 POS",IN_PRODUCTION,2026-12-07,6482.16129032258,10187.0,6200.0,9.6 KW Inverter
Sienna,10-003886,"Antenna Box, Bottom, Maximizer",IN_PRODUCTION,2026-12-07,9605.032258064515,65164.0,0.0,Maximizer Box
Sienna,10-005851,"Packaging, Bridge, RSC Shipping Box",IN_PRODUCTION,2026-12-07,3389.9032258064517,1330.0,1000.0,Bridge
Sienna,10-004824,"O-Strip Tubing, 2.9mm OD x 1.6mm hollow x 275mm length",IN_PRODUCTION,2026-12-14,452.61290322580635,3507.0,0.0,9.6 KW Inverter
Sienna,10-003056,Inductor 150uH 4A peak high voltage rated Custom,IN_PRODUCTION,2026-12-14,276.61290322580635,3247.0,0.0,PV Hub
Sienna,20-002996,"PCB, PV Hub",IN_PRODUCTION,2026-12-14,228.61290322580635,3295.0,0.0,PV Hub
Sienna,10-004825,"O-Strip Tubing, 2.9mm OD x 1.6mm hollow x 175mm length",IN_PRODUCTION,2026-12-14,487.61290322580635,3472.0,0.0,9.6 KW Inverter
Qualitel,10-000660,RES 120 OHM 1% 1/2W 1206 AEC-Q,IN_PRODUCTION,2026-12-14,18235.483870967742,24050.0,0.0,"MSAC, Terminal PCBA (TRM)"
Sienna,10-005481,"Wire Harness, Earth Ground Sense, Bridge, Type B",IN_PRODUCTION,2026-12-14,3284.9032258064517,1435.0,2450.0,Bridge
Sienna,10-005763,"Inverter Packaging, V Board",IN_PRODUCTION,2026-12-14,8293.548387096773,10188.0,0.0,9.6 KW Inverter
Qualitel,10-003269,CAP CER 0.1UF 50V X7R 0402,IN_PRODUCTION,2026-12-14,3191830.5161290322,70034.0,0.0,"2.1 LFP Block, MSAC"
Sienna,10-003950,"O-Strip Tubing, 2.9mm OD x 1.6mm hollow x 1210mm length",IN_PRODUCTION,2026-12-14,496.61290322580635,3463.0,0.0,9.6 KW Inverter
Sienna,10-005633,"Front Door Hinge, Sheet Metal, Inverter",IN_PRODUCTION,2026-12-21,1390.3870967741937,1466.0,0.0,9.6 KW Inverter
Sienna,10-003527,"Cover, PCBA, PV Hub",IN_PRODUCTION,2026-12-21,89.61290322580635,3434.0,0.0,PV Hub
Sienna,10-005866,"Packaging, Maximizer, Partition Length Center",IN_PRODUCTION,2026-12-21,154.10153949722599,2584.350073406,0.0,Maximizer Box
Sienna,10-004934,"Structure, Mounting, PCBA, PV Hub",IN_PRODUCTION,2026-12-21,157.61290322580635,3366.0,0.0,PV Hub
Sienna,10-003079,"Wire Harness, Negative, PV Hub",IN_PRODUCTION,2026-12-21,177.61290322580635,3346.0,2225.0,PV Hub
Sienna,10-07151A,"Adhesive, Cyanoacrylate (CA), Loctite 401",IN_PRODUCTION,2026-12-21,318.29032257914514,153.7000000015,0.0,Bridge
Sienna,10-004838,Inductor Power Shielded Wirewound 1500uH 20% 100KHz Ferrite 0.52A 2.2Ohm DCR T/R,IN_PRODUCTION,2026-12-21,844.4516129032254,13250.0,0.0,PV Hub
Sienna,10-004124,"Hook Mounting Bracket with Lock, Inverter, C1.5",IN_PRODUCTION,2026-12-21,1249.3870967741932,1107.0,3.0,9.6 KW Inverter
Sienna,10-004440,"Inverter Aesthetic Cover Main, Front, LRG, Plastic, Suede",IN_PRODUCTION,2026-12-21,1258.3870967741932,998.0,0.0,9.6 KW Inverter
Sienna,10-004552,"Inverter Aesthetic Cover Sub Assembly, LRG, Left Panel, Suede",IN_PRODUCTION,2026-12-21,1299.3870967741932,1057.0,0.0,9.6 KW Inverter
Sienna,10-002776,IC OPAMP GP 1 CIRCUIT 8UMAX,IN_PRODUCTION,2026-12-21,1777.3870967741932,3779.0,0.0,9.6 KW Inverter
Sienna,10-004879,RES 10K OHM 0.1% 1/6W 0603 AEC-Q,IN_PRODUCTION,2026-12-21,50572.38709677418,531656.0,0.0,Maximizer Box
Sienna,20-005054,Capacitor Board TypeA PCB,IN_PRODUCTION,2026-12-21,1831.3870967741932,2900.0,0.0,9.6 KW Inverter
Sienna,10-004973,LDO Regulator Pos 3.3V 0.8A Automotive AEC-Q100 8-Pin DSO EP T/R,IN_PRODUCTION,2026-12-21,2407.032258064515,64862.0,5000.0,Maximizer Box
Sienna,10-06954A,"Label, Compliance, Maximizer",IN_PRODUCTION,2026-12-21,2839.032258064515,71930.0,0.0,Maximizer Box
Sienna,10-005160,"BUSBAR, PIN CONNECTORS, 3.4MMX90.6MM, FLOATING, 75A, D",IN_PRODUCTION,2026-12-21,3702.1612903225805,4367.0,0.0,9.6 KW Inverter
Sienna,10-006397,"TIM, PCBA, TERMINAL BOARD, INVERTER",IN_PRODUCTION,2026-12-21,5300.16129032258,10569.0,0.0,9.6 KW Inverter
Sienna,10-003437,"Adhesive/Sealant, RTV Silicone",IN_PRODUCTION,2026-12-21,6637.50932083871,6325.910034,20.0,"Bridge, PV Hub"
Sienna,10-001993,DIODE SCHOTTKY 40V 5A SMC AEC-Q,IN_PRODUCTION,2026-12-21,10639.451612903227,14306.0,0.0,"9.6 KW Inverter, Bridge"
Qualitel,10-003055,"Threadlocking Adhesive, Low Strength",IN_PRODUCTION,2026-12-21,36508.69741935484,700.98,0.0,2.1 LFP Block
Sienna,20-000541,"PCB, Home Controller",IN_PRODUCTION,2026-12-21,1808.3870967741932,2407.0,0.0,9.6 KW Inverter
Qualitel,10-005411,RES 10K OHM 1% 1/10W 0603,IN_PRODUCTION,2026-12-21,1093056.0967741935,29895.0,0.0,"2.1 LFP Block, Power PCBA (IPC)"
Sienna,10-005082,"Top Cover, Filter Board, Inverter",IN_PRODUCTION,2026-12-28,1187.3870967741932,1069.0,0.0,9.6 KW Inverter
Sienna,10-005026,"ESS Cover, Conduit Cover and Bug Barrier Packaging Assembly",IN_PRODUCTION,2026-12-28,1203.3870967741932,1053.0,0.0,9.6 KW Inverter
Sienna,10-004553,"Inverter Aesthetic Cover Sub Assembly, LRG, Right Panel, Suede",IN_PRODUCTION,2026-12-28,1209.3870967741932,1047.0,0.0,9.6 KW Inverter
Sienna,10-005905,"Kit, Installation, Inverter",IN_PRODUCTION,2026-12-28,1267.3870967741932,1289.0,0.0,9.6 KW Inverter
Sienna,10-004300,CONN HEADER SMD 16POS 2.5MM,IN_PRODUCTION,2026-12-28,1470.7741935483864,7842.0,0.0,9.6 KW Inverter
Sienna,10-005037,"Enclosure, Power Module, Inverter, D",IN_PRODUCTION,2026-12-28,1655.3870967741937,901.0,0.0,9.6 KW Inverter
Sienna,10-07001A,"Front Door, Shielded, Inverter, Type 2",IN_PRODUCTION,2026-12-28,1656.3870967741932,1300.0,0.0,9.6 KW Inverter
Sienna,10-005027,"Filter Board Base, Die Cast, Inverter, D",IN_PRODUCTION,2026-12-28,1677.3870967741937,879.0,0.0,9.6 KW Inverter
Sienna,10-002592,"CONN, PLUG SOCKET, SEALED COAX, 4POS, W2W, TE",IN_PRODUCTION,2026-12-28,1727.3870967741937,1794.0,0.0,9.6 KW Inverter
Sienna,10-006061,IC VREF SERIES 0.08% SOT23-6,IN_PRODUCTION,2026-12-28,1980.419354838712,78345.0,2500.0,"9.6 KW Inverter, Maximizer Box"
Sienna,10-005103,IC Half Bridge GaN/MOSFET Driver,IN_PRODUCTION,2026-12-28,2807.0645161290304,98731.0,0.0,Maximizer Box
Sienna,10-002669,XMFR 50A CUSTOM C,IN_PRODUCTION,2026-12-28,3262.7741935483864,7850.0,0.0,9.6 KW Inverter
Qualitel,10-002008,CAP CER 1UF 10V X7S 0402 AEC-Q,IN_PRODUCTION,2027-01-04,27708.161290322583,15737.0,0.0,MSAC
Sienna,10-002681,CAP CER 2220 33NF 1000V C0G 5%,IN_PRODUCTION,2027-01-04,10743.483870967742,32264.0,0.0,9.6 KW Inverter
Sienna,10-002311,IC SUPERVISOR 1 CHANNEL SOT23-8,IN_PRODUCTION,2027-01-04,1560.3870967741932,3996.0,2500.0,9.6 KW Inverter
Sienna,10-004613,IC REG LINEAR POS ADJ 3A P2PAK-4,IN_PRODUCTION,2027-01-04,1488.3870967741932,3068.0,0.0,9.6 KW Inverter
Sienna,10-005260,"Gasket, Power Module, Perimeter Seal, Wiring Compartment",IN_PRODUCTION,2027-01-04,93.8064516129034,3990.0,0.0,9.6 KW Inverter
Sienna,10-003122,"Light Pipe Trio, Plastic, 3mm tip",IN_PRODUCTION,2027-01-11,1404.3870967741937,1520.0,0.0,9.6 KW Inverter
Sienna,10-005278,"Heat Sink, Inverter, With Heat Pipe, D",IN_PRODUCTION,2027-01-11,1417.3870967741937,1139.0,0.0,9.6 KW Inverter
Sienna,10-003004,CT Busbar PTH mount,IN_PRODUCTION,2027-01-11,2859.7741935483864,8253.0,0.0,9.6 KW Inverter
Sienna,10-002209,"Insulation Tray, Core Module, Bridge",IN_PRODUCTION,2027-01-11,2977.9032258064517,742.0,0.0,Bridge
Sienna,10-002906,FERRITE BEAD 1.3 KOHM 1812 1LN,IN_PRODUCTION,2027-01-11,4102.16129032258,12567.0,6000.0,9.6 KW Inverter
Sienna,10-001130,CONN HEADER SMD 2POS 2.5MM,IN_PRODUCTION,2027-01-11,4341.16129032258,12328.0,0.0,9.6 KW Inverter
Sienna,10-001515,"Grommet,Vibration Damping,4mm Shldr,Shore 40A,High Temp",IN_PRODUCTION,2027-01-11,4385.16129032258,12284.0,0.0,9.6 KW Inverter
Sienna,10-004048,CAP FILM 0.068UF 20% 1KVDC RAD,IN_PRODUCTION,2027-01-11,8398.32258064516,9985.0,0.0,9.6 KW Inverter
Qualitel,10-004043,RES 100K OHM 1% 1/4W 0603 150V AEC-Q,IN_PRODUCTION,2027-01-11,103326.22580645162,4968.0,0.0,"2.1 LFP Block, Power PCBA (IPC)"
Sienna,10-003098,Power Transformers Flyback Transformer for LT8316,IN_PRODUCTION,2027-01-18,1271.3870967741937,1303.0,0.0,9.6 KW Inverter
Sienna,10-004608,"AC CMC, 3 Phase, 4 Turns",IN_PRODUCTION,2027-01-18,1274.3870967741937,1545.0,0.0,9.6 KW Inverter
Sienna,10-005310,"Heat Shield, Light Pipe Trio",IN_PRODUCTION,2027-01-18,1339.3870967741937,1417.0,0.0,9.6 KW Inverter
Sienna,10-004375,"O-Ring Seal, EMC Base",IN_PRODUCTION,2027-01-18,2534.7741935483864,5078.0,7000.0,9.6 KW Inverter
Sienna,10-004856,CAP CER 10UF 25V X7S 0805,IN_PRODUCTION,2027-01-18,5029.548387096773,9196.0,0.0,9.6 KW Inverter
Sienna,10-004362,RES SMD 1K OHM 1% 1/2W 0805 AEC-Q,IN_PRODUCTION,2027-01-18,6334.93548387097,16447.0,0.0,9.6 KW Inverter
Qualitel,10-002328,RES 22K OHM 1% 1/10W 0603,IN_PRODUCTION,2027-01-18,7373.903225806453,5039.0,0.0,MSAC
Qualitel,10-006703,RES 39K OHM 1% 1/16W 0402,IN_PRODUCTION,2027-01-18,14739.806451612905,10086.0,0.0,MSAC
Qualitel,10-002115,"Screw,K30 x 1.34PF x10mm,T/F,BHT T10,Flanged,Steel,ZiNi BC,Patch",IN_PRODUCTION,2027-01-18,43890.41935483871,30587.0,32000.0,MSAC
Sienna,10-005176,"Protective Hat, Capacitor Board, Inverter",IN_PRODUCTION,2027-01-25,1100.3870967741932,1656.0,0.0,9.6 KW Inverter
Sienna,10-005149,"O-Ring Seal, Inductor Housing 2 to HS, D",IN_PRODUCTION,2027-01-25,1198.3870967741932,2608.0,3200.0,9.6 KW Inverter
Sienna,10-005148,"O-Ring Seal, Inductor Housing 1 to HS, D",IN_PRODUCTION,2027-01-25,1199.3870967741932,2607.0,3200.0,9.6 KW Inverter
Sienna,10-003740,IC REG LINEAR 5V 1.5A D2PAK,IN_PRODUCTION,2027-01-25,2343.7741935483864,7769.0,0.0,9.6 KW Inverter
Qualitel,10-000611,CAP CER 150PF 50V C0G/NP0 0402 AEC-Q,IN_PRODUCTION,2027-01-25,43281.967741935485,55639.0,0.0,"MSAC, Terminal PCBA (TRM)"
Sienna,10-000716,"TVS DIODE 12V/7V, 20V/12V SOT23",IN_PRODUCTION,2027-01-25,7990.580645161292,12562.0,0.0,"9.6 KW Inverter, Bridge"
Qualitel,10-000614,DIODE SCHOTTKY 20V 500MA SOD123,IN_PRODUCTION,2027-01-25,98297.7741935484,27299.0,0.0,"2.1 LFP Block, Terminal PCBA (TRM)"
Qualitel,10-001548,RES 0 OHM JUMPER 1/10W 0603,IN_PRODUCTION,2027-01-25,162801.16129032258,29908.0,0.0,"2.1 LFP Block, Power PCBA (IPC)"
Qualitel,10-006613,CONN HEADER R/A 32POS 2MM,IN_PRODUCTION,2027-01-25,3531.4516129032263,2275.0,0.0,MSAC
Sienna,10-001247,PCB TERMINAL BLOCK; LEVER; 16 MM,IN_PRODUCTION,2027-02-01,2184.7741935483864,7328.0,0.0,9.6 KW Inverter
Sienna,10-001246,"Tray,Blower,Inverter",IN_PRODUCTION,2027-02-01,1008.3870967741932,2548.0,0.0,9.6 KW Inverter
Sienna,10-005887,"Wall Bracket Assembly, Inverter",IN_PRODUCTION,2027-02-01,1018.3870967741937,2838.0,0.0,9.6 KW Inverter
Sienna,20-06545A,Inverter EMC Filter Type B,IN_PRODUCTION,2027-02-01,1031.3870967741932,2945.0,0.0,9.6 KW Inverter
Sienna,10-001239,PCB Terminal Block 3-Pole,IN_PRODUCTION,2027-02-01,1046.3870967741932,4268.0,0.0,9.6 KW Inverter
Sienna,10-005158,"Inductor Housing Plastic Pin Cap, D",IN_PRODUCTION,2027-02-01,1091.3870967741932,3265.0,0.0,9.6 KW Inverter
Sienna,10-004992,"Enclosure, Plastic, Wiring Compartment, Inverter, D1",IN_PRODUCTION,2027-02-01,982.3870967741937,2224.0,0.0,9.6 KW Inverter
Sienna,10-003592,CMC 20MH 500MA 2LN TH,IN_PRODUCTION,2027-02-01,2055.7741935483864,7257.0,0.0,9.6 KW Inverter
Qualitel,10-06572A,"Signal Harness, MSA Controller",IN_PRODUCTION,2027-02-01,3406.4516129032263,990.0,1250.0,MSAC
Sienna,10-004497,CAP CER 0.022UF 630V X7R 1206,IN_PRODUCTION,2027-02-01,7795.096774193549,20656.0,4000.0,9.6 KW Inverter
Qualitel,10-001217,IC PSRAM 8MB FLASH SMD,IN_PRODUCTION,2027-02-01,3437.4516129032263,2769.0,2600.0,MSAC
Qualitel,10-000903,"Plug,Conduit,Sealing,Stepped,3/4""",IN_PRODUCTION,2027-02-01,3458.4516129032263,998.0,0.0,MSAC
Sienna,10-004557,CAP CER 1000PF 250VAC X7R 1808,IN_PRODUCTION,2027-02-01,8156.096774193546,36295.0,0.0,9.6 KW Inverter
Sienna,10-002678,CAP FILM 10UF 5% 450VDC RADIAL AEC-Q,IN_PRODUCTION,2027-02-01,8338.096774193546,29961.0,0.0,9.6 KW Inverter
Sienna,10-004201,CAP FILM 0.68UF 10% 630VDC RAD AEC-Q,IN_PRODUCTION,2027-02-01,14026.419354838712,59563.0,0.0,9.6 KW Inverter
Sienna,10-002231,"Mount, Neutral/Ground Bar, Bridge",IN_PRODUCTION,2027-02-01,16521.419354838712,11798.0,0.0,Bridge
Qualitel,10-000561,CAP CER 10000PF 25V X7R 0402 AEC-Q,IN_PRODUCTION,2027-02-01,28124.516129032258,26765.0,0.0,"MSAC, Terminal PCBA (TRM)"
Qualitel,20-06570B,20-06570B Lunar MSA Controller PCB,IN_PRODUCTION,2027-02-01,3424.4516129032263,1782.0,0.0,MSAC
Sienna,10-004561,RELAY GEN PURPOSE SPST 50A 12V,IN_PRODUCTION,2027-02-08,2826.1612903225796,5443.0,0.0,9.6 KW Inverter
Sienna,10-004593,"Screw Terminal, M3, SMT, Thru Hole, Integrated Junction, 50A",IN_PRODUCTION,2027-02-08,2747.1612903225796,12172.0,0.0,9.6 KW Inverter
Sienna,10-001595,ADDRESS LED DISC SERIAL RGB 1=10,IN_PRODUCTION,2027-02-08,2524.1612903225796,14145.0,5000.0,9.6 KW Inverter
Sienna,10-005199,"TIM, PCBA, Terminal Board, Inverter",IN_PRODUCTION,2027-02-08,833.3870967741932,4723.0,0.0,9.6 KW Inverter
Sienna,10-006421,IC VREF SERIES 0.13% TSOT5,IN_PRODUCTION,2027-02-08,1700.7741935483864,6412.0,0.0,9.6 KW Inverter
Sienna,10-003487,VARISTOR 699.5V 6.5KA DISC 20MM,IN_PRODUCTION,2027-02-08,1662.7741935483864,9450.0,0.0,9.6 KW Inverter
Qualitel,10-06535A,"PCBA Cover, MSA Controller",IN_PRODUCTION,2027-02-08,3302.451612903226,74.0,3000.0,MSAC
Sienna,10-002318,Current Sensor 120A Channel 8-PowerTDFN AEC-Q,IN_PRODUCTION,2027-02-08,1776.7741935483864,4799.0,0.0,9.6 KW Inverter
Qualitel,10-06536A,"Wiring Cover, MSA Controller",IN_PRODUCTION,2027-02-08,3306.451612903226,0.0,3000.0,MSAC
Qualitel,10-002911,CONN RCPT USB2.0 MICRO B SMD,IN_PRODUCTION,2027-02-08,3368.4516129032263,1838.0,0.0,MSAC
Sienna,10-000903,"Plug,Conduit,Sealing,Stepped,3/4""",IN_PRODUCTION,2027-02-08,3572.548387096773,13653.0,0.0,9.6 KW Inverter
Sienna,10-006364,ISOMOV 5KA 175VRMS -40 °C to +125 °C BULK CRIMPED,IN_PRODUCTION,2027-02-08,3635.548387096773,16613.0,0.0,9.6 KW Inverter
Qualitel,10-006484,"IC 16CH BATTERY MONITOR 64-WFQFN Exposed Pad, CSP",IN_PRODUCTION,2027-02-08,4758.064516129032,0.0,0.0,2.1 LFP Block
Sienna,10-001006,RES SMD 100 OHM 1% 1/3W 0603 AEC-Q,IN_PRODUCTION,2027-02-08,7291.096774193546,37160.0,0.0,9.6 KW Inverter
Sienna,10-003494,CAP CER 6800PF 50V X7R 0805,IN_PRODUCTION,2027-02-08,13151.419354838712,60638.0,0.0,9.6 KW Inverter
Sienna,10-002602,CAP CER 10UF 10V X7R 0603,IN_PRODUCTION,2027-02-08,14516.580645161288,79942.0,0.0,9.6 KW Inverter
Qualitel,10-001714,FERRITE BEAD 120 OHM 0603 1LN,IN_PRODUCTION,2027-02-08,86845.51612903227,140869.0,0.0,"MSAC, Terminal PCBA (TRM)"
Qualitel,10-005077,CAP CER 1UF 50V X7R 0603,IN_PRODUCTION,2027-02-08,415702.6129032258,70390.0,0.0,"2.1 LFP Block, Power PCBA (IPC), Terminal PCBA (TRM)"
Sienna,10-001853,IC REG LIN 3.3V 400MA 8DSO E-PAD AEC-Q,IN_PRODUCTION,2027-02-15,775.3870967741932,4781.0,0.0,9.6 KW Inverter
Sienna,10-005159,"Inductor Housing Plastic Pin Receptacle, D",IN_PRODUCTION,2027-02-15,740.3870967741937,2871.0,0.0,9.6 KW Inverter
Sienna,10-006698,MOSFET N-CH 55V 5.1A SOT223,IN_PRODUCTION,2027-02-15,1486.7741935483864,9626.0,0.0,9.6 KW Inverter
Sienna,10-001323,IC REG LINEAR 3.3V 450MA 5TSOP AEC-Q,IN_PRODUCTION,2027-02-15,1530.7741935483864,9582.0,0.0,9.6 KW Inverter
Sienna,10-002772,DGTL ISO 3.75KV GATE DRVR 16SOIC,IN_PRODUCTION,2027-02-15,1532.7741935483864,9110.0,0.0,9.6 KW Inverter
Sienna,10-003717,"Terminal Connector, Pin, 3.4mm x 45mm, PWB Fastener Mount, 75A, 7mm Drive",IN_PRODUCTION,2027-02-15,2110.1612903225796,9004.0,0.0,9.6 KW Inverter
Sienna,10-004501,"55V, 3A, HALF-BRIDGE POWER DRIVE",IN_PRODUCTION,2027-02-15,2133.1612903225796,14536.0,0.0,9.6 KW Inverter
Qualitel,10-000989,OPTOISOLATOR 5KV TRANSISTOR 4SMD,IN_PRODUCTION,2027-02-15,28938.61290322581,11763.0,0.0,"2.1 LFP Block, Terminal PCBA (TRM)"
Qualitel,10-06720A,CONN HEADER SMD 6POS MALE 1.27MM,IN_PRODUCTION,2027-02-15,3170.4516129032263,2036.0,0.0,MSAC
Qualitel,10-07029A,"Label, Compliance, MSA Controller",IN_PRODUCTION,2027-02-15,3231.4516129032263,2975.0,0.0,MSAC
Sienna,10-003072,CAP CER 33NF 1000V C0G 2220 AEC-Q,IN_PRODUCTION,2027-02-15,7408.483870967742,26599.0,0.0,9.6 KW Inverter
Qualitel,10-000692,CAP CER 8PF 50V NP0 0402,IN_PRODUCTION,2027-02-15,12860.61290322581,22441.0,0.0,"MSAC, Terminal PCBA (TRM)"
Qualitel,10-000842,CAP CER 22PF 50V C0G/NPO 0402 AEC-Q,IN_PRODUCTION,2027-02-15,32301.516129032258,29763.0,0.0,MSAC
Sienna,10-004565,CAP FILM 3.3UF 10% 310VAC RADIAL,IN_PRODUCTION,2027-02-15,2367.1612903225796,14302.0,0.0,9.6 KW Inverter
Sienna,10-002907,IC REG LINEAR 5V 500MA TO263-7-1,IN_PRODUCTION,2027-02-22,558.3870967741937,2298.0,0.0,9.6 KW Inverter
Sienna,10-004567,RELAY GEN PURPOSE DPDT 8A 120V,IN_PRODUCTION,2027-02-22,609.3870967741937,2904.0,0.0,9.6 KW Inverter
Sienna,10-002877,CONN HEADER SMD 8POS 2.5MM,IN_PRODUCTION,2027-02-22,645.3870967741932,4911.0,0.0,9.6 KW Inverter
Sienna,10-002472,IC REG BUCK ADJUSTABLE 3A 8SO,IN_PRODUCTION,2027-02-22,3224.9354838709696,24557.0,0.0,9.6 KW Inverter
Sienna,10-001068,CAP CER 2.2UF 25V X7R 0805 AEC-Q,IN_PRODUCTION,2027-02-22,3989.709677419356,34905.0,0.0,9.6 KW Inverter
Sienna,10-000857,TRANSFORMER SMD,IN_PRODUCTION,2027-02-22,10106.258064516129,9650.0,2000.0,"9.6 KW Inverter, Bridge"
Sienna,10-002732,FERRITE BEAD 1 KOHM 1206 1LN AEC-Q,IN_PRODUCTION,2027-02-22,23167.806451612894,78520.0,0.0,"9.6 KW Inverter, Bridge"
Qualitel,10-06970A,"Vent Valve, IP67, M12x1.5",IN_PRODUCTION,2027-02-22,55239.35483870968,2540.0,4800.0,2.1 LFP Block
Qualitel,10-07730A,"SCREW, M5-0.8X10, Hex Flg HD, SEALING, STL+ZNNI",IN_PRODUCTION,2027-02-22,387409.48387096776,32126.0,0.0,2.1 LFP Block
Sienna,10-003099,CAP ALUM POLY 82UF 20% 50V SMD AEC-Q,IN_PRODUCTION,2027-02-22,14897.709677419356,36233.0,1500.0,"9.6 KW Inverter, Bridge"
Sienna,10-002917,FIXED IND 220UH 8.8A 36.45 MOHM AEC-Q,IN_PRODUCTION,2027-03-01,2958.290322580645,4700.0,0.0,"9.6 KW Inverter, Bridge"
Sienna,10-004359,"Exhaust Duct,Inverter",IN_PRODUCTION,2027-03-01,485.3870967741932,2571.0,0.0,9.6 KW Inverter
Sienna,10-06684A,"Ground Bar, Power Module, 4 Terminal",IN_PRODUCTION,2027-03-01,540.3870967741937,3066.0,0.0,9.6 KW Inverter
Sienna,10-002491,IC TRNSLTR BIDIRECTIONAL 20TSSOP AEC-Q100,IN_PRODUCTION,2027-03-01,1042.7741935483864,10070.0,0.0,9.6 KW Inverter
Sienna,10-000999,RES SMD 1K OHM 1% 1/3W 0603 AEC-Q,IN_PRODUCTION,2027-03-01,2040.5483870967728,20185.0,0.0,9.6 KW Inverter
Qualitel,10-06915A,"Plug, Conduit, Sealing, Stepped, 1/2""",IN_PRODUCTION,2027-03-01,2965.4516129032263,2241.0,0.0,MSAC
Sienna,10-001688,RES SMD 1 OHM 5% 1/2W 1210,IN_PRODUCTION,2027-03-01,2547.9354838709696,25234.0,0.0,9.6 KW Inverter
Sienna,10-000625,CRYSTAL 16.0000MHZ 12PF SMD AEC-Q,IN_PRODUCTION,2027-03-01,5373.193548387097,9623.0,3000.0,"9.6 KW Inverter, Bridge"
Sienna,10-004805,"RTV Silicone Sealant, Single Part, Electronics Grade",IN_PRODUCTION,2027-03-01,8693.391495471282,40765.189149690006,0.0,9.6 KW Inverter
Qualitel,10-07272A,"Packaging, MSA Controller, Primary Support",IN_PRODUCTION,2027-03-01,3015.4516129032263,3191.0,0.0,MSAC
Sienna,10-002167,RES SMD 4.7K OHM 1% 1/10W 0603 AEC-Q,IN_PRODUCTION,2027-03-01,9394.12903225806,92290.0,0.0,9.6 KW Inverter
Sienna,10-000660,RES 120 OHM 1% 1/2W 1206 AEC-Q,IN_PRODUCTION,2027-03-01,15310.483870967742,59133.0,20000.0,"9.6 KW Inverter, Bridge"
Qualitel,10-003722,CAP CER 9PF 50V C0G 0402 AEC-Q,IN_PRODUCTION,2027-03-01,52481.35483870968,21938.0,0.0,2.1 LFP Block
Qualitel,10-006146,"Bushing, DCDC",ON_ORDER_ONLY,2027-03-01,54419.35483870968,0.0,0.0,2.1 LFP Block
Sienna,10-005169,"DC Contactor Cover, D",IN_PRODUCTION,2027-03-08,425.38709677419365,3131.0,0.0,9.6 KW Inverter
Sienna,10-001578,CONN 4P COAX HDR ASSY 180DEG COD A SHORT,IN_PRODUCTION,2027-03-08,691.7741935483864,8741.0,0.0,9.6 KW Inverter
Sienna,10-000621,DGTL ISO 5000VRMS 5CH GP 16SOIC,IN_PRODUCTION,2027-03-08,845.7741935483864,10267.0,0.0,9.6 KW Inverter
Sienna,10-004564,TRANS PNP 40V 0.2A SC75 SOT416,IN_PRODUCTION,2027-03-08,1143.1612903225796,15526.0,0.0,9.6 KW Inverter
Sienna,10-002165,RES SMD 2.2K OHM 1% 1/8W 0603 AEC-Q,IN_PRODUCTION,2027-03-08,1187.1612903225796,15482.0,0.0,9.6 KW Inverter
Sienna,10-004496,OPTOISO 3.75KV TRANS 4-MINI-FLAT,IN_PRODUCTION,2027-03-08,1415.5483870967728,17810.0,0.0,9.6 KW Inverter
Sienna,10-000941,Diode Schottky 40V 3A 2-Pin,IN_PRODUCTION,2027-03-08,2494.322580645159,30844.0,0.0,9.6 KW Inverter
Sienna,10-001195,IC OPAMP ZER-DRIFT 1CIRC SOT23-5,IN_PRODUCTION,2027-03-08,2545.322580645161,9793.0,0.0,9.6 KW Inverter
Sienna,10-000729,"Interface Circuit, CMOS, PDSO8",IN_PRODUCTION,2027-03-08,3882.451612903227,23063.0,0.0,"9.6 KW Inverter, Bridge"
Sienna,10-002919,CAP ALUM POLY 8.2UF 20% 250V T/H,IN_PRODUCTION,2027-03-08,15248.387096774197,22420.0,0.0,"9.6 KW Inverter, Bridge"
Sienna,10-003591,FIXED IND 47UH 600MA 780MOHM SMD,IN_PRODUCTION,2027-03-08,21512.161290322583,26029.0,0.0,"9.6 KW Inverter, Bridge"
Qualitel,10-005579,RES 0 OHM JUMPER 1/16W 0402,IN_PRODUCTION,2027-03-08,33857.41935483871,20620.0,0.0,MSAC
Qualitel,10-001720,CAP CER 0.22UF 50V X7R 0603,IN_PRODUCTION,2027-03-08,76915.93548387097,59691.0,0.0,"2.1 LFP Block, Power PCBA (IPC)"
Qualitel,10-004813,CAP CER 4.7UF 25V X6S 0603,IN_PRODUCTION,2027-03-08,102549.70967741936,46289.0,0.0,2.1 LFP Block
Sienna,10-003940,22 µF ±20% 25V Ceramic Capacitor X7R 1210 (3225 Metric) AEC-QAEC-Q,IN_PRODUCTION,2027-03-15,188.38709677419365,2368.0,0.0,9.6 KW Inverter
Sienna,10-002471,RX TXRX MOD WIFI SURFACE MOUNT,IN_PRODUCTION,2027-03-15,209.3870967741932,2347.0,0.0,9.6 KW Inverter
Sienna,10-005155,"Insulator Sheet, Power Board, Integrated PSA, D",IN_PRODUCTION,2027-03-15,265.3870967741932,3541.0,0.0,9.6 KW Inverter
Sienna,10-005282,"Insulator Sheet, Power Board, Lower Level, Integrated TIM and PSA",IN_PRODUCTION,2027-03-15,272.3870967741932,4634.0,0.0,9.6 KW Inverter
Sienna,10-002391,"RF/ Coaxial Connectors, 50 Ohms, FAKRA SMB Jack, Straight, PCB, Keying Option A, Black",IN_PRODUCTION,2027-03-15,552.7741935483864,9360.0,0.0,9.6 KW Inverter
Sienna,10-004584,TERM REDCUBE M3 1PIN SMD,IN_PRODUCTION,2027-03-15,605.1612903225796,16064.0,0.0,9.6 KW Inverter
Sienna,10-001663,CAP CER 47UF 6.3V X7R 1210 AEC-Q,IN_PRODUCTION,2027-03-15,790.5483870967746,10435.0,0.0,9.6 KW Inverter
Sienna,10-001453,Analog Comparators LV Comparator 0.07mA 1.7mV 10nA 23mA,IN_PRODUCTION,2027-03-15,461.7741935483864,8151.0,0.0,9.6 KW Inverter
Sienna,10-001925,"IND FIXED 10UH 1.9A 84.5MOHM SMD 0.315"" L x 0.315"" W (8.00mm x 8.00mm)",IN_PRODUCTION,2027-03-15,1048.9354838709696,26733.0,0.0,9.6 KW Inverter
Sienna,10-003097,DIODE ZENER 51V 5W DO214AA,IN_PRODUCTION,2027-03-15,1273.9354838709678,13928.0,0.0,9.6 KW Inverter
Sienna,10-002267,"Spring,MW,9.6mm,33N/mm,Ground Ends",IN_PRODUCTION,2027-03-15,1309.3225806451592,22029.0,0.0,9.6 KW Inverter
Sienna,10-001664,CAP CER 4.7UF 100V X7S 1210 AEC-Q,IN_PRODUCTION,2027-03-15,2506.290322580646,7770.0,0.0,"9.6 KW Inverter, Bridge"
Sienna,10-002604,LED GREEN CLEAR CHIP SMD,IN_PRODUCTION,2027-03-15,4271.580645161288,66429.0,0.0,9.6 KW Inverter
Qualitel,10-000659,RES SMD 100 OHM 1% 1/16W 0402 AEC-Q,IN_PRODUCTION,2027-03-15,59706.70967741936,49057.0,0.0,"MSAC, Terminal PCBA (TRM)"
Sienna,10-000553,"3.8V-32V INPUT, 3.5A Low Iq Synchronous Buck with Enhanced EMI Reduction PWM Only AEC-Q",IN_PRODUCTION,2027-03-15,841.7741935483864,14243.0,0.0,"9.6 KW Inverter, PV Hub"
Sienna,10-005577,"Cable Tie, Locking, Black, 50lbs, Nylon, 188 x 4.8 mm",IN_PRODUCTION,2027-03-22,180.7741935483864,8281.0,0.0,9.6 KW Inverter
Sienna,10-002481,IC PWR SUPPLY SEQUENCER SOT23-6,IN_PRODUCTION,2027-03-22,173.3870967741932,5383.0,0.0,9.6 KW Inverter
Sienna,10-002469,USB POWER SWITCHT SOT25T&R3K,IN_PRODUCTION,2027-03-22,172.38709677419365,2384.0,0.0,9.6 KW Inverter
Sienna,10-001672,RELAY GEN PURPOSE SPDT 10A 12V,IN_PRODUCTION,2027-03-22,161.7741935483864,10951.0,0.0,9.6 KW Inverter
Sienna,10-002485,IC BUF NON-INVERT 5.5V SOT23-5,IN_PRODUCTION,2027-03-22,135.38709677419365,2421.0,0.0,9.6 KW Inverter
Sienna,10-002615,IC EEPROM 512KBIT I2C 1MHZ 8SOIC,IN_PRODUCTION,2027-03-22,149.3870967741932,5407.0,0.0,9.6 KW Inverter
Sienna,10-002464,IC TRANSCEIVER FULL 1/1 48TQFP,IN_PRODUCTION,2027-03-22,145.38709677419365,3411.0,0.0,9.6 KW Inverter
Sienna,10-002463,LTE Cat M1 Cat Nb2 EGPRS Module,IN_PRODUCTION,2027-03-22,117.3870967741932,1439.0,0.0,9.6 KW Inverter
Sienna,10-004666,PV Disconnect Switch 0.1 mA at 3.3 VDC,IN_PRODUCTION,2027-03-22,88.38709677419365,2126.0,0.0,9.6 KW Inverter
Sienna,10-005899,Module Industrial ESim MFF2 MultiSIM-M2M 4.2.1 5x6mm,IN_PRODUCTION,2027-03-22,158.3870967741932,3916.0,0.0,9.6 KW Inverter
Sienna,10-002392,"RF/ Coaxial Connectors, 50 Ohms, FAKRA SMB Jack, Straight, PCB, Keying Option B, Signal White",IN_PRODUCTION,2027-03-22,235.7741935483864,4877.0,0.0,9.6 KW Inverter
Sienna,10-002616,CMC 300MA 2LN 360OHM SMD AECQ200,IN_PRODUCTION,2027-03-22,340.7741935483864,10772.0,0.0,9.6 KW Inverter
Sienna,10-001150,RES SMD 4.99 OHM 1% 1/10W 0603 AEC-Q,IN_PRODUCTION,2027-03-22,350.1612903225805,6319.0,0.0,9.6 KW Inverter
Sienna,10-002090,"CMOS, 50MHz Min, 6000MHz Max, 1 Func, 0.75dB Insertion Loss-Max",IN_PRODUCTION,2027-03-22,474.1612903225796,16195.0,0.0,9.6 KW Inverter
Sienna,10-002475,CAP CER 5600PF 50V X7R 0402,IN_PRODUCTION,2027-03-22,713.9354838709696,27068.0,0.0,9.6 KW Inverter
Sienna,10-005125,"Screw,M4x0.7 6gx12mm,BHT T15,Steel,Nylon Patch",IN_PRODUCTION,2027-03-22,1296.0967741935456,15655.0,0.0,9.6 KW Inverter
Sienna,10-003096,CAP CER 10UF 50V X7S 1210 AEC-Q,IN_PRODUCTION,2027-03-22,5059.354838709678,25606.0,0.0,"9.6 KW Inverter, Bridge"
Qualitel,10-006452,DIODE TVS 14VWM SOT23-6,IN_PRODUCTION,2027-03-22,5200.903225806453,4212.0,6000.0,MSAC
Qualitel,10-000729,"Interface Circuit, CMOS, PDSO8",IN_PRODUCTION,2027-03-22,23201.8064516129,15165.0,0.0,"2.1 LFP Block, Power PCBA (IPC), Terminal PCBA (TRM)"
Qualitel,10-003493,RES 100 OHM 1% 1/4W 1206 AEC-Q,IN_PRODUCTION,2027-03-22,47340.35483870968,27079.0,0.0,2.1 LFP Block
Qualitel,10-002375,CAP CER 0.1UF 250V X7R 1206,IN_PRODUCTION,2027-03-22,185122.41935483873,112555.0,0.0,2.1 LFP Block
Sienna,10-001581,SPEED & CURRENT SENSORS PG-TISON,IN_PRODUCTION,2027-03-22,278.935483870966,10003.0,0.0,9.6 KW Inverter
Qualitel,10-07075A,"Label, Warning, Connector Lock",IN_PRODUCTION,2027-03-29,2481.4516129032263,3725.0,0.0,MSAC
Sienna,10-001228,CAP 10UF 25V X7S 0805 SOFT TERMINATION,IN_PRODUCTION,2027-03-29,145.1612903225796,16524.0,0.0,9.6 KW Inverter
Sienna,10-000943,"MOSFET Silicon carbide Power MOSFET 650 V, 18 mOhm typ 119 A",IN_PRODUCTION,2027-03-29,266.3225806451592,16272.0,0.0,9.6 KW Inverter
Sienna,10-005045,Diode Switching 85V 0.155A 3-Pin SOT-523 T/R,IN_PRODUCTION,2027-03-29,753.1935483870911,70149.0,0.0,9.6 KW Inverter
Qualitel,10-006707,RES SMD 330 OHM 1% 3/4W 1206 AEC-Q,IN_PRODUCTION,2027-03-29,9888.806451612903,4937.0,0.0,MSAC
Sienna,10-000627,2 x 3 Beige Conn Header SMD 6POS 2.5MM,IN_PRODUCTION,2027-03-29,126.16129032257959,12043.0,0.0,9.6 KW Inverter
Qualitel,10-006638,CAP CER 10000PF 1KV X7R 1812,IN_PRODUCTION,2027-03-29,22260.67741935484,5949.0,2083.0,2.1 LFP Block
Qualitel,10-005019,Res Thick Film 0603 4.7K Ohm 1% 0.1W(1/10W) ±100ppm/°C Pad SMD T/R,IN_PRODUCTION,2027-03-29,22283.25806451613,19922.0,0.0,"2.1 LFP Block, Power PCBA (IPC)"
Qualitel,10-003040,CAP CER 0.1UF 50V X7R 0603,IN_PRODUCTION,2027-03-29,67859.38709677421,107047.0,0.0,"2.1 LFP Block, Power PCBA (IPC)"
Qualitel,10-001480,"Screw,6-19xPLAST 48/2, 0.5"",BHT T-15,T/F,Steel,ZnNi BC",IN_PRODUCTION,2027-03-29,131590.06451612903,41668.0,0.0,2.1 LFP Block
Qualitel,10-000657,RES SMD 750 OHM 1% 1/16W 0402 AEC-Q,IN_PRODUCTION,2027-03-29,10009.516129032258,30530.0,0.0,"MSAC, Terminal PCBA (TRM)"
Sienna,10-004072,"Bus Bar, Ground to Enclosure, Bridge",IN_PRODUCTION,2027-04-05,2081.9032258064517,2038.0,0.0,Bridge
Sienna,10-002245,"Load Tray, 20 Space, 40 Circuit, 225A",IN_PRODUCTION,2027-04-05,2097.9032258064517,1122.0,1350.0,Bridge
Sienna,10-002225,"Bracket Assembly, PCBA, Bridge",IN_PRODUCTION,2027-04-05,2105.9032258064517,1514.0,0.0,Bridge
Sienna,10-002773,MOSFET N-CH 700V 12.5A TO252-3,IN_PRODUCTION,2027-04-05,2117.0645161290304,19272.0,0.0,"9.6 KW Inverter, Bridge"
Sienna,10-003805,"Wire Harness, CAN Jumper, Bridge",IN_PRODUCTION,2027-04-05,2143.9032258064517,2576.0,1450.0,Bridge
Qualitel,10-003524,CMC 1.5MH 18A 2LN TH,IN_PRODUCTION,2027-04-05,20442.67741935484,16767.0,0.0,2.1 LFP Block
Qualitel,10-005385,"Label, Packaging, Carton",IN_PRODUCTION,2027-04-05,23116.129032258068,20300.0,0.0,"2.1 LFP Block, MSAC"
Qualitel,10-002929,"TIM, INDUCTOR, DCDC",IN_PRODUCTION,2027-04-05,42935.35483870968,5484.0,0.0,2.1 LFP Block
Qualitel,10-06752A,"Thermal Bridge, GaN, DCDC",IN_PRODUCTION,2027-04-05,314989.1612903226,48156.0,0.0,2.1 LFP Block
Qualitel,10-002402,GAN TRANS 200V 8MOHM BUMPED DIE,IN_PRODUCTION,2027-04-05,329881.83870967745,165473.0,0.0,2.1 LFP Block
Qualitel,10-001069,RES 82K OHM 1% 1/16W 0402 AEC-Q,IN_PRODUCTION,2027-04-05,14533.67741935484,24451.0,0.0,"MSAC, Terminal PCBA (TRM)"
Qualitel,10-07251A,"Packaging, MSA Controller, Shipping Box",IN_PRODUCTION,2027-04-12,2285.4516129032263,921.0,0.0,MSAC
Sienna,10-003551,"ASSY, ENCLOSURE DOOR, BRIDGE, LUNAR BLUE",IN_PRODUCTION,2027-04-12,2055.9032258064517,664.0,528.0,Bridge
Sienna,10-002914,"TOP MOUNT HEATSINK .4"" D-PAK",IN_PRODUCTION,2027-04-12,2067.9032258064517,2652.0,1224.0,Bridge
Qualitel,10-06546A,IC BUF NON-INVERT 5.5V SC-70-5,IN_PRODUCTION,2027-04-12,4474.903225806453,7938.0,0.0,MSAC
Sienna,10-003594,FUSE BOARD MNT 750MA 250VAC 2SMD,IN_PRODUCTION,2027-04-12,6210.096774193549,13506.0,0.0,"9.6 KW Inverter, Bridge"
Qualitel,10-006205,IND 22.8μH±10％ Within (Typ.22.78μH) Custom,IN_PRODUCTION,2027-04-12,40171.35483870968,3488.0,30720.0,2.1 LFP Block
Qualitel,10-003468,CAP CER 0.1UF 100V X7R 0603,IN_PRODUCTION,2027-04-12,158918.41935483873,138759.0,0.0,2.1 LFP Block
Qualitel,10-002378,CAP CER 100PF 50V X7R 0402,IN_PRODUCTION,2027-04-12,197642.5483870968,191751.0,0.0,"2.1 LFP Block, MSAC"
Qualitel,10-000619,RES 1M OHM 5% 1/16W 0402 AEC-Q,IN_PRODUCTION,2027-04-12,4505.709677419356,18383.0,0.0,"MSAC, Terminal PCBA (TRM)"
Sienna,10-003002,"Guide, Header Pins, PCBA, Bridge",IN_PRODUCTION,2027-04-19,3822.8064516129034,5617.0,0.0,Bridge
Qualitel,10-000658,RES SMD 10K OHM 1% 1/16W 0402,IN_PRODUCTION,2027-04-19,495162.83870967745,425840.0,0.0,"2.1 LFP Block, MSAC, Power PCBA (IPC), Terminal PCBA (TRM)"
Qualitel,10-001369,MOSFET N-CH 600V 23A 8HSOF,IN_PRODUCTION,2027-04-19,38231.35483870968,12188.0,0.0,2.1 LFP Block
Qualitel,10-005099,DC DC CONVERTER 12V 1W,IN_PRODUCTION,2027-04-19,18784.67741935484,8275.0,0.0,2.1 LFP Block
Qualitel,10-004517,IC MCU 32BIT 2MB FLASH 100LQFP,IN_PRODUCTION,2027-04-19,18244.645161290326,9641.0,0.0,"2.1 LFP Block, Terminal PCBA (TRM)"
Qualitel,10-004534,FIXED IND 4.7UH 4.2A 35 MOHM SMD,IN_PRODUCTION,2027-04-19,2138.41935483871,5814.0,0.0,"MSAC, Terminal PCBA (TRM)"
Sienna,10-005080,"Breaker Hold-Down, Bridge",IN_PRODUCTION,2027-04-26,1795.9032258064517,2805.0,0.0,Bridge
Sienna,10-004611,"Safety Cover, Terminal Lug, Bridge",IN_PRODUCTION,2027-04-26,7529.612903225807,11350.0,0.0,Bridge
Qualitel,10-07273A,"Packaging, MSA Controller, Top Cover",IN_PRODUCTION,2027-04-26,2015.4516129032263,4191.0,0.0,MSAC
Sienna,10-002230,"Neutral/Ground Bar, Bridge",IN_PRODUCTION,2027-04-26,11188.419354838712,5631.0,0.0,Bridge
Sienna,10-002211,"Relay Cover, Bridge",IN_PRODUCTION,2027-04-26,1841.9032258064517,2878.0,0.0,Bridge
Sienna,10-002190,"Insulator Cap Neutral, Bridge",IN_PRODUCTION,2027-04-26,1806.9032258064517,2913.0,0.0,Bridge
Sienna,10-002173,"Assy Enclosure, Weldment, Bridge, Lunar Blue",IN_PRODUCTION,2027-04-26,1882.9032258064517,777.0,312.0,Bridge
Qualitel,10-002290,IC REG LINEAR 2.5V 200MA 8SOIC,IN_PRODUCTION,2027-04-26,17066.67741935484,10143.0,0.0,2.1 LFP Block
Qualitel,10-001809,Thick Film Resistors 0805 2Kohms 0.5W 1% AEC-Q200,IN_PRODUCTION,2027-04-26,35286.35483870968,39133.0,5000.0,2.1 LFP Block
Qualitel,10-000711,CMC 100UH 150MA 2LN SMD AEC-Q200,IN_PRODUCTION,2027-04-26,18649.225806451614,21670.0,0.0,"2.1 LFP Block, MSAC, Power PCBA (IPC), Terminal PCBA (TRM)"
Qualitel,10-004695,"CAP CER 330PF SAFETY X1,Y2 250VAC X7R 1808",IN_PRODUCTION,2027-04-26,35405.35483870968,25014.0,0.0,2.1 LFP Block
Qualitel,10-004422,"Label, 7x7 mm QR",IN_PRODUCTION,2027-04-26,52671.032258064515,28658.0,0.0,2.1 LFP Block
Qualitel,10-002280,FIXED IND 33UH 3A 60 MOHM SMD AEC-Q,IN_PRODUCTION,2027-04-26,53241.032258064515,41888.0,0.0,2.1 LFP Block
Qualitel,10-003274,CAP CER 10UF 100V X7S 10% 1210,IN_PRODUCTION,2027-04-26,70173.70967741936,50665.0,0.0,2.1 LFP Block
Qualitel,10-004341,"Screw,M3X6.5mm,SEMS and spring washer, BHT,T-8,ZiNi BC",IN_PRODUCTION,2027-04-26,212637.12903225806,158279.0,0.0,2.1 LFP Block
Qualitel,10-002958,MOSFET P-CH 100V 22A D2PAK,IN_PRODUCTION,2027-04-26,17224.67741935484,10385.0,0.0,2.1 LFP Block
Sienna,10-002590,"Insulator, Load Tray, Bridge",IN_PRODUCTION,2027-05-03,1753.9032258064517,2966.0,0.0,Bridge
Qualitel,10-002304,"CONN, HEADER, 4P, GRAY, VETICAL , Ni/Cu, TE",IN_PRODUCTION,2027-05-03,15674.67741935484,6260.0,0.0,2.1 LFP Block
Qualitel,10-006690,FERRITE BEAD 2.2 KOHM 0603 1LN,IN_PRODUCTION,2027-05-03,32057.35483870968,42362.0,0.0,2.1 LFP Block
Qualitel,10-002318,Current Sensor 120A Channel 8-PowerTDFN AEC-Q,IN_PRODUCTION,2027-05-03,32842.74193548387,17407.0,0.0,"2.1 LFP Block, Power PCBA (IPC)"
Qualitel,10-005297,CAP CER 2.2UF 10% 450V X6S 2220,IN_PRODUCTION,2027-05-03,33115.35483870968,20304.0,0.0,2.1 LFP Block
Qualitel,10-001716,CAP CER 10NF 25V X7R 0402,IN_PRODUCTION,2027-05-03,328550.22580645164,252853.0,0.0,2.1 LFP Block
Qualitel,10-000553,"3.8V-32V INPUT, 3.5A Low Iq Synchronous Buck with Enhanced EMI Reduction PWM Only AEC-Q",IN_PRODUCTION,2027-05-10,1700.354838709678,9744.0,0.0,"MSAC, Terminal PCBA (TRM)"
Qualitel,10-005681,FIXED IND 10UH 28A 2.5 MOHM SMD,IN_PRODUCTION,2027-05-10,14428.67741935484,11501.0,0.0,2.1 LFP Block
Qualitel,10-005178,RES 3.2K OHM 0.1% 1/10W 0603 AEC-Q,IN_PRODUCTION,2027-05-10,14468.67741935484,9741.0,0.0,2.1 LFP Block
Sienna,10-002195,"Relay Assembly, Bridge",IN_PRODUCTION,2027-05-10,1624.9032258064517,3095.0,0.0,Bridge
Qualitel,10-06755A,"Wall Bracket Asy, Battery Block, Type 2",IN_PRODUCTION,2027-05-10,14661.67741935484,688.0,0.0,2.1 LFP Block
Qualitel,10-001644,FUSE BOARD MNT 2A 63VAC/VDC 1206,IN_PRODUCTION,2027-05-10,15047.67741935484,22162.0,0.0,2.1 LFP Block
Qualitel,10-001437,DIODE RECT 100V 20A DPAK,IN_PRODUCTION,2027-05-10,15399.645161290326,13556.0,0.0,"2.1 LFP Block, Terminal PCBA (TRM)"
Qualitel,10-006641,CAP CER 10000PF 1KV X7R 1206,IN_PRODUCTION,2027-05-10,57637.70967741936,91201.0,0.0,2.1 LFP Block
Qualitel,10-004340,"Screw,M4X34mm,SEMS and spring washer, BHT,T-15,ZiNi BC",IN_PRODUCTION,2027-05-10,30147.35483870968,35272.0,0.0,2.1 LFP Block
Qualitel,10-002401,ROUND STANDOFF M2X0.4 STEEL 1MM,IN_PRODUCTION,2027-05-10,46034.032258064515,25595.0,0.0,2.1 LFP Block
Qualitel,10-004736,RES 100K OHM 0.5% 1/2W 0805 AEC-Q,IN_PRODUCTION,2027-05-10,57681.70967741936,41157.0,0.0,2.1 LFP Block
Qualitel,10-001286,IC GATE DRVR HALF-BRIDGE HI SPD,IN_PRODUCTION,2027-05-10,92119.06451612903,71139.0,0.0,2.1 LFP Block
Qualitel,10-004548,RES SMD 3 OHM 5% 1/10W 0402 AEC-Q,IN_PRODUCTION,2027-05-10,231204.83870967745,154150.0,0.0,2.1 LFP Block
Sienna,10-002208,"Wire Terminal Lug, 250MCM, Aluminum, Tin-Plated",IN_PRODUCTION,2027-05-10,16470.032258064515,13229.0,0.0,Bridge
Qualitel,10-003458,MOSFET P-CH 100V 6.6A DPAK,IN_PRODUCTION,2027-05-17,14296.67741935484,10913.0,0.0,2.1 LFP Block
Qualitel,10-006639,CAP CER 1000PF 1KV X7R 1812,IN_PRODUCTION,2027-05-17,13455.67741935484,14754.0,0.0,2.1 LFP Block
Sienna,20-005748,"PCB, Lunar Bridge Control Board Type B",IN_PRODUCTION,2027-05-17,1513.9032258064517,3206.0,0.0,Bridge
Qualitel,10-006220,IC VREF SERIES 0.1% 8SOIC,IN_PRODUCTION,2027-05-17,14018.67741935484,10691.0,0.0,2.1 LFP Block
Qualitel,10-002956,IC REG LINEAR 3.3V 100MA 6DFN,IN_PRODUCTION,2027-05-17,14028.67741935484,14181.0,0.0,2.1 LFP Block
Qualitel,10-006696,RES SMD 2 OHM 5% 1W 2512 AEC-Q,IN_PRODUCTION,2027-05-17,14040.67741935484,19169.0,0.0,2.1 LFP Block
Qualitel,10-000603,LED RED CLEAR 2SMD,IN_PRODUCTION,2027-05-17,15281.09677419355,13881.0,0.0,"2.1 LFP Block, MSAC, Terminal PCBA (TRM)"
Qualitel,10-006640,CAP CER 1000PF 1KV X7R 1206,IN_PRODUCTION,2027-05-17,57022.70967741936,74316.0,0.0,2.1 LFP Block
Qualitel,10-004897,CAP CER 47PF 250VAC SL 1808,IN_PRODUCTION,2027-05-17,28451.35483870968,15968.0,0.0,2.1 LFP Block
Qualitel,10-001075,DIODE SCHOTTKY 100V 3A DO214AB AEC-Q,IN_PRODUCTION,2027-05-17,41739.032258064515,34890.0,0.0,2.1 LFP Block
Qualitel,10-006493,THERMISTOR NTC 10KOHM B25/50=3380K 0603,IN_PRODUCTION,2027-05-17,42703.032258064515,36926.0,0.0,2.1 LFP Block
Qualitel,10-002604,LED GREEN CLEAR CHIP SMD,IN_PRODUCTION,2027-05-17,56431.70967741936,40407.0,0.0,2.1 LFP Block
Qualitel,10-006637,DIODE SCHOTTKY 40V 500MA 0402,IN_PRODUCTION,2027-05-17,85777.06451612903,82481.0,0.0,2.1 LFP Block
Qualitel,10-002816,"Screw and washer,M5 x 13,SEMS,BHT T-25,Steel,ZiNi BC,Nylon Patch",IN_PRODUCTION,2027-05-17,28161.35483870968,18568.0,0.0,2.1 LFP Block
Sienna,10-000603,LED RED CLEAR 2SMD,IN_PRODUCTION,2027-05-24,1347.2903225806458,8929.0,0.0,"9.6 KW Inverter, Bridge"
Sienna,20-005340,PCB Lunar Bridge CAN Pigtail Board Rev 1,IN_PRODUCTION,2027-05-24,1422.9032258064517,3297.0,0.0,Bridge
Qualitel,10-001580,IC CURRENT SENSOR 8TISON AEC-Q,IN_PRODUCTION,2027-05-24,12691.67741935484,12018.0,0.0,2.1 LFP Block
Qualitel,10-000646,RES SMD 1K OHM 1% 1/16W 0402 AEC-Q,IN_PRODUCTION,2027-05-24,13152.774193548394,58419.0,0.0,"MSAC, Terminal PCBA (TRM)"
Qualitel,10-002957,MOSFET N-CH 100V 170MA SOT23-3,IN_PRODUCTION,2027-05-24,24111.35483870968,50308.0,0.0,2.1 LFP Block
Qualitel,10-006492,PC TEST POINT COMPACT,IN_PRODUCTION,2027-05-24,25201.35483870968,25118.0,0.0,2.1 LFP Block
Qualitel,10-001191,"DUAL, ZERO-DRIFT OP AMP, E TEMP",IN_PRODUCTION,2027-05-24,36515.032258064515,75114.0,0.0,2.1 LFP Block
Qualitel,10-002138,IC REG BUCK ADJ 3A 8HTSOP-J,IN_PRODUCTION,2027-05-24,37600.032258064515,34029.0,0.0,2.1 LFP Block
Qualitel,10-002376,CAP CER 1UF 25V X5R 0402,IN_PRODUCTION,2027-05-24,51668.70967741936,67170.0,0.0,2.1 LFP Block
Qualitel,10-002384,DIODE SCHOTTKY 200V 1A SOD123W,IN_PRODUCTION,2027-05-24,75227.06451612903,88031.0,0.0,2.1 LFP Block
Qualitel,10-002287,RES SMD 4.99KOHM 0.1% 1/10W 0603,IN_PRODUCTION,2027-05-24,155440.12903225806,156076.0,0.0,2.1 LFP Block
Qualitel,10-000551,RES 31.2K OHM 0.5% 1/16W 0402 AEC-Q,IN_PRODUCTION,2027-05-31,1228.4193548387102,6724.0,0.0,"MSAC, Terminal PCBA (TRM)"
Sienna,10-000894,CAP CER 2200PF 100V X7R 0603 AEC-Q,IN_PRODUCTION,2027-05-31,1258.9032258064508,12541.0,0.0,"9.6 KW Inverter, Bridge, PV Hub"
Sienna,20-005485,"PCB, Lunar Bridge Interface Board, Type B",IN_PRODUCTION,2027-05-31,1292.9032258064517,3427.0,0.0,Bridge
Sienna,10-05006A,"Foam Seal, Top Service Entry, Bridge",IN_PRODUCTION,2027-05-31,1303.9032258064517,2534.0,0.0,Bridge
Sienna,10-000641,DIODE SCHOTTKY 40V 1A SOD323HE,IN_PRODUCTION,2027-05-31,5047.387096774193,24945.0,0.0,"9.6 KW Inverter, Bridge"
Sienna,10-003810,"Screw, Sheet Metal, M3x8mm, Steel, ZiNi Plated",IN_PRODUCTION,2027-05-31,7430.419354838712,18856.0,0.0,Bridge
Qualitel,10-001434,CRYSTAL 12.0000MHZ 8PF SMD,IN_PRODUCTION,2027-05-31,11014.67741935484,17195.0,0.0,2.1 LFP Block
Sienna,10-002041,Switching Voltage Regulators OPTIREG SWITCHER,IN_PRODUCTION,2027-05-31,1295.9032258064517,3300.0,0.0,Bridge
Qualitel,10-001610,DIODE SCHOTTKY 80V 1A SOD123 AEC-Q,IN_PRODUCTION,2027-05-31,11054.67741935484,26155.0,0.0,2.1 LFP Block
Qualitel,10-006688,RES SMD 500 UOHM 1% 10W 2512,IN_PRODUCTION,2027-05-31,11066.67741935484,6143.0,0.0,2.1 LFP Block
Qualitel,10-06717A,MOSFET N-CH 30V 4A SOT23F,IN_PRODUCTION,2027-05-31,11285.67741935484,10924.0,0.0,2.1 LFP Block
Sienna,10-002215,"Screw,M6 6h X 18mm,BHT T30,Grade 8.8,ZiNi BC",IN_PRODUCTION,2027-05-31,18377.548387096773,39401.0,0.0,Bridge
Sienna,10-002212,"Bolt with Washer, M5 x 11, T25 Drive, Steel, Zinc Plated",IN_PRODUCTION,2027-05-31,20494.451612903227,45029.0,0.0,Bridge
Sienna,10-002235,"Bolt, M5 x 14, T25 Drive, Steel, Zn-Ni Plated",IN_PRODUCTION,2027-05-31,22778.258064516136,45383.0,0.0,Bridge
Sienna,10-003068,"NUT, M5x0.8 6Hx5mm, NYLON INSERT, STEEL, 3um ZINC",IN_PRODUCTION,2027-05-31,29083.87096774194,54988.0,0.0,Bridge
Qualitel,10-005214,TVS DIODE 376VWM 602VC DO214AB,IN_PRODUCTION,2027-05-31,11019.67741935484,17190.0,0.0,2.1 LFP Block
Sienna,20-005783,PCB Lunar Bridge Rogowski Coil Pigtail Board Type B,IN_PRODUCTION,2027-06-07,1191.9032258064517,2748.0,0.0,Bridge
Sienna,10-002109,"Screw,M5 x 0.8 6g x 8mm,BHT T-25,Steel,ZnNi BC,Nylon Patch",IN_PRODUCTION,2027-06-07,2364.8064516129034,7075.0,0.0,Bridge
Qualitel,10-006702,RES 270 OHM 1% 1/16W 0402,IN_PRODUCTION,2027-06-07,4671.806451612903,10154.0,0.0,MSAC
Qualitel,10-006355,CAP CER 12PF 50V C0G/NP0 0402,IN_PRODUCTION,2027-06-07,4772.806451612903,10053.0,0.0,MSAC
Sienna,10-001918,CAP 3.3F 3V .075 OHM,IN_PRODUCTION,2027-06-07,7881.322580645163,13866.0,0.0,Bridge
Qualitel,10-006704,RES 4.99K OHM 1% 1/16W 0402,IN_PRODUCTION,2027-06-07,4734.806451612903,10091.0,0.0,MSAC
Qualitel,10-006646,RES 18K OHM 1% 1/10W 0603 AEC-Q200,IN_PRODUCTION,2027-06-07,10068.67741935484,27141.0,0.0,2.1 LFP Block
Qualitel,10-002302,SENSOR THERMISTOR NTC,IN_PRODUCTION,2027-06-07,10227.67741935484,26982.0,0.0,2.1 LFP Block
Qualitel,10-002291,RES SMD 28.7K OHM 1% 1/10W 0603 AEC-Q,IN_PRODUCTION,2027-06-07,20160.35483870968,39259.0,0.0,2.1 LFP Block
Qualitel,10-004162,RES SMD 20 OHM 1% 1/4W 1206 AEC-Q200,IN_PRODUCTION,2027-06-07,21040.35483870968,53379.0,0.0,2.1 LFP Block
Qualitel,10-006635,RES SMD 2 OHM 1% 1/5W 0402,IN_PRODUCTION,2027-06-07,60465.06451612903,132793.0,0.0,2.1 LFP Block
Sienna,10-001922,RES SMD 6.8 OHM 0.1% 1/10W ±25ppm 0805,IN_PRODUCTION,2027-06-07,8910.225806451614,13849.0,0.0,Bridge
Qualitel,10-000558,CAP CER 4.7UF 16V X7R 0805 AEC-Q,IN_PRODUCTION,2027-06-14,1984.8709677419356,12174.0,0.0,"MSAC, Terminal PCBA (TRM)"
Sienna,10-000559,CAP CER 1000PF 50V X7R 0402 AEC-Q,IN_PRODUCTION,2027-06-14,4756.677419354848,244080.0,0.0,"9.6 KW Inverter, Bridge, PV Hub"
Sienna,10-002234,"Bolt, Flat Head, M4 x 13, Steel, Zn-Ni Plated",IN_PRODUCTION,2027-06-14,5648.419354838712,22671.0,0.0,Bridge
Qualitel,10-003708,CRYSTAL 32.7680KHZ 9PF SMD,IN_PRODUCTION,2027-06-14,8692.67741935484,18517.0,0.0,2.1 LFP Block
Qualitel,10-001645,"Screw,4-20X PLAST 0.375 in,BHT,T/F,Steel",IN_PRODUCTION,2027-06-14,69766.41935483873,135911.0,0.0,2.1 LFP Block
Qualitel,10-001161,RES SMD 16K OHM 5% 1/4W 0603 AEC-Q,IN_PRODUCTION,2027-06-14,8284.67741935484,28925.0,0.0,2.1 LFP Block
Sienna,10-003838,"Connector, Socket, WAGO, 6 POS, SMT",IN_PRODUCTION,2027-06-21,900.9032258064517,2768.0,0.0,Bridge
Sienna,10-003357,XFMR CUSTOM SMD 12PIN 31.00 X 32.70 X 15.50MM MAX,IN_PRODUCTION,2027-06-21,818.9032258064517,2351.0,0.0,Bridge
Sienna,10-002205,"Bus Bar, BU, L2, Bridge",IN_PRODUCTION,2027-06-21,822.9032258064517,700.0,10.0,Bridge
Sienna,10-006448,DIODE SCHOTTKY 40V 2A 1206,IN_PRODUCTION,2027-06-21,837.9032258064517,3882.0,0.0,Bridge
Sienna,10-002548,"Nano-Fit Terminal Position Assurance (TPA) Retainer, 2.50mm Pitch, 3 Circuits, Natural",IN_PRODUCTION,2027-06-21,793.9032258064517,1426.0,0.0,Bridge
Sienna,10-004342,IC MCU 32BIT 512KB FLASH 64TQFP,IN_PRODUCTION,2027-06-21,851.9032258064517,1659.0,0.0,Bridge
Sienna,10-004091,CONN HEADER VERT 10POS 2MM,IN_PRODUCTION,2027-06-21,886.9032258064517,3833.0,0.0,Bridge
Sienna,10-002916,FIXED IND 3.3UH 6A 19.2MOHM SMD AEC-Q,IN_PRODUCTION,2027-06-21,910.6774193548381,5772.0,0.0,"9.6 KW Inverter, Bridge"
Sienna,10-002229,"Insulator, Ground Bar, Bridge",IN_PRODUCTION,2027-06-21,847.9032258064517,2872.0,0.0,Bridge
Sienna,10-002324,"Washer, 1/4-20, Steel, Zinc-Plated",IN_PRODUCTION,2027-06-21,1774.8064516129034,7665.0,0.0,Bridge
Sienna,10-000646,RES SMD 1K OHM 1% 1/16W 0402 AEC-Q,IN_PRODUCTION,2027-06-21,11046.290322580637,195615.0,0.0,"9.6 KW Inverter, Bridge"
Sienna,10-001227,RES SMD 220 OHM 1% 2W 2512 AEC-Q,IN_PRODUCTION,2027-06-21,9719.838709677424,46919.0,0.0,Bridge
Qualitel,10-005073,CAP CER 10UF 10V X7R 0805,IN_PRODUCTION,2027-06-21,8034.677419354841,15175.0,0.0,2.1 LFP Block
Sienna,10-000958,DGTL ISO 5000VRMS 5CH GP 16SOIC,IN_PRODUCTION,2027-06-21,1649.8064516129034,7790.0,0.0,Bridge
Sienna,10-000858,RES SMD 1.2K OHM 0.1% 1/4W 1206 AEC-Q,IN_PRODUCTION,2027-06-21,3640.387096774193,21352.0,0.0,"9.6 KW Inverter, Bridge"
Sienna,10-000595,CAP CER 22UF 16V X7R 1210 AEC-Q,IN_PRODUCTION,2027-06-21,3328.612903225807,9551.0,0.0,Bridge
Sienna,10-005856,"Packaging, Bridge, Back Cap Frame",IN_PRODUCTION,2027-06-21,4140.516129032258,6645.0,0.0,Bridge
Sienna,10-06108A,"Closing Plate, Top Service Entry, Bridge, Lunar Blue",IN_PRODUCTION,2027-06-28,700.9032258064517,1801.0,0.0,Bridge
Sienna,10-002232,"Bus Bar, Ground, Bridge",IN_PRODUCTION,2027-06-28,714.9032258064517,705.0,57.0,Bridge
Sienna,10-002754,"Bus Bar, Load Tray, Right, Bridge",IN_PRODUCTION,2027-06-28,722.9032258064517,1158.0,0.0,Bridge
Qualitel,10-001337,XMC4400F100K512BAXQMA1,IN_PRODUCTION,2027-06-28,727.6451612903229,4984.0,0.0,"MSAC, Power PCBA (IPC)"
Sienna,10-002691,"Plate, Thermal Break, PCBA, Bridge",IN_PRODUCTION,2027-06-28,732.9032258064517,3987.0,0.0,Bridge
Sienna,10-002207,"Bus Bar, Load Tray, Left, Bridge",IN_PRODUCTION,2027-06-28,753.9032258064517,703.0,109.0,Bridge
Sienna,10-06733A,"Label, Limit, PCS",IN_PRODUCTION,2027-06-28,1017.8064516129034,8190.0,0.0,"Bridge, Rogowski Coil"
Sienna,10-003350,DIODE SCHOTTKY 200V 5A SMC,IN_PRODUCTION,2027-06-28,1284.5806451612916,19268.0,0.0,"9.6 KW Inverter, Bridge"
Sienna,10-002219,"Standoff, Load Tray, Top, Bridge",IN_PRODUCTION,2027-06-28,777.9032258064517,2442.0,0.0,Bridge
Sienna,10-002647,"Compression Bar, PCBA, Bridge",IN_PRODUCTION,2027-06-28,1525.8064516129034,5414.0,0.0,Bridge
Qualitel,10-000685,RES SMD 20 OHM 1% 1/10W 0402 AEC-Q,IN_PRODUCTION,2027-06-28,1537.8709677419356,12621.0,0.0,"MSAC, Terminal PCBA (TRM)"
Qualitel,10-006705,RES 9.1K OHM 1% 1/16W 0402,IN_PRODUCTION,2027-06-28,2758.806451612905,22067.0,0.0,MSAC
Sienna,10-005853,"Packaging, Bridge, Front Cap Frame",IN_PRODUCTION,2027-06-28,3481.5161290322576,7718.0,0.0,Bridge
Sienna,10-003732,CAP CER 2200PF 250VAC X7R 2211,IN_PRODUCTION,2027-06-28,4016.419354838712,24303.0,0.0,Bridge
Sienna,10-000561,CAP CER 10000PF 25V X7R 0402 AEC-Q,IN_PRODUCTION,2027-06-28,4637.032258064515,76377.0,0.0,"9.6 KW Inverter, Bridge, PV Hub"
Qualitel,10-001072,DIODE GEN PURP 200V 3A SOD128 AEC-Q,IN_PRODUCTION,2027-06-28,19168.032258064515,50461.0,0.0,2.1 LFP Block
Sienna,10-003756,"PCB Pin, 0.762mm x 24mm",IN_PRODUCTION,2027-06-28,1507.8064516129034,7932.0,0.0,Bridge
Sienna,10-000606,TVS DIODE 16VWM 26VC SMA,IN_PRODUCTION,2027-07-05,513.9032258064517,4206.0,0.0,Bridge
Sienna,10-001129,RES SMD 1K OHM 1% 1/10W 0603,IN_PRODUCTION,2027-07-05,566.9032258064517,4153.0,0.0,Bridge
Sienna,10-000760,"Free Height, PCB Mount Header, Vertical, Board-to-Board, 40 Position, .8mm [.031in] Centerline, Full",IN_PRODUCTION,2027-07-05,576.9032258064517,4143.0,0.0,Bridge
Sienna,10-000992,CONN HEADER SMD 3POS 2.5MM,IN_PRODUCTION,2027-07-05,584.9032258064517,4135.0,0.0,Bridge
Sienna,10-002203,"Bus Bar, NBU, L1, Bridge",IN_PRODUCTION,2027-07-05,599.9032258064517,504.0,0.0,Bridge
Sienna,10-003488,RES 20K OHM 1% 1/16W 0402,IN_PRODUCTION,2027-07-05,602.9032258064517,4117.0,0.0,Bridge
Sienna,10-003525,CONN HEADER SMD 10POS 2.5MM,IN_PRODUCTION,2027-07-05,603.9032258064517,3216.0,0.0,Bridge
Sienna,10-003837,"Connector, Socket, WAGO, 4 POS, SMT",IN_PRODUCTION,2027-07-05,604.9032258064517,2794.0,0.0,Bridge
Sienna,10-002204,"Bus Bar, NBU, L2, Bridge",IN_PRODUCTION,2027-07-05,622.9032258064517,1187.0,5.0,Bridge
Sienna,10-002206,"Bus Bar, BU, L1, Bridge",IN_PRODUCTION,2027-07-05,628.9032258064517,1038.0,41.0,Bridge
Sienna,10-003489,RES 4.99K OHM 1% 1/4W 1206 AEC-Q,IN_PRODUCTION,2027-07-05,1039.8064516129034,8400.0,0.0,Bridge
Sienna,10-002008,CAP CER 1UF 10V X7S 0402 AEC-Q,IN_PRODUCTION,2027-07-05,1154.8064516129034,8285.0,0.0,Bridge
Qualitel,10-001602,RES SMD 115K OHM 1% 1/10W 0603,IN_PRODUCTION,2027-07-05,5214.677419354841,31995.0,0.0,2.1 LFP Block
Qualitel,10-006687,CAP CER 330PF 25V X7R 0402,IN_PRODUCTION,2027-07-05,10205.354838709682,24214.0,0.0,2.1 LFP Block
Qualitel,10-006678,CAP CER 10NF 100V X7R 0603,IN_PRODUCTION,2027-07-05,14037.032258064515,61592.0,0.0,2.1 LFP Block
Sienna,10-002244,"Bus Bar, Neutral, Bridge",IN_PRODUCTION,2027-07-05,617.9032258064518,220.0,0.0,Bridge
Sienna,10-002243,"Insulator, Neutral Bar, Bridge",IN_PRODUCTION,2027-07-12,378.9032258064517,2841.0,0.0,Bridge
Sienna,10-002911,CONN RCPT USB2.0 MICRO B SMD,IN_PRODUCTION,2027-07-12,399.9032258064517,3320.0,0.0,Bridge
Sienna,10-000626,"Rectangular Power Connector, 9 Contact(s), Male, Solder Terminal, Receptacle",IN_PRODUCTION,2027-07-12,413.9032258064517,2606.0,0.0,Bridge
Sienna,10-000855,CRYSTAL 32.768KHZ 9PF SMD AEC-Q,IN_PRODUCTION,2027-07-12,428.6774193548381,6404.0,0.0,"9.6 KW Inverter, Bridge"
Sienna,10-002599,"Standoff, Wire Lug, S1/S2, Bridge",IN_PRODUCTION,2027-07-12,441.9032258064517,2778.0,0.0,Bridge
Sienna,10-002221,"Enclosure, PCBA's, Bridge",IN_PRODUCTION,2027-07-12,463.9032258064517,2756.0,0.0,Bridge
Sienna,10-004217,CAP CER 2.2UF 250V X7T 2220,IN_PRODUCTION,2027-07-12,661.8064516129034,8778.0,0.0,Bridge
Sienna,10-002006,ISOMOV 5KA 175VRMS BULK IN-LINE,IN_PRODUCTION,2027-07-12,827.8064516129034,3316.0,0.0,Bridge
Sienna,10-003597,CAP FILM 0.68UF 10% 310VAC RAD,IN_PRODUCTION,2027-07-12,919.8064516129034,8520.0,0.0,Bridge
Sienna,10-06110A,"Screw, Button, 12-24x0.55, T25, Steel with Zinc Coating",IN_PRODUCTION,2027-07-12,1707.6129032258068,10172.0,0.0,Bridge
Qualitel,10-000607,LED GREEN CLEAR CHIP SMD,IN_PRODUCTION,2027-07-12,2201.064516129034,30114.0,0.0,"MSAC, Power PCBA (IPC), Terminal PCBA (TRM)"
Sienna,10-000650,RES SMD 16K OHM 1% 1/10W 0402 AEC-Q,IN_PRODUCTION,2027-07-12,3127.322580645163,19912.0,0.0,Bridge
Sienna,10-000615,FERRITE BEAD 1.5 KOHM 0603 1LN AEC-Q,IN_PRODUCTION,2027-07-12,4134.161290322576,61843.0,0.0,"9.6 KW Inverter, Bridge"
Sienna,10-000612,CAP CER 10UF 16V X7S 0805 AEC-Q,IN_PRODUCTION,2027-07-12,4268.354838709682,89440.0,0.0,"9.6 KW Inverter, Bridge"
Sienna,10-000659,RES SMD 100 OHM 1% 1/16W 0402 AEC-Q,IN_PRODUCTION,2027-07-12,5956.258064516136,121897.0,0.0,"9.6 KW Inverter, Bridge, PV Hub"
Sienna,10-000611,CAP CER 150PF 50V C0G/NP0 0402 AEC-Q,IN_PRODUCTION,2027-07-12,7835.774193548394,120192.0,0.0,"9.6 KW Inverter, Bridge"
Sienna,10-002775,IC DRVR TRANSFORMER 8-SOIC,IN_PRODUCTION,2027-07-12,1178.709677419356,7742.0,0.0,Bridge
Sienna,10-002407,"Screw,M5x13,SEMS,BHT T-25,Steel,Class 8.8,ZiNi BC",IN_PRODUCTION,2027-07-19,163.9032258064517,4556.0,0.0,Bridge
Sienna,10-004970,"Label, Branch Circuits, Inner Panel, Right, Bridge",IN_PRODUCTION,2027-07-19,220.9032258064517,4499.0,0.0,Bridge
Sienna,10-002924,DIODE ZENER 24V 5W DO214AA,IN_PRODUCTION,2027-07-19,258.9032258064517,4461.0,0.0,Bridge
Sienna,10-000614,DIODE SCHOTTKY 20V 500MA SOD123,IN_PRODUCTION,2027-07-19,1667.5161290322576,56103.0,0.0,"9.6 KW Inverter, Bridge"
Qualitel,10-002036,ULTRA THIN BLUE SMD LED,IN_PRODUCTION,2027-07-19,588.9032258064526,3824.0,0.0,MSAC
Sienna,10-000759,"Free Height, PCB Mount Receptacle, Vertical, Board-to-Board, 40 Position, .8mm [.031in] Centerline,",IN_PRODUCTION,2027-07-19,258.9032258064517,2551.0,0.0,Bridge
Sienna,10-003733,CMC 11MH 900MA 2LN TH,IN_PRODUCTION,2027-07-26,238.8064516129034,9201.0,0.0,Bridge
Qualitel,10-001611,DIODE ZENER 16V 500MW SOD123,IN_PRODUCTION,2027-07-26,1092.3548387096816,73327.0,0.0,2.1 LFP Block
Sienna,10-000591,DIGITAL TRANSFORMER,IN_PRODUCTION,2027-07-26,68.9032258064517,2851.0,0.0,Bridge
Qualitel,10-000099,CAP CER 1UF 35V X7R 0603,IN_PRODUCTION,,0.0,68274.0,0.0,"Power PCBA (IPC), Terminal PCBA (TRM)"
Qualitel,10-000124,RES 250 UOHM 1% 4W 2725 AEC-Q,IN_PRODUCTION,,0.0,11878.0,0.0,Terminal PCBA (TRM)
Qualitel,10-000253,CAP CER 0.1UF 50V X7R 0402 AEC-Q,IN_PRODUCTION,,0.0,529584.0,0.0,"Power PCBA (IPC), Terminal PCBA (TRM)"
Qualitel,10-000340,"Crystal Parallel - Fundamental Quartz Crystal, 25MHz Nom AEC-Q",IN_PRODUCTION,,0.0,6663.0,0.0,Terminal PCBA (TRM)
Qualitel,10-000342,RES 0805 5% 1 OHM 1/2W AEC-Q,IN_PRODUCTION,,0.0,20326.0,0.0,Terminal PCBA (TRM)
Qualitel,10-000539,RES SMD 7.32 OHM 0.1% 1/10W 0805,IN_PRODUCTION,,0.0,8835.0,0.0,Terminal PCBA (TRM)
Qualitel,10-000548,CAP CER 33PF 50V NPO 0402 AEC-Q,IN_PRODUCTION,,0.0,23763.0,0.0,"MSAC, Terminal PCBA (TRM)"
Qualitel,10-000549,CAP CER 22UF 10V X7R 1206 AEC-Q,IN_PRODUCTION,,0.0,15137.0,0.0,Terminal PCBA (TRM)
Qualitel,10-000550,FIXED IND 4.7UH 4.5A 26 MOHM SMD,IN_PRODUCTION,,0.0,2904.0,0.0,Terminal PCBA (TRM)
Qualitel,10-000552,RES SMD 10K OHM 1% 1/16W 0402 AEC-Q,IN_PRODUCTION,,0.0,80420.0,0.0,Terminal PCBA (TRM)
Qualitel,10-000555,RES SMD 52.3K OHM 1% 1/16W 0402 AEC-Q,IN_PRODUCTION,,0.0,16734.0,0.0,Terminal PCBA (TRM)
Qualitel,10-000559,CAP CER 1000PF 50V X7R 0402 AEC-Q,IN_PRODUCTION,,0.0,210900.0,0.0,"MSAC, Terminal PCBA (TRM)"
Qualitel,10-000560,CAP CER 470PF 50V X7R 0402 AEC-Q,IN_PRODUCTION,,0.0,18455.0,0.0,Power PCBA (IPC)
Qualitel,10-000564,CAP CER 1.2PF 50V C0G/NPO 0402 AEC-Q,IN_PRODUCTION,,0.0,26368.0,0.0,Terminal PCBA (TRM)
Qualitel,10-000569,CAP CER 1UF 35V X7R 0603 AEC-Q,IN_PRODUCTION,,0.0,102683.0,0.0,"Power PCBA (IPC), Terminal PCBA (TRM)"
Qualitel,10-000572,CAP CER 12PF 5% 50V C0H/CH 0402 AEC-Q,IN_PRODUCTION,,0.0,17818.0,0.0,Terminal PCBA (TRM)
Qualitel,10-000585,RES 0 OHM JUMPER 1/16W 0402 AEC-Q,IN_PRODUCTION,,0.0,98826.0,0.0,Terminal PCBA (TRM)
Qualitel,10-000590,TVS DIODE 12.8VWM 27.2VC SMB,IN_PRODUCTION,,0.0,12648.0,0.0,Terminal PCBA (TRM)
Qualitel,10-000605,DIODE ARRAY AEC-Q,IN_PRODUCTION,,0.0,71069.0,0.0,"MSAC, Terminal PCBA (TRM)"
Qualitel,10-000606,TVS DIODE 16VWM 26VC SMA,IN_PRODUCTION,,0.0,2475.0,0.0,MSAC
Qualitel,10-000610,CAP CER 0.022UF 50V X7R 0402 AEC-Q,IN_PRODUCTION,,0.0,17826.0,0.0,Terminal PCBA (TRM)
Qualitel,10-000612,CAP CER 10UF 16V X7S 0805 AEC-Q,IN_PRODUCTION,,0.0,57626.0,0.0,"MSAC, Terminal PCBA (TRM)"
Qualitel,10-000615,FERRITE BEAD 1.5 KOHM 0603 1LN AEC-Q,IN_PRODUCTION,,0.0,21420.0,0.0,Terminal PCBA (TRM)
Qualitel,10-000616,RES SMD 330K OHM 0.1% 1/4W 1206 AEC-Q,IN_PRODUCTION,,0.0,23056.0,0.0,Terminal PCBA (TRM)
Qualitel,10-000621,DGTL ISO 5000VRMS 5CH GP 16SOIC,IN_PRODUCTION,,0.0,7737.0,0.0,Terminal PCBA (TRM)
Qualitel,10-000622,IC ENERGY METER 1PHASE 32QFN,IN_PRODUCTION,,0.0,24647.0,0.0,"MSAC, Terminal PCBA (TRM)"
Qualitel,10-000625,CRYSTAL 16.0000MHZ 12PF SMD AEC-Q,IN_PRODUCTION,,0.0,9130.0,0.0,"MSAC, Terminal PCBA (TRM)"
Qualitel,10-000627,2 x 3 Beige Conn Header SMD 6POS 2.5MM,IN_PRODUCTION,,0.0,4606.0,0.0,Terminal PCBA (TRM)
Qualitel,10-000631,Rectangular Power Connector,IN_PRODUCTION,,0.0,4717.0,0.0,Terminal PCBA (TRM)
Qualitel,10-000634,"Board Connector, 10 Contact(s), 2 Row(s), Male, Straight, 0.05 inch Pitch, Surface Mount Terminal, L",IN_PRODUCTION,,0.0,9589.0,0.0,"MSAC, Power PCBA (IPC), Terminal PCBA (TRM)"
Qualitel,10-000635,CAP CER 10UF 35V X7R 1206 AEC-Q,IN_PRODUCTION,,0.0,114423.0,0.0,"Power PCBA (IPC), Terminal PCBA (TRM)"
Qualitel,10-000637,CAP CER 4.7PF 50V C0G/NPO 0402 AEC-Q,IN_PRODUCTION,,0.0,35324.0,0.0,Terminal PCBA (TRM)
Qualitel,10-000639,DIODE SBR 40V 3A SMA,IN_PRODUCTION,,0.0,9932.0,0.0,Power PCBA (IPC)
Qualitel,10-000641,DIODE SCHOTTKY 40V 1A SOD323HE,IN_PRODUCTION,,0.0,12827.0,0.0,Terminal PCBA (TRM)
Qualitel,10-000645,RES SMD 100K OHM 1% 1/16W 0402 AEC-Q,IN_PRODUCTION,,0.0,45042.0,0.0,"MSAC, Terminal PCBA (TRM)"
Qualitel,10-000647,RES SMD 150K OHM 1% 1/16W 0402 AEC-Q,IN_PRODUCTION,,0.0,22495.0,0.0,MSAC
Qualitel,10-000649,RES SMD 51K OHM 1% 1/16W 0402 AEC-Q,IN_PRODUCTION,,0.0,8894.0,0.0,Terminal PCBA (TRM)
Qualitel,10-000662,"Buffer/Inverter Based MOSFET Driver, PDSO8",IN_PRODUCTION,,0.0,4961.0,0.0,Power PCBA (IPC)
Qualitel,10-000668,CAP CER 6.8PF 50V C0G/NP0 0402 AEC-Q,IN_PRODUCTION,,0.0,25322.0,0.0,Terminal PCBA (TRM)
Qualitel,10-000669,CAP CER 22UF 25V X7R 1812 ASEC-Q,IN_PRODUCTION,,0.0,15314.0,0.0,Terminal PCBA (TRM)
Qualitel,10-000670,DIODE TVS 6.5VWM 11.2VC SMA,IN_PRODUCTION,,0.0,11583.0,0.0,Terminal PCBA (TRM)
Qualitel,10-000671,DIODE SCHOTTKY 30V 1A SMA,IN_PRODUCTION,,0.0,34334.0,0.0,2.1 LFP Block
Qualitel,10-000672,TVS DIODE 8.55VWM 18.6VC SMB,IN_PRODUCTION,,0.0,22822.0,0.0,Terminal PCBA (TRM)
Qualitel,10-000674,FERRITE BEAD 1 KOHM 0402 1LN,IN_PRODUCTION,,0.0,7666.0,0.0,Terminal PCBA (TRM)
Qualitel,10-000675,RES SMD 12K OHM 1% 1/16W 0402 AEC-Q,IN_PRODUCTION,,0.0,7662.0,0.0,Terminal PCBA (TRM)
Qualitel,10-000676,RES SMD 75 OHM 1% 1/10W 0603 AEC-Q,IN_PRODUCTION,,0.0,25331.0,0.0,Terminal PCBA (TRM)
Qualitel,10-000677,RES SMD 50 Ohm 1% 50 PPM,IN_PRODUCTION,,0.0,14083.0,0.0,Terminal PCBA (TRM)
Qualitel,10-000678,RES SMD 150 OHM 1% 1/3W 0603 AEC-Q,IN_PRODUCTION,,0.0,7642.0,0.0,Terminal PCBA (TRM)
Qualitel,10-000679,RES SMD 33 OHM 1% 1/16W 0402 AEC-Q,IN_PRODUCTION,,0.0,17656.0,0.0,Terminal PCBA (TRM)
Qualitel,10-000680,RES SMD 6.8K OHM 1% 1/16W 0402 AEC-Q,IN_PRODUCTION,,0.0,44243.0,0.0,Terminal PCBA (TRM)
Qualitel,10-000681,RES 2K OHM 1% 1/10W 0402 AEC-Q,IN_PRODUCTION,,0.0,58491.0,0.0,"MSAC, Power PCBA (IPC), Terminal PCBA (TRM)"
Qualitel,10-000682,RES SMD 47K OHM 1% 1/16W 0402 AEC-Q,IN_PRODUCTION,,0.0,51330.0,0.0,Terminal PCBA (TRM)
Qualitel,10-000684,RES SMD 31.6 OHM 1% 1/10 0402 AEC-Q,IN_PRODUCTION,,0.0,17656.0,0.0,Terminal PCBA (TRM)
Qualitel,10-000688,"Switching Regulator, Current-mode, 0.7A, 2080kHz Switching Freq-Max, NMOS, PDSO5",IN_PRODUCTION,,0.0,9665.0,0.0,Terminal PCBA (TRM)
Qualitel,10-000689,Programmable power line communication modem System on Chip,IN_PRODUCTION,,0.0,6081.0,0.0,Terminal PCBA (TRM)
Qualitel,10-000690,Power-line communication dual line driver,IN_PRODUCTION,,0.0,5659.0,0.0,Terminal PCBA (TRM)
Qualitel,10-000702,"Interface Circuit, PDSO8",IN_PRODUCTION,,0.0,11508.0,0.0,"MSAC, Power PCBA (IPC), Terminal PCBA (TRM)"
Qualitel,10-000716,"TVS DIODE 12V/7V, 20V/12V SOT23",IN_PRODUCTION,,0.0,19904.0,0.0,"MSAC, Power PCBA (IPC), Terminal PCBA (TRM)"
Qualitel,10-000778,"Screw,M5x0.8 6g x10mm,BHT T-25,Flange,Steel,ZiNi BC,Nylon Patch",IN_PRODUCTION,,0.0,223248.0,0.0,2.1 LFP Block
Qualitel,10-000841,CAP CER 3300PF 50V X7R 0402 AEC-Q,IN_PRODUCTION,,0.0,8900.0,0.0,Terminal PCBA (TRM)
Qualitel,10-000848,RES 510 OHM 0.1% 1/16W 0402 AEC-Q,IN_PRODUCTION,,0.0,12130.0,0.0,"MSAC, Terminal PCBA (TRM)"
Qualitel,10-000850,"Opamp, 1 Func, 15uV Offset-Max, CMOS, PDSO5",IN_PRODUCTION,,0.0,13068.0,0.0,Terminal PCBA (TRM)
Qualitel,10-000851,Current Sense Amplifier 1 Circuit Rail-to-Rail SC-70-6 AEC-Q,IN_PRODUCTION,,0.0,4912.0,0.0,Terminal PCBA (TRM)
Qualitel,10-000855,CRYSTAL 32.768KHZ 9PF SMD AEC-Q,IN_PRODUCTION,,0.0,20369.0,0.0,"MSAC, Power PCBA (IPC), Terminal PCBA (TRM)"
Qualitel,10-000857,TRANSFORMER SMD,IN_PRODUCTION,,0.0,20183.0,0.0,"Power PCBA (IPC), Terminal PCBA (TRM)"
Qualitel,10-000858,RES SMD 1.2K OHM 0.1% 1/4W 1206 AEC-Q,IN_PRODUCTION,,0.0,13799.0,0.0,Terminal PCBA (TRM)
Qualitel,10-000894,CAP CER 2200PF 100V X7R 0603 AEC-Q,IN_PRODUCTION,,0.0,11661.0,0.0,Terminal PCBA (TRM)
Qualitel,10-000941,Diode Schottky 40V 3A 2-Pin,IN_PRODUCTION,,0.0,29877.0,0.0,Power PCBA (IPC)
Qualitel,10-000943,"MOSFET Silicon carbide Power MOSFET 650 V, 18 mOhm typ 119 A",IN_PRODUCTION,,0.0,13030.0,0.0,Power PCBA (IPC)
Qualitel,10-000991,MOSFET N-CHANNEL 20V 4A SOT23F,IN_PRODUCTION,,0.0,45236.0,0.0,Terminal PCBA (TRM)
Qualitel,10-000999,RES SMD 1K OHM 1% 1/3W 0603 AEC-Q,IN_PRODUCTION,,0.0,29913.0,0.0,Power PCBA (IPC)
Qualitel,10-001004,RES SMD 10K OHM 1% 1/3W 0603 AEC-Q,IN_PRODUCTION,,0.0,65117.0,0.0,"Power PCBA (IPC), Terminal PCBA (TRM)"
Qualitel,10-001006,RES SMD 100 OHM 1% 1/3W 0603 AEC-Q,IN_PRODUCTION,,0.0,61298.0,0.0,Terminal PCBA (TRM)
Qualitel,10-001007,RES 10 OHM 1% 1/16W 0402,IN_PRODUCTION,,0.0,8909.0,0.0,Terminal PCBA (TRM)
Qualitel,10-001019,RES SMD 10K OHM 1% 1/2W 0805 AEC-Q,IN_PRODUCTION,,0.0,20653.0,0.0,Terminal PCBA (TRM)
Qualitel,10-001048,RES 3.6K OHM 1% 1/16W 0402 AEC-Q,IN_PRODUCTION,,0.0,18912.0,0.0,Terminal PCBA (TRM)
Qualitel,10-001051,IC REG LINEAR 3.3V 1A SOT223,IN_PRODUCTION,,0.0,7975.0,0.0,Power PCBA (IPC)
Qualitel,10-001055,RES 15K OHM 1% 1/16W 0402 AEC-Q,IN_PRODUCTION,,0.0,17809.0,0.0,Terminal PCBA (TRM)
Qualitel,10-001057,RES SMD 3.9 OHM 1% 1/3W 0805 AEC-Q,IN_PRODUCTION,,0.0,64305.0,0.0,2.1 LFP Block
Qualitel,10-001061,CAP CER 0.47UF 25V X7R 0603 AEC-Q,IN_PRODUCTION,,0.0,166021.0,0.0,Terminal PCBA (TRM)
Qualitel,10-001068,CAP CER 2.2UF 25V X7R 0805 AEC-Q,IN_PRODUCTION,,0.0,35818.0,0.0,Power PCBA (IPC)
Qualitel,10-001097,RES SMD 100K OHM 5% 1/3W 0603 AEC-Q,IN_PRODUCTION,,0.0,18780.0,0.0,"Power PCBA (IPC), Terminal PCBA (TRM)"
Qualitel,10-001105,RES SMD 30K OHM 1% 1/10W 0402 AEC-Q,IN_PRODUCTION,,0.0,16692.0,0.0,Terminal PCBA (TRM)
Qualitel,10-001127,RES 330 OHM 1% 1/16W 0402 AEC-Q,IN_PRODUCTION,,0.0,31249.0,0.0,Terminal PCBA (TRM)
Qualitel,10-001130,CONN HEADER SMD 2POS 2.5MM,IN_PRODUCTION,,0.0,11124.0,0.0,Terminal PCBA (TRM)
Qualitel,10-001133,RES SMD 5.1K OHM 1% 1/10W 0603 AEC-Q,IN_PRODUCTION,,0.0,217292.0,0.0,Terminal PCBA (TRM)
Qualitel,10-001136,RES SMD 68K OHM 1% 1/10W 0603 AEC-Q,IN_PRODUCTION,,0.0,19892.0,0.0,Power PCBA (IPC)
Qualitel,10-001137,RES 0 OHM JUMPER 0603 SMD AEC-Q,IN_PRODUCTION,,0.0,206994.0,0.0,"MSAC, Power PCBA (IPC)"
Qualitel,10-001144,RES SMD 20K OHM 1% 1/10W 0603 AEC-Q,IN_PRODUCTION,,0.0,24895.0,0.0,Power PCBA (IPC)
Qualitel,10-001150,RES SMD 4.99 OHM 1% 1/10W 0603 AEC-Q,IN_PRODUCTION,,0.0,6744.0,0.0,Terminal PCBA (TRM)
Qualitel,10-001152,RES SMD 10K OHM 1% 1/10W 0603 AEC-Q,IN_PRODUCTION,,0.0,342034.0,0.0,"Power PCBA (IPC), Terminal PCBA (TRM)"
Qualitel,10-001156,RES SMD 25.5K OHM 1% 1/10W 0603 AEC-Q,IN_PRODUCTION,,0.0,9972.0,0.0,Power PCBA (IPC)
Qualitel,10-001158,RES SMD 200 OHM 1% 1/10W 0603 AEC-Q,IN_PRODUCTION,,0.0,306829.0,0.0,Power PCBA (IPC)
Qualitel,10-001160,RES SMD 470 OHM 1% 1/10W 0603 AEC-Q,IN_PRODUCTION,,0.0,84513.0,0.0,"Power PCBA (IPC), Terminal PCBA (TRM)"
Qualitel,10-001173,RES SMD 150 OHM 0.1% 1/10W 0603,IN_PRODUCTION,,0.0,4921.0,0.0,Power PCBA (IPC)
Qualitel,10-001189,RES SMD 3.3K OHM 1% 1/10W 0603 AEC-Q,IN_PRODUCTION,,0.0,43959.0,0.0,Terminal PCBA (TRM)
Qualitel,10-001195,IC OPAMP ZER-DRIFT 1CIRC SOT23-5,IN_PRODUCTION,,0.0,32656.0,0.0,Power PCBA (IPC)
Qualitel,10-001228,CAP 10UF 25V X7S 0805 SOFT TERMINATION,IN_PRODUCTION,,0.0,4911.0,0.0,Terminal PCBA (TRM)
Qualitel,10-001229,DIODE SCHOTTKY 30V 2A SOD123W,IN_PRODUCTION,,0.0,4089.0,0.0,MSAC
Qualitel,10-001239,PCB Terminal Block 3-Pole,IN_PRODUCTION,,0.0,6905.0,0.0,Terminal PCBA (TRM)
Qualitel,10-001247,PCB TERMINAL BLOCK; LEVER; 16 MM,IN_PRODUCTION,,0.0,6815.0,0.0,Terminal PCBA (TRM)
Qualitel,10-001314,IC GATE AND 2CH 2-INP SM8,IN_PRODUCTION,,0.0,4055.0,0.0,MSAC
Qualitel,10-001319,IC REG LIN POS ADJ 200MA TSOT23,IN_PRODUCTION,,0.0,8906.0,0.0,Power PCBA (IPC)
Qualitel,10-001323,IC REG LINEAR 3.3V 450MA 5TSOP AEC-Q,IN_PRODUCTION,,0.0,7884.0,0.0,"Power PCBA (IPC), Terminal PCBA (TRM)"
Qualitel,10-001325,IC REG LINEAR 5V 200MA TSOT23-5,IN_PRODUCTION,,0.0,1916.0,0.0,Terminal PCBA (TRM)
Qualitel,10-001375,RES 16K OHM 1% 1/10W 0603,IN_PRODUCTION,,0.0,29903.0,0.0,Power PCBA (IPC)
Qualitel,10-001376,RES 4.7K OHM 5% 1/10W 0603,IN_PRODUCTION,,0.0,144666.0,0.0,Power PCBA (IPC)
Qualitel,10-001414,DIODE ZENER 10V 500MW SOD123 AEC-Q,IN_PRODUCTION,,0.0,19131.0,0.0,Terminal PCBA (TRM)
Qualitel,10-001453,Analog Comparators LV Comparator 0.07mA 1.7mV 10nA 23mA,IN_PRODUCTION,,0.0,9815.0,0.0,Power PCBA (IPC)
Qualitel,10-001560,WL-SMCW SMT MONO-COLOR CHIP LED,IN_PRODUCTION,,0.0,15913.0,0.0,Power PCBA (IPC)
Qualitel,10-001570,RES 4.99K OHM 1% 1/10W 0603 AEC-Q,IN_PRODUCTION,,0.0,28714.0,0.0,"Power PCBA (IPC), Terminal PCBA (TRM)"
Qualitel,10-001581,SPEED & CURRENT SENSORS PG-TISON,IN_PRODUCTION,,0.0,8399.0,0.0,Power PCBA (IPC)
Qualitel,10-001583,TERM REDCUBE M3 9PIN PCB,IN_PRODUCTION,,0.0,37805.0,0.0,"Power PCBA (IPC), Terminal PCBA (TRM)"
Qualitel,10-001622,CAP CER 0805 1NF 200V C0G 5% AEC-Q,IN_PRODUCTION,,0.0,2903.0,0.0,Terminal PCBA (TRM)
Qualitel,10-001625,CAP CER 100PF 630V C0G/NP0 1206 AEC-Q,IN_PRODUCTION,,0.0,3892.0,0.0,Terminal PCBA (TRM)
Qualitel,10-001634,RES 8.45K OHM 1% 1/4W 0805 AEC-Q,IN_PRODUCTION,,0.0,8893.0,0.0,Terminal PCBA (TRM)
Qualitel,10-001641,CAP CER 22UF 25V X7R 1210,IN_PRODUCTION,,0.0,72102.0,0.0,"MSAC, Terminal PCBA (TRM)"
Qualitel,10-001651,THERMISTOR NTC 10KOHM 3380K 0603,IN_PRODUCTION,,0.0,12755.0,0.0,"MSAC, Power PCBA (IPC), Terminal PCBA (TRM)"
Qualitel,10-001654,CAP CER 0.22UF 10V X7R 0402,IN_PRODUCTION,,0.0,7464.0,0.0,Terminal PCBA (TRM)
Qualitel,10-001658,CAP CER 1UF 100V X7S 0805 AEC-Q,IN_PRODUCTION,,0.0,1910.0,0.0,Terminal PCBA (TRM)
Qualitel,10-001664,CAP CER 4.7UF 100V X7S 1210 AEC-Q,IN_PRODUCTION,,0.0,73442.0,0.0,Terminal PCBA (TRM)
Qualitel,10-001672,RELAY GEN PURPOSE SPDT 10A 12V,IN_PRODUCTION,,0.0,10151.0,0.0,Power PCBA (IPC)
Qualitel,10-001674,DIODE GEN PURP 600V 1A SMA,IN_PRODUCTION,,0.0,23472.0,0.0,Terminal PCBA (TRM)
Qualitel,10-001676,FIXED IND 6.8UH 4.5A 50.16 MOHM AEC-Q,IN_PRODUCTION,,0.0,2589.0,0.0,Terminal PCBA (TRM)
Qualitel,10-001681,RES SMD 27 OHM 5% 1/2W 0805 AEC-Q,IN_PRODUCTION,,0.0,103564.0,0.0,Power PCBA (IPC)
Qualitel,10-001688,RES SMD 1 OHM 5% 1/2W 1210,IN_PRODUCTION,,0.0,19872.0,0.0,Power PCBA (IPC)
Qualitel,10-001697,CAP CER 10UF 25V X7R 1206,IN_PRODUCTION,,0.0,151438.0,0.0,"MSAC, Power PCBA (IPC), Terminal PCBA (TRM)"
Qualitel,10-001704,RES 0 OHM JUMPER 1/4W 1206 AEC-Q,IN_PRODUCTION,,0.0,25250.0,0.0,"MSAC, Terminal PCBA (TRM)"
Qualitel,10-001710,DIODE SCHOTTKY 40V 2A SOD123W,IN_PRODUCTION,,0.0,21391.0,0.0,Terminal PCBA (TRM)
Qualitel,10-001711,FBead 0603 3A 30mOhm SMD,IN_PRODUCTION,,0.0,13764.0,0.0,"Power PCBA (IPC), Terminal PCBA (TRM)"
Qualitel,10-001712,FERRITE BEAD 50 OHM 0603 1LN AEC-Q,IN_PRODUCTION,,0.0,206123.0,0.0,"MSAC, Power PCBA (IPC), Terminal PCBA (TRM)"
Qualitel,10-001721,CAP CER 2.2UF 16V X7S 0603 AEC-Q,IN_PRODUCTION,,0.0,196344.0,0.0,"MSAC, Power PCBA (IPC), Terminal PCBA (TRM)"
Qualitel,10-001722,CAP CER 10000PF 50V X8R 0603,IN_PRODUCTION,,0.0,23825.0,0.0,Power PCBA (IPC)
Qualitel,10-001724,CAP CER 8PF 50V NP0 0603,IN_PRODUCTION,,0.0,66145.0,0.0,Power PCBA (IPC)
Qualitel,10-001725,CAP CER 0.1UF ±10% 50V X7R 0603 AEC-Q,IN_PRODUCTION,,0.0,646102.0,0.0,Power PCBA (IPC)
Qualitel,10-001726,CAP CER 1000PF 50V C0G/NPO SOFT TERMINATION 0603,IN_PRODUCTION,,0.0,286270.0,0.0,"Power PCBA (IPC), Terminal PCBA (TRM)"
Qualitel,10-001728,CAP CER 0.1UF ±20% 50V X7R 0603 AEC-Q,IN_PRODUCTION,,0.0,231153.0,0.0,Power PCBA (IPC)
Qualitel,10-001729,CAP CER 0.022UF 50V X7R 0603 AEC-Q,IN_PRODUCTION,,0.0,26352.0,0.0,Terminal PCBA (TRM)
Qualitel,10-001731,CAP CER 100PF 50V COG/NP0 0603,IN_PRODUCTION,,0.0,44542.0,0.0,"Power PCBA (IPC), Terminal PCBA (TRM)"
Qualitel,10-001732,CAP CER 4.7UF 16V X7R 0805 AEC-Q,IN_PRODUCTION,,0.0,29733.0,0.0,Terminal PCBA (TRM)
Qualitel,10-001736,CAP 1206 X7R 16V 10UF 10% SOFT TERM,IN_PRODUCTION,,0.0,92727.0,22710.0,Power PCBA (IPC)
Qualitel,10-001738,CAP CER 10UF 75V X7R 1210 AEC-Q,IN_PRODUCTION,,0.0,30756.0,0.0,"Power PCBA (IPC), Terminal PCBA (TRM)"
Qualitel,10-001763,RES SMD 49.9K OHM 1% 1/4W 1206 AEC-Q,IN_PRODUCTION,,0.0,121027.0,0.0,Terminal PCBA (TRM)
Qualitel,10-001782,RES 1.5M OHM 1% 1/4W 1206,IN_PRODUCTION,,0.0,16736.0,0.0,Terminal PCBA (TRM)
Qualitel,10-001784,CAP CER 27PF 50V C0G/NP0 0402 AEC-Q,IN_PRODUCTION,,0.0,15326.0,0.0,Terminal PCBA (TRM)
Qualitel,10-001907,RES 63.4 OHM 1% 1/10W 0603 AEC-Q,IN_PRODUCTION,,0.0,19954.0,0.0,Power PCBA (IPC)
Qualitel,10-001926,CAP CER 220PF 100V X7R 0402 AEC-Q,IN_PRODUCTION,,0.0,8861.0,0.0,Terminal PCBA (TRM)
Qualitel,10-001981,IC REG LINEAR 3.3V 300MA SOT23-5,IN_PRODUCTION,,0.0,4911.0,0.0,Terminal PCBA (TRM)
Qualitel,10-001993,DIODE SCHOTTKY 40V 5A SMC AEC-Q,IN_PRODUCTION,,0.0,13650.0,0.0,Terminal PCBA (TRM)
Qualitel,10-002009,ISOMOV 8KA 250VRMS BULK IN-LINE,IN_PRODUCTION,,0.0,7059.0,0.0,Power PCBA (IPC)
Qualitel,10-002094,IC IGBT DVR,IN_PRODUCTION,,0.0,17420.0,0.0,Power PCBA (IPC)
Qualitel,10-002148,FERRITE BEAD 80 OHM 1206 1LN,IN_PRODUCTION,,0.0,9829.0,0.0,Terminal PCBA (TRM)
Qualitel,10-002162,Multilayer Ceramic Capacitors MLCC - SMD/SMT 50V 0.33uF X7R 0805 10%,IN_PRODUCTION,,0.0,23368.0,0.0,Power PCBA (IPC)
Qualitel,10-002165,RES SMD 2.2K OHM 1% 1/8W 0603 AEC-Q,IN_PRODUCTION,,0.0,14959.0,0.0,Power PCBA (IPC)
Qualitel,10-002167,RES SMD 4.7K OHM 1% 1/10W 0603 AEC-Q,IN_PRODUCTION,,0.0,91650.0,0.0,Power PCBA (IPC)
Qualitel,10-002170,RES SMD 22 OHM 5% 1/4W 1206 AEC-Q,IN_PRODUCTION,,0.0,61377.0,0.0,"Power PCBA (IPC), Terminal PCBA (TRM)"
Qualitel,10-002171,CAP CER 4.7UF 50V X7R 0805,IN_PRODUCTION,,0.0,40065.0,0.0,Power PCBA (IPC)
Qualitel,10-002218,"Nut, M6, Hex Head, Steel, Serrated, Zn-Ni Plated",IN_PRODUCTION,,0.0,39640.0,4800.0,2.1 LFP Block
Qualitel,10-002260,CAP CER 4.7UF 50V X7R 1206,IN_PRODUCTION,,0.0,13759.0,0.0,"Power PCBA (IPC), Terminal PCBA (TRM)"
Qualitel,10-002277,OR Gate IC 4 Channel - 14-SO,IN_PRODUCTION,,0.0,7472.0,0.0,Power PCBA (IPC)
Qualitel,10-002278,"600VIN MICROPOWER, ISOLATED NO-O",IN_PRODUCTION,,0.0,3908.0,0.0,Terminal PCBA (TRM)
Qualitel,10-002293,IC GATE DRVR HIGH-SIDE 10MSOP,IN_PRODUCTION,,0.0,11789.0,0.0,2.1 LFP Block
Qualitel,10-002300,CAP CER 6800PF 50V C0G 0603 AEC-Q,IN_PRODUCTION,,0.0,65018.0,0.0,Power PCBA (IPC)
Qualitel,10-002329,CAP CER 47PF 50V C0G/NP0 0603,IN_PRODUCTION,,0.0,17767.0,0.0,Terminal PCBA (TRM)
Qualitel,10-002340,MOSFET N-CH 650V 16A TO252-3,IN_PRODUCTION,,0.0,7814.0,0.0,Terminal PCBA (TRM)
Qualitel,10-002507,RES 240 OHM 1% 1/16W 0402,IN_PRODUCTION,,0.0,7468.0,0.0,MSAC
Qualitel,10-002602,CAP CER 10UF 10V X7R 0603,IN_PRODUCTION,,0.0,14557.0,0.0,Terminal PCBA (TRM)
Qualitel,10-002605,TVS DIODE 5VWM 12VC SOD323 AEC-Q,IN_PRODUCTION,,0.0,9820.0,0.0,Terminal PCBA (TRM)
Qualitel,10-002669,XMFR 50A CUSTOM C,IN_PRODUCTION,,0.0,8506.0,0.0,Terminal PCBA (TRM)
Qualitel,10-002678,CAP FILM 10UF 5% 450VDC RADIAL AEC-Q,IN_PRODUCTION,,0.0,32533.0,0.0,Power PCBA (IPC)
Qualitel,10-002681,CAP CER 2220 33NF 1000V C0G 5%,IN_PRODUCTION,,0.0,30804.0,0.0,Power PCBA (IPC)
Qualitel,10-002704,CAP FILM 20UF 10% 800VDC RADIAL,IN_PRODUCTION,,0.0,11314.0,0.0,Power PCBA (IPC)
Qualitel,10-002732,FERRITE BEAD 1 KOHM 1206 1LN AEC-Q,IN_PRODUCTION,,0.0,195709.0,0.0,"MSAC, Terminal PCBA (TRM)"
Qualitel,10-002734,RES 4.7K OHM 1% 1/16W 0402 AEC-Q,IN_PRODUCTION,,0.0,43083.0,0.0,Terminal PCBA (TRM)
Qualitel,10-002753,"HOUSED PTC THERMISTORS AS ICL, 2 AEC-Q",IN_PRODUCTION,,0.0,6060.0,0.0,Power PCBA (IPC)
Qualitel,10-002772,DGTL ISO 3.75KV GATE DRVR 16SOIC,IN_PRODUCTION,,0.0,4509.0,0.0,Terminal PCBA (TRM)
Qualitel,10-002773,MOSFET N-CH 700V 12.5A TO252-3,IN_PRODUCTION,,0.0,7726.0,0.0,Terminal PCBA (TRM)
Qualitel,10-002877,CONN HEADER SMD 8POS 2.5MM,IN_PRODUCTION,,0.0,3407.0,0.0,Terminal PCBA (TRM)
Qualitel,10-002885,"EFUSE IC, LATCH TYPE, 15.1V VOLT",IN_PRODUCTION,,0.0,13446.0,0.0,Terminal PCBA (TRM)
Qualitel,10-002887,CAP CER 120PF 50V C0G/NPO 0603,IN_PRODUCTION,,0.0,21470.0,0.0,Terminal PCBA (TRM)
Qualitel,10-002889,RES SMD 47 OHM 5% 1/10W 0402 AEC-Q,IN_PRODUCTION,,0.0,325777.0,0.0,2.1 LFP Block
Qualitel,10-002904,RES SMD 176K OHM 0.5% 1/10W 0603,IN_PRODUCTION,,0.0,8902.0,0.0,Terminal PCBA (TRM)
Qualitel,10-002910,CONN HEADER VERT 3POS 10MM,IN_PRODUCTION,,0.0,4099.0,0.0,Terminal PCBA (TRM)
Qualitel,10-002916,FIXED IND 3.3UH 6A 19.2MOHM SMD AEC-Q,IN_PRODUCTION,,0.0,9805.0,0.0,Terminal PCBA (TRM)
Qualitel,10-002917,FIXED IND 220UH 8.8A 36.45 MOHM AEC-Q,IN_PRODUCTION,,0.0,5086.0,0.0,Terminal PCBA (TRM)
Qualitel,10-002919,CAP ALUM POLY 8.2UF 20% 250V T/H,IN_PRODUCTION,,0.0,62141.0,0.0,Terminal PCBA (TRM)
Qualitel,10-002921,CAP CER 10UF 35V X7R 1206,IN_PRODUCTION,,0.0,4908.0,0.0,Terminal PCBA (TRM)
Qualitel,10-002922,CAP CER 3900PF 630V C0G/NP0 1206 AEC-Q,IN_PRODUCTION,,0.0,5879.0,0.0,Terminal PCBA (TRM)
Qualitel,10-002923,CAP CER 1UF 450V X7T 2220 AEC-Q,IN_PRODUCTION,,0.0,70047.0,0.0,Terminal PCBA (TRM)
Qualitel,10-002925,IC OFFLINE SWITCH FLYBACK 8DSO,IN_PRODUCTION,,0.0,3909.0,0.0,Terminal PCBA (TRM)
Qualitel,10-002932,RES 44.2K OHM 1% 1/10W 0603 AEC-Q,IN_PRODUCTION,,0.0,8907.0,0.0,Terminal PCBA (TRM)
Qualitel,10-002933,RES 715 OHM 1% 1/10W 0603 AEC-Q,IN_PRODUCTION,,0.0,13910.0,0.0,Terminal PCBA (TRM)
Qualitel,10-002937,IC VREF SHUNT ADJ 0.4% 8SO,IN_PRODUCTION,,0.0,6409.0,0.0,Terminal PCBA (TRM)
Qualitel,10-002984,CONN HEADER SMD 3POS 2.5MM,IN_PRODUCTION,,0.0,3095.0,0.0,Terminal PCBA (TRM)
Qualitel,10-003004,CT Busbar PTH mount,IN_PRODUCTION,,0.0,9678.0,0.0,Terminal PCBA (TRM)
Qualitel,10-003041,RES SMD 100 OHM 0.1% 1/10W 0805,IN_PRODUCTION,,0.0,82665.0,0.0,Power PCBA (IPC)
Qualitel,10-003063,RES SMD 64.9K OHM 1% 1/10W 0603 AEC-Q,IN_PRODUCTION,,0.0,29902.0,0.0,Power PCBA (IPC)
Qualitel,10-003072,CAP CER 33NF 1000V C0G 2220 AEC-Q,IN_PRODUCTION,,0.0,36803.0,0.0,Power PCBA (IPC)
Qualitel,10-003096,CAP CER 10UF 50V X7S 1210 AEC-Q,IN_PRODUCTION,,0.0,14628.0,0.0,Terminal PCBA (TRM)
Qualitel,10-003097,DIODE ZENER 51V 5W DO214AA,IN_PRODUCTION,,0.0,21548.0,0.0,Terminal PCBA (TRM)
Qualitel,10-003098,Power Transformers Flyback Transformer for LT8316,IN_PRODUCTION,,0.0,3589.0,0.0,Terminal PCBA (TRM)
Qualitel,10-003099,CAP ALUM POLY 82UF 20% 50V SMD AEC-Q,IN_PRODUCTION,,0.0,18282.0,0.0,Terminal PCBA (TRM)
Qualitel,10-003100,RES 49.9K OHM 1% 1/10W 0603,IN_PRODUCTION,,0.0,46631.0,0.0,"Power PCBA (IPC), Terminal PCBA (TRM)"
Qualitel,10-003160,"XMFR CUSTOM T/H 12PIN 30.7 X 30,0 X 24.6MM",IN_PRODUCTION,,0.0,2982.0,0.0,Terminal PCBA (TRM)
Qualitel,10-003186,RES 11K OHM 1% 1/16W 0402 AEC-Q,IN_PRODUCTION,,0.0,8907.0,0.0,Terminal PCBA (TRM)
Qualitel,10-003188,RES 0.5 OHM 1% 2W 2512 AEC-Q,IN_PRODUCTION,,0.0,6888.0,0.0,Terminal PCBA (TRM)
Qualitel,10-003189,RES 200K OHM 5% 1/2W 1210 AEC-Q,IN_PRODUCTION,,0.0,13911.0,0.0,Terminal PCBA (TRM)
Qualitel,10-003252,RES SMD 6.2K OHM 1% 1/10W 0402 AEC-Q,IN_PRODUCTION,,0.0,8905.0,0.0,Terminal PCBA (TRM)
Qualitel,10-003350,DIODE SCHOTTKY 200V 5A SMC,IN_PRODUCTION,,0.0,10825.0,0.0,Terminal PCBA (TRM)
Qualitel,10-003360,RES SMD 100K OHM 1% 1/2W 1206 AEC-Q,IN_PRODUCTION,,0.0,10652.0,0.0,Terminal PCBA (TRM)
Qualitel,10-003361,IC PWR DRIVER N-CHAN 1:2 10TDFN,IN_PRODUCTION,,0.0,15617.0,0.0,Terminal PCBA (TRM)
Qualitel,10-003366,RES 0.03 OHM 1% 1/2W 1206,IN_PRODUCTION,,0.0,5904.0,0.0,Terminal PCBA (TRM)
Qualitel,10-003373,CONN HEADER SMD 12POS 2.5MM,IN_PRODUCTION,,0.0,1909.0,0.0,Terminal PCBA (TRM)
Qualitel,10-003374,CONN HEADER SMD 14POS 2.5MM,IN_PRODUCTION,,0.0,3409.0,0.0,Terminal PCBA (TRM)
Qualitel,10-003375,CONN HEADER SMD 8POS 2.5MM,IN_PRODUCTION,,0.0,1910.0,0.0,Terminal PCBA (TRM)
Qualitel,10-003379,IC LATCH R-S QUAD P/N 16-SOIC,IN_PRODUCTION,,0.0,7465.0,0.0,Power PCBA (IPC)
Qualitel,10-003414,NOISE SUPPRESSION FILTER FOR POW AEC-Q,IN_PRODUCTION,,0.0,32408.0,0.0,Power PCBA (IPC)
Qualitel,10-003432,RES SMD 15 OHM 5% 0.3W 0603 AEC-Q,IN_PRODUCTION,,0.0,12822.0,0.0,Terminal PCBA (TRM)
Qualitel,10-003433,"CAP CER 4700PF 250VAC X7R SAFETY X1, Y2 2220",IN_PRODUCTION,,0.0,61461.0,0.0,"2.1 LFP Block, Terminal PCBA (TRM)"
Qualitel,10-003467,RES 100 OHM 1% 1/10W 0603 AEC-Q,IN_PRODUCTION,,0.0,185405.0,0.0,Terminal PCBA (TRM)
Qualitel,10-003487,VARISTOR 699.5V 6.5KA DISC 20MM,IN_PRODUCTION,,0.0,5430.0,0.0,Terminal PCBA (TRM)
Qualitel,10-003488,RES 20K OHM 1% 1/16W 0402,IN_PRODUCTION,,0.0,15047.0,0.0,MSAC
Qualitel,10-003494,CAP CER 6800PF 50V X7R 0805,IN_PRODUCTION,,0.0,43663.0,0.0,Power PCBA (IPC)
Qualitel,10-003501,FIXED IND 100UH 800MA 700MOHM SM,IN_PRODUCTION,,0.0,7874.0,0.0,Power PCBA (IPC)
Qualitel,10-003591,FIXED IND 47UH 600MA 780MOHM SMD,IN_PRODUCTION,,0.0,21342.0,0.0,Terminal PCBA (TRM)
Qualitel,10-003592,CMC 20MH 500MA 2LN TH,IN_PRODUCTION,,0.0,4727.0,0.0,Terminal PCBA (TRM)
Qualitel,10-003594,FUSE BOARD MNT 750MA 250VAC 2SMD,IN_PRODUCTION,,0.0,3412.0,0.0,Terminal PCBA (TRM)
Qualitel,10-003623,3.4MM SMT SOCKET,IN_PRODUCTION,,0.0,20172.0,0.0,"Power PCBA (IPC), Terminal PCBA (TRM)"
Qualitel,10-003701,"Inductor, Common Mode Choke, Through Hole, Integrated Heat Conduction Bridge, Machined / 3D print",IN_PRODUCTION,,0.0,2310.0,0.0,Power PCBA (IPC)
Qualitel,10-003717,"Terminal Connector, Pin, 3.4mm x 45mm, PWB Fastener Mount, 75A, 7mm Drive",IN_PRODUCTION,,0.0,10458.0,0.0,Power PCBA (IPC)
Qualitel,10-003730,CAP CER 0.047UF 50V X7R 0603 AEC-Q,IN_PRODUCTION,,0.0,29998.0,0.0,"Power PCBA (IPC), Terminal PCBA (TRM)"
Qualitel,10-003740,IC REG LINEAR 5V 1.5A D2PAK,IN_PRODUCTION,,0.0,13959.0,0.0,Power PCBA (IPC)
Qualitel,10-003759,IC FLASH 16MBIT SPI/QUAD 8SOIC,IN_PRODUCTION,,0.0,36641.0,0.0,"2.1 LFP Block, MSAC, Power PCBA (IPC), Terminal PCBA (TRM)"
Qualitel,10-003778,DIODE SCHOTTKY 150V 1A SMA AEC-Q,IN_PRODUCTION,,0.0,30671.0,0.0,Terminal PCBA (TRM)
Qualitel,10-003828,RES 300 OHM 5% 1/4W 1206 AEC-Q,IN_PRODUCTION,,0.0,55643.0,0.0,Terminal PCBA (TRM)
Qualitel,10-003829,CAP CER 330PF 450V C0G/NP0 0805 AEC-Q,IN_PRODUCTION,,0.0,10884.0,0.0,Terminal PCBA (TRM)
Qualitel,10-003833,CAP CER 4.7UF 16V X7R 0603,IN_PRODUCTION,,0.0,16975.0,0.0,Terminal PCBA (TRM)
Qualitel,10-003834,CRYSTAL 12.0000MHZ 8PF SMD,IN_PRODUCTION,,0.0,9874.0,0.0,"MSAC, Power PCBA (IPC), Terminal PCBA (TRM)"
Qualitel,10-003940,22 µF ±20% 25V Ceramic Capacitor X7R 1210 (3225 Metric) AEC-QAEC-Q,IN_PRODUCTION,,0.0,3969.0,0.0,Power PCBA (IPC)
Qualitel,10-003941,CAP CER 1UF 25V X7R 0603 AEC-Q,IN_PRODUCTION,,0.0,11892.0,0.0,Power PCBA (IPC)
Qualitel,10-003942,CAP CER 0.047UF 50V X7R 0603,IN_PRODUCTION,,0.0,11912.0,0.0,Power PCBA (IPC)
Qualitel,10-003962,RES SMD 110K OHM 0.1% 1/10W 0603 AEC-Q,IN_PRODUCTION,,0.0,4968.0,0.0,Power PCBA (IPC)
Qualitel,10-003984,CAP CER 10NF 50V X7R 0402 AEC-Q,IN_PRODUCTION,,0.0,8900.0,0.0,Terminal PCBA (TRM)
Qualitel,10-004121,RES 1K OHM 1% 1/10W 0603 50PPM,IN_PRODUCTION,,0.0,8901.0,0.0,Terminal PCBA (TRM)
Qualitel,10-004151,RES 27K OHM 1% 1/10W 0603 AEC-Q,IN_PRODUCTION,,0.0,9882.0,0.0,Power PCBA (IPC)
Qualitel,10-004201,CAP FILM 0.68UF 10% 630VDC RAD AEC-Q,IN_PRODUCTION,,0.0,29008.0,0.0,Power PCBA (IPC)
Qualitel,10-004203,CAP FILM 0.1UF 10% 1.5KVDC RAD AEC-Q,IN_PRODUCTION,,0.0,15177.0,0.0,Power PCBA (IPC)
Qualitel,10-004300,CONN HEADER SMD 16POS 2.5MM,IN_PRODUCTION,,0.0,7332.0,0.0,"Power PCBA (IPC), Terminal PCBA (TRM)"
Qualitel,10-004362,RES SMD 1K OHM 1% 1/2W 0805 AEC-Q,IN_PRODUCTION,,0.0,18811.0,0.0,"Power PCBA (IPC), Terminal PCBA (TRM)"
Qualitel,10-004492,RES 25.5K OHM 1% 2W 1206,IN_PRODUCTION,,0.0,18657.0,0.0,Terminal PCBA (TRM)
Qualitel,10-004496,OPTOISO 3.75KV TRANS 4-MINI-FLAT,IN_PRODUCTION,,0.0,15643.0,0.0,Terminal PCBA (TRM)
Qualitel,10-004497,CAP CER 0.022UF 630V X7R 1206,IN_PRODUCTION,,0.0,35793.0,0.0,Power PCBA (IPC)
Qualitel,10-004499,RES SMD 47 OHM 1% 1/2W 1206 AEC-Q,IN_PRODUCTION,,0.0,8911.0,0.0,Terminal PCBA (TRM)
Qualitel,10-004501,"55V, 3A, HALF-BRIDGE POWER DRIVE",IN_PRODUCTION,,0.0,10030.0,0.0,Power PCBA (IPC)
Qualitel,10-004532,DIODE GEN PURP 100V 300MA SOD123,IN_PRODUCTION,,0.0,11930.0,0.0,Power PCBA (IPC)
Qualitel,10-004538,IC VREF SHUNT 0.32% 8SOIC AEC-Q,IN_PRODUCTION,,0.0,6405.0,0.0,Terminal PCBA (TRM)
Qualitel,10-004556,CAP FILM 0.22UF 10% 1.5KVDC RAD AEC-Q,IN_PRODUCTION,,0.0,12243.0,0.0,Terminal PCBA (TRM)
Qualitel,10-004557,CAP CER 1000PF 250VAC X7R 1808,IN_PRODUCTION,,0.0,20302.0,0.0,Terminal PCBA (TRM)
Qualitel,10-004560,IC MODULATOR 16BIT 40K 32VQFN,IN_PRODUCTION,,0.0,3939.0,0.0,Terminal PCBA (TRM)
Qualitel,10-004561,RELAY GEN PURPOSE SPST 50A 12V,IN_PRODUCTION,,0.0,9874.0,0.0,Power PCBA (IPC)
Qualitel,10-004564,TRANS PNP 40V 0.2A SC75 SOT416,IN_PRODUCTION,,0.0,11927.0,0.0,Power PCBA (IPC)
Qualitel,10-004565,CAP FILM 3.3UF 10% 310VAC RADIAL,IN_PRODUCTION,,0.0,9144.0,0.0,Terminal PCBA (TRM)
Qualitel,10-004566,CAP CER 100PF 50V C0G/NP0 0402 AEC-Q,IN_PRODUCTION,,0.0,65199.0,0.0,Terminal PCBA (TRM)
Qualitel,10-004567,RELAY GEN PURPOSE DPDT 8A 120V,IN_PRODUCTION,,0.0,3598.0,0.0,Terminal PCBA (TRM)
Qualitel,10-004576,"PCB TERMINAL BLOCK, NOMINAL CURR",IN_PRODUCTION,,0.0,3165.0,0.0,Terminal PCBA (TRM)
Qualitel,10-004584,TERM REDCUBE M3 1PIN SMD,IN_PRODUCTION,,0.0,12330.0,0.0,Power PCBA (IPC)
Qualitel,10-004592,CAP FILM 0.015UF 10% 310VAC RAD,IN_PRODUCTION,,0.0,17814.0,0.0,Terminal PCBA (TRM)
Qualitel,10-004593,"Screw Terminal, M3, SMT, Thru Hole, Integrated Junction, 50A",IN_PRODUCTION,,0.0,9933.0,0.0,Power PCBA (IPC)
Qualitel,10-004599,10.00mm Pitch Mini-Fit Sr. Header,IN_PRODUCTION,,0.0,1939.0,0.0,Terminal PCBA (TRM)
Qualitel,10-004602,RES SMD 845K OHM 0.1% 1/4W 1206 AEC-Q,IN_PRODUCTION,,0.0,163020.0,0.0,Power PCBA (IPC)
Qualitel,10-004608,"AC CMC, 3 Phase, 4 Turns",IN_PRODUCTION,,0.0,1465.0,0.0,Terminal PCBA (TRM)
Qualitel,10-004612,IC OPAMP GP 1 CIRCUIT SOT23-5,IN_PRODUCTION,,0.0,5906.0,0.0,Terminal PCBA (TRM)
Qualitel,10-004613,IC REG LINEAR POS ADJ 3A P2PAK-4,IN_PRODUCTION,,0.0,2832.0,0.0,Terminal PCBA (TRM)
Qualitel,10-004614,TVS DEV GDT/MOV 875V DISC 13.2MM,IN_PRODUCTION,,0.0,5980.0,0.0,Power PCBA (IPC)
Qualitel,10-004617,RES SMD 10.2KOHM 0.1% 1/16W 0402 AEC-Q,IN_PRODUCTION,,0.0,17787.0,0.0,Terminal PCBA (TRM)
Qualitel,10-004621,RES CPF 0201 20K 0.1% 25PPM 1K RL,IN_PRODUCTION,,0.0,25008.0,0.0,Power PCBA (IPC)
Qualitel,10-004624,RES SMD 10K OHM 0.1% 1/10W 0603,IN_PRODUCTION,,0.0,65054.0,0.0,Power PCBA (IPC)
Qualitel,10-004630,TVS DIODE 10VWM 17VC SMA,IN_PRODUCTION,,0.0,4973.0,0.0,Power PCBA (IPC)
Qualitel,10-004631,RES 340 OHM 1% 1/16W 0402 AEC-Q,IN_PRODUCTION,,0.0,44565.0,0.0,Terminal PCBA (TRM)
Qualitel,10-004856,CAP CER 10UF 25V X7S 0805,IN_PRODUCTION,,0.0,41028.0,0.0,Power PCBA (IPC)
Qualitel,10-004990,Diode Schottky 40V 0.12A 2-Pin SOD-323 T/R,IN_PRODUCTION,,0.0,13883.0,0.0,MSAC
Qualitel,10-005003,DIODE GEN PURP 1.2KV 2A SMB,IN_PRODUCTION,,0.0,23288.0,0.0,Terminal PCBA (TRM)
Qualitel,10-005004,RES SMD 7.5 OHM 5% 3W 5322,IN_PRODUCTION,,0.0,13753.0,0.0,Terminal PCBA (TRM)
Qualitel,10-005005,TVS DIODE 18VWM 29.2VC DO214AB,IN_PRODUCTION,,0.0,22645.0,0.0,Terminal PCBA (TRM)
Qualitel,10-005012,Res Thin Film 1206 5.1 Ohm 0.5% 0.25W(1/4W) ±25ppm/°C Pad SMD T/R,IN_PRODUCTION,,0.0,24870.0,0.0,Power PCBA (IPC)
Qualitel,10-005014,RES SMD 59K OHM 1% 1/10W 0603,IN_PRODUCTION,,0.0,9975.0,0.0,Power PCBA (IPC)
Qualitel,10-005018,RES 3.3M OHM 5% 1/10W 0603,IN_PRODUCTION,,0.0,29918.0,0.0,Power PCBA (IPC)
Qualitel,10-005035,DIGITAL TRANSFORMER,IN_PRODUCTION,,0.0,8230.0,0.0,Terminal PCBA (TRM)
Qualitel,10-005043,Cap Ceramic 5pF 50V C0G 0.25pF Pad SMD 0603 125°C Automotive AEC-Q200 T/R,IN_PRODUCTION,,0.0,15893.0,0.0,Power PCBA (IPC)
Qualitel,10-005045,Diode Switching 85V 0.155A 3-Pin SOT-523 T/R,IN_PRODUCTION,,0.0,80648.0,0.0,Power PCBA (IPC)
Qualitel,10-005123,IC COMPARATOR 1 GEN PUR 6UDFN,IN_PRODUCTION,,0.0,10865.0,0.0,2.1 LFP Block
Qualitel,10-005184,IC REG LINEAR 12V 2A HRP-5,IN_PRODUCTION,,0.0,7178.0,0.0,Power PCBA (IPC)
Qualitel,10-005197,RES 3M OHM 1% 1/4W 1206 AEC-Q,IN_PRODUCTION,,0.0,21737.0,0.0,Terminal PCBA (TRM)
Qualitel,10-005226,IC Isolated Single-Channel Gate Driver With Split Outputs,IN_PRODUCTION,,0.0,10112.0,0.0,2.1 LFP Block
Qualitel,10-005231,RES 6.8 OHM 5% 1/4W 0603 AEC-Q,IN_PRODUCTION,,0.0,17200.0,0.0,Terminal PCBA (TRM)
Qualitel,10-005825,IC Op Amp Single GP R-R O/P 5.5V Automotive AEC-Q100 5-Pin SOT-23,IN_PRODUCTION,,0.0,7237.0,0.0,Terminal PCBA (TRM)
Qualitel,10-005834,Rectifier Diode Small Signal Switching 85V 0.215A 3000ns 2-Pin SOD-323 T/R,IN_PRODUCTION,,0.0,10654.0,0.0,Terminal PCBA (TRM)
Qualitel,10-005944,RES 75K OHM 1% 1/16W 0402,IN_PRODUCTION,,0.0,28906.0,0.0,Terminal PCBA (TRM)
Qualitel,10-005976,RES 3M OHM 1% 1W 2512,IN_PRODUCTION,,0.0,15929.0,0.0,Power PCBA (IPC)
Qualitel,10-006061,IC VREF SERIES 0.08% SOT23-6,IN_PRODUCTION,,0.0,3912.0,0.0,Terminal PCBA (TRM)
Qualitel,10-006073,"Screw, SEMS, M3x0.5x8, T10, Square-Cone Washer, SS",IN_PRODUCTION,,0.0,10385.0,0.0,Power PCBA (IPC)
Qualitel,10-006129,FUSE BOARD MOUNT 5A 250VAC 2SMD,IN_PRODUCTION,,0.0,5408.0,0.0,Terminal PCBA (TRM)
Qualitel,10-006194,RES 330K OHM 1% 2W 2512 AEC-Q,IN_PRODUCTION,,0.0,21476.0,0.0,Terminal PCBA (TRM)
Qualitel,10-006271,CAP FILM 5UF 10% 600VDC RADIAL,IN_PRODUCTION,,0.0,3624.0,0.0,Terminal PCBA (TRM)
Qualitel,10-006278,CAP FILM 0.47UF 20% 630VDC RAD X2,IN_PRODUCTION,,0.0,6730.0,0.0,Terminal PCBA (TRM)
Qualitel,10-006363,ISOMOV 8KA 250VRMS -40 °C to +125 °C BULK CRIMPED LEADS,IN_PRODUCTION,,0.0,5315.0,0.0,Terminal PCBA (TRM)
Qualitel,10-006364,ISOMOV 5KA 175VRMS -40 °C to +125 °C BULK CRIMPED,IN_PRODUCTION,,0.0,12160.0,0.0,Terminal PCBA (TRM)
Qualitel,10-006421,IC VREF SERIES 0.13% TSOT5,IN_PRODUCTION,,0.0,7903.0,0.0,"Power PCBA (IPC), Terminal PCBA (TRM)"
Qualitel,10-006453,DIODE TVS 5.5VWM 11V U-DFN3810-9,IN_PRODUCTION,,0.0,7999.0,0.0,MSAC
Qualitel,10-006475,"Module AUTOMOTIVE, 2.5-W, 24-VIN, 25-VO 36-BSSOP (0.295"", 7.50mm Width)",IN_PRODUCTION,,0.0,8150.0,0.0,Power PCBA (IPC)
Qualitel,10-006672,RES 200K OHM 1% 1/16W 0402,IN_PRODUCTION,,0.0,14951.0,0.0,MSAC
Qualitel,10-006675,RES SMD 51K OHM 0.1% 1/10W 0603,IN_PRODUCTION,,0.0,14969.0,0.0,Power PCBA (IPC)
Qualitel,10-006676,RES SMD 3.6K OHM 0.1% 1/10W 0603,IN_PRODUCTION,,0.0,9956.0,0.0,Power PCBA (IPC)
Qualitel,10-006691,CAP CER 4700PF 3KV X7R 2220,IN_PRODUCTION,,0.0,12690.0,0.0,Power PCBA (IPC)
Qualitel,10-006695,DIODE ZENER 4.03V 960MW DO219AC,IN_PRODUCTION,,0.0,7883.0,0.0,Terminal PCBA (TRM)
Qualitel,10-006698,MOSFET N-CH 55V 5.1A SOT223,IN_PRODUCTION,,0.0,8457.0,0.0,Power PCBA (IPC)
Qualitel,10-006699,FIXED IND 2.2UH 1.7A 72 MOHM SMD AEC-Q,IN_PRODUCTION,,0.0,16467.0,0.0,Terminal PCBA (TRM)
Qualitel,10-006701,RES SMD 18K OHM 1% 1/16W 0402,IN_PRODUCTION,,0.0,7402.0,0.0,MSAC
Qualitel,10-06549A,IC BUF NON-INVERT 5.5V SC70-5,IN_PRODUCTION,,0.0,4087.0,0.0,MSAC
Qualitel,10-07132A,DIODE ZENER 22V 5W DO214AA,IN_PRODUCTION,,0.0,7526.0,0.0,Terminal PCBA (TRM)
Qualitel,10-07244A,RES SMD 332 OHM 1% 1/2W 0805 AEC-Q,IN_PRODUCTION,,0.0,4927.0,0.0,Power PCBA (IPC)
Qualitel,20-05001C,"PCB, Terminal Board, Type C",IN_PRODUCTION,,0.0,1373.0,0.0,Terminal PCBA (TRM)
Qualitel,20-05003C,"PCB, Power Board, Type C",IN_PRODUCTION,,0.0,3085.0,0.0,Power PCBA (IPC)
Sienna,10-000099,CAP CER 1UF 35V X7R 0603,IN_PRODUCTION,,0.0,1258899.0,0.0,"9.6 KW Inverter, Maximizer Box, PV Hub"
Sienna,10-000124,RES 250 UOHM 1% 4W 2725 AEC-Q,IN_PRODUCTION,,0.0,6328.0,0.0,9.6 KW Inverter
Sienna,10-000253,CAP CER 0.1UF 50V X7R 0402 AEC-Q,IN_PRODUCTION,,0.0,1864424.0,0.0,"9.6 KW Inverter, Bridge, PV Hub"
Sienna,10-000340,"Crystal Parallel - Fundamental Quartz Crystal, 25MHz Nom AEC-Q",IN_PRODUCTION,,0.0,21873.0,0.0,"9.6 KW Inverter, Bridge, PV Hub"
Sienna,10-000342,RES 0805 5% 1 OHM 1/2W AEC-Q,IN_PRODUCTION,,0.0,33995.0,0.0,"9.6 KW Inverter, Bridge, PV Hub"
Sienna,10-000395,"Washer,M5,Flat,5.3mm IDx 12.6mm OD,Steel,ZnNi BC",IN_PRODUCTION,,0.0,9795.0,0.0,Bridge
Sienna,10-000539,RES SMD 7.32 OHM 0.1% 1/10W 0805,IN_PRODUCTION,,0.0,22914.0,0.0,9.6 KW Inverter
Sienna,10-000548,CAP CER 33PF 50V NPO 0402 AEC-Q,IN_PRODUCTION,,0.0,25058.0,0.0,9.6 KW Inverter
Sienna,10-000549,CAP CER 22UF 10V X7R 1206 AEC-Q,IN_PRODUCTION,,0.0,131780.0,0.0,"9.6 KW Inverter, Bridge, PV Hub"
Sienna,10-000550,FIXED IND 4.7UH 4.5A 26 MOHM SMD,IN_PRODUCTION,,0.0,7855.0,0.0,9.6 KW Inverter
Sienna,10-000551,RES 31.2K OHM 0.5% 1/16W 0402 AEC-Q,IN_PRODUCTION,,0.0,13653.0,0.0,9.6 KW Inverter
Sienna,10-000552,RES SMD 10K OHM 1% 1/16W 0402 AEC-Q,IN_PRODUCTION,,0.0,628400.0,0.0,"9.6 KW Inverter, Bridge, PV Hub"
Sienna,10-000555,RES SMD 52.3K OHM 1% 1/16W 0402 AEC-Q,IN_PRODUCTION,,0.0,20918.0,0.0,9.6 KW Inverter
Sienna,10-000558,CAP CER 4.7UF 16V X7R 0805 AEC-Q,IN_PRODUCTION,,0.0,33327.0,0.0,"9.6 KW Inverter, Bridge"
Sienna,10-000560,CAP CER 470PF 50V X7R 0402 AEC-Q,IN_PRODUCTION,,0.0,36293.0,0.0,"9.6 KW Inverter, PV Hub"
Sienna,10-000564,CAP CER 1.2PF 50V C0G/NPO 0402 AEC-Q,IN_PRODUCTION,,0.0,18710.0,0.0,"9.6 KW Inverter, Bridge, PV Hub"
Sienna,10-000569,CAP CER 1UF 35V X7R 0603 AEC-Q,IN_PRODUCTION,,0.0,109315.0,0.0,"9.6 KW Inverter, Bridge, PV Hub"
Sienna,10-000572,CAP CER 12PF 5% 50V C0H/CH 0402 AEC-Q,IN_PRODUCTION,,0.0,22603.0,0.0,"9.6 KW Inverter, Bridge"
Sienna,10-000585,RES 0 OHM JUMPER 1/16W 0402 AEC-Q,IN_PRODUCTION,,0.0,292962.0,0.0,"9.6 KW Inverter, Bridge, PV Hub"
Sienna,10-000589,CAP FILM 0.47UF 20% 760VDC RAD,IN_PRODUCTION,,0.0,9203.0,3.0,"Bridge, PV Hub"
Sienna,10-000590,TVS DIODE 12.8VWM 27.2VC SMB,IN_PRODUCTION,,0.0,12839.0,0.0,"9.6 KW Inverter, Bridge, PV Hub"
Sienna,10-000605,DIODE ARRAY AEC-Q,IN_PRODUCTION,,0.0,73933.0,0.0,"9.6 KW Inverter, Bridge"
Sienna,10-000607,LED GREEN CLEAR CHIP SMD,IN_PRODUCTION,,0.0,33366.0,2000.0,"9.6 KW Inverter, Bridge, PV Hub"
Sienna,10-000610,CAP CER 0.022UF 50V X7R 0402 AEC-Q,IN_PRODUCTION,,0.0,24202.0,0.0,"9.6 KW Inverter, Bridge"
Sienna,10-000616,RES SMD 330K OHM 0.1% 1/4W 1206 AEC-Q,IN_PRODUCTION,,0.0,67330.0,0.0,9.6 KW Inverter
Sienna,10-000619,RES 1M OHM 5% 1/16W 0402 AEC-Q,IN_PRODUCTION,,0.0,59573.0,0.0,"9.6 KW Inverter, Bridge"
Sienna,10-000622,IC ENERGY METER 1PHASE 32QFN,IN_PRODUCTION,,0.0,12107.0,0.0,"9.6 KW Inverter, Bridge"
Sienna,10-000629,2 x 2 Black Rectangular Power Connector,IN_PRODUCTION,,0.0,5176.0,0.0,Bridge
Sienna,10-000630,1 x 4 Black Rectangular Power Connector,IN_PRODUCTION,,0.0,3828.0,0.0,Bridge
Sienna,10-000631,Rectangular Power Connector,IN_PRODUCTION,,0.0,11666.0,0.0,9.6 KW Inverter
Sienna,10-000634,"Board Connector, 10 Contact(s), 2 Row(s), Male, Straight, 0.05 inch Pitch, Surface Mount Terminal, L",IN_PRODUCTION,,0.0,11332.0,0.0,"9.6 KW Inverter, Bridge"
Sienna,10-000635,CAP CER 10UF 35V X7R 1206 AEC-Q,IN_PRODUCTION,,0.0,238009.0,0.0,"9.6 KW Inverter, Bridge, PV Hub"
Sienna,10-000637,CAP CER 4.7PF 50V C0G/NPO 0402 AEC-Q,IN_PRODUCTION,,0.0,50614.0,0.0,"9.6 KW Inverter, Bridge, PV Hub"
Sienna,10-000639,DIODE SBR 40V 3A SMA,IN_PRODUCTION,,0.0,11327.0,0.0,"9.6 KW Inverter, Bridge"
Sienna,10-000645,RES SMD 100K OHM 1% 1/16W 0402 AEC-Q,IN_PRODUCTION,,0.0,135798.0,0.0,"9.6 KW Inverter, Bridge, PV Hub"
Sienna,10-000649,RES SMD 51K OHM 1% 1/16W 0402 AEC-Q,IN_PRODUCTION,,0.0,5919.0,0.0,9.6 KW Inverter
Sienna,10-000657,RES SMD 750 OHM 1% 1/16W 0402 AEC-Q,IN_PRODUCTION,,0.0,72006.0,0.0,"9.6 KW Inverter, Bridge"
Sienna,10-000658,RES SMD 10K OHM 1% 1/16W 0402,IN_PRODUCTION,,0.0,271481.0,0.0,"9.6 KW Inverter, Bridge"
Sienna,10-000662,"Buffer/Inverter Based MOSFET Driver, PDSO8",IN_PRODUCTION,,0.0,12306.0,0.0,"9.6 KW Inverter, Bridge"
Sienna,10-000667,CAP CER 18PF 50V C0G/NP0 0402 AEC-Q,IN_PRODUCTION,,0.0,30539.0,0.0,9.6 KW Inverter
Sienna,10-000668,CAP CER 6.8PF 50V C0G/NP0 0402 AEC-Q,IN_PRODUCTION,,0.0,50601.0,0.0,"9.6 KW Inverter, Bridge, PV Hub"
Sienna,10-000669,CAP CER 22UF 25V X7R 1812 ASEC-Q,IN_PRODUCTION,,0.0,30221.0,0.0,"9.6 KW Inverter, Bridge, PV Hub"
Sienna,10-000670,DIODE TVS 6.5VWM 11.2VC SMA,IN_PRODUCTION,,0.0,14482.0,0.0,"9.6 KW Inverter, Bridge, PV Hub"
Sienna,10-000672,TVS DIODE 8.55VWM 18.6VC SMB,IN_PRODUCTION,,0.0,28447.0,0.0,"9.6 KW Inverter, Bridge, PV Hub"
Sienna,10-000673,FIXED IND 2.2UH 1.5A 69.6MOHM SM,IN_PRODUCTION,,0.0,6138.0,0.0,PV Hub
Sienna,10-000674,FERRITE BEAD 1 KOHM 0402 1LN,IN_PRODUCTION,,0.0,36016.0,0.0,"9.6 KW Inverter, Bridge, PV Hub"
Sienna,10-000675,RES SMD 12K OHM 1% 1/16W 0402 AEC-Q,IN_PRODUCTION,,0.0,15193.0,0.0,"9.6 KW Inverter, Bridge, PV Hub"
Sienna,10-000676,RES SMD 75 OHM 1% 1/10W 0603 AEC-Q,IN_PRODUCTION,,0.0,45835.0,0.0,"9.6 KW Inverter, Bridge, PV Hub"
Sienna,10-000677,RES SMD 50 Ohm 1% 50 PPM,IN_PRODUCTION,,0.0,64162.0,0.0,"9.6 KW Inverter, Bridge, PV Hub"
Sienna,10-000678,RES SMD 150 OHM 1% 1/3W 0603 AEC-Q,IN_PRODUCTION,,0.0,25364.0,0.0,"9.6 KW Inverter, Bridge, PV Hub"
Sienna,10-000679,RES SMD 33 OHM 1% 1/16W 0402 AEC-Q,IN_PRODUCTION,,0.0,22403.0,0.0,"9.6 KW Inverter, Bridge, PV Hub"
Sienna,10-000680,RES SMD 6.8K OHM 1% 1/16W 0402 AEC-Q,IN_PRODUCTION,,0.0,43535.0,0.0,"9.6 KW Inverter, Bridge, PV Hub"
Sienna,10-000681,RES 2K OHM 1% 1/10W 0402 AEC-Q,IN_PRODUCTION,,0.0,58931.0,0.0,"9.6 KW Inverter, Bridge, PV Hub"
Sienna,10-000682,RES SMD 47K OHM 1% 1/16W 0402 AEC-Q,IN_PRODUCTION,,0.0,167263.0,0.0,"9.6 KW Inverter, Bridge, PV Hub"
Sienna,10-000684,RES SMD 31.6 OHM 1% 1/10 0402 AEC-Q,IN_PRODUCTION,,0.0,15205.0,0.0,"9.6 KW Inverter, Bridge, PV Hub"
Sienna,10-000685,RES SMD 20 OHM 1% 1/10W 0402 AEC-Q,IN_PRODUCTION,,0.0,25169.0,0.0,"9.6 KW Inverter, Bridge, PV Hub"
Sienna,10-000688,"Switching Regulator, Current-mode, 0.7A, 2080kHz Switching Freq-Max, NMOS, PDSO5",IN_PRODUCTION,,0.0,14462.0,0.0,"9.6 KW Inverter, Bridge, PV Hub"
Sienna,10-000689,Programmable power line communication modem System on Chip,IN_PRODUCTION,,0.0,13224.0,0.0,"9.6 KW Inverter, Bridge, PV Hub"
Sienna,10-000692,CAP CER 8PF 50V NP0 0402,IN_PRODUCTION,,0.0,82242.0,0.0,"9.6 KW Inverter, Bridge, PV Hub"
Sienna,10-000693,RES SMD 5.1K OHM 1% 1/16W 0402 AEC-Q,IN_PRODUCTION,,0.0,403403.0,0.0,"9.6 KW Inverter, Bridge"
Sienna,10-000695,IC MCU 32BIT 200KB FLASH 64LQFP,IN_PRODUCTION,,0.0,32807.0,0.0,Maximizer Box
Sienna,10-000702,"Interface Circuit, PDSO8",IN_PRODUCTION,,0.0,35494.0,0.0,"9.6 KW Inverter, Bridge"
Sienna,10-000711,CMC 100UH 150MA 2LN SMD AEC-Q200,IN_PRODUCTION,,0.0,25074.0,0.0,"9.6 KW Inverter, Bridge"
Sienna,10-000778,"Screw,M5x0.8 6g x10mm,BHT T-25,Flange,Steel,ZiNi BC,Nylon Patch",IN_PRODUCTION,,0.0,37057.0,0.0,9.6 KW Inverter
Sienna,10-000825,IC MPU SITARA 1.0GHZ 324NFBGA,IN_PRODUCTION,,0.0,3572.0,0.0,9.6 KW Inverter
Sienna,10-000841,CAP CER 3300PF 50V X7R 0402 AEC-Q,IN_PRODUCTION,,0.0,14661.0,0.0,9.6 KW Inverter
Sienna,10-000848,RES 510 OHM 0.1% 1/16W 0402 AEC-Q,IN_PRODUCTION,,0.0,14398.0,0.0,"9.6 KW Inverter, Bridge"
Sienna,10-000850,"Opamp, 1 Func, 15uV Offset-Max, CMOS, PDSO5",IN_PRODUCTION,,0.0,17371.0,0.0,9.6 KW Inverter
Sienna,10-000851,Current Sense Amplifier 1 Circuit Rail-to-Rail SC-70-6 AEC-Q,IN_PRODUCTION,,0.0,7622.0,0.0,9.6 KW Inverter
Sienna,10-000989,OPTOISOLATOR 5KV TRANSISTOR 4SMD,IN_PRODUCTION,,0.0,9087.0,0.0,"9.6 KW Inverter, Bridge"
Sienna,10-000991,MOSFET N-CHANNEL 20V 4A SOT23F,IN_PRODUCTION,,0.0,61027.0,0.0,9.6 KW Inverter
Sienna,10-001004,RES SMD 10K OHM 1% 1/3W 0603 AEC-Q,IN_PRODUCTION,,0.0,1139529.0,0.0,"9.6 KW Inverter, Bridge, Maximizer Box, PV Hub"
Sienna,10-001007,RES 10 OHM 1% 1/16W 0402,IN_PRODUCTION,,0.0,24141.0,0.0,9.6 KW Inverter
Sienna,10-001019,RES SMD 10K OHM 1% 1/2W 0805 AEC-Q,IN_PRODUCTION,,0.0,31411.0,0.0,9.6 KW Inverter
Sienna,10-001029,RES 6.2K OHM 1% 1/10W 0603,IN_PRODUCTION,,0.0,117536.0,60000.0,Maximizer Box
Sienna,10-001048,RES 3.6K OHM 1% 1/16W 0402 AEC-Q,IN_PRODUCTION,,0.0,14130.0,0.0,9.6 KW Inverter
Sienna,10-001051,IC REG LINEAR 3.3V 1A SOT223,IN_PRODUCTION,,0.0,9607.0,0.0,9.6 KW Inverter
Sienna,10-001055,RES 15K OHM 1% 1/16W 0402 AEC-Q,IN_PRODUCTION,,0.0,21513.0,0.0,"9.6 KW Inverter, PV Hub"
Sienna,10-001061,CAP CER 0.47UF 25V X7R 0603 AEC-Q,IN_PRODUCTION,,0.0,24037.0,0.0,"9.6 KW Inverter, Bridge"
Sienna,10-001069,RES 82K OHM 1% 1/16W 0402 AEC-Q,IN_PRODUCTION,,0.0,13648.0,0.0,9.6 KW Inverter
Sienna,10-001097,RES SMD 100K OHM 5% 1/3W 0603 AEC-Q,IN_PRODUCTION,,0.0,370253.0,0.0,"9.6 KW Inverter, Maximizer Box"
Sienna,10-001105,RES SMD 30K OHM 1% 1/10W 0402 AEC-Q,IN_PRODUCTION,,0.0,21169.0,0.0,9.6 KW Inverter
Sienna,10-001127,RES 330 OHM 1% 1/16W 0402 AEC-Q,IN_PRODUCTION,,0.0,52223.0,0.0,9.6 KW Inverter
Sienna,10-001133,RES SMD 5.1K OHM 1% 1/10W 0603 AEC-Q,IN_PRODUCTION,,0.0,46704.0,0.0,"9.6 KW Inverter, Bridge"
Sienna,10-001136,RES SMD 68K OHM 1% 1/10W 0603 AEC-Q,IN_PRODUCTION,,0.0,10991.0,0.0,9.6 KW Inverter
Sienna,10-001137,RES 0 OHM JUMPER 0603 SMD AEC-Q,IN_PRODUCTION,,0.0,100876.0,0.0,9.6 KW Inverter
Sienna,10-001144,RES SMD 20K OHM 1% 1/10W 0603 AEC-Q,IN_PRODUCTION,,0.0,9749.0,0.0,9.6 KW Inverter
Sienna,10-001146,RES SMD 6.81K OHM 1% 1/8W 0603 AEC-Q,IN_PRODUCTION,,0.0,122622.0,0.0,Maximizer Box
Sienna,10-001152,RES SMD 10K OHM 1% 1/10W 0603 AEC-Q,IN_PRODUCTION,,0.0,129453.0,0.0,"9.6 KW Inverter, Bridge"
Sienna,10-001154,RES SMD 11K OHM 1% 1/10W 0603 AEC-Q,IN_PRODUCTION,,0.0,8033.0,0.0,PV Hub
Sienna,10-001156,RES SMD 25.5K OHM 1% 1/10W 0603 AEC-Q,IN_PRODUCTION,,0.0,12770.0,0.0,"9.6 KW Inverter, Bridge"
Sienna,10-001158,RES SMD 200 OHM 1% 1/10W 0603 AEC-Q,IN_PRODUCTION,,0.0,13578.0,0.0,9.6 KW Inverter
Sienna,10-001159,RES SMD 10 OHM 1% 1/3W 0603 AEC-Q,IN_PRODUCTION,,0.0,237308.0,0.0,Maximizer Box
Sienna,10-001173,RES SMD 150 OHM 0.1% 1/10W 0603,IN_PRODUCTION,,0.0,9314.0,0.0,9.6 KW Inverter
Sienna,10-001181,RES SMD 249K OHM 0.1% 1/4W 1206 AEC-Q,IN_PRODUCTION,,0.0,81412.0,0.0,Bridge
Sienna,10-001189,RES SMD 3.3K OHM 1% 1/10W 0603 AEC-Q,IN_PRODUCTION,,0.0,29006.0,0.0,9.6 KW Inverter
Sienna,10-001230,RES SMD 49.9 OHM 1% 0.33W 0402 AEC-Q,IN_PRODUCTION,,0.0,40446.0,0.0,9.6 KW Inverter
Sienna,10-001277,CAP CER 2.2UF 100V X7R 1206,IN_PRODUCTION,,0.0,201601.0,0.0,Maximizer Box
Sienna,10-001325,IC REG LINEAR 5V 200MA TSOT23-5,IN_PRODUCTION,,0.0,5998.0,0.0,9.6 KW Inverter
Sienna,10-001337,XMC4400F100K512BAXQMA1,IN_PRODUCTION,,0.0,2479.0,0.0,9.6 KW Inverter
Sienna,10-001374,GANFET N-CH 80V 90A DIE AEC-Q,IN_PRODUCTION,,0.0,207564.0,0.0,Maximizer Box
Sienna,10-001375,RES 16K OHM 1% 1/10W 0603,IN_PRODUCTION,,0.0,18074.0,0.0,9.6 KW Inverter
Sienna,10-001376,RES 4.7K OHM 5% 1/10W 0603,IN_PRODUCTION,,0.0,85829.0,0.0,9.6 KW Inverter
Sienna,10-001409,CONN HEADER SMD 6POS 2.5MM,IN_PRODUCTION,,0.0,5768.0,0.0,Bridge
Sienna,10-001414,DIODE ZENER 10V 500MW SOD123 AEC-Q,IN_PRODUCTION,,0.0,8744.0,0.0,9.6 KW Inverter
Sienna,10-001437,DIODE RECT 100V 20A DPAK,IN_PRODUCTION,,0.0,6241.0,0.0,9.6 KW Inverter
Sienna,10-001440,IC OPAMP GP 2 CIRCUIT 8TSSOP,IN_PRODUCTION,,0.0,107386.0,0.0,Maximizer Box
Sienna,10-001480,"Screw,6-19xPLAST 48/2, 0.5"",BHT T-15,T/F,Steel,ZnNi BC",IN_PRODUCTION,,0.0,87299.0,0.0,9.6 KW Inverter
Sienna,10-001525,FIXED IND 33UH 1.1A 286 MOHM SMD,IN_PRODUCTION,,0.0,85085.0,0.0,Maximizer Box
Sienna,10-001548,RES 0 OHM JUMPER 1/10W 0603,IN_PRODUCTION,,0.0,367983.0,0.0,"9.6 KW Inverter, Maximizer Box"
Sienna,10-001560,WL-SMCW SMT MONO-COLOR CHIP LED,IN_PRODUCTION,,0.0,12593.0,0.0,9.6 KW Inverter
Sienna,10-001570,RES 4.99K OHM 1% 1/10W 0603 AEC-Q,IN_PRODUCTION,,0.0,42427.0,0.0,9.6 KW Inverter
Sienna,10-001571,CAP CER 39PF 50V C0G/NP0 0603,IN_PRODUCTION,,0.0,370104.0,0.0,Maximizer Box
Sienna,10-001572,RES 249K OHM 1% 1/10W 0603,IN_PRODUCTION,,0.0,206713.0,0.0,"Maximizer Box, PV Hub"
Sienna,10-001598,RES SMD 1K OHM 1% 1/10W 0603,IN_PRODUCTION,,0.0,446501.0,0.0,Maximizer Box
Sienna,10-001610,DIODE SCHOTTKY 80V 1A SOD123 AEC-Q,IN_PRODUCTION,,0.0,17507.0,0.0,Maximizer Box
Sienna,10-001622,CAP CER 0805 1NF 200V C0G 5% AEC-Q,IN_PRODUCTION,,0.0,12298.0,0.0,"9.6 KW Inverter, Bridge"
Sienna,10-001625,CAP CER 100PF 630V C0G/NP0 1206 AEC-Q,IN_PRODUCTION,,0.0,8720.0,0.0,9.6 KW Inverter
Sienna,10-001634,RES 8.45K OHM 1% 1/4W 0805 AEC-Q,IN_PRODUCTION,,0.0,7541.0,0.0,9.6 KW Inverter
Sienna,10-001641,CAP CER 22UF 25V X7R 1210,IN_PRODUCTION,,0.0,123734.0,0.0,9.6 KW Inverter
Sienna,10-001653,CAP CER 1500PF 250V NONSTND SMD,IN_PRODUCTION,,0.0,6688.0,0.0,Bridge
Sienna,10-001654,CAP CER 0.22UF 10V X7R 0402,IN_PRODUCTION,,0.0,328807.0,0.0,"9.6 KW Inverter, Maximizer Box"
Sienna,10-001658,CAP CER 1UF 100V X7S 0805 AEC-Q,IN_PRODUCTION,,0.0,5039.0,0.0,9.6 KW Inverter
Sienna,10-001662,CAP CER 27PF 1KV C0G/NP0 1206,IN_PRODUCTION,,0.0,9936.0,0.0,PV Hub
Sienna,10-001674,DIODE GEN PURP 600V 1A SMA,IN_PRODUCTION,,0.0,36836.0,0.0,"9.6 KW Inverter, Bridge"
Sienna,10-001676,FIXED IND 6.8UH 4.5A 50.16 MOHM AEC-Q,IN_PRODUCTION,,0.0,12639.0,0.0,9.6 KW Inverter
Sienna,10-001681,RES SMD 27 OHM 5% 1/2W 0805 AEC-Q,IN_PRODUCTION,,0.0,136788.0,0.0,9.6 KW Inverter
Sienna,10-001697,CAP CER 10UF 25V X7R 1206,IN_PRODUCTION,,0.0,538118.0,0.0,"9.6 KW Inverter, Maximizer Box"
Sienna,10-001702,RES 1M OHM 1% 1/10W 0603 AEC-Q,IN_PRODUCTION,,0.0,1108961.0,0.0,Maximizer Box
Sienna,10-001704,RES 0 OHM JUMPER 1/4W 1206 AEC-Q,IN_PRODUCTION,,0.0,128520.0,10000.0,"9.6 KW Inverter, Bridge, Maximizer Box"
Sienna,10-001707,"Diode, Field-Effect Rectifier, 100 V 40 A",IN_PRODUCTION,,0.0,55369.0,0.0,Maximizer Box
Sienna,10-001710,DIODE SCHOTTKY 40V 2A SOD123W,IN_PRODUCTION,,0.0,13566.0,0.0,9.6 KW Inverter
Sienna,10-001711,FBead 0603 3A 30mOhm SMD,IN_PRODUCTION,,0.0,26866.0,0.0,9.6 KW Inverter
Sienna,10-001712,FERRITE BEAD 50 OHM 0603 1LN AEC-Q,IN_PRODUCTION,,0.0,193190.0,0.0,9.6 KW Inverter
Sienna,10-001714,FERRITE BEAD 120 OHM 0603 1LN,IN_PRODUCTION,,0.0,309537.0,0.0,9.6 KW Inverter
Sienna,10-001717,CAP CER 100PF ±10% 50V C0G 0402,IN_PRODUCTION,,0.0,25003.0,0.0,9.6 KW Inverter
Sienna,10-001720,CAP CER 0.22UF 50V X7R 0603,IN_PRODUCTION,,0.0,57447.0,0.0,9.6 KW Inverter
Sienna,10-001721,CAP CER 2.2UF 16V X7S 0603 AEC-Q,IN_PRODUCTION,,0.0,142307.0,0.0,9.6 KW Inverter
Sienna,10-001722,CAP CER 10000PF 50V X8R 0603,IN_PRODUCTION,,0.0,159946.0,0.0,"9.6 KW Inverter, Maximizer Box"
Sienna,10-001724,CAP CER 8PF 50V NP0 0603,IN_PRODUCTION,,0.0,26366.0,0.0,9.6 KW Inverter
Sienna,10-001725,CAP CER 0.1UF ±10% 50V X7R 0603 AEC-Q,IN_PRODUCTION,,0.0,76597.0,0.0,9.6 KW Inverter
Sienna,10-001726,CAP CER 1000PF 50V C0G/NPO SOFT TERMINATION 0603,IN_PRODUCTION,,0.0,130040.0,0.0,"9.6 KW Inverter, Maximizer Box"
Sienna,10-001728,CAP CER 0.1UF ±20% 50V X7R 0603 AEC-Q,IN_PRODUCTION,,0.0,106843.0,0.0,9.6 KW Inverter
Sienna,10-001729,CAP CER 0.022UF 50V X7R 0603 AEC-Q,IN_PRODUCTION,,0.0,7882.0,0.0,"9.6 KW Inverter, Bridge"
Sienna,10-001730,CAP CER 10000PF 50V X7R 0603 AEC-Q,IN_PRODUCTION,,0.0,202374.0,0.0,Maximizer Box
Sienna,10-001731,CAP CER 100PF 50V COG/NP0 0603,IN_PRODUCTION,,0.0,54634.0,0.0,"9.6 KW Inverter, Bridge"
Sienna,10-001736,CAP 1206 X7R 16V 10UF 10% SOFT TERM,IN_PRODUCTION,,0.0,3646.0,0.0,9.6 KW Inverter
Sienna,10-001738,CAP CER 10UF 75V X7R 1210 AEC-Q,IN_PRODUCTION,,0.0,1584751.0,0.0,"9.6 KW Inverter, Maximizer Box"
Sienna,10-001763,RES SMD 49.9K OHM 1% 1/4W 1206 AEC-Q,IN_PRODUCTION,,0.0,16570.0,0.0,9.6 KW Inverter
Sienna,10-001782,RES 1.5M OHM 1% 1/4W 1206,IN_PRODUCTION,,0.0,16318.0,0.0,9.6 KW Inverter
Sienna,10-001784,CAP CER 27PF 50V C0G/NP0 0402 AEC-Q,IN_PRODUCTION,,0.0,40941.0,0.0,"9.6 KW Inverter, Bridge, PV Hub"
Sienna,10-001821,"Pressure Pin,Power Transistor",IN_PRODUCTION,,0.0,22249.0,0.0,9.6 KW Inverter
Sienna,10-001870,CONN JACK 1PORT 100 BASE-T PCB,IN_PRODUCTION,,0.0,6973.0,0.0,9.6 KW Inverter
Sienna,10-001887,"Custom Inductor, 19.2uH, 36.5%, THT",IN_PRODUCTION,,0.0,44101.0,0.0,Maximizer Box
Sienna,10-001907,RES 63.4 OHM 1% 1/10W 0603 AEC-Q,IN_PRODUCTION,,0.0,17130.0,0.0,9.6 KW Inverter
Sienna,10-001926,CAP CER 220PF 100V X7R 0402 AEC-Q,IN_PRODUCTION,,0.0,4516.0,0.0,9.6 KW Inverter
Sienna,10-001981,IC REG LINEAR 3.3V 300MA SOT23-5,IN_PRODUCTION,,0.0,9363.0,0.0,"9.6 KW Inverter, Bridge"
Sienna,10-002009,ISOMOV 8KA 250VRMS BULK IN-LINE,IN_PRODUCTION,,0.0,12628.0,0.0,"9.6 KW Inverter, Bridge"
Sienna,10-002026,"Hotmelt,Polyamid,V0,0.2-0.3 W/m-K",IN_PRODUCTION,,0.0,294045.1375947,0.0,9.6 KW Inverter
Sienna,10-002027,"Thread Forming Screw, M2.5 X 5mm, Torx",IN_PRODUCTION,,0.0,387510.0,0.0,Maximizer Box
Sienna,10-002035,"Sticker, Vent, 12mm Round",IN_PRODUCTION,,0.0,12746.0,0.0,9.6 KW Inverter
Sienna,10-002036,ULTRA THIN BLUE SMD LED,IN_PRODUCTION,,0.0,7016.0,0.0,Bridge
Sienna,10-002094,IC IGBT DVR,IN_PRODUCTION,,0.0,18419.0,0.0,9.6 KW Inverter
Sienna,10-002095,FUSE BRD 60A 250VAC 80VDC 2SMD,IN_PRODUCTION,,0.0,9598.0,0.0,9.6 KW Inverter
Sienna,10-002110,"Screw,M2.5x0.45 6g x8mm,BHT T8,Flange,Steel,ZnNi BC,Nylon Patch",IN_PRODUCTION,,0.0,35655.0,0.0,9.6 KW Inverter
Sienna,10-002113,"Screw,M5x0.8 6g x8mm,Under-Head Sealing,BHT T25,Flange,Steel,ZiNi BC,Nylon Patch",IN_PRODUCTION,,0.0,19522.0,0.0,9.6 KW Inverter
Sienna,10-002115,"Screw,K30 x 1.34PF x10mm,T/F,BHT T10,Flanged,Steel,ZiNi BC,Patch",IN_PRODUCTION,,0.0,58009.0,0.0,9.6 KW Inverter
Sienna,10-002116,"Screw,M4x0.7 6g x36mm,BHT T20,Flange,Steel,ZiNi BC,Nylon Patch",IN_PRODUCTION,,0.0,18597.0,0.0,9.6 KW Inverter
Sienna,10-002119,"Screw,#10-14 PLAST48-2x0.625in,T/F,BHT T25,Flange,Steel,ZiNi BC,Nylon Patch",IN_PRODUCTION,,0.0,25184.0,0.0,9.6 KW Inverter
Sienna,10-002120,"Screw,#8-32 UNRC-3Ax0.625in,BHT T15,Flange,Steel,ZiNi BC,Nylon Patch",IN_PRODUCTION,,0.0,6106.0,0.0,9.6 KW Inverter
Sienna,10-002121,"Screw,Shldr,M3x0.5 6g x4.5mm,4.09mm D Shldr,BHT T10,Flange,Steel,ZiNi BC,Nylon Patch",IN_PRODUCTION,,0.0,14500.0,0.0,9.6 KW Inverter
Sienna,10-002123,TVS DIODE 5VWM 6.8VC SOT23-6L,IN_PRODUCTION,,0.0,21707.0,0.0,9.6 KW Inverter
Sienna,10-002124,"Standoff,M4,M/F,6mm M,10mm F,20mm Shldr,Steel,ZnNi BC,Nylon Patch",IN_PRODUCTION,,0.0,9094.0,0.0,9.6 KW Inverter
Sienna,10-002134,"Screw,M4x0.7 6gx10mm,BHT T15,Steel,ZnNi BC,Nylon Patch",IN_PRODUCTION,,0.0,51279.0,0.0,9.6 KW Inverter
Sienna,10-002148,FERRITE BEAD 80 OHM 1206 1LN,IN_PRODUCTION,,0.0,33468.0,0.0,"9.6 KW Inverter, Bridge"
Sienna,10-002162,Multilayer Ceramic Capacitors MLCC - SMD/SMT 50V 0.33uF X7R 0805 10%,IN_PRODUCTION,,0.0,27676.0,0.0,9.6 KW Inverter
Sienna,10-002170,RES SMD 22 OHM 5% 1/4W 1206 AEC-Q,IN_PRODUCTION,,0.0,83669.0,0.0,9.6 KW Inverter
Sienna,10-002171,CAP CER 4.7UF 50V X7R 0805,IN_PRODUCTION,,0.0,44420.0,0.0,9.6 KW Inverter
Sienna,10-002222,"Standoff, Male-Female, M3x17mm, Nylon",IN_PRODUCTION,,0.0,19887.0,0.0,Bridge
Sienna,10-002246,"Nut, 1/4-20, Hex Head, Steel, Zn-Ni Plated",IN_PRODUCTION,,0.0,43951.0,0.0,Bridge
Sienna,10-002260,CAP CER 4.7UF 50V X7R 1206,IN_PRODUCTION,,0.0,22242.0,0.0,9.6 KW Inverter
Sienna,10-002262,RES SMD 62 OHM 5% 1/4W 0603 AEC-Q,IN_PRODUCTION,,0.0,13776.0,0.0,9.6 KW Inverter
Sienna,10-002265,DIODE ARRAY SCHOTTKY 20V SOT23,IN_PRODUCTION,,0.0,2360.0,0.0,9.6 KW Inverter
Sienna,10-002277,OR Gate IC 4 Channel - 14-SO,IN_PRODUCTION,,0.0,5656.0,0.0,9.6 KW Inverter
Sienna,10-002278,"600VIN MICROPOWER, ISOLATED NO-O",IN_PRODUCTION,,0.0,14229.0,0.0,"9.6 KW Inverter, PV Hub"
Sienna,10-002293,IC GATE DRVR HIGH-SIDE 10MSOP,IN_PRODUCTION,,0.0,73636.0,0.0,Maximizer Box
Sienna,10-002308,DIODE GEN PURP 1KV 8A SMC,IN_PRODUCTION,,0.0,5889.0,0.0,PV Hub
Sienna,10-002310,FUSE BRD 3.15A 350VAC 500VDC SMD,IN_PRODUCTION,,0.0,3191.0,0.0,PV Hub
Sienna,10-002320,"Trans Voltage Suppressor Diode, 260W, 5.2V V(RWM), Unidirectional, 2 Element, Silicon",IN_PRODUCTION,,0.0,8735.0,0.0,9.6 KW Inverter
Sienna,10-002328,RES 22K OHM 1% 1/10W 0603,IN_PRODUCTION,,0.0,13539.0,0.0,"Bridge, PV Hub"
Sienna,10-002329,CAP CER 47PF 50V C0G/NP0 0603,IN_PRODUCTION,,0.0,13409.0,0.0,"9.6 KW Inverter, PV Hub"
Sienna,10-002331,RES 2.49K OHM 1% 1/8W 0603 AEC-Q,IN_PRODUCTION,,0.0,8939.0,0.0,PV Hub
Sienna,10-002337,DIODE GP 600V 500MA DO219AB,IN_PRODUCTION,,0.0,4628.0,0.0,PV Hub
Sienna,10-002340,MOSFET N-CH 650V 16A TO252-3,IN_PRODUCTION,,0.0,14226.0,0.0,9.6 KW Inverter
Sienna,10-002376,CAP CER 1UF 25V X5R 0402,IN_PRODUCTION,,0.0,11155.0,0.0,9.6 KW Inverter
Sienna,10-002393,"RF/ Coaxial Connectors, 50 Ohms, FAKRA SMB Jack, Straight, PCB, Keying Option C, Blue",IN_PRODUCTION,,0.0,4381.0,0.0,9.6 KW Inverter
Sienna,10-002462,TVS DIODE 5VWM 8.5VC TSOT26,IN_PRODUCTION,,0.0,8323.0,0.0,9.6 KW Inverter
Sienna,10-002465,IC REG LINEAR 1.8V 1A 8SOIC,IN_PRODUCTION,,0.0,6197.0,0.0,9.6 KW Inverter
Sienna,10-002488,IC EEPROM 2KBIT I2C 400KHZ 8SOIC,IN_PRODUCTION,,0.0,6627.0,0.0,9.6 KW Inverter
Sienna,10-002492,XTAL OSC XO 24.0000MHZ HCMOS SMD,IN_PRODUCTION,,0.0,7491.0,0.0,9.6 KW Inverter
Sienna,10-002493,XTAL OSC XO 32.768KHZ SMD,IN_PRODUCTION,,0.0,1413.0,0.0,9.6 KW Inverter
Sienna,10-002494,XTAL OSC XO 50.0000MHZ CMOS SMD,IN_PRODUCTION,,0.0,7822.0,0.0,9.6 KW Inverter
Sienna,10-002495,"32.768 kHz ±20ppm Crystal 9pF 90 kOhms 2-SMD, No Lead",IN_PRODUCTION,,0.0,8785.0,0.0,9.6 KW Inverter
Sienna,10-002498,Secure Authenticator 8-TDFN-EP (2x2),IN_PRODUCTION,,0.0,3434.0,0.0,9.6 KW Inverter
Sienna,10-002500,RES 4.32K OHM 1% 1/16W 0402,IN_PRODUCTION,,0.0,16715.0,0.0,"9.6 KW Inverter, Bridge"
Sienna,10-002502,RES 1.91K OHM 1% 1/16W 0402,IN_PRODUCTION,,0.0,13160.0,0.0,9.6 KW Inverter
Sienna,10-002503,RES 6.49K OHM 1% 1/16W 0402,IN_PRODUCTION,,0.0,42533.0,0.0,9.6 KW Inverter
Sienna,10-002504,RES 44.2K OHM 1% 1/16W 0402,IN_PRODUCTION,,0.0,13186.0,0.0,9.6 KW Inverter
Sienna,10-002505,RES 26.1K OHM 1% 1/16W 0402,IN_PRODUCTION,,0.0,13146.0,0.0,9.6 KW Inverter
Sienna,10-002506,IC DRAM 4GBIT PARALLEL 96FBGA,IN_PRODUCTION,,0.0,2848.0,0.0,9.6 KW Inverter
Sienna,10-002507,RES 240 OHM 1% 1/16W 0402,IN_PRODUCTION,,0.0,13177.0,0.0,9.6 KW Inverter
Sienna,10-002508,SWITCH TACTILE SPST-NO 0.05A 32V,IN_PRODUCTION,,0.0,12823.0,0.0,9.6 KW Inverter
Sienna,10-002529,FERRITE BEAD 220 OHM 1206 1LN,IN_PRODUCTION,,0.0,1858.0,0.0,PV Hub
Sienna,10-002532,CAP CER 0.1UF 10V X7S 0201,IN_PRODUCTION,,0.0,345937.0,0.0,"9.6 KW Inverter, Maximizer Box"
Sienna,10-002588,RES 0 OHM JUMPER 1/20W 0201,IN_PRODUCTION,,0.0,27384.0,0.0,9.6 KW Inverter
Sienna,10-002595,"Cavity Blanking Plug, PBT, Yellow, -40 – 125 °C, Ampseal 16, TE",IN_PRODUCTION,,0.0,19909.0,0.0,9.6 KW Inverter
Sienna,10-002605,TVS DIODE 5VWM 12VC SOD323 AEC-Q,IN_PRODUCTION,,0.0,33970.0,0.0,9.6 KW Inverter
Sienna,10-002607,TVS DIODE 12VWM 19.9VC SOD123F,IN_PRODUCTION,,0.0,8312.0,0.0,9.6 KW Inverter
Sienna,10-002608,CONN HEADER SMD 14POS 2.5MM,IN_PRODUCTION,,0.0,6575.0,0.0,9.6 KW Inverter
Sienna,10-002610,FERRITE BEAD 15 OHM 0603 1LN,IN_PRODUCTION,,0.0,47067.0,0.0,9.6 KW Inverter
Sienna,10-002611,TRANS NPN 45V 500MA SOT23-3,IN_PRODUCTION,,0.0,24003.0,0.0,9.6 KW Inverter
Sienna,10-002612,MOSFET N-CH 30V 350MA SOT23,IN_PRODUCTION,,0.0,13347.0,0.0,9.6 KW Inverter
Sienna,10-002613,RES 39 OHM 1% 1/16W 0402,IN_PRODUCTION,,0.0,13172.0,0.0,9.6 KW Inverter
Sienna,10-002692,"Standoff,M3,M/F,4.76mm M,2.81mm F,6mm Shldr,Brass,Zi Cr,Nylon Patch",IN_PRODUCTION,,0.0,50041.0,0.0,9.6 KW Inverter
Sienna,10-002705,CAP FILM 27UF 10% 700VDC RADIAL,IN_PRODUCTION,,0.0,39161.0,0.0,9.6 KW Inverter
Sienna,10-002720,"Side-Mount External Retaining Rings, Spring Steel, 4-5 mm OD",IN_PRODUCTION,,0.0,14272.0,0.0,9.6 KW Inverter
Sienna,10-002729,CONN HEADER SMD 8POS 2.5MM,IN_PRODUCTION,,0.0,5107.0,0.0,9.6 KW Inverter
Sienna,10-002734,RES 4.7K OHM 1% 1/16W 0402 AEC-Q,IN_PRODUCTION,,0.0,26603.0,0.0,9.6 KW Inverter
Sienna,10-002753,"HOUSED PTC THERMISTORS AS ICL, 2 AEC-Q",IN_PRODUCTION,,0.0,11534.0,0.0,9.6 KW Inverter
Sienna,10-002828,"Internal Star Washer, M3",IN_PRODUCTION,,0.0,188386.0,0.0,Maximizer Box
Sienna,10-002854,FIXED IND 6.8UH 3.6A 36 MOHM SMD,IN_PRODUCTION,,0.0,3637.0,3000.0,PV Hub
Sienna,10-002859,RES 0.02 OHM 1% 1W 1206,IN_PRODUCTION,,0.0,8903.0,0.0,PV Hub
Sienna,10-002885,"EFUSE IC, LATCH TYPE, 15.1V VOLT",IN_PRODUCTION,,0.0,14888.0,0.0,9.6 KW Inverter
Sienna,10-002886,RES 36K OHM 1% 1/10W 0603,IN_PRODUCTION,,0.0,14435.0,0.0,PV Hub
Sienna,10-002887,CAP CER 120PF 50V C0G/NPO 0603,IN_PRODUCTION,,0.0,29931.0,0.0,9.6 KW Inverter
Sienna,10-002904,RES SMD 176K OHM 0.5% 1/10W 0603,IN_PRODUCTION,,0.0,10289.0,0.0,9.6 KW Inverter
Sienna,10-002909,TVS DIODE 7VWM 10VC 0402 AEC-Q,IN_PRODUCTION,,0.0,56074.0,0.0,9.6 KW Inverter
Sienna,10-002910,CONN HEADER VERT 3POS 10MM,IN_PRODUCTION,,0.0,8660.0,0.0,9.6 KW Inverter
Sienna,10-002921,CAP CER 10UF 35V X7R 1206,IN_PRODUCTION,,0.0,6662.0,0.0,"9.6 KW Inverter, Bridge"
Sienna,10-002922,CAP CER 3900PF 630V C0G/NP0 1206 AEC-Q,IN_PRODUCTION,,0.0,10451.0,0.0,"9.6 KW Inverter, Bridge"
Sienna,10-002923,CAP CER 1UF 450V X7T 2220 AEC-Q,IN_PRODUCTION,,0.0,28493.0,0.0,"9.6 KW Inverter, Bridge"
Sienna,10-002925,IC OFFLINE SWITCH FLYBACK 8DSO,IN_PRODUCTION,,0.0,5434.0,0.0,"9.6 KW Inverter, Bridge"
Sienna,10-002932,RES 44.2K OHM 1% 1/10W 0603 AEC-Q,IN_PRODUCTION,,0.0,8747.0,0.0,9.6 KW Inverter
Sienna,10-002933,RES 715 OHM 1% 1/10W 0603 AEC-Q,IN_PRODUCTION,,0.0,13931.0,0.0,"9.6 KW Inverter, Bridge"
Sienna,10-002934,DIODE GEN PURP 600V 5A SMC,IN_PRODUCTION,,0.0,12461.0,0.0,Bridge
Sienna,10-002937,IC VREF SHUNT ADJ 0.4% 8SO,IN_PRODUCTION,,0.0,10484.0,0.0,"9.6 KW Inverter, Bridge"
Sienna,10-002984,CONN HEADER SMD 3POS 2.5MM,IN_PRODUCTION,,0.0,4831.0,0.0,9.6 KW Inverter
Sienna,10-003009,"Adhesive, Tape, Insulator, Load Tray, Bridge",IN_PRODUCTION,,0.0,6539.0,0.0,Bridge
Sienna,10-003040,CAP CER 0.1UF 50V X7R 0603,IN_PRODUCTION,,0.0,164149.0,0.0,9.6 KW Inverter
Sienna,10-003041,RES SMD 100 OHM 0.1% 1/10W 0805,IN_PRODUCTION,,0.0,79714.0,0.0,9.6 KW Inverter
Sienna,10-003063,RES SMD 64.9K OHM 1% 1/10W 0603 AEC-Q,IN_PRODUCTION,,0.0,64077.0,0.0,9.6 KW Inverter
Sienna,10-003078,"Wire Harness, Positive, PV Hub",IN_PRODUCTION,,0.0,3672.0,2000.0,PV Hub
Sienna,10-003100,RES 49.9K OHM 1% 1/10W 0603,IN_PRODUCTION,,0.0,50359.0,0.0,9.6 KW Inverter
Sienna,10-003113,"Screw,M3x0.5 6g x8mm,BHT T8,Flange,Steel,ZiNi BC,Nylon Patch",IN_PRODUCTION,,0.0,271902.0,0.0,9.6 KW Inverter
Sienna,10-003160,"XMFR CUSTOM T/H 12PIN 30.7 X 30,0 X 24.6MM",IN_PRODUCTION,,0.0,4476.0,0.0,9.6 KW Inverter
Sienna,10-003171,IC TRNSLTR UNIDIRECTIONAL SC88A,IN_PRODUCTION,,0.0,3823.0,0.0,9.6 KW Inverter
Sienna,10-003186,RES 11K OHM 1% 1/16W 0402 AEC-Q,IN_PRODUCTION,,0.0,5942.0,0.0,9.6 KW Inverter
Sienna,10-003188,RES 0.5 OHM 1% 2W 2512 AEC-Q,IN_PRODUCTION,,0.0,12568.0,0.0,"9.6 KW Inverter, Bridge"
Sienna,10-003189,RES 200K OHM 5% 1/2W 1210 AEC-Q,IN_PRODUCTION,,0.0,15906.0,0.0,"9.6 KW Inverter, Bridge"
Sienna,10-003248,RES 2K OHM 1% 1/10W 0402 AEC-Q,IN_PRODUCTION,,0.0,19935.0,0.0,9.6 KW Inverter
Sienna,10-003252,RES SMD 6.2K OHM 1% 1/10W 0402 AEC-Q,IN_PRODUCTION,,0.0,51432.0,0.0,9.6 KW Inverter
Sienna,10-003360,RES SMD 100K OHM 1% 1/2W 1206 AEC-Q,IN_PRODUCTION,,0.0,30056.0,0.0,9.6 KW Inverter
Sienna,10-003361,IC PWR DRIVER N-CHAN 1:2 10TDFN,IN_PRODUCTION,,0.0,14914.0,0.0,9.6 KW Inverter
Sienna,10-003366,RES 0.03 OHM 1% 1/2W 1206,IN_PRODUCTION,,0.0,9224.0,0.0,9.6 KW Inverter
Sienna,10-003373,CONN HEADER SMD 12POS 2.5MM,IN_PRODUCTION,,0.0,5629.0,0.0,9.6 KW Inverter
Sienna,10-003375,CONN HEADER SMD 8POS 2.5MM,IN_PRODUCTION,,0.0,5780.0,0.0,9.6 KW Inverter
Sienna,10-003379,IC LATCH R-S QUAD P/N 16-SOIC,IN_PRODUCTION,,0.0,6148.0,0.0,9.6 KW Inverter
Sienna,10-003414,NOISE SUPPRESSION FILTER FOR POW AEC-Q,IN_PRODUCTION,,0.0,32194.0,0.0,9.6 KW Inverter
Sienna,10-003431,HIGH ANTI-SURGE THICK FILM CHIP AEC-Q,IN_PRODUCTION,,0.0,274477.0,0.0,Maximizer Box
Sienna,10-003432,RES SMD 15 OHM 5% 0.3W 0603 AEC-Q,IN_PRODUCTION,,0.0,164237.0,0.0,"9.6 KW Inverter, Maximizer Box"
Sienna,10-003433,"CAP CER 4700PF 250VAC X7R SAFETY X1, Y2 2220",IN_PRODUCTION,,0.0,409245.0,0.0,"9.6 KW Inverter, Maximizer Box"
Sienna,10-003467,RES 100 OHM 1% 1/10W 0603 AEC-Q,IN_PRODUCTION,,0.0,357044.0,5000.0,9.6 KW Inverter
Sienna,10-003468,CAP CER 0.1UF 100V X7R 0603,IN_PRODUCTION,,0.0,1845603.0,0.0,"Maximizer Box, PV Hub"
Sienna,10-003469,RES SMD 12 OHM 1% 1/3W 0603 AEC-Q,IN_PRODUCTION,,0.0,144528.0,0.0,Maximizer Box
Sienna,10-003493,RES 100 OHM 1% 1/4W 1206 AEC-Q,IN_PRODUCTION,,0.0,9984.0,0.0,Bridge
Sienna,10-003498,"Assy, SnapNRack, Maximizer Hub",IN_PRODUCTION,,0.0,1044.0,0.0,PV Hub
Sienna,10-003501,FIXED IND 100UH 800MA 700MOHM SM,IN_PRODUCTION,,0.0,8748.0,0.0,9.6 KW Inverter
Sienna,10-003502,DIODE ZENER 6V 500MW SOD123,IN_PRODUCTION,,0.0,6772.0,0.0,PV Hub
Sienna,10-003560,"Screw M3x0.5 6g,5mm,BHT T-8,Steel,ZiNi BC,Nylon Patch",IN_PRODUCTION,,0.0,45564.0,0.0,9.6 KW Inverter
Sienna,10-003564,"Thread Forming Screw with Internal Tooth Washer, M3X0.5 15mm, BHT T10",IN_PRODUCTION,,0.0,258326.0,0.0,Maximizer Box
Sienna,10-003573,CAP CER 4700PF 250V X7R 1812,IN_PRODUCTION,,0.0,45233.0,0.0,Bridge
Sienna,10-003590,"Washer, Flat, M4, Plastic",IN_PRODUCTION,,0.0,6649.0,1500.0,PV Hub
Sienna,10-003598,"Label, Terminal Diagram, Bridge",IN_PRODUCTION,,0.0,9236.0,0.0,Bridge
Sienna,10-003600,"Label, Service Disconnect, Bridge",IN_PRODUCTION,,0.0,8460.0,0.0,Bridge
Sienna,10-003601,"Label, MAC Address, Bridge",IN_PRODUCTION,,0.0,6426.0,0.0,Bridge
Sienna,10-003606,"Label, MAC Address, Maximizer",IN_PRODUCTION,,0.0,241880.0,0.0,Maximizer Box
Sienna,10-003623,3.4MM SMT SOCKET,IN_PRODUCTION,,0.0,38266.0,0.0,9.6 KW Inverter
Sienna,10-003690,"Screw, SEMS, M3x0.5x35, Belleville Conical Washer",IN_PRODUCTION,,0.0,13280.0,0.0,9.6 KW Inverter
Sienna,10-003692,RES SMD 887 OHM 0.1% 1/16W 0402 AEC-Q,IN_PRODUCTION,,0.0,19977.0,0.0,Bridge
Sienna,10-003693,RES 107 OHM 1% 1/16W 0402,IN_PRODUCTION,,0.0,9866.0,0.0,Bridge
Sienna,10-003701,"Inductor, Common Mode Choke, Through Hole, Integrated Heat Conduction Bridge, Machined / 3D print",IN_PRODUCTION,,0.0,9149.0,0.0,9.6 KW Inverter
Sienna,10-003723,"Jumper, Inverter, RRSID",IN_PRODUCTION,,0.0,2995.0,0.0,9.6 KW Inverter
Sienna,10-003725,"TIM, PhaseChange, Cut to Size for Inductor CMC, Ready to Apply",IN_PRODUCTION,,0.0,8422.0,0.0,9.6 KW Inverter
Sienna,10-003730,CAP CER 0.047UF 50V X7R 0603 AEC-Q,IN_PRODUCTION,,0.0,31236.0,0.0,9.6 KW Inverter
Sienna,10-003759,IC FLASH 16MBIT SPI/QUAD 8SOIC,IN_PRODUCTION,,0.0,37742.0,0.0,"9.6 KW Inverter, Bridge, PV Hub"
Sienna,10-003778,DIODE SCHOTTKY 150V 1A SMA AEC-Q,IN_PRODUCTION,,0.0,83483.0,0.0,"9.6 KW Inverter, Bridge, PV Hub"
Sienna,10-003794,"Label, Wire Routing Diagram, PV Hub",IN_PRODUCTION,,0.0,4649.0,0.0,PV Hub
Sienna,10-003828,RES 300 OHM 5% 1/4W 1206 AEC-Q,IN_PRODUCTION,,0.0,25204.0,0.0,9.6 KW Inverter
Sienna,10-003829,CAP CER 330PF 450V C0G/NP0 0805 AEC-Q,IN_PRODUCTION,,0.0,6220.0,0.0,9.6 KW Inverter
Sienna,10-003833,CAP CER 4.7UF 16V X7R 0603,IN_PRODUCTION,,0.0,45018.0,0.0,"9.6 KW Inverter, Bridge, PV Hub"
Sienna,10-003834,CRYSTAL 12.0000MHZ 8PF SMD,IN_PRODUCTION,,0.0,4005.0,0.0,"9.6 KW Inverter, Bridge"
Sienna,10-003870,DIODE GEN PURP 800V 3A SMC,IN_PRODUCTION,,0.0,6114.0,0.0,PV Hub
Sienna,10-003887,"Foam, Antenna Box, Maximizer",IN_PRODUCTION,,0.0,65501.0,0.0,Maximizer Box
Sienna,10-003888,IC SWITCH SPDT SINGLE SC70-6,IN_PRODUCTION,,0.0,5193.0,0.0,PV Hub
Sienna,10-003941,CAP CER 1UF 25V X7R 0603 AEC-Q,IN_PRODUCTION,,0.0,20082.0,0.0,9.6 KW Inverter
Sienna,10-003942,CAP CER 0.047UF 50V X7R 0603,IN_PRODUCTION,,0.0,25124.0,0.0,9.6 KW Inverter
Sienna,10-003951,RES 2M OHM 0.1% 1/4W 1206 AEC-Q,IN_PRODUCTION,,0.0,15206.0,0.0,PV Hub
Sienna,10-003954,RES SMD 2K OHM ±1% 1/2W AEC-Q,IN_PRODUCTION,,0.0,6817.0,0.0,PV Hub
Sienna,10-003962,RES SMD 110K OHM 0.1% 1/10W 0603 AEC-Q,IN_PRODUCTION,,0.0,9342.0,0.0,9.6 KW Inverter
Sienna,10-003984,CAP CER 10NF 50V X7R 0402 AEC-Q,IN_PRODUCTION,,0.0,5874.0,0.0,9.6 KW Inverter
Sienna,10-004043,RES 100K OHM 1% 1/4W 0603 150V AEC-Q,IN_PRODUCTION,,0.0,14142.0,0.0,9.6 KW Inverter
Sienna,10-004047,CAP CER 10000PF 440VAC RADIAL,IN_PRODUCTION,,0.0,16232.0,0.0,9.6 KW Inverter
Sienna,10-004060,DIODE ZENER 15V 5W DO214AA,IN_PRODUCTION,,0.0,6498.0,0.0,PV Hub
Sienna,10-004061,DIODE GEN PURP 1KV 1A SMA,IN_PRODUCTION,,0.0,4182.0,0.0,PV Hub
Sienna,10-004090,CONN HEADER VERT 4POS 2MM,IN_PRODUCTION,,0.0,5920.0,0.0,Bridge
Sienna,10-004121,RES 1K OHM 1% 1/10W 0603 50PPM,IN_PRODUCTION,,0.0,8736.0,0.0,9.6 KW Inverter
Sienna,10-004151,RES 27K OHM 1% 1/10W 0603 AEC-Q,IN_PRODUCTION,,0.0,9752.0,0.0,9.6 KW Inverter
Sienna,10-004152,"Standoff, M3x0.5, 4.5mm, F/F, Thru, Hex, SS",IN_PRODUCTION,,0.0,211015.0,0.0,"Bridge, Maximizer Box"
Sienna,10-004177,RES SMD 1M OHM 1% 1/4W 1206,IN_PRODUCTION,,0.0,9188.0,0.0,PV Hub
Sienna,10-004178,RES SMD 220 OHM 1% 1/16W 0402,IN_PRODUCTION,,0.0,16791.0,0.0,PV Hub
Sienna,10-004203,CAP FILM 0.1UF 10% 1.5KVDC RAD AEC-Q,IN_PRODUCTION,,0.0,10206.0,1500.0,9.6 KW Inverter
Sienna,10-004262,CONN PIN RCPT .022-.034 SOLDER,IN_PRODUCTION,,0.0,21026.0,0.0,Bridge
Sienna,10-004293,"NUT, M5x0.8, 12mm DISC SPRING, STEEL, ZINC CHROMATE",IN_PRODUCTION,,0.0,4879.0,0.0,Bridge
Sienna,10-004322,"TIM, Inductor Housing 2, Inverter Power Module",IN_PRODUCTION,,0.0,2971.0,0.0,9.6 KW Inverter
Sienna,10-004323,"TIM, Inductor Housing 1, Inverter Power Module",IN_PRODUCTION,,0.0,2959.0,0.0,9.6 KW Inverter
Sienna,10-004446,"Screw,Captive,M5x0.8 6gx14mm,5mm Thread,CS,T25,Flanged,DP,Steel,ZiNi BC",IN_PRODUCTION,,0.0,20959.0,0.0,9.6 KW Inverter
Sienna,10-004489,DIODE ARRAY SCHOTTKY 30V SOT23-3,IN_PRODUCTION,,0.0,448887.0,0.0,Maximizer Box
Sienna,10-004492,RES 25.5K OHM 1% 2W 1206,IN_PRODUCTION,,0.0,15162.0,0.0,9.6 KW Inverter
Sienna,10-004499,RES SMD 47 OHM 1% 1/2W 1206 AEC-Q,IN_PRODUCTION,,0.0,9240.0,0.0,9.6 KW Inverter
Sienna,10-004517,IC MCU 32BIT 2MB FLASH 100LQFP,IN_PRODUCTION,,0.0,3529.0,0.0,9.6 KW Inverter
Sienna,10-004520,CAP FILM 3.3UF 10% 630VDC RADIAL,IN_PRODUCTION,,0.0,26783.0,0.0,9.6 KW Inverter
Sienna,10-004532,DIODE GEN PURP 100V 300MA SOD123,IN_PRODUCTION,,0.0,14822.0,0.0,9.6 KW Inverter
Sienna,10-004534,FIXED IND 4.7UH 4.2A 35 MOHM SMD,IN_PRODUCTION,,0.0,4640.0,0.0,9.6 KW Inverter
Sienna,10-004538,IC VREF SHUNT 0.32% 8SOIC AEC-Q,IN_PRODUCTION,,0.0,6956.0,0.0,9.6 KW Inverter
Sienna,10-004556,CAP FILM 0.22UF 10% 1.5KVDC RAD AEC-Q,IN_PRODUCTION,,0.0,17031.0,0.0,9.6 KW Inverter
Sienna,10-004560,IC MODULATOR 16BIT 40K 32VQFN,IN_PRODUCTION,,0.0,5626.0,0.0,9.6 KW Inverter
Sienna,10-004566,CAP CER 100PF 50V C0G/NP0 0402 AEC-Q,IN_PRODUCTION,,0.0,135158.0,0.0,"9.6 KW Inverter, Bridge"
Sienna,10-004576,"PCB TERMINAL BLOCK, NOMINAL CURR",IN_PRODUCTION,,0.0,4725.0,0.0,9.6 KW Inverter
Sienna,10-004592,CAP FILM 0.015UF 10% 310VAC RAD,IN_PRODUCTION,,0.0,18637.0,0.0,9.6 KW Inverter
Sienna,10-004598,TRANS NPN 40V 0.6A SOT23,IN_PRODUCTION,,0.0,92852.0,0.0,Maximizer Box
Sienna,10-004599,10.00mm Pitch Mini-Fit Sr. Header,IN_PRODUCTION,,0.0,5830.0,0.0,9.6 KW Inverter
Sienna,10-004601,"Label, Branch Circuits, Inner Panel, Left, Bridge",IN_PRODUCTION,,0.0,5443.0,0.0,Bridge
Sienna,10-004612,IC OPAMP GP 1 CIRCUIT SOT23-5,IN_PRODUCTION,,0.0,6666.0,0.0,9.6 KW Inverter
Sienna,10-004614,TVS DEV GDT/MOV 875V DISC 13.2MM,IN_PRODUCTION,,0.0,4584.0,0.0,9.6 KW Inverter
Sienna,10-004617,RES SMD 10.2KOHM 0.1% 1/16W 0402 AEC-Q,IN_PRODUCTION,,0.0,9237.0,0.0,9.6 KW Inverter
Sienna,10-004621,RES CPF 0201 20K 0.1% 25PPM 1K RL,IN_PRODUCTION,,0.0,33650.0,0.0,9.6 KW Inverter
Sienna,10-004624,RES SMD 10K OHM 0.1% 1/10W 0603,IN_PRODUCTION,,0.0,449489.0,0.0,"9.6 KW Inverter, Maximizer Box"
Sienna,10-004630,TVS DIODE 10VWM 17VC SMA,IN_PRODUCTION,,0.0,9836.0,0.0,9.6 KW Inverter
Sienna,10-004631,RES 340 OHM 1% 1/16W 0402 AEC-Q,IN_PRODUCTION,,0.0,30302.0,0.0,9.6 KW Inverter
Sienna,10-004639,"Heat Sink, Maximizer",IN_PRODUCTION,,0.0,25786.0,0.0,Maximizer Box
Sienna,10-004753,Trans MOSFET N-CH 950V 4A 3-Pin(2+Tab) DPAK T/R,IN_PRODUCTION,,0.0,4627.0,0.0,PV Hub
Sienna,10-004878,RES SMD 100K OHM 0.1% 1/10W 0603,IN_PRODUCTION,,0.0,635251.0,0.0,Maximizer Box
Sienna,10-004917,Cap Ceramic 0.068uF 1000V X7R 10% Pad SMD 1210 125°C Automotive T/R,IN_PRODUCTION,,0.0,20999.0,0.0,PV Hub
Sienna,10-004919,CAP FILM 15UF 5% 700VDC RADIAL,IN_PRODUCTION,,0.0,7708.0,0.0,PV Hub
Sienna,10-004927,RES 51 OHM 1% 1/10W 0603 AEC-Q,IN_PRODUCTION,,0.0,10381.0,0.0,PV Hub
Sienna,10-004938,RES SMD 24.9KOHM 0.1% 1/10W 0603,IN_PRODUCTION,,0.0,182310.0,0.0,Maximizer Box
Sienna,10-004943,Res Thick Film 0603 30.1K Ohm 1% 0.1W(1/10W) ±100ppm/°C Pad SMD T/R,IN_PRODUCTION,,0.0,144968.0,0.0,Maximizer Box
Sienna,10-004962,Conv DC-DC 8V to 80V Synchronous Step Down Single-Out 1V to 30V 0.8A 8-Pin SOIC EP T/R,IN_PRODUCTION,,0.0,49017.0,0.0,Maximizer Box
Sienna,10-004974,Hi Side Single 5.5V 0.4A to 4A 6-Pin TSOT-26 T/R,IN_PRODUCTION,,0.0,88438.0,9000.0,Maximizer Box
Sienna,10-004984,"SCREW, PLASTIC-THREADING, M4, STEEL",IN_PRODUCTION,,0.0,11652.0,0.0,PV Hub
Sienna,10-004985,Res Wirewound 18 Ohm 5% 2W ±200ppm/°C J-Lead SMD T/R,IN_PRODUCTION,,0.0,3103.0,0.0,Bridge
Sienna,10-004990,Diode Schottky 40V 0.12A 2-Pin SOD-323 T/R,IN_PRODUCTION,,0.0,6484.0,0.0,PV Hub
Sienna,10-005003,DIODE GEN PURP 1.2KV 2A SMB,IN_PRODUCTION,,0.0,28910.0,0.0,9.6 KW Inverter
Sienna,10-005004,RES SMD 7.5 OHM 5% 3W 5322,IN_PRODUCTION,,0.0,12259.0,0.0,9.6 KW Inverter
Sienna,10-005005,TVS DIODE 18VWM 29.2VC DO214AB,IN_PRODUCTION,,0.0,24384.0,0.0,9.6 KW Inverter
Sienna,10-005009,RES 59K OHM 1% 1/10W 0603 AEC-Q,IN_PRODUCTION,,0.0,10393.0,0.0,PV Hub
Sienna,10-005012,Res Thin Film 1206 5.1 Ohm 0.5% 0.25W(1/4W) ±25ppm/°C Pad SMD T/R,IN_PRODUCTION,,0.0,34553.0,0.0,9.6 KW Inverter
Sienna,10-005014,RES SMD 59K OHM 1% 1/10W 0603,IN_PRODUCTION,,0.0,6218.0,0.0,9.6 KW Inverter
Sienna,10-005018,RES 3.3M OHM 5% 1/10W 0603,IN_PRODUCTION,,0.0,16849.0,0.0,9.6 KW Inverter
Sienna,10-005019,Res Thick Film 0603 4.7K Ohm 1% 0.1W(1/10W) ±100ppm/°C Pad SMD T/R,IN_PRODUCTION,,0.0,21870.0,0.0,9.6 KW Inverter
Sienna,10-005031,Cap Ceramic 100pF 50V C0G 1% Pad SMD 0603 125°C Medical T/R,IN_PRODUCTION,,0.0,181245.0,0.0,Maximizer Box
Sienna,10-005035,DIGITAL TRANSFORMER,IN_PRODUCTION,,0.0,5955.0,0.0,"9.6 KW Inverter, PV Hub"
Sienna,10-005043,Cap Ceramic 5pF 50V C0G 0.25pF Pad SMD 0603 125°C Automotive AEC-Q200 T/R,IN_PRODUCTION,,0.0,18982.0,0.0,9.6 KW Inverter
Sienna,10-005044,FIXED IND 2.2UH 1.7A 60 MOHM SMD AEC-Q,IN_PRODUCTION,,0.0,15384.0,0.0,Bridge
Sienna,10-005077,CAP CER 1UF 50V X7R 0603,IN_PRODUCTION,,0.0,12722.0,0.0,9.6 KW Inverter
Sienna,10-005110,"Insulator Sheet, Filter Board Integrated PSA, D",IN_PRODUCTION,,0.0,4260.0,0.0,9.6 KW Inverter
Sienna,10-005124,"Screw,SEMS,M5x0.8,10mm,Bellevile washer,BHT T-25,Flange,Steel",IN_PRODUCTION,,0.0,10044.0,0.0,9.6 KW Inverter
Sienna,10-005151,"Potted Wire Passthrough and Inductor Housing, Inverter Power Module, D",IN_PRODUCTION,,0.0,1327.0,0.0,9.6 KW Inverter
Sienna,10-005157,"Potted Pin Passthrough and Inductor Housing, Inverter Power Module, D",IN_PRODUCTION,,0.0,1972.0,0.0,9.6 KW Inverter
Sienna,10-005184,IC REG LINEAR 12V 2A HRP-5,IN_PRODUCTION,,0.0,6816.0,0.0,9.6 KW Inverter
Sienna,10-005189,MOSFET N-CH 80V 100A TDSON,IN_PRODUCTION,,0.0,68355.0,0.0,Maximizer Box
Sienna,10-005190,RES 402K OHM 1% 1/4W 1206 AEC-Q,IN_PRODUCTION,,0.0,340368.0,0.0,9.6 KW Inverter
Sienna,10-005197,RES 3M OHM 1% 1/4W 1206 AEC-Q,IN_PRODUCTION,,0.0,27311.0,0.0,9.6 KW Inverter
Sienna,10-005231,RES 6.8 OHM 5% 1/4W 0603 AEC-Q,IN_PRODUCTION,,0.0,21828.0,0.0,9.6 KW Inverter
Sienna,10-005247,"Screw,M3x11mm,BHT T10,Flange,BF,Steel,Zinc",IN_PRODUCTION,,0.0,22039.0,0.0,9.6 KW Inverter
Sienna,10-005294,"TIM, PCBA, Filter Board, Inverter, D",IN_PRODUCTION,,0.0,4329.0,0.0,9.6 KW Inverter
Sienna,10-005300,"Seal, Exhaust Duct, Adhesive Backed, Strip, D",IN_PRODUCTION,,0.0,8412.0,0.0,9.6 KW Inverter
Sienna,10-005303,"Foam Gasket, Protective Hat, Capacitance Board, D",IN_PRODUCTION,,0.0,4263.0,0.0,9.6 KW Inverter
Sienna,10-005304,"Foam Strip, 40mm L, Protective Hat, D",IN_PRODUCTION,,0.0,4380.0,0.0,9.6 KW Inverter
Sienna,10-005306,"Foam Strip, 18mm L, Protective Hat, D",IN_PRODUCTION,,0.0,12651.0,0.0,9.6 KW Inverter
Sienna,10-005307,"Foam Strip, 140mm L, Protective Hat, D",IN_PRODUCTION,,0.0,8560.0,0.0,9.6 KW Inverter
Sienna,10-005313,RES 3.9K OHM 0.1% 1/10W 0603 AEC-Q,IN_PRODUCTION,,0.0,87303.0,0.0,Maximizer Box
Sienna,10-005411,RES 10K OHM 1% 1/10W 0603,IN_PRODUCTION,,0.0,19072.0,0.0,9.6 KW Inverter
Sienna,10-005825,IC Op Amp Single GP R-R O/P 5.5V Automotive AEC-Q100 5-Pin SOT-23,IN_PRODUCTION,,0.0,5008.0,0.0,9.6 KW Inverter
Sienna,10-005828,"Top Cover Gasket, Filter Board, Inverter, D",IN_PRODUCTION,,0.0,4098.0,0.0,9.6 KW Inverter
Sienna,10-005834,Rectifier Diode Small Signal Switching 85V 0.215A 3000ns 2-Pin SOD-323 T/R,IN_PRODUCTION,,0.0,26056.0,0.0,9.6 KW Inverter
Sienna,10-005864,"Packaging, Maximizer, Center Support Bar",IN_PRODUCTION,,0.0,3083.3500229237998,0.0,Maximizer Box
Sienna,10-005867,"Packaging, Maximizer, Partition Length",IN_PRODUCTION,,0.0,6222.7001281238,0.0,Maximizer Box
Sienna,10-005868,"Packaging, Maximizer, Bottom Pad",IN_PRODUCTION,,0.0,3988.3500857065,0.0,Maximizer Box
Sienna,10-005869,"Packaging, Maximizer, RSC Shipping Box",IN_PRODUCTION,,0.0,3374.999999243,0.0,Maximizer Box
Sienna,10-005944,RES 75K OHM 1% 1/16W 0402,IN_PRODUCTION,,0.0,16248.0,0.0,9.6 KW Inverter
Sienna,10-005976,RES 3M OHM 1% 1W 2512,IN_PRODUCTION,,0.0,14848.0,0.0,9.6 KW Inverter
Sienna,10-006072,"Screw, SEMS, M3x0.5x6, T10, Square-Cone Washer, SS",IN_PRODUCTION,,0.0,83881.0,0.0,9.6 KW Inverter
Sienna,10-006073,"Screw, SEMS, M3x0.5x8, T10, Square-Cone Washer, SS",IN_PRODUCTION,,0.0,14627.0,0.0,9.6 KW Inverter
Sienna,10-006074,"Screw, SEMS, M3x0.5x10, T10, Square-Cone Washer, SS",IN_PRODUCTION,,0.0,42702.0,0.0,9.6 KW Inverter
Sienna,10-006075,SCREW DELTA PT 50x1.80-14.00 T25 TORX RECESS WASHER PAN HEAD,IN_PRODUCTION,,0.0,8174.0,0.0,9.6 KW Inverter
Sienna,10-006108,"Label, Overcurrent Device, Bridge",IN_PRODUCTION,,0.0,8716.0,0.0,Bridge
Sienna,10-006109,"Label, Traceability, 22x10mm",IN_PRODUCTION,,0.0,110014.0,0.0,"9.6 KW Inverter, Bridge, Maximizer Box, PV Hub"
Sienna,10-006129,FUSE BOARD MOUNT 5A 250VAC 2SMD,IN_PRODUCTION,,0.0,6436.0,0.0,9.6 KW Inverter
Sienna,10-006153,FLASH - NAND (MLC) Memory IC 8Gb (512M x 16) eMMC 153-LFBGA (11.5x13),IN_PRODUCTION,,0.0,7906.0,0.0,9.6 KW Inverter
Sienna,10-006194,RES 330K OHM 1% 2W 2512 AEC-Q,IN_PRODUCTION,,0.0,49832.0,0.0,9.6 KW Inverter
Sienna,10-006271,CAP FILM 5UF 10% 600VDC RADIAL,IN_PRODUCTION,,0.0,2137.0,0.0,9.6 KW Inverter
Sienna,10-006277,"Label, Breaker Warning, Bridge",IN_PRODUCTION,,0.0,8200.0,0.0,Bridge
Sienna,10-006278,CAP FILM 0.47UF 20% 630VDC RAD X2,IN_PRODUCTION,,0.0,11697.0,0.0,9.6 KW Inverter
Sienna,10-006363,ISOMOV 8KA 250VRMS -40 °C to +125 °C BULK CRIMPED LEADS,IN_PRODUCTION,,0.0,9768.0,0.0,9.6 KW Inverter
Sienna,10-006426,"Heat spreader, Aluminum Nitride, TIM and pre-applied, Type B",IN_PRODUCTION,,0.0,4932.0,0.0,9.6 KW Inverter
Sienna,10-006475,"Module AUTOMOTIVE, 2.5-W, 24-VIN, 25-VO 36-BSSOP (0.295"", 7.50mm Width)",IN_PRODUCTION,,0.0,7296.0,0.0,9.6 KW Inverter
Sienna,10-006582,CAP CER 1000PF 2KV X7R 1206,IN_PRODUCTION,,0.0,124591.0,0.0,Maximizer Box
Sienna,10-006651,RES SMD 60.4K OHM 0.1% 1/8W 0805 AEC-Q,IN_PRODUCTION,,0.0,153908.0,0.0,Maximizer Box
Sienna,10-006652,RES SMD 10K OHM 0.1% 1/8W 0805,IN_PRODUCTION,,0.0,215213.0,0.0,Maximizer Box
Sienna,10-006654,DIODE ZENER 68V 3W SMB,IN_PRODUCTION,,0.0,99295.0,0.0,Maximizer Box
Sienna,10-006675,RES SMD 51K OHM 0.1% 1/10W 0603,IN_PRODUCTION,,0.0,9752.0,0.0,9.6 KW Inverter
Sienna,10-006676,RES SMD 3.6K OHM 0.1% 1/10W 0603,IN_PRODUCTION,,0.0,4733.0,0.0,9.6 KW Inverter
Sienna,10-006691,CAP CER 4700PF 3KV X7R 2220,IN_PRODUCTION,,0.0,15299.0,0.0,9.6 KW Inverter
Sienna,10-006695,DIODE ZENER 4.03V 960MW DO219AC,IN_PRODUCTION,,0.0,24983.0,0.0,9.6 KW Inverter
Sienna,10-006699,FIXED IND 2.2UH 1.7A 72 MOHM SMD AEC-Q,IN_PRODUCTION,,0.0,42166.0,0.0,9.6 KW Inverter
Sienna,10-06732A,"Label, Warning, PCS",IN_PRODUCTION,,0.0,10895.0,0.0,"Bridge, Rogowski Coil"
Sienna,10-06833A,"Label, Compliance, Bridge, Type B",IN_PRODUCTION,,0.0,6217.0,0.0,Bridge
Sienna,10-06847A,"Label, Low Voltage Wire Routing Diagram, Bridge, Type B",IN_PRODUCTION,,0.0,6598.0,0.0,Bridge
Sienna,10-06953C,"Label,Compliance,Inverter",IN_PRODUCTION,,0.0,9130.0,0.0,9.6 KW Inverter
Sienna,10-07132A,DIODE ZENER 22V 5W DO214AA,IN_PRODUCTION,,0.0,7402.0,0.0,9.6 KW Inverter
Sienna,10-07244A,RES SMD 332 OHM 1% 1/2W 0805 AEC-Q,IN_PRODUCTION,,0.0,7094.0,0.0,9.6 KW Inverter
