"serial_id","ship_date","shipment_number","ship_to_location","packing_slip_number","po_number","po_line_number","lunar_part_number","part_description","qty","ship_method","tracking_number","ima_item_id","source_file","source_file_timestamp","_db_created_at","_db_modified_at"
,2026-08-13 17:00:00,53429,Attn: Cynthia Li 755 Ravendale Drive,190443,PO-US-09394,3,10-000778,"Screw,M5x0.8 6g x10mm,BHT T-25,Flange,Steel,ZiNi BC,Nylon Patch",55,UPS Ground - COL (CUST),1Z562E8W0367412143,814L-10-000778@Rev2,ASN_20260815.csv,2026-08-14 18:00:12,2026-08-14 18:00:22,2026-08-14 18:00:22
P:10-06103CR:03S:QTL261703435,2026-08-06 17:00:00,52379,Receiving Stores - ATLN 475 Horizon Dr.,190274,PO-US-06924,1,10-06103C,"(10-06103C) PCBA, Terminal Board, Type C, Coated",1,FedEx Freight - COL,300418119528,814-4656@RevNEW,ASN_20260808.csv,2026-08-07 18:00:15,2026-08-07 18:00:26,2026-08-07 18:00:26
P:10-06103CR:03S:QTL261703441,2026-08-06 17:00:00,52379,Receiving Stores - ATLN 475 Horizon Dr.,190274,PO-US-06924,1,10-06103C,"(10-06103C) PCBA, Terminal Board, Type C, Coated",1,FedEx Freight - COL,300418119528,814-4656@RevNEW,ASN_20260808.csv,2026-08-07 18:00:15,2026-08-07 18:00:26,2026-08-07 18:00:26
P:10-06103CR:03S:QTL261703449,2026-08-06 17:00:00,52379,Receiving Stores - ATLN 475 Horizon Dr.,190274,PO-US-06924,1,10-06103C,"(10-06103C) PCBA, Terminal Board, Type C, Coated",1,FedEx Freight - COL,300418119528,814-4656@RevNEW,ASN_20260808.csv,2026-08-07 18:00:15,2026-08-07 18:00:26,2026-08-07 18:00:26
P:10-06103CR:03S:QTL261703450,2026-08-06 17:00:00,52379,Receiving Stores - ATLN 475 Horizon Dr.,190274,PO-US-06924,1,10-06103C,"(10-06103C) PCBA, Terminal Board, Type C, Coated",1,FedEx Freight - COL,300418119528,814-4656@RevNEW,ASN_20260808.csv,2026-08-07 18:00:15,2026-08-07 18:00:26,2026-08-07 18:00:26
P:10-06103CR:03S:QTL261703451,2026-08-06 17:00:00,52379,Receiving Stores - ATLN 475 Horizon Dr.,190274,PO-US-06924,1,10-06103C,"(10-06103C) PCBA, Terminal Board, Type C, Coated",1,FedEx Freight - COL,300418119528,814-4656@RevNEW,ASN_20260808.csv,2026-08-07 18:00:15,2026-08-07 18:00:26,2026-08-07 18:00:26
P:10-06103CR:03S:QTL261703460,2026-08-06 17:00:00,52379,Receiving Stores - ATLN 475 Horizon Dr.,190274,PO-US-06924,1,10-06103C,"(10-06103C) PCBA, Terminal Board, Type C, Coated",1,FedEx Freight - COL,300418119528,814-4656@RevNEW,ASN_20260808.csv,2026-08-07 18:00:15,2026-08-07 18:00:26,2026-08-07 18:00:26
P:10-06103CR:03S:QTL261703484,2026-08-06 17:00:00,52379,Receiving Stores - ATLN 475 Horizon Dr.,190274,PO-US-06924,1,10-06103C,"(10-06103C) PCBA, Terminal Board, Type C, Coated",1,FedEx Freight - COL,300418119528,814-4656@RevNEW,ASN_20260808.csv,2026-08-07 18:00:15,2026-08-07 18:00:26,2026-08-07 18:00:26
P:10-06103CR:03S:QTL261703489,2026-08-06 17:00:00,52379,Receiving Stores - ATLN 475 Horizon Dr.,190274,PO-US-06924,1,10-06103C,"(10-06103C) PCBA, Terminal Board, Type C, Coated",1,FedEx Freight - COL,300418119528,814-4656@RevNEW,ASN_20260808.csv,2026-08-07 18:00:15,2026-08-07 18:00:26,2026-08-07 18:00:26
P:10-06103CR:03S:QTL261703490,2026-08-06 17:00:00,52379,Receiving Stores - ATLN 475 Horizon Dr.,190274,PO-US-06924,1,10-06103C,"(10-06103C) PCBA, Terminal Board, Type C, Coated",1,FedEx Freight - COL,300418119528,814-4656@RevNEW,ASN_20260808.csv,2026-08-07 18:00:15,2026-08-07 18:00:26,2026-08-07 18:00:26
P:10-06103CR:03S:QTL261703494,2026-08-06 17:00:00,52379,Receiving Stores - ATLN 475 Horizon Dr.,190274,PO-US-06924,1,10-06103C,"(10-06103C) PCBA, Terminal Board, Type C, Coated",1,FedEx Freight - COL,300418119528,814-4656@RevNEW,ASN_20260808.csv,2026-08-07 18:00:15,2026-08-07 18:00:26,2026-08-07 18:00:26
P:10-06103CR:03S:QTL261703526,2026-08-06 17:00:00,52379,Receiving Stores - ATLN 475 Horizon Dr.,190274,PO-US-06924,1,10-06103C,"(10-06103C) PCBA, Terminal Board, Type C, Coated",1,FedEx Freight - COL,300418119528,814-4656@RevNEW,ASN_20260808.csv,2026-08-07 18:00:15,2026-08-07 18:00:26,2026-08-07 18:00:26
P:10-06103CR:03S:QTL261703534,2026-08-06 17:00:00,52379,Receiving Stores - ATLN 475 Horizon Dr.,190274,PO-US-06924,1,10-06103C,"(10-06103C) PCBA, Terminal Board, Type C, Coated",1,FedEx Freight - COL,300418119528,814-4656@RevNEW,ASN_20260808.csv,2026-08-07 18:00:15,2026-08-07 18:00:26,2026-08-07 18:00:26
P:10-06103CR:03S:QTL261703535,2026-08-06 17:00:00,52379,Receiving Stores - ATLN 475 Horizon Dr.,190274,PO-US-06924,1,10-06103C,"(10-06103C) PCBA, Terminal Board, Type C, Coated",1,FedEx Freight - COL,300418119528,814-4656@RevNEW,ASN_20260808.csv,2026-08-07 18:00:15,2026-08-07 18:00:26,2026-08-07 18:00:26
P:10-06103CR:03S:QTL261703539,2026-08-06 17:00:00,52379,Receiving Stores - ATLN 475 Horizon Dr.,190274,PO-US-06924,1,10-06103C,"(10-06103C) PCBA, Terminal Board, Type C, Coated",1,FedEx Freight - COL,300418119528,814-4656@RevNEW,ASN_20260808.csv,2026-08-07 18:00:15,2026-08-07 18:00:26,2026-08-07 18:00:26
P:10-06103CR:03S:QTL261703548,2026-08-06 17:00:00,52379,Receiving Stores - ATLN 475 Horizon Dr.,190274,PO-US-06924,1,10-06103C,"(10-06103C) PCBA, Terminal Board, Type C, Coated",1,FedEx Freight - COL,300418119528,814-4656@RevNEW,ASN_20260808.csv,2026-08-07 18:00:15,2026-08-07 18:00:26,2026-08-07 18:00:26
P:10-06103CR:03S:QTL261703556,2026-08-06 17:00:00,52379,Receiving Stores - ATLN 475 Horizon Dr.,190274,PO-US-06924,1,10-06103C,"(10-06103C) PCBA, Terminal Board, Type C, Coated",1,FedEx Freight - COL,300418119528,814-4656@RevNEW,ASN_20260808.csv,2026-08-07 18:00:15,2026-08-07 18:00:26,2026-08-07 18:00:26
P:10-06103CR:03S:QTL261703561,2026-08-06 17:00:00,52379,Receiving Stores - ATLN 475 Horizon Dr.,190274,PO-US-06924,1,10-06103C,"(10-06103C) PCBA, Terminal Board, Type C, Coated",1,FedEx Freight - COL,300418119528,814-4656@RevNEW,ASN_20260808.csv,2026-08-07 18:00:15,2026-08-07 18:00:26,2026-08-07 18:00:26
P:10-06103CR:03S:QTL261703616,2026-08-06 17:00:00,52379,Receiving Stores - ATLN 475 Horizon Dr.,190274,PO-US-06924,1,10-06103C,"(10-06103C) PCBA, Terminal Board, Type C, Coated",1,FedEx Freight - COL,300418119528,814-4656@RevNEW,ASN_20260808.csv,2026-08-07 18:00:15,2026-08-07 18:00:26,2026-08-07 18:00:26
P:10-06103CR:03S:QTL261703617,2026-08-06 17:00:00,52379,Receiving Stores - ATLN 475 Horizon Dr.,190274,PO-US-06924,1,10-06103C,"(10-06103C) PCBA, Terminal Board, Type C, Coated",1,FedEx Freight - COL,300418119528,814-4656@RevNEW,ASN_20260808.csv,2026-08-07 18:00:15,2026-08-07 18:00:26,2026-08-07 18:00:26
P:10-06103CR:03S:QTL261703620,2026-08-06 17:00:00,52379,Receiving Stores - ATLN 475 Horizon Dr.,190274,PO-US-06924,1,10-06103C,"(10-06103C) PCBA, Terminal Board, Type C, Coated",1,FedEx Freight - COL,300418119528,814-4656@RevNEW,ASN_20260808.csv,2026-08-07 18:00:15,2026-08-07 18:00:26,2026-08-07 18:00:26
P:10-06103CR:03S:QTL261703629,2026-08-06 17:00:00,52379,Receiving Stores - ATLN 475 Horizon Dr.,190274,PO-US-06924,1,10-06103C,"(10-06103C) PCBA, Terminal Board, Type C, Coated",1,FedEx Freight - COL,300418119528,814-4656@RevNEW,ASN_20260808.csv,2026-08-07 18:00:15,2026-08-07 18:00:26,2026-08-07 18:00:26
P:10-06103CR:03S:QTL261703632,2026-08-06 17:00:00,52379,Receiving Stores - ATLN 475 Horizon Dr.,190274,PO-US-06924,1,10-06103C,"(10-06103C) PCBA, Terminal Board, Type C, Coated",1,FedEx Freight - COL,300418119528,814-4656@RevNEW,ASN_20260808.csv,2026-08-07 18:00:15,2026-08-07 18:00:26,2026-08-07 18:00:26
P:10-06103CR:03S:QTL261703657,2026-08-06 17:00:00,52379,Receiving Stores - ATLN 475 Horizon Dr.,190274,PO-US-06924,1,10-06103C,"(10-06103C) PCBA, Terminal Board, Type C, Coated",1,FedEx Freight - COL,300418119528,814-4656@RevNEW,ASN_20260808.csv,2026-08-07 18:00:15,2026-08-07 18:00:26,2026-08-07 18:00:26
P:10-06103CR:03S:QTL261703659,2026-08-06 17:00:00,52379,Receiving Stores - ATLN 475 Horizon Dr.,190274,PO-US-06924,1,10-06103C,"(10-06103C) PCBA, Terminal Board, Type C, Coated",1,FedEx Freight - COL,300418119528,814-4656@RevNEW,ASN_20260808.csv,2026-08-07 18:00:15,2026-08-07 18:00:26,2026-08-07 18:00:26
P:10-06103CR:03S:QTL261703660,2026-08-06 17:00:00,52379,Receiving Stores - ATLN 475 Horizon Dr.,190274,PO-US-06924,1,10-06103C,"(10-06103C) PCBA, Terminal Board, Type C, Coated",1,FedEx Freight - COL,300418119528,814-4656@RevNEW,ASN_20260808.csv,2026-08-07 18:00:15,2026-08-07 18:00:26,2026-08-07 18:00:26
P:10-06103CR:03S:QTL261703670,2026-08-06 17:00:00,52379,Receiving Stores - ATLN 475 Horizon Dr.,190274,PO-US-06924,1,10-06103C,"(10-06103C) PCBA, Terminal Board, Type C, Coated",1,FedEx Freight - COL,300418119528,814-4656@RevNEW,ASN_20260808.csv,2026-08-07 18:00:15,2026-08-07 18:00:26,2026-08-07 18:00:26
P:10-06103CR:03S:QTL261703671,2026-08-06 17:00:00,52379,Receiving Stores - ATLN 475 Horizon Dr.,190274,PO-US-06924,1,10-06103C,"(10-06103C) PCBA, Terminal Board, Type C, Coated",1,FedEx Freight - COL,300418119528,814-4656@RevNEW,ASN_20260808.csv,2026-08-07 18:00:15,2026-08-07 18:00:26,2026-08-07 18:00:26
P:10-06103CR:03S:QTL261703672,2026-08-06 17:00:00,52379,Receiving Stores - ATLN 475 Horizon Dr.,190274,PO-US-06924,1,10-06103C,"(10-06103C) PCBA, Terminal Board, Type C, Coated",1,FedEx Freight - COL,300418119528,814-4656@RevNEW,ASN_20260808.csv,2026-08-07 18:00:15,2026-08-07 18:00:26,2026-08-07 18:00:26
P:10-06103CR:03S:QTL261703673,2026-08-06 17:00:00,52379,Receiving Stores - ATLN 475 Horizon Dr.,190274,PO-US-06924,1,10-06103C,"(10-06103C) PCBA, Terminal Board, Type C, Coated",1,FedEx Freight - COL,300418119528,814-4656@RevNEW,ASN_20260808.csv,2026-08-07 18:00:15,2026-08-07 18:00:26,2026-08-07 18:00:26
P:10-06103CR:03S:QTL261703674,2026-08-06 17:00:00,52379,Receiving Stores - ATLN 475 Horizon Dr.,190274,PO-US-06924,1,10-06103C,"(10-06103C) PCBA, Terminal Board, Type C, Coated",1,FedEx Freight - COL,300418119528,814-4656@RevNEW,ASN_20260808.csv,2026-08-07 18:00:15,2026-08-07 18:00:26,2026-08-07 18:00:26
P:10-06103CR:03S:QTL261703677,2026-08-06 17:00:00,52379,Receiving Stores - ATLN 475 Horizon Dr.,190274,PO-US-06924,1,10-06103C,"(10-06103C) PCBA, Terminal Board, Type C, Coated",1,FedEx Freight - COL,300418119528,814-4656@RevNEW,ASN_20260808.csv,2026-08-07 18:00:15,2026-08-07 18:00:26,2026-08-07 18:00:26
P:10-06103CR:03S:QTL261703681,2026-08-06 17:00:00,52379,Receiving Stores - ATLN 475 Horizon Dr.,190274,PO-US-06924,1,10-06103C,"(10-06103C) PCBA, Terminal Board, Type C, Coated",1,FedEx Freight - COL,300418119528,814-4656@RevNEW,ASN_20260808.csv,2026-08-07 18:00:15,2026-08-07 18:00:26,2026-08-07 18:00:26
P:10-06103CR:03S:QTL261703682,2026-08-06 17:00:00,52379,Receiving Stores - ATLN 475 Horizon Dr.,190274,PO-US-06924,1,10-06103C,"(10-06103C) PCBA, Terminal Board, Type C, Coated",1,FedEx Freight - COL,300418119528,814-4656@RevNEW,ASN_20260808.csv,2026-08-07 18:00:15,2026-08-07 18:00:26,2026-08-07 18:00:26
P:10-06103CR:03S:QTL261703683,2026-08-06 17:00:00,52379,Receiving Stores - ATLN 475 Horizon Dr.,190274,PO-US-06924,1,10-06103C,"(10-06103C) PCBA, Terminal Board, Type C, Coated",1,FedEx Freight - COL,300418119528,814-4656@RevNEW,ASN_20260808.csv,2026-08-07 18:00:15,2026-08-07 18:00:26,2026-08-07 18:00:26
P:10-06103CR:03S:QTL261703684,2026-08-06 17:00:00,52379,Receiving Stores - ATLN 475 Horizon Dr.,190274,PO-US-06924,1,10-06103C,"(10-06103C) PCBA, Terminal Board, Type C, Coated",1,FedEx Freight - COL,300418119528,814-4656@RevNEW,ASN_20260808.csv,2026-08-07 18:00:15,2026-08-07 18:00:26,2026-08-07 18:00:26
P:10-06103CR:03S:QTL261703685,2026-08-06 17:00:00,52379,Receiving Stores - ATLN 475 Horizon Dr.,190274,PO-US-06924,1,10-06103C,"(10-06103C) PCBA, Terminal Board, Type C, Coated",1,FedEx Freight - COL,300418119528,814-4656@RevNEW,ASN_20260808.csv,2026-08-07 18:00:15,2026-08-07 18:00:26,2026-08-07 18:00:26
P:10-06103CR:03S:QTL261703688,2026-08-06 17:00:00,52379,Receiving Stores - ATLN 475 Horizon Dr.,190274,PO-US-06924,1,10-06103C,"(10-06103C) PCBA, Terminal Board, Type C, Coated",1,FedEx Freight - COL,300418119528,814-4656@RevNEW,ASN_20260808.csv,2026-08-07 18:00:15,2026-08-07 18:00:26,2026-08-07 18:00:26
P:10-06103CR:03S:QTL262202065,2026-08-06 17:00:00,52379,Receiving Stores - ATLN 475 Horizon Dr.,190274,PO-US-06924,1,10-06103C,"(10-06103C) PCBA, Terminal Board, Type C, Coated",1,FedEx Freight - COL,300418119528,814-4656@RevNEW,ASN_20260808.csv,2026-08-07 18:00:15,2026-08-07 18:00:26,2026-08-07 18:00:26
P:10-06103CR:03S:QTL262202068,2026-08-06 17:00:00,52379,Receiving Stores - ATLN 475 Horizon Dr.,190274,PO-US-06924,1,10-06103C,"(10-06103C) PCBA, Terminal Board, Type C, Coated",1,FedEx Freight - COL,300418119528,814-4656@RevNEW,ASN_20260808.csv,2026-08-07 18:00:15,2026-08-07 18:00:26,2026-08-07 18:00:26
P:10-06103CR:03S:QTL262202074,2026-08-06 17:00:00,52379,Receiving Stores - ATLN 475 Horizon Dr.,190274,PO-US-06924,1,10-06103C,"(10-06103C) PCBA, Terminal Board, Type C, Coated",1,FedEx Freight - COL,300418119528,814-4656@RevNEW,ASN_20260808.csv,2026-08-07 18:00:15,2026-08-07 18:00:26,2026-08-07 18:00:26
P:10-06103CR:03S:QTL262202082,2026-08-06 17:00:00,52379,Receiving Stores - ATLN 475 Horizon Dr.,190274,PO-US-06924,1,10-06103C,"(10-06103C) PCBA, Terminal Board, Type C, Coated",1,FedEx Freight - COL,300418119528,814-4656@RevNEW,ASN_20260808.csv,2026-08-07 18:00:15,2026-08-07 18:00:26,2026-08-07 18:00:26
P:10-06103CR:03S:QTL262202085,2026-08-06 17:00:00,52379,Receiving Stores - ATLN 475 Horizon Dr.,190274,PO-US-06924,1,10-06103C,"(10-06103C) PCBA, Terminal Board, Type C, Coated",1,FedEx Freight - COL,300418119528,814-4656@RevNEW,ASN_20260808.csv,2026-08-07 18:00:15,2026-08-07 18:00:26,2026-08-07 18:00:26
P:10-06103CR:03S:QTL262202106,2026-08-06 17:00:00,52379,Receiving Stores - ATLN 475 Horizon Dr.,190274,PO-US-06924,1,10-06103C,"(10-06103C) PCBA, Terminal Board, Type C, Coated",1,FedEx Freight - COL,300418119528,814-4656@RevNEW,ASN_20260808.csv,2026-08-07 18:00:15,2026-08-07 18:00:26,2026-08-07 18:00:26
P:10-06103CR:03S:QTL262202130,2026-08-06 17:00:00,52379,Receiving Stores - ATLN 475 Horizon Dr.,190274,PO-US-06924,1,10-06103C,"(10-06103C) PCBA, Terminal Board, Type C, Coated",1,FedEx Freight - COL,300418119528,814-4656@RevNEW,ASN_20260808.csv,2026-08-07 18:00:15,2026-08-07 18:00:26,2026-08-07 18:00:26
P:10-06103CR:03S:QTL262202131,2026-08-06 17:00:00,52379,Receiving Stores - ATLN 475 Horizon Dr.,190274,PO-US-06924,1,10-06103C,"(10-06103C) PCBA, Terminal Board, Type C, Coated",1,FedEx Freight - COL,300418119528,814-4656@RevNEW,ASN_20260808.csv,2026-08-07 18:00:15,2026-08-07 18:00:26,2026-08-07 18:00:26
P:10-06103CR:03S:QTL262202133,2026-08-06 17:00:00,52379,Receiving Stores - ATLN 475 Horizon Dr.,190274,PO-US-06924,1,10-06103C,"(10-06103C) PCBA, Terminal Board, Type C, Coated",1,FedEx Freight - COL,300418119528,814-4656@RevNEW,ASN_20260808.csv,2026-08-07 18:00:15,2026-08-07 18:00:26,2026-08-07 18:00:26
P:10-06103CR:03S:QTL262202139,2026-08-06 17:00:00,52379,Receiving Stores - ATLN 475 Horizon Dr.,190274,PO-US-06924,1,10-06103C,"(10-06103C) PCBA, Terminal Board, Type C, Coated",1,FedEx Freight - COL,300418119528,814-4656@RevNEW,ASN_20260808.csv,2026-08-07 18:00:15,2026-08-07 18:00:26,2026-08-07 18:00:26
P:10-06103CR:03S:QTL262202160,2026-08-06 17:00:00,52379,Receiving Stores - ATLN 475 Horizon Dr.,190274,PO-US-06924,1,10-06103C,"(10-06103C) PCBA, Terminal Board, Type C, Coated",1,FedEx Freight - COL,300418119528,814-4656@RevNEW,ASN_20260808.csv,2026-08-07 18:00:15,2026-08-07 18:00:26,2026-08-07 18:00:26
P:10-06103CR:03S:QTL262202165,2026-08-06 17:00:00,52379,Receiving Stores - ATLN 475 Horizon Dr.,190274,PO-US-06924,1,10-06103C,"(10-06103C) PCBA, Terminal Board, Type C, Coated",1,FedEx Freight - COL,300418119528,814-4656@RevNEW,ASN_20260808.csv,2026-08-07 18:00:15,2026-08-07 18:00:26,2026-08-07 18:00:26
P:10-06103CR:03S:QTL262202166,2026-08-06 17:00:00,52379,Receiving Stores - ATLN 475 Horizon Dr.,190274,PO-US-06924,1,10-06103C,"(10-06103C) PCBA, Terminal Board, Type C, Coated",1,FedEx Freight - COL,300418119528,814-4656@RevNEW,ASN_20260808.csv,2026-08-07 18:00:15,2026-08-07 18:00:26,2026-08-07 18:00:26
P:10-06103CR:03S:QTL262202173,2026-08-06 17:00:00,52379,Receiving Stores - ATLN 475 Horizon Dr.,190274,PO-US-06924,1,10-06103C,"(10-06103C) PCBA, Terminal Board, Type C, Coated",1,FedEx Freight - COL,300418119528,814-4656@RevNEW,ASN_20260808.csv,2026-08-07 18:00:15,2026-08-07 18:00:26,2026-08-07 18:00:26
P:10-06103CR:03S:QTL262202187,2026-08-06 17:00:00,52379,Receiving Stores - ATLN 475 Horizon Dr.,190274,PO-US-06924,1,10-06103C,"(10-06103C) PCBA, Terminal Board, Type C, Coated",1,FedEx Freight - COL,300418119528,814-4656@RevNEW,ASN_20260808.csv,2026-08-07 18:00:15,2026-08-07 18:00:26,2026-08-07 18:00:26
P:10-06103CR:03S:QTL262202189,2026-08-06 17:00:00,52379,Receiving Stores - ATLN 475 Horizon Dr.,190274,PO-US-06924,1,10-06103C,"(10-06103C) PCBA, Terminal Board, Type C, Coated",1,FedEx Freight - COL,300418119528,814-4656@RevNEW,ASN_20260808.csv,2026-08-07 18:00:15,2026-08-07 18:00:26,2026-08-07 18:00:26
P:10-06103CR:03S:QTL262202190,2026-08-06 17:00:00,52379,Receiving Stores - ATLN 475 Horizon Dr.,190274,PO-US-06924,1,10-06103C,"(10-06103C) PCBA, Terminal Board, Type C, Coated",1,FedEx Freight - COL,300418119528,814-4656@RevNEW,ASN_20260808.csv,2026-08-07 18:00:15,2026-08-07 18:00:26,2026-08-07 18:00:26
P:10-06103CR:03S:QTL262202205,2026-08-06 17:00:00,52379,Receiving Stores - ATLN 475 Horizon Dr.,190274,PO-US-06924,1,10-06103C,"(10-06103C) PCBA, Terminal Board, Type C, Coated",1,FedEx Freight - COL,300418119528,814-4656@RevNEW,ASN_20260808.csv,2026-08-07 18:00:15,2026-08-07 18:00:26,2026-08-07 18:00:26
P:10-06103CR:03S:QTL262202207,2026-08-06 17:00:00,52379,Receiving Stores - ATLN 475 Horizon Dr.,190274,PO-US-06924,1,10-06103C,"(10-06103C) PCBA, Terminal Board, Type C, Coated",1,FedEx Freight - COL,300418119528,814-4656@RevNEW,ASN_20260808.csv,2026-08-07 18:00:15,2026-08-07 18:00:26,2026-08-07 18:00:26
P:10-06103CR:03S:QTL262202208,2026-08-06 17:00:00,52379,Receiving Stores - ATLN 475 Horizon Dr.,190274,PO-US-06924,1,10-06103C,"(10-06103C) PCBA, Terminal Board, Type C, Coated",1,FedEx Freight - COL,300418119528,814-4656@RevNEW,ASN_20260808.csv,2026-08-07 18:00:15,2026-08-07 18:00:26,2026-08-07 18:00:26
P:10-06103CR:03S:QTL262202209,2026-08-06 17:00:00,52379,Receiving Stores - ATLN 475 Horizon Dr.,190274,PO-US-06924,1,10-06103C,"(10-06103C) PCBA, Terminal Board, Type C, Coated",1,FedEx Freight - COL,300418119528,814-4656@RevNEW,ASN_20260808.csv,2026-08-07 18:00:15,2026-08-07 18:00:26,2026-08-07 18:00:26
P:10-06103CR:03S:QTL262202211,2026-08-06 17:00:00,52379,Receiving Stores - ATLN 475 Horizon Dr.,190274,PO-US-06924,1,10-06103C,"(10-06103C) PCBA, Terminal Board, Type C, Coated",1,FedEx Freight - COL,300418119528,814-4656@RevNEW,ASN_20260808.csv,2026-08-07 18:00:15,2026-08-07 18:00:26,2026-08-07 18:00:26
P:10-06103CR:03S:QTL262202220,2026-08-06 17:00:00,52379,Receiving Stores - ATLN 475 Horizon Dr.,190274,PO-US-06924,1,10-06103C,"(10-06103C) PCBA, Terminal Board, Type C, Coated",1,FedEx Freight - COL,300418119528,814-4656@RevNEW,ASN_20260808.csv,2026-08-07 18:00:15,2026-08-07 18:00:26,2026-08-07 18:00:26
P:10-06103CR:03S:QTL262202221,2026-08-06 17:00:00,52379,Receiving Stores - ATLN 475 Horizon Dr.,190274,PO-US-06924,1,10-06103C,"(10-06103C) PCBA, Terminal Board, Type C, Coated",1,FedEx Freight - COL,300418119528,814-4656@RevNEW,ASN_20260808.csv,2026-08-07 18:00:15,2026-08-07 18:00:26,2026-08-07 18:00:26
P:10-06103CR:03S:QTL262202222,2026-08-06 17:00:00,52379,Receiving Stores - ATLN 475 Horizon Dr.,190274,PO-US-06924,1,10-06103C,"(10-06103C) PCBA, Terminal Board, Type C, Coated",1,FedEx Freight - COL,300418119528,814-4656@RevNEW,ASN_20260808.csv,2026-08-07 18:00:15,2026-08-07 18:00:26,2026-08-07 18:00:26
P:10-06103CR:03S:QTL262202223,2026-08-06 17:00:00,52379,Receiving Stores - ATLN 475 Horizon Dr.,190274,PO-US-06924,1,10-06103C,"(10-06103C) PCBA, Terminal Board, Type C, Coated",1,FedEx Freight - COL,300418119528,814-4656@RevNEW,ASN_20260808.csv,2026-08-07 18:00:15,2026-08-07 18:00:26,2026-08-07 18:00:26
P:10-06103CR:03S:QTL262202229,2026-08-06 17:00:00,52379,Receiving Stores - ATLN 475 Horizon Dr.,190274,PO-US-06924,1,10-06103C,"(10-06103C) PCBA, Terminal Board, Type C, Coated",1,FedEx Freight - COL,300418119528,814-4656@RevNEW,ASN_20260808.csv,2026-08-07 18:00:15,2026-08-07 18:00:26,2026-08-07 18:00:26
P:10-06103CR:03S:QTL262202234,2026-08-06 17:00:00,52379,Receiving Stores - ATLN 475 Horizon Dr.,190274,PO-US-06924,1,10-06103C,"(10-06103C) PCBA, Terminal Board, Type C, Coated",1,FedEx Freight - COL,300418119528,814-4656@RevNEW,ASN_20260808.csv,2026-08-07 18:00:15,2026-08-07 18:00:26,2026-08-07 18:00:26
P:10-06103CR:03S:QTL262202236,2026-08-06 17:00:00,52379,Receiving Stores - ATLN 475 Horizon Dr.,190274,PO-US-06924,1,10-06103C,"(10-06103C) PCBA, Terminal Board, Type C, Coated",1,FedEx Freight - COL,300418119528,814-4656@RevNEW,ASN_20260808.csv,2026-08-07 18:00:15,2026-08-07 18:00:26,2026-08-07 18:00:26
P:10-06103CR:03S:QTL262202246,2026-08-06 17:00:00,52379,Receiving Stores - ATLN 475 Horizon Dr.,190274,PO-US-06924,1,10-06103C,"(10-06103C) PCBA, Terminal Board, Type C, Coated",1,FedEx Freight - COL,300418119528,814-4656@RevNEW,ASN_20260808.csv,2026-08-07 18:00:15,2026-08-07 18:00:26,2026-08-07 18:00:26
P:10-06103CR:03S:QTL262202249,2026-08-06 17:00:00,52379,Receiving Stores - ATLN 475 Horizon Dr.,190274,PO-US-06924,1,10-06103C,"(10-06103C) PCBA, Terminal Board, Type C, Coated",1,FedEx Freight - COL,300418119528,814-4656@RevNEW,ASN_20260808.csv,2026-08-07 18:00:15,2026-08-07 18:00:26,2026-08-07 18:00:26
P:10-06103CR:03S:QTL262202252,2026-08-06 17:00:00,52379,Receiving Stores - ATLN 475 Horizon Dr.,190274,PO-US-06924,1,10-06103C,"(10-06103C) PCBA, Terminal Board, Type C, Coated",1,FedEx Freight - COL,300418119528,814-4656@RevNEW,ASN_20260808.csv,2026-08-07 18:00:15,2026-08-07 18:00:26,2026-08-07 18:00:26
P:10-06103CR:03S:QTL262202254,2026-08-06 17:00:00,52379,Receiving Stores - ATLN 475 Horizon Dr.,190274,PO-US-06924,1,10-06103C,"(10-06103C) PCBA, Terminal Board, Type C, Coated",1,FedEx Freight - COL,300418119528,814-4656@RevNEW,ASN_20260808.csv,2026-08-07 18:00:15,2026-08-07 18:00:26,2026-08-07 18:00:26
P:10-06103CR:03S:QTL262202255,2026-08-06 17:00:00,52379,Receiving Stores - ATLN 475 Horizon Dr.,190274,PO-US-06924,1,10-06103C,"(10-06103C) PCBA, Terminal Board, Type C, Coated",1,FedEx Freight - COL,300418119528,814-4656@RevNEW,ASN_20260808.csv,2026-08-07 18:00:15,2026-08-07 18:00:26,2026-08-07 18:00:26
P:10-06103CR:03S:QTL262202256,2026-08-06 17:00:00,52379,Receiving Stores - ATLN 475 Horizon Dr.,190274,PO-US-06924,1,10-06103C,"(10-06103C) PCBA, Terminal Board, Type C, Coated",1,FedEx Freight - COL,300418119528,814-4656@RevNEW,ASN_20260808.csv,2026-08-07 18:00:15,2026-08-07 18:00:26,2026-08-07 18:00:26
P:10-06103CR:03S:QTL262202258,2026-08-06 17:00:00,52379,Receiving Stores - ATLN 475 Horizon Dr.,190274,PO-US-06924,1,10-06103C,"(10-06103C) PCBA, Terminal Board, Type C, Coated",1,FedEx Freight - COL,300418119528,814-4656@RevNEW,ASN_20260808.csv,2026-08-07 18:00:15,2026-08-07 18:00:26,2026-08-07 18:00:26
P:10-06103CR:03S:QTL262202266,2026-08-06 17:00:00,52379,Receiving Stores - ATLN 475 Horizon Dr.,190274,PO-US-06924,1,10-06103C,"(10-06103C) PCBA, Terminal Board, Type C, Coated",1,FedEx Freight - COL,300418119528,814-4656@RevNEW,ASN_20260808.csv,2026-08-07 18:00:15,2026-08-07 18:00:26,2026-08-07 18:00:26
P:10-06103CR:03S:QTL262202270,2026-08-06 17:00:00,52379,Receiving Stores - ATLN 475 Horizon Dr.,190274,PO-US-06924,1,10-06103C,"(10-06103C) PCBA, Terminal Board, Type C, Coated",1,FedEx Freight - COL,300418119528,814-4656@RevNEW,ASN_20260808.csv,2026-08-07 18:00:15,2026-08-07 18:00:26,2026-08-07 18:00:26
P:10-06103CR:03S:QTL262202276,2026-08-06 17:00:00,52379,Receiving Stores - ATLN 475 Horizon Dr.,190274,PO-US-06924,1,10-06103C,"(10-06103C) PCBA, Terminal Board, Type C, Coated",1,FedEx Freight - COL,300418119528,814-4656@RevNEW,ASN_20260808.csv,2026-08-07 18:00:15,2026-08-07 18:00:26,2026-08-07 18:00:26
P:10-06103CR:03S:QTL262202281,2026-08-06 17:00:00,52379,Receiving Stores - ATLN 475 Horizon Dr.,190274,PO-US-06924,1,10-06103C,"(10-06103C) PCBA, Terminal Board, Type C, Coated",1,FedEx Freight - COL,300418119528,814-4656@RevNEW,ASN_20260808.csv,2026-08-07 18:00:15,2026-08-07 18:00:26,2026-08-07 18:00:26
P:10-06103CR:03S:QTL262202289,2026-08-06 17:00:00,52379,Receiving Stores - ATLN 475 Horizon Dr.,190274,PO-US-06924,1,10-06103C,"(10-06103C) PCBA, Terminal Board, Type C, Coated",1,FedEx Freight - COL,300418119528,814-4656@RevNEW,ASN_20260808.csv,2026-08-07 18:00:15,2026-08-07 18:00:26,2026-08-07 18:00:26
P:10-06103CR:03S:QTL262202291,2026-08-06 17:00:00,52379,Receiving Stores - ATLN 475 Horizon Dr.,190274,PO-US-06924,1,10-06103C,"(10-06103C) PCBA, Terminal Board, Type C, Coated",1,FedEx Freight - COL,300418119528,814-4656@RevNEW,ASN_20260808.csv,2026-08-07 18:00:15,2026-08-07 18:00:26,2026-08-07 18:00:26
P:10-06103CR:03S:QTL262202293,2026-08-06 17:00:00,52379,Receiving Stores - ATLN 475 Horizon Dr.,190274,PO-US-06924,1,10-06103C,"(10-06103C) PCBA, Terminal Board, Type C, Coated",1,FedEx Freight - COL,300418119528,814-4656@RevNEW,ASN_20260808.csv,2026-08-07 18:00:15,2026-08-07 18:00:26,2026-08-07 18:00:26
P:10-06103CR:03S:QTL262202294,2026-08-06 17:00:00,52379,Receiving Stores - ATLN 475 Horizon Dr.,190274,PO-US-06924,1,10-06103C,"(10-06103C) PCBA, Terminal Board, Type C, Coated",1,FedEx Freight - COL,300418119528,814-4656@RevNEW,ASN_20260808.csv,2026-08-07 18:00:15,2026-08-07 18:00:26,2026-08-07 18:00:26
P:10-06103CR:03S:QTL262202295,2026-08-06 17:00:00,52379,Receiving Stores - ATLN 475 Horizon Dr.,190274,PO-US-06924,1,10-06103C,"(10-06103C) PCBA, Terminal Board, Type C, Coated",1,FedEx Freight - COL,300418119528,814-4656@RevNEW,ASN_20260808.csv,2026-08-07 18:00:15,2026-08-07 18:00:26,2026-08-07 18:00:26
P:10-06103CR:03S:QTL262202297,2026-08-06 17:00:00,52379,Receiving Stores - ATLN 475 Horizon Dr.,190274,PO-US-06924,1,10-06103C,"(10-06103C) PCBA, Terminal Board, Type C, Coated",1,FedEx Freight - COL,300418119528,814-4656@RevNEW,ASN_20260808.csv,2026-08-07 18:00:15,2026-08-07 18:00:26,2026-08-07 18:00:26
P:10-06103CR:03S:QTL262202298,2026-08-06 17:00:00,52379,Receiving Stores - ATLN 475 Horizon Dr.,190274,PO-US-06924,1,10-06103C,"(10-06103C) PCBA, Terminal Board, Type C, Coated",1,FedEx Freight - COL,300418119528,814-4656@RevNEW,ASN_20260808.csv,2026-08-07 18:00:15,2026-08-07 18:00:26,2026-08-07 18:00:26
P:10-06103CR:03S:QTL262202310,2026-08-06 17:00:00,52379,Receiving Stores - ATLN 475 Horizon Dr.,190274,PO-US-06924,1,10-06103C,"(10-06103C) PCBA, Terminal Board, Type C, Coated",1,FedEx Freight - COL,300418119528,814-4656@RevNEW,ASN_20260808.csv,2026-08-07 18:00:15,2026-08-07 18:00:26,2026-08-07 18:00:26
P:10-06103CR:03S:QTL262202311,2026-08-06 17:00:00,52379,Receiving Stores - ATLN 475 Horizon Dr.,190274,PO-US-06924,1,10-06103C,"(10-06103C) PCBA, Terminal Board, Type C, Coated",1,FedEx Freight - COL,300418119528,814-4656@RevNEW,ASN_20260808.csv,2026-08-07 18:00:15,2026-08-07 18:00:26,2026-08-07 18:00:26
P:10-06103CR:03S:QTL262202315,2026-08-06 17:00:00,52379,Receiving Stores - ATLN 475 Horizon Dr.,190274,PO-US-06924,1,10-06103C,"(10-06103C) PCBA, Terminal Board, Type C, Coated",1,FedEx Freight - COL,300418119528,814-4656@RevNEW,ASN_20260808.csv,2026-08-07 18:00:15,2026-08-07 18:00:26,2026-08-07 18:00:26
P:10-06103CR:03S:QTL262202319,2026-08-06 17:00:00,52379,Receiving Stores - ATLN 475 Horizon Dr.,190274,PO-US-06924,1,10-06103C,"(10-06103C) PCBA, Terminal Board, Type C, Coated",1,FedEx Freight - COL,300418119528,814-4656@RevNEW,ASN_20260808.csv,2026-08-07 18:00:15,2026-08-07 18:00:26,2026-08-07 18:00:26
P:10-06103CR:03S:QTL262202320,2026-08-06 17:00:00,52379,Receiving Stores - ATLN 475 Horizon Dr.,190274,PO-US-06924,1,10-06103C,"(10-06103C) PCBA, Terminal Board, Type C, Coated",1,FedEx Freight - COL,300418119528,814-4656@RevNEW,ASN_20260808.csv,2026-08-07 18:00:15,2026-08-07 18:00:26,2026-08-07 18:00:26
P:10-06103CR:03S:QTL262202323,2026-08-06 17:00:00,52379,Receiving Stores - ATLN 475 Horizon Dr.,190274,PO-US-06924,1,10-06103C,"(10-06103C) PCBA, Terminal Board, Type C, Coated",1,FedEx Freight - COL,300418119528,814-4656@RevNEW,ASN_20260808.csv,2026-08-07 18:00:15,2026-08-07 18:00:26,2026-08-07 18:00:26
P:10-06103CR:03S:QTL262202325,2026-08-06 17:00:00,52379,Receiving Stores - ATLN 475 Horizon Dr.,190274,PO-US-06924,1,10-06103C,"(10-06103C) PCBA, Terminal Board, Type C, Coated",1,FedEx Freight - COL,300418119528,814-4656@RevNEW,ASN_20260808.csv,2026-08-07 18:00:15,2026-08-07 18:00:26,2026-08-07 18:00:26
P:10-06103CR:03S:QTL262202326,2026-08-06 17:00:00,52379,Receiving Stores - ATLN 475 Horizon Dr.,190274,PO-US-06924,1,10-06103C,"(10-06103C) PCBA, Terminal Board, Type C, Coated",1,FedEx Freight - COL,300418119528,814-4656@RevNEW,ASN_20260808.csv,2026-08-07 18:00:15,2026-08-07 18:00:26,2026-08-07 18:00:26
P:10-06103CR:03S:QTL262202327,2026-08-06 17:00:00,52379,Receiving Stores - ATLN 475 Horizon Dr.,190274,PO-US-06924,1,10-06103C,"(10-06103C) PCBA, Terminal Board, Type C, Coated",1,FedEx Freight - COL,300418119528,814-4656@RevNEW,ASN_20260808.csv,2026-08-07 18:00:15,2026-08-07 18:00:26,2026-08-07 18:00:26
P:10-06103CR:03S:QTL262202329,2026-08-06 17:00:00,52379,Receiving Stores - ATLN 475 Horizon Dr.,190274,PO-US-06924,1,10-06103C,"(10-06103C) PCBA, Terminal Board, Type C, Coated",1,FedEx Freight - COL,300418119528,814-4656@RevNEW,ASN_20260808.csv,2026-08-07 18:00:15,2026-08-07 18:00:26,2026-08-07 18:00:26
P:10-06103CR:03S:QTL262202334,2026-08-06 17:00:00,52379,Receiving Stores - ATLN 475 Horizon Dr.,190274,PO-US-06924,1,10-06103C,"(10-06103C) PCBA, Terminal Board, Type C, Coated",1,FedEx Freight - COL,300418119528,814-4656@RevNEW,ASN_20260808.csv,2026-08-07 18:00:15,2026-08-07 18:00:26,2026-08-07 18:00:26
P:10-06103CR:03S:QTL262202335,2026-08-06 17:00:00,52379,Receiving Stores - ATLN 475 Horizon Dr.,190274,PO-US-06924,1,10-06103C,"(10-06103C) PCBA, Terminal Board, Type C, Coated",1,FedEx Freight - COL,300418119528,814-4656@RevNEW,ASN_20260808.csv,2026-08-07 18:00:15,2026-08-07 18:00:26,2026-08-07 18:00:26
P:10-06103CR:03S:QTL262202346,2026-08-06 17:00:00,52379,Receiving Stores - ATLN 475 Horizon Dr.,190274,PO-US-06924,1,10-06103C,"(10-06103C) PCBA, Terminal Board, Type C, Coated",1,FedEx Freight - COL,300418119528,814-4656@RevNEW,ASN_20260808.csv,2026-08-07 18:00:15,2026-08-07 18:00:26,2026-08-07 18:00:26
P:10-06103CR:03S:QTL262202351,2026-08-06 17:00:00,52379,Receiving Stores - ATLN 475 Horizon Dr.,190274,PO-US-06924,1,10-06103C,"(10-06103C) PCBA, Terminal Board, Type C, Coated",1,FedEx Freight - COL,300418119528,814-4656@RevNEW,ASN_20260808.csv,2026-08-07 18:00:15,2026-08-07 18:00:26,2026-08-07 18:00:26
P:10-06103CR:03S:QTL262202360,2026-08-06 17:00:00,52379,Receiving Stores - ATLN 475 Horizon Dr.,190274,PO-US-06924,1,10-06103C,"(10-06103C) PCBA, Terminal Board, Type C, Coated",1,FedEx Freight - COL,300418119528,814-4656@RevNEW,ASN_20260808.csv,2026-08-07 18:00:15,2026-08-07 18:00:26,2026-08-07 18:00:26
P:10-06103CR:03S:QTL262202362,2026-08-06 17:00:00,52379,Receiving Stores - ATLN 475 Horizon Dr.,190274,PO-US-06924,1,10-06103C,"(10-06103C) PCBA, Terminal Board, Type C, Coated",1,FedEx Freight - COL,300418119528,814-4656@RevNEW,ASN_20260808.csv,2026-08-07 18:00:15,2026-08-07 18:00:26,2026-08-07 18:00:26
P:10-06103CR:03S:QTL262202363,2026-08-06 17:00:00,52379,Receiving Stores - ATLN 475 Horizon Dr.,190274,PO-US-06924,1,10-06103C,"(10-06103C) PCBA, Terminal Board, Type C, Coated",1,FedEx Freight - COL,300418119528,814-4656@RevNEW,ASN_20260808.csv,2026-08-07 18:00:15,2026-08-07 18:00:26,2026-08-07 18:00:26
P:10-06103CR:03S:QTL262202365,2026-08-06 17:00:00,52379,Receiving Stores - ATLN 475 Horizon Dr.,190274,PO-US-06924,1,10-06103C,"(10-06103C) PCBA, Terminal Board, Type C, Coated",1,FedEx Freight - COL,300418119528,814-4656@RevNEW,ASN_20260808.csv,2026-08-07 18:00:15,2026-08-07 18:00:26,2026-08-07 18:00:26
P:10-06103CR:03S:QTL262202366,2026-08-06 17:00:00,52379,Receiving Stores - ATLN 475 Horizon Dr.,190274,PO-US-06924,1,10-06103C,"(10-06103C) PCBA, Terminal Board, Type C, Coated",1,FedEx Freight - COL,300418119528,814-4656@RevNEW,ASN_20260808.csv,2026-08-07 18:00:15,2026-08-07 18:00:26,2026-08-07 18:00:26
P:10-06103CR:03S:QTL262202368,2026-08-06 17:00:00,52379,Receiving Stores - ATLN 475 Horizon Dr.,190274,PO-US-06924,1,10-06103C,"(10-06103C) PCBA, Terminal Board, Type C, Coated",1,FedEx Freight - COL,300418119528,814-4656@RevNEW,ASN_20260808.csv,2026-08-07 18:00:15,2026-08-07 18:00:26,2026-08-07 18:00:26
P:10-06103CR:03S:QTL262202375,2026-08-06 17:00:00,52379,Receiving Stores - ATLN 475 Horizon Dr.,190274,PO-US-06924,1,10-06103C,"(10-06103C) PCBA, Terminal Board, Type C, Coated",1,FedEx Freight - COL,300418119528,814-4656@RevNEW,ASN_20260808.csv,2026-08-07 18:00:15,2026-08-07 18:00:26,2026-08-07 18:00:26
P:10-06103CR:03S:QTL262202379,2026-08-06 17:00:00,52379,Receiving Stores - ATLN 475 Horizon Dr.,190274,PO-US-06924,1,10-06103C,"(10-06103C) PCBA, Terminal Board, Type C, Coated",1,FedEx Freight - COL,300418119528,814-4656@RevNEW,ASN_20260808.csv,2026-08-07 18:00:15,2026-08-07 18:00:26,2026-08-07 18:00:26
P:10-06103CR:03S:QTL262202381,2026-08-06 17:00:00,52379,Receiving Stores - ATLN 475 Horizon Dr.,190274,PO-US-06924,1,10-06103C,"(10-06103C) PCBA, Terminal Board, Type C, Coated",1,FedEx Freight - COL,300418119528,814-4656@RevNEW,ASN_20260808.csv,2026-08-07 18:00:15,2026-08-07 18:00:26,2026-08-07 18:00:26
P:10-06103CR:03S:QTL262202387,2026-08-06 17:00:00,52379,Receiving Stores - ATLN 475 Horizon Dr.,190274,PO-US-06924,1,10-06103C,"(10-06103C) PCBA, Terminal Board, Type C, Coated",1,FedEx Freight - COL,300418119528,814-4656@RevNEW,ASN_20260808.csv,2026-08-07 18:00:15,2026-08-07 18:00:26,2026-08-07 18:00:26
P:10-06103CR:03S:QTL262202389,2026-08-06 17:00:00,52379,Receiving Stores - ATLN 475 Horizon Dr.,190274,PO-US-06924,1,10-06103C,"(10-06103C) PCBA, Terminal Board, Type C, Coated",1,FedEx Freight - COL,300418119528,814-4656@RevNEW,ASN_20260808.csv,2026-08-07 18:00:15,2026-08-07 18:00:26,2026-08-07 18:00:26
P:10-06103CR:03S:QTL262202400,2026-08-06 17:00:00,52379,Receiving Stores - ATLN 475 Horizon Dr.,190274,PO-US-06924,1,10-06103C,"(10-06103C) PCBA, Terminal Board, Type C, Coated",1,FedEx Freight - COL,300418119528,814-4656@RevNEW,ASN_20260808.csv,2026-08-07 18:00:15,2026-08-07 18:00:26,2026-08-07 18:00:26
P:10-06103CR:03S:QTL262202401,2026-08-06 17:00:00,52379,Receiving Stores - ATLN 475 Horizon Dr.,190274,PO-US-06924,1,10-06103C,"(10-06103C) PCBA, Terminal Board, Type C, Coated",1,FedEx Freight - COL,300418119528,814-4656@RevNEW,ASN_20260808.csv,2026-08-07 18:00:15,2026-08-07 18:00:26,2026-08-07 18:00:26
P:10-06103CR:03S:QTL262202402,2026-08-06 17:00:00,52379,Receiving Stores - ATLN 475 Horizon Dr.,190274,PO-US-06924,1,10-06103C,"(10-06103C) PCBA, Terminal Board, Type C, Coated",1,FedEx Freight - COL,300418119528,814-4656@RevNEW,ASN_20260808.csv,2026-08-07 18:00:15,2026-08-07 18:00:26,2026-08-07 18:00:26
P:10-06103CR:03S:QTL262202403,2026-08-06 17:00:00,52379,Receiving Stores - ATLN 475 Horizon Dr.,190274,PO-US-06924,1,10-06103C,"(10-06103C) PCBA, Terminal Board, Type C, Coated",1,FedEx Freight - COL,300418119528,814-4656@RevNEW,ASN_20260808.csv,2026-08-07 18:00:15,2026-08-07 18:00:26,2026-08-07 18:00:26
P:10-06103CR:03S:QTL262202405,2026-08-06 17:00:00,52379,Receiving Stores - ATLN 475 Horizon Dr.,190274,PO-US-06924,1,10-06103C,"(10-06103C) PCBA, Terminal Board, Type C, Coated",1,FedEx Freight - COL,300418119528,814-4656@RevNEW,ASN_20260808.csv,2026-08-07 18:00:15,2026-08-07 18:00:26,2026-08-07 18:00:26
P:10-06103CR:03S:QTL262202413,2026-08-06 17:00:00,52379,Receiving Stores - ATLN 475 Horizon Dr.,190274,PO-US-06924,1,10-06103C,"(10-06103C) PCBA, Terminal Board, Type C, Coated",1,FedEx Freight - COL,300418119528,814-4656@RevNEW,ASN_20260808.csv,2026-08-07 18:00:15,2026-08-07 18:00:26,2026-08-07 18:00:26
P:10-06103CR:03S:QTL262202421,2026-08-06 17:00:00,52379,Receiving Stores - ATLN 475 Horizon Dr.,190274,PO-US-06924,1,10-06103C,"(10-06103C) PCBA, Terminal Board, Type C, Coated",1,FedEx Freight - COL,300418119528,814-4656@RevNEW,ASN_20260808.csv,2026-08-07 18:00:15,2026-08-07 18:00:26,2026-08-07 18:00:26
P:10-06103CR:03S:QTL262202424,2026-08-06 17:00:00,52379,Receiving Stores - ATLN 475 Horizon Dr.,190274,PO-US-06924,1,10-06103C,"(10-06103C) PCBA, Terminal Board, Type C, Coated",1,FedEx Freight - COL,300418119528,814-4656@RevNEW,ASN_20260808.csv,2026-08-07 18:00:15,2026-08-07 18:00:26,2026-08-07 18:00:26
P:10-06103CR:03S:QTL262202431,2026-08-06 17:00:00,52379,Receiving Stores - ATLN 475 Horizon Dr.,190274,PO-US-06924,1,10-06103C,"(10-06103C) PCBA, Terminal Board, Type C, Coated",1,FedEx Freight - COL,300418119528,814-4656@RevNEW,ASN_20260808.csv,2026-08-07 18:00:15,2026-08-07 18:00:26,2026-08-07 18:00:26
P:10-06103CR:03S:QTL262202434,2026-08-06 17:00:00,52379,Receiving Stores - ATLN 475 Horizon Dr.,190274,PO-US-06924,1,10-06103C,"(10-06103C) PCBA, Terminal Board, Type C, Coated",1,FedEx Freight - COL,300418119528,814-4656@RevNEW,ASN_20260808.csv,2026-08-07 18:00:15,2026-08-07 18:00:26,2026-08-07 18:00:26
P:10-06103CR:03S:QTL262202439,2026-08-06 17:00:00,52379,Receiving Stores - ATLN 475 Horizon Dr.,190274,PO-US-06924,1,10-06103C,"(10-06103C) PCBA, Terminal Board, Type C, Coated",1,FedEx Freight - COL,300418119528,814-4656@RevNEW,ASN_20260808.csv,2026-08-07 18:00:15,2026-08-07 18:00:26,2026-08-07 18:00:26
P:10-06103CR:03S:QTL262202445,2026-08-06 17:00:00,52379,Receiving Stores - ATLN 475 Horizon Dr.,190274,PO-US-06924,1,10-06103C,"(10-06103C) PCBA, Terminal Board, Type C, Coated",1,FedEx Freight - COL,300418119528,814-4656@RevNEW,ASN_20260808.csv,2026-08-07 18:00:15,2026-08-07 18:00:26,2026-08-07 18:00:26
P:10-06103CR:03S:QTL262202450,2026-08-06 17:00:00,52379,Receiving Stores - ATLN 475 Horizon Dr.,190274,PO-US-06924,1,10-06103C,"(10-06103C) PCBA, Terminal Board, Type C, Coated",1,FedEx Freight - COL,300418119528,814-4656@RevNEW,ASN_20260808.csv,2026-08-07 18:00:15,2026-08-07 18:00:26,2026-08-07 18:00:26
P:10-06103CR:03S:QTL262202451,2026-08-06 17:00:00,52379,Receiving Stores - ATLN 475 Horizon Dr.,190274,PO-US-06924,1,10-06103C,"(10-06103C) PCBA, Terminal Board, Type C, Coated",1,FedEx Freight - COL,300418119528,814-4656@RevNEW,ASN_20260808.csv,2026-08-07 18:00:15,2026-08-07 18:00:26,2026-08-07 18:00:26
P:10-06103CR:03S:QTL262202455,2026-08-06 17:00:00,52379,Receiving Stores - ATLN 475 Horizon Dr.,190274,PO-US-06924,1,10-06103C,"(10-06103C) PCBA, Terminal Board, Type C, Coated",1,FedEx Freight - COL,300418119528,814-4656@RevNEW,ASN_20260808.csv,2026-08-07 18:00:15,2026-08-07 18:00:26,2026-08-07 18:00:26
P:10-06103CR:03S:QTL262202456,2026-08-06 17:00:00,52379,Receiving Stores - ATLN 475 Horizon Dr.,190274,PO-US-06924,1,10-06103C,"(10-06103C) PCBA, Terminal Board, Type C, Coated",1,FedEx Freight - COL,300418119528,814-4656@RevNEW,ASN_20260808.csv,2026-08-07 18:00:15,2026-08-07 18:00:26,2026-08-07 18:00:26
P:10-06103CR:03S:QTL262202457,2026-08-06 17:00:00,52379,Receiving Stores - ATLN 475 Horizon Dr.,190274,PO-US-06924,1,10-06103C,"(10-06103C) PCBA, Terminal Board, Type C, Coated",1,FedEx Freight - COL,300418119528,814-4656@RevNEW,ASN_20260808.csv,2026-08-07 18:00:15,2026-08-07 18:00:26,2026-08-07 18:00:26
P:10-06103CR:03S:QTL262202458,2026-08-06 17:00:00,52379,Receiving Stores - ATLN 475 Horizon Dr.,190274,PO-US-06924,1,10-06103C,"(10-06103C) PCBA, Terminal Board, Type C, Coated",1,FedEx Freight - COL,300418119528,814-4656@RevNEW,ASN_20260808.csv,2026-08-07 18:00:15,2026-08-07 18:00:26,2026-08-07 18:00:26
P:10-06103CR:03S:QTL262202459,2026-08-06 17:00:00,52379,Receiving Stores - ATLN 475 Horizon Dr.,190274,PO-US-06924,1,10-06103C,"(10-06103C) PCBA, Terminal Board, Type C, Coated",1,FedEx Freight - COL,300418119528,814-4656@RevNEW,ASN_20260808.csv,2026-08-07 18:00:15,2026-08-07 18:00:26,2026-08-07 18:00:26
P:10-06103CR:03S:QTL262202461,2026-08-06 17:00:00,52379,Receiving Stores - ATLN 475 Horizon Dr.,190274,PO-US-06924,1,10-06103C,"(10-06103C) PCBA, Terminal Board, Type C, Coated",1,FedEx Freight - COL,300418119528,814-4656@RevNEW,ASN_20260808.csv,2026-08-07 18:00:15,2026-08-07 18:00:26,2026-08-07 18:00:26
P:10-06103CR:03S:QTL262202467,2026-08-06 17:00:00,52379,Receiving Stores - ATLN 475 Horizon Dr.,190274,PO-US-06924,1,10-06103C,"(10-06103C) PCBA, Terminal Board, Type C, Coated",1,FedEx Freight - COL,300418119528,814-4656@RevNEW,ASN_20260808.csv,2026-08-07 18:00:15,2026-08-07 18:00:26,2026-08-07 18:00:26
P:10-06103CR:03S:QTL262202486,2026-08-06 17:00:00,52379,Receiving Stores - ATLN 475 Horizon Dr.,190274,PO-US-06924,1,10-06103C,"(10-06103C) PCBA, Terminal Board, Type C, Coated",1,FedEx Freight - COL,300418119528,814-4656@RevNEW,ASN_20260808.csv,2026-08-07 18:00:15,2026-08-07 18:00:26,2026-08-07 18:00:26
P:10-06103CR:03S:QTL262202491,2026-08-06 17:00:00,52379,Receiving Stores - ATLN 475 Horizon Dr.,190274,PO-US-06924,1,10-06103C,"(10-06103C) PCBA, Terminal Board, Type C, Coated",1,FedEx Freight - COL,300418119528,814-4656@RevNEW,ASN_20260808.csv,2026-08-07 18:00:15,2026-08-07 18:00:26,2026-08-07 18:00:26
P:10-06103CR:03S:QTL262202492,2026-08-06 17:00:00,52379,Receiving Stores - ATLN 475 Horizon Dr.,190274,PO-US-06924,1,10-06103C,"(10-06103C) PCBA, Terminal Board, Type C, Coated",1,FedEx Freight - COL,300418119528,814-4656@RevNEW,ASN_20260808.csv,2026-08-07 18:00:15,2026-08-07 18:00:26,2026-08-07 18:00:26
P:10-06103CR:03S:QTL262202493,2026-08-06 17:00:00,52379,Receiving Stores - ATLN 475 Horizon Dr.,190274,PO-US-06924,1,10-06103C,"(10-06103C) PCBA, Terminal Board, Type C, Coated",1,FedEx Freight - COL,300418119528,814-4656@RevNEW,ASN_20260808.csv,2026-08-07 18:00:15,2026-08-07 18:00:26,2026-08-07 18:00:26
P:10-06103CR:03S:QTL262202501,2026-08-06 17:00:00,52379,Receiving Stores - ATLN 475 Horizon Dr.,190274,PO-US-06924,1,10-06103C,"(10-06103C) PCBA, Terminal Board, Type C, Coated",1,FedEx Freight - COL,300418119528,814-4656@RevNEW,ASN_20260808.csv,2026-08-07 18:00:15,2026-08-07 18:00:26,2026-08-07 18:00:26
P:10-06103CR:03S:QTL262202504,2026-08-06 17:00:00,52379,Receiving Stores - ATLN 475 Horizon Dr.,190274,PO-US-06924,1,10-06103C,"(10-06103C) PCBA, Terminal Board, Type C, Coated",1,FedEx Freight - COL,300418119528,814-4656@RevNEW,ASN_20260808.csv,2026-08-07 18:00:15,2026-08-07 18:00:26,2026-08-07 18:00:26
P:10-06103CR:03S:QTL262202530,2026-08-06 17:00:00,52379,Receiving Stores - ATLN 475 Horizon Dr.,190274,PO-US-06924,1,10-06103C,"(10-06103C) PCBA, Terminal Board, Type C, Coated",1,FedEx Freight - COL,300418119528,814-4656@RevNEW,ASN_20260808.csv,2026-08-07 18:00:15,2026-08-07 18:00:26,2026-08-07 18:00:26
P:10-06103CR:03S:QTL262202531,2026-08-06 17:00:00,52379,Receiving Stores - ATLN 475 Horizon Dr.,190274,PO-US-06924,1,10-06103C,"(10-06103C) PCBA, Terminal Board, Type C, Coated",1,FedEx Freight - COL,300418119528,814-4656@RevNEW,ASN_20260808.csv,2026-08-07 18:00:15,2026-08-07 18:00:26,2026-08-07 18:00:26
P:10-06103CR:03S:QTL262202532,2026-08-06 17:00:00,52379,Receiving Stores - ATLN 475 Horizon Dr.,190274,PO-US-06924,1,10-06103C,"(10-06103C) PCBA, Terminal Board, Type C, Coated",1,FedEx Freight - COL,300418119528,814-4656@RevNEW,ASN_20260808.csv,2026-08-07 18:00:15,2026-08-07 18:00:26,2026-08-07 18:00:26
P:10-06103CR:03S:QTL262202547,2026-08-06 17:00:00,52379,Receiving Stores - ATLN 475 Horizon Dr.,190274,PO-US-06924,1,10-06103C,"(10-06103C) PCBA, Terminal Board, Type C, Coated",1,FedEx Freight - COL,300418119528,814-4656@RevNEW,ASN_20260808.csv,2026-08-07 18:00:15,2026-08-07 18:00:26,2026-08-07 18:00:26
P:10-06103CR:03S:QTL262202548,2026-08-06 17:00:00,52379,Receiving Stores - ATLN 475 Horizon Dr.,190274,PO-US-06924,1,10-06103C,"(10-06103C) PCBA, Terminal Board, Type C, Coated",1,FedEx Freight - COL,300418119528,814-4656@RevNEW,ASN_20260808.csv,2026-08-07 18:00:15,2026-08-07 18:00:26,2026-08-07 18:00:26
P:10-06103CR:03S:QTL262202551,2026-08-06 17:00:00,52379,Receiving Stores - ATLN 475 Horizon Dr.,190274,PO-US-06924,1,10-06103C,"(10-06103C) PCBA, Terminal Board, Type C, Coated",1,FedEx Freight - COL,300418119528,814-4656@RevNEW,ASN_20260808.csv,2026-08-07 18:00:15,2026-08-07 18:00:26,2026-08-07 18:00:26
P:10-06103CR:03S:QTL262202552,2026-08-06 17:00:00,52379,Receiving Stores - ATLN 475 Horizon Dr.,190274,PO-US-06924,1,10-06103C,"(10-06103C) PCBA, Terminal Board, Type C, Coated",1,FedEx Freight - COL,300418119528,814-4656@RevNEW,ASN_20260808.csv,2026-08-07 18:00:15,2026-08-07 18:00:26,2026-08-07 18:00:26
P:10-06103CR:03S:QTL262202553,2026-08-06 17:00:00,52379,Receiving Stores - ATLN 475 Horizon Dr.,190274,PO-US-06924,1,10-06103C,"(10-06103C) PCBA, Terminal Board, Type C, Coated",1,FedEx Freight - COL,300418119528,814-4656@RevNEW,ASN_20260808.csv,2026-08-07 18:00:15,2026-08-07 18:00:26,2026-08-07 18:00:26
P:10-06103CR:03S:QTL262202558,2026-08-06 17:00:00,52379,Receiving Stores - ATLN 475 Horizon Dr.,190274,PO-US-06924,1,10-06103C,"(10-06103C) PCBA, Terminal Board, Type C, Coated",1,FedEx Freight - COL,300418119528,814-4656@RevNEW,ASN_20260808.csv,2026-08-07 18:00:15,2026-08-07 18:00:26,2026-08-07 18:00:26
P:10-06103CR:03S:QTL262202559,2026-08-06 17:00:00,52379,Receiving Stores - ATLN 475 Horizon Dr.,190274,PO-US-06924,1,10-06103C,"(10-06103C) PCBA, Terminal Board, Type C, Coated",1,FedEx Freight - COL,300418119528,814-4656@RevNEW,ASN_20260808.csv,2026-08-07 18:00:15,2026-08-07 18:00:26,2026-08-07 18:00:26
P:10-06103CR:03S:QTL262202564,2026-08-06 17:00:00,52379,Receiving Stores - ATLN 475 Horizon Dr.,190274,PO-US-06924,1,10-06103C,"(10-06103C) PCBA, Terminal Board, Type C, Coated",1,FedEx Freight - COL,300418119528,814-4656@RevNEW,ASN_20260808.csv,2026-08-07 18:00:15,2026-08-07 18:00:26,2026-08-07 18:00:26
P:10-06103CR:03S:QTL262202565,2026-08-06 17:00:00,52379,Receiving Stores - ATLN 475 Horizon Dr.,190274,PO-US-06924,1,10-06103C,"(10-06103C) PCBA, Terminal Board, Type C, Coated",1,FedEx Freight - COL,300418119528,814-4656@RevNEW,ASN_20260808.csv,2026-08-07 18:00:15,2026-08-07 18:00:26,2026-08-07 18:00:26
P:10-06103CR:03S:QTL262202567,2026-08-06 17:00:00,52379,Receiving Stores - ATLN 475 Horizon Dr.,190274,PO-US-06924,1,10-06103C,"(10-06103C) PCBA, Terminal Board, Type C, Coated",1,FedEx Freight - COL,300418119528,814-4656@RevNEW,ASN_20260808.csv,2026-08-07 18:00:15,2026-08-07 18:00:26,2026-08-07 18:00:26
P:10-06103CR:03S:QTL262202572,2026-08-06 17:00:00,52379,Receiving Stores - ATLN 475 Horizon Dr.,190274,PO-US-06924,1,10-06103C,"(10-06103C) PCBA, Terminal Board, Type C, Coated",1,FedEx Freight - COL,300418119528,814-4656@RevNEW,ASN_20260808.csv,2026-08-07 18:00:15,2026-08-07 18:00:26,2026-08-07 18:00:26
P:10-06103CR:03S:QTL262202573,2026-08-06 17:00:00,52379,Receiving Stores - ATLN 475 Horizon Dr.,190274,PO-US-06924,1,10-06103C,"(10-06103C) PCBA, Terminal Board, Type C, Coated",1,FedEx Freight - COL,300418119528,814-4656@RevNEW,ASN_20260808.csv,2026-08-07 18:00:15,2026-08-07 18:00:26,2026-08-07 18:00:26
P:10-06103CR:03S:QTL262202585,2026-08-06 17:00:00,52379,Receiving Stores - ATLN 475 Horizon Dr.,190274,PO-US-06924,1,10-06103C,"(10-06103C) PCBA, Terminal Board, Type C, Coated",1,FedEx Freight - COL,300418119528,814-4656@RevNEW,ASN_20260808.csv,2026-08-07 18:00:15,2026-08-07 18:00:26,2026-08-07 18:00:26
P:10-06103CR:03S:QTL262202586,2026-08-06 17:00:00,52379,Receiving Stores - ATLN 475 Horizon Dr.,190274,PO-US-06924,1,10-06103C,"(10-06103C) PCBA, Terminal Board, Type C, Coated",1,FedEx Freight - COL,300418119528,814-4656@RevNEW,ASN_20260808.csv,2026-08-07 18:00:15,2026-08-07 18:00:26,2026-08-07 18:00:26
P:10-06103CR:03S:QTL262202591,2026-08-06 17:00:00,52379,Receiving Stores - ATLN 475 Horizon Dr.,190274,PO-US-06924,1,10-06103C,"(10-06103C) PCBA, Terminal Board, Type C, Coated",1,FedEx Freight - COL,300418119528,814-4656@RevNEW,ASN_20260808.csv,2026-08-07 18:00:15,2026-08-07 18:00:26,2026-08-07 18:00:26
P:10-06103CR:03S:QTL262202596,2026-08-06 17:00:00,52379,Receiving Stores - ATLN 475 Horizon Dr.,190274,PO-US-06924,1,10-06103C,"(10-06103C) PCBA, Terminal Board, Type C, Coated",1,FedEx Freight - COL,300418119528,814-4656@RevNEW,ASN_20260808.csv,2026-08-07 18:00:15,2026-08-07 18:00:26,2026-08-07 18:00:26
P:10-06103CR:03S:QTL262202597,2026-08-06 17:00:00,52379,Receiving Stores - ATLN 475 Horizon Dr.,190274,PO-US-06924,1,10-06103C,"(10-06103C) PCBA, Terminal Board, Type C, Coated",1,FedEx Freight - COL,300418119528,814-4656@RevNEW,ASN_20260808.csv,2026-08-07 18:00:15,2026-08-07 18:00:26,2026-08-07 18:00:26
P:10-06103CR:03S:QTL262202606,2026-08-06 17:00:00,52379,Receiving Stores - ATLN 475 Horizon Dr.,190274,PO-US-06924,1,10-06103C,"(10-06103C) PCBA, Terminal Board, Type C, Coated",1,FedEx Freight - COL,300418119528,814-4656@RevNEW,ASN_20260808.csv,2026-08-07 18:00:15,2026-08-07 18:00:26,2026-08-07 18:00:26
P:10-06103CR:03S:QTL262202607,2026-08-06 17:00:00,52379,Receiving Stores - ATLN 475 Horizon Dr.,190274,PO-US-06924,1,10-06103C,"(10-06103C) PCBA, Terminal Board, Type C, Coated",1,FedEx Freight - COL,300418119528,814-4656@RevNEW,ASN_20260808.csv,2026-08-07 18:00:15,2026-08-07 18:00:26,2026-08-07 18:00:26
P:10-06103CR:03S:QTL262202609,2026-08-06 17:00:00,52379,Receiving Stores - ATLN 475 Horizon Dr.,190274,PO-US-06924,1,10-06103C,"(10-06103C) PCBA, Terminal Board, Type C, Coated",1,FedEx Freight - COL,300418119528,814-4656@RevNEW,ASN_20260808.csv,2026-08-07 18:00:15,2026-08-07 18:00:26,2026-08-07 18:00:26
P:10-06103CR:03S:QTL262202613,2026-08-06 17:00:00,52379,Receiving Stores - ATLN 475 Horizon Dr.,190274,PO-US-06924,1,10-06103C,"(10-06103C) PCBA, Terminal Board, Type C, Coated",1,FedEx Freight - COL,300418119528,814-4656@RevNEW,ASN_20260808.csv,2026-08-07 18:00:15,2026-08-07 18:00:26,2026-08-07 18:00:26
P:10-06105CR:04S:QTL261901579,2026-08-06 17:00:00,52380,Receiving Stores - ATLN 475 Horizon Dr.,190273,PO-US-06925,1,10-06105C,"(10-06105C) PCBA, Power Board, Type C, Coated",1,FedEx Freight - COL,300418119528,814-4657@RevNEW,ASN_20260808.csv,2026-08-07 18:00:15,2026-08-07 18:00:26,2026-08-07 18:00:26
P:10-06105CR:04S:QTL262403675,2026-08-06 17:00:00,52380,Receiving Stores - ATLN 475 Horizon Dr.,190273,PO-US-06925,1,10-06105C,"(10-06105C) PCBA, Power Board, Type C, Coated",1,FedEx Freight - COL,300418119528,814-4657@RevNEW,ASN_20260808.csv,2026-08-07 18:00:15,2026-08-07 18:00:26,2026-08-07 18:00:26
P:10-06105CR:04S:QTL262403676,2026-08-06 17:00:00,52380,Receiving Stores - ATLN 475 Horizon Dr.,190273,PO-US-06925,1,10-06105C,"(10-06105C) PCBA, Power Board, Type C, Coated",1,FedEx Freight - COL,300418119528,814-4657@RevNEW,ASN_20260808.csv,2026-08-07 18:00:15,2026-08-07 18:00:26,2026-08-07 18:00:26
P:10-06105CR:04S:QTL262403678,2026-08-06 17:00:00,52380,Receiving Stores - ATLN 475 Horizon Dr.,190273,PO-US-06925,1,10-06105C,"(10-06105C) PCBA, Power Board, Type C, Coated",1,FedEx Freight - COL,300418119528,814-4657@RevNEW,ASN_20260808.csv,2026-08-07 18:00:15,2026-08-07 18:00:26,2026-08-07 18:00:26
P:10-06105CR:04S:QTL262403679,2026-07-19 17:00:00,52380,Receiving Stores - ATLN 475 Horizon Dr.,189773,PO-US-06925,1,10-06105C,"(10-06105C) PCBA, Power Board, Type C, Coated",1,FedEx Freight - COL,,814-4657@RevNEW,ASN_20260718.csv,2026-07-17 18:00:19,2026-07-17 18:00:29,2026-07-17 18:00:29
P:10-06105CR:04S:QTL262403680,2026-07-19 17:00:00,52380,Receiving Stores - ATLN 475 Horizon Dr.,189773,PO-US-06925,1,10-06105C,"(10-06105C) PCBA, Power Board, Type C, Coated",1,FedEx Freight - COL,,814-4657@RevNEW,ASN_20260718.csv,2026-07-17 18:00:19,2026-07-17 18:00:29,2026-07-17 18:00:29
P:10-06105CR:04S:QTL262403681,2026-07-30 17:00:00,52380,Receiving Stores - ATLN 475 Horizon Dr.,190094,PO-US-06925,1,10-06105C,"(10-06105C) PCBA, Power Board, Type C, Coated",1,FedEx Ground - COL,,814-4657@RevNEW,ASN_20260801.csv,2026-07-31 18:00:15,2026-07-31 18:00:25,2026-07-31 18:00:25
P:10-06105CR:04S:QTL262403682,2026-08-06 17:00:00,52380,Receiving Stores - ATLN 475 Horizon Dr.,190273,PO-US-06925,1,10-06105C,"(10-06105C) PCBA, Power Board, Type C, Coated",1,FedEx Freight - COL,300418119528,814-4657@RevNEW,ASN_20260808.csv,2026-08-07 18:00:15,2026-08-07 18:00:26,2026-08-07 18:00:26
P:10-06105CR:04S:QTL262403683,2026-07-30 17:00:00,52380,Receiving Stores - ATLN 475 Horizon Dr.,190094,PO-US-06925,1,10-06105C,"(10-06105C) PCBA, Power Board, Type C, Coated",1,FedEx Ground - COL,,814-4657@RevNEW,ASN_20260801.csv,2026-07-31 18:00:15,2026-07-31 18:00:25,2026-07-31 18:00:25
P:10-06105CR:04S:QTL262403684,2026-08-06 17:00:00,52380,Receiving Stores - ATLN 475 Horizon Dr.,190273,PO-US-06925,1,10-06105C,"(10-06105C) PCBA, Power Board, Type C, Coated",1,FedEx Freight - COL,300418119528,814-4657@RevNEW,ASN_20260808.csv,2026-08-07 18:00:15,2026-08-07 18:00:26,2026-08-07 18:00:26
P:10-06105CR:04S:QTL262403685,2026-08-06 17:00:00,52380,Receiving Stores - ATLN 475 Horizon Dr.,190273,PO-US-06925,1,10-06105C,"(10-06105C) PCBA, Power Board, Type C, Coated",1,FedEx Freight - COL,300418119528,814-4657@RevNEW,ASN_20260808.csv,2026-08-07 18:00:15,2026-08-07 18:00:26,2026-08-07 18:00:26
P:10-06105CR:04S:QTL262403693,2026-07-30 17:00:00,52380,Receiving Stores - ATLN 475 Horizon Dr.,190094,PO-US-06925,1,10-06105C,"(10-06105C) PCBA, Power Board, Type C, Coated",1,FedEx Ground - COL,,814-4657@RevNEW,ASN_20260801.csv,2026-07-31 18:00:15,2026-07-31 18:00:25,2026-07-31 18:00:25
P:10-06105CR:04S:QTL262403694,2026-08-06 17:00:00,52380,Receiving Stores - ATLN 475 Horizon Dr.,190273,PO-US-06925,1,10-06105C,"(10-06105C) PCBA, Power Board, Type C, Coated",1,FedEx Freight - COL,300418119528,814-4657@RevNEW,ASN_20260808.csv,2026-08-07 18:00:15,2026-08-07 18:00:26,2026-08-07 18:00:26
P:10-06105CR:04S:QTL262403698,2026-07-19 17:00:00,52380,Receiving Stores - ATLN 475 Horizon Dr.,189773,PO-US-06925,1,10-06105C,"(10-06105C) PCBA, Power Board, Type C, Coated",1,FedEx Freight - COL,300044916620,814-4657@RevNEW,ASN_20260722.csv,2026-07-21 18:00:12,2026-07-21 18:00:21,2026-07-21 18:00:21
P:10-06105CR:04S:QTL262403704,2026-07-19 17:00:00,52380,Receiving Stores - ATLN 475 Horizon Dr.,189773,PO-US-06925,1,10-06105C,"(10-06105C) PCBA, Power Board, Type C, Coated",1,FedEx Freight - COL,300044916620,814-4657@RevNEW,ASN_20260722.csv,2026-07-21 18:00:12,2026-07-21 18:00:21,2026-07-21 18:00:21
P:10-06105CR:04S:QTL262403707,2026-07-30 17:00:00,52380,Receiving Stores - ATLN 475 Horizon Dr.,190094,PO-US-06925,1,10-06105C,"(10-06105C) PCBA, Power Board, Type C, Coated",1,FedEx Ground - COL,,814-4657@RevNEW,ASN_20260801.csv,2026-07-31 18:00:15,2026-07-31 18:00:25,2026-07-31 18:00:25
P:10-06105CR:04S:QTL262403708,2026-07-30 17:00:00,52380,Receiving Stores - ATLN 475 Horizon Dr.,190094,PO-US-06925,1,10-06105C,"(10-06105C) PCBA, Power Board, Type C, Coated",1,FedEx Ground - COL,,814-4657@RevNEW,ASN_20260801.csv,2026-07-31 18:00:15,2026-07-31 18:00:25,2026-07-31 18:00:25
P:10-06105CR:04S:QTL262403709,2026-07-19 17:00:00,52380,Receiving Stores - ATLN 475 Horizon Dr.,189773,PO-US-06925,1,10-06105C,"(10-06105C) PCBA, Power Board, Type C, Coated",1,FedEx Freight - COL,300044916620,814-4657@RevNEW,ASN_20260722.csv,2026-07-21 18:00:12,2026-07-21 18:00:21,2026-07-21 18:00:21
P:10-06105CR:04S:QTL262403710,2026-08-06 17:00:00,52380,Receiving Stores - ATLN 475 Horizon Dr.,190273,PO-US-06925,1,10-06105C,"(10-06105C) PCBA, Power Board, Type C, Coated",1,FedEx Freight - COL,300418119528,814-4657@RevNEW,ASN_20260808.csv,2026-08-07 18:00:15,2026-08-07 18:00:26,2026-08-07 18:00:26
P:10-06105CR:04S:QTL262403714,2026-08-06 17:00:00,52380,Receiving Stores - ATLN 475 Horizon Dr.,190273,PO-US-06925,1,10-06105C,"(10-06105C) PCBA, Power Board, Type C, Coated",1,FedEx Freight - COL,300418119528,814-4657@RevNEW,ASN_20260808.csv,2026-08-07 18:00:15,2026-08-07 18:00:26,2026-08-07 18:00:26
P:10-06105CR:04S:QTL262403717,2026-07-30 17:00:00,52380,Receiving Stores - ATLN 475 Horizon Dr.,190094,PO-US-06925,1,10-06105C,"(10-06105C) PCBA, Power Board, Type C, Coated",1,FedEx Ground - COL,,814-4657@RevNEW,ASN_20260801.csv,2026-07-31 18:00:15,2026-07-31 18:00:25,2026-07-31 18:00:25
P:10-06105CR:04S:QTL262403718,2026-08-06 17:00:00,52380,Receiving Stores - ATLN 475 Horizon Dr.,190273,PO-US-06925,1,10-06105C,"(10-06105C) PCBA, Power Board, Type C, Coated",1,FedEx Freight - COL,300418119528,814-4657@RevNEW,ASN_20260808.csv,2026-08-07 18:00:15,2026-08-07 18:00:26,2026-08-07 18:00:26
P:10-06105CR:04S:QTL262403719,2026-07-19 17:00:00,52380,Receiving Stores - ATLN 475 Horizon Dr.,189773,PO-US-06925,1,10-06105C,"(10-06105C) PCBA, Power Board, Type C, Coated",1,FedEx Freight - COL,,814-4657@RevNEW,ASN_20260718.csv,2026-07-17 18:00:19,2026-07-17 18:00:29,2026-07-17 18:00:29
P:10-06105CR:04S:QTL262403723,2026-07-19 17:00:00,52380,Receiving Stores - ATLN 475 Horizon Dr.,189773,PO-US-06925,1,10-06105C,"(10-06105C) PCBA, Power Board, Type C, Coated",1,FedEx Freight - COL,300044916620,814-4657@RevNEW,ASN_20260722.csv,2026-07-21 18:00:12,2026-07-21 18:00:21,2026-07-21 18:00:21
P:10-06105CR:04S:QTL262403729,2026-07-19 17:00:00,52380,Receiving Stores - ATLN 475 Horizon Dr.,189773,PO-US-06925,1,10-06105C,"(10-06105C) PCBA, Power Board, Type C, Coated",1,FedEx Freight - COL,,814-4657@RevNEW,ASN_20260718.csv,2026-07-17 18:00:19,2026-07-17 18:00:29,2026-07-17 18:00:29
P:10-06105CR:04S:QTL262403731,2026-08-06 17:00:00,52380,Receiving Stores - ATLN 475 Horizon Dr.,190273,PO-US-06925,1,10-06105C,"(10-06105C) PCBA, Power Board, Type C, Coated",1,FedEx Freight - COL,300418119528,814-4657@RevNEW,ASN_20260808.csv,2026-08-07 18:00:15,2026-08-07 18:00:26,2026-08-07 18:00:26
P:10-06105CR:04S:QTL262403732,2026-08-06 17:00:00,52380,Receiving Stores - ATLN 475 Horizon Dr.,190273,PO-US-06925,1,10-06105C,"(10-06105C) PCBA, Power Board, Type C, Coated",1,FedEx Freight - COL,300418119528,814-4657@RevNEW,ASN_20260808.csv,2026-08-07 18:00:15,2026-08-07 18:00:26,2026-08-07 18:00:26
P:10-06105CR:04S:QTL262403733,2026-07-19 17:00:00,52380,Receiving Stores - ATLN 475 Horizon Dr.,189773,PO-US-06925,1,10-06105C,"(10-06105C) PCBA, Power Board, Type C, Coated",1,FedEx Freight - COL,,814-4657@RevNEW,ASN_20260718.csv,2026-07-17 18:00:19,2026-07-17 18:00:29,2026-07-17 18:00:29
P:10-06105CR:04S:QTL262403734,2026-08-06 17:00:00,52380,Receiving Stores - ATLN 475 Horizon Dr.,190273,PO-US-06925,1,10-06105C,"(10-06105C) PCBA, Power Board, Type C, Coated",1,FedEx Freight - COL,300418119528,814-4657@RevNEW,ASN_20260808.csv,2026-08-07 18:00:15,2026-08-07 18:00:26,2026-08-07 18:00:26
P:10-06105CR:04S:QTL262403736,2026-08-06 17:00:00,52380,Receiving Stores - ATLN 475 Horizon Dr.,190273,PO-US-06925,1,10-06105C,"(10-06105C) PCBA, Power Board, Type C, Coated",1,FedEx Freight - COL,300418119528,814-4657@RevNEW,ASN_20260808.csv,2026-08-07 18:00:15,2026-08-07 18:00:26,2026-08-07 18:00:26
P:10-06105CR:04S:QTL262403740,2026-08-06 17:00:00,52380,Receiving Stores - ATLN 475 Horizon Dr.,190273,PO-US-06925,1,10-06105C,"(10-06105C) PCBA, Power Board, Type C, Coated",1,FedEx Freight - COL,300418119528,814-4657@RevNEW,ASN_20260808.csv,2026-08-07 18:00:15,2026-08-07 18:00:26,2026-08-07 18:00:26
P:10-06105CR:04S:QTL262403743,2026-08-06 17:00:00,52380,Receiving Stores - ATLN 475 Horizon Dr.,190273,PO-US-06925,1,10-06105C,"(10-06105C) PCBA, Power Board, Type C, Coated",1,FedEx Freight - COL,300418119528,814-4657@RevNEW,ASN_20260808.csv,2026-08-07 18:00:15,2026-08-07 18:00:26,2026-08-07 18:00:26
P:10-06105CR:04S:QTL262403745,2026-08-06 17:00:00,52380,Receiving Stores - ATLN 475 Horizon Dr.,190273,PO-US-06925,1,10-06105C,"(10-06105C) PCBA, Power Board, Type C, Coated",1,FedEx Freight - COL,300418119528,814-4657@RevNEW,ASN_20260808.csv,2026-08-07 18:00:15,2026-08-07 18:00:26,2026-08-07 18:00:26
P:10-06105CR:04S:QTL262403746,2026-07-19 17:00:00,52380,Receiving Stores - ATLN 475 Horizon Dr.,189773,PO-US-06925,1,10-06105C,"(10-06105C) PCBA, Power Board, Type C, Coated",1,FedEx Freight - COL,300044916620,814-4657@RevNEW,ASN_20260722.csv,2026-07-21 18:00:12,2026-07-21 18:00:21,2026-07-21 18:00:21
P:10-06105CR:04S:QTL262403750,2026-08-06 17:00:00,52380,Receiving Stores - ATLN 475 Horizon Dr.,190273,PO-US-06925,1,10-06105C,"(10-06105C) PCBA, Power Board, Type C, Coated",1,FedEx Freight - COL,300418119528,814-4657@RevNEW,ASN_20260808.csv,2026-08-07 18:00:15,2026-08-07 18:00:26,2026-08-07 18:00:26
P:10-06105CR:04S:QTL262403751,2026-08-06 17:00:00,52380,Receiving Stores - ATLN 475 Horizon Dr.,190273,PO-US-06925,1,10-06105C,"(10-06105C) PCBA, Power Board, Type C, Coated",1,FedEx Freight - COL,300418119528,814-4657@RevNEW,ASN_20260808.csv,2026-08-07 18:00:15,2026-08-07 18:00:26,2026-08-07 18:00:26
P:10-06105CR:04S:QTL262403755,2026-08-06 17:00:00,52380,Receiving Stores - ATLN 475 Horizon Dr.,190273,PO-US-06925,1,10-06105C,"(10-06105C) PCBA, Power Board, Type C, Coated",1,FedEx Freight - COL,300418119528,814-4657@RevNEW,ASN_20260808.csv,2026-08-07 18:00:15,2026-08-07 18:00:26,2026-08-07 18:00:26
P:10-06105CR:04S:QTL262403756,2026-08-06 17:00:00,52380,Receiving Stores - ATLN 475 Horizon Dr.,190273,PO-US-06925,1,10-06105C,"(10-06105C) PCBA, Power Board, Type C, Coated",1,FedEx Freight - COL,300418119528,814-4657@RevNEW,ASN_20260808.csv,2026-08-07 18:00:15,2026-08-07 18:00:26,2026-08-07 18:00:26
P:10-06105CR:04S:QTL262403758,2026-07-19 17:00:00,52380,Receiving Stores - ATLN 475 Horizon Dr.,189773,PO-US-06925,1,10-06105C,"(10-06105C) PCBA, Power Board, Type C, Coated",1,FedEx Freight - COL,300044916620,814-4657@RevNEW,ASN_20260722.csv,2026-07-21 18:00:12,2026-07-21 18:00:21,2026-07-21 18:00:21
P:10-06105CR:04S:QTL262403760,2026-08-06 17:00:00,52380,Receiving Stores - ATLN 475 Horizon Dr.,190273,PO-US-06925,1,10-06105C,"(10-06105C) PCBA, Power Board, Type C, Coated",1,FedEx Freight - COL,300418119528,814-4657@RevNEW,ASN_20260808.csv,2026-08-07 18:00:15,2026-08-07 18:00:26,2026-08-07 18:00:26
P:10-06105CR:04S:QTL262403765,2026-08-06 17:00:00,52380,Receiving Stores - ATLN 475 Horizon Dr.,190273,PO-US-06925,1,10-06105C,"(10-06105C) PCBA, Power Board, Type C, Coated",1,FedEx Freight - COL,300418119528,814-4657@RevNEW,ASN_20260808.csv,2026-08-07 18:00:15,2026-08-07 18:00:26,2026-08-07 18:00:26
P:10-06105CR:04S:QTL262403769,2026-07-19 17:00:00,52380,Receiving Stores - ATLN 475 Horizon Dr.,189773,PO-US-06925,1,10-06105C,"(10-06105C) PCBA, Power Board, Type C, Coated",1,FedEx Freight - COL,300044916620,814-4657@RevNEW,ASN_20260722.csv,2026-07-21 18:00:12,2026-07-21 18:00:21,2026-07-21 18:00:21
P:10-06105CR:04S:QTL262403774,2026-07-30 17:00:00,52380,Receiving Stores - ATLN 475 Horizon Dr.,190094,PO-US-06925,1,10-06105C,"(10-06105C) PCBA, Power Board, Type C, Coated",1,FedEx Ground - COL,,814-4657@RevNEW,ASN_20260801.csv,2026-07-31 18:00:15,2026-07-31 18:00:25,2026-07-31 18:00:25
P:10-06105CR:04S:QTL262403777,2026-07-19 17:00:00,52380,Receiving Stores - ATLN 475 Horizon Dr.,189773,PO-US-06925,1,10-06105C,"(10-06105C) PCBA, Power Board, Type C, Coated",1,FedEx Freight - COL,300044916620,814-4657@RevNEW,ASN_20260722.csv,2026-07-21 18:00:12,2026-07-21 18:00:21,2026-07-21 18:00:21
P:10-06105CR:04S:QTL262403778,2026-08-06 17:00:00,52380,Receiving Stores - ATLN 475 Horizon Dr.,190273,PO-US-06925,1,10-06105C,"(10-06105C) PCBA, Power Board, Type C, Coated",1,FedEx Freight - COL,300418119528,814-4657@RevNEW,ASN_20260808.csv,2026-08-07 18:00:15,2026-08-07 18:00:26,2026-08-07 18:00:26
P:10-06105CR:04S:QTL262403779,2026-07-19 17:00:00,52380,Receiving Stores - ATLN 475 Horizon Dr.,189773,PO-US-06925,1,10-06105C,"(10-06105C) PCBA, Power Board, Type C, Coated",1,FedEx Freight - COL,,814-4657@RevNEW,ASN_20260718.csv,2026-07-17 18:00:19,2026-07-17 18:00:29,2026-07-17 18:00:29
P:10-06105CR:04S:QTL262403780,2026-08-06 17:00:00,52380,Receiving Stores - ATLN 475 Horizon Dr.,190273,PO-US-06925,1,10-06105C,"(10-06105C) PCBA, Power Board, Type C, Coated",1,FedEx Freight - COL,300418119528,814-4657@RevNEW,ASN_20260808.csv,2026-08-07 18:00:15,2026-08-07 18:00:26,2026-08-07 18:00:26
P:10-06105CR:04S:QTL262403781,2026-08-06 17:00:00,52380,Receiving Stores - ATLN 475 Horizon Dr.,190273,PO-US-06925,1,10-06105C,"(10-06105C) PCBA, Power Board, Type C, Coated",1,FedEx Freight - COL,300418119528,814-4657@RevNEW,ASN_20260808.csv,2026-08-07 18:00:15,2026-08-07 18:00:26,2026-08-07 18:00:26
P:10-06105CR:04S:QTL262403782,2026-08-06 17:00:00,52380,Receiving Stores - ATLN 475 Horizon Dr.,190273,PO-US-06925,1,10-06105C,"(10-06105C) PCBA, Power Board, Type C, Coated",1,FedEx Freight - COL,300418119528,814-4657@RevNEW,ASN_20260808.csv,2026-08-07 18:00:15,2026-08-07 18:00:26,2026-08-07 18:00:26
P:10-06105CR:04S:QTL262403783,2026-08-06 17:00:00,52380,Receiving Stores - ATLN 475 Horizon Dr.,190273,PO-US-06925,1,10-06105C,"(10-06105C) PCBA, Power Board, Type C, Coated",1,FedEx Freight - COL,300418119528,814-4657@RevNEW,ASN_20260808.csv,2026-08-07 18:00:15,2026-08-07 18:00:26,2026-08-07 18:00:26
P:10-06105CR:04S:QTL262403785,2026-08-06 17:00:00,52380,Receiving Stores - ATLN 475 Horizon Dr.,190273,PO-US-06925,1,10-06105C,"(10-06105C) PCBA, Power Board, Type C, Coated",1,FedEx Freight - COL,300418119528,814-4657@RevNEW,ASN_20260808.csv,2026-08-07 18:00:15,2026-08-07 18:00:26,2026-08-07 18:00:26
P:10-06105CR:04S:QTL262403788,2026-07-19 17:00:00,52380,Receiving Stores - ATLN 475 Horizon Dr.,189773,PO-US-06925,1,10-06105C,"(10-06105C) PCBA, Power Board, Type C, Coated",1,FedEx Freight - COL,300044916620,814-4657@RevNEW,ASN_20260722.csv,2026-07-21 18:00:12,2026-07-21 18:00:21,2026-07-21 18:00:21
P:10-06105CR:04S:QTL262403789,2026-07-19 17:00:00,52380,Receiving Stores - ATLN 475 Horizon Dr.,189773,PO-US-06925,1,10-06105C,"(10-06105C) PCBA, Power Board, Type C, Coated",1,FedEx Freight - COL,,814-4657@RevNEW,ASN_20260718.csv,2026-07-17 18:00:19,2026-07-17 18:00:29,2026-07-17 18:00:29
P:10-06105CR:04S:QTL262403790,2026-07-19 17:00:00,52380,Receiving Stores - ATLN 475 Horizon Dr.,189773,PO-US-06925,1,10-06105C,"(10-06105C) PCBA, Power Board, Type C, Coated",1,FedEx Freight - COL,,814-4657@RevNEW,ASN_20260718.csv,2026-07-17 18:00:19,2026-07-17 18:00:29,2026-07-17 18:00:29
P:10-06105CR:04S:QTL262403791,2026-07-19 17:00:00,52380,Receiving Stores - ATLN 475 Horizon Dr.,189773,PO-US-06925,1,10-06105C,"(10-06105C) PCBA, Power Board, Type C, Coated",1,FedEx Freight - COL,,814-4657@RevNEW,ASN_20260718.csv,2026-07-17 18:00:19,2026-07-17 18:00:29,2026-07-17 18:00:29
P:10-06105CR:04S:QTL262403792,2026-07-19 17:00:00,52380,Receiving Stores - ATLN 475 Horizon Dr.,189773,PO-US-06925,1,10-06105C,"(10-06105C) PCBA, Power Board, Type C, Coated",1,FedEx Freight - COL,300044916620,814-4657@RevNEW,ASN_20260722.csv,2026-07-21 18:00:12,2026-07-21 18:00:21,2026-07-21 18:00:21
P:10-06105CR:04S:QTL262403793,2026-07-19 17:00:00,52380,Receiving Stores - ATLN 475 Horizon Dr.,189773,PO-US-06925,1,10-06105C,"(10-06105C) PCBA, Power Board, Type C, Coated",1,FedEx Freight - COL,,814-4657@RevNEW,ASN_20260718.csv,2026-07-17 18:00:19,2026-07-17 18:00:29,2026-07-17 18:00:29
P:10-06105CR:04S:QTL262403795,2026-07-19 17:00:00,52380,Receiving Stores - ATLN 475 Horizon Dr.,189773,PO-US-06925,1,10-06105C,"(10-06105C) PCBA, Power Board, Type C, Coated",1,FedEx Freight - COL,,814-4657@RevNEW,ASN_20260718.csv,2026-07-17 18:00:19,2026-07-17 18:00:29,2026-07-17 18:00:29
P:10-06105CR:04S:QTL262403796,2026-07-30 17:00:00,52380,Receiving Stores - ATLN 475 Horizon Dr.,190094,PO-US-06925,1,10-06105C,"(10-06105C) PCBA, Power Board, Type C, Coated",1,FedEx Ground - COL,,814-4657@RevNEW,ASN_20260801.csv,2026-07-31 18:00:15,2026-07-31 18:00:25,2026-07-31 18:00:25
P:10-06105CR:04S:QTL262403797,2026-07-19 17:00:00,52380,Receiving Stores - ATLN 475 Horizon Dr.,189773,PO-US-06925,1,10-06105C,"(10-06105C) PCBA, Power Board, Type C, Coated",1,FedEx Freight - COL,300044916620,814-4657@RevNEW,ASN_20260722.csv,2026-07-21 18:00:12,2026-07-21 18:00:21,2026-07-21 18:00:21
P:10-06105CR:04S:QTL262403798,2026-07-19 17:00:00,52380,Receiving Stores - ATLN 475 Horizon Dr.,189773,PO-US-06925,1,10-06105C,"(10-06105C) PCBA, Power Board, Type C, Coated",1,FedEx Freight - COL,300044916620,814-4657@RevNEW,ASN_20260722.csv,2026-07-21 18:00:12,2026-07-21 18:00:21,2026-07-21 18:00:21
P:10-06105CR:04S:QTL262403800,2026-07-19 17:00:00,52380,Receiving Stores - ATLN 475 Horizon Dr.,189773,PO-US-06925,1,10-06105C,"(10-06105C) PCBA, Power Board, Type C, Coated",1,FedEx Freight - COL,,814-4657@RevNEW,ASN_20260718.csv,2026-07-17 18:00:19,2026-07-17 18:00:29,2026-07-17 18:00:29
P:10-06105CR:04S:QTL262403801,2026-07-30 17:00:00,52380,Receiving Stores - ATLN 475 Horizon Dr.,190094,PO-US-06925,1,10-06105C,"(10-06105C) PCBA, Power Board, Type C, Coated",1,FedEx Ground - COL,,814-4657@RevNEW,ASN_20260801.csv,2026-07-31 18:00:15,2026-07-31 18:00:25,2026-07-31 18:00:25
P:10-06105CR:04S:QTL262403802,2026-07-19 17:00:00,52380,Receiving Stores - ATLN 475 Horizon Dr.,189773,PO-US-06925,1,10-06105C,"(10-06105C) PCBA, Power Board, Type C, Coated",1,FedEx Freight - COL,300044916620,814-4657@RevNEW,ASN_20260722.csv,2026-07-21 18:00:12,2026-07-21 18:00:21,2026-07-21 18:00:21
P:10-06105CR:04S:QTL262403803,2026-08-06 17:00:00,52380,Receiving Stores - ATLN 475 Horizon Dr.,190273,PO-US-06925,1,10-06105C,"(10-06105C) PCBA, Power Board, Type C, Coated",1,FedEx Freight - COL,300418119528,814-4657@RevNEW,ASN_20260808.csv,2026-08-07 18:00:15,2026-08-07 18:00:26,2026-08-07 18:00:26
P:10-06105CR:04S:QTL262403804,2026-07-19 17:00:00,52380,Receiving Stores - ATLN 475 Horizon Dr.,189773,PO-US-06925,1,10-06105C,"(10-06105C) PCBA, Power Board, Type C, Coated",1,FedEx Freight - COL,300044916620,814-4657@RevNEW,ASN_20260722.csv,2026-07-21 18:00:12,2026-07-21 18:00:21,2026-07-21 18:00:21
P:10-06105CR:04S:QTL262403807,2026-08-06 17:00:00,52380,Receiving Stores - ATLN 475 Horizon Dr.,190273,PO-US-06925,1,10-06105C,"(10-06105C) PCBA, Power Board, Type C, Coated",1,FedEx Freight - COL,300418119528,814-4657@RevNEW,ASN_20260808.csv,2026-08-07 18:00:15,2026-08-07 18:00:26,2026-08-07 18:00:26
P:10-06105CR:04S:QTL262403808,2026-07-19 17:00:00,52380,Receiving Stores - ATLN 475 Horizon Dr.,189773,PO-US-06925,1,10-06105C,"(10-06105C) PCBA, Power Board, Type C, Coated",1,FedEx Freight - COL,300044916620,814-4657@RevNEW,ASN_20260722.csv,2026-07-21 18:00:12,2026-07-21 18:00:21,2026-07-21 18:00:21
P:10-06105CR:04S:QTL262403809,2026-08-06 17:00:00,52380,Receiving Stores - ATLN 475 Horizon Dr.,190273,PO-US-06925,1,10-06105C,"(10-06105C) PCBA, Power Board, Type C, Coated",1,FedEx Freight - COL,300418119528,814-4657@RevNEW,ASN_20260808.csv,2026-08-07 18:00:15,2026-08-07 18:00:26,2026-08-07 18:00:26
P:10-06105CR:04S:QTL262403810,2026-08-06 17:00:00,52380,Receiving Stores - ATLN 475 Horizon Dr.,190273,PO-US-06925,1,10-06105C,"(10-06105C) PCBA, Power Board, Type C, Coated",1,FedEx Freight - COL,300418119528,814-4657@RevNEW,ASN_20260808.csv,2026-08-07 18:00:15,2026-08-07 18:00:26,2026-08-07 18:00:26
P:10-06105CR:04S:QTL262403811,2026-08-06 17:00:00,52380,Receiving Stores - ATLN 475 Horizon Dr.,190273,PO-US-06925,1,10-06105C,"(10-06105C) PCBA, Power Board, Type C, Coated",1,FedEx Freight - COL,300418119528,814-4657@RevNEW,ASN_20260808.csv,2026-08-07 18:00:15,2026-08-07 18:00:26,2026-08-07 18:00:26
P:10-06105CR:04S:QTL262403813,2026-08-06 17:00:00,52380,Receiving Stores - ATLN 475 Horizon Dr.,190273,PO-US-06925,1,10-06105C,"(10-06105C) PCBA, Power Board, Type C, Coated",1,FedEx Freight - COL,300418119528,814-4657@RevNEW,ASN_20260808.csv,2026-08-07 18:00:15,2026-08-07 18:00:26,2026-08-07 18:00:26
P:10-06105CR:04S:QTL262403816,2026-07-19 17:00:00,52380,Receiving Stores - ATLN 475 Horizon Dr.,189773,PO-US-06925,1,10-06105C,"(10-06105C) PCBA, Power Board, Type C, Coated",1,FedEx Freight - COL,300044916620,814-4657@RevNEW,ASN_20260722.csv,2026-07-21 18:00:12,2026-07-21 18:00:21,2026-07-21 18:00:21
P:10-06105CR:04S:QTL262403818,2026-07-19 17:00:00,52380,Receiving Stores - ATLN 475 Horizon Dr.,189773,PO-US-06925,1,10-06105C,"(10-06105C) PCBA, Power Board, Type C, Coated",1,FedEx Freight - COL,,814-4657@RevNEW,ASN_20260718.csv,2026-07-17 18:00:19,2026-07-17 18:00:29,2026-07-17 18:00:29
P:10-06105CR:04S:QTL262403819,2026-07-19 17:00:00,52380,Receiving Stores - ATLN 475 Horizon Dr.,189773,PO-US-06925,1,10-06105C,"(10-06105C) PCBA, Power Board, Type C, Coated",1,FedEx Freight - COL,,814-4657@RevNEW,ASN_20260718.csv,2026-07-17 18:00:19,2026-07-17 18:00:29,2026-07-17 18:00:29
P:10-06105CR:04S:QTL262403820,2026-07-30 17:00:00,52380,Receiving Stores - ATLN 475 Horizon Dr.,190094,PO-US-06925,1,10-06105C,"(10-06105C) PCBA, Power Board, Type C, Coated",1,FedEx Ground - COL,,814-4657@RevNEW,ASN_20260801.csv,2026-07-31 18:00:15,2026-07-31 18:00:25,2026-07-31 18:00:25
P:10-06105CR:04S:QTL262403822,2026-08-06 17:00:00,52380,Receiving Stores - ATLN 475 Horizon Dr.,190273,PO-US-06925,1,10-06105C,"(10-06105C) PCBA, Power Board, Type C, Coated",1,FedEx Freight - COL,300418119528,814-4657@RevNEW,ASN_20260808.csv,2026-08-07 18:00:15,2026-08-07 18:00:26,2026-08-07 18:00:26
P:10-06105CR:04S:QTL262403823,2026-07-19 17:00:00,52380,Receiving Stores - ATLN 475 Horizon Dr.,189773,PO-US-06925,1,10-06105C,"(10-06105C) PCBA, Power Board, Type C, Coated",1,FedEx Freight - COL,300044916620,814-4657@RevNEW,ASN_20260722.csv,2026-07-21 18:00:12,2026-07-21 18:00:21,2026-07-21 18:00:21
P:10-06105CR:04S:QTL262403825,2026-08-06 17:00:00,52380,Receiving Stores - ATLN 475 Horizon Dr.,190273,PO-US-06925,1,10-06105C,"(10-06105C) PCBA, Power Board, Type C, Coated",1,FedEx Freight - COL,300418119528,814-4657@RevNEW,ASN_20260808.csv,2026-08-07 18:00:15,2026-08-07 18:00:26,2026-08-07 18:00:26
P:10-06105CR:04S:QTL262403830,2026-07-19 17:00:00,52380,Receiving Stores - ATLN 475 Horizon Dr.,189773,PO-US-06925,1,10-06105C,"(10-06105C) PCBA, Power Board, Type C, Coated",1,FedEx Freight - COL,,814-4657@RevNEW,ASN_20260718.csv,2026-07-17 18:00:19,2026-07-17 18:00:29,2026-07-17 18:00:29
P:10-06105CR:04S:QTL262403831,2026-08-06 17:00:00,52380,Receiving Stores - ATLN 475 Horizon Dr.,190273,PO-US-06925,1,10-06105C,"(10-06105C) PCBA, Power Board, Type C, Coated",1,FedEx Freight - COL,300418119528,814-4657@RevNEW,ASN_20260808.csv,2026-08-07 18:00:15,2026-08-07 18:00:26,2026-08-07 18:00:26
P:10-06105CR:04S:QTL262403832,2026-08-06 17:00:00,52380,Receiving Stores - ATLN 475 Horizon Dr.,190273,PO-US-06925,1,10-06105C,"(10-06105C) PCBA, Power Board, Type C, Coated",1,FedEx Freight - COL,300418119528,814-4657@RevNEW,ASN_20260808.csv,2026-08-07 18:00:15,2026-08-07 18:00:26,2026-08-07 18:00:26
P:10-06105CR:04S:QTL262403835,2026-07-30 17:00:00,52380,Receiving Stores - ATLN 475 Horizon Dr.,190094,PO-US-06925,1,10-06105C,"(10-06105C) PCBA, Power Board, Type C, Coated",1,FedEx Ground - COL,,814-4657@RevNEW,ASN_20260801.csv,2026-07-31 18:00:15,2026-07-31 18:00:25,2026-07-31 18:00:25
P:10-06105CR:04S:QTL262403836,2026-08-06 17:00:00,52380,Receiving Stores - ATLN 475 Horizon Dr.,190273,PO-US-06925,1,10-06105C,"(10-06105C) PCBA, Power Board, Type C, Coated",1,FedEx Freight - COL,300418119528,814-4657@RevNEW,ASN_20260808.csv,2026-08-07 18:00:15,2026-08-07 18:00:26,2026-08-07 18:00:26
P:10-06105CR:04S:QTL262403838,2026-08-06 17:00:00,52380,Receiving Stores - ATLN 475 Horizon Dr.,190273,PO-US-06925,1,10-06105C,"(10-06105C) PCBA, Power Board, Type C, Coated",1,FedEx Freight - COL,300418119528,814-4657@RevNEW,ASN_20260808.csv,2026-08-07 18:00:15,2026-08-07 18:00:26,2026-08-07 18:00:26
P:10-06105CR:04S:QTL262403839,2026-08-06 17:00:00,52380,Receiving Stores - ATLN 475 Horizon Dr.,190273,PO-US-06925,1,10-06105C,"(10-06105C) PCBA, Power Board, Type C, Coated",1,FedEx Freight - COL,300418119528,814-4657@RevNEW,ASN_20260808.csv,2026-08-07 18:00:15,2026-08-07 18:00:26,2026-08-07 18:00:26
P:10-06105CR:04S:QTL262403840,2026-07-30 17:00:00,52380,Receiving Stores - ATLN 475 Horizon Dr.,190094,PO-US-06925,1,10-06105C,"(10-06105C) PCBA, Power Board, Type C, Coated",1,FedEx Ground - COL,,814-4657@RevNEW,ASN_20260801.csv,2026-07-31 18:00:15,2026-07-31 18:00:25,2026-07-31 18:00:25
P:10-06105CR:04S:QTL262403842,2026-07-19 17:00:00,52380,Receiving Stores - ATLN 475 Horizon Dr.,189773,PO-US-06925,1,10-06105C,"(10-06105C) PCBA, Power Board, Type C, Coated",1,FedEx Freight - COL,300044916620,814-4657@RevNEW,ASN_20260722.csv,2026-07-21 18:00:12,2026-07-21 18:00:21,2026-07-21 18:00:21
P:10-06105CR:04S:QTL262403843,2026-07-30 17:00:00,52380,Receiving Stores - ATLN 475 Horizon Dr.,190094,PO-US-06925,1,10-06105C,"(10-06105C) PCBA, Power Board, Type C, Coated",1,FedEx Ground - COL,,814-4657@RevNEW,ASN_20260801.csv,2026-07-31 18:00:15,2026-07-31 18:00:25,2026-07-31 18:00:25
P:10-06105CR:04S:QTL262403844,2026-07-30 17:00:00,52380,Receiving Stores - ATLN 475 Horizon Dr.,190094,PO-US-06925,1,10-06105C,"(10-06105C) PCBA, Power Board, Type C, Coated",1,FedEx Ground - COL,,814-4657@RevNEW,ASN_20260801.csv,2026-07-31 18:00:15,2026-07-31 18:00:25,2026-07-31 18:00:25
P:10-06105CR:04S:QTL262403845,2026-07-30 17:00:00,52380,Receiving Stores - ATLN 475 Horizon Dr.,190094,PO-US-06925,1,10-06105C,"(10-06105C) PCBA, Power Board, Type C, Coated",1,FedEx Ground - COL,,814-4657@RevNEW,ASN_20260801.csv,2026-07-31 18:00:15,2026-07-31 18:00:25,2026-07-31 18:00:25
P:10-06105CR:04S:QTL262403847,2026-07-30 17:00:00,52380,Receiving Stores - ATLN 475 Horizon Dr.,190094,PO-US-06925,1,10-06105C,"(10-06105C) PCBA, Power Board, Type C, Coated",1,FedEx Ground - COL,,814-4657@RevNEW,ASN_20260801.csv,2026-07-31 18:00:15,2026-07-31 18:00:25,2026-07-31 18:00:25
P:10-06105CR:04S:QTL262403848,2026-07-30 17:00:00,52380,Receiving Stores - ATLN 475 Horizon Dr.,190094,PO-US-06925,1,10-06105C,"(10-06105C) PCBA, Power Board, Type C, Coated",1,FedEx Ground - COL,,814-4657@RevNEW,ASN_20260801.csv,2026-07-31 18:00:15,2026-07-31 18:00:25,2026-07-31 18:00:25
P:10-06105CR:04S:QTL262403849,2026-07-19 17:00:00,52380,Receiving Stores - ATLN 475 Horizon Dr.,189773,PO-US-06925,1,10-06105C,"(10-06105C) PCBA, Power Board, Type C, Coated",1,FedEx Freight - COL,300044916620,814-4657@RevNEW,ASN_20260722.csv,2026-07-21 18:00:12,2026-07-21 18:00:21,2026-07-21 18:00:21
P:10-06105CR:04S:QTL262403851,2026-07-19 17:00:00,52380,Receiving Stores - ATLN 475 Horizon Dr.,189773,PO-US-06925,1,10-06105C,"(10-06105C) PCBA, Power Board, Type C, Coated",1,FedEx Freight - COL,300044916620,814-4657@RevNEW,ASN_20260722.csv,2026-07-21 18:00:12,2026-07-21 18:00:21,2026-07-21 18:00:21
P:10-06105CR:04S:QTL262403855,2026-08-06 17:00:00,52380,Receiving Stores - ATLN 475 Horizon Dr.,190273,PO-US-06925,1,10-06105C,"(10-06105C) PCBA, Power Board, Type C, Coated",1,FedEx Freight - COL,300418119528,814-4657@RevNEW,ASN_20260808.csv,2026-08-07 18:00:15,2026-08-07 18:00:26,2026-08-07 18:00:26
P:10-06105CR:04S:QTL262403857,2026-07-19 17:00:00,52380,Receiving Stores - ATLN 475 Horizon Dr.,189773,PO-US-06925,1,10-06105C,"(10-06105C) PCBA, Power Board, Type C, Coated",1,FedEx Freight - COL,300044916620,814-4657@RevNEW,ASN_20260722.csv,2026-07-21 18:00:12,2026-07-21 18:00:21,2026-07-21 18:00:21
P:10-06105CR:04S:QTL262403859,2026-07-19 17:00:00,52380,Receiving Stores - ATLN 475 Horizon Dr.,189773,PO-US-06925,1,10-06105C,"(10-06105C) PCBA, Power Board, Type C, Coated",1,FedEx Freight - COL,300044916620,814-4657@RevNEW,ASN_20260722.csv,2026-07-21 18:00:12,2026-07-21 18:00:21,2026-07-21 18:00:21
P:10-06105CR:04S:QTL262403861,2026-08-06 17:00:00,52380,Receiving Stores - ATLN 475 Horizon Dr.,190273,PO-US-06925,1,10-06105C,"(10-06105C) PCBA, Power Board, Type C, Coated",1,FedEx Freight - COL,300418119528,814-4657@RevNEW,ASN_20260808.csv,2026-08-07 18:00:15,2026-08-07 18:00:26,2026-08-07 18:00:26
P:10-06105CR:04S:QTL262403862,2026-08-06 17:00:00,52380,Receiving Stores - ATLN 475 Horizon Dr.,190273,PO-US-06925,1,10-06105C,"(10-06105C) PCBA, Power Board, Type C, Coated",1,FedEx Freight - COL,300418119528,814-4657@RevNEW,ASN_20260808.csv,2026-08-07 18:00:15,2026-08-07 18:00:26,2026-08-07 18:00:26
P:10-06105CR:04S:QTL262403866,2026-07-19 17:00:00,52380,Receiving Stores - ATLN 475 Horizon Dr.,189773,PO-US-06925,1,10-06105C,"(10-06105C) PCBA, Power Board, Type C, Coated",1,FedEx Freight - COL,,814-4657@RevNEW,ASN_20260718.csv,2026-07-17 18:00:19,2026-07-17 18:00:29,2026-07-17 18:00:29
P:10-06105CR:04S:QTL262403873,2026-07-19 17:00:00,52380,Receiving Stores - ATLN 475 Horizon Dr.,189773,PO-US-06925,1,10-06105C,"(10-06105C) PCBA, Power Board, Type C, Coated",1,FedEx Freight - COL,,814-4657@RevNEW,ASN_20260718.csv,2026-07-17 18:00:19,2026-07-17 18:00:29,2026-07-17 18:00:29
P:10-06105CR:04S:QTL262403874,2026-07-19 17:00:00,52380,Receiving Stores - ATLN 475 Horizon Dr.,189773,PO-US-06925,1,10-06105C,"(10-06105C) PCBA, Power Board, Type C, Coated",1,FedEx Freight - COL,300044916620,814-4657@RevNEW,ASN_20260722.csv,2026-07-21 18:00:12,2026-07-21 18:00:21,2026-07-21 18:00:21
P:10-06105CR:04S:QTL262403879,2026-08-06 17:00:00,52380,Receiving Stores - ATLN 475 Horizon Dr.,190273,PO-US-06925,1,10-06105C,"(10-06105C) PCBA, Power Board, Type C, Coated",1,FedEx Freight - COL,300418119528,814-4657@RevNEW,ASN_20260808.csv,2026-08-07 18:00:15,2026-08-07 18:00:26,2026-08-07 18:00:26
P:10-06105CR:04S:QTL262403883,2026-07-30 17:00:00,52380,Receiving Stores - ATLN 475 Horizon Dr.,190094,PO-US-06925,1,10-06105C,"(10-06105C) PCBA, Power Board, Type C, Coated",1,FedEx Ground - COL,,814-4657@RevNEW,ASN_20260801.csv,2026-07-31 18:00:15,2026-07-31 18:00:25,2026-07-31 18:00:25
P:10-06105CR:04S:QTL262403884,2026-07-19 17:00:00,52380,Receiving Stores - ATLN 475 Horizon Dr.,189773,PO-US-06925,1,10-06105C,"(10-06105C) PCBA, Power Board, Type C, Coated",1,FedEx Freight - COL,,814-4657@RevNEW,ASN_20260718.csv,2026-07-17 18:00:19,2026-07-17 18:00:29,2026-07-17 18:00:29
P:10-06105CR:04S:QTL262403885,2026-07-19 17:00:00,52380,Receiving Stores - ATLN 475 Horizon Dr.,189773,PO-US-06925,1,10-06105C,"(10-06105C) PCBA, Power Board, Type C, Coated",1,FedEx Freight - COL,,814-4657@RevNEW,ASN_20260718.csv,2026-07-17 18:00:19,2026-07-17 18:00:29,2026-07-17 18:00:29
P:10-06105CR:04S:QTL262403886,2026-07-19 17:00:00,52380,Receiving Stores - ATLN 475 Horizon Dr.,189773,PO-US-06925,1,10-06105C,"(10-06105C) PCBA, Power Board, Type C, Coated",1,FedEx Freight - COL,,814-4657@RevNEW,ASN_20260718.csv,2026-07-17 18:00:19,2026-07-17 18:00:29,2026-07-17 18:00:29
P:10-06105CR:04S:QTL262403887,2026-07-19 17:00:00,52380,Receiving Stores - ATLN 475 Horizon Dr.,189773,PO-US-06925,1,10-06105C,"(10-06105C) PCBA, Power Board, Type C, Coated",1,FedEx Freight - COL,300044916620,814-4657@RevNEW,ASN_20260722.csv,2026-07-21 18:00:12,2026-07-21 18:00:21,2026-07-21 18:00:21
P:10-06105CR:04S:QTL262403888,2026-08-06 17:00:00,52380,Receiving Stores - ATLN 475 Horizon Dr.,190273,PO-US-06925,1,10-06105C,"(10-06105C) PCBA, Power Board, Type C, Coated",1,FedEx Freight - COL,300418119528,814-4657@RevNEW,ASN_20260808.csv,2026-08-07 18:00:15,2026-08-07 18:00:26,2026-08-07 18:00:26
P:10-06105CR:04S:QTL262403889,2026-07-19 17:00:00,52380,Receiving Stores - ATLN 475 Horizon Dr.,189773,PO-US-06925,1,10-06105C,"(10-06105C) PCBA, Power Board, Type C, Coated",1,FedEx Freight - COL,300044916620,814-4657@RevNEW,ASN_20260722.csv,2026-07-21 18:00:12,2026-07-21 18:00:21,2026-07-21 18:00:21
P:10-06105CR:04S:QTL262403895,2026-08-06 17:00:00,52380,Receiving Stores - ATLN 475 Horizon Dr.,190273,PO-US-06925,1,10-06105C,"(10-06105C) PCBA, Power Board, Type C, Coated",1,FedEx Freight - COL,300418119528,814-4657@RevNEW,ASN_20260808.csv,2026-08-07 18:00:15,2026-08-07 18:00:26,2026-08-07 18:00:26
P:10-06105CR:04S:QTL262403897,2026-07-19 17:00:00,52380,Receiving Stores - ATLN 475 Horizon Dr.,189773,PO-US-06925,1,10-06105C,"(10-06105C) PCBA, Power Board, Type C, Coated",1,FedEx Freight - COL,300044916620,814-4657@RevNEW,ASN_20260722.csv,2026-07-21 18:00:12,2026-07-21 18:00:21,2026-07-21 18:00:21
P:10-06105CR:04S:QTL262403899,2026-07-19 17:00:00,52380,Receiving Stores - ATLN 475 Horizon Dr.,189773,PO-US-06925,1,10-06105C,"(10-06105C) PCBA, Power Board, Type C, Coated",1,FedEx Freight - COL,300044916620,814-4657@RevNEW,ASN_20260722.csv,2026-07-21 18:00:12,2026-07-21 18:00:21,2026-07-21 18:00:21
P:10-06105CR:04S:QTL262403901,2026-07-30 17:00:00,52380,Receiving Stores - ATLN 475 Horizon Dr.,190094,PO-US-06925,1,10-06105C,"(10-06105C) PCBA, Power Board, Type C, Coated",1,FedEx Ground - COL,,814-4657@RevNEW,ASN_20260801.csv,2026-07-31 18:00:15,2026-07-31 18:00:25,2026-07-31 18:00:25
P:10-06105CR:04S:QTL262403903,2026-08-06 17:00:00,52380,Receiving Stores - ATLN 475 Horizon Dr.,190273,PO-US-06925,1,10-06105C,"(10-06105C) PCBA, Power Board, Type C, Coated",1,FedEx Freight - COL,300418119528,814-4657@RevNEW,ASN_20260808.csv,2026-08-07 18:00:15,2026-08-07 18:00:26,2026-08-07 18:00:26
P:10-06105CR:04S:QTL262403905,2026-07-19 17:00:00,52380,Receiving Stores - ATLN 475 Horizon Dr.,189773,PO-US-06925,1,10-06105C,"(10-06105C) PCBA, Power Board, Type C, Coated",1,FedEx Freight - COL,300044916620,814-4657@RevNEW,ASN_20260722.csv,2026-07-21 18:00:12,2026-07-21 18:00:21,2026-07-21 18:00:21
P:10-06105CR:04S:QTL262403907,2026-07-19 17:00:00,52380,Receiving Stores - ATLN 475 Horizon Dr.,189773,PO-US-06925,1,10-06105C,"(10-06105C) PCBA, Power Board, Type C, Coated",1,FedEx Freight - COL,300044916620,814-4657@RevNEW,ASN_20260722.csv,2026-07-21 18:00:12,2026-07-21 18:00:21,2026-07-21 18:00:21
P:10-06105CR:04S:QTL262403908,2026-08-06 17:00:00,52380,Receiving Stores - ATLN 475 Horizon Dr.,190273,PO-US-06925,1,10-06105C,"(10-06105C) PCBA, Power Board, Type C, Coated",1,FedEx Freight - COL,300418119528,814-4657@RevNEW,ASN_20260808.csv,2026-08-07 18:00:15,2026-08-07 18:00:26,2026-08-07 18:00:26
P:10-06105CR:04S:QTL262403909,2026-08-06 17:00:00,52380,Receiving Stores - ATLN 475 Horizon Dr.,190273,PO-US-06925,1,10-06105C,"(10-06105C) PCBA, Power Board, Type C, Coated",1,FedEx Freight - COL,300418119528,814-4657@RevNEW,ASN_20260808.csv,2026-08-07 18:00:15,2026-08-07 18:00:26,2026-08-07 18:00:26
P:10-06105CR:04S:QTL262403911,2026-08-06 17:00:00,52380,Receiving Stores - ATLN 475 Horizon Dr.,190273,PO-US-06925,1,10-06105C,"(10-06105C) PCBA, Power Board, Type C, Coated",1,FedEx Freight - COL,300418119528,814-4657@RevNEW,ASN_20260808.csv,2026-08-07 18:00:15,2026-08-07 18:00:26,2026-08-07 18:00:26
P:10-06105CR:04S:QTL262403915,2026-08-06 17:00:00,52380,Receiving Stores - ATLN 475 Horizon Dr.,190273,PO-US-06925,1,10-06105C,"(10-06105C) PCBA, Power Board, Type C, Coated",1,FedEx Freight - COL,300418119528,814-4657@RevNEW,ASN_20260808.csv,2026-08-07 18:00:15,2026-08-07 18:00:26,2026-08-07 18:00:26
P:10-06105CR:04S:QTL262403917,2026-07-30 17:00:00,52380,Receiving Stores - ATLN 475 Horizon Dr.,190094,PO-US-06925,1,10-06105C,"(10-06105C) PCBA, Power Board, Type C, Coated",1,FedEx Ground - COL,,814-4657@RevNEW,ASN_20260801.csv,2026-07-31 18:00:15,2026-07-31 18:00:25,2026-07-31 18:00:25
P:10-06105CR:04S:QTL262403918,2026-07-19 17:00:00,52380,Receiving Stores - ATLN 475 Horizon Dr.,189773,PO-US-06925,1,10-06105C,"(10-06105C) PCBA, Power Board, Type C, Coated",1,FedEx Freight - COL,300044916620,814-4657@RevNEW,ASN_20260722.csv,2026-07-21 18:00:12,2026-07-21 18:00:21,2026-07-21 18:00:21
P:10-06105CR:04S:QTL262403921,2026-08-06 17:00:00,52380,Receiving Stores - ATLN 475 Horizon Dr.,190273,PO-US-06925,1,10-06105C,"(10-06105C) PCBA, Power Board, Type C, Coated",1,FedEx Freight - COL,300418119528,814-4657@RevNEW,ASN_20260808.csv,2026-08-07 18:00:15,2026-08-07 18:00:26,2026-08-07 18:00:26
P:10-06105CR:04S:QTL262403924,2026-07-30 17:00:00,52380,Receiving Stores - ATLN 475 Horizon Dr.,190094,PO-US-06925,1,10-06105C,"(10-06105C) PCBA, Power Board, Type C, Coated",1,FedEx Ground - COL,,814-4657@RevNEW,ASN_20260801.csv,2026-07-31 18:00:15,2026-07-31 18:00:25,2026-07-31 18:00:25
P:10-06105CR:04S:QTL262403925,2026-07-30 17:00:00,52380,Receiving Stores - ATLN 475 Horizon Dr.,190094,PO-US-06925,1,10-06105C,"(10-06105C) PCBA, Power Board, Type C, Coated",1,FedEx Ground - COL,,814-4657@RevNEW,ASN_20260801.csv,2026-07-31 18:00:15,2026-07-31 18:00:25,2026-07-31 18:00:25
P:10-06105CR:04S:QTL262403930,2026-08-06 17:00:00,52380,Receiving Stores - ATLN 475 Horizon Dr.,190273,PO-US-06925,1,10-06105C,"(10-06105C) PCBA, Power Board, Type C, Coated",1,FedEx Freight - COL,300418119528,814-4657@RevNEW,ASN_20260808.csv,2026-08-07 18:00:15,2026-08-07 18:00:26,2026-08-07 18:00:26
P:10-06105CR:04S:QTL262403935,2026-07-30 17:00:00,52380,Receiving Stores - ATLN 475 Horizon Dr.,190094,PO-US-06925,1,10-06105C,"(10-06105C) PCBA, Power Board, Type C, Coated",1,FedEx Ground - COL,,814-4657@RevNEW,ASN_20260801.csv,2026-07-31 18:00:15,2026-07-31 18:00:25,2026-07-31 18:00:25
P:10-06105CR:04S:QTL262403938,2026-07-19 17:00:00,52380,Receiving Stores - ATLN 475 Horizon Dr.,189773,PO-US-06925,1,10-06105C,"(10-06105C) PCBA, Power Board, Type C, Coated",1,FedEx Freight - COL,300044916620,814-4657@RevNEW,ASN_20260722.csv,2026-07-21 18:00:12,2026-07-21 18:00:21,2026-07-21 18:00:21
P:10-06105CR:04S:QTL262403939,2026-08-06 17:00:00,52380,Receiving Stores - ATLN 475 Horizon Dr.,190273,PO-US-06925,1,10-06105C,"(10-06105C) PCBA, Power Board, Type C, Coated",1,FedEx Freight - COL,300418119528,814-4657@RevNEW,ASN_20260808.csv,2026-08-07 18:00:15,2026-08-07 18:00:26,2026-08-07 18:00:26
P:10-06105CR:04S:QTL262403940,2026-08-06 17:00:00,52380,Receiving Stores - ATLN 475 Horizon Dr.,190273,PO-US-06925,1,10-06105C,"(10-06105C) PCBA, Power Board, Type C, Coated",1,FedEx Freight - COL,300418119528,814-4657@RevNEW,ASN_20260808.csv,2026-08-07 18:00:15,2026-08-07 18:00:26,2026-08-07 18:00:26
P:10-06105CR:04S:QTL262403943,2026-08-06 17:00:00,52380,Receiving Stores - ATLN 475 Horizon Dr.,190273,PO-US-06925,1,10-06105C,"(10-06105C) PCBA, Power Board, Type C, Coated",1,FedEx Freight - COL,300418119528,814-4657@RevNEW,ASN_20260808.csv,2026-08-07 18:00:15,2026-08-07 18:00:26,2026-08-07 18:00:26
P:10-06105CR:04S:QTL262403944,2026-08-06 17:00:00,52380,Receiving Stores - ATLN 475 Horizon Dr.,190273,PO-US-06925,1,10-06105C,"(10-06105C) PCBA, Power Board, Type C, Coated",1,FedEx Freight - COL,300418119528,814-4657@RevNEW,ASN_20260808.csv,2026-08-07 18:00:15,2026-08-07 18:00:26,2026-08-07 18:00:26
P:10-06105CR:04S:QTL262403945,2026-07-19 17:00:00,52380,Receiving Stores - ATLN 475 Horizon Dr.,189773,PO-US-06925,1,10-06105C,"(10-06105C) PCBA, Power Board, Type C, Coated",1,FedEx Freight - COL,,814-4657@RevNEW,ASN_20260718.csv,2026-07-17 18:00:19,2026-07-17 18:00:29,2026-07-17 18:00:29
P:10-06105CR:04S:QTL262403946,2026-08-06 17:00:00,52380,Receiving Stores - ATLN 475 Horizon Dr.,190273,PO-US-06925,1,10-06105C,"(10-06105C) PCBA, Power Board, Type C, Coated",1,FedEx Freight - COL,300418119528,814-4657@RevNEW,ASN_20260808.csv,2026-08-07 18:00:15,2026-08-07 18:00:26,2026-08-07 18:00:26
P:10-06105CR:04S:QTL262403947,2026-08-06 17:00:00,52380,Receiving Stores - ATLN 475 Horizon Dr.,190273,PO-US-06925,1,10-06105C,"(10-06105C) PCBA, Power Board, Type C, Coated",1,FedEx Freight - COL,300418119528,814-4657@RevNEW,ASN_20260808.csv,2026-08-07 18:00:15,2026-08-07 18:00:26,2026-08-07 18:00:26
P:10-06105CR:04S:QTL262403948,2026-07-19 17:00:00,52380,Receiving Stores - ATLN 475 Horizon Dr.,189773,PO-US-06925,1,10-06105C,"(10-06105C) PCBA, Power Board, Type C, Coated",1,FedEx Freight - COL,300044916620,814-4657@RevNEW,ASN_20260722.csv,2026-07-21 18:00:12,2026-07-21 18:00:21,2026-07-21 18:00:21
P:10-06105CR:04S:QTL262403949,2026-08-06 17:00:00,52380,Receiving Stores - ATLN 475 Horizon Dr.,190273,PO-US-06925,1,10-06105C,"(10-06105C) PCBA, Power Board, Type C, Coated",1,FedEx Freight - COL,300418119528,814-4657@RevNEW,ASN_20260808.csv,2026-08-07 18:00:15,2026-08-07 18:00:26,2026-08-07 18:00:26
P:10-06105CR:04S:QTL262403950,2026-07-19 17:00:00,52380,Receiving Stores - ATLN 475 Horizon Dr.,189773,PO-US-06925,1,10-06105C,"(10-06105C) PCBA, Power Board, Type C, Coated",1,FedEx Freight - COL,,814-4657@RevNEW,ASN_20260718.csv,2026-07-17 18:00:19,2026-07-17 18:00:29,2026-07-17 18:00:29
P:10-06105CR:04S:QTL262403953,2026-08-06 17:00:00,52380,Receiving Stores - ATLN 475 Horizon Dr.,190273,PO-US-06925,1,10-06105C,"(10-06105C) PCBA, Power Board, Type C, Coated",1,FedEx Freight - COL,300418119528,814-4657@RevNEW,ASN_20260808.csv,2026-08-07 18:00:15,2026-08-07 18:00:26,2026-08-07 18:00:26
P:10-06105CR:04S:QTL262403954,2026-08-06 17:00:00,52380,Receiving Stores - ATLN 475 Horizon Dr.,190273,PO-US-06925,1,10-06105C,"(10-06105C) PCBA, Power Board, Type C, Coated",1,FedEx Freight - COL,300418119528,814-4657@RevNEW,ASN_20260808.csv,2026-08-07 18:00:15,2026-08-07 18:00:26,2026-08-07 18:00:26
P:10-06105CR:04S:QTL262403955,2026-07-19 17:00:00,52380,Receiving Stores - ATLN 475 Horizon Dr.,189773,PO-US-06925,1,10-06105C,"(10-06105C) PCBA, Power Board, Type C, Coated",1,FedEx Freight - COL,300044916620,814-4657@RevNEW,ASN_20260722.csv,2026-07-21 18:00:12,2026-07-21 18:00:21,2026-07-21 18:00:21
P:10-06105CR:04S:QTL262403956,2026-08-06 17:00:00,52380,Receiving Stores - ATLN 475 Horizon Dr.,190273,PO-US-06925,1,10-06105C,"(10-06105C) PCBA, Power Board, Type C, Coated",1,FedEx Freight - COL,300418119528,814-4657@RevNEW,ASN_20260808.csv,2026-08-07 18:00:15,2026-08-07 18:00:26,2026-08-07 18:00:26
P:10-06105CR:04S:QTL262403957,2026-08-06 17:00:00,52380,Receiving Stores - ATLN 475 Horizon Dr.,190273,PO-US-06925,1,10-06105C,"(10-06105C) PCBA, Power Board, Type C, Coated",1,FedEx Freight - COL,300418119528,814-4657@RevNEW,ASN_20260808.csv,2026-08-07 18:00:15,2026-08-07 18:00:26,2026-08-07 18:00:26
P:10-06105CR:04S:QTL262403958,2026-08-06 17:00:00,52380,Receiving Stores - ATLN 475 Horizon Dr.,190273,PO-US-06925,1,10-06105C,"(10-06105C) PCBA, Power Board, Type C, Coated",1,FedEx Freight - COL,300418119528,814-4657@RevNEW,ASN_20260808.csv,2026-08-07 18:00:15,2026-08-07 18:00:26,2026-08-07 18:00:26
P:10-06105CR:04S:QTL262403959,2026-07-19 17:00:00,52380,Receiving Stores - ATLN 475 Horizon Dr.,189773,PO-US-06925,1,10-06105C,"(10-06105C) PCBA, Power Board, Type C, Coated",1,FedEx Freight - COL,300044916620,814-4657@RevNEW,ASN_20260722.csv,2026-07-21 18:00:12,2026-07-21 18:00:21,2026-07-21 18:00:21
P:10-06105CR:04S:QTL262403962,2026-08-06 17:00:00,52380,Receiving Stores - ATLN 475 Horizon Dr.,190273,PO-US-06925,1,10-06105C,"(10-06105C) PCBA, Power Board, Type C, Coated",1,FedEx Freight - COL,300418119528,814-4657@RevNEW,ASN_20260808.csv,2026-08-07 18:00:15,2026-08-07 18:00:26,2026-08-07 18:00:26
P:10-06105CR:04S:QTL262403964,2026-08-06 17:00:00,52380,Receiving Stores - ATLN 475 Horizon Dr.,190273,PO-US-06925,1,10-06105C,"(10-06105C) PCBA, Power Board, Type C, Coated",1,FedEx Freight - COL,300418119528,814-4657@RevNEW,ASN_20260808.csv,2026-08-07 18:00:15,2026-08-07 18:00:26,2026-08-07 18:00:26
P:10-06105CR:04S:QTL262403965,2026-08-06 17:00:00,52380,Receiving Stores - ATLN 475 Horizon Dr.,190273,PO-US-06925,1,10-06105C,"(10-06105C) PCBA, Power Board, Type C, Coated",1,FedEx Freight - COL,300418119528,814-4657@RevNEW,ASN_20260808.csv,2026-08-07 18:00:15,2026-08-07 18:00:26,2026-08-07 18:00:26
P:10-06105CR:04S:QTL262403967,2026-07-19 17:00:00,52380,Receiving Stores - ATLN 475 Horizon Dr.,189773,PO-US-06925,1,10-06105C,"(10-06105C) PCBA, Power Board, Type C, Coated",1,FedEx Freight - COL,,814-4657@RevNEW,ASN_20260718.csv,2026-07-17 18:00:19,2026-07-17 18:00:29,2026-07-17 18:00:29
P:10-06105CR:04S:QTL262403968,2026-07-19 17:00:00,52380,Receiving Stores - ATLN 475 Horizon Dr.,189773,PO-US-06925,1,10-06105C,"(10-06105C) PCBA, Power Board, Type C, Coated",1,FedEx Freight - COL,,814-4657@RevNEW,ASN_20260718.csv,2026-07-17 18:00:19,2026-07-17 18:00:29,2026-07-17 18:00:29
P:10-06105CR:04S:QTL262403971,2026-08-06 17:00:00,52380,Receiving Stores - ATLN 475 Horizon Dr.,190273,PO-US-06925,1,10-06105C,"(10-06105C) PCBA, Power Board, Type C, Coated",1,FedEx Freight - COL,300418119528,814-4657@RevNEW,ASN_20260808.csv,2026-08-07 18:00:15,2026-08-07 18:00:26,2026-08-07 18:00:26
P:10-06105CR:04S:QTL262403972,2026-07-19 17:00:00,52380,Receiving Stores - ATLN 475 Horizon Dr.,189773,PO-US-06925,1,10-06105C,"(10-06105C) PCBA, Power Board, Type C, Coated",1,FedEx Freight - COL,,814-4657@RevNEW,ASN_20260718.csv,2026-07-17 18:00:19,2026-07-17 18:00:29,2026-07-17 18:00:29
P:10-06105CR:04S:QTL262403974,2026-07-19 17:00:00,52380,Receiving Stores - ATLN 475 Horizon Dr.,189773,PO-US-06925,1,10-06105C,"(10-06105C) PCBA, Power Board, Type C, Coated",1,FedEx Freight - COL,300044916620,814-4657@RevNEW,ASN_20260722.csv,2026-07-21 18:00:12,2026-07-21 18:00:21,2026-07-21 18:00:21
P:10-06105CR:04S:QTL262403975,2026-07-19 17:00:00,52380,Receiving Stores - ATLN 475 Horizon Dr.,189773,PO-US-06925,1,10-06105C,"(10-06105C) PCBA, Power Board, Type C, Coated",1,FedEx Freight - COL,300044916620,814-4657@RevNEW,ASN_20260722.csv,2026-07-21 18:00:12,2026-07-21 18:00:21,2026-07-21 18:00:21
P:10-06105CR:04S:QTL262403978,2026-07-19 17:00:00,52380,Receiving Stores - ATLN 475 Horizon Dr.,189773,PO-US-06925,1,10-06105C,"(10-06105C) PCBA, Power Board, Type C, Coated",1,FedEx Freight - COL,300044916620,814-4657@RevNEW,ASN_20260722.csv,2026-07-21 18:00:12,2026-07-21 18:00:21,2026-07-21 18:00:21
P:10-06105CR:04S:QTL262403980,2026-07-19 17:00:00,52380,Receiving Stores - ATLN 475 Horizon Dr.,189773,PO-US-06925,1,10-06105C,"(10-06105C) PCBA, Power Board, Type C, Coated",1,FedEx Freight - COL,300044916620,814-4657@RevNEW,ASN_20260722.csv,2026-07-21 18:00:12,2026-07-21 18:00:21,2026-07-21 18:00:21
P:10-06105CR:04S:QTL262403981,2026-08-06 17:00:00,52380,Receiving Stores - ATLN 475 Horizon Dr.,190273,PO-US-06925,1,10-06105C,"(10-06105C) PCBA, Power Board, Type C, Coated",1,FedEx Freight - COL,300418119528,814-4657@RevNEW,ASN_20260808.csv,2026-08-07 18:00:15,2026-08-07 18:00:26,2026-08-07 18:00:26
P:10-06105CR:04S:QTL262403982,2026-07-19 17:00:00,52380,Receiving Stores - ATLN 475 Horizon Dr.,189773,PO-US-06925,1,10-06105C,"(10-06105C) PCBA, Power Board, Type C, Coated",1,FedEx Freight - COL,300044916620,814-4657@RevNEW,ASN_20260722.csv,2026-07-21 18:00:12,2026-07-21 18:00:21,2026-07-21 18:00:21
P:10-06105CR:04S:QTL262403983,2026-07-30 17:00:00,52380,Receiving Stores - ATLN 475 Horizon Dr.,190094,PO-US-06925,1,10-06105C,"(10-06105C) PCBA, Power Board, Type C, Coated",1,FedEx Ground - COL,,814-4657@RevNEW,ASN_20260801.csv,2026-07-31 18:00:15,2026-07-31 18:00:25,2026-07-31 18:00:25
P:10-06105CR:04S:QTL262403984,2026-07-19 17:00:00,52380,Receiving Stores - ATLN 475 Horizon Dr.,189773,PO-US-06925,1,10-06105C,"(10-06105C) PCBA, Power Board, Type C, Coated",1,FedEx Freight - COL,300044916620,814-4657@RevNEW,ASN_20260722.csv,2026-07-21 18:00:12,2026-07-21 18:00:21,2026-07-21 18:00:21
P:10-06105CR:04S:QTL262403985,2026-07-30 17:00:00,52380,Receiving Stores - ATLN 475 Horizon Dr.,190094,PO-US-06925,1,10-06105C,"(10-06105C) PCBA, Power Board, Type C, Coated",1,FedEx Ground - COL,,814-4657@RevNEW,ASN_20260801.csv,2026-07-31 18:00:15,2026-07-31 18:00:25,2026-07-31 18:00:25
P:10-06105CR:04S:QTL262403987,2026-07-19 17:00:00,52380,Receiving Stores - ATLN 475 Horizon Dr.,189773,PO-US-06925,1,10-06105C,"(10-06105C) PCBA, Power Board, Type C, Coated",1,FedEx Freight - COL,300044916620,814-4657@RevNEW,ASN_20260722.csv,2026-07-21 18:00:12,2026-07-21 18:00:21,2026-07-21 18:00:21
P:10-06105CR:04S:QTL262403988,2026-07-19 17:00:00,52380,Receiving Stores - ATLN 475 Horizon Dr.,189773,PO-US-06925,1,10-06105C,"(10-06105C) PCBA, Power Board, Type C, Coated",1,FedEx Freight - COL,300044916620,814-4657@RevNEW,ASN_20260722.csv,2026-07-21 18:00:12,2026-07-21 18:00:21,2026-07-21 18:00:21
P:10-06105CR:04S:QTL262403991,2026-07-19 17:00:00,52380,Receiving Stores - ATLN 475 Horizon Dr.,189773,PO-US-06925,1,10-06105C,"(10-06105C) PCBA, Power Board, Type C, Coated",1,FedEx Freight - COL,,814-4657@RevNEW,ASN_20260718.csv,2026-07-17 18:00:19,2026-07-17 18:00:29,2026-07-17 18:00:29
P:10-06105CR:04S:QTL262403996,2026-08-06 17:00:00,52380,Receiving Stores - ATLN 475 Horizon Dr.,190273,PO-US-06925,1,10-06105C,"(10-06105C) PCBA, Power Board, Type C, Coated",1,FedEx Freight - COL,300418119528,814-4657@RevNEW,ASN_20260808.csv,2026-08-07 18:00:15,2026-08-07 18:00:26,2026-08-07 18:00:26
P:10-06105CR:04S:QTL262404001,2026-07-30 17:00:00,52380,Receiving Stores - ATLN 475 Horizon Dr.,190094,PO-US-06925,1,10-06105C,"(10-06105C) PCBA, Power Board, Type C, Coated",1,FedEx Ground - COL,,814-4657@RevNEW,ASN_20260801.csv,2026-07-31 18:00:15,2026-07-31 18:00:25,2026-07-31 18:00:25
P:10-06105CR:04S:QTL262404002,2026-08-06 17:00:00,52380,Receiving Stores - ATLN 475 Horizon Dr.,190273,PO-US-06925,1,10-06105C,"(10-06105C) PCBA, Power Board, Type C, Coated",1,FedEx Freight - COL,300418119528,814-4657@RevNEW,ASN_20260808.csv,2026-08-07 18:00:15,2026-08-07 18:00:26,2026-08-07 18:00:26
P:10-06105CR:04S:QTL262404005,2026-07-19 17:00:00,52380,Receiving Stores - ATLN 475 Horizon Dr.,189773,PO-US-06925,1,10-06105C,"(10-06105C) PCBA, Power Board, Type C, Coated",1,FedEx Freight - COL,,814-4657@RevNEW,ASN_20260718.csv,2026-07-17 18:00:19,2026-07-17 18:00:29,2026-07-17 18:00:29
P:10-06105CR:04S:QTL262404009,2026-07-19 17:00:00,52380,Receiving Stores - ATLN 475 Horizon Dr.,189773,PO-US-06925,1,10-06105C,"(10-06105C) PCBA, Power Board, Type C, Coated",1,FedEx Freight - COL,,814-4657@RevNEW,ASN_20260718.csv,2026-07-17 18:00:19,2026-07-17 18:00:29,2026-07-17 18:00:29
P:10-06105CR:04S:QTL262404010,2026-07-19 17:00:00,52380,Receiving Stores - ATLN 475 Horizon Dr.,189773,PO-US-06925,1,10-06105C,"(10-06105C) PCBA, Power Board, Type C, Coated",1,FedEx Freight - COL,,814-4657@RevNEW,ASN_20260718.csv,2026-07-17 18:00:19,2026-07-17 18:00:29,2026-07-17 18:00:29
P:10-06105CR:04S:QTL262404011,2026-07-19 17:00:00,52380,Receiving Stores - ATLN 475 Horizon Dr.,189773,PO-US-06925,1,10-06105C,"(10-06105C) PCBA, Power Board, Type C, Coated",1,FedEx Freight - COL,300044916620,814-4657@RevNEW,ASN_20260722.csv,2026-07-21 18:00:12,2026-07-21 18:00:21,2026-07-21 18:00:21
P:10-06105CR:04S:QTL262404014,2026-07-19 17:00:00,52380,Receiving Stores - ATLN 475 Horizon Dr.,189773,PO-US-06925,1,10-06105C,"(10-06105C) PCBA, Power Board, Type C, Coated",1,FedEx Freight - COL,,814-4657@RevNEW,ASN_20260718.csv,2026-07-17 18:00:19,2026-07-17 18:00:29,2026-07-17 18:00:29
P:10-06105CR:04S:QTL262404021,2026-07-30 17:00:00,52380,Receiving Stores - ATLN 475 Horizon Dr.,190094,PO-US-06925,1,10-06105C,"(10-06105C) PCBA, Power Board, Type C, Coated",1,FedEx Ground - COL,,814-4657@RevNEW,ASN_20260801.csv,2026-07-31 18:00:15,2026-07-31 18:00:25,2026-07-31 18:00:25
P:10-06105CR:04S:QTL262404022,2026-07-19 17:00:00,52380,Receiving Stores - ATLN 475 Horizon Dr.,189773,PO-US-06925,1,10-06105C,"(10-06105C) PCBA, Power Board, Type C, Coated",1,FedEx Freight - COL,300044916620,814-4657@RevNEW,ASN_20260722.csv,2026-07-21 18:00:12,2026-07-21 18:00:21,2026-07-21 18:00:21
P:10-06105CR:04S:QTL262404023,2026-07-19 17:00:00,52380,Receiving Stores - ATLN 475 Horizon Dr.,189773,PO-US-06925,1,10-06105C,"(10-06105C) PCBA, Power Board, Type C, Coated",1,FedEx Freight - COL,,814-4657@RevNEW,ASN_20260718.csv,2026-07-17 18:00:19,2026-07-17 18:00:29,2026-07-17 18:00:29
P:90-06700AR:03S:QTL262500499,2026-07-30 17:00:00,53189,"Attn: Lunar Energy 1195 Trademark Drive, Suite 201",190095,PO-US-08892,1,90-06700A,"(90-06700A) MSA Controller, Boxed - Combine 10-06687A",1,See Special Instructions,,814-4623@RevNEW1,ASN_20260801.csv,2026-07-31 18:00:15,2026-07-31 18:00:25,2026-07-31 18:00:25
P:90-06700AR:03S:QTL262602980,2026-07-30 17:00:00,53189,"Attn: Lunar Energy 1195 Trademark Drive, Suite 201",190095,PO-US-08892,1,90-06700A,"(90-06700A) MSA Controller, Boxed - Combine 10-06687A",1,See Special Instructions,,814-4623@RevNEW1,ASN_20260801.csv,2026-07-31 18:00:15,2026-07-31 18:00:25,2026-07-31 18:00:25
P:90-06700AR:03S:QTL262602987,2026-07-30 17:00:00,53189,"Attn: Lunar Energy 1195 Trademark Drive, Suite 201",190095,PO-US-08892,1,90-06700A,"(90-06700A) MSA Controller, Boxed - Combine 10-06687A",1,See Special Instructions,,814-4623@RevNEW1,ASN_20260801.csv,2026-07-31 18:00:15,2026-07-31 18:00:25,2026-07-31 18:00:25
P:90-06700AR:03S:QTL262602988,2026-07-30 17:00:00,53189,"Attn: Lunar Energy 1195 Trademark Drive, Suite 201",190095,PO-US-08892,1,90-06700A,"(90-06700A) MSA Controller, Boxed - Combine 10-06687A",1,See Special Instructions,,814-4623@RevNEW1,ASN_20260801.csv,2026-07-31 18:00:15,2026-07-31 18:00:25,2026-07-31 18:00:25
P:90-06700AR:03S:QTL262604009,2026-07-30 17:00:00,53189,"Attn: Lunar Energy 1195 Trademark Drive, Suite 201",190095,PO-US-08892,1,90-06700A,"(90-06700A) MSA Controller, Boxed - Combine 10-06687A",1,See Special Instructions,,814-4623@RevNEW1,ASN_20260801.csv,2026-07-31 18:00:15,2026-07-31 18:00:25,2026-07-31 18:00:25
P:90-06700AR:03S:QTL262604013,2026-07-30 17:00:00,53189,"Attn: Lunar Energy 1195 Trademark Drive, Suite 201",190095,PO-US-08892,1,90-06700A,"(90-06700A) MSA Controller, Boxed - Combine 10-06687A",1,See Special Instructions,,814-4623@RevNEW1,ASN_20260801.csv,2026-07-31 18:00:15,2026-07-31 18:00:25,2026-07-31 18:00:25
P:90-06700AR:03S:QTL262801103,2026-07-30 17:00:00,53189,"Attn: Lunar Energy 1195 Trademark Drive, Suite 201",190095,PO-US-08892,1,90-06700A,"(90-06700A) MSA Controller, Boxed - Combine 10-06687A",1,See Special Instructions,,814-4623@RevNEW1,ASN_20260801.csv,2026-07-31 18:00:15,2026-07-31 18:00:25,2026-07-31 18:00:25
P:90-06700AR:03S:QTL262801104,2026-07-30 17:00:00,53189,"Attn: Lunar Energy 1195 Trademark Drive, Suite 201",190095,PO-US-08892,1,90-06700A,"(90-06700A) MSA Controller, Boxed - Combine 10-06687A",1,See Special Instructions,,814-4623@RevNEW1,ASN_20260801.csv,2026-07-31 18:00:15,2026-07-31 18:00:25,2026-07-31 18:00:25
P:90-06700AR:03S:QTL262801105,2026-07-30 17:00:00,53189,"Attn: Lunar Energy 1195 Trademark Drive, Suite 201",190095,PO-US-08892,1,90-06700A,"(90-06700A) MSA Controller, Boxed - Combine 10-06687A",1,See Special Instructions,,814-4623@RevNEW1,ASN_20260801.csv,2026-07-31 18:00:15,2026-07-31 18:00:25,2026-07-31 18:00:25
P:90-06700AR:03S:QTL262801106,2026-07-30 17:00:00,53189,"Attn: Lunar Energy 1195 Trademark Drive, Suite 201",190095,PO-US-08892,1,90-06700A,"(90-06700A) MSA Controller, Boxed - Combine 10-06687A",1,See Special Instructions,,814-4623@RevNEW1,ASN_20260801.csv,2026-07-31 18:00:15,2026-07-31 18:00:25,2026-07-31 18:00:25
P:90-06700AR:03S:QTL262801107,2026-07-30 17:00:00,53189,"Attn: Lunar Energy 1195 Trademark Drive, Suite 201",190095,PO-US-08892,1,90-06700A,"(90-06700A) MSA Controller, Boxed - Combine 10-06687A",1,See Special Instructions,,814-4623@RevNEW1,ASN_20260801.csv,2026-07-31 18:00:15,2026-07-31 18:00:25,2026-07-31 18:00:25
P:90-06700AR:03S:QTL262801108,2026-07-30 17:00:00,53189,"Attn: Lunar Energy 1195 Trademark Drive, Suite 201",190095,PO-US-08892,1,90-06700A,"(90-06700A) MSA Controller, Boxed - Combine 10-06687A",1,See Special Instructions,,814-4623@RevNEW1,ASN_20260801.csv,2026-07-31 18:00:15,2026-07-31 18:00:25,2026-07-31 18:00:25
P:90-06700AR:03S:QTL262801109,2026-07-30 17:00:00,53189,"Attn: Lunar Energy 1195 Trademark Drive, Suite 201",190095,PO-US-08892,1,90-06700A,"(90-06700A) MSA Controller, Boxed - Combine 10-06687A",1,See Special Instructions,,814-4623@RevNEW1,ASN_20260801.csv,2026-07-31 18:00:15,2026-07-31 18:00:25,2026-07-31 18:00:25
P:90-06700AR:03S:QTL262801110,2026-07-30 17:00:00,53189,"Attn: Lunar Energy 1195 Trademark Drive, Suite 201",190095,PO-US-08892,1,90-06700A,"(90-06700A) MSA Controller, Boxed - Combine 10-06687A",1,See Special Instructions,,814-4623@RevNEW1,ASN_20260801.csv,2026-07-31 18:00:15,2026-07-31 18:00:25,2026-07-31 18:00:25
P:90-06700AR:03S:QTL262801111,2026-07-30 17:00:00,53189,"Attn: Lunar Energy 1195 Trademark Drive, Suite 201",190095,PO-US-08892,1,90-06700A,"(90-06700A) MSA Controller, Boxed - Combine 10-06687A",1,See Special Instructions,,814-4623@RevNEW1,ASN_20260801.csv,2026-07-31 18:00:15,2026-07-31 18:00:25,2026-07-31 18:00:25
P:90-06700AR:03S:QTL262801112,2026-07-30 17:00:00,53189,"Attn: Lunar Energy 1195 Trademark Drive, Suite 201",190095,PO-US-08892,1,90-06700A,"(90-06700A) MSA Controller, Boxed - Combine 10-06687A",1,See Special Instructions,,814-4623@RevNEW1,ASN_20260801.csv,2026-07-31 18:00:15,2026-07-31 18:00:25,2026-07-31 18:00:25
P:90-06700AR:03S:QTL262801113,2026-07-30 17:00:00,53189,"Attn: Lunar Energy 1195 Trademark Drive, Suite 201",190095,PO-US-08892,1,90-06700A,"(90-06700A) MSA Controller, Boxed - Combine 10-06687A",1,See Special Instructions,,814-4623@RevNEW1,ASN_20260801.csv,2026-07-31 18:00:15,2026-07-31 18:00:25,2026-07-31 18:00:25
P:90-06700AR:03S:QTL262801114,2026-07-30 17:00:00,53189,"Attn: Lunar Energy 1195 Trademark Drive, Suite 201",190095,PO-US-08892,1,90-06700A,"(90-06700A) MSA Controller, Boxed - Combine 10-06687A",1,See Special Instructions,,814-4623@RevNEW1,ASN_20260801.csv,2026-07-31 18:00:15,2026-07-31 18:00:25,2026-07-31 18:00:25
P:90-06700AR:03S:QTL262801115,2026-07-30 17:00:00,53189,"Attn: Lunar Energy 1195 Trademark Drive, Suite 201",190095,PO-US-08892,1,90-06700A,"(90-06700A) MSA Controller, Boxed - Combine 10-06687A",1,See Special Instructions,,814-4623@RevNEW1,ASN_20260801.csv,2026-07-31 18:00:15,2026-07-31 18:00:25,2026-07-31 18:00:25
P:90-06700AR:03S:QTL262801116,2026-07-30 17:00:00,53189,"Attn: Lunar Energy 1195 Trademark Drive, Suite 201",190095,PO-US-08892,1,90-06700A,"(90-06700A) MSA Controller, Boxed - Combine 10-06687A",1,See Special Instructions,,814-4623@RevNEW1,ASN_20260801.csv,2026-07-31 18:00:15,2026-07-31 18:00:25,2026-07-31 18:00:25
P:90-06700AR:03S:QTL262801117,2026-07-30 17:00:00,53189,"Attn: Lunar Energy 1195 Trademark Drive, Suite 201",190095,PO-US-08892,1,90-06700A,"(90-06700A) MSA Controller, Boxed - Combine 10-06687A",1,See Special Instructions,,814-4623@RevNEW1,ASN_20260801.csv,2026-07-31 18:00:15,2026-07-31 18:00:25,2026-07-31 18:00:25
P:90-06700AR:03S:QTL262801118,2026-07-30 17:00:00,53189,"Attn: Lunar Energy 1195 Trademark Drive, Suite 201",190095,PO-US-08892,1,90-06700A,"(90-06700A) MSA Controller, Boxed - Combine 10-06687A",1,See Special Instructions,,814-4623@RevNEW1,ASN_20260801.csv,2026-07-31 18:00:15,2026-07-31 18:00:25,2026-07-31 18:00:25
P:90-06700AR:03S:QTL262801119,2026-07-30 17:00:00,53189,"Attn: Lunar Energy 1195 Trademark Drive, Suite 201",190095,PO-US-08892,1,90-06700A,"(90-06700A) MSA Controller, Boxed - Combine 10-06687A",1,See Special Instructions,,814-4623@RevNEW1,ASN_20260801.csv,2026-07-31 18:00:15,2026-07-31 18:00:25,2026-07-31 18:00:25
P:90-06700AR:03S:QTL262801120,2026-07-30 17:00:00,53189,"Attn: Lunar Energy 1195 Trademark Drive, Suite 201",190095,PO-US-08892,1,90-06700A,"(90-06700A) MSA Controller, Boxed - Combine 10-06687A",1,See Special Instructions,,814-4623@RevNEW1,ASN_20260801.csv,2026-07-31 18:00:15,2026-07-31 18:00:25,2026-07-31 18:00:25
P:90-06700AR:03S:QTL262801121,2026-07-30 17:00:00,53189,"Attn: Lunar Energy 1195 Trademark Drive, Suite 201",190095,PO-US-08892,1,90-06700A,"(90-06700A) MSA Controller, Boxed - Combine 10-06687A",1,See Special Instructions,,814-4623@RevNEW1,ASN_20260801.csv,2026-07-31 18:00:15,2026-07-31 18:00:25,2026-07-31 18:00:25
P:90-06700AR:03S:QTL262801122,2026-07-30 17:00:00,53189,"Attn: Lunar Energy 1195 Trademark Drive, Suite 201",190095,PO-US-08892,1,90-06700A,"(90-06700A) MSA Controller, Boxed - Combine 10-06687A",1,See Special Instructions,,814-4623@RevNEW1,ASN_20260801.csv,2026-07-31 18:00:15,2026-07-31 18:00:25,2026-07-31 18:00:25
P:90-06700AR:03S:QTL262801123,2026-07-30 17:00:00,53189,"Attn: Lunar Energy 1195 Trademark Drive, Suite 201",190095,PO-US-08892,1,90-06700A,"(90-06700A) MSA Controller, Boxed - Combine 10-06687A",1,See Special Instructions,,814-4623@RevNEW1,ASN_20260801.csv,2026-07-31 18:00:15,2026-07-31 18:00:25,2026-07-31 18:00:25
P:90-06700AR:03S:QTL262801124,2026-07-30 17:00:00,53189,"Attn: Lunar Energy 1195 Trademark Drive, Suite 201",190095,PO-US-08892,1,90-06700A,"(90-06700A) MSA Controller, Boxed - Combine 10-06687A",1,See Special Instructions,,814-4623@RevNEW1,ASN_20260801.csv,2026-07-31 18:00:15,2026-07-31 18:00:25,2026-07-31 18:00:25
P:90-06700AR:03S:QTL262801125,2026-07-30 17:00:00,53189,"Attn: Lunar Energy 1195 Trademark Drive, Suite 201",190095,PO-US-08892,1,90-06700A,"(90-06700A) MSA Controller, Boxed - Combine 10-06687A",1,See Special Instructions,,814-4623@RevNEW1,ASN_20260801.csv,2026-07-31 18:00:15,2026-07-31 18:00:25,2026-07-31 18:00:25
P:90-06700AR:03S:QTL262801126,2026-07-30 17:00:00,53189,"Attn: Lunar Energy 1195 Trademark Drive, Suite 201",190095,PO-US-08892,1,90-06700A,"(90-06700A) MSA Controller, Boxed - Combine 10-06687A",1,See Special Instructions,,814-4623@RevNEW1,ASN_20260801.csv,2026-07-31 18:00:15,2026-07-31 18:00:25,2026-07-31 18:00:25
P:90-06700AR:03S:QTL262801127,2026-07-30 17:00:00,53189,"Attn: Lunar Energy 1195 Trademark Drive, Suite 201",190095,PO-US-08892,1,90-06700A,"(90-06700A) MSA Controller, Boxed - Combine 10-06687A",1,See Special Instructions,,814-4623@RevNEW1,ASN_20260801.csv,2026-07-31 18:00:15,2026-07-31 18:00:25,2026-07-31 18:00:25
P:90-06700AR:03S:QTL262801128,2026-07-30 17:00:00,53189,"Attn: Lunar Energy 1195 Trademark Drive, Suite 201",190095,PO-US-08892,1,90-06700A,"(90-06700A) MSA Controller, Boxed - Combine 10-06687A",1,See Special Instructions,,814-4623@RevNEW1,ASN_20260801.csv,2026-07-31 18:00:15,2026-07-31 18:00:25,2026-07-31 18:00:25
P:90-06700AR:03S:QTL262801129,2026-07-30 17:00:00,53189,"Attn: Lunar Energy 1195 Trademark Drive, Suite 201",190095,PO-US-08892,1,90-06700A,"(90-06700A) MSA Controller, Boxed - Combine 10-06687A",1,See Special Instructions,,814-4623@RevNEW1,ASN_20260801.csv,2026-07-31 18:00:15,2026-07-31 18:00:25,2026-07-31 18:00:25
P:90-06700AR:03S:QTL262801130,2026-07-30 17:00:00,53189,"Attn: Lunar Energy 1195 Trademark Drive, Suite 201",190095,PO-US-08892,1,90-06700A,"(90-06700A) MSA Controller, Boxed - Combine 10-06687A",1,See Special Instructions,,814-4623@RevNEW1,ASN_20260801.csv,2026-07-31 18:00:15,2026-07-31 18:00:25,2026-07-31 18:00:25
P:90-06700AR:03S:QTL262801131,2026-07-30 17:00:00,53189,"Attn: Lunar Energy 1195 Trademark Drive, Suite 201",190095,PO-US-08892,1,90-06700A,"(90-06700A) MSA Controller, Boxed - Combine 10-06687A",1,See Special Instructions,,814-4623@RevNEW1,ASN_20260801.csv,2026-07-31 18:00:15,2026-07-31 18:00:25,2026-07-31 18:00:25
P:90-06700AR:03S:QTL262801132,2026-07-30 17:00:00,53189,"Attn: Lunar Energy 1195 Trademark Drive, Suite 201",190095,PO-US-08892,1,90-06700A,"(90-06700A) MSA Controller, Boxed - Combine 10-06687A",1,See Special Instructions,,814-4623@RevNEW1,ASN_20260801.csv,2026-07-31 18:00:15,2026-07-31 18:00:25,2026-07-31 18:00:25
P:90-06700AR:03S:QTL262801133,2026-07-30 17:00:00,53189,"Attn: Lunar Energy 1195 Trademark Drive, Suite 201",190095,PO-US-08892,1,90-06700A,"(90-06700A) MSA Controller, Boxed - Combine 10-06687A",1,See Special Instructions,,814-4623@RevNEW1,ASN_20260801.csv,2026-07-31 18:00:15,2026-07-31 18:00:25,2026-07-31 18:00:25
P:90-06700AR:03S:QTL262801134,2026-07-30 17:00:00,53189,"Attn: Lunar Energy 1195 Trademark Drive, Suite 201",190095,PO-US-08892,1,90-06700A,"(90-06700A) MSA Controller, Boxed - Combine 10-06687A",1,See Special Instructions,,814-4623@RevNEW1,ASN_20260801.csv,2026-07-31 18:00:15,2026-07-31 18:00:25,2026-07-31 18:00:25
P:90-06700AR:03S:QTL262801135,2026-07-30 17:00:00,53189,"Attn: Lunar Energy 1195 Trademark Drive, Suite 201",190095,PO-US-08892,1,90-06700A,"(90-06700A) MSA Controller, Boxed - Combine 10-06687A",1,See Special Instructions,,814-4623@RevNEW1,ASN_20260801.csv,2026-07-31 18:00:15,2026-07-31 18:00:25,2026-07-31 18:00:25
P:90-06700AR:03S:QTL262801136,2026-07-30 17:00:00,53189,"Attn: Lunar Energy 1195 Trademark Drive, Suite 201",190095,PO-US-08892,1,90-06700A,"(90-06700A) MSA Controller, Boxed - Combine 10-06687A",1,See Special Instructions,,814-4623@RevNEW1,ASN_20260801.csv,2026-07-31 18:00:15,2026-07-31 18:00:25,2026-07-31 18:00:25
P:90-06700AR:03S:QTL262801137,2026-07-30 17:00:00,53189,"Attn: Lunar Energy 1195 Trademark Drive, Suite 201",190095,PO-US-08892,1,90-06700A,"(90-06700A) MSA Controller, Boxed - Combine 10-06687A",1,See Special Instructions,,814-4623@RevNEW1,ASN_20260801.csv,2026-07-31 18:00:15,2026-07-31 18:00:25,2026-07-31 18:00:25
P:90-06700AR:03S:QTL262801138,2026-07-30 17:00:00,53189,"Attn: Lunar Energy 1195 Trademark Drive, Suite 201",190095,PO-US-08892,1,90-06700A,"(90-06700A) MSA Controller, Boxed - Combine 10-06687A",1,See Special Instructions,,814-4623@RevNEW1,ASN_20260801.csv,2026-07-31 18:00:15,2026-07-31 18:00:25,2026-07-31 18:00:25
P:90-06700AR:03S:QTL262801139,2026-07-30 17:00:00,53189,"Attn: Lunar Energy 1195 Trademark Drive, Suite 201",190095,PO-US-08892,1,90-06700A,"(90-06700A) MSA Controller, Boxed - Combine 10-06687A",1,See Special Instructions,,814-4623@RevNEW1,ASN_20260801.csv,2026-07-31 18:00:15,2026-07-31 18:00:25,2026-07-31 18:00:25
P:90-06700AR:03S:QTL262801140,2026-07-30 17:00:00,53189,"Attn: Lunar Energy 1195 Trademark Drive, Suite 201",190095,PO-US-08892,1,90-06700A,"(90-06700A) MSA Controller, Boxed - Combine 10-06687A",1,See Special Instructions,,814-4623@RevNEW1,ASN_20260801.csv,2026-07-31 18:00:15,2026-07-31 18:00:25,2026-07-31 18:00:25
P:90-06700AR:03S:QTL262801141,2026-07-30 17:00:00,53189,"Attn: Lunar Energy 1195 Trademark Drive, Suite 201",190095,PO-US-08892,1,90-06700A,"(90-06700A) MSA Controller, Boxed - Combine 10-06687A",1,See Special Instructions,,814-4623@RevNEW1,ASN_20260801.csv,2026-07-31 18:00:15,2026-07-31 18:00:25,2026-07-31 18:00:25
P:90-06700AR:03S:QTL262801142,2026-07-30 17:00:00,53189,"Attn: Lunar Energy 1195 Trademark Drive, Suite 201",190095,PO-US-08892,1,90-06700A,"(90-06700A) MSA Controller, Boxed - Combine 10-06687A",1,See Special Instructions,,814-4623@RevNEW1,ASN_20260801.csv,2026-07-31 18:00:15,2026-07-31 18:00:25,2026-07-31 18:00:25
P:90-06700AR:03S:QTL262801143,2026-07-30 17:00:00,53189,"Attn: Lunar Energy 1195 Trademark Drive, Suite 201",190095,PO-US-08892,1,90-06700A,"(90-06700A) MSA Controller, Boxed - Combine 10-06687A",1,See Special Instructions,,814-4623@RevNEW1,ASN_20260801.csv,2026-07-31 18:00:15,2026-07-31 18:00:25,2026-07-31 18:00:25
P:90-06700AR:03S:QTL262801144,2026-07-30 17:00:00,53189,"Attn: Lunar Energy 1195 Trademark Drive, Suite 201",190095,PO-US-08892,1,90-06700A,"(90-06700A) MSA Controller, Boxed - Combine 10-06687A",1,See Special Instructions,,814-4623@RevNEW1,ASN_20260801.csv,2026-07-31 18:00:15,2026-07-31 18:00:25,2026-07-31 18:00:25
P:90-06700AR:03S:QTL262801145,2026-07-30 17:00:00,53189,"Attn: Lunar Energy 1195 Trademark Drive, Suite 201",190095,PO-US-08892,1,90-06700A,"(90-06700A) MSA Controller, Boxed - Combine 10-06687A",1,See Special Instructions,,814-4623@RevNEW1,ASN_20260801.csv,2026-07-31 18:00:15,2026-07-31 18:00:25,2026-07-31 18:00:25
P:90-06700AR:03S:QTL262801146,2026-07-30 17:00:00,53189,"Attn: Lunar Energy 1195 Trademark Drive, Suite 201",190095,PO-US-08892,1,90-06700A,"(90-06700A) MSA Controller, Boxed - Combine 10-06687A",1,See Special Instructions,,814-4623@RevNEW1,ASN_20260801.csv,2026-07-31 18:00:15,2026-07-31 18:00:25,2026-07-31 18:00:25
P:90-06700AR:03S:QTL262801147,2026-07-30 17:00:00,53189,"Attn: Lunar Energy 1195 Trademark Drive, Suite 201",190095,PO-US-08892,1,90-06700A,"(90-06700A) MSA Controller, Boxed - Combine 10-06687A",1,See Special Instructions,,814-4623@RevNEW1,ASN_20260801.csv,2026-07-31 18:00:15,2026-07-31 18:00:25,2026-07-31 18:00:25
P:90-06700AR:03S:QTL262801148,2026-07-30 17:00:00,53189,"Attn: Lunar Energy 1195 Trademark Drive, Suite 201",190095,PO-US-08892,1,90-06700A,"(90-06700A) MSA Controller, Boxed - Combine 10-06687A",1,See Special Instructions,,814-4623@RevNEW1,ASN_20260801.csv,2026-07-31 18:00:15,2026-07-31 18:00:25,2026-07-31 18:00:25
P:90-06700AR:03S:QTL262801149,2026-07-30 17:00:00,53189,"Attn: Lunar Energy 1195 Trademark Drive, Suite 201",190095,PO-US-08892,1,90-06700A,"(90-06700A) MSA Controller, Boxed - Combine 10-06687A",1,See Special Instructions,,814-4623@RevNEW1,ASN_20260801.csv,2026-07-31 18:00:15,2026-07-31 18:00:25,2026-07-31 18:00:25
P:90-06700AR:03S:QTL262801150,2026-07-30 17:00:00,53189,"Attn: Lunar Energy 1195 Trademark Drive, Suite 201",190095,PO-US-08892,1,90-06700A,"(90-06700A) MSA Controller, Boxed - Combine 10-06687A",1,See Special Instructions,,814-4623@RevNEW1,ASN_20260801.csv,2026-07-31 18:00:15,2026-07-31 18:00:25,2026-07-31 18:00:25
P:90-06700AR:03S:QTL262801151,2026-07-30 17:00:00,53189,"Attn: Lunar Energy 1195 Trademark Drive, Suite 201",190095,PO-US-08892,1,90-06700A,"(90-06700A) MSA Controller, Boxed - Combine 10-06687A",1,See Special Instructions,,814-4623@RevNEW1,ASN_20260801.csv,2026-07-31 18:00:15,2026-07-31 18:00:25,2026-07-31 18:00:25
P:90-06700AR:03S:QTL262801152,2026-07-30 17:00:00,53189,"Attn: Lunar Energy 1195 Trademark Drive, Suite 201",190095,PO-US-08892,1,90-06700A,"(90-06700A) MSA Controller, Boxed - Combine 10-06687A",1,See Special Instructions,,814-4623@RevNEW1,ASN_20260801.csv,2026-07-31 18:00:15,2026-07-31 18:00:25,2026-07-31 18:00:25
P:90-06700AR:03S:QTL262801153,2026-07-30 17:00:00,53189,"Attn: Lunar Energy 1195 Trademark Drive, Suite 201",190095,PO-US-08892,1,90-06700A,"(90-06700A) MSA Controller, Boxed - Combine 10-06687A",1,See Special Instructions,,814-4623@RevNEW1,ASN_20260801.csv,2026-07-31 18:00:15,2026-07-31 18:00:25,2026-07-31 18:00:25
P:90-06700AR:03S:QTL262801154,2026-07-30 17:00:00,53189,"Attn: Lunar Energy 1195 Trademark Drive, Suite 201",190095,PO-US-08892,1,90-06700A,"(90-06700A) MSA Controller, Boxed - Combine 10-06687A",1,See Special Instructions,,814-4623@RevNEW1,ASN_20260801.csv,2026-07-31 18:00:15,2026-07-31 18:00:25,2026-07-31 18:00:25
P:90-06700AR:03S:QTL262801155,2026-07-30 17:00:00,53189,"Attn: Lunar Energy 1195 Trademark Drive, Suite 201",190095,PO-US-08892,1,90-06700A,"(90-06700A) MSA Controller, Boxed - Combine 10-06687A",1,See Special Instructions,,814-4623@RevNEW1,ASN_20260801.csv,2026-07-31 18:00:15,2026-07-31 18:00:25,2026-07-31 18:00:25
P:90-06700AR:03S:QTL262801156,2026-07-30 17:00:00,53189,"Attn: Lunar Energy 1195 Trademark Drive, Suite 201",190095,PO-US-08892,1,90-06700A,"(90-06700A) MSA Controller, Boxed - Combine 10-06687A",1,See Special Instructions,,814-4623@RevNEW1,ASN_20260801.csv,2026-07-31 18:00:15,2026-07-31 18:00:25,2026-07-31 18:00:25
P:90-06700AR:03S:QTL262801157,2026-07-30 17:00:00,53189,"Attn: Lunar Energy 1195 Trademark Drive, Suite 201",190095,PO-US-08892,1,90-06700A,"(90-06700A) MSA Controller, Boxed - Combine 10-06687A",1,See Special Instructions,,814-4623@RevNEW1,ASN_20260801.csv,2026-07-31 18:00:15,2026-07-31 18:00:25,2026-07-31 18:00:25
P:90-06700AR:03S:QTL262801158,2026-07-30 17:00:00,53189,"Attn: Lunar Energy 1195 Trademark Drive, Suite 201",190095,PO-US-08892,1,90-06700A,"(90-06700A) MSA Controller, Boxed - Combine 10-06687A",1,See Special Instructions,,814-4623@RevNEW1,ASN_20260801.csv,2026-07-31 18:00:15,2026-07-31 18:00:25,2026-07-31 18:00:25
P:90-06700AR:03S:QTL262801159,2026-07-30 17:00:00,53189,"Attn: Lunar Energy 1195 Trademark Drive, Suite 201",190095,PO-US-08892,1,90-06700A,"(90-06700A) MSA Controller, Boxed - Combine 10-06687A",1,See Special Instructions,,814-4623@RevNEW1,ASN_20260801.csv,2026-07-31 18:00:15,2026-07-31 18:00:25,2026-07-31 18:00:25
P:90-06700AR:03S:QTL262801160,2026-07-30 17:00:00,53189,"Attn: Lunar Energy 1195 Trademark Drive, Suite 201",190095,PO-US-08892,1,90-06700A,"(90-06700A) MSA Controller, Boxed - Combine 10-06687A",1,See Special Instructions,,814-4623@RevNEW1,ASN_20260801.csv,2026-07-31 18:00:15,2026-07-31 18:00:25,2026-07-31 18:00:25
P:90-06700AR:03S:QTL262801161,2026-07-30 17:00:00,53189,"Attn: Lunar Energy 1195 Trademark Drive, Suite 201",190095,PO-US-08892,1,90-06700A,"(90-06700A) MSA Controller, Boxed - Combine 10-06687A",1,See Special Instructions,,814-4623@RevNEW1,ASN_20260801.csv,2026-07-31 18:00:15,2026-07-31 18:00:25,2026-07-31 18:00:25
P:90-06700AR:03S:QTL262801162,2026-07-30 17:00:00,53189,"Attn: Lunar Energy 1195 Trademark Drive, Suite 201",190095,PO-US-08892,1,90-06700A,"(90-06700A) MSA Controller, Boxed - Combine 10-06687A",1,See Special Instructions,,814-4623@RevNEW1,ASN_20260801.csv,2026-07-31 18:00:15,2026-07-31 18:00:25,2026-07-31 18:00:25
P:90-06700AR:03S:QTL262801163,2026-07-30 17:00:00,53189,"Attn: Lunar Energy 1195 Trademark Drive, Suite 201",190095,PO-US-08892,1,90-06700A,"(90-06700A) MSA Controller, Boxed - Combine 10-06687A",1,See Special Instructions,,814-4623@RevNEW1,ASN_20260801.csv,2026-07-31 18:00:15,2026-07-31 18:00:25,2026-07-31 18:00:25
P:90-06700AR:03S:QTL262801164,2026-07-30 17:00:00,53189,"Attn: Lunar Energy 1195 Trademark Drive, Suite 201",190095,PO-US-08892,1,90-06700A,"(90-06700A) MSA Controller, Boxed - Combine 10-06687A",1,See Special Instructions,,814-4623@RevNEW1,ASN_20260801.csv,2026-07-31 18:00:15,2026-07-31 18:00:25,2026-07-31 18:00:25
P:90-06700AR:03S:QTL262801165,2026-07-30 17:00:00,53189,"Attn: Lunar Energy 1195 Trademark Drive, Suite 201",190095,PO-US-08892,1,90-06700A,"(90-06700A) MSA Controller, Boxed - Combine 10-06687A",1,See Special Instructions,,814-4623@RevNEW1,ASN_20260801.csv,2026-07-31 18:00:15,2026-07-31 18:00:25,2026-07-31 18:00:25
P:90-06700AR:03S:QTL262801166,2026-07-30 17:00:00,53189,"Attn: Lunar Energy 1195 Trademark Drive, Suite 201",190095,PO-US-08892,1,90-06700A,"(90-06700A) MSA Controller, Boxed - Combine 10-06687A",1,See Special Instructions,,814-4623@RevNEW1,ASN_20260801.csv,2026-07-31 18:00:15,2026-07-31 18:00:25,2026-07-31 18:00:25
P:90-06700AR:03S:QTL262801167,2026-07-30 17:00:00,53189,"Attn: Lunar Energy 1195 Trademark Drive, Suite 201",190095,PO-US-08892,1,90-06700A,"(90-06700A) MSA Controller, Boxed - Combine 10-06687A",1,See Special Instructions,,814-4623@RevNEW1,ASN_20260801.csv,2026-07-31 18:00:15,2026-07-31 18:00:25,2026-07-31 18:00:25
P:90-06700AR:03S:QTL262801168,2026-07-30 17:00:00,53189,"Attn: Lunar Energy 1195 Trademark Drive, Suite 201",190095,PO-US-08892,1,90-06700A,"(90-06700A) MSA Controller, Boxed - Combine 10-06687A",1,See Special Instructions,,814-4623@RevNEW1,ASN_20260801.csv,2026-07-31 18:00:15,2026-07-31 18:00:25,2026-07-31 18:00:25
P:90-06700AR:03S:QTL262801169,2026-07-30 17:00:00,53189,"Attn: Lunar Energy 1195 Trademark Drive, Suite 201",190095,PO-US-08892,1,90-06700A,"(90-06700A) MSA Controller, Boxed - Combine 10-06687A",1,See Special Instructions,,814-4623@RevNEW1,ASN_20260801.csv,2026-07-31 18:00:15,2026-07-31 18:00:25,2026-07-31 18:00:25
P:90-06700AR:03S:QTL262801170,2026-07-30 17:00:00,53189,"Attn: Lunar Energy 1195 Trademark Drive, Suite 201",190095,PO-US-08892,1,90-06700A,"(90-06700A) MSA Controller, Boxed - Combine 10-06687A",1,See Special Instructions,,814-4623@RevNEW1,ASN_20260801.csv,2026-07-31 18:00:15,2026-07-31 18:00:25,2026-07-31 18:00:25
P:90-06700AR:03S:QTL262801171,2026-07-30 17:00:00,53189,"Attn: Lunar Energy 1195 Trademark Drive, Suite 201",190095,PO-US-08892,1,90-06700A,"(90-06700A) MSA Controller, Boxed - Combine 10-06687A",1,See Special Instructions,,814-4623@RevNEW1,ASN_20260801.csv,2026-07-31 18:00:15,2026-07-31 18:00:25,2026-07-31 18:00:25
P:90-06700AR:03S:QTL262801172,2026-07-30 17:00:00,53189,"Attn: Lunar Energy 1195 Trademark Drive, Suite 201",190095,PO-US-08892,1,90-06700A,"(90-06700A) MSA Controller, Boxed - Combine 10-06687A",1,See Special Instructions,,814-4623@RevNEW1,ASN_20260801.csv,2026-07-31 18:00:15,2026-07-31 18:00:25,2026-07-31 18:00:25
P:90-06700AR:03S:QTL262801173,2026-07-30 17:00:00,53189,"Attn: Lunar Energy 1195 Trademark Drive, Suite 201",190095,PO-US-08892,1,90-06700A,"(90-06700A) MSA Controller, Boxed - Combine 10-06687A",1,See Special Instructions,,814-4623@RevNEW1,ASN_20260801.csv,2026-07-31 18:00:15,2026-07-31 18:00:25,2026-07-31 18:00:25
P:90-06700AR:03S:QTL262801174,2026-07-30 17:00:00,53189,"Attn: Lunar Energy 1195 Trademark Drive, Suite 201",190095,PO-US-08892,1,90-06700A,"(90-06700A) MSA Controller, Boxed - Combine 10-06687A",1,See Special Instructions,,814-4623@RevNEW1,ASN_20260801.csv,2026-07-31 18:00:15,2026-07-31 18:00:25,2026-07-31 18:00:25
P:90-06700AR:03S:QTL262801175,2026-07-30 17:00:00,53189,"Attn: Lunar Energy 1195 Trademark Drive, Suite 201",190095,PO-US-08892,1,90-06700A,"(90-06700A) MSA Controller, Boxed - Combine 10-06687A",1,See Special Instructions,,814-4623@RevNEW1,ASN_20260801.csv,2026-07-31 18:00:15,2026-07-31 18:00:25,2026-07-31 18:00:25
P:90-06700AR:03S:QTL262801177,2026-07-30 17:00:00,53189,"Attn: Lunar Energy 1195 Trademark Drive, Suite 201",190095,PO-US-08892,1,90-06700A,"(90-06700A) MSA Controller, Boxed - Combine 10-06687A",1,See Special Instructions,,814-4623@RevNEW1,ASN_20260801.csv,2026-07-31 18:00:15,2026-07-31 18:00:25,2026-07-31 18:00:25
P:90-06700AR:03S:QTL262801178,2026-07-30 17:00:00,53189,"Attn: Lunar Energy 1195 Trademark Drive, Suite 201",190095,PO-US-08892,1,90-06700A,"(90-06700A) MSA Controller, Boxed - Combine 10-06687A",1,See Special Instructions,,814-4623@RevNEW1,ASN_20260801.csv,2026-07-31 18:00:15,2026-07-31 18:00:25,2026-07-31 18:00:25
P:90-06700AR:03S:QTL262801179,2026-07-30 17:00:00,53189,"Attn: Lunar Energy 1195 Trademark Drive, Suite 201",190095,PO-US-08892,1,90-06700A,"(90-06700A) MSA Controller, Boxed - Combine 10-06687A",1,See Special Instructions,,814-4623@RevNEW1,ASN_20260801.csv,2026-07-31 18:00:15,2026-07-31 18:00:25,2026-07-31 18:00:25
P:90-06700AR:03S:QTL262801180,2026-07-30 17:00:00,53189,"Attn: Lunar Energy 1195 Trademark Drive, Suite 201",190095,PO-US-08892,1,90-06700A,"(90-06700A) MSA Controller, Boxed - Combine 10-06687A",1,See Special Instructions,,814-4623@RevNEW1,ASN_20260801.csv,2026-07-31 18:00:15,2026-07-31 18:00:25,2026-07-31 18:00:25
P:90-06700AR:03S:QTL262801181,2026-07-30 17:00:00,53189,"Attn: Lunar Energy 1195 Trademark Drive, Suite 201",190095,PO-US-08892,1,90-06700A,"(90-06700A) MSA Controller, Boxed - Combine 10-06687A",1,See Special Instructions,,814-4623@RevNEW1,ASN_20260801.csv,2026-07-31 18:00:15,2026-07-31 18:00:25,2026-07-31 18:00:25
P:90-06700AR:03S:QTL262801182,2026-07-30 17:00:00,53189,"Attn: Lunar Energy 1195 Trademark Drive, Suite 201",190095,PO-US-08892,1,90-06700A,"(90-06700A) MSA Controller, Boxed - Combine 10-06687A",1,See Special Instructions,,814-4623@RevNEW1,ASN_20260801.csv,2026-07-31 18:00:15,2026-07-31 18:00:25,2026-07-31 18:00:25
P:90-06700AR:03S:QTL262801183,2026-07-30 17:00:00,53189,"Attn: Lunar Energy 1195 Trademark Drive, Suite 201",190095,PO-US-08892,1,90-06700A,"(90-06700A) MSA Controller, Boxed - Combine 10-06687A",1,See Special Instructions,,814-4623@RevNEW1,ASN_20260801.csv,2026-07-31 18:00:15,2026-07-31 18:00:25,2026-07-31 18:00:25
P:90-06700AR:03S:QTL262801184,2026-07-30 17:00:00,53189,"Attn: Lunar Energy 1195 Trademark Drive, Suite 201",190095,PO-US-08892,1,90-06700A,"(90-06700A) MSA Controller, Boxed - Combine 10-06687A",1,See Special Instructions,,814-4623@RevNEW1,ASN_20260801.csv,2026-07-31 18:00:15,2026-07-31 18:00:25,2026-07-31 18:00:25
P:90-06700AR:03S:QTL262801185,2026-07-30 17:00:00,53189,"Attn: Lunar Energy 1195 Trademark Drive, Suite 201",190095,PO-US-08892,1,90-06700A,"(90-06700A) MSA Controller, Boxed - Combine 10-06687A",1,See Special Instructions,,814-4623@RevNEW1,ASN_20260801.csv,2026-07-31 18:00:15,2026-07-31 18:00:25,2026-07-31 18:00:25
P:90-06700AR:03S:QTL262801186,2026-07-30 17:00:00,53189,"Attn: Lunar Energy 1195 Trademark Drive, Suite 201",190095,PO-US-08892,1,90-06700A,"(90-06700A) MSA Controller, Boxed - Combine 10-06687A",1,See Special Instructions,,814-4623@RevNEW1,ASN_20260801.csv,2026-07-31 18:00:15,2026-07-31 18:00:25,2026-07-31 18:00:25
P:90-06700AR:03S:QTL262801187,2026-07-30 17:00:00,53189,"Attn: Lunar Energy 1195 Trademark Drive, Suite 201",190095,PO-US-08892,1,90-06700A,"(90-06700A) MSA Controller, Boxed - Combine 10-06687A",1,See Special Instructions,,814-4623@RevNEW1,ASN_20260801.csv,2026-07-31 18:00:15,2026-07-31 18:00:25,2026-07-31 18:00:25
P:90-06700AR:03S:QTL262801188,2026-07-30 17:00:00,53189,"Attn: Lunar Energy 1195 Trademark Drive, Suite 201",190095,PO-US-08892,1,90-06700A,"(90-06700A) MSA Controller, Boxed - Combine 10-06687A",1,See Special Instructions,,814-4623@RevNEW1,ASN_20260801.csv,2026-07-31 18:00:15,2026-07-31 18:00:25,2026-07-31 18:00:25
P:90-06700AR:03S:QTL262801189,2026-07-30 17:00:00,53189,"Attn: Lunar Energy 1195 Trademark Drive, Suite 201",190095,PO-US-08892,1,90-06700A,"(90-06700A) MSA Controller, Boxed - Combine 10-06687A",1,See Special Instructions,,814-4623@RevNEW1,ASN_20260801.csv,2026-07-31 18:00:15,2026-07-31 18:00:25,2026-07-31 18:00:25
P:90-06700AR:03S:QTL262801190,2026-07-30 17:00:00,53189,"Attn: Lunar Energy 1195 Trademark Drive, Suite 201",190095,PO-US-08892,1,90-06700A,"(90-06700A) MSA Controller, Boxed - Combine 10-06687A",1,See Special Instructions,,814-4623@RevNEW1,ASN_20260801.csv,2026-07-31 18:00:15,2026-07-31 18:00:25,2026-07-31 18:00:25
P:90-06700AR:03S:QTL262801191,2026-07-30 17:00:00,53189,"Attn: Lunar Energy 1195 Trademark Drive, Suite 201",190095,PO-US-08892,1,90-06700A,"(90-06700A) MSA Controller, Boxed - Combine 10-06687A",1,See Special Instructions,,814-4623@RevNEW1,ASN_20260801.csv,2026-07-31 18:00:15,2026-07-31 18:00:25,2026-07-31 18:00:25
P:90-06700AR:03S:QTL262801192,2026-07-30 17:00:00,53189,"Attn: Lunar Energy 1195 Trademark Drive, Suite 201",190095,PO-US-08892,1,90-06700A,"(90-06700A) MSA Controller, Boxed - Combine 10-06687A",1,See Special Instructions,,814-4623@RevNEW1,ASN_20260801.csv,2026-07-31 18:00:15,2026-07-31 18:00:25,2026-07-31 18:00:25
P:90-06700AR:03S:QTL262801310,2026-07-30 17:00:00,53189,"Attn: Lunar Energy 1195 Trademark Drive, Suite 201",190095,PO-US-08892,1,90-06700A,"(90-06700A) MSA Controller, Boxed - Combine 10-06687A",1,See Special Instructions,,814-4623@RevNEW1,ASN_20260801.csv,2026-07-31 18:00:15,2026-07-31 18:00:25,2026-07-31 18:00:25
P:90-06700AR:03S:QTL262801311,2026-07-30 17:00:00,53189,"Attn: Lunar Energy 1195 Trademark Drive, Suite 201",190095,PO-US-08892,1,90-06700A,"(90-06700A) MSA Controller, Boxed - Combine 10-06687A",1,See Special Instructions,,814-4623@RevNEW1,ASN_20260801.csv,2026-07-31 18:00:15,2026-07-31 18:00:25,2026-07-31 18:00:25
P:90-06700AR:03S:QTL262801312,2026-07-30 17:00:00,53189,"Attn: Lunar Energy 1195 Trademark Drive, Suite 201",190095,PO-US-08892,1,90-06700A,"(90-06700A) MSA Controller, Boxed - Combine 10-06687A",1,See Special Instructions,,814-4623@RevNEW1,ASN_20260801.csv,2026-07-31 18:00:15,2026-07-31 18:00:25,2026-07-31 18:00:25
P:90-06700AR:03S:QTL262801313,2026-07-30 17:00:00,53189,"Attn: Lunar Energy 1195 Trademark Drive, Suite 201",190095,PO-US-08892,1,90-06700A,"(90-06700A) MSA Controller, Boxed - Combine 10-06687A",1,See Special Instructions,,814-4623@RevNEW1,ASN_20260801.csv,2026-07-31 18:00:15,2026-07-31 18:00:25,2026-07-31 18:00:25
P:90-06700AR:03S:QTL262801314,2026-07-30 17:00:00,53189,"Attn: Lunar Energy 1195 Trademark Drive, Suite 201",190095,PO-US-08892,1,90-06700A,"(90-06700A) MSA Controller, Boxed - Combine 10-06687A",1,See Special Instructions,,814-4623@RevNEW1,ASN_20260801.csv,2026-07-31 18:00:15,2026-07-31 18:00:25,2026-07-31 18:00:25
P:90-06700AR:03S:QTL262801315,2026-07-30 17:00:00,53189,"Attn: Lunar Energy 1195 Trademark Drive, Suite 201",190095,PO-US-08892,1,90-06700A,"(90-06700A) MSA Controller, Boxed - Combine 10-06687A",1,See Special Instructions,,814-4623@RevNEW1,ASN_20260801.csv,2026-07-31 18:00:15,2026-07-31 18:00:25,2026-07-31 18:00:25
P:90-06700AR:03S:QTL262801316,2026-07-30 17:00:00,53189,"Attn: Lunar Energy 1195 Trademark Drive, Suite 201",190095,PO-US-08892,1,90-06700A,"(90-06700A) MSA Controller, Boxed - Combine 10-06687A",1,See Special Instructions,,814-4623@RevNEW1,ASN_20260801.csv,2026-07-31 18:00:15,2026-07-31 18:00:25,2026-07-31 18:00:25
P:90-06700AR:03S:QTL262801324,2026-07-30 17:00:00,53189,"Attn: Lunar Energy 1195 Trademark Drive, Suite 201",190095,PO-US-08892,1,90-06700A,"(90-06700A) MSA Controller, Boxed - Combine 10-06687A",1,See Special Instructions,,814-4623@RevNEW1,ASN_20260801.csv,2026-07-31 18:00:15,2026-07-31 18:00:25,2026-07-31 18:00:25
P:90-06700AR:03S:QTL262801325,2026-07-30 17:00:00,53189,"Attn: Lunar Energy 1195 Trademark Drive, Suite 201",190095,PO-US-08892,1,90-06700A,"(90-06700A) MSA Controller, Boxed - Combine 10-06687A",1,See Special Instructions,,814-4623@RevNEW1,ASN_20260801.csv,2026-07-31 18:00:15,2026-07-31 18:00:25,2026-07-31 18:00:25
P:90-06700AR:03S:QTL262801326,2026-07-30 17:00:00,53189,"Attn: Lunar Energy 1195 Trademark Drive, Suite 201",190095,PO-US-08892,1,90-06700A,"(90-06700A) MSA Controller, Boxed - Combine 10-06687A",1,See Special Instructions,,814-4623@RevNEW1,ASN_20260801.csv,2026-07-31 18:00:15,2026-07-31 18:00:25,2026-07-31 18:00:25
P:90-06700AR:03S:QTL262801327,2026-07-30 17:00:00,53189,"Attn: Lunar Energy 1195 Trademark Drive, Suite 201",190095,PO-US-08892,1,90-06700A,"(90-06700A) MSA Controller, Boxed - Combine 10-06687A",1,See Special Instructions,,814-4623@RevNEW1,ASN_20260801.csv,2026-07-31 18:00:15,2026-07-31 18:00:25,2026-07-31 18:00:25
P:90-06700AR:03S:QTL262801328,2026-07-30 17:00:00,53189,"Attn: Lunar Energy 1195 Trademark Drive, Suite 201",190095,PO-US-08892,1,90-06700A,"(90-06700A) MSA Controller, Boxed - Combine 10-06687A",1,See Special Instructions,,814-4623@RevNEW1,ASN_20260801.csv,2026-07-31 18:00:15,2026-07-31 18:00:25,2026-07-31 18:00:25
P:90-06700AR:03S:QTL262900001,2026-07-30 17:00:00,53189,"Attn: Lunar Energy 1195 Trademark Drive, Suite 201",190095,PO-US-08892,1,90-06700A,"(90-06700A) MSA Controller, Boxed - Combine 10-06687A",1,See Special Instructions,,814-4623@RevNEW1,ASN_20260801.csv,2026-07-31 18:00:15,2026-07-31 18:00:25,2026-07-31 18:00:25
P:90-06700AR:03S:QTL262900002,2026-07-30 17:00:00,53189,"Attn: Lunar Energy 1195 Trademark Drive, Suite 201",190095,PO-US-08892,1,90-06700A,"(90-06700A) MSA Controller, Boxed - Combine 10-06687A",1,See Special Instructions,,814-4623@RevNEW1,ASN_20260801.csv,2026-07-31 18:00:15,2026-07-31 18:00:25,2026-07-31 18:00:25
P:90-06700AR:03S:QTL262900003,2026-07-30 17:00:00,53189,"Attn: Lunar Energy 1195 Trademark Drive, Suite 201",190095,PO-US-08892,1,90-06700A,"(90-06700A) MSA Controller, Boxed - Combine 10-06687A",1,See Special Instructions,,814-4623@RevNEW1,ASN_20260801.csv,2026-07-31 18:00:15,2026-07-31 18:00:25,2026-07-31 18:00:25
P:90-06700AR:03S:QTL262900004,2026-07-30 17:00:00,53189,"Attn: Lunar Energy 1195 Trademark Drive, Suite 201",190095,PO-US-08892,1,90-06700A,"(90-06700A) MSA Controller, Boxed - Combine 10-06687A",1,See Special Instructions,,814-4623@RevNEW1,ASN_20260801.csv,2026-07-31 18:00:15,2026-07-31 18:00:25,2026-07-31 18:00:25
P:90-06700AR:03S:QTL262900005,2026-07-30 17:00:00,53189,"Attn: Lunar Energy 1195 Trademark Drive, Suite 201",190095,PO-US-08892,1,90-06700A,"(90-06700A) MSA Controller, Boxed - Combine 10-06687A",1,See Special Instructions,,814-4623@RevNEW1,ASN_20260801.csv,2026-07-31 18:00:15,2026-07-31 18:00:25,2026-07-31 18:00:25
P:90-06700AR:03S:QTL262900006,2026-07-30 17:00:00,53189,"Attn: Lunar Energy 1195 Trademark Drive, Suite 201",190095,PO-US-08892,1,90-06700A,"(90-06700A) MSA Controller, Boxed - Combine 10-06687A",1,See Special Instructions,,814-4623@RevNEW1,ASN_20260801.csv,2026-07-31 18:00:15,2026-07-31 18:00:25,2026-07-31 18:00:25
P:90-06700AR:03S:QTL262900007,2026-07-30 17:00:00,53189,"Attn: Lunar Energy 1195 Trademark Drive, Suite 201",190095,PO-US-08892,1,90-06700A,"(90-06700A) MSA Controller, Boxed - Combine 10-06687A",1,See Special Instructions,,814-4623@RevNEW1,ASN_20260801.csv,2026-07-31 18:00:15,2026-07-31 18:00:25,2026-07-31 18:00:25
P:90-06700AR:03S:QTL262900008,2026-07-30 17:00:00,53189,"Attn: Lunar Energy 1195 Trademark Drive, Suite 201",190095,PO-US-08892,1,90-06700A,"(90-06700A) MSA Controller, Boxed - Combine 10-06687A",1,See Special Instructions,,814-4623@RevNEW1,ASN_20260801.csv,2026-07-31 18:00:15,2026-07-31 18:00:25,2026-07-31 18:00:25
P:90-06700AR:03S:QTL262900009,2026-07-30 17:00:00,53189,"Attn: Lunar Energy 1195 Trademark Drive, Suite 201",190095,PO-US-08892,1,90-06700A,"(90-06700A) MSA Controller, Boxed - Combine 10-06687A",1,See Special Instructions,,814-4623@RevNEW1,ASN_20260801.csv,2026-07-31 18:00:15,2026-07-31 18:00:25,2026-07-31 18:00:25
P:90-06700AR:03S:QTL262900010,2026-07-30 17:00:00,53189,"Attn: Lunar Energy 1195 Trademark Drive, Suite 201",190095,PO-US-08892,1,90-06700A,"(90-06700A) MSA Controller, Boxed - Combine 10-06687A",1,See Special Instructions,,814-4623@RevNEW1,ASN_20260801.csv,2026-07-31 18:00:15,2026-07-31 18:00:25,2026-07-31 18:00:25
P:90-06700AR:03S:QTL262900011,2026-07-30 17:00:00,53189,"Attn: Lunar Energy 1195 Trademark Drive, Suite 201",190095,PO-US-08892,1,90-06700A,"(90-06700A) MSA Controller, Boxed - Combine 10-06687A",1,See Special Instructions,,814-4623@RevNEW1,ASN_20260801.csv,2026-07-31 18:00:15,2026-07-31 18:00:25,2026-07-31 18:00:25
P:90-06700AR:03S:QTL262900012,2026-07-30 17:00:00,53189,"Attn: Lunar Energy 1195 Trademark Drive, Suite 201",190095,PO-US-08892,1,90-06700A,"(90-06700A) MSA Controller, Boxed - Combine 10-06687A",1,See Special Instructions,,814-4623@RevNEW1,ASN_20260801.csv,2026-07-31 18:00:15,2026-07-31 18:00:25,2026-07-31 18:00:25
P:90-06700AR:03S:QTL262900013,2026-07-30 17:00:00,53189,"Attn: Lunar Energy 1195 Trademark Drive, Suite 201",190095,PO-US-08892,1,90-06700A,"(90-06700A) MSA Controller, Boxed - Combine 10-06687A",1,See Special Instructions,,814-4623@RevNEW1,ASN_20260801.csv,2026-07-31 18:00:15,2026-07-31 18:00:25,2026-07-31 18:00:25
P:90-06700AR:03S:QTL262900014,2026-07-30 17:00:00,53189,"Attn: Lunar Energy 1195 Trademark Drive, Suite 201",190095,PO-US-08892,1,90-06700A,"(90-06700A) MSA Controller, Boxed - Combine 10-06687A",1,See Special Instructions,,814-4623@RevNEW1,ASN_20260801.csv,2026-07-31 18:00:15,2026-07-31 18:00:25,2026-07-31 18:00:25
P:90-06700AR:03S:QTL262900015,2026-07-30 17:00:00,53189,"Attn: Lunar Energy 1195 Trademark Drive, Suite 201",190095,PO-US-08892,1,90-06700A,"(90-06700A) MSA Controller, Boxed - Combine 10-06687A",1,See Special Instructions,,814-4623@RevNEW1,ASN_20260801.csv,2026-07-31 18:00:15,2026-07-31 18:00:25,2026-07-31 18:00:25
P:90-06700AR:03S:QTL262900016,2026-07-30 17:00:00,53189,"Attn: Lunar Energy 1195 Trademark Drive, Suite 201",190095,PO-US-08892,1,90-06700A,"(90-06700A) MSA Controller, Boxed - Combine 10-06687A",1,See Special Instructions,,814-4623@RevNEW1,ASN_20260801.csv,2026-07-31 18:00:15,2026-07-31 18:00:25,2026-07-31 18:00:25
P:90-06700AR:03S:QTL262900017,2026-07-30 17:00:00,53189,"Attn: Lunar Energy 1195 Trademark Drive, Suite 201",190095,PO-US-08892,1,90-06700A,"(90-06700A) MSA Controller, Boxed - Combine 10-06687A",1,See Special Instructions,,814-4623@RevNEW1,ASN_20260801.csv,2026-07-31 18:00:15,2026-07-31 18:00:25,2026-07-31 18:00:25
P:90-06700AR:03S:QTL262900018,2026-07-30 17:00:00,53189,"Attn: Lunar Energy 1195 Trademark Drive, Suite 201",190095,PO-US-08892,1,90-06700A,"(90-06700A) MSA Controller, Boxed - Combine 10-06687A",1,See Special Instructions,,814-4623@RevNEW1,ASN_20260801.csv,2026-07-31 18:00:15,2026-07-31 18:00:25,2026-07-31 18:00:25
P:90-06700AR:03S:QTL262900019,2026-07-30 17:00:00,53189,"Attn: Lunar Energy 1195 Trademark Drive, Suite 201",190095,PO-US-08892,1,90-06700A,"(90-06700A) MSA Controller, Boxed - Combine 10-06687A",1,See Special Instructions,,814-4623@RevNEW1,ASN_20260801.csv,2026-07-31 18:00:15,2026-07-31 18:00:25,2026-07-31 18:00:25
P:90-06700AR:03S:QTL262900020,2026-07-30 17:00:00,53189,"Attn: Lunar Energy 1195 Trademark Drive, Suite 201",190095,PO-US-08892,1,90-06700A,"(90-06700A) MSA Controller, Boxed - Combine 10-06687A",1,See Special Instructions,,814-4623@RevNEW1,ASN_20260801.csv,2026-07-31 18:00:15,2026-07-31 18:00:25,2026-07-31 18:00:25
P:90-06700AR:03S:QTL262900021,2026-07-30 17:00:00,53189,"Attn: Lunar Energy 1195 Trademark Drive, Suite 201",190095,PO-US-08892,1,90-06700A,"(90-06700A) MSA Controller, Boxed - Combine 10-06687A",1,See Special Instructions,,814-4623@RevNEW1,ASN_20260801.csv,2026-07-31 18:00:15,2026-07-31 18:00:25,2026-07-31 18:00:25
P:90-06700AR:03S:QTL262900022,2026-07-30 17:00:00,53189,"Attn: Lunar Energy 1195 Trademark Drive, Suite 201",190095,PO-US-08892,1,90-06700A,"(90-06700A) MSA Controller, Boxed - Combine 10-06687A",1,See Special Instructions,,814-4623@RevNEW1,ASN_20260801.csv,2026-07-31 18:00:15,2026-07-31 18:00:25,2026-07-31 18:00:25
P:90-06700AR:03S:QTL262900023,2026-07-30 17:00:00,53189,"Attn: Lunar Energy 1195 Trademark Drive, Suite 201",190095,PO-US-08892,1,90-06700A,"(90-06700A) MSA Controller, Boxed - Combine 10-06687A",1,See Special Instructions,,814-4623@RevNEW1,ASN_20260801.csv,2026-07-31 18:00:15,2026-07-31 18:00:25,2026-07-31 18:00:25
P:90-06700AR:03S:QTL262900024,2026-07-30 17:00:00,53189,"Attn: Lunar Energy 1195 Trademark Drive, Suite 201",190095,PO-US-08892,1,90-06700A,"(90-06700A) MSA Controller, Boxed - Combine 10-06687A",1,See Special Instructions,,814-4623@RevNEW1,ASN_20260801.csv,2026-07-31 18:00:15,2026-07-31 18:00:25,2026-07-31 18:00:25
P:90-06700AR:03S:QTL262900025,2026-07-30 17:00:00,53189,"Attn: Lunar Energy 1195 Trademark Drive, Suite 201",190095,PO-US-08892,1,90-06700A,"(90-06700A) MSA Controller, Boxed - Combine 10-06687A",1,See Special Instructions,,814-4623@RevNEW1,ASN_20260801.csv,2026-07-31 18:00:15,2026-07-31 18:00:25,2026-07-31 18:00:25
P:90-06700AR:03S:QTL262900026,2026-07-30 17:00:00,53189,"Attn: Lunar Energy 1195 Trademark Drive, Suite 201",190095,PO-US-08892,1,90-06700A,"(90-06700A) MSA Controller, Boxed - Combine 10-06687A",1,See Special Instructions,,814-4623@RevNEW1,ASN_20260801.csv,2026-07-31 18:00:15,2026-07-31 18:00:25,2026-07-31 18:00:25
P:90-06700AR:03S:QTL262900027,2026-07-30 17:00:00,53189,"Attn: Lunar Energy 1195 Trademark Drive, Suite 201",190095,PO-US-08892,1,90-06700A,"(90-06700A) MSA Controller, Boxed - Combine 10-06687A",1,See Special Instructions,,814-4623@RevNEW1,ASN_20260801.csv,2026-07-31 18:00:15,2026-07-31 18:00:25,2026-07-31 18:00:25
P:90-06700AR:03S:QTL262900028,2026-07-30 17:00:00,53189,"Attn: Lunar Energy 1195 Trademark Drive, Suite 201",190095,PO-US-08892,1,90-06700A,"(90-06700A) MSA Controller, Boxed - Combine 10-06687A",1,See Special Instructions,,814-4623@RevNEW1,ASN_20260801.csv,2026-07-31 18:00:15,2026-07-31 18:00:25,2026-07-31 18:00:25
P:90-06700AR:03S:QTL262900029,2026-07-30 17:00:00,53189,"Attn: Lunar Energy 1195 Trademark Drive, Suite 201",190095,PO-US-08892,1,90-06700A,"(90-06700A) MSA Controller, Boxed - Combine 10-06687A",1,See Special Instructions,,814-4623@RevNEW1,ASN_20260801.csv,2026-07-31 18:00:15,2026-07-31 18:00:25,2026-07-31 18:00:25
P:90-06700AR:03S:QTL262900030,2026-07-30 17:00:00,53189,"Attn: Lunar Energy 1195 Trademark Drive, Suite 201",190095,PO-US-08892,1,90-06700A,"(90-06700A) MSA Controller, Boxed - Combine 10-06687A",1,See Special Instructions,,814-4623@RevNEW1,ASN_20260801.csv,2026-07-31 18:00:15,2026-07-31 18:00:25,2026-07-31 18:00:25
P:90-06700AR:03S:QTL262900031,2026-07-30 17:00:00,53189,"Attn: Lunar Energy 1195 Trademark Drive, Suite 201",190095,PO-US-08892,1,90-06700A,"(90-06700A) MSA Controller, Boxed - Combine 10-06687A",1,See Special Instructions,,814-4623@RevNEW1,ASN_20260801.csv,2026-07-31 18:00:15,2026-07-31 18:00:25,2026-07-31 18:00:25
P:90-06700AR:03S:QTL262900032,2026-07-30 17:00:00,53189,"Attn: Lunar Energy 1195 Trademark Drive, Suite 201",190095,PO-US-08892,1,90-06700A,"(90-06700A) MSA Controller, Boxed - Combine 10-06687A",1,See Special Instructions,,814-4623@RevNEW1,ASN_20260801.csv,2026-07-31 18:00:15,2026-07-31 18:00:25,2026-07-31 18:00:25
P:90-06700AR:03S:QTL262900033,2026-07-30 17:00:00,53189,"Attn: Lunar Energy 1195 Trademark Drive, Suite 201",190095,PO-US-08892,1,90-06700A,"(90-06700A) MSA Controller, Boxed - Combine 10-06687A",1,See Special Instructions,,814-4623@RevNEW1,ASN_20260801.csv,2026-07-31 18:00:15,2026-07-31 18:00:25,2026-07-31 18:00:25
P:90-06700AR:03S:QTL262900034,2026-07-30 17:00:00,53189,"Attn: Lunar Energy 1195 Trademark Drive, Suite 201",190095,PO-US-08892,1,90-06700A,"(90-06700A) MSA Controller, Boxed - Combine 10-06687A",1,See Special Instructions,,814-4623@RevNEW1,ASN_20260801.csv,2026-07-31 18:00:15,2026-07-31 18:00:25,2026-07-31 18:00:25
P:90-06700AR:03S:QTL262900035,2026-07-30 17:00:00,53189,"Attn: Lunar Energy 1195 Trademark Drive, Suite 201",190095,PO-US-08892,1,90-06700A,"(90-06700A) MSA Controller, Boxed - Combine 10-06687A",1,See Special Instructions,,814-4623@RevNEW1,ASN_20260801.csv,2026-07-31 18:00:15,2026-07-31 18:00:25,2026-07-31 18:00:25
P:90-06700AR:03S:QTL262900036,2026-07-30 17:00:00,53189,"Attn: Lunar Energy 1195 Trademark Drive, Suite 201",190095,PO-US-08892,1,90-06700A,"(90-06700A) MSA Controller, Boxed - Combine 10-06687A",1,See Special Instructions,,814-4623@RevNEW1,ASN_20260801.csv,2026-07-31 18:00:15,2026-07-31 18:00:25,2026-07-31 18:00:25
P:90-06700AR:03S:QTL262900037,2026-07-30 17:00:00,53189,"Attn: Lunar Energy 1195 Trademark Drive, Suite 201",190095,PO-US-08892,1,90-06700A,"(90-06700A) MSA Controller, Boxed - Combine 10-06687A",1,See Special Instructions,,814-4623@RevNEW1,ASN_20260801.csv,2026-07-31 18:00:15,2026-07-31 18:00:25,2026-07-31 18:00:25
P:90-06700AR:03S:QTL262900038,2026-07-30 17:00:00,53189,"Attn: Lunar Energy 1195 Trademark Drive, Suite 201",190095,PO-US-08892,1,90-06700A,"(90-06700A) MSA Controller, Boxed - Combine 10-06687A",1,See Special Instructions,,814-4623@RevNEW1,ASN_20260801.csv,2026-07-31 18:00:15,2026-07-31 18:00:25,2026-07-31 18:00:25
P:90-06700AR:03S:QTL262900039,2026-07-30 17:00:00,53189,"Attn: Lunar Energy 1195 Trademark Drive, Suite 201",190095,PO-US-08892,1,90-06700A,"(90-06700A) MSA Controller, Boxed - Combine 10-06687A",1,See Special Instructions,,814-4623@RevNEW1,ASN_20260801.csv,2026-07-31 18:00:15,2026-07-31 18:00:25,2026-07-31 18:00:25
P:90-06700AR:03S:QTL262900040,2026-07-30 17:00:00,53189,"Attn: Lunar Energy 1195 Trademark Drive, Suite 201",190095,PO-US-08892,1,90-06700A,"(90-06700A) MSA Controller, Boxed - Combine 10-06687A",1,See Special Instructions,,814-4623@RevNEW1,ASN_20260801.csv,2026-07-31 18:00:15,2026-07-31 18:00:25,2026-07-31 18:00:25
P:90-06700AR:03S:QTL262900107,2026-07-30 17:00:00,53189,"Attn: Lunar Energy 1195 Trademark Drive, Suite 201",190095,PO-US-08892,1,90-06700A,"(90-06700A) MSA Controller, Boxed - Combine 10-06687A",1,See Special Instructions,,814-4623@RevNEW1,ASN_20260801.csv,2026-07-31 18:00:15,2026-07-31 18:00:25,2026-07-31 18:00:25
P:90-06700AR:03S:QTL262900108,2026-07-30 17:00:00,53189,"Attn: Lunar Energy 1195 Trademark Drive, Suite 201",190095,PO-US-08892,1,90-06700A,"(90-06700A) MSA Controller, Boxed - Combine 10-06687A",1,See Special Instructions,,814-4623@RevNEW1,ASN_20260801.csv,2026-07-31 18:00:15,2026-07-31 18:00:25,2026-07-31 18:00:25
P:90-06700AR:03S:QTL262900109,2026-07-30 17:00:00,53189,"Attn: Lunar Energy 1195 Trademark Drive, Suite 201",190095,PO-US-08892,1,90-06700A,"(90-06700A) MSA Controller, Boxed - Combine 10-06687A",1,See Special Instructions,,814-4623@RevNEW1,ASN_20260801.csv,2026-07-31 18:00:15,2026-07-31 18:00:25,2026-07-31 18:00:25
P:90-06700AR:03S:QTL262900110,2026-07-30 17:00:00,53189,"Attn: Lunar Energy 1195 Trademark Drive, Suite 201",190095,PO-US-08892,1,90-06700A,"(90-06700A) MSA Controller, Boxed - Combine 10-06687A",1,See Special Instructions,,814-4623@RevNEW1,ASN_20260801.csv,2026-07-31 18:00:15,2026-07-31 18:00:25,2026-07-31 18:00:25
P:90-06700AR:03S:QTL262900111,2026-07-30 17:00:00,53189,"Attn: Lunar Energy 1195 Trademark Drive, Suite 201",190095,PO-US-08892,1,90-06700A,"(90-06700A) MSA Controller, Boxed - Combine 10-06687A",1,See Special Instructions,,814-4623@RevNEW1,ASN_20260801.csv,2026-07-31 18:00:15,2026-07-31 18:00:25,2026-07-31 18:00:25
P:90-06700AR:03S:QTL262900924,2026-07-30 17:00:00,53189,"Attn: Lunar Energy 1195 Trademark Drive, Suite 201",190095,PO-US-08892,1,90-06700A,"(90-06700A) MSA Controller, Boxed - Combine 10-06687A",1,See Special Instructions,,814-4623@RevNEW1,ASN_20260801.csv,2026-07-31 18:00:15,2026-07-31 18:00:25,2026-07-31 18:00:25
P:90-06700AR:03S:QTL262900925,2026-07-30 17:00:00,53189,"Attn: Lunar Energy 1195 Trademark Drive, Suite 201",190095,PO-US-08892,1,90-06700A,"(90-06700A) MSA Controller, Boxed - Combine 10-06687A",1,See Special Instructions,,814-4623@RevNEW1,ASN_20260801.csv,2026-07-31 18:00:15,2026-07-31 18:00:25,2026-07-31 18:00:25
P:90-06700AR:03S:QTL262900926,2026-07-30 17:00:00,53189,"Attn: Lunar Energy 1195 Trademark Drive, Suite 201",190095,PO-US-08892,1,90-06700A,"(90-06700A) MSA Controller, Boxed - Combine 10-06687A",1,See Special Instructions,,814-4623@RevNEW1,ASN_20260801.csv,2026-07-31 18:00:15,2026-07-31 18:00:25,2026-07-31 18:00:25
P:90-06700AR:03S:QTL262900927,2026-07-30 17:00:00,53189,"Attn: Lunar Energy 1195 Trademark Drive, Suite 201",190095,PO-US-08892,1,90-06700A,"(90-06700A) MSA Controller, Boxed - Combine 10-06687A",1,See Special Instructions,,814-4623@RevNEW1,ASN_20260801.csv,2026-07-31 18:00:15,2026-07-31 18:00:25,2026-07-31 18:00:25
P:90-06700AR:03S:QTL262900928,2026-07-30 17:00:00,53189,"Attn: Lunar Energy 1195 Trademark Drive, Suite 201",190095,PO-US-08892,1,90-06700A,"(90-06700A) MSA Controller, Boxed - Combine 10-06687A",1,See Special Instructions,,814-4623@RevNEW1,ASN_20260801.csv,2026-07-31 18:00:15,2026-07-31 18:00:25,2026-07-31 18:00:25
P:90-06700AR:03S:QTL262900929,2026-07-30 17:00:00,53189,"Attn: Lunar Energy 1195 Trademark Drive, Suite 201",190095,PO-US-08892,1,90-06700A,"(90-06700A) MSA Controller, Boxed - Combine 10-06687A",1,See Special Instructions,,814-4623@RevNEW1,ASN_20260801.csv,2026-07-31 18:00:15,2026-07-31 18:00:25,2026-07-31 18:00:25
P:90-06700AR:03S:QTL262900930,2026-07-30 17:00:00,53189,"Attn: Lunar Energy 1195 Trademark Drive, Suite 201",190095,PO-US-08892,1,90-06700A,"(90-06700A) MSA Controller, Boxed - Combine 10-06687A",1,See Special Instructions,,814-4623@RevNEW1,ASN_20260801.csv,2026-07-31 18:00:15,2026-07-31 18:00:25,2026-07-31 18:00:25
P:90-06700AR:03S:QTL262900931,2026-07-30 17:00:00,53189,"Attn: Lunar Energy 1195 Trademark Drive, Suite 201",190095,PO-US-08892,1,90-06700A,"(90-06700A) MSA Controller, Boxed - Combine 10-06687A",1,See Special Instructions,,814-4623@RevNEW1,ASN_20260801.csv,2026-07-31 18:00:15,2026-07-31 18:00:25,2026-07-31 18:00:25
P:90-06700AR:03S:QTL262900932,2026-07-30 17:00:00,53189,"Attn: Lunar Energy 1195 Trademark Drive, Suite 201",190095,PO-US-08892,1,90-06700A,"(90-06700A) MSA Controller, Boxed - Combine 10-06687A",1,See Special Instructions,,814-4623@RevNEW1,ASN_20260801.csv,2026-07-31 18:00:15,2026-07-31 18:00:25,2026-07-31 18:00:25
P:90-06700AR:03S:QTL262900933,2026-07-30 17:00:00,53189,"Attn: Lunar Energy 1195 Trademark Drive, Suite 201",190095,PO-US-08892,1,90-06700A,"(90-06700A) MSA Controller, Boxed - Combine 10-06687A",1,See Special Instructions,,814-4623@RevNEW1,ASN_20260801.csv,2026-07-31 18:00:15,2026-07-31 18:00:25,2026-07-31 18:00:25
P:90-06700AR:03S:QTL262900934,2026-07-30 17:00:00,53189,"Attn: Lunar Energy 1195 Trademark Drive, Suite 201",190095,PO-US-08892,1,90-06700A,"(90-06700A) MSA Controller, Boxed - Combine 10-06687A",1,See Special Instructions,,814-4623@RevNEW1,ASN_20260801.csv,2026-07-31 18:00:15,2026-07-31 18:00:25,2026-07-31 18:00:25
P:90-06700AR:03S:QTL262900935,2026-07-30 17:00:00,53189,"Attn: Lunar Energy 1195 Trademark Drive, Suite 201",190095,PO-US-08892,1,90-06700A,"(90-06700A) MSA Controller, Boxed - Combine 10-06687A",1,See Special Instructions,,814-4623@RevNEW1,ASN_20260801.csv,2026-07-31 18:00:15,2026-07-31 18:00:25,2026-07-31 18:00:25
P:90-06700AR:03S:QTL262900936,2026-07-30 17:00:00,53189,"Attn: Lunar Energy 1195 Trademark Drive, Suite 201",190095,PO-US-08892,1,90-06700A,"(90-06700A) MSA Controller, Boxed - Combine 10-06687A",1,See Special Instructions,,814-4623@RevNEW1,ASN_20260801.csv,2026-07-31 18:00:15,2026-07-31 18:00:25,2026-07-31 18:00:25
P:90-06700AR:03S:QTL262900937,2026-07-30 17:00:00,53189,"Attn: Lunar Energy 1195 Trademark Drive, Suite 201",190095,PO-US-08892,1,90-06700A,"(90-06700A) MSA Controller, Boxed - Combine 10-06687A",1,See Special Instructions,,814-4623@RevNEW1,ASN_20260801.csv,2026-07-31 18:00:15,2026-07-31 18:00:25,2026-07-31 18:00:25
P:90-06700AR:03S:QTL262900938,2026-07-30 17:00:00,53189,"Attn: Lunar Energy 1195 Trademark Drive, Suite 201",190095,PO-US-08892,1,90-06700A,"(90-06700A) MSA Controller, Boxed - Combine 10-06687A",1,See Special Instructions,,814-4623@RevNEW1,ASN_20260801.csv,2026-07-31 18:00:15,2026-07-31 18:00:25,2026-07-31 18:00:25
P:90-06700AR:03S:QTL262900939,2026-07-30 17:00:00,53189,"Attn: Lunar Energy 1195 Trademark Drive, Suite 201",190095,PO-US-08892,1,90-06700A,"(90-06700A) MSA Controller, Boxed - Combine 10-06687A",1,See Special Instructions,,814-4623@RevNEW1,ASN_20260801.csv,2026-07-31 18:00:15,2026-07-31 18:00:25,2026-07-31 18:00:25
P:90-06700AR:03S:QTL262900940,2026-07-30 17:00:00,53189,"Attn: Lunar Energy 1195 Trademark Drive, Suite 201",190095,PO-US-08892,1,90-06700A,"(90-06700A) MSA Controller, Boxed - Combine 10-06687A",1,See Special Instructions,,814-4623@RevNEW1,ASN_20260801.csv,2026-07-31 18:00:15,2026-07-31 18:00:25,2026-07-31 18:00:25
P:90-06700AR:03S:QTL262900941,2026-07-30 17:00:00,53189,"Attn: Lunar Energy 1195 Trademark Drive, Suite 201",190095,PO-US-08892,1,90-06700A,"(90-06700A) MSA Controller, Boxed - Combine 10-06687A",1,See Special Instructions,,814-4623@RevNEW1,ASN_20260801.csv,2026-07-31 18:00:15,2026-07-31 18:00:25,2026-07-31 18:00:25
P:90-06700AR:03S:QTL262900942,2026-07-30 17:00:00,53189,"Attn: Lunar Energy 1195 Trademark Drive, Suite 201",190095,PO-US-08892,1,90-06700A,"(90-06700A) MSA Controller, Boxed - Combine 10-06687A",1,See Special Instructions,,814-4623@RevNEW1,ASN_20260801.csv,2026-07-31 18:00:15,2026-07-31 18:00:25,2026-07-31 18:00:25
P:90-06700AR:03S:QTL262900943,2026-07-30 17:00:00,53189,"Attn: Lunar Energy 1195 Trademark Drive, Suite 201",190095,PO-US-08892,1,90-06700A,"(90-06700A) MSA Controller, Boxed - Combine 10-06687A",1,See Special Instructions,,814-4623@RevNEW1,ASN_20260801.csv,2026-07-31 18:00:15,2026-07-31 18:00:25,2026-07-31 18:00:25
P:90-06700AR:03S:QTL262900944,2026-07-30 17:00:00,53189,"Attn: Lunar Energy 1195 Trademark Drive, Suite 201",190095,PO-US-08892,1,90-06700A,"(90-06700A) MSA Controller, Boxed - Combine 10-06687A",1,See Special Instructions,,814-4623@RevNEW1,ASN_20260801.csv,2026-07-31 18:00:15,2026-07-31 18:00:25,2026-07-31 18:00:25
P:90-06700AR:03S:QTL262900945,2026-07-30 17:00:00,53189,"Attn: Lunar Energy 1195 Trademark Drive, Suite 201",190095,PO-US-08892,1,90-06700A,"(90-06700A) MSA Controller, Boxed - Combine 10-06687A",1,See Special Instructions,,814-4623@RevNEW1,ASN_20260801.csv,2026-07-31 18:00:15,2026-07-31 18:00:25,2026-07-31 18:00:25
P:90-06700AR:03S:QTL262900946,2026-07-30 17:00:00,53189,"Attn: Lunar Energy 1195 Trademark Drive, Suite 201",190095,PO-US-08892,1,90-06700A,"(90-06700A) MSA Controller, Boxed - Combine 10-06687A",1,See Special Instructions,,814-4623@RevNEW1,ASN_20260801.csv,2026-07-31 18:00:15,2026-07-31 18:00:25,2026-07-31 18:00:25
P:90-06700AR:03S:QTL262900947,2026-07-30 17:00:00,53189,"Attn: Lunar Energy 1195 Trademark Drive, Suite 201",190095,PO-US-08892,1,90-06700A,"(90-06700A) MSA Controller, Boxed - Combine 10-06687A",1,See Special Instructions,,814-4623@RevNEW1,ASN_20260801.csv,2026-07-31 18:00:15,2026-07-31 18:00:25,2026-07-31 18:00:25
P:90-06700AR:03S:QTL262900948,2026-07-30 17:00:00,53189,"Attn: Lunar Energy 1195 Trademark Drive, Suite 201",190095,PO-US-08892,1,90-06700A,"(90-06700A) MSA Controller, Boxed - Combine 10-06687A",1,See Special Instructions,,814-4623@RevNEW1,ASN_20260801.csv,2026-07-31 18:00:15,2026-07-31 18:00:25,2026-07-31 18:00:25
P:90-06700AR:03S:QTL262900950,2026-07-30 17:00:00,53189,"Attn: Lunar Energy 1195 Trademark Drive, Suite 201",190095,PO-US-08892,1,90-06700A,"(90-06700A) MSA Controller, Boxed - Combine 10-06687A",1,See Special Instructions,,814-4623@RevNEW1,ASN_20260801.csv,2026-07-31 18:00:15,2026-07-31 18:00:25,2026-07-31 18:00:25
P:90-06700AR:03S:QTL262900951,2026-07-30 17:00:00,53189,"Attn: Lunar Energy 1195 Trademark Drive, Suite 201",190095,PO-US-08892,1,90-06700A,"(90-06700A) MSA Controller, Boxed - Combine 10-06687A",1,See Special Instructions,,814-4623@RevNEW1,ASN_20260801.csv,2026-07-31 18:00:15,2026-07-31 18:00:25,2026-07-31 18:00:25
P:90-06700AR:03S:QTL262900952,2026-07-30 17:00:00,53189,"Attn: Lunar Energy 1195 Trademark Drive, Suite 201",190095,PO-US-08892,1,90-06700A,"(90-06700A) MSA Controller, Boxed - Combine 10-06687A",1,See Special Instructions,,814-4623@RevNEW1,ASN_20260801.csv,2026-07-31 18:00:15,2026-07-31 18:00:25,2026-07-31 18:00:25
P:90-06700AR:03S:QTL262900953,2026-07-30 17:00:00,53189,"Attn: Lunar Energy 1195 Trademark Drive, Suite 201",190095,PO-US-08892,1,90-06700A,"(90-06700A) MSA Controller, Boxed - Combine 10-06687A",1,See Special Instructions,,814-4623@RevNEW1,ASN_20260801.csv,2026-07-31 18:00:15,2026-07-31 18:00:25,2026-07-31 18:00:25
P:90-06700AR:03S:QTL262900954,2026-07-30 17:00:00,53189,"Attn: Lunar Energy 1195 Trademark Drive, Suite 201",190095,PO-US-08892,1,90-06700A,"(90-06700A) MSA Controller, Boxed - Combine 10-06687A",1,See Special Instructions,,814-4623@RevNEW1,ASN_20260801.csv,2026-07-31 18:00:15,2026-07-31 18:00:25,2026-07-31 18:00:25
P:90-06700AR:03S:QTL262900955,2026-07-30 17:00:00,53189,"Attn: Lunar Energy 1195 Trademark Drive, Suite 201",190095,PO-US-08892,1,90-06700A,"(90-06700A) MSA Controller, Boxed - Combine 10-06687A",1,See Special Instructions,,814-4623@RevNEW1,ASN_20260801.csv,2026-07-31 18:00:15,2026-07-31 18:00:25,2026-07-31 18:00:25
P:90-06700AR:03S:QTL262900956,2026-07-30 17:00:00,53189,"Attn: Lunar Energy 1195 Trademark Drive, Suite 201",190095,PO-US-08892,1,90-06700A,"(90-06700A) MSA Controller, Boxed - Combine 10-06687A",1,See Special Instructions,,814-4623@RevNEW1,ASN_20260801.csv,2026-07-31 18:00:15,2026-07-31 18:00:25,2026-07-31 18:00:25
P:90-06700AR:03S:QTL262900957,2026-07-30 17:00:00,53189,"Attn: Lunar Energy 1195 Trademark Drive, Suite 201",190095,PO-US-08892,1,90-06700A,"(90-06700A) MSA Controller, Boxed - Combine 10-06687A",1,See Special Instructions,,814-4623@RevNEW1,ASN_20260801.csv,2026-07-31 18:00:15,2026-07-31 18:00:25,2026-07-31 18:00:25
P:90-06700AR:03S:QTL262900958,2026-07-30 17:00:00,53189,"Attn: Lunar Energy 1195 Trademark Drive, Suite 201",190095,PO-US-08892,1,90-06700A,"(90-06700A) MSA Controller, Boxed - Combine 10-06687A",1,See Special Instructions,,814-4623@RevNEW1,ASN_20260801.csv,2026-07-31 18:00:15,2026-07-31 18:00:25,2026-07-31 18:00:25
P:90-06700AR:03S:QTL262900959,2026-07-30 17:00:00,53189,"Attn: Lunar Energy 1195 Trademark Drive, Suite 201",190095,PO-US-08892,1,90-06700A,"(90-06700A) MSA Controller, Boxed - Combine 10-06687A",1,See Special Instructions,,814-4623@RevNEW1,ASN_20260801.csv,2026-07-31 18:00:15,2026-07-31 18:00:25,2026-07-31 18:00:25
P:90-06700AR:03S:QTL262900960,2026-07-30 17:00:00,53189,"Attn: Lunar Energy 1195 Trademark Drive, Suite 201",190095,PO-US-08892,1,90-06700A,"(90-06700A) MSA Controller, Boxed - Combine 10-06687A",1,See Special Instructions,,814-4623@RevNEW1,ASN_20260801.csv,2026-07-31 18:00:15,2026-07-31 18:00:25,2026-07-31 18:00:25
P:90-06700AR:03S:QTL262900961,2026-07-30 17:00:00,53189,"Attn: Lunar Energy 1195 Trademark Drive, Suite 201",190095,PO-US-08892,1,90-06700A,"(90-06700A) MSA Controller, Boxed - Combine 10-06687A",1,See Special Instructions,,814-4623@RevNEW1,ASN_20260801.csv,2026-07-31 18:00:15,2026-07-31 18:00:25,2026-07-31 18:00:25
P:90-06700AR:03S:QTL262900962,2026-07-30 17:00:00,53189,"Attn: Lunar Energy 1195 Trademark Drive, Suite 201",190095,PO-US-08892,1,90-06700A,"(90-06700A) MSA Controller, Boxed - Combine 10-06687A",1,See Special Instructions,,814-4623@RevNEW1,ASN_20260801.csv,2026-07-31 18:00:15,2026-07-31 18:00:25,2026-07-31 18:00:25
P:90-06700AR:03S:QTL262900963,2026-07-30 17:00:00,53189,"Attn: Lunar Energy 1195 Trademark Drive, Suite 201",190095,PO-US-08892,1,90-06700A,"(90-06700A) MSA Controller, Boxed - Combine 10-06687A",1,See Special Instructions,,814-4623@RevNEW1,ASN_20260801.csv,2026-07-31 18:00:15,2026-07-31 18:00:25,2026-07-31 18:00:25
P:90-06700AR:03S:QTL262900964,2026-07-30 17:00:00,53189,"Attn: Lunar Energy 1195 Trademark Drive, Suite 201",190095,PO-US-08892,1,90-06700A,"(90-06700A) MSA Controller, Boxed - Combine 10-06687A",1,See Special Instructions,,814-4623@RevNEW1,ASN_20260801.csv,2026-07-31 18:00:15,2026-07-31 18:00:25,2026-07-31 18:00:25
P:90-06700AR:03S:QTL262900965,2026-07-30 17:00:00,53189,"Attn: Lunar Energy 1195 Trademark Drive, Suite 201",190095,PO-US-08892,1,90-06700A,"(90-06700A) MSA Controller, Boxed - Combine 10-06687A",1,See Special Instructions,,814-4623@RevNEW1,ASN_20260801.csv,2026-07-31 18:00:15,2026-07-31 18:00:25,2026-07-31 18:00:25
P:90-06700AR:03S:QTL262900966,2026-07-30 17:00:00,53189,"Attn: Lunar Energy 1195 Trademark Drive, Suite 201",190095,PO-US-08892,1,90-06700A,"(90-06700A) MSA Controller, Boxed - Combine 10-06687A",1,See Special Instructions,,814-4623@RevNEW1,ASN_20260801.csv,2026-07-31 18:00:15,2026-07-31 18:00:25,2026-07-31 18:00:25
P:90-06700AR:03S:QTL262900967,2026-07-30 17:00:00,53189,"Attn: Lunar Energy 1195 Trademark Drive, Suite 201",190095,PO-US-08892,1,90-06700A,"(90-06700A) MSA Controller, Boxed - Combine 10-06687A",1,See Special Instructions,,814-4623@RevNEW1,ASN_20260801.csv,2026-07-31 18:00:15,2026-07-31 18:00:25,2026-07-31 18:00:25
P:90-06700AR:03S:QTL262900968,2026-07-30 17:00:00,53189,"Attn: Lunar Energy 1195 Trademark Drive, Suite 201",190095,PO-US-08892,1,90-06700A,"(90-06700A) MSA Controller, Boxed - Combine 10-06687A",1,See Special Instructions,,814-4623@RevNEW1,ASN_20260801.csv,2026-07-31 18:00:15,2026-07-31 18:00:25,2026-07-31 18:00:25
P:90-06700AR:03S:QTL262900969,2026-07-30 17:00:00,53189,"Attn: Lunar Energy 1195 Trademark Drive, Suite 201",190095,PO-US-08892,1,90-06700A,"(90-06700A) MSA Controller, Boxed - Combine 10-06687A",1,See Special Instructions,,814-4623@RevNEW1,ASN_20260801.csv,2026-07-31 18:00:15,2026-07-31 18:00:25,2026-07-31 18:00:25
P:90-06700AR:03S:QTL262900970,2026-07-30 17:00:00,53189,"Attn: Lunar Energy 1195 Trademark Drive, Suite 201",190095,PO-US-08892,1,90-06700A,"(90-06700A) MSA Controller, Boxed - Combine 10-06687A",1,See Special Instructions,,814-4623@RevNEW1,ASN_20260801.csv,2026-07-31 18:00:15,2026-07-31 18:00:25,2026-07-31 18:00:25
P:90-06700AR:03S:QTL263000898,2026-07-30 17:00:00,53189,"Attn: Lunar Energy 1195 Trademark Drive, Suite 201",190095,PO-US-08892,1,90-06700A,"(90-06700A) MSA Controller, Boxed - Combine 10-06687A",1,See Special Instructions,,814-4623@RevNEW1,ASN_20260801.csv,2026-07-31 18:00:15,2026-07-31 18:00:25,2026-07-31 18:00:25
P:90-06700AR:03S:QTL263000899,2026-07-30 17:00:00,53189,"Attn: Lunar Energy 1195 Trademark Drive, Suite 201",190095,PO-US-08892,1,90-06700A,"(90-06700A) MSA Controller, Boxed - Combine 10-06687A",1,See Special Instructions,,814-4623@RevNEW1,ASN_20260801.csv,2026-07-31 18:00:15,2026-07-31 18:00:25,2026-07-31 18:00:25
P:90-06700AR:03S:QTL263000900,2026-07-30 17:00:00,53189,"Attn: Lunar Energy 1195 Trademark Drive, Suite 201",190095,PO-US-08892,1,90-06700A,"(90-06700A) MSA Controller, Boxed - Combine 10-06687A",1,See Special Instructions,,814-4623@RevNEW1,ASN_20260801.csv,2026-07-31 18:00:15,2026-07-31 18:00:25,2026-07-31 18:00:25
P:90-06700AR:03S:QTL263000901,2026-07-30 17:00:00,53189,"Attn: Lunar Energy 1195 Trademark Drive, Suite 201",190095,PO-US-08892,1,90-06700A,"(90-06700A) MSA Controller, Boxed - Combine 10-06687A",1,See Special Instructions,,814-4623@RevNEW1,ASN_20260801.csv,2026-07-31 18:00:15,2026-07-31 18:00:25,2026-07-31 18:00:25
P:90-06700AR:03S:QTL263000902,2026-07-30 17:00:00,53189,"Attn: Lunar Energy 1195 Trademark Drive, Suite 201",190095,PO-US-08892,1,90-06700A,"(90-06700A) MSA Controller, Boxed - Combine 10-06687A",1,See Special Instructions,,814-4623@RevNEW1,ASN_20260801.csv,2026-07-31 18:00:15,2026-07-31 18:00:25,2026-07-31 18:00:25
P:90-06700AR:03S:QTL263000903,2026-07-30 17:00:00,53189,"Attn: Lunar Energy 1195 Trademark Drive, Suite 201",190095,PO-US-08892,1,90-06700A,"(90-06700A) MSA Controller, Boxed - Combine 10-06687A",1,See Special Instructions,,814-4623@RevNEW1,ASN_20260801.csv,2026-07-31 18:00:15,2026-07-31 18:00:25,2026-07-31 18:00:25
P:90-06700AR:03S:QTL263000904,2026-07-30 17:00:00,53189,"Attn: Lunar Energy 1195 Trademark Drive, Suite 201",190095,PO-US-08892,1,90-06700A,"(90-06700A) MSA Controller, Boxed - Combine 10-06687A",1,See Special Instructions,,814-4623@RevNEW1,ASN_20260801.csv,2026-07-31 18:00:15,2026-07-31 18:00:25,2026-07-31 18:00:25
P:90-06700AR:03S:QTL263000905,2026-07-30 17:00:00,53189,"Attn: Lunar Energy 1195 Trademark Drive, Suite 201",190095,PO-US-08892,1,90-06700A,"(90-06700A) MSA Controller, Boxed - Combine 10-06687A",1,See Special Instructions,,814-4623@RevNEW1,ASN_20260801.csv,2026-07-31 18:00:15,2026-07-31 18:00:25,2026-07-31 18:00:25
P:90-06700AR:03S:QTL263000906,2026-07-30 17:00:00,53189,"Attn: Lunar Energy 1195 Trademark Drive, Suite 201",190095,PO-US-08892,1,90-06700A,"(90-06700A) MSA Controller, Boxed - Combine 10-06687A",1,See Special Instructions,,814-4623@RevNEW1,ASN_20260801.csv,2026-07-31 18:00:15,2026-07-31 18:00:25,2026-07-31 18:00:25
P:90-06700AR:03S:QTL263000907,2026-07-30 17:00:00,53189,"Attn: Lunar Energy 1195 Trademark Drive, Suite 201",190095,PO-US-08892,1,90-06700A,"(90-06700A) MSA Controller, Boxed - Combine 10-06687A",1,See Special Instructions,,814-4623@RevNEW1,ASN_20260801.csv,2026-07-31 18:00:15,2026-07-31 18:00:25,2026-07-31 18:00:25
P:90-06700AR:03S:QTL263000908,2026-07-30 17:00:00,53189,"Attn: Lunar Energy 1195 Trademark Drive, Suite 201",190095,PO-US-08892,1,90-06700A,"(90-06700A) MSA Controller, Boxed - Combine 10-06687A",1,See Special Instructions,,814-4623@RevNEW1,ASN_20260801.csv,2026-07-31 18:00:15,2026-07-31 18:00:25,2026-07-31 18:00:25
P:90-06700AR:03S:QTL263000909,2026-07-30 17:00:00,53189,"Attn: Lunar Energy 1195 Trademark Drive, Suite 201",190095,PO-US-08892,1,90-06700A,"(90-06700A) MSA Controller, Boxed - Combine 10-06687A",1,See Special Instructions,,814-4623@RevNEW1,ASN_20260801.csv,2026-07-31 18:00:15,2026-07-31 18:00:25,2026-07-31 18:00:25
P:90-06700AR:03S:QTL263000910,2026-07-30 17:00:00,53189,"Attn: Lunar Energy 1195 Trademark Drive, Suite 201",190095,PO-US-08892,1,90-06700A,"(90-06700A) MSA Controller, Boxed - Combine 10-06687A",1,See Special Instructions,,814-4623@RevNEW1,ASN_20260801.csv,2026-07-31 18:00:15,2026-07-31 18:00:25,2026-07-31 18:00:25
P:90-06700AR:03S:QTL263000911,2026-07-30 17:00:00,53189,"Attn: Lunar Energy 1195 Trademark Drive, Suite 201",190095,PO-US-08892,1,90-06700A,"(90-06700A) MSA Controller, Boxed - Combine 10-06687A",1,See Special Instructions,,814-4623@RevNEW1,ASN_20260801.csv,2026-07-31 18:00:15,2026-07-31 18:00:25,2026-07-31 18:00:25
P:90-06700AR:03S:QTL263000912,2026-07-30 17:00:00,53189,"Attn: Lunar Energy 1195 Trademark Drive, Suite 201",190095,PO-US-08892,1,90-06700A,"(90-06700A) MSA Controller, Boxed - Combine 10-06687A",1,See Special Instructions,,814-4623@RevNEW1,ASN_20260801.csv,2026-07-31 18:00:15,2026-07-31 18:00:25,2026-07-31 18:00:25
P:90-06700AR:03S:QTL263000913,2026-07-30 17:00:00,53189,"Attn: Lunar Energy 1195 Trademark Drive, Suite 201",190095,PO-US-08892,1,90-06700A,"(90-06700A) MSA Controller, Boxed - Combine 10-06687A",1,See Special Instructions,,814-4623@RevNEW1,ASN_20260801.csv,2026-07-31 18:00:15,2026-07-31 18:00:25,2026-07-31 18:00:25
P:90-06700AR:03S:QTL263000914,2026-07-30 17:00:00,53189,"Attn: Lunar Energy 1195 Trademark Drive, Suite 201",190095,PO-US-08892,1,90-06700A,"(90-06700A) MSA Controller, Boxed - Combine 10-06687A",1,See Special Instructions,,814-4623@RevNEW1,ASN_20260801.csv,2026-07-31 18:00:15,2026-07-31 18:00:25,2026-07-31 18:00:25
P:90-06700AR:03S:QTL263000915,2026-07-30 17:00:00,53189,"Attn: Lunar Energy 1195 Trademark Drive, Suite 201",190095,PO-US-08892,1,90-06700A,"(90-06700A) MSA Controller, Boxed - Combine 10-06687A",1,See Special Instructions,,814-4623@RevNEW1,ASN_20260801.csv,2026-07-31 18:00:15,2026-07-31 18:00:25,2026-07-31 18:00:25
P:90-06700AR:03S:QTL263000916,2026-07-30 17:00:00,53189,"Attn: Lunar Energy 1195 Trademark Drive, Suite 201",190095,PO-US-08892,1,90-06700A,"(90-06700A) MSA Controller, Boxed - Combine 10-06687A",1,See Special Instructions,,814-4623@RevNEW1,ASN_20260801.csv,2026-07-31 18:00:15,2026-07-31 18:00:25,2026-07-31 18:00:25
P:90-06700AR:03S:QTL263000917,2026-07-30 17:00:00,53189,"Attn: Lunar Energy 1195 Trademark Drive, Suite 201",190095,PO-US-08892,1,90-06700A,"(90-06700A) MSA Controller, Boxed - Combine 10-06687A",1,See Special Instructions,,814-4623@RevNEW1,ASN_20260801.csv,2026-07-31 18:00:15,2026-07-31 18:00:25,2026-07-31 18:00:25
P:90-06700AR:03S:QTL263000918,2026-07-30 17:00:00,53189,"Attn: Lunar Energy 1195 Trademark Drive, Suite 201",190095,PO-US-08892,1,90-06700A,"(90-06700A) MSA Controller, Boxed - Combine 10-06687A",1,See Special Instructions,,814-4623@RevNEW1,ASN_20260801.csv,2026-07-31 18:00:15,2026-07-31 18:00:25,2026-07-31 18:00:25
P:90-06700AR:03S:QTL263000919,2026-07-30 17:00:00,53189,"Attn: Lunar Energy 1195 Trademark Drive, Suite 201",190095,PO-US-08892,1,90-06700A,"(90-06700A) MSA Controller, Boxed - Combine 10-06687A",1,See Special Instructions,,814-4623@RevNEW1,ASN_20260801.csv,2026-07-31 18:00:15,2026-07-31 18:00:25,2026-07-31 18:00:25
P:90-06700AR:03S:QTL263000920,2026-07-30 17:00:00,53189,"Attn: Lunar Energy 1195 Trademark Drive, Suite 201",190095,PO-US-08892,1,90-06700A,"(90-06700A) MSA Controller, Boxed - Combine 10-06687A",1,See Special Instructions,,814-4623@RevNEW1,ASN_20260801.csv,2026-07-31 18:00:15,2026-07-31 18:00:25,2026-07-31 18:00:25
P:90-06700AR:03S:QTL263000921,2026-07-30 17:00:00,53189,"Attn: Lunar Energy 1195 Trademark Drive, Suite 201",190095,PO-US-08892,1,90-06700A,"(90-06700A) MSA Controller, Boxed - Combine 10-06687A",1,See Special Instructions,,814-4623@RevNEW1,ASN_20260801.csv,2026-07-31 18:00:15,2026-07-31 18:00:25,2026-07-31 18:00:25
P:90-06700AR:03S:QTL263000922,2026-07-30 17:00:00,53189,"Attn: Lunar Energy 1195 Trademark Drive, Suite 201",190095,PO-US-08892,1,90-06700A,"(90-06700A) MSA Controller, Boxed - Combine 10-06687A",1,See Special Instructions,,814-4623@RevNEW1,ASN_20260801.csv,2026-07-31 18:00:15,2026-07-31 18:00:25,2026-07-31 18:00:25
P:90-06700AR:03S:QTL263000923,2026-07-30 17:00:00,53189,"Attn: Lunar Energy 1195 Trademark Drive, Suite 201",190095,PO-US-08892,1,90-06700A,"(90-06700A) MSA Controller, Boxed - Combine 10-06687A",1,See Special Instructions,,814-4623@RevNEW1,ASN_20260801.csv,2026-07-31 18:00:15,2026-07-31 18:00:25,2026-07-31 18:00:25
P:90-06700AR:03S:QTL263000924,2026-07-30 17:00:00,53189,"Attn: Lunar Energy 1195 Trademark Drive, Suite 201",190095,PO-US-08892,1,90-06700A,"(90-06700A) MSA Controller, Boxed - Combine 10-06687A",1,See Special Instructions,,814-4623@RevNEW1,ASN_20260801.csv,2026-07-31 18:00:15,2026-07-31 18:00:25,2026-07-31 18:00:25
P:90-06700AR:03S:QTL263003838,2026-07-30 17:00:00,53189,"Attn: Lunar Energy 1195 Trademark Drive, Suite 201",190095,PO-US-08892,1,90-06700A,"(90-06700A) MSA Controller, Boxed - Combine 10-06687A",1,See Special Instructions,,814-4623@RevNEW1,ASN_20260801.csv,2026-07-31 18:00:15,2026-07-31 18:00:25,2026-07-31 18:00:25
P:90-06700AR:03S:QTL263003839,2026-07-30 17:00:00,53189,"Attn: Lunar Energy 1195 Trademark Drive, Suite 201",190095,PO-US-08892,1,90-06700A,"(90-06700A) MSA Controller, Boxed - Combine 10-06687A",1,See Special Instructions,,814-4623@RevNEW1,ASN_20260801.csv,2026-07-31 18:00:15,2026-07-31 18:00:25,2026-07-31 18:00:25
P:90-06700AR:03S:QTL263003840,2026-07-30 17:00:00,53189,"Attn: Lunar Energy 1195 Trademark Drive, Suite 201",190095,PO-US-08892,1,90-06700A,"(90-06700A) MSA Controller, Boxed - Combine 10-06687A",1,See Special Instructions,,814-4623@RevNEW1,ASN_20260801.csv,2026-07-31 18:00:15,2026-07-31 18:00:25,2026-07-31 18:00:25
P:90-06700AR:03S:QTL263003841,2026-07-30 17:00:00,53189,"Attn: Lunar Energy 1195 Trademark Drive, Suite 201",190095,PO-US-08892,1,90-06700A,"(90-06700A) MSA Controller, Boxed - Combine 10-06687A",1,See Special Instructions,,814-4623@RevNEW1,ASN_20260801.csv,2026-07-31 18:00:15,2026-07-31 18:00:25,2026-07-31 18:00:25
P:90-06700AR:03S:QTL263003842,2026-07-30 17:00:00,53189,"Attn: Lunar Energy 1195 Trademark Drive, Suite 201",190095,PO-US-08892,1,90-06700A,"(90-06700A) MSA Controller, Boxed - Combine 10-06687A",1,See Special Instructions,,814-4623@RevNEW1,ASN_20260801.csv,2026-07-31 18:00:15,2026-07-31 18:00:25,2026-07-31 18:00:25
P:90-06700AR:03S:QTL263003843,2026-07-30 17:00:00,53189,"Attn: Lunar Energy 1195 Trademark Drive, Suite 201",190095,PO-US-08892,1,90-06700A,"(90-06700A) MSA Controller, Boxed - Combine 10-06687A",1,See Special Instructions,,814-4623@RevNEW1,ASN_20260801.csv,2026-07-31 18:00:15,2026-07-31 18:00:25,2026-07-31 18:00:25
P:90-06700AR:03S:QTL263003844,2026-07-30 17:00:00,53189,"Attn: Lunar Energy 1195 Trademark Drive, Suite 201",190095,PO-US-08892,1,90-06700A,"(90-06700A) MSA Controller, Boxed - Combine 10-06687A",1,See Special Instructions,,814-4623@RevNEW1,ASN_20260801.csv,2026-07-31 18:00:15,2026-07-31 18:00:25,2026-07-31 18:00:25
P:90-06700AR:03S:QTL263003845,2026-07-30 17:00:00,53189,"Attn: Lunar Energy 1195 Trademark Drive, Suite 201",190095,PO-US-08892,1,90-06700A,"(90-06700A) MSA Controller, Boxed - Combine 10-06687A",1,See Special Instructions,,814-4623@RevNEW1,ASN_20260801.csv,2026-07-31 18:00:15,2026-07-31 18:00:25,2026-07-31 18:00:25
P:90-06700AR:03S:QTL263003846,2026-07-30 17:00:00,53189,"Attn: Lunar Energy 1195 Trademark Drive, Suite 201",190095,PO-US-08892,1,90-06700A,"(90-06700A) MSA Controller, Boxed - Combine 10-06687A",1,See Special Instructions,,814-4623@RevNEW1,ASN_20260801.csv,2026-07-31 18:00:15,2026-07-31 18:00:25,2026-07-31 18:00:25
P:90-06700AR:03S:QTL263003847,2026-07-30 17:00:00,53189,"Attn: Lunar Energy 1195 Trademark Drive, Suite 201",190095,PO-US-08892,1,90-06700A,"(90-06700A) MSA Controller, Boxed - Combine 10-06687A",1,See Special Instructions,,814-4623@RevNEW1,ASN_20260801.csv,2026-07-31 18:00:15,2026-07-31 18:00:25,2026-07-31 18:00:25
P:90-06700AR:03S:QTL263003848,2026-07-30 17:00:00,53189,"Attn: Lunar Energy 1195 Trademark Drive, Suite 201",190095,PO-US-08892,1,90-06700A,"(90-06700A) MSA Controller, Boxed - Combine 10-06687A",1,See Special Instructions,,814-4623@RevNEW1,ASN_20260801.csv,2026-07-31 18:00:15,2026-07-31 18:00:25,2026-07-31 18:00:25
P:90-06700AR:03S:QTL263003849,2026-07-30 17:00:00,53189,"Attn: Lunar Energy 1195 Trademark Drive, Suite 201",190095,PO-US-08892,1,90-06700A,"(90-06700A) MSA Controller, Boxed - Combine 10-06687A",1,See Special Instructions,,814-4623@RevNEW1,ASN_20260801.csv,2026-07-31 18:00:15,2026-07-31 18:00:25,2026-07-31 18:00:25
P:90-06700AR:03S:QTL263003850,2026-07-30 17:00:00,53189,"Attn: Lunar Energy 1195 Trademark Drive, Suite 201",190095,PO-US-08892,1,90-06700A,"(90-06700A) MSA Controller, Boxed - Combine 10-06687A",1,See Special Instructions,,814-4623@RevNEW1,ASN_20260801.csv,2026-07-31 18:00:15,2026-07-31 18:00:25,2026-07-31 18:00:25
P:90-06700AR:03S:QTL263100398,2026-07-30 17:00:00,53189,"Attn: Lunar Energy 1195 Trademark Drive, Suite 201",190095,PO-US-08892,1,90-06700A,"(90-06700A) MSA Controller, Boxed - Combine 10-06687A",1,See Special Instructions,,814-4623@RevNEW1,ASN_20260801.csv,2026-07-31 18:00:15,2026-07-31 18:00:25,2026-07-31 18:00:25
P:90-06700AR:03S:QTL263100399,2026-07-30 17:00:00,53189,"Attn: Lunar Energy 1195 Trademark Drive, Suite 201",190095,PO-US-08892,1,90-06700A,"(90-06700A) MSA Controller, Boxed - Combine 10-06687A",1,See Special Instructions,,814-4623@RevNEW1,ASN_20260801.csv,2026-07-31 18:00:15,2026-07-31 18:00:25,2026-07-31 18:00:25
P:90-06700AR:03S:QTL263100400,2026-07-30 17:00:00,53189,"Attn: Lunar Energy 1195 Trademark Drive, Suite 201",190095,PO-US-08892,1,90-06700A,"(90-06700A) MSA Controller, Boxed - Combine 10-06687A",1,See Special Instructions,,814-4623@RevNEW1,ASN_20260801.csv,2026-07-31 18:00:15,2026-07-31 18:00:25,2026-07-31 18:00:25
P:90-06700AR:03S:QTL263100401,2026-07-30 17:00:00,53189,"Attn: Lunar Energy 1195 Trademark Drive, Suite 201",190095,PO-US-08892,1,90-06700A,"(90-06700A) MSA Controller, Boxed - Combine 10-06687A",1,See Special Instructions,,814-4623@RevNEW1,ASN_20260801.csv,2026-07-31 18:00:15,2026-07-31 18:00:25,2026-07-31 18:00:25
P:90-06700AR:03S:QTL263100402,2026-07-30 17:00:00,53189,"Attn: Lunar Energy 1195 Trademark Drive, Suite 201",190095,PO-US-08892,1,90-06700A,"(90-06700A) MSA Controller, Boxed - Combine 10-06687A",1,See Special Instructions,,814-4623@RevNEW1,ASN_20260801.csv,2026-07-31 18:00:15,2026-07-31 18:00:25,2026-07-31 18:00:25
P:90-06700AR:03S:QTL263100403,2026-07-30 17:00:00,53189,"Attn: Lunar Energy 1195 Trademark Drive, Suite 201",190095,PO-US-08892,1,90-06700A,"(90-06700A) MSA Controller, Boxed - Combine 10-06687A",1,See Special Instructions,,814-4623@RevNEW1,ASN_20260801.csv,2026-07-31 18:00:15,2026-07-31 18:00:25,2026-07-31 18:00:25
P:90-06700AR:03S:QTL263100405,2026-07-30 17:00:00,53189,"Attn: Lunar Energy 1195 Trademark Drive, Suite 201",190095,PO-US-08892,1,90-06700A,"(90-06700A) MSA Controller, Boxed - Combine 10-06687A",1,See Special Instructions,,814-4623@RevNEW1,ASN_20260801.csv,2026-07-31 18:00:15,2026-07-31 18:00:25,2026-07-31 18:00:25
P:90-06700AR:03S:QTL263100406,2026-07-30 17:00:00,53189,"Attn: Lunar Energy 1195 Trademark Drive, Suite 201",190095,PO-US-08892,1,90-06700A,"(90-06700A) MSA Controller, Boxed - Combine 10-06687A",1,See Special Instructions,,814-4623@RevNEW1,ASN_20260801.csv,2026-07-31 18:00:15,2026-07-31 18:00:25,2026-07-31 18:00:25
P:90-06700AR:03S:QTL263100407,2026-07-30 17:00:00,53189,"Attn: Lunar Energy 1195 Trademark Drive, Suite 201",190095,PO-US-08892,1,90-06700A,"(90-06700A) MSA Controller, Boxed - Combine 10-06687A",1,See Special Instructions,,814-4623@RevNEW1,ASN_20260801.csv,2026-07-31 18:00:15,2026-07-31 18:00:25,2026-07-31 18:00:25
P:90-06700AR:03S:QTL263100408,2026-07-30 17:00:00,53189,"Attn: Lunar Energy 1195 Trademark Drive, Suite 201",190095,PO-US-08892,1,90-06700A,"(90-06700A) MSA Controller, Boxed - Combine 10-06687A",1,See Special Instructions,,814-4623@RevNEW1,ASN_20260801.csv,2026-07-31 18:00:15,2026-07-31 18:00:25,2026-07-31 18:00:25
P:90-06700AR:03S:QTL263100409,2026-07-30 17:00:00,53189,"Attn: Lunar Energy 1195 Trademark Drive, Suite 201",190095,PO-US-08892,1,90-06700A,"(90-06700A) MSA Controller, Boxed - Combine 10-06687A",1,See Special Instructions,,814-4623@RevNEW1,ASN_20260801.csv,2026-07-31 18:00:15,2026-07-31 18:00:25,2026-07-31 18:00:25
P:90-06700AR:03S:QTL263100410,2026-07-30 17:00:00,53189,"Attn: Lunar Energy 1195 Trademark Drive, Suite 201",190095,PO-US-08892,1,90-06700A,"(90-06700A) MSA Controller, Boxed - Combine 10-06687A",1,See Special Instructions,,814-4623@RevNEW1,ASN_20260801.csv,2026-07-31 18:00:15,2026-07-31 18:00:25,2026-07-31 18:00:25
P:90-06700AR:03S:QTL263100411,2026-07-30 17:00:00,53189,"Attn: Lunar Energy 1195 Trademark Drive, Suite 201",190095,PO-US-08892,1,90-06700A,"(90-06700A) MSA Controller, Boxed - Combine 10-06687A",1,See Special Instructions,,814-4623@RevNEW1,ASN_20260801.csv,2026-07-31 18:00:15,2026-07-31 18:00:25,2026-07-31 18:00:25
P:90-06700AR:03S:QTL263100412,2026-07-30 17:00:00,53189,"Attn: Lunar Energy 1195 Trademark Drive, Suite 201",190095,PO-US-08892,1,90-06700A,"(90-06700A) MSA Controller, Boxed - Combine 10-06687A",1,See Special Instructions,,814-4623@RevNEW1,ASN_20260801.csv,2026-07-31 18:00:15,2026-07-31 18:00:25,2026-07-31 18:00:25
P:90-06700AR:03S:QTL263100413,2026-07-30 17:00:00,53189,"Attn: Lunar Energy 1195 Trademark Drive, Suite 201",190095,PO-US-08892,1,90-06700A,"(90-06700A) MSA Controller, Boxed - Combine 10-06687A",1,See Special Instructions,,814-4623@RevNEW1,ASN_20260801.csv,2026-07-31 18:00:15,2026-07-31 18:00:25,2026-07-31 18:00:25
P:90-06700AR:03S:QTL263100414,2026-07-30 17:00:00,53189,"Attn: Lunar Energy 1195 Trademark Drive, Suite 201",190095,PO-US-08892,1,90-06700A,"(90-06700A) MSA Controller, Boxed - Combine 10-06687A",1,See Special Instructions,,814-4623@RevNEW1,ASN_20260801.csv,2026-07-31 18:00:15,2026-07-31 18:00:25,2026-07-31 18:00:25
P:90-06700AR:03S:QTL263100415,2026-07-30 17:00:00,53189,"Attn: Lunar Energy 1195 Trademark Drive, Suite 201",190095,PO-US-08892,1,90-06700A,"(90-06700A) MSA Controller, Boxed - Combine 10-06687A",1,See Special Instructions,,814-4623@RevNEW1,ASN_20260801.csv,2026-07-31 18:00:15,2026-07-31 18:00:25,2026-07-31 18:00:25
P:90-06700AR:03S:QTL263100416,2026-07-30 17:00:00,53189,"Attn: Lunar Energy 1195 Trademark Drive, Suite 201",190095,PO-US-08892,1,90-06700A,"(90-06700A) MSA Controller, Boxed - Combine 10-06687A",1,See Special Instructions,,814-4623@RevNEW1,ASN_20260801.csv,2026-07-31 18:00:15,2026-07-31 18:00:25,2026-07-31 18:00:25
P:90-06700AR:03S:QTL263100417,2026-07-30 17:00:00,53189,"Attn: Lunar Energy 1195 Trademark Drive, Suite 201",190095,PO-US-08892,1,90-06700A,"(90-06700A) MSA Controller, Boxed - Combine 10-06687A",1,See Special Instructions,,814-4623@RevNEW1,ASN_20260801.csv,2026-07-31 18:00:15,2026-07-31 18:00:25,2026-07-31 18:00:25
P:90-06700AR:03S:QTL263100418,2026-07-30 17:00:00,53189,"Attn: Lunar Energy 1195 Trademark Drive, Suite 201",190095,PO-US-08892,1,90-06700A,"(90-06700A) MSA Controller, Boxed - Combine 10-06687A",1,See Special Instructions,,814-4623@RevNEW1,ASN_20260801.csv,2026-07-31 18:00:15,2026-07-31 18:00:25,2026-07-31 18:00:25
P:90-06700AR:03S:QTL263100419,2026-07-30 17:00:00,53189,"Attn: Lunar Energy 1195 Trademark Drive, Suite 201",190095,PO-US-08892,1,90-06700A,"(90-06700A) MSA Controller, Boxed - Combine 10-06687A",1,See Special Instructions,,814-4623@RevNEW1,ASN_20260801.csv,2026-07-31 18:00:15,2026-07-31 18:00:25,2026-07-31 18:00:25
P:90-06700AR:03S:QTL263100420,2026-07-30 17:00:00,53189,"Attn: Lunar Energy 1195 Trademark Drive, Suite 201",190095,PO-US-08892,1,90-06700A,"(90-06700A) MSA Controller, Boxed - Combine 10-06687A",1,See Special Instructions,,814-4623@RevNEW1,ASN_20260801.csv,2026-07-31 18:00:15,2026-07-31 18:00:25,2026-07-31 18:00:25
P:90-06700AR:03S:QTL263100421,2026-07-30 17:00:00,53189,"Attn: Lunar Energy 1195 Trademark Drive, Suite 201",190095,PO-US-08892,1,90-06700A,"(90-06700A) MSA Controller, Boxed - Combine 10-06687A",1,See Special Instructions,,814-4623@RevNEW1,ASN_20260801.csv,2026-07-31 18:00:15,2026-07-31 18:00:25,2026-07-31 18:00:25
P:90-06700AR:03S:QTL263100422,2026-07-30 17:00:00,53189,"Attn: Lunar Energy 1195 Trademark Drive, Suite 201",190095,PO-US-08892,1,90-06700A,"(90-06700A) MSA Controller, Boxed - Combine 10-06687A",1,See Special Instructions,,814-4623@RevNEW1,ASN_20260801.csv,2026-07-31 18:00:15,2026-07-31 18:00:25,2026-07-31 18:00:25
P:90-06700AR:03S:QTL263100950,2026-07-30 17:00:00,53189,"Attn: Lunar Energy 1195 Trademark Drive, Suite 201",190095,PO-US-08892,1,90-06700A,"(90-06700A) MSA Controller, Boxed - Combine 10-06687A",1,See Special Instructions,,814-4623@RevNEW1,ASN_20260801.csv,2026-07-31 18:00:15,2026-07-31 18:00:25,2026-07-31 18:00:25
P:90-06700AR:03S:QTL263100951,2026-07-30 17:00:00,53189,"Attn: Lunar Energy 1195 Trademark Drive, Suite 201",190095,PO-US-08892,1,90-06700A,"(90-06700A) MSA Controller, Boxed - Combine 10-06687A",1,See Special Instructions,,814-4623@RevNEW1,ASN_20260801.csv,2026-07-31 18:00:15,2026-07-31 18:00:25,2026-07-31 18:00:25
P:90-06700AR:03S:QTL263100952,2026-07-30 17:00:00,53189,"Attn: Lunar Energy 1195 Trademark Drive, Suite 201",190095,PO-US-08892,1,90-06700A,"(90-06700A) MSA Controller, Boxed - Combine 10-06687A",1,See Special Instructions,,814-4623@RevNEW1,ASN_20260801.csv,2026-07-31 18:00:15,2026-07-31 18:00:25,2026-07-31 18:00:25
P:90-06700AR:03S:QTL263100953,2026-07-30 17:00:00,53189,"Attn: Lunar Energy 1195 Trademark Drive, Suite 201",190095,PO-US-08892,1,90-06700A,"(90-06700A) MSA Controller, Boxed - Combine 10-06687A",1,See Special Instructions,,814-4623@RevNEW1,ASN_20260801.csv,2026-07-31 18:00:15,2026-07-31 18:00:25,2026-07-31 18:00:25
P:90-06700AR:03S:QTL263100954,2026-07-30 17:00:00,53189,"Attn: Lunar Energy 1195 Trademark Drive, Suite 201",190095,PO-US-08892,1,90-06700A,"(90-06700A) MSA Controller, Boxed - Combine 10-06687A",1,See Special Instructions,,814-4623@RevNEW1,ASN_20260801.csv,2026-07-31 18:00:15,2026-07-31 18:00:25,2026-07-31 18:00:25
P:90-06700AR:03S:QTL263100955,2026-07-30 17:00:00,53189,"Attn: Lunar Energy 1195 Trademark Drive, Suite 201",190095,PO-US-08892,1,90-06700A,"(90-06700A) MSA Controller, Boxed - Combine 10-06687A",1,See Special Instructions,,814-4623@RevNEW1,ASN_20260801.csv,2026-07-31 18:00:15,2026-07-31 18:00:25,2026-07-31 18:00:25
P:90-06700AR:03S:QTL263100956,2026-07-30 17:00:00,53189,"Attn: Lunar Energy 1195 Trademark Drive, Suite 201",190095,PO-US-08892,1,90-06700A,"(90-06700A) MSA Controller, Boxed - Combine 10-06687A",1,See Special Instructions,,814-4623@RevNEW1,ASN_20260801.csv,2026-07-31 18:00:15,2026-07-31 18:00:25,2026-07-31 18:00:25
P:90-06700AR:03S:QTL263100957,2026-07-30 17:00:00,53189,"Attn: Lunar Energy 1195 Trademark Drive, Suite 201",190095,PO-US-08892,1,90-06700A,"(90-06700A) MSA Controller, Boxed - Combine 10-06687A",1,See Special Instructions,,814-4623@RevNEW1,ASN_20260801.csv,2026-07-31 18:00:15,2026-07-31 18:00:25,2026-07-31 18:00:25
P:90-06700AR:03S:QTL263100958,2026-07-30 17:00:00,53189,"Attn: Lunar Energy 1195 Trademark Drive, Suite 201",190095,PO-US-08892,1,90-06700A,"(90-06700A) MSA Controller, Boxed - Combine 10-06687A",1,See Special Instructions,,814-4623@RevNEW1,ASN_20260801.csv,2026-07-31 18:00:15,2026-07-31 18:00:25,2026-07-31 18:00:25
P:90-06700AR:03S:QTL263100959,2026-07-30 17:00:00,53189,"Attn: Lunar Energy 1195 Trademark Drive, Suite 201",190095,PO-US-08892,1,90-06700A,"(90-06700A) MSA Controller, Boxed - Combine 10-06687A",1,See Special Instructions,,814-4623@RevNEW1,ASN_20260801.csv,2026-07-31 18:00:15,2026-07-31 18:00:25,2026-07-31 18:00:25
P:90-06700AR:03S:QTL263100960,2026-07-30 17:00:00,53189,"Attn: Lunar Energy 1195 Trademark Drive, Suite 201",190095,PO-US-08892,1,90-06700A,"(90-06700A) MSA Controller, Boxed - Combine 10-06687A",1,See Special Instructions,,814-4623@RevNEW1,ASN_20260801.csv,2026-07-31 18:00:15,2026-07-31 18:00:25,2026-07-31 18:00:25
P:90-06700AR:03S:QTL263100961,2026-07-30 17:00:00,53189,"Attn: Lunar Energy 1195 Trademark Drive, Suite 201",190095,PO-US-08892,1,90-06700A,"(90-06700A) MSA Controller, Boxed - Combine 10-06687A",1,See Special Instructions,,814-4623@RevNEW1,ASN_20260801.csv,2026-07-31 18:00:15,2026-07-31 18:00:25,2026-07-31 18:00:25
P:90-06700AR:03S:QTL263100962,2026-07-30 17:00:00,53189,"Attn: Lunar Energy 1195 Trademark Drive, Suite 201",190095,PO-US-08892,1,90-06700A,"(90-06700A) MSA Controller, Boxed - Combine 10-06687A",1,See Special Instructions,,814-4623@RevNEW1,ASN_20260801.csv,2026-07-31 18:00:15,2026-07-31 18:00:25,2026-07-31 18:00:25
P:90-06700AR:03S:QTL263100963,2026-07-30 17:00:00,53189,"Attn: Lunar Energy 1195 Trademark Drive, Suite 201",190095,PO-US-08892,1,90-06700A,"(90-06700A) MSA Controller, Boxed - Combine 10-06687A",1,See Special Instructions,,814-4623@RevNEW1,ASN_20260801.csv,2026-07-31 18:00:15,2026-07-31 18:00:25,2026-07-31 18:00:25
P:90-06700AR:03S:QTL263100964,2026-07-30 17:00:00,53189,"Attn: Lunar Energy 1195 Trademark Drive, Suite 201",190095,PO-US-08892,1,90-06700A,"(90-06700A) MSA Controller, Boxed - Combine 10-06687A",1,See Special Instructions,,814-4623@RevNEW1,ASN_20260801.csv,2026-07-31 18:00:15,2026-07-31 18:00:25,2026-07-31 18:00:25
P:90-06700AR:03S:QTL263100965,2026-07-30 17:00:00,53189,"Attn: Lunar Energy 1195 Trademark Drive, Suite 201",190095,PO-US-08892,1,90-06700A,"(90-06700A) MSA Controller, Boxed - Combine 10-06687A",1,See Special Instructions,,814-4623@RevNEW1,ASN_20260801.csv,2026-07-31 18:00:15,2026-07-31 18:00:25,2026-07-31 18:00:25
P:90-06700AR:03S:QTL263100966,2026-07-30 17:00:00,53189,"Attn: Lunar Energy 1195 Trademark Drive, Suite 201",190095,PO-US-08892,1,90-06700A,"(90-06700A) MSA Controller, Boxed - Combine 10-06687A",1,See Special Instructions,,814-4623@RevNEW1,ASN_20260801.csv,2026-07-31 18:00:15,2026-07-31 18:00:25,2026-07-31 18:00:25
P:90-06700AR:03S:QTL263100967,2026-07-30 17:00:00,53189,"Attn: Lunar Energy 1195 Trademark Drive, Suite 201",190095,PO-US-08892,1,90-06700A,"(90-06700A) MSA Controller, Boxed - Combine 10-06687A",1,See Special Instructions,,814-4623@RevNEW1,ASN_20260801.csv,2026-07-31 18:00:15,2026-07-31 18:00:25,2026-07-31 18:00:25
P:90-06700AR:03S:QTL263100968,2026-07-30 17:00:00,53189,"Attn: Lunar Energy 1195 Trademark Drive, Suite 201",190095,PO-US-08892,1,90-06700A,"(90-06700A) MSA Controller, Boxed - Combine 10-06687A",1,See Special Instructions,,814-4623@RevNEW1,ASN_20260801.csv,2026-07-31 18:00:15,2026-07-31 18:00:25,2026-07-31 18:00:25
P:90-06700AR:03S:QTL263100969,2026-07-30 17:00:00,53189,"Attn: Lunar Energy 1195 Trademark Drive, Suite 201",190095,PO-US-08892,1,90-06700A,"(90-06700A) MSA Controller, Boxed - Combine 10-06687A",1,See Special Instructions,,814-4623@RevNEW1,ASN_20260801.csv,2026-07-31 18:00:15,2026-07-31 18:00:25,2026-07-31 18:00:25
P:90-06700AR:03S:QTL263100970,2026-07-30 17:00:00,53189,"Attn: Lunar Energy 1195 Trademark Drive, Suite 201",190095,PO-US-08892,1,90-06700A,"(90-06700A) MSA Controller, Boxed - Combine 10-06687A",1,See Special Instructions,,814-4623@RevNEW1,ASN_20260801.csv,2026-07-31 18:00:15,2026-07-31 18:00:25,2026-07-31 18:00:25
P:90-06700AR:03S:QTL263100971,2026-07-30 17:00:00,53189,"Attn: Lunar Energy 1195 Trademark Drive, Suite 201",190095,PO-US-08892,1,90-06700A,"(90-06700A) MSA Controller, Boxed - Combine 10-06687A",1,See Special Instructions,,814-4623@RevNEW1,ASN_20260801.csv,2026-07-31 18:00:15,2026-07-31 18:00:25,2026-07-31 18:00:25
P:90-06700AR:03S:QTL263100972,2026-07-30 17:00:00,53189,"Attn: Lunar Energy 1195 Trademark Drive, Suite 201",190095,PO-US-08892,1,90-06700A,"(90-06700A) MSA Controller, Boxed - Combine 10-06687A",1,See Special Instructions,,814-4623@RevNEW1,ASN_20260801.csv,2026-07-31 18:00:15,2026-07-31 18:00:25,2026-07-31 18:00:25
P:90-06700AR:03S:QTL263100973,2026-07-30 17:00:00,53189,"Attn: Lunar Energy 1195 Trademark Drive, Suite 201",190095,PO-US-08892,1,90-06700A,"(90-06700A) MSA Controller, Boxed - Combine 10-06687A",1,See Special Instructions,,814-4623@RevNEW1,ASN_20260801.csv,2026-07-31 18:00:15,2026-07-31 18:00:25,2026-07-31 18:00:25
P:90-06700AR:03S:QTL263100974,2026-07-30 17:00:00,53189,"Attn: Lunar Energy 1195 Trademark Drive, Suite 201",190095,PO-US-08892,1,90-06700A,"(90-06700A) MSA Controller, Boxed - Combine 10-06687A",1,See Special Instructions,,814-4623@RevNEW1,ASN_20260801.csv,2026-07-31 18:00:15,2026-07-31 18:00:25,2026-07-31 18:00:25
P:90-06700AR:03S:QTL263100975,2026-07-30 17:00:00,53189,"Attn: Lunar Energy 1195 Trademark Drive, Suite 201",190095,PO-US-08892,1,90-06700A,"(90-06700A) MSA Controller, Boxed - Combine 10-06687A",1,See Special Instructions,,814-4623@RevNEW1,ASN_20260801.csv,2026-07-31 18:00:15,2026-07-31 18:00:25,2026-07-31 18:00:25
P:90-06700AR:03S:QTL263101860,2026-07-30 17:00:00,53189,"Attn: Lunar Energy 1195 Trademark Drive, Suite 201",190095,PO-US-08892,1,90-06700A,"(90-06700A) MSA Controller, Boxed - Combine 10-06687A",1,See Special Instructions,,814-4623@RevNEW1,ASN_20260801.csv,2026-07-31 18:00:15,2026-07-31 18:00:25,2026-07-31 18:00:25
P:90-06700AR:03S:QTL263101861,2026-07-30 17:00:00,53189,"Attn: Lunar Energy 1195 Trademark Drive, Suite 201",190095,PO-US-08892,1,90-06700A,"(90-06700A) MSA Controller, Boxed - Combine 10-06687A",1,See Special Instructions,,814-4623@RevNEW1,ASN_20260801.csv,2026-07-31 18:00:15,2026-07-31 18:00:25,2026-07-31 18:00:25
P:90-06700AR:03S:QTL263101862,2026-07-30 17:00:00,53189,"Attn: Lunar Energy 1195 Trademark Drive, Suite 201",190095,PO-US-08892,1,90-06700A,"(90-06700A) MSA Controller, Boxed - Combine 10-06687A",1,See Special Instructions,,814-4623@RevNEW1,ASN_20260801.csv,2026-07-31 18:00:15,2026-07-31 18:00:25,2026-07-31 18:00:25
P:90-06700AR:03S:QTL263101863,2026-07-30 17:00:00,53189,"Attn: Lunar Energy 1195 Trademark Drive, Suite 201",190095,PO-US-08892,1,90-06700A,"(90-06700A) MSA Controller, Boxed - Combine 10-06687A",1,See Special Instructions,,814-4623@RevNEW1,ASN_20260801.csv,2026-07-31 18:00:15,2026-07-31 18:00:25,2026-07-31 18:00:25
P:90-06700AR:03S:QTL263101864,2026-07-30 17:00:00,53189,"Attn: Lunar Energy 1195 Trademark Drive, Suite 201",190095,PO-US-08892,1,90-06700A,"(90-06700A) MSA Controller, Boxed - Combine 10-06687A",1,See Special Instructions,,814-4623@RevNEW1,ASN_20260801.csv,2026-07-31 18:00:15,2026-07-31 18:00:25,2026-07-31 18:00:25
P:90-06700AR:03S:QTL263101865,2026-07-30 17:00:00,53189,"Attn: Lunar Energy 1195 Trademark Drive, Suite 201",190095,PO-US-08892,1,90-06700A,"(90-06700A) MSA Controller, Boxed - Combine 10-06687A",1,See Special Instructions,,814-4623@RevNEW1,ASN_20260801.csv,2026-07-31 18:00:15,2026-07-31 18:00:25,2026-07-31 18:00:25
P:90-06700AR:03S:QTL263101866,2026-07-30 17:00:00,53189,"Attn: Lunar Energy 1195 Trademark Drive, Suite 201",190095,PO-US-08892,1,90-06700A,"(90-06700A) MSA Controller, Boxed - Combine 10-06687A",1,See Special Instructions,,814-4623@RevNEW1,ASN_20260801.csv,2026-07-31 18:00:15,2026-07-31 18:00:25,2026-07-31 18:00:25
P:90-06700AR:03S:QTL263101867,2026-07-30 17:00:00,53189,"Attn: Lunar Energy 1195 Trademark Drive, Suite 201",190095,PO-US-08892,1,90-06700A,"(90-06700A) MSA Controller, Boxed - Combine 10-06687A",1,See Special Instructions,,814-4623@RevNEW1,ASN_20260801.csv,2026-07-31 18:00:15,2026-07-31 18:00:25,2026-07-31 18:00:25
P:90-06700AR:03S:QTL263101868,2026-07-30 17:00:00,53189,"Attn: Lunar Energy 1195 Trademark Drive, Suite 201",190095,PO-US-08892,1,90-06700A,"(90-06700A) MSA Controller, Boxed - Combine 10-06687A",1,See Special Instructions,,814-4623@RevNEW1,ASN_20260801.csv,2026-07-31 18:00:15,2026-07-31 18:00:25,2026-07-31 18:00:25
P:90-06700AR:03S:QTL263101869,2026-07-30 17:00:00,53189,"Attn: Lunar Energy 1195 Trademark Drive, Suite 201",190095,PO-US-08892,1,90-06700A,"(90-06700A) MSA Controller, Boxed - Combine 10-06687A",1,See Special Instructions,,814-4623@RevNEW1,ASN_20260801.csv,2026-07-31 18:00:15,2026-07-31 18:00:25,2026-07-31 18:00:25
P:90-06700AR:03S:QTL263101870,2026-07-30 17:00:00,53189,"Attn: Lunar Energy 1195 Trademark Drive, Suite 201",190095,PO-US-08892,1,90-06700A,"(90-06700A) MSA Controller, Boxed - Combine 10-06687A",1,See Special Instructions,,814-4623@RevNEW1,ASN_20260801.csv,2026-07-31 18:00:15,2026-07-31 18:00:25,2026-07-31 18:00:25
P:90-06700AR:03S:QTL263101881,2026-07-30 17:00:00,53189,"Attn: Lunar Energy 1195 Trademark Drive, Suite 201",190095,PO-US-08892,1,90-06700A,"(90-06700A) MSA Controller, Boxed - Combine 10-06687A",1,See Special Instructions,,814-4623@RevNEW1,ASN_20260801.csv,2026-07-31 18:00:15,2026-07-31 18:00:25,2026-07-31 18:00:25
P:90-07675AR:01S:QTL262800694,2026-07-21 17:00:00,53210,"1195 Trademark Drive, Suite 201",189853,PO-US-08927,2,90-07675A,(90-07675A) LFP Battery Block with Wall Bracket,1,See Special Instructions,,814-4641@RevNEW4,ASN_20260723.csv,2026-07-22 18:00:15,2026-07-22 18:00:27,2026-07-22 18:00:26
P:90-07675AR:01S:QTL262800695,2026-07-21 17:00:00,53210,"1195 Trademark Drive, Suite 201",189853,PO-US-08927,2,90-07675A,(90-07675A) LFP Battery Block with Wall Bracket,1,See Special Instructions,,814-4641@RevNEW4,ASN_20260723.csv,2026-07-22 18:00:15,2026-07-22 18:00:27,2026-07-22 18:00:26
P:90-07675AR:01S:QTL262800696,2026-07-21 17:00:00,53210,"1195 Trademark Drive, Suite 201",189853,PO-US-08927,2,90-07675A,(90-07675A) LFP Battery Block with Wall Bracket,1,See Special Instructions,,814-4641@RevNEW4,ASN_20260724.csv,2026-07-23 18:00:06,2026-07-23 18:00:16,2026-07-23 18:00:16
P:90-07675AR:01S:QTL262800697,2026-07-21 17:00:00,53210,"1195 Trademark Drive, Suite 201",189853,PO-US-08927,2,90-07675A,(90-07675A) LFP Battery Block with Wall Bracket,1,See Special Instructions,,814-4641@RevNEW4,ASN_20260723.csv,2026-07-22 18:00:15,2026-07-22 18:00:27,2026-07-22 18:00:26
P:90-07675AR:01S:QTL262800698,2026-07-21 17:00:00,53210,"1195 Trademark Drive, Suite 201",189853,PO-US-08927,2,90-07675A,(90-07675A) LFP Battery Block with Wall Bracket,1,See Special Instructions,,814-4641@RevNEW4,ASN_20260724.csv,2026-07-23 18:00:06,2026-07-23 18:00:16,2026-07-23 18:00:16
P:90-07675AR:01S:QTL262800699,2026-07-21 17:00:00,53210,"1195 Trademark Drive, Suite 201",189853,PO-US-08927,2,90-07675A,(90-07675A) LFP Battery Block with Wall Bracket,1,See Special Instructions,,814-4641@RevNEW4,ASN_20260723.csv,2026-07-22 18:00:15,2026-07-22 18:00:27,2026-07-22 18:00:26
P:90-07675AR:01S:QTL262800700,2026-07-21 17:00:00,53210,"1195 Trademark Drive, Suite 201",189853,PO-US-08927,2,90-07675A,(90-07675A) LFP Battery Block with Wall Bracket,1,See Special Instructions,,814-4641@RevNEW4,ASN_20260724.csv,2026-07-23 18:00:06,2026-07-23 18:00:16,2026-07-23 18:00:16
P:90-07675AR:01S:QTL262800701,2026-07-21 17:00:00,53210,"1195 Trademark Drive, Suite 201",189853,PO-US-08927,2,90-07675A,(90-07675A) LFP Battery Block with Wall Bracket,1,See Special Instructions,,814-4641@RevNEW4,ASN_20260724.csv,2026-07-23 18:00:06,2026-07-23 18:00:16,2026-07-23 18:00:16
P:90-07675AR:01S:QTL262800702,2026-07-21 17:00:00,53210,"1195 Trademark Drive, Suite 201",189853,PO-US-08927,2,90-07675A,(90-07675A) LFP Battery Block with Wall Bracket,1,See Special Instructions,,814-4641@RevNEW4,ASN_20260723.csv,2026-07-22 18:00:15,2026-07-22 18:00:27,2026-07-22 18:00:26
P:90-07675AR:01S:QTL262800703,2026-07-21 17:00:00,53210,"1195 Trademark Drive, Suite 201",189853,PO-US-08927,2,90-07675A,(90-07675A) LFP Battery Block with Wall Bracket,1,See Special Instructions,,814-4641@RevNEW4,ASN_20260723.csv,2026-07-22 18:00:15,2026-07-22 18:00:27,2026-07-22 18:00:26
P:90-07675AR:01S:QTL262800704,2026-07-21 17:00:00,53210,"1195 Trademark Drive, Suite 201",189853,PO-US-08927,2,90-07675A,(90-07675A) LFP Battery Block with Wall Bracket,1,See Special Instructions,,814-4641@RevNEW4,ASN_20260724.csv,2026-07-23 18:00:06,2026-07-23 18:00:16,2026-07-23 18:00:16
P:90-07675AR:01S:QTL262800705,2026-07-21 17:00:00,53210,"1195 Trademark Drive, Suite 201",189853,PO-US-08927,2,90-07675A,(90-07675A) LFP Battery Block with Wall Bracket,1,See Special Instructions,,814-4641@RevNEW4,ASN_20260723.csv,2026-07-22 18:00:15,2026-07-22 18:00:27,2026-07-22 18:00:26
P:90-07675AR:01S:QTL262800706,2026-07-21 17:00:00,53210,"1195 Trademark Drive, Suite 201",189853,PO-US-08927,2,90-07675A,(90-07675A) LFP Battery Block with Wall Bracket,1,See Special Instructions,,814-4641@RevNEW4,ASN_20260723.csv,2026-07-22 18:00:15,2026-07-22 18:00:27,2026-07-22 18:00:26
P:90-07675AR:01S:QTL262800707,2026-07-21 17:00:00,53210,"1195 Trademark Drive, Suite 201",189853,PO-US-08927,2,90-07675A,(90-07675A) LFP Battery Block with Wall Bracket,1,See Special Instructions,,814-4641@RevNEW4,ASN_20260723.csv,2026-07-22 18:00:15,2026-07-22 18:00:27,2026-07-22 18:00:26
P:90-07675AR:01S:QTL262800708,2026-07-21 17:00:00,53210,"1195 Trademark Drive, Suite 201",189853,PO-US-08927,2,90-07675A,(90-07675A) LFP Battery Block with Wall Bracket,1,See Special Instructions,,814-4641@RevNEW4,ASN_20260724.csv,2026-07-23 18:00:06,2026-07-23 18:00:16,2026-07-23 18:00:16
P:90-07675AR:01S:QTL262800709,2026-07-21 17:00:00,53210,"1195 Trademark Drive, Suite 201",189853,PO-US-08927,2,90-07675A,(90-07675A) LFP Battery Block with Wall Bracket,1,See Special Instructions,,814-4641@RevNEW4,ASN_20260723.csv,2026-07-22 18:00:15,2026-07-22 18:00:27,2026-07-22 18:00:26
P:90-07675AR:01S:QTL262800723,2026-07-21 17:00:00,53210,"1195 Trademark Drive, Suite 201",189853,PO-US-08927,2,90-07675A,(90-07675A) LFP Battery Block with Wall Bracket,1,See Special Instructions,,814-4641@RevNEW4,ASN_20260724.csv,2026-07-23 18:00:06,2026-07-23 18:00:16,2026-07-23 18:00:16
P:90-07675AR:01S:QTL262800725,2026-07-21 17:00:00,53210,"1195 Trademark Drive, Suite 201",189853,PO-US-08927,2,90-07675A,(90-07675A) LFP Battery Block with Wall Bracket,1,See Special Instructions,,814-4641@RevNEW4,ASN_20260723.csv,2026-07-22 18:00:15,2026-07-22 18:00:27,2026-07-22 18:00:26
P:90-07675AR:01S:QTL262800732,2026-07-21 17:00:00,53210,"1195 Trademark Drive, Suite 201",189853,PO-US-08927,2,90-07675A,(90-07675A) LFP Battery Block with Wall Bracket,1,See Special Instructions,,814-4641@RevNEW4,ASN_20260724.csv,2026-07-23 18:00:06,2026-07-23 18:00:16,2026-07-23 18:00:16
P:90-07675AR:01S:QTL262800735,2026-07-21 17:00:00,53210,"1195 Trademark Drive, Suite 201",189853,PO-US-08927,2,90-07675A,(90-07675A) LFP Battery Block with Wall Bracket,1,See Special Instructions,,814-4641@RevNEW4,ASN_20260723.csv,2026-07-22 18:00:15,2026-07-22 18:00:27,2026-07-22 18:00:26
P:90-07675AR:01S:QTL262800736,2026-07-21 17:00:00,53210,"1195 Trademark Drive, Suite 201",189853,PO-US-08927,2,90-07675A,(90-07675A) LFP Battery Block with Wall Bracket,1,See Special Instructions,,814-4641@RevNEW4,ASN_20260724.csv,2026-07-23 18:00:06,2026-07-23 18:00:16,2026-07-23 18:00:16
P:90-07675AR:01S:QTL262800737,2026-07-21 17:00:00,53210,"1195 Trademark Drive, Suite 201",189853,PO-US-08927,2,90-07675A,(90-07675A) LFP Battery Block with Wall Bracket,1,See Special Instructions,,814-4641@RevNEW4,ASN_20260724.csv,2026-07-23 18:00:06,2026-07-23 18:00:16,2026-07-23 18:00:16
P:90-07675AR:01S:QTL262800751,2026-07-21 17:00:00,53210,"1195 Trademark Drive, Suite 201",189853,PO-US-08927,2,90-07675A,(90-07675A) LFP Battery Block with Wall Bracket,1,See Special Instructions,,814-4641@RevNEW4,ASN_20260724.csv,2026-07-23 18:00:06,2026-07-23 18:00:16,2026-07-23 18:00:16
P:90-07675AR:01S:QTL262800753,2026-07-21 17:00:00,53210,"1195 Trademark Drive, Suite 201",189853,PO-US-08927,2,90-07675A,(90-07675A) LFP Battery Block with Wall Bracket,1,See Special Instructions,,814-4641@RevNEW4,ASN_20260724.csv,2026-07-23 18:00:06,2026-07-23 18:00:16,2026-07-23 18:00:16
P:90-07675AR:01S:QTL262801197,2026-07-21 17:00:00,53210,"1195 Trademark Drive, Suite 201",189853,PO-US-08927,2,90-07675A,(90-07675A) LFP Battery Block with Wall Bracket,1,See Special Instructions,,814-4641@RevNEW4,ASN_20260723.csv,2026-07-22 18:00:15,2026-07-22 18:00:27,2026-07-22 18:00:26
P:90-07675AR:01S:QTL262801211,2026-07-21 17:00:00,53210,"1195 Trademark Drive, Suite 201",189853,PO-US-08927,2,90-07675A,(90-07675A) LFP Battery Block with Wall Bracket,1,See Special Instructions,,814-4641@RevNEW4,ASN_20260724.csv,2026-07-23 18:00:06,2026-07-23 18:00:16,2026-07-23 18:00:16
P:90-07675AR:01S:QTL262801212,2026-07-21 17:00:00,53210,"1195 Trademark Drive, Suite 201",189853,PO-US-08927,2,90-07675A,(90-07675A) LFP Battery Block with Wall Bracket,1,See Special Instructions,,814-4641@RevNEW4,ASN_20260723.csv,2026-07-22 18:00:15,2026-07-22 18:00:27,2026-07-22 18:00:26
P:90-07675AR:01S:QTL262801240,2026-07-21 17:00:00,53210,"1195 Trademark Drive, Suite 201",189853,PO-US-08927,2,90-07675A,(90-07675A) LFP Battery Block with Wall Bracket,1,See Special Instructions,,814-4641@RevNEW4,ASN_20260724.csv,2026-07-23 18:00:06,2026-07-23 18:00:16,2026-07-23 18:00:16
P:90-07675AR:01S:QTL262801241,2026-07-21 17:00:00,53210,"1195 Trademark Drive, Suite 201",189853,PO-US-08927,2,90-07675A,(90-07675A) LFP Battery Block with Wall Bracket,1,See Special Instructions,,814-4641@RevNEW4,ASN_20260723.csv,2026-07-22 18:00:15,2026-07-22 18:00:27,2026-07-22 18:00:26
P:90-07675AR:01S:QTL262801242,2026-07-21 17:00:00,53210,"1195 Trademark Drive, Suite 201",189853,PO-US-08927,2,90-07675A,(90-07675A) LFP Battery Block with Wall Bracket,1,See Special Instructions,,814-4641@RevNEW4,ASN_20260724.csv,2026-07-23 18:00:06,2026-07-23 18:00:16,2026-07-23 18:00:16
P:90-07675AR:01S:QTL262801308,2026-07-21 17:00:00,53210,"1195 Trademark Drive, Suite 201",189853,PO-US-08927,2,90-07675A,(90-07675A) LFP Battery Block with Wall Bracket,1,See Special Instructions,,814-4641@RevNEW4,ASN_20260724.csv,2026-07-23 18:00:06,2026-07-23 18:00:16,2026-07-23 18:00:16
P:90-07675AR:01S:QTL262900072,2026-07-21 17:00:00,53210,"1195 Trademark Drive, Suite 201",189853,PO-US-08927,2,90-07675A,(90-07675A) LFP Battery Block with Wall Bracket,1,See Special Instructions,,814-4641@RevNEW4,ASN_20260724.csv,2026-07-23 18:00:06,2026-07-23 18:00:16,2026-07-23 18:00:16
p:90-07675ar:01s:qtl262900073,2026-07-21 17:00:00,53210,"1195 Trademark Drive, Suite 201",189853,PO-US-08927,2,90-07675A,(90-07675A) LFP Battery Block with Wall Bracket,1,See Special Instructions,,814-4641@RevNEW4,ASN_20260723.csv,2026-07-22 18:00:15,2026-07-22 18:00:27,2026-07-22 18:00:26
P:90-07675AR:01S:QTL262900074,2026-07-21 17:00:00,53210,"1195 Trademark Drive, Suite 201",189853,PO-US-08927,2,90-07675A,(90-07675A) LFP Battery Block with Wall Bracket,1,See Special Instructions,,814-4641@RevNEW4,ASN_20260723.csv,2026-07-22 18:00:15,2026-07-22 18:00:27,2026-07-22 18:00:26
P:90-07675AR:01S:QTL262900075,2026-07-21 17:00:00,53210,"1195 Trademark Drive, Suite 201",189853,PO-US-08927,2,90-07675A,(90-07675A) LFP Battery Block with Wall Bracket,1,See Special Instructions,,814-4641@RevNEW4,ASN_20260723.csv,2026-07-22 18:00:15,2026-07-22 18:00:27,2026-07-22 18:00:26
P:90-07675AR:01S:QTL262900076,2026-07-21 17:00:00,53210,"1195 Trademark Drive, Suite 201",189853,PO-US-08927,2,90-07675A,(90-07675A) LFP Battery Block with Wall Bracket,1,See Special Instructions,,814-4641@RevNEW4,ASN_20260724.csv,2026-07-23 18:00:06,2026-07-23 18:00:16,2026-07-23 18:00:16
p:90-07675ar:01s:qtl262900077,2026-07-21 17:00:00,53210,"1195 Trademark Drive, Suite 201",189853,PO-US-08927,2,90-07675A,(90-07675A) LFP Battery Block with Wall Bracket,1,See Special Instructions,,814-4641@RevNEW4,ASN_20260723.csv,2026-07-22 18:00:15,2026-07-22 18:00:27,2026-07-22 18:00:26
p:90-07675ar:01s:qtl262900078,2026-07-21 17:00:00,53210,"1195 Trademark Drive, Suite 201",189853,PO-US-08927,2,90-07675A,(90-07675A) LFP Battery Block with Wall Bracket,1,See Special Instructions,,814-4641@RevNEW4,ASN_20260723.csv,2026-07-22 18:00:15,2026-07-22 18:00:27,2026-07-22 18:00:26
P:90-07675AR:01S:QTL262900079,2026-07-21 17:00:00,53210,"1195 Trademark Drive, Suite 201",189853,PO-US-08927,2,90-07675A,(90-07675A) LFP Battery Block with Wall Bracket,1,See Special Instructions,,814-4641@RevNEW4,ASN_20260724.csv,2026-07-23 18:00:06,2026-07-23 18:00:16,2026-07-23 18:00:16
P:90-07675AR:01S:QTL262900080,2026-07-21 17:00:00,53210,"1195 Trademark Drive, Suite 201",189853,PO-US-08927,2,90-07675A,(90-07675A) LFP Battery Block with Wall Bracket,1,See Special Instructions,,814-4641@RevNEW4,ASN_20260724.csv,2026-07-23 18:00:06,2026-07-23 18:00:16,2026-07-23 18:00:16
P:90-07675AR:01S:QTL262900081,2026-07-21 17:00:00,53210,"1195 Trademark Drive, Suite 201",189853,PO-US-08927,2,90-07675A,(90-07675A) LFP Battery Block with Wall Bracket,1,See Special Instructions,,814-4641@RevNEW4,ASN_20260724.csv,2026-07-23 18:00:06,2026-07-23 18:00:16,2026-07-23 18:00:16
P:90-07675AR:01S:QTL262900082,2026-07-21 17:00:00,53210,"1195 Trademark Drive, Suite 201",189853,PO-US-08927,2,90-07675A,(90-07675A) LFP Battery Block with Wall Bracket,1,See Special Instructions,,814-4641@RevNEW4,ASN_20260724.csv,2026-07-23 18:00:06,2026-07-23 18:00:16,2026-07-23 18:00:16
P:90-07675AR:01S:QTL262900083,2026-07-28 17:00:00,53210,"1195 Trademark Drive, Suite 201",190026,PO-US-08927,2,90-07675A,(90-07675A) LFP Battery Block with Wall Bracket,1,See Special Instructions,,814-4641@RevNEW4,ASN_20260730.csv,2026-07-29 18:00:21,2026-07-29 18:00:32,2026-07-29 18:00:32
P:90-07675AR:01S:QTL262900084,2026-07-21 17:00:00,53210,"1195 Trademark Drive, Suite 201",189853,PO-US-08927,2,90-07675A,(90-07675A) LFP Battery Block with Wall Bracket,1,See Special Instructions,,814-4641@RevNEW4,ASN_20260724.csv,2026-07-23 18:00:06,2026-07-23 18:00:16,2026-07-23 18:00:16
P:90-07675AR:01S:QTL262900085,2026-07-21 17:00:00,53210,"1195 Trademark Drive, Suite 201",189853,PO-US-08927,2,90-07675A,(90-07675A) LFP Battery Block with Wall Bracket,1,See Special Instructions,,814-4641@RevNEW4,ASN_20260723.csv,2026-07-22 18:00:15,2026-07-22 18:00:27,2026-07-22 18:00:26
P:90-07675AR:01S:QTL262900086,2026-07-21 17:00:00,53210,"1195 Trademark Drive, Suite 201",189853,PO-US-08927,2,90-07675A,(90-07675A) LFP Battery Block with Wall Bracket,1,See Special Instructions,,814-4641@RevNEW4,ASN_20260723.csv,2026-07-22 18:00:15,2026-07-22 18:00:27,2026-07-22 18:00:26
P:90-07675AR:01S:QTL262900087,2026-07-21 17:00:00,53210,"1195 Trademark Drive, Suite 201",189853,PO-US-08927,2,90-07675A,(90-07675A) LFP Battery Block with Wall Bracket,1,See Special Instructions,,814-4641@RevNEW4,ASN_20260723.csv,2026-07-22 18:00:15,2026-07-22 18:00:27,2026-07-22 18:00:26
P:90-07675AR:01S:QTL262900088,2026-07-21 17:00:00,53210,"1195 Trademark Drive, Suite 201",189853,PO-US-08927,2,90-07675A,(90-07675A) LFP Battery Block with Wall Bracket,1,See Special Instructions,,814-4641@RevNEW4,ASN_20260724.csv,2026-07-23 18:00:06,2026-07-23 18:00:16,2026-07-23 18:00:16
P:90-07675AR:01S:QTL262900099,2026-07-21 17:00:00,53210,"1195 Trademark Drive, Suite 201",189853,PO-US-08927,2,90-07675A,(90-07675A) LFP Battery Block with Wall Bracket,1,See Special Instructions,,814-4641@RevNEW4,ASN_20260723.csv,2026-07-22 18:00:15,2026-07-22 18:00:27,2026-07-22 18:00:26
P:90-07675AR:01S:QTL262900100,2026-07-21 17:00:00,53210,"1195 Trademark Drive, Suite 201",189853,PO-US-08927,2,90-07675A,(90-07675A) LFP Battery Block with Wall Bracket,1,See Special Instructions,,814-4641@RevNEW4,ASN_20260723.csv,2026-07-22 18:00:15,2026-07-22 18:00:27,2026-07-22 18:00:26
P:90-07675AR:01S:QTL262900101,2026-07-21 17:00:00,53210,"1195 Trademark Drive, Suite 201",189853,PO-US-08927,2,90-07675A,(90-07675A) LFP Battery Block with Wall Bracket,1,See Special Instructions,,814-4641@RevNEW4,ASN_20260723.csv,2026-07-22 18:00:15,2026-07-22 18:00:27,2026-07-22 18:00:26
P:90-07675AR:01S:QTL262900103,2026-07-21 17:00:00,53210,"1195 Trademark Drive, Suite 201",189853,PO-US-08927,2,90-07675A,(90-07675A) LFP Battery Block with Wall Bracket,1,See Special Instructions,,814-4641@RevNEW4,ASN_20260724.csv,2026-07-23 18:00:06,2026-07-23 18:00:16,2026-07-23 18:00:16
P:90-07675AR:01S:QTL262900104,2026-07-21 17:00:00,53210,"1195 Trademark Drive, Suite 201",189853,PO-US-08927,2,90-07675A,(90-07675A) LFP Battery Block with Wall Bracket,1,See Special Instructions,,814-4641@RevNEW4,ASN_20260723.csv,2026-07-22 18:00:15,2026-07-22 18:00:27,2026-07-22 18:00:26
p:90-07675ar:01s:qtl262900105,2026-07-21 17:00:00,53210,"1195 Trademark Drive, Suite 201",189853,PO-US-08927,2,90-07675A,(90-07675A) LFP Battery Block with Wall Bracket,1,See Special Instructions,,814-4641@RevNEW4,ASN_20260723.csv,2026-07-22 18:00:15,2026-07-22 18:00:27,2026-07-22 18:00:26
P:90-07675AR:01S:QTL262900106,2026-07-21 17:00:00,53210,"1195 Trademark Drive, Suite 201",189853,PO-US-08927,2,90-07675A,(90-07675A) LFP Battery Block with Wall Bracket,1,See Special Instructions,,814-4641@RevNEW4,ASN_20260724.csv,2026-07-23 18:00:06,2026-07-23 18:00:16,2026-07-23 18:00:16
P:90-07675AR:01S:QTL262900912,2026-07-21 17:00:00,53210,"1195 Trademark Drive, Suite 201",189853,PO-US-08927,2,90-07675A,(90-07675A) LFP Battery Block with Wall Bracket,1,See Special Instructions,,814-4641@RevNEW4,ASN_20260724.csv,2026-07-23 18:00:06,2026-07-23 18:00:16,2026-07-23 18:00:16
P:90-07675AR:01S:QTL263000071,2026-07-21 17:00:00,53210,"1195 Trademark Drive, Suite 201",189853,PO-US-08927,2,90-07675A,(90-07675A) LFP Battery Block with Wall Bracket,1,See Special Instructions,,814-4641@RevNEW4,ASN_20260723.csv,2026-07-22 18:00:15,2026-07-22 18:00:27,2026-07-22 18:00:26
P:90-07675AR:01S:QTL263000072,2026-07-21 17:00:00,53210,"1195 Trademark Drive, Suite 201",189853,PO-US-08927,2,90-07675A,(90-07675A) LFP Battery Block with Wall Bracket,1,See Special Instructions,,814-4641@RevNEW4,ASN_20260724.csv,2026-07-23 18:00:06,2026-07-23 18:00:16,2026-07-23 18:00:16
P:90-07675AR:01S:QTL263000073,2026-07-21 17:00:00,53210,"1195 Trademark Drive, Suite 201",189853,PO-US-08927,2,90-07675A,(90-07675A) LFP Battery Block with Wall Bracket,1,See Special Instructions,,814-4641@RevNEW4,ASN_20260723.csv,2026-07-22 18:00:15,2026-07-22 18:00:27,2026-07-22 18:00:26
P:90-07675AR:01S:QTL263000074,2026-07-21 17:00:00,53210,"1195 Trademark Drive, Suite 201",189853,PO-US-08927,2,90-07675A,(90-07675A) LFP Battery Block with Wall Bracket,1,See Special Instructions,,814-4641@RevNEW4,ASN_20260723.csv,2026-07-22 18:00:15,2026-07-22 18:00:27,2026-07-22 18:00:26
P:90-07675AR:01S:QTL263000075,2026-07-21 17:00:00,53210,"1195 Trademark Drive, Suite 201",189853,PO-US-08927,2,90-07675A,(90-07675A) LFP Battery Block with Wall Bracket,1,See Special Instructions,,814-4641@RevNEW4,ASN_20260723.csv,2026-07-22 18:00:15,2026-07-22 18:00:27,2026-07-22 18:00:26
P:90-07675AR:01S:QTL263000076,2026-07-21 17:00:00,53210,"1195 Trademark Drive, Suite 201",189853,PO-US-08927,2,90-07675A,(90-07675A) LFP Battery Block with Wall Bracket,1,See Special Instructions,,814-4641@RevNEW4,ASN_20260724.csv,2026-07-23 18:00:06,2026-07-23 18:00:16,2026-07-23 18:00:16
P:90-07675AR:01S:QTL263000077,2026-07-21 17:00:00,53210,"1195 Trademark Drive, Suite 201",189853,PO-US-08927,2,90-07675A,(90-07675A) LFP Battery Block with Wall Bracket,1,See Special Instructions,,814-4641@RevNEW4,ASN_20260723.csv,2026-07-22 18:00:15,2026-07-22 18:00:27,2026-07-22 18:00:26
P:90-07675AR:01S:QTL263000078,2026-07-21 17:00:00,53210,"1195 Trademark Drive, Suite 201",189853,PO-US-08927,2,90-07675A,(90-07675A) LFP Battery Block with Wall Bracket,1,See Special Instructions,,814-4641@RevNEW4,ASN_20260723.csv,2026-07-22 18:00:15,2026-07-22 18:00:27,2026-07-22 18:00:26
P:90-07675AR:01S:QTL263000079,2026-07-21 17:00:00,53210,"1195 Trademark Drive, Suite 201",189853,PO-US-08927,2,90-07675A,(90-07675A) LFP Battery Block with Wall Bracket,1,See Special Instructions,,814-4641@RevNEW4,ASN_20260723.csv,2026-07-22 18:00:15,2026-07-22 18:00:27,2026-07-22 18:00:26
P:90-07675AR:01S:QTL263000080,2026-07-21 17:00:00,53210,"1195 Trademark Drive, Suite 201",189853,PO-US-08927,2,90-07675A,(90-07675A) LFP Battery Block with Wall Bracket,1,See Special Instructions,,814-4641@RevNEW4,ASN_20260724.csv,2026-07-23 18:00:06,2026-07-23 18:00:16,2026-07-23 18:00:16
P:90-07675AR:01S:QTL263000081,2026-07-21 17:00:00,53210,"1195 Trademark Drive, Suite 201",189853,PO-US-08927,2,90-07675A,(90-07675A) LFP Battery Block with Wall Bracket,1,See Special Instructions,,814-4641@RevNEW4,ASN_20260723.csv,2026-07-22 18:00:15,2026-07-22 18:00:27,2026-07-22 18:00:26
P:90-07675AR:01S:QTL263000082,2026-07-21 17:00:00,53210,"1195 Trademark Drive, Suite 201",189853,PO-US-08927,2,90-07675A,(90-07675A) LFP Battery Block with Wall Bracket,1,See Special Instructions,,814-4641@RevNEW4,ASN_20260723.csv,2026-07-22 18:00:15,2026-07-22 18:00:27,2026-07-22 18:00:26
P:90-07675AR:01S:QTL263000083,2026-07-21 17:00:00,53210,"1195 Trademark Drive, Suite 201",189853,PO-US-08927,2,90-07675A,(90-07675A) LFP Battery Block with Wall Bracket,1,See Special Instructions,,814-4641@RevNEW4,ASN_20260723.csv,2026-07-22 18:00:15,2026-07-22 18:00:27,2026-07-22 18:00:26
P:90-07675AR:01S:QTL263000084,2026-07-21 17:00:00,53210,"1195 Trademark Drive, Suite 201",189853,PO-US-08927,2,90-07675A,(90-07675A) LFP Battery Block with Wall Bracket,1,See Special Instructions,,814-4641@RevNEW4,ASN_20260724.csv,2026-07-23 18:00:06,2026-07-23 18:00:16,2026-07-23 18:00:16
P:90-07675AR:01S:QTL263000085,2026-07-21 17:00:00,53210,"1195 Trademark Drive, Suite 201",189853,PO-US-08927,2,90-07675A,(90-07675A) LFP Battery Block with Wall Bracket,1,See Special Instructions,,814-4641@RevNEW4,ASN_20260724.csv,2026-07-23 18:00:06,2026-07-23 18:00:16,2026-07-23 18:00:16
P:90-07675AR:01S:QTL263000086,2026-07-21 17:00:00,53210,"1195 Trademark Drive, Suite 201",189853,PO-US-08927,2,90-07675A,(90-07675A) LFP Battery Block with Wall Bracket,1,See Special Instructions,,814-4641@RevNEW4,ASN_20260724.csv,2026-07-23 18:00:06,2026-07-23 18:00:16,2026-07-23 18:00:16
P:90-07675AR:01S:QTL263000087,2026-07-21 17:00:00,53210,"1195 Trademark Drive, Suite 201",189853,PO-US-08927,2,90-07675A,(90-07675A) LFP Battery Block with Wall Bracket,1,See Special Instructions,,814-4641@RevNEW4,ASN_20260724.csv,2026-07-23 18:00:06,2026-07-23 18:00:16,2026-07-23 18:00:16
P:90-07675AR:01S:QTL263000088,2026-07-21 17:00:00,53210,"1195 Trademark Drive, Suite 201",189853,PO-US-08927,2,90-07675A,(90-07675A) LFP Battery Block with Wall Bracket,1,See Special Instructions,,814-4641@RevNEW4,ASN_20260724.csv,2026-07-23 18:00:06,2026-07-23 18:00:16,2026-07-23 18:00:16
P:90-07675AR:01S:QTL263000089,2026-07-21 17:00:00,53210,"1195 Trademark Drive, Suite 201",189853,PO-US-08927,2,90-07675A,(90-07675A) LFP Battery Block with Wall Bracket,1,See Special Instructions,,814-4641@RevNEW4,ASN_20260723.csv,2026-07-22 18:00:15,2026-07-22 18:00:27,2026-07-22 18:00:26
P:90-07675AR:01S:QTL263000090,2026-07-21 17:00:00,53210,"1195 Trademark Drive, Suite 201",189853,PO-US-08927,2,90-07675A,(90-07675A) LFP Battery Block with Wall Bracket,1,See Special Instructions,,814-4641@RevNEW4,ASN_20260724.csv,2026-07-23 18:00:06,2026-07-23 18:00:16,2026-07-23 18:00:16
P:90-07675AR:01S:QTL263000091,2026-07-21 17:00:00,53210,"1195 Trademark Drive, Suite 201",189853,PO-US-08927,2,90-07675A,(90-07675A) LFP Battery Block with Wall Bracket,1,See Special Instructions,,814-4641@RevNEW4,ASN_20260723.csv,2026-07-22 18:00:15,2026-07-22 18:00:27,2026-07-22 18:00:26
P:90-07675AR:01S:QTL263000092,2026-07-21 17:00:00,53210,"1195 Trademark Drive, Suite 201",189853,PO-US-08927,2,90-07675A,(90-07675A) LFP Battery Block with Wall Bracket,1,See Special Instructions,,814-4641@RevNEW4,ASN_20260723.csv,2026-07-22 18:00:15,2026-07-22 18:00:27,2026-07-22 18:00:26
P:90-07675AR:01S:QTL263000093,2026-07-21 17:00:00,53210,"1195 Trademark Drive, Suite 201",189853,PO-US-08927,2,90-07675A,(90-07675A) LFP Battery Block with Wall Bracket,1,See Special Instructions,,814-4641@RevNEW4,ASN_20260723.csv,2026-07-22 18:00:15,2026-07-22 18:00:27,2026-07-22 18:00:26
P:90-07675AR:01S:QTL263000094,2026-07-21 17:00:00,53210,"1195 Trademark Drive, Suite 201",189853,PO-US-08927,2,90-07675A,(90-07675A) LFP Battery Block with Wall Bracket,1,See Special Instructions,,814-4641@RevNEW4,ASN_20260724.csv,2026-07-23 18:00:06,2026-07-23 18:00:16,2026-07-23 18:00:16
P:90-07675AR:01S:QTL263000095,2026-07-21 17:00:00,53210,"1195 Trademark Drive, Suite 201",189853,PO-US-08927,2,90-07675A,(90-07675A) LFP Battery Block with Wall Bracket,1,See Special Instructions,,814-4641@RevNEW4,ASN_20260724.csv,2026-07-23 18:00:06,2026-07-23 18:00:16,2026-07-23 18:00:16
P:90-07675AR:01S:QTL263000096,2026-07-21 17:00:00,53210,"1195 Trademark Drive, Suite 201",189853,PO-US-08927,2,90-07675A,(90-07675A) LFP Battery Block with Wall Bracket,1,See Special Instructions,,814-4641@RevNEW4,ASN_20260723.csv,2026-07-22 18:00:15,2026-07-22 18:00:27,2026-07-22 18:00:26
P:90-07675AR:01S:QTL263000097,2026-07-21 17:00:00,53210,"1195 Trademark Drive, Suite 201",189853,PO-US-08927,2,90-07675A,(90-07675A) LFP Battery Block with Wall Bracket,1,See Special Instructions,,814-4641@RevNEW4,ASN_20260723.csv,2026-07-22 18:00:15,2026-07-22 18:00:27,2026-07-22 18:00:26
P:90-07675AR:01S:QTL263000098,2026-07-21 17:00:00,53210,"1195 Trademark Drive, Suite 201",189853,PO-US-08927,2,90-07675A,(90-07675A) LFP Battery Block with Wall Bracket,1,See Special Instructions,,814-4641@RevNEW4,ASN_20260724.csv,2026-07-23 18:00:06,2026-07-23 18:00:16,2026-07-23 18:00:16
P:90-07675AR:01S:QTL263000099,2026-07-21 17:00:00,53210,"1195 Trademark Drive, Suite 201",189853,PO-US-08927,2,90-07675A,(90-07675A) LFP Battery Block with Wall Bracket,1,See Special Instructions,,814-4641@RevNEW4,ASN_20260724.csv,2026-07-23 18:00:06,2026-07-23 18:00:16,2026-07-23 18:00:16
P:90-07675AR:01S:QTL263000191,2026-07-21 17:00:00,53210,"1195 Trademark Drive, Suite 201",189853,PO-US-08927,2,90-07675A,(90-07675A) LFP Battery Block with Wall Bracket,1,See Special Instructions,,814-4641@RevNEW4,ASN_20260723.csv,2026-07-22 18:00:15,2026-07-22 18:00:27,2026-07-22 18:00:26
P:90-07675AR:01S:QTL263000192,2026-07-21 17:00:00,53210,"1195 Trademark Drive, Suite 201",189853,PO-US-08927,2,90-07675A,(90-07675A) LFP Battery Block with Wall Bracket,1,See Special Instructions,,814-4641@RevNEW4,ASN_20260723.csv,2026-07-22 18:00:15,2026-07-22 18:00:27,2026-07-22 18:00:26
P:90-07675AR:01S:QTL263000193,2026-07-21 17:00:00,53210,"1195 Trademark Drive, Suite 201",189853,PO-US-08927,2,90-07675A,(90-07675A) LFP Battery Block with Wall Bracket,1,See Special Instructions,,814-4641@RevNEW4,ASN_20260724.csv,2026-07-23 18:00:06,2026-07-23 18:00:16,2026-07-23 18:00:16
P:90-07675AR:01S:QTL263000194,2026-07-21 17:00:00,53210,"1195 Trademark Drive, Suite 201",189853,PO-US-08927,2,90-07675A,(90-07675A) LFP Battery Block with Wall Bracket,1,See Special Instructions,,814-4641@RevNEW4,ASN_20260723.csv,2026-07-22 18:00:15,2026-07-22 18:00:27,2026-07-22 18:00:26
P:90-07675AR:01S:QTL263000195,2026-07-21 17:00:00,53210,"1195 Trademark Drive, Suite 201",189853,PO-US-08927,2,90-07675A,(90-07675A) LFP Battery Block with Wall Bracket,1,See Special Instructions,,814-4641@RevNEW4,ASN_20260724.csv,2026-07-23 18:00:06,2026-07-23 18:00:16,2026-07-23 18:00:16
P:90-07675AR:01S:QTL263000196,2026-07-21 17:00:00,53210,"1195 Trademark Drive, Suite 201",189853,PO-US-08927,2,90-07675A,(90-07675A) LFP Battery Block with Wall Bracket,1,See Special Instructions,,814-4641@RevNEW4,ASN_20260723.csv,2026-07-22 18:00:15,2026-07-22 18:00:27,2026-07-22 18:00:26
P:90-07675AR:01S:QTL263000197,2026-07-21 17:00:00,53210,"1195 Trademark Drive, Suite 201",189853,PO-US-08927,2,90-07675A,(90-07675A) LFP Battery Block with Wall Bracket,1,See Special Instructions,,814-4641@RevNEW4,ASN_20260723.csv,2026-07-22 18:00:15,2026-07-22 18:00:27,2026-07-22 18:00:26
P:90-07675AR:01S:QTL263000198,2026-07-21 17:00:00,53210,"1195 Trademark Drive, Suite 201",189853,PO-US-08927,2,90-07675A,(90-07675A) LFP Battery Block with Wall Bracket,1,See Special Instructions,,814-4641@RevNEW4,ASN_20260723.csv,2026-07-22 18:00:15,2026-07-22 18:00:27,2026-07-22 18:00:26
P:90-07675AR:01S:QTL263000199,2026-07-21 17:00:00,53210,"1195 Trademark Drive, Suite 201",189853,PO-US-08927,2,90-07675A,(90-07675A) LFP Battery Block with Wall Bracket,1,See Special Instructions,,814-4641@RevNEW4,ASN_20260724.csv,2026-07-23 18:00:06,2026-07-23 18:00:16,2026-07-23 18:00:16
P:90-07675AR:01S:QTL263000200,2026-07-21 17:00:00,53210,"1195 Trademark Drive, Suite 201",189853,PO-US-08927,2,90-07675A,(90-07675A) LFP Battery Block with Wall Bracket,1,See Special Instructions,,814-4641@RevNEW4,ASN_20260723.csv,2026-07-22 18:00:15,2026-07-22 18:00:27,2026-07-22 18:00:26
P:90-07675AR:01S:QTL263000201,2026-07-21 17:00:00,53210,"1195 Trademark Drive, Suite 201",189853,PO-US-08927,2,90-07675A,(90-07675A) LFP Battery Block with Wall Bracket,1,See Special Instructions,,814-4641@RevNEW4,ASN_20260724.csv,2026-07-23 18:00:06,2026-07-23 18:00:16,2026-07-23 18:00:16
P:90-07675AR:01S:QTL263000202,2026-07-21 17:00:00,53210,"1195 Trademark Drive, Suite 201",189853,PO-US-08927,2,90-07675A,(90-07675A) LFP Battery Block with Wall Bracket,1,See Special Instructions,,814-4641@RevNEW4,ASN_20260723.csv,2026-07-22 18:00:15,2026-07-22 18:00:27,2026-07-22 18:00:26
P:90-07675AR:01S:QTL263000203,2026-07-21 17:00:00,53210,"1195 Trademark Drive, Suite 201",189853,PO-US-08927,2,90-07675A,(90-07675A) LFP Battery Block with Wall Bracket,1,See Special Instructions,,814-4641@RevNEW4,ASN_20260723.csv,2026-07-22 18:00:15,2026-07-22 18:00:27,2026-07-22 18:00:26
P:90-07675AR:01S:QTL263000204,2026-07-21 17:00:00,53210,"1195 Trademark Drive, Suite 201",189853,PO-US-08927,2,90-07675A,(90-07675A) LFP Battery Block with Wall Bracket,1,See Special Instructions,,814-4641@RevNEW4,ASN_20260723.csv,2026-07-22 18:00:15,2026-07-22 18:00:27,2026-07-22 18:00:26
P:90-07675AR:01S:QTL263000205,2026-07-21 17:00:00,53210,"1195 Trademark Drive, Suite 201",189853,PO-US-08927,2,90-07675A,(90-07675A) LFP Battery Block with Wall Bracket,1,See Special Instructions,,814-4641@RevNEW4,ASN_20260724.csv,2026-07-23 18:00:06,2026-07-23 18:00:16,2026-07-23 18:00:16
P:90-07675AR:01S:QTL263000206,2026-07-21 17:00:00,53210,"1195 Trademark Drive, Suite 201",189853,PO-US-08927,2,90-07675A,(90-07675A) LFP Battery Block with Wall Bracket,1,See Special Instructions,,814-4641@RevNEW4,ASN_20260724.csv,2026-07-23 18:00:06,2026-07-23 18:00:16,2026-07-23 18:00:16
P:90-07675AR:01S:QTL263000207,2026-07-21 17:00:00,53210,"1195 Trademark Drive, Suite 201",189853,PO-US-08927,2,90-07675A,(90-07675A) LFP Battery Block with Wall Bracket,1,See Special Instructions,,814-4641@RevNEW4,ASN_20260724.csv,2026-07-23 18:00:06,2026-07-23 18:00:16,2026-07-23 18:00:16
P:90-07675AR:01S:QTL263000208,2026-07-21 17:00:00,53210,"1195 Trademark Drive, Suite 201",189853,PO-US-08927,2,90-07675A,(90-07675A) LFP Battery Block with Wall Bracket,1,See Special Instructions,,814-4641@RevNEW4,ASN_20260724.csv,2026-07-23 18:00:06,2026-07-23 18:00:16,2026-07-23 18:00:16
P:90-07675AR:01S:QTL263000209,2026-07-21 17:00:00,53210,"1195 Trademark Drive, Suite 201",189853,PO-US-08927,2,90-07675A,(90-07675A) LFP Battery Block with Wall Bracket,1,See Special Instructions,,814-4641@RevNEW4,ASN_20260724.csv,2026-07-23 18:00:06,2026-07-23 18:00:16,2026-07-23 18:00:16
P:90-07675AR:01S:QTL263000210,2026-07-21 17:00:00,53210,"1195 Trademark Drive, Suite 201",189853,PO-US-08927,2,90-07675A,(90-07675A) LFP Battery Block with Wall Bracket,1,See Special Instructions,,814-4641@RevNEW4,ASN_20260723.csv,2026-07-22 18:00:15,2026-07-22 18:00:27,2026-07-22 18:00:26
P:90-07675AR:01S:QTL263000283,2026-07-21 17:00:00,53210,"1195 Trademark Drive, Suite 201",189853,PO-US-08927,2,90-07675A,(90-07675A) LFP Battery Block with Wall Bracket,1,See Special Instructions,,814-4641@RevNEW4,ASN_20260723.csv,2026-07-22 18:00:15,2026-07-22 18:00:27,2026-07-22 18:00:26
P:90-07675AR:01S:QTL263000284,2026-07-21 17:00:00,53210,"1195 Trademark Drive, Suite 201",189853,PO-US-08927,2,90-07675A,(90-07675A) LFP Battery Block with Wall Bracket,1,See Special Instructions,,814-4641@RevNEW4,ASN_20260724.csv,2026-07-23 18:00:06,2026-07-23 18:00:16,2026-07-23 18:00:16
P:90-07675AR:01S:QTL263000285,2026-07-21 17:00:00,53210,"1195 Trademark Drive, Suite 201",189853,PO-US-08927,2,90-07675A,(90-07675A) LFP Battery Block with Wall Bracket,1,See Special Instructions,,814-4641@RevNEW4,ASN_20260724.csv,2026-07-23 18:00:06,2026-07-23 18:00:16,2026-07-23 18:00:16
P:90-07675AR:01S:QTL263000286,2026-07-21 17:00:00,53210,"1195 Trademark Drive, Suite 201",189853,PO-US-08927,2,90-07675A,(90-07675A) LFP Battery Block with Wall Bracket,1,See Special Instructions,,814-4641@RevNEW4,ASN_20260724.csv,2026-07-23 18:00:06,2026-07-23 18:00:16,2026-07-23 18:00:16
P:90-07675AR:01S:QTL263000287,2026-07-21 17:00:00,53210,"1195 Trademark Drive, Suite 201",189853,PO-US-08927,2,90-07675A,(90-07675A) LFP Battery Block with Wall Bracket,1,See Special Instructions,,814-4641@RevNEW4,ASN_20260723.csv,2026-07-22 18:00:15,2026-07-22 18:00:27,2026-07-22 18:00:26
P:90-07675AR:01S:QTL263000288,2026-07-21 17:00:00,53210,"1195 Trademark Drive, Suite 201",189853,PO-US-08927,2,90-07675A,(90-07675A) LFP Battery Block with Wall Bracket,1,See Special Instructions,,814-4641@RevNEW4,ASN_20260723.csv,2026-07-22 18:00:15,2026-07-22 18:00:27,2026-07-22 18:00:26
P:90-07675AR:01S:QTL263000289,2026-07-21 17:00:00,53210,"1195 Trademark Drive, Suite 201",189853,PO-US-08927,2,90-07675A,(90-07675A) LFP Battery Block with Wall Bracket,1,See Special Instructions,,814-4641@RevNEW4,ASN_20260724.csv,2026-07-23 18:00:06,2026-07-23 18:00:16,2026-07-23 18:00:16
P:90-07675AR:01S:QTL263000290,2026-07-21 17:00:00,53210,"1195 Trademark Drive, Suite 201",189853,PO-US-08927,2,90-07675A,(90-07675A) LFP Battery Block with Wall Bracket,1,See Special Instructions,,814-4641@RevNEW4,ASN_20260723.csv,2026-07-22 18:00:15,2026-07-22 18:00:27,2026-07-22 18:00:26
P:90-07675AR:01S:QTL263000291,2026-07-21 17:00:00,53210,"1195 Trademark Drive, Suite 201",189853,PO-US-08927,2,90-07675A,(90-07675A) LFP Battery Block with Wall Bracket,1,See Special Instructions,,814-4641@RevNEW4,ASN_20260723.csv,2026-07-22 18:00:15,2026-07-22 18:00:27,2026-07-22 18:00:26
P:90-07675AR:01S:QTL263000292,2026-07-21 17:00:00,53210,"1195 Trademark Drive, Suite 201",189853,PO-US-08927,2,90-07675A,(90-07675A) LFP Battery Block with Wall Bracket,1,See Special Instructions,,814-4641@RevNEW4,ASN_20260724.csv,2026-07-23 18:00:06,2026-07-23 18:00:16,2026-07-23 18:00:16
P:90-07675AR:01S:QTL263000293,2026-07-21 17:00:00,53210,"1195 Trademark Drive, Suite 201",189853,PO-US-08927,2,90-07675A,(90-07675A) LFP Battery Block with Wall Bracket,1,See Special Instructions,,814-4641@RevNEW4,ASN_20260723.csv,2026-07-22 18:00:15,2026-07-22 18:00:27,2026-07-22 18:00:26
P:90-07675AR:01S:QTL263000294,2026-07-21 17:00:00,53210,"1195 Trademark Drive, Suite 201",189853,PO-US-08927,2,90-07675A,(90-07675A) LFP Battery Block with Wall Bracket,1,See Special Instructions,,814-4641@RevNEW4,ASN_20260723.csv,2026-07-22 18:00:15,2026-07-22 18:00:27,2026-07-22 18:00:26
P:90-07675AR:01S:QTL263000295,2026-07-21 17:00:00,53210,"1195 Trademark Drive, Suite 201",189853,PO-US-08927,2,90-07675A,(90-07675A) LFP Battery Block with Wall Bracket,1,See Special Instructions,,814-4641@RevNEW4,ASN_20260724.csv,2026-07-23 18:00:06,2026-07-23 18:00:16,2026-07-23 18:00:16
P:90-07675AR:01S:QTL263000296,2026-07-21 17:00:00,53210,"1195 Trademark Drive, Suite 201",189853,PO-US-08927,2,90-07675A,(90-07675A) LFP Battery Block with Wall Bracket,1,See Special Instructions,,814-4641@RevNEW4,ASN_20260724.csv,2026-07-23 18:00:06,2026-07-23 18:00:16,2026-07-23 18:00:16
P:90-07675AR:01S:QTL263000297,2026-07-21 17:00:00,53210,"1195 Trademark Drive, Suite 201",189853,PO-US-08927,2,90-07675A,(90-07675A) LFP Battery Block with Wall Bracket,1,See Special Instructions,,814-4641@RevNEW4,ASN_20260724.csv,2026-07-23 18:00:06,2026-07-23 18:00:16,2026-07-23 18:00:16
P:90-07675AR:01S:QTL263000298,2026-07-21 17:00:00,53210,"1195 Trademark Drive, Suite 201",189853,PO-US-08927,2,90-07675A,(90-07675A) LFP Battery Block with Wall Bracket,1,See Special Instructions,,814-4641@RevNEW4,ASN_20260723.csv,2026-07-22 18:00:15,2026-07-22 18:00:27,2026-07-22 18:00:26
P:90-07675AR:01S:QTL263000299,2026-07-21 17:00:00,53210,"1195 Trademark Drive, Suite 201",189853,PO-US-08927,2,90-07675A,(90-07675A) LFP Battery Block with Wall Bracket,1,See Special Instructions,,814-4641@RevNEW4,ASN_20260723.csv,2026-07-22 18:00:15,2026-07-22 18:00:27,2026-07-22 18:00:26
P:90-07675AR:01S:QTL263000300,2026-07-21 17:00:00,53210,"1195 Trademark Drive, Suite 201",189853,PO-US-08927,2,90-07675A,(90-07675A) LFP Battery Block with Wall Bracket,1,See Special Instructions,,814-4641@RevNEW4,ASN_20260723.csv,2026-07-22 18:00:15,2026-07-22 18:00:27,2026-07-22 18:00:26
P:90-07675AR:01S:QTL263000301,2026-07-21 17:00:00,53210,"1195 Trademark Drive, Suite 201",189853,PO-US-08927,2,90-07675A,(90-07675A) LFP Battery Block with Wall Bracket,1,See Special Instructions,,814-4641@RevNEW4,ASN_20260723.csv,2026-07-22 18:00:15,2026-07-22 18:00:27,2026-07-22 18:00:26
P:90-07675AR:01S:QTL263000302,2026-07-21 17:00:00,53210,"1195 Trademark Drive, Suite 201",189853,PO-US-08927,2,90-07675A,(90-07675A) LFP Battery Block with Wall Bracket,1,See Special Instructions,,814-4641@RevNEW4,ASN_20260723.csv,2026-07-22 18:00:15,2026-07-22 18:00:27,2026-07-22 18:00:26
P:90-07675AR:01S:QTL263000303,2026-07-21 17:00:00,53210,"1195 Trademark Drive, Suite 201",189853,PO-US-08927,2,90-07675A,(90-07675A) LFP Battery Block with Wall Bracket,1,See Special Instructions,,814-4641@RevNEW4,ASN_20260724.csv,2026-07-23 18:00:06,2026-07-23 18:00:16,2026-07-23 18:00:16
P:90-07675AR:01S:QTL263000304,2026-07-21 17:00:00,53210,"1195 Trademark Drive, Suite 201",189853,PO-US-08927,2,90-07675A,(90-07675A) LFP Battery Block with Wall Bracket,1,See Special Instructions,,814-4641@RevNEW4,ASN_20260724.csv,2026-07-23 18:00:06,2026-07-23 18:00:16,2026-07-23 18:00:16
P:90-07675AR:01S:QTL263000305,2026-07-21 17:00:00,53210,"1195 Trademark Drive, Suite 201",189853,PO-US-08927,2,90-07675A,(90-07675A) LFP Battery Block with Wall Bracket,1,See Special Instructions,,814-4641@RevNEW4,ASN_20260723.csv,2026-07-22 18:00:15,2026-07-22 18:00:27,2026-07-22 18:00:26
P:90-07675AR:01S:QTL263000306,2026-07-21 17:00:00,53210,"1195 Trademark Drive, Suite 201",189853,PO-US-08927,2,90-07675A,(90-07675A) LFP Battery Block with Wall Bracket,1,See Special Instructions,,814-4641@RevNEW4,ASN_20260724.csv,2026-07-23 18:00:06,2026-07-23 18:00:16,2026-07-23 18:00:16
P:90-07675AR:01S:QTL263000307,2026-07-21 17:00:00,53210,"1195 Trademark Drive, Suite 201",189853,PO-US-08927,2,90-07675A,(90-07675A) LFP Battery Block with Wall Bracket,1,See Special Instructions,,814-4641@RevNEW4,ASN_20260724.csv,2026-07-23 18:00:06,2026-07-23 18:00:16,2026-07-23 18:00:16
P:90-07675AR:01S:QTL263000308,2026-07-21 17:00:00,53210,"1195 Trademark Drive, Suite 201",189853,PO-US-08927,2,90-07675A,(90-07675A) LFP Battery Block with Wall Bracket,1,See Special Instructions,,814-4641@RevNEW4,ASN_20260723.csv,2026-07-22 18:00:15,2026-07-22 18:00:27,2026-07-22 18:00:26
P:90-07675AR:01S:QTL263000309,2026-07-21 17:00:00,53210,"1195 Trademark Drive, Suite 201",189853,PO-US-08927,2,90-07675A,(90-07675A) LFP Battery Block with Wall Bracket,1,See Special Instructions,,814-4641@RevNEW4,ASN_20260723.csv,2026-07-22 18:00:15,2026-07-22 18:00:27,2026-07-22 18:00:26
P:90-07675AR:01S:QTL263000310,2026-07-21 17:00:00,53210,"1195 Trademark Drive, Suite 201",189853,PO-US-08927,2,90-07675A,(90-07675A) LFP Battery Block with Wall Bracket,1,See Special Instructions,,814-4641@RevNEW4,ASN_20260724.csv,2026-07-23 18:00:06,2026-07-23 18:00:16,2026-07-23 18:00:16
P:90-07675AR:01S:QTL263000311,2026-07-21 17:00:00,53210,"1195 Trademark Drive, Suite 201",189853,PO-US-08927,2,90-07675A,(90-07675A) LFP Battery Block with Wall Bracket,1,See Special Instructions,,814-4641@RevNEW4,ASN_20260723.csv,2026-07-22 18:00:15,2026-07-22 18:00:27,2026-07-22 18:00:26
P:90-07675AR:01S:QTL263000312,2026-07-21 17:00:00,53210,"1195 Trademark Drive, Suite 201",189853,PO-US-08927,2,90-07675A,(90-07675A) LFP Battery Block with Wall Bracket,1,See Special Instructions,,814-4641@RevNEW4,ASN_20260723.csv,2026-07-22 18:00:15,2026-07-22 18:00:27,2026-07-22 18:00:26
P:90-07675AR:01S:QTL263000313,2026-07-21 17:00:00,53210,"1195 Trademark Drive, Suite 201",189853,PO-US-08927,2,90-07675A,(90-07675A) LFP Battery Block with Wall Bracket,1,See Special Instructions,,814-4641@RevNEW4,ASN_20260724.csv,2026-07-23 18:00:06,2026-07-23 18:00:16,2026-07-23 18:00:16
P:90-07675AR:01S:QTL263000314,2026-07-21 17:00:00,53210,"1195 Trademark Drive, Suite 201",189853,PO-US-08927,2,90-07675A,(90-07675A) LFP Battery Block with Wall Bracket,1,See Special Instructions,,814-4641@RevNEW4,ASN_20260724.csv,2026-07-23 18:00:06,2026-07-23 18:00:16,2026-07-23 18:00:16
P:90-07675AR:01S:QTL263000315,2026-07-21 17:00:00,53210,"1195 Trademark Drive, Suite 201",189853,PO-US-08927,2,90-07675A,(90-07675A) LFP Battery Block with Wall Bracket,1,See Special Instructions,,814-4641@RevNEW4,ASN_20260724.csv,2026-07-23 18:00:06,2026-07-23 18:00:16,2026-07-23 18:00:16
P:90-07675AR:01S:QTL263000316,2026-07-21 17:00:00,53210,"1195 Trademark Drive, Suite 201",189853,PO-US-08927,2,90-07675A,(90-07675A) LFP Battery Block with Wall Bracket,1,See Special Instructions,,814-4641@RevNEW4,ASN_20260723.csv,2026-07-22 18:00:15,2026-07-22 18:00:27,2026-07-22 18:00:26
P:90-07675AR:01S:QTL263000317,2026-07-21 17:00:00,53210,"1195 Trademark Drive, Suite 201",189853,PO-US-08927,2,90-07675A,(90-07675A) LFP Battery Block with Wall Bracket,1,See Special Instructions,,814-4641@RevNEW4,ASN_20260724.csv,2026-07-23 18:00:06,2026-07-23 18:00:16,2026-07-23 18:00:16
P:90-07675AR:01S:QTL263000318,2026-07-21 17:00:00,53210,"1195 Trademark Drive, Suite 201",189853,PO-US-08927,2,90-07675A,(90-07675A) LFP Battery Block with Wall Bracket,1,See Special Instructions,,814-4641@RevNEW4,ASN_20260724.csv,2026-07-23 18:00:06,2026-07-23 18:00:16,2026-07-23 18:00:16
P:90-07675AR:01S:QTL263000319,2026-07-21 17:00:00,53210,"1195 Trademark Drive, Suite 201",189853,PO-US-08927,2,90-07675A,(90-07675A) LFP Battery Block with Wall Bracket,1,See Special Instructions,,814-4641@RevNEW4,ASN_20260723.csv,2026-07-22 18:00:15,2026-07-22 18:00:27,2026-07-22 18:00:26
P:90-07675AR:01S:QTL263000320,2026-07-21 17:00:00,53210,"1195 Trademark Drive, Suite 201",189853,PO-US-08927,2,90-07675A,(90-07675A) LFP Battery Block with Wall Bracket,1,See Special Instructions,,814-4641@RevNEW4,ASN_20260724.csv,2026-07-23 18:00:06,2026-07-23 18:00:16,2026-07-23 18:00:16
P:90-07675AR:01S:QTL263000321,2026-07-21 17:00:00,53210,"1195 Trademark Drive, Suite 201",189853,PO-US-08927,2,90-07675A,(90-07675A) LFP Battery Block with Wall Bracket,1,See Special Instructions,,814-4641@RevNEW4,ASN_20260723.csv,2026-07-22 18:00:15,2026-07-22 18:00:27,2026-07-22 18:00:26
P:90-07675AR:01S:QTL263000322,2026-07-21 17:00:00,53210,"1195 Trademark Drive, Suite 201",189853,PO-US-08927,2,90-07675A,(90-07675A) LFP Battery Block with Wall Bracket,1,See Special Instructions,,814-4641@RevNEW4,ASN_20260723.csv,2026-07-22 18:00:15,2026-07-22 18:00:27,2026-07-22 18:00:26
P:90-07675AR:01S:QTL263000435,2026-07-21 17:00:00,53210,"1195 Trademark Drive, Suite 201",189853,PO-US-08927,2,90-07675A,(90-07675A) LFP Battery Block with Wall Bracket,1,See Special Instructions,,814-4641@RevNEW4,ASN_20260724.csv,2026-07-23 18:00:06,2026-07-23 18:00:16,2026-07-23 18:00:16
P:90-07675AR:01S:QTL263000436,2026-07-21 17:00:00,53210,"1195 Trademark Drive, Suite 201",189853,PO-US-08927,2,90-07675A,(90-07675A) LFP Battery Block with Wall Bracket,1,See Special Instructions,,814-4641@RevNEW4,ASN_20260724.csv,2026-07-23 18:00:06,2026-07-23 18:00:16,2026-07-23 18:00:16
P:90-07675AR:01S:QTL263000437,2026-07-21 17:00:00,53210,"1195 Trademark Drive, Suite 201",189853,PO-US-08927,2,90-07675A,(90-07675A) LFP Battery Block with Wall Bracket,1,See Special Instructions,,814-4641@RevNEW4,ASN_20260723.csv,2026-07-22 18:00:15,2026-07-22 18:00:27,2026-07-22 18:00:26
P:90-07675AR:01S:QTL263000438,2026-07-21 17:00:00,53210,"1195 Trademark Drive, Suite 201",189853,PO-US-08927,2,90-07675A,(90-07675A) LFP Battery Block with Wall Bracket,1,See Special Instructions,,814-4641@RevNEW4,ASN_20260724.csv,2026-07-23 18:00:06,2026-07-23 18:00:16,2026-07-23 18:00:16
P:90-07675AR:01S:QTL263000439,2026-07-21 17:00:00,53210,"1195 Trademark Drive, Suite 201",189853,PO-US-08927,2,90-07675A,(90-07675A) LFP Battery Block with Wall Bracket,1,See Special Instructions,,814-4641@RevNEW4,ASN_20260723.csv,2026-07-22 18:00:15,2026-07-22 18:00:27,2026-07-22 18:00:26
P:90-07675AR:01S:QTL263000440,2026-07-21 17:00:00,53210,"1195 Trademark Drive, Suite 201",189853,PO-US-08927,2,90-07675A,(90-07675A) LFP Battery Block with Wall Bracket,1,See Special Instructions,,814-4641@RevNEW4,ASN_20260723.csv,2026-07-22 18:00:15,2026-07-22 18:00:27,2026-07-22 18:00:26
P:90-07675AR:01S:QTL263000441,2026-07-21 17:00:00,53210,"1195 Trademark Drive, Suite 201",189853,PO-US-08927,2,90-07675A,(90-07675A) LFP Battery Block with Wall Bracket,1,See Special Instructions,,814-4641@RevNEW4,ASN_20260724.csv,2026-07-23 18:00:06,2026-07-23 18:00:16,2026-07-23 18:00:16
P:90-07675AR:01S:QTL263000442,2026-07-21 17:00:00,53210,"1195 Trademark Drive, Suite 201",189853,PO-US-08927,2,90-07675A,(90-07675A) LFP Battery Block with Wall Bracket,1,See Special Instructions,,814-4641@RevNEW4,ASN_20260724.csv,2026-07-23 18:00:06,2026-07-23 18:00:16,2026-07-23 18:00:16
P:90-07675AR:01S:QTL263000443,2026-07-21 17:00:00,53210,"1195 Trademark Drive, Suite 201",189853,PO-US-08927,2,90-07675A,(90-07675A) LFP Battery Block with Wall Bracket,1,See Special Instructions,,814-4641@RevNEW4,ASN_20260723.csv,2026-07-22 18:00:15,2026-07-22 18:00:27,2026-07-22 18:00:26
P:90-07675AR:01S:QTL263000444,2026-07-21 17:00:00,53210,"1195 Trademark Drive, Suite 201",189853,PO-US-08927,2,90-07675A,(90-07675A) LFP Battery Block with Wall Bracket,1,See Special Instructions,,814-4641@RevNEW4,ASN_20260723.csv,2026-07-22 18:00:15,2026-07-22 18:00:27,2026-07-22 18:00:26
P:90-07675AR:01S:QTL263000445,2026-07-21 17:00:00,53210,"1195 Trademark Drive, Suite 201",189853,PO-US-08927,2,90-07675A,(90-07675A) LFP Battery Block with Wall Bracket,1,See Special Instructions,,814-4641@RevNEW4,ASN_20260724.csv,2026-07-23 18:00:06,2026-07-23 18:00:16,2026-07-23 18:00:16
P:90-07675AR:01S:QTL263000446,2026-07-21 17:00:00,53210,"1195 Trademark Drive, Suite 201",189853,PO-US-08927,2,90-07675A,(90-07675A) LFP Battery Block with Wall Bracket,1,See Special Instructions,,814-4641@RevNEW4,ASN_20260724.csv,2026-07-23 18:00:06,2026-07-23 18:00:16,2026-07-23 18:00:16
P:90-07675AR:01S:QTL263000447,2026-07-21 17:00:00,53210,"1195 Trademark Drive, Suite 201",189853,PO-US-08927,2,90-07675A,(90-07675A) LFP Battery Block with Wall Bracket,1,See Special Instructions,,814-4641@RevNEW4,ASN_20260723.csv,2026-07-22 18:00:15,2026-07-22 18:00:27,2026-07-22 18:00:26
P:90-07675AR:01S:QTL263000448,2026-07-21 17:00:00,53210,"1195 Trademark Drive, Suite 201",189853,PO-US-08927,2,90-07675A,(90-07675A) LFP Battery Block with Wall Bracket,1,See Special Instructions,,814-4641@RevNEW4,ASN_20260724.csv,2026-07-23 18:00:06,2026-07-23 18:00:16,2026-07-23 18:00:16
P:90-07675AR:01S:QTL263000449,2026-07-21 17:00:00,53210,"1195 Trademark Drive, Suite 201",189853,PO-US-08927,2,90-07675A,(90-07675A) LFP Battery Block with Wall Bracket,1,See Special Instructions,,814-4641@RevNEW4,ASN_20260724.csv,2026-07-23 18:00:06,2026-07-23 18:00:16,2026-07-23 18:00:16
P:90-07675AR:01S:QTL263000450,2026-07-21 17:00:00,53210,"1195 Trademark Drive, Suite 201",189853,PO-US-08927,2,90-07675A,(90-07675A) LFP Battery Block with Wall Bracket,1,See Special Instructions,,814-4641@RevNEW4,ASN_20260723.csv,2026-07-22 18:00:15,2026-07-22 18:00:27,2026-07-22 18:00:26
P:90-07675AR:01S:QTL263000451,2026-07-21 17:00:00,53210,"1195 Trademark Drive, Suite 201",189853,PO-US-08927,2,90-07675A,(90-07675A) LFP Battery Block with Wall Bracket,1,See Special Instructions,,814-4641@RevNEW4,ASN_20260723.csv,2026-07-22 18:00:15,2026-07-22 18:00:27,2026-07-22 18:00:26
P:90-07675AR:01S:QTL263000452,2026-07-21 17:00:00,53210,"1195 Trademark Drive, Suite 201",189853,PO-US-08927,2,90-07675A,(90-07675A) LFP Battery Block with Wall Bracket,1,See Special Instructions,,814-4641@RevNEW4,ASN_20260723.csv,2026-07-22 18:00:15,2026-07-22 18:00:27,2026-07-22 18:00:26
P:90-07675AR:01S:QTL263000453,2026-07-21 17:00:00,53210,"1195 Trademark Drive, Suite 201",189853,PO-US-08927,2,90-07675A,(90-07675A) LFP Battery Block with Wall Bracket,1,See Special Instructions,,814-4641@RevNEW4,ASN_20260723.csv,2026-07-22 18:00:15,2026-07-22 18:00:27,2026-07-22 18:00:26
P:90-07675AR:01S:QTL263000454,2026-07-21 17:00:00,53210,"1195 Trademark Drive, Suite 201",189853,PO-US-08927,2,90-07675A,(90-07675A) LFP Battery Block with Wall Bracket,1,See Special Instructions,,814-4641@RevNEW4,ASN_20260723.csv,2026-07-22 18:00:15,2026-07-22 18:00:27,2026-07-22 18:00:26
P:90-07675AR:01S:QTL263000455,2026-07-21 17:00:00,53210,"1195 Trademark Drive, Suite 201",189853,PO-US-08927,2,90-07675A,(90-07675A) LFP Battery Block with Wall Bracket,1,See Special Instructions,,814-4641@RevNEW4,ASN_20260724.csv,2026-07-23 18:00:06,2026-07-23 18:00:16,2026-07-23 18:00:16
P:90-07675AR:01S:QTL263000456,2026-07-21 17:00:00,53210,"1195 Trademark Drive, Suite 201",189853,PO-US-08927,2,90-07675A,(90-07675A) LFP Battery Block with Wall Bracket,1,See Special Instructions,,814-4641@RevNEW4,ASN_20260723.csv,2026-07-22 18:00:15,2026-07-22 18:00:27,2026-07-22 18:00:26
P:90-07675AR:01S:QTL263000457,2026-07-21 17:00:00,53210,"1195 Trademark Drive, Suite 201",189853,PO-US-08927,2,90-07675A,(90-07675A) LFP Battery Block with Wall Bracket,1,See Special Instructions,,814-4641@RevNEW4,ASN_20260723.csv,2026-07-22 18:00:15,2026-07-22 18:00:27,2026-07-22 18:00:26
P:90-07675AR:01S:QTL263000458,2026-07-21 17:00:00,53210,"1195 Trademark Drive, Suite 201",189853,PO-US-08927,2,90-07675A,(90-07675A) LFP Battery Block with Wall Bracket,1,See Special Instructions,,814-4641@RevNEW4,ASN_20260724.csv,2026-07-23 18:00:06,2026-07-23 18:00:16,2026-07-23 18:00:16
P:90-07675AR:01S:QTL263000459,2026-07-21 17:00:00,53210,"1195 Trademark Drive, Suite 201",189853,PO-US-08927,2,90-07675A,(90-07675A) LFP Battery Block with Wall Bracket,1,See Special Instructions,,814-4641@RevNEW4,ASN_20260723.csv,2026-07-22 18:00:15,2026-07-22 18:00:27,2026-07-22 18:00:26
P:90-07675AR:01S:QTL263000460,2026-07-21 17:00:00,53210,"1195 Trademark Drive, Suite 201",189853,PO-US-08927,2,90-07675A,(90-07675A) LFP Battery Block with Wall Bracket,1,See Special Instructions,,814-4641@RevNEW4,ASN_20260724.csv,2026-07-23 18:00:06,2026-07-23 18:00:16,2026-07-23 18:00:16
P:90-07675AR:01S:QTL263000461,2026-07-21 17:00:00,53210,"1195 Trademark Drive, Suite 201",189853,PO-US-08927,2,90-07675A,(90-07675A) LFP Battery Block with Wall Bracket,1,See Special Instructions,,814-4641@RevNEW4,ASN_20260724.csv,2026-07-23 18:00:06,2026-07-23 18:00:16,2026-07-23 18:00:16
P:90-07675AR:01S:QTL263000462,2026-07-21 17:00:00,53210,"1195 Trademark Drive, Suite 201",189853,PO-US-08927,2,90-07675A,(90-07675A) LFP Battery Block with Wall Bracket,1,See Special Instructions,,814-4641@RevNEW4,ASN_20260723.csv,2026-07-22 18:00:15,2026-07-22 18:00:27,2026-07-22 18:00:26
P:90-07675AR:01S:QTL263000463,2026-07-21 17:00:00,53210,"1195 Trademark Drive, Suite 201",189853,PO-US-08927,2,90-07675A,(90-07675A) LFP Battery Block with Wall Bracket,1,See Special Instructions,,814-4641@RevNEW4,ASN_20260724.csv,2026-07-23 18:00:06,2026-07-23 18:00:16,2026-07-23 18:00:16
P:90-07675AR:01S:QTL263000464,2026-07-21 17:00:00,53210,"1195 Trademark Drive, Suite 201",189853,PO-US-08927,2,90-07675A,(90-07675A) LFP Battery Block with Wall Bracket,1,See Special Instructions,,814-4641@RevNEW4,ASN_20260724.csv,2026-07-23 18:00:06,2026-07-23 18:00:16,2026-07-23 18:00:16
P:90-07675AR:01S:QTL263000465,2026-07-21 17:00:00,53210,"1195 Trademark Drive, Suite 201",189853,PO-US-08927,2,90-07675A,(90-07675A) LFP Battery Block with Wall Bracket,1,See Special Instructions,,814-4641@RevNEW4,ASN_20260723.csv,2026-07-22 18:00:15,2026-07-22 18:00:27,2026-07-22 18:00:26
P:90-07675AR:01S:QTL263000466,2026-07-21 17:00:00,53210,"1195 Trademark Drive, Suite 201",189853,PO-US-08927,2,90-07675A,(90-07675A) LFP Battery Block with Wall Bracket,1,See Special Instructions,,814-4641@RevNEW4,ASN_20260724.csv,2026-07-23 18:00:06,2026-07-23 18:00:16,2026-07-23 18:00:16
P:90-07675AR:01S:QTL263000467,2026-07-21 17:00:00,53210,"1195 Trademark Drive, Suite 201",189853,PO-US-08927,2,90-07675A,(90-07675A) LFP Battery Block with Wall Bracket,1,See Special Instructions,,814-4641@RevNEW4,ASN_20260723.csv,2026-07-22 18:00:15,2026-07-22 18:00:27,2026-07-22 18:00:26
P:90-07675AR:01S:QTL263000468,2026-07-21 17:00:00,53210,"1195 Trademark Drive, Suite 201",189853,PO-US-08927,2,90-07675A,(90-07675A) LFP Battery Block with Wall Bracket,1,See Special Instructions,,814-4641@RevNEW4,ASN_20260724.csv,2026-07-23 18:00:06,2026-07-23 18:00:16,2026-07-23 18:00:16
P:90-07675AR:01S:QTL263000469,2026-07-21 17:00:00,53210,"1195 Trademark Drive, Suite 201",189853,PO-US-08927,2,90-07675A,(90-07675A) LFP Battery Block with Wall Bracket,1,See Special Instructions,,814-4641@RevNEW4,ASN_20260724.csv,2026-07-23 18:00:06,2026-07-23 18:00:16,2026-07-23 18:00:16
P:90-07675AR:01S:QTL263000470,2026-07-21 17:00:00,53210,"1195 Trademark Drive, Suite 201",189853,PO-US-08927,2,90-07675A,(90-07675A) LFP Battery Block with Wall Bracket,1,See Special Instructions,,814-4641@RevNEW4,ASN_20260724.csv,2026-07-23 18:00:06,2026-07-23 18:00:16,2026-07-23 18:00:16
P:90-07675AR:01S:QTL263000471,2026-07-21 17:00:00,53210,"1195 Trademark Drive, Suite 201",189853,PO-US-08927,2,90-07675A,(90-07675A) LFP Battery Block with Wall Bracket,1,See Special Instructions,,814-4641@RevNEW4,ASN_20260723.csv,2026-07-22 18:00:15,2026-07-22 18:00:27,2026-07-22 18:00:26
P:90-07675AR:01S:QTL263000472,2026-07-21 17:00:00,53210,"1195 Trademark Drive, Suite 201",189853,PO-US-08927,2,90-07675A,(90-07675A) LFP Battery Block with Wall Bracket,1,See Special Instructions,,814-4641@RevNEW4,ASN_20260724.csv,2026-07-23 18:00:06,2026-07-23 18:00:16,2026-07-23 18:00:16
P:90-07675AR:01S:QTL263000473,2026-07-21 17:00:00,53210,"1195 Trademark Drive, Suite 201",189853,PO-US-08927,2,90-07675A,(90-07675A) LFP Battery Block with Wall Bracket,1,See Special Instructions,,814-4641@RevNEW4,ASN_20260723.csv,2026-07-22 18:00:15,2026-07-22 18:00:27,2026-07-22 18:00:26
P:90-07675AR:01S:QTL263000474,2026-07-21 17:00:00,53210,"1195 Trademark Drive, Suite 201",189853,PO-US-08927,2,90-07675A,(90-07675A) LFP Battery Block with Wall Bracket,1,See Special Instructions,,814-4641@RevNEW4,ASN_20260724.csv,2026-07-23 18:00:06,2026-07-23 18:00:16,2026-07-23 18:00:16
P:90-07675AR:01S:QTL263000475,2026-07-21 17:00:00,53210,"1195 Trademark Drive, Suite 201",189853,PO-US-08927,2,90-07675A,(90-07675A) LFP Battery Block with Wall Bracket,1,See Special Instructions,,814-4641@RevNEW4,ASN_20260723.csv,2026-07-22 18:00:15,2026-07-22 18:00:27,2026-07-22 18:00:26
P:90-07675AR:01S:QTL263000499,2026-07-21 17:00:00,53210,"1195 Trademark Drive, Suite 201",189853,PO-US-08927,2,90-07675A,(90-07675A) LFP Battery Block with Wall Bracket,1,See Special Instructions,,814-4641@RevNEW4,ASN_20260723.csv,2026-07-22 18:00:15,2026-07-22 18:00:27,2026-07-22 18:00:26
P:90-07675AR:01S:QTL263000500,2026-07-21 17:00:00,53210,"1195 Trademark Drive, Suite 201",189853,PO-US-08927,2,90-07675A,(90-07675A) LFP Battery Block with Wall Bracket,1,See Special Instructions,,814-4641@RevNEW4,ASN_20260723.csv,2026-07-22 18:00:15,2026-07-22 18:00:27,2026-07-22 18:00:26
P:90-07675AR:01S:QTL263000501,2026-07-21 17:00:00,53210,"1195 Trademark Drive, Suite 201",189853,PO-US-08927,2,90-07675A,(90-07675A) LFP Battery Block with Wall Bracket,1,See Special Instructions,,814-4641@RevNEW4,ASN_20260724.csv,2026-07-23 18:00:06,2026-07-23 18:00:16,2026-07-23 18:00:16
P:90-07675AR:01S:QTL263000502,2026-07-21 17:00:00,53210,"1195 Trademark Drive, Suite 201",189853,PO-US-08927,2,90-07675A,(90-07675A) LFP Battery Block with Wall Bracket,1,See Special Instructions,,814-4641@RevNEW4,ASN_20260723.csv,2026-07-22 18:00:15,2026-07-22 18:00:27,2026-07-22 18:00:26
P:90-07675AR:01S:QTL263000503,2026-07-21 17:00:00,53210,"1195 Trademark Drive, Suite 201",189853,PO-US-08927,2,90-07675A,(90-07675A) LFP Battery Block with Wall Bracket,1,See Special Instructions,,814-4641@RevNEW4,ASN_20260723.csv,2026-07-22 18:00:15,2026-07-22 18:00:27,2026-07-22 18:00:26
P:90-07675AR:01S:QTL263000504,2026-07-21 17:00:00,53210,"1195 Trademark Drive, Suite 201",189853,PO-US-08927,2,90-07675A,(90-07675A) LFP Battery Block with Wall Bracket,1,See Special Instructions,,814-4641@RevNEW4,ASN_20260723.csv,2026-07-22 18:00:15,2026-07-22 18:00:27,2026-07-22 18:00:26
P:90-07675AR:01S:QTL263000505,2026-07-21 17:00:00,53210,"1195 Trademark Drive, Suite 201",189853,PO-US-08927,2,90-07675A,(90-07675A) LFP Battery Block with Wall Bracket,1,See Special Instructions,,814-4641@RevNEW4,ASN_20260724.csv,2026-07-23 18:00:06,2026-07-23 18:00:16,2026-07-23 18:00:16
P:90-07675AR:01S:QTL263000506,2026-07-21 17:00:00,53210,"1195 Trademark Drive, Suite 201",189853,PO-US-08927,2,90-07675A,(90-07675A) LFP Battery Block with Wall Bracket,1,See Special Instructions,,814-4641@RevNEW4,ASN_20260723.csv,2026-07-22 18:00:15,2026-07-22 18:00:27,2026-07-22 18:00:26
P:90-07675AR:01S:QTL263000507,2026-07-21 17:00:00,53210,"1195 Trademark Drive, Suite 201",189853,PO-US-08927,2,90-07675A,(90-07675A) LFP Battery Block with Wall Bracket,1,See Special Instructions,,814-4641@RevNEW4,ASN_20260724.csv,2026-07-23 18:00:06,2026-07-23 18:00:16,2026-07-23 18:00:16
P:90-07675AR:01S:QTL263000508,2026-07-21 17:00:00,53210,"1195 Trademark Drive, Suite 201",189853,PO-US-08927,2,90-07675A,(90-07675A) LFP Battery Block with Wall Bracket,1,See Special Instructions,,814-4641@RevNEW4,ASN_20260723.csv,2026-07-22 18:00:15,2026-07-22 18:00:27,2026-07-22 18:00:26
P:90-07675AR:01S:QTL263000509,2026-07-21 17:00:00,53210,"1195 Trademark Drive, Suite 201",189853,PO-US-08927,2,90-07675A,(90-07675A) LFP Battery Block with Wall Bracket,1,See Special Instructions,,814-4641@RevNEW4,ASN_20260723.csv,2026-07-22 18:00:15,2026-07-22 18:00:27,2026-07-22 18:00:26
P:90-07675AR:01S:QTL263000510,2026-07-21 17:00:00,53210,"1195 Trademark Drive, Suite 201",189853,PO-US-08927,2,90-07675A,(90-07675A) LFP Battery Block with Wall Bracket,1,See Special Instructions,,814-4641@RevNEW4,ASN_20260724.csv,2026-07-23 18:00:06,2026-07-23 18:00:16,2026-07-23 18:00:16
P:90-07675AR:01S:QTL263000511,2026-07-21 17:00:00,53210,"1195 Trademark Drive, Suite 201",189853,PO-US-08927,2,90-07675A,(90-07675A) LFP Battery Block with Wall Bracket,1,See Special Instructions,,814-4641@RevNEW4,ASN_20260724.csv,2026-07-23 18:00:06,2026-07-23 18:00:16,2026-07-23 18:00:16
P:90-07675AR:01S:QTL263000512,2026-07-21 17:00:00,53210,"1195 Trademark Drive, Suite 201",189853,PO-US-08927,2,90-07675A,(90-07675A) LFP Battery Block with Wall Bracket,1,See Special Instructions,,814-4641@RevNEW4,ASN_20260724.csv,2026-07-23 18:00:06,2026-07-23 18:00:16,2026-07-23 18:00:16
P:90-07675AR:01S:QTL263000513,2026-07-21 17:00:00,53210,"1195 Trademark Drive, Suite 201",189853,PO-US-08927,2,90-07675A,(90-07675A) LFP Battery Block with Wall Bracket,1,See Special Instructions,,814-4641@RevNEW4,ASN_20260724.csv,2026-07-23 18:00:06,2026-07-23 18:00:16,2026-07-23 18:00:16
P:90-07675AR:01S:QTL263000514,2026-07-21 17:00:00,53210,"1195 Trademark Drive, Suite 201",189853,PO-US-08927,2,90-07675A,(90-07675A) LFP Battery Block with Wall Bracket,1,See Special Instructions,,814-4641@RevNEW4,ASN_20260723.csv,2026-07-22 18:00:15,2026-07-22 18:00:27,2026-07-22 18:00:26
P:90-07675AR:01S:QTL263000515,2026-07-21 17:00:00,53210,"1195 Trademark Drive, Suite 201",189853,PO-US-08927,2,90-07675A,(90-07675A) LFP Battery Block with Wall Bracket,1,See Special Instructions,,814-4641@RevNEW4,ASN_20260723.csv,2026-07-22 18:00:15,2026-07-22 18:00:27,2026-07-22 18:00:26
P:90-07675AR:01S:QTL263000516,2026-07-21 17:00:00,53210,"1195 Trademark Drive, Suite 201",189853,PO-US-08927,2,90-07675A,(90-07675A) LFP Battery Block with Wall Bracket,1,See Special Instructions,,814-4641@RevNEW4,ASN_20260724.csv,2026-07-23 18:00:06,2026-07-23 18:00:16,2026-07-23 18:00:16
P:90-07675AR:01S:QTL263000517,2026-07-21 17:00:00,53210,"1195 Trademark Drive, Suite 201",189853,PO-US-08927,2,90-07675A,(90-07675A) LFP Battery Block with Wall Bracket,1,See Special Instructions,,814-4641@RevNEW4,ASN_20260723.csv,2026-07-22 18:00:15,2026-07-22 18:00:27,2026-07-22 18:00:26
P:90-07675AR:01S:QTL263000518,2026-07-21 17:00:00,53210,"1195 Trademark Drive, Suite 201",189853,PO-US-08927,2,90-07675A,(90-07675A) LFP Battery Block with Wall Bracket,1,See Special Instructions,,814-4641@RevNEW4,ASN_20260724.csv,2026-07-23 18:00:06,2026-07-23 18:00:16,2026-07-23 18:00:16
P:90-07675AR:01S:QTL263000525,2026-07-21 17:00:00,53210,"1195 Trademark Drive, Suite 201",189853,PO-US-08927,2,90-07675A,(90-07675A) LFP Battery Block with Wall Bracket,1,See Special Instructions,,814-4641@RevNEW4,ASN_20260724.csv,2026-07-23 18:00:06,2026-07-23 18:00:16,2026-07-23 18:00:16
P:90-07675AR:01S:QTL263000526,2026-07-21 17:00:00,53210,"1195 Trademark Drive, Suite 201",189853,PO-US-08927,2,90-07675A,(90-07675A) LFP Battery Block with Wall Bracket,1,See Special Instructions,,814-4641@RevNEW4,ASN_20260723.csv,2026-07-22 18:00:15,2026-07-22 18:00:27,2026-07-22 18:00:26
P:90-07675AR:01S:QTL263000527,2026-07-21 17:00:00,53210,"1195 Trademark Drive, Suite 201",189853,PO-US-08927,2,90-07675A,(90-07675A) LFP Battery Block with Wall Bracket,1,See Special Instructions,,814-4641@RevNEW4,ASN_20260724.csv,2026-07-23 18:00:06,2026-07-23 18:00:16,2026-07-23 18:00:16
P:90-07675AR:01S:QTL263000528,2026-07-21 17:00:00,53210,"1195 Trademark Drive, Suite 201",189853,PO-US-08927,2,90-07675A,(90-07675A) LFP Battery Block with Wall Bracket,1,See Special Instructions,,814-4641@RevNEW4,ASN_20260723.csv,2026-07-22 18:00:15,2026-07-22 18:00:27,2026-07-22 18:00:26
P:90-07675AR:01S:QTL263000529,2026-07-21 17:00:00,53210,"1195 Trademark Drive, Suite 201",189853,PO-US-08927,2,90-07675A,(90-07675A) LFP Battery Block with Wall Bracket,1,See Special Instructions,,814-4641@RevNEW4,ASN_20260723.csv,2026-07-22 18:00:15,2026-07-22 18:00:27,2026-07-22 18:00:26
P:90-07675AR:01S:QTL263000530,2026-07-21 17:00:00,53210,"1195 Trademark Drive, Suite 201",189853,PO-US-08927,2,90-07675A,(90-07675A) LFP Battery Block with Wall Bracket,1,See Special Instructions,,814-4641@RevNEW4,ASN_20260724.csv,2026-07-23 18:00:06,2026-07-23 18:00:16,2026-07-23 18:00:16
P:90-07675AR:01S:QTL263000531,2026-07-21 17:00:00,53210,"1195 Trademark Drive, Suite 201",189853,PO-US-08927,2,90-07675A,(90-07675A) LFP Battery Block with Wall Bracket,1,See Special Instructions,,814-4641@RevNEW4,ASN_20260723.csv,2026-07-22 18:00:15,2026-07-22 18:00:27,2026-07-22 18:00:26
P:90-07675AR:01S:QTL263000532,2026-07-21 17:00:00,53210,"1195 Trademark Drive, Suite 201",189853,PO-US-08927,2,90-07675A,(90-07675A) LFP Battery Block with Wall Bracket,1,See Special Instructions,,814-4641@RevNEW4,ASN_20260723.csv,2026-07-22 18:00:15,2026-07-22 18:00:27,2026-07-22 18:00:26
P:90-07675AR:01S:QTL263000533,2026-07-21 17:00:00,53210,"1195 Trademark Drive, Suite 201",189853,PO-US-08927,2,90-07675A,(90-07675A) LFP Battery Block with Wall Bracket,1,See Special Instructions,,814-4641@RevNEW4,ASN_20260724.csv,2026-07-23 18:00:06,2026-07-23 18:00:16,2026-07-23 18:00:16
P:90-07675AR:01S:QTL263000534,2026-07-21 17:00:00,53210,"1195 Trademark Drive, Suite 201",189853,PO-US-08927,2,90-07675A,(90-07675A) LFP Battery Block with Wall Bracket,1,See Special Instructions,,814-4641@RevNEW4,ASN_20260723.csv,2026-07-22 18:00:15,2026-07-22 18:00:27,2026-07-22 18:00:26
P:90-07675AR:01S:QTL263000535,2026-07-21 17:00:00,53210,"1195 Trademark Drive, Suite 201",189853,PO-US-08927,2,90-07675A,(90-07675A) LFP Battery Block with Wall Bracket,1,See Special Instructions,,814-4641@RevNEW4,ASN_20260723.csv,2026-07-22 18:00:15,2026-07-22 18:00:27,2026-07-22 18:00:26
P:90-07675AR:01S:QTL263000536,2026-07-21 17:00:00,53210,"1195 Trademark Drive, Suite 201",189853,PO-US-08927,2,90-07675A,(90-07675A) LFP Battery Block with Wall Bracket,1,See Special Instructions,,814-4641@RevNEW4,ASN_20260724.csv,2026-07-23 18:00:06,2026-07-23 18:00:16,2026-07-23 18:00:16
P:90-07675AR:01S:QTL263000537,2026-07-21 17:00:00,53210,"1195 Trademark Drive, Suite 201",189853,PO-US-08927,2,90-07675A,(90-07675A) LFP Battery Block with Wall Bracket,1,See Special Instructions,,814-4641@RevNEW4,ASN_20260723.csv,2026-07-22 18:00:15,2026-07-22 18:00:27,2026-07-22 18:00:26
P:90-07675AR:01S:QTL263000538,2026-07-21 17:00:00,53210,"1195 Trademark Drive, Suite 201",189853,PO-US-08927,2,90-07675A,(90-07675A) LFP Battery Block with Wall Bracket,1,See Special Instructions,,814-4641@RevNEW4,ASN_20260724.csv,2026-07-23 18:00:06,2026-07-23 18:00:16,2026-07-23 18:00:16
P:90-07675AR:01S:QTL263000539,2026-07-21 17:00:00,53210,"1195 Trademark Drive, Suite 201",189853,PO-US-08927,2,90-07675A,(90-07675A) LFP Battery Block with Wall Bracket,1,See Special Instructions,,814-4641@RevNEW4,ASN_20260723.csv,2026-07-22 18:00:15,2026-07-22 18:00:27,2026-07-22 18:00:26
P:90-07675AR:01S:QTL263000540,2026-07-21 17:00:00,53210,"1195 Trademark Drive, Suite 201",189853,PO-US-08927,2,90-07675A,(90-07675A) LFP Battery Block with Wall Bracket,1,See Special Instructions,,814-4641@RevNEW4,ASN_20260723.csv,2026-07-22 18:00:15,2026-07-22 18:00:27,2026-07-22 18:00:26
P:90-07675AR:01S:QTL263000541,2026-07-21 17:00:00,53210,"1195 Trademark Drive, Suite 201",189853,PO-US-08927,2,90-07675A,(90-07675A) LFP Battery Block with Wall Bracket,1,See Special Instructions,,814-4641@RevNEW4,ASN_20260724.csv,2026-07-23 18:00:06,2026-07-23 18:00:16,2026-07-23 18:00:16
P:90-07675AR:01S:QTL263000542,2026-07-21 17:00:00,53210,"1195 Trademark Drive, Suite 201",189853,PO-US-08927,2,90-07675A,(90-07675A) LFP Battery Block with Wall Bracket,1,See Special Instructions,,814-4641@RevNEW4,ASN_20260723.csv,2026-07-22 18:00:15,2026-07-22 18:00:27,2026-07-22 18:00:26
P:90-07675AR:01S:QTL263000543,2026-07-21 17:00:00,53210,"1195 Trademark Drive, Suite 201",189853,PO-US-08927,2,90-07675A,(90-07675A) LFP Battery Block with Wall Bracket,1,See Special Instructions,,814-4641@RevNEW4,ASN_20260724.csv,2026-07-23 18:00:06,2026-07-23 18:00:16,2026-07-23 18:00:16
P:90-07675AR:01S:QTL263000675,2026-07-21 17:00:00,53210,"1195 Trademark Drive, Suite 201",189853,PO-US-08927,2,90-07675A,(90-07675A) LFP Battery Block with Wall Bracket,1,See Special Instructions,,814-4641@RevNEW4,ASN_20260723.csv,2026-07-22 18:00:15,2026-07-22 18:00:27,2026-07-22 18:00:26
P:90-07675AR:01S:QTL263000676,2026-07-21 17:00:00,53210,"1195 Trademark Drive, Suite 201",189853,PO-US-08927,2,90-07675A,(90-07675A) LFP Battery Block with Wall Bracket,1,See Special Instructions,,814-4641@RevNEW4,ASN_20260724.csv,2026-07-23 18:00:06,2026-07-23 18:00:16,2026-07-23 18:00:16
P:90-07675AR:01S:QTL263000677,2026-07-21 17:00:00,53210,"1195 Trademark Drive, Suite 201",189853,PO-US-08927,2,90-07675A,(90-07675A) LFP Battery Block with Wall Bracket,1,See Special Instructions,,814-4641@RevNEW4,ASN_20260724.csv,2026-07-23 18:00:06,2026-07-23 18:00:16,2026-07-23 18:00:16
P:90-07675AR:01S:QTL263000678,2026-07-21 17:00:00,53210,"1195 Trademark Drive, Suite 201",189853,PO-US-08927,2,90-07675A,(90-07675A) LFP Battery Block with Wall Bracket,1,See Special Instructions,,814-4641@RevNEW4,ASN_20260724.csv,2026-07-23 18:00:06,2026-07-23 18:00:16,2026-07-23 18:00:16
P:90-07675AR:01S:QTL263000679,2026-07-21 17:00:00,53210,"1195 Trademark Drive, Suite 201",189853,PO-US-08927,2,90-07675A,(90-07675A) LFP Battery Block with Wall Bracket,1,See Special Instructions,,814-4641@RevNEW4,ASN_20260723.csv,2026-07-22 18:00:15,2026-07-22 18:00:27,2026-07-22 18:00:26
P:90-07675AR:01S:QTL263000680,2026-07-21 17:00:00,53210,"1195 Trademark Drive, Suite 201",189853,PO-US-08927,2,90-07675A,(90-07675A) LFP Battery Block with Wall Bracket,1,See Special Instructions,,814-4641@RevNEW4,ASN_20260724.csv,2026-07-23 18:00:06,2026-07-23 18:00:16,2026-07-23 18:00:16
P:90-07675AR:01S:QTL263000681,2026-07-21 17:00:00,53210,"1195 Trademark Drive, Suite 201",189853,PO-US-08927,2,90-07675A,(90-07675A) LFP Battery Block with Wall Bracket,1,See Special Instructions,,814-4641@RevNEW4,ASN_20260723.csv,2026-07-22 18:00:15,2026-07-22 18:00:27,2026-07-22 18:00:26
P:90-07675AR:01S:QTL263000682,2026-07-21 17:00:00,53210,"1195 Trademark Drive, Suite 201",189853,PO-US-08927,2,90-07675A,(90-07675A) LFP Battery Block with Wall Bracket,1,See Special Instructions,,814-4641@RevNEW4,ASN_20260724.csv,2026-07-23 18:00:06,2026-07-23 18:00:16,2026-07-23 18:00:16
P:90-07675AR:01S:QTL263000683,2026-07-21 17:00:00,53210,"1195 Trademark Drive, Suite 201",189853,PO-US-08927,2,90-07675A,(90-07675A) LFP Battery Block with Wall Bracket,1,See Special Instructions,,814-4641@RevNEW4,ASN_20260724.csv,2026-07-23 18:00:06,2026-07-23 18:00:16,2026-07-23 18:00:16
P:90-07675AR:01S:QTL263000684,2026-07-21 17:00:00,53210,"1195 Trademark Drive, Suite 201",189853,PO-US-08927,2,90-07675A,(90-07675A) LFP Battery Block with Wall Bracket,1,See Special Instructions,,814-4641@RevNEW4,ASN_20260723.csv,2026-07-22 18:00:15,2026-07-22 18:00:27,2026-07-22 18:00:26
P:90-07675AR:01S:QTL263000685,2026-07-21 17:00:00,53210,"1195 Trademark Drive, Suite 201",189853,PO-US-08927,2,90-07675A,(90-07675A) LFP Battery Block with Wall Bracket,1,See Special Instructions,,814-4641@RevNEW4,ASN_20260724.csv,2026-07-23 18:00:06,2026-07-23 18:00:16,2026-07-23 18:00:16
P:90-07675AR:01S:QTL263000686,2026-07-21 17:00:00,53210,"1195 Trademark Drive, Suite 201",189853,PO-US-08927,2,90-07675A,(90-07675A) LFP Battery Block with Wall Bracket,1,See Special Instructions,,814-4641@RevNEW4,ASN_20260723.csv,2026-07-22 18:00:15,2026-07-22 18:00:27,2026-07-22 18:00:26
P:90-07675AR:01S:QTL263000687,2026-07-21 17:00:00,53210,"1195 Trademark Drive, Suite 201",189853,PO-US-08927,2,90-07675A,(90-07675A) LFP Battery Block with Wall Bracket,1,See Special Instructions,,814-4641@RevNEW4,ASN_20260724.csv,2026-07-23 18:00:06,2026-07-23 18:00:16,2026-07-23 18:00:16
P:90-07675AR:01S:QTL263000688,2026-07-21 17:00:00,53210,"1195 Trademark Drive, Suite 201",189853,PO-US-08927,2,90-07675A,(90-07675A) LFP Battery Block with Wall Bracket,1,See Special Instructions,,814-4641@RevNEW4,ASN_20260723.csv,2026-07-22 18:00:15,2026-07-22 18:00:27,2026-07-22 18:00:26
P:90-07675AR:01S:QTL263000689,2026-07-21 17:00:00,53210,"1195 Trademark Drive, Suite 201",189853,PO-US-08927,2,90-07675A,(90-07675A) LFP Battery Block with Wall Bracket,1,See Special Instructions,,814-4641@RevNEW4,ASN_20260724.csv,2026-07-23 18:00:06,2026-07-23 18:00:16,2026-07-23 18:00:16
P:90-07675AR:01S:QTL263000690,2026-07-21 17:00:00,53210,"1195 Trademark Drive, Suite 201",189853,PO-US-08927,2,90-07675A,(90-07675A) LFP Battery Block with Wall Bracket,1,See Special Instructions,,814-4641@RevNEW4,ASN_20260723.csv,2026-07-22 18:00:15,2026-07-22 18:00:27,2026-07-22 18:00:26
P:90-07675AR:01S:QTL263000691,2026-07-21 17:00:00,53210,"1195 Trademark Drive, Suite 201",189853,PO-US-08927,2,90-07675A,(90-07675A) LFP Battery Block with Wall Bracket,1,See Special Instructions,,814-4641@RevNEW4,ASN_20260723.csv,2026-07-22 18:00:15,2026-07-22 18:00:27,2026-07-22 18:00:26
P:90-07675AR:01S:QTL263000692,2026-07-21 17:00:00,53210,"1195 Trademark Drive, Suite 201",189853,PO-US-08927,2,90-07675A,(90-07675A) LFP Battery Block with Wall Bracket,1,See Special Instructions,,814-4641@RevNEW4,ASN_20260723.csv,2026-07-22 18:00:15,2026-07-22 18:00:27,2026-07-22 18:00:26
P:90-07675AR:01S:QTL263000693,2026-07-21 17:00:00,53210,"1195 Trademark Drive, Suite 201",189853,PO-US-08927,2,90-07675A,(90-07675A) LFP Battery Block with Wall Bracket,1,See Special Instructions,,814-4641@RevNEW4,ASN_20260724.csv,2026-07-23 18:00:06,2026-07-23 18:00:16,2026-07-23 18:00:16
P:90-07675AR:01S:QTL263000694,2026-07-21 17:00:00,53210,"1195 Trademark Drive, Suite 201",189853,PO-US-08927,2,90-07675A,(90-07675A) LFP Battery Block with Wall Bracket,1,See Special Instructions,,814-4641@RevNEW4,ASN_20260724.csv,2026-07-23 18:00:06,2026-07-23 18:00:16,2026-07-23 18:00:16
P:90-07675AR:01S:QTL263000716,2026-07-21 17:00:00,53210,"1195 Trademark Drive, Suite 201",189853,PO-US-08927,2,90-07675A,(90-07675A) LFP Battery Block with Wall Bracket,1,See Special Instructions,,814-4641@RevNEW4,ASN_20260723.csv,2026-07-22 18:00:15,2026-07-22 18:00:27,2026-07-22 18:00:26
P:90-07675AR:01S:QTL263000717,2026-07-21 17:00:00,53210,"1195 Trademark Drive, Suite 201",189853,PO-US-08927,2,90-07675A,(90-07675A) LFP Battery Block with Wall Bracket,1,See Special Instructions,,814-4641@RevNEW4,ASN_20260724.csv,2026-07-23 18:00:06,2026-07-23 18:00:16,2026-07-23 18:00:16
P:90-07675AR:01S:QTL263000718,2026-07-21 17:00:00,53210,"1195 Trademark Drive, Suite 201",189853,PO-US-08927,2,90-07675A,(90-07675A) LFP Battery Block with Wall Bracket,1,See Special Instructions,,814-4641@RevNEW4,ASN_20260723.csv,2026-07-22 18:00:15,2026-07-22 18:00:27,2026-07-22 18:00:26
P:90-07675AR:01S:QTL263000719,2026-07-21 17:00:00,53210,"1195 Trademark Drive, Suite 201",189853,PO-US-08927,2,90-07675A,(90-07675A) LFP Battery Block with Wall Bracket,1,See Special Instructions,,814-4641@RevNEW4,ASN_20260724.csv,2026-07-23 18:00:06,2026-07-23 18:00:16,2026-07-23 18:00:16
P:90-07675AR:01S:QTL263000720,2026-07-21 17:00:00,53210,"1195 Trademark Drive, Suite 201",189853,PO-US-08927,2,90-07675A,(90-07675A) LFP Battery Block with Wall Bracket,1,See Special Instructions,,814-4641@RevNEW4,ASN_20260723.csv,2026-07-22 18:00:15,2026-07-22 18:00:27,2026-07-22 18:00:26
P:90-07675AR:01S:QTL263000721,2026-07-21 17:00:00,53210,"1195 Trademark Drive, Suite 201",189853,PO-US-08927,2,90-07675A,(90-07675A) LFP Battery Block with Wall Bracket,1,See Special Instructions,,814-4641@RevNEW4,ASN_20260723.csv,2026-07-22 18:00:15,2026-07-22 18:00:27,2026-07-22 18:00:26
P:90-07675AR:01S:QTL263000722,2026-07-21 17:00:00,53210,"1195 Trademark Drive, Suite 201",189853,PO-US-08927,2,90-07675A,(90-07675A) LFP Battery Block with Wall Bracket,1,See Special Instructions,,814-4641@RevNEW4,ASN_20260723.csv,2026-07-22 18:00:15,2026-07-22 18:00:27,2026-07-22 18:00:26
P:90-07675AR:01S:QTL263000723,2026-07-21 17:00:00,53210,"1195 Trademark Drive, Suite 201",189853,PO-US-08927,2,90-07675A,(90-07675A) LFP Battery Block with Wall Bracket,1,See Special Instructions,,814-4641@RevNEW4,ASN_20260723.csv,2026-07-22 18:00:15,2026-07-22 18:00:27,2026-07-22 18:00:26
P:90-07675AR:01S:QTL263000724,2026-07-21 17:00:00,53210,"1195 Trademark Drive, Suite 201",189853,PO-US-08927,2,90-07675A,(90-07675A) LFP Battery Block with Wall Bracket,1,See Special Instructions,,814-4641@RevNEW4,ASN_20260724.csv,2026-07-23 18:00:06,2026-07-23 18:00:16,2026-07-23 18:00:16
P:90-07675AR:01S:QTL263000725,2026-07-21 17:00:00,53210,"1195 Trademark Drive, Suite 201",189853,PO-US-08927,2,90-07675A,(90-07675A) LFP Battery Block with Wall Bracket,1,See Special Instructions,,814-4641@RevNEW4,ASN_20260723.csv,2026-07-22 18:00:15,2026-07-22 18:00:27,2026-07-22 18:00:26
P:90-07675AR:01S:QTL263000726,2026-07-21 17:00:00,53210,"1195 Trademark Drive, Suite 201",189853,PO-US-08927,2,90-07675A,(90-07675A) LFP Battery Block with Wall Bracket,1,See Special Instructions,,814-4641@RevNEW4,ASN_20260723.csv,2026-07-22 18:00:15,2026-07-22 18:00:27,2026-07-22 18:00:26
P:90-07675AR:01S:QTL263000727,2026-07-21 17:00:00,53210,"1195 Trademark Drive, Suite 201",189853,PO-US-08927,2,90-07675A,(90-07675A) LFP Battery Block with Wall Bracket,1,See Special Instructions,,814-4641@RevNEW4,ASN_20260723.csv,2026-07-22 18:00:15,2026-07-22 18:00:27,2026-07-22 18:00:26
P:90-07675AR:01S:QTL263000728,2026-07-21 17:00:00,53210,"1195 Trademark Drive, Suite 201",189853,PO-US-08927,2,90-07675A,(90-07675A) LFP Battery Block with Wall Bracket,1,See Special Instructions,,814-4641@RevNEW4,ASN_20260724.csv,2026-07-23 18:00:06,2026-07-23 18:00:16,2026-07-23 18:00:16
P:90-07675AR:01S:QTL263000729,2026-07-21 17:00:00,53210,"1195 Trademark Drive, Suite 201",189853,PO-US-08927,2,90-07675A,(90-07675A) LFP Battery Block with Wall Bracket,1,See Special Instructions,,814-4641@RevNEW4,ASN_20260723.csv,2026-07-22 18:00:15,2026-07-22 18:00:27,2026-07-22 18:00:26
P:90-07675AR:01S:QTL263000730,2026-07-21 17:00:00,53210,"1195 Trademark Drive, Suite 201",189853,PO-US-08927,2,90-07675A,(90-07675A) LFP Battery Block with Wall Bracket,1,See Special Instructions,,814-4641@RevNEW4,ASN_20260723.csv,2026-07-22 18:00:15,2026-07-22 18:00:27,2026-07-22 18:00:26
P:90-07675AR:01S:QTL263000731,2026-07-21 17:00:00,53210,"1195 Trademark Drive, Suite 201",189853,PO-US-08927,2,90-07675A,(90-07675A) LFP Battery Block with Wall Bracket,1,See Special Instructions,,814-4641@RevNEW4,ASN_20260723.csv,2026-07-22 18:00:15,2026-07-22 18:00:27,2026-07-22 18:00:26
P:90-07675AR:01S:QTL263000732,2026-07-21 17:00:00,53210,"1195 Trademark Drive, Suite 201",189853,PO-US-08927,2,90-07675A,(90-07675A) LFP Battery Block with Wall Bracket,1,See Special Instructions,,814-4641@RevNEW4,ASN_20260724.csv,2026-07-23 18:00:06,2026-07-23 18:00:16,2026-07-23 18:00:16
P:90-07675AR:01S:QTL263000733,2026-07-21 17:00:00,53210,"1195 Trademark Drive, Suite 201",189853,PO-US-08927,2,90-07675A,(90-07675A) LFP Battery Block with Wall Bracket,1,See Special Instructions,,814-4641@RevNEW4,ASN_20260724.csv,2026-07-23 18:00:06,2026-07-23 18:00:16,2026-07-23 18:00:16
P:90-07675AR:01S:QTL263000734,2026-07-21 17:00:00,53210,"1195 Trademark Drive, Suite 201",189853,PO-US-08927,2,90-07675A,(90-07675A) LFP Battery Block with Wall Bracket,1,See Special Instructions,,814-4641@RevNEW4,ASN_20260723.csv,2026-07-22 18:00:15,2026-07-22 18:00:27,2026-07-22 18:00:26
P:90-07675AR:01S:QTL263000735,2026-07-21 17:00:00,53210,"1195 Trademark Drive, Suite 201",189853,PO-US-08927,2,90-07675A,(90-07675A) LFP Battery Block with Wall Bracket,1,See Special Instructions,,814-4641@RevNEW4,ASN_20260723.csv,2026-07-22 18:00:15,2026-07-22 18:00:27,2026-07-22 18:00:26
P:90-07675AR:01S:QTL263000736,2026-07-21 17:00:00,53210,"1195 Trademark Drive, Suite 201",189853,PO-US-08927,2,90-07675A,(90-07675A) LFP Battery Block with Wall Bracket,1,See Special Instructions,,814-4641@RevNEW4,ASN_20260723.csv,2026-07-22 18:00:15,2026-07-22 18:00:27,2026-07-22 18:00:26
P:90-07675AR:01S:QTL263000737,2026-07-21 17:00:00,53210,"1195 Trademark Drive, Suite 201",189853,PO-US-08927,2,90-07675A,(90-07675A) LFP Battery Block with Wall Bracket,1,See Special Instructions,,814-4641@RevNEW4,ASN_20260724.csv,2026-07-23 18:00:06,2026-07-23 18:00:16,2026-07-23 18:00:16
P:90-07675AR:01S:QTL263000738,2026-07-21 17:00:00,53210,"1195 Trademark Drive, Suite 201",189853,PO-US-08927,2,90-07675A,(90-07675A) LFP Battery Block with Wall Bracket,1,See Special Instructions,,814-4641@RevNEW4,ASN_20260723.csv,2026-07-22 18:00:15,2026-07-22 18:00:27,2026-07-22 18:00:26
P:90-07675AR:01S:QTL263000739,2026-07-21 17:00:00,53210,"1195 Trademark Drive, Suite 201",189853,PO-US-08927,2,90-07675A,(90-07675A) LFP Battery Block with Wall Bracket,1,See Special Instructions,,814-4641@RevNEW4,ASN_20260724.csv,2026-07-23 18:00:06,2026-07-23 18:00:16,2026-07-23 18:00:16
P:90-07675AR:01S:QTL263000740,2026-07-21 17:00:00,53210,"1195 Trademark Drive, Suite 201",189853,PO-US-08927,2,90-07675A,(90-07675A) LFP Battery Block with Wall Bracket,1,See Special Instructions,,814-4641@RevNEW4,ASN_20260723.csv,2026-07-22 18:00:15,2026-07-22 18:00:27,2026-07-22 18:00:26
P:90-07675AR:01S:QTL263000741,2026-07-21 17:00:00,53210,"1195 Trademark Drive, Suite 201",189853,PO-US-08927,2,90-07675A,(90-07675A) LFP Battery Block with Wall Bracket,1,See Special Instructions,,814-4641@RevNEW4,ASN_20260724.csv,2026-07-23 18:00:06,2026-07-23 18:00:16,2026-07-23 18:00:16
P:90-07675AR:01S:QTL263000742,2026-07-21 17:00:00,53210,"1195 Trademark Drive, Suite 201",189853,PO-US-08927,2,90-07675A,(90-07675A) LFP Battery Block with Wall Bracket,1,See Special Instructions,,814-4641@RevNEW4,ASN_20260724.csv,2026-07-23 18:00:06,2026-07-23 18:00:16,2026-07-23 18:00:16
P:90-07675AR:01S:QTL263000743,2026-07-21 17:00:00,53210,"1195 Trademark Drive, Suite 201",189853,PO-US-08927,2,90-07675A,(90-07675A) LFP Battery Block with Wall Bracket,1,See Special Instructions,,814-4641@RevNEW4,ASN_20260723.csv,2026-07-22 18:00:15,2026-07-22 18:00:27,2026-07-22 18:00:26
P:90-07675AR:01S:QTL263000744,2026-07-21 17:00:00,53210,"1195 Trademark Drive, Suite 201",189853,PO-US-08927,2,90-07675A,(90-07675A) LFP Battery Block with Wall Bracket,1,See Special Instructions,,814-4641@RevNEW4,ASN_20260723.csv,2026-07-22 18:00:15,2026-07-22 18:00:27,2026-07-22 18:00:26
P:90-07675AR:01S:QTL263000745,2026-07-21 17:00:00,53210,"1195 Trademark Drive, Suite 201",189853,PO-US-08927,2,90-07675A,(90-07675A) LFP Battery Block with Wall Bracket,1,See Special Instructions,,814-4641@RevNEW4,ASN_20260723.csv,2026-07-22 18:00:15,2026-07-22 18:00:27,2026-07-22 18:00:26
P:90-07675AR:01S:QTL263000746,2026-07-21 17:00:00,53210,"1195 Trademark Drive, Suite 201",189853,PO-US-08927,2,90-07675A,(90-07675A) LFP Battery Block with Wall Bracket,1,See Special Instructions,,814-4641@RevNEW4,ASN_20260723.csv,2026-07-22 18:00:15,2026-07-22 18:00:27,2026-07-22 18:00:26
P:90-07675AR:01S:QTL263000747,2026-07-21 17:00:00,53210,"1195 Trademark Drive, Suite 201",189853,PO-US-08927,2,90-07675A,(90-07675A) LFP Battery Block with Wall Bracket,1,See Special Instructions,,814-4641@RevNEW4,ASN_20260724.csv,2026-07-23 18:00:06,2026-07-23 18:00:16,2026-07-23 18:00:16
P:90-07675AR:01S:QTL263000748,2026-07-21 17:00:00,53210,"1195 Trademark Drive, Suite 201",189853,PO-US-08927,2,90-07675A,(90-07675A) LFP Battery Block with Wall Bracket,1,See Special Instructions,,814-4641@RevNEW4,ASN_20260723.csv,2026-07-22 18:00:15,2026-07-22 18:00:27,2026-07-22 18:00:26
P:90-07675AR:01S:QTL263000749,2026-07-21 17:00:00,53210,"1195 Trademark Drive, Suite 201",189853,PO-US-08927,2,90-07675A,(90-07675A) LFP Battery Block with Wall Bracket,1,See Special Instructions,,814-4641@RevNEW4,ASN_20260724.csv,2026-07-23 18:00:06,2026-07-23 18:00:16,2026-07-23 18:00:16
P:90-07675AR:01S:QTL263000750,2026-07-21 17:00:00,53210,"1195 Trademark Drive, Suite 201",189853,PO-US-08927,2,90-07675A,(90-07675A) LFP Battery Block with Wall Bracket,1,See Special Instructions,,814-4641@RevNEW4,ASN_20260724.csv,2026-07-23 18:00:06,2026-07-23 18:00:16,2026-07-23 18:00:16
P:90-07675AR:01S:QTL263000751,2026-07-21 17:00:00,53210,"1195 Trademark Drive, Suite 201",189853,PO-US-08927,2,90-07675A,(90-07675A) LFP Battery Block with Wall Bracket,1,See Special Instructions,,814-4641@RevNEW4,ASN_20260723.csv,2026-07-22 18:00:15,2026-07-22 18:00:27,2026-07-22 18:00:26
P:90-07675AR:01S:QTL263000752,2026-07-21 17:00:00,53210,"1195 Trademark Drive, Suite 201",189853,PO-US-08927,2,90-07675A,(90-07675A) LFP Battery Block with Wall Bracket,1,See Special Instructions,,814-4641@RevNEW4,ASN_20260723.csv,2026-07-22 18:00:15,2026-07-22 18:00:27,2026-07-22 18:00:26
P:90-07675AR:01S:QTL263000753,2026-07-21 17:00:00,53210,"1195 Trademark Drive, Suite 201",189853,PO-US-08927,2,90-07675A,(90-07675A) LFP Battery Block with Wall Bracket,1,See Special Instructions,,814-4641@RevNEW4,ASN_20260723.csv,2026-07-22 18:00:15,2026-07-22 18:00:27,2026-07-22 18:00:26
P:90-07675AR:01S:QTL263000754,2026-07-21 17:00:00,53210,"1195 Trademark Drive, Suite 201",189853,PO-US-08927,2,90-07675A,(90-07675A) LFP Battery Block with Wall Bracket,1,See Special Instructions,,814-4641@RevNEW4,ASN_20260724.csv,2026-07-23 18:00:06,2026-07-23 18:00:16,2026-07-23 18:00:16
P:90-07675AR:01S:QTL263000755,2026-07-21 17:00:00,53210,"1195 Trademark Drive, Suite 201",189853,PO-US-08927,2,90-07675A,(90-07675A) LFP Battery Block with Wall Bracket,1,See Special Instructions,,814-4641@RevNEW4,ASN_20260723.csv,2026-07-22 18:00:15,2026-07-22 18:00:27,2026-07-22 18:00:26
P:90-07675AR:01S:QTL263000867,2026-07-21 17:00:00,53210,"1195 Trademark Drive, Suite 201",189853,PO-US-08927,2,90-07675A,(90-07675A) LFP Battery Block with Wall Bracket,1,See Special Instructions,,814-4641@RevNEW4,ASN_20260724.csv,2026-07-23 18:00:06,2026-07-23 18:00:16,2026-07-23 18:00:16
P:90-07675AR:01S:QTL263000868,2026-07-21 17:00:00,53210,"1195 Trademark Drive, Suite 201",189853,PO-US-08927,2,90-07675A,(90-07675A) LFP Battery Block with Wall Bracket,1,See Special Instructions,,814-4641@RevNEW4,ASN_20260724.csv,2026-07-23 18:00:06,2026-07-23 18:00:16,2026-07-23 18:00:16
P:90-07675AR:01S:QTL263000869,2026-07-21 17:00:00,53210,"1195 Trademark Drive, Suite 201",189853,PO-US-08927,2,90-07675A,(90-07675A) LFP Battery Block with Wall Bracket,1,See Special Instructions,,814-4641@RevNEW4,ASN_20260723.csv,2026-07-22 18:00:15,2026-07-22 18:00:27,2026-07-22 18:00:26
P:90-07675AR:01S:QTL263000870,2026-07-21 17:00:00,53210,"1195 Trademark Drive, Suite 201",189853,PO-US-08927,2,90-07675A,(90-07675A) LFP Battery Block with Wall Bracket,1,See Special Instructions,,814-4641@RevNEW4,ASN_20260724.csv,2026-07-23 18:00:06,2026-07-23 18:00:16,2026-07-23 18:00:16
P:90-07675AR:01S:QTL263003823,2026-07-26 17:00:00,53210,"1195 Trademark Drive, Suite 201",189977,PO-US-08927,2,90-07675A,(90-07675A) LFP Battery Block with Wall Bracket,1,See Special Instructions,,814-4641@RevNEW4,ASN_20260729.csv,2026-07-28 18:00:09,2026-07-28 18:00:19,2026-07-28 18:00:19
P:90-07675AR:01S:QTL263003824,2026-07-26 17:00:00,53210,"1195 Trademark Drive, Suite 201",189977,PO-US-08927,2,90-07675A,(90-07675A) LFP Battery Block with Wall Bracket,1,See Special Instructions,,814-4641@RevNEW4,ASN_20260729.csv,2026-07-28 18:00:09,2026-07-28 18:00:19,2026-07-28 18:00:19
P:90-07675AR:01S:QTL263003825,2026-07-26 17:00:00,53210,"1195 Trademark Drive, Suite 201",189977,PO-US-08927,2,90-07675A,(90-07675A) LFP Battery Block with Wall Bracket,1,See Special Instructions,,814-4641@RevNEW4,ASN_20260729.csv,2026-07-28 18:00:09,2026-07-28 18:00:19,2026-07-28 18:00:19
P:90-07675AR:01S:QTL263003826,2026-07-26 17:00:00,53210,"1195 Trademark Drive, Suite 201",189977,PO-US-08927,2,90-07675A,(90-07675A) LFP Battery Block with Wall Bracket,1,See Special Instructions,,814-4641@RevNEW4,ASN_20260729.csv,2026-07-28 18:00:09,2026-07-28 18:00:19,2026-07-28 18:00:19
P:90-07675AR:01S:QTL263003827,2026-07-26 17:00:00,53210,"1195 Trademark Drive, Suite 201",189977,PO-US-08927,2,90-07675A,(90-07675A) LFP Battery Block with Wall Bracket,1,See Special Instructions,,814-4641@RevNEW4,ASN_20260729.csv,2026-07-28 18:00:09,2026-07-28 18:00:19,2026-07-28 18:00:19
P:90-07675AR:01S:QTL263003828,2026-07-26 17:00:00,53210,"1195 Trademark Drive, Suite 201",189977,PO-US-08927,2,90-07675A,(90-07675A) LFP Battery Block with Wall Bracket,1,See Special Instructions,,814-4641@RevNEW4,ASN_20260729.csv,2026-07-28 18:00:09,2026-07-28 18:00:19,2026-07-28 18:00:19
P:90-07675AR:01S:QTL263003829,2026-07-26 17:00:00,53210,"1195 Trademark Drive, Suite 201",189977,PO-US-08927,2,90-07675A,(90-07675A) LFP Battery Block with Wall Bracket,1,See Special Instructions,,814-4641@RevNEW4,ASN_20260729.csv,2026-07-28 18:00:09,2026-07-28 18:00:19,2026-07-28 18:00:19
P:90-07675AR:01S:QTL263003830,2026-07-26 17:00:00,53210,"1195 Trademark Drive, Suite 201",189977,PO-US-08927,2,90-07675A,(90-07675A) LFP Battery Block with Wall Bracket,1,See Special Instructions,,814-4641@RevNEW4,ASN_20260729.csv,2026-07-28 18:00:09,2026-07-28 18:00:19,2026-07-28 18:00:19
P:90-07675AR:01S:QTL263003831,2026-07-26 17:00:00,53210,"1195 Trademark Drive, Suite 201",189977,PO-US-08927,2,90-07675A,(90-07675A) LFP Battery Block with Wall Bracket,1,See Special Instructions,,814-4641@RevNEW4,ASN_20260729.csv,2026-07-28 18:00:09,2026-07-28 18:00:19,2026-07-28 18:00:19
P:90-07675AR:01S:QTL263003832,2026-07-26 17:00:00,53210,"1195 Trademark Drive, Suite 201",189977,PO-US-08927,2,90-07675A,(90-07675A) LFP Battery Block with Wall Bracket,1,See Special Instructions,,814-4641@RevNEW4,ASN_20260729.csv,2026-07-28 18:00:09,2026-07-28 18:00:19,2026-07-28 18:00:19
P:90-07675AR:01S:QTL263003833,2026-07-26 17:00:00,53210,"1195 Trademark Drive, Suite 201",189977,PO-US-08927,2,90-07675A,(90-07675A) LFP Battery Block with Wall Bracket,1,See Special Instructions,,814-4641@RevNEW4,ASN_20260729.csv,2026-07-28 18:00:09,2026-07-28 18:00:19,2026-07-28 18:00:19
P:90-07675AR:01S:QTL263003834,2026-07-26 17:00:00,53210,"1195 Trademark Drive, Suite 201",189977,PO-US-08927,2,90-07675A,(90-07675A) LFP Battery Block with Wall Bracket,1,See Special Instructions,,814-4641@RevNEW4,ASN_20260729.csv,2026-07-28 18:00:09,2026-07-28 18:00:19,2026-07-28 18:00:19
P:90-07675AR:01S:QTL263003835,2026-07-26 17:00:00,53210,"1195 Trademark Drive, Suite 201",189977,PO-US-08927,2,90-07675A,(90-07675A) LFP Battery Block with Wall Bracket,1,See Special Instructions,,814-4641@RevNEW4,ASN_20260729.csv,2026-07-28 18:00:09,2026-07-28 18:00:19,2026-07-28 18:00:19
P:90-07675AR:01S:QTL263003836,2026-07-26 17:00:00,53210,"1195 Trademark Drive, Suite 201",189977,PO-US-08927,2,90-07675A,(90-07675A) LFP Battery Block with Wall Bracket,1,See Special Instructions,,814-4641@RevNEW4,ASN_20260729.csv,2026-07-28 18:00:09,2026-07-28 18:00:19,2026-07-28 18:00:19
P:90-07675AR:01S:QTL263003837,2026-07-26 17:00:00,53210,"1195 Trademark Drive, Suite 201",189977,PO-US-08927,2,90-07675A,(90-07675A) LFP Battery Block with Wall Bracket,1,See Special Instructions,,814-4641@RevNEW4,ASN_20260729.csv,2026-07-28 18:00:09,2026-07-28 18:00:19,2026-07-28 18:00:19
P:90-07675AR:01S:QTL263004015,2026-07-26 17:00:00,53210,"1195 Trademark Drive, Suite 201",189977,PO-US-08927,2,90-07675A,(90-07675A) LFP Battery Block with Wall Bracket,1,See Special Instructions,,814-4641@RevNEW4,ASN_20260729.csv,2026-07-28 18:00:09,2026-07-28 18:00:19,2026-07-28 18:00:19
P:90-07675AR:01S:QTL263004016,2026-07-26 17:00:00,53210,"1195 Trademark Drive, Suite 201",189977,PO-US-08927,2,90-07675A,(90-07675A) LFP Battery Block with Wall Bracket,1,See Special Instructions,,814-4641@RevNEW4,ASN_20260729.csv,2026-07-28 18:00:09,2026-07-28 18:00:19,2026-07-28 18:00:19
P:90-07675AR:01S:QTL263004017,2026-07-26 17:00:00,53210,"1195 Trademark Drive, Suite 201",189977,PO-US-08927,2,90-07675A,(90-07675A) LFP Battery Block with Wall Bracket,1,See Special Instructions,,814-4641@RevNEW4,ASN_20260729.csv,2026-07-28 18:00:09,2026-07-28 18:00:19,2026-07-28 18:00:19
P:90-07675AR:01S:QTL263004018,2026-07-26 17:00:00,53210,"1195 Trademark Drive, Suite 201",189977,PO-US-08927,2,90-07675A,(90-07675A) LFP Battery Block with Wall Bracket,1,See Special Instructions,,814-4641@RevNEW4,ASN_20260729.csv,2026-07-28 18:00:09,2026-07-28 18:00:19,2026-07-28 18:00:19
P:90-07675AR:01S:QTL263004019,2026-07-26 17:00:00,53210,"1195 Trademark Drive, Suite 201",189977,PO-US-08927,2,90-07675A,(90-07675A) LFP Battery Block with Wall Bracket,1,See Special Instructions,,814-4641@RevNEW4,ASN_20260729.csv,2026-07-28 18:00:09,2026-07-28 18:00:19,2026-07-28 18:00:19
P:90-07675AR:01S:QTL263004020,2026-07-26 17:00:00,53210,"1195 Trademark Drive, Suite 201",189977,PO-US-08927,2,90-07675A,(90-07675A) LFP Battery Block with Wall Bracket,1,See Special Instructions,,814-4641@RevNEW4,ASN_20260729.csv,2026-07-28 18:00:09,2026-07-28 18:00:19,2026-07-28 18:00:19
P:90-07675AR:01S:QTL263004021,2026-07-26 17:00:00,53210,"1195 Trademark Drive, Suite 201",189977,PO-US-08927,2,90-07675A,(90-07675A) LFP Battery Block with Wall Bracket,1,See Special Instructions,,814-4641@RevNEW4,ASN_20260729.csv,2026-07-28 18:00:09,2026-07-28 18:00:19,2026-07-28 18:00:19
P:90-07675AR:01S:QTL263004022,2026-07-26 17:00:00,53210,"1195 Trademark Drive, Suite 201",189977,PO-US-08927,2,90-07675A,(90-07675A) LFP Battery Block with Wall Bracket,1,See Special Instructions,,814-4641@RevNEW4,ASN_20260729.csv,2026-07-28 18:00:09,2026-07-28 18:00:19,2026-07-28 18:00:19
P:90-07675AR:01S:QTL263004023,2026-07-26 17:00:00,53210,"1195 Trademark Drive, Suite 201",189977,PO-US-08927,2,90-07675A,(90-07675A) LFP Battery Block with Wall Bracket,1,See Special Instructions,,814-4641@RevNEW4,ASN_20260729.csv,2026-07-28 18:00:09,2026-07-28 18:00:19,2026-07-28 18:00:19
P:90-07675AR:01S:QTL263004024,2026-07-26 17:00:00,53210,"1195 Trademark Drive, Suite 201",189977,PO-US-08927,2,90-07675A,(90-07675A) LFP Battery Block with Wall Bracket,1,See Special Instructions,,814-4641@RevNEW4,ASN_20260729.csv,2026-07-28 18:00:09,2026-07-28 18:00:19,2026-07-28 18:00:19
P:90-07675AR:01S:QTL263004025,2026-07-26 17:00:00,53210,"1195 Trademark Drive, Suite 201",189977,PO-US-08927,2,90-07675A,(90-07675A) LFP Battery Block with Wall Bracket,1,See Special Instructions,,814-4641@RevNEW4,ASN_20260729.csv,2026-07-28 18:00:09,2026-07-28 18:00:19,2026-07-28 18:00:19
P:90-07675AR:01S:QTL263004026,2026-07-26 17:00:00,53210,"1195 Trademark Drive, Suite 201",189977,PO-US-08927,2,90-07675A,(90-07675A) LFP Battery Block with Wall Bracket,1,See Special Instructions,,814-4641@RevNEW4,ASN_20260729.csv,2026-07-28 18:00:09,2026-07-28 18:00:19,2026-07-28 18:00:19
P:90-07675AR:01S:QTL263004027,2026-07-26 17:00:00,53210,"1195 Trademark Drive, Suite 201",189977,PO-US-08927,2,90-07675A,(90-07675A) LFP Battery Block with Wall Bracket,1,See Special Instructions,,814-4641@RevNEW4,ASN_20260729.csv,2026-07-28 18:00:09,2026-07-28 18:00:19,2026-07-28 18:00:19
P:90-07675AR:01S:QTL263004028,2026-07-26 17:00:00,53210,"1195 Trademark Drive, Suite 201",189977,PO-US-08927,2,90-07675A,(90-07675A) LFP Battery Block with Wall Bracket,1,See Special Instructions,,814-4641@RevNEW4,ASN_20260729.csv,2026-07-28 18:00:09,2026-07-28 18:00:19,2026-07-28 18:00:19
P:90-07675AR:01S:QTL263004029,2026-07-26 17:00:00,53210,"1195 Trademark Drive, Suite 201",189977,PO-US-08927,2,90-07675A,(90-07675A) LFP Battery Block with Wall Bracket,1,See Special Instructions,,814-4641@RevNEW4,ASN_20260729.csv,2026-07-28 18:00:09,2026-07-28 18:00:19,2026-07-28 18:00:19
P:90-07675AR:01S:QTL263004030,2026-07-26 17:00:00,53210,"1195 Trademark Drive, Suite 201",189977,PO-US-08927,2,90-07675A,(90-07675A) LFP Battery Block with Wall Bracket,1,See Special Instructions,,814-4641@RevNEW4,ASN_20260729.csv,2026-07-28 18:00:09,2026-07-28 18:00:19,2026-07-28 18:00:19
P:90-07675AR:01S:QTL263004031,2026-07-26 17:00:00,53210,"1195 Trademark Drive, Suite 201",189977,PO-US-08927,2,90-07675A,(90-07675A) LFP Battery Block with Wall Bracket,1,See Special Instructions,,814-4641@RevNEW4,ASN_20260729.csv,2026-07-28 18:00:09,2026-07-28 18:00:19,2026-07-28 18:00:19
P:90-07675AR:01S:QTL263004032,2026-07-26 17:00:00,53210,"1195 Trademark Drive, Suite 201",189977,PO-US-08927,2,90-07675A,(90-07675A) LFP Battery Block with Wall Bracket,1,See Special Instructions,,814-4641@RevNEW4,ASN_20260729.csv,2026-07-28 18:00:09,2026-07-28 18:00:19,2026-07-28 18:00:19
P:90-07675AR:01S:QTL263004033,2026-07-26 17:00:00,53210,"1195 Trademark Drive, Suite 201",189977,PO-US-08927,2,90-07675A,(90-07675A) LFP Battery Block with Wall Bracket,1,See Special Instructions,,814-4641@RevNEW4,ASN_20260729.csv,2026-07-28 18:00:09,2026-07-28 18:00:19,2026-07-28 18:00:19
P:90-07675AR:01S:QTL263004034,2026-07-26 17:00:00,53210,"1195 Trademark Drive, Suite 201",189977,PO-US-08927,2,90-07675A,(90-07675A) LFP Battery Block with Wall Bracket,1,See Special Instructions,,814-4641@RevNEW4,ASN_20260729.csv,2026-07-28 18:00:09,2026-07-28 18:00:19,2026-07-28 18:00:19
P:90-07675AR:01S:QTL263004035,2026-07-26 17:00:00,53210,"1195 Trademark Drive, Suite 201",189977,PO-US-08927,2,90-07675A,(90-07675A) LFP Battery Block with Wall Bracket,1,See Special Instructions,,814-4641@RevNEW4,ASN_20260729.csv,2026-07-28 18:00:09,2026-07-28 18:00:19,2026-07-28 18:00:19
P:90-07675AR:01S:QTL263004036,2026-07-26 17:00:00,53210,"1195 Trademark Drive, Suite 201",189977,PO-US-08927,2,90-07675A,(90-07675A) LFP Battery Block with Wall Bracket,1,See Special Instructions,,814-4641@RevNEW4,ASN_20260729.csv,2026-07-28 18:00:09,2026-07-28 18:00:19,2026-07-28 18:00:19
P:90-07675AR:01S:QTL263004037,2026-07-26 17:00:00,53210,"1195 Trademark Drive, Suite 201",189977,PO-US-08927,2,90-07675A,(90-07675A) LFP Battery Block with Wall Bracket,1,See Special Instructions,,814-4641@RevNEW4,ASN_20260729.csv,2026-07-28 18:00:09,2026-07-28 18:00:19,2026-07-28 18:00:19
P:90-07675AR:01S:QTL263004038,2026-07-26 17:00:00,53210,"1195 Trademark Drive, Suite 201",189977,PO-US-08927,2,90-07675A,(90-07675A) LFP Battery Block with Wall Bracket,1,See Special Instructions,,814-4641@RevNEW4,ASN_20260729.csv,2026-07-28 18:00:09,2026-07-28 18:00:19,2026-07-28 18:00:19
P:90-07675AR:01S:QTL263004039,2026-07-26 17:00:00,53210,"1195 Trademark Drive, Suite 201",189977,PO-US-08927,2,90-07675A,(90-07675A) LFP Battery Block with Wall Bracket,1,See Special Instructions,,814-4641@RevNEW4,ASN_20260729.csv,2026-07-28 18:00:09,2026-07-28 18:00:19,2026-07-28 18:00:19
P:90-07675AR:01S:QTL263004040,2026-07-26 17:00:00,53210,"1195 Trademark Drive, Suite 201",189977,PO-US-08927,2,90-07675A,(90-07675A) LFP Battery Block with Wall Bracket,1,See Special Instructions,,814-4641@RevNEW4,ASN_20260729.csv,2026-07-28 18:00:09,2026-07-28 18:00:19,2026-07-28 18:00:19
P:90-07675AR:01S:QTL263004041,2026-07-26 17:00:00,53210,"1195 Trademark Drive, Suite 201",189977,PO-US-08927,2,90-07675A,(90-07675A) LFP Battery Block with Wall Bracket,1,See Special Instructions,,814-4641@RevNEW4,ASN_20260729.csv,2026-07-28 18:00:09,2026-07-28 18:00:19,2026-07-28 18:00:19
P:90-07675AR:01S:QTL263004042,2026-07-26 17:00:00,53210,"1195 Trademark Drive, Suite 201",189977,PO-US-08927,2,90-07675A,(90-07675A) LFP Battery Block with Wall Bracket,1,See Special Instructions,,814-4641@RevNEW4,ASN_20260729.csv,2026-07-28 18:00:09,2026-07-28 18:00:19,2026-07-28 18:00:19
P:90-07675AR:01S:QTL263004043,2026-07-26 17:00:00,53210,"1195 Trademark Drive, Suite 201",189977,PO-US-08927,2,90-07675A,(90-07675A) LFP Battery Block with Wall Bracket,1,See Special Instructions,,814-4641@RevNEW4,ASN_20260729.csv,2026-07-28 18:00:09,2026-07-28 18:00:19,2026-07-28 18:00:19
P:90-07675AR:01S:QTL263004044,2026-07-26 17:00:00,53210,"1195 Trademark Drive, Suite 201",189977,PO-US-08927,2,90-07675A,(90-07675A) LFP Battery Block with Wall Bracket,1,See Special Instructions,,814-4641@RevNEW4,ASN_20260729.csv,2026-07-28 18:00:09,2026-07-28 18:00:19,2026-07-28 18:00:19
P:90-07675AR:01S:QTL263004045,2026-07-26 17:00:00,53210,"1195 Trademark Drive, Suite 201",189977,PO-US-08927,2,90-07675A,(90-07675A) LFP Battery Block with Wall Bracket,1,See Special Instructions,,814-4641@RevNEW4,ASN_20260729.csv,2026-07-28 18:00:09,2026-07-28 18:00:19,2026-07-28 18:00:19
P:90-07675AR:01S:QTL263004046,2026-07-26 17:00:00,53210,"1195 Trademark Drive, Suite 201",189977,PO-US-08927,2,90-07675A,(90-07675A) LFP Battery Block with Wall Bracket,1,See Special Instructions,,814-4641@RevNEW4,ASN_20260729.csv,2026-07-28 18:00:09,2026-07-28 18:00:19,2026-07-28 18:00:19
P:90-07675AR:01S:QTL263004047,2026-07-26 17:00:00,53210,"1195 Trademark Drive, Suite 201",189977,PO-US-08927,2,90-07675A,(90-07675A) LFP Battery Block with Wall Bracket,1,See Special Instructions,,814-4641@RevNEW4,ASN_20260729.csv,2026-07-28 18:00:09,2026-07-28 18:00:19,2026-07-28 18:00:19
P:90-07675AR:01S:QTL263004048,2026-07-26 17:00:00,53210,"1195 Trademark Drive, Suite 201",189977,PO-US-08927,2,90-07675A,(90-07675A) LFP Battery Block with Wall Bracket,1,See Special Instructions,,814-4641@RevNEW4,ASN_20260729.csv,2026-07-28 18:00:09,2026-07-28 18:00:19,2026-07-28 18:00:19
P:90-07675AR:01S:QTL263004049,2026-07-26 17:00:00,53210,"1195 Trademark Drive, Suite 201",189977,PO-US-08927,2,90-07675A,(90-07675A) LFP Battery Block with Wall Bracket,1,See Special Instructions,,814-4641@RevNEW4,ASN_20260729.csv,2026-07-28 18:00:09,2026-07-28 18:00:19,2026-07-28 18:00:19
P:90-07675AR:01S:QTL263004050,2026-07-26 17:00:00,53210,"1195 Trademark Drive, Suite 201",189977,PO-US-08927,2,90-07675A,(90-07675A) LFP Battery Block with Wall Bracket,1,See Special Instructions,,814-4641@RevNEW4,ASN_20260729.csv,2026-07-28 18:00:09,2026-07-28 18:00:19,2026-07-28 18:00:19
P:90-07675AR:01S:QTL263004051,2026-07-26 17:00:00,53210,"1195 Trademark Drive, Suite 201",189977,PO-US-08927,2,90-07675A,(90-07675A) LFP Battery Block with Wall Bracket,1,See Special Instructions,,814-4641@RevNEW4,ASN_20260729.csv,2026-07-28 18:00:09,2026-07-28 18:00:19,2026-07-28 18:00:19
P:90-07675AR:01S:QTL263004052,2026-07-26 17:00:00,53210,"1195 Trademark Drive, Suite 201",189977,PO-US-08927,2,90-07675A,(90-07675A) LFP Battery Block with Wall Bracket,1,See Special Instructions,,814-4641@RevNEW4,ASN_20260729.csv,2026-07-28 18:00:09,2026-07-28 18:00:19,2026-07-28 18:00:19
P:90-07675AR:01S:QTL263004053,2026-07-26 17:00:00,53210,"1195 Trademark Drive, Suite 201",189977,PO-US-08927,2,90-07675A,(90-07675A) LFP Battery Block with Wall Bracket,1,See Special Instructions,,814-4641@RevNEW4,ASN_20260729.csv,2026-07-28 18:00:09,2026-07-28 18:00:19,2026-07-28 18:00:19
P:90-07675AR:01S:QTL263004054,2026-07-26 17:00:00,53210,"1195 Trademark Drive, Suite 201",189977,PO-US-08927,2,90-07675A,(90-07675A) LFP Battery Block with Wall Bracket,1,See Special Instructions,,814-4641@RevNEW4,ASN_20260729.csv,2026-07-28 18:00:09,2026-07-28 18:00:19,2026-07-28 18:00:19
P:90-07675AR:01S:QTL263004055,2026-07-26 17:00:00,53210,"1195 Trademark Drive, Suite 201",189977,PO-US-08927,2,90-07675A,(90-07675A) LFP Battery Block with Wall Bracket,1,See Special Instructions,,814-4641@RevNEW4,ASN_20260729.csv,2026-07-28 18:00:09,2026-07-28 18:00:19,2026-07-28 18:00:19
P:90-07675AR:01S:QTL263004148,2026-07-26 17:00:00,53210,"1195 Trademark Drive, Suite 201",189977,PO-US-08927,2,90-07675A,(90-07675A) LFP Battery Block with Wall Bracket,1,See Special Instructions,,814-4641@RevNEW4,ASN_20260729.csv,2026-07-28 18:00:09,2026-07-28 18:00:19,2026-07-28 18:00:19
P:90-07675AR:01S:QTL263004149,2026-07-26 17:00:00,53210,"1195 Trademark Drive, Suite 201",189977,PO-US-08927,2,90-07675A,(90-07675A) LFP Battery Block with Wall Bracket,1,See Special Instructions,,814-4641@RevNEW4,ASN_20260729.csv,2026-07-28 18:00:09,2026-07-28 18:00:19,2026-07-28 18:00:19
P:90-07675AR:01S:QTL263004150,2026-07-26 17:00:00,53210,"1195 Trademark Drive, Suite 201",189977,PO-US-08927,2,90-07675A,(90-07675A) LFP Battery Block with Wall Bracket,1,See Special Instructions,,814-4641@RevNEW4,ASN_20260729.csv,2026-07-28 18:00:09,2026-07-28 18:00:19,2026-07-28 18:00:19
P:90-07675AR:01S:QTL263004151,2026-07-26 17:00:00,53210,"1195 Trademark Drive, Suite 201",189977,PO-US-08927,2,90-07675A,(90-07675A) LFP Battery Block with Wall Bracket,1,See Special Instructions,,814-4641@RevNEW4,ASN_20260729.csv,2026-07-28 18:00:09,2026-07-28 18:00:19,2026-07-28 18:00:19
P:90-07675AR:01S:QTL263004152,2026-07-26 17:00:00,53210,"1195 Trademark Drive, Suite 201",189977,PO-US-08927,2,90-07675A,(90-07675A) LFP Battery Block with Wall Bracket,1,See Special Instructions,,814-4641@RevNEW4,ASN_20260729.csv,2026-07-28 18:00:09,2026-07-28 18:00:19,2026-07-28 18:00:19
P:90-07675AR:01S:QTL263004153,2026-07-26 17:00:00,53210,"1195 Trademark Drive, Suite 201",189977,PO-US-08927,2,90-07675A,(90-07675A) LFP Battery Block with Wall Bracket,1,See Special Instructions,,814-4641@RevNEW4,ASN_20260729.csv,2026-07-28 18:00:09,2026-07-28 18:00:19,2026-07-28 18:00:19
P:90-07675AR:01S:QTL263004154,2026-07-26 17:00:00,53210,"1195 Trademark Drive, Suite 201",189977,PO-US-08927,2,90-07675A,(90-07675A) LFP Battery Block with Wall Bracket,1,See Special Instructions,,814-4641@RevNEW4,ASN_20260729.csv,2026-07-28 18:00:09,2026-07-28 18:00:19,2026-07-28 18:00:19
P:90-07675AR:01S:QTL263004155,2026-07-26 17:00:00,53210,"1195 Trademark Drive, Suite 201",189977,PO-US-08927,2,90-07675A,(90-07675A) LFP Battery Block with Wall Bracket,1,See Special Instructions,,814-4641@RevNEW4,ASN_20260729.csv,2026-07-28 18:00:09,2026-07-28 18:00:19,2026-07-28 18:00:19
P:90-07675AR:01S:QTL263004156,2026-07-26 17:00:00,53210,"1195 Trademark Drive, Suite 201",189977,PO-US-08927,2,90-07675A,(90-07675A) LFP Battery Block with Wall Bracket,1,See Special Instructions,,814-4641@RevNEW4,ASN_20260729.csv,2026-07-28 18:00:09,2026-07-28 18:00:19,2026-07-28 18:00:19
P:90-07675AR:01S:QTL263004157,2026-07-26 17:00:00,53210,"1195 Trademark Drive, Suite 201",189977,PO-US-08927,2,90-07675A,(90-07675A) LFP Battery Block with Wall Bracket,1,See Special Instructions,,814-4641@RevNEW4,ASN_20260729.csv,2026-07-28 18:00:09,2026-07-28 18:00:19,2026-07-28 18:00:19
P:90-07675AR:01S:QTL263004158,2026-07-26 17:00:00,53210,"1195 Trademark Drive, Suite 201",189977,PO-US-08927,2,90-07675A,(90-07675A) LFP Battery Block with Wall Bracket,1,See Special Instructions,,814-4641@RevNEW4,ASN_20260729.csv,2026-07-28 18:00:09,2026-07-28 18:00:19,2026-07-28 18:00:19
P:90-07675AR:01S:QTL263004159,2026-07-26 17:00:00,53210,"1195 Trademark Drive, Suite 201",189977,PO-US-08927,2,90-07675A,(90-07675A) LFP Battery Block with Wall Bracket,1,See Special Instructions,,814-4641@RevNEW4,ASN_20260729.csv,2026-07-28 18:00:09,2026-07-28 18:00:19,2026-07-28 18:00:19
P:90-07675AR:01S:QTL263004160,2026-07-26 17:00:00,53210,"1195 Trademark Drive, Suite 201",189977,PO-US-08927,2,90-07675A,(90-07675A) LFP Battery Block with Wall Bracket,1,See Special Instructions,,814-4641@RevNEW4,ASN_20260729.csv,2026-07-28 18:00:09,2026-07-28 18:00:19,2026-07-28 18:00:19
P:90-07675AR:01S:QTL263004161,2026-07-26 17:00:00,53210,"1195 Trademark Drive, Suite 201",189977,PO-US-08927,2,90-07675A,(90-07675A) LFP Battery Block with Wall Bracket,1,See Special Instructions,,814-4641@RevNEW4,ASN_20260729.csv,2026-07-28 18:00:09,2026-07-28 18:00:19,2026-07-28 18:00:19
P:90-07675AR:01S:QTL263004162,2026-07-26 17:00:00,53210,"1195 Trademark Drive, Suite 201",189977,PO-US-08927,2,90-07675A,(90-07675A) LFP Battery Block with Wall Bracket,1,See Special Instructions,,814-4641@RevNEW4,ASN_20260729.csv,2026-07-28 18:00:09,2026-07-28 18:00:19,2026-07-28 18:00:19
P:90-07675AR:01S:QTL263004163,2026-07-26 17:00:00,53210,"1195 Trademark Drive, Suite 201",189977,PO-US-08927,2,90-07675A,(90-07675A) LFP Battery Block with Wall Bracket,1,See Special Instructions,,814-4641@RevNEW4,ASN_20260729.csv,2026-07-28 18:00:09,2026-07-28 18:00:19,2026-07-28 18:00:19
P:90-07675AR:01S:QTL263004164,2026-07-26 17:00:00,53210,"1195 Trademark Drive, Suite 201",189977,PO-US-08927,2,90-07675A,(90-07675A) LFP Battery Block with Wall Bracket,1,See Special Instructions,,814-4641@RevNEW4,ASN_20260729.csv,2026-07-28 18:00:09,2026-07-28 18:00:19,2026-07-28 18:00:19
P:90-07675AR:01S:QTL263004165,2026-07-26 17:00:00,53210,"1195 Trademark Drive, Suite 201",189977,PO-US-08927,2,90-07675A,(90-07675A) LFP Battery Block with Wall Bracket,1,See Special Instructions,,814-4641@RevNEW4,ASN_20260729.csv,2026-07-28 18:00:09,2026-07-28 18:00:19,2026-07-28 18:00:19
P:90-07675AR:01S:QTL263004166,2026-07-26 17:00:00,53210,"1195 Trademark Drive, Suite 201",189977,PO-US-08927,2,90-07675A,(90-07675A) LFP Battery Block with Wall Bracket,1,See Special Instructions,,814-4641@RevNEW4,ASN_20260729.csv,2026-07-28 18:00:09,2026-07-28 18:00:19,2026-07-28 18:00:19
P:90-07675AR:01S:QTL263004167,2026-07-26 17:00:00,53210,"1195 Trademark Drive, Suite 201",189977,PO-US-08927,2,90-07675A,(90-07675A) LFP Battery Block with Wall Bracket,1,See Special Instructions,,814-4641@RevNEW4,ASN_20260729.csv,2026-07-28 18:00:09,2026-07-28 18:00:19,2026-07-28 18:00:19
P:90-07675AR:01S:QTL263004168,2026-07-26 17:00:00,53210,"1195 Trademark Drive, Suite 201",189977,PO-US-08927,2,90-07675A,(90-07675A) LFP Battery Block with Wall Bracket,1,See Special Instructions,,814-4641@RevNEW4,ASN_20260729.csv,2026-07-28 18:00:09,2026-07-28 18:00:19,2026-07-28 18:00:19
P:90-07675AR:01S:QTL263004169,2026-07-26 17:00:00,53210,"1195 Trademark Drive, Suite 201",189977,PO-US-08927,2,90-07675A,(90-07675A) LFP Battery Block with Wall Bracket,1,See Special Instructions,,814-4641@RevNEW4,ASN_20260729.csv,2026-07-28 18:00:09,2026-07-28 18:00:19,2026-07-28 18:00:19
P:90-07675AR:01S:QTL263004170,2026-07-26 17:00:00,53210,"1195 Trademark Drive, Suite 201",189977,PO-US-08927,2,90-07675A,(90-07675A) LFP Battery Block with Wall Bracket,1,See Special Instructions,,814-4641@RevNEW4,ASN_20260729.csv,2026-07-28 18:00:09,2026-07-28 18:00:19,2026-07-28 18:00:19
P:90-07675AR:01S:QTL263004171,2026-07-26 17:00:00,53210,"1195 Trademark Drive, Suite 201",189977,PO-US-08927,2,90-07675A,(90-07675A) LFP Battery Block with Wall Bracket,1,See Special Instructions,,814-4641@RevNEW4,ASN_20260729.csv,2026-07-28 18:00:09,2026-07-28 18:00:19,2026-07-28 18:00:19
P:90-07675AR:01S:QTL263004172,2026-07-26 17:00:00,53210,"1195 Trademark Drive, Suite 201",189977,PO-US-08927,2,90-07675A,(90-07675A) LFP Battery Block with Wall Bracket,1,See Special Instructions,,814-4641@RevNEW4,ASN_20260729.csv,2026-07-28 18:00:09,2026-07-28 18:00:19,2026-07-28 18:00:19
P:90-07675AR:01S:QTL263004173,2026-07-26 17:00:00,53210,"1195 Trademark Drive, Suite 201",189977,PO-US-08927,2,90-07675A,(90-07675A) LFP Battery Block with Wall Bracket,1,See Special Instructions,,814-4641@RevNEW4,ASN_20260729.csv,2026-07-28 18:00:09,2026-07-28 18:00:19,2026-07-28 18:00:19
P:90-07675AR:01S:QTL263004174,2026-07-26 17:00:00,53210,"1195 Trademark Drive, Suite 201",189977,PO-US-08927,2,90-07675A,(90-07675A) LFP Battery Block with Wall Bracket,1,See Special Instructions,,814-4641@RevNEW4,ASN_20260729.csv,2026-07-28 18:00:09,2026-07-28 18:00:19,2026-07-28 18:00:19
P:90-07675AR:01S:QTL263004175,2026-07-26 17:00:00,53210,"1195 Trademark Drive, Suite 201",189977,PO-US-08927,2,90-07675A,(90-07675A) LFP Battery Block with Wall Bracket,1,See Special Instructions,,814-4641@RevNEW4,ASN_20260729.csv,2026-07-28 18:00:09,2026-07-28 18:00:19,2026-07-28 18:00:19
P:90-07675AR:01S:QTL263004176,2026-07-26 17:00:00,53210,"1195 Trademark Drive, Suite 201",189977,PO-US-08927,2,90-07675A,(90-07675A) LFP Battery Block with Wall Bracket,1,See Special Instructions,,814-4641@RevNEW4,ASN_20260729.csv,2026-07-28 18:00:09,2026-07-28 18:00:19,2026-07-28 18:00:19
P:90-07675AR:01S:QTL263004177,2026-07-26 17:00:00,53210,"1195 Trademark Drive, Suite 201",189977,PO-US-08927,2,90-07675A,(90-07675A) LFP Battery Block with Wall Bracket,1,See Special Instructions,,814-4641@RevNEW4,ASN_20260729.csv,2026-07-28 18:00:09,2026-07-28 18:00:19,2026-07-28 18:00:19
P:90-07675AR:01S:QTL263004178,2026-07-26 17:00:00,53210,"1195 Trademark Drive, Suite 201",189977,PO-US-08927,2,90-07675A,(90-07675A) LFP Battery Block with Wall Bracket,1,See Special Instructions,,814-4641@RevNEW4,ASN_20260729.csv,2026-07-28 18:00:09,2026-07-28 18:00:19,2026-07-28 18:00:19
P:90-07675AR:01S:QTL263004179,2026-07-26 17:00:00,53210,"1195 Trademark Drive, Suite 201",189977,PO-US-08927,2,90-07675A,(90-07675A) LFP Battery Block with Wall Bracket,1,See Special Instructions,,814-4641@RevNEW4,ASN_20260729.csv,2026-07-28 18:00:09,2026-07-28 18:00:19,2026-07-28 18:00:19
P:90-07675AR:01S:QTL263004180,2026-07-26 17:00:00,53210,"1195 Trademark Drive, Suite 201",189977,PO-US-08927,2,90-07675A,(90-07675A) LFP Battery Block with Wall Bracket,1,See Special Instructions,,814-4641@RevNEW4,ASN_20260729.csv,2026-07-28 18:00:09,2026-07-28 18:00:19,2026-07-28 18:00:19
P:90-07675AR:01S:QTL263004181,2026-07-26 17:00:00,53210,"1195 Trademark Drive, Suite 201",189977,PO-US-08927,2,90-07675A,(90-07675A) LFP Battery Block with Wall Bracket,1,See Special Instructions,,814-4641@RevNEW4,ASN_20260729.csv,2026-07-28 18:00:09,2026-07-28 18:00:19,2026-07-28 18:00:19
P:90-07675AR:01S:QTL263004182,2026-07-26 17:00:00,53210,"1195 Trademark Drive, Suite 201",189977,PO-US-08927,2,90-07675A,(90-07675A) LFP Battery Block with Wall Bracket,1,See Special Instructions,,814-4641@RevNEW4,ASN_20260729.csv,2026-07-28 18:00:09,2026-07-28 18:00:19,2026-07-28 18:00:19
P:90-07675AR:01S:QTL263004183,2026-07-26 17:00:00,53210,"1195 Trademark Drive, Suite 201",189977,PO-US-08927,2,90-07675A,(90-07675A) LFP Battery Block with Wall Bracket,1,See Special Instructions,,814-4641@RevNEW4,ASN_20260729.csv,2026-07-28 18:00:09,2026-07-28 18:00:19,2026-07-28 18:00:19
P:90-07675AR:01S:QTL263004184,2026-07-26 17:00:00,53210,"1195 Trademark Drive, Suite 201",189977,PO-US-08927,2,90-07675A,(90-07675A) LFP Battery Block with Wall Bracket,1,See Special Instructions,,814-4641@RevNEW4,ASN_20260729.csv,2026-07-28 18:00:09,2026-07-28 18:00:19,2026-07-28 18:00:19
P:90-07675AR:01S:QTL263004185,2026-07-26 17:00:00,53210,"1195 Trademark Drive, Suite 201",189977,PO-US-08927,2,90-07675A,(90-07675A) LFP Battery Block with Wall Bracket,1,See Special Instructions,,814-4641@RevNEW4,ASN_20260729.csv,2026-07-28 18:00:09,2026-07-28 18:00:19,2026-07-28 18:00:19
P:90-07675AR:01S:QTL263004186,2026-07-26 17:00:00,53210,"1195 Trademark Drive, Suite 201",189977,PO-US-08927,2,90-07675A,(90-07675A) LFP Battery Block with Wall Bracket,1,See Special Instructions,,814-4641@RevNEW4,ASN_20260729.csv,2026-07-28 18:00:09,2026-07-28 18:00:19,2026-07-28 18:00:19
P:90-07675AR:01S:QTL263004187,2026-07-26 17:00:00,53210,"1195 Trademark Drive, Suite 201",189977,PO-US-08927,2,90-07675A,(90-07675A) LFP Battery Block with Wall Bracket,1,See Special Instructions,,814-4641@RevNEW4,ASN_20260729.csv,2026-07-28 18:00:09,2026-07-28 18:00:19,2026-07-28 18:00:19
P:90-07675AR:01S:QTL263004339,2026-07-26 17:00:00,53210,"1195 Trademark Drive, Suite 201",189977,PO-US-08927,2,90-07675A,(90-07675A) LFP Battery Block with Wall Bracket,1,See Special Instructions,,814-4641@RevNEW4,ASN_20260729.csv,2026-07-28 18:00:09,2026-07-28 18:00:19,2026-07-28 18:00:19
P:90-07675AR:01S:QTL263004340,2026-07-26 17:00:00,53210,"1195 Trademark Drive, Suite 201",189977,PO-US-08927,2,90-07675A,(90-07675A) LFP Battery Block with Wall Bracket,1,See Special Instructions,,814-4641@RevNEW4,ASN_20260729.csv,2026-07-28 18:00:09,2026-07-28 18:00:19,2026-07-28 18:00:19
P:90-07675AR:01S:QTL263004341,2026-07-26 17:00:00,53210,"1195 Trademark Drive, Suite 201",189977,PO-US-08927,2,90-07675A,(90-07675A) LFP Battery Block with Wall Bracket,1,See Special Instructions,,814-4641@RevNEW4,ASN_20260729.csv,2026-07-28 18:00:09,2026-07-28 18:00:19,2026-07-28 18:00:19
P:90-07675AR:01S:QTL263004342,2026-07-26 17:00:00,53210,"1195 Trademark Drive, Suite 201",189977,PO-US-08927,2,90-07675A,(90-07675A) LFP Battery Block with Wall Bracket,1,See Special Instructions,,814-4641@RevNEW4,ASN_20260729.csv,2026-07-28 18:00:09,2026-07-28 18:00:19,2026-07-28 18:00:19
P:90-07675AR:01S:QTL263004343,2026-07-26 17:00:00,53210,"1195 Trademark Drive, Suite 201",189977,PO-US-08927,2,90-07675A,(90-07675A) LFP Battery Block with Wall Bracket,1,See Special Instructions,,814-4641@RevNEW4,ASN_20260729.csv,2026-07-28 18:00:09,2026-07-28 18:00:19,2026-07-28 18:00:19
P:90-07675AR:01S:QTL263004344,2026-07-26 17:00:00,53210,"1195 Trademark Drive, Suite 201",189977,PO-US-08927,2,90-07675A,(90-07675A) LFP Battery Block with Wall Bracket,1,See Special Instructions,,814-4641@RevNEW4,ASN_20260729.csv,2026-07-28 18:00:09,2026-07-28 18:00:19,2026-07-28 18:00:19
P:90-07675AR:01S:QTL263004345,2026-07-26 17:00:00,53210,"1195 Trademark Drive, Suite 201",189977,PO-US-08927,2,90-07675A,(90-07675A) LFP Battery Block with Wall Bracket,1,See Special Instructions,,814-4641@RevNEW4,ASN_20260729.csv,2026-07-28 18:00:09,2026-07-28 18:00:19,2026-07-28 18:00:19
P:90-07675AR:01S:QTL263004346,2026-07-26 17:00:00,53210,"1195 Trademark Drive, Suite 201",189977,PO-US-08927,2,90-07675A,(90-07675A) LFP Battery Block with Wall Bracket,1,See Special Instructions,,814-4641@RevNEW4,ASN_20260729.csv,2026-07-28 18:00:09,2026-07-28 18:00:19,2026-07-28 18:00:19
P:90-07675AR:01S:QTL263004347,2026-07-26 17:00:00,53210,"1195 Trademark Drive, Suite 201",189977,PO-US-08927,2,90-07675A,(90-07675A) LFP Battery Block with Wall Bracket,1,See Special Instructions,,814-4641@RevNEW4,ASN_20260729.csv,2026-07-28 18:00:09,2026-07-28 18:00:19,2026-07-28 18:00:19
P:90-07675AR:01S:QTL263004348,2026-07-26 17:00:00,53210,"1195 Trademark Drive, Suite 201",189977,PO-US-08927,2,90-07675A,(90-07675A) LFP Battery Block with Wall Bracket,1,See Special Instructions,,814-4641@RevNEW4,ASN_20260729.csv,2026-07-28 18:00:09,2026-07-28 18:00:19,2026-07-28 18:00:19
P:90-07675AR:01S:QTL263004349,2026-07-26 17:00:00,53210,"1195 Trademark Drive, Suite 201",189977,PO-US-08927,2,90-07675A,(90-07675A) LFP Battery Block with Wall Bracket,1,See Special Instructions,,814-4641@RevNEW4,ASN_20260729.csv,2026-07-28 18:00:09,2026-07-28 18:00:19,2026-07-28 18:00:19
P:90-07675AR:01S:QTL263004350,2026-07-26 17:00:00,53210,"1195 Trademark Drive, Suite 201",189977,PO-US-08927,2,90-07675A,(90-07675A) LFP Battery Block with Wall Bracket,1,See Special Instructions,,814-4641@RevNEW4,ASN_20260729.csv,2026-07-28 18:00:09,2026-07-28 18:00:19,2026-07-28 18:00:19
P:90-07675AR:01S:QTL263004351,2026-07-28 17:00:00,53210,"1195 Trademark Drive, Suite 201",190026,PO-US-08927,2,90-07675A,(90-07675A) LFP Battery Block with Wall Bracket,1,See Special Instructions,,814-4641@RevNEW4,ASN_20260731.csv,2026-07-30 18:00:18,2026-07-30 18:00:19,2026-07-30 18:00:19
P:90-07675AR:01S:QTL263004352,2026-07-28 17:00:00,53210,"1195 Trademark Drive, Suite 201",190026,PO-US-08927,2,90-07675A,(90-07675A) LFP Battery Block with Wall Bracket,1,See Special Instructions,,814-4641@RevNEW4,ASN_20260731.csv,2026-07-30 18:00:18,2026-07-30 18:00:19,2026-07-30 18:00:19
P:90-07675AR:01S:QTL263004353,2026-07-28 17:00:00,53210,"1195 Trademark Drive, Suite 201",190026,PO-US-08927,2,90-07675A,(90-07675A) LFP Battery Block with Wall Bracket,1,See Special Instructions,,814-4641@RevNEW4,ASN_20260731.csv,2026-07-30 18:00:18,2026-07-30 18:00:19,2026-07-30 18:00:19
P:90-07675AR:01S:QTL263004354,2026-07-28 17:00:00,53210,"1195 Trademark Drive, Suite 201",190026,PO-US-08927,2,90-07675A,(90-07675A) LFP Battery Block with Wall Bracket,1,See Special Instructions,,814-4641@RevNEW4,ASN_20260731.csv,2026-07-30 18:00:18,2026-07-30 18:00:19,2026-07-30 18:00:19
P:90-07675AR:01S:QTL263004355,2026-07-28 17:00:00,53210,"1195 Trademark Drive, Suite 201",190026,PO-US-08927,2,90-07675A,(90-07675A) LFP Battery Block with Wall Bracket,1,See Special Instructions,,814-4641@RevNEW4,ASN_20260730.csv,2026-07-29 18:00:21,2026-07-29 18:00:32,2026-07-29 18:00:32
P:90-07675AR:01S:QTL263004356,2026-07-28 17:00:00,53210,"1195 Trademark Drive, Suite 201",190026,PO-US-08927,2,90-07675A,(90-07675A) LFP Battery Block with Wall Bracket,1,See Special Instructions,,814-4641@RevNEW4,ASN_20260731.csv,2026-07-30 18:00:18,2026-07-30 18:00:19,2026-07-30 18:00:19
P:90-07675AR:01S:QTL263004357,2026-07-26 17:00:00,53210,"1195 Trademark Drive, Suite 201",189977,PO-US-08927,2,90-07675A,(90-07675A) LFP Battery Block with Wall Bracket,1,See Special Instructions,,814-4641@RevNEW4,ASN_20260729.csv,2026-07-28 18:00:09,2026-07-28 18:00:19,2026-07-28 18:00:19
P:90-07675AR:01S:QTL263004358,2026-07-28 17:00:00,53210,"1195 Trademark Drive, Suite 201",190026,PO-US-08927,2,90-07675A,(90-07675A) LFP Battery Block with Wall Bracket,1,See Special Instructions,,814-4641@RevNEW4,ASN_20260731.csv,2026-07-30 18:00:18,2026-07-30 18:00:19,2026-07-30 18:00:19
P:90-07675AR:01S:QTL263004359,2026-07-28 17:00:00,53210,"1195 Trademark Drive, Suite 201",190026,PO-US-08927,2,90-07675A,(90-07675A) LFP Battery Block with Wall Bracket,1,See Special Instructions,,814-4641@RevNEW4,ASN_20260731.csv,2026-07-30 18:00:18,2026-07-30 18:00:19,2026-07-30 18:00:19
P:90-07675AR:01S:QTL263004360,2026-07-28 17:00:00,53210,"1195 Trademark Drive, Suite 201",190026,PO-US-08927,2,90-07675A,(90-07675A) LFP Battery Block with Wall Bracket,1,See Special Instructions,,814-4641@RevNEW4,ASN_20260730.csv,2026-07-29 18:00:21,2026-07-29 18:00:32,2026-07-29 18:00:32
P:90-07675AR:01S:QTL263004361,2026-07-28 17:00:00,53210,"1195 Trademark Drive, Suite 201",190026,PO-US-08927,2,90-07675A,(90-07675A) LFP Battery Block with Wall Bracket,1,See Special Instructions,,814-4641@RevNEW4,ASN_20260730.csv,2026-07-29 18:00:21,2026-07-29 18:00:32,2026-07-29 18:00:32
P:90-07675AR:01S:QTL263004362,2026-07-28 17:00:00,53210,"1195 Trademark Drive, Suite 201",190026,PO-US-08927,2,90-07675A,(90-07675A) LFP Battery Block with Wall Bracket,1,See Special Instructions,,814-4641@RevNEW4,ASN_20260731.csv,2026-07-30 18:00:18,2026-07-30 18:00:19,2026-07-30 18:00:19
P:90-07675AR:01S:QTL263004363,2026-07-26 17:00:00,53210,"1195 Trademark Drive, Suite 201",189977,PO-US-08927,2,90-07675A,(90-07675A) LFP Battery Block with Wall Bracket,1,See Special Instructions,,814-4641@RevNEW4,ASN_20260729.csv,2026-07-28 18:00:09,2026-07-28 18:00:19,2026-07-28 18:00:19
P:90-07675AR:01S:QTL263004364,2026-07-28 17:00:00,53210,"1195 Trademark Drive, Suite 201",190026,PO-US-08927,2,90-07675A,(90-07675A) LFP Battery Block with Wall Bracket,1,See Special Instructions,,814-4641@RevNEW4,ASN_20260730.csv,2026-07-29 18:00:21,2026-07-29 18:00:32,2026-07-29 18:00:32
P:90-07675AR:01S:QTL263004365,2026-07-26 17:00:00,53210,"1195 Trademark Drive, Suite 201",189977,PO-US-08927,2,90-07675A,(90-07675A) LFP Battery Block with Wall Bracket,1,See Special Instructions,,814-4641@RevNEW4,ASN_20260729.csv,2026-07-28 18:00:09,2026-07-28 18:00:19,2026-07-28 18:00:19
P:90-07675AR:01S:QTL263004366,2026-07-26 17:00:00,53210,"1195 Trademark Drive, Suite 201",189977,PO-US-08927,2,90-07675A,(90-07675A) LFP Battery Block with Wall Bracket,1,See Special Instructions,,814-4641@RevNEW4,ASN_20260729.csv,2026-07-28 18:00:09,2026-07-28 18:00:19,2026-07-28 18:00:19
P:90-07675AR:01S:QTL263004367,2026-07-28 17:00:00,53210,"1195 Trademark Drive, Suite 201",190026,PO-US-08927,2,90-07675A,(90-07675A) LFP Battery Block with Wall Bracket,1,See Special Instructions,,814-4641@RevNEW4,ASN_20260730.csv,2026-07-29 18:00:21,2026-07-29 18:00:32,2026-07-29 18:00:32
P:90-07675AR:01S:QTL263004368,2026-07-26 17:00:00,53210,"1195 Trademark Drive, Suite 201",189977,PO-US-08927,2,90-07675A,(90-07675A) LFP Battery Block with Wall Bracket,1,See Special Instructions,,814-4641@RevNEW4,ASN_20260729.csv,2026-07-28 18:00:09,2026-07-28 18:00:19,2026-07-28 18:00:19
P:90-07675AR:01S:QTL263004369,2026-07-26 17:00:00,53210,"1195 Trademark Drive, Suite 201",189977,PO-US-08927,2,90-07675A,(90-07675A) LFP Battery Block with Wall Bracket,1,See Special Instructions,,814-4641@RevNEW4,ASN_20260729.csv,2026-07-28 18:00:09,2026-07-28 18:00:19,2026-07-28 18:00:19
P:90-07675AR:01S:QTL263004370,2026-07-26 17:00:00,53210,"1195 Trademark Drive, Suite 201",189977,PO-US-08927,2,90-07675A,(90-07675A) LFP Battery Block with Wall Bracket,1,See Special Instructions,,814-4641@RevNEW4,ASN_20260729.csv,2026-07-28 18:00:09,2026-07-28 18:00:19,2026-07-28 18:00:19
P:90-07675AR:01S:QTL263004371,2026-07-26 17:00:00,53210,"1195 Trademark Drive, Suite 201",189977,PO-US-08927,2,90-07675A,(90-07675A) LFP Battery Block with Wall Bracket,1,See Special Instructions,,814-4641@RevNEW4,ASN_20260729.csv,2026-07-28 18:00:09,2026-07-28 18:00:19,2026-07-28 18:00:19
P:90-07675AR:01S:QTL263004372,2026-07-26 17:00:00,53210,"1195 Trademark Drive, Suite 201",189977,PO-US-08927,2,90-07675A,(90-07675A) LFP Battery Block with Wall Bracket,1,See Special Instructions,,814-4641@RevNEW4,ASN_20260729.csv,2026-07-28 18:00:09,2026-07-28 18:00:19,2026-07-28 18:00:19
P:90-07675AR:01S:QTL263004374,2026-07-26 17:00:00,53210,"1195 Trademark Drive, Suite 201",189977,PO-US-08927,2,90-07675A,(90-07675A) LFP Battery Block with Wall Bracket,1,See Special Instructions,,814-4641@RevNEW4,ASN_20260729.csv,2026-07-28 18:00:09,2026-07-28 18:00:19,2026-07-28 18:00:19
P:90-07675AR:01S:QTL263004375,2026-07-26 17:00:00,53210,"1195 Trademark Drive, Suite 201",189977,PO-US-08927,2,90-07675A,(90-07675A) LFP Battery Block with Wall Bracket,1,See Special Instructions,,814-4641@RevNEW4,ASN_20260729.csv,2026-07-28 18:00:09,2026-07-28 18:00:19,2026-07-28 18:00:19
P:90-07675AR:01S:QTL263004376,2026-07-28 17:00:00,53210,"1195 Trademark Drive, Suite 201",190026,PO-US-08927,2,90-07675A,(90-07675A) LFP Battery Block with Wall Bracket,1,See Special Instructions,,814-4641@RevNEW4,ASN_20260731.csv,2026-07-30 18:00:18,2026-07-30 18:00:19,2026-07-30 18:00:19
P:90-07675AR:01S:QTL263004377,2026-07-28 17:00:00,53210,"1195 Trademark Drive, Suite 201",190026,PO-US-08927,2,90-07675A,(90-07675A) LFP Battery Block with Wall Bracket,1,See Special Instructions,,814-4641@RevNEW4,ASN_20260730.csv,2026-07-29 18:00:21,2026-07-29 18:00:32,2026-07-29 18:00:32
P:90-07675AR:01S:QTL263004378,2026-07-28 17:00:00,53210,"1195 Trademark Drive, Suite 201",190026,PO-US-08927,2,90-07675A,(90-07675A) LFP Battery Block with Wall Bracket,1,See Special Instructions,,814-4641@RevNEW4,ASN_20260730.csv,2026-07-29 18:00:21,2026-07-29 18:00:32,2026-07-29 18:00:32
P:90-07675AR:01S:QTL263004379,2026-07-28 17:00:00,53210,"1195 Trademark Drive, Suite 201",190026,PO-US-08927,2,90-07675A,(90-07675A) LFP Battery Block with Wall Bracket,1,See Special Instructions,,814-4641@RevNEW4,ASN_20260730.csv,2026-07-29 18:00:21,2026-07-29 18:00:32,2026-07-29 18:00:32
P:90-07675AR:01S:QTL263004380,2026-07-28 17:00:00,53210,"1195 Trademark Drive, Suite 201",190026,PO-US-08927,2,90-07675A,(90-07675A) LFP Battery Block with Wall Bracket,1,See Special Instructions,,814-4641@RevNEW4,ASN_20260730.csv,2026-07-29 18:00:21,2026-07-29 18:00:32,2026-07-29 18:00:32
P:90-07675AR:01S:QTL263004381,2026-07-26 17:00:00,53210,"1195 Trademark Drive, Suite 201",189977,PO-US-08927,2,90-07675A,(90-07675A) LFP Battery Block with Wall Bracket,1,See Special Instructions,,814-4641@RevNEW4,ASN_20260729.csv,2026-07-28 18:00:09,2026-07-28 18:00:19,2026-07-28 18:00:19
P:90-07675AR:01S:QTL263004382,2026-07-28 17:00:00,53210,"1195 Trademark Drive, Suite 201",190026,PO-US-08927,2,90-07675A,(90-07675A) LFP Battery Block with Wall Bracket,1,See Special Instructions,,814-4641@RevNEW4,ASN_20260731.csv,2026-07-30 18:00:18,2026-07-30 18:00:19,2026-07-30 18:00:19
P:90-07675AR:01S:QTL263004383,2026-07-28 17:00:00,53210,"1195 Trademark Drive, Suite 201",190026,PO-US-08927,2,90-07675A,(90-07675A) LFP Battery Block with Wall Bracket,1,See Special Instructions,,814-4641@RevNEW4,ASN_20260731.csv,2026-07-30 18:00:18,2026-07-30 18:00:19,2026-07-30 18:00:19
P:90-07675AR:01S:QTL263004384,2026-07-28 17:00:00,53210,"1195 Trademark Drive, Suite 201",190026,PO-US-08927,2,90-07675A,(90-07675A) LFP Battery Block with Wall Bracket,1,See Special Instructions,,814-4641@RevNEW4,ASN_20260730.csv,2026-07-29 18:00:21,2026-07-29 18:00:32,2026-07-29 18:00:32
P:90-07675AR:01S:QTL263004385,2026-07-28 17:00:00,53210,"1195 Trademark Drive, Suite 201",190026,PO-US-08927,2,90-07675A,(90-07675A) LFP Battery Block with Wall Bracket,1,See Special Instructions,,814-4641@RevNEW4,ASN_20260731.csv,2026-07-30 18:00:18,2026-07-30 18:00:19,2026-07-30 18:00:19
P:90-07675AR:01S:QTL263004386,2026-07-28 17:00:00,53210,"1195 Trademark Drive, Suite 201",190026,PO-US-08927,2,90-07675A,(90-07675A) LFP Battery Block with Wall Bracket,1,See Special Instructions,,814-4641@RevNEW4,ASN_20260730.csv,2026-07-29 18:00:21,2026-07-29 18:00:32,2026-07-29 18:00:32
P:90-07675AR:01S:QTL263004387,2026-07-28 17:00:00,53210,"1195 Trademark Drive, Suite 201",190026,PO-US-08927,2,90-07675A,(90-07675A) LFP Battery Block with Wall Bracket,1,See Special Instructions,,814-4641@RevNEW4,ASN_20260730.csv,2026-07-29 18:00:21,2026-07-29 18:00:32,2026-07-29 18:00:32
P:90-07675AR:01S:QTL263004388,2026-07-28 17:00:00,53210,"1195 Trademark Drive, Suite 201",190026,PO-US-08927,2,90-07675A,(90-07675A) LFP Battery Block with Wall Bracket,1,See Special Instructions,,814-4641@RevNEW4,ASN_20260730.csv,2026-07-29 18:00:21,2026-07-29 18:00:32,2026-07-29 18:00:32
P:90-07675AR:01S:QTL263004389,2026-07-28 17:00:00,53210,"1195 Trademark Drive, Suite 201",190026,PO-US-08927,2,90-07675A,(90-07675A) LFP Battery Block with Wall Bracket,1,See Special Instructions,,814-4641@RevNEW4,ASN_20260730.csv,2026-07-29 18:00:21,2026-07-29 18:00:32,2026-07-29 18:00:32
P:90-07675AR:01S:QTL263004441,2026-07-28 17:00:00,53210,"1195 Trademark Drive, Suite 201",190026,PO-US-08927,2,90-07675A,(90-07675A) LFP Battery Block with Wall Bracket,1,See Special Instructions,,814-4641@RevNEW4,ASN_20260731.csv,2026-07-30 18:00:18,2026-07-30 18:00:19,2026-07-30 18:00:19
P:90-07675AR:01S:QTL263004442,2026-07-28 17:00:00,53210,"1195 Trademark Drive, Suite 201",190026,PO-US-08927,2,90-07675A,(90-07675A) LFP Battery Block with Wall Bracket,1,See Special Instructions,,814-4641@RevNEW4,ASN_20260730.csv,2026-07-29 18:00:21,2026-07-29 18:00:32,2026-07-29 18:00:32
P:90-07675AR:01S:QTL263004443,2026-07-28 17:00:00,53210,"1195 Trademark Drive, Suite 201",190026,PO-US-08927,2,90-07675A,(90-07675A) LFP Battery Block with Wall Bracket,1,See Special Instructions,,814-4641@RevNEW4,ASN_20260731.csv,2026-07-30 18:00:18,2026-07-30 18:00:19,2026-07-30 18:00:19
P:90-07675AR:01S:QTL263004444,2026-07-28 17:00:00,53210,"1195 Trademark Drive, Suite 201",190026,PO-US-08927,2,90-07675A,(90-07675A) LFP Battery Block with Wall Bracket,1,See Special Instructions,,814-4641@RevNEW4,ASN_20260730.csv,2026-07-29 18:00:21,2026-07-29 18:00:32,2026-07-29 18:00:32
P:90-07675AR:01S:QTL263004445,2026-07-28 17:00:00,53210,"1195 Trademark Drive, Suite 201",190026,PO-US-08927,2,90-07675A,(90-07675A) LFP Battery Block with Wall Bracket,1,See Special Instructions,,814-4641@RevNEW4,ASN_20260731.csv,2026-07-30 18:00:18,2026-07-30 18:00:19,2026-07-30 18:00:19
P:90-07675AR:01S:QTL263004446,2026-07-28 17:00:00,53210,"1195 Trademark Drive, Suite 201",190026,PO-US-08927,2,90-07675A,(90-07675A) LFP Battery Block with Wall Bracket,1,See Special Instructions,,814-4641@RevNEW4,ASN_20260730.csv,2026-07-29 18:00:21,2026-07-29 18:00:32,2026-07-29 18:00:32
P:90-07675AR:01S:QTL263004447,2026-07-28 17:00:00,53210,"1195 Trademark Drive, Suite 201",190026,PO-US-08927,2,90-07675A,(90-07675A) LFP Battery Block with Wall Bracket,1,See Special Instructions,,814-4641@RevNEW4,ASN_20260730.csv,2026-07-29 18:00:21,2026-07-29 18:00:32,2026-07-29 18:00:32
P:90-07675AR:01S:QTL263004448,2026-07-28 17:00:00,53210,"1195 Trademark Drive, Suite 201",190026,PO-US-08927,2,90-07675A,(90-07675A) LFP Battery Block with Wall Bracket,1,See Special Instructions,,814-4641@RevNEW4,ASN_20260730.csv,2026-07-29 18:00:21,2026-07-29 18:00:32,2026-07-29 18:00:32
P:90-07675AR:01S:QTL263004449,2026-07-28 17:00:00,53210,"1195 Trademark Drive, Suite 201",190026,PO-US-08927,2,90-07675A,(90-07675A) LFP Battery Block with Wall Bracket,1,See Special Instructions,,814-4641@RevNEW4,ASN_20260731.csv,2026-07-30 18:00:18,2026-07-30 18:00:19,2026-07-30 18:00:19
P:90-07675AR:01S:QTL263004450,2026-07-28 17:00:00,53210,"1195 Trademark Drive, Suite 201",190026,PO-US-08927,2,90-07675A,(90-07675A) LFP Battery Block with Wall Bracket,1,See Special Instructions,,814-4641@RevNEW4,ASN_20260730.csv,2026-07-29 18:00:21,2026-07-29 18:00:32,2026-07-29 18:00:32
P:90-07675AR:01S:QTL263004451,2026-07-28 17:00:00,53210,"1195 Trademark Drive, Suite 201",190026,PO-US-08927,2,90-07675A,(90-07675A) LFP Battery Block with Wall Bracket,1,See Special Instructions,,814-4641@RevNEW4,ASN_20260730.csv,2026-07-29 18:00:21,2026-07-29 18:00:32,2026-07-29 18:00:32
P:90-07675AR:01S:QTL263004452,2026-07-28 17:00:00,53210,"1195 Trademark Drive, Suite 201",190026,PO-US-08927,2,90-07675A,(90-07675A) LFP Battery Block with Wall Bracket,1,See Special Instructions,,814-4641@RevNEW4,ASN_20260730.csv,2026-07-29 18:00:21,2026-07-29 18:00:32,2026-07-29 18:00:32
P:90-07675AR:01S:QTL263004453,2026-07-28 17:00:00,53210,"1195 Trademark Drive, Suite 201",190026,PO-US-08927,2,90-07675A,(90-07675A) LFP Battery Block with Wall Bracket,1,See Special Instructions,,814-4641@RevNEW4,ASN_20260731.csv,2026-07-30 18:00:18,2026-07-30 18:00:19,2026-07-30 18:00:19
P:90-07675AR:01S:QTL263004454,2026-07-28 17:00:00,53210,"1195 Trademark Drive, Suite 201",190026,PO-US-08927,2,90-07675A,(90-07675A) LFP Battery Block with Wall Bracket,1,See Special Instructions,,814-4641@RevNEW4,ASN_20260730.csv,2026-07-29 18:00:21,2026-07-29 18:00:32,2026-07-29 18:00:32
P:90-07675AR:01S:QTL263004455,2026-07-28 17:00:00,53210,"1195 Trademark Drive, Suite 201",190026,PO-US-08927,2,90-07675A,(90-07675A) LFP Battery Block with Wall Bracket,1,See Special Instructions,,814-4641@RevNEW4,ASN_20260730.csv,2026-07-29 18:00:21,2026-07-29 18:00:32,2026-07-29 18:00:32
P:90-07675AR:01S:QTL263004456,2026-07-28 17:00:00,53210,"1195 Trademark Drive, Suite 201",190026,PO-US-08927,2,90-07675A,(90-07675A) LFP Battery Block with Wall Bracket,1,See Special Instructions,,814-4641@RevNEW4,ASN_20260730.csv,2026-07-29 18:00:21,2026-07-29 18:00:32,2026-07-29 18:00:32
P:90-07675AR:01S:QTL263004457,2026-07-28 17:00:00,53210,"1195 Trademark Drive, Suite 201",190026,PO-US-08927,2,90-07675A,(90-07675A) LFP Battery Block with Wall Bracket,1,See Special Instructions,,814-4641@RevNEW4,ASN_20260730.csv,2026-07-29 18:00:21,2026-07-29 18:00:32,2026-07-29 18:00:32
P:90-07675AR:01S:QTL263004458,2026-07-28 17:00:00,53210,"1195 Trademark Drive, Suite 201",190026,PO-US-08927,2,90-07675A,(90-07675A) LFP Battery Block with Wall Bracket,1,See Special Instructions,,814-4641@RevNEW4,ASN_20260730.csv,2026-07-29 18:00:21,2026-07-29 18:00:32,2026-07-29 18:00:32
P:90-07675AR:01S:QTL263004459,2026-07-28 17:00:00,53210,"1195 Trademark Drive, Suite 201",190026,PO-US-08927,2,90-07675A,(90-07675A) LFP Battery Block with Wall Bracket,1,See Special Instructions,,814-4641@RevNEW4,ASN_20260731.csv,2026-07-30 18:00:18,2026-07-30 18:00:19,2026-07-30 18:00:19
P:90-07675AR:01S:QTL263004460,2026-07-28 17:00:00,53210,"1195 Trademark Drive, Suite 201",190026,PO-US-08927,2,90-07675A,(90-07675A) LFP Battery Block with Wall Bracket,1,See Special Instructions,,814-4641@RevNEW4,ASN_20260731.csv,2026-07-30 18:00:18,2026-07-30 18:00:19,2026-07-30 18:00:19
P:90-07675AR:01S:QTL263004461,2026-07-28 17:00:00,53210,"1195 Trademark Drive, Suite 201",190026,PO-US-08927,2,90-07675A,(90-07675A) LFP Battery Block with Wall Bracket,1,See Special Instructions,,814-4641@RevNEW4,ASN_20260730.csv,2026-07-29 18:00:21,2026-07-29 18:00:32,2026-07-29 18:00:32
P:90-07675AR:01S:QTL263004462,2026-07-28 17:00:00,53210,"1195 Trademark Drive, Suite 201",190026,PO-US-08927,2,90-07675A,(90-07675A) LFP Battery Block with Wall Bracket,1,See Special Instructions,,814-4641@RevNEW4,ASN_20260731.csv,2026-07-30 18:00:18,2026-07-30 18:00:19,2026-07-30 18:00:19
P:90-07675AR:01S:QTL263004463,2026-07-28 17:00:00,53210,"1195 Trademark Drive, Suite 201",190026,PO-US-08927,2,90-07675A,(90-07675A) LFP Battery Block with Wall Bracket,1,See Special Instructions,,814-4641@RevNEW4,ASN_20260731.csv,2026-07-30 18:00:18,2026-07-30 18:00:19,2026-07-30 18:00:19
P:90-07675AR:01S:QTL263004464,2026-07-28 17:00:00,53210,"1195 Trademark Drive, Suite 201",190026,PO-US-08927,2,90-07675A,(90-07675A) LFP Battery Block with Wall Bracket,1,See Special Instructions,,814-4641@RevNEW4,ASN_20260730.csv,2026-07-29 18:00:21,2026-07-29 18:00:32,2026-07-29 18:00:32
P:90-07675AR:01S:QTL263004465,2026-07-28 17:00:00,53210,"1195 Trademark Drive, Suite 201",190026,PO-US-08927,2,90-07675A,(90-07675A) LFP Battery Block with Wall Bracket,1,See Special Instructions,,814-4641@RevNEW4,ASN_20260730.csv,2026-07-29 18:00:21,2026-07-29 18:00:32,2026-07-29 18:00:32
P:90-07675AR:01S:QTL263004466,2026-07-28 17:00:00,53210,"1195 Trademark Drive, Suite 201",190026,PO-US-08927,2,90-07675A,(90-07675A) LFP Battery Block with Wall Bracket,1,See Special Instructions,,814-4641@RevNEW4,ASN_20260730.csv,2026-07-29 18:00:21,2026-07-29 18:00:32,2026-07-29 18:00:32
P:90-07675AR:01S:QTL263004467,2026-07-28 17:00:00,53210,"1195 Trademark Drive, Suite 201",190026,PO-US-08927,2,90-07675A,(90-07675A) LFP Battery Block with Wall Bracket,1,See Special Instructions,,814-4641@RevNEW4,ASN_20260731.csv,2026-07-30 18:00:18,2026-07-30 18:00:19,2026-07-30 18:00:19
P:90-07675AR:01S:QTL263004468,2026-07-28 17:00:00,53210,"1195 Trademark Drive, Suite 201",190026,PO-US-08927,2,90-07675A,(90-07675A) LFP Battery Block with Wall Bracket,1,See Special Instructions,,814-4641@RevNEW4,ASN_20260730.csv,2026-07-29 18:00:21,2026-07-29 18:00:32,2026-07-29 18:00:32
P:90-07675AR:01S:QTL263004469,2026-07-28 17:00:00,53210,"1195 Trademark Drive, Suite 201",190026,PO-US-08927,2,90-07675A,(90-07675A) LFP Battery Block with Wall Bracket,1,See Special Instructions,,814-4641@RevNEW4,ASN_20260731.csv,2026-07-30 18:00:18,2026-07-30 18:00:19,2026-07-30 18:00:19
P:90-07675AR:01S:QTL263004470,2026-07-28 17:00:00,53210,"1195 Trademark Drive, Suite 201",190026,PO-US-08927,2,90-07675A,(90-07675A) LFP Battery Block with Wall Bracket,1,See Special Instructions,,814-4641@RevNEW4,ASN_20260730.csv,2026-07-29 18:00:21,2026-07-29 18:00:32,2026-07-29 18:00:32
P:90-07675AR:01S:QTL263004471,2026-07-28 17:00:00,53210,"1195 Trademark Drive, Suite 201",190026,PO-US-08927,2,90-07675A,(90-07675A) LFP Battery Block with Wall Bracket,1,See Special Instructions,,814-4641@RevNEW4,ASN_20260730.csv,2026-07-29 18:00:21,2026-07-29 18:00:32,2026-07-29 18:00:32
P:90-07675AR:01S:QTL263004472,2026-07-28 17:00:00,53210,"1195 Trademark Drive, Suite 201",190026,PO-US-08927,2,90-07675A,(90-07675A) LFP Battery Block with Wall Bracket,1,See Special Instructions,,814-4641@RevNEW4,ASN_20260731.csv,2026-07-30 18:00:18,2026-07-30 18:00:19,2026-07-30 18:00:19
P:90-07675AR:01S:QTL263004473,2026-07-28 17:00:00,53210,"1195 Trademark Drive, Suite 201",190026,PO-US-08927,2,90-07675A,(90-07675A) LFP Battery Block with Wall Bracket,1,See Special Instructions,,814-4641@RevNEW4,ASN_20260730.csv,2026-07-29 18:00:21,2026-07-29 18:00:32,2026-07-29 18:00:32
P:90-07675AR:01S:QTL263004474,2026-07-28 17:00:00,53210,"1195 Trademark Drive, Suite 201",190026,PO-US-08927,2,90-07675A,(90-07675A) LFP Battery Block with Wall Bracket,1,See Special Instructions,,814-4641@RevNEW4,ASN_20260730.csv,2026-07-29 18:00:21,2026-07-29 18:00:32,2026-07-29 18:00:32
P:90-07675AR:01S:QTL263004475,2026-07-26 17:00:00,53210,"1195 Trademark Drive, Suite 201",189977,PO-US-08927,2,90-07675A,(90-07675A) LFP Battery Block with Wall Bracket,1,See Special Instructions,,814-4641@RevNEW4,ASN_20260729.csv,2026-07-28 18:00:09,2026-07-28 18:00:19,2026-07-28 18:00:19
P:90-07675AR:01S:QTL263004476,2026-07-26 17:00:00,53210,"1195 Trademark Drive, Suite 201",189977,PO-US-08927,2,90-07675A,(90-07675A) LFP Battery Block with Wall Bracket,1,See Special Instructions,,814-4641@RevNEW4,ASN_20260729.csv,2026-07-28 18:00:09,2026-07-28 18:00:19,2026-07-28 18:00:19
P:90-07675AR:01S:QTL263004477,2026-07-26 17:00:00,53210,"1195 Trademark Drive, Suite 201",189977,PO-US-08927,2,90-07675A,(90-07675A) LFP Battery Block with Wall Bracket,1,See Special Instructions,,814-4641@RevNEW4,ASN_20260729.csv,2026-07-28 18:00:09,2026-07-28 18:00:19,2026-07-28 18:00:19
P:90-07675AR:01S:QTL263004478,2026-07-26 17:00:00,53210,"1195 Trademark Drive, Suite 201",189977,PO-US-08927,2,90-07675A,(90-07675A) LFP Battery Block with Wall Bracket,1,See Special Instructions,,814-4641@RevNEW4,ASN_20260729.csv,2026-07-28 18:00:09,2026-07-28 18:00:19,2026-07-28 18:00:19
P:90-07675AR:01S:QTL263004479,2026-07-26 17:00:00,53210,"1195 Trademark Drive, Suite 201",189977,PO-US-08927,2,90-07675A,(90-07675A) LFP Battery Block with Wall Bracket,1,See Special Instructions,,814-4641@RevNEW4,ASN_20260729.csv,2026-07-28 18:00:09,2026-07-28 18:00:19,2026-07-28 18:00:19
P:90-07675AR:01S:QTL263004480,2026-07-26 17:00:00,53210,"1195 Trademark Drive, Suite 201",189977,PO-US-08927,2,90-07675A,(90-07675A) LFP Battery Block with Wall Bracket,1,See Special Instructions,,814-4641@RevNEW4,ASN_20260729.csv,2026-07-28 18:00:09,2026-07-28 18:00:19,2026-07-28 18:00:19
P:90-07675AR:01S:QTL263004502,2026-07-26 17:00:00,53210,"1195 Trademark Drive, Suite 201",189977,PO-US-08927,2,90-07675A,(90-07675A) LFP Battery Block with Wall Bracket,1,See Special Instructions,,814-4641@RevNEW4,ASN_20260729.csv,2026-07-28 18:00:09,2026-07-28 18:00:19,2026-07-28 18:00:19
P:90-07675AR:01S:QTL263004503,2026-07-26 17:00:00,53210,"1195 Trademark Drive, Suite 201",189977,PO-US-08927,2,90-07675A,(90-07675A) LFP Battery Block with Wall Bracket,1,See Special Instructions,,814-4641@RevNEW4,ASN_20260729.csv,2026-07-28 18:00:09,2026-07-28 18:00:19,2026-07-28 18:00:19
P:90-07675AR:01S:QTL263004504,2026-07-26 17:00:00,53210,"1195 Trademark Drive, Suite 201",189977,PO-US-08927,2,90-07675A,(90-07675A) LFP Battery Block with Wall Bracket,1,See Special Instructions,,814-4641@RevNEW4,ASN_20260729.csv,2026-07-28 18:00:09,2026-07-28 18:00:19,2026-07-28 18:00:19
P:90-07675AR:01S:QTL263004505,2026-07-26 17:00:00,53210,"1195 Trademark Drive, Suite 201",189977,PO-US-08927,2,90-07675A,(90-07675A) LFP Battery Block with Wall Bracket,1,See Special Instructions,,814-4641@RevNEW4,ASN_20260729.csv,2026-07-28 18:00:09,2026-07-28 18:00:19,2026-07-28 18:00:19
P:90-07675AR:01S:QTL263004506,2026-07-26 17:00:00,53210,"1195 Trademark Drive, Suite 201",189977,PO-US-08927,2,90-07675A,(90-07675A) LFP Battery Block with Wall Bracket,1,See Special Instructions,,814-4641@RevNEW4,ASN_20260729.csv,2026-07-28 18:00:09,2026-07-28 18:00:19,2026-07-28 18:00:19
P:90-07675AR:01S:QTL263004507,2026-07-26 17:00:00,53210,"1195 Trademark Drive, Suite 201",189977,PO-US-08927,2,90-07675A,(90-07675A) LFP Battery Block with Wall Bracket,1,See Special Instructions,,814-4641@RevNEW4,ASN_20260729.csv,2026-07-28 18:00:09,2026-07-28 18:00:19,2026-07-28 18:00:19
P:90-07675AR:01S:QTL263004508,2026-07-26 17:00:00,53210,"1195 Trademark Drive, Suite 201",189977,PO-US-08927,2,90-07675A,(90-07675A) LFP Battery Block with Wall Bracket,1,See Special Instructions,,814-4641@RevNEW4,ASN_20260729.csv,2026-07-28 18:00:09,2026-07-28 18:00:19,2026-07-28 18:00:19
P:90-07675AR:01S:QTL263004509,2026-07-26 17:00:00,53210,"1195 Trademark Drive, Suite 201",189977,PO-US-08927,2,90-07675A,(90-07675A) LFP Battery Block with Wall Bracket,1,See Special Instructions,,814-4641@RevNEW4,ASN_20260729.csv,2026-07-28 18:00:09,2026-07-28 18:00:19,2026-07-28 18:00:19
P:90-07675AR:01S:QTL263004510,2026-07-26 17:00:00,53210,"1195 Trademark Drive, Suite 201",189977,PO-US-08927,2,90-07675A,(90-07675A) LFP Battery Block with Wall Bracket,1,See Special Instructions,,814-4641@RevNEW4,ASN_20260729.csv,2026-07-28 18:00:09,2026-07-28 18:00:19,2026-07-28 18:00:19
P:90-07675AR:01S:QTL263004511,2026-07-26 17:00:00,53210,"1195 Trademark Drive, Suite 201",189977,PO-US-08927,2,90-07675A,(90-07675A) LFP Battery Block with Wall Bracket,1,See Special Instructions,,814-4641@RevNEW4,ASN_20260729.csv,2026-07-28 18:00:09,2026-07-28 18:00:19,2026-07-28 18:00:19
P:90-07675AR:01S:QTL263004512,2026-07-26 17:00:00,53210,"1195 Trademark Drive, Suite 201",189977,PO-US-08927,2,90-07675A,(90-07675A) LFP Battery Block with Wall Bracket,1,See Special Instructions,,814-4641@RevNEW4,ASN_20260729.csv,2026-07-28 18:00:09,2026-07-28 18:00:19,2026-07-28 18:00:19
P:90-07675AR:01S:QTL263004513,2026-07-26 17:00:00,53210,"1195 Trademark Drive, Suite 201",189977,PO-US-08927,2,90-07675A,(90-07675A) LFP Battery Block with Wall Bracket,1,See Special Instructions,,814-4641@RevNEW4,ASN_20260729.csv,2026-07-28 18:00:09,2026-07-28 18:00:19,2026-07-28 18:00:19
P:90-07675AR:01S:QTL263004514,2026-07-26 17:00:00,53210,"1195 Trademark Drive, Suite 201",189977,PO-US-08927,2,90-07675A,(90-07675A) LFP Battery Block with Wall Bracket,1,See Special Instructions,,814-4641@RevNEW4,ASN_20260729.csv,2026-07-28 18:00:09,2026-07-28 18:00:19,2026-07-28 18:00:19
P:90-07675AR:01S:QTL263004515,2026-07-26 17:00:00,53210,"1195 Trademark Drive, Suite 201",189977,PO-US-08927,2,90-07675A,(90-07675A) LFP Battery Block with Wall Bracket,1,See Special Instructions,,814-4641@RevNEW4,ASN_20260729.csv,2026-07-28 18:00:09,2026-07-28 18:00:19,2026-07-28 18:00:19
P:90-07675AR:01S:QTL263004516,2026-07-26 17:00:00,53210,"1195 Trademark Drive, Suite 201",189977,PO-US-08927,2,90-07675A,(90-07675A) LFP Battery Block with Wall Bracket,1,See Special Instructions,,814-4641@RevNEW4,ASN_20260729.csv,2026-07-28 18:00:09,2026-07-28 18:00:19,2026-07-28 18:00:19
P:90-07675AR:01S:QTL263004517,2026-07-26 17:00:00,53210,"1195 Trademark Drive, Suite 201",189977,PO-US-08927,2,90-07675A,(90-07675A) LFP Battery Block with Wall Bracket,1,See Special Instructions,,814-4641@RevNEW4,ASN_20260729.csv,2026-07-28 18:00:09,2026-07-28 18:00:19,2026-07-28 18:00:19
P:90-07675AR:01S:QTL263004518,2026-07-26 17:00:00,53210,"1195 Trademark Drive, Suite 201",189977,PO-US-08927,2,90-07675A,(90-07675A) LFP Battery Block with Wall Bracket,1,See Special Instructions,,814-4641@RevNEW4,ASN_20260729.csv,2026-07-28 18:00:09,2026-07-28 18:00:19,2026-07-28 18:00:19
P:90-07675AR:01S:QTL263004519,2026-07-26 17:00:00,53210,"1195 Trademark Drive, Suite 201",189977,PO-US-08927,2,90-07675A,(90-07675A) LFP Battery Block with Wall Bracket,1,See Special Instructions,,814-4641@RevNEW4,ASN_20260729.csv,2026-07-28 18:00:09,2026-07-28 18:00:19,2026-07-28 18:00:19
P:90-07675AR:01S:QTL263004520,2026-07-26 17:00:00,53210,"1195 Trademark Drive, Suite 201",189977,PO-US-08927,2,90-07675A,(90-07675A) LFP Battery Block with Wall Bracket,1,See Special Instructions,,814-4641@RevNEW4,ASN_20260729.csv,2026-07-28 18:00:09,2026-07-28 18:00:19,2026-07-28 18:00:19
P:90-07675AR:01S:QTL263004521,2026-07-26 17:00:00,53210,"1195 Trademark Drive, Suite 201",189977,PO-US-08927,2,90-07675A,(90-07675A) LFP Battery Block with Wall Bracket,1,See Special Instructions,,814-4641@RevNEW4,ASN_20260729.csv,2026-07-28 18:00:09,2026-07-28 18:00:19,2026-07-28 18:00:19
P:90-07675AR:01S:QTL263004593,2026-07-26 17:00:00,53210,"1195 Trademark Drive, Suite 201",189977,PO-US-08927,2,90-07675A,(90-07675A) LFP Battery Block with Wall Bracket,1,See Special Instructions,,814-4641@RevNEW4,ASN_20260729.csv,2026-07-28 18:00:09,2026-07-28 18:00:19,2026-07-28 18:00:19
P:90-07675AR:01S:QTL263004594,2026-07-26 17:00:00,53210,"1195 Trademark Drive, Suite 201",189977,PO-US-08927,2,90-07675A,(90-07675A) LFP Battery Block with Wall Bracket,1,See Special Instructions,,814-4641@RevNEW4,ASN_20260729.csv,2026-07-28 18:00:09,2026-07-28 18:00:19,2026-07-28 18:00:19
P:90-07675AR:01S:QTL263004595,2026-07-26 17:00:00,53210,"1195 Trademark Drive, Suite 201",189977,PO-US-08927,2,90-07675A,(90-07675A) LFP Battery Block with Wall Bracket,1,See Special Instructions,,814-4641@RevNEW4,ASN_20260729.csv,2026-07-28 18:00:09,2026-07-28 18:00:19,2026-07-28 18:00:19
P:90-07675AR:01S:QTL263004596,2026-07-26 17:00:00,53210,"1195 Trademark Drive, Suite 201",189977,PO-US-08927,2,90-07675A,(90-07675A) LFP Battery Block with Wall Bracket,1,See Special Instructions,,814-4641@RevNEW4,ASN_20260729.csv,2026-07-28 18:00:09,2026-07-28 18:00:19,2026-07-28 18:00:19
P:90-07675AR:01S:QTL263004597,2026-07-26 17:00:00,53210,"1195 Trademark Drive, Suite 201",189977,PO-US-08927,2,90-07675A,(90-07675A) LFP Battery Block with Wall Bracket,1,See Special Instructions,,814-4641@RevNEW4,ASN_20260729.csv,2026-07-28 18:00:09,2026-07-28 18:00:19,2026-07-28 18:00:19
P:90-07675AR:01S:QTL263004598,2026-07-26 17:00:00,53210,"1195 Trademark Drive, Suite 201",189977,PO-US-08927,2,90-07675A,(90-07675A) LFP Battery Block with Wall Bracket,1,See Special Instructions,,814-4641@RevNEW4,ASN_20260729.csv,2026-07-28 18:00:09,2026-07-28 18:00:19,2026-07-28 18:00:19
P:90-07675AR:01S:QTL263004599,2026-07-26 17:00:00,53210,"1195 Trademark Drive, Suite 201",189977,PO-US-08927,2,90-07675A,(90-07675A) LFP Battery Block with Wall Bracket,1,See Special Instructions,,814-4641@RevNEW4,ASN_20260729.csv,2026-07-28 18:00:09,2026-07-28 18:00:19,2026-07-28 18:00:19
P:90-07675AR:01S:QTL263004600,2026-07-26 17:00:00,53210,"1195 Trademark Drive, Suite 201",189977,PO-US-08927,2,90-07675A,(90-07675A) LFP Battery Block with Wall Bracket,1,See Special Instructions,,814-4641@RevNEW4,ASN_20260729.csv,2026-07-28 18:00:09,2026-07-28 18:00:19,2026-07-28 18:00:19
P:90-07675AR:01S:QTL263004601,2026-07-26 17:00:00,53210,"1195 Trademark Drive, Suite 201",189977,PO-US-08927,2,90-07675A,(90-07675A) LFP Battery Block with Wall Bracket,1,See Special Instructions,,814-4641@RevNEW4,ASN_20260729.csv,2026-07-28 18:00:09,2026-07-28 18:00:19,2026-07-28 18:00:19
P:90-07675AR:01S:QTL263004602,2026-07-26 17:00:00,53210,"1195 Trademark Drive, Suite 201",189977,PO-US-08927,2,90-07675A,(90-07675A) LFP Battery Block with Wall Bracket,1,See Special Instructions,,814-4641@RevNEW4,ASN_20260729.csv,2026-07-28 18:00:09,2026-07-28 18:00:19,2026-07-28 18:00:19
P:90-07675AR:01S:QTL263004603,2026-07-26 17:00:00,53210,"1195 Trademark Drive, Suite 201",189977,PO-US-08927,2,90-07675A,(90-07675A) LFP Battery Block with Wall Bracket,1,See Special Instructions,,814-4641@RevNEW4,ASN_20260729.csv,2026-07-28 18:00:09,2026-07-28 18:00:19,2026-07-28 18:00:19
P:90-07675AR:01S:QTL263004604,2026-07-26 17:00:00,53210,"1195 Trademark Drive, Suite 201",189977,PO-US-08927,2,90-07675A,(90-07675A) LFP Battery Block with Wall Bracket,1,See Special Instructions,,814-4641@RevNEW4,ASN_20260729.csv,2026-07-28 18:00:09,2026-07-28 18:00:19,2026-07-28 18:00:19
P:90-07675AR:01S:QTL263004605,2026-07-26 17:00:00,53210,"1195 Trademark Drive, Suite 201",189977,PO-US-08927,2,90-07675A,(90-07675A) LFP Battery Block with Wall Bracket,1,See Special Instructions,,814-4641@RevNEW4,ASN_20260729.csv,2026-07-28 18:00:09,2026-07-28 18:00:19,2026-07-28 18:00:19
P:90-07675AR:01S:QTL263004606,2026-07-26 17:00:00,53210,"1195 Trademark Drive, Suite 201",189977,PO-US-08927,2,90-07675A,(90-07675A) LFP Battery Block with Wall Bracket,1,See Special Instructions,,814-4641@RevNEW4,ASN_20260729.csv,2026-07-28 18:00:09,2026-07-28 18:00:19,2026-07-28 18:00:19
P:90-07675AR:01S:QTL263004607,2026-07-26 17:00:00,53210,"1195 Trademark Drive, Suite 201",189977,PO-US-08927,2,90-07675A,(90-07675A) LFP Battery Block with Wall Bracket,1,See Special Instructions,,814-4641@RevNEW4,ASN_20260729.csv,2026-07-28 18:00:09,2026-07-28 18:00:19,2026-07-28 18:00:19
P:90-07675AR:01S:QTL263004608,2026-07-26 17:00:00,53210,"1195 Trademark Drive, Suite 201",189977,PO-US-08927,2,90-07675A,(90-07675A) LFP Battery Block with Wall Bracket,1,See Special Instructions,,814-4641@RevNEW4,ASN_20260729.csv,2026-07-28 18:00:09,2026-07-28 18:00:19,2026-07-28 18:00:19
P:90-07675AR:01S:QTL263004609,2026-07-26 17:00:00,53210,"1195 Trademark Drive, Suite 201",189977,PO-US-08927,2,90-07675A,(90-07675A) LFP Battery Block with Wall Bracket,1,See Special Instructions,,814-4641@RevNEW4,ASN_20260729.csv,2026-07-28 18:00:09,2026-07-28 18:00:19,2026-07-28 18:00:19
P:90-07675AR:01S:QTL263004610,2026-07-26 17:00:00,53210,"1195 Trademark Drive, Suite 201",189977,PO-US-08927,2,90-07675A,(90-07675A) LFP Battery Block with Wall Bracket,1,See Special Instructions,,814-4641@RevNEW4,ASN_20260729.csv,2026-07-28 18:00:09,2026-07-28 18:00:19,2026-07-28 18:00:19
P:90-07675AR:01S:QTL263004611,2026-07-26 17:00:00,53210,"1195 Trademark Drive, Suite 201",189977,PO-US-08927,2,90-07675A,(90-07675A) LFP Battery Block with Wall Bracket,1,See Special Instructions,,814-4641@RevNEW4,ASN_20260729.csv,2026-07-28 18:00:09,2026-07-28 18:00:19,2026-07-28 18:00:19
P:90-07675AR:01S:QTL263004612,2026-07-26 17:00:00,53210,"1195 Trademark Drive, Suite 201",189977,PO-US-08927,2,90-07675A,(90-07675A) LFP Battery Block with Wall Bracket,1,See Special Instructions,,814-4641@RevNEW4,ASN_20260729.csv,2026-07-28 18:00:09,2026-07-28 18:00:19,2026-07-28 18:00:19
P:90-07675AR:01S:QTL263004735,2026-07-26 17:00:00,53210,"1195 Trademark Drive, Suite 201",189977,PO-US-08927,2,90-07675A,(90-07675A) LFP Battery Block with Wall Bracket,1,See Special Instructions,,814-4641@RevNEW4,ASN_20260729.csv,2026-07-28 18:00:09,2026-07-28 18:00:19,2026-07-28 18:00:19
P:90-07675AR:01S:QTL263004736,2026-07-26 17:00:00,53210,"1195 Trademark Drive, Suite 201",189977,PO-US-08927,2,90-07675A,(90-07675A) LFP Battery Block with Wall Bracket,1,See Special Instructions,,814-4641@RevNEW4,ASN_20260729.csv,2026-07-28 18:00:09,2026-07-28 18:00:19,2026-07-28 18:00:19
P:90-07675AR:01S:QTL263004737,2026-07-26 17:00:00,53210,"1195 Trademark Drive, Suite 201",189977,PO-US-08927,2,90-07675A,(90-07675A) LFP Battery Block with Wall Bracket,1,See Special Instructions,,814-4641@RevNEW4,ASN_20260729.csv,2026-07-28 18:00:09,2026-07-28 18:00:19,2026-07-28 18:00:19
P:90-07675AR:01S:QTL263004738,2026-07-26 17:00:00,53210,"1195 Trademark Drive, Suite 201",189977,PO-US-08927,2,90-07675A,(90-07675A) LFP Battery Block with Wall Bracket,1,See Special Instructions,,814-4641@RevNEW4,ASN_20260729.csv,2026-07-28 18:00:09,2026-07-28 18:00:19,2026-07-28 18:00:19
P:90-07675AR:01S:QTL263004739,2026-07-26 17:00:00,53210,"1195 Trademark Drive, Suite 201",189977,PO-US-08927,2,90-07675A,(90-07675A) LFP Battery Block with Wall Bracket,1,See Special Instructions,,814-4641@RevNEW4,ASN_20260729.csv,2026-07-28 18:00:09,2026-07-28 18:00:19,2026-07-28 18:00:19
P:90-07675AR:01S:QTL263004740,2026-07-26 17:00:00,53210,"1195 Trademark Drive, Suite 201",189977,PO-US-08927,2,90-07675A,(90-07675A) LFP Battery Block with Wall Bracket,1,See Special Instructions,,814-4641@RevNEW4,ASN_20260729.csv,2026-07-28 18:00:09,2026-07-28 18:00:19,2026-07-28 18:00:19
P:90-07675AR:01S:QTL263004741,2026-07-26 17:00:00,53210,"1195 Trademark Drive, Suite 201",189977,PO-US-08927,2,90-07675A,(90-07675A) LFP Battery Block with Wall Bracket,1,See Special Instructions,,814-4641@RevNEW4,ASN_20260729.csv,2026-07-28 18:00:09,2026-07-28 18:00:19,2026-07-28 18:00:19
P:90-07675AR:01S:QTL263004742,2026-07-26 17:00:00,53210,"1195 Trademark Drive, Suite 201",189977,PO-US-08927,2,90-07675A,(90-07675A) LFP Battery Block with Wall Bracket,1,See Special Instructions,,814-4641@RevNEW4,ASN_20260729.csv,2026-07-28 18:00:09,2026-07-28 18:00:19,2026-07-28 18:00:19
P:90-07675AR:01S:QTL263004743,2026-07-26 17:00:00,53210,"1195 Trademark Drive, Suite 201",189977,PO-US-08927,2,90-07675A,(90-07675A) LFP Battery Block with Wall Bracket,1,See Special Instructions,,814-4641@RevNEW4,ASN_20260729.csv,2026-07-28 18:00:09,2026-07-28 18:00:19,2026-07-28 18:00:19
P:90-07675AR:01S:QTL263004744,2026-07-26 17:00:00,53210,"1195 Trademark Drive, Suite 201",189977,PO-US-08927,2,90-07675A,(90-07675A) LFP Battery Block with Wall Bracket,1,See Special Instructions,,814-4641@RevNEW4,ASN_20260729.csv,2026-07-28 18:00:09,2026-07-28 18:00:19,2026-07-28 18:00:19
P:90-07675AR:01S:QTL263004745,2026-07-26 17:00:00,53210,"1195 Trademark Drive, Suite 201",189977,PO-US-08927,2,90-07675A,(90-07675A) LFP Battery Block with Wall Bracket,1,See Special Instructions,,814-4641@RevNEW4,ASN_20260729.csv,2026-07-28 18:00:09,2026-07-28 18:00:19,2026-07-28 18:00:19
P:90-07675AR:01S:QTL263004746,2026-07-26 17:00:00,53210,"1195 Trademark Drive, Suite 201",189977,PO-US-08927,2,90-07675A,(90-07675A) LFP Battery Block with Wall Bracket,1,See Special Instructions,,814-4641@RevNEW4,ASN_20260729.csv,2026-07-28 18:00:09,2026-07-28 18:00:19,2026-07-28 18:00:19
P:90-07675AR:01S:QTL263004747,2026-07-26 17:00:00,53210,"1195 Trademark Drive, Suite 201",189977,PO-US-08927,2,90-07675A,(90-07675A) LFP Battery Block with Wall Bracket,1,See Special Instructions,,814-4641@RevNEW4,ASN_20260729.csv,2026-07-28 18:00:09,2026-07-28 18:00:19,2026-07-28 18:00:19
P:90-07675AR:01S:QTL263004748,2026-07-26 17:00:00,53210,"1195 Trademark Drive, Suite 201",189977,PO-US-08927,2,90-07675A,(90-07675A) LFP Battery Block with Wall Bracket,1,See Special Instructions,,814-4641@RevNEW4,ASN_20260729.csv,2026-07-28 18:00:09,2026-07-28 18:00:19,2026-07-28 18:00:19
P:90-07675AR:01S:QTL263004749,2026-07-28 17:00:00,53210,"1195 Trademark Drive, Suite 201",190026,PO-US-08927,2,90-07675A,(90-07675A) LFP Battery Block with Wall Bracket,1,See Special Instructions,,814-4641@RevNEW4,ASN_20260731.csv,2026-07-30 18:00:18,2026-07-30 18:00:19,2026-07-30 18:00:19
P:90-07675AR:01S:QTL263004750,2026-07-28 17:00:00,53210,"1195 Trademark Drive, Suite 201",190026,PO-US-08927,2,90-07675A,(90-07675A) LFP Battery Block with Wall Bracket,1,See Special Instructions,,814-4641@RevNEW4,ASN_20260731.csv,2026-07-30 18:00:18,2026-07-30 18:00:19,2026-07-30 18:00:19
P:90-07675AR:01S:QTL263004751,2026-07-28 17:00:00,53210,"1195 Trademark Drive, Suite 201",190026,PO-US-08927,2,90-07675A,(90-07675A) LFP Battery Block with Wall Bracket,1,See Special Instructions,,814-4641@RevNEW4,ASN_20260730.csv,2026-07-29 18:00:21,2026-07-29 18:00:32,2026-07-29 18:00:32
P:90-07675AR:01S:QTL263004752,2026-07-28 17:00:00,53210,"1195 Trademark Drive, Suite 201",190026,PO-US-08927,2,90-07675A,(90-07675A) LFP Battery Block with Wall Bracket,1,See Special Instructions,,814-4641@RevNEW4,ASN_20260731.csv,2026-07-30 18:00:18,2026-07-30 18:00:19,2026-07-30 18:00:19
P:90-07675AR:01S:QTL263004753,2026-07-28 17:00:00,53210,"1195 Trademark Drive, Suite 201",190026,PO-US-08927,2,90-07675A,(90-07675A) LFP Battery Block with Wall Bracket,1,See Special Instructions,,814-4641@RevNEW4,ASN_20260731.csv,2026-07-30 18:00:18,2026-07-30 18:00:19,2026-07-30 18:00:19
P:90-07675AR:01S:QTL263004754,2026-07-28 17:00:00,53210,"1195 Trademark Drive, Suite 201",190026,PO-US-08927,2,90-07675A,(90-07675A) LFP Battery Block with Wall Bracket,1,See Special Instructions,,814-4641@RevNEW4,ASN_20260731.csv,2026-07-30 18:00:18,2026-07-30 18:00:19,2026-07-30 18:00:19
P:90-07675AR:01S:QTL263004755,2026-07-28 17:00:00,53210,"1195 Trademark Drive, Suite 201",190026,PO-US-08927,2,90-07675A,(90-07675A) LFP Battery Block with Wall Bracket,1,See Special Instructions,,814-4641@RevNEW4,ASN_20260731.csv,2026-07-30 18:00:18,2026-07-30 18:00:19,2026-07-30 18:00:19
P:90-07675AR:01S:QTL263004756,2026-07-28 17:00:00,53210,"1195 Trademark Drive, Suite 201",190026,PO-US-08927,2,90-07675A,(90-07675A) LFP Battery Block with Wall Bracket,1,See Special Instructions,,814-4641@RevNEW4,ASN_20260730.csv,2026-07-29 18:00:21,2026-07-29 18:00:32,2026-07-29 18:00:32
P:90-07675AR:01S:QTL263004757,2026-07-28 17:00:00,53210,"1195 Trademark Drive, Suite 201",190026,PO-US-08927,2,90-07675A,(90-07675A) LFP Battery Block with Wall Bracket,1,See Special Instructions,,814-4641@RevNEW4,ASN_20260730.csv,2026-07-29 18:00:21,2026-07-29 18:00:32,2026-07-29 18:00:32
P:90-07675AR:01S:QTL263004758,2026-07-28 17:00:00,53210,"1195 Trademark Drive, Suite 201",190026,PO-US-08927,2,90-07675A,(90-07675A) LFP Battery Block with Wall Bracket,1,See Special Instructions,,814-4641@RevNEW4,ASN_20260731.csv,2026-07-30 18:00:18,2026-07-30 18:00:19,2026-07-30 18:00:19
P:90-07675AR:01S:QTL263004759,2026-07-28 17:00:00,53210,"1195 Trademark Drive, Suite 201",190026,PO-US-08927,2,90-07675A,(90-07675A) LFP Battery Block with Wall Bracket,1,See Special Instructions,,814-4641@RevNEW4,ASN_20260731.csv,2026-07-30 18:00:18,2026-07-30 18:00:19,2026-07-30 18:00:19
P:90-07675AR:01S:QTL263004760,2026-07-28 17:00:00,53210,"1195 Trademark Drive, Suite 201",190026,PO-US-08927,2,90-07675A,(90-07675A) LFP Battery Block with Wall Bracket,1,See Special Instructions,,814-4641@RevNEW4,ASN_20260731.csv,2026-07-30 18:00:18,2026-07-30 18:00:19,2026-07-30 18:00:19
P:90-07675AR:01S:QTL263004761,2026-07-26 17:00:00,53210,"1195 Trademark Drive, Suite 201",189977,PO-US-08927,2,90-07675A,(90-07675A) LFP Battery Block with Wall Bracket,1,See Special Instructions,,814-4641@RevNEW4,ASN_20260729.csv,2026-07-28 18:00:09,2026-07-28 18:00:19,2026-07-28 18:00:19
P:90-07675AR:01S:QTL263004762,2026-07-26 17:00:00,53210,"1195 Trademark Drive, Suite 201",189977,PO-US-08927,2,90-07675A,(90-07675A) LFP Battery Block with Wall Bracket,1,See Special Instructions,,814-4641@RevNEW4,ASN_20260729.csv,2026-07-28 18:00:09,2026-07-28 18:00:19,2026-07-28 18:00:19
P:90-07675AR:01S:QTL263004763,2026-07-26 17:00:00,53210,"1195 Trademark Drive, Suite 201",189977,PO-US-08927,2,90-07675A,(90-07675A) LFP Battery Block with Wall Bracket,1,See Special Instructions,,814-4641@RevNEW4,ASN_20260729.csv,2026-07-28 18:00:09,2026-07-28 18:00:19,2026-07-28 18:00:19
P:90-07675AR:01S:QTL263004764,2026-07-26 17:00:00,53210,"1195 Trademark Drive, Suite 201",189977,PO-US-08927,2,90-07675A,(90-07675A) LFP Battery Block with Wall Bracket,1,See Special Instructions,,814-4641@RevNEW4,ASN_20260729.csv,2026-07-28 18:00:09,2026-07-28 18:00:19,2026-07-28 18:00:19
P:90-07675AR:01S:QTL263004765,2026-07-26 17:00:00,53210,"1195 Trademark Drive, Suite 201",189977,PO-US-08927,2,90-07675A,(90-07675A) LFP Battery Block with Wall Bracket,1,See Special Instructions,,814-4641@RevNEW4,ASN_20260729.csv,2026-07-28 18:00:09,2026-07-28 18:00:19,2026-07-28 18:00:19
P:90-07675AR:01S:QTL263004766,2026-07-26 17:00:00,53210,"1195 Trademark Drive, Suite 201",189977,PO-US-08927,2,90-07675A,(90-07675A) LFP Battery Block with Wall Bracket,1,See Special Instructions,,814-4641@RevNEW4,ASN_20260729.csv,2026-07-28 18:00:09,2026-07-28 18:00:19,2026-07-28 18:00:19
P:90-07675AR:01S:QTL263004767,2026-07-26 17:00:00,53210,"1195 Trademark Drive, Suite 201",189977,PO-US-08927,2,90-07675A,(90-07675A) LFP Battery Block with Wall Bracket,1,See Special Instructions,,814-4641@RevNEW4,ASN_20260729.csv,2026-07-28 18:00:09,2026-07-28 18:00:19,2026-07-28 18:00:19
P:90-07675AR:01S:QTL263004768,2026-07-26 17:00:00,53210,"1195 Trademark Drive, Suite 201",189977,PO-US-08927,2,90-07675A,(90-07675A) LFP Battery Block with Wall Bracket,1,See Special Instructions,,814-4641@RevNEW4,ASN_20260729.csv,2026-07-28 18:00:09,2026-07-28 18:00:19,2026-07-28 18:00:19
P:90-07675AR:01S:QTL263004769,2026-07-26 17:00:00,53210,"1195 Trademark Drive, Suite 201",189977,PO-US-08927,2,90-07675A,(90-07675A) LFP Battery Block with Wall Bracket,1,See Special Instructions,,814-4641@RevNEW4,ASN_20260729.csv,2026-07-28 18:00:09,2026-07-28 18:00:19,2026-07-28 18:00:19
P:90-07675AR:01S:QTL263004770,2026-07-26 17:00:00,53210,"1195 Trademark Drive, Suite 201",189977,PO-US-08927,2,90-07675A,(90-07675A) LFP Battery Block with Wall Bracket,1,See Special Instructions,,814-4641@RevNEW4,ASN_20260729.csv,2026-07-28 18:00:09,2026-07-28 18:00:19,2026-07-28 18:00:19
P:90-07675AR:01S:QTL263004771,2026-07-26 17:00:00,53210,"1195 Trademark Drive, Suite 201",189977,PO-US-08927,2,90-07675A,(90-07675A) LFP Battery Block with Wall Bracket,1,See Special Instructions,,814-4641@RevNEW4,ASN_20260729.csv,2026-07-28 18:00:09,2026-07-28 18:00:19,2026-07-28 18:00:19
P:90-07675AR:01S:QTL263004772,2026-07-26 17:00:00,53210,"1195 Trademark Drive, Suite 201",189977,PO-US-08927,2,90-07675A,(90-07675A) LFP Battery Block with Wall Bracket,1,See Special Instructions,,814-4641@RevNEW4,ASN_20260729.csv,2026-07-28 18:00:09,2026-07-28 18:00:19,2026-07-28 18:00:19
P:90-07675AR:01S:QTL263004773,2026-07-26 17:00:00,53210,"1195 Trademark Drive, Suite 201",189977,PO-US-08927,2,90-07675A,(90-07675A) LFP Battery Block with Wall Bracket,1,See Special Instructions,,814-4641@RevNEW4,ASN_20260729.csv,2026-07-28 18:00:09,2026-07-28 18:00:19,2026-07-28 18:00:19
P:90-07675AR:01S:QTL263004774,2026-07-26 17:00:00,53210,"1195 Trademark Drive, Suite 201",189977,PO-US-08927,2,90-07675A,(90-07675A) LFP Battery Block with Wall Bracket,1,See Special Instructions,,814-4641@RevNEW4,ASN_20260729.csv,2026-07-28 18:00:09,2026-07-28 18:00:19,2026-07-28 18:00:19
P:90-07675AR:01S:QTL263004775,2026-07-26 17:00:00,53210,"1195 Trademark Drive, Suite 201",189977,PO-US-08927,2,90-07675A,(90-07675A) LFP Battery Block with Wall Bracket,1,See Special Instructions,,814-4641@RevNEW4,ASN_20260729.csv,2026-07-28 18:00:09,2026-07-28 18:00:19,2026-07-28 18:00:19
P:90-07675AR:01S:QTL263004776,2026-07-26 17:00:00,53210,"1195 Trademark Drive, Suite 201",189977,PO-US-08927,2,90-07675A,(90-07675A) LFP Battery Block with Wall Bracket,1,See Special Instructions,,814-4641@RevNEW4,ASN_20260729.csv,2026-07-28 18:00:09,2026-07-28 18:00:19,2026-07-28 18:00:19
P:90-07675AR:01S:QTL263004777,2026-07-26 17:00:00,53210,"1195 Trademark Drive, Suite 201",189977,PO-US-08927,2,90-07675A,(90-07675A) LFP Battery Block with Wall Bracket,1,See Special Instructions,,814-4641@RevNEW4,ASN_20260729.csv,2026-07-28 18:00:09,2026-07-28 18:00:19,2026-07-28 18:00:19
P:90-07675AR:01S:QTL263004778,2026-07-26 17:00:00,53210,"1195 Trademark Drive, Suite 201",189977,PO-US-08927,2,90-07675A,(90-07675A) LFP Battery Block with Wall Bracket,1,See Special Instructions,,814-4641@RevNEW4,ASN_20260729.csv,2026-07-28 18:00:09,2026-07-28 18:00:19,2026-07-28 18:00:19
P:90-07675AR:01S:QTL263004779,2026-07-26 17:00:00,53210,"1195 Trademark Drive, Suite 201",189977,PO-US-08927,2,90-07675A,(90-07675A) LFP Battery Block with Wall Bracket,1,See Special Instructions,,814-4641@RevNEW4,ASN_20260729.csv,2026-07-28 18:00:09,2026-07-28 18:00:19,2026-07-28 18:00:19
P:90-07675AR:01S:QTL263004780,2026-07-26 17:00:00,53210,"1195 Trademark Drive, Suite 201",189977,PO-US-08927,2,90-07675A,(90-07675A) LFP Battery Block with Wall Bracket,1,See Special Instructions,,814-4641@RevNEW4,ASN_20260729.csv,2026-07-28 18:00:09,2026-07-28 18:00:19,2026-07-28 18:00:19
P:90-07675AR:01S:QTL263004781,2026-07-26 17:00:00,53210,"1195 Trademark Drive, Suite 201",189977,PO-US-08927,2,90-07675A,(90-07675A) LFP Battery Block with Wall Bracket,1,See Special Instructions,,814-4641@RevNEW4,ASN_20260729.csv,2026-07-28 18:00:09,2026-07-28 18:00:19,2026-07-28 18:00:19
P:90-07675AR:01S:QTL263004782,2026-07-26 17:00:00,53210,"1195 Trademark Drive, Suite 201",189977,PO-US-08927,2,90-07675A,(90-07675A) LFP Battery Block with Wall Bracket,1,See Special Instructions,,814-4641@RevNEW4,ASN_20260729.csv,2026-07-28 18:00:09,2026-07-28 18:00:19,2026-07-28 18:00:19
P:90-07675AR:01S:QTL263004783,2026-07-26 17:00:00,53210,"1195 Trademark Drive, Suite 201",189977,PO-US-08927,2,90-07675A,(90-07675A) LFP Battery Block with Wall Bracket,1,See Special Instructions,,814-4641@RevNEW4,ASN_20260729.csv,2026-07-28 18:00:09,2026-07-28 18:00:19,2026-07-28 18:00:19
P:90-07675AR:01S:QTL263004784,2026-07-26 17:00:00,53210,"1195 Trademark Drive, Suite 201",189977,PO-US-08927,2,90-07675A,(90-07675A) LFP Battery Block with Wall Bracket,1,See Special Instructions,,814-4641@RevNEW4,ASN_20260729.csv,2026-07-28 18:00:09,2026-07-28 18:00:19,2026-07-28 18:00:19
P:90-07675AR:01S:QTL263004785,2026-07-26 17:00:00,53210,"1195 Trademark Drive, Suite 201",189977,PO-US-08927,2,90-07675A,(90-07675A) LFP Battery Block with Wall Bracket,1,See Special Instructions,,814-4641@RevNEW4,ASN_20260729.csv,2026-07-28 18:00:09,2026-07-28 18:00:19,2026-07-28 18:00:19
P:90-07675AR:01S:QTL263004786,2026-07-26 17:00:00,53210,"1195 Trademark Drive, Suite 201",189977,PO-US-08927,2,90-07675A,(90-07675A) LFP Battery Block with Wall Bracket,1,See Special Instructions,,814-4641@RevNEW4,ASN_20260729.csv,2026-07-28 18:00:09,2026-07-28 18:00:19,2026-07-28 18:00:19
P:90-07675AR:01S:QTL263004787,2026-07-26 17:00:00,53210,"1195 Trademark Drive, Suite 201",189977,PO-US-08927,2,90-07675A,(90-07675A) LFP Battery Block with Wall Bracket,1,See Special Instructions,,814-4641@RevNEW4,ASN_20260729.csv,2026-07-28 18:00:09,2026-07-28 18:00:19,2026-07-28 18:00:19
P:90-07675AR:01S:QTL263004788,2026-07-26 17:00:00,53210,"1195 Trademark Drive, Suite 201",189977,PO-US-08927,2,90-07675A,(90-07675A) LFP Battery Block with Wall Bracket,1,See Special Instructions,,814-4641@RevNEW4,ASN_20260729.csv,2026-07-28 18:00:09,2026-07-28 18:00:19,2026-07-28 18:00:19
P:90-07675AR:01S:QTL263004789,2026-07-26 17:00:00,53210,"1195 Trademark Drive, Suite 201",189977,PO-US-08927,2,90-07675A,(90-07675A) LFP Battery Block with Wall Bracket,1,See Special Instructions,,814-4641@RevNEW4,ASN_20260729.csv,2026-07-28 18:00:09,2026-07-28 18:00:19,2026-07-28 18:00:19
P:90-07675AR:01S:QTL263004790,2026-07-26 17:00:00,53210,"1195 Trademark Drive, Suite 201",189977,PO-US-08927,2,90-07675A,(90-07675A) LFP Battery Block with Wall Bracket,1,See Special Instructions,,814-4641@RevNEW4,ASN_20260729.csv,2026-07-28 18:00:09,2026-07-28 18:00:19,2026-07-28 18:00:19
P:90-07675AR:01S:QTL263004791,2026-07-26 17:00:00,53210,"1195 Trademark Drive, Suite 201",189977,PO-US-08927,2,90-07675A,(90-07675A) LFP Battery Block with Wall Bracket,1,See Special Instructions,,814-4641@RevNEW4,ASN_20260729.csv,2026-07-28 18:00:09,2026-07-28 18:00:19,2026-07-28 18:00:19
P:90-07675AR:01S:QTL263004792,2026-07-26 17:00:00,53210,"1195 Trademark Drive, Suite 201",189977,PO-US-08927,2,90-07675A,(90-07675A) LFP Battery Block with Wall Bracket,1,See Special Instructions,,814-4641@RevNEW4,ASN_20260729.csv,2026-07-28 18:00:09,2026-07-28 18:00:19,2026-07-28 18:00:19
P:90-07675AR:01S:QTL263004793,2026-07-26 17:00:00,53210,"1195 Trademark Drive, Suite 201",189977,PO-US-08927,2,90-07675A,(90-07675A) LFP Battery Block with Wall Bracket,1,See Special Instructions,,814-4641@RevNEW4,ASN_20260729.csv,2026-07-28 18:00:09,2026-07-28 18:00:19,2026-07-28 18:00:19
P:90-07675AR:01S:QTL263004794,2026-07-26 17:00:00,53210,"1195 Trademark Drive, Suite 201",189977,PO-US-08927,2,90-07675A,(90-07675A) LFP Battery Block with Wall Bracket,1,See Special Instructions,,814-4641@RevNEW4,ASN_20260729.csv,2026-07-28 18:00:09,2026-07-28 18:00:19,2026-07-28 18:00:19
P:90-07675AR:01S:QTL263100042,2026-07-26 17:00:00,53210,"1195 Trademark Drive, Suite 201",189977,PO-US-08927,2,90-07675A,(90-07675A) LFP Battery Block with Wall Bracket,1,See Special Instructions,,814-4641@RevNEW4,ASN_20260729.csv,2026-07-28 18:00:09,2026-07-28 18:00:19,2026-07-28 18:00:19
P:90-07675AR:01S:QTL263100043,2026-07-26 17:00:00,53210,"1195 Trademark Drive, Suite 201",189977,PO-US-08927,2,90-07675A,(90-07675A) LFP Battery Block with Wall Bracket,1,See Special Instructions,,814-4641@RevNEW4,ASN_20260729.csv,2026-07-28 18:00:09,2026-07-28 18:00:19,2026-07-28 18:00:19
P:90-07675AR:01S:QTL263100044,2026-07-26 17:00:00,53210,"1195 Trademark Drive, Suite 201",189977,PO-US-08927,2,90-07675A,(90-07675A) LFP Battery Block with Wall Bracket,1,See Special Instructions,,814-4641@RevNEW4,ASN_20260729.csv,2026-07-28 18:00:09,2026-07-28 18:00:19,2026-07-28 18:00:19
P:90-07675AR:01S:QTL263100045,2026-07-26 17:00:00,53210,"1195 Trademark Drive, Suite 201",189977,PO-US-08927,2,90-07675A,(90-07675A) LFP Battery Block with Wall Bracket,1,See Special Instructions,,814-4641@RevNEW4,ASN_20260729.csv,2026-07-28 18:00:09,2026-07-28 18:00:19,2026-07-28 18:00:19
P:90-07675AR:01S:QTL263100046,2026-07-26 17:00:00,53210,"1195 Trademark Drive, Suite 201",189977,PO-US-08927,2,90-07675A,(90-07675A) LFP Battery Block with Wall Bracket,1,See Special Instructions,,814-4641@RevNEW4,ASN_20260729.csv,2026-07-28 18:00:09,2026-07-28 18:00:19,2026-07-28 18:00:19
P:90-07675AR:01S:QTL263100047,2026-07-26 17:00:00,53210,"1195 Trademark Drive, Suite 201",189977,PO-US-08927,2,90-07675A,(90-07675A) LFP Battery Block with Wall Bracket,1,See Special Instructions,,814-4641@RevNEW4,ASN_20260729.csv,2026-07-28 18:00:09,2026-07-28 18:00:19,2026-07-28 18:00:19
P:90-07675AR:01S:QTL263100048,2026-07-26 17:00:00,53210,"1195 Trademark Drive, Suite 201",189977,PO-US-08927,2,90-07675A,(90-07675A) LFP Battery Block with Wall Bracket,1,See Special Instructions,,814-4641@RevNEW4,ASN_20260729.csv,2026-07-28 18:00:09,2026-07-28 18:00:19,2026-07-28 18:00:19
P:90-07675AR:01S:QTL263100049,2026-07-26 17:00:00,53210,"1195 Trademark Drive, Suite 201",189977,PO-US-08927,2,90-07675A,(90-07675A) LFP Battery Block with Wall Bracket,1,See Special Instructions,,814-4641@RevNEW4,ASN_20260729.csv,2026-07-28 18:00:09,2026-07-28 18:00:19,2026-07-28 18:00:19
P:90-07675AR:01S:QTL263100050,2026-07-26 17:00:00,53210,"1195 Trademark Drive, Suite 201",189977,PO-US-08927,2,90-07675A,(90-07675A) LFP Battery Block with Wall Bracket,1,See Special Instructions,,814-4641@RevNEW4,ASN_20260729.csv,2026-07-28 18:00:09,2026-07-28 18:00:19,2026-07-28 18:00:19
P:90-07675AR:01S:QTL263100051,2026-07-26 17:00:00,53210,"1195 Trademark Drive, Suite 201",189977,PO-US-08927,2,90-07675A,(90-07675A) LFP Battery Block with Wall Bracket,1,See Special Instructions,,814-4641@RevNEW4,ASN_20260729.csv,2026-07-28 18:00:09,2026-07-28 18:00:19,2026-07-28 18:00:19
P:90-07675AR:01S:QTL263100052,2026-07-26 17:00:00,53210,"1195 Trademark Drive, Suite 201",189977,PO-US-08927,2,90-07675A,(90-07675A) LFP Battery Block with Wall Bracket,1,See Special Instructions,,814-4641@RevNEW4,ASN_20260729.csv,2026-07-28 18:00:09,2026-07-28 18:00:19,2026-07-28 18:00:19
P:90-07675AR:01S:QTL263100053,2026-07-26 17:00:00,53210,"1195 Trademark Drive, Suite 201",189977,PO-US-08927,2,90-07675A,(90-07675A) LFP Battery Block with Wall Bracket,1,See Special Instructions,,814-4641@RevNEW4,ASN_20260729.csv,2026-07-28 18:00:09,2026-07-28 18:00:19,2026-07-28 18:00:19
P:90-07675AR:01S:QTL263100054,2026-07-26 17:00:00,53210,"1195 Trademark Drive, Suite 201",189977,PO-US-08927,2,90-07675A,(90-07675A) LFP Battery Block with Wall Bracket,1,See Special Instructions,,814-4641@RevNEW4,ASN_20260729.csv,2026-07-28 18:00:09,2026-07-28 18:00:19,2026-07-28 18:00:19
P:90-07675AR:01S:QTL263100055,2026-07-26 17:00:00,53210,"1195 Trademark Drive, Suite 201",189977,PO-US-08927,2,90-07675A,(90-07675A) LFP Battery Block with Wall Bracket,1,See Special Instructions,,814-4641@RevNEW4,ASN_20260729.csv,2026-07-28 18:00:09,2026-07-28 18:00:19,2026-07-28 18:00:19
P:90-07675AR:01S:QTL263100056,2026-07-26 17:00:00,53210,"1195 Trademark Drive, Suite 201",189977,PO-US-08927,2,90-07675A,(90-07675A) LFP Battery Block with Wall Bracket,1,See Special Instructions,,814-4641@RevNEW4,ASN_20260729.csv,2026-07-28 18:00:09,2026-07-28 18:00:19,2026-07-28 18:00:19
P:90-07675AR:01S:QTL263100057,2026-07-26 17:00:00,53210,"1195 Trademark Drive, Suite 201",189977,PO-US-08927,2,90-07675A,(90-07675A) LFP Battery Block with Wall Bracket,1,See Special Instructions,,814-4641@RevNEW4,ASN_20260729.csv,2026-07-28 18:00:09,2026-07-28 18:00:19,2026-07-28 18:00:19
P:90-07675AR:01S:QTL263100058,2026-07-26 17:00:00,53210,"1195 Trademark Drive, Suite 201",189977,PO-US-08927,2,90-07675A,(90-07675A) LFP Battery Block with Wall Bracket,1,See Special Instructions,,814-4641@RevNEW4,ASN_20260729.csv,2026-07-28 18:00:09,2026-07-28 18:00:19,2026-07-28 18:00:19
P:90-07675AR:01S:QTL263100059,2026-07-26 17:00:00,53210,"1195 Trademark Drive, Suite 201",189977,PO-US-08927,2,90-07675A,(90-07675A) LFP Battery Block with Wall Bracket,1,See Special Instructions,,814-4641@RevNEW4,ASN_20260729.csv,2026-07-28 18:00:09,2026-07-28 18:00:19,2026-07-28 18:00:19
P:90-07675AR:01S:QTL263100060,2026-07-26 17:00:00,53210,"1195 Trademark Drive, Suite 201",189977,PO-US-08927,2,90-07675A,(90-07675A) LFP Battery Block with Wall Bracket,1,See Special Instructions,,814-4641@RevNEW4,ASN_20260729.csv,2026-07-28 18:00:09,2026-07-28 18:00:19,2026-07-28 18:00:19
P:90-07675AR:01S:QTL263100061,2026-07-26 17:00:00,53210,"1195 Trademark Drive, Suite 201",189977,PO-US-08927,2,90-07675A,(90-07675A) LFP Battery Block with Wall Bracket,1,See Special Instructions,,814-4641@RevNEW4,ASN_20260729.csv,2026-07-28 18:00:09,2026-07-28 18:00:19,2026-07-28 18:00:19
P:90-07675AR:01S:QTL263100062,2026-07-26 17:00:00,53210,"1195 Trademark Drive, Suite 201",189977,PO-US-08927,2,90-07675A,(90-07675A) LFP Battery Block with Wall Bracket,1,See Special Instructions,,814-4641@RevNEW4,ASN_20260729.csv,2026-07-28 18:00:09,2026-07-28 18:00:19,2026-07-28 18:00:19
P:90-07675AR:01S:QTL263100063,2026-07-26 17:00:00,53210,"1195 Trademark Drive, Suite 201",189977,PO-US-08927,2,90-07675A,(90-07675A) LFP Battery Block with Wall Bracket,1,See Special Instructions,,814-4641@RevNEW4,ASN_20260729.csv,2026-07-28 18:00:09,2026-07-28 18:00:19,2026-07-28 18:00:19
P:90-07675AR:01S:QTL263100064,2026-07-26 17:00:00,53210,"1195 Trademark Drive, Suite 201",189977,PO-US-08927,2,90-07675A,(90-07675A) LFP Battery Block with Wall Bracket,1,See Special Instructions,,814-4641@RevNEW4,ASN_20260729.csv,2026-07-28 18:00:09,2026-07-28 18:00:19,2026-07-28 18:00:19
P:90-07675AR:01S:QTL263100065,2026-07-26 17:00:00,53210,"1195 Trademark Drive, Suite 201",189977,PO-US-08927,2,90-07675A,(90-07675A) LFP Battery Block with Wall Bracket,1,See Special Instructions,,814-4641@RevNEW4,ASN_20260729.csv,2026-07-28 18:00:09,2026-07-28 18:00:19,2026-07-28 18:00:19
P:90-07675AR:01S:QTL263100066,2026-07-26 17:00:00,53210,"1195 Trademark Drive, Suite 201",189977,PO-US-08927,2,90-07675A,(90-07675A) LFP Battery Block with Wall Bracket,1,See Special Instructions,,814-4641@RevNEW4,ASN_20260729.csv,2026-07-28 18:00:09,2026-07-28 18:00:19,2026-07-28 18:00:19
P:90-07675AR:01S:QTL263100067,2026-07-26 17:00:00,53210,"1195 Trademark Drive, Suite 201",189977,PO-US-08927,2,90-07675A,(90-07675A) LFP Battery Block with Wall Bracket,1,See Special Instructions,,814-4641@RevNEW4,ASN_20260729.csv,2026-07-28 18:00:09,2026-07-28 18:00:19,2026-07-28 18:00:19
P:90-07675AR:01S:QTL263100068,2026-07-26 17:00:00,53210,"1195 Trademark Drive, Suite 201",189977,PO-US-08927,2,90-07675A,(90-07675A) LFP Battery Block with Wall Bracket,1,See Special Instructions,,814-4641@RevNEW4,ASN_20260729.csv,2026-07-28 18:00:09,2026-07-28 18:00:19,2026-07-28 18:00:19
P:90-07675AR:01S:QTL263100069,2026-07-26 17:00:00,53210,"1195 Trademark Drive, Suite 201",189977,PO-US-08927,2,90-07675A,(90-07675A) LFP Battery Block with Wall Bracket,1,See Special Instructions,,814-4641@RevNEW4,ASN_20260729.csv,2026-07-28 18:00:09,2026-07-28 18:00:19,2026-07-28 18:00:19
P:90-07675AR:01S:QTL263100070,2026-07-26 17:00:00,53210,"1195 Trademark Drive, Suite 201",189977,PO-US-08927,2,90-07675A,(90-07675A) LFP Battery Block with Wall Bracket,1,See Special Instructions,,814-4641@RevNEW4,ASN_20260729.csv,2026-07-28 18:00:09,2026-07-28 18:00:19,2026-07-28 18:00:19
P:90-07675AR:01S:QTL263100071,2026-07-26 17:00:00,53210,"1195 Trademark Drive, Suite 201",189977,PO-US-08927,2,90-07675A,(90-07675A) LFP Battery Block with Wall Bracket,1,See Special Instructions,,814-4641@RevNEW4,ASN_20260729.csv,2026-07-28 18:00:09,2026-07-28 18:00:19,2026-07-28 18:00:19
P:90-07675AR:01S:QTL263100103,2026-07-26 17:00:00,53210,"1195 Trademark Drive, Suite 201",189977,PO-US-08927,2,90-07675A,(90-07675A) LFP Battery Block with Wall Bracket,1,See Special Instructions,,814-4641@RevNEW4,ASN_20260729.csv,2026-07-28 18:00:09,2026-07-28 18:00:19,2026-07-28 18:00:19
P:90-07675AR:01S:QTL263100104,2026-07-26 17:00:00,53210,"1195 Trademark Drive, Suite 201",189977,PO-US-08927,2,90-07675A,(90-07675A) LFP Battery Block with Wall Bracket,1,See Special Instructions,,814-4641@RevNEW4,ASN_20260729.csv,2026-07-28 18:00:09,2026-07-28 18:00:19,2026-07-28 18:00:19
P:90-07675AR:01S:QTL263100105,2026-07-26 17:00:00,53210,"1195 Trademark Drive, Suite 201",189977,PO-US-08927,2,90-07675A,(90-07675A) LFP Battery Block with Wall Bracket,1,See Special Instructions,,814-4641@RevNEW4,ASN_20260729.csv,2026-07-28 18:00:09,2026-07-28 18:00:19,2026-07-28 18:00:19
P:90-07675AR:01S:QTL263100106,2026-07-26 17:00:00,53210,"1195 Trademark Drive, Suite 201",189977,PO-US-08927,2,90-07675A,(90-07675A) LFP Battery Block with Wall Bracket,1,See Special Instructions,,814-4641@RevNEW4,ASN_20260729.csv,2026-07-28 18:00:09,2026-07-28 18:00:19,2026-07-28 18:00:19
P:90-07675AR:01S:QTL263100107,2026-07-26 17:00:00,53210,"1195 Trademark Drive, Suite 201",189977,PO-US-08927,2,90-07675A,(90-07675A) LFP Battery Block with Wall Bracket,1,See Special Instructions,,814-4641@RevNEW4,ASN_20260729.csv,2026-07-28 18:00:09,2026-07-28 18:00:19,2026-07-28 18:00:19
P:90-07675AR:01S:QTL263100108,2026-07-26 17:00:00,53210,"1195 Trademark Drive, Suite 201",189977,PO-US-08927,2,90-07675A,(90-07675A) LFP Battery Block with Wall Bracket,1,See Special Instructions,,814-4641@RevNEW4,ASN_20260729.csv,2026-07-28 18:00:09,2026-07-28 18:00:19,2026-07-28 18:00:19
P:90-07675AR:01S:QTL263100109,2026-07-26 17:00:00,53210,"1195 Trademark Drive, Suite 201",189977,PO-US-08927,2,90-07675A,(90-07675A) LFP Battery Block with Wall Bracket,1,See Special Instructions,,814-4641@RevNEW4,ASN_20260729.csv,2026-07-28 18:00:09,2026-07-28 18:00:19,2026-07-28 18:00:19
P:90-07675AR:01S:QTL263100110,2026-07-26 17:00:00,53210,"1195 Trademark Drive, Suite 201",189977,PO-US-08927,2,90-07675A,(90-07675A) LFP Battery Block with Wall Bracket,1,See Special Instructions,,814-4641@RevNEW4,ASN_20260729.csv,2026-07-28 18:00:09,2026-07-28 18:00:19,2026-07-28 18:00:19
P:90-07675AR:01S:QTL263100111,2026-07-26 17:00:00,53210,"1195 Trademark Drive, Suite 201",189977,PO-US-08927,2,90-07675A,(90-07675A) LFP Battery Block with Wall Bracket,1,See Special Instructions,,814-4641@RevNEW4,ASN_20260729.csv,2026-07-28 18:00:09,2026-07-28 18:00:19,2026-07-28 18:00:19
P:90-07675AR:01S:QTL263100112,2026-07-26 17:00:00,53210,"1195 Trademark Drive, Suite 201",189977,PO-US-08927,2,90-07675A,(90-07675A) LFP Battery Block with Wall Bracket,1,See Special Instructions,,814-4641@RevNEW4,ASN_20260729.csv,2026-07-28 18:00:09,2026-07-28 18:00:19,2026-07-28 18:00:19
P:90-07675AR:01S:QTL263100113,2026-07-26 17:00:00,53210,"1195 Trademark Drive, Suite 201",189977,PO-US-08927,2,90-07675A,(90-07675A) LFP Battery Block with Wall Bracket,1,See Special Instructions,,814-4641@RevNEW4,ASN_20260729.csv,2026-07-28 18:00:09,2026-07-28 18:00:19,2026-07-28 18:00:19
P:90-07675AR:01S:QTL263100114,2026-07-26 17:00:00,53210,"1195 Trademark Drive, Suite 201",189977,PO-US-08927,2,90-07675A,(90-07675A) LFP Battery Block with Wall Bracket,1,See Special Instructions,,814-4641@RevNEW4,ASN_20260729.csv,2026-07-28 18:00:09,2026-07-28 18:00:19,2026-07-28 18:00:19
P:90-07675AR:01S:QTL263100115,2026-07-26 17:00:00,53210,"1195 Trademark Drive, Suite 201",189977,PO-US-08927,2,90-07675A,(90-07675A) LFP Battery Block with Wall Bracket,1,See Special Instructions,,814-4641@RevNEW4,ASN_20260729.csv,2026-07-28 18:00:09,2026-07-28 18:00:19,2026-07-28 18:00:19
P:90-07675AR:01S:QTL263100116,2026-07-26 17:00:00,53210,"1195 Trademark Drive, Suite 201",189977,PO-US-08927,2,90-07675A,(90-07675A) LFP Battery Block with Wall Bracket,1,See Special Instructions,,814-4641@RevNEW4,ASN_20260729.csv,2026-07-28 18:00:09,2026-07-28 18:00:19,2026-07-28 18:00:19
P:90-07675AR:01S:QTL263100117,2026-07-26 17:00:00,53210,"1195 Trademark Drive, Suite 201",189977,PO-US-08927,2,90-07675A,(90-07675A) LFP Battery Block with Wall Bracket,1,See Special Instructions,,814-4641@RevNEW4,ASN_20260729.csv,2026-07-28 18:00:09,2026-07-28 18:00:19,2026-07-28 18:00:19
P:90-07675AR:01S:QTL263100118,2026-07-26 17:00:00,53210,"1195 Trademark Drive, Suite 201",189977,PO-US-08927,2,90-07675A,(90-07675A) LFP Battery Block with Wall Bracket,1,See Special Instructions,,814-4641@RevNEW4,ASN_20260729.csv,2026-07-28 18:00:09,2026-07-28 18:00:19,2026-07-28 18:00:19
P:90-07675AR:01S:QTL263100119,2026-07-26 17:00:00,53210,"1195 Trademark Drive, Suite 201",189977,PO-US-08927,2,90-07675A,(90-07675A) LFP Battery Block with Wall Bracket,1,See Special Instructions,,814-4641@RevNEW4,ASN_20260729.csv,2026-07-28 18:00:09,2026-07-28 18:00:19,2026-07-28 18:00:19
P:90-07675AR:01S:QTL263100120,2026-07-26 17:00:00,53210,"1195 Trademark Drive, Suite 201",189977,PO-US-08927,2,90-07675A,(90-07675A) LFP Battery Block with Wall Bracket,1,See Special Instructions,,814-4641@RevNEW4,ASN_20260729.csv,2026-07-28 18:00:09,2026-07-28 18:00:19,2026-07-28 18:00:19
P:90-07675AR:01S:QTL263100121,2026-07-26 17:00:00,53210,"1195 Trademark Drive, Suite 201",189977,PO-US-08927,2,90-07675A,(90-07675A) LFP Battery Block with Wall Bracket,1,See Special Instructions,,814-4641@RevNEW4,ASN_20260729.csv,2026-07-28 18:00:09,2026-07-28 18:00:19,2026-07-28 18:00:19
P:90-07675AR:01S:QTL263100122,2026-07-26 17:00:00,53210,"1195 Trademark Drive, Suite 201",189977,PO-US-08927,2,90-07675A,(90-07675A) LFP Battery Block with Wall Bracket,1,See Special Instructions,,814-4641@RevNEW4,ASN_20260729.csv,2026-07-28 18:00:09,2026-07-28 18:00:19,2026-07-28 18:00:19
P:90-07675AR:01S:QTL263100123,2026-07-26 17:00:00,53210,"1195 Trademark Drive, Suite 201",189977,PO-US-08927,2,90-07675A,(90-07675A) LFP Battery Block with Wall Bracket,1,See Special Instructions,,814-4641@RevNEW4,ASN_20260729.csv,2026-07-28 18:00:09,2026-07-28 18:00:19,2026-07-28 18:00:19
P:90-07675AR:01S:QTL263100124,2026-07-26 17:00:00,53210,"1195 Trademark Drive, Suite 201",189977,PO-US-08927,2,90-07675A,(90-07675A) LFP Battery Block with Wall Bracket,1,See Special Instructions,,814-4641@RevNEW4,ASN_20260729.csv,2026-07-28 18:00:09,2026-07-28 18:00:19,2026-07-28 18:00:19
P:90-07675AR:01S:QTL263100125,2026-07-26 17:00:00,53210,"1195 Trademark Drive, Suite 201",189977,PO-US-08927,2,90-07675A,(90-07675A) LFP Battery Block with Wall Bracket,1,See Special Instructions,,814-4641@RevNEW4,ASN_20260729.csv,2026-07-28 18:00:09,2026-07-28 18:00:19,2026-07-28 18:00:19
P:90-07675AR:01S:QTL263100126,2026-07-26 17:00:00,53210,"1195 Trademark Drive, Suite 201",189977,PO-US-08927,2,90-07675A,(90-07675A) LFP Battery Block with Wall Bracket,1,See Special Instructions,,814-4641@RevNEW4,ASN_20260729.csv,2026-07-28 18:00:09,2026-07-28 18:00:19,2026-07-28 18:00:19
P:90-07675AR:01S:QTL263100127,2026-07-26 17:00:00,53210,"1195 Trademark Drive, Suite 201",189977,PO-US-08927,2,90-07675A,(90-07675A) LFP Battery Block with Wall Bracket,1,See Special Instructions,,814-4641@RevNEW4,ASN_20260729.csv,2026-07-28 18:00:09,2026-07-28 18:00:19,2026-07-28 18:00:19
P:90-07675AR:01S:QTL263100128,2026-07-26 17:00:00,53210,"1195 Trademark Drive, Suite 201",189977,PO-US-08927,2,90-07675A,(90-07675A) LFP Battery Block with Wall Bracket,1,See Special Instructions,,814-4641@RevNEW4,ASN_20260729.csv,2026-07-28 18:00:09,2026-07-28 18:00:19,2026-07-28 18:00:19
P:90-07675AR:01S:QTL263100129,2026-07-26 17:00:00,53210,"1195 Trademark Drive, Suite 201",189977,PO-US-08927,2,90-07675A,(90-07675A) LFP Battery Block with Wall Bracket,1,See Special Instructions,,814-4641@RevNEW4,ASN_20260729.csv,2026-07-28 18:00:09,2026-07-28 18:00:19,2026-07-28 18:00:19
P:90-07675AR:01S:QTL263100130,2026-07-26 17:00:00,53210,"1195 Trademark Drive, Suite 201",189977,PO-US-08927,2,90-07675A,(90-07675A) LFP Battery Block with Wall Bracket,1,See Special Instructions,,814-4641@RevNEW4,ASN_20260729.csv,2026-07-28 18:00:09,2026-07-28 18:00:19,2026-07-28 18:00:19
P:90-07675AR:01S:QTL263100131,2026-07-26 17:00:00,53210,"1195 Trademark Drive, Suite 201",189977,PO-US-08927,2,90-07675A,(90-07675A) LFP Battery Block with Wall Bracket,1,See Special Instructions,,814-4641@RevNEW4,ASN_20260729.csv,2026-07-28 18:00:09,2026-07-28 18:00:19,2026-07-28 18:00:19
P:90-07675AR:01S:QTL263100132,2026-07-26 17:00:00,53210,"1195 Trademark Drive, Suite 201",189977,PO-US-08927,2,90-07675A,(90-07675A) LFP Battery Block with Wall Bracket,1,See Special Instructions,,814-4641@RevNEW4,ASN_20260729.csv,2026-07-28 18:00:09,2026-07-28 18:00:19,2026-07-28 18:00:19
P:90-07675AR:01S:QTL263100133,2026-07-26 17:00:00,53210,"1195 Trademark Drive, Suite 201",189977,PO-US-08927,2,90-07675A,(90-07675A) LFP Battery Block with Wall Bracket,1,See Special Instructions,,814-4641@RevNEW4,ASN_20260729.csv,2026-07-28 18:00:09,2026-07-28 18:00:19,2026-07-28 18:00:19
P:90-07675AR:01S:QTL263100134,2026-07-26 17:00:00,53210,"1195 Trademark Drive, Suite 201",189977,PO-US-08927,2,90-07675A,(90-07675A) LFP Battery Block with Wall Bracket,1,See Special Instructions,,814-4641@RevNEW4,ASN_20260729.csv,2026-07-28 18:00:09,2026-07-28 18:00:19,2026-07-28 18:00:19
P:90-07675AR:01S:QTL263100135,2026-07-26 17:00:00,53210,"1195 Trademark Drive, Suite 201",189977,PO-US-08927,2,90-07675A,(90-07675A) LFP Battery Block with Wall Bracket,1,See Special Instructions,,814-4641@RevNEW4,ASN_20260729.csv,2026-07-28 18:00:09,2026-07-28 18:00:19,2026-07-28 18:00:19
P:90-07675AR:01S:QTL263100136,2026-07-26 17:00:00,53210,"1195 Trademark Drive, Suite 201",189977,PO-US-08927,2,90-07675A,(90-07675A) LFP Battery Block with Wall Bracket,1,See Special Instructions,,814-4641@RevNEW4,ASN_20260729.csv,2026-07-28 18:00:09,2026-07-28 18:00:19,2026-07-28 18:00:19
P:90-07675AR:01S:QTL263100137,2026-07-26 17:00:00,53210,"1195 Trademark Drive, Suite 201",189977,PO-US-08927,2,90-07675A,(90-07675A) LFP Battery Block with Wall Bracket,1,See Special Instructions,,814-4641@RevNEW4,ASN_20260729.csv,2026-07-28 18:00:09,2026-07-28 18:00:19,2026-07-28 18:00:19
P:90-07675AR:01S:QTL263100138,2026-07-26 17:00:00,53210,"1195 Trademark Drive, Suite 201",189977,PO-US-08927,2,90-07675A,(90-07675A) LFP Battery Block with Wall Bracket,1,See Special Instructions,,814-4641@RevNEW4,ASN_20260729.csv,2026-07-28 18:00:09,2026-07-28 18:00:19,2026-07-28 18:00:19
P:90-07675AR:01S:QTL263100139,2026-07-26 17:00:00,53210,"1195 Trademark Drive, Suite 201",189977,PO-US-08927,2,90-07675A,(90-07675A) LFP Battery Block with Wall Bracket,1,See Special Instructions,,814-4641@RevNEW4,ASN_20260729.csv,2026-07-28 18:00:09,2026-07-28 18:00:19,2026-07-28 18:00:19
P:90-07675AR:01S:QTL263100140,2026-07-26 17:00:00,53210,"1195 Trademark Drive, Suite 201",189977,PO-US-08927,2,90-07675A,(90-07675A) LFP Battery Block with Wall Bracket,1,See Special Instructions,,814-4641@RevNEW4,ASN_20260729.csv,2026-07-28 18:00:09,2026-07-28 18:00:19,2026-07-28 18:00:19
P:90-07675AR:01S:QTL263100141,2026-07-26 17:00:00,53210,"1195 Trademark Drive, Suite 201",189977,PO-US-08927,2,90-07675A,(90-07675A) LFP Battery Block with Wall Bracket,1,See Special Instructions,,814-4641@RevNEW4,ASN_20260729.csv,2026-07-28 18:00:09,2026-07-28 18:00:19,2026-07-28 18:00:19
P:90-07675AR:01S:QTL263100142,2026-07-26 17:00:00,53210,"1195 Trademark Drive, Suite 201",189977,PO-US-08927,2,90-07675A,(90-07675A) LFP Battery Block with Wall Bracket,1,See Special Instructions,,814-4641@RevNEW4,ASN_20260729.csv,2026-07-28 18:00:09,2026-07-28 18:00:19,2026-07-28 18:00:19
P:90-07675AR:01S:QTL263100347,2026-07-26 17:00:00,53210,"1195 Trademark Drive, Suite 201",189977,PO-US-08927,2,90-07675A,(90-07675A) LFP Battery Block with Wall Bracket,1,See Special Instructions,,814-4641@RevNEW4,ASN_20260729.csv,2026-07-28 18:00:09,2026-07-28 18:00:19,2026-07-28 18:00:19
P:90-07675AR:01S:QTL263100348,2026-07-26 17:00:00,53210,"1195 Trademark Drive, Suite 201",189977,PO-US-08927,2,90-07675A,(90-07675A) LFP Battery Block with Wall Bracket,1,See Special Instructions,,814-4641@RevNEW4,ASN_20260729.csv,2026-07-28 18:00:09,2026-07-28 18:00:19,2026-07-28 18:00:19
P:90-07675AR:01S:QTL263100349,2026-07-26 17:00:00,53210,"1195 Trademark Drive, Suite 201",189977,PO-US-08927,2,90-07675A,(90-07675A) LFP Battery Block with Wall Bracket,1,See Special Instructions,,814-4641@RevNEW4,ASN_20260729.csv,2026-07-28 18:00:09,2026-07-28 18:00:19,2026-07-28 18:00:19
P:90-07675AR:01S:QTL263100350,2026-07-26 17:00:00,53210,"1195 Trademark Drive, Suite 201",189977,PO-US-08927,2,90-07675A,(90-07675A) LFP Battery Block with Wall Bracket,1,See Special Instructions,,814-4641@RevNEW4,ASN_20260729.csv,2026-07-28 18:00:09,2026-07-28 18:00:19,2026-07-28 18:00:19
P:90-07675AR:01S:QTL263100351,2026-07-30 17:00:00,53210,"1195 Trademark Drive, Suite 201",190087,PO-US-08927,3,90-07675A,(90-07675A) LFP Battery Block with Wall Bracket,1,See Special Instructions,,814-4641@RevNEW4,ASN_20260801.csv,2026-07-31 18:00:15,2026-07-31 18:00:25,2026-07-31 18:00:25
P:90-07675AR:01S:QTL263100352,2026-07-30 17:00:00,53210,"1195 Trademark Drive, Suite 201",190087,PO-US-08927,3,90-07675A,(90-07675A) LFP Battery Block with Wall Bracket,1,See Special Instructions,,814-4641@RevNEW4,ASN_20260801.csv,2026-07-31 18:00:15,2026-07-31 18:00:25,2026-07-31 18:00:25
P:90-07675AR:01S:QTL263100353,2026-07-30 17:00:00,53210,"1195 Trademark Drive, Suite 201",190087,PO-US-08927,3,90-07675A,(90-07675A) LFP Battery Block with Wall Bracket,1,See Special Instructions,,814-4641@RevNEW4,ASN_20260801.csv,2026-07-31 18:00:15,2026-07-31 18:00:25,2026-07-31 18:00:25
P:90-07675AR:01S:QTL263100354,2026-07-30 17:00:00,53210,"1195 Trademark Drive, Suite 201",190087,PO-US-08927,3,90-07675A,(90-07675A) LFP Battery Block with Wall Bracket,1,See Special Instructions,,814-4641@RevNEW4,ASN_20260801.csv,2026-07-31 18:00:15,2026-07-31 18:00:25,2026-07-31 18:00:25
P:90-07675AR:01S:QTL263100355,2026-07-30 17:00:00,53210,"1195 Trademark Drive, Suite 201",190087,PO-US-08927,3,90-07675A,(90-07675A) LFP Battery Block with Wall Bracket,1,See Special Instructions,,814-4641@RevNEW4,ASN_20260801.csv,2026-07-31 18:00:15,2026-07-31 18:00:25,2026-07-31 18:00:25
P:90-07675AR:01S:QTL263100356,2026-07-30 17:00:00,53210,"1195 Trademark Drive, Suite 201",190087,PO-US-08927,3,90-07675A,(90-07675A) LFP Battery Block with Wall Bracket,1,See Special Instructions,,814-4641@RevNEW4,ASN_20260801.csv,2026-07-31 18:00:15,2026-07-31 18:00:25,2026-07-31 18:00:25
P:90-07675AR:01S:QTL263100357,2026-07-30 17:00:00,53210,"1195 Trademark Drive, Suite 201",190087,PO-US-08927,3,90-07675A,(90-07675A) LFP Battery Block with Wall Bracket,1,See Special Instructions,,814-4641@RevNEW4,ASN_20260801.csv,2026-07-31 18:00:15,2026-07-31 18:00:25,2026-07-31 18:00:25
P:90-07675AR:01S:QTL263100358,2026-07-30 17:00:00,53210,"1195 Trademark Drive, Suite 201",190087,PO-US-08927,3,90-07675A,(90-07675A) LFP Battery Block with Wall Bracket,1,See Special Instructions,,814-4641@RevNEW4,ASN_20260801.csv,2026-07-31 18:00:15,2026-07-31 18:00:25,2026-07-31 18:00:25
P:90-07675AR:01S:QTL263100359,2026-07-30 17:00:00,53210,"1195 Trademark Drive, Suite 201",190087,PO-US-08927,3,90-07675A,(90-07675A) LFP Battery Block with Wall Bracket,1,See Special Instructions,,814-4641@RevNEW4,ASN_20260801.csv,2026-07-31 18:00:15,2026-07-31 18:00:25,2026-07-31 18:00:25
P:90-07675AR:01S:QTL263100360,2026-07-30 17:00:00,53210,"1195 Trademark Drive, Suite 201",190087,PO-US-08927,3,90-07675A,(90-07675A) LFP Battery Block with Wall Bracket,1,See Special Instructions,,814-4641@RevNEW4,ASN_20260801.csv,2026-07-31 18:00:15,2026-07-31 18:00:25,2026-07-31 18:00:25
P:90-07675AR:01S:QTL263100361,2026-07-30 17:00:00,53210,"1195 Trademark Drive, Suite 201",190087,PO-US-08927,3,90-07675A,(90-07675A) LFP Battery Block with Wall Bracket,1,See Special Instructions,,814-4641@RevNEW4,ASN_20260801.csv,2026-07-31 18:00:15,2026-07-31 18:00:25,2026-07-31 18:00:25
P:90-07675AR:01S:QTL263100362,2026-07-30 17:00:00,53210,"1195 Trademark Drive, Suite 201",190087,PO-US-08927,3,90-07675A,(90-07675A) LFP Battery Block with Wall Bracket,1,See Special Instructions,,814-4641@RevNEW4,ASN_20260801.csv,2026-07-31 18:00:15,2026-07-31 18:00:25,2026-07-31 18:00:25
P:90-07675AR:01S:QTL263100363,2026-07-30 17:00:00,53210,"1195 Trademark Drive, Suite 201",190087,PO-US-08927,3,90-07675A,(90-07675A) LFP Battery Block with Wall Bracket,1,See Special Instructions,,814-4641@RevNEW4,ASN_20260801.csv,2026-07-31 18:00:15,2026-07-31 18:00:25,2026-07-31 18:00:25
P:90-07675AR:01S:QTL263100364,2026-07-30 17:00:00,53210,"1195 Trademark Drive, Suite 201",190087,PO-US-08927,3,90-07675A,(90-07675A) LFP Battery Block with Wall Bracket,1,See Special Instructions,,814-4641@RevNEW4,ASN_20260801.csv,2026-07-31 18:00:15,2026-07-31 18:00:25,2026-07-31 18:00:25
P:90-07675AR:01S:QTL263100365,2026-07-30 17:00:00,53210,"1195 Trademark Drive, Suite 201",190087,PO-US-08927,3,90-07675A,(90-07675A) LFP Battery Block with Wall Bracket,1,See Special Instructions,,814-4641@RevNEW4,ASN_20260801.csv,2026-07-31 18:00:15,2026-07-31 18:00:25,2026-07-31 18:00:25
P:90-07675AR:01S:QTL263100366,2026-07-30 17:00:00,53210,"1195 Trademark Drive, Suite 201",190087,PO-US-08927,3,90-07675A,(90-07675A) LFP Battery Block with Wall Bracket,1,See Special Instructions,,814-4641@RevNEW4,ASN_20260801.csv,2026-07-31 18:00:15,2026-07-31 18:00:25,2026-07-31 18:00:25
P:90-07675AR:01S:QTL263100367,2026-07-30 17:00:00,53210,"1195 Trademark Drive, Suite 201",190087,PO-US-08927,3,90-07675A,(90-07675A) LFP Battery Block with Wall Bracket,1,See Special Instructions,,814-4641@RevNEW4,ASN_20260801.csv,2026-07-31 18:00:15,2026-07-31 18:00:25,2026-07-31 18:00:25
P:90-07675AR:01S:QTL263100368,2026-07-30 17:00:00,53210,"1195 Trademark Drive, Suite 201",190087,PO-US-08927,3,90-07675A,(90-07675A) LFP Battery Block with Wall Bracket,1,See Special Instructions,,814-4641@RevNEW4,ASN_20260801.csv,2026-07-31 18:00:15,2026-07-31 18:00:25,2026-07-31 18:00:25
P:90-07675AR:01S:QTL263100369,2026-07-30 17:00:00,53210,"1195 Trademark Drive, Suite 201",190087,PO-US-08927,3,90-07675A,(90-07675A) LFP Battery Block with Wall Bracket,1,See Special Instructions,,814-4641@RevNEW4,ASN_20260801.csv,2026-07-31 18:00:15,2026-07-31 18:00:25,2026-07-31 18:00:25
P:90-07675AR:01S:QTL263100370,2026-07-30 17:00:00,53210,"1195 Trademark Drive, Suite 201",190087,PO-US-08927,3,90-07675A,(90-07675A) LFP Battery Block with Wall Bracket,1,See Special Instructions,,814-4641@RevNEW4,ASN_20260801.csv,2026-07-31 18:00:15,2026-07-31 18:00:25,2026-07-31 18:00:25
P:90-07675AR:01S:QTL263100371,2026-07-30 17:00:00,53210,"1195 Trademark Drive, Suite 201",190087,PO-US-08927,3,90-07675A,(90-07675A) LFP Battery Block with Wall Bracket,1,See Special Instructions,,814-4641@RevNEW4,ASN_20260801.csv,2026-07-31 18:00:15,2026-07-31 18:00:25,2026-07-31 18:00:25
P:90-07675AR:01S:QTL263100372,2026-07-30 17:00:00,53210,"1195 Trademark Drive, Suite 201",190087,PO-US-08927,3,90-07675A,(90-07675A) LFP Battery Block with Wall Bracket,1,See Special Instructions,,814-4641@RevNEW4,ASN_20260801.csv,2026-07-31 18:00:15,2026-07-31 18:00:25,2026-07-31 18:00:25
P:90-07675AR:01S:QTL263100373,2026-07-30 17:00:00,53210,"1195 Trademark Drive, Suite 201",190087,PO-US-08927,3,90-07675A,(90-07675A) LFP Battery Block with Wall Bracket,1,See Special Instructions,,814-4641@RevNEW4,ASN_20260801.csv,2026-07-31 18:00:15,2026-07-31 18:00:25,2026-07-31 18:00:25
P:90-07675AR:01S:QTL263100374,2026-07-28 17:00:00,53210,"1195 Trademark Drive, Suite 201",190026,PO-US-08927,2,90-07675A,(90-07675A) LFP Battery Block with Wall Bracket,1,See Special Instructions,,814-4641@RevNEW4,ASN_20260730.csv,2026-07-29 18:00:21,2026-07-29 18:00:32,2026-07-29 18:00:32
P:90-07675AR:01S:QTL263100375,2026-07-28 17:00:00,53210,"1195 Trademark Drive, Suite 201",190026,PO-US-08927,2,90-07675A,(90-07675A) LFP Battery Block with Wall Bracket,1,See Special Instructions,,814-4641@RevNEW4,ASN_20260731.csv,2026-07-30 18:00:18,2026-07-30 18:00:19,2026-07-30 18:00:19
P:90-07675AR:01S:QTL263100376,2026-07-30 17:00:00,53210,"1195 Trademark Drive, Suite 201",190087,PO-US-08927,3,90-07675A,(90-07675A) LFP Battery Block with Wall Bracket,1,See Special Instructions,,814-4641@RevNEW4,ASN_20260801.csv,2026-07-31 18:00:15,2026-07-31 18:00:25,2026-07-31 18:00:25
P:90-07675AR:01S:QTL263100377,2026-07-28 17:00:00,53210,"1195 Trademark Drive, Suite 201",190026,PO-US-08927,2,90-07675A,(90-07675A) LFP Battery Block with Wall Bracket,1,See Special Instructions,,814-4641@RevNEW4,ASN_20260731.csv,2026-07-30 18:00:18,2026-07-30 18:00:19,2026-07-30 18:00:19
P:90-07675AR:01S:QTL263100378,2026-07-28 17:00:00,53210,"1195 Trademark Drive, Suite 201",190026,PO-US-08927,2,90-07675A,(90-07675A) LFP Battery Block with Wall Bracket,1,See Special Instructions,,814-4641@RevNEW4,ASN_20260730.csv,2026-07-29 18:00:21,2026-07-29 18:00:32,2026-07-29 18:00:32
P:90-07675AR:01S:QTL263100379,2026-07-28 17:00:00,53210,"1195 Trademark Drive, Suite 201",190026,PO-US-08927,2,90-07675A,(90-07675A) LFP Battery Block with Wall Bracket,1,See Special Instructions,,814-4641@RevNEW4,ASN_20260731.csv,2026-07-30 18:00:18,2026-07-30 18:00:19,2026-07-30 18:00:19
P:90-07675AR:01S:QTL263100380,2026-07-28 17:00:00,53210,"1195 Trademark Drive, Suite 201",190026,PO-US-08927,2,90-07675A,(90-07675A) LFP Battery Block with Wall Bracket,1,See Special Instructions,,814-4641@RevNEW4,ASN_20260730.csv,2026-07-29 18:00:21,2026-07-29 18:00:32,2026-07-29 18:00:32
P:90-07675AR:01S:QTL263100381,2026-07-28 17:00:00,53210,"1195 Trademark Drive, Suite 201",190026,PO-US-08927,2,90-07675A,(90-07675A) LFP Battery Block with Wall Bracket,1,See Special Instructions,,814-4641@RevNEW4,ASN_20260730.csv,2026-07-29 18:00:21,2026-07-29 18:00:32,2026-07-29 18:00:32
P:90-07675AR:01S:QTL263100382,2026-07-28 17:00:00,53210,"1195 Trademark Drive, Suite 201",190026,PO-US-08927,2,90-07675A,(90-07675A) LFP Battery Block with Wall Bracket,1,See Special Instructions,,814-4641@RevNEW4,ASN_20260731.csv,2026-07-30 18:00:18,2026-07-30 18:00:19,2026-07-30 18:00:19
P:90-07675AR:01S:QTL263100383,2026-07-28 17:00:00,53210,"1195 Trademark Drive, Suite 201",190026,PO-US-08927,2,90-07675A,(90-07675A) LFP Battery Block with Wall Bracket,1,See Special Instructions,,814-4641@RevNEW4,ASN_20260730.csv,2026-07-29 18:00:21,2026-07-29 18:00:32,2026-07-29 18:00:32
P:90-07675AR:01S:QTL263100384,2026-07-28 17:00:00,53210,"1195 Trademark Drive, Suite 201",190026,PO-US-08927,2,90-07675A,(90-07675A) LFP Battery Block with Wall Bracket,1,See Special Instructions,,814-4641@RevNEW4,ASN_20260731.csv,2026-07-30 18:00:18,2026-07-30 18:00:19,2026-07-30 18:00:19
P:90-07675AR:01S:QTL263100385,2026-07-28 17:00:00,53210,"1195 Trademark Drive, Suite 201",190026,PO-US-08927,2,90-07675A,(90-07675A) LFP Battery Block with Wall Bracket,1,See Special Instructions,,814-4641@RevNEW4,ASN_20260731.csv,2026-07-30 18:00:18,2026-07-30 18:00:19,2026-07-30 18:00:19
P:90-07675AR:01S:QTL263100386,2026-07-28 17:00:00,53210,"1195 Trademark Drive, Suite 201",190026,PO-US-08927,2,90-07675A,(90-07675A) LFP Battery Block with Wall Bracket,1,See Special Instructions,,814-4641@RevNEW4,ASN_20260731.csv,2026-07-30 18:00:18,2026-07-30 18:00:19,2026-07-30 18:00:19
P:90-07675AR:01S:QTL263100387,2026-07-28 17:00:00,53210,"1195 Trademark Drive, Suite 201",190026,PO-US-08927,2,90-07675A,(90-07675A) LFP Battery Block with Wall Bracket,1,See Special Instructions,,814-4641@RevNEW4,ASN_20260731.csv,2026-07-30 18:00:18,2026-07-30 18:00:19,2026-07-30 18:00:19
P:90-07675AR:01S:QTL263100388,2026-07-28 17:00:00,53210,"1195 Trademark Drive, Suite 201",190026,PO-US-08927,2,90-07675A,(90-07675A) LFP Battery Block with Wall Bracket,1,See Special Instructions,,814-4641@RevNEW4,ASN_20260731.csv,2026-07-30 18:00:18,2026-07-30 18:00:19,2026-07-30 18:00:19
P:90-07675AR:01S:QTL263100389,2026-07-28 17:00:00,53210,"1195 Trademark Drive, Suite 201",190026,PO-US-08927,2,90-07675A,(90-07675A) LFP Battery Block with Wall Bracket,1,See Special Instructions,,814-4641@RevNEW4,ASN_20260730.csv,2026-07-29 18:00:21,2026-07-29 18:00:32,2026-07-29 18:00:32
P:90-07675AR:01S:QTL263100390,2026-07-28 17:00:00,53210,"1195 Trademark Drive, Suite 201",190026,PO-US-08927,2,90-07675A,(90-07675A) LFP Battery Block with Wall Bracket,1,See Special Instructions,,814-4641@RevNEW4,ASN_20260730.csv,2026-07-29 18:00:21,2026-07-29 18:00:32,2026-07-29 18:00:32
P:90-07675AR:01S:QTL263100391,2026-07-28 17:00:00,53210,"1195 Trademark Drive, Suite 201",190026,PO-US-08927,2,90-07675A,(90-07675A) LFP Battery Block with Wall Bracket,1,See Special Instructions,,814-4641@RevNEW4,ASN_20260731.csv,2026-07-30 18:00:18,2026-07-30 18:00:19,2026-07-30 18:00:19
P:90-07675AR:01S:QTL263100392,2026-07-28 17:00:00,53210,"1195 Trademark Drive, Suite 201",190026,PO-US-08927,2,90-07675A,(90-07675A) LFP Battery Block with Wall Bracket,1,See Special Instructions,,814-4641@RevNEW4,ASN_20260730.csv,2026-07-29 18:00:21,2026-07-29 18:00:32,2026-07-29 18:00:32
P:90-07675AR:01S:QTL263100393,2026-07-28 17:00:00,53210,"1195 Trademark Drive, Suite 201",190026,PO-US-08927,2,90-07675A,(90-07675A) LFP Battery Block with Wall Bracket,1,See Special Instructions,,814-4641@RevNEW4,ASN_20260731.csv,2026-07-30 18:00:18,2026-07-30 18:00:19,2026-07-30 18:00:19
P:90-07675AR:01S:QTL263100394,2026-07-28 17:00:00,53210,"1195 Trademark Drive, Suite 201",190026,PO-US-08927,2,90-07675A,(90-07675A) LFP Battery Block with Wall Bracket,1,See Special Instructions,,814-4641@RevNEW4,ASN_20260730.csv,2026-07-29 18:00:21,2026-07-29 18:00:32,2026-07-29 18:00:32
P:90-07675AR:01S:QTL263100395,2026-07-28 17:00:00,53210,"1195 Trademark Drive, Suite 201",190026,PO-US-08927,2,90-07675A,(90-07675A) LFP Battery Block with Wall Bracket,1,See Special Instructions,,814-4641@RevNEW4,ASN_20260731.csv,2026-07-30 18:00:18,2026-07-30 18:00:19,2026-07-30 18:00:19
P:90-07675AR:01S:QTL263100396,2026-07-28 17:00:00,53210,"1195 Trademark Drive, Suite 201",190026,PO-US-08927,2,90-07675A,(90-07675A) LFP Battery Block with Wall Bracket,1,See Special Instructions,,814-4641@RevNEW4,ASN_20260730.csv,2026-07-29 18:00:21,2026-07-29 18:00:32,2026-07-29 18:00:32
P:90-07675AR:01S:QTL263100397,2026-07-28 17:00:00,53210,"1195 Trademark Drive, Suite 201",190026,PO-US-08927,2,90-07675A,(90-07675A) LFP Battery Block with Wall Bracket,1,See Special Instructions,,814-4641@RevNEW4,ASN_20260731.csv,2026-07-30 18:00:18,2026-07-30 18:00:19,2026-07-30 18:00:19
P:90-07675AR:01S:QTL263100632,2026-07-28 17:00:00,53210,"1195 Trademark Drive, Suite 201",190026,PO-US-08927,2,90-07675A,(90-07675A) LFP Battery Block with Wall Bracket,1,See Special Instructions,,814-4641@RevNEW4,ASN_20260731.csv,2026-07-30 18:00:18,2026-07-30 18:00:19,2026-07-30 18:00:19
P:90-07675AR:01S:QTL263100633,2026-07-28 17:00:00,53210,"1195 Trademark Drive, Suite 201",190026,PO-US-08927,2,90-07675A,(90-07675A) LFP Battery Block with Wall Bracket,1,See Special Instructions,,814-4641@RevNEW4,ASN_20260730.csv,2026-07-29 18:00:21,2026-07-29 18:00:32,2026-07-29 18:00:32
P:90-07675AR:01S:QTL263100634,2026-07-28 17:00:00,53210,"1195 Trademark Drive, Suite 201",190026,PO-US-08927,2,90-07675A,(90-07675A) LFP Battery Block with Wall Bracket,1,See Special Instructions,,814-4641@RevNEW4,ASN_20260730.csv,2026-07-29 18:00:21,2026-07-29 18:00:32,2026-07-29 18:00:32
P:90-07675AR:01S:QTL263100635,2026-07-28 17:00:00,53210,"1195 Trademark Drive, Suite 201",190026,PO-US-08927,2,90-07675A,(90-07675A) LFP Battery Block with Wall Bracket,1,See Special Instructions,,814-4641@RevNEW4,ASN_20260731.csv,2026-07-30 18:00:18,2026-07-30 18:00:19,2026-07-30 18:00:19
P:90-07675AR:01S:QTL263100636,2026-07-28 17:00:00,53210,"1195 Trademark Drive, Suite 201",190026,PO-US-08927,2,90-07675A,(90-07675A) LFP Battery Block with Wall Bracket,1,See Special Instructions,,814-4641@RevNEW4,ASN_20260730.csv,2026-07-29 18:00:21,2026-07-29 18:00:32,2026-07-29 18:00:32
P:90-07675AR:01S:QTL263100637,2026-07-28 17:00:00,53210,"1195 Trademark Drive, Suite 201",190026,PO-US-08927,2,90-07675A,(90-07675A) LFP Battery Block with Wall Bracket,1,See Special Instructions,,814-4641@RevNEW4,ASN_20260731.csv,2026-07-30 18:00:18,2026-07-30 18:00:19,2026-07-30 18:00:19
P:90-07675AR:01S:QTL263100638,2026-07-28 17:00:00,53210,"1195 Trademark Drive, Suite 201",190026,PO-US-08927,2,90-07675A,(90-07675A) LFP Battery Block with Wall Bracket,1,See Special Instructions,,814-4641@RevNEW4,ASN_20260730.csv,2026-07-29 18:00:21,2026-07-29 18:00:32,2026-07-29 18:00:32
P:90-07675AR:01S:QTL263100639,2026-07-28 17:00:00,53210,"1195 Trademark Drive, Suite 201",190026,PO-US-08927,2,90-07675A,(90-07675A) LFP Battery Block with Wall Bracket,1,See Special Instructions,,814-4641@RevNEW4,ASN_20260731.csv,2026-07-30 18:00:18,2026-07-30 18:00:19,2026-07-30 18:00:19
P:90-07675AR:01S:QTL263100640,2026-07-28 17:00:00,53210,"1195 Trademark Drive, Suite 201",190026,PO-US-08927,2,90-07675A,(90-07675A) LFP Battery Block with Wall Bracket,1,See Special Instructions,,814-4641@RevNEW4,ASN_20260730.csv,2026-07-29 18:00:21,2026-07-29 18:00:32,2026-07-29 18:00:32
P:90-07675AR:01S:QTL263100641,2026-07-28 17:00:00,53210,"1195 Trademark Drive, Suite 201",190026,PO-US-08927,2,90-07675A,(90-07675A) LFP Battery Block with Wall Bracket,1,See Special Instructions,,814-4641@RevNEW4,ASN_20260731.csv,2026-07-30 18:00:18,2026-07-30 18:00:19,2026-07-30 18:00:19
P:90-07675AR:01S:QTL263100642,2026-07-28 17:00:00,53210,"1195 Trademark Drive, Suite 201",190026,PO-US-08927,2,90-07675A,(90-07675A) LFP Battery Block with Wall Bracket,1,See Special Instructions,,814-4641@RevNEW4,ASN_20260731.csv,2026-07-30 18:00:18,2026-07-30 18:00:19,2026-07-30 18:00:19
P:90-07675AR:01S:QTL263100644,2026-07-28 17:00:00,53210,"1195 Trademark Drive, Suite 201",190026,PO-US-08927,2,90-07675A,(90-07675A) LFP Battery Block with Wall Bracket,1,See Special Instructions,,814-4641@RevNEW4,ASN_20260731.csv,2026-07-30 18:00:18,2026-07-30 18:00:19,2026-07-30 18:00:19
P:90-07675AR:01S:QTL263100648,2026-07-30 17:00:00,53210,"1195 Trademark Drive, Suite 201",190087,PO-US-08927,3,90-07675A,(90-07675A) LFP Battery Block with Wall Bracket,1,See Special Instructions,,814-4641@RevNEW4,ASN_20260801.csv,2026-07-31 18:00:15,2026-07-31 18:00:25,2026-07-31 18:00:25
P:90-07675AR:01S:QTL263100649,2026-07-28 17:00:00,53210,"1195 Trademark Drive, Suite 201",190026,PO-US-08927,3,90-07675A,(90-07675A) LFP Battery Block with Wall Bracket,1,See Special Instructions,,814-4641@RevNEW4,ASN_20260731.csv,2026-07-30 18:00:18,2026-07-30 18:00:19,2026-07-30 18:00:19
P:90-07675AR:01S:QTL263100650,2026-07-28 17:00:00,53210,"1195 Trademark Drive, Suite 201",190026,PO-US-08927,3,90-07675A,(90-07675A) LFP Battery Block with Wall Bracket,1,See Special Instructions,,814-4641@RevNEW4,ASN_20260731.csv,2026-07-30 18:00:18,2026-07-30 18:00:19,2026-07-30 18:00:19
P:90-07675AR:01S:QTL263100651,2026-07-28 17:00:00,53210,"1195 Trademark Drive, Suite 201",190026,PO-US-08927,3,90-07675A,(90-07675A) LFP Battery Block with Wall Bracket,1,See Special Instructions,,814-4641@RevNEW4,ASN_20260731.csv,2026-07-30 18:00:18,2026-07-30 18:00:19,2026-07-30 18:00:19
P:90-07675AR:01S:QTL263100652,2026-07-28 17:00:00,53210,"1195 Trademark Drive, Suite 201",190026,PO-US-08927,3,90-07675A,(90-07675A) LFP Battery Block with Wall Bracket,1,See Special Instructions,,814-4641@RevNEW4,ASN_20260731.csv,2026-07-30 18:00:18,2026-07-30 18:00:19,2026-07-30 18:00:19
P:90-07675AR:01S:QTL263100653,2026-07-28 17:00:00,53210,"1195 Trademark Drive, Suite 201",190026,PO-US-08927,3,90-07675A,(90-07675A) LFP Battery Block with Wall Bracket,1,See Special Instructions,,814-4641@RevNEW4,ASN_20260731.csv,2026-07-30 18:00:18,2026-07-30 18:00:19,2026-07-30 18:00:19
P:90-07675AR:01S:QTL263100654,2026-07-28 17:00:00,53210,"1195 Trademark Drive, Suite 201",190026,PO-US-08927,3,90-07675A,(90-07675A) LFP Battery Block with Wall Bracket,1,See Special Instructions,,814-4641@RevNEW4,ASN_20260730.csv,2026-07-29 18:00:21,2026-07-29 18:00:32,2026-07-29 18:00:32
P:90-07675AR:01S:QTL263100655,2026-07-28 17:00:00,53210,"1195 Trademark Drive, Suite 201",190026,PO-US-08927,3,90-07675A,(90-07675A) LFP Battery Block with Wall Bracket,1,See Special Instructions,,814-4641@RevNEW4,ASN_20260730.csv,2026-07-29 18:00:21,2026-07-29 18:00:32,2026-07-29 18:00:32
P:90-07675AR:01S:QTL263100656,2026-07-28 17:00:00,53210,"1195 Trademark Drive, Suite 201",190026,PO-US-08927,3,90-07675A,(90-07675A) LFP Battery Block with Wall Bracket,1,See Special Instructions,,814-4641@RevNEW4,ASN_20260730.csv,2026-07-29 18:00:21,2026-07-29 18:00:32,2026-07-29 18:00:32
P:90-07675AR:01S:QTL263100657,2026-07-28 17:00:00,53210,"1195 Trademark Drive, Suite 201",190026,PO-US-08927,3,90-07675A,(90-07675A) LFP Battery Block with Wall Bracket,1,See Special Instructions,,814-4641@RevNEW4,ASN_20260731.csv,2026-07-30 18:00:18,2026-07-30 18:00:19,2026-07-30 18:00:19
P:90-07675AR:01S:QTL263100658,2026-07-28 17:00:00,53210,"1195 Trademark Drive, Suite 201",190026,PO-US-08927,3,90-07675A,(90-07675A) LFP Battery Block with Wall Bracket,1,See Special Instructions,,814-4641@RevNEW4,ASN_20260730.csv,2026-07-29 18:00:21,2026-07-29 18:00:32,2026-07-29 18:00:32
P:90-07675AR:01S:QTL263100659,2026-07-28 17:00:00,53210,"1195 Trademark Drive, Suite 201",190026,PO-US-08927,3,90-07675A,(90-07675A) LFP Battery Block with Wall Bracket,1,See Special Instructions,,814-4641@RevNEW4,ASN_20260731.csv,2026-07-30 18:00:18,2026-07-30 18:00:19,2026-07-30 18:00:19
P:90-07675AR:01S:QTL263100660,2026-07-28 17:00:00,53210,"1195 Trademark Drive, Suite 201",190026,PO-US-08927,3,90-07675A,(90-07675A) LFP Battery Block with Wall Bracket,1,See Special Instructions,,814-4641@RevNEW4,ASN_20260731.csv,2026-07-30 18:00:18,2026-07-30 18:00:19,2026-07-30 18:00:19
P:90-07675AR:01S:QTL263100661,2026-07-28 17:00:00,53210,"1195 Trademark Drive, Suite 201",190026,PO-US-08927,3,90-07675A,(90-07675A) LFP Battery Block with Wall Bracket,1,See Special Instructions,,814-4641@RevNEW4,ASN_20260730.csv,2026-07-29 18:00:21,2026-07-29 18:00:32,2026-07-29 18:00:32
P:90-07675AR:01S:QTL263100662,2026-07-28 17:00:00,53210,"1195 Trademark Drive, Suite 201",190026,PO-US-08927,3,90-07675A,(90-07675A) LFP Battery Block with Wall Bracket,1,See Special Instructions,,814-4641@RevNEW4,ASN_20260731.csv,2026-07-30 18:00:18,2026-07-30 18:00:19,2026-07-30 18:00:19
P:90-07675AR:01S:QTL263100663,2026-07-28 17:00:00,53210,"1195 Trademark Drive, Suite 201",190026,PO-US-08927,3,90-07675A,(90-07675A) LFP Battery Block with Wall Bracket,1,See Special Instructions,,814-4641@RevNEW4,ASN_20260730.csv,2026-07-29 18:00:21,2026-07-29 18:00:32,2026-07-29 18:00:32
P:90-07675AR:01S:QTL263100664,2026-07-28 17:00:00,53210,"1195 Trademark Drive, Suite 201",190026,PO-US-08927,3,90-07675A,(90-07675A) LFP Battery Block with Wall Bracket,1,See Special Instructions,,814-4641@RevNEW4,ASN_20260731.csv,2026-07-30 18:00:18,2026-07-30 18:00:19,2026-07-30 18:00:19
P:90-07675AR:01S:QTL263100737,2026-07-28 17:00:00,53210,"1195 Trademark Drive, Suite 201",190026,PO-US-08927,3,90-07675A,(90-07675A) LFP Battery Block with Wall Bracket,1,See Special Instructions,,814-4641@RevNEW4,ASN_20260731.csv,2026-07-30 18:00:18,2026-07-30 18:00:19,2026-07-30 18:00:19
P:90-07675AR:01S:QTL263100738,2026-07-28 17:00:00,53210,"1195 Trademark Drive, Suite 201",190026,PO-US-08927,3,90-07675A,(90-07675A) LFP Battery Block with Wall Bracket,1,See Special Instructions,,814-4641@RevNEW4,ASN_20260731.csv,2026-07-30 18:00:18,2026-07-30 18:00:19,2026-07-30 18:00:19
P:90-07675AR:01S:QTL263100739,2026-07-28 17:00:00,53210,"1195 Trademark Drive, Suite 201",190026,PO-US-08927,3,90-07675A,(90-07675A) LFP Battery Block with Wall Bracket,1,See Special Instructions,,814-4641@RevNEW4,ASN_20260731.csv,2026-07-30 18:00:18,2026-07-30 18:00:19,2026-07-30 18:00:19
P:90-07675AR:01S:QTL263100740,2026-07-28 17:00:00,53210,"1195 Trademark Drive, Suite 201",190026,PO-US-08927,3,90-07675A,(90-07675A) LFP Battery Block with Wall Bracket,1,See Special Instructions,,814-4641@RevNEW4,ASN_20260730.csv,2026-07-29 18:00:21,2026-07-29 18:00:32,2026-07-29 18:00:32
P:90-07675AR:01S:QTL263100741,2026-07-28 17:00:00,53210,"1195 Trademark Drive, Suite 201",190026,PO-US-08927,3,90-07675A,(90-07675A) LFP Battery Block with Wall Bracket,1,See Special Instructions,,814-4641@RevNEW4,ASN_20260731.csv,2026-07-30 18:00:18,2026-07-30 18:00:19,2026-07-30 18:00:19
P:90-07675AR:01S:QTL263100742,2026-07-28 17:00:00,53210,"1195 Trademark Drive, Suite 201",190026,PO-US-08927,3,90-07675A,(90-07675A) LFP Battery Block with Wall Bracket,1,See Special Instructions,,814-4641@RevNEW4,ASN_20260731.csv,2026-07-30 18:00:18,2026-07-30 18:00:19,2026-07-30 18:00:19
P:90-07675AR:01S:QTL263100743,2026-07-28 17:00:00,53210,"1195 Trademark Drive, Suite 201",190026,PO-US-08927,3,90-07675A,(90-07675A) LFP Battery Block with Wall Bracket,1,See Special Instructions,,814-4641@RevNEW4,ASN_20260731.csv,2026-07-30 18:00:18,2026-07-30 18:00:19,2026-07-30 18:00:19
P:90-07675AR:01S:QTL263100744,2026-07-28 17:00:00,53210,"1195 Trademark Drive, Suite 201",190026,PO-US-08927,2,90-07675A,(90-07675A) LFP Battery Block with Wall Bracket,1,See Special Instructions,,814-4641@RevNEW4,ASN_20260730.csv,2026-07-29 18:00:21,2026-07-29 18:00:32,2026-07-29 18:00:32
P:90-07675AR:01S:QTL263100745,2026-07-28 17:00:00,53210,"1195 Trademark Drive, Suite 201",190026,PO-US-08927,2,90-07675A,(90-07675A) LFP Battery Block with Wall Bracket,1,See Special Instructions,,814-4641@RevNEW4,ASN_20260731.csv,2026-07-30 18:00:18,2026-07-30 18:00:19,2026-07-30 18:00:19
P:90-07675AR:01S:QTL263100746,2026-07-28 17:00:00,53210,"1195 Trademark Drive, Suite 201",190026,PO-US-08927,2,90-07675A,(90-07675A) LFP Battery Block with Wall Bracket,1,See Special Instructions,,814-4641@RevNEW4,ASN_20260730.csv,2026-07-29 18:00:21,2026-07-29 18:00:32,2026-07-29 18:00:32
P:90-07675AR:01S:QTL263100747,2026-07-28 17:00:00,53210,"1195 Trademark Drive, Suite 201",190026,PO-US-08927,2,90-07675A,(90-07675A) LFP Battery Block with Wall Bracket,1,See Special Instructions,,814-4641@RevNEW4,ASN_20260731.csv,2026-07-30 18:00:18,2026-07-30 18:00:19,2026-07-30 18:00:19
P:90-07675AR:01S:QTL263100748,2026-07-28 17:00:00,53210,"1195 Trademark Drive, Suite 201",190026,PO-US-08927,2,90-07675A,(90-07675A) LFP Battery Block with Wall Bracket,1,See Special Instructions,,814-4641@RevNEW4,ASN_20260731.csv,2026-07-30 18:00:18,2026-07-30 18:00:19,2026-07-30 18:00:19
P:90-07675AR:01S:QTL263100749,2026-07-28 17:00:00,53210,"1195 Trademark Drive, Suite 201",190026,PO-US-08927,2,90-07675A,(90-07675A) LFP Battery Block with Wall Bracket,1,See Special Instructions,,814-4641@RevNEW4,ASN_20260730.csv,2026-07-29 18:00:21,2026-07-29 18:00:32,2026-07-29 18:00:32
P:90-07675AR:01S:QTL263100750,2026-07-28 17:00:00,53210,"1195 Trademark Drive, Suite 201",190026,PO-US-08927,2,90-07675A,(90-07675A) LFP Battery Block with Wall Bracket,1,See Special Instructions,,814-4641@RevNEW4,ASN_20260731.csv,2026-07-30 18:00:18,2026-07-30 18:00:19,2026-07-30 18:00:19
P:90-07675AR:01S:QTL263100751,2026-07-28 17:00:00,53210,"1195 Trademark Drive, Suite 201",190026,PO-US-08927,2,90-07675A,(90-07675A) LFP Battery Block with Wall Bracket,1,See Special Instructions,,814-4641@RevNEW4,ASN_20260731.csv,2026-07-30 18:00:18,2026-07-30 18:00:19,2026-07-30 18:00:19
P:90-07675AR:01S:QTL263100752,2026-07-28 17:00:00,53210,"1195 Trademark Drive, Suite 201",190026,PO-US-08927,2,90-07675A,(90-07675A) LFP Battery Block with Wall Bracket,1,See Special Instructions,,814-4641@RevNEW4,ASN_20260731.csv,2026-07-30 18:00:18,2026-07-30 18:00:19,2026-07-30 18:00:19
P:90-07675AR:01S:QTL263100753,2026-07-28 17:00:00,53210,"1195 Trademark Drive, Suite 201",190026,PO-US-08927,2,90-07675A,(90-07675A) LFP Battery Block with Wall Bracket,1,See Special Instructions,,814-4641@RevNEW4,ASN_20260731.csv,2026-07-30 18:00:18,2026-07-30 18:00:19,2026-07-30 18:00:19
P:90-07675AR:01S:QTL263100754,2026-07-28 17:00:00,53210,"1195 Trademark Drive, Suite 201",190026,PO-US-08927,2,90-07675A,(90-07675A) LFP Battery Block with Wall Bracket,1,See Special Instructions,,814-4641@RevNEW4,ASN_20260731.csv,2026-07-30 18:00:18,2026-07-30 18:00:19,2026-07-30 18:00:19
P:90-07675AR:01S:QTL263100755,2026-07-28 17:00:00,53210,"1195 Trademark Drive, Suite 201",190026,PO-US-08927,2,90-07675A,(90-07675A) LFP Battery Block with Wall Bracket,1,See Special Instructions,,814-4641@RevNEW4,ASN_20260730.csv,2026-07-29 18:00:21,2026-07-29 18:00:32,2026-07-29 18:00:32
P:90-07675AR:01S:QTL263100756,2026-07-28 17:00:00,53210,"1195 Trademark Drive, Suite 201",190026,PO-US-08927,2,90-07675A,(90-07675A) LFP Battery Block with Wall Bracket,1,See Special Instructions,,814-4641@RevNEW4,ASN_20260730.csv,2026-07-29 18:00:21,2026-07-29 18:00:32,2026-07-29 18:00:32
P:90-07675AR:01S:QTL263100757,2026-07-28 17:00:00,53210,"1195 Trademark Drive, Suite 201",190026,PO-US-08927,2,90-07675A,(90-07675A) LFP Battery Block with Wall Bracket,1,See Special Instructions,,814-4641@RevNEW4,ASN_20260730.csv,2026-07-29 18:00:21,2026-07-29 18:00:32,2026-07-29 18:00:32
P:90-07675AR:01S:QTL263100758,2026-07-28 17:00:00,53210,"1195 Trademark Drive, Suite 201",190026,PO-US-08927,2,90-07675A,(90-07675A) LFP Battery Block with Wall Bracket,1,See Special Instructions,,814-4641@RevNEW4,ASN_20260731.csv,2026-07-30 18:00:18,2026-07-30 18:00:19,2026-07-30 18:00:19
P:90-07675AR:01S:QTL263100759,2026-07-28 17:00:00,53210,"1195 Trademark Drive, Suite 201",190026,PO-US-08927,2,90-07675A,(90-07675A) LFP Battery Block with Wall Bracket,1,See Special Instructions,,814-4641@RevNEW4,ASN_20260730.csv,2026-07-29 18:00:21,2026-07-29 18:00:32,2026-07-29 18:00:32
P:90-07675AR:01S:QTL263100760,2026-07-28 17:00:00,53210,"1195 Trademark Drive, Suite 201",190026,PO-US-08927,2,90-07675A,(90-07675A) LFP Battery Block with Wall Bracket,1,See Special Instructions,,814-4641@RevNEW4,ASN_20260730.csv,2026-07-29 18:00:21,2026-07-29 18:00:32,2026-07-29 18:00:32
P:90-07675AR:01S:QTL263100761,2026-07-28 17:00:00,53210,"1195 Trademark Drive, Suite 201",190026,PO-US-08927,2,90-07675A,(90-07675A) LFP Battery Block with Wall Bracket,1,See Special Instructions,,814-4641@RevNEW4,ASN_20260731.csv,2026-07-30 18:00:18,2026-07-30 18:00:19,2026-07-30 18:00:19
P:90-07675AR:01S:QTL263100762,2026-07-28 17:00:00,53210,"1195 Trademark Drive, Suite 201",190026,PO-US-08927,2,90-07675A,(90-07675A) LFP Battery Block with Wall Bracket,1,See Special Instructions,,814-4641@RevNEW4,ASN_20260730.csv,2026-07-29 18:00:21,2026-07-29 18:00:32,2026-07-29 18:00:32
P:90-07675AR:01S:QTL263100763,2026-07-28 17:00:00,53210,"1195 Trademark Drive, Suite 201",190026,PO-US-08927,2,90-07675A,(90-07675A) LFP Battery Block with Wall Bracket,1,See Special Instructions,,814-4641@RevNEW4,ASN_20260731.csv,2026-07-30 18:00:18,2026-07-30 18:00:19,2026-07-30 18:00:19
P:90-07675AR:01S:QTL263100764,2026-07-28 17:00:00,53210,"1195 Trademark Drive, Suite 201",190026,PO-US-08927,2,90-07675A,(90-07675A) LFP Battery Block with Wall Bracket,1,See Special Instructions,,814-4641@RevNEW4,ASN_20260731.csv,2026-07-30 18:00:18,2026-07-30 18:00:19,2026-07-30 18:00:19
P:90-07675AR:01S:QTL263100765,2026-07-28 17:00:00,53210,"1195 Trademark Drive, Suite 201",190026,PO-US-08927,2,90-07675A,(90-07675A) LFP Battery Block with Wall Bracket,1,See Special Instructions,,814-4641@RevNEW4,ASN_20260731.csv,2026-07-30 18:00:18,2026-07-30 18:00:19,2026-07-30 18:00:19
P:90-07675AR:01S:QTL263100766,2026-07-28 17:00:00,53210,"1195 Trademark Drive, Suite 201",190026,PO-US-08927,2,90-07675A,(90-07675A) LFP Battery Block with Wall Bracket,1,See Special Instructions,,814-4641@RevNEW4,ASN_20260731.csv,2026-07-30 18:00:18,2026-07-30 18:00:19,2026-07-30 18:00:19
P:90-07675AR:01S:QTL263100767,2026-07-28 17:00:00,53210,"1195 Trademark Drive, Suite 201",190026,PO-US-08927,2,90-07675A,(90-07675A) LFP Battery Block with Wall Bracket,1,See Special Instructions,,814-4641@RevNEW4,ASN_20260730.csv,2026-07-29 18:00:21,2026-07-29 18:00:32,2026-07-29 18:00:32
P:90-07675AR:01S:QTL263100768,2026-07-28 17:00:00,53210,"1195 Trademark Drive, Suite 201",190026,PO-US-08927,2,90-07675A,(90-07675A) LFP Battery Block with Wall Bracket,1,See Special Instructions,,814-4641@RevNEW4,ASN_20260731.csv,2026-07-30 18:00:18,2026-07-30 18:00:19,2026-07-30 18:00:19
P:90-07675AR:01S:QTL263100769,2026-07-28 17:00:00,53210,"1195 Trademark Drive, Suite 201",190026,PO-US-08927,2,90-07675A,(90-07675A) LFP Battery Block with Wall Bracket,1,See Special Instructions,,814-4641@RevNEW4,ASN_20260731.csv,2026-07-30 18:00:18,2026-07-30 18:00:19,2026-07-30 18:00:19
P:90-07675AR:01S:QTL263100770,2026-07-28 17:00:00,53210,"1195 Trademark Drive, Suite 201",190026,PO-US-08927,2,90-07675A,(90-07675A) LFP Battery Block with Wall Bracket,1,See Special Instructions,,814-4641@RevNEW4,ASN_20260730.csv,2026-07-29 18:00:21,2026-07-29 18:00:32,2026-07-29 18:00:32
p:90-07675ar:01s:qtl263100771,2026-07-28 17:00:00,53210,"1195 Trademark Drive, Suite 201",190026,PO-US-08927,3,90-07675A,(90-07675A) LFP Battery Block with Wall Bracket,1,See Special Instructions,,814-4641@RevNEW4,ASN_20260731.csv,2026-07-30 18:00:18,2026-07-30 18:00:19,2026-07-30 18:00:19
p:90-07675ar:01s:qtl263100772,2026-07-28 17:00:00,53210,"1195 Trademark Drive, Suite 201",190026,PO-US-08927,2,90-07675A,(90-07675A) LFP Battery Block with Wall Bracket,1,See Special Instructions,,814-4641@RevNEW4,ASN_20260731.csv,2026-07-30 18:00:18,2026-07-30 18:00:19,2026-07-30 18:00:19
P:90-07675AR:01S:QTL263100773,2026-07-28 17:00:00,53210,"1195 Trademark Drive, Suite 201",190026,PO-US-08927,3,90-07675A,(90-07675A) LFP Battery Block with Wall Bracket,1,See Special Instructions,,814-4641@RevNEW4,ASN_20260731.csv,2026-07-30 18:00:18,2026-07-30 18:00:19,2026-07-30 18:00:19
P:90-07675AR:01S:QTL263100774,2026-07-28 17:00:00,53210,"1195 Trademark Drive, Suite 201",190026,PO-US-08927,3,90-07675A,(90-07675A) LFP Battery Block with Wall Bracket,1,See Special Instructions,,814-4641@RevNEW4,ASN_20260730.csv,2026-07-29 18:00:21,2026-07-29 18:00:32,2026-07-29 18:00:32
P:90-07675AR:01S:QTL263100775,2026-07-28 17:00:00,53210,"1195 Trademark Drive, Suite 201",190026,PO-US-08927,3,90-07675A,(90-07675A) LFP Battery Block with Wall Bracket,1,See Special Instructions,,814-4641@RevNEW4,ASN_20260730.csv,2026-07-29 18:00:21,2026-07-29 18:00:32,2026-07-29 18:00:32
P:90-07675AR:01S:QTL263100776,2026-07-28 17:00:00,53210,"1195 Trademark Drive, Suite 201",190026,PO-US-08927,3,90-07675A,(90-07675A) LFP Battery Block with Wall Bracket,1,See Special Instructions,,814-4641@RevNEW4,ASN_20260731.csv,2026-07-30 18:00:18,2026-07-30 18:00:19,2026-07-30 18:00:19
P:90-07675AR:01S:QTL263100777,2026-07-28 17:00:00,53210,"1195 Trademark Drive, Suite 201",190026,PO-US-08927,3,90-07675A,(90-07675A) LFP Battery Block with Wall Bracket,1,See Special Instructions,,814-4641@RevNEW4,ASN_20260731.csv,2026-07-30 18:00:18,2026-07-30 18:00:19,2026-07-30 18:00:19
P:90-07675AR:01S:QTL263100778,2026-07-28 17:00:00,53210,"1195 Trademark Drive, Suite 201",190026,PO-US-08927,3,90-07675A,(90-07675A) LFP Battery Block with Wall Bracket,1,See Special Instructions,,814-4641@RevNEW4,ASN_20260731.csv,2026-07-30 18:00:18,2026-07-30 18:00:19,2026-07-30 18:00:19
P:90-07675AR:01S:QTL263100779,2026-07-28 17:00:00,53210,"1195 Trademark Drive, Suite 201",190026,PO-US-08927,3,90-07675A,(90-07675A) LFP Battery Block with Wall Bracket,1,See Special Instructions,,814-4641@RevNEW4,ASN_20260730.csv,2026-07-29 18:00:21,2026-07-29 18:00:32,2026-07-29 18:00:32
P:90-07675AR:01S:QTL263100780,2026-07-28 17:00:00,53210,"1195 Trademark Drive, Suite 201",190026,PO-US-08927,3,90-07675A,(90-07675A) LFP Battery Block with Wall Bracket,1,See Special Instructions,,814-4641@RevNEW4,ASN_20260730.csv,2026-07-29 18:00:21,2026-07-29 18:00:32,2026-07-29 18:00:32
P:90-07675AR:01S:QTL263100781,2026-07-28 17:00:00,53210,"1195 Trademark Drive, Suite 201",190026,PO-US-08927,3,90-07675A,(90-07675A) LFP Battery Block with Wall Bracket,1,See Special Instructions,,814-4641@RevNEW4,ASN_20260731.csv,2026-07-30 18:00:18,2026-07-30 18:00:19,2026-07-30 18:00:19
P:90-07675AR:01S:QTL263100782,2026-07-28 17:00:00,53210,"1195 Trademark Drive, Suite 201",190026,PO-US-08927,3,90-07675A,(90-07675A) LFP Battery Block with Wall Bracket,1,See Special Instructions,,814-4641@RevNEW4,ASN_20260731.csv,2026-07-30 18:00:18,2026-07-30 18:00:19,2026-07-30 18:00:19
P:90-07675AR:01S:QTL263100783,2026-07-28 17:00:00,53210,"1195 Trademark Drive, Suite 201",190026,PO-US-08927,3,90-07675A,(90-07675A) LFP Battery Block with Wall Bracket,1,See Special Instructions,,814-4641@RevNEW4,ASN_20260730.csv,2026-07-29 18:00:21,2026-07-29 18:00:32,2026-07-29 18:00:32
P:90-07675AR:01S:QTL263100784,2026-07-28 17:00:00,53210,"1195 Trademark Drive, Suite 201",190026,PO-US-08927,3,90-07675A,(90-07675A) LFP Battery Block with Wall Bracket,1,See Special Instructions,,814-4641@RevNEW4,ASN_20260730.csv,2026-07-29 18:00:21,2026-07-29 18:00:32,2026-07-29 18:00:32
P:90-07675AR:01S:QTL263100785,2026-07-28 17:00:00,53210,"1195 Trademark Drive, Suite 201",190026,PO-US-08927,3,90-07675A,(90-07675A) LFP Battery Block with Wall Bracket,1,See Special Instructions,,814-4641@RevNEW4,ASN_20260730.csv,2026-07-29 18:00:21,2026-07-29 18:00:32,2026-07-29 18:00:32
P:90-07675AR:01S:QTL263100786,2026-07-28 17:00:00,53210,"1195 Trademark Drive, Suite 201",190026,PO-US-08927,3,90-07675A,(90-07675A) LFP Battery Block with Wall Bracket,1,See Special Instructions,,814-4641@RevNEW4,ASN_20260731.csv,2026-07-30 18:00:18,2026-07-30 18:00:19,2026-07-30 18:00:19
P:90-07675AR:01S:QTL263100909,2026-07-28 17:00:00,53210,"1195 Trademark Drive, Suite 201",190026,PO-US-08927,3,90-07675A,(90-07675A) LFP Battery Block with Wall Bracket,1,See Special Instructions,,814-4641@RevNEW4,ASN_20260731.csv,2026-07-30 18:00:18,2026-07-30 18:00:19,2026-07-30 18:00:19
P:90-07675AR:01S:QTL263100910,2026-07-28 17:00:00,53210,"1195 Trademark Drive, Suite 201",190026,PO-US-08927,3,90-07675A,(90-07675A) LFP Battery Block with Wall Bracket,1,See Special Instructions,,814-4641@RevNEW4,ASN_20260731.csv,2026-07-30 18:00:18,2026-07-30 18:00:19,2026-07-30 18:00:19
P:90-07675AR:01S:QTL263100911,2026-07-28 17:00:00,53210,"1195 Trademark Drive, Suite 201",190026,PO-US-08927,3,90-07675A,(90-07675A) LFP Battery Block with Wall Bracket,1,See Special Instructions,,814-4641@RevNEW4,ASN_20260730.csv,2026-07-29 18:00:21,2026-07-29 18:00:32,2026-07-29 18:00:32
P:90-07675AR:01S:QTL263100912,2026-07-28 17:00:00,53210,"1195 Trademark Drive, Suite 201",190026,PO-US-08927,3,90-07675A,(90-07675A) LFP Battery Block with Wall Bracket,1,See Special Instructions,,814-4641@RevNEW4,ASN_20260731.csv,2026-07-30 18:00:18,2026-07-30 18:00:19,2026-07-30 18:00:19
P:90-07675AR:01S:QTL263100913,2026-07-28 17:00:00,53210,"1195 Trademark Drive, Suite 201",190026,PO-US-08927,3,90-07675A,(90-07675A) LFP Battery Block with Wall Bracket,1,See Special Instructions,,814-4641@RevNEW4,ASN_20260731.csv,2026-07-30 18:00:18,2026-07-30 18:00:19,2026-07-30 18:00:19
P:90-07675AR:01S:QTL263100914,2026-07-28 17:00:00,53210,"1195 Trademark Drive, Suite 201",190026,PO-US-08927,3,90-07675A,(90-07675A) LFP Battery Block with Wall Bracket,1,See Special Instructions,,814-4641@RevNEW4,ASN_20260730.csv,2026-07-29 18:00:21,2026-07-29 18:00:32,2026-07-29 18:00:32
P:90-07675AR:01S:QTL263100915,2026-07-28 17:00:00,53210,"1195 Trademark Drive, Suite 201",190026,PO-US-08927,3,90-07675A,(90-07675A) LFP Battery Block with Wall Bracket,1,See Special Instructions,,814-4641@RevNEW4,ASN_20260731.csv,2026-07-30 18:00:18,2026-07-30 18:00:19,2026-07-30 18:00:19
P:90-07675AR:01S:QTL263100916,2026-07-28 17:00:00,53210,"1195 Trademark Drive, Suite 201",190026,PO-US-08927,3,90-07675A,(90-07675A) LFP Battery Block with Wall Bracket,1,See Special Instructions,,814-4641@RevNEW4,ASN_20260730.csv,2026-07-29 18:00:21,2026-07-29 18:00:32,2026-07-29 18:00:32
P:90-07675AR:01S:QTL263100917,2026-07-28 17:00:00,53210,"1195 Trademark Drive, Suite 201",190026,PO-US-08927,3,90-07675A,(90-07675A) LFP Battery Block with Wall Bracket,1,See Special Instructions,,814-4641@RevNEW4,ASN_20260730.csv,2026-07-29 18:00:21,2026-07-29 18:00:32,2026-07-29 18:00:32
P:90-07675AR:01S:QTL263100918,2026-07-28 17:00:00,53210,"1195 Trademark Drive, Suite 201",190026,PO-US-08927,3,90-07675A,(90-07675A) LFP Battery Block with Wall Bracket,1,See Special Instructions,,814-4641@RevNEW4,ASN_20260731.csv,2026-07-30 18:00:18,2026-07-30 18:00:19,2026-07-30 18:00:19
P:90-07675AR:01S:QTL263100919,2026-07-28 17:00:00,53210,"1195 Trademark Drive, Suite 201",190026,PO-US-08927,3,90-07675A,(90-07675A) LFP Battery Block with Wall Bracket,1,See Special Instructions,,814-4641@RevNEW4,ASN_20260730.csv,2026-07-29 18:00:21,2026-07-29 18:00:32,2026-07-29 18:00:32
P:90-07675AR:01S:QTL263100920,2026-07-28 17:00:00,53210,"1195 Trademark Drive, Suite 201",190026,PO-US-08927,3,90-07675A,(90-07675A) LFP Battery Block with Wall Bracket,1,See Special Instructions,,814-4641@RevNEW4,ASN_20260731.csv,2026-07-30 18:00:18,2026-07-30 18:00:19,2026-07-30 18:00:19
P:90-07675AR:01S:QTL263100921,2026-07-28 17:00:00,53210,"1195 Trademark Drive, Suite 201",190026,PO-US-08927,3,90-07675A,(90-07675A) LFP Battery Block with Wall Bracket,1,See Special Instructions,,814-4641@RevNEW4,ASN_20260730.csv,2026-07-29 18:00:21,2026-07-29 18:00:32,2026-07-29 18:00:32
P:90-07675AR:01S:QTL263100922,2026-07-28 17:00:00,53210,"1195 Trademark Drive, Suite 201",190026,PO-US-08927,3,90-07675A,(90-07675A) LFP Battery Block with Wall Bracket,1,See Special Instructions,,814-4641@RevNEW4,ASN_20260730.csv,2026-07-29 18:00:21,2026-07-29 18:00:32,2026-07-29 18:00:32
P:90-07675AR:01S:QTL263100923,2026-07-28 17:00:00,53210,"1195 Trademark Drive, Suite 201",190026,PO-US-08927,3,90-07675A,(90-07675A) LFP Battery Block with Wall Bracket,1,See Special Instructions,,814-4641@RevNEW4,ASN_20260731.csv,2026-07-30 18:00:18,2026-07-30 18:00:19,2026-07-30 18:00:19
P:90-07675AR:01S:QTL263100924,2026-07-28 17:00:00,53210,"1195 Trademark Drive, Suite 201",190026,PO-US-08927,3,90-07675A,(90-07675A) LFP Battery Block with Wall Bracket,1,See Special Instructions,,814-4641@RevNEW4,ASN_20260731.csv,2026-07-30 18:00:18,2026-07-30 18:00:19,2026-07-30 18:00:19
P:90-07675AR:01S:QTL263100925,2026-07-28 17:00:00,53210,"1195 Trademark Drive, Suite 201",190026,PO-US-08927,3,90-07675A,(90-07675A) LFP Battery Block with Wall Bracket,1,See Special Instructions,,814-4641@RevNEW4,ASN_20260730.csv,2026-07-29 18:00:21,2026-07-29 18:00:32,2026-07-29 18:00:32
P:90-07675AR:01S:QTL263100926,2026-07-28 17:00:00,53210,"1195 Trademark Drive, Suite 201",190026,PO-US-08927,3,90-07675A,(90-07675A) LFP Battery Block with Wall Bracket,1,See Special Instructions,,814-4641@RevNEW4,ASN_20260731.csv,2026-07-30 18:00:18,2026-07-30 18:00:19,2026-07-30 18:00:19
P:90-07675AR:01S:QTL263100927,2026-07-28 17:00:00,53210,"1195 Trademark Drive, Suite 201",190026,PO-US-08927,3,90-07675A,(90-07675A) LFP Battery Block with Wall Bracket,1,See Special Instructions,,814-4641@RevNEW4,ASN_20260731.csv,2026-07-30 18:00:18,2026-07-30 18:00:19,2026-07-30 18:00:19
P:90-07675AR:01S:QTL263100928,2026-07-28 17:00:00,53210,"1195 Trademark Drive, Suite 201",190026,PO-US-08927,3,90-07675A,(90-07675A) LFP Battery Block with Wall Bracket,1,See Special Instructions,,814-4641@RevNEW4,ASN_20260731.csv,2026-07-30 18:00:18,2026-07-30 18:00:19,2026-07-30 18:00:19
P:90-07675AR:01S:QTL263100929,2026-07-28 17:00:00,53210,"1195 Trademark Drive, Suite 201",190026,PO-US-08927,3,90-07675A,(90-07675A) LFP Battery Block with Wall Bracket,1,See Special Instructions,,814-4641@RevNEW4,ASN_20260731.csv,2026-07-30 18:00:18,2026-07-30 18:00:19,2026-07-30 18:00:19
P:90-07675AR:01S:QTL263100930,2026-07-28 17:00:00,53210,"1195 Trademark Drive, Suite 201",190026,PO-US-08927,3,90-07675A,(90-07675A) LFP Battery Block with Wall Bracket,1,See Special Instructions,,814-4641@RevNEW4,ASN_20260730.csv,2026-07-29 18:00:21,2026-07-29 18:00:32,2026-07-29 18:00:32
P:90-07675AR:01S:QTL263100931,2026-07-28 17:00:00,53210,"1195 Trademark Drive, Suite 201",190026,PO-US-08927,3,90-07675A,(90-07675A) LFP Battery Block with Wall Bracket,1,See Special Instructions,,814-4641@RevNEW4,ASN_20260730.csv,2026-07-29 18:00:21,2026-07-29 18:00:32,2026-07-29 18:00:32
P:90-07675AR:01S:QTL263100932,2026-07-28 17:00:00,53210,"1195 Trademark Drive, Suite 201",190026,PO-US-08927,3,90-07675A,(90-07675A) LFP Battery Block with Wall Bracket,1,See Special Instructions,,814-4641@RevNEW4,ASN_20260731.csv,2026-07-30 18:00:18,2026-07-30 18:00:19,2026-07-30 18:00:19
P:90-07675AR:01S:QTL263100933,2026-07-28 17:00:00,53210,"1195 Trademark Drive, Suite 201",190026,PO-US-08927,3,90-07675A,(90-07675A) LFP Battery Block with Wall Bracket,1,See Special Instructions,,814-4641@RevNEW4,ASN_20260731.csv,2026-07-30 18:00:18,2026-07-30 18:00:19,2026-07-30 18:00:19
P:90-07675AR:01S:QTL263100934,2026-07-28 17:00:00,53210,"1195 Trademark Drive, Suite 201",190026,PO-US-08927,3,90-07675A,(90-07675A) LFP Battery Block with Wall Bracket,1,See Special Instructions,,814-4641@RevNEW4,ASN_20260730.csv,2026-07-29 18:00:21,2026-07-29 18:00:32,2026-07-29 18:00:32
P:90-07675AR:01S:QTL263100935,2026-07-28 17:00:00,53210,"1195 Trademark Drive, Suite 201",190026,PO-US-08927,3,90-07675A,(90-07675A) LFP Battery Block with Wall Bracket,1,See Special Instructions,,814-4641@RevNEW4,ASN_20260730.csv,2026-07-29 18:00:21,2026-07-29 18:00:32,2026-07-29 18:00:32
P:90-07675AR:01S:QTL263100936,2026-07-28 17:00:00,53210,"1195 Trademark Drive, Suite 201",190026,PO-US-08927,3,90-07675A,(90-07675A) LFP Battery Block with Wall Bracket,1,See Special Instructions,,814-4641@RevNEW4,ASN_20260731.csv,2026-07-30 18:00:18,2026-07-30 18:00:19,2026-07-30 18:00:19
P:90-07675AR:01S:QTL263100937,2026-07-28 17:00:00,53210,"1195 Trademark Drive, Suite 201",190026,PO-US-08927,3,90-07675A,(90-07675A) LFP Battery Block with Wall Bracket,1,See Special Instructions,,814-4641@RevNEW4,ASN_20260730.csv,2026-07-29 18:00:21,2026-07-29 18:00:32,2026-07-29 18:00:32
P:90-07675AR:01S:QTL263100939,2026-07-30 17:00:00,53210,"1195 Trademark Drive, Suite 201",190087,PO-US-08927,3,90-07675A,(90-07675A) LFP Battery Block with Wall Bracket,1,See Special Instructions,,814-4641@RevNEW4,ASN_20260801.csv,2026-07-31 18:00:15,2026-07-31 18:00:25,2026-07-31 18:00:25
P:90-07675AR:01S:QTL263100940,2026-07-30 17:00:00,53210,"1195 Trademark Drive, Suite 201",190087,PO-US-08927,3,90-07675A,(90-07675A) LFP Battery Block with Wall Bracket,1,See Special Instructions,,814-4641@RevNEW4,ASN_20260801.csv,2026-07-31 18:00:15,2026-07-31 18:00:25,2026-07-31 18:00:25
P:90-07675AR:01S:QTL263100941,2026-07-30 17:00:00,53210,"1195 Trademark Drive, Suite 201",190087,PO-US-08927,3,90-07675A,(90-07675A) LFP Battery Block with Wall Bracket,1,See Special Instructions,,814-4641@RevNEW4,ASN_20260801.csv,2026-07-31 18:00:15,2026-07-31 18:00:25,2026-07-31 18:00:25
P:90-07675AR:01S:QTL263100942,2026-07-30 17:00:00,53210,"1195 Trademark Drive, Suite 201",190087,PO-US-08927,3,90-07675A,(90-07675A) LFP Battery Block with Wall Bracket,1,See Special Instructions,,814-4641@RevNEW4,ASN_20260801.csv,2026-07-31 18:00:15,2026-07-31 18:00:25,2026-07-31 18:00:25
P:90-07675AR:01S:QTL263100943,2026-07-30 17:00:00,53210,"1195 Trademark Drive, Suite 201",190087,PO-US-08927,3,90-07675A,(90-07675A) LFP Battery Block with Wall Bracket,1,See Special Instructions,,814-4641@RevNEW4,ASN_20260801.csv,2026-07-31 18:00:15,2026-07-31 18:00:25,2026-07-31 18:00:25
P:90-07675AR:01S:QTL263100944,2026-07-30 17:00:00,53210,"1195 Trademark Drive, Suite 201",190087,PO-US-08927,3,90-07675A,(90-07675A) LFP Battery Block with Wall Bracket,1,See Special Instructions,,814-4641@RevNEW4,ASN_20260801.csv,2026-07-31 18:00:15,2026-07-31 18:00:25,2026-07-31 18:00:25
P:90-07675AR:01S:QTL263100945,2026-07-30 17:00:00,53210,"1195 Trademark Drive, Suite 201",190087,PO-US-08927,3,90-07675A,(90-07675A) LFP Battery Block with Wall Bracket,1,See Special Instructions,,814-4641@RevNEW4,ASN_20260801.csv,2026-07-31 18:00:15,2026-07-31 18:00:25,2026-07-31 18:00:25
P:90-07675AR:01S:QTL263100946,2026-07-30 17:00:00,53210,"1195 Trademark Drive, Suite 201",190087,PO-US-08927,3,90-07675A,(90-07675A) LFP Battery Block with Wall Bracket,1,See Special Instructions,,814-4641@RevNEW4,ASN_20260801.csv,2026-07-31 18:00:15,2026-07-31 18:00:25,2026-07-31 18:00:25
P:90-07675AR:01S:QTL263100947,2026-07-30 17:00:00,53210,"1195 Trademark Drive, Suite 201",190087,PO-US-08927,3,90-07675A,(90-07675A) LFP Battery Block with Wall Bracket,1,See Special Instructions,,814-4641@RevNEW4,ASN_20260801.csv,2026-07-31 18:00:15,2026-07-31 18:00:25,2026-07-31 18:00:25
P:90-07675AR:01S:QTL263100948,2026-07-30 17:00:00,53210,"1195 Trademark Drive, Suite 201",190087,PO-US-08927,3,90-07675A,(90-07675A) LFP Battery Block with Wall Bracket,1,See Special Instructions,,814-4641@RevNEW4,ASN_20260801.csv,2026-07-31 18:00:15,2026-07-31 18:00:25,2026-07-31 18:00:25
P:90-07675AR:01S:QTL263100949,2026-07-30 17:00:00,53210,"1195 Trademark Drive, Suite 201",190087,PO-US-08927,3,90-07675A,(90-07675A) LFP Battery Block with Wall Bracket,1,See Special Instructions,,814-4641@RevNEW4,ASN_20260801.csv,2026-07-31 18:00:15,2026-07-31 18:00:25,2026-07-31 18:00:25
P:90-07675AR:01S:QTL263101026,2026-07-28 17:00:00,53210,"1195 Trademark Drive, Suite 201",190026,PO-US-08927,3,90-07675A,(90-07675A) LFP Battery Block with Wall Bracket,1,See Special Instructions,,814-4641@RevNEW4,ASN_20260730.csv,2026-07-29 18:00:21,2026-07-29 18:00:32,2026-07-29 18:00:32
P:90-07675AR:01S:QTL263101027,2026-07-28 17:00:00,53210,"1195 Trademark Drive, Suite 201",190026,PO-US-08927,3,90-07675A,(90-07675A) LFP Battery Block with Wall Bracket,1,See Special Instructions,,814-4641@RevNEW4,ASN_20260731.csv,2026-07-30 18:00:18,2026-07-30 18:00:19,2026-07-30 18:00:19
P:90-07675AR:01S:QTL263101028,2026-07-28 17:00:00,53210,"1195 Trademark Drive, Suite 201",190026,PO-US-08927,3,90-07675A,(90-07675A) LFP Battery Block with Wall Bracket,1,See Special Instructions,,814-4641@RevNEW4,ASN_20260730.csv,2026-07-29 18:00:21,2026-07-29 18:00:32,2026-07-29 18:00:32
P:90-07675AR:01S:QTL263101029,2026-07-28 17:00:00,53210,"1195 Trademark Drive, Suite 201",190026,PO-US-08927,3,90-07675A,(90-07675A) LFP Battery Block with Wall Bracket,1,See Special Instructions,,814-4641@RevNEW4,ASN_20260731.csv,2026-07-30 18:00:18,2026-07-30 18:00:19,2026-07-30 18:00:19
P:90-07675AR:01S:QTL263101030,2026-07-28 17:00:00,53210,"1195 Trademark Drive, Suite 201",190026,PO-US-08927,3,90-07675A,(90-07675A) LFP Battery Block with Wall Bracket,1,See Special Instructions,,814-4641@RevNEW4,ASN_20260731.csv,2026-07-30 18:00:18,2026-07-30 18:00:19,2026-07-30 18:00:19
P:90-07675AR:01S:QTL263101031,2026-07-28 17:00:00,53210,"1195 Trademark Drive, Suite 201",190026,PO-US-08927,3,90-07675A,(90-07675A) LFP Battery Block with Wall Bracket,1,See Special Instructions,,814-4641@RevNEW4,ASN_20260730.csv,2026-07-29 18:00:21,2026-07-29 18:00:32,2026-07-29 18:00:32
P:90-07675AR:01S:QTL263101032,2026-07-28 17:00:00,53210,"1195 Trademark Drive, Suite 201",190026,PO-US-08927,3,90-07675A,(90-07675A) LFP Battery Block with Wall Bracket,1,See Special Instructions,,814-4641@RevNEW4,ASN_20260730.csv,2026-07-29 18:00:21,2026-07-29 18:00:32,2026-07-29 18:00:32
P:90-07675AR:01S:QTL263101033,2026-07-28 17:00:00,53210,"1195 Trademark Drive, Suite 201",190026,PO-US-08927,3,90-07675A,(90-07675A) LFP Battery Block with Wall Bracket,1,See Special Instructions,,814-4641@RevNEW4,ASN_20260731.csv,2026-07-30 18:00:18,2026-07-30 18:00:19,2026-07-30 18:00:19
P:90-07675AR:01S:QTL263101034,2026-07-28 17:00:00,53210,"1195 Trademark Drive, Suite 201",190026,PO-US-08927,3,90-07675A,(90-07675A) LFP Battery Block with Wall Bracket,1,See Special Instructions,,814-4641@RevNEW4,ASN_20260731.csv,2026-07-30 18:00:18,2026-07-30 18:00:19,2026-07-30 18:00:19
P:90-07675AR:01S:QTL263101035,2026-07-28 17:00:00,53210,"1195 Trademark Drive, Suite 201",190026,PO-US-08927,3,90-07675A,(90-07675A) LFP Battery Block with Wall Bracket,1,See Special Instructions,,814-4641@RevNEW4,ASN_20260731.csv,2026-07-30 18:00:18,2026-07-30 18:00:19,2026-07-30 18:00:19
P:90-07675AR:01S:QTL263101036,2026-07-28 17:00:00,53210,"1195 Trademark Drive, Suite 201",190026,PO-US-08927,3,90-07675A,(90-07675A) LFP Battery Block with Wall Bracket,1,See Special Instructions,,814-4641@RevNEW4,ASN_20260731.csv,2026-07-30 18:00:18,2026-07-30 18:00:19,2026-07-30 18:00:19
P:90-07675AR:01S:QTL263101037,2026-07-28 17:00:00,53210,"1195 Trademark Drive, Suite 201",190026,PO-US-08927,3,90-07675A,(90-07675A) LFP Battery Block with Wall Bracket,1,See Special Instructions,,814-4641@RevNEW4,ASN_20260730.csv,2026-07-29 18:00:21,2026-07-29 18:00:32,2026-07-29 18:00:32
P:90-07675AR:01S:QTL263101038,2026-07-28 17:00:00,53210,"1195 Trademark Drive, Suite 201",190026,PO-US-08927,3,90-07675A,(90-07675A) LFP Battery Block with Wall Bracket,1,See Special Instructions,,814-4641@RevNEW4,ASN_20260730.csv,2026-07-29 18:00:21,2026-07-29 18:00:32,2026-07-29 18:00:32
P:90-07675AR:01S:QTL263101039,2026-07-28 17:00:00,53210,"1195 Trademark Drive, Suite 201",190026,PO-US-08927,3,90-07675A,(90-07675A) LFP Battery Block with Wall Bracket,1,See Special Instructions,,814-4641@RevNEW4,ASN_20260731.csv,2026-07-30 18:00:18,2026-07-30 18:00:19,2026-07-30 18:00:19
P:90-07675AR:01S:QTL263101040,2026-07-28 17:00:00,53210,"1195 Trademark Drive, Suite 201",190026,PO-US-08927,3,90-07675A,(90-07675A) LFP Battery Block with Wall Bracket,1,See Special Instructions,,814-4641@RevNEW4,ASN_20260731.csv,2026-07-30 18:00:18,2026-07-30 18:00:19,2026-07-30 18:00:19
P:90-07675AR:01S:QTL263101041,2026-07-28 17:00:00,53210,"1195 Trademark Drive, Suite 201",190026,PO-US-08927,3,90-07675A,(90-07675A) LFP Battery Block with Wall Bracket,1,See Special Instructions,,814-4641@RevNEW4,ASN_20260730.csv,2026-07-29 18:00:21,2026-07-29 18:00:32,2026-07-29 18:00:32
P:90-07675AR:01S:QTL263101042,2026-07-28 17:00:00,53210,"1195 Trademark Drive, Suite 201",190026,PO-US-08927,3,90-07675A,(90-07675A) LFP Battery Block with Wall Bracket,1,See Special Instructions,,814-4641@RevNEW4,ASN_20260730.csv,2026-07-29 18:00:21,2026-07-29 18:00:32,2026-07-29 18:00:32
P:90-07675AR:01S:QTL263101043,2026-07-28 17:00:00,53210,"1195 Trademark Drive, Suite 201",190026,PO-US-08927,3,90-07675A,(90-07675A) LFP Battery Block with Wall Bracket,1,See Special Instructions,,814-4641@RevNEW4,ASN_20260730.csv,2026-07-29 18:00:21,2026-07-29 18:00:32,2026-07-29 18:00:32
P:90-07675AR:01S:QTL263101044,2026-07-28 17:00:00,53210,"1195 Trademark Drive, Suite 201",190026,PO-US-08927,3,90-07675A,(90-07675A) LFP Battery Block with Wall Bracket,1,See Special Instructions,,814-4641@RevNEW4,ASN_20260731.csv,2026-07-30 18:00:18,2026-07-30 18:00:19,2026-07-30 18:00:19
P:90-07675AR:01S:QTL263101045,2026-07-28 17:00:00,53210,"1195 Trademark Drive, Suite 201",190026,PO-US-08927,3,90-07675A,(90-07675A) LFP Battery Block with Wall Bracket,1,See Special Instructions,,814-4641@RevNEW4,ASN_20260731.csv,2026-07-30 18:00:18,2026-07-30 18:00:19,2026-07-30 18:00:19
P:90-07675AR:01S:QTL263101046,2026-07-28 17:00:00,53210,"1195 Trademark Drive, Suite 201",190026,PO-US-08927,3,90-07675A,(90-07675A) LFP Battery Block with Wall Bracket,1,See Special Instructions,,814-4641@RevNEW4,ASN_20260730.csv,2026-07-29 18:00:21,2026-07-29 18:00:32,2026-07-29 18:00:32
P:90-07675AR:01S:QTL263101047,2026-07-28 17:00:00,53210,"1195 Trademark Drive, Suite 201",190026,PO-US-08927,3,90-07675A,(90-07675A) LFP Battery Block with Wall Bracket,1,See Special Instructions,,814-4641@RevNEW4,ASN_20260731.csv,2026-07-30 18:00:18,2026-07-30 18:00:19,2026-07-30 18:00:19
P:90-07675AR:01S:QTL263101048,2026-07-28 17:00:00,53210,"1195 Trademark Drive, Suite 201",190026,PO-US-08927,3,90-07675A,(90-07675A) LFP Battery Block with Wall Bracket,1,See Special Instructions,,814-4641@RevNEW4,ASN_20260731.csv,2026-07-30 18:00:18,2026-07-30 18:00:19,2026-07-30 18:00:19
P:90-07675AR:01S:QTL263101049,2026-07-28 17:00:00,53210,"1195 Trademark Drive, Suite 201",190026,PO-US-08927,3,90-07675A,(90-07675A) LFP Battery Block with Wall Bracket,1,See Special Instructions,,814-4641@RevNEW4,ASN_20260730.csv,2026-07-29 18:00:21,2026-07-29 18:00:32,2026-07-29 18:00:32
P:90-07675AR:01S:QTL263101050,2026-07-28 17:00:00,53210,"1195 Trademark Drive, Suite 201",190026,PO-US-08927,3,90-07675A,(90-07675A) LFP Battery Block with Wall Bracket,1,See Special Instructions,,814-4641@RevNEW4,ASN_20260730.csv,2026-07-29 18:00:21,2026-07-29 18:00:32,2026-07-29 18:00:32
P:90-07675AR:01S:QTL263101051,2026-07-28 17:00:00,53210,"1195 Trademark Drive, Suite 201",190026,PO-US-08927,3,90-07675A,(90-07675A) LFP Battery Block with Wall Bracket,1,See Special Instructions,,814-4641@RevNEW4,ASN_20260731.csv,2026-07-30 18:00:18,2026-07-30 18:00:19,2026-07-30 18:00:19
P:90-07675AR:01S:QTL263101052,2026-07-28 17:00:00,53210,"1195 Trademark Drive, Suite 201",190026,PO-US-08927,3,90-07675A,(90-07675A) LFP Battery Block with Wall Bracket,1,See Special Instructions,,814-4641@RevNEW4,ASN_20260730.csv,2026-07-29 18:00:21,2026-07-29 18:00:32,2026-07-29 18:00:32
P:90-07675AR:01S:QTL263101053,2026-07-28 17:00:00,53210,"1195 Trademark Drive, Suite 201",190026,PO-US-08927,3,90-07675A,(90-07675A) LFP Battery Block with Wall Bracket,1,See Special Instructions,,814-4641@RevNEW4,ASN_20260730.csv,2026-07-29 18:00:21,2026-07-29 18:00:32,2026-07-29 18:00:32
P:90-07675AR:01S:QTL263101054,2026-07-28 17:00:00,53210,"1195 Trademark Drive, Suite 201",190026,PO-US-08927,3,90-07675A,(90-07675A) LFP Battery Block with Wall Bracket,1,See Special Instructions,,814-4641@RevNEW4,ASN_20260731.csv,2026-07-30 18:00:18,2026-07-30 18:00:19,2026-07-30 18:00:19
P:90-07675AR:01S:QTL263101055,2026-07-28 17:00:00,53210,"1195 Trademark Drive, Suite 201",190026,PO-US-08927,3,90-07675A,(90-07675A) LFP Battery Block with Wall Bracket,1,See Special Instructions,,814-4641@RevNEW4,ASN_20260731.csv,2026-07-30 18:00:18,2026-07-30 18:00:19,2026-07-30 18:00:19
P:90-07675AR:01S:QTL263101056,2026-07-28 17:00:00,53210,"1195 Trademark Drive, Suite 201",190026,PO-US-08927,3,90-07675A,(90-07675A) LFP Battery Block with Wall Bracket,1,See Special Instructions,,814-4641@RevNEW4,ASN_20260731.csv,2026-07-30 18:00:18,2026-07-30 18:00:19,2026-07-30 18:00:19
P:90-07675AR:01S:QTL263101057,2026-07-28 17:00:00,53210,"1195 Trademark Drive, Suite 201",190026,PO-US-08927,3,90-07675A,(90-07675A) LFP Battery Block with Wall Bracket,1,See Special Instructions,,814-4641@RevNEW4,ASN_20260731.csv,2026-07-30 18:00:18,2026-07-30 18:00:19,2026-07-30 18:00:19
P:90-07675AR:01S:QTL263101058,2026-07-28 17:00:00,53210,"1195 Trademark Drive, Suite 201",190026,PO-US-08927,3,90-07675A,(90-07675A) LFP Battery Block with Wall Bracket,1,See Special Instructions,,814-4641@RevNEW4,ASN_20260730.csv,2026-07-29 18:00:21,2026-07-29 18:00:32,2026-07-29 18:00:32
P:90-07675AR:01S:QTL263101059,2026-07-28 17:00:00,53210,"1195 Trademark Drive, Suite 201",190026,PO-US-08927,3,90-07675A,(90-07675A) LFP Battery Block with Wall Bracket,1,See Special Instructions,,814-4641@RevNEW4,ASN_20260730.csv,2026-07-29 18:00:21,2026-07-29 18:00:32,2026-07-29 18:00:32
P:90-07675AR:01S:QTL263101060,2026-07-28 17:00:00,53210,"1195 Trademark Drive, Suite 201",190026,PO-US-08927,3,90-07675A,(90-07675A) LFP Battery Block with Wall Bracket,1,See Special Instructions,,814-4641@RevNEW4,ASN_20260731.csv,2026-07-30 18:00:18,2026-07-30 18:00:19,2026-07-30 18:00:19
P:90-07675AR:01S:QTL263101061,2026-07-28 17:00:00,53210,"1195 Trademark Drive, Suite 201",190026,PO-US-08927,3,90-07675A,(90-07675A) LFP Battery Block with Wall Bracket,1,See Special Instructions,,814-4641@RevNEW4,ASN_20260731.csv,2026-07-30 18:00:18,2026-07-30 18:00:19,2026-07-30 18:00:19
P:90-07675AR:01S:QTL263101062,2026-07-28 17:00:00,53210,"1195 Trademark Drive, Suite 201",190026,PO-US-08927,3,90-07675A,(90-07675A) LFP Battery Block with Wall Bracket,1,See Special Instructions,,814-4641@RevNEW4,ASN_20260730.csv,2026-07-29 18:00:21,2026-07-29 18:00:32,2026-07-29 18:00:32
P:90-07675AR:01S:QTL263101063,2026-07-28 17:00:00,53210,"1195 Trademark Drive, Suite 201",190026,PO-US-08927,3,90-07675A,(90-07675A) LFP Battery Block with Wall Bracket,1,See Special Instructions,,814-4641@RevNEW4,ASN_20260730.csv,2026-07-29 18:00:21,2026-07-29 18:00:32,2026-07-29 18:00:32
P:90-07675AR:01S:QTL263101064,2026-07-28 17:00:00,53210,"1195 Trademark Drive, Suite 201",190026,PO-US-08927,3,90-07675A,(90-07675A) LFP Battery Block with Wall Bracket,1,See Special Instructions,,814-4641@RevNEW4,ASN_20260730.csv,2026-07-29 18:00:21,2026-07-29 18:00:32,2026-07-29 18:00:32
P:90-07675AR:01S:QTL263101065,2026-07-28 17:00:00,53210,"1195 Trademark Drive, Suite 201",190026,PO-US-08927,3,90-07675A,(90-07675A) LFP Battery Block with Wall Bracket,1,See Special Instructions,,814-4641@RevNEW4,ASN_20260730.csv,2026-07-29 18:00:21,2026-07-29 18:00:32,2026-07-29 18:00:32
P:90-07675AR:01S:QTL263101113,2026-07-28 17:00:00,53210,"1195 Trademark Drive, Suite 201",190026,PO-US-08927,3,90-07675A,(90-07675A) LFP Battery Block with Wall Bracket,1,See Special Instructions,,814-4641@RevNEW4,ASN_20260731.csv,2026-07-30 18:00:18,2026-07-30 18:00:19,2026-07-30 18:00:19
P:90-07675AR:01S:QTL263101114,2026-07-28 17:00:00,53210,"1195 Trademark Drive, Suite 201",190026,PO-US-08927,3,90-07675A,(90-07675A) LFP Battery Block with Wall Bracket,1,See Special Instructions,,814-4641@RevNEW4,ASN_20260731.csv,2026-07-30 18:00:18,2026-07-30 18:00:19,2026-07-30 18:00:19
P:90-07675AR:01S:QTL263101115,2026-07-28 17:00:00,53210,"1195 Trademark Drive, Suite 201",190026,PO-US-08927,3,90-07675A,(90-07675A) LFP Battery Block with Wall Bracket,1,See Special Instructions,,814-4641@RevNEW4,ASN_20260730.csv,2026-07-29 18:00:21,2026-07-29 18:00:32,2026-07-29 18:00:32
P:90-07675AR:01S:QTL263101116,2026-07-28 17:00:00,53210,"1195 Trademark Drive, Suite 201",190026,PO-US-08927,3,90-07675A,(90-07675A) LFP Battery Block with Wall Bracket,1,See Special Instructions,,814-4641@RevNEW4,ASN_20260731.csv,2026-07-30 18:00:18,2026-07-30 18:00:19,2026-07-30 18:00:19
P:90-07675AR:01S:QTL263101147,2026-07-28 17:00:00,53210,"1195 Trademark Drive, Suite 201",190026,PO-US-08927,3,90-07675A,(90-07675A) LFP Battery Block with Wall Bracket,1,See Special Instructions,,814-4641@RevNEW4,ASN_20260731.csv,2026-07-30 18:00:18,2026-07-30 18:00:19,2026-07-30 18:00:19
P:90-07675AR:01S:QTL263101148,2026-07-28 17:00:00,53210,"1195 Trademark Drive, Suite 201",190026,PO-US-08927,3,90-07675A,(90-07675A) LFP Battery Block with Wall Bracket,1,See Special Instructions,,814-4641@RevNEW4,ASN_20260730.csv,2026-07-29 18:00:21,2026-07-29 18:00:32,2026-07-29 18:00:32
P:90-07675AR:01S:QTL263101149,2026-07-28 17:00:00,53210,"1195 Trademark Drive, Suite 201",190026,PO-US-08927,3,90-07675A,(90-07675A) LFP Battery Block with Wall Bracket,1,See Special Instructions,,814-4641@RevNEW4,ASN_20260731.csv,2026-07-30 18:00:18,2026-07-30 18:00:19,2026-07-30 18:00:19
P:90-07675AR:01S:QTL263101150,2026-07-30 17:00:00,53210,"1195 Trademark Drive, Suite 201",190087,PO-US-08927,3,90-07675A,(90-07675A) LFP Battery Block with Wall Bracket,1,See Special Instructions,,814-4641@RevNEW4,ASN_20260801.csv,2026-07-31 18:00:15,2026-07-31 18:00:25,2026-07-31 18:00:25
P:90-07675AR:01S:QTL263101151,2026-07-30 17:00:00,53210,"1195 Trademark Drive, Suite 201",190087,PO-US-08927,3,90-07675A,(90-07675A) LFP Battery Block with Wall Bracket,1,See Special Instructions,,814-4641@RevNEW4,ASN_20260801.csv,2026-07-31 18:00:15,2026-07-31 18:00:25,2026-07-31 18:00:25
P:90-07675AR:01S:QTL263101152,2026-07-30 17:00:00,53210,"1195 Trademark Drive, Suite 201",190087,PO-US-08927,3,90-07675A,(90-07675A) LFP Battery Block with Wall Bracket,1,See Special Instructions,,814-4641@RevNEW4,ASN_20260801.csv,2026-07-31 18:00:15,2026-07-31 18:00:25,2026-07-31 18:00:25
P:90-07675AR:01S:QTL263101153,2026-07-30 17:00:00,53210,"1195 Trademark Drive, Suite 201",190087,PO-US-08927,3,90-07675A,(90-07675A) LFP Battery Block with Wall Bracket,1,See Special Instructions,,814-4641@RevNEW4,ASN_20260801.csv,2026-07-31 18:00:15,2026-07-31 18:00:25,2026-07-31 18:00:25
P:90-07675AR:01S:QTL263101154,2026-07-30 17:00:00,53210,"1195 Trademark Drive, Suite 201",190087,PO-US-08927,3,90-07675A,(90-07675A) LFP Battery Block with Wall Bracket,1,See Special Instructions,,814-4641@RevNEW4,ASN_20260801.csv,2026-07-31 18:00:15,2026-07-31 18:00:25,2026-07-31 18:00:25
P:90-07675AR:01S:QTL263101155,2026-07-30 17:00:00,53210,"1195 Trademark Drive, Suite 201",190087,PO-US-08927,3,90-07675A,(90-07675A) LFP Battery Block with Wall Bracket,1,See Special Instructions,,814-4641@RevNEW4,ASN_20260801.csv,2026-07-31 18:00:15,2026-07-31 18:00:25,2026-07-31 18:00:25
P:90-07675AR:01S:QTL263101156,2026-07-30 17:00:00,53210,"1195 Trademark Drive, Suite 201",190087,PO-US-08927,3,90-07675A,(90-07675A) LFP Battery Block with Wall Bracket,1,See Special Instructions,,814-4641@RevNEW4,ASN_20260801.csv,2026-07-31 18:00:15,2026-07-31 18:00:25,2026-07-31 18:00:25
P:90-07675AR:01S:QTL263101157,2026-07-30 17:00:00,53210,"1195 Trademark Drive, Suite 201",190087,PO-US-08927,3,90-07675A,(90-07675A) LFP Battery Block with Wall Bracket,1,See Special Instructions,,814-4641@RevNEW4,ASN_20260801.csv,2026-07-31 18:00:15,2026-07-31 18:00:25,2026-07-31 18:00:25
P:90-07675AR:01S:QTL263101158,2026-07-30 17:00:00,53210,"1195 Trademark Drive, Suite 201",190087,PO-US-08927,3,90-07675A,(90-07675A) LFP Battery Block with Wall Bracket,1,See Special Instructions,,814-4641@RevNEW4,ASN_20260801.csv,2026-07-31 18:00:15,2026-07-31 18:00:25,2026-07-31 18:00:25
P:90-07675AR:01S:QTL263101159,2026-07-30 17:00:00,53210,"1195 Trademark Drive, Suite 201",190087,PO-US-08927,3,90-07675A,(90-07675A) LFP Battery Block with Wall Bracket,1,See Special Instructions,,814-4641@RevNEW4,ASN_20260801.csv,2026-07-31 18:00:15,2026-07-31 18:00:25,2026-07-31 18:00:25
P:90-07675AR:01S:QTL263101160,2026-07-30 17:00:00,53210,"1195 Trademark Drive, Suite 201",190087,PO-US-08927,3,90-07675A,(90-07675A) LFP Battery Block with Wall Bracket,1,See Special Instructions,,814-4641@RevNEW4,ASN_20260801.csv,2026-07-31 18:00:15,2026-07-31 18:00:25,2026-07-31 18:00:25
P:90-07675AR:01S:QTL263101161,2026-07-30 17:00:00,53210,"1195 Trademark Drive, Suite 201",190087,PO-US-08927,3,90-07675A,(90-07675A) LFP Battery Block with Wall Bracket,1,See Special Instructions,,814-4641@RevNEW4,ASN_20260801.csv,2026-07-31 18:00:15,2026-07-31 18:00:25,2026-07-31 18:00:25
P:90-07675AR:01S:QTL263101162,2026-07-28 17:00:00,53210,"1195 Trademark Drive, Suite 201",190026,PO-US-08927,3,90-07675A,(90-07675A) LFP Battery Block with Wall Bracket,1,See Special Instructions,,814-4641@RevNEW4,ASN_20260730.csv,2026-07-29 18:00:21,2026-07-29 18:00:32,2026-07-29 18:00:32
P:90-07675AR:01S:QTL263101163,2026-07-28 17:00:00,53210,"1195 Trademark Drive, Suite 201",190026,PO-US-08927,3,90-07675A,(90-07675A) LFP Battery Block with Wall Bracket,1,See Special Instructions,,814-4641@RevNEW4,ASN_20260731.csv,2026-07-30 18:00:18,2026-07-30 18:00:19,2026-07-30 18:00:19
P:90-07675AR:01S:QTL263101164,2026-07-28 17:00:00,53210,"1195 Trademark Drive, Suite 201",190026,PO-US-08927,3,90-07675A,(90-07675A) LFP Battery Block with Wall Bracket,1,See Special Instructions,,814-4641@RevNEW4,ASN_20260730.csv,2026-07-29 18:00:21,2026-07-29 18:00:32,2026-07-29 18:00:32
P:90-07675AR:01S:QTL263101165,2026-07-28 17:00:00,53210,"1195 Trademark Drive, Suite 201",190026,PO-US-08927,3,90-07675A,(90-07675A) LFP Battery Block with Wall Bracket,1,See Special Instructions,,814-4641@RevNEW4,ASN_20260731.csv,2026-07-30 18:00:18,2026-07-30 18:00:19,2026-07-30 18:00:19
P:90-07675AR:01S:QTL263101166,2026-07-28 17:00:00,53210,"1195 Trademark Drive, Suite 201",190026,PO-US-08927,3,90-07675A,(90-07675A) LFP Battery Block with Wall Bracket,1,See Special Instructions,,814-4641@RevNEW4,ASN_20260731.csv,2026-07-30 18:00:18,2026-07-30 18:00:19,2026-07-30 18:00:19
P:90-07675AR:01S:QTL263101167,2026-07-28 17:00:00,53210,"1195 Trademark Drive, Suite 201",190026,PO-US-08927,3,90-07675A,(90-07675A) LFP Battery Block with Wall Bracket,1,See Special Instructions,,814-4641@RevNEW4,ASN_20260731.csv,2026-07-30 18:00:18,2026-07-30 18:00:19,2026-07-30 18:00:19
P:90-07675AR:01S:QTL263101168,2026-07-28 17:00:00,53210,"1195 Trademark Drive, Suite 201",190026,PO-US-08927,3,90-07675A,(90-07675A) LFP Battery Block with Wall Bracket,1,See Special Instructions,,814-4641@RevNEW4,ASN_20260730.csv,2026-07-29 18:00:21,2026-07-29 18:00:32,2026-07-29 18:00:32
P:90-07675AR:01S:QTL263101169,2026-07-28 17:00:00,53210,"1195 Trademark Drive, Suite 201",190026,PO-US-08927,3,90-07675A,(90-07675A) LFP Battery Block with Wall Bracket,1,See Special Instructions,,814-4641@RevNEW4,ASN_20260731.csv,2026-07-30 18:00:18,2026-07-30 18:00:19,2026-07-30 18:00:19
P:90-07675AR:01S:QTL263101170,2026-07-28 17:00:00,53210,"1195 Trademark Drive, Suite 201",190026,PO-US-08927,3,90-07675A,(90-07675A) LFP Battery Block with Wall Bracket,1,See Special Instructions,,814-4641@RevNEW4,ASN_20260731.csv,2026-07-30 18:00:18,2026-07-30 18:00:19,2026-07-30 18:00:19
P:90-07675AR:01S:QTL263101171,2026-07-28 17:00:00,53210,"1195 Trademark Drive, Suite 201",190026,PO-US-08927,3,90-07675A,(90-07675A) LFP Battery Block with Wall Bracket,1,See Special Instructions,,814-4641@RevNEW4,ASN_20260730.csv,2026-07-29 18:00:21,2026-07-29 18:00:32,2026-07-29 18:00:32
P:90-07675AR:01S:QTL263101172,2026-07-28 17:00:00,53210,"1195 Trademark Drive, Suite 201",190026,PO-US-08927,3,90-07675A,(90-07675A) LFP Battery Block with Wall Bracket,1,See Special Instructions,,814-4641@RevNEW4,ASN_20260730.csv,2026-07-29 18:00:21,2026-07-29 18:00:32,2026-07-29 18:00:32
P:90-07675AR:01S:QTL263101173,2026-07-28 17:00:00,53210,"1195 Trademark Drive, Suite 201",190026,PO-US-08927,3,90-07675A,(90-07675A) LFP Battery Block with Wall Bracket,1,See Special Instructions,,814-4641@RevNEW4,ASN_20260730.csv,2026-07-29 18:00:21,2026-07-29 18:00:32,2026-07-29 18:00:32
P:90-07675AR:01S:QTL263101174,2026-07-28 17:00:00,53210,"1195 Trademark Drive, Suite 201",190026,PO-US-08927,3,90-07675A,(90-07675A) LFP Battery Block with Wall Bracket,1,See Special Instructions,,814-4641@RevNEW4,ASN_20260730.csv,2026-07-29 18:00:21,2026-07-29 18:00:32,2026-07-29 18:00:32
P:90-07675AR:01S:QTL263101175,2026-07-28 17:00:00,53210,"1195 Trademark Drive, Suite 201",190026,PO-US-08927,3,90-07675A,(90-07675A) LFP Battery Block with Wall Bracket,1,See Special Instructions,,814-4641@RevNEW4,ASN_20260730.csv,2026-07-29 18:00:21,2026-07-29 18:00:32,2026-07-29 18:00:32
P:90-07675AR:01S:QTL263101176,2026-07-28 17:00:00,53210,"1195 Trademark Drive, Suite 201",190026,PO-US-08927,3,90-07675A,(90-07675A) LFP Battery Block with Wall Bracket,1,See Special Instructions,,814-4641@RevNEW4,ASN_20260730.csv,2026-07-29 18:00:21,2026-07-29 18:00:32,2026-07-29 18:00:32
P:90-07675AR:01S:QTL263101177,2026-07-28 17:00:00,53210,"1195 Trademark Drive, Suite 201",190026,PO-US-08927,3,90-07675A,(90-07675A) LFP Battery Block with Wall Bracket,1,See Special Instructions,,814-4641@RevNEW4,ASN_20260731.csv,2026-07-30 18:00:18,2026-07-30 18:00:19,2026-07-30 18:00:19
P:90-07675AR:01S:QTL263101178,2026-07-28 17:00:00,53210,"1195 Trademark Drive, Suite 201",190026,PO-US-08927,3,90-07675A,(90-07675A) LFP Battery Block with Wall Bracket,1,See Special Instructions,,814-4641@RevNEW4,ASN_20260730.csv,2026-07-29 18:00:21,2026-07-29 18:00:32,2026-07-29 18:00:32
P:90-07675AR:01S:QTL263101179,2026-07-28 17:00:00,53210,"1195 Trademark Drive, Suite 201",190026,PO-US-08927,3,90-07675A,(90-07675A) LFP Battery Block with Wall Bracket,1,See Special Instructions,,814-4641@RevNEW4,ASN_20260730.csv,2026-07-29 18:00:21,2026-07-29 18:00:32,2026-07-29 18:00:32
P:90-07675AR:01S:QTL263101180,2026-07-28 17:00:00,53210,"1195 Trademark Drive, Suite 201",190026,PO-US-08927,3,90-07675A,(90-07675A) LFP Battery Block with Wall Bracket,1,See Special Instructions,,814-4641@RevNEW4,ASN_20260731.csv,2026-07-30 18:00:18,2026-07-30 18:00:19,2026-07-30 18:00:19
P:90-07675AR:01S:QTL263101181,2026-07-28 17:00:00,53210,"1195 Trademark Drive, Suite 201",190026,PO-US-08927,3,90-07675A,(90-07675A) LFP Battery Block with Wall Bracket,1,See Special Instructions,,814-4641@RevNEW4,ASN_20260731.csv,2026-07-30 18:00:18,2026-07-30 18:00:19,2026-07-30 18:00:19
P:90-07675AR:01S:QTL263101182,2026-07-28 17:00:00,53210,"1195 Trademark Drive, Suite 201",190026,PO-US-08927,3,90-07675A,(90-07675A) LFP Battery Block with Wall Bracket,1,See Special Instructions,,814-4641@RevNEW4,ASN_20260730.csv,2026-07-29 18:00:21,2026-07-29 18:00:32,2026-07-29 18:00:32
P:90-07675AR:01S:QTL263101183,2026-07-28 17:00:00,53210,"1195 Trademark Drive, Suite 201",190026,PO-US-08927,3,90-07675A,(90-07675A) LFP Battery Block with Wall Bracket,1,See Special Instructions,,814-4641@RevNEW4,ASN_20260730.csv,2026-07-29 18:00:21,2026-07-29 18:00:32,2026-07-29 18:00:32
P:90-07675AR:01S:QTL263101184,2026-07-28 17:00:00,53210,"1195 Trademark Drive, Suite 201",190026,PO-US-08927,3,90-07675A,(90-07675A) LFP Battery Block with Wall Bracket,1,See Special Instructions,,814-4641@RevNEW4,ASN_20260731.csv,2026-07-30 18:00:18,2026-07-30 18:00:19,2026-07-30 18:00:19
P:90-07675AR:01S:QTL263101185,2026-07-28 17:00:00,53210,"1195 Trademark Drive, Suite 201",190026,PO-US-08927,3,90-07675A,(90-07675A) LFP Battery Block with Wall Bracket,1,See Special Instructions,,814-4641@RevNEW4,ASN_20260731.csv,2026-07-30 18:00:18,2026-07-30 18:00:19,2026-07-30 18:00:19
P:90-07675AR:01S:QTL263101186,2026-07-30 17:00:00,53210,"1195 Trademark Drive, Suite 201",190087,PO-US-08927,3,90-07675A,(90-07675A) LFP Battery Block with Wall Bracket,1,See Special Instructions,,814-4641@RevNEW4,ASN_20260801.csv,2026-07-31 18:00:15,2026-07-31 18:00:25,2026-07-31 18:00:25
P:90-07675AR:01S:QTL263101309,2026-07-30 17:00:00,53210,"1195 Trademark Drive, Suite 201",190087,PO-US-08927,3,90-07675A,(90-07675A) LFP Battery Block with Wall Bracket,1,See Special Instructions,,814-4641@RevNEW4,ASN_20260801.csv,2026-07-31 18:00:15,2026-07-31 18:00:25,2026-07-31 18:00:25
P:90-07675AR:01S:QTL263101310,2026-07-30 17:00:00,53210,"1195 Trademark Drive, Suite 201",190087,PO-US-08927,3,90-07675A,(90-07675A) LFP Battery Block with Wall Bracket,1,See Special Instructions,,814-4641@RevNEW4,ASN_20260801.csv,2026-07-31 18:00:15,2026-07-31 18:00:25,2026-07-31 18:00:25
P:90-07675AR:01S:QTL263101311,2026-07-30 17:00:00,53210,"1195 Trademark Drive, Suite 201",190087,PO-US-08927,3,90-07675A,(90-07675A) LFP Battery Block with Wall Bracket,1,See Special Instructions,,814-4641@RevNEW4,ASN_20260801.csv,2026-07-31 18:00:15,2026-07-31 18:00:25,2026-07-31 18:00:25
P:90-07675AR:01S:QTL263101312,2026-07-30 17:00:00,53210,"1195 Trademark Drive, Suite 201",190087,PO-US-08927,3,90-07675A,(90-07675A) LFP Battery Block with Wall Bracket,1,See Special Instructions,,814-4641@RevNEW4,ASN_20260801.csv,2026-07-31 18:00:15,2026-07-31 18:00:25,2026-07-31 18:00:25
P:90-07675AR:01S:QTL263101313,2026-07-30 17:00:00,53210,"1195 Trademark Drive, Suite 201",190087,PO-US-08927,3,90-07675A,(90-07675A) LFP Battery Block with Wall Bracket,1,See Special Instructions,,814-4641@RevNEW4,ASN_20260801.csv,2026-07-31 18:00:15,2026-07-31 18:00:25,2026-07-31 18:00:25
P:90-07675AR:01S:QTL263101314,2026-07-30 17:00:00,53210,"1195 Trademark Drive, Suite 201",190087,PO-US-08927,3,90-07675A,(90-07675A) LFP Battery Block with Wall Bracket,1,See Special Instructions,,814-4641@RevNEW4,ASN_20260801.csv,2026-07-31 18:00:15,2026-07-31 18:00:25,2026-07-31 18:00:25
P:90-07675AR:01S:QTL263101315,2026-07-30 17:00:00,53210,"1195 Trademark Drive, Suite 201",190087,PO-US-08927,3,90-07675A,(90-07675A) LFP Battery Block with Wall Bracket,1,See Special Instructions,,814-4641@RevNEW4,ASN_20260801.csv,2026-07-31 18:00:15,2026-07-31 18:00:25,2026-07-31 18:00:25
P:90-07675AR:01S:QTL263101316,2026-07-30 17:00:00,53210,"1195 Trademark Drive, Suite 201",190087,PO-US-08927,3,90-07675A,(90-07675A) LFP Battery Block with Wall Bracket,1,See Special Instructions,,814-4641@RevNEW4,ASN_20260801.csv,2026-07-31 18:00:15,2026-07-31 18:00:25,2026-07-31 18:00:25
P:90-07675AR:01S:QTL263101317,2026-07-30 17:00:00,53210,"1195 Trademark Drive, Suite 201",190087,PO-US-08927,3,90-07675A,(90-07675A) LFP Battery Block with Wall Bracket,1,See Special Instructions,,814-4641@RevNEW4,ASN_20260801.csv,2026-07-31 18:00:15,2026-07-31 18:00:25,2026-07-31 18:00:25
P:90-07675AR:01S:QTL263101318,2026-07-30 17:00:00,53210,"1195 Trademark Drive, Suite 201",190087,PO-US-08927,3,90-07675A,(90-07675A) LFP Battery Block with Wall Bracket,1,See Special Instructions,,814-4641@RevNEW4,ASN_20260801.csv,2026-07-31 18:00:15,2026-07-31 18:00:25,2026-07-31 18:00:25
P:90-07675AR:01S:QTL263101319,2026-07-28 17:00:00,53210,"1195 Trademark Drive, Suite 201",190026,PO-US-08927,3,90-07675A,(90-07675A) LFP Battery Block with Wall Bracket,1,See Special Instructions,,814-4641@RevNEW4,ASN_20260731.csv,2026-07-30 18:00:18,2026-07-30 18:00:19,2026-07-30 18:00:19
P:90-07675AR:01S:QTL263101320,2026-07-30 17:00:00,53210,"1195 Trademark Drive, Suite 201",190087,PO-US-08927,3,90-07675A,(90-07675A) LFP Battery Block with Wall Bracket,1,See Special Instructions,,814-4641@RevNEW4,ASN_20260801.csv,2026-07-31 18:00:15,2026-07-31 18:00:25,2026-07-31 18:00:25
P:90-07675AR:01S:QTL263101321,2026-07-28 17:00:00,53210,"1195 Trademark Drive, Suite 201",190026,PO-US-08927,3,90-07675A,(90-07675A) LFP Battery Block with Wall Bracket,1,See Special Instructions,,814-4641@RevNEW4,ASN_20260731.csv,2026-07-30 18:00:18,2026-07-30 18:00:19,2026-07-30 18:00:19
P:90-07675AR:01S:QTL263101322,2026-07-28 17:00:00,53210,"1195 Trademark Drive, Suite 201",190026,PO-US-08927,3,90-07675A,(90-07675A) LFP Battery Block with Wall Bracket,1,See Special Instructions,,814-4641@RevNEW4,ASN_20260730.csv,2026-07-29 18:00:21,2026-07-29 18:00:32,2026-07-29 18:00:32
P:90-07675AR:01S:QTL263101323,2026-07-28 17:00:00,53210,"1195 Trademark Drive, Suite 201",190026,PO-US-08927,3,90-07675A,(90-07675A) LFP Battery Block with Wall Bracket,1,See Special Instructions,,814-4641@RevNEW4,ASN_20260731.csv,2026-07-30 18:00:18,2026-07-30 18:00:19,2026-07-30 18:00:19
P:90-07675AR:01S:QTL263101324,2026-07-28 17:00:00,53210,"1195 Trademark Drive, Suite 201",190026,PO-US-08927,3,90-07675A,(90-07675A) LFP Battery Block with Wall Bracket,1,See Special Instructions,,814-4641@RevNEW4,ASN_20260731.csv,2026-07-30 18:00:18,2026-07-30 18:00:19,2026-07-30 18:00:19
P:90-07675AR:01S:QTL263101325,2026-07-28 17:00:00,53210,"1195 Trademark Drive, Suite 201",190026,PO-US-08927,3,90-07675A,(90-07675A) LFP Battery Block with Wall Bracket,1,See Special Instructions,,814-4641@RevNEW4,ASN_20260730.csv,2026-07-29 18:00:21,2026-07-29 18:00:32,2026-07-29 18:00:32
P:90-07675AR:01S:QTL263101326,2026-07-28 17:00:00,53210,"1195 Trademark Drive, Suite 201",190026,PO-US-08927,3,90-07675A,(90-07675A) LFP Battery Block with Wall Bracket,1,See Special Instructions,,814-4641@RevNEW4,ASN_20260730.csv,2026-07-29 18:00:21,2026-07-29 18:00:32,2026-07-29 18:00:32
P:90-07675AR:01S:QTL263101327,2026-07-28 17:00:00,53210,"1195 Trademark Drive, Suite 201",190026,PO-US-08927,3,90-07675A,(90-07675A) LFP Battery Block with Wall Bracket,1,See Special Instructions,,814-4641@RevNEW4,ASN_20260730.csv,2026-07-29 18:00:21,2026-07-29 18:00:32,2026-07-29 18:00:32
P:90-07675AR:01S:QTL263101328,2026-07-28 17:00:00,53210,"1195 Trademark Drive, Suite 201",190026,PO-US-08927,3,90-07675A,(90-07675A) LFP Battery Block with Wall Bracket,1,See Special Instructions,,814-4641@RevNEW4,ASN_20260730.csv,2026-07-29 18:00:21,2026-07-29 18:00:32,2026-07-29 18:00:32
P:90-07675AR:01S:QTL263101329,2026-07-28 17:00:00,53210,"1195 Trademark Drive, Suite 201",190026,PO-US-08927,3,90-07675A,(90-07675A) LFP Battery Block with Wall Bracket,1,See Special Instructions,,814-4641@RevNEW4,ASN_20260731.csv,2026-07-30 18:00:18,2026-07-30 18:00:19,2026-07-30 18:00:19
P:90-07675AR:01S:QTL263101330,2026-07-28 17:00:00,53210,"1195 Trademark Drive, Suite 201",190026,PO-US-08927,3,90-07675A,(90-07675A) LFP Battery Block with Wall Bracket,1,See Special Instructions,,814-4641@RevNEW4,ASN_20260731.csv,2026-07-30 18:00:18,2026-07-30 18:00:19,2026-07-30 18:00:19
P:90-07675AR:01S:QTL263101331,2026-07-28 17:00:00,53210,"1195 Trademark Drive, Suite 201",190026,PO-US-08927,3,90-07675A,(90-07675A) LFP Battery Block with Wall Bracket,1,See Special Instructions,,814-4641@RevNEW4,ASN_20260731.csv,2026-07-30 18:00:18,2026-07-30 18:00:19,2026-07-30 18:00:19
P:90-07675AR:01S:QTL263101332,2026-07-30 17:00:00,53210,"1195 Trademark Drive, Suite 201",190087,PO-US-08927,3,90-07675A,(90-07675A) LFP Battery Block with Wall Bracket,1,See Special Instructions,,814-4641@RevNEW4,ASN_20260801.csv,2026-07-31 18:00:15,2026-07-31 18:00:25,2026-07-31 18:00:25
P:90-07675AR:01S:QTL263101333,2026-07-30 17:00:00,53210,"1195 Trademark Drive, Suite 201",190087,PO-US-08927,3,90-07675A,(90-07675A) LFP Battery Block with Wall Bracket,1,See Special Instructions,,814-4641@RevNEW4,ASN_20260801.csv,2026-07-31 18:00:15,2026-07-31 18:00:25,2026-07-31 18:00:25
P:90-07675AR:01S:QTL263101334,2026-07-30 17:00:00,53210,"1195 Trademark Drive, Suite 201",190087,PO-US-08927,3,90-07675A,(90-07675A) LFP Battery Block with Wall Bracket,1,See Special Instructions,,814-4641@RevNEW4,ASN_20260801.csv,2026-07-31 18:00:15,2026-07-31 18:00:25,2026-07-31 18:00:25
P:90-07675AR:01S:QTL263101335,2026-07-28 17:00:00,53210,"1195 Trademark Drive, Suite 201",190026,PO-US-08927,3,90-07675A,(90-07675A) LFP Battery Block with Wall Bracket,1,See Special Instructions,,814-4641@RevNEW4,ASN_20260731.csv,2026-07-30 18:00:18,2026-07-30 18:00:19,2026-07-30 18:00:19
P:90-07675AR:01S:QTL263101336,2026-07-28 17:00:00,53210,"1195 Trademark Drive, Suite 201",190026,PO-US-08927,3,90-07675A,(90-07675A) LFP Battery Block with Wall Bracket,1,See Special Instructions,,814-4641@RevNEW4,ASN_20260731.csv,2026-07-30 18:00:18,2026-07-30 18:00:19,2026-07-30 18:00:19
P:90-07675AR:01S:QTL263101337,2026-07-30 17:00:00,53210,"1195 Trademark Drive, Suite 201",190087,PO-US-08927,3,90-07675A,(90-07675A) LFP Battery Block with Wall Bracket,1,See Special Instructions,,814-4641@RevNEW4,ASN_20260801.csv,2026-07-31 18:00:15,2026-07-31 18:00:25,2026-07-31 18:00:25
P:90-07675AR:01S:QTL263101338,2026-07-30 17:00:00,53210,"1195 Trademark Drive, Suite 201",190087,PO-US-08927,3,90-07675A,(90-07675A) LFP Battery Block with Wall Bracket,1,See Special Instructions,,814-4641@RevNEW4,ASN_20260801.csv,2026-07-31 18:00:15,2026-07-31 18:00:25,2026-07-31 18:00:25
P:90-07675AR:01S:QTL263101339,2026-07-30 17:00:00,53210,"1195 Trademark Drive, Suite 201",190087,PO-US-08927,3,90-07675A,(90-07675A) LFP Battery Block with Wall Bracket,1,See Special Instructions,,814-4641@RevNEW4,ASN_20260801.csv,2026-07-31 18:00:15,2026-07-31 18:00:25,2026-07-31 18:00:25
P:90-07675AR:01S:QTL263101340,2026-07-30 17:00:00,53210,"1195 Trademark Drive, Suite 201",190087,PO-US-08927,3,90-07675A,(90-07675A) LFP Battery Block with Wall Bracket,1,See Special Instructions,,814-4641@RevNEW4,ASN_20260801.csv,2026-07-31 18:00:15,2026-07-31 18:00:25,2026-07-31 18:00:25
P:90-07675AR:01S:QTL263101341,2026-07-30 17:00:00,53210,"1195 Trademark Drive, Suite 201",190087,PO-US-08927,3,90-07675A,(90-07675A) LFP Battery Block with Wall Bracket,1,See Special Instructions,,814-4641@RevNEW4,ASN_20260801.csv,2026-07-31 18:00:15,2026-07-31 18:00:25,2026-07-31 18:00:25
P:90-07675AR:01S:QTL263101342,2026-07-30 17:00:00,53210,"1195 Trademark Drive, Suite 201",190087,PO-US-08927,3,90-07675A,(90-07675A) LFP Battery Block with Wall Bracket,1,See Special Instructions,,814-4641@RevNEW4,ASN_20260801.csv,2026-07-31 18:00:15,2026-07-31 18:00:25,2026-07-31 18:00:25
P:90-07675AR:01S:QTL263101343,2026-07-30 17:00:00,53210,"1195 Trademark Drive, Suite 201",190087,PO-US-08927,3,90-07675A,(90-07675A) LFP Battery Block with Wall Bracket,1,See Special Instructions,,814-4641@RevNEW4,ASN_20260801.csv,2026-07-31 18:00:15,2026-07-31 18:00:25,2026-07-31 18:00:25
P:90-07675AR:01S:QTL263101344,2026-07-30 17:00:00,53210,"1195 Trademark Drive, Suite 201",190087,PO-US-08927,3,90-07675A,(90-07675A) LFP Battery Block with Wall Bracket,1,See Special Instructions,,814-4641@RevNEW4,ASN_20260801.csv,2026-07-31 18:00:15,2026-07-31 18:00:25,2026-07-31 18:00:25
P:90-07675AR:01S:QTL263101345,2026-07-30 17:00:00,53210,"1195 Trademark Drive, Suite 201",190087,PO-US-08927,3,90-07675A,(90-07675A) LFP Battery Block with Wall Bracket,1,See Special Instructions,,814-4641@RevNEW4,ASN_20260801.csv,2026-07-31 18:00:15,2026-07-31 18:00:25,2026-07-31 18:00:25
P:90-07675AR:01S:QTL263101346,2026-07-30 17:00:00,53210,"1195 Trademark Drive, Suite 201",190087,PO-US-08927,3,90-07675A,(90-07675A) LFP Battery Block with Wall Bracket,1,See Special Instructions,,814-4641@RevNEW4,ASN_20260801.csv,2026-07-31 18:00:15,2026-07-31 18:00:25,2026-07-31 18:00:25
P:90-07675AR:01S:QTL263101347,2026-07-30 17:00:00,53210,"1195 Trademark Drive, Suite 201",190087,PO-US-08927,3,90-07675A,(90-07675A) LFP Battery Block with Wall Bracket,1,See Special Instructions,,814-4641@RevNEW4,ASN_20260801.csv,2026-07-31 18:00:15,2026-07-31 18:00:25,2026-07-31 18:00:25
P:90-07675AR:01S:QTL263101348,2026-07-30 17:00:00,53210,"1195 Trademark Drive, Suite 201",190087,PO-US-08927,3,90-07675A,(90-07675A) LFP Battery Block with Wall Bracket,1,See Special Instructions,,814-4641@RevNEW4,ASN_20260801.csv,2026-07-31 18:00:15,2026-07-31 18:00:25,2026-07-31 18:00:25
P:90-07675AR:01S:QTL263101349,2026-07-30 17:00:00,53210,"1195 Trademark Drive, Suite 201",190087,PO-US-08927,3,90-07675A,(90-07675A) LFP Battery Block with Wall Bracket,1,See Special Instructions,,814-4641@RevNEW4,ASN_20260801.csv,2026-07-31 18:00:15,2026-07-31 18:00:25,2026-07-31 18:00:25
P:90-07675AR:01S:QTL263101350,2026-07-30 17:00:00,53210,"1195 Trademark Drive, Suite 201",190087,PO-US-08927,3,90-07675A,(90-07675A) LFP Battery Block with Wall Bracket,1,See Special Instructions,,814-4641@RevNEW4,ASN_20260801.csv,2026-07-31 18:00:15,2026-07-31 18:00:25,2026-07-31 18:00:25
P:90-07675AR:01S:QTL263101351,2026-07-30 17:00:00,53210,"1195 Trademark Drive, Suite 201",190087,PO-US-08927,3,90-07675A,(90-07675A) LFP Battery Block with Wall Bracket,1,See Special Instructions,,814-4641@RevNEW4,ASN_20260801.csv,2026-07-31 18:00:15,2026-07-31 18:00:25,2026-07-31 18:00:25
P:90-07675AR:01S:QTL263101352,2026-07-30 17:00:00,53210,"1195 Trademark Drive, Suite 201",190087,PO-US-08927,3,90-07675A,(90-07675A) LFP Battery Block with Wall Bracket,1,See Special Instructions,,814-4641@RevNEW4,ASN_20260801.csv,2026-07-31 18:00:15,2026-07-31 18:00:25,2026-07-31 18:00:25
P:90-07675AR:01S:QTL263101353,2026-07-30 17:00:00,53210,"1195 Trademark Drive, Suite 201",190087,PO-US-08927,3,90-07675A,(90-07675A) LFP Battery Block with Wall Bracket,1,See Special Instructions,,814-4641@RevNEW4,ASN_20260801.csv,2026-07-31 18:00:15,2026-07-31 18:00:25,2026-07-31 18:00:25
P:90-07675AR:01S:QTL263101354,2026-07-30 17:00:00,53210,"1195 Trademark Drive, Suite 201",190087,PO-US-08927,3,90-07675A,(90-07675A) LFP Battery Block with Wall Bracket,1,See Special Instructions,,814-4641@RevNEW4,ASN_20260801.csv,2026-07-31 18:00:15,2026-07-31 18:00:25,2026-07-31 18:00:25
P:90-07675AR:01S:QTL263101355,2026-07-30 17:00:00,53210,"1195 Trademark Drive, Suite 201",190087,PO-US-08927,3,90-07675A,(90-07675A) LFP Battery Block with Wall Bracket,1,See Special Instructions,,814-4641@RevNEW4,ASN_20260801.csv,2026-07-31 18:00:15,2026-07-31 18:00:25,2026-07-31 18:00:25
P:90-07675AR:01S:QTL263101356,2026-07-30 17:00:00,53210,"1195 Trademark Drive, Suite 201",190087,PO-US-08927,3,90-07675A,(90-07675A) LFP Battery Block with Wall Bracket,1,See Special Instructions,,814-4641@RevNEW4,ASN_20260801.csv,2026-07-31 18:00:15,2026-07-31 18:00:25,2026-07-31 18:00:25
P:90-07675AR:01S:QTL263101357,2026-07-30 17:00:00,53210,"1195 Trademark Drive, Suite 201",190087,PO-US-08927,3,90-07675A,(90-07675A) LFP Battery Block with Wall Bracket,1,See Special Instructions,,814-4641@RevNEW4,ASN_20260801.csv,2026-07-31 18:00:15,2026-07-31 18:00:25,2026-07-31 18:00:25
P:90-07675AR:01S:QTL263101358,2026-07-30 17:00:00,53210,"1195 Trademark Drive, Suite 201",190087,PO-US-08927,3,90-07675A,(90-07675A) LFP Battery Block with Wall Bracket,1,See Special Instructions,,814-4641@RevNEW4,ASN_20260801.csv,2026-07-31 18:00:15,2026-07-31 18:00:25,2026-07-31 18:00:25
P:90-07675AR:01S:QTL263101359,2026-07-30 17:00:00,53210,"1195 Trademark Drive, Suite 201",190087,PO-US-08927,3,90-07675A,(90-07675A) LFP Battery Block with Wall Bracket,1,See Special Instructions,,814-4641@RevNEW4,ASN_20260801.csv,2026-07-31 18:00:15,2026-07-31 18:00:25,2026-07-31 18:00:25
P:90-07675AR:01S:QTL263101456,2026-07-30 17:00:00,53210,"1195 Trademark Drive, Suite 201",190087,PO-US-08927,3,90-07675A,(90-07675A) LFP Battery Block with Wall Bracket,1,See Special Instructions,,814-4641@RevNEW4,ASN_20260801.csv,2026-07-31 18:00:15,2026-07-31 18:00:25,2026-07-31 18:00:25
P:90-07675AR:01S:QTL263101457,2026-07-30 17:00:00,53210,"1195 Trademark Drive, Suite 201",190087,PO-US-08927,3,90-07675A,(90-07675A) LFP Battery Block with Wall Bracket,1,See Special Instructions,,814-4641@RevNEW4,ASN_20260801.csv,2026-07-31 18:00:15,2026-07-31 18:00:25,2026-07-31 18:00:25
P:90-07675AR:01S:QTL263101458,2026-07-30 17:00:00,53210,"1195 Trademark Drive, Suite 201",190087,PO-US-08927,3,90-07675A,(90-07675A) LFP Battery Block with Wall Bracket,1,See Special Instructions,,814-4641@RevNEW4,ASN_20260801.csv,2026-07-31 18:00:15,2026-07-31 18:00:25,2026-07-31 18:00:25
P:90-07675AR:01S:QTL263101459,2026-07-30 17:00:00,53210,"1195 Trademark Drive, Suite 201",190087,PO-US-08927,3,90-07675A,(90-07675A) LFP Battery Block with Wall Bracket,1,See Special Instructions,,814-4641@RevNEW4,ASN_20260801.csv,2026-07-31 18:00:15,2026-07-31 18:00:25,2026-07-31 18:00:25
P:90-07675AR:01S:QTL263101460,2026-07-30 17:00:00,53210,"1195 Trademark Drive, Suite 201",190087,PO-US-08927,3,90-07675A,(90-07675A) LFP Battery Block with Wall Bracket,1,See Special Instructions,,814-4641@RevNEW4,ASN_20260801.csv,2026-07-31 18:00:15,2026-07-31 18:00:25,2026-07-31 18:00:25
P:90-07675AR:01S:QTL263101461,2026-07-30 17:00:00,53210,"1195 Trademark Drive, Suite 201",190087,PO-US-08927,3,90-07675A,(90-07675A) LFP Battery Block with Wall Bracket,1,See Special Instructions,,814-4641@RevNEW4,ASN_20260801.csv,2026-07-31 18:00:15,2026-07-31 18:00:25,2026-07-31 18:00:25
P:90-07675AR:01S:QTL263101462,2026-07-30 17:00:00,53210,"1195 Trademark Drive, Suite 201",190087,PO-US-08927,3,90-07675A,(90-07675A) LFP Battery Block with Wall Bracket,1,See Special Instructions,,814-4641@RevNEW4,ASN_20260801.csv,2026-07-31 18:00:15,2026-07-31 18:00:25,2026-07-31 18:00:25
P:90-07675AR:01S:QTL263101463,2026-07-30 17:00:00,53210,"1195 Trademark Drive, Suite 201",190087,PO-US-08927,3,90-07675A,(90-07675A) LFP Battery Block with Wall Bracket,1,See Special Instructions,,814-4641@RevNEW4,ASN_20260801.csv,2026-07-31 18:00:15,2026-07-31 18:00:25,2026-07-31 18:00:25
P:90-07675AR:01S:QTL263101466,2026-07-30 17:00:00,53210,"1195 Trademark Drive, Suite 201",190087,PO-US-08927,3,90-07675A,(90-07675A) LFP Battery Block with Wall Bracket,1,See Special Instructions,,814-4641@RevNEW4,ASN_20260801.csv,2026-07-31 18:00:15,2026-07-31 18:00:25,2026-07-31 18:00:25
P:90-07675AR:01S:QTL263101467,2026-07-30 17:00:00,53210,"1195 Trademark Drive, Suite 201",190087,PO-US-08927,3,90-07675A,(90-07675A) LFP Battery Block with Wall Bracket,1,See Special Instructions,,814-4641@RevNEW4,ASN_20260801.csv,2026-07-31 18:00:15,2026-07-31 18:00:25,2026-07-31 18:00:25
P:90-07675AR:01S:QTL263101468,2026-07-30 17:00:00,53210,"1195 Trademark Drive, Suite 201",190087,PO-US-08927,3,90-07675A,(90-07675A) LFP Battery Block with Wall Bracket,1,See Special Instructions,,814-4641@RevNEW4,ASN_20260801.csv,2026-07-31 18:00:15,2026-07-31 18:00:25,2026-07-31 18:00:25
P:90-07675AR:01S:QTL263101469,2026-07-30 17:00:00,53210,"1195 Trademark Drive, Suite 201",190087,PO-US-08927,3,90-07675A,(90-07675A) LFP Battery Block with Wall Bracket,1,See Special Instructions,,814-4641@RevNEW4,ASN_20260801.csv,2026-07-31 18:00:15,2026-07-31 18:00:25,2026-07-31 18:00:25
P:90-07675AR:01S:QTL263101470,2026-07-30 17:00:00,53210,"1195 Trademark Drive, Suite 201",190087,PO-US-08927,3,90-07675A,(90-07675A) LFP Battery Block with Wall Bracket,1,See Special Instructions,,814-4641@RevNEW4,ASN_20260801.csv,2026-07-31 18:00:15,2026-07-31 18:00:25,2026-07-31 18:00:25
P:90-07675AR:01S:QTL263101471,2026-07-30 17:00:00,53210,"1195 Trademark Drive, Suite 201",190087,PO-US-08927,3,90-07675A,(90-07675A) LFP Battery Block with Wall Bracket,1,See Special Instructions,,814-4641@RevNEW4,ASN_20260801.csv,2026-07-31 18:00:15,2026-07-31 18:00:25,2026-07-31 18:00:25
P:90-07675AR:01S:QTL263101472,2026-07-30 17:00:00,53210,"1195 Trademark Drive, Suite 201",190087,PO-US-08927,3,90-07675A,(90-07675A) LFP Battery Block with Wall Bracket,1,See Special Instructions,,814-4641@RevNEW4,ASN_20260801.csv,2026-07-31 18:00:15,2026-07-31 18:00:25,2026-07-31 18:00:25
P:90-07675AR:01S:QTL263101473,2026-07-30 17:00:00,53210,"1195 Trademark Drive, Suite 201",190087,PO-US-08927,3,90-07675A,(90-07675A) LFP Battery Block with Wall Bracket,1,See Special Instructions,,814-4641@RevNEW4,ASN_20260801.csv,2026-07-31 18:00:15,2026-07-31 18:00:25,2026-07-31 18:00:25
P:90-07675AR:01S:QTL263101474,2026-07-30 17:00:00,53210,"1195 Trademark Drive, Suite 201",190087,PO-US-08927,3,90-07675A,(90-07675A) LFP Battery Block with Wall Bracket,1,See Special Instructions,,814-4641@RevNEW4,ASN_20260801.csv,2026-07-31 18:00:15,2026-07-31 18:00:25,2026-07-31 18:00:25
P:90-07675AR:01S:QTL263101475,2026-07-30 17:00:00,53210,"1195 Trademark Drive, Suite 201",190087,PO-US-08927,3,90-07675A,(90-07675A) LFP Battery Block with Wall Bracket,1,See Special Instructions,,814-4641@RevNEW4,ASN_20260801.csv,2026-07-31 18:00:15,2026-07-31 18:00:25,2026-07-31 18:00:25
P:90-07675AR:01S:QTL263101476,2026-07-30 17:00:00,53210,"1195 Trademark Drive, Suite 201",190087,PO-US-08927,3,90-07675A,(90-07675A) LFP Battery Block with Wall Bracket,1,See Special Instructions,,814-4641@RevNEW4,ASN_20260801.csv,2026-07-31 18:00:15,2026-07-31 18:00:25,2026-07-31 18:00:25
P:90-07675AR:01S:QTL263101477,2026-07-30 17:00:00,53210,"1195 Trademark Drive, Suite 201",190087,PO-US-08927,3,90-07675A,(90-07675A) LFP Battery Block with Wall Bracket,1,See Special Instructions,,814-4641@RevNEW4,ASN_20260801.csv,2026-07-31 18:00:15,2026-07-31 18:00:25,2026-07-31 18:00:25
P:90-07675AR:01S:QTL263101478,2026-07-30 17:00:00,53210,"1195 Trademark Drive, Suite 201",190087,PO-US-08927,3,90-07675A,(90-07675A) LFP Battery Block with Wall Bracket,1,See Special Instructions,,814-4641@RevNEW4,ASN_20260801.csv,2026-07-31 18:00:15,2026-07-31 18:00:25,2026-07-31 18:00:25
P:90-07675AR:01S:QTL263101479,2026-07-30 17:00:00,53210,"1195 Trademark Drive, Suite 201",190087,PO-US-08927,3,90-07675A,(90-07675A) LFP Battery Block with Wall Bracket,1,See Special Instructions,,814-4641@RevNEW4,ASN_20260801.csv,2026-07-31 18:00:15,2026-07-31 18:00:25,2026-07-31 18:00:25
P:90-07675AR:01S:QTL263101480,2026-07-30 17:00:00,53210,"1195 Trademark Drive, Suite 201",190087,PO-US-08927,3,90-07675A,(90-07675A) LFP Battery Block with Wall Bracket,1,See Special Instructions,,814-4641@RevNEW4,ASN_20260801.csv,2026-07-31 18:00:15,2026-07-31 18:00:25,2026-07-31 18:00:25
P:90-07675AR:01S:QTL263101481,2026-07-30 17:00:00,53210,"1195 Trademark Drive, Suite 201",190087,PO-US-08927,3,90-07675A,(90-07675A) LFP Battery Block with Wall Bracket,1,See Special Instructions,,814-4641@RevNEW4,ASN_20260801.csv,2026-07-31 18:00:15,2026-07-31 18:00:25,2026-07-31 18:00:25
P:90-07675AR:01S:QTL263101482,2026-07-30 17:00:00,53210,"1195 Trademark Drive, Suite 201",190087,PO-US-08927,3,90-07675A,(90-07675A) LFP Battery Block with Wall Bracket,1,See Special Instructions,,814-4641@RevNEW4,ASN_20260801.csv,2026-07-31 18:00:15,2026-07-31 18:00:25,2026-07-31 18:00:25
P:90-07675AR:01S:QTL263101483,2026-07-30 17:00:00,53210,"1195 Trademark Drive, Suite 201",190087,PO-US-08927,3,90-07675A,(90-07675A) LFP Battery Block with Wall Bracket,1,See Special Instructions,,814-4641@RevNEW4,ASN_20260801.csv,2026-07-31 18:00:15,2026-07-31 18:00:25,2026-07-31 18:00:25
P:90-07675AR:01S:QTL263101484,2026-07-30 17:00:00,53210,"1195 Trademark Drive, Suite 201",190087,PO-US-08927,3,90-07675A,(90-07675A) LFP Battery Block with Wall Bracket,1,See Special Instructions,,814-4641@RevNEW4,ASN_20260801.csv,2026-07-31 18:00:15,2026-07-31 18:00:25,2026-07-31 18:00:25
P:90-07675AR:01S:QTL263101485,2026-07-30 17:00:00,53210,"1195 Trademark Drive, Suite 201",190087,PO-US-08927,3,90-07675A,(90-07675A) LFP Battery Block with Wall Bracket,1,See Special Instructions,,814-4641@RevNEW4,ASN_20260801.csv,2026-07-31 18:00:15,2026-07-31 18:00:25,2026-07-31 18:00:25
P:90-07675AR:01S:QTL263101486,2026-07-30 17:00:00,53210,"1195 Trademark Drive, Suite 201",190087,PO-US-08927,3,90-07675A,(90-07675A) LFP Battery Block with Wall Bracket,1,See Special Instructions,,814-4641@RevNEW4,ASN_20260801.csv,2026-07-31 18:00:15,2026-07-31 18:00:25,2026-07-31 18:00:25
P:90-07675AR:01S:QTL263101487,2026-07-30 17:00:00,53210,"1195 Trademark Drive, Suite 201",190087,PO-US-08927,3,90-07675A,(90-07675A) LFP Battery Block with Wall Bracket,1,See Special Instructions,,814-4641@RevNEW4,ASN_20260801.csv,2026-07-31 18:00:15,2026-07-31 18:00:25,2026-07-31 18:00:25
P:90-07675AR:01S:QTL263101488,2026-07-30 17:00:00,53210,"1195 Trademark Drive, Suite 201",190087,PO-US-08927,3,90-07675A,(90-07675A) LFP Battery Block with Wall Bracket,1,See Special Instructions,,814-4641@RevNEW4,ASN_20260801.csv,2026-07-31 18:00:15,2026-07-31 18:00:25,2026-07-31 18:00:25
P:90-07675AR:01S:QTL263101489,2026-07-30 17:00:00,53210,"1195 Trademark Drive, Suite 201",190087,PO-US-08927,3,90-07675A,(90-07675A) LFP Battery Block with Wall Bracket,1,See Special Instructions,,814-4641@RevNEW4,ASN_20260801.csv,2026-07-31 18:00:15,2026-07-31 18:00:25,2026-07-31 18:00:25
P:90-07675AR:01S:QTL263101490,2026-07-30 17:00:00,53210,"1195 Trademark Drive, Suite 201",190087,PO-US-08927,3,90-07675A,(90-07675A) LFP Battery Block with Wall Bracket,1,See Special Instructions,,814-4641@RevNEW4,ASN_20260801.csv,2026-07-31 18:00:15,2026-07-31 18:00:25,2026-07-31 18:00:25
P:90-07675AR:01S:QTL263101491,2026-07-30 17:00:00,53210,"1195 Trademark Drive, Suite 201",190087,PO-US-08927,3,90-07675A,(90-07675A) LFP Battery Block with Wall Bracket,1,See Special Instructions,,814-4641@RevNEW4,ASN_20260801.csv,2026-07-31 18:00:15,2026-07-31 18:00:25,2026-07-31 18:00:25
P:90-07675AR:01S:QTL263101492,2026-07-30 17:00:00,53210,"1195 Trademark Drive, Suite 201",190087,PO-US-08927,3,90-07675A,(90-07675A) LFP Battery Block with Wall Bracket,1,See Special Instructions,,814-4641@RevNEW4,ASN_20260801.csv,2026-07-31 18:00:15,2026-07-31 18:00:25,2026-07-31 18:00:25
P:90-07675AR:01S:QTL263101493,2026-07-30 17:00:00,53210,"1195 Trademark Drive, Suite 201",190087,PO-US-08927,3,90-07675A,(90-07675A) LFP Battery Block with Wall Bracket,1,See Special Instructions,,814-4641@RevNEW4,ASN_20260801.csv,2026-07-31 18:00:15,2026-07-31 18:00:25,2026-07-31 18:00:25
P:90-07675AR:01S:QTL263101494,2026-07-30 17:00:00,53210,"1195 Trademark Drive, Suite 201",190087,PO-US-08927,3,90-07675A,(90-07675A) LFP Battery Block with Wall Bracket,1,See Special Instructions,,814-4641@RevNEW4,ASN_20260801.csv,2026-07-31 18:00:15,2026-07-31 18:00:25,2026-07-31 18:00:25
P:90-07675AR:01S:QTL263101495,2026-07-30 17:00:00,53210,"1195 Trademark Drive, Suite 201",190087,PO-US-08927,3,90-07675A,(90-07675A) LFP Battery Block with Wall Bracket,1,See Special Instructions,,814-4641@RevNEW4,ASN_20260801.csv,2026-07-31 18:00:15,2026-07-31 18:00:25,2026-07-31 18:00:25
P:90-07675AR:01S:QTL263101496,2026-07-30 17:00:00,53210,"1195 Trademark Drive, Suite 201",190087,PO-US-08927,3,90-07675A,(90-07675A) LFP Battery Block with Wall Bracket,1,See Special Instructions,,814-4641@RevNEW4,ASN_20260801.csv,2026-07-31 18:00:15,2026-07-31 18:00:25,2026-07-31 18:00:25
P:90-07675AR:01S:QTL263101497,2026-07-30 17:00:00,53210,"1195 Trademark Drive, Suite 201",190087,PO-US-08927,3,90-07675A,(90-07675A) LFP Battery Block with Wall Bracket,1,See Special Instructions,,814-4641@RevNEW4,ASN_20260801.csv,2026-07-31 18:00:15,2026-07-31 18:00:25,2026-07-31 18:00:25
P:90-07675AR:01S:QTL263101498,2026-07-30 17:00:00,53210,"1195 Trademark Drive, Suite 201",190087,PO-US-08927,3,90-07675A,(90-07675A) LFP Battery Block with Wall Bracket,1,See Special Instructions,,814-4641@RevNEW4,ASN_20260801.csv,2026-07-31 18:00:15,2026-07-31 18:00:25,2026-07-31 18:00:25
P:90-07675AR:01S:QTL263101499,2026-07-30 17:00:00,53210,"1195 Trademark Drive, Suite 201",190087,PO-US-08927,3,90-07675A,(90-07675A) LFP Battery Block with Wall Bracket,1,See Special Instructions,,814-4641@RevNEW4,ASN_20260801.csv,2026-07-31 18:00:15,2026-07-31 18:00:25,2026-07-31 18:00:25
P:90-07675AR:01S:QTL263101586,2026-07-30 17:00:00,53210,"1195 Trademark Drive, Suite 201",190087,PO-US-08927,3,90-07675A,(90-07675A) LFP Battery Block with Wall Bracket,1,See Special Instructions,,814-4641@RevNEW4,ASN_20260801.csv,2026-07-31 18:00:15,2026-07-31 18:00:25,2026-07-31 18:00:25
P:90-07675AR:01S:QTL263101588,2026-07-30 17:00:00,53210,"1195 Trademark Drive, Suite 201",190087,PO-US-08927,3,90-07675A,(90-07675A) LFP Battery Block with Wall Bracket,1,See Special Instructions,,814-4641@RevNEW4,ASN_20260801.csv,2026-07-31 18:00:15,2026-07-31 18:00:25,2026-07-31 18:00:25
P:90-07675AR:01S:QTL263101589,2026-07-30 17:00:00,53210,"1195 Trademark Drive, Suite 201",190087,PO-US-08927,3,90-07675A,(90-07675A) LFP Battery Block with Wall Bracket,1,See Special Instructions,,814-4641@RevNEW4,ASN_20260801.csv,2026-07-31 18:00:15,2026-07-31 18:00:25,2026-07-31 18:00:25
P:90-07675AR:01S:QTL263101590,2026-07-30 17:00:00,53210,"1195 Trademark Drive, Suite 201",190087,PO-US-08927,3,90-07675A,(90-07675A) LFP Battery Block with Wall Bracket,1,See Special Instructions,,814-4641@RevNEW4,ASN_20260801.csv,2026-07-31 18:00:15,2026-07-31 18:00:25,2026-07-31 18:00:25
P:90-07675AR:01S:QTL263101591,2026-07-30 17:00:00,53210,"1195 Trademark Drive, Suite 201",190087,PO-US-08927,3,90-07675A,(90-07675A) LFP Battery Block with Wall Bracket,1,See Special Instructions,,814-4641@RevNEW4,ASN_20260801.csv,2026-07-31 18:00:15,2026-07-31 18:00:25,2026-07-31 18:00:25
P:90-07675AR:01S:QTL263101592,2026-07-30 17:00:00,53210,"1195 Trademark Drive, Suite 201",190087,PO-US-08927,3,90-07675A,(90-07675A) LFP Battery Block with Wall Bracket,1,See Special Instructions,,814-4641@RevNEW4,ASN_20260801.csv,2026-07-31 18:00:15,2026-07-31 18:00:25,2026-07-31 18:00:25
P:90-07675AR:01S:QTL263101593,2026-07-30 17:00:00,53210,"1195 Trademark Drive, Suite 201",190087,PO-US-08927,3,90-07675A,(90-07675A) LFP Battery Block with Wall Bracket,1,See Special Instructions,,814-4641@RevNEW4,ASN_20260801.csv,2026-07-31 18:00:15,2026-07-31 18:00:25,2026-07-31 18:00:25
P:90-07675AR:01S:QTL263101594,2026-07-30 17:00:00,53210,"1195 Trademark Drive, Suite 201",190087,PO-US-08927,3,90-07675A,(90-07675A) LFP Battery Block with Wall Bracket,1,See Special Instructions,,814-4641@RevNEW4,ASN_20260801.csv,2026-07-31 18:00:15,2026-07-31 18:00:25,2026-07-31 18:00:25
P:90-07675AR:01S:QTL263101595,2026-07-30 17:00:00,53210,"1195 Trademark Drive, Suite 201",190087,PO-US-08927,3,90-07675A,(90-07675A) LFP Battery Block with Wall Bracket,1,See Special Instructions,,814-4641@RevNEW4,ASN_20260801.csv,2026-07-31 18:00:15,2026-07-31 18:00:25,2026-07-31 18:00:25
P:90-07675AR:01S:QTL263101596,2026-07-30 17:00:00,53210,"1195 Trademark Drive, Suite 201",190087,PO-US-08927,3,90-07675A,(90-07675A) LFP Battery Block with Wall Bracket,1,See Special Instructions,,814-4641@RevNEW4,ASN_20260801.csv,2026-07-31 18:00:15,2026-07-31 18:00:25,2026-07-31 18:00:25
P:90-07675AR:01S:QTL263101597,2026-07-30 17:00:00,53210,"1195 Trademark Drive, Suite 201",190087,PO-US-08927,3,90-07675A,(90-07675A) LFP Battery Block with Wall Bracket,1,See Special Instructions,,814-4641@RevNEW4,ASN_20260801.csv,2026-07-31 18:00:15,2026-07-31 18:00:25,2026-07-31 18:00:25
P:90-07675AR:01S:QTL263101598,2026-07-30 17:00:00,53210,"1195 Trademark Drive, Suite 201",190087,PO-US-08927,3,90-07675A,(90-07675A) LFP Battery Block with Wall Bracket,1,See Special Instructions,,814-4641@RevNEW4,ASN_20260801.csv,2026-07-31 18:00:15,2026-07-31 18:00:25,2026-07-31 18:00:25
P:90-07675AR:01S:QTL263101599,2026-07-30 17:00:00,53210,"1195 Trademark Drive, Suite 201",190087,PO-US-08927,3,90-07675A,(90-07675A) LFP Battery Block with Wall Bracket,1,See Special Instructions,,814-4641@RevNEW4,ASN_20260801.csv,2026-07-31 18:00:15,2026-07-31 18:00:25,2026-07-31 18:00:25
P:90-07675AR:01S:QTL263101600,2026-07-30 17:00:00,53210,"1195 Trademark Drive, Suite 201",190087,PO-US-08927,3,90-07675A,(90-07675A) LFP Battery Block with Wall Bracket,1,See Special Instructions,,814-4641@RevNEW4,ASN_20260801.csv,2026-07-31 18:00:15,2026-07-31 18:00:25,2026-07-31 18:00:25
P:90-07675AR:01S:QTL263101601,2026-07-30 17:00:00,53210,"1195 Trademark Drive, Suite 201",190087,PO-US-08927,3,90-07675A,(90-07675A) LFP Battery Block with Wall Bracket,1,See Special Instructions,,814-4641@RevNEW4,ASN_20260801.csv,2026-07-31 18:00:15,2026-07-31 18:00:25,2026-07-31 18:00:25
P:90-07675AR:01S:QTL263101602,2026-07-30 17:00:00,53210,"1195 Trademark Drive, Suite 201",190087,PO-US-08927,3,90-07675A,(90-07675A) LFP Battery Block with Wall Bracket,1,See Special Instructions,,814-4641@RevNEW4,ASN_20260801.csv,2026-07-31 18:00:15,2026-07-31 18:00:25,2026-07-31 18:00:25
P:90-07675AR:01S:QTL263101603,2026-07-30 17:00:00,53210,"1195 Trademark Drive, Suite 201",190087,PO-US-08927,3,90-07675A,(90-07675A) LFP Battery Block with Wall Bracket,1,See Special Instructions,,814-4641@RevNEW4,ASN_20260801.csv,2026-07-31 18:00:15,2026-07-31 18:00:25,2026-07-31 18:00:25
P:90-07675AR:01S:QTL263101604,2026-07-30 17:00:00,53210,"1195 Trademark Drive, Suite 201",190087,PO-US-08927,3,90-07675A,(90-07675A) LFP Battery Block with Wall Bracket,1,See Special Instructions,,814-4641@RevNEW4,ASN_20260801.csv,2026-07-31 18:00:15,2026-07-31 18:00:25,2026-07-31 18:00:25
P:90-07675AR:01S:QTL263101605,2026-07-30 17:00:00,53210,"1195 Trademark Drive, Suite 201",190087,PO-US-08927,3,90-07675A,(90-07675A) LFP Battery Block with Wall Bracket,1,See Special Instructions,,814-4641@RevNEW4,ASN_20260801.csv,2026-07-31 18:00:15,2026-07-31 18:00:25,2026-07-31 18:00:25
P:90-07675AR:01S:QTL263101606,2026-07-30 17:00:00,53210,"1195 Trademark Drive, Suite 201",190087,PO-US-08927,3,90-07675A,(90-07675A) LFP Battery Block with Wall Bracket,1,See Special Instructions,,814-4641@RevNEW4,ASN_20260801.csv,2026-07-31 18:00:15,2026-07-31 18:00:25,2026-07-31 18:00:25
P:90-07675AR:01S:QTL263101607,2026-07-30 17:00:00,53210,"1195 Trademark Drive, Suite 201",190087,PO-US-08927,3,90-07675A,(90-07675A) LFP Battery Block with Wall Bracket,1,See Special Instructions,,814-4641@RevNEW4,ASN_20260801.csv,2026-07-31 18:00:15,2026-07-31 18:00:25,2026-07-31 18:00:25
P:90-07675AR:01S:QTL263101608,2026-07-30 17:00:00,53210,"1195 Trademark Drive, Suite 201",190087,PO-US-08927,3,90-07675A,(90-07675A) LFP Battery Block with Wall Bracket,1,See Special Instructions,,814-4641@RevNEW4,ASN_20260801.csv,2026-07-31 18:00:15,2026-07-31 18:00:25,2026-07-31 18:00:25
p:90-07675ar:01s:qtl263101609,2026-07-30 17:00:00,53210,"1195 Trademark Drive, Suite 201",190087,PO-US-08927,3,90-07675A,(90-07675A) LFP Battery Block with Wall Bracket,1,See Special Instructions,,814-4641@RevNEW4,ASN_20260801.csv,2026-07-31 18:00:15,2026-07-31 18:00:25,2026-07-31 18:00:25
p:90-07675ar:01s:qtl263101610,2026-07-30 17:00:00,53210,"1195 Trademark Drive, Suite 201",190087,PO-US-08927,3,90-07675A,(90-07675A) LFP Battery Block with Wall Bracket,1,See Special Instructions,,814-4641@RevNEW4,ASN_20260801.csv,2026-07-31 18:00:15,2026-07-31 18:00:25,2026-07-31 18:00:25
P:90-07675AR:01S:QTL263101611,2026-07-30 17:00:00,53210,"1195 Trademark Drive, Suite 201",190087,PO-US-08927,3,90-07675A,(90-07675A) LFP Battery Block with Wall Bracket,1,See Special Instructions,,814-4641@RevNEW4,ASN_20260801.csv,2026-07-31 18:00:15,2026-07-31 18:00:25,2026-07-31 18:00:25
P:90-07675AR:01S:QTL263101612,2026-07-30 17:00:00,53210,"1195 Trademark Drive, Suite 201",190087,PO-US-08927,3,90-07675A,(90-07675A) LFP Battery Block with Wall Bracket,1,See Special Instructions,,814-4641@RevNEW4,ASN_20260801.csv,2026-07-31 18:00:15,2026-07-31 18:00:25,2026-07-31 18:00:25
P:90-07675AR:01S:QTL263101613,2026-07-30 17:00:00,53210,"1195 Trademark Drive, Suite 201",190087,PO-US-08927,3,90-07675A,(90-07675A) LFP Battery Block with Wall Bracket,1,See Special Instructions,,814-4641@RevNEW4,ASN_20260801.csv,2026-07-31 18:00:15,2026-07-31 18:00:25,2026-07-31 18:00:25
P:90-07675AR:01S:QTL263101614,2026-07-30 17:00:00,53210,"1195 Trademark Drive, Suite 201",190087,PO-US-08927,3,90-07675A,(90-07675A) LFP Battery Block with Wall Bracket,1,See Special Instructions,,814-4641@RevNEW4,ASN_20260801.csv,2026-07-31 18:00:15,2026-07-31 18:00:25,2026-07-31 18:00:25
P:90-07675AR:01S:QTL263101615,2026-07-30 17:00:00,53210,"1195 Trademark Drive, Suite 201",190087,PO-US-08927,3,90-07675A,(90-07675A) LFP Battery Block with Wall Bracket,1,See Special Instructions,,814-4641@RevNEW4,ASN_20260801.csv,2026-07-31 18:00:15,2026-07-31 18:00:25,2026-07-31 18:00:25
P:90-07675AR:01S:QTL263101616,2026-07-30 17:00:00,53210,"1195 Trademark Drive, Suite 201",190087,PO-US-08927,3,90-07675A,(90-07675A) LFP Battery Block with Wall Bracket,1,See Special Instructions,,814-4641@RevNEW4,ASN_20260801.csv,2026-07-31 18:00:15,2026-07-31 18:00:25,2026-07-31 18:00:25
P:90-07675AR:01S:QTL263101739,2026-07-30 17:00:00,53210,"1195 Trademark Drive, Suite 201",190087,PO-US-08927,3,90-07675A,(90-07675A) LFP Battery Block with Wall Bracket,1,See Special Instructions,,814-4641@RevNEW4,ASN_20260801.csv,2026-07-31 18:00:15,2026-07-31 18:00:25,2026-07-31 18:00:25
P:90-07675AR:01S:QTL263101740,2026-07-30 17:00:00,53210,"1195 Trademark Drive, Suite 201",190087,PO-US-08927,3,90-07675A,(90-07675A) LFP Battery Block with Wall Bracket,1,See Special Instructions,,814-4641@RevNEW4,ASN_20260801.csv,2026-07-31 18:00:15,2026-07-31 18:00:25,2026-07-31 18:00:25
P:90-07675AR:01S:QTL263101741,2026-07-30 17:00:00,53210,"1195 Trademark Drive, Suite 201",190087,PO-US-08927,3,90-07675A,(90-07675A) LFP Battery Block with Wall Bracket,1,See Special Instructions,,814-4641@RevNEW4,ASN_20260801.csv,2026-07-31 18:00:15,2026-07-31 18:00:25,2026-07-31 18:00:25
P:90-07675AR:01S:QTL263101742,2026-07-30 17:00:00,53210,"1195 Trademark Drive, Suite 201",190087,PO-US-08927,3,90-07675A,(90-07675A) LFP Battery Block with Wall Bracket,1,See Special Instructions,,814-4641@RevNEW4,ASN_20260801.csv,2026-07-31 18:00:15,2026-07-31 18:00:25,2026-07-31 18:00:25
P:90-07675AR:01S:QTL263101743,2026-07-30 17:00:00,53210,"1195 Trademark Drive, Suite 201",190087,PO-US-08927,3,90-07675A,(90-07675A) LFP Battery Block with Wall Bracket,1,See Special Instructions,,814-4641@RevNEW4,ASN_20260801.csv,2026-07-31 18:00:15,2026-07-31 18:00:25,2026-07-31 18:00:25
P:90-07675AR:01S:QTL263101744,2026-07-30 17:00:00,53210,"1195 Trademark Drive, Suite 201",190087,PO-US-08927,3,90-07675A,(90-07675A) LFP Battery Block with Wall Bracket,1,See Special Instructions,,814-4641@RevNEW4,ASN_20260801.csv,2026-07-31 18:00:15,2026-07-31 18:00:25,2026-07-31 18:00:25
P:90-07675AR:01S:QTL263101745,2026-07-30 17:00:00,53210,"1195 Trademark Drive, Suite 201",190087,PO-US-08927,3,90-07675A,(90-07675A) LFP Battery Block with Wall Bracket,1,See Special Instructions,,814-4641@RevNEW4,ASN_20260801.csv,2026-07-31 18:00:15,2026-07-31 18:00:25,2026-07-31 18:00:25
P:90-07675AR:01S:QTL263101746,2026-07-30 17:00:00,53210,"1195 Trademark Drive, Suite 201",190087,PO-US-08927,3,90-07675A,(90-07675A) LFP Battery Block with Wall Bracket,1,See Special Instructions,,814-4641@RevNEW4,ASN_20260801.csv,2026-07-31 18:00:15,2026-07-31 18:00:25,2026-07-31 18:00:25
P:90-07675AR:01S:QTL263101747,2026-07-30 17:00:00,53210,"1195 Trademark Drive, Suite 201",190087,PO-US-08927,3,90-07675A,(90-07675A) LFP Battery Block with Wall Bracket,1,See Special Instructions,,814-4641@RevNEW4,ASN_20260801.csv,2026-07-31 18:00:15,2026-07-31 18:00:25,2026-07-31 18:00:25
P:90-07675AR:01S:QTL263101748,2026-07-30 17:00:00,53210,"1195 Trademark Drive, Suite 201",190087,PO-US-08927,3,90-07675A,(90-07675A) LFP Battery Block with Wall Bracket,1,See Special Instructions,,814-4641@RevNEW4,ASN_20260801.csv,2026-07-31 18:00:15,2026-07-31 18:00:25,2026-07-31 18:00:25
P:90-07675AR:01S:QTL263101749,2026-07-30 17:00:00,53210,"1195 Trademark Drive, Suite 201",190087,PO-US-08927,3,90-07675A,(90-07675A) LFP Battery Block with Wall Bracket,1,See Special Instructions,,814-4641@RevNEW4,ASN_20260801.csv,2026-07-31 18:00:15,2026-07-31 18:00:25,2026-07-31 18:00:25
P:90-07675AR:01S:QTL263101750,2026-07-30 17:00:00,53210,"1195 Trademark Drive, Suite 201",190087,PO-US-08927,3,90-07675A,(90-07675A) LFP Battery Block with Wall Bracket,1,See Special Instructions,,814-4641@RevNEW4,ASN_20260801.csv,2026-07-31 18:00:15,2026-07-31 18:00:25,2026-07-31 18:00:25
P:90-07675AR:01S:QTL263101751,2026-07-30 17:00:00,53210,"1195 Trademark Drive, Suite 201",190087,PO-US-08927,3,90-07675A,(90-07675A) LFP Battery Block with Wall Bracket,1,See Special Instructions,,814-4641@RevNEW4,ASN_20260801.csv,2026-07-31 18:00:15,2026-07-31 18:00:25,2026-07-31 18:00:25
P:90-07675AR:01S:QTL263101752,2026-07-30 17:00:00,53210,"1195 Trademark Drive, Suite 201",190087,PO-US-08927,3,90-07675A,(90-07675A) LFP Battery Block with Wall Bracket,1,See Special Instructions,,814-4641@RevNEW4,ASN_20260801.csv,2026-07-31 18:00:15,2026-07-31 18:00:25,2026-07-31 18:00:25
P:90-07675AR:01S:QTL263101753,2026-07-30 17:00:00,53210,"1195 Trademark Drive, Suite 201",190087,PO-US-08927,3,90-07675A,(90-07675A) LFP Battery Block with Wall Bracket,1,See Special Instructions,,814-4641@RevNEW4,ASN_20260801.csv,2026-07-31 18:00:15,2026-07-31 18:00:25,2026-07-31 18:00:25
P:90-07675AR:01S:QTL263101754,2026-07-30 17:00:00,53210,"1195 Trademark Drive, Suite 201",190087,PO-US-08927,3,90-07675A,(90-07675A) LFP Battery Block with Wall Bracket,1,See Special Instructions,,814-4641@RevNEW4,ASN_20260801.csv,2026-07-31 18:00:15,2026-07-31 18:00:25,2026-07-31 18:00:25
P:90-07675AR:01S:QTL263101755,2026-07-30 17:00:00,53210,"1195 Trademark Drive, Suite 201",190087,PO-US-08927,3,90-07675A,(90-07675A) LFP Battery Block with Wall Bracket,1,See Special Instructions,,814-4641@RevNEW4,ASN_20260801.csv,2026-07-31 18:00:15,2026-07-31 18:00:25,2026-07-31 18:00:25
P:90-07675AR:01S:QTL263101756,2026-07-30 17:00:00,53210,"1195 Trademark Drive, Suite 201",190087,PO-US-08927,3,90-07675A,(90-07675A) LFP Battery Block with Wall Bracket,1,See Special Instructions,,814-4641@RevNEW4,ASN_20260801.csv,2026-07-31 18:00:15,2026-07-31 18:00:25,2026-07-31 18:00:25
P:90-07675AR:01S:QTL263101757,2026-07-30 17:00:00,53210,"1195 Trademark Drive, Suite 201",190087,PO-US-08927,3,90-07675A,(90-07675A) LFP Battery Block with Wall Bracket,1,See Special Instructions,,814-4641@RevNEW4,ASN_20260801.csv,2026-07-31 18:00:15,2026-07-31 18:00:25,2026-07-31 18:00:25
P:90-07675AR:01S:QTL263101758,2026-07-30 17:00:00,53210,"1195 Trademark Drive, Suite 201",190087,PO-US-08927,3,90-07675A,(90-07675A) LFP Battery Block with Wall Bracket,1,See Special Instructions,,814-4641@RevNEW4,ASN_20260801.csv,2026-07-31 18:00:15,2026-07-31 18:00:25,2026-07-31 18:00:25
P:90-07675AR:01S:QTL263101759,2026-07-30 17:00:00,53210,"1195 Trademark Drive, Suite 201",190087,PO-US-08927,3,90-07675A,(90-07675A) LFP Battery Block with Wall Bracket,1,See Special Instructions,,814-4641@RevNEW4,ASN_20260801.csv,2026-07-31 18:00:15,2026-07-31 18:00:25,2026-07-31 18:00:25
P:90-07675AR:01S:QTL263101760,2026-07-30 17:00:00,53210,"1195 Trademark Drive, Suite 201",190087,PO-US-08927,3,90-07675A,(90-07675A) LFP Battery Block with Wall Bracket,1,See Special Instructions,,814-4641@RevNEW4,ASN_20260801.csv,2026-07-31 18:00:15,2026-07-31 18:00:25,2026-07-31 18:00:25
P:90-07675AR:01S:QTL263101761,2026-07-30 17:00:00,53210,"1195 Trademark Drive, Suite 201",190087,PO-US-08927,3,90-07675A,(90-07675A) LFP Battery Block with Wall Bracket,1,See Special Instructions,,814-4641@RevNEW4,ASN_20260801.csv,2026-07-31 18:00:15,2026-07-31 18:00:25,2026-07-31 18:00:25
P:90-07675AR:01S:QTL263101762,2026-07-30 17:00:00,53210,"1195 Trademark Drive, Suite 201",190087,PO-US-08927,3,90-07675A,(90-07675A) LFP Battery Block with Wall Bracket,1,See Special Instructions,,814-4641@RevNEW4,ASN_20260801.csv,2026-07-31 18:00:15,2026-07-31 18:00:25,2026-07-31 18:00:25
P:90-07675AR:01S:QTL263101763,2026-07-30 17:00:00,53210,"1195 Trademark Drive, Suite 201",190087,PO-US-08927,3,90-07675A,(90-07675A) LFP Battery Block with Wall Bracket,1,See Special Instructions,,814-4641@RevNEW4,ASN_20260801.csv,2026-07-31 18:00:15,2026-07-31 18:00:25,2026-07-31 18:00:25
P:90-07675AR:01S:QTL263101764,2026-07-30 17:00:00,53210,"1195 Trademark Drive, Suite 201",190087,PO-US-08927,3,90-07675A,(90-07675A) LFP Battery Block with Wall Bracket,1,See Special Instructions,,814-4641@RevNEW4,ASN_20260801.csv,2026-07-31 18:00:15,2026-07-31 18:00:25,2026-07-31 18:00:25
P:90-07675AR:01S:QTL263101766,2026-07-30 17:00:00,53210,"1195 Trademark Drive, Suite 201",190087,PO-US-08927,3,90-07675A,(90-07675A) LFP Battery Block with Wall Bracket,1,See Special Instructions,,814-4641@RevNEW4,ASN_20260801.csv,2026-07-31 18:00:15,2026-07-31 18:00:25,2026-07-31 18:00:25
P:90-07675AR:01S:QTL263101767,2026-07-30 17:00:00,53210,"1195 Trademark Drive, Suite 201",190087,PO-US-08927,3,90-07675A,(90-07675A) LFP Battery Block with Wall Bracket,1,See Special Instructions,,814-4641@RevNEW4,ASN_20260801.csv,2026-07-31 18:00:15,2026-07-31 18:00:25,2026-07-31 18:00:25
P:90-07675AR:01S:QTL263101768,2026-07-30 17:00:00,53210,"1195 Trademark Drive, Suite 201",190087,PO-US-08927,3,90-07675A,(90-07675A) LFP Battery Block with Wall Bracket,1,See Special Instructions,,814-4641@RevNEW4,ASN_20260801.csv,2026-07-31 18:00:15,2026-07-31 18:00:25,2026-07-31 18:00:25
P:90-07675AR:01S:QTL263101769,2026-07-30 17:00:00,53210,"1195 Trademark Drive, Suite 201",190087,PO-US-08927,3,90-07675A,(90-07675A) LFP Battery Block with Wall Bracket,1,See Special Instructions,,814-4641@RevNEW4,ASN_20260801.csv,2026-07-31 18:00:15,2026-07-31 18:00:25,2026-07-31 18:00:25
P:90-07675AR:01S:QTL263101770,2026-07-30 17:00:00,53210,"1195 Trademark Drive, Suite 201",190087,PO-US-08927,3,90-07675A,(90-07675A) LFP Battery Block with Wall Bracket,1,See Special Instructions,,814-4641@RevNEW4,ASN_20260801.csv,2026-07-31 18:00:15,2026-07-31 18:00:25,2026-07-31 18:00:25
P:90-07675AR:01S:QTL263101771,2026-07-30 17:00:00,53210,"1195 Trademark Drive, Suite 201",190087,PO-US-08927,3,90-07675A,(90-07675A) LFP Battery Block with Wall Bracket,1,See Special Instructions,,814-4641@RevNEW4,ASN_20260801.csv,2026-07-31 18:00:15,2026-07-31 18:00:25,2026-07-31 18:00:25
P:90-07675AR:01S:QTL263101772,2026-07-30 17:00:00,53210,"1195 Trademark Drive, Suite 201",190087,PO-US-08927,3,90-07675A,(90-07675A) LFP Battery Block with Wall Bracket,1,See Special Instructions,,814-4641@RevNEW4,ASN_20260801.csv,2026-07-31 18:00:15,2026-07-31 18:00:25,2026-07-31 18:00:25
P:90-07675AR:01S:QTL263101773,2026-07-30 17:00:00,53210,"1195 Trademark Drive, Suite 201",190087,PO-US-08927,3,90-07675A,(90-07675A) LFP Battery Block with Wall Bracket,1,See Special Instructions,,814-4641@RevNEW4,ASN_20260801.csv,2026-07-31 18:00:15,2026-07-31 18:00:25,2026-07-31 18:00:25
P:90-07675AR:01S:QTL263101774,2026-07-30 17:00:00,53210,"1195 Trademark Drive, Suite 201",190087,PO-US-08927,3,90-07675A,(90-07675A) LFP Battery Block with Wall Bracket,1,See Special Instructions,,814-4641@RevNEW4,ASN_20260801.csv,2026-07-31 18:00:15,2026-07-31 18:00:25,2026-07-31 18:00:25
P:90-07675AR:01S:QTL263101775,2026-07-30 17:00:00,53210,"1195 Trademark Drive, Suite 201",190087,PO-US-08927,3,90-07675A,(90-07675A) LFP Battery Block with Wall Bracket,1,See Special Instructions,,814-4641@RevNEW4,ASN_20260801.csv,2026-07-31 18:00:15,2026-07-31 18:00:25,2026-07-31 18:00:25
P:90-07675AR:01S:QTL263101776,2026-07-30 17:00:00,53210,"1195 Trademark Drive, Suite 201",190087,PO-US-08927,3,90-07675A,(90-07675A) LFP Battery Block with Wall Bracket,1,See Special Instructions,,814-4641@RevNEW4,ASN_20260801.csv,2026-07-31 18:00:15,2026-07-31 18:00:25,2026-07-31 18:00:25
P:90-07675AR:01S:QTL263101777,2026-07-30 17:00:00,53210,"1195 Trademark Drive, Suite 201",190087,PO-US-08927,3,90-07675A,(90-07675A) LFP Battery Block with Wall Bracket,1,See Special Instructions,,814-4641@RevNEW4,ASN_20260801.csv,2026-07-31 18:00:15,2026-07-31 18:00:25,2026-07-31 18:00:25
P:90-07675AR:01S:QTL263101778,2026-07-30 17:00:00,53210,"1195 Trademark Drive, Suite 201",190087,PO-US-08927,3,90-07675A,(90-07675A) LFP Battery Block with Wall Bracket,1,See Special Instructions,,814-4641@RevNEW4,ASN_20260801.csv,2026-07-31 18:00:15,2026-07-31 18:00:25,2026-07-31 18:00:25
P:90-07675AR:01S:QTL263101779,2026-07-30 17:00:00,53210,"1195 Trademark Drive, Suite 201",190087,PO-US-08927,3,90-07675A,(90-07675A) LFP Battery Block with Wall Bracket,1,See Special Instructions,,814-4641@RevNEW4,ASN_20260801.csv,2026-07-31 18:00:15,2026-07-31 18:00:25,2026-07-31 18:00:25
P:90-07675AR:01S:QTL263101780,2026-07-30 17:00:00,53210,"1195 Trademark Drive, Suite 201",190087,PO-US-08927,3,90-07675A,(90-07675A) LFP Battery Block with Wall Bracket,1,See Special Instructions,,814-4641@RevNEW4,ASN_20260801.csv,2026-07-31 18:00:15,2026-07-31 18:00:25,2026-07-31 18:00:25
P:90-07675AR:01S:QTL263101781,2026-07-30 17:00:00,53210,"1195 Trademark Drive, Suite 201",190087,PO-US-08927,3,90-07675A,(90-07675A) LFP Battery Block with Wall Bracket,1,See Special Instructions,,814-4641@RevNEW4,ASN_20260801.csv,2026-07-31 18:00:15,2026-07-31 18:00:25,2026-07-31 18:00:25
P:90-07675AR:01S:QTL263101782,2026-07-30 17:00:00,53210,"1195 Trademark Drive, Suite 201",190087,PO-US-08927,3,90-07675A,(90-07675A) LFP Battery Block with Wall Bracket,1,See Special Instructions,,814-4641@RevNEW4,ASN_20260801.csv,2026-07-31 18:00:15,2026-07-31 18:00:25,2026-07-31 18:00:25
P:90-07675AR:01S:QTL263101783,2026-07-30 17:00:00,53210,"1195 Trademark Drive, Suite 201",190087,PO-US-08927,3,90-07675A,(90-07675A) LFP Battery Block with Wall Bracket,1,See Special Instructions,,814-4641@RevNEW4,ASN_20260801.csv,2026-07-31 18:00:15,2026-07-31 18:00:25,2026-07-31 18:00:25
P:90-07675AR:01S:QTL263101784,2026-07-30 17:00:00,53210,"1195 Trademark Drive, Suite 201",190087,PO-US-08927,3,90-07675A,(90-07675A) LFP Battery Block with Wall Bracket,1,See Special Instructions,,814-4641@RevNEW4,ASN_20260801.csv,2026-07-31 18:00:15,2026-07-31 18:00:25,2026-07-31 18:00:25
P:90-07675AR:01S:QTL263101785,2026-07-30 17:00:00,53210,"1195 Trademark Drive, Suite 201",190087,PO-US-08927,3,90-07675A,(90-07675A) LFP Battery Block with Wall Bracket,1,See Special Instructions,,814-4641@RevNEW4,ASN_20260801.csv,2026-07-31 18:00:15,2026-07-31 18:00:25,2026-07-31 18:00:25
P:90-07675AR:01S:QTL263101786,2026-07-30 17:00:00,53210,"1195 Trademark Drive, Suite 201",190087,PO-US-08927,3,90-07675A,(90-07675A) LFP Battery Block with Wall Bracket,1,See Special Instructions,,814-4641@RevNEW4,ASN_20260801.csv,2026-07-31 18:00:15,2026-07-31 18:00:25,2026-07-31 18:00:25
P:90-07675AR:01S:QTL263101787,2026-07-30 17:00:00,53210,"1195 Trademark Drive, Suite 201",190087,PO-US-08927,3,90-07675A,(90-07675A) LFP Battery Block with Wall Bracket,1,See Special Instructions,,814-4641@RevNEW4,ASN_20260801.csv,2026-07-31 18:00:15,2026-07-31 18:00:25,2026-07-31 18:00:25
P:90-07675AR:01S:QTL263101788,2026-07-30 17:00:00,53210,"1195 Trademark Drive, Suite 201",190087,PO-US-08927,3,90-07675A,(90-07675A) LFP Battery Block with Wall Bracket,1,See Special Instructions,,814-4641@RevNEW4,ASN_20260801.csv,2026-07-31 18:00:15,2026-07-31 18:00:25,2026-07-31 18:00:25
P:90-07675AR:01S:QTL263101789,2026-07-30 17:00:00,53210,"1195 Trademark Drive, Suite 201",190087,PO-US-08927,3,90-07675A,(90-07675A) LFP Battery Block with Wall Bracket,1,See Special Instructions,,814-4641@RevNEW4,ASN_20260801.csv,2026-07-31 18:00:15,2026-07-31 18:00:25,2026-07-31 18:00:25
P:90-07675AR:01S:QTL263101790,2026-07-30 17:00:00,53210,"1195 Trademark Drive, Suite 201",190087,PO-US-08927,3,90-07675A,(90-07675A) LFP Battery Block with Wall Bracket,1,See Special Instructions,,814-4641@RevNEW4,ASN_20260801.csv,2026-07-31 18:00:15,2026-07-31 18:00:25,2026-07-31 18:00:25
P:90-07675AR:01S:QTL263101791,2026-07-30 17:00:00,53210,"1195 Trademark Drive, Suite 201",190087,PO-US-08927,3,90-07675A,(90-07675A) LFP Battery Block with Wall Bracket,1,See Special Instructions,,814-4641@RevNEW4,ASN_20260801.csv,2026-07-31 18:00:15,2026-07-31 18:00:25,2026-07-31 18:00:25
P:90-07675AR:01S:QTL263101792,2026-07-30 17:00:00,53210,"1195 Trademark Drive, Suite 201",190087,PO-US-08927,3,90-07675A,(90-07675A) LFP Battery Block with Wall Bracket,1,See Special Instructions,,814-4641@RevNEW4,ASN_20260801.csv,2026-07-31 18:00:15,2026-07-31 18:00:25,2026-07-31 18:00:25
P:90-07675AR:01S:QTL263101793,2026-07-30 17:00:00,53210,"1195 Trademark Drive, Suite 201",190087,PO-US-08927,3,90-07675A,(90-07675A) LFP Battery Block with Wall Bracket,1,See Special Instructions,,814-4641@RevNEW4,ASN_20260801.csv,2026-07-31 18:00:15,2026-07-31 18:00:25,2026-07-31 18:00:25
P:90-07675AR:01S:QTL263101794,2026-07-30 17:00:00,53210,"1195 Trademark Drive, Suite 201",190087,PO-US-08927,3,90-07675A,(90-07675A) LFP Battery Block with Wall Bracket,1,See Special Instructions,,814-4641@RevNEW4,ASN_20260801.csv,2026-07-31 18:00:15,2026-07-31 18:00:25,2026-07-31 18:00:25
P:90-07675AR:01S:QTL263101795,2026-07-30 17:00:00,53210,"1195 Trademark Drive, Suite 201",190087,PO-US-08927,3,90-07675A,(90-07675A) LFP Battery Block with Wall Bracket,1,See Special Instructions,,814-4641@RevNEW4,ASN_20260801.csv,2026-07-31 18:00:15,2026-07-31 18:00:25,2026-07-31 18:00:25
P:90-07675AR:01S:QTL263101796,2026-07-30 17:00:00,53210,"1195 Trademark Drive, Suite 201",190087,PO-US-08927,3,90-07675A,(90-07675A) LFP Battery Block with Wall Bracket,1,See Special Instructions,,814-4641@RevNEW4,ASN_20260801.csv,2026-07-31 18:00:15,2026-07-31 18:00:25,2026-07-31 18:00:25
P:90-07675AR:01S:QTL263101797,2026-07-30 17:00:00,53210,"1195 Trademark Drive, Suite 201",190087,PO-US-08927,3,90-07675A,(90-07675A) LFP Battery Block with Wall Bracket,1,See Special Instructions,,814-4641@RevNEW4,ASN_20260801.csv,2026-07-31 18:00:15,2026-07-31 18:00:25,2026-07-31 18:00:25
P:90-07675AR:01S:QTL263101798,2026-07-30 17:00:00,53210,"1195 Trademark Drive, Suite 201",190087,PO-US-08927,3,90-07675A,(90-07675A) LFP Battery Block with Wall Bracket,1,See Special Instructions,,814-4641@RevNEW4,ASN_20260801.csv,2026-07-31 18:00:15,2026-07-31 18:00:25,2026-07-31 18:00:25
P:90-07675AR:01S:QTL263101799,2026-07-30 17:00:00,53210,"1195 Trademark Drive, Suite 201",190087,PO-US-08927,3,90-07675A,(90-07675A) LFP Battery Block with Wall Bracket,1,See Special Instructions,,814-4641@RevNEW4,ASN_20260801.csv,2026-07-31 18:00:15,2026-07-31 18:00:25,2026-07-31 18:00:25
P:90-07675AR:01S:QTL263101800,2026-07-30 17:00:00,53210,"1195 Trademark Drive, Suite 201",190087,PO-US-08927,3,90-07675A,(90-07675A) LFP Battery Block with Wall Bracket,1,See Special Instructions,,814-4641@RevNEW4,ASN_20260801.csv,2026-07-31 18:00:15,2026-07-31 18:00:25,2026-07-31 18:00:25
P:90-07675AR:01S:QTL263101801,2026-07-30 17:00:00,53210,"1195 Trademark Drive, Suite 201",190087,PO-US-08927,3,90-07675A,(90-07675A) LFP Battery Block with Wall Bracket,1,See Special Instructions,,814-4641@RevNEW4,ASN_20260801.csv,2026-07-31 18:00:15,2026-07-31 18:00:25,2026-07-31 18:00:25
P:90-07675AR:01S:QTL263101802,2026-07-30 17:00:00,53210,"1195 Trademark Drive, Suite 201",190087,PO-US-08927,3,90-07675A,(90-07675A) LFP Battery Block with Wall Bracket,1,See Special Instructions,,814-4641@RevNEW4,ASN_20260801.csv,2026-07-31 18:00:15,2026-07-31 18:00:25,2026-07-31 18:00:25
p:90-07675ar:01s:qtl263101803,2026-07-30 17:00:00,53210,"1195 Trademark Drive, Suite 201",190087,PO-US-08927,3,90-07675A,(90-07675A) LFP Battery Block with Wall Bracket,1,See Special Instructions,,814-4641@RevNEW4,ASN_20260801.csv,2026-07-31 18:00:15,2026-07-31 18:00:25,2026-07-31 18:00:25
P:90-07675AR:01S:QTL263101804,2026-07-30 17:00:00,53210,"1195 Trademark Drive, Suite 201",190087,PO-US-08927,3,90-07675A,(90-07675A) LFP Battery Block with Wall Bracket,1,See Special Instructions,,814-4641@RevNEW4,ASN_20260801.csv,2026-07-31 18:00:15,2026-07-31 18:00:25,2026-07-31 18:00:25
P:90-07675AR:01S:QTL263101805,2026-07-30 17:00:00,53210,"1195 Trademark Drive, Suite 201",190087,PO-US-08927,3,90-07675A,(90-07675A) LFP Battery Block with Wall Bracket,1,See Special Instructions,,814-4641@RevNEW4,ASN_20260801.csv,2026-07-31 18:00:15,2026-07-31 18:00:25,2026-07-31 18:00:25
P:90-07675AR:01S:QTL263101806,2026-07-30 17:00:00,53210,"1195 Trademark Drive, Suite 201",190087,PO-US-08927,3,90-07675A,(90-07675A) LFP Battery Block with Wall Bracket,1,See Special Instructions,,814-4641@RevNEW4,ASN_20260801.csv,2026-07-31 18:00:15,2026-07-31 18:00:25,2026-07-31 18:00:25
P:90-07675AR:01S:QTL263101807,2026-07-30 17:00:00,53210,"1195 Trademark Drive, Suite 201",190087,PO-US-08927,3,90-07675A,(90-07675A) LFP Battery Block with Wall Bracket,1,See Special Instructions,,814-4641@RevNEW4,ASN_20260801.csv,2026-07-31 18:00:15,2026-07-31 18:00:25,2026-07-31 18:00:25
P:90-07675AR:01S:QTL263101808,2026-07-30 17:00:00,53210,"1195 Trademark Drive, Suite 201",190087,PO-US-08927,3,90-07675A,(90-07675A) LFP Battery Block with Wall Bracket,1,See Special Instructions,,814-4641@RevNEW4,ASN_20260801.csv,2026-07-31 18:00:15,2026-07-31 18:00:25,2026-07-31 18:00:25
P:90-07675AR:01S:QTL263101809,2026-07-30 17:00:00,53210,"1195 Trademark Drive, Suite 201",190087,PO-US-08927,3,90-07675A,(90-07675A) LFP Battery Block with Wall Bracket,1,See Special Instructions,,814-4641@RevNEW4,ASN_20260801.csv,2026-07-31 18:00:15,2026-07-31 18:00:25,2026-07-31 18:00:25
P:90-07675AR:01S:QTL263101810,2026-07-30 17:00:00,53210,"1195 Trademark Drive, Suite 201",190087,PO-US-08927,3,90-07675A,(90-07675A) LFP Battery Block with Wall Bracket,1,See Special Instructions,,814-4641@RevNEW4,ASN_20260801.csv,2026-07-31 18:00:15,2026-07-31 18:00:25,2026-07-31 18:00:25
P:90-07675AR:01S:QTL263101811,2026-07-30 17:00:00,53210,"1195 Trademark Drive, Suite 201",190087,PO-US-08927,3,90-07675A,(90-07675A) LFP Battery Block with Wall Bracket,1,See Special Instructions,,814-4641@RevNEW4,ASN_20260801.csv,2026-07-31 18:00:15,2026-07-31 18:00:25,2026-07-31 18:00:25
P:90-07675AR:01S:QTL263101812,2026-07-30 17:00:00,53210,"1195 Trademark Drive, Suite 201",190087,PO-US-08927,3,90-07675A,(90-07675A) LFP Battery Block with Wall Bracket,1,See Special Instructions,,814-4641@RevNEW4,ASN_20260801.csv,2026-07-31 18:00:15,2026-07-31 18:00:25,2026-07-31 18:00:25
P:90-07675AR:01S:QTL263101813,2026-07-30 17:00:00,53210,"1195 Trademark Drive, Suite 201",190087,PO-US-08927,3,90-07675A,(90-07675A) LFP Battery Block with Wall Bracket,1,See Special Instructions,,814-4641@RevNEW4,ASN_20260801.csv,2026-07-31 18:00:15,2026-07-31 18:00:25,2026-07-31 18:00:25
P:90-07675AR:01S:QTL263101814,2026-07-30 17:00:00,53210,"1195 Trademark Drive, Suite 201",190087,PO-US-08927,3,90-07675A,(90-07675A) LFP Battery Block with Wall Bracket,1,See Special Instructions,,814-4641@RevNEW4,ASN_20260801.csv,2026-07-31 18:00:15,2026-07-31 18:00:25,2026-07-31 18:00:25
P:90-07675AR:01S:QTL263101815,2026-07-30 17:00:00,53210,"1195 Trademark Drive, Suite 201",190087,PO-US-08927,3,90-07675A,(90-07675A) LFP Battery Block with Wall Bracket,1,See Special Instructions,,814-4641@RevNEW4,ASN_20260801.csv,2026-07-31 18:00:15,2026-07-31 18:00:25,2026-07-31 18:00:25
P:90-07675AR:01S:QTL263101816,2026-07-30 17:00:00,53210,"1195 Trademark Drive, Suite 201",190087,PO-US-08927,3,90-07675A,(90-07675A) LFP Battery Block with Wall Bracket,1,See Special Instructions,,814-4641@RevNEW4,ASN_20260801.csv,2026-07-31 18:00:15,2026-07-31 18:00:25,2026-07-31 18:00:25
P:90-07675AR:01S:QTL263101817,2026-07-30 17:00:00,53210,"1195 Trademark Drive, Suite 201",190087,PO-US-08927,3,90-07675A,(90-07675A) LFP Battery Block with Wall Bracket,1,See Special Instructions,,814-4641@RevNEW4,ASN_20260801.csv,2026-07-31 18:00:15,2026-07-31 18:00:25,2026-07-31 18:00:25
P:90-07675AR:01S:QTL263101818,2026-07-30 17:00:00,53210,"1195 Trademark Drive, Suite 201",190087,PO-US-08927,3,90-07675A,(90-07675A) LFP Battery Block with Wall Bracket,1,See Special Instructions,,814-4641@RevNEW4,ASN_20260801.csv,2026-07-31 18:00:15,2026-07-31 18:00:25,2026-07-31 18:00:25
P:90-07675AR:01S:QTL263101819,2026-07-30 17:00:00,53210,"1195 Trademark Drive, Suite 201",190087,PO-US-08927,3,90-07675A,(90-07675A) LFP Battery Block with Wall Bracket,1,See Special Instructions,,814-4641@RevNEW4,ASN_20260801.csv,2026-07-31 18:00:15,2026-07-31 18:00:25,2026-07-31 18:00:25
P:90-07675AR:01S:QTL263101820,2026-07-30 17:00:00,53210,"1195 Trademark Drive, Suite 201",190087,PO-US-08927,3,90-07675A,(90-07675A) LFP Battery Block with Wall Bracket,1,See Special Instructions,,814-4641@RevNEW4,ASN_20260801.csv,2026-07-31 18:00:15,2026-07-31 18:00:25,2026-07-31 18:00:25
P:90-07675AR:01S:QTL263101821,2026-07-30 17:00:00,53210,"1195 Trademark Drive, Suite 201",190087,PO-US-08927,3,90-07675A,(90-07675A) LFP Battery Block with Wall Bracket,1,See Special Instructions,,814-4641@RevNEW4,ASN_20260801.csv,2026-07-31 18:00:15,2026-07-31 18:00:25,2026-07-31 18:00:25
P:90-07675AR:01S:QTL263101822,2026-07-30 17:00:00,53210,"1195 Trademark Drive, Suite 201",190087,PO-US-08927,3,90-07675A,(90-07675A) LFP Battery Block with Wall Bracket,1,See Special Instructions,,814-4641@RevNEW4,ASN_20260801.csv,2026-07-31 18:00:15,2026-07-31 18:00:25,2026-07-31 18:00:25
P:90-07675AR:01S:QTL263101823,2026-07-30 17:00:00,53210,"1195 Trademark Drive, Suite 201",190087,PO-US-08927,3,90-07675A,(90-07675A) LFP Battery Block with Wall Bracket,1,See Special Instructions,,814-4641@RevNEW4,ASN_20260801.csv,2026-07-31 18:00:15,2026-07-31 18:00:25,2026-07-31 18:00:25
P:90-07675AR:01S:QTL263101824,2026-07-30 17:00:00,53210,"1195 Trademark Drive, Suite 201",190087,PO-US-08927,3,90-07675A,(90-07675A) LFP Battery Block with Wall Bracket,1,See Special Instructions,,814-4641@RevNEW4,ASN_20260801.csv,2026-07-31 18:00:15,2026-07-31 18:00:25,2026-07-31 18:00:25
P:90-07675AR:01S:QTL263101825,2026-07-30 17:00:00,53210,"1195 Trademark Drive, Suite 201",190087,PO-US-08927,3,90-07675A,(90-07675A) LFP Battery Block with Wall Bracket,1,See Special Instructions,,814-4641@RevNEW4,ASN_20260801.csv,2026-07-31 18:00:15,2026-07-31 18:00:25,2026-07-31 18:00:25
P:90-07675AR:01S:QTL263101826,2026-07-30 17:00:00,53210,"1195 Trademark Drive, Suite 201",190087,PO-US-08927,3,90-07675A,(90-07675A) LFP Battery Block with Wall Bracket,1,See Special Instructions,,814-4641@RevNEW4,ASN_20260801.csv,2026-07-31 18:00:15,2026-07-31 18:00:25,2026-07-31 18:00:25
P:90-07675AR:01S:QTL263101827,2026-07-30 17:00:00,53210,"1195 Trademark Drive, Suite 201",190087,PO-US-08927,3,90-07675A,(90-07675A) LFP Battery Block with Wall Bracket,1,See Special Instructions,,814-4641@RevNEW4,ASN_20260801.csv,2026-07-31 18:00:15,2026-07-31 18:00:25,2026-07-31 18:00:25
P:90-07675AR:01S:QTL263101828,2026-07-30 17:00:00,53210,"1195 Trademark Drive, Suite 201",190087,PO-US-08927,3,90-07675A,(90-07675A) LFP Battery Block with Wall Bracket,1,See Special Instructions,,814-4641@RevNEW4,ASN_20260801.csv,2026-07-31 18:00:15,2026-07-31 18:00:25,2026-07-31 18:00:25
P:90-07675AR:01S:QTL263101829,2026-07-30 17:00:00,53210,"1195 Trademark Drive, Suite 201",190087,PO-US-08927,3,90-07675A,(90-07675A) LFP Battery Block with Wall Bracket,1,See Special Instructions,,814-4641@RevNEW4,ASN_20260801.csv,2026-07-31 18:00:15,2026-07-31 18:00:25,2026-07-31 18:00:25
P:90-07675AR:01S:QTL263101830,2026-07-30 17:00:00,53210,"1195 Trademark Drive, Suite 201",190087,PO-US-08927,3,90-07675A,(90-07675A) LFP Battery Block with Wall Bracket,1,See Special Instructions,,814-4641@RevNEW4,ASN_20260801.csv,2026-07-31 18:00:15,2026-07-31 18:00:25,2026-07-31 18:00:25
P:90-07675AR:01S:QTL263101831,2026-07-30 17:00:00,53210,"1195 Trademark Drive, Suite 201",190087,PO-US-08927,3,90-07675A,(90-07675A) LFP Battery Block with Wall Bracket,1,See Special Instructions,,814-4641@RevNEW4,ASN_20260801.csv,2026-07-31 18:00:15,2026-07-31 18:00:25,2026-07-31 18:00:25
P:90-07675AR:01S:QTL263101832,2026-07-30 17:00:00,53210,"1195 Trademark Drive, Suite 201",190087,PO-US-08927,3,90-07675A,(90-07675A) LFP Battery Block with Wall Bracket,1,See Special Instructions,,814-4641@RevNEW4,ASN_20260801.csv,2026-07-31 18:00:15,2026-07-31 18:00:25,2026-07-31 18:00:25
P:90-07675AR:01S:QTL263101833,2026-07-30 17:00:00,53210,"1195 Trademark Drive, Suite 201",190087,PO-US-08927,3,90-07675A,(90-07675A) LFP Battery Block with Wall Bracket,1,See Special Instructions,,814-4641@RevNEW4,ASN_20260801.csv,2026-07-31 18:00:15,2026-07-31 18:00:25,2026-07-31 18:00:25
P:90-07675AR:01S:QTL263101834,2026-07-30 17:00:00,53210,"1195 Trademark Drive, Suite 201",190087,PO-US-08927,3,90-07675A,(90-07675A) LFP Battery Block with Wall Bracket,1,See Special Instructions,,814-4641@RevNEW4,ASN_20260801.csv,2026-07-31 18:00:15,2026-07-31 18:00:25,2026-07-31 18:00:25
P:90-07675AR:01S:QTL263101835,2026-07-30 17:00:00,53210,"1195 Trademark Drive, Suite 201",190087,PO-US-08927,3,90-07675A,(90-07675A) LFP Battery Block with Wall Bracket,1,See Special Instructions,,814-4641@RevNEW4,ASN_20260801.csv,2026-07-31 18:00:15,2026-07-31 18:00:25,2026-07-31 18:00:25
P:90-07675AR:01S:QTL263101836,2026-07-30 17:00:00,53210,"1195 Trademark Drive, Suite 201",190087,PO-US-08927,3,90-07675A,(90-07675A) LFP Battery Block with Wall Bracket,1,See Special Instructions,,814-4641@RevNEW4,ASN_20260801.csv,2026-07-31 18:00:15,2026-07-31 18:00:25,2026-07-31 18:00:25
P:90-07675AR:01S:QTL263101837,2026-07-30 17:00:00,53210,"1195 Trademark Drive, Suite 201",190087,PO-US-08927,3,90-07675A,(90-07675A) LFP Battery Block with Wall Bracket,1,See Special Instructions,,814-4641@RevNEW4,ASN_20260801.csv,2026-07-31 18:00:15,2026-07-31 18:00:25,2026-07-31 18:00:25
P:90-07675AR:01S:QTL263101838,2026-07-30 17:00:00,53210,"1195 Trademark Drive, Suite 201",190087,PO-US-08927,3,90-07675A,(90-07675A) LFP Battery Block with Wall Bracket,1,See Special Instructions,,814-4641@RevNEW4,ASN_20260801.csv,2026-07-31 18:00:15,2026-07-31 18:00:25,2026-07-31 18:00:25
P:90-07675AR:01S:QTL263101839,2026-07-30 17:00:00,53210,"1195 Trademark Drive, Suite 201",190087,PO-US-08927,3,90-07675A,(90-07675A) LFP Battery Block with Wall Bracket,1,See Special Instructions,,814-4641@RevNEW4,ASN_20260801.csv,2026-07-31 18:00:15,2026-07-31 18:00:25,2026-07-31 18:00:25
P:90-07675AR:01S:QTL263101840,2026-07-30 17:00:00,53210,"1195 Trademark Drive, Suite 201",190087,PO-US-08927,3,90-07675A,(90-07675A) LFP Battery Block with Wall Bracket,1,See Special Instructions,,814-4641@RevNEW4,ASN_20260801.csv,2026-07-31 18:00:15,2026-07-31 18:00:25,2026-07-31 18:00:25
P:90-07675AR:01S:QTL263101841,2026-07-30 17:00:00,53210,"1195 Trademark Drive, Suite 201",190087,PO-US-08927,3,90-07675A,(90-07675A) LFP Battery Block with Wall Bracket,1,See Special Instructions,,814-4641@RevNEW4,ASN_20260801.csv,2026-07-31 18:00:15,2026-07-31 18:00:25,2026-07-31 18:00:25
P:90-07675AR:01S:QTL263101842,2026-07-30 17:00:00,53210,"1195 Trademark Drive, Suite 201",190087,PO-US-08927,3,90-07675A,(90-07675A) LFP Battery Block with Wall Bracket,1,See Special Instructions,,814-4641@RevNEW4,ASN_20260801.csv,2026-07-31 18:00:15,2026-07-31 18:00:25,2026-07-31 18:00:25
P:90-07675AR:01S:QTL263101843,2026-07-30 17:00:00,53210,"1195 Trademark Drive, Suite 201",190087,PO-US-08927,3,90-07675A,(90-07675A) LFP Battery Block with Wall Bracket,1,See Special Instructions,,814-4641@RevNEW4,ASN_20260801.csv,2026-07-31 18:00:15,2026-07-31 18:00:25,2026-07-31 18:00:25
P:90-07675AR:01S:QTL263101844,2026-07-30 17:00:00,53210,"1195 Trademark Drive, Suite 201",190087,PO-US-08927,3,90-07675A,(90-07675A) LFP Battery Block with Wall Bracket,1,See Special Instructions,,814-4641@RevNEW4,ASN_20260801.csv,2026-07-31 18:00:15,2026-07-31 18:00:25,2026-07-31 18:00:25
P:90-07675AR:01S:QTL263101845,2026-07-30 17:00:00,53210,"1195 Trademark Drive, Suite 201",190087,PO-US-08927,3,90-07675A,(90-07675A) LFP Battery Block with Wall Bracket,1,See Special Instructions,,814-4641@RevNEW4,ASN_20260801.csv,2026-07-31 18:00:15,2026-07-31 18:00:25,2026-07-31 18:00:25
P:90-07675AR:01S:QTL263101846,2026-07-30 17:00:00,53210,"1195 Trademark Drive, Suite 201",190105,PO-US-08927,3,90-07675A,(90-07675A) LFP Battery Block with Wall Bracket,1,See Special Instructions,,814-4641@RevNEW4,ASN_20260801.csv,2026-07-31 18:00:15,2026-07-31 18:00:25,2026-07-31 18:00:25
P:90-07675AR:01S:QTL263101848,2026-07-30 17:00:00,53210,"1195 Trademark Drive, Suite 201",190105,PO-US-08927,3,90-07675A,(90-07675A) LFP Battery Block with Wall Bracket,1,See Special Instructions,,814-4641@RevNEW4,ASN_20260801.csv,2026-07-31 18:00:15,2026-07-31 18:00:25,2026-07-31 18:00:25
P:90-07675AR:01S:QTL263101849,2026-07-30 17:00:00,53210,"1195 Trademark Drive, Suite 201",190105,PO-US-08927,3,90-07675A,(90-07675A) LFP Battery Block with Wall Bracket,1,See Special Instructions,,814-4641@RevNEW4,ASN_20260801.csv,2026-07-31 18:00:15,2026-07-31 18:00:25,2026-07-31 18:00:25
P:90-07675AR:01S:QTL263101850,2026-07-30 17:00:00,53210,"1195 Trademark Drive, Suite 201",190105,PO-US-08927,3,90-07675A,(90-07675A) LFP Battery Block with Wall Bracket,1,See Special Instructions,,814-4641@RevNEW4,ASN_20260801.csv,2026-07-31 18:00:15,2026-07-31 18:00:25,2026-07-31 18:00:25
P:90-07675AR:01S:QTL263101851,2026-07-30 17:00:00,53210,"1195 Trademark Drive, Suite 201",190105,PO-US-08927,3,90-07675A,(90-07675A) LFP Battery Block with Wall Bracket,1,See Special Instructions,,814-4641@RevNEW4,ASN_20260801.csv,2026-07-31 18:00:15,2026-07-31 18:00:25,2026-07-31 18:00:25
P:90-07675AR:01S:QTL263101852,2026-07-30 17:00:00,53210,"1195 Trademark Drive, Suite 201",190105,PO-US-08927,3,90-07675A,(90-07675A) LFP Battery Block with Wall Bracket,1,See Special Instructions,,814-4641@RevNEW4,ASN_20260801.csv,2026-07-31 18:00:15,2026-07-31 18:00:25,2026-07-31 18:00:25
P:90-07675AR:01S:QTL263101853,2026-07-30 17:00:00,53210,"1195 Trademark Drive, Suite 201",190105,PO-US-08927,3,90-07675A,(90-07675A) LFP Battery Block with Wall Bracket,1,See Special Instructions,,814-4641@RevNEW4,ASN_20260801.csv,2026-07-31 18:00:15,2026-07-31 18:00:25,2026-07-31 18:00:25
P:90-07675AR:01S:QTL263101854,2026-07-30 17:00:00,53210,"1195 Trademark Drive, Suite 201",190105,PO-US-08927,3,90-07675A,(90-07675A) LFP Battery Block with Wall Bracket,1,See Special Instructions,,814-4641@RevNEW4,ASN_20260801.csv,2026-07-31 18:00:15,2026-07-31 18:00:25,2026-07-31 18:00:25
P:90-07675AR:01S:QTL263101855,2026-07-30 17:00:00,53210,"1195 Trademark Drive, Suite 201",190105,PO-US-08927,3,90-07675A,(90-07675A) LFP Battery Block with Wall Bracket,1,See Special Instructions,,814-4641@RevNEW4,ASN_20260801.csv,2026-07-31 18:00:15,2026-07-31 18:00:25,2026-07-31 18:00:25
P:90-07675AR:01S:QTL263101856,2026-07-30 17:00:00,53210,"1195 Trademark Drive, Suite 201",190105,PO-US-08927,3,90-07675A,(90-07675A) LFP Battery Block with Wall Bracket,1,See Special Instructions,,814-4641@RevNEW4,ASN_20260801.csv,2026-07-31 18:00:15,2026-07-31 18:00:25,2026-07-31 18:00:25
P:90-07675AR:01S:QTL263101857,2026-07-30 17:00:00,53210,"1195 Trademark Drive, Suite 201",190105,PO-US-08927,3,90-07675A,(90-07675A) LFP Battery Block with Wall Bracket,1,See Special Instructions,,814-4641@RevNEW4,ASN_20260801.csv,2026-07-31 18:00:15,2026-07-31 18:00:25,2026-07-31 18:00:25
P:90-07675AR:01S:QTL263101858,2026-07-30 17:00:00,53210,"1195 Trademark Drive, Suite 201",190087,PO-US-08927,3,90-07675A,(90-07675A) LFP Battery Block with Wall Bracket,1,See Special Instructions,,814-4641@RevNEW4,ASN_20260801.csv,2026-07-31 18:00:15,2026-07-31 18:00:25,2026-07-31 18:00:25
P:90-07675AR:01S:QTL263101859,2026-07-30 17:00:00,53210,"1195 Trademark Drive, Suite 201",190087,PO-US-08927,3,90-07675A,(90-07675A) LFP Battery Block with Wall Bracket,1,See Special Instructions,,814-4641@RevNEW4,ASN_20260801.csv,2026-07-31 18:00:15,2026-07-31 18:00:25,2026-07-31 18:00:25
P:90-07675AR:01S:QTL263102116,2026-07-30 17:00:00,53210,"1195 Trademark Drive, Suite 201",190087,PO-US-08927,3,90-07675A,(90-07675A) LFP Battery Block with Wall Bracket,1,See Special Instructions,,814-4641@RevNEW4,ASN_20260801.csv,2026-07-31 18:00:15,2026-07-31 18:00:25,2026-07-31 18:00:25
P:90-07675AR:01S:QTL263102117,2026-07-30 17:00:00,53210,"1195 Trademark Drive, Suite 201",190087,PO-US-08927,3,90-07675A,(90-07675A) LFP Battery Block with Wall Bracket,1,See Special Instructions,,814-4641@RevNEW4,ASN_20260801.csv,2026-07-31 18:00:15,2026-07-31 18:00:25,2026-07-31 18:00:25
P:90-07675AR:01S:QTL263102118,2026-07-30 17:00:00,53210,"1195 Trademark Drive, Suite 201",190087,PO-US-08927,3,90-07675A,(90-07675A) LFP Battery Block with Wall Bracket,1,See Special Instructions,,814-4641@RevNEW4,ASN_20260801.csv,2026-07-31 18:00:15,2026-07-31 18:00:25,2026-07-31 18:00:25
P:90-07675AR:01S:QTL263102119,2026-07-30 17:00:00,53210,"1195 Trademark Drive, Suite 201",190087,PO-US-08927,3,90-07675A,(90-07675A) LFP Battery Block with Wall Bracket,1,See Special Instructions,,814-4641@RevNEW4,ASN_20260801.csv,2026-07-31 18:00:15,2026-07-31 18:00:25,2026-07-31 18:00:25
P:90-07675AR:01S:QTL263102120,2026-07-30 17:00:00,53210,"1195 Trademark Drive, Suite 201",190087,PO-US-08927,3,90-07675A,(90-07675A) LFP Battery Block with Wall Bracket,1,See Special Instructions,,814-4641@RevNEW4,ASN_20260801.csv,2026-07-31 18:00:15,2026-07-31 18:00:25,2026-07-31 18:00:25
P:90-07675AR:01S:QTL263102121,2026-07-30 17:00:00,53210,"1195 Trademark Drive, Suite 201",190087,PO-US-08927,3,90-07675A,(90-07675A) LFP Battery Block with Wall Bracket,1,See Special Instructions,,814-4641@RevNEW4,ASN_20260801.csv,2026-07-31 18:00:15,2026-07-31 18:00:25,2026-07-31 18:00:25
P:90-07675AR:01S:QTL263102122,2026-07-30 17:00:00,53210,"1195 Trademark Drive, Suite 201",190087,PO-US-08927,3,90-07675A,(90-07675A) LFP Battery Block with Wall Bracket,1,See Special Instructions,,814-4641@RevNEW4,ASN_20260801.csv,2026-07-31 18:00:15,2026-07-31 18:00:25,2026-07-31 18:00:25
P:90-07675AR:01S:QTL263102123,2026-07-30 17:00:00,53210,"1195 Trademark Drive, Suite 201",190087,PO-US-08927,3,90-07675A,(90-07675A) LFP Battery Block with Wall Bracket,1,See Special Instructions,,814-4641@RevNEW4,ASN_20260801.csv,2026-07-31 18:00:15,2026-07-31 18:00:25,2026-07-31 18:00:25
P:90-07675AR:01S:QTL263102124,2026-07-30 17:00:00,53210,"1195 Trademark Drive, Suite 201",190087,PO-US-08927,3,90-07675A,(90-07675A) LFP Battery Block with Wall Bracket,1,See Special Instructions,,814-4641@RevNEW4,ASN_20260801.csv,2026-07-31 18:00:15,2026-07-31 18:00:25,2026-07-31 18:00:25
P:90-07675AR:01S:QTL263102125,2026-07-30 17:00:00,53210,"1195 Trademark Drive, Suite 201",190087,PO-US-08927,3,90-07675A,(90-07675A) LFP Battery Block with Wall Bracket,1,See Special Instructions,,814-4641@RevNEW4,ASN_20260801.csv,2026-07-31 18:00:15,2026-07-31 18:00:25,2026-07-31 18:00:25
P:90-07675AR:01S:QTL263102126,2026-07-30 17:00:00,53210,"1195 Trademark Drive, Suite 201",190087,PO-US-08927,3,90-07675A,(90-07675A) LFP Battery Block with Wall Bracket,1,See Special Instructions,,814-4641@RevNEW4,ASN_20260801.csv,2026-07-31 18:00:15,2026-07-31 18:00:25,2026-07-31 18:00:25
P:90-07675AR:01S:QTL263102127,2026-07-30 17:00:00,53210,"1195 Trademark Drive, Suite 201",190087,PO-US-08927,3,90-07675A,(90-07675A) LFP Battery Block with Wall Bracket,1,See Special Instructions,,814-4641@RevNEW4,ASN_20260801.csv,2026-07-31 18:00:15,2026-07-31 18:00:25,2026-07-31 18:00:25
P:90-07675AR:01S:QTL263102128,2026-07-30 17:00:00,53210,"1195 Trademark Drive, Suite 201",190087,PO-US-08927,3,90-07675A,(90-07675A) LFP Battery Block with Wall Bracket,1,See Special Instructions,,814-4641@RevNEW4,ASN_20260801.csv,2026-07-31 18:00:15,2026-07-31 18:00:25,2026-07-31 18:00:25
P:90-07675AR:01S:QTL263102129,2026-07-30 17:00:00,53210,"1195 Trademark Drive, Suite 201",190087,PO-US-08927,3,90-07675A,(90-07675A) LFP Battery Block with Wall Bracket,1,See Special Instructions,,814-4641@RevNEW4,ASN_20260801.csv,2026-07-31 18:00:15,2026-07-31 18:00:25,2026-07-31 18:00:25
P:90-07675AR:01S:QTL263102130,2026-07-30 17:00:00,53210,"1195 Trademark Drive, Suite 201",190087,PO-US-08927,3,90-07675A,(90-07675A) LFP Battery Block with Wall Bracket,1,See Special Instructions,,814-4641@RevNEW4,ASN_20260801.csv,2026-07-31 18:00:15,2026-07-31 18:00:25,2026-07-31 18:00:25
P:90-07675AR:01S:QTL263102131,2026-07-30 17:00:00,53210,"1195 Trademark Drive, Suite 201",190087,PO-US-08927,3,90-07675A,(90-07675A) LFP Battery Block with Wall Bracket,1,See Special Instructions,,814-4641@RevNEW4,ASN_20260801.csv,2026-07-31 18:00:15,2026-07-31 18:00:25,2026-07-31 18:00:25
P:90-07675AR:01S:QTL263102132,2026-07-30 17:00:00,53210,"1195 Trademark Drive, Suite 201",190087,PO-US-08927,3,90-07675A,(90-07675A) LFP Battery Block with Wall Bracket,1,See Special Instructions,,814-4641@RevNEW4,ASN_20260801.csv,2026-07-31 18:00:15,2026-07-31 18:00:25,2026-07-31 18:00:25
P:90-07675AR:01S:QTL263102133,2026-07-30 17:00:00,53210,"1195 Trademark Drive, Suite 201",190087,PO-US-08927,3,90-07675A,(90-07675A) LFP Battery Block with Wall Bracket,1,See Special Instructions,,814-4641@RevNEW4,ASN_20260801.csv,2026-07-31 18:00:15,2026-07-31 18:00:25,2026-07-31 18:00:25
P:90-07675AR:01S:QTL263102134,2026-07-30 17:00:00,53210,"1195 Trademark Drive, Suite 201",190087,PO-US-08927,3,90-07675A,(90-07675A) LFP Battery Block with Wall Bracket,1,See Special Instructions,,814-4641@RevNEW4,ASN_20260801.csv,2026-07-31 18:00:15,2026-07-31 18:00:25,2026-07-31 18:00:25
P:90-07675AR:01S:QTL263102135,2026-07-30 17:00:00,53210,"1195 Trademark Drive, Suite 201",190087,PO-US-08927,3,90-07675A,(90-07675A) LFP Battery Block with Wall Bracket,1,See Special Instructions,,814-4641@RevNEW4,ASN_20260801.csv,2026-07-31 18:00:15,2026-07-31 18:00:25,2026-07-31 18:00:25
P:90-07675AR:01S:QTL263102136,2026-07-30 17:00:00,53210,"1195 Trademark Drive, Suite 201",190087,PO-US-08927,3,90-07675A,(90-07675A) LFP Battery Block with Wall Bracket,1,See Special Instructions,,814-4641@RevNEW4,ASN_20260801.csv,2026-07-31 18:00:15,2026-07-31 18:00:25,2026-07-31 18:00:25
P:90-07675AR:01S:QTL263102137,2026-07-30 17:00:00,53210,"1195 Trademark Drive, Suite 201",190087,PO-US-08927,3,90-07675A,(90-07675A) LFP Battery Block with Wall Bracket,1,See Special Instructions,,814-4641@RevNEW4,ASN_20260801.csv,2026-07-31 18:00:15,2026-07-31 18:00:25,2026-07-31 18:00:25
P:90-07675AR:01S:QTL263102138,2026-07-30 17:00:00,53210,"1195 Trademark Drive, Suite 201",190105,PO-US-08927,3,90-07675A,(90-07675A) LFP Battery Block with Wall Bracket,1,See Special Instructions,,814-4641@RevNEW4,ASN_20260801.csv,2026-07-31 18:00:15,2026-07-31 18:00:25,2026-07-31 18:00:25
P:90-07675AR:01S:QTL263102139,2026-07-30 17:00:00,53210,"1195 Trademark Drive, Suite 201",190105,PO-US-08927,3,90-07675A,(90-07675A) LFP Battery Block with Wall Bracket,1,See Special Instructions,,814-4641@RevNEW4,ASN_20260801.csv,2026-07-31 18:00:15,2026-07-31 18:00:25,2026-07-31 18:00:25
P:90-07675AR:01S:QTL263102140,2026-07-30 17:00:00,53210,"1195 Trademark Drive, Suite 201",190105,PO-US-08927,3,90-07675A,(90-07675A) LFP Battery Block with Wall Bracket,1,See Special Instructions,,814-4641@RevNEW4,ASN_20260801.csv,2026-07-31 18:00:15,2026-07-31 18:00:25,2026-07-31 18:00:25
P:90-07675AR:01S:QTL263102141,2026-07-30 17:00:00,53210,"1195 Trademark Drive, Suite 201",190105,PO-US-08927,3,90-07675A,(90-07675A) LFP Battery Block with Wall Bracket,1,See Special Instructions,,814-4641@RevNEW4,ASN_20260801.csv,2026-07-31 18:00:15,2026-07-31 18:00:25,2026-07-31 18:00:25
P:90-07675AR:01S:QTL263102142,2026-07-30 17:00:00,53210,"1195 Trademark Drive, Suite 201",190105,PO-US-08927,3,90-07675A,(90-07675A) LFP Battery Block with Wall Bracket,1,See Special Instructions,,814-4641@RevNEW4,ASN_20260801.csv,2026-07-31 18:00:15,2026-07-31 18:00:25,2026-07-31 18:00:25
P:90-07675AR:01S:QTL263102143,2026-07-30 17:00:00,53210,"1195 Trademark Drive, Suite 201",190105,PO-US-08927,3,90-07675A,(90-07675A) LFP Battery Block with Wall Bracket,1,See Special Instructions,,814-4641@RevNEW4,ASN_20260801.csv,2026-07-31 18:00:15,2026-07-31 18:00:25,2026-07-31 18:00:25
P:90-07675AR:01S:QTL263102144,2026-07-30 17:00:00,53210,"1195 Trademark Drive, Suite 201",190105,PO-US-08927,3,90-07675A,(90-07675A) LFP Battery Block with Wall Bracket,1,See Special Instructions,,814-4641@RevNEW4,ASN_20260801.csv,2026-07-31 18:00:15,2026-07-31 18:00:25,2026-07-31 18:00:25
P:90-07675AR:01S:QTL263102145,2026-07-30 17:00:00,53210,"1195 Trademark Drive, Suite 201",190105,PO-US-08927,3,90-07675A,(90-07675A) LFP Battery Block with Wall Bracket,1,See Special Instructions,,814-4641@RevNEW4,ASN_20260801.csv,2026-07-31 18:00:15,2026-07-31 18:00:25,2026-07-31 18:00:25
P:90-07675AR:01S:QTL263102308,2026-07-30 17:00:00,53210,"1195 Trademark Drive, Suite 201",190105,PO-US-08927,3,90-07675A,(90-07675A) LFP Battery Block with Wall Bracket,1,See Special Instructions,,814-4641@RevNEW4,ASN_20260801.csv,2026-07-31 18:00:15,2026-07-31 18:00:25,2026-07-31 18:00:25
P:90-07675AR:01S:QTL263102309,2026-07-30 17:00:00,53210,"1195 Trademark Drive, Suite 201",190105,PO-US-08927,3,90-07675A,(90-07675A) LFP Battery Block with Wall Bracket,1,See Special Instructions,,814-4641@RevNEW4,ASN_20260801.csv,2026-07-31 18:00:15,2026-07-31 18:00:25,2026-07-31 18:00:25
P:90-07675AR:01S:QTL263102310,2026-07-30 17:00:00,53210,"1195 Trademark Drive, Suite 201",190105,PO-US-08927,3,90-07675A,(90-07675A) LFP Battery Block with Wall Bracket,1,See Special Instructions,,814-4641@RevNEW4,ASN_20260801.csv,2026-07-31 18:00:15,2026-07-31 18:00:25,2026-07-31 18:00:25
P:90-07675AR:01S:QTL263102311,2026-07-30 17:00:00,53210,"1195 Trademark Drive, Suite 201",190105,PO-US-08927,3,90-07675A,(90-07675A) LFP Battery Block with Wall Bracket,1,See Special Instructions,,814-4641@RevNEW4,ASN_20260801.csv,2026-07-31 18:00:15,2026-07-31 18:00:25,2026-07-31 18:00:25
P:90-07675AR:01S:QTL263102312,2026-07-30 17:00:00,53210,"1195 Trademark Drive, Suite 201",190105,PO-US-08927,3,90-07675A,(90-07675A) LFP Battery Block with Wall Bracket,1,See Special Instructions,,814-4641@RevNEW4,ASN_20260801.csv,2026-07-31 18:00:15,2026-07-31 18:00:25,2026-07-31 18:00:25
P:90-07675AR:01S:QTL263102313,2026-07-30 17:00:00,53210,"1195 Trademark Drive, Suite 201",190105,PO-US-08927,3,90-07675A,(90-07675A) LFP Battery Block with Wall Bracket,1,See Special Instructions,,814-4641@RevNEW4,ASN_20260801.csv,2026-07-31 18:00:15,2026-07-31 18:00:25,2026-07-31 18:00:25
P:90-07675AR:01S:QTL263102314,2026-07-30 17:00:00,53210,"1195 Trademark Drive, Suite 201",190105,PO-US-08927,3,90-07675A,(90-07675A) LFP Battery Block with Wall Bracket,1,See Special Instructions,,814-4641@RevNEW4,ASN_20260801.csv,2026-07-31 18:00:15,2026-07-31 18:00:25,2026-07-31 18:00:25
P:90-07675AR:01S:QTL263102315,2026-07-30 17:00:00,53210,"1195 Trademark Drive, Suite 201",190105,PO-US-08927,3,90-07675A,(90-07675A) LFP Battery Block with Wall Bracket,1,See Special Instructions,,814-4641@RevNEW4,ASN_20260801.csv,2026-07-31 18:00:15,2026-07-31 18:00:25,2026-07-31 18:00:25
P:90-07675AR:01S:QTL263102316,2026-07-30 17:00:00,53210,"1195 Trademark Drive, Suite 201",190105,PO-US-08927,3,90-07675A,(90-07675A) LFP Battery Block with Wall Bracket,1,See Special Instructions,,814-4641@RevNEW4,ASN_20260801.csv,2026-07-31 18:00:15,2026-07-31 18:00:25,2026-07-31 18:00:25
P:90-07675AR:01S:QTL263102317,2026-07-30 17:00:00,53210,"1195 Trademark Drive, Suite 201",190105,PO-US-08927,3,90-07675A,(90-07675A) LFP Battery Block with Wall Bracket,1,See Special Instructions,,814-4641@RevNEW4,ASN_20260801.csv,2026-07-31 18:00:15,2026-07-31 18:00:25,2026-07-31 18:00:25
P:90-07675AR:01S:QTL263102318,2026-07-30 17:00:00,53210,"1195 Trademark Drive, Suite 201",190105,PO-US-08927,3,90-07675A,(90-07675A) LFP Battery Block with Wall Bracket,1,See Special Instructions,,814-4641@RevNEW4,ASN_20260801.csv,2026-07-31 18:00:15,2026-07-31 18:00:25,2026-07-31 18:00:25
P:90-07675AR:01S:QTL263102319,2026-07-30 17:00:00,53210,"1195 Trademark Drive, Suite 201",190105,PO-US-08927,3,90-07675A,(90-07675A) LFP Battery Block with Wall Bracket,1,See Special Instructions,,814-4641@RevNEW4,ASN_20260801.csv,2026-07-31 18:00:15,2026-07-31 18:00:25,2026-07-31 18:00:25
P:90-07675AR:01S:QTL263102320,2026-07-30 17:00:00,53210,"1195 Trademark Drive, Suite 201",190105,PO-US-08927,3,90-07675A,(90-07675A) LFP Battery Block with Wall Bracket,1,See Special Instructions,,814-4641@RevNEW4,ASN_20260801.csv,2026-07-31 18:00:15,2026-07-31 18:00:25,2026-07-31 18:00:25
P:90-07675AR:01S:QTL263102321,2026-07-30 17:00:00,53210,"1195 Trademark Drive, Suite 201",190105,PO-US-08927,3,90-07675A,(90-07675A) LFP Battery Block with Wall Bracket,1,See Special Instructions,,814-4641@RevNEW4,ASN_20260801.csv,2026-07-31 18:00:15,2026-07-31 18:00:25,2026-07-31 18:00:25
P:90-07675AR:01S:QTL263102322,2026-07-30 17:00:00,53210,"1195 Trademark Drive, Suite 201",190105,PO-US-08927,3,90-07675A,(90-07675A) LFP Battery Block with Wall Bracket,1,See Special Instructions,,814-4641@RevNEW4,ASN_20260801.csv,2026-07-31 18:00:15,2026-07-31 18:00:25,2026-07-31 18:00:25
P:90-07675AR:01S:QTL263102323,2026-07-30 17:00:00,53210,"1195 Trademark Drive, Suite 201",190105,PO-US-08927,3,90-07675A,(90-07675A) LFP Battery Block with Wall Bracket,1,See Special Instructions,,814-4641@RevNEW4,ASN_20260801.csv,2026-07-31 18:00:15,2026-07-31 18:00:25,2026-07-31 18:00:25
P:90-07675AR:01S:QTL263102324,2026-07-30 17:00:00,53210,"1195 Trademark Drive, Suite 201",190105,PO-US-08927,3,90-07675A,(90-07675A) LFP Battery Block with Wall Bracket,1,See Special Instructions,,814-4641@RevNEW4,ASN_20260801.csv,2026-07-31 18:00:15,2026-07-31 18:00:25,2026-07-31 18:00:25
P:90-07675AR:01S:QTL263102325,2026-07-30 17:00:00,53210,"1195 Trademark Drive, Suite 201",190105,PO-US-08927,3,90-07675A,(90-07675A) LFP Battery Block with Wall Bracket,1,See Special Instructions,,814-4641@RevNEW4,ASN_20260801.csv,2026-07-31 18:00:15,2026-07-31 18:00:25,2026-07-31 18:00:25
P:90-07675AR:01S:QTL263102326,2026-07-30 17:00:00,53210,"1195 Trademark Drive, Suite 201",190105,PO-US-08927,3,90-07675A,(90-07675A) LFP Battery Block with Wall Bracket,1,See Special Instructions,,814-4641@RevNEW4,ASN_20260801.csv,2026-07-31 18:00:15,2026-07-31 18:00:25,2026-07-31 18:00:25
P:90-07675AR:01S:QTL263102327,2026-07-30 17:00:00,53210,"1195 Trademark Drive, Suite 201",190105,PO-US-08927,3,90-07675A,(90-07675A) LFP Battery Block with Wall Bracket,1,See Special Instructions,,814-4641@RevNEW4,ASN_20260801.csv,2026-07-31 18:00:15,2026-07-31 18:00:25,2026-07-31 18:00:25
P:90-07675AR:01S:QTL263102328,2026-07-30 17:00:00,53210,"1195 Trademark Drive, Suite 201",190105,PO-US-08927,3,90-07675A,(90-07675A) LFP Battery Block with Wall Bracket,1,See Special Instructions,,814-4641@RevNEW4,ASN_20260801.csv,2026-07-31 18:00:15,2026-07-31 18:00:25,2026-07-31 18:00:25
P:90-07675AR:01S:QTL263102329,2026-07-30 17:00:00,53210,"1195 Trademark Drive, Suite 201",190105,PO-US-08927,3,90-07675A,(90-07675A) LFP Battery Block with Wall Bracket,1,See Special Instructions,,814-4641@RevNEW4,ASN_20260801.csv,2026-07-31 18:00:15,2026-07-31 18:00:25,2026-07-31 18:00:25
P:90-07675AR:01S:QTL263102330,2026-07-30 17:00:00,53210,"1195 Trademark Drive, Suite 201",190105,PO-US-08927,3,90-07675A,(90-07675A) LFP Battery Block with Wall Bracket,1,See Special Instructions,,814-4641@RevNEW4,ASN_20260801.csv,2026-07-31 18:00:15,2026-07-31 18:00:25,2026-07-31 18:00:25
P:90-07675AR:01S:QTL263102331,2026-07-30 17:00:00,53210,"1195 Trademark Drive, Suite 201",190105,PO-US-08927,3,90-07675A,(90-07675A) LFP Battery Block with Wall Bracket,1,See Special Instructions,,814-4641@RevNEW4,ASN_20260801.csv,2026-07-31 18:00:15,2026-07-31 18:00:25,2026-07-31 18:00:25
P:90-07675AR:01S:QTL263102332,2026-07-30 17:00:00,53210,"1195 Trademark Drive, Suite 201",190105,PO-US-08927,3,90-07675A,(90-07675A) LFP Battery Block with Wall Bracket,1,See Special Instructions,,814-4641@RevNEW4,ASN_20260801.csv,2026-07-31 18:00:15,2026-07-31 18:00:25,2026-07-31 18:00:25
P:90-07675AR:01S:QTL263102333,2026-07-30 17:00:00,53210,"1195 Trademark Drive, Suite 201",190105,PO-US-08927,3,90-07675A,(90-07675A) LFP Battery Block with Wall Bracket,1,See Special Instructions,,814-4641@RevNEW4,ASN_20260801.csv,2026-07-31 18:00:15,2026-07-31 18:00:25,2026-07-31 18:00:25
P:90-07675AR:01S:QTL263102334,2026-07-30 17:00:00,53210,"1195 Trademark Drive, Suite 201",190105,PO-US-08927,3,90-07675A,(90-07675A) LFP Battery Block with Wall Bracket,1,See Special Instructions,,814-4641@RevNEW4,ASN_20260801.csv,2026-07-31 18:00:15,2026-07-31 18:00:25,2026-07-31 18:00:25
P:90-07675AR:01S:QTL263102335,2026-07-30 17:00:00,53210,"1195 Trademark Drive, Suite 201",190105,PO-US-08927,3,90-07675A,(90-07675A) LFP Battery Block with Wall Bracket,1,See Special Instructions,,814-4641@RevNEW4,ASN_20260801.csv,2026-07-31 18:00:15,2026-07-31 18:00:25,2026-07-31 18:00:25
P:90-07675AR:01S:QTL263102336,2026-07-30 17:00:00,53210,"1195 Trademark Drive, Suite 201",190105,PO-US-08927,3,90-07675A,(90-07675A) LFP Battery Block with Wall Bracket,1,See Special Instructions,,814-4641@RevNEW4,ASN_20260801.csv,2026-07-31 18:00:15,2026-07-31 18:00:25,2026-07-31 18:00:25
P:90-07675AR:01S:QTL263102337,2026-07-30 17:00:00,53210,"1195 Trademark Drive, Suite 201",190105,PO-US-08927,3,90-07675A,(90-07675A) LFP Battery Block with Wall Bracket,1,See Special Instructions,,814-4641@RevNEW4,ASN_20260801.csv,2026-07-31 18:00:15,2026-07-31 18:00:25,2026-07-31 18:00:25
P:90-07675AR:01S:QTL263102338,2026-07-30 17:00:00,53210,"1195 Trademark Drive, Suite 201",190105,PO-US-08927,3,90-07675A,(90-07675A) LFP Battery Block with Wall Bracket,1,See Special Instructions,,814-4641@RevNEW4,ASN_20260801.csv,2026-07-31 18:00:15,2026-07-31 18:00:25,2026-07-31 18:00:25
P:90-07675AR:01S:QTL263102339,2026-07-30 17:00:00,53210,"1195 Trademark Drive, Suite 201",190105,PO-US-08927,3,90-07675A,(90-07675A) LFP Battery Block with Wall Bracket,1,See Special Instructions,,814-4641@RevNEW4,ASN_20260801.csv,2026-07-31 18:00:15,2026-07-31 18:00:25,2026-07-31 18:00:25
P:90-07675AR:01S:QTL263102340,2026-07-30 17:00:00,53210,"1195 Trademark Drive, Suite 201",190105,PO-US-08927,3,90-07675A,(90-07675A) LFP Battery Block with Wall Bracket,1,See Special Instructions,,814-4641@RevNEW4,ASN_20260801.csv,2026-07-31 18:00:15,2026-07-31 18:00:25,2026-07-31 18:00:25
P:90-07675AR:01S:QTL263102341,2026-07-30 17:00:00,53210,"1195 Trademark Drive, Suite 201",190105,PO-US-08927,3,90-07675A,(90-07675A) LFP Battery Block with Wall Bracket,1,See Special Instructions,,814-4641@RevNEW4,ASN_20260801.csv,2026-07-31 18:00:15,2026-07-31 18:00:25,2026-07-31 18:00:25
P:90-07675AR:01S:QTL263102342,2026-07-30 17:00:00,53210,"1195 Trademark Drive, Suite 201",190105,PO-US-08927,3,90-07675A,(90-07675A) LFP Battery Block with Wall Bracket,1,See Special Instructions,,814-4641@RevNEW4,ASN_20260801.csv,2026-07-31 18:00:15,2026-07-31 18:00:25,2026-07-31 18:00:25
P:90-07675AR:01S:QTL263102343,2026-07-30 17:00:00,53210,"1195 Trademark Drive, Suite 201",190105,PO-US-08927,3,90-07675A,(90-07675A) LFP Battery Block with Wall Bracket,1,See Special Instructions,,814-4641@RevNEW4,ASN_20260801.csv,2026-07-31 18:00:15,2026-07-31 18:00:25,2026-07-31 18:00:25
P:90-07675AR:01S:QTL263102344,2026-07-30 17:00:00,53210,"1195 Trademark Drive, Suite 201",190105,PO-US-08927,3,90-07675A,(90-07675A) LFP Battery Block with Wall Bracket,1,See Special Instructions,,814-4641@RevNEW4,ASN_20260801.csv,2026-07-31 18:00:15,2026-07-31 18:00:25,2026-07-31 18:00:25
P:90-07675AR:01S:QTL263102345,2026-07-30 17:00:00,53210,"1195 Trademark Drive, Suite 201",190105,PO-US-08927,3,90-07675A,(90-07675A) LFP Battery Block with Wall Bracket,1,See Special Instructions,,814-4641@RevNEW4,ASN_20260801.csv,2026-07-31 18:00:15,2026-07-31 18:00:25,2026-07-31 18:00:25
P:90-07675AR:01S:QTL263102346,2026-07-30 17:00:00,53210,"1195 Trademark Drive, Suite 201",190105,PO-US-08927,3,90-07675A,(90-07675A) LFP Battery Block with Wall Bracket,1,See Special Instructions,,814-4641@RevNEW4,ASN_20260801.csv,2026-07-31 18:00:15,2026-07-31 18:00:25,2026-07-31 18:00:25
P:90-07675AR:01S:QTL263102347,2026-07-30 17:00:00,53210,"1195 Trademark Drive, Suite 201",190105,PO-US-08927,3,90-07675A,(90-07675A) LFP Battery Block with Wall Bracket,1,See Special Instructions,,814-4641@RevNEW4,ASN_20260801.csv,2026-07-31 18:00:15,2026-07-31 18:00:25,2026-07-31 18:00:25
P:90-07675AR:01S:QTL263102348,2026-07-30 17:00:00,53210,"1195 Trademark Drive, Suite 201",190105,PO-US-08927,3,90-07675A,(90-07675A) LFP Battery Block with Wall Bracket,1,See Special Instructions,,814-4641@RevNEW4,ASN_20260801.csv,2026-07-31 18:00:15,2026-07-31 18:00:25,2026-07-31 18:00:25
P:90-07675AR:01S:QTL263102349,2026-08-04 17:00:00,53210,"1195 Trademark Drive, Suite 201",190182,PO-US-08927,3,90-07675A,(90-07675A) LFP Battery Block with Wall Bracket,1,See Special Instructions,,814-4641@RevNEW4,ASN_20260807.csv,2026-08-06 18:00:24,2026-08-06 18:00:34,2026-08-06 18:00:34
P:90-07675AR:01S:QTL263102350,2026-08-04 17:00:00,53210,"1195 Trademark Drive, Suite 201",190182,PO-US-08927,3,90-07675A,(90-07675A) LFP Battery Block with Wall Bracket,1,See Special Instructions,,814-4641@RevNEW4,ASN_20260807.csv,2026-08-06 18:00:24,2026-08-06 18:00:34,2026-08-06 18:00:34
P:90-07675AR:01S:QTL263102351,2026-08-04 17:00:00,53210,"1195 Trademark Drive, Suite 201",190182,PO-US-08927,3,90-07675A,(90-07675A) LFP Battery Block with Wall Bracket,1,See Special Instructions,,814-4641@RevNEW4,ASN_20260806.csv,2026-08-05 18:00:21,2026-08-05 18:00:34,2026-08-05 18:00:34
P:90-07675AR:01S:QTL263102352,2026-08-04 17:00:00,53210,"1195 Trademark Drive, Suite 201",190182,PO-US-08927,3,90-07675A,(90-07675A) LFP Battery Block with Wall Bracket,1,See Special Instructions,,814-4641@RevNEW4,ASN_20260807.csv,2026-08-06 18:00:24,2026-08-06 18:00:34,2026-08-06 18:00:34
P:90-07675AR:01S:QTL263102353,2026-08-04 17:00:00,53210,"1195 Trademark Drive, Suite 201",190182,PO-US-08927,3,90-07675A,(90-07675A) LFP Battery Block with Wall Bracket,1,See Special Instructions,,814-4641@RevNEW4,ASN_20260806.csv,2026-08-05 18:00:21,2026-08-05 18:00:34,2026-08-05 18:00:34
P:90-07675AR:01S:QTL263102354,2026-08-04 17:00:00,53210,"1195 Trademark Drive, Suite 201",190182,PO-US-08927,3,90-07675A,(90-07675A) LFP Battery Block with Wall Bracket,1,See Special Instructions,,814-4641@RevNEW4,ASN_20260807.csv,2026-08-06 18:00:24,2026-08-06 18:00:34,2026-08-06 18:00:34
P:90-07675AR:01S:QTL263102355,2026-08-04 17:00:00,53210,"1195 Trademark Drive, Suite 201",190182,PO-US-08927,3,90-07675A,(90-07675A) LFP Battery Block with Wall Bracket,1,See Special Instructions,,814-4641@RevNEW4,ASN_20260807.csv,2026-08-06 18:00:24,2026-08-06 18:00:34,2026-08-06 18:00:34
P:90-07675AR:01S:QTL263102356,2026-08-04 17:00:00,53210,"1195 Trademark Drive, Suite 201",190182,PO-US-08927,3,90-07675A,(90-07675A) LFP Battery Block with Wall Bracket,1,See Special Instructions,,814-4641@RevNEW4,ASN_20260807.csv,2026-08-06 18:00:24,2026-08-06 18:00:34,2026-08-06 18:00:34
P:90-07675AR:01S:QTL263102357,2026-08-04 17:00:00,53210,"1195 Trademark Drive, Suite 201",190182,PO-US-08927,3,90-07675A,(90-07675A) LFP Battery Block with Wall Bracket,1,See Special Instructions,,814-4641@RevNEW4,ASN_20260806.csv,2026-08-05 18:00:21,2026-08-05 18:00:34,2026-08-05 18:00:34
P:90-07675AR:01S:QTL263102358,2026-08-04 17:00:00,53210,"1195 Trademark Drive, Suite 201",190182,PO-US-08927,3,90-07675A,(90-07675A) LFP Battery Block with Wall Bracket,1,See Special Instructions,,814-4641@RevNEW4,ASN_20260806.csv,2026-08-05 18:00:21,2026-08-05 18:00:34,2026-08-05 18:00:34
P:90-07675AR:01S:QTL263102359,2026-08-04 17:00:00,53210,"1195 Trademark Drive, Suite 201",190182,PO-US-08927,3,90-07675A,(90-07675A) LFP Battery Block with Wall Bracket,1,See Special Instructions,,814-4641@RevNEW4,ASN_20260806.csv,2026-08-05 18:00:21,2026-08-05 18:00:34,2026-08-05 18:00:34
P:90-07675AR:01S:QTL263102360,2026-08-04 17:00:00,53210,"1195 Trademark Drive, Suite 201",190182,PO-US-08927,3,90-07675A,(90-07675A) LFP Battery Block with Wall Bracket,1,See Special Instructions,,814-4641@RevNEW4,ASN_20260806.csv,2026-08-05 18:00:21,2026-08-05 18:00:34,2026-08-05 18:00:34
P:90-07675AR:01S:QTL263102361,2026-08-04 17:00:00,53210,"1195 Trademark Drive, Suite 201",190182,PO-US-08927,3,90-07675A,(90-07675A) LFP Battery Block with Wall Bracket,1,See Special Instructions,,814-4641@RevNEW4,ASN_20260806.csv,2026-08-05 18:00:21,2026-08-05 18:00:34,2026-08-05 18:00:34
P:90-07675AR:01S:QTL263102362,2026-08-04 17:00:00,53210,"1195 Trademark Drive, Suite 201",190182,PO-US-08927,3,90-07675A,(90-07675A) LFP Battery Block with Wall Bracket,1,See Special Instructions,,814-4641@RevNEW4,ASN_20260806.csv,2026-08-05 18:00:21,2026-08-05 18:00:34,2026-08-05 18:00:34
P:90-07675AR:01S:QTL263102363,2026-08-04 17:00:00,53210,"1195 Trademark Drive, Suite 201",190182,PO-US-08927,3,90-07675A,(90-07675A) LFP Battery Block with Wall Bracket,1,See Special Instructions,,814-4641@RevNEW4,ASN_20260807.csv,2026-08-06 18:00:24,2026-08-06 18:00:34,2026-08-06 18:00:34
P:90-07675AR:01S:QTL263102364,2026-08-04 17:00:00,53210,"1195 Trademark Drive, Suite 201",190182,PO-US-08927,3,90-07675A,(90-07675A) LFP Battery Block with Wall Bracket,1,See Special Instructions,,814-4641@RevNEW4,ASN_20260806.csv,2026-08-05 18:00:21,2026-08-05 18:00:34,2026-08-05 18:00:34
P:90-07675AR:01S:QTL263102365,2026-08-04 17:00:00,53210,"1195 Trademark Drive, Suite 201",190182,PO-US-08927,3,90-07675A,(90-07675A) LFP Battery Block with Wall Bracket,1,See Special Instructions,,814-4641@RevNEW4,ASN_20260807.csv,2026-08-06 18:00:24,2026-08-06 18:00:34,2026-08-06 18:00:34
P:90-07675AR:01S:QTL263102366,2026-08-04 17:00:00,53210,"1195 Trademark Drive, Suite 201",190182,PO-US-08927,3,90-07675A,(90-07675A) LFP Battery Block with Wall Bracket,1,See Special Instructions,,814-4641@RevNEW4,ASN_20260806.csv,2026-08-05 18:00:21,2026-08-05 18:00:34,2026-08-05 18:00:34
P:90-07675AR:01S:QTL263102367,2026-08-04 17:00:00,53210,"1195 Trademark Drive, Suite 201",190182,PO-US-08927,3,90-07675A,(90-07675A) LFP Battery Block with Wall Bracket,1,See Special Instructions,,814-4641@RevNEW4,ASN_20260807.csv,2026-08-06 18:00:24,2026-08-06 18:00:34,2026-08-06 18:00:34
P:90-07675AR:01S:QTL263102368,2026-08-04 17:00:00,53210,"1195 Trademark Drive, Suite 201",190182,PO-US-08927,3,90-07675A,(90-07675A) LFP Battery Block with Wall Bracket,1,See Special Instructions,,814-4641@RevNEW4,ASN_20260806.csv,2026-08-05 18:00:21,2026-08-05 18:00:34,2026-08-05 18:00:34
P:90-07675AR:01S:QTL263102369,2026-08-04 17:00:00,53210,"1195 Trademark Drive, Suite 201",190182,PO-US-08927,3,90-07675A,(90-07675A) LFP Battery Block with Wall Bracket,1,See Special Instructions,,814-4641@RevNEW4,ASN_20260806.csv,2026-08-05 18:00:21,2026-08-05 18:00:34,2026-08-05 18:00:34
P:90-07675AR:01S:QTL263102370,2026-08-04 17:00:00,53210,"1195 Trademark Drive, Suite 201",190182,PO-US-08927,3,90-07675A,(90-07675A) LFP Battery Block with Wall Bracket,1,See Special Instructions,,814-4641@RevNEW4,ASN_20260807.csv,2026-08-06 18:00:24,2026-08-06 18:00:34,2026-08-06 18:00:34
P:90-07675AR:01S:QTL263102371,2026-08-04 17:00:00,53210,"1195 Trademark Drive, Suite 201",190182,PO-US-08927,3,90-07675A,(90-07675A) LFP Battery Block with Wall Bracket,1,See Special Instructions,,814-4641@RevNEW4,ASN_20260807.csv,2026-08-06 18:00:24,2026-08-06 18:00:34,2026-08-06 18:00:34
P:90-07675AR:01S:QTL263102372,2026-08-04 17:00:00,53210,"1195 Trademark Drive, Suite 201",190182,PO-US-08927,3,90-07675A,(90-07675A) LFP Battery Block with Wall Bracket,1,See Special Instructions,,814-4641@RevNEW4,ASN_20260807.csv,2026-08-06 18:00:24,2026-08-06 18:00:34,2026-08-06 18:00:34
P:90-07675AR:01S:QTL263102373,2026-08-04 17:00:00,53210,"1195 Trademark Drive, Suite 201",190182,PO-US-08927,3,90-07675A,(90-07675A) LFP Battery Block with Wall Bracket,1,See Special Instructions,,814-4641@RevNEW4,ASN_20260806.csv,2026-08-05 18:00:21,2026-08-05 18:00:34,2026-08-05 18:00:34
P:90-07675AR:01S:QTL263102374,2026-08-04 17:00:00,53210,"1195 Trademark Drive, Suite 201",190182,PO-US-08927,3,90-07675A,(90-07675A) LFP Battery Block with Wall Bracket,1,See Special Instructions,,814-4641@RevNEW4,ASN_20260806.csv,2026-08-05 18:00:21,2026-08-05 18:00:34,2026-08-05 18:00:34
P:90-07675AR:01S:QTL263102375,2026-08-04 17:00:00,53210,"1195 Trademark Drive, Suite 201",190182,PO-US-08927,3,90-07675A,(90-07675A) LFP Battery Block with Wall Bracket,1,See Special Instructions,,814-4641@RevNEW4,ASN_20260807.csv,2026-08-06 18:00:24,2026-08-06 18:00:34,2026-08-06 18:00:34
P:90-07675AR:01S:QTL263102376,2026-08-04 17:00:00,53210,"1195 Trademark Drive, Suite 201",190182,PO-US-08927,3,90-07675A,(90-07675A) LFP Battery Block with Wall Bracket,1,See Special Instructions,,814-4641@RevNEW4,ASN_20260806.csv,2026-08-05 18:00:21,2026-08-05 18:00:34,2026-08-05 18:00:34
P:90-07675AR:01S:QTL263102377,2026-08-04 17:00:00,53210,"1195 Trademark Drive, Suite 201",190182,PO-US-08927,3,90-07675A,(90-07675A) LFP Battery Block with Wall Bracket,1,See Special Instructions,,814-4641@RevNEW4,ASN_20260807.csv,2026-08-06 18:00:24,2026-08-06 18:00:34,2026-08-06 18:00:34
P:90-07675AR:01S:QTL263102378,2026-08-04 17:00:00,53210,"1195 Trademark Drive, Suite 201",190182,PO-US-08927,3,90-07675A,(90-07675A) LFP Battery Block with Wall Bracket,1,See Special Instructions,,814-4641@RevNEW4,ASN_20260807.csv,2026-08-06 18:00:24,2026-08-06 18:00:34,2026-08-06 18:00:34
P:90-07675AR:01S:QTL263102379,2026-08-04 17:00:00,53210,"1195 Trademark Drive, Suite 201",190182,PO-US-08927,3,90-07675A,(90-07675A) LFP Battery Block with Wall Bracket,1,See Special Instructions,,814-4641@RevNEW4,ASN_20260807.csv,2026-08-06 18:00:24,2026-08-06 18:00:34,2026-08-06 18:00:34
P:90-07675AR:01S:QTL263102380,2026-08-04 17:00:00,53210,"1195 Trademark Drive, Suite 201",190182,PO-US-08927,3,90-07675A,(90-07675A) LFP Battery Block with Wall Bracket,1,See Special Instructions,,814-4641@RevNEW4,ASN_20260807.csv,2026-08-06 18:00:24,2026-08-06 18:00:34,2026-08-06 18:00:34
P:90-07675AR:01S:QTL263102381,2026-08-04 17:00:00,53210,"1195 Trademark Drive, Suite 201",190182,PO-US-08927,3,90-07675A,(90-07675A) LFP Battery Block with Wall Bracket,1,See Special Instructions,,814-4641@RevNEW4,ASN_20260807.csv,2026-08-06 18:00:24,2026-08-06 18:00:34,2026-08-06 18:00:34
P:90-07675AR:01S:QTL263102382,2026-08-04 17:00:00,53210,"1195 Trademark Drive, Suite 201",190182,PO-US-08927,3,90-07675A,(90-07675A) LFP Battery Block with Wall Bracket,1,See Special Instructions,,814-4641@RevNEW4,ASN_20260806.csv,2026-08-05 18:00:21,2026-08-05 18:00:34,2026-08-05 18:00:34
p:90-07675ar:01s:qtl263102384,2026-08-04 17:00:00,53210,"1195 Trademark Drive, Suite 201",190182,PO-US-08927,3,90-07675A,(90-07675A) LFP Battery Block with Wall Bracket,1,See Special Instructions,,814-4641@RevNEW4,ASN_20260807.csv,2026-08-06 18:00:24,2026-08-06 18:00:34,2026-08-06 18:00:34
p:90-07675ar:01s:qtl263102385,2026-08-04 17:00:00,53210,"1195 Trademark Drive, Suite 201",190182,PO-US-08927,3,90-07675A,(90-07675A) LFP Battery Block with Wall Bracket,1,See Special Instructions,,814-4641@RevNEW4,ASN_20260806.csv,2026-08-05 18:00:21,2026-08-05 18:00:34,2026-08-05 18:00:34
p:90-07675ar:01s:qtl263102386,2026-08-04 17:00:00,53210,"1195 Trademark Drive, Suite 201",190182,PO-US-08927,3,90-07675A,(90-07675A) LFP Battery Block with Wall Bracket,1,See Special Instructions,,814-4641@RevNEW4,ASN_20260806.csv,2026-08-05 18:00:21,2026-08-05 18:00:34,2026-08-05 18:00:34
p:90-07675ar:01s:qtl263102387,2026-08-04 17:00:00,53210,"1195 Trademark Drive, Suite 201",190182,PO-US-08927,3,90-07675A,(90-07675A) LFP Battery Block with Wall Bracket,1,See Special Instructions,,814-4641@RevNEW4,ASN_20260807.csv,2026-08-06 18:00:24,2026-08-06 18:00:34,2026-08-06 18:00:34
p:90-07675ar:01s:qtl263102388,2026-08-04 17:00:00,53210,"1195 Trademark Drive, Suite 201",190182,PO-US-08927,3,90-07675A,(90-07675A) LFP Battery Block with Wall Bracket,1,See Special Instructions,,814-4641@RevNEW4,ASN_20260807.csv,2026-08-06 18:00:24,2026-08-06 18:00:34,2026-08-06 18:00:34
p:90-07675ar:01s:qtl263102389,2026-08-04 17:00:00,53210,"1195 Trademark Drive, Suite 201",190182,PO-US-08927,3,90-07675A,(90-07675A) LFP Battery Block with Wall Bracket,1,See Special Instructions,,814-4641@RevNEW4,ASN_20260807.csv,2026-08-06 18:00:24,2026-08-06 18:00:34,2026-08-06 18:00:34
p:90-07675ar:01s:qtl263102390,2026-08-04 17:00:00,53210,"1195 Trademark Drive, Suite 201",190182,PO-US-08927,3,90-07675A,(90-07675A) LFP Battery Block with Wall Bracket,1,See Special Instructions,,814-4641@RevNEW4,ASN_20260806.csv,2026-08-05 18:00:21,2026-08-05 18:00:34,2026-08-05 18:00:34
p:90-07675ar:01s:qtl263102391,2026-08-04 17:00:00,53210,"1195 Trademark Drive, Suite 201",190182,PO-US-08927,3,90-07675A,(90-07675A) LFP Battery Block with Wall Bracket,1,See Special Instructions,,814-4641@RevNEW4,ASN_20260806.csv,2026-08-05 18:00:21,2026-08-05 18:00:34,2026-08-05 18:00:34
p:90-07675ar:01s:qtl263102392,2026-08-04 17:00:00,53210,"1195 Trademark Drive, Suite 201",190182,PO-US-08927,3,90-07675A,(90-07675A) LFP Battery Block with Wall Bracket,1,See Special Instructions,,814-4641@RevNEW4,ASN_20260806.csv,2026-08-05 18:00:21,2026-08-05 18:00:34,2026-08-05 18:00:34
p:90-07675ar:01s:qtl263102393,2026-08-04 17:00:00,53210,"1195 Trademark Drive, Suite 201",190182,PO-US-08927,3,90-07675A,(90-07675A) LFP Battery Block with Wall Bracket,1,See Special Instructions,,814-4641@RevNEW4,ASN_20260807.csv,2026-08-06 18:00:24,2026-08-06 18:00:34,2026-08-06 18:00:34
p:90-07675ar:01s:qtl263102394,2026-08-04 17:00:00,53210,"1195 Trademark Drive, Suite 201",190182,PO-US-08927,3,90-07675A,(90-07675A) LFP Battery Block with Wall Bracket,1,See Special Instructions,,814-4641@RevNEW4,ASN_20260806.csv,2026-08-05 18:00:21,2026-08-05 18:00:34,2026-08-05 18:00:34
p:90-07675ar:01s:qtl263102395,2026-08-04 17:00:00,53210,"1195 Trademark Drive, Suite 201",190182,PO-US-08927,3,90-07675A,(90-07675A) LFP Battery Block with Wall Bracket,1,See Special Instructions,,814-4641@RevNEW4,ASN_20260807.csv,2026-08-06 18:00:24,2026-08-06 18:00:34,2026-08-06 18:00:34
p:90-07675ar:01s:qtl263102396,2026-08-04 17:00:00,53210,"1195 Trademark Drive, Suite 201",190182,PO-US-08927,3,90-07675A,(90-07675A) LFP Battery Block with Wall Bracket,1,See Special Instructions,,814-4641@RevNEW4,ASN_20260806.csv,2026-08-05 18:00:21,2026-08-05 18:00:34,2026-08-05 18:00:34
p:90-07675ar:01s:qtl263102397,2026-08-04 17:00:00,53210,"1195 Trademark Drive, Suite 201",190182,PO-US-08927,3,90-07675A,(90-07675A) LFP Battery Block with Wall Bracket,1,See Special Instructions,,814-4641@RevNEW4,ASN_20260807.csv,2026-08-06 18:00:24,2026-08-06 18:00:34,2026-08-06 18:00:34
p:90-07675ar:01s:qtl263102398,2026-08-04 17:00:00,53210,"1195 Trademark Drive, Suite 201",190182,PO-US-08927,3,90-07675A,(90-07675A) LFP Battery Block with Wall Bracket,1,See Special Instructions,,814-4641@RevNEW4,ASN_20260807.csv,2026-08-06 18:00:24,2026-08-06 18:00:34,2026-08-06 18:00:34
p:90-07675ar:01s:qtl263102399,2026-08-04 17:00:00,53210,"1195 Trademark Drive, Suite 201",190182,PO-US-08927,3,90-07675A,(90-07675A) LFP Battery Block with Wall Bracket,1,See Special Instructions,,814-4641@RevNEW4,ASN_20260806.csv,2026-08-05 18:00:21,2026-08-05 18:00:34,2026-08-05 18:00:34
P:90-07675AR:01S:QTL263102400,2026-08-04 17:00:00,53210,"1195 Trademark Drive, Suite 201",190182,PO-US-08927,3,90-07675A,(90-07675A) LFP Battery Block with Wall Bracket,1,See Special Instructions,,814-4641@RevNEW4,ASN_20260807.csv,2026-08-06 18:00:24,2026-08-06 18:00:34,2026-08-06 18:00:34
P:90-07675AR:01S:QTL263102401,2026-08-04 17:00:00,53210,"1195 Trademark Drive, Suite 201",190182,PO-US-08927,3,90-07675A,(90-07675A) LFP Battery Block with Wall Bracket,1,See Special Instructions,,814-4641@RevNEW4,ASN_20260806.csv,2026-08-05 18:00:21,2026-08-05 18:00:34,2026-08-05 18:00:34
P:90-07675AR:01S:QTL263102402,2026-08-04 17:00:00,53210,"1195 Trademark Drive, Suite 201",190182,PO-US-08927,3,90-07675A,(90-07675A) LFP Battery Block with Wall Bracket,1,See Special Instructions,,814-4641@RevNEW4,ASN_20260806.csv,2026-08-05 18:00:21,2026-08-05 18:00:34,2026-08-05 18:00:34
P:90-07675AR:01S:QTL263102403,2026-08-04 17:00:00,53210,"1195 Trademark Drive, Suite 201",190182,PO-US-08927,3,90-07675A,(90-07675A) LFP Battery Block with Wall Bracket,1,See Special Instructions,,814-4641@RevNEW4,ASN_20260806.csv,2026-08-05 18:00:21,2026-08-05 18:00:34,2026-08-05 18:00:34
P:90-07675AR:01S:QTL263102404,2026-08-04 17:00:00,53210,"1195 Trademark Drive, Suite 201",190182,PO-US-08927,3,90-07675A,(90-07675A) LFP Battery Block with Wall Bracket,1,See Special Instructions,,814-4641@RevNEW4,ASN_20260807.csv,2026-08-06 18:00:24,2026-08-06 18:00:34,2026-08-06 18:00:34
P:90-07675AR:01S:QTL263102405,2026-08-04 17:00:00,53210,"1195 Trademark Drive, Suite 201",190182,PO-US-08927,3,90-07675A,(90-07675A) LFP Battery Block with Wall Bracket,1,See Special Instructions,,814-4641@RevNEW4,ASN_20260807.csv,2026-08-06 18:00:24,2026-08-06 18:00:34,2026-08-06 18:00:34
P:90-07675AR:01S:QTL263102406,2026-08-04 17:00:00,53210,"1195 Trademark Drive, Suite 201",190182,PO-US-08927,3,90-07675A,(90-07675A) LFP Battery Block with Wall Bracket,1,See Special Instructions,,814-4641@RevNEW4,ASN_20260806.csv,2026-08-05 18:00:21,2026-08-05 18:00:34,2026-08-05 18:00:34
P:90-07675AR:01S:QTL263102407,2026-08-04 17:00:00,53210,"1195 Trademark Drive, Suite 201",190182,PO-US-08927,3,90-07675A,(90-07675A) LFP Battery Block with Wall Bracket,1,See Special Instructions,,814-4641@RevNEW4,ASN_20260806.csv,2026-08-05 18:00:21,2026-08-05 18:00:34,2026-08-05 18:00:34
P:90-07675AR:01S:QTL263102408,2026-08-04 17:00:00,53210,"1195 Trademark Drive, Suite 201",190182,PO-US-08927,3,90-07675A,(90-07675A) LFP Battery Block with Wall Bracket,1,See Special Instructions,,814-4641@RevNEW4,ASN_20260806.csv,2026-08-05 18:00:21,2026-08-05 18:00:34,2026-08-05 18:00:34
P:90-07675AR:01S:QTL263102409,2026-08-04 17:00:00,53210,"1195 Trademark Drive, Suite 201",190182,PO-US-08927,3,90-07675A,(90-07675A) LFP Battery Block with Wall Bracket,1,See Special Instructions,,814-4641@RevNEW4,ASN_20260807.csv,2026-08-06 18:00:24,2026-08-06 18:00:34,2026-08-06 18:00:34
P:90-07675AR:01S:QTL263102410,2026-08-04 17:00:00,53210,"1195 Trademark Drive, Suite 201",190182,PO-US-08927,3,90-07675A,(90-07675A) LFP Battery Block with Wall Bracket,1,See Special Instructions,,814-4641@RevNEW4,ASN_20260806.csv,2026-08-05 18:00:21,2026-08-05 18:00:34,2026-08-05 18:00:34
P:90-07675AR:01S:QTL263102411,2026-08-04 17:00:00,53210,"1195 Trademark Drive, Suite 201",190182,PO-US-08927,3,90-07675A,(90-07675A) LFP Battery Block with Wall Bracket,1,See Special Instructions,,814-4641@RevNEW4,ASN_20260807.csv,2026-08-06 18:00:24,2026-08-06 18:00:34,2026-08-06 18:00:34
P:90-07675AR:01S:QTL263102412,2026-08-04 17:00:00,53210,"1195 Trademark Drive, Suite 201",190182,PO-US-08927,3,90-07675A,(90-07675A) LFP Battery Block with Wall Bracket,1,See Special Instructions,,814-4641@RevNEW4,ASN_20260807.csv,2026-08-06 18:00:24,2026-08-06 18:00:34,2026-08-06 18:00:34
P:90-07675AR:01S:QTL263102413,2026-08-04 17:00:00,53210,"1195 Trademark Drive, Suite 201",190182,PO-US-08927,3,90-07675A,(90-07675A) LFP Battery Block with Wall Bracket,1,See Special Instructions,,814-4641@RevNEW4,ASN_20260806.csv,2026-08-05 18:00:21,2026-08-05 18:00:34,2026-08-05 18:00:34
P:90-07675AR:01S:QTL263102414,2026-08-04 17:00:00,53210,"1195 Trademark Drive, Suite 201",190182,PO-US-08927,3,90-07675A,(90-07675A) LFP Battery Block with Wall Bracket,1,See Special Instructions,,814-4641@RevNEW4,ASN_20260806.csv,2026-08-05 18:00:21,2026-08-05 18:00:34,2026-08-05 18:00:34
P:90-07675AR:01S:QTL263102415,2026-08-04 17:00:00,53210,"1195 Trademark Drive, Suite 201",190182,PO-US-08927,3,90-07675A,(90-07675A) LFP Battery Block with Wall Bracket,1,See Special Instructions,,814-4641@RevNEW4,ASN_20260807.csv,2026-08-06 18:00:24,2026-08-06 18:00:34,2026-08-06 18:00:34
P:90-07675AR:01S:QTL263102416,2026-08-04 17:00:00,53210,"1195 Trademark Drive, Suite 201",190182,PO-US-08927,3,90-07675A,(90-07675A) LFP Battery Block with Wall Bracket,1,See Special Instructions,,814-4641@RevNEW4,ASN_20260807.csv,2026-08-06 18:00:24,2026-08-06 18:00:34,2026-08-06 18:00:34
P:90-07675AR:01S:QTL263102417,2026-08-04 17:00:00,53210,"1195 Trademark Drive, Suite 201",190182,PO-US-08927,3,90-07675A,(90-07675A) LFP Battery Block with Wall Bracket,1,See Special Instructions,,814-4641@RevNEW4,ASN_20260806.csv,2026-08-05 18:00:21,2026-08-05 18:00:34,2026-08-05 18:00:34
P:90-07675AR:01S:QTL263102418,2026-08-04 17:00:00,53210,"1195 Trademark Drive, Suite 201",190182,PO-US-08927,3,90-07675A,(90-07675A) LFP Battery Block with Wall Bracket,1,See Special Instructions,,814-4641@RevNEW4,ASN_20260806.csv,2026-08-05 18:00:21,2026-08-05 18:00:34,2026-08-05 18:00:34
P:90-07675AR:01S:QTL263102419,2026-08-04 17:00:00,53210,"1195 Trademark Drive, Suite 201",190182,PO-US-08927,3,90-07675A,(90-07675A) LFP Battery Block with Wall Bracket,1,See Special Instructions,,814-4641@RevNEW4,ASN_20260807.csv,2026-08-06 18:00:24,2026-08-06 18:00:34,2026-08-06 18:00:34
P:90-07675AR:01S:QTL263102420,2026-08-04 17:00:00,53210,"1195 Trademark Drive, Suite 201",190182,PO-US-08927,3,90-07675A,(90-07675A) LFP Battery Block with Wall Bracket,1,See Special Instructions,,814-4641@RevNEW4,ASN_20260806.csv,2026-08-05 18:00:21,2026-08-05 18:00:34,2026-08-05 18:00:34
P:90-07675AR:01S:QTL263102502,2026-08-04 17:00:00,53210,"1195 Trademark Drive, Suite 201",190182,PO-US-08927,3,90-07675A,(90-07675A) LFP Battery Block with Wall Bracket,1,See Special Instructions,,814-4641@RevNEW4,ASN_20260807.csv,2026-08-06 18:00:24,2026-08-06 18:00:34,2026-08-06 18:00:34
P:90-07675AR:01S:QTL263102503,2026-08-04 17:00:00,53210,"1195 Trademark Drive, Suite 201",190182,PO-US-08927,3,90-07675A,(90-07675A) LFP Battery Block with Wall Bracket,1,See Special Instructions,,814-4641@RevNEW4,ASN_20260806.csv,2026-08-05 18:00:21,2026-08-05 18:00:34,2026-08-05 18:00:34
P:90-07675AR:01S:QTL263102504,2026-08-04 17:00:00,53210,"1195 Trademark Drive, Suite 201",190182,PO-US-08927,3,90-07675A,(90-07675A) LFP Battery Block with Wall Bracket,1,See Special Instructions,,814-4641@RevNEW4,ASN_20260806.csv,2026-08-05 18:00:21,2026-08-05 18:00:34,2026-08-05 18:00:34
P:90-07675AR:01S:QTL263102505,2026-08-04 17:00:00,53210,"1195 Trademark Drive, Suite 201",190182,PO-US-08927,3,90-07675A,(90-07675A) LFP Battery Block with Wall Bracket,1,See Special Instructions,,814-4641@RevNEW4,ASN_20260807.csv,2026-08-06 18:00:24,2026-08-06 18:00:34,2026-08-06 18:00:34
P:90-07675AR:01S:QTL263102506,2026-08-04 17:00:00,53210,"1195 Trademark Drive, Suite 201",190182,PO-US-08927,3,90-07675A,(90-07675A) LFP Battery Block with Wall Bracket,1,See Special Instructions,,814-4641@RevNEW4,ASN_20260806.csv,2026-08-05 18:00:21,2026-08-05 18:00:34,2026-08-05 18:00:34
P:90-07675AR:01S:QTL263102507,2026-08-04 17:00:00,53210,"1195 Trademark Drive, Suite 201",190182,PO-US-08927,3,90-07675A,(90-07675A) LFP Battery Block with Wall Bracket,1,See Special Instructions,,814-4641@RevNEW4,ASN_20260807.csv,2026-08-06 18:00:24,2026-08-06 18:00:34,2026-08-06 18:00:34
P:90-07675AR:01S:QTL263102508,2026-08-04 17:00:00,53210,"1195 Trademark Drive, Suite 201",190182,PO-US-08927,3,90-07675A,(90-07675A) LFP Battery Block with Wall Bracket,1,See Special Instructions,,814-4641@RevNEW4,ASN_20260806.csv,2026-08-05 18:00:21,2026-08-05 18:00:34,2026-08-05 18:00:34
P:90-07675AR:01S:QTL263102509,2026-08-04 17:00:00,53210,"1195 Trademark Drive, Suite 201",190182,PO-US-08927,3,90-07675A,(90-07675A) LFP Battery Block with Wall Bracket,1,See Special Instructions,,814-4641@RevNEW4,ASN_20260806.csv,2026-08-05 18:00:21,2026-08-05 18:00:34,2026-08-05 18:00:34
P:90-07675AR:01S:QTL263102510,2026-08-04 17:00:00,53210,"1195 Trademark Drive, Suite 201",190182,PO-US-08927,3,90-07675A,(90-07675A) LFP Battery Block with Wall Bracket,1,See Special Instructions,,814-4641@RevNEW4,ASN_20260806.csv,2026-08-05 18:00:21,2026-08-05 18:00:34,2026-08-05 18:00:34
P:90-07675AR:01S:QTL263102511,2026-08-04 17:00:00,53210,"1195 Trademark Drive, Suite 201",190182,PO-US-08927,3,90-07675A,(90-07675A) LFP Battery Block with Wall Bracket,1,See Special Instructions,,814-4641@RevNEW4,ASN_20260807.csv,2026-08-06 18:00:24,2026-08-06 18:00:34,2026-08-06 18:00:34
P:90-07675AR:01S:QTL263102512,2026-08-04 17:00:00,53210,"1195 Trademark Drive, Suite 201",190182,PO-US-08927,3,90-07675A,(90-07675A) LFP Battery Block with Wall Bracket,1,See Special Instructions,,814-4641@RevNEW4,ASN_20260807.csv,2026-08-06 18:00:24,2026-08-06 18:00:34,2026-08-06 18:00:34
P:90-07675AR:01S:QTL263102513,2026-08-04 17:00:00,53210,"1195 Trademark Drive, Suite 201",190182,PO-US-08927,3,90-07675A,(90-07675A) LFP Battery Block with Wall Bracket,1,See Special Instructions,,814-4641@RevNEW4,ASN_20260806.csv,2026-08-05 18:00:21,2026-08-05 18:00:34,2026-08-05 18:00:34
P:90-07675AR:01S:QTL263102514,2026-08-04 17:00:00,53210,"1195 Trademark Drive, Suite 201",190182,PO-US-08927,3,90-07675A,(90-07675A) LFP Battery Block with Wall Bracket,1,See Special Instructions,,814-4641@RevNEW4,ASN_20260806.csv,2026-08-05 18:00:21,2026-08-05 18:00:34,2026-08-05 18:00:34
P:90-07675AR:01S:QTL263102515,2026-08-04 17:00:00,53210,"1195 Trademark Drive, Suite 201",190182,PO-US-08927,3,90-07675A,(90-07675A) LFP Battery Block with Wall Bracket,1,See Special Instructions,,814-4641@RevNEW4,ASN_20260806.csv,2026-08-05 18:00:21,2026-08-05 18:00:34,2026-08-05 18:00:34
P:90-07675AR:01S:QTL263102516,2026-08-04 17:00:00,53210,"1195 Trademark Drive, Suite 201",190182,PO-US-08927,3,90-07675A,(90-07675A) LFP Battery Block with Wall Bracket,1,See Special Instructions,,814-4641@RevNEW4,ASN_20260806.csv,2026-08-05 18:00:21,2026-08-05 18:00:34,2026-08-05 18:00:34
P:90-07675AR:01S:QTL263102517,2026-08-04 17:00:00,53210,"1195 Trademark Drive, Suite 201",190182,PO-US-08927,3,90-07675A,(90-07675A) LFP Battery Block with Wall Bracket,1,See Special Instructions,,814-4641@RevNEW4,ASN_20260807.csv,2026-08-06 18:00:24,2026-08-06 18:00:34,2026-08-06 18:00:34
P:90-07675AR:01S:QTL263102518,2026-08-04 17:00:00,53210,"1195 Trademark Drive, Suite 201",190182,PO-US-08927,3,90-07675A,(90-07675A) LFP Battery Block with Wall Bracket,1,See Special Instructions,,814-4641@RevNEW4,ASN_20260806.csv,2026-08-05 18:00:21,2026-08-05 18:00:34,2026-08-05 18:00:34
P:90-07675AR:01S:QTL263102519,2026-08-04 17:00:00,53210,"1195 Trademark Drive, Suite 201",190182,PO-US-08927,3,90-07675A,(90-07675A) LFP Battery Block with Wall Bracket,1,See Special Instructions,,814-4641@RevNEW4,ASN_20260807.csv,2026-08-06 18:00:24,2026-08-06 18:00:34,2026-08-06 18:00:34
P:90-07675AR:01S:QTL263102520,2026-08-04 17:00:00,53210,"1195 Trademark Drive, Suite 201",190182,PO-US-08927,3,90-07675A,(90-07675A) LFP Battery Block with Wall Bracket,1,See Special Instructions,,814-4641@RevNEW4,ASN_20260807.csv,2026-08-06 18:00:24,2026-08-06 18:00:34,2026-08-06 18:00:34
P:90-07675AR:01S:QTL263102521,2026-08-04 17:00:00,53210,"1195 Trademark Drive, Suite 201",190182,PO-US-08927,3,90-07675A,(90-07675A) LFP Battery Block with Wall Bracket,1,See Special Instructions,,814-4641@RevNEW4,ASN_20260806.csv,2026-08-05 18:00:21,2026-08-05 18:00:34,2026-08-05 18:00:34
P:90-07675AR:01S:QTL263102522,2026-08-04 17:00:00,53210,"1195 Trademark Drive, Suite 201",190182,PO-US-08927,3,90-07675A,(90-07675A) LFP Battery Block with Wall Bracket,1,See Special Instructions,,814-4641@RevNEW4,ASN_20260806.csv,2026-08-05 18:00:21,2026-08-05 18:00:34,2026-08-05 18:00:34
P:90-07675AR:01S:QTL263102523,2026-08-04 17:00:00,53210,"1195 Trademark Drive, Suite 201",190182,PO-US-08927,3,90-07675A,(90-07675A) LFP Battery Block with Wall Bracket,1,See Special Instructions,,814-4641@RevNEW4,ASN_20260806.csv,2026-08-05 18:00:21,2026-08-05 18:00:34,2026-08-05 18:00:34
P:90-07675AR:01S:QTL263102524,2026-08-04 17:00:00,53210,"1195 Trademark Drive, Suite 201",190182,PO-US-08927,3,90-07675A,(90-07675A) LFP Battery Block with Wall Bracket,1,See Special Instructions,,814-4641@RevNEW4,ASN_20260807.csv,2026-08-06 18:00:24,2026-08-06 18:00:34,2026-08-06 18:00:34
P:90-07675AR:01S:QTL263102525,2026-08-04 17:00:00,53210,"1195 Trademark Drive, Suite 201",190182,PO-US-08927,3,90-07675A,(90-07675A) LFP Battery Block with Wall Bracket,1,See Special Instructions,,814-4641@RevNEW4,ASN_20260806.csv,2026-08-05 18:00:21,2026-08-05 18:00:34,2026-08-05 18:00:34
P:90-07675AR:01S:QTL263102526,2026-08-04 17:00:00,53210,"1195 Trademark Drive, Suite 201",190182,PO-US-08927,3,90-07675A,(90-07675A) LFP Battery Block with Wall Bracket,1,See Special Instructions,,814-4641@RevNEW4,ASN_20260807.csv,2026-08-06 18:00:24,2026-08-06 18:00:34,2026-08-06 18:00:34
P:90-07675AR:01S:QTL263102527,2026-08-04 17:00:00,53210,"1195 Trademark Drive, Suite 201",190182,PO-US-08927,3,90-07675A,(90-07675A) LFP Battery Block with Wall Bracket,1,See Special Instructions,,814-4641@RevNEW4,ASN_20260807.csv,2026-08-06 18:00:24,2026-08-06 18:00:34,2026-08-06 18:00:34
P:90-07675AR:01S:QTL263102528,2026-08-04 17:00:00,53210,"1195 Trademark Drive, Suite 201",190182,PO-US-08927,3,90-07675A,(90-07675A) LFP Battery Block with Wall Bracket,1,See Special Instructions,,814-4641@RevNEW4,ASN_20260807.csv,2026-08-06 18:00:24,2026-08-06 18:00:34,2026-08-06 18:00:34
P:90-07675AR:01S:QTL263102529,2026-08-04 17:00:00,53210,"1195 Trademark Drive, Suite 201",190182,PO-US-08927,3,90-07675A,(90-07675A) LFP Battery Block with Wall Bracket,1,See Special Instructions,,814-4641@RevNEW4,ASN_20260806.csv,2026-08-05 18:00:21,2026-08-05 18:00:34,2026-08-05 18:00:34
P:90-07675AR:01S:QTL263102530,2026-08-04 17:00:00,53210,"1195 Trademark Drive, Suite 201",190182,PO-US-08927,3,90-07675A,(90-07675A) LFP Battery Block with Wall Bracket,1,See Special Instructions,,814-4641@RevNEW4,ASN_20260806.csv,2026-08-05 18:00:21,2026-08-05 18:00:34,2026-08-05 18:00:34
P:90-07675AR:01S:QTL263102531,2026-08-04 17:00:00,53210,"1195 Trademark Drive, Suite 201",190182,PO-US-08927,3,90-07675A,(90-07675A) LFP Battery Block with Wall Bracket,1,See Special Instructions,,814-4641@RevNEW4,ASN_20260807.csv,2026-08-06 18:00:24,2026-08-06 18:00:34,2026-08-06 18:00:34
P:90-07675AR:01S:QTL263102532,2026-08-04 17:00:00,53210,"1195 Trademark Drive, Suite 201",190182,PO-US-08927,3,90-07675A,(90-07675A) LFP Battery Block with Wall Bracket,1,See Special Instructions,,814-4641@RevNEW4,ASN_20260807.csv,2026-08-06 18:00:24,2026-08-06 18:00:34,2026-08-06 18:00:34
P:90-07675AR:01S:QTL263102533,2026-08-04 17:00:00,53210,"1195 Trademark Drive, Suite 201",190182,PO-US-08927,3,90-07675A,(90-07675A) LFP Battery Block with Wall Bracket,1,See Special Instructions,,814-4641@RevNEW4,ASN_20260806.csv,2026-08-05 18:00:21,2026-08-05 18:00:34,2026-08-05 18:00:34
P:90-07675AR:01S:QTL263102534,2026-08-04 17:00:00,53210,"1195 Trademark Drive, Suite 201",190182,PO-US-08927,3,90-07675A,(90-07675A) LFP Battery Block with Wall Bracket,1,See Special Instructions,,814-4641@RevNEW4,ASN_20260807.csv,2026-08-06 18:00:24,2026-08-06 18:00:34,2026-08-06 18:00:34
P:90-07675AR:01S:QTL263102535,2026-08-04 17:00:00,53210,"1195 Trademark Drive, Suite 201",190182,PO-US-08927,3,90-07675A,(90-07675A) LFP Battery Block with Wall Bracket,1,See Special Instructions,,814-4641@RevNEW4,ASN_20260806.csv,2026-08-05 18:00:21,2026-08-05 18:00:34,2026-08-05 18:00:34
P:90-07675AR:01S:QTL263102536,2026-08-04 17:00:00,53210,"1195 Trademark Drive, Suite 201",190182,PO-US-08927,3,90-07675A,(90-07675A) LFP Battery Block with Wall Bracket,1,See Special Instructions,,814-4641@RevNEW4,ASN_20260807.csv,2026-08-06 18:00:24,2026-08-06 18:00:34,2026-08-06 18:00:34
P:90-07675AR:01S:QTL263102537,2026-08-04 17:00:00,53210,"1195 Trademark Drive, Suite 201",190182,PO-US-08927,3,90-07675A,(90-07675A) LFP Battery Block with Wall Bracket,1,See Special Instructions,,814-4641@RevNEW4,ASN_20260807.csv,2026-08-06 18:00:24,2026-08-06 18:00:34,2026-08-06 18:00:34
P:90-07675AR:01S:QTL263102538,2026-08-04 17:00:00,53210,"1195 Trademark Drive, Suite 201",190182,PO-US-08927,3,90-07675A,(90-07675A) LFP Battery Block with Wall Bracket,1,See Special Instructions,,814-4641@RevNEW4,ASN_20260807.csv,2026-08-06 18:00:24,2026-08-06 18:00:34,2026-08-06 18:00:34
P:90-07675AR:01S:QTL263102539,2026-08-04 17:00:00,53210,"1195 Trademark Drive, Suite 201",190182,PO-US-08927,3,90-07675A,(90-07675A) LFP Battery Block with Wall Bracket,1,See Special Instructions,,814-4641@RevNEW4,ASN_20260807.csv,2026-08-06 18:00:24,2026-08-06 18:00:34,2026-08-06 18:00:34
P:90-07675AR:01S:QTL263102540,2026-08-04 17:00:00,53210,"1195 Trademark Drive, Suite 201",190182,PO-US-08927,3,90-07675A,(90-07675A) LFP Battery Block with Wall Bracket,1,See Special Instructions,,814-4641@RevNEW4,ASN_20260807.csv,2026-08-06 18:00:24,2026-08-06 18:00:34,2026-08-06 18:00:34
P:90-07675AR:01S:QTL263102541,2026-08-04 17:00:00,53210,"1195 Trademark Drive, Suite 201",190182,PO-US-08927,3,90-07675A,(90-07675A) LFP Battery Block with Wall Bracket,1,See Special Instructions,,814-4641@RevNEW4,ASN_20260806.csv,2026-08-05 18:00:21,2026-08-05 18:00:34,2026-08-05 18:00:34
P:90-07675AR:01S:QTL263200062,2026-08-04 17:00:00,53210,"1195 Trademark Drive, Suite 201",190182,PO-US-08927,3,90-07675A,(90-07675A) LFP Battery Block with Wall Bracket,1,See Special Instructions,,814-4641@RevNEW4,ASN_20260807.csv,2026-08-06 18:00:24,2026-08-06 18:00:34,2026-08-06 18:00:34
P:90-07675AR:01S:QTL263200063,2026-08-04 17:00:00,53210,"1195 Trademark Drive, Suite 201",190182,PO-US-08927,3,90-07675A,(90-07675A) LFP Battery Block with Wall Bracket,1,See Special Instructions,,814-4641@RevNEW4,ASN_20260806.csv,2026-08-05 18:00:21,2026-08-05 18:00:34,2026-08-05 18:00:34
P:90-07675AR:01S:QTL263200064,2026-08-04 17:00:00,53210,"1195 Trademark Drive, Suite 201",190182,PO-US-08927,3,90-07675A,(90-07675A) LFP Battery Block with Wall Bracket,1,See Special Instructions,,814-4641@RevNEW4,ASN_20260806.csv,2026-08-05 18:00:21,2026-08-05 18:00:34,2026-08-05 18:00:34
P:90-07675AR:01S:QTL263200065,2026-08-04 17:00:00,53210,"1195 Trademark Drive, Suite 201",190182,PO-US-08927,3,90-07675A,(90-07675A) LFP Battery Block with Wall Bracket,1,See Special Instructions,,814-4641@RevNEW4,ASN_20260807.csv,2026-08-06 18:00:24,2026-08-06 18:00:34,2026-08-06 18:00:34
P:90-07675AR:01S:QTL263200066,2026-08-04 17:00:00,53210,"1195 Trademark Drive, Suite 201",190182,PO-US-08927,3,90-07675A,(90-07675A) LFP Battery Block with Wall Bracket,1,See Special Instructions,,814-4641@RevNEW4,ASN_20260806.csv,2026-08-05 18:00:21,2026-08-05 18:00:34,2026-08-05 18:00:34
P:90-07675AR:01S:QTL263200067,2026-08-04 17:00:00,53210,"1195 Trademark Drive, Suite 201",190182,PO-US-08927,3,90-07675A,(90-07675A) LFP Battery Block with Wall Bracket,1,See Special Instructions,,814-4641@RevNEW4,ASN_20260806.csv,2026-08-05 18:00:21,2026-08-05 18:00:34,2026-08-05 18:00:34
P:90-07675AR:01S:QTL263200068,2026-08-04 17:00:00,53210,"1195 Trademark Drive, Suite 201",190182,PO-US-08927,3,90-07675A,(90-07675A) LFP Battery Block with Wall Bracket,1,See Special Instructions,,814-4641@RevNEW4,ASN_20260806.csv,2026-08-05 18:00:21,2026-08-05 18:00:34,2026-08-05 18:00:34
P:90-07675AR:01S:QTL263200069,2026-08-04 17:00:00,53210,"1195 Trademark Drive, Suite 201",190182,PO-US-08927,3,90-07675A,(90-07675A) LFP Battery Block with Wall Bracket,1,See Special Instructions,,814-4641@RevNEW4,ASN_20260806.csv,2026-08-05 18:00:21,2026-08-05 18:00:34,2026-08-05 18:00:34
P:90-07675AR:01S:QTL263200070,2026-08-04 17:00:00,53210,"1195 Trademark Drive, Suite 201",190182,PO-US-08927,3,90-07675A,(90-07675A) LFP Battery Block with Wall Bracket,1,See Special Instructions,,814-4641@RevNEW4,ASN_20260806.csv,2026-08-05 18:00:21,2026-08-05 18:00:34,2026-08-05 18:00:34
P:90-07675AR:01S:QTL263200071,2026-08-04 17:00:00,53210,"1195 Trademark Drive, Suite 201",190182,PO-US-08927,3,90-07675A,(90-07675A) LFP Battery Block with Wall Bracket,1,See Special Instructions,,814-4641@RevNEW4,ASN_20260806.csv,2026-08-05 18:00:21,2026-08-05 18:00:34,2026-08-05 18:00:34
P:90-07675AR:01S:QTL263200072,2026-08-04 17:00:00,53210,"1195 Trademark Drive, Suite 201",190182,PO-US-08927,3,90-07675A,(90-07675A) LFP Battery Block with Wall Bracket,1,See Special Instructions,,814-4641@RevNEW4,ASN_20260806.csv,2026-08-05 18:00:21,2026-08-05 18:00:34,2026-08-05 18:00:34
P:90-07675AR:01S:QTL263200073,2026-08-04 17:00:00,53210,"1195 Trademark Drive, Suite 201",190182,PO-US-08927,3,90-07675A,(90-07675A) LFP Battery Block with Wall Bracket,1,See Special Instructions,,814-4641@RevNEW4,ASN_20260807.csv,2026-08-06 18:00:24,2026-08-06 18:00:34,2026-08-06 18:00:34
P:90-07675AR:01S:QTL263200074,2026-08-04 17:00:00,53210,"1195 Trademark Drive, Suite 201",190182,PO-US-08927,3,90-07675A,(90-07675A) LFP Battery Block with Wall Bracket,1,See Special Instructions,,814-4641@RevNEW4,ASN_20260806.csv,2026-08-05 18:00:21,2026-08-05 18:00:34,2026-08-05 18:00:34
P:90-07675AR:01S:QTL263200075,2026-08-04 17:00:00,53210,"1195 Trademark Drive, Suite 201",190182,PO-US-08927,3,90-07675A,(90-07675A) LFP Battery Block with Wall Bracket,1,See Special Instructions,,814-4641@RevNEW4,ASN_20260806.csv,2026-08-05 18:00:21,2026-08-05 18:00:34,2026-08-05 18:00:34
P:90-07675AR:01S:QTL263200076,2026-08-04 17:00:00,53210,"1195 Trademark Drive, Suite 201",190182,PO-US-08927,3,90-07675A,(90-07675A) LFP Battery Block with Wall Bracket,1,See Special Instructions,,814-4641@RevNEW4,ASN_20260806.csv,2026-08-05 18:00:21,2026-08-05 18:00:34,2026-08-05 18:00:34
P:90-07675AR:01S:QTL263200077,2026-08-04 17:00:00,53210,"1195 Trademark Drive, Suite 201",190182,PO-US-08927,3,90-07675A,(90-07675A) LFP Battery Block with Wall Bracket,1,See Special Instructions,,814-4641@RevNEW4,ASN_20260807.csv,2026-08-06 18:00:24,2026-08-06 18:00:34,2026-08-06 18:00:34
P:90-07675AR:01S:QTL263200078,2026-08-04 17:00:00,53210,"1195 Trademark Drive, Suite 201",190182,PO-US-08927,3,90-07675A,(90-07675A) LFP Battery Block with Wall Bracket,1,See Special Instructions,,814-4641@RevNEW4,ASN_20260806.csv,2026-08-05 18:00:21,2026-08-05 18:00:34,2026-08-05 18:00:34
P:90-07675AR:01S:QTL263200079,2026-08-04 17:00:00,53210,"1195 Trademark Drive, Suite 201",190182,PO-US-08927,3,90-07675A,(90-07675A) LFP Battery Block with Wall Bracket,1,See Special Instructions,,814-4641@RevNEW4,ASN_20260806.csv,2026-08-05 18:00:21,2026-08-05 18:00:34,2026-08-05 18:00:34
P:90-07675AR:01S:QTL263200080,2026-08-04 17:00:00,53210,"1195 Trademark Drive, Suite 201",190182,PO-US-08927,3,90-07675A,(90-07675A) LFP Battery Block with Wall Bracket,1,See Special Instructions,,814-4641@RevNEW4,ASN_20260806.csv,2026-08-05 18:00:21,2026-08-05 18:00:34,2026-08-05 18:00:34
P:90-07675AR:01S:QTL263200081,2026-08-04 17:00:00,53210,"1195 Trademark Drive, Suite 201",190182,PO-US-08927,3,90-07675A,(90-07675A) LFP Battery Block with Wall Bracket,1,See Special Instructions,,814-4641@RevNEW4,ASN_20260807.csv,2026-08-06 18:00:24,2026-08-06 18:00:34,2026-08-06 18:00:34
P:90-07675AR:01S:QTL263200082,2026-08-04 17:00:00,53210,"1195 Trademark Drive, Suite 201",190182,PO-US-08927,3,90-07675A,(90-07675A) LFP Battery Block with Wall Bracket,1,See Special Instructions,,814-4641@RevNEW4,ASN_20260806.csv,2026-08-05 18:00:21,2026-08-05 18:00:34,2026-08-05 18:00:34
P:90-07675AR:01S:QTL263200083,2026-08-04 17:00:00,53210,"1195 Trademark Drive, Suite 201",190182,PO-US-08927,3,90-07675A,(90-07675A) LFP Battery Block with Wall Bracket,1,See Special Instructions,,814-4641@RevNEW4,ASN_20260807.csv,2026-08-06 18:00:24,2026-08-06 18:00:34,2026-08-06 18:00:34
P:90-07675AR:01S:QTL263200084,2026-08-04 17:00:00,53210,"1195 Trademark Drive, Suite 201",190182,PO-US-08927,3,90-07675A,(90-07675A) LFP Battery Block with Wall Bracket,1,See Special Instructions,,814-4641@RevNEW4,ASN_20260806.csv,2026-08-05 18:00:21,2026-08-05 18:00:34,2026-08-05 18:00:34
P:90-07675AR:01S:QTL263200085,2026-08-04 17:00:00,53210,"1195 Trademark Drive, Suite 201",190182,PO-US-08927,3,90-07675A,(90-07675A) LFP Battery Block with Wall Bracket,1,See Special Instructions,,814-4641@RevNEW4,ASN_20260807.csv,2026-08-06 18:00:24,2026-08-06 18:00:34,2026-08-06 18:00:34
P:90-07675AR:01S:QTL263200086,2026-08-04 17:00:00,53210,"1195 Trademark Drive, Suite 201",190182,PO-US-08927,3,90-07675A,(90-07675A) LFP Battery Block with Wall Bracket,1,See Special Instructions,,814-4641@RevNEW4,ASN_20260806.csv,2026-08-05 18:00:21,2026-08-05 18:00:34,2026-08-05 18:00:34
P:90-07675AR:01S:QTL263200087,2026-08-04 17:00:00,53210,"1195 Trademark Drive, Suite 201",190182,PO-US-08927,3,90-07675A,(90-07675A) LFP Battery Block with Wall Bracket,1,See Special Instructions,,814-4641@RevNEW4,ASN_20260807.csv,2026-08-06 18:00:24,2026-08-06 18:00:34,2026-08-06 18:00:34
P:90-07675AR:01S:QTL263200088,2026-08-04 17:00:00,53210,"1195 Trademark Drive, Suite 201",190182,PO-US-08927,3,90-07675A,(90-07675A) LFP Battery Block with Wall Bracket,1,See Special Instructions,,814-4641@RevNEW4,ASN_20260806.csv,2026-08-05 18:00:21,2026-08-05 18:00:34,2026-08-05 18:00:34
P:90-07675AR:01S:QTL263200089,2026-08-04 17:00:00,53210,"1195 Trademark Drive, Suite 201",190182,PO-US-08927,3,90-07675A,(90-07675A) LFP Battery Block with Wall Bracket,1,See Special Instructions,,814-4641@RevNEW4,ASN_20260806.csv,2026-08-05 18:00:21,2026-08-05 18:00:34,2026-08-05 18:00:34
P:90-07675AR:01S:QTL263200090,2026-08-04 17:00:00,53210,"1195 Trademark Drive, Suite 201",190182,PO-US-08927,3,90-07675A,(90-07675A) LFP Battery Block with Wall Bracket,1,See Special Instructions,,814-4641@RevNEW4,ASN_20260807.csv,2026-08-06 18:00:24,2026-08-06 18:00:34,2026-08-06 18:00:34
P:90-07675AR:01S:QTL263200091,2026-08-04 17:00:00,53210,"1195 Trademark Drive, Suite 201",190182,PO-US-08927,3,90-07675A,(90-07675A) LFP Battery Block with Wall Bracket,1,See Special Instructions,,814-4641@RevNEW4,ASN_20260806.csv,2026-08-05 18:00:21,2026-08-05 18:00:34,2026-08-05 18:00:34
P:90-07675AR:01S:QTL263200092,2026-08-04 17:00:00,53210,"1195 Trademark Drive, Suite 201",190182,PO-US-08927,3,90-07675A,(90-07675A) LFP Battery Block with Wall Bracket,1,See Special Instructions,,814-4641@RevNEW4,ASN_20260806.csv,2026-08-05 18:00:21,2026-08-05 18:00:34,2026-08-05 18:00:34
P:90-07675AR:01S:QTL263200093,2026-08-04 17:00:00,53210,"1195 Trademark Drive, Suite 201",190182,PO-US-08927,3,90-07675A,(90-07675A) LFP Battery Block with Wall Bracket,1,See Special Instructions,,814-4641@RevNEW4,ASN_20260807.csv,2026-08-06 18:00:24,2026-08-06 18:00:34,2026-08-06 18:00:34
P:90-07675AR:01S:QTL263200094,2026-08-04 17:00:00,53210,"1195 Trademark Drive, Suite 201",190182,PO-US-08927,3,90-07675A,(90-07675A) LFP Battery Block with Wall Bracket,1,See Special Instructions,,814-4641@RevNEW4,ASN_20260806.csv,2026-08-05 18:00:21,2026-08-05 18:00:34,2026-08-05 18:00:34
P:90-07675AR:01S:QTL263200095,2026-08-04 17:00:00,53210,"1195 Trademark Drive, Suite 201",190182,PO-US-08927,3,90-07675A,(90-07675A) LFP Battery Block with Wall Bracket,1,See Special Instructions,,814-4641@RevNEW4,ASN_20260807.csv,2026-08-06 18:00:24,2026-08-06 18:00:34,2026-08-06 18:00:34
P:90-07675AR:01S:QTL263200096,2026-08-04 17:00:00,53210,"1195 Trademark Drive, Suite 201",190182,PO-US-08927,3,90-07675A,(90-07675A) LFP Battery Block with Wall Bracket,1,See Special Instructions,,814-4641@RevNEW4,ASN_20260807.csv,2026-08-06 18:00:24,2026-08-06 18:00:34,2026-08-06 18:00:34
P:90-07675AR:01S:QTL263200098,2026-08-04 17:00:00,53210,"1195 Trademark Drive, Suite 201",190182,PO-US-08927,3,90-07675A,(90-07675A) LFP Battery Block with Wall Bracket,1,See Special Instructions,,814-4641@RevNEW4,ASN_20260806.csv,2026-08-05 18:00:21,2026-08-05 18:00:34,2026-08-05 18:00:34
P:90-07675AR:01S:QTL263200099,2026-08-04 17:00:00,53210,"1195 Trademark Drive, Suite 201",190182,PO-US-08927,3,90-07675A,(90-07675A) LFP Battery Block with Wall Bracket,1,See Special Instructions,,814-4641@RevNEW4,ASN_20260807.csv,2026-08-06 18:00:24,2026-08-06 18:00:34,2026-08-06 18:00:34
P:90-07675AR:01S:QTL263200100,2026-08-04 17:00:00,53210,"1195 Trademark Drive, Suite 201",190182,PO-US-08927,3,90-07675A,(90-07675A) LFP Battery Block with Wall Bracket,1,See Special Instructions,,814-4641@RevNEW4,ASN_20260806.csv,2026-08-05 18:00:21,2026-08-05 18:00:34,2026-08-05 18:00:34
P:90-07675AR:01S:QTL263200101,2026-08-04 17:00:00,53210,"1195 Trademark Drive, Suite 201",190182,PO-US-08927,3,90-07675A,(90-07675A) LFP Battery Block with Wall Bracket,1,See Special Instructions,,814-4641@RevNEW4,ASN_20260807.csv,2026-08-06 18:00:24,2026-08-06 18:00:34,2026-08-06 18:00:34