Updated at,item_number,item_name,revision,procurement_type,unit_of_measure,category_name,lifecycle_phase,vendor,Product Alias,Parent Product LPN,Parent Product Name,CM,Product Usage per ESS,Flat Qty,Sourcing Flat Qty
08-04-2026,10-06950A,"Cell Array Assy, LFP DC ESS, 51.2V, 100Ah Std Temp Cell, 20% SOC, 220W heater",5,MTS,Each,Assembly,In Production,A//ACE Battery,2.0 LFP - EVT with cover,90-06948C,LFP Battery Block with ESS Cover and Wall Bracket,Qualitel,4,1,1
08-04-2026,10-06950A,"Cell Array Assy, LFP DC ESS, 51.2V, 100Ah Std Temp Cell, 20% SOC, 220W heater",5,MTS,Each,Assembly,In Production,A//ACE Battery,2.0 LFP - EVT without cover,90-07675A,LFP Battery Block with Wall Bracket,Qualitel,4,1,0
08-04-2026,10-08140A,Nut M5 × 0.8 Brass Overmolded Square,1,OTS,Each,Part,In Planning,A//ACE Battery,2.1 LFP Block,90-08373A,"Battery Block with Wall Bracket, LFP, L2.1",Qualitel,4,2,0
08-04-2026,10-08374A,"Packaging Kit, LFP L2.1 Battery Block and Wall Bracket",1,OTS,Each,Part,In Planning,,2.1 LFP Block,90-08373A,"Battery Block with Wall Bracket, LFP, L2.1",Qualitel,4,1,1
08-04-2026,10-07851A,"HOOK, LEFT, INVERTER, HE",2,MTS,Each,Part,In Planning,GS//TBD,11 KW Inverter,90-08096A,"Lunar 3 Inverter, Boxed",TBD,1,1,1
08-04-2026,10-07719A,"HE Inverter Enclosure, Top Mount Door Hinge Base, Lunar 3",1,MTS,Each,Part,In Planning,GS//TBD,11 KW Inverter,90-08096A,"Lunar 3 Inverter, Boxed",TBD,1,2,2
08-04-2026,10-007019,DIODE TVS BIDIRECTIONAL 53.3V CLAMPING 33VWM SMA,1,OTS,Each,Electrical Components,In Production,,Link,30-07519A,Lunar Link PCBA,Sienna,1,2,2
08-04-2026,30-07555C,Lunar 2.1 DCDC-BMS PCBA,2,MTS,Each,PCBA,In Planning,,2.1 LFP Block,90-08373A,"Battery Block with Wall Bracket, LFP, L2.1",Qualitel,4,1,0
08-04-2026,10-07682A,"Thermal gap filler, Non-Curing, 6.2 W/mK, Dispensed, Single Part",1,OTS,Milliliter,Part,In Production,GS//TBD,2.0 LFP - EVT with cover,90-06948C,LFP Battery Block with ESS Cover and Wall Bracket,Qualitel,4,2,2
08-04-2026,10-07682A,"Thermal gap filler, Non-Curing, 6.2 W/mK, Dispensed, Single Part",1,OTS,Milliliter,Part,In Production,GS//TBD,2.0 LFP - EVT without cover,90-07675A,LFP Battery Block with Wall Bracket,Qualitel,4,2,0
08-04-2026,10-07682A,"Thermal gap filler, Non-Curing, 6.2 W/mK, Dispensed, Single Part",1,OTS,Milliliter,Part,In Production,GS//TBD,11 KW Inverter,90-08096A,"Lunar 3 Inverter, Boxed",TBD,1,1,1
08-04-2026,10-07682A,"Thermal gap filler, Non-Curing, 6.2 W/mK, Dispensed, Single Part",1,OTS,Milliliter,Part,In Production,GS//TBD,2.1 LFP Block,90-08373A,"Battery Block with Wall Bracket, LFP, L2.1",Qualitel,4,2,2
08-04-2026,10-08089A,"Wire, 26AWG, Lunar 3 Inverter",1,MTS,Each,Part,In Planning,,11 KW Inverter,90-08096A,"Lunar 3 Inverter, Boxed",TBD,1,1,0
08-04-2026,10-08083A,BN 6404 1983571 hexalobular socket button head screw M4x12,1,MTS,Each,Part,In Planning,GS//TBD,11 KW Inverter,90-08096A,"Lunar 3 Inverter, Boxed",TBD,1,22,22
08-04-2026,10-08061A,"Wall Hook, Upper, 4mm",1,MTS,Each,Part,In Planning,,2.1 LFP Block,90-08373A,"Battery Block with Wall Bracket, LFP, L2.1",Qualitel,4,2,0
08-04-2026,10-07937A,"Heat Sink with Seals, DCDC, LFP DC ESS",1,MTS,Each,Assembly,In Design,GS//TBD,2.1 LFP Block,90-08373A,"Battery Block with Wall Bracket, LFP, L2.1",Qualitel,4,1,1
08-04-2026,10-08043A,"Thread Forming Screw, M5 X 10mm, Torx",1,MTS,Each,Part,In Planning,,11 KW Inverter,90-08096A,"Lunar 3 Inverter, Boxed",TBD,1,4,0
08-04-2026,10-08011A,"Stirring Fan, 80x25mm",1,MTS,Each,Part,In Planning,,11 KW Inverter,90-08096A,"Lunar 3 Inverter, Boxed",TBD,1,1,0
08-04-2026,10-07932A,"Busbar, Bridge, Al",1,MTS,Each,Assembly,In Design,,2.1 LFP Block,90-08373A,"Battery Block with Wall Bracket, LFP, L2.1",Qualitel,4,1,0
08-04-2026,10-08028A,Busbar normal anchor w/o Nut,1,MTS,Each,Part,In Design,,2.1 LFP Block,90-08373A,"Battery Block with Wall Bracket, LFP, L2.1",Qualitel,4,3,0
08-04-2026,10-07884A,"RSD Switch Cover, Inverter, Gen 2",2,MTS,Each,Part,In Planning,GS//TBD,11 KW Inverter,90-08096A,"Lunar 3 Inverter, Boxed",TBD,1,1,1
08-04-2026,10-07930A,"Screw, M6x10, SEMS, 8.8",1,MTS,Each,Assembly,In Planning,,2.1 LFP Block,90-08373A,"Battery Block with Wall Bracket, LFP, L2.1",Qualitel,4,5,0
08-04-2026,10-07889A,Technical Specification for Zinc-Iron coated carbon steel sheetmetal,2,MTS,Gram,Part,In Planning,,2.1 LFP Block,90-08373A,"Battery Block with Wall Bracket, LFP, L2.1",Qualitel,4,7215,0
08-04-2026,10-006955,DIODE ZENER 3.3V 250MW SOT23-3 (2.9MM X 1.3MM),1,OTS,Each,Electrical Components,In Design,,2.1 LFP Block,90-08373A,"Battery Block with Wall Bracket, LFP, L2.1",Qualitel,4,1,1
08-04-2026,10-07384A,RES 10 OHM 1% 1/10W 0603,1,OTS,Each,Electrical Components,In Production,,11 KW Inverter,90-08096A,"Lunar 3 Inverter, Boxed",TBD,1,7,7
08-04-2026,10-07384A,RES 10 OHM 1% 1/10W 0603,1,OTS,Each,Electrical Components,In Production,,2.1 LFP Block,90-08373A,"Battery Block with Wall Bracket, LFP, L2.1",Qualitel,4,4,4
08-04-2026,10-07779A,"Shroud, L2.1 LFP DC ESS",2,MTS,Each,Part,In Design,,2.1 LFP Block,90-08373A,"Battery Block with Wall Bracket, LFP, L2.1",Qualitel,4,1,0
08-04-2026,10-005009,RES 59K OHM 1% 1/10W 0603 AEC-Q,2,OTS,Each,Electrical Components,In Production,,PV Hub,90-004034,"Maximizer Hub, Boxed",Sienna,1,1,1
08-04-2026,10-005190,RES 402K OHM 1% 1/4W 1206 AEC-Q,3,OTS,Each,Electrical Components,In Production,,9.6 KW Inverter,90-06889C,"Inverter 9.6kW with Cover and Brackets, Boxed, Lunar Blue",Sienna,1,60,60
08-04-2026,10-006999,SENSOR OPT SLOT PHOTOTRANS MODULE (5MM X 4MM) AEC-Q,1,OTS,Each,Electrical Components,In Design,,11 KW Inverter,90-08096A,"Lunar 3 Inverter, Boxed",TBD,1,1,1
08-04-2026,10-004521,"Fan with Connector,DC-DC, with Splice",2,OTS,Each,Part,In Production,GS//Delta Electronics,2.0 LFP - EVT with cover,90-06948C,LFP Battery Block with ESS Cover and Wall Bracket,Qualitel,4,1,1
08-04-2026,10-004521,"Fan with Connector,DC-DC, with Splice",2,OTS,Each,Part,In Production,GS//Delta Electronics,2.0 LFP - EVT without cover,90-07675A,LFP Battery Block with Wall Bracket,Qualitel,4,1,0
08-04-2026,10-006981,TRANSFORMER PULSE 1CT:1CT TX 1CT:1CT RX 18.29mm x 14.70mm,1,OTS,Each,Electrical Components,In Design,,11 KW Inverter,90-08096A,"Lunar 3 Inverter, Boxed",TBD,1,1,1
08-04-2026,10-06918A,"Label, N Terminal, Front, Inverter",4,MTS,Each,Part,In Production,,9.6 KW Inverter,90-06889C,"Inverter 9.6kW with Cover and Brackets, Boxed, Lunar Blue",Sienna,1,1,0
08-04-2026,10-06997C,"Foam Seal Assy, 4MM, Enclosure",4,MTS,Each,Assembly,In Production,A//ACE Battery,2.0 LFP - EVT with cover,90-06948C,LFP Battery Block with ESS Cover and Wall Bracket,Qualitel,4,1,1
08-04-2026,10-06997C,"Foam Seal Assy, 4MM, Enclosure",4,MTS,Each,Assembly,In Production,A//ACE Battery,2.0 LFP - EVT without cover,90-07675A,LFP Battery Block with Wall Bracket,Qualitel,4,1,0
08-04-2026,10-006958,RES 7.32K OHM 1% 1/16W 0402,1,OTS,Each,Electrical Components,In Design,,11 KW Inverter,90-08096A,"Lunar 3 Inverter, Boxed",TBD,1,1,1
08-04-2026,10-006954,DIODE ZENER 20V 250MW SOT23-3 (2.9MM X 1.3MM),1,OTS,Each,Electrical Components,In Planning,,2.1 LFP Block,90-08373A,"Battery Block with Wall Bracket, LFP, L2.1",Qualitel,4,1,1
08-04-2026,10-07747A,"Packaging, LFP BB + WB, Base Tray Assy",1,OTS,Each,Part,In Production,A//Veritiv Operating Company,2.0 LFP - EVT without cover,90-07675A,LFP Battery Block with Wall Bracket,Qualitel,4,1,0
08-04-2026,10-006688,RES SMD 500 UOHM 1% 10W 2512,1,OTS,Each,Electrical Components,Sunset - Phase Out,,2.0 LFP - EVT with cover,90-06948C,LFP Battery Block with ESS Cover and Wall Bracket,Qualitel,4,1,1
08-04-2026,10-006688,RES SMD 500 UOHM 1% 10W 2512,1,OTS,Each,Electrical Components,Sunset - Phase Out,,2.0 LFP - EVT without cover,90-07675A,LFP Battery Block with Wall Bracket,Qualitel,4,1,0
08-04-2026,10-006688,RES SMD 500 UOHM 1% 10W 2512,1,OTS,Each,Electrical Components,Sunset - Phase Out,,2.1 LFP Block,90-08373A,"Battery Block with Wall Bracket, LFP, L2.1",Qualitel,4,1,1
08-04-2026,10-002218,"Nut, M6, Hex Head, Steel, Serrated, Zn-Ni Plated",2,MTS,Each,Part,In Production,A//ACE Battery,2.0 LFP - EVT with cover,90-06948C,LFP Battery Block with ESS Cover and Wall Bracket,Qualitel,4,6,6
08-04-2026,10-002218,"Nut, M6, Hex Head, Steel, Serrated, Zn-Ni Plated",2,MTS,Each,Part,In Production,A//ACE Battery,2.0 LFP - EVT without cover,90-07675A,LFP Battery Block with Wall Bracket,Qualitel,4,6,0
08-04-2026,10-002218,"Nut, M6, Hex Head, Steel, Serrated, Zn-Ni Plated",2,MTS,Each,Part,In Production,A//ACE Battery,2.1 LFP Block,90-08373A,"Battery Block with Wall Bracket, LFP, L2.1",Qualitel,4,2,2
08-04-2026,10-006452,DIODE TVS 14VWM SOT23-6,1,OTS,Each,Electrical Components,Sunset - EOL,,MSAC,90-06700A,"MSA Controller, Boxed",Qualitel,1,2,2
08-04-2026,10-001729,CAP CER 0.022UF 50V X7R 0603 AEC-Q,1,OTS,Each,Electrical Components,Sunset - Phase Out,,Terminal PCBA (TRM),10-06103C,"PCBA, Terminal Board, Type C, Coated",Qualitel,1,1,1
08-04-2026,10-001729,CAP CER 0.022UF 50V X7R 0603 AEC-Q,1,OTS,Each,Electrical Components,Sunset - Phase Out,,Bridge,90-06801A,"Bridge, Type B, Boxed, Lunar Blue",Sienna,1,1,1
08-04-2026,10-001729,CAP CER 0.022UF 50V X7R 0603 AEC-Q,1,OTS,Each,Electrical Components,Sunset - Phase Out,,9.6 KW Inverter,90-06889C,"Inverter 9.6kW with Cover and Brackets, Boxed, Lunar Blue",Sienna,1,1,1
08-04-2026,90-07290A,20kWh LFP ESS Hardware Kit,4,MTS,Each,Top Level Assembly,In Production,A//Sienna,LFP HW Kit,90-07290A,20kWh LFP ESS Hardware Kit,Sienna,1,1,1
08-04-2026,10-001658,CAP CER 1UF 100V X7S 0805 AEC-Q,1,OTS,Each,Electrical Components,Sunset - Phase Out,,Terminal PCBA (TRM),10-06103C,"PCBA, Terminal Board, Type C, Coated",Qualitel,1,1,1
08-04-2026,10-001658,CAP CER 1UF 100V X7S 0805 AEC-Q,1,OTS,Each,Electrical Components,Sunset - Phase Out,,9.6 KW Inverter,90-06889C,"Inverter 9.6kW with Cover and Brackets, Boxed, Lunar Blue",Sienna,1,1,1
08-04-2026,10-07566A,PC cover B,1,OTS,Each,Part,In Production,A//ACE Battery,2.0 LFP - EVT with cover,90-06948C,LFP Battery Block with ESS Cover and Wall Bracket,Qualitel,4,1,0
08-04-2026,10-07566A,PC cover B,1,OTS,Each,Part,In Production,A//ACE Battery,2.0 LFP - EVT without cover,90-07675A,LFP Battery Block with Wall Bracket,Qualitel,4,1,0
08-04-2026,10-07571A,"Busbar, Cu, A",1,OTS,Each,Part,In Production,A//ACE Battery,2.0 LFP - EVT with cover,90-06948C,LFP Battery Block with ESS Cover and Wall Bracket,Qualitel,4,1,0
08-04-2026,10-07571A,"Busbar, Cu, A",1,OTS,Each,Part,In Production,A//ACE Battery,2.0 LFP - EVT without cover,90-07675A,LFP Battery Block with Wall Bracket,Qualitel,4,1,0
08-04-2026,10-07580A,Pressure Strip,1,OTS,Each,Part,In Production,A//ACE Battery,2.0 LFP - EVT with cover,90-06948C,LFP Battery Block with ESS Cover and Wall Bracket,Qualitel,4,4,0
08-04-2026,10-07580A,Pressure Strip,1,OTS,Each,Part,In Production,A//ACE Battery,2.0 LFP - EVT without cover,90-07675A,LFP Battery Block with Wall Bracket,Qualitel,4,4,0
08-04-2026,10-000637,CAP CER 4.7PF 50V C0G/NPO 0402 AEC-Q,1,OTS,Each,Electrical Components,Sunset - Phase Out,,Terminal PCBA (TRM),10-06103C,"PCBA, Terminal Board, Type C, Coated",Qualitel,1,2,2
08-04-2026,10-000637,CAP CER 4.7PF 50V C0G/NPO 0402 AEC-Q,1,OTS,Each,Electrical Components,Sunset - Phase Out,,PV Hub,90-004034,"Maximizer Hub, Boxed",Sienna,1,2,2
08-04-2026,10-000637,CAP CER 4.7PF 50V C0G/NPO 0402 AEC-Q,1,OTS,Each,Electrical Components,Sunset - Phase Out,,Bridge,90-06801A,"Bridge, Type B, Boxed, Lunar Blue",Sienna,1,2,2
08-04-2026,10-000637,CAP CER 4.7PF 50V C0G/NPO 0402 AEC-Q,1,OTS,Each,Electrical Components,Sunset - Phase Out,,9.6 KW Inverter,90-06889C,"Inverter 9.6kW with Cover and Brackets, Boxed, Lunar Blue",Sienna,1,2,2
08-04-2026,10-000564,CAP CER 1.2PF 50V C0G/NPO 0402 AEC-Q,1,OTS,Each,Electrical Components,Sunset - Phase Out,,Terminal PCBA (TRM),10-06103C,"PCBA, Terminal Board, Type C, Coated",Qualitel,1,1,1
08-04-2026,10-000564,CAP CER 1.2PF 50V C0G/NPO 0402 AEC-Q,1,OTS,Each,Electrical Components,Sunset - Phase Out,,PV Hub,90-004034,"Maximizer Hub, Boxed",Sienna,1,1,1
08-04-2026,10-000564,CAP CER 1.2PF 50V C0G/NPO 0402 AEC-Q,1,OTS,Each,Electrical Components,Sunset - Phase Out,,Bridge,90-06801A,"Bridge, Type B, Boxed, Lunar Blue",Sienna,1,1,1
08-04-2026,10-000564,CAP CER 1.2PF 50V C0G/NPO 0402 AEC-Q,1,OTS,Each,Electrical Components,Sunset - Phase Out,,9.6 KW Inverter,90-06889C,"Inverter 9.6kW with Cover and Brackets, Boxed, Lunar Blue",Sienna,1,1,1
08-04-2026,10-003671,"Home Controller,Molded",6,MTS,Each,Assembly,In Production,,9.6 KW Inverter,90-06889C,"Inverter 9.6kW with Cover and Brackets, Boxed, Lunar Blue",Sienna,1,1,0
08-04-2026,10-07377A,"Foam Tape, Adhesive, Double Sided, 7.7mm",1,OTS,Millimeter Square,Part,In Production,A//Singleton,Maximizer Box,90-06831D,"Maximizer, Boxed",Sienna,1,7440,0
08-04-2026,10-06919A,TERM BLK 4POS SIDE ENTRY 5MM PCB,2,OTS,Each,Electrical Components,In Production,,MSAC,90-06700A,"MSA Controller, Boxed",Qualitel,1,1,1
08-04-2026,10-000903,"Plug,Conduit,Sealing,Stepped,3/4""",1,OTS,Each,Part,In Production,A//Open AML,MSAC,90-06700A,"MSA Controller, Boxed",Qualitel,1,1,1
08-04-2026,10-000903,"Plug,Conduit,Sealing,Stepped,3/4""",1,OTS,Each,Part,In Production,A//Open AML,9.6 KW Inverter,90-06889C,"Inverter 9.6kW with Cover and Brackets, Boxed, Lunar Blue",Sienna,1,4,4
08-04-2026,20-005485,"PCB, Lunar Bridge Interface Board, Type B",2,MTS,Each,PCB,In Production,GS//Sunshine PCB,Bridge,90-06801A,"Bridge, Type B, Boxed, Lunar Blue",Sienna,1,1,1
08-04-2026,10-07372A,"VOLTAGE TEMPERATURE SENSE HARNESS, A, BLACK",1,OTS,Each,Part,In Production,A//ACE Battery,2.0 LFP - EVT with cover,90-06948C,LFP Battery Block with ESS Cover and Wall Bracket,Qualitel,4,1,0
08-04-2026,10-07372A,"VOLTAGE TEMPERATURE SENSE HARNESS, A, BLACK",1,OTS,Each,Part,In Production,A//ACE Battery,2.0 LFP - EVT without cover,90-07675A,LFP Battery Block with Wall Bracket,Qualitel,4,1,0
08-04-2026,10-07267A,CAP CER 1UF 450V X7T 2220,1,OTS,Each,Electrical Components,In Planning,,2.1 LFP Block,90-08373A,"Battery Block with Wall Bracket, LFP, L2.1",Qualitel,4,6,6
08-04-2026,10-006817,IND FIXED 3.3NH 700MA 45MOHM SMD 0603,1,OTS,Each,Electrical Components,In Design,,11 KW Inverter,90-08096A,"Lunar 3 Inverter, Boxed",TBD,1,1,1
08-04-2026,10-07199A,CONN HEADER VERT 8POS 2.54MM PTH 18.8MM L X 22.05MM D X 28.05MM H,1,OTS,Each,Electrical Components,In Design,,11 KW Inverter,90-08096A,"Lunar 3 Inverter, Boxed",TBD,1,1,1
08-04-2026,10-000660,RES 120 OHM 1% 1/2W 1206 AEC-Q,1,OTS,Each,Electrical Components,In Production,,Terminal PCBA (TRM),10-06103C,"PCBA, Terminal Board, Type C, Coated",Qualitel,1,10,10
08-04-2026,10-000660,RES 120 OHM 1% 1/2W 1206 AEC-Q,1,OTS,Each,Electrical Components,In Production,,MSAC,90-06700A,"MSA Controller, Boxed",Qualitel,1,4,4
08-04-2026,10-000660,RES 120 OHM 1% 1/2W 1206 AEC-Q,1,OTS,Each,Electrical Components,In Production,,Bridge,90-06801A,"Bridge, Type B, Boxed, Lunar Blue",Sienna,1,4,4
08-04-2026,10-000660,RES 120 OHM 1% 1/2W 1206 AEC-Q,1,OTS,Each,Electrical Components,In Production,,9.6 KW Inverter,90-06889C,"Inverter 9.6kW with Cover and Brackets, Boxed, Lunar Blue",Sienna,1,10,10
08-04-2026,10-000660,RES 120 OHM 1% 1/2W 1206 AEC-Q,1,OTS,Each,Electrical Components,In Production,,11 KW Inverter,90-08096A,"Lunar 3 Inverter, Boxed",TBD,1,35,35
08-04-2026,10-004995,"Ground Sheet, Wiring Compartment, Inverter, D",3,MTS,Each,Part,In Production,A//Metcam,9.6 KW Inverter,90-06889C,"Inverter 9.6kW with Cover and Brackets, Boxed, Lunar Blue",Sienna,1,1,1
08-04-2026,10-07086A,"Terminal, Female, Amphenol, Nickel Plt, 13A,18-20AWG",1,OTS,Each,Part,In Production,,HW Kit,90-001223,"20kWh Hardware Kit, Lunar Blue",Sienna,1,14,0
08-04-2026,10-07086A,"Terminal, Female, Amphenol, Nickel Plt, 13A,18-20AWG",1,OTS,Each,Part,In Production,,LFP HW Kit,90-07290A,20kWh LFP ESS Hardware Kit,Sienna,1,14,0
08-04-2026,10-006582,CAP CER 1000PF 2KV X7R 1206,1,OTS,Each,Electrical Components,In Production,,Maximizer Box,90-06831D,"Maximizer, Boxed",Sienna,1,20,20
08-04-2026,10-006582,CAP CER 1000PF 2KV X7R 1206,1,OTS,Each,Electrical Components,In Production,,11 KW Inverter,90-08096A,"Lunar 3 Inverter, Boxed",TBD,1,1,1
08-04-2026,10-004545,ESS Top Cover LRG Asy,5,MTS,Each,Part,In Production,A//JPOND,HW Kit,90-001223,"20kWh Hardware Kit, Lunar Blue",Sienna,1,1,1
08-04-2026,10-004545,ESS Top Cover LRG Asy,5,MTS,Each,Part,In Production,A//JPOND,LFP HW Kit,90-07290A,20kWh LFP ESS Hardware Kit,Sienna,1,1,0
08-04-2026,10-001735,CAP CER 1UF 100V X7R 1206 AEC-Q,1,OTS,Each,Electrical Components,Sunset - Phase Out,,2.0 LFP - EVT with cover,90-06948C,LFP Battery Block with ESS Cover and Wall Bracket,Qualitel,4,1,1
08-04-2026,10-001735,CAP CER 1UF 100V X7R 1206 AEC-Q,1,OTS,Each,Electrical Components,Sunset - Phase Out,,2.0 LFP - EVT without cover,90-07675A,LFP Battery Block with Wall Bracket,Qualitel,4,1,0
08-04-2026,10-001722,CAP CER 10000PF 50V X8R 0603,1,OTS,Each,Electrical Components,Sunset - Phase Out,,Power PCBA (IPC),10-06105C,"PCBA, Power Board, Type C, Coated",Qualitel,1,5,5
08-04-2026,10-001722,CAP CER 10000PF 50V X8R 0603,1,OTS,Each,Electrical Components,Sunset - Phase Out,,Maximizer Box,90-06831D,"Maximizer, Boxed",Sienna,1,20,20
08-04-2026,10-001722,CAP CER 10000PF 50V X8R 0603,1,OTS,Each,Electrical Components,Sunset - Phase Out,,9.6 KW Inverter,90-06889C,"Inverter 9.6kW with Cover and Brackets, Boxed, Lunar Blue",Sienna,1,5,5
08-04-2026,10-001105,RES SMD 30K OHM 1% 1/10W 0402 AEC-Q,1,OTS,Each,Electrical Components,In Production,,Terminal PCBA (TRM),10-06103C,"PCBA, Terminal Board, Type C, Coated",Qualitel,1,3,3
08-04-2026,10-001105,RES SMD 30K OHM 1% 1/10W 0402 AEC-Q,1,OTS,Each,Electrical Components,In Production,,9.6 KW Inverter,90-06889C,"Inverter 9.6kW with Cover and Brackets, Boxed, Lunar Blue",Sienna,1,3,3
08-04-2026,10-001105,RES SMD 30K OHM 1% 1/10W 0402 AEC-Q,1,OTS,Each,Electrical Components,In Production,,11 KW Inverter,90-08096A,"Lunar 3 Inverter, Boxed",TBD,1,3,3
08-04-2026,10-000595,CAP CER 22UF 16V X7R 1210 AEC-Q,2,OTS,Each,Electrical Components,Sunset - Phase Out,,Bridge,90-06801A,"Bridge, Type B, Boxed, Lunar Blue",Sienna,1,4,4
08-04-2026,10-000595,CAP CER 22UF 16V X7R 1210 AEC-Q,2,OTS,Each,Electrical Components,Sunset - Phase Out,,2.0 LFP - EVT with cover,90-06948C,LFP Battery Block with ESS Cover and Wall Bracket,Qualitel,4,2,2
08-04-2026,10-000595,CAP CER 22UF 16V X7R 1210 AEC-Q,2,OTS,Each,Electrical Components,Sunset - Phase Out,,2.0 LFP - EVT without cover,90-07675A,LFP Battery Block with Wall Bracket,Qualitel,4,2,0
08-04-2026,10-005169,"DC Contactor Cover, D",3,MTS,Each,Part,In Production,A//JPOND,9.6 KW Inverter,90-06889C,"Inverter 9.6kW with Cover and Brackets, Boxed, Lunar Blue",Sienna,1,1,1
08-04-2026,10-005151,"Potted Wire Passthrough and Inductor Housing, Inverter Power Module, D",4,MTS,Each,Part,In Production,GS//Avnet,9.6 KW Inverter,90-06889C,"Inverter 9.6kW with Cover and Brackets, Boxed, Lunar Blue",Sienna,1,1,1
08-04-2026,10-005004,RES SMD 7.5 OHM 5% 3W 5322,2,OTS,Each,Electrical Components,Sunset - Phase Out,,Terminal PCBA (TRM),10-06103C,"PCBA, Terminal Board, Type C, Coated",Qualitel,1,4,4
08-04-2026,10-005004,RES SMD 7.5 OHM 5% 3W 5322,2,OTS,Each,Electrical Components,Sunset - Phase Out,,9.6 KW Inverter,90-06889C,"Inverter 9.6kW with Cover and Brackets, Boxed, Lunar Blue",Sienna,1,4,4
08-04-2026,10-005027,"Filter Board Base, Die Cast, Inverter, D",4,MTS,Each,Part,In Production,A//MyHeatSinks,9.6 KW Inverter,90-06889C,"Inverter 9.6kW with Cover and Brackets, Boxed, Lunar Blue",Sienna,1,1,1
08-04-2026,10-004660,CAP FILM 0.033UF 20% 1.5KVDC RAD,1,OTS,Each,Electrical Components,Sunset - Phase Out,,2.0 LFP - EVT with cover,90-06948C,LFP Battery Block with ESS Cover and Wall Bracket,Qualitel,4,2,2
08-04-2026,10-004660,CAP FILM 0.033UF 20% 1.5KVDC RAD,1,OTS,Each,Electrical Components,Sunset - Phase Out,,2.0 LFP - EVT without cover,90-07675A,LFP Battery Block with Wall Bracket,Qualitel,4,2,0
08-04-2026,10-004856,CAP CER 10UF 25V X7S 0805,1,OTS,Each,Electrical Components,In Production,,Power PCBA (IPC),10-06105C,"PCBA, Power Board, Type C, Coated",Qualitel,1,4,4
08-04-2026,10-004856,CAP CER 10UF 25V X7S 0805,1,OTS,Each,Electrical Components,In Production,,9.6 KW Inverter,90-06889C,"Inverter 9.6kW with Cover and Brackets, Boxed, Lunar Blue",Sienna,1,4,4
08-04-2026,10-004856,CAP CER 10UF 25V X7S 0805,1,OTS,Each,Electrical Components,In Production,,2.0 LFP - EVT with cover,90-06948C,LFP Battery Block with ESS Cover and Wall Bracket,Qualitel,4,4,4
08-04-2026,10-004856,CAP CER 10UF 25V X7S 0805,1,OTS,Each,Electrical Components,In Production,,2.0 LFP - EVT without cover,90-07675A,LFP Battery Block with Wall Bracket,Qualitel,4,4,0
08-04-2026,10-004809,"Wire Harness,Inverter,Home Controller",4,OTS,Each,Part,In Production,A//Avalon,9.6 KW Inverter,90-06889C,"Inverter 9.6kW with Cover and Brackets, Boxed, Lunar Blue",Sienna,1,1,1
08-04-2026,10-004806,"Wire Harness, Inverter, Filtered AC Jumper",4,MTS,Each,Part,In Production,A//Avalon,9.6 KW Inverter,90-06889C,"Inverter 9.6kW with Cover and Brackets, Boxed, Lunar Blue",Sienna,1,1,1
08-04-2026,10-004734,"Wire Harness,Inverter,Nano-fit",2,MTS,Each,Part,In Production,A//Avalon,9.6 KW Inverter,90-06889C,"Inverter 9.6kW with Cover and Brackets, Boxed, Lunar Blue",Sienna,1,1,1
08-04-2026,10-003940,22 µF ±20% 25V Ceramic Capacitor X7R 1210 (3225 Metric) AEC-QAEC-Q,1,OTS,Each,Electrical Components,Sunset - Phase Out,,Power PCBA (IPC),10-06105C,"PCBA, Power Board, Type C, Coated",Qualitel,1,1,1
08-04-2026,10-003940,22 µF ±20% 25V Ceramic Capacitor X7R 1210 (3225 Metric) AEC-QAEC-Q,1,OTS,Each,Electrical Components,Sunset - Phase Out,,9.6 KW Inverter,90-06889C,"Inverter 9.6kW with Cover and Brackets, Boxed, Lunar Blue",Sienna,1,1,1
08-04-2026,10-003885,"Antenna Box, Top, Maximizer",6,MTS,Each,Part,In Production,"A//Fictiv, A//Blovelight",Maximizer Box,90-06831D,"Maximizer, Boxed",Sienna,1,20,20
08-04-2026,10-004553,"Inverter Aesthetic Cover Sub Assembly, LRG, Right Panel, Suede",7,MTS,Each,Part,In Production,A//JPOND,9.6 KW Inverter,90-06889C,"Inverter 9.6kW with Cover and Brackets, Boxed, Lunar Blue",Sienna,1,1,1
08-04-2026,10-004532,DIODE GEN PURP 100V 300MA SOD123,1,OTS,Each,Electrical Components,In Production,P//Diodes Incorporated,Power PCBA (IPC),10-06105C,"PCBA, Power Board, Type C, Coated",Qualitel,1,3,3
08-04-2026,10-004532,DIODE GEN PURP 100V 300MA SOD123,1,OTS,Each,Electrical Components,In Production,P//Diodes Incorporated,9.6 KW Inverter,90-06889C,"Inverter 9.6kW with Cover and Brackets, Boxed, Lunar Blue",Sienna,1,3,3
08-04-2026,10-004444,"Screw, M5x13, BHT, Flanged, DP, T25",1,OTS,Each,Part,In Production,A//Pencom,HW Kit,90-001223,"20kWh Hardware Kit, Lunar Blue",Sienna,1,11,11
08-04-2026,10-004444,"Screw, M5x13, BHT, Flanged, DP, T25",1,OTS,Each,Part,In Production,A//Pencom,LFP HW Kit,90-07290A,20kWh LFP ESS Hardware Kit,Sienna,1,14,0
08-04-2026,10-003366,RES 0.03 OHM 1% 1/2W 1206,1,OTS,Each,Electrical Components,In Production,,Terminal PCBA (TRM),10-06103C,"PCBA, Terminal Board, Type C, Coated",Qualitel,1,1,1
08-04-2026,10-003366,RES 0.03 OHM 1% 1/2W 1206,1,OTS,Each,Electrical Components,In Production,,9.6 KW Inverter,90-06889C,"Inverter 9.6kW with Cover and Brackets, Boxed, Lunar Blue",Sienna,1,1,1
08-04-2026,10-003072,CAP CER 33NF 1000V C0G 2220 AEC-Q,1,OTS,Each,Electrical Components,Sunset - Phase Out,,Power PCBA (IPC),10-06105C,"PCBA, Power Board, Type C, Coated",Qualitel,1,9,9
08-04-2026,10-003072,CAP CER 33NF 1000V C0G 2220 AEC-Q,1,OTS,Each,Electrical Components,Sunset - Phase Out,,9.6 KW Inverter,90-06889C,"Inverter 9.6kW with Cover and Brackets, Boxed, Lunar Blue",Sienna,1,9,9
08-04-2026,10-002923,CAP CER 1UF 450V X7T 2220 AEC-Q,1,OTS,Each,Electrical Components,Sunset - Phase Out,,Terminal PCBA (TRM),10-06103C,"PCBA, Terminal Board, Type C, Coated",Qualitel,1,9,9
08-04-2026,10-002923,CAP CER 1UF 450V X7T 2220 AEC-Q,1,OTS,Each,Electrical Components,Sunset - Phase Out,,Bridge,90-06801A,"Bridge, Type B, Boxed, Lunar Blue",Sienna,1,2,2
08-04-2026,10-002923,CAP CER 1UF 450V X7T 2220 AEC-Q,1,OTS,Each,Electrical Components,Sunset - Phase Out,,9.6 KW Inverter,90-06889C,"Inverter 9.6kW with Cover and Brackets, Boxed, Lunar Blue",Sienna,1,9,9
08-04-2026,10-002923,CAP CER 1UF 450V X7T 2220 AEC-Q,1,OTS,Each,Electrical Components,Sunset - Phase Out,,2.0 LFP - EVT with cover,90-06948C,LFP Battery Block with ESS Cover and Wall Bracket,Qualitel,4,6,6
08-04-2026,10-002923,CAP CER 1UF 450V X7T 2220 AEC-Q,1,OTS,Each,Electrical Components,Sunset - Phase Out,,2.0 LFP - EVT without cover,90-07675A,LFP Battery Block with Wall Bracket,Qualitel,4,6,0
08-04-2026,10-002887,CAP CER 120PF 50V C0G/NPO 0603,1,OTS,Each,Electrical Components,In Production,,Terminal PCBA (TRM),10-06103C,"PCBA, Terminal Board, Type C, Coated",Qualitel,1,6,6
08-04-2026,10-002887,CAP CER 120PF 50V C0G/NPO 0603,1,OTS,Each,Electrical Components,In Production,,9.6 KW Inverter,90-06889C,"Inverter 9.6kW with Cover and Brackets, Boxed, Lunar Blue",Sienna,1,6,6
08-04-2026,10-003532,RES SMD 100K OHM 1% 1/10W 0603 AEC-Q,1,OTS,Each,Electrical Components,In Production,,2.0 LFP - EVT with cover,90-06948C,LFP Battery Block with ESS Cover and Wall Bracket,Qualitel,4,9,9
08-04-2026,10-003532,RES SMD 100K OHM 1% 1/10W 0603 AEC-Q,1,OTS,Each,Electrical Components,In Production,,2.0 LFP - EVT without cover,90-07675A,LFP Battery Block with Wall Bracket,Qualitel,4,9,0
08-04-2026,10-003494,CAP CER 6800PF 50V X7R 0805,1,OTS,Each,Electrical Components,Sunset - Phase Out,,Power PCBA (IPC),10-06105C,"PCBA, Power Board, Type C, Coated",Qualitel,1,14,14
08-04-2026,10-003494,CAP CER 6800PF 50V X7R 0805,1,OTS,Each,Electrical Components,Sunset - Phase Out,,9.6 KW Inverter,90-06889C,"Inverter 9.6kW with Cover and Brackets, Boxed, Lunar Blue",Sienna,1,14,14
08-04-2026,10-002605,TVS DIODE 5VWM 12VC SOD323 AEC-Q,2,OTS,Each,Electrical Components,Sunset - Phase Out,,Terminal PCBA (TRM),10-06103C,"PCBA, Terminal Board, Type C, Coated",Qualitel,1,2,2
08-04-2026,10-002605,TVS DIODE 5VWM 12VC SOD323 AEC-Q,2,OTS,Each,Electrical Components,Sunset - Phase Out,,9.6 KW Inverter,90-06889C,"Inverter 9.6kW with Cover and Brackets, Boxed, Lunar Blue",Sienna,1,3,3
08-04-2026,10-002475,CAP CER 5600PF 50V X7R 0402,1,OTS,Each,Electrical Components,In Production,,9.6 KW Inverter,90-06889C,"Inverter 9.6kW with Cover and Brackets, Boxed, Lunar Blue",Sienna,1,5,5
08-04-2026,10-06908A,DIODE SCHOTTKY 100V 1A SOD123HE,1,OTS,Each,Electrical Components,In Production,,Max 2.0 PCBA,30-07320F,Maximizer 2.0 PCBA,TBD,20,1,1
08-04-2026,10-06908A,DIODE SCHOTTKY 100V 1A SOD123HE,1,OTS,Each,Electrical Components,In Production,,Link,30-07519A,Lunar Link PCBA,Sienna,1,9,9
08-04-2026,10-06908A,DIODE SCHOTTKY 100V 1A SOD123HE,1,OTS,Each,Electrical Components,In Production,,2.0 LFP - EVT with cover,90-06948C,LFP Battery Block with ESS Cover and Wall Bracket,Qualitel,4,1,1
08-04-2026,10-06908A,DIODE SCHOTTKY 100V 1A SOD123HE,1,OTS,Each,Electrical Components,In Production,,2.0 LFP - EVT without cover,90-07675A,LFP Battery Block with Wall Bracket,Qualitel,4,1,0
08-04-2026,10-06707C,"Heat Sink Prepared for Integration with Enclosure, Type C",1,MTS,Each,Part,In Production,,9.6 KW Inverter,90-06889C,"Inverter 9.6kW with Cover and Brackets, Boxed, Lunar Blue",Sienna,1,1,0
08-04-2026,10-002244,"Bus Bar, Neutral, Bridge",5,MTS,Each,Part,In Production,A//Avalon,Bridge,90-06801A,"Bridge, Type B, Boxed, Lunar Blue",Sienna,1,1,1
08-04-2026,10-005046,"ESS Foot Bracket Asy, Even, Type 3",2,MTS,Each,Part,In Production,A//JPOND,HW Kit,90-001223,"20kWh Hardware Kit, Lunar Blue",Sienna,1,1,0
08-04-2026,10-005046,"ESS Foot Bracket Asy, Even, Type 3",2,MTS,Each,Part,In Production,A//JPOND,LFP HW Kit,90-07290A,20kWh LFP ESS Hardware Kit,Sienna,1,1,0
08-04-2026,10-003810,"Screw, Sheet Metal, M3x8mm, Steel, ZiNi Plated",1,OTS,Each,Part,In Production,A//Pencom,Bridge,90-06801A,"Bridge, Type B, Boxed, Lunar Blue",Sienna,1,6,6
08-04-2026,10-004344,"Inverter Aesthetic Cover, Access Door Back, Dual Magnet, Plastic",4,MTS,Each,Part,In Production,A//JPOND,9.6 KW Inverter,90-06889C,"Inverter 9.6kW with Cover and Brackets, Boxed, Lunar Blue",Sienna,1,1,0
08-04-2026,10-004343,"Inverter Aesthetic Cover, Access Door Front, Dual Magnet, Plastic, Suede",5,MTS,Each,Part,In Production,A//JPOND,9.6 KW Inverter,90-06889C,"Inverter 9.6kW with Cover and Brackets, Boxed, Lunar Blue",Sienna,1,1,0
08-04-2026,10-06717A,MOSFET N-CH 30V 4A SOT23F,1,OTS,Each,Electrical Components,In Production,,2.0 LFP - EVT with cover,90-06948C,LFP Battery Block with ESS Cover and Wall Bracket,Qualitel,4,1,1
08-04-2026,10-06717A,MOSFET N-CH 30V 4A SOT23F,1,OTS,Each,Electrical Components,In Production,,2.0 LFP - EVT without cover,90-07675A,LFP Battery Block with Wall Bracket,Qualitel,4,1,0
08-04-2026,10-06717A,MOSFET N-CH 30V 4A SOT23F,1,OTS,Each,Electrical Components,In Production,,2.1 LFP Block,90-08373A,"Battery Block with Wall Bracket, LFP, L2.1",Qualitel,4,1,1
08-04-2026,10-004578,RES 75 OHM 1% 1/16W 0402,1,OTS,Each,Electrical Components,In Production,,11 KW Inverter,90-08096A,"Lunar 3 Inverter, Boxed",TBD,1,4,4
08-04-2026,20-06545A,Inverter EMC Filter Type B,1,MTS,Each,PCB,In Production,A//Sunshine PCB Group,9.6 KW Inverter,90-06889C,"Inverter 9.6kW with Cover and Brackets, Boxed, Lunar Blue",Sienna,1,1,1
08-04-2026,10-003606,"Label, MAC Address, Maximizer",4,MTS,Each,Part,In Production,A//Stephen Gould,Maximizer Box,90-06831D,"Maximizer, Boxed",Sienna,1,40,40
08-04-2026,10-000615,FERRITE BEAD 1.5 KOHM 0603 1LN AEC-Q,1,OTS,Each,Electrical Components,In Production,,Terminal PCBA (TRM),10-06103C,"PCBA, Terminal Board, Type C, Coated",Qualitel,1,6,6
08-04-2026,10-000615,FERRITE BEAD 1.5 KOHM 0603 1LN AEC-Q,1,OTS,Each,Electrical Components,In Production,,Link,30-07519A,Lunar Link PCBA,Sienna,1,11,11
08-04-2026,10-000615,FERRITE BEAD 1.5 KOHM 0603 1LN AEC-Q,1,OTS,Each,Electrical Components,In Production,,Bridge,90-06801A,"Bridge, Type B, Boxed, Lunar Blue",Sienna,1,12,12
08-04-2026,10-000615,FERRITE BEAD 1.5 KOHM 0603 1LN AEC-Q,1,OTS,Each,Electrical Components,In Production,,9.6 KW Inverter,90-06889C,"Inverter 9.6kW with Cover and Brackets, Boxed, Lunar Blue",Sienna,1,6,6
08-04-2026,10-000616,RES SMD 330K OHM 0.1% 1/4W 1206 AEC-Q,1,OTS,Each,Electrical Components,In Production,,Terminal PCBA (TRM),10-06103C,"PCBA, Terminal Board, Type C, Coated",Qualitel,1,11,11
08-04-2026,10-000616,RES SMD 330K OHM 0.1% 1/4W 1206 AEC-Q,1,OTS,Each,Electrical Components,In Production,,Link,30-07519A,Lunar Link PCBA,Sienna,1,9,9
08-04-2026,10-000616,RES SMD 330K OHM 0.1% 1/4W 1206 AEC-Q,1,OTS,Each,Electrical Components,In Production,,9.6 KW Inverter,90-06889C,"Inverter 9.6kW with Cover and Brackets, Boxed, Lunar Blue",Sienna,1,11,11
08-04-2026,10-000616,RES SMD 330K OHM 0.1% 1/4W 1206 AEC-Q,1,OTS,Each,Electrical Components,In Production,,11 KW Inverter,90-08096A,"Lunar 3 Inverter, Boxed",TBD,1,1,1
08-04-2026,10-000630,1 x 4 Black Rectangular Power Connector,1,OTS,Each,Electrical Components,In Production,,Bridge,90-06801A,"Bridge, Type B, Boxed, Lunar Blue",Sienna,1,1,1
08-04-2026,10-000614,DIODE SCHOTTKY 20V 500MA SOD123,1,OTS,Each,Electrical Components,In Production,,Terminal PCBA (TRM),10-06103C,"PCBA, Terminal Board, Type C, Coated",Qualitel,1,8,8
08-04-2026,10-000614,DIODE SCHOTTKY 20V 500MA SOD123,1,OTS,Each,Electrical Components,In Production,,Link,30-07519A,Lunar Link PCBA,Sienna,1,4,4
08-04-2026,10-000614,DIODE SCHOTTKY 20V 500MA SOD123,1,OTS,Each,Electrical Components,In Production,,Bridge,90-06801A,"Bridge, Type B, Boxed, Lunar Blue",Sienna,1,6,6
08-04-2026,10-000614,DIODE SCHOTTKY 20V 500MA SOD123,1,OTS,Each,Electrical Components,In Production,,9.6 KW Inverter,90-06889C,"Inverter 9.6kW with Cover and Brackets, Boxed, Lunar Blue",Sienna,1,8,8
08-04-2026,10-000614,DIODE SCHOTTKY 20V 500MA SOD123,1,OTS,Each,Electrical Components,In Production,,2.1 LFP Block,90-08373A,"Battery Block with Wall Bracket, LFP, L2.1",Qualitel,4,3,3
08-04-2026,10-005302,"Exhaust Duct,Inverter,With Foam",2,MTS,Each,Part,In Production,,9.6 KW Inverter,90-06889C,"Inverter 9.6kW with Cover and Brackets, Boxed, Lunar Blue",Sienna,1,1,0
08-04-2026,PS-000018,"Powder Coat, Lunar Blue",4,OTS,Each,Product Specification,In Production,,Bridge,90-06801A,"Bridge, Type B, Boxed, Lunar Blue",Sienna,1,1,0
08-04-2026,10-005412,"Thermal Pad, Silicone with Fiberglass, 5W/m-K",1,OTS,Gram,Part,In Production,A//Singleton,9.6 KW Inverter,90-06889C,"Inverter 9.6kW with Cover and Brackets, Boxed, Lunar Blue",Sienna,1,7,0
08-04-2026,10-004078,"Silicone, Closed-Cell Foam, 9.7 psi, UL 94V-0",2,OTS,Gram,Part,In Production,,9.6 KW Inverter,90-06889C,"Inverter 9.6kW with Cover and Brackets, Boxed, Lunar Blue",Sienna,1,9,0
08-04-2026,10-001918,CAP 3.3F 3V .075 OHM,1,OTS,Each,Electrical Components,In Production,,Bridge,90-06801A,"Bridge, Type B, Boxed, Lunar Blue",Sienna,1,7,7
08-04-2026,10-001918,CAP 3.3F 3V .075 OHM,1,OTS,Each,Electrical Components,In Production,,11 KW Inverter,90-08096A,"Lunar 3 Inverter, Boxed",TBD,1,3,3
08-04-2026,10-002175,"ASSY, ENCLOSURE TOP, BRIDGE",13,MTS,Each,Part,In Production,,Bridge,90-06801A,"Bridge, Type B, Boxed, Lunar Blue",Sienna,1,1,0
08-04-2026,10-003846,"Nano-Fit Receptacle Housing, TPA Capable, 2.50mm Pitch, Dual Row, 10 Circuits, Black,",1,OTS,Each,Part,In Production,,Bridge,90-06801A,"Bridge, Type B, Boxed, Lunar Blue",Sienna,1,1,0
08-04-2026,10-003798,MicroTPA CONN HEADER VERT 10POS 2MM,1,OTS,Each,Part,In Production,A//Molex,Bridge,90-06801A,"Bridge, Type B, Boxed, Lunar Blue",Sienna,1,1,0
08-04-2026,90-005375,"ESS Ground Mount Parts, Boxed",1,MTS,Each,Top Level Assembly,In Planning,,Ground Mount,90-005375,"ESS Ground Mount Parts, Boxed",Sienna,1,1,0
08-04-2026,10-003525,CONN HEADER SMD 10POS 2.5MM,1,OTS,Each,Electrical Components,In Production,,Bridge,90-06801A,"Bridge, Type B, Boxed, Lunar Blue",Sienna,1,1,1
08-04-2026,10-003837,"Connector, Socket, WAGO, 4 POS, SMT",2,OTS,Each,Electrical Components,In Production,,Link,30-07519A,Lunar Link PCBA,Sienna,1,1,1
08-04-2026,10-003837,"Connector, Socket, WAGO, 4 POS, SMT",2,OTS,Each,Electrical Components,In Production,,Bridge,90-06801A,"Bridge, Type B, Boxed, Lunar Blue",Sienna,1,1,1
08-04-2026,10-002594,"CONTACT, OUTER SOCKET, MATE-AX, RTK 031, TE",2,OTS,Each,Part,In Production,,9.6 KW Inverter,90-06889C,"Inverter 9.6kW with Cover and Brackets, Boxed, Lunar Blue",Sienna,1,3,0
08-04-2026,10-004136,Bridge Enclosure Shim Washer with Adhesive Backing,2,MTS,Each,Part,In Production,,Bridge,90-06801A,"Bridge, Type B, Boxed, Lunar Blue",Sienna,1,2,0
08-04-2026,10-004861,"VersaBlade Hybrid Plug Housing, 1 Circuit, Positive Lock, Natural",1,OTS,Each,Part,In Production,,9.6 KW Inverter,90-06889C,"Inverter 9.6kW with Cover and Brackets, Boxed, Lunar Blue",Sienna,1,1,0
08-04-2026,10-004761,"Connector, 4p, 10mm Pitch Mini-Fit Sr., Single Row",1,OTS,Each,Part,In Production,,9.6 KW Inverter,90-06889C,"Inverter 9.6kW with Cover and Brackets, Boxed, Lunar Blue",Sienna,1,1,0
08-04-2026,10-000787,"Nano-Fit Receptacle Housing, TPA Capable, 2.50mm Pitch, Dual Row, 6 Circuits, Natural",1,OTS,Each,Part,In Production,,9.6 KW Inverter,90-06889C,"Inverter 9.6kW with Cover and Brackets, Boxed, Lunar Blue",Sienna,1,3,0
08-04-2026,10-002700,THERMISTOR NTC 60OHM 4000K,1,OTS,Each,Electrical Components,In Design,,11 KW Inverter,90-08096A,"Lunar 3 Inverter, Boxed",TBD,1,1,1
08-04-2026,10-001388,CONN HEADER SMD 3POS 2.54MM,1,OTS,Each,Electrical Components,In Design,,11 KW Inverter,90-08096A,"Lunar 3 Inverter, Boxed",TBD,1,1,1
08-04-2026,10-001709,RES 0.003 OHM 1W 0805 WIDE,1,OTS,Each,Electrical Components,Sunset - Phase Out,,Link,30-07519A,Lunar Link PCBA,Sienna,1,1,1
08-04-2026,10-001140,RES SMD 499K OHM 1% 1/10W 0603 AEC-Q,1,OTS,Each,Electrical Components,In Design,,11 KW Inverter,90-08096A,"Lunar 3 Inverter, Boxed",TBD,1,1,1
08-04-2026,10-004048,CAP FILM 0.068UF 20% 1KVDC RAD,1,OTS,Each,Electrical Components,In Production,,9.6 KW Inverter,90-06889C,"Inverter 9.6kW with Cover and Brackets, Boxed, Lunar Blue",Sienna,1,6,6
08-04-2026,10-002340,MOSFET N-CH 650V 16A TO252-3,1,OTS,Each,Electrical Components,In Production,,Terminal PCBA (TRM),10-06103C,"PCBA, Terminal Board, Type C, Coated",Qualitel,1,2,2
08-04-2026,10-002340,MOSFET N-CH 650V 16A TO252-3,1,OTS,Each,Electrical Components,In Production,,9.6 KW Inverter,90-06889C,"Inverter 9.6kW with Cover and Brackets, Boxed, Lunar Blue",Sienna,1,2,2
08-04-2026,10-004592,CAP FILM 0.015UF 10% 310VAC RAD,1,OTS,Each,Electrical Components,In Production,,Terminal PCBA (TRM),10-06103C,"PCBA, Terminal Board, Type C, Coated",Qualitel,1,3,3
08-04-2026,10-004592,CAP FILM 0.015UF 10% 310VAC RAD,1,OTS,Each,Electrical Components,In Production,,9.6 KW Inverter,90-06889C,"Inverter 9.6kW with Cover and Brackets, Boxed, Lunar Blue",Sienna,1,3,3
08-04-2026,10-002615,IC EEPROM 512KBIT I2C 1MHZ 8SOIC,1,OTS,Each,Electrical Components,In Production,,9.6 KW Inverter,90-06889C,"Inverter 9.6kW with Cover and Brackets, Boxed, Lunar Blue",Sienna,1,1,1
08-04-2026,10-002615,IC EEPROM 512KBIT I2C 1MHZ 8SOIC,1,OTS,Each,Electrical Components,In Production,,11 KW Inverter,90-08096A,"Lunar 3 Inverter, Boxed",TBD,1,1,1
08-04-2026,10-002493,XTAL OSC XO 32.768KHZ SMD,1,OTS,Each,Electrical Components,In Production,,9.6 KW Inverter,90-06889C,"Inverter 9.6kW with Cover and Brackets, Boxed, Lunar Blue",Sienna,1,1,1
08-04-2026,10-002462,TVS DIODE 5VWM 8.5VC TSOT26,1,OTS,Each,Electrical Components,In Production,,9.6 KW Inverter,90-06889C,"Inverter 9.6kW with Cover and Brackets, Boxed, Lunar Blue",Sienna,1,1,1
08-04-2026,10-002320,"Trans Voltage Suppressor Diode, 260W, 5.2V V(RWM), Unidirectional, 2 Element, Silicon",1,OTS,Each,Electrical Components,In Production,,9.6 KW Inverter,90-06889C,"Inverter 9.6kW with Cover and Brackets, Boxed, Lunar Blue",Sienna,1,2,2
08-04-2026,10-000550,FIXED IND 4.7UH 4.5A 26 MOHM SMD,1,OTS,Each,Electrical Components,In Production,,Terminal PCBA (TRM),10-06103C,"PCBA, Terminal Board, Type C, Coated",Qualitel,1,1,1
08-04-2026,10-000550,FIXED IND 4.7UH 4.5A 26 MOHM SMD,1,OTS,Each,Electrical Components,In Production,,9.6 KW Inverter,90-06889C,"Inverter 9.6kW with Cover and Brackets, Boxed, Lunar Blue",Sienna,1,1,1
08-04-2026,10-001672,RELAY GEN PURPOSE SPDT 10A 12V,1,OTS,Each,Electrical Components,In Production,,Power PCBA (IPC),10-06105C,"PCBA, Power Board, Type C, Coated",Qualitel,1,2,2
08-04-2026,10-001672,RELAY GEN PURPOSE SPDT 10A 12V,1,OTS,Each,Electrical Components,In Production,,9.6 KW Inverter,90-06889C,"Inverter 9.6kW with Cover and Brackets, Boxed, Lunar Blue",Sienna,1,2,2
08-04-2026,10-001672,RELAY GEN PURPOSE SPDT 10A 12V,1,OTS,Each,Electrical Components,In Production,,11 KW Inverter,90-08096A,"Lunar 3 Inverter, Boxed",TBD,1,2,2
08-04-2026,10-001319,IC REG LIN POS ADJ 200MA TSOT23,1,OTS,Each,Electrical Components,In Production,,Power PCBA (IPC),10-06105C,"PCBA, Power Board, Type C, Coated",Qualitel,1,3,3
08-04-2026,10-001319,IC REG LIN POS ADJ 200MA TSOT23,1,OTS,Each,Electrical Components,In Production,,9.6 KW Inverter,90-06889C,"Inverter 9.6kW with Cover and Brackets, Boxed, Lunar Blue",Sienna,1,3,3
08-04-2026,10-001319,IC REG LIN POS ADJ 200MA TSOT23,1,OTS,Each,Electrical Components,In Production,,11 KW Inverter,90-08096A,"Lunar 3 Inverter, Boxed",TBD,1,1,1
08-04-2026,10-004491,BS10-473 Male Thread Ball Stud,1,OTS,Each,Part,In Production,A//Pencom,HW Kit,90-001223,"20kWh Hardware Kit, Lunar Blue",Sienna,1,3,0
08-04-2026,10-004491,BS10-473 Male Thread Ball Stud,1,OTS,Each,Part,In Production,A//Pencom,9.6 KW Inverter,90-06889C,"Inverter 9.6kW with Cover and Brackets, Boxed, Lunar Blue",Sienna,1,1,0
08-04-2026,10-004491,BS10-473 Male Thread Ball Stud,1,OTS,Each,Part,In Production,A//Pencom,2.0 LFP - EVT with cover,90-06948C,LFP Battery Block with ESS Cover and Wall Bracket,Qualitel,4,2,0
08-04-2026,10-004491,BS10-473 Male Thread Ball Stud,1,OTS,Each,Part,In Production,A//Pencom,LFP HW Kit,90-07290A,20kWh LFP ESS Hardware Kit,Sienna,1,3,0
08-04-2026,10-002909,TVS DIODE 7VWM 10VC 0402 AEC-Q,1,OTS,Each,Electrical Components,In Production,,9.6 KW Inverter,90-06889C,"Inverter 9.6kW with Cover and Brackets, Boxed, Lunar Blue",Sienna,1,2,2
08-04-2026,10-002917,FIXED IND 220UH 8.8A 36.45 MOHM AEC-Q,1,OTS,Each,Electrical Components,In Production,,Terminal PCBA (TRM),10-06103C,"PCBA, Terminal Board, Type C, Coated",Qualitel,1,1,1
08-04-2026,10-002917,FIXED IND 220UH 8.8A 36.45 MOHM AEC-Q,1,OTS,Each,Electrical Components,In Production,,Bridge,90-06801A,"Bridge, Type B, Boxed, Lunar Blue",Sienna,1,1,1
08-04-2026,10-002917,FIXED IND 220UH 8.8A 36.45 MOHM AEC-Q,1,OTS,Each,Electrical Components,In Production,,9.6 KW Inverter,90-06889C,"Inverter 9.6kW with Cover and Brackets, Boxed, Lunar Blue",Sienna,1,1,1
08-04-2026,10-000695,IC MCU 32BIT 200KB FLASH 64LQFP,1,OTS,Each,Electrical Components,In Production,,Maximizer Box,90-06831D,"Maximizer, Boxed",Sienna,1,20,20
08-04-2026,10-003374,CONN HEADER SMD 14POS 2.5MM,1,OTS,Each,Electrical Components,In Production,,Terminal PCBA (TRM),10-06103C,"PCBA, Terminal Board, Type C, Coated",Qualitel,1,1,1
08-04-2026,10-003374,CONN HEADER SMD 14POS 2.5MM,1,OTS,Each,Electrical Components,In Production,,9.6 KW Inverter,90-06889C,"Inverter 9.6kW with Cover and Brackets, Boxed, Lunar Blue",Sienna,1,1,1
08-04-2026,10-003374,CONN HEADER SMD 14POS 2.5MM,1,OTS,Each,Electrical Components,In Production,,11 KW Inverter,90-08096A,"Lunar 3 Inverter, Boxed",TBD,1,2,2
08-04-2026,30-07320F,Maximizer 2.0 PCBA,3,MTS,Each,PCBA,In Design,,Max 2.0 PCBA,30-07320F,Maximizer 2.0 PCBA,TBD,20,1,0
08-04-2026,10-08450A,"Butyl Pad, Snapnrack, 3.05IN X 2.32IN x 0.25IN",1,OTS,Each,Part,In Production,A//SnapNrack Solar Mounting Solutions,PV Hub,90-004034,"Maximizer Hub, Boxed",Sienna,1,1,0
08-04-2026,10-08339A,PC Cover 2,1,OTS,Each,Part,In Design,A//ACE Battery,2.1 LFP Block,90-08373A,"Battery Block with Wall Bracket, LFP, L2.1",Qualitel,4,1,0
08-04-2026,10-07240A,"SCREW, M5-0.8X12, PAN HD, T25, SEALING, STL+ZNNI",5,MTS,Each,Assembly,In Production,A//Unisteel,2.0 LFP - EVT with cover,90-06948C,LFP Battery Block with ESS Cover and Wall Bracket,Qualitel,4,24,24
08-04-2026,10-07240A,"SCREW, M5-0.8X12, PAN HD, T25, SEALING, STL+ZNNI",5,MTS,Each,Assembly,In Production,A//Unisteel,2.0 LFP - EVT without cover,90-07675A,LFP Battery Block with Wall Bracket,Qualitel,4,24,0
08-04-2026,10-08000A,"Spring Pin, Slotted, M5 X 20, 420 SS",1,OTS,Each,Part,In Design,,11 KW Inverter,90-08096A,"Lunar 3 Inverter, Boxed",TBD,1,2,0
08-04-2026,10-07895A,ENDPLATE,2,MTS,Each,Part,In Design,,2.1 LFP Block,90-08373A,"Battery Block with Wall Bracket, LFP, L2.1",Qualitel,4,4,0
08-04-2026,10-004151,RES 27K OHM 1% 1/10W 0603 AEC-Q,2,OTS,Each,Electrical Components,In Production,,Power PCBA (IPC),10-06105C,"PCBA, Power Board, Type C, Coated",Qualitel,1,1,1
08-04-2026,10-004151,RES 27K OHM 1% 1/10W 0603 AEC-Q,2,OTS,Each,Electrical Components,In Production,,9.6 KW Inverter,90-06889C,"Inverter 9.6kW with Cover and Brackets, Boxed, Lunar Blue",Sienna,1,1,1
08-04-2026,10-003693,RES 107 OHM 1% 1/16W 0402,2,OTS,Each,Electrical Components,In Production,,Bridge,90-06801A,"Bridge, Type B, Boxed, Lunar Blue",Sienna,1,2,2
08-04-2026,10-003189,RES 200K OHM 5% 1/2W 1210 AEC-Q,2,OTS,Each,Electrical Components,In Production,,Terminal PCBA (TRM),10-06103C,"PCBA, Terminal Board, Type C, Coated",Qualitel,1,1,1
08-04-2026,10-003189,RES 200K OHM 5% 1/2W 1210 AEC-Q,2,OTS,Each,Electrical Components,In Production,,Bridge,90-06801A,"Bridge, Type B, Boxed, Lunar Blue",Sienna,1,1,1
08-04-2026,10-003189,RES 200K OHM 5% 1/2W 1210 AEC-Q,2,OTS,Each,Electrical Components,In Production,,9.6 KW Inverter,90-06889C,"Inverter 9.6kW with Cover and Brackets, Boxed, Lunar Blue",Sienna,1,1,1
08-04-2026,10-002886,RES 36K OHM 1% 1/10W 0603,2,OTS,Each,Electrical Components,In Production,,PV Hub,90-004034,"Maximizer Hub, Boxed",Sienna,1,1,1
08-04-2026,10-002331,RES 2.49K OHM 1% 1/8W 0603 AEC-Q,3,OTS,Each,Electrical Components,Sunset - Phase Out,,PV Hub,90-004034,"Maximizer Hub, Boxed",Sienna,1,1,1
08-04-2026,10-002331,RES 2.49K OHM 1% 1/8W 0603 AEC-Q,3,OTS,Each,Electrical Components,Sunset - Phase Out,,11 KW Inverter,90-08096A,"Lunar 3 Inverter, Boxed",TBD,1,4,4
08-04-2026,10-001471,RES 10 OHM 1% 1/10W 0603,2,OTS,Each,Electrical Components,In Production,,2.0 LFP - EVT with cover,90-06948C,LFP Battery Block with ESS Cover and Wall Bracket,Qualitel,4,4,4
08-04-2026,10-001471,RES 10 OHM 1% 1/10W 0603,2,OTS,Each,Electrical Components,In Production,,2.0 LFP - EVT without cover,90-07675A,LFP Battery Block with Wall Bracket,Qualitel,4,4,0
08-04-2026,10-000681,RES 2K OHM 1% 1/10W 0402 AEC-Q,2,OTS,Each,Electrical Components,In Production,,Terminal PCBA (TRM),10-06103C,"PCBA, Terminal Board, Type C, Coated",Qualitel,1,4,4
08-04-2026,10-000681,RES 2K OHM 1% 1/10W 0402 AEC-Q,2,OTS,Each,Electrical Components,In Production,,Power PCBA (IPC),10-06105C,"PCBA, Power Board, Type C, Coated",Qualitel,1,2,2
08-04-2026,10-000681,RES 2K OHM 1% 1/10W 0402 AEC-Q,2,OTS,Each,Electrical Components,In Production,,PV Hub,90-004034,"Maximizer Hub, Boxed",Sienna,1,2,2
08-04-2026,10-000681,RES 2K OHM 1% 1/10W 0402 AEC-Q,2,OTS,Each,Electrical Components,In Production,,MSAC,90-06700A,"MSA Controller, Boxed",Qualitel,1,2,2
08-04-2026,10-000681,RES 2K OHM 1% 1/10W 0402 AEC-Q,2,OTS,Each,Electrical Components,In Production,,Bridge,90-06801A,"Bridge, Type B, Boxed, Lunar Blue",Sienna,1,2,2
08-04-2026,10-000681,RES 2K OHM 1% 1/10W 0402 AEC-Q,2,OTS,Each,Electrical Components,In Production,,9.6 KW Inverter,90-06889C,"Inverter 9.6kW with Cover and Brackets, Boxed, Lunar Blue",Sienna,1,6,6
08-04-2026,10-000681,RES 2K OHM 1% 1/10W 0402 AEC-Q,2,OTS,Each,Electrical Components,In Production,,11 KW Inverter,90-08096A,"Lunar 3 Inverter, Boxed",TBD,1,2,2
08-04-2026,10-006967,RES SMD 5.6K OHM 1% 1/16W 0402,1,OTS,Each,Electrical Components,In Production,,Max 2.0 PCBA,30-07320F,Maximizer 2.0 PCBA,TBD,20,4,4
08-04-2026,10-006967,RES SMD 5.6K OHM 1% 1/16W 0402,1,OTS,Each,Electrical Components,In Production,,11 KW Inverter,90-08096A,"Lunar 3 Inverter, Boxed",TBD,1,1,1
08-04-2026,10-006995,LED WHITE RECTANGLE WITH FLAT TOP SMD 0603,1,OTS,Each,Electrical Components,In Design,,11 KW Inverter,90-08096A,"Lunar 3 Inverter, Boxed",TBD,1,7,7
08-04-2026,10-006635,RES SMD 2 OHM 1% 1/5W 0402,3,OTS,Each,Electrical Components,Sunset - Phase Out,,2.0 LFP - EVT with cover,90-06948C,LFP Battery Block with ESS Cover and Wall Bracket,Qualitel,4,6,6
08-04-2026,10-006635,RES SMD 2 OHM 1% 1/5W 0402,3,OTS,Each,Electrical Components,Sunset - Phase Out,,2.0 LFP - EVT without cover,90-07675A,LFP Battery Block with Wall Bracket,Qualitel,4,6,0
08-04-2026,10-006635,RES SMD 2 OHM 1% 1/5W 0402,3,OTS,Each,Electrical Components,Sunset - Phase Out,,2.1 LFP Block,90-08373A,"Battery Block with Wall Bracket, LFP, L2.1",Qualitel,4,6,6
08-04-2026,10-006567,RES SMD 15K OHM 0.1% 1/16W 0402,2,OTS,Each,Electrical Components,Sunset - Phase Out,,11 KW Inverter,90-08096A,"Lunar 3 Inverter, Boxed",TBD,1,2,2
08-04-2026,10-006819,IND FIXED 10NH 650MA 0.11OHM SMD 0603,2,OTS,Each,Electrical Components,In Design,,11 KW Inverter,90-08096A,"Lunar 3 Inverter, Boxed",TBD,1,1,1
08-04-2026,10-006714,"TRANSFORMER AUXILIARY GATE DRIVE SMT 0.445"" L x 0.431"" W (11.30mm x 10.95mm)",2,OTS,Each,Electrical Components,In Design,,11 KW Inverter,90-08096A,"Lunar 3 Inverter, Boxed",TBD,1,6,6
08-04-2026,10-07592A,"Foam Pad, A",1,OTS,Each,Part,In Production,A//ACE Battery,2.0 LFP - EVT with cover,90-06948C,LFP Battery Block with ESS Cover and Wall Bracket,Qualitel,4,8,0
08-04-2026,10-07592A,"Foam Pad, A",1,OTS,Each,Part,In Production,A//ACE Battery,2.0 LFP - EVT without cover,90-07675A,LFP Battery Block with Wall Bracket,Qualitel,4,8,0
08-04-2026,10-07592A,"Foam Pad, A",1,OTS,Each,Part,In Production,A//ACE Battery,2.1 LFP Block,90-08373A,"Battery Block with Wall Bracket, LFP, L2.1",Qualitel,4,8,0
08-04-2026,10-07577A,PC Insulation Plate B,1,OTS,Each,Part,In Production,A//ACE Battery,2.0 LFP - EVT with cover,90-06948C,LFP Battery Block with ESS Cover and Wall Bracket,Qualitel,4,4,0
08-04-2026,10-07577A,PC Insulation Plate B,1,OTS,Each,Part,In Production,A//ACE Battery,2.0 LFP - EVT without cover,90-07675A,LFP Battery Block with Wall Bracket,Qualitel,4,4,0
08-04-2026,10-07577A,PC Insulation Plate B,1,OTS,Each,Part,In Production,A//ACE Battery,2.1 LFP Block,90-08373A,"Battery Block with Wall Bracket, LFP, L2.1",Qualitel,4,4,0
08-04-2026,10-006937,RES SMD 825K OHM 1% 1/16W 0402,1,OTS,Each,Electrical Components,In Design,,11 KW Inverter,90-08096A,"Lunar 3 Inverter, Boxed",TBD,1,1,1
08-04-2026,10-07731A,CAP CER 0.033UF ±5% 630V C0G 1812,1,OTS,Each,Electrical Components,In Design,,11 KW Inverter,90-08096A,"Lunar 3 Inverter, Boxed",TBD,1,9,9
08-04-2026,10-006912,MODULE RF TXRX MOD BT WIFI PCB SMD 25.5LX18WX3.1HMM,1,OTS,Each,Electrical Components,In Planning,,Link,30-07519A,Lunar Link PCBA,Sienna,1,1,1
08-04-2026,90-004034,"Maximizer Hub, Boxed",6,MTS,Each,Top Level Assembly,In Production,,PV Hub,90-004034,"Maximizer Hub, Boxed",Sienna,1,1,0
08-04-2026,10-005337,"Packaging, Lifting Tool",1,MTS,Each,Part,In Production,A//Stephen Gould,Lifting Tool,90-005336,"Lifting Tool, Boxed",Sienna,1,1,0
08-04-2026,10-005861,"Packaging, Bridge, Top Pad",1,OTS,Each,Part,In Production,GS//Stephen Gould,Bridge,90-06801A,"Bridge, Type B, Boxed, Lunar Blue",Sienna,1,1,1
08-04-2026,10-005854,"Packaging, Bridge, Front Cap Wrap",1,OTS,Each,Part,In Production,GS//Stephen Gould,Bridge,90-06801A,"Bridge, Type B, Boxed, Lunar Blue",Sienna,1,1,1
08-04-2026,10-005284,"Packaging, Maximizer Hub",3,OTS,Each,Part,In Production,A//Veritiv Operating Company,PV Hub,90-004034,"Maximizer Hub, Boxed",Sienna,1,1,1
08-04-2026,10-07039B,"PCBA, MSA CONTROLLER, WITH CONFORMAL COAT",3,MTS,Each,Assembly,In Production,,MSAC,90-06700A,"MSA Controller, Boxed",Qualitel,1,1,0
08-04-2026,10-006883,IC FLASH 512GBIT EMMC 153FBGA,1,OTS,Each,Electrical Components,In Production,,11 KW Inverter,90-08096A,"Lunar 3 Inverter, Boxed",TBD,1,1,1
08-04-2026,10-07315A,"Printed Box, ESS Hardware Kit",1,MTS,Each,Part,In Production,A//Stephen Gould,HW Kit,90-001223,"20kWh Hardware Kit, Lunar Blue",Sienna,1,1,1
08-04-2026,10-07315A,"Printed Box, ESS Hardware Kit",1,MTS,Each,Part,In Production,A//Stephen Gould,LFP HW Kit,90-07290A,20kWh LFP ESS Hardware Kit,Sienna,1,1,0
08-04-2026,10-006879,RES 17.4K OHM 1% 1/10W 0603,1,OTS,Each,Electrical Components,In Design,,11 KW Inverter,90-08096A,"Lunar 3 Inverter, Boxed",TBD,1,2,2
08-04-2026,10-006868,RELAY MINIATURE HIGH POWER 12V 55A PTH 30L×20W×31HMM,1,OTS,Each,Electrical Components,In Design,,11 KW Inverter,90-08096A,"Lunar 3 Inverter, Boxed",TBD,1,3,3
08-04-2026,10-07630A,"BUSBAR WITH INSULATION, 02",1,MTS,Each,Assembly,In Production,,2.0 LFP - EVT with cover,90-06948C,LFP Battery Block with ESS Cover and Wall Bracket,Qualitel,4,1,0
08-04-2026,10-07630A,"BUSBAR WITH INSULATION, 02",1,MTS,Each,Assembly,In Production,,2.0 LFP - EVT without cover,90-07675A,LFP Battery Block with Wall Bracket,Qualitel,4,1,0
08-04-2026,10-07627A,"SQUARE NUT, M5",1,MTS,Each,Part,In Production,,2.0 LFP - EVT with cover,90-06948C,LFP Battery Block with ESS Cover and Wall Bracket,Qualitel,4,2,0
08-04-2026,10-07627A,"SQUARE NUT, M5",1,MTS,Each,Part,In Production,,2.0 LFP - EVT without cover,90-07675A,LFP Battery Block with Wall Bracket,Qualitel,4,2,0
08-04-2026,10-006637,DIODE SCHOTTKY 40V 500MA 0402,1,OTS,Each,Electrical Components,In Production,,2.0 LFP - EVT with cover,90-06948C,LFP Battery Block with ESS Cover and Wall Bracket,Qualitel,4,6,6
08-04-2026,10-006637,DIODE SCHOTTKY 40V 500MA 0402,1,OTS,Each,Electrical Components,In Production,,2.0 LFP - EVT without cover,90-07675A,LFP Battery Block with Wall Bracket,Qualitel,4,6,0
08-04-2026,10-006637,DIODE SCHOTTKY 40V 500MA 0402,1,OTS,Each,Electrical Components,In Production,,2.1 LFP Block,90-08373A,"Battery Block with Wall Bracket, LFP, L2.1",Qualitel,4,6,6
08-04-2026,10-006859,RES SMD 32.4K OHM 1% 1/16W 0402,1,OTS,Each,Electrical Components,In Design,,Max 2.0 PCBA,30-07320F,Maximizer 2.0 PCBA,TBD,20,2,2
08-04-2026,10-006859,RES SMD 32.4K OHM 1% 1/16W 0402,1,OTS,Each,Electrical Components,In Design,,11 KW Inverter,90-08096A,"Lunar 3 Inverter, Boxed",TBD,1,1,1
08-04-2026,10-07392A,CAP CER 10UF 16V X7R 1206,1,OTS,Each,Electrical Components,In Design,,2.1 LFP Block,90-08373A,"Battery Block with Wall Bracket, LFP, L2.1",Qualitel,4,6,6
08-04-2026,10-005073,CAP CER 10UF 10V X7R 0805,1,OTS,Each,Electrical Components,Sunset - Phase Out,,2.0 LFP - EVT with cover,90-06948C,LFP Battery Block with ESS Cover and Wall Bracket,Qualitel,4,1,1
08-04-2026,10-005073,CAP CER 10UF 10V X7R 0805,1,OTS,Each,Electrical Components,Sunset - Phase Out,,2.0 LFP - EVT without cover,90-07675A,LFP Battery Block with Wall Bracket,Qualitel,4,1,0
08-04-2026,10-005073,CAP CER 10UF 10V X7R 0805,1,OTS,Each,Electrical Components,Sunset - Phase Out,,2.1 LFP Block,90-08373A,"Battery Block with Wall Bracket, LFP, L2.1",Qualitel,4,1,1
08-04-2026,10-003215,FERRITE BEAD 1 KOHM 0402 1LN,1,OTS,Each,Electrical Components,In Design,,Link,30-07519A,Lunar Link PCBA,Sienna,1,1,1
08-04-2026,10-003215,FERRITE BEAD 1 KOHM 0402 1LN,1,OTS,Each,Electrical Components,In Design,,11 KW Inverter,90-08096A,"Lunar 3 Inverter, Boxed",TBD,1,3,3
08-04-2026,10-006858,MODULE WI-FI AND BLUETOOTH 61PINS 16.6MM L X 13.2MM W X 2.4MM H,1,OTS,Each,Electrical Components,In Planning,,Max 2.0 PCBA,30-07320F,Maximizer 2.0 PCBA,TBD,20,1,1
08-04-2026,10-07389A,CAP CER 2200PF ±20% 100V X7R 0603,1,OTS,Each,Electrical Components,In Design,,2.1 LFP Block,90-08373A,"Battery Block with Wall Bracket, LFP, L2.1",Qualitel,4,5,5
08-04-2026,10-006205,IND 22.8μH±10％ Within (Typ.22.78μH) Custom,1,OTS,Each,Electrical Components,In Production,A//Sumida America Components Inc.,2.0 LFP - EVT with cover,90-06948C,LFP Battery Block with ESS Cover and Wall Bracket,Qualitel,4,2,2
08-04-2026,10-006205,IND 22.8μH±10％ Within (Typ.22.78μH) Custom,1,OTS,Each,Electrical Components,In Production,A//Sumida America Components Inc.,2.0 LFP - EVT without cover,90-07675A,LFP Battery Block with Wall Bracket,Qualitel,4,2,0
08-04-2026,10-006205,IND 22.8μH±10％ Within (Typ.22.78μH) Custom,1,OTS,Each,Electrical Components,In Production,A//Sumida America Components Inc.,2.1 LFP Block,90-08373A,"Battery Block with Wall Bracket, LFP, L2.1",Qualitel,4,2,2
08-04-2026,10-006641,CAP CER 10000PF 1KV X7R 1206,1,OTS,Each,Electrical Components,In Production,,2.0 LFP - EVT with cover,90-06948C,LFP Battery Block with ESS Cover and Wall Bracket,Qualitel,4,4,4
08-04-2026,10-006641,CAP CER 10000PF 1KV X7R 1206,1,OTS,Each,Electrical Components,In Production,,2.0 LFP - EVT without cover,90-07675A,LFP Battery Block with Wall Bracket,Qualitel,4,4,0
08-04-2026,10-006641,CAP CER 10000PF 1KV X7R 1206,1,OTS,Each,Electrical Components,In Production,,2.1 LFP Block,90-08373A,"Battery Block with Wall Bracket, LFP, L2.1",Qualitel,4,4,4
08-04-2026,10-006804,CAP FEEDTHRU 1UF 20% 4V 0402 AEC-Q,1,OTS,Each,Electrical Components,In Design,,11 KW Inverter,90-08096A,"Lunar 3 Inverter, Boxed",TBD,1,12,12
08-04-2026,10-006820,IC ETHERNET CONTROLLER PHY 10/100 BASE-T/TX INDUSTRIAL 32-VQFN (5x5),1,OTS,Each,Electrical Components,In Design,,Link,30-07519A,Lunar Link PCBA,Sienna,1,1,1
08-04-2026,10-006820,IC ETHERNET CONTROLLER PHY 10/100 BASE-T/TX INDUSTRIAL 32-VQFN (5x5),1,OTS,Each,Electrical Components,In Design,,11 KW Inverter,90-08096A,"Lunar 3 Inverter, Boxed",TBD,1,2,2
08-04-2026,10-002026,"Hotmelt,Polyamid,V0,0.2-0.3 W/m-K",1,OTS,Gram,Part,In Production,A//Henkel,9.6 KW Inverter,90-06889C,"Inverter 9.6kW with Cover and Brackets, Boxed, Lunar Blue",Sienna,1,25,25
08-04-2026,10-006729,"TRANSFORMER POWER -40°C to +125°C PTH 14 PIN 32.25MM X 27.05MM X 22,86MM",1,OTS,Each,Electrical Components,In Design,,11 KW Inverter,90-08096A,"Lunar 3 Inverter, Boxed",TBD,1,1,1
08-04-2026,10-006639,CAP CER 1000PF 1KV X7R 1812,1,OTS,Each,Electrical Components,In Production,,2.0 LFP - EVT with cover,90-06948C,LFP Battery Block with ESS Cover and Wall Bracket,Qualitel,4,1,1
08-04-2026,10-006639,CAP CER 1000PF 1KV X7R 1812,1,OTS,Each,Electrical Components,In Production,,2.0 LFP - EVT without cover,90-07675A,LFP Battery Block with Wall Bracket,Qualitel,4,1,0
08-04-2026,10-006639,CAP CER 1000PF 1KV X7R 1812,1,OTS,Each,Electrical Components,In Production,,2.1 LFP Block,90-08373A,"Battery Block with Wall Bracket, LFP, L2.1",Qualitel,4,1,1
08-04-2026,10-006088,"Inverter Packaging, Foam, Bottom, Left, V2",1,MTS,Each,Part,In Production,A//Veritiv Operating Company,9.6 KW Inverter,90-06889C,"Inverter 9.6kW with Cover and Brackets, Boxed, Lunar Blue",Sienna,1,1,1
08-04-2026,10-005410,RES SMD 200 OHM 1% 1/10W 0603,1,OTS,Each,Electrical Components,In Production,,2.1 LFP Block,90-08373A,"Battery Block with Wall Bracket, LFP, L2.1",Qualitel,4,17,17
08-04-2026,10-002229,"Insulator, Ground Bar, Bridge",4,MTS,Each,Part,In Production,A//Fictiv,Bridge,90-06801A,"Bridge, Type B, Boxed, Lunar Blue",Sienna,1,1,1
08-04-2026,10-002590,"Insulator, Load Tray, Bridge",5,MTS,Each,Part,In Production,A//Fictiv,Bridge,90-06801A,"Bridge, Type B, Boxed, Lunar Blue",Sienna,1,1,1
08-04-2026,10-001069,RES 82K OHM 1% 1/16W 0402 AEC-Q,1,OTS,Each,Electrical Components,In Production,,Terminal PCBA (TRM),10-06103C,"PCBA, Terminal Board, Type C, Coated",Qualitel,1,1,1
08-04-2026,10-001069,RES 82K OHM 1% 1/16W 0402 AEC-Q,1,OTS,Each,Electrical Components,In Production,,MSAC,90-06700A,"MSA Controller, Boxed",Qualitel,1,6,6
08-04-2026,10-001069,RES 82K OHM 1% 1/16W 0402 AEC-Q,1,OTS,Each,Electrical Components,In Production,,9.6 KW Inverter,90-06889C,"Inverter 9.6kW with Cover and Brackets, Boxed, Lunar Blue",Sienna,1,1,1
08-04-2026,10-07038A,CAP CER 8PF 50V C0G/NPO 0603,1,OTS,Each,Electrical Components,In Planning,,2.1 LFP Block,90-08373A,"Battery Block with Wall Bracket, LFP, L2.1",Qualitel,4,2,2
08-04-2026,10-06990A,RES 499 OHM 1% 1/10W 0603,1,OTS,Each,Electrical Components,In Design,,11 KW Inverter,90-08096A,"Lunar 3 Inverter, Boxed",TBD,1,2,2
08-04-2026,WI-000236,Rogowski Coil Assembly Work Instruction,1,MTS,Each,Work Instruction,In Production,,Rogowski Coil,90-06789A,"Rogowski Coil, Boxed",Sienna,1,1,0
08-04-2026,10-06732A,"Label, Warning, PCS",1,MTS,Each,Part,In Production,GS//[TBD],Rogowski Coil,90-06789A,"Rogowski Coil, Boxed",Sienna,1,1,1
08-04-2026,10-06732A,"Label, Warning, PCS",1,MTS,Each,Part,In Production,GS//[TBD],Bridge,90-06801A,"Bridge, Type B, Boxed, Lunar Blue",Sienna,1,1,1
08-04-2026,10-002113,"Screw,M5x0.8 6g x8mm,Under-Head Sealing,BHT T25,Flange,Steel,ZiNi BC,Nylon Patch",1,OTS,Each,Part,In Production,A//Pencom,9.6 KW Inverter,90-06889C,"Inverter 9.6kW with Cover and Brackets, Boxed, Lunar Blue",Sienna,1,6,6
08-04-2026,10-002376,CAP CER 1UF 25V X5R 0402,1,OTS,Each,Electrical Components,In Production,,9.6 KW Inverter,90-06889C,"Inverter 9.6kW with Cover and Brackets, Boxed, Lunar Blue",Sienna,1,1,1
08-04-2026,10-002376,CAP CER 1UF 25V X5R 0402,1,OTS,Each,Electrical Components,In Production,,2.0 LFP - EVT with cover,90-06948C,LFP Battery Block with ESS Cover and Wall Bracket,Qualitel,4,4,4
08-04-2026,10-002376,CAP CER 1UF 25V X5R 0402,1,OTS,Each,Electrical Components,In Production,,2.0 LFP - EVT without cover,90-07675A,LFP Battery Block with Wall Bracket,Qualitel,4,4,0
08-04-2026,10-002376,CAP CER 1UF 25V X5R 0402,1,OTS,Each,Electrical Components,In Production,,2.1 LFP Block,90-08373A,"Battery Block with Wall Bracket, LFP, L2.1",Qualitel,4,4,4
08-04-2026,10-002287,RES SMD 4.99KOHM 0.1% 1/10W 0603,1,OTS,Each,Electrical Components,In Production,,2.0 LFP - EVT with cover,90-06948C,LFP Battery Block with ESS Cover and Wall Bracket,Qualitel,4,12,12
08-04-2026,10-002287,RES SMD 4.99KOHM 0.1% 1/10W 0603,1,OTS,Each,Electrical Components,In Production,,2.0 LFP - EVT without cover,90-07675A,LFP Battery Block with Wall Bracket,Qualitel,4,12,0
08-04-2026,10-002287,RES SMD 4.99KOHM 0.1% 1/10W 0603,1,OTS,Each,Electrical Components,In Production,,2.1 LFP Block,90-08373A,"Battery Block with Wall Bracket, LFP, L2.1",Qualitel,4,12,12
08-04-2026,10-002231,"Mount, Neutral/Ground Bar, Bridge",7,MTS,Each,Part,In Production,A//Axtonne,Bridge,90-06801A,"Bridge, Type B, Boxed, Lunar Blue",Sienna,1,6,6
08-04-2026,10-002162,Multilayer Ceramic Capacitors MLCC - SMD/SMT 50V 0.33uF X7R 0805 10%,1,OTS,Each,Electrical Components,In Production,,Power PCBA (IPC),10-06105C,"PCBA, Power Board, Type C, Coated",Qualitel,1,4,4
08-04-2026,10-002162,Multilayer Ceramic Capacitors MLCC - SMD/SMT 50V 0.33uF X7R 0805 10%,1,OTS,Each,Electrical Components,In Production,,9.6 KW Inverter,90-06889C,"Inverter 9.6kW with Cover and Brackets, Boxed, Lunar Blue",Sienna,1,4,4
08-04-2026,10-002203,"Bus Bar, NBU, L1, Bridge",9,MTS,Each,Part,In Production,A//Avalon,Bridge,90-06801A,"Bridge, Type B, Boxed, Lunar Blue",Sienna,1,1,1
08-04-2026,10-002167,RES SMD 4.7K OHM 1% 1/10W 0603 AEC-Q,1,OTS,Each,Electrical Components,In Production,,Power PCBA (IPC),10-06105C,"PCBA, Power Board, Type C, Coated",Qualitel,1,21,21
08-04-2026,10-002167,RES SMD 4.7K OHM 1% 1/10W 0603 AEC-Q,1,OTS,Each,Electrical Components,In Production,,9.6 KW Inverter,90-06889C,"Inverter 9.6kW with Cover and Brackets, Boxed, Lunar Blue",Sienna,1,21,21
08-04-2026,10-002167,RES SMD 4.7K OHM 1% 1/10W 0603 AEC-Q,1,OTS,Each,Electrical Components,In Production,,2.0 LFP - EVT with cover,90-06948C,LFP Battery Block with ESS Cover and Wall Bracket,Qualitel,4,1,1
08-04-2026,10-002167,RES SMD 4.7K OHM 1% 1/10W 0603 AEC-Q,1,OTS,Each,Electrical Components,In Production,,2.0 LFP - EVT without cover,90-07675A,LFP Battery Block with Wall Bracket,Qualitel,4,1,0
08-04-2026,10-001697,CAP CER 10UF 25V X7R 1206,1,OTS,Each,Electrical Components,Sunset - Phase Out,,Terminal PCBA (TRM),10-06103C,"PCBA, Terminal Board, Type C, Coated",Qualitel,1,4,4
08-04-2026,10-001697,CAP CER 10UF 25V X7R 1206,1,OTS,Each,Electrical Components,Sunset - Phase Out,,Power PCBA (IPC),10-06105C,"PCBA, Power Board, Type C, Coated",Qualitel,1,3,3
08-04-2026,10-001697,CAP CER 10UF 25V X7R 1206,1,OTS,Each,Electrical Components,Sunset - Phase Out,,MSAC,90-06700A,"MSA Controller, Boxed",Qualitel,1,1,1
08-04-2026,10-001697,CAP CER 10UF 25V X7R 1206,1,OTS,Each,Electrical Components,Sunset - Phase Out,,Maximizer Box,90-06831D,"Maximizer, Boxed",Sienna,1,160,160
08-04-2026,10-001697,CAP CER 10UF 25V X7R 1206,1,OTS,Each,Electrical Components,Sunset - Phase Out,,9.6 KW Inverter,90-06889C,"Inverter 9.6kW with Cover and Brackets, Boxed, Lunar Blue",Sienna,1,7,7
08-04-2026,10-001697,CAP CER 10UF 25V X7R 1206,1,OTS,Each,Electrical Components,Sunset - Phase Out,,2.0 LFP - EVT with cover,90-06948C,LFP Battery Block with ESS Cover and Wall Bracket,Qualitel,4,9,9
08-04-2026,10-001697,CAP CER 10UF 25V X7R 1206,1,OTS,Each,Electrical Components,Sunset - Phase Out,,2.0 LFP - EVT without cover,90-07675A,LFP Battery Block with Wall Bracket,Qualitel,4,9,0
08-04-2026,10-000670,DIODE TVS 6.5VWM 11.2VC SMA,1,OTS,Each,Electrical Components,In Production,,Terminal PCBA (TRM),10-06103C,"PCBA, Terminal Board, Type C, Coated",Qualitel,1,2,2
08-04-2026,10-000670,DIODE TVS 6.5VWM 11.2VC SMA,1,OTS,Each,Electrical Components,In Production,,PV Hub,90-004034,"Maximizer Hub, Boxed",Sienna,1,1,1
08-04-2026,10-000670,DIODE TVS 6.5VWM 11.2VC SMA,1,OTS,Each,Electrical Components,In Production,,Bridge,90-06801A,"Bridge, Type B, Boxed, Lunar Blue",Sienna,1,1,1
08-04-2026,10-000670,DIODE TVS 6.5VWM 11.2VC SMA,1,OTS,Each,Electrical Components,In Production,,9.6 KW Inverter,90-06889C,"Inverter 9.6kW with Cover and Brackets, Boxed, Lunar Blue",Sienna,1,2,2
08-04-2026,10-000670,DIODE TVS 6.5VWM 11.2VC SMA,1,OTS,Each,Electrical Components,In Production,,11 KW Inverter,90-08096A,"Lunar 3 Inverter, Boxed",TBD,1,3,3
08-04-2026,10-000658,RES SMD 10K OHM 1% 1/16W 0402,1,OTS,Each,Electrical Components,In Production,,Terminal PCBA (TRM),10-06103C,"PCBA, Terminal Board, Type C, Coated",Qualitel,1,21,21
08-04-2026,10-000658,RES SMD 10K OHM 1% 1/16W 0402,1,OTS,Each,Electrical Components,In Production,,Power PCBA (IPC),10-06105C,"PCBA, Power Board, Type C, Coated",Qualitel,1,3,3
08-04-2026,10-000658,RES SMD 10K OHM 1% 1/16W 0402,1,OTS,Each,Electrical Components,In Production,,Max 2.0 PCBA,30-07320F,Maximizer 2.0 PCBA,TBD,20,1,1
08-04-2026,10-000658,RES SMD 10K OHM 1% 1/16W 0402,1,OTS,Each,Electrical Components,In Production,,MSAC,90-06700A,"MSA Controller, Boxed",Qualitel,1,54,54
08-04-2026,10-000658,RES SMD 10K OHM 1% 1/16W 0402,1,OTS,Each,Electrical Components,In Production,,Bridge,90-06801A,"Bridge, Type B, Boxed, Lunar Blue",Sienna,1,8,8
08-04-2026,10-000658,RES SMD 10K OHM 1% 1/16W 0402,1,OTS,Each,Electrical Components,In Production,,9.6 KW Inverter,90-06889C,"Inverter 9.6kW with Cover and Brackets, Boxed, Lunar Blue",Sienna,1,29,29
08-04-2026,10-000658,RES SMD 10K OHM 1% 1/16W 0402,1,OTS,Each,Electrical Components,In Production,,2.0 LFP - EVT with cover,90-06948C,LFP Battery Block with ESS Cover and Wall Bracket,Qualitel,4,20,20
08-04-2026,10-000658,RES SMD 10K OHM 1% 1/16W 0402,1,OTS,Each,Electrical Components,In Production,,2.0 LFP - EVT without cover,90-07675A,LFP Battery Block with Wall Bracket,Qualitel,4,20,0
08-04-2026,10-000658,RES SMD 10K OHM 1% 1/16W 0402,1,OTS,Each,Electrical Components,In Production,,11 KW Inverter,90-08096A,"Lunar 3 Inverter, Boxed",TBD,1,97,97
08-04-2026,10-000658,RES SMD 10K OHM 1% 1/16W 0402,1,OTS,Each,Electrical Components,In Production,,2.1 LFP Block,90-08373A,"Battery Block with Wall Bracket, LFP, L2.1",Qualitel,4,20,20
08-04-2026,10-001009,RES SMD 10M OHM 1% 1/10W 0603 AEC-Q,1,OTS,Each,Electrical Components,In Production,,2.0 LFP - EVT with cover,90-06948C,LFP Battery Block with ESS Cover and Wall Bracket,Qualitel,4,6,6
08-04-2026,10-001009,RES SMD 10M OHM 1% 1/10W 0603 AEC-Q,1,OTS,Each,Electrical Components,In Production,,2.0 LFP - EVT without cover,90-07675A,LFP Battery Block with Wall Bracket,Qualitel,4,6,0
08-04-2026,10-005080,"Breaker Hold-Down, Bridge",3,MTS,Each,Part,In Production,A//Axtonne,MSAC,90-06700A,"MSA Controller, Boxed",Qualitel,1,1,1
08-04-2026,10-005080,"Breaker Hold-Down, Bridge",3,MTS,Each,Part,In Production,A//Axtonne,Bridge,90-06801A,"Bridge, Type B, Boxed, Lunar Blue",Sienna,1,1,1
08-04-2026,10-005044,FIXED IND 2.2UH 1.7A 60 MOHM SMD AEC-Q,1,OTS,Each,Electrical Components,Sunset - EOL,,Bridge,90-06801A,"Bridge, Type B, Boxed, Lunar Blue",Sienna,1,3,3
08-04-2026,10-002318,Current Sensor 120A Channel 8-PowerTDFN AEC-Q,1,OTS,Each,Electrical Components,In Production,,Power PCBA (IPC),10-06105C,"PCBA, Power Board, Type C, Coated",Qualitel,1,2,2
08-04-2026,10-002318,Current Sensor 120A Channel 8-PowerTDFN AEC-Q,1,OTS,Each,Electrical Components,In Production,,9.6 KW Inverter,90-06889C,"Inverter 9.6kW with Cover and Brackets, Boxed, Lunar Blue",Sienna,1,2,2
08-04-2026,10-002318,Current Sensor 120A Channel 8-PowerTDFN AEC-Q,1,OTS,Each,Electrical Components,In Production,,2.0 LFP - EVT with cover,90-06948C,LFP Battery Block with ESS Cover and Wall Bracket,Qualitel,4,2,2
08-04-2026,10-002318,Current Sensor 120A Channel 8-PowerTDFN AEC-Q,1,OTS,Each,Electrical Components,In Production,,2.0 LFP - EVT without cover,90-07675A,LFP Battery Block with Wall Bracket,Qualitel,4,2,0
08-04-2026,10-002318,Current Sensor 120A Channel 8-PowerTDFN AEC-Q,1,OTS,Each,Electrical Components,In Production,,2.1 LFP Block,90-08373A,"Battery Block with Wall Bracket, LFP, L2.1",Qualitel,4,2,2
08-04-2026,10-000689,Programmable power line communication modem System on Chip,1,OTS,Each,Electrical Components,In Production,,Terminal PCBA (TRM),10-06103C,"PCBA, Terminal Board, Type C, Coated",Qualitel,1,1,1
08-04-2026,10-000689,Programmable power line communication modem System on Chip,1,OTS,Each,Electrical Components,In Production,,PV Hub,90-004034,"Maximizer Hub, Boxed",Sienna,1,1,1
08-04-2026,10-000689,Programmable power line communication modem System on Chip,1,OTS,Each,Electrical Components,In Production,,Bridge,90-06801A,"Bridge, Type B, Boxed, Lunar Blue",Sienna,1,1,1
08-04-2026,10-000689,Programmable power line communication modem System on Chip,1,OTS,Each,Electrical Components,In Production,,9.6 KW Inverter,90-06889C,"Inverter 9.6kW with Cover and Brackets, Boxed, Lunar Blue",Sienna,1,1,1
08-04-2026,10-06886A,"Heat Spreader, DCDC, LFP DC ESS",1,MTS,Each,Part,In Planning,GS//TBD,2.1 LFP Block,90-08373A,"Battery Block with Wall Bracket, LFP, L2.1",Qualitel,4,1,1
08-04-2026,10-006364,ISOMOV 5KA 175VRMS -40 °C to +125 °C BULK CRIMPED,1,OTS,Each,Electrical Components,In Production,,Terminal PCBA (TRM),10-06103C,"PCBA, Terminal Board, Type C, Coated",Qualitel,1,4,4
08-04-2026,10-006364,ISOMOV 5KA 175VRMS -40 °C to +125 °C BULK CRIMPED,1,OTS,Each,Electrical Components,In Production,,9.6 KW Inverter,90-06889C,"Inverter 9.6kW with Cover and Brackets, Boxed, Lunar Blue",Sienna,1,4,4
08-04-2026,10-001144,RES SMD 20K OHM 1% 1/10W 0603 AEC-Q,1,OTS,Each,Electrical Components,In Production,,Power PCBA (IPC),10-06105C,"PCBA, Power Board, Type C, Coated",Qualitel,1,1,1
08-04-2026,10-001144,RES SMD 20K OHM 1% 1/10W 0603 AEC-Q,1,OTS,Each,Electrical Components,In Production,,9.6 KW Inverter,90-06889C,"Inverter 9.6kW with Cover and Brackets, Boxed, Lunar Blue",Sienna,1,1,1
08-04-2026,10-001144,RES SMD 20K OHM 1% 1/10W 0603 AEC-Q,1,OTS,Each,Electrical Components,In Production,,11 KW Inverter,90-08096A,"Lunar 3 Inverter, Boxed",TBD,1,2,2
08-04-2026,10-001303,"50-MV INPUT, PRECISION REINFORCE",1,OTS,Each,Electrical Components,In Design,,Link,30-07519A,Lunar Link PCBA,Sienna,1,1,1
08-04-2026,10-001303,"50-MV INPUT, PRECISION REINFORCE",1,OTS,Each,Electrical Components,In Design,,11 KW Inverter,90-08096A,"Lunar 3 Inverter, Boxed",TBD,1,3,3
08-04-2026,10-005902,"Cardboard, B-Flute, 200#",1,OTS,Each,Part,In Production,,Lifting Tool,90-005336,"Lifting Tool, Boxed",Sienna,1,2,0
08-04-2026,10-06756A,"Pin Contact, Stamped, Size 20, Gold 5µ"", 26-24 AWG",1,OTS,Each,Part,In Production,,MSAC,90-06700A,"MSA Controller, Boxed",Qualitel,1,31,0
08-04-2026,10-006642,IC ARM Microcontroller 32-Bit Quad-Core 400MHz 256KB FLASH 324-NFBGA (15x15),1,OTS,Each,Electrical Components,In Design,,11 KW Inverter,90-08096A,"Lunar 3 Inverter, Boxed",TBD,1,1,1
08-04-2026,10-003564,"Thread Forming Screw with Internal Tooth Washer, M3X0.5 15mm, BHT T10",2,OTS,Each,Part,In Production,A//Pencom,Maximizer Box,90-06831D,"Maximizer, Boxed",Sienna,1,40,40
08-04-2026,10-003564,"Thread Forming Screw with Internal Tooth Washer, M3X0.5 15mm, BHT T10",2,OTS,Each,Part,In Production,A//Pencom,2.0 LFP - EVT with cover,90-06948C,LFP Battery Block with ESS Cover and Wall Bracket,Qualitel,4,5,5
08-04-2026,10-003564,"Thread Forming Screw with Internal Tooth Washer, M3X0.5 15mm, BHT T10",2,OTS,Each,Part,In Production,A//Pencom,2.0 LFP - EVT without cover,90-07675A,LFP Battery Block with Wall Bracket,Qualitel,4,5,0
08-04-2026,10-005895,"Packaging, Lifting Tool, Corrugated Box, With Artwork",1,MTS,Each,Part,In Production,A//Stephen Gould,Lifting Tool,90-005336,"Lifting Tool, Boxed",Sienna,1,1,0
08-04-2026,10-06546A,IC BUF NON-INVERT 5.5V SC-70-5,1,OTS,Each,Electrical Components,In Production,,MSAC,90-06700A,"MSA Controller, Boxed",Qualitel,1,2,2
08-04-2026,10-06549A,IC BUF NON-INVERT 5.5V SC70-5,1,OTS,Each,Electrical Components,In Production,,Link,30-07519A,Lunar Link PCBA,Sienna,1,2,2
08-04-2026,10-06549A,IC BUF NON-INVERT 5.5V SC70-5,1,OTS,Each,Electrical Components,In Production,,MSAC,90-06700A,"MSA Controller, Boxed",Qualitel,1,2,2
08-04-2026,10-06549A,IC BUF NON-INVERT 5.5V SC70-5,1,OTS,Each,Electrical Components,In Production,,11 KW Inverter,90-08096A,"Lunar 3 Inverter, Boxed",TBD,1,6,6
08-04-2026,10-006434,CAP CER 22PF 50V C0G/NP0 0402,1,OTS,Each,Electrical Components,In Design,,Link,30-07519A,Lunar Link PCBA,Sienna,1,1,1
08-04-2026,10-001006,RES SMD 100 OHM 1% 1/3W 0603 AEC-Q,1,OTS,Each,Electrical Components,In Production,,Terminal PCBA (TRM),10-06103C,"PCBA, Terminal Board, Type C, Coated",Qualitel,1,8,8
08-04-2026,10-001006,RES SMD 100 OHM 1% 1/3W 0603 AEC-Q,1,OTS,Each,Electrical Components,In Production,,9.6 KW Inverter,90-06889C,"Inverter 9.6kW with Cover and Brackets, Boxed, Lunar Blue",Sienna,1,8,8
08-04-2026,10-004868,"Label Removable, White, Customer Quick Start QR Code",4,MTS,Each,Part,In Production,A//Boyd Corporation,9.6 KW Inverter,90-06889C,"Inverter 9.6kW with Cover and Brackets, Boxed, Lunar Blue",Sienna,1,1,0
08-04-2026,10-006399,CAP CER 10UF 16V X7S 0805,1,OTS,Each,Electrical Components,In Planning,,Link,30-07519A,Lunar Link PCBA,Sienna,1,13,13
08-04-2026,10-005156,"Inductor Module 1 Assy, Inverter Power Module, D",4,MTS,Each,Part,In Production,,9.6 KW Inverter,90-06889C,"Inverter 9.6kW with Cover and Brackets, Boxed, Lunar Blue",Sienna,1,1,0
08-04-2026,LR-000024,Cosmetic Standard for Powder Coated Metal Parts,3,MTS,Each,Lunar Requirement,In Production,,Bridge,90-06801A,"Bridge, Type B, Boxed, Lunar Blue",Sienna,1,2,0
08-04-2026,10-005411,RES 10K OHM 1% 1/10W 0603,1,OTS,Each,Electrical Components,In Production,,Power PCBA (IPC),10-06105C,"PCBA, Power Board, Type C, Coated",Qualitel,1,4,4
08-04-2026,10-005411,RES 10K OHM 1% 1/10W 0603,1,OTS,Each,Electrical Components,In Production,,9.6 KW Inverter,90-06889C,"Inverter 9.6kW with Cover and Brackets, Boxed, Lunar Blue",Sienna,1,4,4
08-04-2026,10-005411,RES 10K OHM 1% 1/10W 0603,1,OTS,Each,Electrical Components,In Production,,11 KW Inverter,90-08096A,"Lunar 3 Inverter, Boxed",TBD,1,1,1
08-04-2026,10-005411,RES 10K OHM 1% 1/10W 0603,1,OTS,Each,Electrical Components,In Production,,2.1 LFP Block,90-08373A,"Battery Block with Wall Bracket, LFP, L2.1",Qualitel,4,30,30
08-04-2026,10-006204,IC VREF SERIES 1% SOT23-3,1,OTS,Each,Electrical Components,In Planning,,Link,30-07519A,Lunar Link PCBA,Sienna,1,1,1
08-04-2026,10-006173,DIODE ZENER 150V 1.5W SMA,1,OTS,Each,Electrical Components,In Production,,11 KW Inverter,90-08096A,"Lunar 3 Inverter, Boxed",TBD,1,1,1
08-04-2026,10-002846,"PCBA, Conformal Coated, Maximizer Hub",7,MTS,Each,Assembly,In Production,,PV Hub,90-004034,"Maximizer Hub, Boxed",Sienna,1,1,0
08-04-2026,10-005868,"Packaging, Maximizer, Bottom Pad",1,OTS,Each,Part,In Production,,Maximizer Box,90-06831D,"Maximizer, Boxed",Sienna,1,1,1
08-04-2026,10-002253,"ASSY, ENCLOSURE DOOR, BRIDGE",13,MTS,Each,Part,In Production,,Bridge,90-06801A,"Bridge, Type B, Boxed, Lunar Blue",Sienna,1,1,0
08-04-2026,10-004608,"AC CMC, 3 Phase, 4 Turns",2,OTS,Each,Electrical Components,In Production,A//Bourns Inc.,Terminal PCBA (TRM),10-06103C,"PCBA, Terminal Board, Type C, Coated",Qualitel,1,1,1
08-04-2026,10-004608,"AC CMC, 3 Phase, 4 Turns",2,OTS,Each,Electrical Components,In Production,A//Bourns Inc.,9.6 KW Inverter,90-06889C,"Inverter 9.6kW with Cover and Brackets, Boxed, Lunar Blue",Sienna,1,1,1
08-04-2026,10-000729,"Interface Circuit, CMOS, PDSO8",2,OTS,Each,Electrical Components,In Production,,Terminal PCBA (TRM),10-06103C,"PCBA, Terminal Board, Type C, Coated",Qualitel,1,2,2
08-04-2026,10-000729,"Interface Circuit, CMOS, PDSO8",2,OTS,Each,Electrical Components,In Production,,Power PCBA (IPC),10-06105C,"PCBA, Power Board, Type C, Coated",Qualitel,1,1,1
08-04-2026,10-000729,"Interface Circuit, CMOS, PDSO8",2,OTS,Each,Electrical Components,In Production,,Bridge,90-06801A,"Bridge, Type B, Boxed, Lunar Blue",Sienna,1,1,1
08-04-2026,10-000729,"Interface Circuit, CMOS, PDSO8",2,OTS,Each,Electrical Components,In Production,,9.6 KW Inverter,90-06889C,"Inverter 9.6kW with Cover and Brackets, Boxed, Lunar Blue",Sienna,1,4,4
08-04-2026,10-000729,"Interface Circuit, CMOS, PDSO8",2,OTS,Each,Electrical Components,In Production,,2.0 LFP - EVT with cover,90-06948C,LFP Battery Block with ESS Cover and Wall Bracket,Qualitel,4,1,1
08-04-2026,10-000729,"Interface Circuit, CMOS, PDSO8",2,OTS,Each,Electrical Components,In Production,,2.0 LFP - EVT without cover,90-07675A,LFP Battery Block with Wall Bracket,Qualitel,4,1,0
08-04-2026,10-000729,"Interface Circuit, CMOS, PDSO8",2,OTS,Each,Electrical Components,In Production,,11 KW Inverter,90-08096A,"Lunar 3 Inverter, Boxed",TBD,1,1,1
08-04-2026,10-000729,"Interface Circuit, CMOS, PDSO8",2,OTS,Each,Electrical Components,In Production,,2.1 LFP Block,90-08373A,"Battery Block with Wall Bracket, LFP, L2.1",Qualitel,4,1,1
08-04-2026,10-002934,DIODE GEN PURP 600V 5A SMC,1,OTS,Each,Electrical Components,In Production,,Bridge,90-06801A,"Bridge, Type B, Boxed, Lunar Blue",Sienna,1,2,2
08-04-2026,10-001610,DIODE SCHOTTKY 80V 1A SOD123 AEC-Q,1,OTS,Each,Electrical Components,In Production,,Maximizer Box,90-06831D,"Maximizer, Boxed",Sienna,1,20,20
08-04-2026,10-001610,DIODE SCHOTTKY 80V 1A SOD123 AEC-Q,1,OTS,Each,Electrical Components,In Production,,2.0 LFP - EVT with cover,90-06948C,LFP Battery Block with ESS Cover and Wall Bracket,Qualitel,4,1,1
08-04-2026,10-001610,DIODE SCHOTTKY 80V 1A SOD123 AEC-Q,1,OTS,Each,Electrical Components,In Production,,2.0 LFP - EVT without cover,90-07675A,LFP Battery Block with Wall Bracket,Qualitel,4,1,0
08-04-2026,10-001610,DIODE SCHOTTKY 80V 1A SOD123 AEC-Q,1,OTS,Each,Electrical Components,In Production,,2.1 LFP Block,90-08373A,"Battery Block with Wall Bracket, LFP, L2.1",Qualitel,4,1,1
08-04-2026,10-000605,DIODE ARRAY AEC-Q,1,OTS,Each,Electrical Components,In Production,,Terminal PCBA (TRM),10-06103C,"PCBA, Terminal Board, Type C, Coated",Qualitel,1,15,15
08-04-2026,10-000605,DIODE ARRAY AEC-Q,1,OTS,Each,Electrical Components,In Production,,MSAC,90-06700A,"MSA Controller, Boxed",Qualitel,1,6,6
08-04-2026,10-000605,DIODE ARRAY AEC-Q,1,OTS,Each,Electrical Components,In Production,,Bridge,90-06801A,"Bridge, Type B, Boxed, Lunar Blue",Sienna,1,1,1
08-04-2026,10-000605,DIODE ARRAY AEC-Q,1,OTS,Each,Electrical Components,In Production,,9.6 KW Inverter,90-06889C,"Inverter 9.6kW with Cover and Brackets, Boxed, Lunar Blue",Sienna,1,15,15
08-04-2026,10-000605,DIODE ARRAY AEC-Q,1,OTS,Each,Electrical Components,In Production,,11 KW Inverter,90-08096A,"Lunar 3 Inverter, Boxed",TBD,1,24,24
08-04-2026,10-000421,"Connector,MC4,Female",1,OTS,Each,Part,In Production,,Maximizer Box,90-06831D,"Maximizer, Boxed",Sienna,1,40,0
08-04-2026,10-002349,"Connector,Plug,MX150L,16POS,Panel,IP67",1,OTS,Each,Part,In Production,,9.6 KW Inverter,90-06889C,"Inverter 9.6kW with Cover and Brackets, Boxed, Lunar Blue",Sienna,1,1,0
08-04-2026,10-003160,"XMFR CUSTOM T/H 12PIN 30.7 X 30,0 X 24.6MM",1,OTS,Each,Electrical Components,In Production,,Terminal PCBA (TRM),10-06103C,"PCBA, Terminal Board, Type C, Coated",Qualitel,1,1,1
08-04-2026,10-003160,"XMFR CUSTOM T/H 12PIN 30.7 X 30,0 X 24.6MM",1,OTS,Each,Electrical Components,In Production,,9.6 KW Inverter,90-06889C,"Inverter 9.6kW with Cover and Brackets, Boxed, Lunar Blue",Sienna,1,1,1
08-04-2026,10-001239,PCB Terminal Block 3-Pole,1,OTS,Each,Electrical Components,In Production,,Terminal PCBA (TRM),10-06103C,"PCBA, Terminal Board, Type C, Coated",Qualitel,1,1,1
08-04-2026,10-001239,PCB Terminal Block 3-Pole,1,OTS,Each,Electrical Components,In Production,,9.6 KW Inverter,90-06889C,"Inverter 9.6kW with Cover and Brackets, Boxed, Lunar Blue",Sienna,1,1,1
08-04-2026,10-004501,"55V, 3A, HALF-BRIDGE POWER DRIVE",1,OTS,Each,Electrical Components,In Production,,Power PCBA (IPC),10-06105C,"PCBA, Power Board, Type C, Coated",Qualitel,1,3,3
08-04-2026,10-004501,"55V, 3A, HALF-BRIDGE POWER DRIVE",1,OTS,Each,Electrical Components,In Production,,9.6 KW Inverter,90-06889C,"Inverter 9.6kW with Cover and Brackets, Boxed, Lunar Blue",Sienna,1,3,3
08-04-2026,10-003501,FIXED IND 100UH 800MA 700MOHM SM,1,OTS,Each,Electrical Components,In Production,,Power PCBA (IPC),10-06105C,"PCBA, Power Board, Type C, Coated",Qualitel,1,2,2
08-04-2026,10-003501,FIXED IND 100UH 800MA 700MOHM SM,1,OTS,Each,Electrical Components,In Production,,9.6 KW Inverter,90-06889C,"Inverter 9.6kW with Cover and Brackets, Boxed, Lunar Blue",Sienna,1,2,2
08-04-2026,10-003821,ESS Cover Perf Insert,5,MTS,Each,Part,In Production,A//JPOND,9.6 KW Inverter,90-06889C,"Inverter 9.6kW with Cover and Brackets, Boxed, Lunar Blue",Sienna,1,2,0
08-04-2026,10-003821,ESS Cover Perf Insert,5,MTS,Each,Part,In Production,A//JPOND,2.0 LFP - EVT with cover,90-06948C,LFP Battery Block with ESS Cover and Wall Bracket,Qualitel,4,2,0
08-04-2026,10-000596,FIXED IND 10UH 500MA 400MOHM SMD,2,OTS,Each,Electrical Components,In Production,,2.0 LFP - EVT with cover,90-06948C,LFP Battery Block with ESS Cover and Wall Bracket,Qualitel,4,1,1
08-04-2026,10-000596,FIXED IND 10UH 500MA 400MOHM SMD,2,OTS,Each,Electrical Components,In Production,,2.0 LFP - EVT without cover,90-07675A,LFP Battery Block with Wall Bracket,Qualitel,4,1,0
08-04-2026,10-002401,ROUND STANDOFF M2X0.4 STEEL 1MM,1,OTS,Each,Electrical Components,In Production,,2.0 LFP - EVT with cover,90-06948C,LFP Battery Block with ESS Cover and Wall Bracket,Qualitel,4,3,3
08-04-2026,10-002401,ROUND STANDOFF M2X0.4 STEEL 1MM,1,OTS,Each,Electrical Components,In Production,,2.0 LFP - EVT without cover,90-07675A,LFP Battery Block with Wall Bracket,Qualitel,4,3,0
08-04-2026,10-002401,ROUND STANDOFF M2X0.4 STEEL 1MM,1,OTS,Each,Electrical Components,In Production,,2.1 LFP Block,90-08373A,"Battery Block with Wall Bracket, LFP, L2.1",Qualitel,4,3,3
08-04-2026,10-001414,DIODE ZENER 10V 500MW SOD123 AEC-Q,1,OTS,Each,Electrical Components,In Production,,Terminal PCBA (TRM),10-06103C,"PCBA, Terminal Board, Type C, Coated",Qualitel,1,1,1
08-04-2026,10-001414,DIODE ZENER 10V 500MW SOD123 AEC-Q,1,OTS,Each,Electrical Components,In Production,,9.6 KW Inverter,90-06889C,"Inverter 9.6kW with Cover and Brackets, Boxed, Lunar Blue",Sienna,1,1,1
08-04-2026,10-001414,DIODE ZENER 10V 500MW SOD123 AEC-Q,1,OTS,Each,Electrical Components,In Production,,2.0 LFP - EVT with cover,90-06948C,LFP Battery Block with ESS Cover and Wall Bracket,Qualitel,4,1,1
08-04-2026,10-001414,DIODE ZENER 10V 500MW SOD123 AEC-Q,1,OTS,Each,Electrical Components,In Production,,2.0 LFP - EVT without cover,90-07675A,LFP Battery Block with Wall Bracket,Qualitel,4,1,0
08-04-2026,10-001414,DIODE ZENER 10V 500MW SOD123 AEC-Q,1,OTS,Each,Electrical Components,In Production,,11 KW Inverter,90-08096A,"Lunar 3 Inverter, Boxed",TBD,1,1,1
08-04-2026,10-001286,IC GATE DRVR HALF-BRIDGE HI SPD,1,OTS,Each,Electrical Components,In Production,,2.0 LFP - EVT with cover,90-06948C,LFP Battery Block with ESS Cover and Wall Bracket,Qualitel,4,6,6
08-04-2026,10-001286,IC GATE DRVR HALF-BRIDGE HI SPD,1,OTS,Each,Electrical Components,In Production,,2.0 LFP - EVT without cover,90-07675A,LFP Battery Block with Wall Bracket,Qualitel,4,6,0
08-04-2026,10-001286,IC GATE DRVR HALF-BRIDGE HI SPD,1,OTS,Each,Electrical Components,In Production,,2.1 LFP Block,90-08373A,"Battery Block with Wall Bracket, LFP, L2.1",Qualitel,4,6,6
08-04-2026,10-004059,"Assy, Grounded Bracket, Load Tray, Lower, Bridge",4,MTS,Each,Part,In Production,,Bridge,90-06801A,"Bridge, Type B, Boxed, Lunar Blue",Sienna,1,1,0
08-04-2026,10-000415,"Lift-Off Hinge, w/o pin, RH, Bridge",2,OTS,Each,Part,In Production,A//Avalon,Bridge,90-06801A,"Bridge, Type B, Boxed, Lunar Blue",Sienna,1,2,0
08-04-2026,10-001950,"PET Resin, 5VB, 30% GF",1,OTS,Gram,Part,In Production,,9.6 KW Inverter,90-06889C,"Inverter 9.6kW with Cover and Brackets, Boxed, Lunar Blue",Sienna,1,16.22,0
08-04-2026,10-001938,"Potting Compound, Urethane",2,MTS,Gram,Part,In Production,,Maximizer Box,90-06831D,"Maximizer, Boxed",Sienna,1,4900,0
08-04-2026,10-002580,"Terminal,Tab,20-24awg,Mating Width 1.6 mm",1,OTS,Each,Part,In Production,A//TE Connectivity,9.6 KW Inverter,90-06889C,"Inverter 9.6kW with Cover and Brackets, Boxed, Lunar Blue",Sienna,1,12,0
08-04-2026,10-004763,"Ink, Logo, Pad Print, Metallic Silver",1,OTS,Gram,Part,In Production,P//JPOND,9.6 KW Inverter,90-06889C,"Inverter 9.6kW with Cover and Brackets, Boxed, Lunar Blue",Sienna,1,1,0
08-04-2026,LR-000023,Cosmetic Standard for Sheet Metal Parts,1,OTS,Each,Lunar Requirement,In Production,,Bridge,90-06801A,"Bridge, Type B, Boxed, Lunar Blue",Sienna,1,13,0
08-04-2026,10-002259,"Ring Terminal,M5,Sn,10-14AWG",1,OTS,Each,Part,In Production,,9.6 KW Inverter,90-06889C,"Inverter 9.6kW with Cover and Brackets, Boxed, Lunar Blue",Sienna,1,1,0
08-04-2026,10-002655,"Heatshrink, 3:1, BLK, Adhesive lined, 0.5in ID ,0.055in THK",1,OTS,Millimeter,Part,In Production,,9.6 KW Inverter,90-06889C,"Inverter 9.6kW with Cover and Brackets, Boxed, Lunar Blue",Sienna,1,385,0
08-04-2026,10-002509,FAKRA PLUG (Key A) to FAKRA PLUG (Key A) 6GHz LMR-240 460mm,1,OTS,Each,Part,In Production,GS//[TBD],9.6 KW Inverter,90-06889C,"Inverter 9.6kW with Cover and Brackets, Boxed, Lunar Blue",Sienna,1,1,0
08-04-2026,10-002404,"Wire,22 AWG,19/34,UL 11905,Nickel-Plated Copper,Black",1,OTS,Millimeter,Part,In Production,,Bridge,90-06801A,"Bridge, Type B, Boxed, Lunar Blue",Sienna,1,2766,0
08-04-2026,10-06701A,"Wall Bracket, Battery Block, Type 2",1,MTS,Each,Part,In Production,A//JPOND,2.0 LFP - EVT with cover,90-06948C,LFP Battery Block with ESS Cover and Wall Bracket,Qualitel,4,1,0
08-04-2026,10-06701A,"Wall Bracket, Battery Block, Type 2",1,MTS,Each,Part,In Production,A//JPOND,2.0 LFP - EVT without cover,90-07675A,LFP Battery Block with Wall Bracket,Qualitel,4,1,0
08-04-2026,10-06701A,"Wall Bracket, Battery Block, Type 2",1,MTS,Each,Part,In Production,A//JPOND,2.1 LFP Block,90-08373A,"Battery Block with Wall Bracket, LFP, L2.1",Qualitel,4,1,0
08-04-2026,10-07510C,"Heat Sink, DCDC, Cont Fin, LFP DC ESS",1,MTS,Each,Part,In Design,,2.1 LFP Block,90-08373A,"Battery Block with Wall Bracket, LFP, L2.1",Qualitel,4,1,0
08-04-2026,10-006993,CRYSTAL 12.2880MHZ 18PF SMD HC-49/US (11.40MM x 4.70MM),1,OTS,Each,Electrical Components,In Design,,11 KW Inverter,90-08096A,"Lunar 3 Inverter, Boxed",TBD,1,1,1
08-04-2026,10-001055,RES 15K OHM 1% 1/16W 0402 AEC-Q,1,OTS,Each,Electrical Components,In Production,,Terminal PCBA (TRM),10-06103C,"PCBA, Terminal Board, Type C, Coated",Qualitel,1,2,2
08-04-2026,10-001055,RES 15K OHM 1% 1/16W 0402 AEC-Q,1,OTS,Each,Electrical Components,In Production,,PV Hub,90-004034,"Maximizer Hub, Boxed",Sienna,1,1,1
08-04-2026,10-001055,RES 15K OHM 1% 1/16W 0402 AEC-Q,1,OTS,Each,Electrical Components,In Production,,9.6 KW Inverter,90-06889C,"Inverter 9.6kW with Cover and Brackets, Boxed, Lunar Blue",Sienna,1,2,2
08-04-2026,10-001055,RES 15K OHM 1% 1/16W 0402 AEC-Q,1,OTS,Each,Electrical Components,In Production,,11 KW Inverter,90-08096A,"Lunar 3 Inverter, Boxed",TBD,1,3,3
08-04-2026,10-07075A,"Label, Warning, Connector Lock",1,OTS,Each,Part,In Production,A//Stephen Gould,MSAC,90-06700A,"MSA Controller, Boxed",Qualitel,1,1,1
08-04-2026,10-07398A,CAP CER 1UF 250V X7R 2220,1,OTS,Each,Electrical Components,In Planning,,2.1 LFP Block,90-08373A,"Battery Block with Wall Bracket, LFP, L2.1",Qualitel,4,46,46
08-04-2026,30-005368,"PCBA, RF Passthrough Type A",1,MTS,Each,PCBA,In Production,,9.6 KW Inverter,90-06889C,"Inverter 9.6kW with Cover and Brackets, Boxed, Lunar Blue",Sienna,1,1,0
08-04-2026,10-006426,"Heat spreader, Aluminum Nitride, TIM and pre-applied, Type B",4,MTS,Each,Part,In Production,GS//MyHeatSinks,9.6 KW Inverter,90-06889C,"Inverter 9.6kW with Cover and Brackets, Boxed, Lunar Blue",Sienna,1,2,2
08-04-2026,10-004262,CONN PIN RCPT .022-.034 SOLDER,1,OTS,Each,Electrical Components,Sunset - Phase Out,,Bridge,90-06801A,"Bridge, Type B, Boxed, Lunar Blue",Sienna,1,4,4
08-04-2026,10-006717,MOSFET SILICON CARBIDE N-CH 650V RDS 10.0mOHM PG-HDSOP-22-1,1,OTS,Each,Electrical Components,In Production,,11 KW Inverter,90-08096A,"Lunar 3 Inverter, Boxed",TBD,1,8,8
08-04-2026,10-004497,CAP CER 0.022UF 630V X7R 1206,1,OTS,Each,Electrical Components,In Production,,Power PCBA (IPC),10-06105C,"PCBA, Power Board, Type C, Coated",Qualitel,1,8,8
08-04-2026,10-004497,CAP CER 0.022UF 630V X7R 1206,1,OTS,Each,Electrical Components,In Production,,9.6 KW Inverter,90-06889C,"Inverter 9.6kW with Cover and Brackets, Boxed, Lunar Blue",Sienna,1,8,8
08-04-2026,10-004497,CAP CER 0.022UF 630V X7R 1206,1,OTS,Each,Electrical Components,In Production,,11 KW Inverter,90-08096A,"Lunar 3 Inverter, Boxed",TBD,1,16,16
08-04-2026,10-002228,"Ground Bar Module, Bridge",11,MTS,Each,Part,In Production,,Bridge,90-06801A,"Bridge, Type B, Boxed, Lunar Blue",Sienna,1,1,0
08-04-2026,20-05001C,"PCB, Terminal Board, Type C",2,MTS,Each,PCB,In Production,A//Sunshine PCB Group,Terminal PCBA (TRM),10-06103C,"PCBA, Terminal Board, Type C, Coated",Qualitel,1,1,1
08-04-2026,20-05001C,"PCB, Terminal Board, Type C",2,MTS,Each,PCB,In Production,A//Sunshine PCB Group,9.6 KW Inverter,90-06889C,"Inverter 9.6kW with Cover and Brackets, Boxed, Lunar Blue",Sienna,1,1,1
08-04-2026,10-002922,CAP CER 3900PF 630V C0G/NP0 1206 AEC-Q,1,OTS,Each,Electrical Components,Sunset - Phase Out,,Terminal PCBA (TRM),10-06103C,"PCBA, Terminal Board, Type C, Coated",Qualitel,1,1,1
08-04-2026,10-002922,CAP CER 3900PF 630V C0G/NP0 1206 AEC-Q,1,OTS,Each,Electrical Components,Sunset - Phase Out,,Bridge,90-06801A,"Bridge, Type B, Boxed, Lunar Blue",Sienna,1,1,1
08-04-2026,10-002922,CAP CER 3900PF 630V C0G/NP0 1206 AEC-Q,1,OTS,Each,Electrical Components,Sunset - Phase Out,,9.6 KW Inverter,90-06889C,"Inverter 9.6kW with Cover and Brackets, Boxed, Lunar Blue",Sienna,1,1,1
08-04-2026,10-006695,DIODE ZENER 4.03V 960MW DO219AC,1,OTS,Each,Electrical Components,In Production,,Terminal PCBA (TRM),10-06103C,"PCBA, Terminal Board, Type C, Coated",Qualitel,1,1,1
08-04-2026,10-006695,DIODE ZENER 4.03V 960MW DO219AC,1,OTS,Each,Electrical Components,In Production,,9.6 KW Inverter,90-06889C,"Inverter 9.6kW with Cover and Brackets, Boxed, Lunar Blue",Sienna,1,1,1
08-04-2026,10-006397,"TIM, PCBA, TERMINAL BOARD, INVERTER",2,MTS,Each,Part,In Production,A//Singleton,9.6 KW Inverter,90-06889C,"Inverter 9.6kW with Cover and Brackets, Boxed, Lunar Blue",Sienna,1,3,3
08-04-2026,10-005452,RES 12.1K OHM 1% 1/10W 0603,1,OTS,Each,Electrical Components,In Design,,2.1 LFP Block,90-08373A,"Battery Block with Wall Bracket, LFP, L2.1",Qualitel,4,2,2
08-04-2026,10-005390,RES 100K OHM 1% 1/10W 0603,1,OTS,Each,Electrical Components,In Design,,2.1 LFP Block,90-08373A,"Battery Block with Wall Bracket, LFP, L2.1",Qualitel,4,6,6
08-04-2026,10-003550,"ASSY, INNER COVER, BRIDGE, LUNAR BLUE",7,MTS,Each,Part,In Production,"A//Avalon, P//Jabil Green Point",Bridge,90-06801A,"Bridge, Type B, Boxed, Lunar Blue",Sienna,1,1,1
08-04-2026,10-003780,"FOAM, EPDM, ULTRA-SOFT, 1/8 IN THICK, 3/8 IN WIDE",3,OTS,Millimeter Square,Part,In Production,"A//Marian Inc, P//Marian Inc",Bridge,90-06801A,"Bridge, Type B, Boxed, Lunar Blue",Sienna,1,50,0
08-04-2026,10-003650,RES SMD 2K OHM 1% 1/16W 0402,1,OTS,Each,Electrical Components,In Design,,11 KW Inverter,90-08096A,"Lunar 3 Inverter, Boxed",TBD,1,2,2
08-04-2026,10-004922,"Inverter Cover, Bug Barrier, Boot Style, Fixed",4,MTS,Each,Part,In Production,A//JPOND,9.6 KW Inverter,90-06889C,"Inverter 9.6kW with Cover and Brackets, Boxed, Lunar Blue",Sienna,1,2,0
08-04-2026,10-003609,"Tape, Electrical, Yellow",1,OTS,Each,Part,In Production,,Maximizer Box,90-06831D,"Maximizer, Boxed",Sienna,1,40,0
08-04-2026,10-001932,"Insert,M4,3mm L,Molded,Thru",1,OTS,Each,Part,In Production,A//Penn Engineering,9.6 KW Inverter,90-06889C,"Inverter 9.6kW with Cover and Brackets, Boxed, Lunar Blue",Sienna,1,4,0
08-04-2026,10-08112A,"Lunar 3 Inverter Enclosure, Rear Grill, Left Panel, DVT1",3,MTS,Each,Part,In Design,,11 KW Inverter,90-08096A,"Lunar 3 Inverter, Boxed",TBD,1,1,0
08-04-2026,10-08151A,"Lunar 3 Inverter Enclosure, Left Panel Weldment, DVT1",2,MTS,Each,Assembly,In Design,,11 KW Inverter,90-08096A,"Lunar 3 Inverter, Boxed",TBD,1,1,0
08-04-2026,10-08017A,"EVA Port Cover, Motherboard, 11kW Inverter",1,MTS,Each,Part,In Design,GS//TBD,11 KW Inverter,90-08096A,"Lunar 3 Inverter, Boxed",TBD,1,1,1
08-04-2026,10-07908A,"Assy, Wall Panel with Wall Hooks",3,MTS,Each,Assembly,In Planning,,2.1 LFP Block,90-08373A,"Battery Block with Wall Bracket, LFP, L2.1",Qualitel,4,1,0
08-04-2026,10-002496,IC SUPERVISOR 1 CHANNEL SOT23-3 (2.92MM X 1.30MM),1,OTS,Each,Electrical Components,In Production,,Link,30-07519A,Lunar Link PCBA,Sienna,1,1,1
08-04-2026,10-006690,FERRITE BEAD 2.2 KOHM 0603 1LN,1,OTS,Each,Electrical Components,In Production,,2.0 LFP - EVT with cover,90-06948C,LFP Battery Block with ESS Cover and Wall Bracket,Qualitel,4,2,2
08-04-2026,10-006690,FERRITE BEAD 2.2 KOHM 0603 1LN,1,OTS,Each,Electrical Components,In Production,,2.0 LFP - EVT without cover,90-07675A,LFP Battery Block with Wall Bracket,Qualitel,4,2,0
08-04-2026,10-006690,FERRITE BEAD 2.2 KOHM 0603 1LN,1,OTS,Each,Electrical Components,In Production,,2.1 LFP Block,90-08373A,"Battery Block with Wall Bracket, LFP, L2.1",Qualitel,4,2,2
08-04-2026,10-002061,"Fir Tree,Cable Tie,1-Piece,1.0 - 35.0 mm",1,OTS,Each,Part,In Production,A//HellermannTyton,HW Kit,90-001223,"20kWh Hardware Kit, Lunar Blue",Sienna,1,4,0
08-04-2026,10-002061,"Fir Tree,Cable Tie,1-Piece,1.0 - 35.0 mm",1,OTS,Each,Part,In Production,A//HellermannTyton,2.0 LFP - EVT with cover,90-06948C,LFP Battery Block with ESS Cover and Wall Bracket,Qualitel,4,1,1
08-04-2026,10-002061,"Fir Tree,Cable Tie,1-Piece,1.0 - 35.0 mm",1,OTS,Each,Part,In Production,A//HellermannTyton,LFP HW Kit,90-07290A,20kWh LFP ESS Hardware Kit,Sienna,1,4,0
08-04-2026,10-002061,"Fir Tree,Cable Tie,1-Piece,1.0 - 35.0 mm",1,OTS,Each,Part,In Production,A//HellermannTyton,2.0 LFP - EVT without cover,90-07675A,LFP Battery Block with Wall Bracket,Qualitel,4,1,0
08-04-2026,10-002773,MOSFET N-CH 700V 12.5A TO252-3,1,OTS,Each,Electrical Components,In Production,,Terminal PCBA (TRM),10-06103C,"PCBA, Terminal Board, Type C, Coated",Qualitel,1,3,3
08-04-2026,10-002773,MOSFET N-CH 700V 12.5A TO252-3,1,OTS,Each,Electrical Components,In Production,,Bridge,90-06801A,"Bridge, Type B, Boxed, Lunar Blue",Sienna,1,1,1
08-04-2026,10-002773,MOSFET N-CH 700V 12.5A TO252-3,1,OTS,Each,Electrical Components,In Production,,9.6 KW Inverter,90-06889C,"Inverter 9.6kW with Cover and Brackets, Boxed, Lunar Blue",Sienna,1,3,3
08-04-2026,10-004060,DIODE ZENER 15V 5W DO214AA,1,OTS,Each,Electrical Components,In Production,,PV Hub,90-004034,"Maximizer Hub, Boxed",Sienna,1,1,1
08-04-2026,10-002529,FERRITE BEAD 220 OHM 1206 1LN,1,OTS,Each,Electrical Components,In Production,,PV Hub,90-004034,"Maximizer Hub, Boxed",Sienna,1,1,1
08-04-2026,10-002529,FERRITE BEAD 220 OHM 1206 1LN,1,OTS,Each,Electrical Components,In Production,,11 KW Inverter,90-08096A,"Lunar 3 Inverter, Boxed",TBD,1,6,6
08-04-2026,10-003997,"Hotmelt,Polyamid,V0,Black",1,OTS,Gram,Part,In Production,GS//[TBD],9.6 KW Inverter,90-06889C,"Inverter 9.6kW with Cover and Brackets, Boxed, Lunar Blue",Sienna,1,14,14
08-04-2026,10-003522,"Aluminum 6061-T6, ASTM B209",1,OTS,Gram,Part,In Production,,Bridge,90-06801A,"Bridge, Type B, Boxed, Lunar Blue",Sienna,1,19,0
08-04-2026,ASM-000007,"PCBA Files, Power Board, Type C",1,OTS,Each,Assembly Files,In Production,,Power PCBA (IPC),10-06105C,"PCBA, Power Board, Type C, Coated",Qualitel,1,1,1
08-04-2026,ASM-000007,"PCBA Files, Power Board, Type C",1,OTS,Each,Assembly Files,In Production,,9.6 KW Inverter,90-06889C,"Inverter 9.6kW with Cover and Brackets, Boxed, Lunar Blue",Sienna,1,1,1
08-04-2026,30-06904A,LFP EVT DC-DC BMS PCBA,9,MTS,Each,PCBA,In Production,,2.0 LFP - EVT with cover,90-06948C,LFP Battery Block with ESS Cover and Wall Bracket,Qualitel,4,1,0
08-04-2026,30-06904A,LFP EVT DC-DC BMS PCBA,9,MTS,Each,PCBA,In Production,,2.0 LFP - EVT without cover,90-07675A,LFP Battery Block with Wall Bracket,Qualitel,4,1,0
08-04-2026,10-08390A,"Label, WiFi, Lunar 3 Inverter",1,MTS,Each,Part,In Planning,GS//TBD,11 KW Inverter,90-08096A,"Lunar 3 Inverter, Boxed",TBD,1,1,1
08-04-2026,10-08337A,"PP Insulation plate, CCA",1,OTS,Each,Part,In Planning,A//ACE Battery,2.1 LFP Block,90-08373A,"Battery Block with Wall Bracket, LFP, L2.1",Qualitel,4,2,2
08-04-2026,10-07835A,"Panel, End Cap, Vent",4,MTS,Each,Part,In Planning,,2.1 LFP Block,90-08373A,"Battery Block with Wall Bracket, LFP, L2.1",Qualitel,4,1,0
08-04-2026,10-08116A,"FIPFG, UL157 Rated",1,OTS,Milliliter,Part,In Design,,2.1 LFP Block,90-08373A,"Battery Block with Wall Bracket, LFP, L2.1",Qualitel,4,1,0
08-04-2026,10-08370A,"Harness, DCDC to Cell Array, L2.1",1,MTS,Each,Assembly,In Planning,,2.1 LFP Block,90-08373A,"Battery Block with Wall Bracket, LFP, L2.1",Qualitel,4,1,0
08-04-2026,10-08021A,"CRYSTAL 12.2880MHZ 8PF 4-SMD 0.126"" L x 0.098"" W (3.20mm x 2.50mm)",1,OTS,Each,Electrical Components,In Design,,Link,30-07519A,Lunar Link PCBA,Sienna,1,1,1
08-04-2026,10-08121A,"Lunar 3 Inverter, Enclosure Assembly, DVT1",2,MTS,Each,Assembly,In Design,GS//TBD,11 KW Inverter,90-08096A,"Lunar 3 Inverter, Boxed",TBD,1,1,1
08-04-2026,10-08009A,"Shroud with Inserts, L2.1 LFP DC ESS",1,MTS,Each,Assembly,In Design,GS//TBD,2.1 LFP Block,90-08373A,"Battery Block with Wall Bracket, LFP, L2.1",Qualitel,4,1,1
08-04-2026,10-007016,DIODE ZENER 82V 5W ±5% DO214AA,1,OTS,Each,Electrical Components,In Design,,Max 2.0 PCBA,30-07320F,Maximizer 2.0 PCBA,TBD,20,1,1
08-04-2026,10-06647E,"PCBA DCDC/BMS, with Conformal Coat, LFP DC ESS",1,MTS,Each,Assembly,In Design,,2.1 LFP Block,90-08373A,"Battery Block with Wall Bracket, LFP, L2.1",Qualitel,4,1,0
08-04-2026,10-07732A,"Snorkel Insert, L2.1 LFP DC ESS",2,MTS,Each,Part,In Design,,2.1 LFP Block,90-08373A,"Battery Block with Wall Bracket, LFP, L2.1",Qualitel,4,1,0
08-04-2026,10-006976,IC REG BUCK BOOST ADJ 600MA 8CSP (0.80MM x1.60MM),1,OTS,Each,Electrical Components,In Design,,11 KW Inverter,90-08096A,"Lunar 3 Inverter, Boxed",TBD,1,1,1
08-04-2026,10-06953C,"Label,Compliance,Inverter",3,MTS,Each,Assembly,In Production,A//Stephen Gould,9.6 KW Inverter,90-06889C,"Inverter 9.6kW with Cover and Brackets, Boxed, Lunar Blue",Sienna,1,1,1
08-04-2026,10-006921,CONN HEADER VERT 12POS 2ROWS 5.7MM PITCH ROW SPACING THRU HOLE 34.85LX14.03DX14.8HMM,1,OTS,Each,Electrical Components,In Design,,11 KW Inverter,90-08096A,"Lunar 3 Inverter, Boxed",TBD,1,2,2
08-04-2026,10-07810A,Adhesive,1,MTS,Each,Part,In Production,,2.0 LFP - EVT with cover,90-06948C,LFP Battery Block with ESS Cover and Wall Bracket,Qualitel,4,1,0
08-04-2026,10-07810A,Adhesive,1,MTS,Each,Part,In Production,,2.0 LFP - EVT without cover,90-07675A,LFP Battery Block with Wall Bracket,Qualitel,4,1,0
08-04-2026,10-006946,RES 6.2 OHM 5% 1W 2512,1,OTS,Each,Electrical Components,In Production,,2.0 LFP - EVT with cover,90-06948C,LFP Battery Block with ESS Cover and Wall Bracket,Qualitel,4,17,17
08-04-2026,10-006946,RES 6.2 OHM 5% 1W 2512,1,OTS,Each,Electrical Components,In Production,,2.0 LFP - EVT without cover,90-07675A,LFP Battery Block with Wall Bracket,Qualitel,4,17,0
08-04-2026,10-006914,RES 390K OHM 1% 1/2W 1206,1,OTS,Each,Electrical Components,In Planning,,Max 2.0 PCBA,30-07320F,Maximizer 2.0 PCBA,TBD,20,4,4
08-04-2026,10-006945,DIODE TVS 58VWM 95VC DO219AB (3.9MM X 1.9MM),1,OTS,Each,Electrical Components,In Design,,11 KW Inverter,90-08096A,"Lunar 3 Inverter, Boxed",TBD,1,1,1
08-04-2026,10-006940,CAP CER 68PF 50V C0G/NP0 0402,1,OTS,Each,Electrical Components,In Design,,11 KW Inverter,90-08096A,"Lunar 3 Inverter, Boxed",TBD,1,1,1
08-04-2026,10-07686A,"Label, Compliance, LFP AC ESS System, 20kWh w/ Expansion Note",1,MTS,Each,Assembly,In Production,,LFP HW Kit,90-07290A,20kWh LFP ESS Hardware Kit,Sienna,1,1,0
08-04-2026,10-06703A,"Foam Gasket, GaN FETs, Maximizer",3,MTS,Each,Part,In Production,"A//Boyd Corporation, A//Singleton",Maximizer Box,90-06831D,"Maximizer, Boxed",Sienna,1,20,20
08-04-2026,10-006872,RES 0.12 OHM 1% 1/2W 1206,1,OTS,Each,Electrical Components,In Design,,11 KW Inverter,90-08096A,"Lunar 3 Inverter, Boxed",TBD,1,2,2
08-04-2026,10-004566,CAP CER 100PF 50V C0G/NP0 0402 AEC-Q,1,OTS,Each,Electrical Components,Sunset - Phase Out,,Terminal PCBA (TRM),10-06103C,"PCBA, Terminal Board, Type C, Coated",Qualitel,1,18,18
08-04-2026,10-004566,CAP CER 100PF 50V C0G/NP0 0402 AEC-Q,1,OTS,Each,Electrical Components,Sunset - Phase Out,,Bridge,90-06801A,"Bridge, Type B, Boxed, Lunar Blue",Sienna,1,6,6
08-04-2026,10-004566,CAP CER 100PF 50V C0G/NP0 0402 AEC-Q,1,OTS,Each,Electrical Components,Sunset - Phase Out,,9.6 KW Inverter,90-06889C,"Inverter 9.6kW with Cover and Brackets, Boxed, Lunar Blue",Sienna,1,19,19
08-04-2026,10-000842,CAP CER 22PF 50V C0G/NPO 0402 AEC-Q,1,OTS,Each,Electrical Components,Sunset - Phase Out,,MSAC,90-06700A,"MSA Controller, Boxed",Qualitel,1,10,10
08-04-2026,10-000842,CAP CER 22PF 50V C0G/NPO 0402 AEC-Q,1,OTS,Each,Electrical Components,Sunset - Phase Out,,11 KW Inverter,90-08096A,"Lunar 3 Inverter, Boxed",TBD,1,4,4
08-04-2026,10-003269,CAP CER 0.1UF 50V X7R 0402,1,OTS,Each,Electrical Components,In Production,,Max 2.0 PCBA,30-07320F,Maximizer 2.0 PCBA,TBD,20,10,10
08-04-2026,10-003269,CAP CER 0.1UF 50V X7R 0402,1,OTS,Each,Electrical Components,In Production,,Link,30-07519A,Lunar Link PCBA,Sienna,1,39,39
08-04-2026,10-003269,CAP CER 0.1UF 50V X7R 0402,1,OTS,Each,Electrical Components,In Production,,MSAC,90-06700A,"MSA Controller, Boxed",Qualitel,1,42,42
08-04-2026,10-003269,CAP CER 0.1UF 50V X7R 0402,1,OTS,Each,Electrical Components,In Production,,11 KW Inverter,90-08096A,"Lunar 3 Inverter, Boxed",TBD,1,234,234
08-04-2026,10-003269,CAP CER 0.1UF 50V X7R 0402,1,OTS,Each,Electrical Components,In Production,,2.1 LFP Block,90-08373A,"Battery Block with Wall Bracket, LFP, L2.1",Qualitel,4,82,82
08-04-2026,10-07561A,"Nut, M4, Hex, Serrated, Steel",1,OTS,Each,Part,In Production,A//ACE Battery,2.0 LFP - EVT with cover,90-06948C,LFP Battery Block with ESS Cover and Wall Bracket,Qualitel,4,10,0
08-04-2026,10-07561A,"Nut, M4, Hex, Serrated, Steel",1,OTS,Each,Part,In Production,A//ACE Battery,2.0 LFP - EVT without cover,90-07675A,LFP Battery Block with Wall Bracket,Qualitel,4,10,0
08-04-2026,10-07583A,Side panel A,1,OTS,Each,Part,In Production,A//ACE Battery,2.0 LFP - EVT with cover,90-06948C,LFP Battery Block with ESS Cover and Wall Bracket,Qualitel,4,2,0
08-04-2026,10-07583A,Side panel A,1,OTS,Each,Part,In Production,A//ACE Battery,2.0 LFP - EVT without cover,90-07675A,LFP Battery Block with Wall Bracket,Qualitel,4,2,0
08-04-2026,30-06829E,"Maximizer PCBA, Type E",1,MTS,Each,PCBA,In Design,,Maximizer Box,90-06831D,"Maximizer, Boxed",Sienna,1,20,0
08-04-2026,10-006861,RES SMD 3.83KOHM 0.1% 1/16W 0402,1,OTS,Each,Electrical Components,In Planning,,Link,30-07519A,Lunar Link PCBA,Sienna,1,1,1
08-04-2026,10-002289,RES 12.1K OHM 1% 1/10W 0603 AEC-Q,1,OTS,Each,Electrical Components,In Production,,2.0 LFP - EVT with cover,90-06948C,LFP Battery Block with ESS Cover and Wall Bracket,Qualitel,4,2,2
08-04-2026,10-002289,RES 12.1K OHM 1% 1/10W 0603 AEC-Q,1,OTS,Each,Electrical Components,In Production,,2.0 LFP - EVT without cover,90-07675A,LFP Battery Block with Wall Bracket,Qualitel,4,2,0
08-04-2026,10-06723C,"Wiring Compartment, Inverter, D, TYPE C",2,MTS,Each,Assembly,In Production,,9.6 KW Inverter,90-06889C,"Inverter 9.6kW with Cover and Brackets, Boxed, Lunar Blue",Sienna,1,1,0
08-04-2026,10-001784,CAP CER 27PF 50V C0G/NP0 0402 AEC-Q,1,OTS,Each,Electrical Components,Sunset - Phase Out,,Terminal PCBA (TRM),10-06103C,"PCBA, Terminal Board, Type C, Coated",Qualitel,1,2,2
08-04-2026,10-001784,CAP CER 27PF 50V C0G/NP0 0402 AEC-Q,1,OTS,Each,Electrical Components,Sunset - Phase Out,,PV Hub,90-004034,"Maximizer Hub, Boxed",Sienna,1,2,2
08-04-2026,10-001784,CAP CER 27PF 50V C0G/NP0 0402 AEC-Q,1,OTS,Each,Electrical Components,Sunset - Phase Out,,Bridge,90-06801A,"Bridge, Type B, Boxed, Lunar Blue",Sienna,1,2,2
08-04-2026,10-001784,CAP CER 27PF 50V C0G/NP0 0402 AEC-Q,1,OTS,Each,Electrical Components,Sunset - Phase Out,,9.6 KW Inverter,90-06889C,"Inverter 9.6kW with Cover and Brackets, Boxed, Lunar Blue",Sienna,1,2,2
08-04-2026,10-004561,RELAY GEN PURPOSE SPST 50A 12V,1,OTS,Each,Electrical Components,In Production,,Power PCBA (IPC),10-06105C,"PCBA, Power Board, Type C, Coated",Qualitel,1,3,3
08-04-2026,10-004561,RELAY GEN PURPOSE SPST 50A 12V,1,OTS,Each,Electrical Components,In Production,,9.6 KW Inverter,90-06889C,"Inverter 9.6kW with Cover and Brackets, Boxed, Lunar Blue",Sienna,1,3,3
08-04-2026,10-006777,TERM BLK 8POS TOP ENTRY 5MM PCB,1,OTS,Each,Electrical Components,In Design,,11 KW Inverter,90-08096A,"Lunar 3 Inverter, Boxed",TBD,1,1,1
08-04-2026,10-006791,TVS DIODE 24VWM 40VC SOT23,1,OTS,Each,Electrical Components,In Design,,11 KW Inverter,90-08096A,"Lunar 3 Inverter, Boxed",TBD,1,6,6
08-04-2026,10-006791,TVS DIODE 24VWM 40VC SOT23,1,OTS,Each,Electrical Components,In Design,,2.1 LFP Block,90-08373A,"Battery Block with Wall Bracket, LFP, L2.1",Qualitel,4,1,1
08-04-2026,10-06939A,"Fan Shroud, DCDC, LFP ESS, Front",3,MTS,Each,Part,In Production,,2.0 LFP - EVT with cover,90-06948C,LFP Battery Block with ESS Cover and Wall Bracket,Qualitel,4,1,0
08-04-2026,10-06939A,"Fan Shroud, DCDC, LFP ESS, Front",3,MTS,Each,Part,In Production,,2.0 LFP - EVT without cover,90-07675A,LFP Battery Block with Wall Bracket,Qualitel,4,1,0
08-04-2026,10-07191A,CAP CER 1UF 10V X7S 0402,1,OTS,Each,Electrical Components,In Production,,Max 2.0 PCBA,30-07320F,Maximizer 2.0 PCBA,TBD,20,6,6
08-04-2026,10-07191A,CAP CER 1UF 10V X7S 0402,1,OTS,Each,Electrical Components,In Production,,Link,30-07519A,Lunar Link PCBA,Sienna,1,2,2
08-04-2026,10-07191A,CAP CER 1UF 10V X7S 0402,1,OTS,Each,Electrical Components,In Production,,11 KW Inverter,90-08096A,"Lunar 3 Inverter, Boxed",TBD,1,2,2
08-04-2026,10-002720,"Side-Mount External Retaining Rings, Spring Steel, 4-5 mm OD",2,OTS,Each,Part,In Production,A//Unisteel,9.6 KW Inverter,90-06889C,"Inverter 9.6kW with Cover and Brackets, Boxed, Lunar Blue",Sienna,1,6,6
08-04-2026,10-004643,"Adhesive, Double-sided, Heat Sink, Maximizer",5,MTS,Each,Part,In Production,A//Boyd Corporation,Maximizer Box,90-06831D,"Maximizer, Boxed",Sienna,1,40,40
08-04-2026,10-006744,DIODE BRIDGE RECT 1P 600V 1.5A DF-S,1,OTS,Each,Electrical Components,In Design,,11 KW Inverter,90-08096A,"Lunar 3 Inverter, Boxed",TBD,1,1,1
08-04-2026,10-006739,CAP CER 27PF 50V C0G/NP0 0603,1,OTS,Each,Electrical Components,In Design,,11 KW Inverter,90-08096A,"Lunar 3 Inverter, Boxed",TBD,1,2,2
08-04-2026,10-002173,"Assy Enclosure, Weldment, Bridge, Lunar Blue",14,MTS,Each,Part,In Production,"A//Avalon, P//Jabil Green Point",Bridge,90-06801A,"Bridge, Type B, Boxed, Lunar Blue",Sienna,1,1,1
08-04-2026,10-001782,RES 1.5M OHM 1% 1/4W 1206,1,OTS,Each,Electrical Components,In Production,,Terminal PCBA (TRM),10-06103C,"PCBA, Terminal Board, Type C, Coated",Qualitel,1,3,3
08-04-2026,10-001782,RES 1.5M OHM 1% 1/4W 1206,1,OTS,Each,Electrical Components,In Production,,9.6 KW Inverter,90-06889C,"Inverter 9.6kW with Cover and Brackets, Boxed, Lunar Blue",Sienna,1,3,3
08-04-2026,10-001820,"Gantry,Power Transistor",1,MTS,Each,Part,In Production,A//First Part (Rapid Cut),9.6 KW Inverter,90-06889C,"Inverter 9.6kW with Cover and Brackets, Boxed, Lunar Blue",Sienna,1,1,1
08-04-2026,10-001738,CAP CER 10UF 75V X7R 1210 AEC-Q,1,OTS,Each,Electrical Components,Sunset - Phase Out,,Terminal PCBA (TRM),10-06103C,"PCBA, Terminal Board, Type C, Coated",Qualitel,1,1,1
08-04-2026,10-001738,CAP CER 10UF 75V X7R 1210 AEC-Q,1,OTS,Each,Electrical Components,Sunset - Phase Out,,Power PCBA (IPC),10-06105C,"PCBA, Power Board, Type C, Coated",Qualitel,1,6,6
08-04-2026,10-001738,CAP CER 10UF 75V X7R 1210 AEC-Q,1,OTS,Each,Electrical Components,Sunset - Phase Out,,Maximizer Box,90-06831D,"Maximizer, Boxed",Sienna,1,420,420
08-04-2026,10-001738,CAP CER 10UF 75V X7R 1210 AEC-Q,1,OTS,Each,Electrical Components,Sunset - Phase Out,,9.6 KW Inverter,90-06889C,"Inverter 9.6kW with Cover and Brackets, Boxed, Lunar Blue",Sienna,1,7,7
08-04-2026,10-001738,CAP CER 10UF 75V X7R 1210 AEC-Q,1,OTS,Each,Electrical Components,Sunset - Phase Out,,11 KW Inverter,90-08096A,"Lunar 3 Inverter, Boxed",TBD,1,1,1
08-04-2026,10-001154,RES SMD 11K OHM 1% 1/10W 0603 AEC-Q,1,OTS,Each,Electrical Components,In Production,,PV Hub,90-004034,"Maximizer Hub, Boxed",Sienna,1,2,2
08-04-2026,10-001133,RES SMD 5.1K OHM 1% 1/10W 0603 AEC-Q,1,OTS,Each,Electrical Components,In Production,,Terminal PCBA (TRM),10-06103C,"PCBA, Terminal Board, Type C, Coated",Qualitel,1,2,2
08-04-2026,10-001133,RES SMD 5.1K OHM 1% 1/10W 0603 AEC-Q,1,OTS,Each,Electrical Components,In Production,,Bridge,90-06801A,"Bridge, Type B, Boxed, Lunar Blue",Sienna,1,1,1
08-04-2026,10-001133,RES SMD 5.1K OHM 1% 1/10W 0603 AEC-Q,1,OTS,Each,Electrical Components,In Production,,9.6 KW Inverter,90-06889C,"Inverter 9.6kW with Cover and Brackets, Boxed, Lunar Blue",Sienna,1,2,2
08-04-2026,10-001133,RES SMD 5.1K OHM 1% 1/10W 0603 AEC-Q,1,OTS,Each,Electrical Components,In Production,,2.0 LFP - EVT with cover,90-06948C,LFP Battery Block with ESS Cover and Wall Bracket,Qualitel,4,9,9
08-04-2026,10-001133,RES SMD 5.1K OHM 1% 1/10W 0603 AEC-Q,1,OTS,Each,Electrical Components,In Production,,2.0 LFP - EVT without cover,90-07675A,LFP Battery Block with Wall Bracket,Qualitel,4,9,0
08-04-2026,10-005179,DIODE ZENER 3.3V 250MW TO236AB,1,OTS,Each,Electrical Components,Sunset - Phase Out,,2.0 LFP - EVT with cover,90-06948C,LFP Battery Block with ESS Cover and Wall Bracket,Qualitel,4,1,1
08-04-2026,10-005179,DIODE ZENER 3.3V 250MW TO236AB,1,OTS,Each,Electrical Components,Sunset - Phase Out,,2.0 LFP - EVT without cover,90-07675A,LFP Battery Block with Wall Bracket,Qualitel,4,1,0
08-04-2026,10-005159,"Inductor Housing Plastic Pin Receptacle, D",4,MTS,Each,Part,In Production,A//Axtonne,9.6 KW Inverter,90-06889C,"Inverter 9.6kW with Cover and Brackets, Boxed, Lunar Blue",Sienna,1,1,1
08-04-2026,10-004822,"O-Strip Tubing, 2.9mm OD x 1.6mm hollow x 300mm length",3,MTS,Each,Part,In Production,A//Laird-Signal Integrity Products,9.6 KW Inverter,90-06889C,"Inverter 9.6kW with Cover and Brackets, Boxed, Lunar Blue",Sienna,1,1,1
08-04-2026,10-004217,CAP CER 2.2UF 250V X7T 2220,1,OTS,Each,Electrical Components,Sunset - Phase Out,,Bridge,90-06801A,"Bridge, Type B, Boxed, Lunar Blue",Sienna,1,2,2
08-04-2026,10-003951,RES 2M OHM 0.1% 1/4W 1206 AEC-Q,1,OTS,Each,Electrical Components,Sunset - Phase Out,,PV Hub,90-004034,"Maximizer Hub, Boxed",Sienna,1,3,3
08-04-2026,10-004602,RES SMD 845K OHM 0.1% 1/4W 1206 AEC-Q,2,OTS,Each,Electrical Components,Sunset - Phase Out,,Power PCBA (IPC),10-06105C,"PCBA, Power Board, Type C, Coated",Qualitel,1,36,36
08-04-2026,10-004602,RES SMD 845K OHM 0.1% 1/4W 1206 AEC-Q,2,OTS,Each,Electrical Components,Sunset - Phase Out,,9.6 KW Inverter,90-06889C,"Inverter 9.6kW with Cover and Brackets, Boxed, Lunar Blue",Sienna,1,36,36
08-04-2026,10-004513,Battery Aesthetic Cover Right Asy Suede,7,MTS,Each,Part,In Production,A//JPOND,2.0 LFP - EVT with cover,90-06948C,LFP Battery Block with ESS Cover and Wall Bracket,Qualitel,4,1,1
08-04-2026,10-003488,RES 20K OHM 1% 1/16W 0402,1,OTS,Each,Electrical Components,In Production,,MSAC,90-06700A,"MSA Controller, Boxed",Qualitel,1,2,2
08-04-2026,10-003488,RES 20K OHM 1% 1/16W 0402,1,OTS,Each,Electrical Components,In Production,,Bridge,90-06801A,"Bridge, Type B, Boxed, Lunar Blue",Sienna,1,1,1
08-04-2026,10-003488,RES 20K OHM 1% 1/16W 0402,1,OTS,Each,Electrical Components,In Production,,11 KW Inverter,90-08096A,"Lunar 3 Inverter, Boxed",TBD,1,22,22
08-04-2026,10-003432,RES SMD 15 OHM 5% 0.3W 0603 AEC-Q,2,OTS,Each,Electrical Components,Sunset - Phase Out,,Terminal PCBA (TRM),10-06103C,"PCBA, Terminal Board, Type C, Coated",Qualitel,1,2,2
08-04-2026,10-003432,RES SMD 15 OHM 5% 0.3W 0603 AEC-Q,2,OTS,Each,Electrical Components,Sunset - Phase Out,,Maximizer Box,90-06831D,"Maximizer, Boxed",Sienna,1,40,40
08-04-2026,10-003432,RES SMD 15 OHM 5% 0.3W 0603 AEC-Q,2,OTS,Each,Electrical Components,Sunset - Phase Out,,9.6 KW Inverter,90-06889C,"Inverter 9.6kW with Cover and Brackets, Boxed, Lunar Blue",Sienna,1,2,2
08-04-2026,10-003113,"Screw,M3x0.5 6g x8mm,BHT T8,Flange,Steel,ZiNi BC,Nylon Patch",2,OTS,Each,Part,In Production,A//Pencom,9.6 KW Inverter,90-06889C,"Inverter 9.6kW with Cover and Brackets, Boxed, Lunar Blue",Sienna,1,65,65
08-04-2026,10-003730,CAP CER 0.047UF 50V X7R 0603 AEC-Q,1,OTS,Each,Electrical Components,Sunset - Phase Out,,Terminal PCBA (TRM),10-06103C,"PCBA, Terminal Board, Type C, Coated",Qualitel,1,1,1
08-04-2026,10-003730,CAP CER 0.047UF 50V X7R 0603 AEC-Q,1,OTS,Each,Electrical Components,Sunset - Phase Out,,Power PCBA (IPC),10-06105C,"PCBA, Power Board, Type C, Coated",Qualitel,1,1,1
08-04-2026,10-003730,CAP CER 0.047UF 50V X7R 0603 AEC-Q,1,OTS,Each,Electrical Components,Sunset - Phase Out,,9.6 KW Inverter,90-06889C,"Inverter 9.6kW with Cover and Brackets, Boxed, Lunar Blue",Sienna,1,3,3
08-04-2026,10-003730,CAP CER 0.047UF 50V X7R 0603 AEC-Q,1,OTS,Each,Electrical Components,Sunset - Phase Out,,2.0 LFP - EVT with cover,90-06948C,LFP Battery Block with ESS Cover and Wall Bracket,Qualitel,4,1,1
08-04-2026,10-003730,CAP CER 0.047UF 50V X7R 0603 AEC-Q,1,OTS,Each,Electrical Components,Sunset - Phase Out,,2.0 LFP - EVT without cover,90-07675A,LFP Battery Block with Wall Bracket,Qualitel,4,1,0
08-04-2026,10-003560,"Screw M3x0.5 6g,5mm,BHT T-8,Steel,ZiNi BC,Nylon Patch",1,OTS,Each,Part,In Production,A//Pencom,9.6 KW Inverter,90-06889C,"Inverter 9.6kW with Cover and Brackets, Boxed, Lunar Blue",Sienna,1,12,12
08-04-2026,10-002730,CAP CER 2.2UF 10V X7R 0603,1,OTS,Each,Electrical Components,Sunset - Phase Out,,Maximizer Box,90-06831D,"Maximizer, Boxed",Sienna,1,20,20
08-04-2026,10-002730,CAP CER 2.2UF 10V X7R 0603,1,OTS,Each,Electrical Components,Sunset - Phase Out,,9.6 KW Inverter,90-06889C,"Inverter 9.6kW with Cover and Brackets, Boxed, Lunar Blue",Sienna,1,2,2
08-04-2026,10-002678,CAP FILM 10UF 5% 450VDC RADIAL AEC-Q,1,OTS,Each,Electrical Components,Sunset - Phase Out,,Power PCBA (IPC),10-06105C,"PCBA, Power Board, Type C, Coated",Qualitel,1,8,8
08-04-2026,10-002678,CAP FILM 10UF 5% 450VDC RADIAL AEC-Q,1,OTS,Each,Electrical Components,Sunset - Phase Out,,9.6 KW Inverter,90-06889C,"Inverter 9.6kW with Cover and Brackets, Boxed, Lunar Blue",Sienna,1,8,8
08-04-2026,10-005026,"ESS Cover, Conduit Cover and Bug Barrier Packaging Assembly",7,MTS,Each,Part,In Production,A//JPOND,9.6 KW Inverter,90-06889C,"Inverter 9.6kW with Cover and Brackets, Boxed, Lunar Blue",Sienna,1,1,1
08-04-2026,10-006281,Busbar IphBAL,2,OTS,Each,Part,In Production,,9.6 KW Inverter,90-06889C,"Inverter 9.6kW with Cover and Brackets, Boxed, Lunar Blue",Sienna,1,1,0
08-04-2026,10-06826A,"Fluxgate current sensor, 4P Nano-fit",1,OTS,Each,Electrical Components,In Production,,9.6 KW Inverter,90-06889C,"Inverter 9.6kW with Cover and Brackets, Boxed, Lunar Blue",Sienna,1,1,1
08-04-2026,10-006700,CONN HEADER VERT 4POS 2.5MM,1,OTS,Each,Electrical Components,In Production,,2.0 LFP - EVT with cover,90-06948C,LFP Battery Block with ESS Cover and Wall Bracket,Qualitel,4,1,1
08-04-2026,10-006700,CONN HEADER VERT 4POS 2.5MM,1,OTS,Each,Electrical Components,In Production,,2.0 LFP - EVT without cover,90-07675A,LFP Battery Block with Wall Bracket,Qualitel,4,1,0
08-04-2026,10-004704,"Wire, 14 AWG, 41/30, UL 758 Style 1569, Purple",1,OTS,Millimeter,Part,In Production,,9.6 KW Inverter,90-06889C,"Inverter 9.6kW with Cover and Brackets, Boxed, Lunar Blue",Sienna,1,375,0
08-04-2026,10-004154,Top Cover LRG Suede,6,MTS,Each,Part,In Production,A//JPOND,HW Kit,90-001223,"20kWh Hardware Kit, Lunar Blue",Sienna,1,1,0
08-04-2026,10-004154,Top Cover LRG Suede,6,MTS,Each,Part,In Production,A//JPOND,LFP HW Kit,90-07290A,20kWh LFP ESS Hardware Kit,Sienna,1,1,0
08-04-2026,10-06720A,CONN HEADER SMD 6POS MALE 1.27MM,1,OTS,Each,Electrical Components,In Production,,Link,30-07519A,Lunar Link PCBA,Sienna,1,1,1
08-04-2026,10-06720A,CONN HEADER SMD 6POS MALE 1.27MM,1,OTS,Each,Electrical Components,In Production,,MSAC,90-06700A,"MSA Controller, Boxed",Qualitel,1,1,1
08-04-2026,10-006493,THERMISTOR NTC 10KOHM B25/50=3380K 0603,1,OTS,Each,Electrical Components,In Production,,2.0 LFP - EVT with cover,90-06948C,LFP Battery Block with ESS Cover and Wall Bracket,Qualitel,4,3,3
08-04-2026,10-006493,THERMISTOR NTC 10KOHM B25/50=3380K 0603,1,OTS,Each,Electrical Components,In Production,,2.0 LFP - EVT without cover,90-07675A,LFP Battery Block with Wall Bracket,Qualitel,4,3,0
08-04-2026,10-006493,THERMISTOR NTC 10KOHM B25/50=3380K 0603,1,OTS,Each,Electrical Components,In Production,,2.1 LFP Block,90-08373A,"Battery Block with Wall Bracket, LFP, L2.1",Qualitel,4,3,3
08-04-2026,10-003719,"Bracket, Lifting Tool",7,MTS,Each,Part,In Production,,Lifting Tool,90-005336,"Lifting Tool, Boxed",Sienna,1,4,0
08-04-2026,10-002095,FUSE BRD 60A 250VAC 80VDC 2SMD,1,OTS,Each,Electrical Components,In Production,,9.6 KW Inverter,90-06889C,"Inverter 9.6kW with Cover and Brackets, Boxed, Lunar Blue",Sienna,1,3,3
08-04-2026,10-002772,DGTL ISO 3.75KV GATE DRVR 16SOIC,1,OTS,Each,Electrical Components,In Production,,Terminal PCBA (TRM),10-06103C,"PCBA, Terminal Board, Type C, Coated",Qualitel,1,2,2
08-04-2026,10-002772,DGTL ISO 3.75KV GATE DRVR 16SOIC,1,OTS,Each,Electrical Components,In Production,,9.6 KW Inverter,90-06889C,"Inverter 9.6kW with Cover and Brackets, Boxed, Lunar Blue",Sienna,1,2,2
08-04-2026,10-001710,DIODE SCHOTTKY 40V 2A SOD123W,1,OTS,Each,Electrical Components,In Production,,Terminal PCBA (TRM),10-06103C,"PCBA, Terminal Board, Type C, Coated",Qualitel,1,1,1
08-04-2026,10-001710,DIODE SCHOTTKY 40V 2A SOD123W,1,OTS,Each,Electrical Components,In Production,,9.6 KW Inverter,90-06889C,"Inverter 9.6kW with Cover and Brackets, Boxed, Lunar Blue",Sienna,1,1,1
08-04-2026,10-001710,DIODE SCHOTTKY 40V 2A SOD123W,1,OTS,Each,Electrical Components,In Production,,11 KW Inverter,90-08096A,"Lunar 3 Inverter, Boxed",TBD,1,4,4
08-04-2026,10-005003,DIODE GEN PURP 1.2KV 2A SMB,1,OTS,Each,Electrical Components,In Production,,Terminal PCBA (TRM),10-06103C,"PCBA, Terminal Board, Type C, Coated",Qualitel,1,6,6
08-04-2026,10-005003,DIODE GEN PURP 1.2KV 2A SMB,1,OTS,Each,Electrical Components,In Production,,9.6 KW Inverter,90-06889C,"Inverter 9.6kW with Cover and Brackets, Boxed, Lunar Blue",Sienna,1,6,6
08-04-2026,10-002910,CONN HEADER VERT 3POS 10MM,1,OTS,Each,Electrical Components,In Production,,Terminal PCBA (TRM),10-06103C,"PCBA, Terminal Board, Type C, Coated",Qualitel,1,1,1
08-04-2026,10-002910,CONN HEADER VERT 3POS 10MM,1,OTS,Each,Electrical Components,In Production,,9.6 KW Inverter,90-06889C,"Inverter 9.6kW with Cover and Brackets, Boxed, Lunar Blue",Sienna,1,2,2
08-04-2026,10-002611,TRANS NPN 45V 500MA SOT23-3,1,OTS,Each,Electrical Components,In Production,,9.6 KW Inverter,90-06889C,"Inverter 9.6kW with Cover and Brackets, Boxed, Lunar Blue",Sienna,1,5,5
08-04-2026,10-002611,TRANS NPN 45V 500MA SOT23-3,1,OTS,Each,Electrical Components,In Production,,11 KW Inverter,90-08096A,"Lunar 3 Inverter, Boxed",TBD,1,5,5
08-04-2026,10-002508,SWITCH TACTILE SPST-NO 0.05A 32V,1,OTS,Each,Electrical Components,In Production,,9.6 KW Inverter,90-06889C,"Inverter 9.6kW with Cover and Brackets, Boxed, Lunar Blue",Sienna,1,1,1
08-04-2026,10-002508,SWITCH TACTILE SPST-NO 0.05A 32V,1,OTS,Each,Electrical Components,In Production,,11 KW Inverter,90-08096A,"Lunar 3 Inverter, Boxed",TBD,1,1,1
08-04-2026,10-002488,IC EEPROM 2KBIT I2C 400KHZ 8SOIC,1,OTS,Each,Electrical Components,In Production,,9.6 KW Inverter,90-06889C,"Inverter 9.6kW with Cover and Brackets, Boxed, Lunar Blue",Sienna,1,1,1
08-04-2026,10-002469,USB POWER SWITCHT SOT25T&R3K,1,OTS,Each,Electrical Components,In Production,,9.6 KW Inverter,90-06889C,"Inverter 9.6kW with Cover and Brackets, Boxed, Lunar Blue",Sienna,1,1,1
08-04-2026,10-000621,DGTL ISO 5000VRMS 5CH GP 16SOIC,1,OTS,Each,Electrical Components,In Production,,Terminal PCBA (TRM),10-06103C,"PCBA, Terminal Board, Type C, Coated",Qualitel,1,2,2
08-04-2026,10-000621,DGTL ISO 5000VRMS 5CH GP 16SOIC,1,OTS,Each,Electrical Components,In Production,,9.6 KW Inverter,90-06889C,"Inverter 9.6kW with Cover and Brackets, Boxed, Lunar Blue",Sienna,1,2,2
08-04-2026,10-004897,CAP CER 47PF 250VAC SL 1808,1,OTS,Each,Electrical Components,In Production,,2.0 LFP - EVT with cover,90-06948C,LFP Battery Block with ESS Cover and Wall Bracket,Qualitel,4,2,2
08-04-2026,10-004897,CAP CER 47PF 250VAC SL 1808,1,OTS,Each,Electrical Components,In Production,,2.0 LFP - EVT without cover,90-07675A,LFP Battery Block with Wall Bracket,Qualitel,4,2,0
08-04-2026,10-004897,CAP CER 47PF 250VAC SL 1808,1,OTS,Each,Electrical Components,In Production,,2.1 LFP Block,90-08373A,"Battery Block with Wall Bracket, LFP, L2.1",Qualitel,4,2,2
08-04-2026,10-003582,"Wire, 10AWG, UL 1015, 105/30, Tinned Copper",1,OTS,Millimeter,Part,In Production,,9.6 KW Inverter,90-06889C,"Inverter 9.6kW with Cover and Brackets, Boxed, Lunar Blue",Sienna,1,845,0
08-04-2026,10-004345,"Magnet Catch, Access Door, Dual",1,MTS,Each,Part,In Production,A//JPOND,9.6 KW Inverter,90-06889C,"Inverter 9.6kW with Cover and Brackets, Boxed, Lunar Blue",Sienna,1,2,0
08-04-2026,10-001993,DIODE SCHOTTKY 40V 5A SMC AEC-Q,1,OTS,Each,Electrical Components,In Production,,Terminal PCBA (TRM),10-06103C,"PCBA, Terminal Board, Type C, Coated",Qualitel,1,4,4
08-04-2026,10-001993,DIODE SCHOTTKY 40V 5A SMC AEC-Q,1,OTS,Each,Electrical Components,In Production,,Bridge,90-06801A,"Bridge, Type B, Boxed, Lunar Blue",Sienna,1,1,1
08-04-2026,10-001993,DIODE SCHOTTKY 40V 5A SMC AEC-Q,1,OTS,Each,Electrical Components,In Production,,9.6 KW Inverter,90-06889C,"Inverter 9.6kW with Cover and Brackets, Boxed, Lunar Blue",Sienna,1,4,4
08-04-2026,10-002911,CONN RCPT USB2.0 MICRO B SMD,1,OTS,Each,Electrical Components,In Production,,MSAC,90-06700A,"MSA Controller, Boxed",Qualitel,1,1,1
08-04-2026,10-002911,CONN RCPT USB2.0 MICRO B SMD,1,OTS,Each,Electrical Components,In Production,,Bridge,90-06801A,"Bridge, Type B, Boxed, Lunar Blue",Sienna,1,1,1
08-04-2026,10-004941,"Top Nest, Flat Wire Inductor, Power Module",1,OTS,Each,Part,In Production,A//Bourns Inc.,9.6 KW Inverter,90-06889C,"Inverter 9.6kW with Cover and Brackets, Boxed, Lunar Blue",Sienna,1,2,0
08-04-2026,10-002875,"Clinch Stud, M5x20, Steel with Zinc",1,OTS,Each,Part,In Production,A//Penn Engineering,Bridge,90-06801A,"Bridge, Type B, Boxed, Lunar Blue",Sienna,1,23,0
08-04-2026,10-002252,"ASSY, INNER COVER, BRIDGE",10,MTS,Each,Part,In Production,,Bridge,90-06801A,"Bridge, Type B, Boxed, Lunar Blue",Sienna,1,1,0
08-04-2026,10-003777,"Stop Bracket, Enclosure Door, Bridge",5,MTS,Each,Part,In Production,,Bridge,90-06801A,"Bridge, Type B, Boxed, Lunar Blue",Sienna,1,1,0
08-04-2026,10-005424,DIODE ZENER 10V 500MW SOD123,1,OTS,Each,Electrical Components,In Design,,2.1 LFP Block,90-08373A,"Battery Block with Wall Bracket, LFP, L2.1",Qualitel,4,1,1
08-04-2026,10-005423,TRANS NPN 80V 1A SOT223,1,OTS,Each,Electrical Components,In Design,,2.1 LFP Block,90-08373A,"Battery Block with Wall Bracket, LFP, L2.1",Qualitel,4,1,1
08-04-2026,10-004437,"Silicone, 60A",1,OTS,Gram,Part,In Production,A//Parker Hannifin Corporation,9.6 KW Inverter,90-06889C,"Inverter 9.6kW with Cover and Brackets, Boxed, Lunar Blue",Sienna,1,3.98,0
08-04-2026,10-005315,"Conduit Cover, Single Conduit, Suede with Gap Cover",2,MTS,Each,Part,In Production,,9.6 KW Inverter,90-06889C,"Inverter 9.6kW with Cover and Brackets, Boxed, Lunar Blue",Sienna,1,1,0
08-04-2026,10-004934,"Structure, Mounting, PCBA, PV Hub",1,MTS,Each,Part,In Production,A//Fictiv,PV Hub,90-004034,"Maximizer Hub, Boxed",Sienna,1,1,1
08-04-2026,10-001954,"Solder, SAC-Based",1,OTS,Each,Part,In Production,,PV Hub,90-004034,"Maximizer Hub, Boxed",Sienna,1,2,0
08-04-2026,10-001954,"Solder, SAC-Based",1,OTS,Each,Part,In Production,,Maximizer Box,90-06831D,"Maximizer, Boxed",Sienna,1,100,0
08-04-2026,10-003803,MicroTPA CONN SOCKET 22-28AWG CRIMP TIN,1,OTS,Each,Part,In Production,A//Molex,Bridge,90-06801A,"Bridge, Type B, Boxed, Lunar Blue",Sienna,1,10,0
08-04-2026,10-002693,"Standoff, Fully Threaded, M5x6mm, Nylon",2,OTS,Each,Part,In Production,A//Pencom,Bridge,90-06801A,"Bridge, Type B, Boxed, Lunar Blue",Sienna,1,4,0
08-04-2026,10-000879,"Transfer Tape, Cut to Size, LSE Bonding Adhesive",2,OTS,Millimeter Square,Part,In Production,,Bridge,90-06801A,"Bridge, Type B, Boxed, Lunar Blue",Sienna,1,1,0
08-04-2026,10-000879,"Transfer Tape, Cut to Size, LSE Bonding Adhesive",2,OTS,Millimeter Square,Part,In Production,,9.6 KW Inverter,90-06889C,"Inverter 9.6kW with Cover and Brackets, Boxed, Lunar Blue",Sienna,1,63,0
08-04-2026,10-004672,"Lunar Logo, Bridge, Door",1,MTS,Each,Part,In Production,,Bridge,90-06801A,"Bridge, Type B, Boxed, Lunar Blue",Sienna,1,1,0
08-04-2026,10-002970,"Wire, 20 AWG, 21/0.178 Strand, UL1007, Tinned, Blk",2,OTS,Millimeter,Part,In Production,,Bridge,90-06801A,"Bridge, Type B, Boxed, Lunar Blue",Sienna,1,1494,0
08-04-2026,10-002970,"Wire, 20 AWG, 21/0.178 Strand, UL1007, Tinned, Blk",2,OTS,Millimeter,Part,In Production,,9.6 KW Inverter,90-06889C,"Inverter 9.6kW with Cover and Brackets, Boxed, Lunar Blue",Sienna,1,1300,0
08-04-2026,10-004862,"VersaBlade Hybrid Receptacle Housing, without Mounting Ears, 1 Circuit, Natural",1,OTS,Each,Part,In Production,,9.6 KW Inverter,90-06889C,"Inverter 9.6kW with Cover and Brackets, Boxed, Lunar Blue",Sienna,1,1,0
08-04-2026,10-000536,"Wire, 12AWG, Tinned Copper, UL 4703, BK",2,OTS,Millimeter,Part,In Production,,Maximizer Box,90-06831D,"Maximizer, Boxed",Sienna,1,58000,0
08-04-2026,10-004145,"Insert, M5, Mold-in, 8.7mm L, 7.5mm OD, Brass",1,MTS,Each,Part,In Production,,9.6 KW Inverter,90-06889C,"Inverter 9.6kW with Cover and Brackets, Boxed, Lunar Blue",Sienna,1,5,0
08-04-2026,10-003890,"Spring Lock RH, Hook Mounting Bracket, Inverter",1,MTS,Each,Part,In Production,,9.6 KW Inverter,90-06889C,"Inverter 9.6kW with Cover and Brackets, Boxed, Lunar Blue",Sienna,1,1,0
08-04-2026,10-003819,20.0MHZ CRYSTAL UNIT +/-30PPM IN,1,OTS,Each,Electrical Components,In Design,,Link,30-07519A,Lunar Link PCBA,Sienna,1,1,1
08-04-2026,10-001525,FIXED IND 33UH 1.1A 286 MOHM SMD,1,OTS,Each,Electrical Components,In Production,,Maximizer Box,90-06831D,"Maximizer, Boxed",Sienna,1,20,20
08-04-2026,10-000672,TVS DIODE 8.55VWM 18.6VC SMB,1,OTS,Each,Electrical Components,In Production,,Terminal PCBA (TRM),10-06103C,"PCBA, Terminal Board, Type C, Coated",Qualitel,1,2,2
08-04-2026,10-000672,TVS DIODE 8.55VWM 18.6VC SMB,1,OTS,Each,Electrical Components,In Production,,PV Hub,90-004034,"Maximizer Hub, Boxed",Sienna,1,2,2
08-04-2026,10-000672,TVS DIODE 8.55VWM 18.6VC SMB,1,OTS,Each,Electrical Components,In Production,,Bridge,90-06801A,"Bridge, Type B, Boxed, Lunar Blue",Sienna,1,2,2
08-04-2026,10-000672,TVS DIODE 8.55VWM 18.6VC SMB,1,OTS,Each,Electrical Components,In Production,,9.6 KW Inverter,90-06889C,"Inverter 9.6kW with Cover and Brackets, Boxed, Lunar Blue",Sienna,1,2,2
08-04-2026,10-003614,"Ink, Label Printing, Black",1,OTS,Each,Part,In Production,,PV Hub,90-004034,"Maximizer Hub, Boxed",Sienna,1,1,0
08-04-2026,10-003614,"Ink, Label Printing, Black",1,OTS,Each,Part,In Production,,Bridge,90-06801A,"Bridge, Type B, Boxed, Lunar Blue",Sienna,1,4,0
08-04-2026,10-003614,"Ink, Label Printing, Black",1,OTS,Each,Part,In Production,,9.6 KW Inverter,90-06889C,"Inverter 9.6kW with Cover and Brackets, Boxed, Lunar Blue",Sienna,1,1,0
08-04-2026,10-003614,"Ink, Label Printing, Black",1,OTS,Each,Part,In Production,,2.0 LFP - EVT with cover,90-06948C,LFP Battery Block with ESS Cover and Wall Bracket,Qualitel,4,3,0
08-04-2026,10-003614,"Ink, Label Printing, Black",1,OTS,Each,Part,In Production,,2.0 LFP - EVT without cover,90-07675A,LFP Battery Block with Wall Bracket,Qualitel,4,2,0
08-04-2026,10-003614,"Ink, Label Printing, Black",1,OTS,Each,Part,In Production,,2.1 LFP Block,90-08373A,"Battery Block with Wall Bracket, LFP, L2.1",Qualitel,4,3,0
08-04-2026,10-003099,CAP ALUM POLY 82UF 20% 50V SMD AEC-Q,1,OTS,Each,Electrical Components,In Production,,Terminal PCBA (TRM),10-06103C,"PCBA, Terminal Board, Type C, Coated",Qualitel,1,8,8
08-04-2026,10-003099,CAP ALUM POLY 82UF 20% 50V SMD AEC-Q,1,OTS,Each,Electrical Components,In Production,,Bridge,90-06801A,"Bridge, Type B, Boxed, Lunar Blue",Sienna,1,4,4
08-04-2026,10-003099,CAP ALUM POLY 82UF 20% 50V SMD AEC-Q,1,OTS,Each,Electrical Components,In Production,,9.6 KW Inverter,90-06889C,"Inverter 9.6kW with Cover and Brackets, Boxed, Lunar Blue",Sienna,1,8,8
08-04-2026,10-001838,"Cable Tie,Locking,Blk,30 lbs,5.91 in",1,OTS,Each,Part,In Production,,Bridge,90-06801A,"Bridge, Type B, Boxed, Lunar Blue",Sienna,1,6,0
08-04-2026,10-000625,CRYSTAL 16.0000MHZ 12PF SMD AEC-Q,1,OTS,Each,Electrical Components,In Production,,Terminal PCBA (TRM),10-06103C,"PCBA, Terminal Board, Type C, Coated",Qualitel,1,1,1
08-04-2026,10-000625,CRYSTAL 16.0000MHZ 12PF SMD AEC-Q,1,OTS,Each,Electrical Components,In Production,,MSAC,90-06700A,"MSA Controller, Boxed",Qualitel,1,2,2
08-04-2026,10-000625,CRYSTAL 16.0000MHZ 12PF SMD AEC-Q,1,OTS,Each,Electrical Components,In Production,,Bridge,90-06801A,"Bridge, Type B, Boxed, Lunar Blue",Sienna,1,2,2
08-04-2026,10-000625,CRYSTAL 16.0000MHZ 12PF SMD AEC-Q,1,OTS,Each,Electrical Components,In Production,,9.6 KW Inverter,90-06889C,"Inverter 9.6kW with Cover and Brackets, Boxed, Lunar Blue",Sienna,1,1,1
08-04-2026,10-000591,DIGITAL TRANSFORMER,1,OTS,Each,Electrical Components,In Production,,Bridge,90-06801A,"Bridge, Type B, Boxed, Lunar Blue",Sienna,1,1,1
08-04-2026,10-000671,DIODE SCHOTTKY 30V 1A SMA,1,OTS,Each,Electrical Components,In Production,,2.0 LFP - EVT with cover,90-06948C,LFP Battery Block with ESS Cover and Wall Bracket,Qualitel,4,2,2
08-04-2026,10-000671,DIODE SCHOTTKY 30V 1A SMA,1,OTS,Each,Electrical Components,In Production,,2.0 LFP - EVT without cover,90-07675A,LFP Battery Block with Wall Bracket,Qualitel,4,2,0
08-04-2026,10-000671,DIODE SCHOTTKY 30V 1A SMA,1,OTS,Each,Electrical Components,In Production,,2.1 LFP Block,90-08373A,"Battery Block with Wall Bracket, LFP, L2.1",Qualitel,4,1,1
08-04-2026,10-08114A,"Lunar 3 Inverter Enclosure, Rear Grill Weldment, DVT1",4,MTS,Each,Assembly,In Design,GS//TBD,11 KW Inverter,90-08096A,"Lunar 3 Inverter, Boxed",TBD,1,1,1
08-04-2026,10-07803A,"HE Inverter Front Door Closure Spring Right, Lunar 3",4,MTS,Each,Part,In Design,,11 KW Inverter,90-08096A,"Lunar 3 Inverter, Boxed",TBD,1,1,0
08-04-2026,10-08357A,"Label, Compliance, TLA, LFP L2.1 BB",1,MTS,Each,Assembly,In Planning,GS//TBD,2.1 LFP Block,90-08373A,"Battery Block with Wall Bracket, LFP, L2.1",Qualitel,4,1,1
08-04-2026,10-00502C,"Asy, Inverter, 9.6kW",10,MTS,Each,Assembly,In Production,,9.6 KW Inverter,90-06889C,"Inverter 9.6kW with Cover and Brackets, Boxed, Lunar Blue",Sienna,1,1,0
08-04-2026,10-08344A,"Terminal Cover with Seals, L2.1",1,MTS,Each,Assembly,In Planning,,2.1 LFP Block,90-08373A,"Battery Block with Wall Bracket, LFP, L2.1",Qualitel,4,2,0
08-04-2026,10-08144A,Nest Busbar Pos CA 2.1,1,MTS,Each,Part,In Design,,2.1 LFP Block,90-08373A,"Battery Block with Wall Bracket, LFP, L2.1",Qualitel,4,1,0
08-04-2026,10-08142A,"Sub Assy, Nest Busbar w/Sleeve Neg CA 2.1",1,MTS,Each,Assembly,In Design,,2.1 LFP Block,90-08373A,"Battery Block with Wall Bracket, LFP, L2.1",Qualitel,4,1,0
08-04-2026,10-08033A,"Submodule, L2.1, Neg-side",1,MTS,Each,Assembly,In Design,,2.1 LFP Block,90-08373A,"Battery Block with Wall Bracket, LFP, L2.1",Qualitel,4,1,0
08-04-2026,10-08026A,DIODE ZENER 6.2V 500MW SOD123,1,OTS,Each,Electrical Components,In Design,,Link,30-07519A,Lunar Link PCBA,Sienna,1,1,1
08-04-2026,10-08341A,"SEALANT, UL157",1,OTS,Milliliter,Part,In Planning,,2.1 LFP Block,90-08373A,"Battery Block with Wall Bracket, LFP, L2.1",Qualitel,4,3,1
08-04-2026,10-07933A,IC FLASH 256MBIT SPI/QUAD 24BGA (8X6MM),1,OTS,Each,Electrical Components,In Production,,11 KW Inverter,90-08096A,"Lunar 3 Inverter, Boxed",TBD,1,1,1
08-04-2026,10-07927A,"Nut, M6, Square, Molded",1,MTS,Each,Part,In Planning,,2.1 LFP Block,90-08373A,"Battery Block with Wall Bracket, LFP, L2.1",Qualitel,4,5,0
08-04-2026,10-001527,"MC4 Pigtail, Male, 1250mm",10,MTS,Each,Part,In Production,A//Avalon,Maximizer Box,90-06831D,"Maximizer, Boxed",Sienna,1,20,20
08-04-2026,10-006963,RES 0.001 OHM 1% 3W 1216 AEC-Q,1,OTS,Each,Electrical Components,In Design,,11 KW Inverter,90-08096A,"Lunar 3 Inverter, Boxed",TBD,1,2,2
08-04-2026,10-007008,DIODE ZENER 200V 1W SOD123W (2.9MM X 1.9MM),1,OTS,Each,Electrical Components,In Design,,11 KW Inverter,90-08096A,"Lunar 3 Inverter, Boxed",TBD,1,2,2
08-04-2026,10-004938,RES SMD 24.9KOHM 0.1% 1/10W 0603,2,OTS,Each,Electrical Components,In Production,,Maximizer Box,90-06831D,"Maximizer, Boxed",Sienna,1,40,40
08-04-2026,10-003962,RES SMD 110K OHM 0.1% 1/10W 0603 AEC-Q,2,OTS,Each,Electrical Components,Sunset - Phase Out,,Power PCBA (IPC),10-06105C,"PCBA, Power Board, Type C, Coated",Qualitel,1,1,1
08-04-2026,10-003962,RES SMD 110K OHM 0.1% 1/10W 0603 AEC-Q,2,OTS,Each,Electrical Components,Sunset - Phase Out,,9.6 KW Inverter,90-06889C,"Inverter 9.6kW with Cover and Brackets, Boxed, Lunar Blue",Sienna,1,1,1
08-04-2026,10-003962,RES SMD 110K OHM 0.1% 1/10W 0603 AEC-Q,2,OTS,Each,Electrical Components,Sunset - Phase Out,,11 KW Inverter,90-08096A,"Lunar 3 Inverter, Boxed",TBD,1,4,4
08-04-2026,10-002505,RES 26.1K OHM 1% 1/16W 0402,2,OTS,Each,Electrical Components,In Production,,9.6 KW Inverter,90-06889C,"Inverter 9.6kW with Cover and Brackets, Boxed, Lunar Blue",Sienna,1,1,1
08-04-2026,10-001907,RES 63.4 OHM 1% 1/10W 0603 AEC-Q,2,OTS,Each,Electrical Components,In Production,,Power PCBA (IPC),10-06105C,"PCBA, Power Board, Type C, Coated",Qualitel,1,2,2
08-04-2026,10-001907,RES 63.4 OHM 1% 1/10W 0603 AEC-Q,2,OTS,Each,Electrical Components,In Production,,9.6 KW Inverter,90-06889C,"Inverter 9.6kW with Cover and Brackets, Boxed, Lunar Blue",Sienna,1,2,2
08-04-2026,10-001167,RES 2K OHM 1% 1/10W 0603,2,OTS,Each,Electrical Components,In Production,,Link,30-07519A,Lunar Link PCBA,Sienna,1,6,6
08-04-2026,10-001167,RES 2K OHM 1% 1/10W 0603,2,OTS,Each,Electrical Components,In Production,,2.0 LFP - EVT with cover,90-06948C,LFP Battery Block with ESS Cover and Wall Bracket,Qualitel,4,1,1
08-04-2026,10-001167,RES 2K OHM 1% 1/10W 0603,2,OTS,Each,Electrical Components,In Production,,2.0 LFP - EVT without cover,90-07675A,LFP Battery Block with Wall Bracket,Qualitel,4,1,0
08-04-2026,10-001167,RES 2K OHM 1% 1/10W 0603,2,OTS,Each,Electrical Components,In Production,,11 KW Inverter,90-08096A,"Lunar 3 Inverter, Boxed",TBD,1,1,1
08-04-2026,10-006626,RES ARRAY 4 RES ZERO OHM 1206,1,OTS,Each,Electrical Components,In Production,,11 KW Inverter,90-08096A,"Lunar 3 Inverter, Boxed",TBD,1,1,1
08-04-2026,10-07848A,RES SMD 5.1 OHM 1% 1/5W 0402,1,OTS,Each,Electrical Components,Sunset - Phase Out,,2.0 LFP - EVT with cover,90-06948C,LFP Battery Block with ESS Cover and Wall Bracket,Qualitel,4,16,16
08-04-2026,10-07848A,RES SMD 5.1 OHM 1% 1/5W 0402,1,OTS,Each,Electrical Components,Sunset - Phase Out,,2.0 LFP - EVT without cover,90-07675A,LFP Battery Block with Wall Bracket,Qualitel,4,16,0
08-04-2026,10-07848A,RES SMD 5.1 OHM 1% 1/5W 0402,1,OTS,Each,Electrical Components,Sunset - Phase Out,,2.1 LFP Block,90-08373A,"Battery Block with Wall Bracket, LFP, L2.1",Qualitel,4,16,16
08-04-2026,10-006563,RES SMD 4.99KOHM 0.1% 1/16W 0402,2,OTS,Each,Electrical Components,In Design,,11 KW Inverter,90-08096A,"Lunar 3 Inverter, Boxed",TBD,1,7,7
08-04-2026,10-006984,DIODE ZENER 12V 500MW SOD123 (2.85(Max)MM X 1.75(Max)MM),1,OTS,Each,Electrical Components,In Design,,11 KW Inverter,90-08096A,"Lunar 3 Inverter, Boxed",TBD,1,1,1
08-04-2026,10-06591B,"DCDC Sub-assy, LFP DC ESS",2,MTS,Each,Assembly,In Production,,2.0 LFP - EVT with cover,90-06948C,LFP Battery Block with ESS Cover and Wall Bracket,Qualitel,4,1,0
08-04-2026,10-06591B,"DCDC Sub-assy, LFP DC ESS",2,MTS,Each,Assembly,In Production,,2.0 LFP - EVT without cover,90-07675A,LFP Battery Block with Wall Bracket,Qualitel,4,1,0
08-04-2026,10-06969A,"Module Fixing Plate, 4X mtg at 84 mm, 60 deg flange",3,MTS,Each,Part,In Production,A//ACE Battery,2.0 LFP - EVT with cover,90-06948C,LFP Battery Block with ESS Cover and Wall Bracket,Qualitel,4,2,2
08-04-2026,10-06969A,"Module Fixing Plate, 4X mtg at 84 mm, 60 deg flange",3,MTS,Each,Part,In Production,A//ACE Battery,2.0 LFP - EVT without cover,90-07675A,LFP Battery Block with Wall Bracket,Qualitel,4,2,0
08-04-2026,10-07588A,Nomex Paper Tape,1,MTS,Each,Part,In Production,A//ACE Battery,2.0 LFP - EVT with cover,90-06948C,LFP Battery Block with ESS Cover and Wall Bracket,Qualitel,4,8,0
08-04-2026,10-07588A,Nomex Paper Tape,1,MTS,Each,Part,In Production,A//ACE Battery,2.0 LFP - EVT without cover,90-07675A,LFP Battery Block with Wall Bracket,Qualitel,4,8,0
08-04-2026,10-07588A,Nomex Paper Tape,1,MTS,Each,Part,In Production,A//ACE Battery,2.1 LFP Block,90-08373A,"Battery Block with Wall Bracket, LFP, L2.1",Qualitel,4,4,0
08-04-2026,10-06687A,"MSA Controller, Assembly",5,MTS,Each,Assembly,In Production,,MSAC,90-06700A,"MSA Controller, Boxed",Qualitel,1,1,0
08-04-2026,10-06945A,"Busbar Nest Assy, LFP DC ESS",3,MTS,Each,Assembly,In Production,A//ACE Battery,2.0 LFP - EVT with cover,90-06948C,LFP Battery Block with ESS Cover and Wall Bracket,Qualitel,4,1,1
08-04-2026,10-06945A,"Busbar Nest Assy, LFP DC ESS",3,MTS,Each,Assembly,In Production,A//ACE Battery,2.0 LFP - EVT without cover,90-07675A,LFP Battery Block with Wall Bracket,Qualitel,4,1,0
08-04-2026,10-07633A,"BUSBAR, BARE, 01",1,MTS,Each,Part,In Production,,2.0 LFP - EVT with cover,90-06948C,LFP Battery Block with ESS Cover and Wall Bracket,Qualitel,4,1,0
08-04-2026,10-07633A,"BUSBAR, BARE, 01",1,MTS,Each,Part,In Production,,2.0 LFP - EVT without cover,90-07675A,LFP Battery Block with Wall Bracket,Qualitel,4,1,0
08-04-2026,10-07272A,"Packaging, MSA Controller, Primary Support",1,OTS,Each,Part,In Production,A//Stephen Gould,MSAC,90-06700A,"MSA Controller, Boxed",Qualitel,1,1,1
08-04-2026,10-005858,"Packaging, Bridge, Top Cover Frame",1,OTS,Each,Part,In Production,GS//Stephen Gould,Bridge,90-06801A,"Bridge, Type B, Boxed, Lunar Blue",Sienna,1,1,1
08-04-2026,10-005851,"Packaging, Bridge, RSC Shipping Box",2,OTS,Each,Part,In Production,GS//Stephen Gould,Bridge,90-06801A,"Bridge, Type B, Boxed, Lunar Blue",Sienna,1,1,1
08-04-2026,10-005788,Bubble Wrap 1/2in Bubble 24in Wide,1,OTS,Millimeter,Part,In Production,A//Uline,HW Kit,90-001223,"20kWh Hardware Kit, Lunar Blue",Sienna,1,4876.8,0
08-04-2026,10-005788,Bubble Wrap 1/2in Bubble 24in Wide,1,OTS,Millimeter,Part,In Production,A//Uline,LFP HW Kit,90-07290A,20kWh LFP ESS Hardware Kit,Sienna,1,4876.8,0
08-04-2026,10-005789,Bubble Wrap 1/2in Bubble 24in x 60in,1,OTS,Each,Part,In Production,,HW Kit,90-001223,"20kWh Hardware Kit, Lunar Blue",Sienna,1,1,1
08-04-2026,10-005789,Bubble Wrap 1/2in Bubble 24in x 60in,1,OTS,Each,Part,In Production,,LFP HW Kit,90-07290A,20kWh LFP ESS Hardware Kit,Sienna,1,1,0
08-04-2026,10-000548,CAP CER 33PF 50V NPO 0402 AEC-Q,1,OTS,Each,Electrical Components,Sunset - Phase Out,,Terminal PCBA (TRM),10-06103C,"PCBA, Terminal Board, Type C, Coated",Qualitel,1,3,3
08-04-2026,10-000548,CAP CER 33PF 50V NPO 0402 AEC-Q,1,OTS,Each,Electrical Components,Sunset - Phase Out,,MSAC,90-06700A,"MSA Controller, Boxed",Qualitel,1,1,1
08-04-2026,10-000548,CAP CER 33PF 50V NPO 0402 AEC-Q,1,OTS,Each,Electrical Components,Sunset - Phase Out,,9.6 KW Inverter,90-06889C,"Inverter 9.6kW with Cover and Brackets, Boxed, Lunar Blue",Sienna,1,3,3
08-04-2026,10-07472A,IC VREF SHUNT 3V 0.5% SOT23-3 (2.92mm × 1.30mm),1,OTS,Each,Electrical Components,In Planning,,Max 2.0 PCBA,30-07320F,Maximizer 2.0 PCBA,TBD,20,1,1
08-04-2026,10-06936A,"Fan Shroud with Inserts, DCDC, LFP ESS, Rear",2,MTS,Each,Part,In Production,GS//ACE Battery,2.0 LFP - EVT with cover,90-06948C,LFP Battery Block with ESS Cover and Wall Bracket,Qualitel,4,1,1
08-04-2026,10-06936A,"Fan Shroud with Inserts, DCDC, LFP ESS, Rear",2,MTS,Each,Part,In Production,GS//ACE Battery,2.0 LFP - EVT without cover,90-07675A,LFP Battery Block with Wall Bracket,Qualitel,4,1,0
08-04-2026,10-006284,CAP CER 1NF 50V X7R 0402,1,OTS,Each,Electrical Components,In Design,,Link,30-07519A,Lunar Link PCBA,Sienna,1,8,8
08-04-2026,10-006284,CAP CER 1NF 50V X7R 0402,1,OTS,Each,Electrical Components,In Design,,11 KW Inverter,90-08096A,"Lunar 3 Inverter, Boxed",TBD,1,6,6
08-04-2026,10-006842,RES ARRAY 4 RES 10K OHM 1206,1,OTS,Each,Electrical Components,In Design,,Max 2.0 PCBA,30-07320F,Maximizer 2.0 PCBA,TBD,20,7,7
08-04-2026,10-006153,FLASH - NAND (MLC) Memory IC 8Gb (512M x 16) eMMC 153-LFBGA (11.5x13),1,OTS,Each,Electrical Components,In Production,,9.6 KW Inverter,90-06889C,"Inverter 9.6kW with Cover and Brackets, Boxed, Lunar Blue",Sienna,1,1,1
08-04-2026,10-006794,IC OPAMP GP 1 CIRCUIT SOT23-5,1,OTS,Each,Electrical Components,In Production,,11 KW Inverter,90-08096A,"Lunar 3 Inverter, Boxed",TBD,1,9,9
08-04-2026,10-006651,RES SMD 60.4K OHM 0.1% 1/8W 0805 AEC-Q,2,OTS,Each,Electrical Components,Sunset - Phase Out,,Maximizer Box,90-06831D,"Maximizer, Boxed",Sienna,1,40,40
08-04-2026,10-005124,"Screw,SEMS,M5x0.8,10mm,Bellevile washer,BHT T-25,Flange,Steel",5,OTS,Each,Part,In Production,A//Unisteel,9.6 KW Inverter,90-06889C,"Inverter 9.6kW with Cover and Brackets, Boxed, Lunar Blue",Sienna,1,4,4
08-04-2026,10-005491,"RF Pass Thru, Molded, D",1,MTS,Each,Part,In Production,,9.6 KW Inverter,90-06889C,"Inverter 9.6kW with Cover and Brackets, Boxed, Lunar Blue",Sienna,1,1,0
08-04-2026,10-06636A,Shielded Front Door and Cap Board,4,MTS,Each,Part,In Production,,9.6 KW Inverter,90-06889C,"Inverter 9.6kW with Cover and Brackets, Boxed, Lunar Blue",Sienna,1,1,0
08-04-2026,10-07138A,"Clinch Nut, M3, Steel with Zinc Coating",1,MTS,Each,Part,In Production,A//Penn Engineering,9.6 KW Inverter,90-06889C,"Inverter 9.6kW with Cover and Brackets, Boxed, Lunar Blue",Sienna,1,3,0
08-04-2026,10-006764,CAP ALUM 10UF 20% 350V RADIAL TH,1,OTS,Each,Electrical Components,In Design,,11 KW Inverter,90-08096A,"Lunar 3 Inverter, Boxed",TBD,1,4,4
08-04-2026,10-006730,CAP FILM 5UF 5% 700VDC RADIAL AEC-Q200,1,OTS,Each,Electrical Components,In Design,,11 KW Inverter,90-08096A,"Lunar 3 Inverter, Boxed",TBD,1,3,3
08-04-2026,10-006085,"Inverter Packaging, Foam, Top, Right, V2",1,MTS,Each,Part,In Production,A//Veritiv Operating Company,9.6 KW Inverter,90-06889C,"Inverter 9.6kW with Cover and Brackets, Boxed, Lunar Blue",Sienna,1,1,1
08-04-2026,10-006713,CAP ALUM 100UF 20% 450V RADIAL,1,OTS,Each,Electrical Components,In Design,,11 KW Inverter,90-08096A,"Lunar 3 Inverter, Boxed",TBD,1,2,2
08-04-2026,10-001048,RES 3.6K OHM 1% 1/16W 0402 AEC-Q,1,OTS,Each,Electrical Components,In Production,,Terminal PCBA (TRM),10-06103C,"PCBA, Terminal Board, Type C, Coated",Qualitel,1,1,1
08-04-2026,10-001048,RES 3.6K OHM 1% 1/16W 0402 AEC-Q,1,OTS,Each,Electrical Components,In Production,,9.6 KW Inverter,90-06889C,"Inverter 9.6kW with Cover and Brackets, Boxed, Lunar Blue",Sienna,1,1,1
08-04-2026,10-001048,RES 3.6K OHM 1% 1/16W 0402 AEC-Q,1,OTS,Each,Electrical Components,In Production,,11 KW Inverter,90-08096A,"Lunar 3 Inverter, Boxed",TBD,1,12,12
08-04-2026,10-06812A,"Wire Harness, Power, DC Contactors, Nano Fit",4,MTS,Each,Part,In Production,A//Avalon,9.6 KW Inverter,90-06889C,"Inverter 9.6kW with Cover and Brackets, Boxed, Lunar Blue",Sienna,1,1,1
08-04-2026,10-006355,CAP CER 12PF 50V C0G/NP0 0402,1,OTS,Each,Electrical Components,In Production,,MSAC,90-06700A,"MSA Controller, Boxed",Qualitel,1,4,4
08-04-2026,10-006355,CAP CER 12PF 50V C0G/NP0 0402,1,OTS,Each,Electrical Components,In Production,,11 KW Inverter,90-08096A,"Lunar 3 Inverter, Boxed",TBD,1,3,3
08-04-2026,10-006710,TERMINAL BLOCK NZ 15.0 3P GREEN WITHOUT JUMPER,1,OTS,Each,Electrical Components,In Design,,11 KW Inverter,90-08096A,"Lunar 3 Inverter, Boxed",TBD,1,1,1
08-04-2026,10-002291,RES SMD 28.7K OHM 1% 1/10W 0603 AEC-Q,1,OTS,Each,Electrical Components,In Production,,2.0 LFP - EVT with cover,90-06948C,LFP Battery Block with ESS Cover and Wall Bracket,Qualitel,4,2,2
08-04-2026,10-002291,RES SMD 28.7K OHM 1% 1/10W 0603 AEC-Q,1,OTS,Each,Electrical Components,In Production,,2.0 LFP - EVT without cover,90-07675A,LFP Battery Block with Wall Bracket,Qualitel,4,2,0
08-04-2026,10-002291,RES SMD 28.7K OHM 1% 1/10W 0603 AEC-Q,1,OTS,Each,Electrical Components,In Production,,2.1 LFP Block,90-08373A,"Battery Block with Wall Bracket, LFP, L2.1",Qualitel,4,2,2
08-04-2026,10-002282,RES SMD 20 OHM 1% 1/10W 0603 AEC-Q,1,OTS,Each,Electrical Components,In Production,,2.0 LFP - EVT with cover,90-06948C,LFP Battery Block with ESS Cover and Wall Bracket,Qualitel,4,14,14
08-04-2026,10-002282,RES SMD 20 OHM 1% 1/10W 0603 AEC-Q,1,OTS,Each,Electrical Components,In Production,,2.0 LFP - EVT without cover,90-07675A,LFP Battery Block with Wall Bracket,Qualitel,4,14,0
08-04-2026,10-001515,"Grommet,Vibration Damping,4mm Shldr,Shore 40A,High Temp",1,OTS,Each,Part,In Production,GS//Rathbun,9.6 KW Inverter,90-06889C,"Inverter 9.6kW with Cover and Brackets, Boxed, Lunar Blue",Sienna,1,3,3
08-04-2026,10-001681,RES SMD 27 OHM 5% 1/2W 0805 AEC-Q,2,OTS,Each,Electrical Components,Sunset - Phase Out,,Power PCBA (IPC),10-06105C,"PCBA, Power Board, Type C, Coated",Qualitel,1,22,22
08-04-2026,10-001681,RES SMD 27 OHM 5% 1/2W 0805 AEC-Q,2,OTS,Each,Electrical Components,Sunset - Phase Out,,9.6 KW Inverter,90-06889C,"Inverter 9.6kW with Cover and Brackets, Boxed, Lunar Blue",Sienna,1,22,22
08-04-2026,10-000999,RES SMD 1K OHM 1% 1/3W 0603 AEC-Q,1,OTS,Each,Electrical Components,In Production,,Power PCBA (IPC),10-06105C,"PCBA, Power Board, Type C, Coated",Qualitel,1,4,4
08-04-2026,10-000999,RES SMD 1K OHM 1% 1/3W 0603 AEC-Q,1,OTS,Each,Electrical Components,In Production,,9.6 KW Inverter,90-06889C,"Inverter 9.6kW with Cover and Brackets, Boxed, Lunar Blue",Sienna,1,4,4
08-04-2026,10-000099,CAP CER 1UF 35V X7R 0603,2,OTS,Each,Electrical Components,Sunset - Phase Out,,Terminal PCBA (TRM),10-06103C,"PCBA, Terminal Board, Type C, Coated",Qualitel,1,18,18
08-04-2026,10-000099,CAP CER 1UF 35V X7R 0603,2,OTS,Each,Electrical Components,Sunset - Phase Out,,Power PCBA (IPC),10-06105C,"PCBA, Power Board, Type C, Coated",Qualitel,1,4,4
08-04-2026,10-000099,CAP CER 1UF 35V X7R 0603,2,OTS,Each,Electrical Components,Sunset - Phase Out,,PV Hub,90-004034,"Maximizer Hub, Boxed",Sienna,1,2,2
08-04-2026,10-000099,CAP CER 1UF 35V X7R 0603,2,OTS,Each,Electrical Components,Sunset - Phase Out,,Maximizer Box,90-06831D,"Maximizer, Boxed",Sienna,1,400,400
08-04-2026,10-000099,CAP CER 1UF 35V X7R 0603,2,OTS,Each,Electrical Components,Sunset - Phase Out,,9.6 KW Inverter,90-06889C,"Inverter 9.6kW with Cover and Brackets, Boxed, Lunar Blue",Sienna,1,23,23
08-04-2026,10-000850,"Opamp, 1 Func, 15uV Offset-Max, CMOS, PDSO5",1,OTS,Each,Electrical Components,In Production,,Terminal PCBA (TRM),10-06103C,"PCBA, Terminal Board, Type C, Coated",Qualitel,1,3,3
08-04-2026,10-000850,"Opamp, 1 Func, 15uV Offset-Max, CMOS, PDSO5",1,OTS,Each,Electrical Components,In Production,,9.6 KW Inverter,90-06889C,"Inverter 9.6kW with Cover and Brackets, Boxed, Lunar Blue",Sienna,1,3,3
08-04-2026,10-000850,"Opamp, 1 Func, 15uV Offset-Max, CMOS, PDSO5",1,OTS,Each,Electrical Components,In Production,,11 KW Inverter,90-08096A,"Lunar 3 Inverter, Boxed",TBD,1,6,6
08-04-2026,10-000693,RES SMD 5.1K OHM 1% 1/16W 0402 AEC-Q,1,OTS,Each,Electrical Components,In Production,,Link,30-07519A,Lunar Link PCBA,Sienna,1,2,2
08-04-2026,10-000693,RES SMD 5.1K OHM 1% 1/16W 0402 AEC-Q,1,OTS,Each,Electrical Components,In Production,,Bridge,90-06801A,"Bridge, Type B, Boxed, Lunar Blue",Sienna,1,2,2
08-04-2026,10-000693,RES SMD 5.1K OHM 1% 1/16W 0402 AEC-Q,1,OTS,Each,Electrical Components,In Production,,9.6 KW Inverter,90-06889C,"Inverter 9.6kW with Cover and Brackets, Boxed, Lunar Blue",Sienna,1,46,46
08-04-2026,10-000693,RES SMD 5.1K OHM 1% 1/16W 0402 AEC-Q,1,OTS,Each,Electrical Components,In Production,,11 KW Inverter,90-08096A,"Lunar 3 Inverter, Boxed",TBD,1,2,2
08-04-2026,10-000682,RES SMD 47K OHM 1% 1/16W 0402 AEC-Q,1,OTS,Each,Electrical Components,In Production,,Terminal PCBA (TRM),10-06103C,"PCBA, Terminal Board, Type C, Coated",Qualitel,1,8,8
08-04-2026,10-000682,RES SMD 47K OHM 1% 1/16W 0402 AEC-Q,1,OTS,Each,Electrical Components,In Production,,PV Hub,90-004034,"Maximizer Hub, Boxed",Sienna,1,9,9
08-04-2026,10-000682,RES SMD 47K OHM 1% 1/16W 0402 AEC-Q,1,OTS,Each,Electrical Components,In Production,,Bridge,90-06801A,"Bridge, Type B, Boxed, Lunar Blue",Sienna,1,8,8
08-04-2026,10-000682,RES SMD 47K OHM 1% 1/16W 0402 AEC-Q,1,OTS,Each,Electrical Components,In Production,,9.6 KW Inverter,90-06889C,"Inverter 9.6kW with Cover and Brackets, Boxed, Lunar Blue",Sienna,1,8,8
08-04-2026,10-000682,RES SMD 47K OHM 1% 1/16W 0402 AEC-Q,1,OTS,Each,Electrical Components,In Production,,11 KW Inverter,90-08096A,"Lunar 3 Inverter, Boxed",TBD,1,23,23
08-04-2026,10-000646,RES SMD 1K OHM 1% 1/16W 0402 AEC-Q,1,OTS,Each,Electrical Components,In Production,,Terminal PCBA (TRM),10-06103C,"PCBA, Terminal Board, Type C, Coated",Qualitel,1,9,9
08-04-2026,10-000646,RES SMD 1K OHM 1% 1/16W 0402 AEC-Q,1,OTS,Each,Electrical Components,In Production,,Link,30-07519A,Lunar Link PCBA,Sienna,1,17,17
08-04-2026,10-000646,RES SMD 1K OHM 1% 1/16W 0402 AEC-Q,1,OTS,Each,Electrical Components,In Production,,MSAC,90-06700A,"MSA Controller, Boxed",Qualitel,1,9,9
08-04-2026,10-000646,RES SMD 1K OHM 1% 1/16W 0402 AEC-Q,1,OTS,Each,Electrical Components,In Production,,Bridge,90-06801A,"Bridge, Type B, Boxed, Lunar Blue",Sienna,1,12,12
08-04-2026,10-000646,RES SMD 1K OHM 1% 1/16W 0402 AEC-Q,1,OTS,Each,Electrical Components,In Production,,9.6 KW Inverter,90-06889C,"Inverter 9.6kW with Cover and Brackets, Boxed, Lunar Blue",Sienna,1,27,27
08-04-2026,10-005297,CAP CER 2.2UF 10% 450V X6S 2220,1,OTS,Each,Electrical Components,In Production,,2.0 LFP - EVT with cover,90-06948C,LFP Battery Block with ESS Cover and Wall Bracket,Qualitel,4,2,2
08-04-2026,10-005297,CAP CER 2.2UF 10% 450V X6S 2220,1,OTS,Each,Electrical Components,In Production,,2.0 LFP - EVT without cover,90-07675A,LFP Battery Block with Wall Bracket,Qualitel,4,2,0
08-04-2026,10-005297,CAP CER 2.2UF 10% 450V X6S 2220,1,OTS,Each,Electrical Components,In Production,,2.1 LFP Block,90-08373A,"Battery Block with Wall Bracket, LFP, L2.1",Qualitel,4,2,2
08-04-2026,20-000541,"PCB, Home Controller",8,MTS,Each,PCB,In Production,"A//TTM SAN JOSE, A//Sunshine PCB Group",9.6 KW Inverter,90-06889C,"Inverter 9.6kW with Cover and Brackets, Boxed, Lunar Blue",Sienna,1,1,1
08-04-2026,10-005784,"Heavyweight Poly Bag, 2 x 4"" 4 Mil Reclosable",1,OTS,Each,Part,In Production,A//Uline,HW Kit,90-001223,"20kWh Hardware Kit, Lunar Blue",Sienna,1,1,1
08-04-2026,10-005784,"Heavyweight Poly Bag, 2 x 4"" 4 Mil Reclosable",1,OTS,Each,Part,In Production,A//Uline,LFP HW Kit,90-07290A,20kWh LFP ESS Hardware Kit,Sienna,1,1,0
08-04-2026,10-005074,CAP CER 0.1UF 10V X7R 0603,1,OTS,Each,Electrical Components,In Production,,2.0 LFP - EVT with cover,90-06948C,LFP Battery Block with ESS Cover and Wall Bracket,Qualitel,4,1,1
08-04-2026,10-005074,CAP CER 0.1UF 10V X7R 0603,1,OTS,Each,Electrical Components,In Production,,2.0 LFP - EVT without cover,90-07675A,LFP Battery Block with Wall Bracket,Qualitel,4,1,0
08-04-2026,10-004621,RES CPF 0201 20K 0.1% 25PPM 1K RL,2,OTS,Each,Electrical Components,Sunset - Phase Out,,Power PCBA (IPC),10-06105C,"PCBA, Power Board, Type C, Coated",Qualitel,1,5,5
08-04-2026,10-004621,RES CPF 0201 20K 0.1% 25PPM 1K RL,2,OTS,Each,Electrical Components,Sunset - Phase Out,,9.6 KW Inverter,90-06889C,"Inverter 9.6kW with Cover and Brackets, Boxed, Lunar Blue",Sienna,1,5,5
08-04-2026,10-003828,RES 300 OHM 5% 1/4W 1206 AEC-Q,2,OTS,Each,Electrical Components,Sunset - Phase Out,,Terminal PCBA (TRM),10-06103C,"PCBA, Terminal Board, Type C, Coated",Qualitel,1,4,4
08-04-2026,10-003828,RES 300 OHM 5% 1/4W 1206 AEC-Q,2,OTS,Each,Electrical Components,Sunset - Phase Out,,9.6 KW Inverter,90-06889C,"Inverter 9.6kW with Cover and Brackets, Boxed, Lunar Blue",Sienna,1,4,4
08-04-2026,10-003307,RES SMD 49.9K OHM 1% 1/16W 0402,1,OTS,Each,Electrical Components,In Design,,11 KW Inverter,90-08096A,"Lunar 3 Inverter, Boxed",TBD,1,1,1
08-04-2026,10-005786,"PCBA 2 with Conformal Coating, Control, Bridge",2,MTS,Each,Part,In Production,,Bridge,90-06801A,"Bridge, Type B, Boxed, Lunar Blue",Sienna,1,1,0
08-04-2026,10-003361,IC PWR DRIVER N-CHAN 1:2 10TDFN,1,OTS,Each,Electrical Components,In Production,,Terminal PCBA (TRM),10-06103C,"PCBA, Terminal Board, Type C, Coated",Qualitel,1,4,4
08-04-2026,10-003361,IC PWR DRIVER N-CHAN 1:2 10TDFN,1,OTS,Each,Electrical Components,In Production,,9.6 KW Inverter,90-06889C,"Inverter 9.6kW with Cover and Brackets, Boxed, Lunar Blue",Sienna,1,4,4
08-04-2026,10-003361,IC PWR DRIVER N-CHAN 1:2 10TDFN,1,OTS,Each,Electrical Components,In Production,,11 KW Inverter,90-08096A,"Lunar 3 Inverter, Boxed",TBD,1,2,2
08-04-2026,10-006701,RES SMD 18K OHM 1% 1/16W 0402,1,OTS,Each,Electrical Components,In Production,,MSAC,90-06700A,"MSA Controller, Boxed",Qualitel,1,1,1
08-04-2026,10-006701,RES SMD 18K OHM 1% 1/16W 0402,1,OTS,Each,Electrical Components,In Production,,11 KW Inverter,90-08096A,"Lunar 3 Inverter, Boxed",TBD,1,2,2
08-04-2026,10-001641,CAP CER 22UF 25V X7R 1210,2,OTS,Each,Electrical Components,In Production,,Terminal PCBA (TRM),10-06103C,"PCBA, Terminal Board, Type C, Coated",Qualitel,1,19,19
08-04-2026,10-001641,CAP CER 22UF 25V X7R 1210,2,OTS,Each,Electrical Components,In Production,,MSAC,90-06700A,"MSA Controller, Boxed",Qualitel,1,4,4
08-04-2026,10-001641,CAP CER 22UF 25V X7R 1210,2,OTS,Each,Electrical Components,In Production,,9.6 KW Inverter,90-06889C,"Inverter 9.6kW with Cover and Brackets, Boxed, Lunar Blue",Sienna,1,28,28
08-04-2026,10-001641,CAP CER 22UF 25V X7R 1210,2,OTS,Each,Electrical Components,In Production,,11 KW Inverter,90-08096A,"Lunar 3 Inverter, Boxed",TBD,1,18,18
08-04-2026,10-06848A,"Ferrite,Cable,9 mm ID,19.7 mm OD,35.1 mm LG",1,OTS,Each,Part,In Production,,9.6 KW Inverter,90-06889C,"Inverter 9.6kW with Cover and Brackets, Boxed, Lunar Blue",Sienna,1,1,0
08-04-2026,10-006698,MOSFET N-CH 55V 5.1A SOT223,1,OTS,Each,Electrical Components,In Production,,Power PCBA (IPC),10-06105C,"PCBA, Power Board, Type C, Coated",Qualitel,1,2,2
08-04-2026,10-006698,MOSFET N-CH 55V 5.1A SOT223,1,OTS,Each,Electrical Components,In Production,,9.6 KW Inverter,90-06889C,"Inverter 9.6kW with Cover and Brackets, Boxed, Lunar Blue",Sienna,1,2,2
08-04-2026,10-006698,MOSFET N-CH 55V 5.1A SOT223,1,OTS,Each,Electrical Components,In Production,,11 KW Inverter,90-08096A,"Lunar 3 Inverter, Boxed",TBD,1,7,7
08-04-2026,10-006670,IC CLK BUFFER 1:4 250MHZ 8WSON,1,OTS,Each,Electrical Components,In Production,,11 KW Inverter,90-08096A,"Lunar 3 Inverter, Boxed",TBD,1,1,1
08-04-2026,10-006646,RES 18K OHM 1% 1/10W 0603 AEC-Q200,1,OTS,Each,Electrical Components,In Production,,2.0 LFP - EVT with cover,90-06948C,LFP Battery Block with ESS Cover and Wall Bracket,Qualitel,4,1,1
08-04-2026,10-006646,RES 18K OHM 1% 1/10W 0603 AEC-Q200,1,OTS,Each,Electrical Components,In Production,,2.0 LFP - EVT without cover,90-07675A,LFP Battery Block with Wall Bracket,Qualitel,4,1,0
08-04-2026,10-006646,RES 18K OHM 1% 1/10W 0603 AEC-Q200,1,OTS,Each,Electrical Components,In Production,,2.1 LFP Block,90-08373A,"Battery Block with Wall Bracket, LFP, L2.1",Qualitel,4,1,1
08-04-2026,10-003562,"Rivet Plate, Ball Stud Receiver",3,MTS,Each,Part,In Production,A//JPOND,9.6 KW Inverter,90-06889C,"Inverter 9.6kW with Cover and Brackets, Boxed, Lunar Blue",Sienna,1,3,0
08-04-2026,10-003562,"Rivet Plate, Ball Stud Receiver",3,MTS,Each,Part,In Production,A//JPOND,2.0 LFP - EVT with cover,90-06948C,LFP Battery Block with ESS Cover and Wall Bracket,Qualitel,4,2,0
08-04-2026,10-006424,"Asy, Visor",2,MTS,Each,Part,In Production,A//JPOND,9.6 KW Inverter,90-06889C,"Inverter 9.6kW with Cover and Brackets, Boxed, Lunar Blue",Sienna,1,1,0
08-04-2026,10-005905,"Kit, Installation, Inverter",3,MTS,Each,Part,In Production,A//JPOND,9.6 KW Inverter,90-06889C,"Inverter 9.6kW with Cover and Brackets, Boxed, Lunar Blue",Sienna,1,1,1
08-04-2026,10-003497,"Screw,M2x0.4 6gX4mm,Flat Head,PH1,Reny",1,OTS,Each,Part,In Production,A//Pencom,2.0 LFP - EVT with cover,90-06948C,LFP Battery Block with ESS Cover and Wall Bracket,Qualitel,4,3,3
08-04-2026,10-003497,"Screw,M2x0.4 6gX4mm,Flat Head,PH1,Reny",1,OTS,Each,Part,In Production,A//Pencom,2.0 LFP - EVT without cover,90-07675A,LFP Battery Block with Wall Bracket,Qualitel,4,3,0
08-04-2026,10-006073,"Screw, SEMS, M3x0.5x8, T10, Square-Cone Washer, SS",1,OTS,Each,Part,In Production,A//Pencom,Power PCBA (IPC),10-06105C,"PCBA, Power Board, Type C, Coated",Qualitel,1,3,3
08-04-2026,10-006073,"Screw, SEMS, M3x0.5x8, T10, Square-Cone Washer, SS",1,OTS,Each,Part,In Production,A//Pencom,9.6 KW Inverter,90-06889C,"Inverter 9.6kW with Cover and Brackets, Boxed, Lunar Blue",Sienna,1,3,3
08-04-2026,10-004293,"NUT, M5x0.8, 12mm DISC SPRING, STEEL, ZINC CHROMATE",1,OTS,Each,Part,In Production,A//Pencom,Bridge,90-06801A,"Bridge, Type B, Boxed, Lunar Blue",Sienna,1,1,1
08-04-2026,10-002027,"Thread Forming Screw, M2.5 X 5mm, Torx",4,OTS,Each,Part,In Production,A//Pencom,Maximizer Box,90-06831D,"Maximizer, Boxed",Sienna,1,80,80
08-04-2026,10-06758A,"Wire,24 AWG,19/36,UL 1569, Tinned Copper, White",1,OTS,Millimeter,Part,In Production,,MSAC,90-06700A,"MSA Controller, Boxed",Qualitel,1,600,0
08-04-2026,10-004438,ESS Bottom Cover Reveal Lunar Blue,5,MTS,Each,Part,In Production,A//JPOND,HW Kit,90-001223,"20kWh Hardware Kit, Lunar Blue",Sienna,1,1,0
08-04-2026,10-004438,ESS Bottom Cover Reveal Lunar Blue,5,MTS,Each,Part,In Production,A//JPOND,LFP HW Kit,90-07290A,20kWh LFP ESS Hardware Kit,Sienna,1,1,0
08-04-2026,10-004072,"Bus Bar, Ground to Enclosure, Bridge",5,MTS,Each,Part,In Production,A//JPOND,Bridge,90-06801A,"Bridge, Type B, Boxed, Lunar Blue",Sienna,1,1,1
08-04-2026,10-06716A,Aluminum 5052 ASTM B209,1,OTS,Gram,Part,In Production,,9.6 KW Inverter,90-06889C,"Inverter 9.6kW with Cover and Brackets, Boxed, Lunar Blue",Sienna,1,171,0
08-04-2026,10-006624,TVS DIODE 5VWM 7VC SOD923,1,OTS,Each,Electrical Components,In Design,,Link,30-07519A,Lunar Link PCBA,Sienna,1,7,7
08-04-2026,10-006624,TVS DIODE 5VWM 7VC SOD923,1,OTS,Each,Electrical Components,In Design,,11 KW Inverter,90-08096A,"Lunar 3 Inverter, Boxed",TBD,1,21,21
08-04-2026,10-005944,RES 75K OHM 1% 1/16W 0402,1,OTS,Each,Electrical Components,In Production,,Terminal PCBA (TRM),10-06103C,"PCBA, Terminal Board, Type C, Coated",Qualitel,1,1,1
08-04-2026,10-005944,RES 75K OHM 1% 1/16W 0402,1,OTS,Each,Electrical Components,In Production,,9.6 KW Inverter,90-06889C,"Inverter 9.6kW with Cover and Brackets, Boxed, Lunar Blue",Sienna,1,1,1
08-04-2026,10-06108A,"Closing Plate, Top Service Entry, Bridge, Lunar Blue",1,MTS,Each,Part,In Production,P//Avalon,Bridge,90-06801A,"Bridge, Type B, Boxed, Lunar Blue",Sienna,1,1,1
08-04-2026,10-004201,CAP FILM 0.68UF 10% 630VDC RAD AEC-Q,1,OTS,Each,Electrical Components,In Production,,Power PCBA (IPC),10-06105C,"PCBA, Power Board, Type C, Coated",Qualitel,1,14,14
08-04-2026,10-004201,CAP FILM 0.68UF 10% 630VDC RAD AEC-Q,1,OTS,Each,Electrical Components,In Production,,9.6 KW Inverter,90-06889C,"Inverter 9.6kW with Cover and Brackets, Boxed, Lunar Blue",Sienna,1,14,14
08-04-2026,10-004820,PV Disconnect Switch with Harness,2,MTS,Each,Part,In Production,,9.6 KW Inverter,90-06889C,"Inverter 9.6kW with Cover and Brackets, Boxed, Lunar Blue",Sienna,1,1,0
08-04-2026,10-006272,"Polybag, Recloseable, 600mm x 800mm",1,OTS,Each,Part,In Production,A//JPOND,HW Kit,90-001223,"20kWh Hardware Kit, Lunar Blue",Sienna,1,2,0
08-04-2026,10-006272,"Polybag, Recloseable, 600mm x 800mm",1,OTS,Each,Part,In Production,A//JPOND,LFP HW Kit,90-07290A,20kWh LFP ESS Hardware Kit,Sienna,1,2,0
08-04-2026,10-005866,"Packaging, Maximizer, Partition Length Center",1,OTS,Each,Part,In Production,,Maximizer Box,90-06831D,"Maximizer, Boxed",Sienna,1,1,1
08-04-2026,10-002579,"Offset Mounting Bracket, Wall, Bridge",9,MTS,Each,Part,In Production,P//Avalon,Bridge,90-06801A,"Bridge, Type B, Boxed, Lunar Blue",Sienna,1,1,1
08-04-2026,10-005831,"HARNESS,JMPR,NANO-FIT,2 POS",2,MTS,Each,Part,In Production,A//Avalon,9.6 KW Inverter,90-06889C,"Inverter 9.6kW with Cover and Brackets, Boxed, Lunar Blue",Sienna,1,3,3
08-04-2026,10-006165,"Powder Coating, Busbar Insulation, Epoxy-Based, Black",1,OTS,Gram,Part,In Production,,Bridge,90-06801A,"Bridge, Type B, Boxed, Lunar Blue",Sienna,1,6,0
08-04-2026,10-006099,"Label, Earth Terminal, 12.7mm Circular, UL969",1,OTS,Each,Part,In Production,GS//TBD,Bridge,90-06801A,"Bridge, Type B, Boxed, Lunar Blue",Sienna,1,1,1
08-04-2026,10-006099,"Label, Earth Terminal, 12.7mm Circular, UL969",1,OTS,Each,Part,In Production,GS//TBD,11 KW Inverter,90-08096A,"Lunar 3 Inverter, Boxed",TBD,1,1,1
08-04-2026,10-000634,"Board Connector, 10 Contact(s), 2 Row(s), Male, Straight, 0.05 inch Pitch, Surface Mount Terminal, L",1,OTS,Each,Electrical Components,In Production,,Terminal PCBA (TRM),10-06103C,"PCBA, Terminal Board, Type C, Coated",Qualitel,1,1,1
08-04-2026,10-000634,"Board Connector, 10 Contact(s), 2 Row(s), Male, Straight, 0.05 inch Pitch, Surface Mount Terminal, L",1,OTS,Each,Electrical Components,In Production,,Power PCBA (IPC),10-06105C,"PCBA, Power Board, Type C, Coated",Qualitel,1,1,1
08-04-2026,10-000634,"Board Connector, 10 Contact(s), 2 Row(s), Male, Straight, 0.05 inch Pitch, Surface Mount Terminal, L",1,OTS,Each,Electrical Components,In Production,,MSAC,90-06700A,"MSA Controller, Boxed",Qualitel,1,1,1
08-04-2026,10-000634,"Board Connector, 10 Contact(s), 2 Row(s), Male, Straight, 0.05 inch Pitch, Surface Mount Terminal, L",1,OTS,Each,Electrical Components,In Production,,Bridge,90-06801A,"Bridge, Type B, Boxed, Lunar Blue",Sienna,1,1,1
08-04-2026,10-000634,"Board Connector, 10 Contact(s), 2 Row(s), Male, Straight, 0.05 inch Pitch, Surface Mount Terminal, L",1,OTS,Each,Electrical Components,In Production,,9.6 KW Inverter,90-06889C,"Inverter 9.6kW with Cover and Brackets, Boxed, Lunar Blue",Sienna,1,2,2
08-04-2026,10-000634,"Board Connector, 10 Contact(s), 2 Row(s), Male, Straight, 0.05 inch Pitch, Surface Mount Terminal, L",1,OTS,Each,Electrical Components,In Production,,11 KW Inverter,90-08096A,"Lunar 3 Inverter, Boxed",TBD,1,2,2
08-04-2026,10-005827,"Mini-Fit Sr. Crimp Terminal, Female, 10-12 AWG, Silver",2,OTS,Each,Part,In Production,,9.6 KW Inverter,90-06889C,"Inverter 9.6kW with Cover and Brackets, Boxed, Lunar Blue",Sienna,1,5,0
08-04-2026,10-004612,IC OPAMP GP 1 CIRCUIT SOT23-5,1,OTS,Each,Electrical Components,In Production,,Terminal PCBA (TRM),10-06103C,"PCBA, Terminal Board, Type C, Coated",Qualitel,1,1,1
08-04-2026,10-004612,IC OPAMP GP 1 CIRCUIT SOT23-5,1,OTS,Each,Electrical Components,In Production,,9.6 KW Inverter,90-06889C,"Inverter 9.6kW with Cover and Brackets, Boxed, Lunar Blue",Sienna,1,1,1
08-04-2026,10-004612,IC OPAMP GP 1 CIRCUIT SOT23-5,1,OTS,Each,Electrical Components,In Production,,11 KW Inverter,90-08096A,"Lunar 3 Inverter, Boxed",TBD,1,2,2
08-04-2026,10-004567,RELAY GEN PURPOSE DPDT 8A 120V,1,OTS,Each,Electrical Components,In Production,,Terminal PCBA (TRM),10-06103C,"PCBA, Terminal Board, Type C, Coated",Qualitel,1,1,1
08-04-2026,10-004567,RELAY GEN PURPOSE DPDT 8A 120V,1,OTS,Each,Electrical Components,In Production,,9.6 KW Inverter,90-06889C,"Inverter 9.6kW with Cover and Brackets, Boxed, Lunar Blue",Sienna,1,1,1
08-04-2026,10-003373,CONN HEADER SMD 12POS 2.5MM,1,OTS,Each,Electrical Components,In Production,,Terminal PCBA (TRM),10-06103C,"PCBA, Terminal Board, Type C, Coated",Qualitel,1,1,1
08-04-2026,10-003373,CONN HEADER SMD 12POS 2.5MM,1,OTS,Each,Electrical Components,In Production,,9.6 KW Inverter,90-06889C,"Inverter 9.6kW with Cover and Brackets, Boxed, Lunar Blue",Sienna,1,1,1
08-04-2026,10-003097,DIODE ZENER 51V 5W DO214AA,1,OTS,Each,Electrical Components,In Production,,Terminal PCBA (TRM),10-06103C,"PCBA, Terminal Board, Type C, Coated",Qualitel,1,5,5
08-04-2026,10-003097,DIODE ZENER 51V 5W DO214AA,1,OTS,Each,Electrical Components,In Production,,9.6 KW Inverter,90-06889C,"Inverter 9.6kW with Cover and Brackets, Boxed, Lunar Blue",Sienna,1,5,5
08-04-2026,10-000825,IC MPU SITARA 1.0GHZ 324NFBGA,1,OTS,Each,Electrical Components,In Production,,9.6 KW Inverter,90-06889C,"Inverter 9.6kW with Cover and Brackets, Boxed, Lunar Blue",Sienna,1,1,1
08-04-2026,10-001714,FERRITE BEAD 120 OHM 0603 1LN,1,OTS,Each,Electrical Components,In Production,,Terminal PCBA (TRM),10-06103C,"PCBA, Terminal Board, Type C, Coated",Qualitel,1,38,38
08-04-2026,10-001714,FERRITE BEAD 120 OHM 0603 1LN,1,OTS,Each,Electrical Components,In Production,,MSAC,90-06700A,"MSA Controller, Boxed",Qualitel,1,26,26
08-04-2026,10-001714,FERRITE BEAD 120 OHM 0603 1LN,1,OTS,Each,Electrical Components,In Production,,9.6 KW Inverter,90-06889C,"Inverter 9.6kW with Cover and Brackets, Boxed, Lunar Blue",Sienna,1,59,59
08-04-2026,10-001714,FERRITE BEAD 120 OHM 0603 1LN,1,OTS,Each,Electrical Components,In Production,,11 KW Inverter,90-08096A,"Lunar 3 Inverter, Boxed",TBD,1,5,5
08-04-2026,10-004714,"Wire, 14 AWG, 41/30, UL 758 Style 1569, White",1,OTS,Millimeter,Part,In Production,,9.6 KW Inverter,90-06889C,"Inverter 9.6kW with Cover and Brackets, Boxed, Lunar Blue",Sienna,1,3000,0
08-04-2026,10-003128,"Ball Stud Receiver, 8lb, .135"" Hole Dia, 0.17"" Thk, SS",2,OTS,Each,Part,In Production,A//Pencom,HW Kit,90-001223,"20kWh Hardware Kit, Lunar Blue",Sienna,1,1,0
08-04-2026,10-003128,"Ball Stud Receiver, 8lb, .135"" Hole Dia, 0.17"" Thk, SS",2,OTS,Each,Part,In Production,A//Pencom,9.6 KW Inverter,90-06889C,"Inverter 9.6kW with Cover and Brackets, Boxed, Lunar Blue",Sienna,1,3,0
08-04-2026,10-003128,"Ball Stud Receiver, 8lb, .135"" Hole Dia, 0.17"" Thk, SS",2,OTS,Each,Part,In Production,A//Pencom,2.0 LFP - EVT with cover,90-06948C,LFP Battery Block with ESS Cover and Wall Bracket,Qualitel,4,2,0
08-04-2026,10-003128,"Ball Stud Receiver, 8lb, .135"" Hole Dia, 0.17"" Thk, SS",2,OTS,Each,Part,In Production,A//Pencom,LFP HW Kit,90-07290A,20kWh LFP ESS Hardware Kit,Sienna,1,1,0
08-04-2026,10-003128,"Ball Stud Receiver, 8lb, .135"" Hole Dia, 0.17"" Thk, SS",2,OTS,Each,Part,In Production,A//Pencom,11 KW Inverter,90-08096A,"Lunar 3 Inverter, Boxed",TBD,1,2,0
08-04-2026,10-004805,"RTV Silicone Sealant, Single Part, Electronics Grade",1,OTS,Milliliter,Part,In Production,,9.6 KW Inverter,90-06889C,"Inverter 9.6kW with Cover and Brackets, Boxed, Lunar Blue",Sienna,1,17,17
08-04-2026,10-005111,FUSE CERM 50A 500VAC 500VDC RAD,1,OTS,Each,Electrical Components,In Production,,2.0 LFP - EVT with cover,90-06948C,LFP Battery Block with ESS Cover and Wall Bracket,Qualitel,4,1,1
08-04-2026,10-005111,FUSE CERM 50A 500VAC 500VDC RAD,1,OTS,Each,Electrical Components,In Production,,2.0 LFP - EVT without cover,90-07675A,LFP Battery Block with Wall Bracket,Qualitel,4,1,0
08-04-2026,10-001369,MOSFET N-CH 600V 23A 8HSOF,1,OTS,Each,Electrical Components,In Production,,2.0 LFP - EVT with cover,90-06948C,LFP Battery Block with ESS Cover and Wall Bracket,Qualitel,4,2,2
08-04-2026,10-001369,MOSFET N-CH 600V 23A 8HSOF,1,OTS,Each,Electrical Components,In Production,,2.0 LFP - EVT without cover,90-07675A,LFP Battery Block with Wall Bracket,Qualitel,4,2,0
08-04-2026,10-001369,MOSFET N-CH 600V 23A 8HSOF,1,OTS,Each,Electrical Components,In Production,,2.1 LFP Block,90-08373A,"Battery Block with Wall Bracket, LFP, L2.1",Qualitel,4,2,2
08-04-2026,10-001191,"DUAL, ZERO-DRIFT OP AMP, E TEMP",1,OTS,Each,Electrical Components,In Production,,2.0 LFP - EVT with cover,90-06948C,LFP Battery Block with ESS Cover and Wall Bracket,Qualitel,4,3,3
08-04-2026,10-001191,"DUAL, ZERO-DRIFT OP AMP, E TEMP",1,OTS,Each,Electrical Components,In Production,,2.0 LFP - EVT without cover,90-07675A,LFP Battery Block with Wall Bracket,Qualitel,4,3,0
08-04-2026,10-001191,"DUAL, ZERO-DRIFT OP AMP, E TEMP",1,OTS,Each,Electrical Components,In Production,,2.1 LFP Block,90-08373A,"Battery Block with Wall Bracket, LFP, L2.1",Qualitel,4,3,3
08-04-2026,10-001072,DIODE GEN PURP 200V 3A SOD128 AEC-Q,1,OTS,Each,Electrical Components,In Production,,2.0 LFP - EVT with cover,90-06948C,LFP Battery Block with ESS Cover and Wall Bracket,Qualitel,4,4,4
08-04-2026,10-001072,DIODE GEN PURP 200V 3A SOD128 AEC-Q,1,OTS,Each,Electrical Components,In Production,,2.0 LFP - EVT without cover,90-07675A,LFP Battery Block with Wall Bracket,Qualitel,4,4,0
08-04-2026,10-001072,DIODE GEN PURP 200V 3A SOD128 AEC-Q,1,OTS,Each,Electrical Components,In Production,,2.1 LFP Block,90-08373A,"Battery Block with Wall Bracket, LFP, L2.1",Qualitel,4,3,3
08-04-2026,10-001611,DIODE ZENER 16V 500MW SOD123,1,OTS,Each,Electrical Components,In Production,,2.0 LFP - EVT with cover,90-06948C,LFP Battery Block with ESS Cover and Wall Bracket,Qualitel,4,3,3
08-04-2026,10-001611,DIODE ZENER 16V 500MW SOD123,1,OTS,Each,Electrical Components,In Production,,2.0 LFP - EVT without cover,90-07675A,LFP Battery Block with Wall Bracket,Qualitel,4,3,0
08-04-2026,10-001611,DIODE ZENER 16V 500MW SOD123,1,OTS,Each,Electrical Components,In Production,,2.1 LFP Block,90-08373A,"Battery Block with Wall Bracket, LFP, L2.1",Qualitel,4,2,2
08-04-2026,10-002378,CAP CER 100PF 50V X7R 0402,1,OTS,Each,Electrical Components,In Production,,MSAC,90-06700A,"MSA Controller, Boxed",Qualitel,1,18,18
08-04-2026,10-002378,CAP CER 100PF 50V X7R 0402,1,OTS,Each,Electrical Components,In Production,,2.0 LFP - EVT with cover,90-06948C,LFP Battery Block with ESS Cover and Wall Bracket,Qualitel,4,8,8
08-04-2026,10-002378,CAP CER 100PF 50V X7R 0402,1,OTS,Each,Electrical Components,In Production,,2.0 LFP - EVT without cover,90-07675A,LFP Battery Block with Wall Bracket,Qualitel,4,8,0
08-04-2026,10-002378,CAP CER 100PF 50V X7R 0402,1,OTS,Each,Electrical Components,In Production,,11 KW Inverter,90-08096A,"Lunar 3 Inverter, Boxed",TBD,1,45,45
08-04-2026,10-002378,CAP CER 100PF 50V X7R 0402,1,OTS,Each,Electrical Components,In Production,,2.1 LFP Block,90-08373A,"Battery Block with Wall Bracket, LFP, L2.1",Qualitel,4,8,8
08-04-2026,10-002293,IC GATE DRVR HIGH-SIDE 10MSOP,1,OTS,Each,Electrical Components,In Production,,Maximizer Box,90-06831D,"Maximizer, Boxed",Sienna,1,20,20
08-04-2026,10-002293,IC GATE DRVR HIGH-SIDE 10MSOP,1,OTS,Each,Electrical Components,In Production,,2.0 LFP - EVT with cover,90-06948C,LFP Battery Block with ESS Cover and Wall Bracket,Qualitel,4,2,2
08-04-2026,10-002293,IC GATE DRVR HIGH-SIDE 10MSOP,1,OTS,Each,Electrical Components,In Production,,2.0 LFP - EVT without cover,90-07675A,LFP Battery Block with Wall Bracket,Qualitel,4,2,0
08-04-2026,10-002293,IC GATE DRVR HIGH-SIDE 10MSOP,1,OTS,Each,Electrical Components,In Production,,2.1 LFP Block,90-08373A,"Battery Block with Wall Bracket, LFP, L2.1",Qualitel,4,1,1
08-04-2026,10-001580,IC CURRENT SENSOR 8TISON AEC-Q,2,OTS,Each,Electrical Components,In Production,,2.0 LFP - EVT with cover,90-06948C,LFP Battery Block with ESS Cover and Wall Bracket,Qualitel,4,1,1
08-04-2026,10-001580,IC CURRENT SENSOR 8TISON AEC-Q,2,OTS,Each,Electrical Components,In Production,,2.0 LFP - EVT without cover,90-07675A,LFP Battery Block with Wall Bracket,Qualitel,4,1,0
08-04-2026,10-001580,IC CURRENT SENSOR 8TISON AEC-Q,2,OTS,Each,Electrical Components,In Production,,2.1 LFP Block,90-08373A,"Battery Block with Wall Bracket, LFP, L2.1",Qualitel,4,1,1
08-04-2026,10-003738,"Captive Washer, M5, Steel, ZnNi Black",2,OTS,Each,Part,In Production,A//Pencom,Bridge,90-06801A,"Bridge, Type B, Boxed, Lunar Blue",Sienna,1,4,0
08-04-2026,10-004002,"Aluminum 6063-O, ASTM B209",1,OTS,Gram,Part,In Production,,9.6 KW Inverter,90-06889C,"Inverter 9.6kW with Cover and Brackets, Boxed, Lunar Blue",Sienna,1,50,0
08-04-2026,10-004002,"Aluminum 6063-O, ASTM B209",1,OTS,Gram,Part,In Production,,2.0 LFP - EVT with cover,90-06948C,LFP Battery Block with ESS Cover and Wall Bracket,Qualitel,4,50,0
08-04-2026,10-004895,"Connector, Receptacle, Nano-Fit, 3 Pin",1,OTS,Each,Part,In Production,,Bridge,90-06801A,"Bridge, Type B, Boxed, Lunar Blue",Sienna,1,1,0
08-04-2026,10-003028,"Conformal Coating, Silicone",1,OTS,Milliliter,Part,In Production,GS//[TBD],Terminal PCBA (TRM),10-06103C,"PCBA, Terminal Board, Type C, Coated",Qualitel,1,16,16
08-04-2026,10-003028,"Conformal Coating, Silicone",1,OTS,Milliliter,Part,In Production,GS//[TBD],Power PCBA (IPC),10-06105C,"PCBA, Power Board, Type C, Coated",Qualitel,1,1,1
08-04-2026,10-003028,"Conformal Coating, Silicone",1,OTS,Milliliter,Part,In Production,GS//[TBD],PV Hub,90-004034,"Maximizer Hub, Boxed",Sienna,1,1,1
08-04-2026,10-003028,"Conformal Coating, Silicone",1,OTS,Milliliter,Part,In Production,GS//[TBD],Bridge,90-06801A,"Bridge, Type B, Boxed, Lunar Blue",Sienna,1,2,2
08-04-2026,10-003028,"Conformal Coating, Silicone",1,OTS,Milliliter,Part,In Production,GS//[TBD],9.6 KW Inverter,90-06889C,"Inverter 9.6kW with Cover and Brackets, Boxed, Lunar Blue",Sienna,1,17,17
08-04-2026,10-004461,C110 COPPER ASTM B152/B152M-19,1,OTS,Gram,Part,In Production,,9.6 KW Inverter,90-06889C,"Inverter 9.6kW with Cover and Brackets, Boxed, Lunar Blue",Sienna,1,46.5,0
08-04-2026,10-005036,"Wire, 8 AWG, UL AWM E196955, 168/30 Bare Cu, -55 to 105C",1,OTS,Millimeter,Part,In Production,,9.6 KW Inverter,90-06889C,"Inverter 9.6kW with Cover and Brackets, Boxed, Lunar Blue",Sienna,1,1768,0
08-04-2026,10-002147,"Part B, Epic Resins S7475",1,OTS,Gram,Part,In Production,GS//Open AML,Maximizer Box,90-06831D,"Maximizer, Boxed",Sienna,1,711.97,711.97
08-04-2026,10-004433,"Thermal Pad, Silicone with Ceramic, 3W/m-K, 20 Shore 00",2,OTS,Gram,Part,In Production,,9.6 KW Inverter,90-06889C,"Inverter 9.6kW with Cover and Brackets, Boxed, Lunar Blue",Sienna,1,12,0
08-04-2026,10-002939,"Thermal Pad, Silicone with Ceramic, 4W/m-K",1,OTS,Each,Part,In Production,,2.0 LFP - EVT with cover,90-06948C,LFP Battery Block with ESS Cover and Wall Bracket,Qualitel,4,2,0
08-04-2026,10-002939,"Thermal Pad, Silicone with Ceramic, 4W/m-K",1,OTS,Each,Part,In Production,,2.0 LFP - EVT without cover,90-07675A,LFP Battery Block with Wall Bracket,Qualitel,4,2,0
08-04-2026,10-002939,"Thermal Pad, Silicone with Ceramic, 4W/m-K",1,OTS,Each,Part,In Production,,2.1 LFP Block,90-08373A,"Battery Block with Wall Bracket, LFP, L2.1",Qualitel,4,2,0
08-04-2026,10-002539,"Contact, Receptacle, 22-24AWG, Sn, AMP MCP 1.5K",1,OTS,Each,Part,In Production,,9.6 KW Inverter,90-06889C,"Inverter 9.6kW with Cover and Brackets, Boxed, Lunar Blue",Sienna,1,10,0
08-04-2026,10-002721,"EPOXY AND POTTING COMPOUND, UL-94 V-0, BLACK",1,OTS,Milliliter,Part,In Production,,HW Kit,90-001223,"20kWh Hardware Kit, Lunar Blue",Sienna,1,3,0
08-04-2026,10-002721,"EPOXY AND POTTING COMPOUND, UL-94 V-0, BLACK",1,OTS,Milliliter,Part,In Production,,LFP HW Kit,90-07290A,20kWh LFP ESS Hardware Kit,Sienna,1,3,0
08-04-2026,10-000410,"Nut,M5,Clinch",2,OTS,Each,Part,In Production,,HW Kit,90-001223,"20kWh Hardware Kit, Lunar Blue",Sienna,1,4,0
08-04-2026,10-000410,"Nut,M5,Clinch",2,OTS,Each,Part,In Production,,LFP HW Kit,90-07290A,20kWh LFP ESS Hardware Kit,Sienna,1,4,0
08-04-2026,10-002487,"Wire, 24awg, UL1007, 7/32, Tinned Copper, Black",1,OTS,Millimeter,Part,In Production,,9.6 KW Inverter,90-06889C,"Inverter 9.6kW with Cover and Brackets, Boxed, Lunar Blue",Sienna,1,901,0
08-04-2026,10-002555,"Nano-Fit TPA Retainer, 2.50mm Pitch, 7 Circuits, Natural",1,OTS,Each,Part,In Production,A//Molex,9.6 KW Inverter,90-06889C,"Inverter 9.6kW with Cover and Brackets, Boxed, Lunar Blue",Sienna,1,4,0
08-04-2026,10-002555,"Nano-Fit TPA Retainer, 2.50mm Pitch, 7 Circuits, Natural",1,OTS,Each,Part,In Production,A//Molex,11 KW Inverter,90-08096A,"Lunar 3 Inverter, Boxed",TBD,1,4,0
08-04-2026,10-002953,"Nano-Fit Receptacle Housing, TPA Capable, 2.50mm Pitch, Dual Row, 8 Circuits, Black",1,OTS,Each,Part,In Production,,9.6 KW Inverter,90-06889C,"Inverter 9.6kW with Cover and Brackets, Boxed, Lunar Blue",Sienna,1,2,0
08-04-2026,10-000054,"Aux Bracket, Wall Bracket, Battery Block",2,MTS,Each,Part,In Design,A//JPOND,Ground Mount,90-005375,"ESS Ground Mount Parts, Boxed",Sienna,1,100,100
08-04-2026,10-002657,"Nut,M3,Clinch,Aluminum",1,OTS,Each,Part,In Production,A//Penn Engineering,9.6 KW Inverter,90-06889C,"Inverter 9.6kW with Cover and Brackets, Boxed, Lunar Blue",Sienna,1,2,0
08-04-2026,10-002164,CAP CER 0.1UF 1KV X7R 1812,1,OTS,Each,Electrical Components,In Design,,11 KW Inverter,90-08096A,"Lunar 3 Inverter, Boxed",TBD,1,6,6
08-04-2026,10-003918,"Foam, Polyurethane, 1.14 mm Thick",1,OTS,Each,Part,In Production,A//Boyd Corporation,Maximizer Box,90-06831D,"Maximizer, Boxed",Sienna,1,20,0
08-04-2026,10-000639,DIODE SBR 40V 3A SMA,1,OTS,Each,Electrical Components,In Production,,Power PCBA (IPC),10-06105C,"PCBA, Power Board, Type C, Coated",Qualitel,1,2,2
08-04-2026,10-000639,DIODE SBR 40V 3A SMA,1,OTS,Each,Electrical Components,In Production,,Link,30-07519A,Lunar Link PCBA,Sienna,1,2,2
08-04-2026,10-000639,DIODE SBR 40V 3A SMA,1,OTS,Each,Electrical Components,In Production,,Bridge,90-06801A,"Bridge, Type B, Boxed, Lunar Blue",Sienna,1,1,1
08-04-2026,10-000639,DIODE SBR 40V 3A SMA,1,OTS,Each,Electrical Components,In Production,,9.6 KW Inverter,90-06889C,"Inverter 9.6kW with Cover and Brackets, Boxed, Lunar Blue",Sienna,1,2,2
08-04-2026,10-000639,DIODE SBR 40V 3A SMA,1,OTS,Each,Electrical Components,In Production,,11 KW Inverter,90-08096A,"Lunar 3 Inverter, Boxed",TBD,1,10,10
08-04-2026,10-004475,"Heatshrink, 30.00mm, 3:1 Black, 10mm Recovered",1,OTS,Millimeter,Part,In Production,,9.6 KW Inverter,90-06889C,"Inverter 9.6kW with Cover and Brackets, Boxed, Lunar Blue",Sienna,1,105,0
08-04-2026,10-002344,"Connector,TabHousing,AMP,8POS,Panel,IP67,Black",1,OTS,Each,Part,In Production,,9.6 KW Inverter,90-06889C,"Inverter 9.6kW with Cover and Brackets, Boxed, Lunar Blue",Sienna,1,1,0
08-04-2026,10-003675,"Acrylic Adhesive, 0.12 mm thick, Double Coated Polyester Tape",2,OTS,Millimeter Square,Part,In Production,,9.6 KW Inverter,90-06889C,"Inverter 9.6kW with Cover and Brackets, Boxed, Lunar Blue",Sienna,1,7527,0
08-04-2026,10-003079,"Wire Harness, Negative, PV Hub",5,MTS,Each,Part,In Production,A//Avalon,PV Hub,90-004034,"Maximizer Hub, Boxed",Sienna,1,1,1
08-04-2026,10-07972A,RES 0.51 OHM 1% 1/4W 0805,1,OTS,Each,Electrical Components,In Design,,11 KW Inverter,90-08096A,"Lunar 3 Inverter, Boxed",TBD,1,4,4
08-04-2026,10-07894A,Anchor Fuse/Busbar w/out nut,2,MTS,Each,Part,In Design,,2.1 LFP Block,90-08373A,"Battery Block with Wall Bracket, LFP, L2.1",Qualitel,4,1,0
08-04-2026,10-06591E,"DCDC Sub-assy, LFP DC ESS",1,MTS,Each,Assembly,In Planning,,2.1 LFP Block,90-08373A,"Battery Block with Wall Bracket, LFP, L2.1",Qualitel,4,1,0
08-04-2026,10-002859,RES 0.02 OHM 1% 1W 1206,2,OTS,Each,Electrical Components,Sunset - Phase Out,,PV Hub,90-004034,"Maximizer Hub, Boxed",Sienna,1,1,1
08-04-2026,10-002859,RES 0.02 OHM 1% 1W 1206,2,OTS,Each,Electrical Components,Sunset - Phase Out,,11 KW Inverter,90-08096A,"Lunar 3 Inverter, Boxed",TBD,1,1,1
08-04-2026,10-000650,RES SMD 16K OHM 1% 1/10W 0402 AEC-Q,1,OTS,Each,Electrical Components,In Production,,Bridge,90-06801A,"Bridge, Type B, Boxed, Lunar Blue",Sienna,1,7,7
08-04-2026,10-000650,RES SMD 16K OHM 1% 1/10W 0402 AEC-Q,1,OTS,Each,Electrical Components,In Production,,11 KW Inverter,90-08096A,"Lunar 3 Inverter, Boxed",TBD,1,8,8
08-04-2026,10-006994,DGTL ISOLTR 3KV 2CH I2C 8-SOIC,1,OTS,Each,Electrical Components,In Design,,11 KW Inverter,90-08096A,"Lunar 3 Inverter, Boxed",TBD,1,1,1
08-04-2026,10-001061,CAP CER 0.47UF 25V X7R 0603 AEC-Q,1,OTS,Each,Electrical Components,Sunset - Phase Out,,Terminal PCBA (TRM),10-06103C,"PCBA, Terminal Board, Type C, Coated",Qualitel,1,1,1
08-04-2026,10-001061,CAP CER 0.47UF 25V X7R 0603 AEC-Q,1,OTS,Each,Electrical Components,Sunset - Phase Out,,Bridge,90-06801A,"Bridge, Type B, Boxed, Lunar Blue",Sienna,1,1,1
08-04-2026,10-001061,CAP CER 0.47UF 25V X7R 0603 AEC-Q,1,OTS,Each,Electrical Components,Sunset - Phase Out,,9.6 KW Inverter,90-06889C,"Inverter 9.6kW with Cover and Brackets, Boxed, Lunar Blue",Sienna,1,1,1
08-04-2026,10-001061,CAP CER 0.47UF 25V X7R 0603 AEC-Q,1,OTS,Each,Electrical Components,Sunset - Phase Out,,2.0 LFP - EVT with cover,90-06948C,LFP Battery Block with ESS Cover and Wall Bracket,Qualitel,4,20,20
08-04-2026,10-001061,CAP CER 0.47UF 25V X7R 0603 AEC-Q,1,OTS,Each,Electrical Components,Sunset - Phase Out,,2.0 LFP - EVT without cover,90-07675A,LFP Battery Block with Wall Bracket,Qualitel,4,20,0
08-04-2026,10-06534A,"Chassis Base, MSA Controller",4,MTS,Each,Part,In Production,A//Ripple,MSAC,90-06700A,"MSA Controller, Boxed",Qualitel,1,1,1
08-04-2026,10-005633,"Front Door Hinge, Sheet Metal, Inverter",4,MTS,Each,Assembly,In Production,A//JPOND,9.6 KW Inverter,90-06889C,"Inverter 9.6kW with Cover and Brackets, Boxed, Lunar Blue",Sienna,1,1,1
08-04-2026,10-005306,"Foam Strip, 18mm L, Protective Hat, D",3,MTS,Each,Assembly,In Production,A//Marian Inc,9.6 KW Inverter,90-06889C,"Inverter 9.6kW with Cover and Brackets, Boxed, Lunar Blue",Sienna,1,3,3
08-04-2026,10-004439,"10-004439 Insulating Tape, 0.069mm Thickness x 50.8 x 86 mm, Polyimide/Kapton",2,MTS,Millimeter,Assembly,In Production,GS//[TBD],9.6 KW Inverter,90-06889C,"Inverter 9.6kW with Cover and Brackets, Boxed, Lunar Blue",Sienna,1,1,1
08-04-2026,10-004359,"Exhaust Duct,Inverter",4,MTS,Each,Part,In Production,A//Fictiv,9.6 KW Inverter,90-06889C,"Inverter 9.6kW with Cover and Brackets, Boxed, Lunar Blue",Sienna,1,1,1
08-04-2026,10-003665,"Wire,14 AWG,41/30,UL 758 Style 1569,Blue",2,OTS,Millimeter,Part,In Production,"P//Anixter, A//3Q WIRE & CABLE CO.,LTD",HW Kit,90-001223,"20kWh Hardware Kit, Lunar Blue",Sienna,1,4800,0
08-04-2026,10-003665,"Wire,14 AWG,41/30,UL 758 Style 1569,Blue",2,OTS,Millimeter,Part,In Production,"P//Anixter, A//3Q WIRE & CABLE CO.,LTD",9.6 KW Inverter,90-06889C,"Inverter 9.6kW with Cover and Brackets, Boxed, Lunar Blue",Sienna,1,1500,0
08-04-2026,10-003665,"Wire,14 AWG,41/30,UL 758 Style 1569,Blue",2,OTS,Millimeter,Part,In Production,"P//Anixter, A//3Q WIRE & CABLE CO.,LTD",LFP HW Kit,90-07290A,20kWh LFP ESS Hardware Kit,Sienna,1,4800,0
08-04-2026,10-003004,CT Busbar PTH mount,3,OTS,Each,Part,In Production,A//Axtonne,Terminal PCBA (TRM),10-06103C,"PCBA, Terminal Board, Type C, Coated",Qualitel,1,2,2
08-04-2026,10-003004,CT Busbar PTH mount,3,OTS,Each,Part,In Production,A//Axtonne,9.6 KW Inverter,90-06889C,"Inverter 9.6kW with Cover and Brackets, Boxed, Lunar Blue",Sienna,1,2,2
08-04-2026,30-000545,"PCBA, LED",4,MTS,Each,PCBA,In Production,,9.6 KW Inverter,90-06889C,"Inverter 9.6kW with Cover and Brackets, Boxed, Lunar Blue",Sienna,1,1,0
08-04-2026,10-002008,CAP CER 1UF 10V X7S 0402 AEC-Q,1,OTS,Each,Electrical Components,Sunset - Phase Out,,MSAC,90-06700A,"MSA Controller, Boxed",Qualitel,1,7,7
08-04-2026,10-002008,CAP CER 1UF 10V X7S 0402 AEC-Q,1,OTS,Each,Electrical Components,Sunset - Phase Out,,Bridge,90-06801A,"Bridge, Type B, Boxed, Lunar Blue",Sienna,1,2,2
08-04-2026,10-002008,CAP CER 1UF 10V X7S 0402 AEC-Q,1,OTS,Each,Electrical Components,Sunset - Phase Out,,11 KW Inverter,90-08096A,"Lunar 3 Inverter, Boxed",TBD,1,19,19
08-04-2026,10-06940A,"Ferrite,Cable,6.0 mm ID,23.4 x 18.0 mm H,41.0 mm LG",1,OTS,Each,Part,In Production,,9.6 KW Inverter,90-06889C,"Inverter 9.6kW with Cover and Brackets, Boxed, Lunar Blue",Sienna,1,1,0
08-04-2026,10-002704,CAP FILM 20UF 10% 800VDC RADIAL,1,OTS,Each,Electrical Components,In Production,,Power PCBA (IPC),10-06105C,"PCBA, Power Board, Type C, Coated",Qualitel,1,5,5
08-04-2026,10-002704,CAP FILM 20UF 10% 800VDC RADIAL,1,OTS,Each,Electrical Components,In Production,,9.6 KW Inverter,90-06889C,"Inverter 9.6kW with Cover and Brackets, Boxed, Lunar Blue",Sienna,1,5,5
08-04-2026,10-003601,"Label, MAC Address, Bridge",3,MTS,Each,Part,In Production,GS//[TBD],Bridge,90-06801A,"Bridge, Type B, Boxed, Lunar Blue",Sienna,1,1,1
08-04-2026,10-004717,Conn Housing RCP 16 POS 2.5mm Crimp ST Cable Mount Natural Nano-Fit™ Bag,1,OTS,Each,Electrical Components,In Production,,9.6 KW Inverter,90-06889C,"Inverter 9.6kW with Cover and Brackets, Boxed, Lunar Blue",Sienna,1,2,0
08-04-2026,10-006288,"Heat Shrink,2:1,38.1 mm ID Pre-Shrink,1 mm THK,UL224,Adhesive Lined",1,OTS,Millimeter,Part,In Production,,Terminal PCBA (TRM),10-06103C,"PCBA, Terminal Board, Type C, Coated",Qualitel,1,22,22
08-04-2026,10-006288,"Heat Shrink,2:1,38.1 mm ID Pre-Shrink,1 mm THK,UL224,Adhesive Lined",1,OTS,Millimeter,Part,In Production,,9.6 KW Inverter,90-06889C,"Inverter 9.6kW with Cover and Brackets, Boxed, Lunar Blue",Sienna,1,22,22
08-04-2026,10-002225,"Bracket Assembly, PCBA, Bridge",13,MTS,Each,Part,In Production,A//JPOND,Bridge,90-06801A,"Bridge, Type B, Boxed, Lunar Blue",Sienna,1,1,1
08-04-2026,WI-000113,"Packaging Instructions, Bridge",4,MTS,Each,Work Instruction,In Production,,Bridge,90-06801A,"Bridge, Type B, Boxed, Lunar Blue",Sienna,1,1,0
08-04-2026,10-004138,"Wire Passthrough and Inductor Housing 2, Inverter Power Module Released",4,MTS,Each,Part,In Production,,9.6 KW Inverter,90-06889C,"Inverter 9.6kW with Cover and Brackets, Boxed, Lunar Blue",Sienna,1,1,0
08-04-2026,10-004826,"Terminal Connector, Ring, M5 Stud, 10-12 AWG, Crimp, Insulated, Yellow",1,OTS,Each,Part,In Production,,9.6 KW Inverter,90-06889C,"Inverter 9.6kW with Cover and Brackets, Boxed, Lunar Blue",Sienna,1,4,0
08-04-2026,10-002959,"Ring Terminal,M5,Sn,18-20WG",1,OTS,Each,Part,In Production,A//Phoenix Contact,Bridge,90-06801A,"Bridge, Type B, Boxed, Lunar Blue",Sienna,1,4,0
08-04-2026,10-003098,Power Transformers Flyback Transformer for LT8316,1,OTS,Each,Electrical Components,In Production,,Terminal PCBA (TRM),10-06103C,"PCBA, Terminal Board, Type C, Coated",Qualitel,1,1,1
08-04-2026,10-003098,Power Transformers Flyback Transformer for LT8316,1,OTS,Each,Electrical Components,In Production,,9.6 KW Inverter,90-06889C,"Inverter 9.6kW with Cover and Brackets, Boxed, Lunar Blue",Sienna,1,1,1
08-04-2026,10-08084A,"Sub-Assy, Home Controller, Lunar 3 Inverter",1,MTS,Each,Assembly,In Planning,,11 KW Inverter,90-08096A,"Lunar 3 Inverter, Boxed",TBD,1,1,0
08-04-2026,10-07888A,"Panel, Side",3,MTS,Each,Part,In Planning,,2.1 LFP Block,90-08373A,"Battery Block with Wall Bracket, LFP, L2.1",Qualitel,4,2,0
08-04-2026,10-06836A,"Full Functional Assy, Bridge, Type B, Lunar Blue",1,MTS,Each,Part,In Production,,Bridge,90-06801A,"Bridge, Type B, Boxed, Lunar Blue",Sienna,1,1,0
08-04-2026,10-001068,CAP CER 2.2UF 25V X7R 0805 AEC-Q,1,OTS,Each,Electrical Components,Sunset - Phase Out,,Power PCBA (IPC),10-06105C,"PCBA, Power Board, Type C, Coated",Qualitel,1,7,7
08-04-2026,10-001068,CAP CER 2.2UF 25V X7R 0805 AEC-Q,1,OTS,Each,Electrical Components,Sunset - Phase Out,,9.6 KW Inverter,90-06889C,"Inverter 9.6kW with Cover and Brackets, Boxed, Lunar Blue",Sienna,1,7,7
08-04-2026,10-005177,"Home Controller, Heat Spreader, Connector Side, D",2,MTS,Each,Assembly,In Production,A//Metcam,9.6 KW Inverter,90-06889C,"Inverter 9.6kW with Cover and Brackets, Boxed, Lunar Blue",Sienna,1,1,1
08-04-2026,10-07407A,"Packaging, W Support, LFP Battery Block with Cover and WB",1,OTS,Each,Part,In Production,A//Veritiv Operating Company,2.0 LFP - EVT with cover,90-06948C,LFP Battery Block with ESS Cover and Wall Bracket,Qualitel,4,8,0
08-04-2026,10-003870,DIODE GEN PURP 800V 3A SMC,1,OTS,Each,Electrical Components,In Production,,PV Hub,90-004034,"Maximizer Hub, Boxed",Sienna,1,1,1
08-04-2026,10-003870,DIODE GEN PURP 800V 3A SMC,1,OTS,Each,Electrical Components,In Production,,11 KW Inverter,90-08096A,"Lunar 3 Inverter, Boxed",TBD,1,3,3
08-04-2026,10-002310,FUSE BRD 3.15A 350VAC 500VDC SMD,1,OTS,Each,Electrical Components,In Production,,PV Hub,90-004034,"Maximizer Hub, Boxed",Sienna,1,1,1
08-04-2026,10-000858,RES SMD 1.2K OHM 0.1% 1/4W 1206 AEC-Q,1,OTS,Each,Electrical Components,In Production,,Terminal PCBA (TRM),10-06103C,"PCBA, Terminal Board, Type C, Coated",Qualitel,1,2,2
08-04-2026,10-000858,RES SMD 1.2K OHM 0.1% 1/4W 1206 AEC-Q,1,OTS,Each,Electrical Components,In Production,,Bridge,90-06801A,"Bridge, Type B, Boxed, Lunar Blue",Sienna,1,4,4
08-04-2026,10-000858,RES SMD 1.2K OHM 0.1% 1/4W 1206 AEC-Q,1,OTS,Each,Electrical Components,In Production,,9.6 KW Inverter,90-06889C,"Inverter 9.6kW with Cover and Brackets, Boxed, Lunar Blue",Sienna,1,2,2
08-04-2026,10-006291,"Kit, Accessories, Maximizer Hub",3,MTS,Each,Part,In Production,GS//SnapnRack,PV Hub,90-004034,"Maximizer Hub, Boxed",Sienna,1,1,1
08-04-2026,10-08027A,"Fan, Wire Harness, Lunar 3 Inverter",2,MTS,Each,Assembly,In Design,GS//TBD,11 KW Inverter,90-08096A,"Lunar 3 Inverter, Boxed",TBD,1,1,1
08-04-2026,10-08050A,"Wire Harness, RSD Switch, Lunar 3 Inverter",1,MTS,Each,Assembly,In Design,GS//TBD,11 KW Inverter,90-08096A,"Lunar 3 Inverter, Boxed",TBD,1,1,1
08-04-2026,10-08077A,"Lunar 3 Inverter Enclosure, Bottom Panel, DVT1",3,MTS,Each,Part,In Design,,11 KW Inverter,90-08096A,"Lunar 3 Inverter, Boxed",TBD,1,1,0
08-04-2026,10-08039A,"Foam Seal, Home Controller, Lunar 3 Inverter",1,MTS,Each,Part,In Design,GS//TBD,11 KW Inverter,90-08096A,"Lunar 3 Inverter, Boxed",TBD,1,1,1
08-04-2026,10-07383B,"PCBA, HE INVERTER, WITH CONFORMAL COAT",1,MTS,Each,Assembly,In Planning,,11 KW Inverter,90-08096A,"Lunar 3 Inverter, Boxed",TBD,1,1,0
08-04-2026,10-08090A,"RSD Switch, Lunar 3 Inverter",1,MTS,Each,Assembly,In Planning,,11 KW Inverter,90-08096A,"Lunar 3 Inverter, Boxed",TBD,1,1,0
08-04-2026,10-08062A,"Wall Hook, Lower, 2mm",1,MTS,Each,Part,In Planning,,2.1 LFP Block,90-08373A,"Battery Block with Wall Bracket, LFP, L2.1",Qualitel,4,2,0
08-04-2026,10-08097A,"HE Inverter Front Door Assembly, Lunar 3",1,MTS,Each,Assembly,In Planning,GS//TBD,11 KW Inverter,90-08096A,"Lunar 3 Inverter, Boxed",TBD,1,1,1
08-04-2026,10-07887A,"Conduit Cover, Inverter, Gen 2",2,MTS,Each,Part,In Planning,GS//TBD,11 KW Inverter,90-08096A,"Lunar 3 Inverter, Boxed",TBD,1,1,1
08-04-2026,LR-000003,"Lunar Packaging, Shipping, and Storage Standards",6,OTS,Each,Lunar Requirement,In Production,,Bridge,90-06801A,"Bridge, Type B, Boxed, Lunar Blue",Sienna,1,1,0
08-04-2026,10-004546,"Label, Serial Number, Inverter",5,MTS,Each,Assembly,In Production,GS//[TBD],9.6 KW Inverter,90-06889C,"Inverter 9.6kW with Cover and Brackets, Boxed, Lunar Blue",Sienna,1,1,1
08-04-2026,10-006877,"FUSE BOARD MOUNT SLOW BLOW 3A 250VAC 2SMD 0.398"" L x 0.123"" W x 0.123"" H",1,OTS,Each,Electrical Components,In Design,,11 KW Inverter,90-08096A,"Lunar 3 Inverter, Boxed",TBD,1,2,2
08-04-2026,10-006905,CAP CER 2.2UF 50V X7R 0805,1,OTS,Each,Electrical Components,In Design,,11 KW Inverter,90-08096A,"Lunar 3 Inverter, Boxed",TBD,1,10,10
08-04-2026,10-07565A,PC cover C,1,OTS,Each,Part,In Production,A//ACE Battery,2.0 LFP - EVT with cover,90-06948C,LFP Battery Block with ESS Cover and Wall Bracket,Qualitel,4,1,0
08-04-2026,10-07565A,PC cover C,1,OTS,Each,Part,In Production,A//ACE Battery,2.0 LFP - EVT without cover,90-07675A,LFP Battery Block with Wall Bracket,Qualitel,4,1,0
08-04-2026,10-07560A,"Screw, M6x10, SEMS, 8.8",1,OTS,Each,Part,In Production,A//ACE Battery,2.0 LFP - EVT with cover,90-06948C,LFP Battery Block with ESS Cover and Wall Bracket,Qualitel,4,1,0
08-04-2026,10-07560A,"Screw, M6x10, SEMS, 8.8",1,OTS,Each,Part,In Production,A//ACE Battery,2.0 LFP - EVT without cover,90-07675A,LFP Battery Block with Wall Bracket,Qualitel,4,1,0
08-04-2026,10-07560A,"Screw, M6x10, SEMS, 8.8",1,OTS,Each,Part,In Production,A//ACE Battery,2.1 LFP Block,90-08373A,"Battery Block with Wall Bracket, LFP, L2.1",Qualitel,4,5,0
08-04-2026,90-001223,"20kWh Hardware Kit, Lunar Blue",7,MTS,Each,Top Level Assembly,In Production,,HW Kit,90-001223,"20kWh Hardware Kit, Lunar Blue",Sienna,1,1,0
08-04-2026,10-000619,RES 1M OHM 5% 1/16W 0402 AEC-Q,1,OTS,Each,Electrical Components,In Production,,Terminal PCBA (TRM),10-06103C,"PCBA, Terminal Board, Type C, Coated",Qualitel,1,6,6
08-04-2026,10-000619,RES 1M OHM 5% 1/16W 0402 AEC-Q,1,OTS,Each,Electrical Components,In Production,,MSAC,90-06700A,"MSA Controller, Boxed",Qualitel,1,2,2
08-04-2026,10-000619,RES 1M OHM 5% 1/16W 0402 AEC-Q,1,OTS,Each,Electrical Components,In Production,,Bridge,90-06801A,"Bridge, Type B, Boxed, Lunar Blue",Sienna,1,4,4
08-04-2026,10-000619,RES 1M OHM 5% 1/16W 0402 AEC-Q,1,OTS,Each,Electrical Components,In Production,,9.6 KW Inverter,90-06889C,"Inverter 9.6kW with Cover and Brackets, Boxed, Lunar Blue",Sienna,1,6,6
08-04-2026,10-006846,IC REG LIN POS ADJ 100MA 8-SOIC,1,OTS,Each,Electrical Components,In Design,,11 KW Inverter,90-08096A,"Lunar 3 Inverter, Boxed",TBD,1,1,1
08-04-2026,10-07328A,"Galvanized Steel, ASTM A653 CS Type B G90",1,OTS,Gram,Part,In Production,,2.0 LFP - EVT with cover,90-06948C,LFP Battery Block with ESS Cover and Wall Bracket,Qualitel,4,1300,0
08-04-2026,10-07328A,"Galvanized Steel, ASTM A653 CS Type B G90",1,OTS,Gram,Part,In Production,,2.0 LFP - EVT without cover,90-07675A,LFP Battery Block with Wall Bracket,Qualitel,4,1300,0
08-04-2026,10-006197,CAP FILM 5UF 10% 500VDC RADIAL,1,OTS,Each,Electrical Components,In Design,,11 KW Inverter,90-08096A,"Lunar 3 Inverter, Boxed",TBD,1,8,8
08-04-2026,10-003960,"Rivet, Flat Head, Stainless Steel, 4mm D, 3.5mm L",1,OTS,Each,Part,In Production,,2.0 LFP - EVT with cover,90-06948C,LFP Battery Block with ESS Cover and Wall Bracket,Qualitel,4,12,0
08-04-2026,10-003960,"Rivet, Flat Head, Stainless Steel, 4mm D, 3.5mm L",1,OTS,Each,Part,In Production,,2.0 LFP - EVT without cover,90-07675A,LFP Battery Block with Wall Bracket,Qualitel,4,12,0
08-04-2026,10-003960,"Rivet, Flat Head, Stainless Steel, 4mm D, 3.5mm L",1,OTS,Each,Part,In Production,,2.1 LFP Block,90-08373A,"Battery Block with Wall Bracket, LFP, L2.1",Qualitel,4,12,0
08-04-2026,10-07150A,"Assy, Fan with Shrouds, LFP",1,MTS,Each,Part,In Production,,2.0 LFP - EVT with cover,90-06948C,LFP Battery Block with ESS Cover and Wall Bracket,Qualitel,4,1,0
08-04-2026,10-07150A,"Assy, Fan with Shrouds, LFP",1,MTS,Each,Part,In Production,,2.0 LFP - EVT without cover,90-07675A,LFP Battery Block with Wall Bracket,Qualitel,4,1,0
08-04-2026,10-006749,CAP FILM 5UF 5% 700VDC RADIAL,1,OTS,Each,Electrical Components,In Design,,11 KW Inverter,90-08096A,"Lunar 3 Inverter, Boxed",TBD,1,4,4
08-04-2026,10-006735,RES SMD 22.6K OHM 1% 1/10W 0603,1,OTS,Each,Electrical Components,In Design,,11 KW Inverter,90-08096A,"Lunar 3 Inverter, Boxed",TBD,1,2,2
08-04-2026,10-001217,IC PSRAM 8MB FLASH SMD,1,OTS,Each,Electrical Components,Sunset - EOL,,PV Hub,90-004034,"Maximizer Hub, Boxed",Sienna,1,1,1
08-04-2026,10-001217,IC PSRAM 8MB FLASH SMD,1,OTS,Each,Electrical Components,Sunset - EOL,,MSAC,90-06700A,"MSA Controller, Boxed",Qualitel,1,1,1
08-04-2026,10-001217,IC PSRAM 8MB FLASH SMD,1,OTS,Each,Electrical Components,Sunset - EOL,,Bridge,90-06801A,"Bridge, Type B, Boxed, Lunar Blue",Sienna,1,1,1
08-04-2026,10-001217,IC PSRAM 8MB FLASH SMD,1,OTS,Each,Electrical Components,Sunset - EOL,,Maximizer Box,90-06831D,"Maximizer, Boxed",Sienna,1,20,20
08-04-2026,10-06708C,"Power Module Terminal and Cover Assembly, Type C",2,MTS,Each,Part,In Production,,9.6 KW Inverter,90-06889C,"Inverter 9.6kW with Cover and Brackets, Boxed, Lunar Blue",Sienna,1,1,0
08-04-2026,10-001716,CAP CER 10NF 25V X7R 0402,1,OTS,Each,Electrical Components,In Production,,2.0 LFP - EVT with cover,90-06948C,LFP Battery Block with ESS Cover and Wall Bracket,Qualitel,4,20,20
08-04-2026,10-001716,CAP CER 10NF 25V X7R 0402,1,OTS,Each,Electrical Components,In Production,,2.0 LFP - EVT without cover,90-07675A,LFP Battery Block with Wall Bracket,Qualitel,4,20,0
08-04-2026,10-001716,CAP CER 10NF 25V X7R 0402,1,OTS,Each,Electrical Components,In Production,,11 KW Inverter,90-08096A,"Lunar 3 Inverter, Boxed",TBD,1,18,18
08-04-2026,10-001716,CAP CER 10NF 25V X7R 0402,1,OTS,Each,Electrical Components,In Production,,2.1 LFP Block,90-08373A,"Battery Block with Wall Bracket, LFP, L2.1",Qualitel,4,21,21
08-04-2026,10-06790A,"ESS Bottom Cover, Even, Lunar Blue",4,MTS,Each,Part,In Production,A//JPOND,HW Kit,90-001223,"20kWh Hardware Kit, Lunar Blue",Sienna,1,1,0
08-04-2026,10-06790A,"ESS Bottom Cover, Even, Lunar Blue",4,MTS,Each,Part,In Production,A//JPOND,LFP HW Kit,90-07290A,20kWh LFP ESS Hardware Kit,Sienna,1,1,0
08-04-2026,10-004509,Battery Aesthetic Cover Front Lunar Blue,8,MTS,Each,Part,In Production,A//JPOND,2.0 LFP - EVT with cover,90-06948C,LFP Battery Block with ESS Cover and Wall Bracket,Qualitel,4,1,1
08-04-2026,10-001007,RES 10 OHM 1% 1/16W 0402,1,OTS,Each,Electrical Components,In Production,,Terminal PCBA (TRM),10-06103C,"PCBA, Terminal Board, Type C, Coated",Qualitel,1,1,1
08-04-2026,10-001007,RES 10 OHM 1% 1/16W 0402,1,OTS,Each,Electrical Components,In Production,,9.6 KW Inverter,90-06889C,"Inverter 9.6kW with Cover and Brackets, Boxed, Lunar Blue",Sienna,1,1,1
08-04-2026,10-001007,RES 10 OHM 1% 1/16W 0402,1,OTS,Each,Electrical Components,In Production,,11 KW Inverter,90-08096A,"Lunar 3 Inverter, Boxed",TBD,1,23,23
08-04-2026,10-005031,Cap Ceramic 100pF 50V C0G 1% Pad SMD 0603 125°C Medical T/R,1,OTS,Each,Electrical Components,In Production,,Maximizer Box,90-06831D,"Maximizer, Boxed",Sienna,1,40,40
08-04-2026,10-004919,CAP FILM 15UF 5% 700VDC RADIAL,1,OTS,Each,Electrical Components,Sunset - Phase Out,,PV Hub,90-004034,"Maximizer Hub, Boxed",Sienna,1,2,2
08-04-2026,10-004824,"O-Strip Tubing, 2.9mm OD x 1.6mm hollow x 275mm length",3,MTS,Each,Part,In Production,A//Laird-Signal Integrity Products,9.6 KW Inverter,90-06889C,"Inverter 9.6kW with Cover and Brackets, Boxed, Lunar Blue",Sienna,1,1,1
08-04-2026,10-004178,RES SMD 220 OHM 1% 1/16W 0402,1,OTS,Each,Electrical Components,In Production,,Max 2.0 PCBA,30-07320F,Maximizer 2.0 PCBA,TBD,20,5,5
08-04-2026,10-004178,RES SMD 220 OHM 1% 1/16W 0402,1,OTS,Each,Electrical Components,In Production,,Link,30-07519A,Lunar Link PCBA,Sienna,1,2,2
08-04-2026,10-004178,RES SMD 220 OHM 1% 1/16W 0402,1,OTS,Each,Electrical Components,In Production,,PV Hub,90-004034,"Maximizer Hub, Boxed",Sienna,1,4,4
08-04-2026,10-004178,RES SMD 220 OHM 1% 1/16W 0402,1,OTS,Each,Electrical Components,In Production,,11 KW Inverter,90-08096A,"Lunar 3 Inverter, Boxed",TBD,1,2,2
08-04-2026,10-003978,"Wire Harness,Inverter Exterior,LED/Motion,Pre Mold",1,MTS,Each,Part,In Production,A//Avalon,9.6 KW Inverter,90-06889C,"Inverter 9.6kW with Cover and Brackets, Boxed, Lunar Blue",Sienna,1,1,1
08-04-2026,10-003469,RES SMD 12 OHM 1% 1/3W 0603 AEC-Q,1,OTS,Each,Electrical Components,In Production,,Maximizer Box,90-06831D,"Maximizer, Boxed",Sienna,1,40,40
08-04-2026,10-003188,RES 0.5 OHM 1% 2W 2512 AEC-Q,2,OTS,Each,Electrical Components,Sunset - Phase Out,,Terminal PCBA (TRM),10-06103C,"PCBA, Terminal Board, Type C, Coated",Qualitel,1,1,1
08-04-2026,10-003188,RES 0.5 OHM 1% 2W 2512 AEC-Q,2,OTS,Each,Electrical Components,Sunset - Phase Out,,Bridge,90-06801A,"Bridge, Type B, Boxed, Lunar Blue",Sienna,1,1,1
08-04-2026,10-003188,RES 0.5 OHM 1% 2W 2512 AEC-Q,2,OTS,Each,Electrical Components,Sunset - Phase Out,,9.6 KW Inverter,90-06889C,"Inverter 9.6kW with Cover and Brackets, Boxed, Lunar Blue",Sienna,1,1,1
08-04-2026,10-003723,"Jumper, Inverter, RRSID",1,OTS,Each,Part,In Production,A//Phoenix Contact,9.6 KW Inverter,90-06889C,"Inverter 9.6kW with Cover and Brackets, Boxed, Lunar Blue",Sienna,1,1,1
08-04-2026,10-003600,"Label, Service Disconnect, Bridge",1,MTS,Each,Part,In Production,A//Boyd Corporation,Bridge,90-06801A,"Bridge, Type B, Boxed, Lunar Blue",Sienna,1,1,1
08-04-2026,10-002691,"Plate, Thermal Break, PCBA, Bridge",7,MTS,Each,Part,In Production,A//Seal Methods Inc.,Bridge,90-06801A,"Bridge, Type B, Boxed, Lunar Blue",Sienna,1,1,1
08-04-2026,10-006677,CAP CER 3.3UF 25V X7R 0805 AEC-Q,1,OTS,Each,Electrical Components,Sunset - Phase Out,,11 KW Inverter,90-08096A,"Lunar 3 Inverter, Boxed",TBD,1,9,9
08-04-2026,10-003802,MicroTPA 2.0 WTB RETAINER 4CKT,1,OTS,Each,Part,In Production,,Bridge,90-06801A,"Bridge, Type B, Boxed, Lunar Blue",Sienna,1,1,0
08-04-2026,10-001853,IC REG LIN 3.3V 400MA 8DSO E-PAD AEC-Q,1,OTS,Each,Electrical Components,In Production,,9.6 KW Inverter,90-06889C,"Inverter 9.6kW with Cover and Brackets, Boxed, Lunar Blue",Sienna,1,1,1
08-04-2026,10-003375,CONN HEADER SMD 8POS 2.5MM,1,OTS,Each,Electrical Components,In Production,,Terminal PCBA (TRM),10-06103C,"PCBA, Terminal Board, Type C, Coated",Qualitel,1,1,1
08-04-2026,10-003375,CONN HEADER SMD 8POS 2.5MM,1,OTS,Each,Electrical Components,In Production,,9.6 KW Inverter,90-06889C,"Inverter 9.6kW with Cover and Brackets, Boxed, Lunar Blue",Sienna,1,1,1
08-04-2026,10-002984,CONN HEADER SMD 3POS 2.5MM,1,OTS,Each,Electrical Components,In Production,,Terminal PCBA (TRM),10-06103C,"PCBA, Terminal Board, Type C, Coated",Qualitel,1,1,1
08-04-2026,10-002984,CONN HEADER SMD 3POS 2.5MM,1,OTS,Each,Electrical Components,In Production,,9.6 KW Inverter,90-06889C,"Inverter 9.6kW with Cover and Brackets, Boxed, Lunar Blue",Sienna,1,1,1
08-04-2026,10-004356,"Rivet, Breakstem, Steel, 3/16 in, 1.6-3.2 mm Thickness",1,OTS,Each,Part,In Production,"A//Stanley Engineered Fastening, A//Bossard, Inc.",Bridge,90-06801A,"Bridge, Type B, Boxed, Lunar Blue",Sienna,1,6,0
08-04-2026,10-002464,IC TRANSCEIVER FULL 1/1 48TQFP,1,OTS,Each,Electrical Components,In Production,,9.6 KW Inverter,90-06889C,"Inverter 9.6kW with Cover and Brackets, Boxed, Lunar Blue",Sienna,1,1,1
08-04-2026,10-002607,TVS DIODE 12VWM 19.9VC SOD123F,1,OTS,Each,Electrical Components,In Production,,9.6 KW Inverter,90-06889C,"Inverter 9.6kW with Cover and Brackets, Boxed, Lunar Blue",Sienna,1,1,1
08-04-2026,10-005071,"Heatshrink, 2:1 WHT, 600V, 9.5ID Supplied 4.7ID Recovered",1,OTS,Millimeter,Part,In Production,,9.6 KW Inverter,90-06889C,"Inverter 9.6kW with Cover and Brackets, Boxed, Lunar Blue",Sienna,1,40,0
08-04-2026,10-005226,IC Isolated Single-Channel Gate Driver With Split Outputs,1,OTS,Each,Electrical Components,In Production,,2.0 LFP - EVT with cover,90-06948C,LFP Battery Block with ESS Cover and Wall Bracket,Qualitel,4,1,1
08-04-2026,10-005226,IC Isolated Single-Channel Gate Driver With Split Outputs,1,OTS,Each,Electrical Components,In Production,,2.0 LFP - EVT without cover,90-07675A,LFP Battery Block with Wall Bracket,Qualitel,4,1,0
08-04-2026,10-005226,IC Isolated Single-Channel Gate Driver With Split Outputs,1,OTS,Each,Electrical Components,In Production,,2.1 LFP Block,90-08373A,"Battery Block with Wall Bracket, LFP, L2.1",Qualitel,4,1,1
08-04-2026,10-002916,FIXED IND 3.3UH 6A 19.2MOHM SMD AEC-Q,1,OTS,Each,Electrical Components,In Production,,Terminal PCBA (TRM),10-06103C,"PCBA, Terminal Board, Type C, Coated",Qualitel,1,2,2
08-04-2026,10-002916,FIXED IND 3.3UH 6A 19.2MOHM SMD AEC-Q,1,OTS,Each,Electrical Components,In Production,,Bridge,90-06801A,"Bridge, Type B, Boxed, Lunar Blue",Sienna,1,1,1
08-04-2026,10-002916,FIXED IND 3.3UH 6A 19.2MOHM SMD AEC-Q,1,OTS,Each,Electrical Components,In Production,,9.6 KW Inverter,90-06889C,"Inverter 9.6kW with Cover and Brackets, Boxed, Lunar Blue",Sienna,1,2,2
08-04-2026,10-001323,IC REG LINEAR 3.3V 450MA 5TSOP AEC-Q,1,OTS,Each,Electrical Components,In Production,,Terminal PCBA (TRM),10-06103C,"PCBA, Terminal Board, Type C, Coated",Qualitel,1,1,1
08-04-2026,10-001323,IC REG LINEAR 3.3V 450MA 5TSOP AEC-Q,1,OTS,Each,Electrical Components,In Production,,Power PCBA (IPC),10-06105C,"PCBA, Power Board, Type C, Coated",Qualitel,1,1,1
08-04-2026,10-001323,IC REG LINEAR 3.3V 450MA 5TSOP AEC-Q,1,OTS,Each,Electrical Components,In Production,,9.6 KW Inverter,90-06889C,"Inverter 9.6kW with Cover and Brackets, Boxed, Lunar Blue",Sienna,1,2,2
08-04-2026,10-001323,IC REG LINEAR 3.3V 450MA 5TSOP AEC-Q,1,OTS,Each,Electrical Components,In Production,,11 KW Inverter,90-08096A,"Lunar 3 Inverter, Boxed",TBD,1,1,1
08-04-2026,10-003341,"Wire, 16AWG, Stranded Conductor, UL1015, Blk",1,OTS,Each,Part,In Production,,PV Hub,90-004034,"Maximizer Hub, Boxed",Sienna,1,1,0
08-04-2026,PS-000020,"Powder Coat, Black, Class C",4,OTS,Each,Product Specification,In Production,,Bridge,90-06801A,"Bridge, Type B, Boxed, Lunar Blue",Sienna,1,2,0
08-04-2026,10-003847,"Nano-Fit Receptacle Housing, TPA Capable, 2.50mm Pitch, Single Row, 6 Circuits, Black",1,OTS,Each,Part,In Production,,Bridge,90-06801A,"Bridge, Type B, Boxed, Lunar Blue",Sienna,1,1,0
08-04-2026,10-003799,MicroTPA CONN HEADER VERT 4POS 2MM,1,OTS,Each,Part,In Production,A//Molex,Bridge,90-06801A,"Bridge, Type B, Boxed, Lunar Blue",Sienna,1,1,0
08-04-2026,10-004601,"Label, Branch Circuits, Inner Panel, Left, Bridge",1,MTS,Each,Part,In Production,A//Boyd Corporation,Bridge,90-06801A,"Bridge, Type B, Boxed, Lunar Blue",Sienna,1,1,1
08-04-2026,10-002148,FERRITE BEAD 80 OHM 1206 1LN,1,OTS,Each,Electrical Components,In Production,,Terminal PCBA (TRM),10-06103C,"PCBA, Terminal Board, Type C, Coated",Qualitel,1,2,2
08-04-2026,10-002148,FERRITE BEAD 80 OHM 1206 1LN,1,OTS,Each,Electrical Components,In Production,,Bridge,90-06801A,"Bridge, Type B, Boxed, Lunar Blue",Sienna,1,4,4
08-04-2026,10-002148,FERRITE BEAD 80 OHM 1206 1LN,1,OTS,Each,Electrical Components,In Production,,9.6 KW Inverter,90-06889C,"Inverter 9.6kW with Cover and Brackets, Boxed, Lunar Blue",Sienna,1,2,2
08-04-2026,10-002148,FERRITE BEAD 80 OHM 1206 1LN,1,OTS,Each,Electrical Components,In Production,,11 KW Inverter,90-08096A,"Lunar 3 Inverter, Boxed",TBD,1,4,4
08-04-2026,10-001981,IC REG LINEAR 3.3V 300MA SOT23-5,1,OTS,Each,Electrical Components,In Production,,Terminal PCBA (TRM),10-06103C,"PCBA, Terminal Board, Type C, Coated",Qualitel,1,1,1
08-04-2026,10-001981,IC REG LINEAR 3.3V 300MA SOT23-5,1,OTS,Each,Electrical Components,In Production,,Link,30-07519A,Lunar Link PCBA,Sienna,1,1,1
08-04-2026,10-001981,IC REG LINEAR 3.3V 300MA SOT23-5,1,OTS,Each,Electrical Components,In Production,,Bridge,90-06801A,"Bridge, Type B, Boxed, Lunar Blue",Sienna,1,2,2
08-04-2026,10-001981,IC REG LINEAR 3.3V 300MA SOT23-5,1,OTS,Each,Electrical Components,In Production,,9.6 KW Inverter,90-06889C,"Inverter 9.6kW with Cover and Brackets, Boxed, Lunar Blue",Sienna,1,1,1
08-04-2026,10-003838,"Connector, Socket, WAGO, 6 POS, SMT",2,OTS,Each,Electrical Components,In Production,,Link,30-07519A,Lunar Link PCBA,Sienna,1,1,1
08-04-2026,10-003838,"Connector, Socket, WAGO, 6 POS, SMT",2,OTS,Each,Electrical Components,In Production,,Bridge,90-06801A,"Bridge, Type B, Boxed, Lunar Blue",Sienna,1,1,1
08-04-2026,10-003733,CMC 11MH 900MA 2LN TH,1,OTS,Each,Electrical Components,In Production,,Bridge,90-06801A,"Bridge, Type B, Boxed, Lunar Blue",Sienna,1,2,2
08-04-2026,10-000688,"Switching Regulator, Current-mode, 0.7A, 2080kHz Switching Freq-Max, NMOS, PDSO5",1,OTS,Each,Electrical Components,In Production,,Terminal PCBA (TRM),10-06103C,"PCBA, Terminal Board, Type C, Coated",Qualitel,1,1,1
08-04-2026,10-000688,"Switching Regulator, Current-mode, 0.7A, 2080kHz Switching Freq-Max, NMOS, PDSO5",1,OTS,Each,Electrical Components,In Production,,PV Hub,90-004034,"Maximizer Hub, Boxed",Sienna,1,1,1
08-04-2026,10-000688,"Switching Regulator, Current-mode, 0.7A, 2080kHz Switching Freq-Max, NMOS, PDSO5",1,OTS,Each,Electrical Components,In Production,,Bridge,90-06801A,"Bridge, Type B, Boxed, Lunar Blue",Sienna,1,1,1
08-04-2026,10-000688,"Switching Regulator, Current-mode, 0.7A, 2080kHz Switching Freq-Max, NMOS, PDSO5",1,OTS,Each,Electrical Components,In Production,,9.6 KW Inverter,90-06889C,"Inverter 9.6kW with Cover and Brackets, Boxed, Lunar Blue",Sienna,1,1,1
08-04-2026,10-004738,"Nano-Fit TPA Retainer, 2.50mm Pitch, 8 Circuits, Natural",1,OTS,Each,Part,In Production,,9.6 KW Inverter,90-06889C,"Inverter 9.6kW with Cover and Brackets, Boxed, Lunar Blue",Sienna,1,4,0
08-04-2026,10-003666,"Wire,14 AWG,41/30,UL 758 Style 1569,Green",1,OTS,Millimeter,Part,In Production,"A//3Q WIRE & CABLE CO.,LTD",HW Kit,90-001223,"20kWh Hardware Kit, Lunar Blue",Sienna,1,2400,0
08-04-2026,10-003666,"Wire,14 AWG,41/30,UL 758 Style 1569,Green",1,OTS,Millimeter,Part,In Production,"A//3Q WIRE & CABLE CO.,LTD",9.6 KW Inverter,90-06889C,"Inverter 9.6kW with Cover and Brackets, Boxed, Lunar Blue",Sienna,1,250,0
08-04-2026,10-003666,"Wire,14 AWG,41/30,UL 758 Style 1569,Green",1,OTS,Millimeter,Part,In Production,"A//3Q WIRE & CABLE CO.,LTD",LFP HW Kit,90-07290A,20kWh LFP ESS Hardware Kit,Sienna,1,2400,0
08-04-2026,10-005460,CAP CER 15PF 50V C0G/NP0 0402,1,OTS,Each,Electrical Components,In Design,,2.1 LFP Block,90-08373A,"Battery Block with Wall Bracket, LFP, L2.1",Qualitel,4,6,6
08-04-2026,10-005290,"Closed-Cell Foam, EPDM/CR/SBR Blend, 50 Shore OO, UL94 HF-1",1,OTS,Gram,Part,In Production,,9.6 KW Inverter,90-06889C,"Inverter 9.6kW with Cover and Brackets, Boxed, Lunar Blue",Sienna,1,10,0
08-04-2026,10-002967,"Wire, 20 AWG, 21/0.178 Strand, UL1007, Tinned, Grn",2,OTS,Millimeter,Part,In Production,,Bridge,90-06801A,"Bridge, Type B, Boxed, Lunar Blue",Sienna,1,339,0
08-04-2026,10-002967,"Wire, 20 AWG, 21/0.178 Strand, UL1007, Tinned, Grn",2,OTS,Millimeter,Part,In Production,,9.6 KW Inverter,90-06889C,"Inverter 9.6kW with Cover and Brackets, Boxed, Lunar Blue",Sienna,1,300,0
08-04-2026,10-004709,"Mini-Fit Sr. Crimp Terminal, Female, 10-12 AWG, Gold (Au)",1,OTS,Each,Part,In Production,,9.6 KW Inverter,90-06889C,"Inverter 9.6kW with Cover and Brackets, Boxed, Lunar Blue",Sienna,1,4,0
08-04-2026,10-001891,"CONTACT, FEMALE, MX150L, 14-26AWG, Cu ALLOY, Sn PLT",1,OTS,Each,Part,In Production,,HW Kit,90-001223,"20kWh Hardware Kit, Lunar Blue",Sienna,1,11,0
08-04-2026,10-001891,"CONTACT, FEMALE, MX150L, 14-26AWG, Cu ALLOY, Sn PLT",1,OTS,Each,Part,In Production,,LFP HW Kit,90-07290A,20kWh LFP ESS Hardware Kit,Sienna,1,11,0
08-04-2026,10-004860,"VersaBlade Terminal Position Assurance (TPA) Retainer, 1 Circuit, Natural",1,OTS,Each,Part,In Production,,9.6 KW Inverter,90-06889C,"Inverter 9.6kW with Cover and Brackets, Boxed, Lunar Blue",Sienna,1,2,0
08-04-2026,10-003910,"Pop Rivet, Standard Countersink Head, Stainless Steel, 3mm",1,OTS,Each,Part,In Production,"A//Bossard, Inc.",9.6 KW Inverter,90-06889C,"Inverter 9.6kW with Cover and Brackets, Boxed, Lunar Blue",Sienna,1,4,0
08-04-2026,10-005876,"Bolt, Serrated Flange, 5/16IN-18 X 1IN, SS",1,OTS,Each,Part,In Production,A//SnapNrack Solar Mounting Solutions,PV Hub,90-004034,"Maximizer Hub, Boxed",Sienna,1,1,0
08-04-2026,10-006412,RES SMD 12K OHM 1% 1/16W 0402,1,OTS,Each,Electrical Components,In Production,,11 KW Inverter,90-08096A,"Lunar 3 Inverter, Boxed",TBD,1,1,1
08-04-2026,10-005150,"Inductor Module 2 Assy, Inverter Power Module, D",4,MTS,Each,Part,In Production,,9.6 KW Inverter,90-06889C,"Inverter 9.6kW with Cover and Brackets, Boxed, Lunar Blue",Sienna,1,1,0
08-04-2026,10-006252,"Connector, Spade, 22 – 16 AWG, #4 Stud ,Tin, Partially Insulated",1,OTS,Each,Part,In Production,,9.6 KW Inverter,90-06889C,"Inverter 9.6kW with Cover and Brackets, Boxed, Lunar Blue",Sienna,1,2,0
08-04-2026,PS-000023,"Paint, Charcoal Suede",2,MTS,Each,Product Specification,In Production,P//JPOND,HW Kit,90-001223,"20kWh Hardware Kit, Lunar Blue",Sienna,1,2,0
08-04-2026,PS-000023,"Paint, Charcoal Suede",2,MTS,Each,Product Specification,In Production,P//JPOND,9.6 KW Inverter,90-06889C,"Inverter 9.6kW with Cover and Brackets, Boxed, Lunar Blue",Sienna,1,17,0
08-04-2026,PS-000023,"Paint, Charcoal Suede",2,MTS,Each,Product Specification,In Production,P//JPOND,2.0 LFP - EVT with cover,90-06948C,LFP Battery Block with ESS Cover and Wall Bracket,Qualitel,4,3,0
08-04-2026,PS-000023,"Paint, Charcoal Suede",2,MTS,Each,Product Specification,In Production,P//JPOND,LFP HW Kit,90-07290A,20kWh LFP ESS Hardware Kit,Sienna,1,2,0
08-04-2026,10-001702,RES 1M OHM 1% 1/10W 0603 AEC-Q,1,OTS,Each,Electrical Components,In Production,,Maximizer Box,90-06831D,"Maximizer, Boxed",Sienna,1,200,200
08-04-2026,10-001702,RES 1M OHM 1% 1/10W 0603 AEC-Q,1,OTS,Each,Electrical Components,In Production,,2.0 LFP - EVT with cover,90-06948C,LFP Battery Block with ESS Cover and Wall Bracket,Qualitel,4,2,2
08-04-2026,10-001702,RES 1M OHM 1% 1/10W 0603 AEC-Q,1,OTS,Each,Electrical Components,In Production,,2.0 LFP - EVT without cover,90-07675A,LFP Battery Block with Wall Bracket,Qualitel,4,2,0
08-04-2026,10-001374,GANFET N-CH 80V 90A DIE AEC-Q,1,OTS,Each,Electrical Components,In Production,,Maximizer Box,90-06831D,"Maximizer, Boxed",Sienna,1,80,80
08-04-2026,10-000759,"Free Height, PCB Mount Receptacle, Vertical, Board-to-Board, 40 Position, .8mm [.031in] Centerline,",1,OTS,Each,Electrical Components,In Production,,Bridge,90-06801A,"Bridge, Type B, Boxed, Lunar Blue",Sienna,1,1,1
08-04-2026,10-003834,CRYSTAL 12.0000MHZ 8PF SMD,1,OTS,Each,Electrical Components,In Production,,Terminal PCBA (TRM),10-06103C,"PCBA, Terminal Board, Type C, Coated",Qualitel,1,1,1
08-04-2026,10-003834,CRYSTAL 12.0000MHZ 8PF SMD,1,OTS,Each,Electrical Components,In Production,,Power PCBA (IPC),10-06105C,"PCBA, Power Board, Type C, Coated",Qualitel,1,1,1
08-04-2026,10-003834,CRYSTAL 12.0000MHZ 8PF SMD,1,OTS,Each,Electrical Components,In Production,,MSAC,90-06700A,"MSA Controller, Boxed",Qualitel,1,1,1
08-04-2026,10-003834,CRYSTAL 12.0000MHZ 8PF SMD,1,OTS,Each,Electrical Components,In Production,,Bridge,90-06801A,"Bridge, Type B, Boxed, Lunar Blue",Sienna,1,1,1
08-04-2026,10-003834,CRYSTAL 12.0000MHZ 8PF SMD,1,OTS,Each,Electrical Components,In Production,,9.6 KW Inverter,90-06889C,"Inverter 9.6kW with Cover and Brackets, Boxed, Lunar Blue",Sienna,1,2,2
08-04-2026,10-002937,IC VREF SHUNT ADJ 0.4% 8SO,1,OTS,Each,Electrical Components,In Production,,Terminal PCBA (TRM),10-06103C,"PCBA, Terminal Board, Type C, Coated",Qualitel,1,1,1
08-04-2026,10-002937,IC VREF SHUNT ADJ 0.4% 8SO,1,OTS,Each,Electrical Components,In Production,,Bridge,90-06801A,"Bridge, Type B, Boxed, Lunar Blue",Sienna,1,1,1
08-04-2026,10-002937,IC VREF SHUNT ADJ 0.4% 8SO,1,OTS,Each,Electrical Components,In Production,,9.6 KW Inverter,90-06889C,"Inverter 9.6kW with Cover and Brackets, Boxed, Lunar Blue",Sienna,1,1,1
08-04-2026,10-002775,IC DRVR TRANSFORMER 8-SOIC,1,OTS,Each,Electrical Components,In Production,,Bridge,90-06801A,"Bridge, Type B, Boxed, Lunar Blue",Sienna,1,3,3
08-04-2026,10-000606,TVS DIODE 16VWM 26VC SMA,1,OTS,Each,Electrical Components,In Production,,MSAC,90-06700A,"MSA Controller, Boxed",Qualitel,1,1,1
08-04-2026,10-000606,TVS DIODE 16VWM 26VC SMA,1,OTS,Each,Electrical Components,In Production,,Bridge,90-06801A,"Bridge, Type B, Boxed, Lunar Blue",Sienna,1,1,1
08-04-2026,10-005834,Rectifier Diode Small Signal Switching 85V 0.215A 3000ns 2-Pin SOD-323 T/R,01,OTS,Each,Electrical Components,In Production,,Terminal PCBA (TRM),10-06103C,"PCBA, Terminal Board, Type C, Coated",Qualitel,1,4,4
08-04-2026,10-005834,Rectifier Diode Small Signal Switching 85V 0.215A 3000ns 2-Pin SOD-323 T/R,01,OTS,Each,Electrical Components,In Production,,9.6 KW Inverter,90-06889C,"Inverter 9.6kW with Cover and Brackets, Boxed, Lunar Blue",Sienna,1,4,4
08-04-2026,30-05002C,"PCBA, Power Board, Type C",4,MTS,Each,Part,In Production,,Power PCBA (IPC),10-06105C,"PCBA, Power Board, Type C, Coated",Qualitel,1,1,0
08-04-2026,30-05002C,"PCBA, Power Board, Type C",4,MTS,Each,Part,In Production,,9.6 KW Inverter,90-06889C,"Inverter 9.6kW with Cover and Brackets, Boxed, Lunar Blue",Sienna,1,1,0
08-04-2026,10-08448A,"Bolt, 5/16IN-18 X 1 1/2IN, HSC, SS",1,OTS,Each,Part,In Production,A//SnapNrack Solar Mounting Solutions,PV Hub,90-004034,"Maximizer Hub, Boxed",Sienna,1,1,0
08-04-2026,10-07842A,"HE Inverter Front Door Closure Spring Right Assembly, Lunar 3",4,MTS,Each,Assembly,In Design,,11 KW Inverter,90-08096A,"Lunar 3 Inverter, Boxed",TBD,1,1,0
08-04-2026,10-07759B,"Heatsink, 11kW Inverter",1,MTS,Each,Assembly,In Design,A//Boyd Corporation,11 KW Inverter,90-08096A,"Lunar 3 Inverter, Boxed",TBD,1,1,1
08-04-2026,10-007020,RES 63.4K OHM 1% 1/16W 0402,1,OTS,Each,Electrical Components,In Production,,Link,30-07519A,Lunar Link PCBA,Sienna,1,1,1
08-04-2026,10-08335A,CCA Positive Side L2.1,1,OTS,Each,Part,In Design,A//CelLink Corporation,2.1 LFP Block,90-08373A,"Battery Block with Wall Bracket, LFP, L2.1",Qualitel,4,1,1
08-04-2026,10-08145A,Busbar Sleeve Pos CA 2.1,1,MTS,Each,Part,In Design,,2.1 LFP Block,90-08373A,"Battery Block with Wall Bracket, LFP, L2.1",Qualitel,4,1,0
08-04-2026,10-08134A,Nest Base Center w/out Nuts CA 2.1,1,MTS,Each,Part,In Design,,2.1 LFP Block,90-08373A,"Battery Block with Wall Bracket, LFP, L2.1",Qualitel,4,1,0
08-04-2026,10-07999A,"Spring Pin, Slotted, M4 X 20, 420 SS",1,OTS,Each,Part,In Design,,11 KW Inverter,90-08096A,"Lunar 3 Inverter, Boxed",TBD,1,4,0
08-04-2026,10-08098A,"Packaging, Lunar 3 Inverter With Wall Bracket",1,MTS,Each,Part,In Planning,,11 KW Inverter,90-08096A,"Lunar 3 Inverter, Boxed",TBD,1,1,0
08-04-2026,20-07321E,Maximizer 2.0 PCB,1,MTS,Each,PCB,In Design,,Max 2.0 PCBA,30-07320F,Maximizer 2.0 PCBA,TBD,20,1,0
08-04-2026,10-07899A,Side panel SA,1,MTS,Each,Assembly,In Design,,2.1 LFP Block,90-08373A,"Battery Block with Wall Bracket, LFP, L2.1",Qualitel,4,4,0
08-04-2026,10-07852A,"HOOK, RIGHT, INVERTER, HE",2,MTS,Each,Part,In Planning,GS//TBD,11 KW Inverter,90-08096A,"Lunar 3 Inverter, Boxed",TBD,1,1,1
08-04-2026,10-07974A,RES 0.068 OHM 1% 1/2W 1206 AEC-Q,1,OTS,Each,Electrical Components,In Design,,11 KW Inverter,90-08096A,"Lunar 3 Inverter, Boxed",TBD,1,1,1
08-04-2026,10-07730A,"SCREW, M5-0.8X10, Hex Flg HD, SEALING, STL+ZNNI",1,OTS,Each,Assembly,In Planning,"A//Bossard, Inc.",2.1 LFP Block,90-08373A,"Battery Block with Wall Bracket, LFP, L2.1",Qualitel,4,14,14
08-04-2026,10-000649,RES SMD 51K OHM 1% 1/16W 0402 AEC-Q,1,OTS,Each,Electrical Components,In Production,,Terminal PCBA (TRM),10-06103C,"PCBA, Terminal Board, Type C, Coated",Qualitel,1,1,1
08-04-2026,10-000649,RES SMD 51K OHM 1% 1/16W 0402 AEC-Q,1,OTS,Each,Electrical Components,In Production,,9.6 KW Inverter,90-06889C,"Inverter 9.6kW with Cover and Brackets, Boxed, Lunar Blue",Sienna,1,1,1
08-04-2026,10-07964A,RES SMD 2.2M OHM 1% 1/16W 0402,1,OTS,Each,Electrical Components,In Production,,11 KW Inverter,90-08096A,"Lunar 3 Inverter, Boxed",TBD,1,1,1
08-04-2026,10-006941,Standoff Round F/F M4 X 0.7-THD Carbon Steel Electro-Tin SMD,1,OTS,Each,Part,In Production,GS//TBD,11 KW Inverter,90-08096A,"Lunar 3 Inverter, Boxed",TBD,1,4,4
08-04-2026,10-07929A,"WASHER, M6 #1 , for SEMS SCREW",1,MTS,Each,Part,In Planning,,2.1 LFP Block,90-08373A,"Battery Block with Wall Bracket, LFP, L2.1",Qualitel,4,5,0
08-04-2026,10-07898A,Endplate Subassembly w/clinch nuts,2,MTS,Each,Assembly,In Design,,2.1 LFP Block,90-08373A,"Battery Block with Wall Bracket, LFP, L2.1",Qualitel,4,4,0
08-04-2026,10-002500,RES 4.32K OHM 1% 1/16W 0402,2,OTS,Each,Electrical Components,In Production,,Bridge,90-06801A,"Bridge, Type B, Boxed, Lunar Blue",Sienna,1,1,1
08-04-2026,10-002500,RES 4.32K OHM 1% 1/16W 0402,2,OTS,Each,Electrical Components,In Production,,9.6 KW Inverter,90-06889C,"Inverter 9.6kW with Cover and Brackets, Boxed, Lunar Blue",Sienna,1,1,1
08-04-2026,10-001634,RES 8.45K OHM 1% 1/4W 0805 AEC-Q,2,OTS,Each,Electrical Components,In Production,,Terminal PCBA (TRM),10-06103C,"PCBA, Terminal Board, Type C, Coated",Qualitel,1,1,1
08-04-2026,10-001634,RES 8.45K OHM 1% 1/4W 0805 AEC-Q,2,OTS,Each,Electrical Components,In Production,,9.6 KW Inverter,90-06889C,"Inverter 9.6kW with Cover and Brackets, Boxed, Lunar Blue",Sienna,1,1,1
08-04-2026,10-001029,RES 6.2K OHM 1% 1/10W 0603,2,OTS,Each,Electrical Components,In Production,,Maximizer Box,90-06831D,"Maximizer, Boxed",Sienna,1,20,20
08-04-2026,10-005014,RES SMD 59K OHM 1% 1/10W 0603,2,OTS,Each,Electrical Components,In Production,,Power PCBA (IPC),10-06105C,"PCBA, Power Board, Type C, Coated",Qualitel,1,1,1
08-04-2026,10-005014,RES SMD 59K OHM 1% 1/10W 0603,2,OTS,Each,Electrical Components,In Production,,9.6 KW Inverter,90-06889C,"Inverter 9.6kW with Cover and Brackets, Boxed, Lunar Blue",Sienna,1,1,1
08-04-2026,10-005197,RES 3M OHM 1% 1/4W 1206 AEC-Q,2,OTS,Each,Electrical Components,In Production,,Terminal PCBA (TRM),10-06103C,"PCBA, Terminal Board, Type C, Coated",Qualitel,1,3,3
08-04-2026,10-005197,RES 3M OHM 1% 1/4W 1206 AEC-Q,2,OTS,Each,Electrical Components,In Production,,9.6 KW Inverter,90-06889C,"Inverter 9.6kW with Cover and Brackets, Boxed, Lunar Blue",Sienna,1,3,3
08-04-2026,10-004177,RES SMD 1M OHM 1% 1/4W 1206,2,OTS,Each,Electrical Components,In Production,,PV Hub,90-004034,"Maximizer Hub, Boxed",Sienna,1,1,1
08-04-2026,10-004177,RES SMD 1M OHM 1% 1/4W 1206,2,OTS,Each,Electrical Components,In Production,,11 KW Inverter,90-08096A,"Lunar 3 Inverter, Boxed",TBD,1,8,8
08-04-2026,10-004177,RES SMD 1M OHM 1% 1/4W 1206,2,OTS,Each,Electrical Components,In Production,,2.1 LFP Block,90-08373A,"Battery Block with Wall Bracket, LFP, L2.1",Qualitel,4,1,1
08-04-2026,10-003252,RES SMD 6.2K OHM 1% 1/10W 0402 AEC-Q,2,OTS,Each,Electrical Components,In Production,,Terminal PCBA (TRM),10-06103C,"PCBA, Terminal Board, Type C, Coated",Qualitel,1,1,1
08-04-2026,10-003252,RES SMD 6.2K OHM 1% 1/10W 0402 AEC-Q,2,OTS,Each,Electrical Components,In Production,,9.6 KW Inverter,90-06889C,"Inverter 9.6kW with Cover and Brackets, Boxed, Lunar Blue",Sienna,1,1,1
08-04-2026,10-002904,RES SMD 176K OHM 0.5% 1/10W 0603,2,OTS,Each,Electrical Components,In Production,,Terminal PCBA (TRM),10-06103C,"PCBA, Terminal Board, Type C, Coated",Qualitel,1,1,1
08-04-2026,10-002904,RES SMD 176K OHM 0.5% 1/10W 0603,2,OTS,Each,Electrical Components,In Production,,9.6 KW Inverter,90-06889C,"Inverter 9.6kW with Cover and Brackets, Boxed, Lunar Blue",Sienna,1,1,1
08-04-2026,10-006968,IC VREF SHUNT ADJ 0.5% SOT23 (3MM X 1.4MM),1,OTS,Each,Electrical Components,In Design,,11 KW Inverter,90-08096A,"Lunar 3 Inverter, Boxed",TBD,1,1,1
08-04-2026,10-006962,IC MODULATOR 16BIT RESOLUTION 8SOIC (4.9MM × 3.9MM),1,OTS,Each,Electrical Components,In Design,,11 KW Inverter,90-08096A,"Lunar 3 Inverter, Boxed",TBD,1,1,1
08-04-2026,10-007002,SENSOR ANALOG ±2.7°C 13.6mV/°C TO92-3 (4.1MM X 1.62MM),1,OTS,Each,Electrical Components,In Design,,11 KW Inverter,90-08096A,"Lunar 3 Inverter, Boxed",TBD,1,1,1
08-04-2026,10-006724,RES SMD 1.1K OHM 0.1% 1/16W 0402,2,OTS,Each,Electrical Components,In Design,,11 KW Inverter,90-08096A,"Lunar 3 Inverter, Boxed",TBD,1,2,2
08-04-2026,10-006979,IC REG LIN POS ADJ 50MA 8-HVSSOP (3.00MM X 5.00MM),1,OTS,Each,Electrical Components,In Design,,11 KW Inverter,90-08096A,"Lunar 3 Inverter, Boxed",TBD,1,1,1
08-04-2026,10-006925,MOSFET P-CH 60V 330MA SOT23-3 (2.9MMX2.4MM),1,OTS,Each,Electrical Components,In Production,,Link,30-07519A,Lunar Link PCBA,Sienna,1,1,1
08-04-2026,10-006925,MOSFET P-CH 60V 330MA SOT23-3 (2.9MMX2.4MM),1,OTS,Each,Electrical Components,In Production,,11 KW Inverter,90-08096A,"Lunar 3 Inverter, Boxed",TBD,1,3,3
08-04-2026,10-006959,RES SMD 200 OHM 1% 1/16W 0402,1,OTS,Each,Electrical Components,In Design,,11 KW Inverter,90-08096A,"Lunar 3 Inverter, Boxed",TBD,1,1,1
08-04-2026,10-004576,"PCB TERMINAL BLOCK, NOMINAL CURR",1,OTS,Each,Electrical Components,In Production,,Terminal PCBA (TRM),10-06103C,"PCBA, Terminal Board, Type C, Coated",Qualitel,1,1,1
08-04-2026,10-004576,"PCB TERMINAL BLOCK, NOMINAL CURR",1,OTS,Each,Electrical Components,In Production,,9.6 KW Inverter,90-06889C,"Inverter 9.6kW with Cover and Brackets, Boxed, Lunar Blue",Sienna,1,1,1
08-04-2026,10-006942,RES SMD 47 OHM 1% 1/10W 0603,1,OTS,Each,Electrical Components,In Design,,11 KW Inverter,90-08096A,"Lunar 3 Inverter, Boxed",TBD,1,2,2
08-04-2026,10-005184,IC REG LINEAR 12V 2A HRP-5,1,OTS,Each,Electrical Components,Sunset - EOL,,Power PCBA (IPC),10-06105C,"PCBA, Power Board, Type C, Coated",Qualitel,1,1,1
08-04-2026,10-005184,IC REG LINEAR 12V 2A HRP-5,1,OTS,Each,Electrical Components,Sunset - EOL,,9.6 KW Inverter,90-06889C,"Inverter 9.6kW with Cover and Brackets, Boxed, Lunar Blue",Sienna,1,1,1
08-04-2026,10-07170A,Harness Protector Ring,3,MTS,Each,Part,In Production,A//Target Tech Inc dba Kang Yang International,2.0 LFP - EVT with cover,90-06948C,LFP Battery Block with ESS Cover and Wall Bracket,Qualitel,4,1,1
08-04-2026,10-07170A,Harness Protector Ring,3,MTS,Each,Part,In Production,A//Target Tech Inc dba Kang Yang International,2.0 LFP - EVT without cover,90-07675A,LFP Battery Block with Wall Bracket,Qualitel,4,1,0
08-04-2026,10-07166A,"Shoulder Screw, M5x8, 6mm shoulder, 12 mm OD, A2-70 SS",2,MTS,Each,Part,In Production,A//ACE Battery,2.0 LFP - EVT with cover,90-06948C,LFP Battery Block with ESS Cover and Wall Bracket,Qualitel,4,4,4
08-04-2026,10-07166A,"Shoulder Screw, M5x8, 6mm shoulder, 12 mm OD, A2-70 SS",2,MTS,Each,Part,In Production,A//ACE Battery,2.0 LFP - EVT without cover,90-07675A,LFP Battery Block with Wall Bracket,Qualitel,4,4,0
08-04-2026,10-07591A,Foam Pad B,1,OTS,Each,Part,In Production,A//ACE Battery,2.0 LFP - EVT with cover,90-06948C,LFP Battery Block with ESS Cover and Wall Bracket,Qualitel,4,4,0
08-04-2026,10-07591A,Foam Pad B,1,OTS,Each,Part,In Production,A//ACE Battery,2.0 LFP - EVT without cover,90-07675A,LFP Battery Block with Wall Bracket,Qualitel,4,4,0
08-04-2026,10-07591A,Foam Pad B,1,OTS,Each,Part,In Production,A//ACE Battery,2.1 LFP Block,90-08373A,"Battery Block with Wall Bracket, LFP, L2.1",Qualitel,4,6,0
08-04-2026,10-006913,MODULE WLAN+BT+ZigBee CHIP 2412MHZ TO 2484MHZ/5180MHZ TO 5885MHZ 37-PIN SMD 27.5LX18WX3.3HMM,1,OTS,Each,Electrical Components,In Planning,,Link,30-07519A,Lunar Link PCBA,Sienna,1,1,1
08-04-2026,10-005792,Bubble Wrap 1/2in Bubble 24in x 12in,1,OTS,Each,Part,In Production,,HW Kit,90-001223,"20kWh Hardware Kit, Lunar Blue",Sienna,1,1,1
08-04-2026,10-005792,Bubble Wrap 1/2in Bubble 24in x 12in,1,OTS,Each,Part,In Production,,LFP HW Kit,90-07290A,20kWh LFP ESS Hardware Kit,Sienna,1,1,0
08-04-2026,10-005790,Bubble Wrap 1/2in Bubble 24in x 48in,1,OTS,Each,Part,In Production,,HW Kit,90-001223,"20kWh Hardware Kit, Lunar Blue",Sienna,1,2,2
08-04-2026,10-005790,Bubble Wrap 1/2in Bubble 24in x 48in,1,OTS,Each,Part,In Production,,LFP HW Kit,90-07290A,20kWh LFP ESS Hardware Kit,Sienna,1,2,0
08-04-2026,10-006875,RES 20K OHM 1% 1W 1210,1,OTS,Each,Electrical Components,Sunset - Phase Out,,11 KW Inverter,90-08096A,"Lunar 3 Inverter, Boxed",TBD,1,6,6
08-04-2026,10-006876,MOSFET N-CH 800V 17A TO252,1,OTS,Each,Electrical Components,In Production,,11 KW Inverter,90-08096A,"Lunar 3 Inverter, Boxed",TBD,1,3,3
08-04-2026,10-07631A,"BUSBAR WITH INSULATION, 01",1,MTS,Each,Assembly,In Production,,2.0 LFP - EVT with cover,90-06948C,LFP Battery Block with ESS Cover and Wall Bracket,Qualitel,4,1,0
08-04-2026,10-07631A,"BUSBAR WITH INSULATION, 01",1,MTS,Each,Assembly,In Production,,2.0 LFP - EVT without cover,90-07675A,LFP Battery Block with Wall Bracket,Qualitel,4,1,0
08-04-2026,10-07628A,"BUSBAR, BARE, 02",1,MTS,Each,Part,In Production,,2.0 LFP - EVT with cover,90-06948C,LFP Battery Block with ESS Cover and Wall Bracket,Qualitel,4,1,0
08-04-2026,10-07628A,"BUSBAR, BARE, 02",1,MTS,Each,Part,In Production,,2.0 LFP - EVT without cover,90-07675A,LFP Battery Block with Wall Bracket,Qualitel,4,1,0
08-04-2026,10-006890,"INDUCTOR FIXED 2.2UH ±30% 5.1A 19 MOHM SMD (0.236""L x 0.236""W (6.00mm x 6.00mm))",1,OTS,Each,Electrical Components,In Design,,11 KW Inverter,90-08096A,"Lunar 3 Inverter, Boxed",TBD,1,2,2
08-04-2026,90-06789A,"Rogowski Coil, Boxed",1,MTS,Each,Top Level Assembly,In Production,,Rogowski Coil,90-06789A,"Rogowski Coil, Boxed",Sienna,1,1,0
08-04-2026,10-006892,RES ARRAY 4 RES 39 OHM 0804,2,OTS,Each,Electrical Components,In Design,,11 KW Inverter,90-08096A,"Lunar 3 Inverter, Boxed",TBD,1,6,6
08-04-2026,10-005855,"Packaging, Bridge, Back Cap Wrap",1,OTS,Each,Part,In Production,GS//Stephen Gould,Bridge,90-06801A,"Bridge, Type B, Boxed, Lunar Blue",Sienna,1,1,1
08-04-2026,10-07574A,Fuse Insulation Anchor,1,OTS,Each,Part,In Production,A//ACE Battery,2.0 LFP - EVT with cover,90-06948C,LFP Battery Block with ESS Cover and Wall Bracket,Qualitel,4,1,0
08-04-2026,10-07574A,Fuse Insulation Anchor,1,OTS,Each,Part,In Production,A//ACE Battery,2.0 LFP - EVT without cover,90-07675A,LFP Battery Block with Wall Bracket,Qualitel,4,1,0
08-04-2026,10-07573A,Connection Board A,1,OTS,Each,Part,In Production,A//ACE Battery,2.0 LFP - EVT with cover,90-06948C,LFP Battery Block with ESS Cover and Wall Bracket,Qualitel,4,1,0
08-04-2026,10-07573A,Connection Board A,1,OTS,Each,Part,In Production,A//ACE Battery,2.0 LFP - EVT without cover,90-07675A,LFP Battery Block with Wall Bracket,Qualitel,4,1,0
08-04-2026,10-07586A,"Busbar, Al, B",1,OTS,Each,Part,In Production,A//ACE Battery,2.0 LFP - EVT with cover,90-06948C,LFP Battery Block with ESS Cover and Wall Bracket,Qualitel,4,2,0
08-04-2026,10-07586A,"Busbar, Al, B",1,OTS,Each,Part,In Production,A//ACE Battery,2.0 LFP - EVT without cover,90-07675A,LFP Battery Block with Wall Bracket,Qualitel,4,2,0
08-04-2026,10-07601A,"TPE, 30 Shore A",1,OTS,Gram,Part,In Design,,11 KW Inverter,90-08096A,"Lunar 3 Inverter, Boxed",TBD,1,1,0
08-04-2026,10-006702,RES 270 OHM 1% 1/16W 0402,1,OTS,Each,Electrical Components,In Production,,MSAC,90-06700A,"MSA Controller, Boxed",Qualitel,1,4,4
08-04-2026,10-06971A,CAP CER 33PF 50V NP0 0402,1,OTS,Each,Electrical Components,In Design,,11 KW Inverter,90-08096A,"Lunar 3 Inverter, Boxed",TBD,1,7,7
08-04-2026,10-00522D,"Maximizer, Potted Assembly, Type D",2,MTS,Each,Part,In Design,,Maximizer Box,90-06831D,"Maximizer, Boxed",Sienna,1,20,0
08-04-2026,10-006070,"ESS Top Cover LRG Asy, With Label, 20 kWh",2,MTS,Each,Part,In Production,,HW Kit,90-001223,"20kWh Hardware Kit, Lunar Blue",Sienna,1,1,0
08-04-2026,90-06831D,"Maximizer, Boxed",2,MTS,Each,Top Level Assembly,In Design,,Maximizer Box,90-06831D,"Maximizer, Boxed",Sienna,1,1,0
08-04-2026,10-06501D,"Asy, Busbar, Iph A",1,MTS,Each,Assembly,In Production,"A//Recodeal, A//Sanmina",9.6 KW Inverter,90-06889C,"Inverter 9.6kW with Cover and Brackets, Boxed, Lunar Blue",Sienna,1,1,1
08-04-2026,10-004814,CAP CER 1UF 25V X7R 0603,1,OTS,Each,Electrical Components,Sunset - Phase Out,,2.0 LFP - EVT with cover,90-06948C,LFP Battery Block with ESS Cover and Wall Bracket,Qualitel,4,5,5
08-04-2026,10-004814,CAP CER 1UF 25V X7R 0603,1,OTS,Each,Electrical Components,Sunset - Phase Out,,2.0 LFP - EVT without cover,90-07675A,LFP Battery Block with Wall Bracket,Qualitel,4,5,0
08-04-2026,10-001704,RES 0 OHM JUMPER 1/4W 1206 AEC-Q,1,OTS,Each,Electrical Components,In Production,,Terminal PCBA (TRM),10-06103C,"PCBA, Terminal Board, Type C, Coated",Qualitel,1,4,4
08-04-2026,10-001704,RES 0 OHM JUMPER 1/4W 1206 AEC-Q,1,OTS,Each,Electrical Components,In Production,,Link,30-07519A,Lunar Link PCBA,Sienna,1,2,2
08-04-2026,10-001704,RES 0 OHM JUMPER 1/4W 1206 AEC-Q,1,OTS,Each,Electrical Components,In Production,,MSAC,90-06700A,"MSA Controller, Boxed",Qualitel,1,1,1
08-04-2026,10-001704,RES 0 OHM JUMPER 1/4W 1206 AEC-Q,1,OTS,Each,Electrical Components,In Production,,Bridge,90-06801A,"Bridge, Type B, Boxed, Lunar Blue",Sienna,1,2,2
08-04-2026,10-001704,RES 0 OHM JUMPER 1/4W 1206 AEC-Q,1,OTS,Each,Electrical Components,In Production,,Maximizer Box,90-06831D,"Maximizer, Boxed",Sienna,1,20,20
08-04-2026,10-001704,RES 0 OHM JUMPER 1/4W 1206 AEC-Q,1,OTS,Each,Electrical Components,In Production,,9.6 KW Inverter,90-06889C,"Inverter 9.6kW with Cover and Brackets, Boxed, Lunar Blue",Sienna,1,4,4
08-04-2026,10-001704,RES 0 OHM JUMPER 1/4W 1206 AEC-Q,1,OTS,Each,Electrical Components,In Production,,2.0 LFP - EVT with cover,90-06948C,LFP Battery Block with ESS Cover and Wall Bracket,Qualitel,4,1,1
08-04-2026,10-001704,RES 0 OHM JUMPER 1/4W 1206 AEC-Q,1,OTS,Each,Electrical Components,In Production,,2.0 LFP - EVT without cover,90-07675A,LFP Battery Block with Wall Bracket,Qualitel,4,1,0
08-04-2026,10-001704,RES 0 OHM JUMPER 1/4W 1206 AEC-Q,1,OTS,Each,Electrical Components,In Production,,11 KW Inverter,90-08096A,"Lunar 3 Inverter, Boxed",TBD,1,8,8
08-04-2026,10-006830,IC MCU 32BIT 256KB FLASH 48VFQFN,1,OTS,Each,Electrical Components,In Design,,Max 2.0 PCBA,30-07320F,Maximizer 2.0 PCBA,TBD,20,1,1
08-04-2026,10-006830,IC MCU 32BIT 256KB FLASH 48VFQFN,1,OTS,Each,Electrical Components,In Design,,Link,30-07519A,Lunar Link PCBA,Sienna,1,1,1
08-04-2026,10-006780,IC VREF SERIES 0.15% SOT23-3,1,OTS,Each,Electrical Components,In Production,,11 KW Inverter,90-08096A,"Lunar 3 Inverter, Boxed",TBD,1,1,1
08-04-2026,10-005483,"Ferrule, Inner, Crimp On, With Flange, CNC",2,MTS,Each,Part,In Production,,HW Kit,90-001223,"20kWh Hardware Kit, Lunar Blue",Sienna,1,4,0
08-04-2026,10-005483,"Ferrule, Inner, Crimp On, With Flange, CNC",2,MTS,Each,Part,In Production,,LFP HW Kit,90-07290A,20kWh LFP ESS Hardware Kit,Sienna,1,4,0
08-04-2026,10-002588,RES 0 OHM JUMPER 1/20W 0201,1,OTS,Each,Electrical Components,In Production,,9.6 KW Inverter,90-06889C,"Inverter 9.6kW with Cover and Brackets, Boxed, Lunar Blue",Sienna,1,2,2
08-04-2026,10-06926A,"Polycarbonate, Unfilled, UL-94 HB, UV Stabilized, Grey",1,OTS,Gram,Part,In Production,,MSAC,90-06700A,"MSA Controller, Boxed",Qualitel,1,235,0
08-04-2026,10-005873,"Polybag, Inner Panel, Bridge",1,OTS,Each,Part,In Production,,Bridge,90-06801A,"Bridge, Type B, Boxed, Lunar Blue",Sienna,1,1,1
08-04-2026,10-004459,"Label Base, Thermal Transfer, Flame Retardant, Polyester",2,OTS,Millimeter Square,Part,In Production,,2.0 LFP - EVT with cover,90-06948C,LFP Battery Block with ESS Cover and Wall Bracket,Qualitel,4,3,0
08-04-2026,10-004459,"Label Base, Thermal Transfer, Flame Retardant, Polyester",2,OTS,Millimeter Square,Part,In Production,,2.0 LFP - EVT without cover,90-07675A,LFP Battery Block with Wall Bracket,Qualitel,4,2,0
08-04-2026,10-004459,"Label Base, Thermal Transfer, Flame Retardant, Polyester",2,OTS,Millimeter Square,Part,In Production,,2.1 LFP Block,90-08373A,"Battery Block with Wall Bracket, LFP, L2.1",Qualitel,4,3,0
08-04-2026,10-07085A,"Terminal, Female, Amphenol, Nickel Plt, 13A,14-18AWG",1,OTS,Each,Part,In Production,,HW Kit,90-001223,"20kWh Hardware Kit, Lunar Blue",Sienna,1,14,0
08-04-2026,10-07085A,"Terminal, Female, Amphenol, Nickel Plt, 13A,14-18AWG",1,OTS,Each,Part,In Production,,LFP HW Kit,90-07290A,20kWh LFP ESS Hardware Kit,Sienna,1,14,0
08-04-2026,10-004499,RES SMD 47 OHM 1% 1/2W 1206 AEC-Q,1,OTS,Each,Electrical Components,In Production,,Terminal PCBA (TRM),10-06103C,"PCBA, Terminal Board, Type C, Coated",Qualitel,1,1,1
08-04-2026,10-004499,RES SMD 47 OHM 1% 1/2W 1206 AEC-Q,1,OTS,Each,Electrical Components,In Production,,9.6 KW Inverter,90-06889C,"Inverter 9.6kW with Cover and Brackets, Boxed, Lunar Blue",Sienna,1,1,1
08-04-2026,10-004499,RES SMD 47 OHM 1% 1/2W 1206 AEC-Q,1,OTS,Each,Electrical Components,In Production,,11 KW Inverter,90-08096A,"Lunar 3 Inverter, Boxed",TBD,1,16,16
08-04-2026,10-002432,"Edge Clip,Cable Tie,2-Piece,0.5-2.5mm Panel, Blk",1,OTS,Each,Part,In Production,A//HellermannTyton,9.6 KW Inverter,90-06889C,"Inverter 9.6kW with Cover and Brackets, Boxed, Lunar Blue",Sienna,1,10,0
08-04-2026,10-002432,"Edge Clip,Cable Tie,2-Piece,0.5-2.5mm Panel, Blk",1,OTS,Each,Part,In Production,A//HellermannTyton,11 KW Inverter,90-08096A,"Lunar 3 Inverter, Boxed",TBD,1,6,0
08-04-2026,10-06793A,"Foam, Extra Soft, UL94 V-0",1,OTS,Gram,Part,In Production,A//Singleton,Maximizer Box,90-06831D,"Maximizer, Boxed",Sienna,1,11.16,0
08-04-2026,10-06103C,"PCBA, Terminal Board, Type C, Coated",3,MTS,Each,Part,In Production,,Terminal PCBA (TRM),10-06103C,"PCBA, Terminal Board, Type C, Coated",Qualitel,1,1,0
08-04-2026,10-06103C,"PCBA, Terminal Board, Type C, Coated",3,MTS,Each,Part,In Production,,9.6 KW Inverter,90-06889C,"Inverter 9.6kW with Cover and Brackets, Boxed, Lunar Blue",Sienna,1,1,0
08-04-2026,10-006096,"Inverter Cover Packaging, Corrugated Insert, Right Panel",1,MTS,Each,Part,In Production,A//Veritiv Operating Company,9.6 KW Inverter,90-06889C,"Inverter 9.6kW with Cover and Brackets, Boxed, Lunar Blue",Sienna,1,1,1
08-04-2026,10-002647,"Compression Bar, PCBA, Bridge",8,MTS,Each,Part,In Production,A//Fictiv,Bridge,90-06801A,"Bridge, Type B, Boxed, Lunar Blue",Sienna,1,2,2
08-04-2026,10-002243,"Insulator, Neutral Bar, Bridge",4,MTS,Each,Part,In Production,A//Fictiv,Bridge,90-06801A,"Bridge, Type B, Boxed, Lunar Blue",Sienna,1,1,1
08-04-2026,10-07003A,"Retaining Ring, SS, Push-On, External, M5",1,OTS,Each,Part,In Production,A//JPOND,9.6 KW Inverter,90-06889C,"Inverter 9.6kW with Cover and Brackets, Boxed, Lunar Blue",Sienna,1,6,0
08-04-2026,10-001728,CAP CER 0.1UF ±20% 50V X7R 0603 AEC-Q,1,OTS,Each,Electrical Components,Sunset - Phase Out,,Power PCBA (IPC),10-06105C,"PCBA, Power Board, Type C, Coated",Qualitel,1,36,36
08-04-2026,10-001728,CAP CER 0.1UF ±20% 50V X7R 0603 AEC-Q,1,OTS,Each,Electrical Components,Sunset - Phase Out,,9.6 KW Inverter,90-06889C,"Inverter 9.6kW with Cover and Brackets, Boxed, Lunar Blue",Sienna,1,38,38
08-04-2026,10-003573,CAP CER 4700PF 250V X7R 1812,1,OTS,Each,Electrical Components,Sunset - Phase Out,,Bridge,90-06801A,"Bridge, Type B, Boxed, Lunar Blue",Sienna,1,5,5
08-04-2026,10-002124,"Standoff,M4,M/F,6mm M,10mm F,20mm Shldr,Steel,ZnNi BC,Nylon Patch",2,OTS,Each,Part,In Production,A//Pencom,9.6 KW Inverter,90-06889C,"Inverter 9.6kW with Cover and Brackets, Boxed, Lunar Blue",Sienna,1,2,2
08-04-2026,10-002115,"Screw,K30 x 1.34PF x10mm,T/F,BHT T10,Flanged,Steel,ZiNi BC,Patch",1,OTS,Each,Part,In Production,A//Pencom,MSAC,90-06700A,"MSA Controller, Boxed",Qualitel,1,12,12
08-04-2026,10-002115,"Screw,K30 x 1.34PF x10mm,T/F,BHT T10,Flanged,Steel,ZiNi BC,Patch",1,OTS,Each,Part,In Production,A//Pencom,9.6 KW Inverter,90-06889C,"Inverter 9.6kW with Cover and Brackets, Boxed, Lunar Blue",Sienna,1,14,14
08-04-2026,10-002328,RES 22K OHM 1% 1/10W 0603,1,OTS,Each,Electrical Components,In Production,,PV Hub,90-004034,"Maximizer Hub, Boxed",Sienna,1,1,1
08-04-2026,10-002328,RES 22K OHM 1% 1/10W 0603,1,OTS,Each,Electrical Components,In Production,,MSAC,90-06700A,"MSA Controller, Boxed",Qualitel,1,2,2
08-04-2026,10-002328,RES 22K OHM 1% 1/10W 0603,1,OTS,Each,Electrical Components,In Production,,Bridge,90-06801A,"Bridge, Type B, Boxed, Lunar Blue",Sienna,1,1,1
08-04-2026,10-002288,RES 1.1K OHM 1% 1/10W 0603 AEC-Q,1,OTS,Each,Electrical Components,In Production,,2.0 LFP - EVT with cover,90-06948C,LFP Battery Block with ESS Cover and Wall Bracket,Qualitel,4,9,9
08-04-2026,10-002288,RES 1.1K OHM 1% 1/10W 0603 AEC-Q,1,OTS,Each,Electrical Components,In Production,,2.0 LFP - EVT without cover,90-07675A,LFP Battery Block with Wall Bracket,Qualitel,4,9,0
08-04-2026,10-001783,RES 0 OHM JUMPER 1/2W 1210,1,OTS,Each,Electrical Components,In Production,,11 KW Inverter,90-08096A,"Lunar 3 Inverter, Boxed",TBD,1,9,9
08-04-2026,10-001732,CAP CER 4.7UF 16V X7R 0805 AEC-Q,2,OTS,Each,Electrical Components,Sunset - Phase Out,,Terminal PCBA (TRM),10-06103C,"PCBA, Terminal Board, Type C, Coated",Qualitel,1,1,1
08-04-2026,10-001732,CAP CER 4.7UF 16V X7R 0805 AEC-Q,2,OTS,Each,Electrical Components,Sunset - Phase Out,,PV Hub,90-004034,"Maximizer Hub, Boxed",Sienna,1,1,1
08-04-2026,10-001732,CAP CER 4.7UF 16V X7R 0805 AEC-Q,2,OTS,Each,Electrical Components,Sunset - Phase Out,,Bridge,90-06801A,"Bridge, Type B, Boxed, Lunar Blue",Sienna,1,2,2
08-04-2026,10-001732,CAP CER 4.7UF 16V X7R 0805 AEC-Q,2,OTS,Each,Electrical Components,Sunset - Phase Out,,9.6 KW Inverter,90-06889C,"Inverter 9.6kW with Cover and Brackets, Boxed, Lunar Blue",Sienna,1,1,1
08-04-2026,10-001732,CAP CER 4.7UF 16V X7R 0805 AEC-Q,2,OTS,Each,Electrical Components,Sunset - Phase Out,,2.0 LFP - EVT with cover,90-06948C,LFP Battery Block with ESS Cover and Wall Bracket,Qualitel,4,3,3
08-04-2026,10-001732,CAP CER 4.7UF 16V X7R 0805 AEC-Q,2,OTS,Each,Electrical Components,Sunset - Phase Out,,2.0 LFP - EVT without cover,90-07675A,LFP Battery Block with Wall Bracket,Qualitel,4,3,0
08-04-2026,10-001724,CAP CER 8PF 50V NP0 0603,1,OTS,Each,Electrical Components,Sunset - Phase Out,,Power PCBA (IPC),10-06105C,"PCBA, Power Board, Type C, Coated",Qualitel,1,4,4
08-04-2026,10-001724,CAP CER 8PF 50V NP0 0603,1,OTS,Each,Electrical Components,Sunset - Phase Out,,9.6 KW Inverter,90-06889C,"Inverter 9.6kW with Cover and Brackets, Boxed, Lunar Blue",Sienna,1,4,4
08-04-2026,10-001724,CAP CER 8PF 50V NP0 0603,1,OTS,Each,Electrical Components,Sunset - Phase Out,,2.0 LFP - EVT with cover,90-06948C,LFP Battery Block with ESS Cover and Wall Bracket,Qualitel,4,2,2
08-04-2026,10-001724,CAP CER 8PF 50V NP0 0603,1,OTS,Each,Electrical Components,Sunset - Phase Out,,2.0 LFP - EVT without cover,90-07675A,LFP Battery Block with Wall Bracket,Qualitel,4,2,0
08-04-2026,10-002204,"Bus Bar, NBU, L2, Bridge",9,MTS,Each,Part,In Production,A//Avalon,Bridge,90-06801A,"Bridge, Type B, Boxed, Lunar Blue",Sienna,1,1,1
08-04-2026,10-001019,RES SMD 10K OHM 1% 1/2W 0805 AEC-Q,1,OTS,Each,Electrical Components,In Production,,Terminal PCBA (TRM),10-06103C,"PCBA, Terminal Board, Type C, Coated",Qualitel,1,4,4
08-04-2026,10-001019,RES SMD 10K OHM 1% 1/2W 0805 AEC-Q,1,OTS,Each,Electrical Components,In Production,,9.6 KW Inverter,90-06889C,"Inverter 9.6kW with Cover and Brackets, Boxed, Lunar Blue",Sienna,1,4,4
08-04-2026,10-001019,RES SMD 10K OHM 1% 1/2W 0805 AEC-Q,1,OTS,Each,Electrical Components,In Production,,11 KW Inverter,90-08096A,"Lunar 3 Inverter, Boxed",TBD,1,1,1
08-04-2026,10-000342,RES 0805 5% 1 OHM 1/2W AEC-Q,1,OTS,Each,Electrical Components,In Production,,Terminal PCBA (TRM),10-06103C,"PCBA, Terminal Board, Type C, Coated",Qualitel,1,2,2
08-04-2026,10-000342,RES 0805 5% 1 OHM 1/2W AEC-Q,1,OTS,Each,Electrical Components,In Production,,Link,30-07519A,Lunar Link PCBA,Sienna,1,1,1
08-04-2026,10-000342,RES 0805 5% 1 OHM 1/2W AEC-Q,1,OTS,Each,Electrical Components,In Production,,PV Hub,90-004034,"Maximizer Hub, Boxed",Sienna,1,2,2
08-04-2026,10-000342,RES 0805 5% 1 OHM 1/2W AEC-Q,1,OTS,Each,Electrical Components,In Production,,Bridge,90-06801A,"Bridge, Type B, Boxed, Lunar Blue",Sienna,1,2,2
08-04-2026,10-000342,RES 0805 5% 1 OHM 1/2W AEC-Q,1,OTS,Each,Electrical Components,In Production,,9.6 KW Inverter,90-06889C,"Inverter 9.6kW with Cover and Brackets, Boxed, Lunar Blue",Sienna,1,2,2
08-04-2026,10-001160,RES SMD 470 OHM 1% 1/10W 0603 AEC-Q,2,OTS,Each,Electrical Components,In Production,,Terminal PCBA (TRM),10-06103C,"PCBA, Terminal Board, Type C, Coated",Qualitel,1,2,2
08-04-2026,10-001160,RES SMD 470 OHM 1% 1/10W 0603 AEC-Q,2,OTS,Each,Electrical Components,In Production,,Power PCBA (IPC),10-06105C,"PCBA, Power Board, Type C, Coated",Qualitel,1,2,2
08-04-2026,10-001160,RES SMD 470 OHM 1% 1/10W 0603 AEC-Q,2,OTS,Each,Electrical Components,In Production,,9.6 KW Inverter,90-06889C,"Inverter 9.6kW with Cover and Brackets, Boxed, Lunar Blue",Sienna,1,28,28
08-04-2026,10-001160,RES SMD 470 OHM 1% 1/10W 0603 AEC-Q,2,OTS,Each,Electrical Components,In Production,,2.0 LFP - EVT with cover,90-06948C,LFP Battery Block with ESS Cover and Wall Bracket,Qualitel,4,3,3
08-04-2026,10-001160,RES SMD 470 OHM 1% 1/10W 0603 AEC-Q,2,OTS,Each,Electrical Components,In Production,,2.0 LFP - EVT without cover,90-07675A,LFP Battery Block with Wall Bracket,Qualitel,4,3,0
08-04-2026,10-001160,RES SMD 470 OHM 1% 1/10W 0603 AEC-Q,2,OTS,Each,Electrical Components,In Production,,11 KW Inverter,90-08096A,"Lunar 3 Inverter, Boxed",TBD,1,4,4
08-04-2026,10-001150,RES SMD 4.99 OHM 1% 1/10W 0603 AEC-Q,2,OTS,Each,Electrical Components,Sunset - Phase Out,,Terminal PCBA (TRM),10-06103C,"PCBA, Terminal Board, Type C, Coated",Qualitel,1,3,3
08-04-2026,10-001150,RES SMD 4.99 OHM 1% 1/10W 0603 AEC-Q,2,OTS,Each,Electrical Components,Sunset - Phase Out,,9.6 KW Inverter,90-06889C,"Inverter 9.6kW with Cover and Brackets, Boxed, Lunar Blue",Sienna,1,3,3
08-04-2026,10-001127,RES 330 OHM 1% 1/16W 0402 AEC-Q,1,OTS,Each,Electrical Components,In Production,,Terminal PCBA (TRM),10-06103C,"PCBA, Terminal Board, Type C, Coated",Qualitel,1,8,8
08-04-2026,10-001127,RES 330 OHM 1% 1/16W 0402 AEC-Q,1,OTS,Each,Electrical Components,In Production,,9.6 KW Inverter,90-06889C,"Inverter 9.6kW with Cover and Brackets, Boxed, Lunar Blue",Sienna,1,8,8
08-04-2026,10-001127,RES 330 OHM 1% 1/16W 0402 AEC-Q,1,OTS,Each,Electrical Components,In Production,,11 KW Inverter,90-08096A,"Lunar 3 Inverter, Boxed",TBD,1,12,12
08-04-2026,10-000659,RES SMD 100 OHM 1% 1/16W 0402 AEC-Q,1,OTS,Each,Electrical Components,In Production,,Terminal PCBA (TRM),10-06103C,"PCBA, Terminal Board, Type C, Coated",Qualitel,1,7,7
08-04-2026,10-000659,RES SMD 100 OHM 1% 1/16W 0402 AEC-Q,1,OTS,Each,Electrical Components,In Production,,Link,30-07519A,Lunar Link PCBA,Sienna,1,8,8
08-04-2026,10-000659,RES SMD 100 OHM 1% 1/16W 0402 AEC-Q,1,OTS,Each,Electrical Components,In Production,,PV Hub,90-004034,"Maximizer Hub, Boxed",Sienna,1,2,2
08-04-2026,10-000659,RES SMD 100 OHM 1% 1/16W 0402 AEC-Q,1,OTS,Each,Electrical Components,In Production,,MSAC,90-06700A,"MSA Controller, Boxed",Qualitel,1,22,22
08-04-2026,10-000659,RES SMD 100 OHM 1% 1/16W 0402 AEC-Q,1,OTS,Each,Electrical Components,In Production,,Bridge,90-06801A,"Bridge, Type B, Boxed, Lunar Blue",Sienna,1,15,15
08-04-2026,10-000659,RES SMD 100 OHM 1% 1/16W 0402 AEC-Q,1,OTS,Each,Electrical Components,In Production,,9.6 KW Inverter,90-06889C,"Inverter 9.6kW with Cover and Brackets, Boxed, Lunar Blue",Sienna,1,9,9
08-04-2026,10-000659,RES SMD 100 OHM 1% 1/16W 0402 AEC-Q,1,OTS,Each,Electrical Components,In Production,,11 KW Inverter,90-08096A,"Lunar 3 Inverter, Boxed",TBD,1,19,19
08-04-2026,10-000585,RES 0 OHM JUMPER 1/16W 0402 AEC-Q,2,OTS,Each,Electrical Components,Sunset - Phase Out,,Terminal PCBA (TRM),10-06103C,"PCBA, Terminal Board, Type C, Coated",Qualitel,1,8,8
08-04-2026,10-000585,RES 0 OHM JUMPER 1/16W 0402 AEC-Q,2,OTS,Each,Electrical Components,Sunset - Phase Out,,PV Hub,90-004034,"Maximizer Hub, Boxed",Sienna,1,12,12
08-04-2026,10-000585,RES 0 OHM JUMPER 1/16W 0402 AEC-Q,2,OTS,Each,Electrical Components,Sunset - Phase Out,,Bridge,90-06801A,"Bridge, Type B, Boxed, Lunar Blue",Sienna,1,17,17
08-04-2026,10-000585,RES 0 OHM JUMPER 1/16W 0402 AEC-Q,2,OTS,Each,Electrical Components,Sunset - Phase Out,,9.6 KW Inverter,90-06889C,"Inverter 9.6kW with Cover and Brackets, Boxed, Lunar Blue",Sienna,1,17,17
08-04-2026,20-005369,"PCB, RF Passthrough Type A",1,MTS,Each,PCB,In Production,"A//Sunshine PCB Group, A//Sunshine PCB Group",9.6 KW Inverter,90-06889C,"Inverter 9.6kW with Cover and Brackets, Boxed, Lunar Blue",Sienna,1,1,1
08-04-2026,20-005054,Capacitor Board TypeA PCB,1,MTS,Each,PCB,In Production,A//Sunshine PCB Group,9.6 KW Inverter,90-06889C,"Inverter 9.6kW with Cover and Brackets, Boxed, Lunar Blue",Sienna,1,1,1
08-04-2026,10-006064,"Label Base, UL 969, Thermal Transfer, Polyester",1,OTS,Each,Part,In Production,,Bridge,90-06801A,"Bridge, Type B, Boxed, Lunar Blue",Sienna,1,2,0
08-04-2026,10-006064,"Label Base, UL 969, Thermal Transfer, Polyester",1,OTS,Each,Part,In Production,,9.6 KW Inverter,90-06889C,"Inverter 9.6kW with Cover and Brackets, Boxed, Lunar Blue",Sienna,1,2,0
08-04-2026,10-006064,"Label Base, UL 969, Thermal Transfer, Polyester",1,OTS,Each,Part,In Production,,2.0 LFP - EVT with cover,90-06948C,LFP Battery Block with ESS Cover and Wall Bracket,Qualitel,4,1,0
08-04-2026,10-006064,"Label Base, UL 969, Thermal Transfer, Polyester",1,OTS,Each,Part,In Production,,2.0 LFP - EVT without cover,90-07675A,LFP Battery Block with Wall Bracket,Qualitel,4,1,0
08-04-2026,10-005176,"Protective Hat, Capacitor Board, Inverter",2,MTS,Each,Part,In Production,A//JPOND,9.6 KW Inverter,90-06889C,"Inverter 9.6kW with Cover and Brackets, Boxed, Lunar Blue",Sienna,1,1,1
08-04-2026,10-005155,"Insulator Sheet, Power Board, Integrated PSA, D",2,MTS,Each,Part,In Production,A//Singleton,9.6 KW Inverter,90-06889C,"Inverter 9.6kW with Cover and Brackets, Boxed, Lunar Blue",Sienna,1,1,1
08-04-2026,10-004639,"Heat Sink, Maximizer",5,MTS,Each,Assembly,In Production,A//MyHeatSinks,Maximizer Box,90-06831D,"Maximizer, Boxed",Sienna,1,20,20
08-04-2026,10-003886,"Antenna Box, Bottom, Maximizer",5,MTS,Each,Part,In Production,"A//Fictiv, A//Blovelight",Maximizer Box,90-06831D,"Maximizer, Boxed",Sienna,1,20,20
08-04-2026,10-002889,RES SMD 47 OHM 5% 1/10W 0402 AEC-Q,1,OTS,Each,Electrical Components,In Production,,2.0 LFP - EVT with cover,90-06948C,LFP Battery Block with ESS Cover and Wall Bracket,Qualitel,4,8,8
08-04-2026,10-002889,RES SMD 47 OHM 5% 1/10W 0402 AEC-Q,1,OTS,Each,Electrical Components,In Production,,2.0 LFP - EVT without cover,90-07675A,LFP Battery Block with Wall Bracket,Qualitel,4,8,0
08-04-2026,10-002889,RES SMD 47 OHM 5% 1/10W 0402 AEC-Q,1,OTS,Each,Electrical Components,In Production,,11 KW Inverter,90-08096A,"Lunar 3 Inverter, Boxed",TBD,1,5,5
08-04-2026,10-002889,RES SMD 47 OHM 5% 1/10W 0402 AEC-Q,1,OTS,Each,Electrical Components,In Production,,2.1 LFP Block,90-08373A,"Battery Block with Wall Bracket, LFP, L2.1",Qualitel,4,8,8
08-04-2026,10-002828,"Internal Star Washer, M3",1,OTS,Each,Part,In Production,A//Pencom,Maximizer Box,90-06831D,"Maximizer, Boxed",Sienna,1,40,40
08-04-2026,10-002260,CAP CER 4.7UF 50V X7R 1206,1,OTS,Each,Electrical Components,In Production,,Terminal PCBA (TRM),10-06103C,"PCBA, Terminal Board, Type C, Coated",Qualitel,1,2,2
08-04-2026,10-002260,CAP CER 4.7UF 50V X7R 1206,1,OTS,Each,Electrical Components,In Production,,Power PCBA (IPC),10-06105C,"PCBA, Power Board, Type C, Coated",Qualitel,1,1,1
08-04-2026,10-002260,CAP CER 4.7UF 50V X7R 1206,1,OTS,Each,Electrical Components,In Production,,9.6 KW Inverter,90-06889C,"Inverter 9.6kW with Cover and Brackets, Boxed, Lunar Blue",Sienna,1,3,3
08-04-2026,10-003303,RES 2.2K OHM 1% 1/16W 0402,1,OTS,Each,Electrical Components,In Design,,Link,30-07519A,Lunar Link PCBA,Sienna,1,1,1
08-04-2026,10-003303,RES 2.2K OHM 1% 1/16W 0402,1,OTS,Each,Electrical Components,In Design,,11 KW Inverter,90-08096A,"Lunar 3 Inverter, Boxed",TBD,1,4,4
08-04-2026,10-002092,"Fixed Resistor,Carbon Film,0.5 W,120 Ohm,5% +/-Tol,Through Hole,Moisture Resistant",1,OTS,Each,Part,Sunset - Phase Out,,HW Kit,90-001223,"20kWh Hardware Kit, Lunar Blue",Sienna,1,1,0
08-04-2026,10-002092,"Fixed Resistor,Carbon Film,0.5 W,120 Ohm,5% +/-Tol,Through Hole,Moisture Resistant",1,OTS,Each,Part,Sunset - Phase Out,,LFP HW Kit,90-07290A,20kWh LFP ESS Hardware Kit,Sienna,1,1,0
08-04-2026,10-006704,RES 4.99K OHM 1% 1/16W 0402,1,OTS,Each,Electrical Components,In Production,,MSAC,90-06700A,"MSA Controller, Boxed",Qualitel,1,4,4
08-04-2026,10-005386,"PET Resin, UL94 0.75mm V0, 30%GF",1,OTS,Gram,Part,In Production,,9.6 KW Inverter,90-06889C,"Inverter 9.6kW with Cover and Brackets, Boxed, Lunar Blue",Sienna,1,33.85,0
08-04-2026,10-06684A,"Ground Bar, Power Module, 4 Terminal",1,MTS,Each,Part,In Production,A//Marsh,9.6 KW Inverter,90-06889C,"Inverter 9.6kW with Cover and Brackets, Boxed, Lunar Blue",Sienna,1,1,1
08-04-2026,10-06684A,"Ground Bar, Power Module, 4 Terminal",1,MTS,Each,Part,In Production,A//Marsh,11 KW Inverter,90-08096A,"Lunar 3 Inverter, Boxed",TBD,1,1,1
08-04-2026,LR-000032,DCDC Thermal Bridge Tape & Reel Packaging Requirements,1,MTS,Each,Lunar Requirement,In Production,,2.0 LFP - EVT with cover,90-06948C,LFP Battery Block with ESS Cover and Wall Bracket,Qualitel,4,15,0
08-04-2026,LR-000032,DCDC Thermal Bridge Tape & Reel Packaging Requirements,1,MTS,Each,Lunar Requirement,In Production,,2.0 LFP - EVT without cover,90-07675A,LFP Battery Block with Wall Bracket,Qualitel,4,15,0
08-04-2026,LR-000032,DCDC Thermal Bridge Tape & Reel Packaging Requirements,1,MTS,Each,Lunar Requirement,In Production,,2.1 LFP Block,90-08373A,"Battery Block with Wall Bracket, LFP, L2.1",Qualitel,4,15,0
08-04-2026,10-006673,RES SMD 22 OHM 1% 1/16W 0402,1,OTS,Each,Electrical Components,In Design,,11 KW Inverter,90-08096A,"Lunar 3 Inverter, Boxed",TBD,1,14,14
08-04-2026,10-003068,"NUT, M5x0.8 6Hx5mm, NYLON INSERT, STEEL, 3um ZINC",1,OTS,Each,Part,In Production,A//Pencom,Bridge,90-06801A,"Bridge, Type B, Boxed, Lunar Blue",Sienna,1,22,22
08-04-2026,10-003068,"NUT, M5x0.8 6Hx5mm, NYLON INSERT, STEEL, 3um ZINC",1,OTS,Each,Part,In Production,A//Pencom,2.1 LFP Block,90-08373A,"Battery Block with Wall Bracket, LFP, L2.1",Qualitel,4,6,0
08-04-2026,10-001645,"Screw,4-20X PLAST 0.375 in,BHT,T/F,Steel",1,OTS,Each,Part,In Production,A//Pencom,2.0 LFP - EVT with cover,90-06948C,LFP Battery Block with ESS Cover and Wall Bracket,Qualitel,4,8,8
08-04-2026,10-001645,"Screw,4-20X PLAST 0.375 in,BHT,T/F,Steel",1,OTS,Each,Part,In Production,A//Pencom,2.0 LFP - EVT without cover,90-07675A,LFP Battery Block with Wall Bracket,Qualitel,4,8,0
08-04-2026,10-001645,"Screw,4-20X PLAST 0.375 in,BHT,T/F,Steel",1,OTS,Each,Part,In Production,A//Pencom,2.1 LFP Block,90-08373A,"Battery Block with Wall Bracket, LFP, L2.1",Qualitel,4,8,8
08-04-2026,10-006177,IC GATE AND 1CH 2-INP SC88A,1,OTS,Each,Electrical Components,In Production,,11 KW Inverter,90-08096A,"Lunar 3 Inverter, Boxed",TBD,1,2,2
08-04-2026,10-006658,DIODE TVS ZENER 2-CHANNEL 3.6VWM 8.4VC 3X2SON,1,OTS,Each,Electrical Components,In Design,,11 KW Inverter,90-08096A,"Lunar 3 Inverter, Boxed",TBD,1,4,4
08-04-2026,10-06750A,"Retainer, TPA, 16 POS, MicroClasp",1,OTS,Each,Part,In Production,,MSAC,90-06700A,"MSA Controller, Boxed",Qualitel,1,2,0
08-04-2026,10-004748,"Inverter Aesthetic Cover, Left, Antenna Cover, Short Conduit Opening, Plastic",3,MTS,Each,Part,In Production,A//JPOND,9.6 KW Inverter,90-06889C,"Inverter 9.6kW with Cover and Brackets, Boxed, Lunar Blue",Sienna,1,1,0
08-04-2026,10-004098,"Conduit Cover, Mid, Short, Charcoal Suede",4,MTS,Each,Part,In Production,A//JPOND,9.6 KW Inverter,90-06889C,"Inverter 9.6kW with Cover and Brackets, Boxed, Lunar Blue",Sienna,1,2,0
08-04-2026,10-004980,"Conduit Cover, Gap Cover, Suede",4,MTS,Each,Part,In Production,A//JPOND,9.6 KW Inverter,90-06889C,"Inverter 9.6kW with Cover and Brackets, Boxed, Lunar Blue",Sienna,1,3,0
08-04-2026,10-006613,CONN HEADER R/A 32POS 2MM,2,OTS,Each,Electrical Components,In Production,,MSAC,90-06700A,"MSA Controller, Boxed",Qualitel,1,1,1
08-04-2026,10-004493,"Inverter Aesthetic Cover, Access Door Assembly, Dual Magnet",4,MTS,Each,Part,In Production,P//JPOND,9.6 KW Inverter,90-06889C,"Inverter 9.6kW with Cover and Brackets, Boxed, Lunar Blue",Sienna,1,1,0
08-04-2026,10-006421,IC VREF SERIES 0.13% TSOT5,1,OTS,Each,Electrical Components,In Production,,Terminal PCBA (TRM),10-06103C,"PCBA, Terminal Board, Type C, Coated",Qualitel,1,1,1
08-04-2026,10-006421,IC VREF SERIES 0.13% TSOT5,1,OTS,Each,Electrical Components,In Production,,Power PCBA (IPC),10-06105C,"PCBA, Power Board, Type C, Coated",Qualitel,1,1,1
08-04-2026,10-006421,IC VREF SERIES 0.13% TSOT5,1,OTS,Each,Electrical Components,In Production,,9.6 KW Inverter,90-06889C,"Inverter 9.6kW with Cover and Brackets, Boxed, Lunar Blue",Sienna,1,2,2
08-04-2026,10-005751,"TAPE,AL,7"" LENGTH",1,MTS,Each,Part,In Production,P//JPOND,9.6 KW Inverter,90-06889C,"Inverter 9.6kW with Cover and Brackets, Boxed, Lunar Blue",Sienna,1,2,0
08-04-2026,10-004599,10.00mm Pitch Mini-Fit Sr. Header,1,OTS,Each,Electrical Components,In Production,,Terminal PCBA (TRM),10-06103C,"PCBA, Terminal Board, Type C, Coated",Qualitel,1,1,1
08-04-2026,10-004599,10.00mm Pitch Mini-Fit Sr. Header,1,OTS,Each,Electrical Components,In Production,,9.6 KW Inverter,90-06889C,"Inverter 9.6kW with Cover and Brackets, Boxed, Lunar Blue",Sienna,1,1,1
08-04-2026,10-002494,XTAL OSC XO 50.0000MHZ CMOS SMD,1,OTS,Each,Electrical Components,In Production,,9.6 KW Inverter,90-06889C,"Inverter 9.6kW with Cover and Brackets, Boxed, Lunar Blue",Sienna,1,1,1
08-04-2026,10-002494,XTAL OSC XO 50.0000MHZ CMOS SMD,1,OTS,Each,Electrical Components,In Production,,11 KW Inverter,90-08096A,"Lunar 3 Inverter, Boxed",TBD,1,1,1
08-04-2026,10-002463,LTE Cat M1 Cat Nb2 EGPRS Module,1,OTS,Each,Electrical Components,In Production,,9.6 KW Inverter,90-06889C,"Inverter 9.6kW with Cover and Brackets, Boxed, Lunar Blue",Sienna,1,1,1
08-04-2026,10-001870,CONN JACK 1PORT 100 BASE-T PCB,1,OTS,Each,Electrical Components,In Production,,9.6 KW Inverter,90-06889C,"Inverter 9.6kW with Cover and Brackets, Boxed, Lunar Blue",Sienna,1,1,1
08-04-2026,10-002391,"RF/ Coaxial Connectors, 50 Ohms, FAKRA SMB Jack, Straight, PCB, Keying Option A, Black",1,OTS,Each,Electrical Components,In Production,,9.6 KW Inverter,90-06889C,"Inverter 9.6kW with Cover and Brackets, Boxed, Lunar Blue",Sienna,1,2,2
08-04-2026,10-004614,TVS DEV GDT/MOV 875V DISC 13.2MM,1,OTS,Each,Electrical Components,In Production,,Power PCBA (IPC),10-06105C,"PCBA, Power Board, Type C, Coated",Qualitel,1,1,1
08-04-2026,10-004614,TVS DEV GDT/MOV 875V DISC 13.2MM,1,OTS,Each,Electrical Components,In Production,,9.6 KW Inverter,90-06889C,"Inverter 9.6kW with Cover and Brackets, Boxed, Lunar Blue",Sienna,1,1,1
08-04-2026,10-002601,"Thermal Pad, Silicone with Fiberglass, 3W/m-K",1,OTS,Each,Part,In Production,,2.0 LFP - EVT with cover,90-06948C,LFP Battery Block with ESS Cover and Wall Bracket,Qualitel,4,1,0
08-04-2026,10-002601,"Thermal Pad, Silicone with Fiberglass, 3W/m-K",1,OTS,Each,Part,In Production,,2.0 LFP - EVT without cover,90-07675A,LFP Battery Block with Wall Bracket,Qualitel,4,1,0
08-04-2026,10-003979,"Rivet, Flat Head, Stainless Steel, 4mm D, 2.5mm L",1,OTS,Each,Part,In Production,,9.6 KW Inverter,90-06889C,"Inverter 9.6kW with Cover and Brackets, Boxed, Lunar Blue",Sienna,1,12,0
08-04-2026,10-003002,"Guide, Header Pins, PCBA, Bridge",9,MTS,Each,Part,In Production,A//Fictiv,Bridge,90-06801A,"Bridge, Type B, Boxed, Lunar Blue",Sienna,1,2,2
08-04-2026,10-005511,"C26000 Brass, Hard",1,OTS,Gram,Part,In Production,,HW Kit,90-001223,"20kWh Hardware Kit, Lunar Blue",Sienna,1,39.2,0
08-04-2026,10-005511,"C26000 Brass, Hard",1,OTS,Gram,Part,In Production,,LFP HW Kit,90-07290A,20kWh LFP ESS Hardware Kit,Sienna,1,39.2,0
08-04-2026,10-005214,TVS DIODE 376VWM 602VC DO214AB,1,OTS,Each,Electrical Components,In Production,,2.0 LFP - EVT with cover,90-06948C,LFP Battery Block with ESS Cover and Wall Bracket,Qualitel,4,1,1
08-04-2026,10-005214,TVS DIODE 376VWM 602VC DO214AB,1,OTS,Each,Electrical Components,In Production,,2.0 LFP - EVT without cover,90-07675A,LFP Battery Block with Wall Bracket,Qualitel,4,1,0
08-04-2026,10-005214,TVS DIODE 376VWM 602VC DO214AB,1,OTS,Each,Electrical Components,In Production,,2.1 LFP Block,90-08373A,"Battery Block with Wall Bracket, LFP, L2.1",Qualitel,4,1,1
08-04-2026,10-001353,TRANS NPN 80V 1A SOT223 AEC-Q,1,OTS,Each,Electrical Components,In Production,,2.0 LFP - EVT with cover,90-06948C,LFP Battery Block with ESS Cover and Wall Bracket,Qualitel,4,1,1
08-04-2026,10-001353,TRANS NPN 80V 1A SOT223 AEC-Q,1,OTS,Each,Electrical Components,In Production,,2.0 LFP - EVT without cover,90-07675A,LFP Battery Block with Wall Bracket,Qualitel,4,1,0
08-04-2026,10-001158,RES SMD 200 OHM 1% 1/10W 0603 AEC-Q,1,OTS,Each,Electrical Components,In Production,,Power PCBA (IPC),10-06105C,"PCBA, Power Board, Type C, Coated",Qualitel,1,1,1
08-04-2026,10-001158,RES SMD 200 OHM 1% 1/10W 0603 AEC-Q,1,OTS,Each,Electrical Components,In Production,,9.6 KW Inverter,90-06889C,"Inverter 9.6kW with Cover and Brackets, Boxed, Lunar Blue",Sienna,1,1,1
08-04-2026,10-001158,RES SMD 200 OHM 1% 1/10W 0603 AEC-Q,1,OTS,Each,Electrical Components,In Production,,2.0 LFP - EVT with cover,90-06948C,LFP Battery Block with ESS Cover and Wall Bracket,Qualitel,4,17,17
08-04-2026,10-001158,RES SMD 200 OHM 1% 1/10W 0603 AEC-Q,1,OTS,Each,Electrical Components,In Production,,2.0 LFP - EVT without cover,90-07675A,LFP Battery Block with Wall Bracket,Qualitel,4,17,0
08-04-2026,10-001158,RES SMD 200 OHM 1% 1/10W 0603 AEC-Q,1,OTS,Each,Electrical Components,In Production,,11 KW Inverter,90-08096A,"Lunar 3 Inverter, Boxed",TBD,1,3,3
08-04-2026,10-000598,"DC-DC Regulated Power Supply Module, 1 Output, 1W, Hybrid",2,OTS,Each,Electrical Components,In Production,,2.0 LFP - EVT with cover,90-06948C,LFP Battery Block with ESS Cover and Wall Bracket,Qualitel,4,1,1
08-04-2026,10-000598,"DC-DC Regulated Power Supply Module, 1 Output, 1W, Hybrid",2,OTS,Each,Electrical Components,In Production,,2.0 LFP - EVT without cover,90-07675A,LFP Battery Block with Wall Bracket,Qualitel,4,1,0
08-04-2026,10-002958,MOSFET P-CH 100V 22A D2PAK,1,OTS,Each,Electrical Components,In Production,,2.0 LFP - EVT with cover,90-06948C,LFP Battery Block with ESS Cover and Wall Bracket,Qualitel,4,1,1
08-04-2026,10-002958,MOSFET P-CH 100V 22A D2PAK,1,OTS,Each,Electrical Components,In Production,,2.0 LFP - EVT without cover,90-07675A,LFP Battery Block with Wall Bracket,Qualitel,4,1,0
08-04-2026,10-002958,MOSFET P-CH 100V 22A D2PAK,1,OTS,Each,Electrical Components,In Production,,2.1 LFP Block,90-08373A,"Battery Block with Wall Bracket, LFP, L2.1",Qualitel,4,1,1
08-04-2026,10-001684,RES SMD 3K OHM 5% 1/4W 1206 AEC-Q,1,OTS,Each,Electrical Components,In Production,,2.0 LFP - EVT with cover,90-06948C,LFP Battery Block with ESS Cover and Wall Bracket,Qualitel,4,1,1
08-04-2026,10-001684,RES SMD 3K OHM 5% 1/4W 1206 AEC-Q,1,OTS,Each,Electrical Components,In Production,,2.0 LFP - EVT without cover,90-07675A,LFP Battery Block with Wall Bracket,Qualitel,4,1,0
08-04-2026,10-002402,GAN TRANS 200V 8MOHM BUMPED DIE,1,OTS,Each,Electrical Components,In Production,,2.0 LFP - EVT with cover,90-06948C,LFP Battery Block with ESS Cover and Wall Bracket,Qualitel,4,16,16
08-04-2026,10-002402,GAN TRANS 200V 8MOHM BUMPED DIE,1,OTS,Each,Electrical Components,In Production,,2.0 LFP - EVT without cover,90-07675A,LFP Battery Block with Wall Bracket,Qualitel,4,16,0
08-04-2026,10-002402,GAN TRANS 200V 8MOHM BUMPED DIE,1,OTS,Each,Electrical Components,In Production,,2.1 LFP Block,90-08373A,"Battery Block with Wall Bracket, LFP, L2.1",Qualitel,4,16,16
08-04-2026,10-002280,FIXED IND 33UH 3A 60 MOHM SMD AEC-Q,1,OTS,Each,Electrical Components,In Production,,2.0 LFP - EVT with cover,90-06948C,LFP Battery Block with ESS Cover and Wall Bracket,Qualitel,4,3,3
08-04-2026,10-002280,FIXED IND 33UH 3A 60 MOHM SMD AEC-Q,1,OTS,Each,Electrical Components,In Production,,2.0 LFP - EVT without cover,90-07675A,LFP Battery Block with Wall Bracket,Qualitel,4,3,0
08-04-2026,10-002280,FIXED IND 33UH 3A 60 MOHM SMD AEC-Q,1,OTS,Each,Electrical Components,In Production,,2.1 LFP Block,90-08373A,"Battery Block with Wall Bracket, LFP, L2.1",Qualitel,4,3,3
08-04-2026,10-004887,"SCREW, M5X8, BHCS, CL 8.8 ST, ZNNI BLACK",1,OTS,Each,Part,In Production,A//Unisteel,Bridge,90-06801A,"Bridge, Type B, Boxed, Lunar Blue",Sienna,1,6,0
08-04-2026,10-002548,"Nano-Fit Terminal Position Assurance (TPA) Retainer, 2.50mm Pitch, 3 Circuits, Natural",1,OTS,Each,Part,In Production,A//Molex,Bridge,90-06801A,"Bridge, Type B, Boxed, Lunar Blue",Sienna,1,1,1
08-04-2026,10-002548,"Nano-Fit Terminal Position Assurance (TPA) Retainer, 2.50mm Pitch, 3 Circuits, Natural",1,OTS,Each,Part,In Production,A//Molex,9.6 KW Inverter,90-06889C,"Inverter 9.6kW with Cover and Brackets, Boxed, Lunar Blue",Sienna,1,7,0
08-04-2026,10-005292,"TPU, Shore 75-85A, Unfilled, UL-94 HB rated",1,OTS,Gram,Part,In Production,,9.6 KW Inverter,90-06889C,"Inverter 9.6kW with Cover and Brackets, Boxed, Lunar Blue",Sienna,1,63.2,0
08-04-2026,10-005314,"Tape, Aluminum, 50.8 mm, Conductive Adhesive",1,OTS,Millimeter,Part,In Production,GS//[TBD],2.0 LFP - EVT with cover,90-06948C,LFP Battery Block with ESS Cover and Wall Bracket,Qualitel,4,50,50
08-04-2026,10-005314,"Tape, Aluminum, 50.8 mm, Conductive Adhesive",1,OTS,Millimeter,Part,In Production,GS//[TBD],2.0 LFP - EVT without cover,90-07675A,LFP Battery Block with Wall Bracket,Qualitel,4,50,0
08-04-2026,10-001476,"Insert,Heat Set,M5,Tapered",1,OTS,Each,Part,In Production,,HW Kit,90-001223,"20kWh Hardware Kit, Lunar Blue",Sienna,1,4,0
08-04-2026,10-001476,"Insert,Heat Set,M5,Tapered",1,OTS,Each,Part,In Production,,LFP HW Kit,90-07290A,20kWh LFP ESS Hardware Kit,Sienna,1,4,0
08-04-2026,10-001866,"TPE,25A",2,OTS,Gram,Part,In Production,,Bridge,90-06801A,"Bridge, Type B, Boxed, Lunar Blue",Sienna,1,8,0
08-04-2026,10-003754,UV Curable Polyurethane Conformal Coating,1,OTS,Milliliter,Part,In Production,GS//TBD,MSAC,90-06700A,"MSA Controller, Boxed",Qualitel,1,1,1
08-04-2026,10-003754,UV Curable Polyurethane Conformal Coating,1,OTS,Milliliter,Part,In Production,GS//TBD,2.0 LFP - EVT with cover,90-06948C,LFP Battery Block with ESS Cover and Wall Bracket,Qualitel,4,1,1
08-04-2026,10-003754,UV Curable Polyurethane Conformal Coating,1,OTS,Milliliter,Part,In Production,GS//TBD,2.0 LFP - EVT without cover,90-07675A,LFP Battery Block with Wall Bracket,Qualitel,4,1,0
08-04-2026,10-003754,UV Curable Polyurethane Conformal Coating,1,OTS,Milliliter,Part,In Production,GS//TBD,11 KW Inverter,90-08096A,"Lunar 3 Inverter, Boxed",TBD,1,2,2
08-04-2026,10-003754,UV Curable Polyurethane Conformal Coating,1,OTS,Milliliter,Part,In Production,GS//TBD,2.1 LFP Block,90-08373A,"Battery Block with Wall Bracket, LFP, L2.1",Qualitel,4,1,1
08-04-2026,10-003478,"Latch Bracket, Bridge",6,MTS,Each,Part,In Production,,Bridge,90-06801A,"Bridge, Type B, Boxed, Lunar Blue",Sienna,1,1,0
08-04-2026,10-004962,Conv DC-DC 8V to 80V Synchronous Step Down Single-Out 1V to 30V 0.8A 8-Pin SOIC EP T/R,1,OTS,Each,Electrical Components,In Production,,Maximizer Box,90-06831D,"Maximizer, Boxed",Sienna,1,20,20
08-04-2026,10-005047,"Brass Alloy 360 1/2 Hard, ASTM B16",1,OTS,Each,Part,In Production,A//Open AML,Bridge,90-06801A,"Bridge, Type B, Boxed, Lunar Blue",Sienna,1,2,0
08-04-2026,10-004691,"Ring Terminal, M4, Sn, 10-12 AWG",1,OTS,Each,Part,In Production,,9.6 KW Inverter,90-06889C,"Inverter 9.6kW with Cover and Brackets, Boxed, Lunar Blue",Sienna,1,1,0
08-04-2026,10-002595,"Cavity Blanking Plug, PBT, Yellow, -40 – 125 °C, Ampseal 16, TE",2,OTS,Each,Part,In Production,A//TE Connectivity,9.6 KW Inverter,90-06889C,"Inverter 9.6kW with Cover and Brackets, Boxed, Lunar Blue",Sienna,1,5,4
08-04-2026,10-002597,"CONTACT, CRIMP FERRULE, MATE-AX, RTK 031, TE",2,OTS,Each,Part,In Production,,9.6 KW Inverter,90-06889C,"Inverter 9.6kW with Cover and Brackets, Boxed, Lunar Blue",Sienna,1,3,0
08-04-2026,10-002552,"Nano-Fit Receptacle Housing, TPA Capable, 2.50mm Pitch, Dual Row, 12 Circuits, Natural",1,OTS,Each,Part,In Production,A//Molex,9.6 KW Inverter,90-06889C,"Inverter 9.6kW with Cover and Brackets, Boxed, Lunar Blue",Sienna,1,1,0
08-04-2026,10-002560,"Nano-Fit Receptacle Housing, TPA Capable, 2.50mm Pitch, Dual Row, 8 Circuits, Natural",1,OTS,Each,Part,In Production,A//Molex,9.6 KW Inverter,90-06889C,"Inverter 9.6kW with Cover and Brackets, Boxed, Lunar Blue",Sienna,1,1,0
08-04-2026,10-003458,MOSFET P-CH 100V 6.6A DPAK,1,OTS,Each,Electrical Components,In Production,,2.0 LFP - EVT with cover,90-06948C,LFP Battery Block with ESS Cover and Wall Bracket,Qualitel,4,1,1
08-04-2026,10-003458,MOSFET P-CH 100V 6.6A DPAK,1,OTS,Each,Electrical Components,In Production,,2.0 LFP - EVT without cover,90-07675A,LFP Battery Block with Wall Bracket,Qualitel,4,1,0
08-04-2026,10-003458,MOSFET P-CH 100V 6.6A DPAK,1,OTS,Each,Electrical Components,In Production,,2.1 LFP Block,90-08373A,"Battery Block with Wall Bracket, LFP, L2.1",Qualitel,4,1,1
08-04-2026,10-003980,"Carbon Steel, HC340LA Per EN10268",1,OTS,Gram,Part,In Production,A//Open AML,HW Kit,90-001223,"20kWh Hardware Kit, Lunar Blue",Sienna,1,2490,0
08-04-2026,10-003980,"Carbon Steel, HC340LA Per EN10268",1,OTS,Gram,Part,In Production,A//Open AML,LFP HW Kit,90-07290A,20kWh LFP ESS Hardware Kit,Sienna,1,2490,0
08-04-2026,10-002510,"FAKRA PLUG(Key B) to FAKRA PLUG(Key B) 3GHz RG316, 460mm",1,MTS,Each,Part,In Production,GS//[TBD],9.6 KW Inverter,90-06889C,"Inverter 9.6kW with Cover and Brackets, Boxed, Lunar Blue",Sienna,1,1,0
08-04-2026,10-001934,"Insert,M5,3mm L,Molded,Thru",1,OTS,Each,Part,In Production,A//Penn Engineering,9.6 KW Inverter,90-06889C,"Inverter 9.6kW with Cover and Brackets, Boxed, Lunar Blue",Sienna,1,3,0
08-04-2026,10-001877,"Insert,M5,8.29 mm L,Blind,Mold-in",1,OTS,Each,Part,In Production,A//Penn Engineering,9.6 KW Inverter,90-06889C,"Inverter 9.6kW with Cover and Brackets, Boxed, Lunar Blue",Sienna,1,6,0
08-04-2026,10-002486,CONN HEADER SMD 20POS 1.27MM,1,OTS,Each,Electrical Components,In Design,,11 KW Inverter,90-08096A,"Lunar 3 Inverter, Boxed",TBD,1,1,1
08-04-2026,10-001011,RES 5.1K OHM 1% 1/10W 75V 0603,1,OTS,Each,Electrical Components,In Design,,2.1 LFP Block,90-08373A,"Battery Block with Wall Bracket, LFP, L2.1",Qualitel,4,9,9
08-04-2026,10-004047,CAP CER 10000PF 440VAC RADIAL,1,OTS,Each,Electrical Components,In Production,,9.6 KW Inverter,90-06889C,"Inverter 9.6kW with Cover and Brackets, Boxed, Lunar Blue",Sienna,1,3,3
08-04-2026,10-006287,"Heat Shrink,2:1,25.4 mm ID Pre-Shrink,1 mm THK,UL224,Adhesive Lined",1,OTS,Millimeter,Part,In Production,,Terminal PCBA (TRM),10-06103C,"PCBA, Terminal Board, Type C, Coated",Qualitel,1,22,22
08-04-2026,10-006287,"Heat Shrink,2:1,25.4 mm ID Pre-Shrink,1 mm THK,UL224,Adhesive Lined",1,OTS,Millimeter,Part,In Production,,9.6 KW Inverter,90-06889C,"Inverter 9.6kW with Cover and Brackets, Boxed, Lunar Blue",Sienna,1,22,22
08-04-2026,10-005077,CAP CER 1UF 50V X7R 0603,1,OTS,Each,Electrical Components,In Production,,Terminal PCBA (TRM),10-06103C,"PCBA, Terminal Board, Type C, Coated",Qualitel,1,2,2
08-04-2026,10-005077,CAP CER 1UF 50V X7R 0603,1,OTS,Each,Electrical Components,In Production,,Power PCBA (IPC),10-06105C,"PCBA, Power Board, Type C, Coated",Qualitel,1,1,1
08-04-2026,10-005077,CAP CER 1UF 50V X7R 0603,1,OTS,Each,Electrical Components,In Production,,9.6 KW Inverter,90-06889C,"Inverter 9.6kW with Cover and Brackets, Boxed, Lunar Blue",Sienna,1,3,3
08-04-2026,10-005077,CAP CER 1UF 50V X7R 0603,1,OTS,Each,Electrical Components,In Production,,2.0 LFP - EVT with cover,90-06948C,LFP Battery Block with ESS Cover and Wall Bracket,Qualitel,4,4,4
08-04-2026,10-005077,CAP CER 1UF 50V X7R 0603,1,OTS,Each,Electrical Components,In Production,,2.0 LFP - EVT without cover,90-07675A,LFP Battery Block with Wall Bracket,Qualitel,4,4,0
08-04-2026,10-005077,CAP CER 1UF 50V X7R 0603,1,OTS,Each,Electrical Components,In Production,,11 KW Inverter,90-08096A,"Lunar 3 Inverter, Boxed",TBD,1,59,59
08-04-2026,10-005077,CAP CER 1UF 50V X7R 0603,1,OTS,Each,Electrical Components,In Production,,2.1 LFP Block,90-08373A,"Battery Block with Wall Bracket, LFP, L2.1",Qualitel,4,14,14
08-04-2026,10-006071,"Ink, UL 969, Label Printing",1,OTS,Millimeter,Part,In Production,,HW Kit,90-001223,"20kWh Hardware Kit, Lunar Blue",Sienna,1,1,0
08-04-2026,10-006071,"Ink, UL 969, Label Printing",1,OTS,Millimeter,Part,In Production,,PV Hub,90-004034,"Maximizer Hub, Boxed",Sienna,1,2,0
08-04-2026,10-006071,"Ink, UL 969, Label Printing",1,OTS,Millimeter,Part,In Production,,Bridge,90-06801A,"Bridge, Type B, Boxed, Lunar Blue",Sienna,1,5,0
08-04-2026,10-006071,"Ink, UL 969, Label Printing",1,OTS,Millimeter,Part,In Production,,Maximizer Box,90-06831D,"Maximizer, Boxed",Sienna,1,60,0
08-04-2026,10-006071,"Ink, UL 969, Label Printing",1,OTS,Millimeter,Part,In Production,,9.6 KW Inverter,90-06889C,"Inverter 9.6kW with Cover and Brackets, Boxed, Lunar Blue",Sienna,1,5,0
08-04-2026,10-006071,"Ink, UL 969, Label Printing",1,OTS,Millimeter,Part,In Production,,2.0 LFP - EVT with cover,90-06948C,LFP Battery Block with ESS Cover and Wall Bracket,Qualitel,4,1,0
08-04-2026,10-006071,"Ink, UL 969, Label Printing",1,OTS,Millimeter,Part,In Production,,LFP HW Kit,90-07290A,20kWh LFP ESS Hardware Kit,Sienna,1,1,0
08-04-2026,10-006071,"Ink, UL 969, Label Printing",1,OTS,Millimeter,Part,In Production,,2.0 LFP - EVT without cover,90-07675A,LFP Battery Block with Wall Bracket,Qualitel,4,1,0
08-04-2026,10-006071,"Ink, UL 969, Label Printing",1,OTS,Millimeter,Part,In Production,,11 KW Inverter,90-08096A,"Lunar 3 Inverter, Boxed",TBD,1,1,0
08-04-2026,10-001152,RES SMD 10K OHM 1% 1/10W 0603 AEC-Q,1,OTS,Each,Electrical Components,In Production,,Terminal PCBA (TRM),10-06103C,"PCBA, Terminal Board, Type C, Coated",Qualitel,1,3,3
08-04-2026,10-001152,RES SMD 10K OHM 1% 1/10W 0603 AEC-Q,1,OTS,Each,Electrical Components,In Production,,Power PCBA (IPC),10-06105C,"PCBA, Power Board, Type C, Coated",Qualitel,1,17,17
08-04-2026,10-001152,RES SMD 10K OHM 1% 1/10W 0603 AEC-Q,1,OTS,Each,Electrical Components,In Production,,Bridge,90-06801A,"Bridge, Type B, Boxed, Lunar Blue",Sienna,1,2,2
08-04-2026,10-001152,RES SMD 10K OHM 1% 1/10W 0603 AEC-Q,1,OTS,Each,Electrical Components,In Production,,9.6 KW Inverter,90-06889C,"Inverter 9.6kW with Cover and Brackets, Boxed, Lunar Blue",Sienna,1,20,20
08-04-2026,10-001152,RES SMD 10K OHM 1% 1/10W 0603 AEC-Q,1,OTS,Each,Electrical Components,In Production,,2.0 LFP - EVT with cover,90-06948C,LFP Battery Block with ESS Cover and Wall Bracket,Qualitel,4,30,30
08-04-2026,10-001152,RES SMD 10K OHM 1% 1/10W 0603 AEC-Q,1,OTS,Each,Electrical Components,In Production,,2.0 LFP - EVT without cover,90-07675A,LFP Battery Block with Wall Bracket,Qualitel,4,30,0
08-04-2026,10-001851,IC TRANSFORMER DRIVER SOT23-6,1,OTS,Each,Electrical Components,In Design,,2.1 LFP Block,90-08373A,"Battery Block with Wall Bracket, LFP, L2.1",Qualitel,4,1,1
08-04-2026,10-002567,"Wire,24 AWG,7/32,UL 10086,Untinned,Black",1,OTS,Millimeter,Part,In Production,,9.6 KW Inverter,90-06889C,"Inverter 9.6kW with Cover and Brackets, Boxed, Lunar Blue",Sienna,1,350,0
08-04-2026,10-005928,"Cardboard, B-Flute, 275#",1,OTS,Each,Part,In Production,,Maximizer Box,90-06831D,"Maximizer, Boxed",Sienna,1,15,0
08-04-2026,10-06755A,"Wall Bracket Asy, Battery Block, Type 2",1,MTS,Each,Part,In Production,A//JPOND,2.0 LFP - EVT with cover,90-06948C,LFP Battery Block with ESS Cover and Wall Bracket,Qualitel,4,1,1
08-04-2026,10-06755A,"Wall Bracket Asy, Battery Block, Type 2",1,MTS,Each,Part,In Production,A//JPOND,2.0 LFP - EVT without cover,90-07675A,LFP Battery Block with Wall Bracket,Qualitel,4,1,0
08-04-2026,10-06755A,"Wall Bracket Asy, Battery Block, Type 2",1,MTS,Each,Part,In Production,A//JPOND,2.1 LFP Block,90-08373A,"Battery Block with Wall Bracket, LFP, L2.1",Qualitel,4,1,1
08-04-2026,10-06705C,"Asy, Power Board, Filter Board, and Blower Asy, Type C",6,MTS,Each,Assembly,In Production,,9.6 KW Inverter,90-06889C,"Inverter 9.6kW with Cover and Brackets, Boxed, Lunar Blue",Sienna,1,1,0
08-04-2026,10-07891A,Fuse. Busbar Anchor SA,2,MTS,Each,Assembly,In Design,,2.1 LFP Block,90-08373A,"Battery Block with Wall Bracket, LFP, L2.1",Qualitel,4,1,0
08-04-2026,10-001272,"MC4 Pigtail, Female, 200mm",9,MTS,Each,Part,In Production,A//Avalon,Maximizer Box,90-06831D,"Maximizer, Boxed",Sienna,1,20,20
08-04-2026,10-006934,RES 22 OHM 1% 2W 2512,1,OTS,Each,Electrical Components,In Production,,11 KW Inverter,90-08096A,"Lunar 3 Inverter, Boxed",TBD,1,4,4
08-04-2026,10-006108,"Label, Overcurrent Device, Bridge",3,MTS,Each,Assembly,In Production,A//Stephen Gould,Bridge,90-06801A,"Bridge, Type B, Boxed, Lunar Blue",Sienna,1,1,1
08-04-2026,10-006828,MODULE SimpleLink™ 2.4GHz and 5GHz Dual-Band Wi-Fi 6 and Bluetooth® QFM (MOZ) | 65,1,OTS,Each,Electrical Components,In Production,,11 KW Inverter,90-08096A,"Lunar 3 Inverter, Boxed",TBD,1,1,1
08-04-2026,10-07509A,CONN HEADER VERT 35POS MALE 4MM PITCH,1,OTS,Each,Electrical Components,In Design,,2.1 LFP Block,90-08373A,"Battery Block with Wall Bracket, LFP, L2.1",Qualitel,4,1,1
08-04-2026,10-004819,"EMI Gasket, 2.3mm x 2.3mm, D-Profile",2,OTS,Millimeter,Part,In Production,A//Mouser,9.6 KW Inverter,90-06889C,"Inverter 9.6kW with Cover and Brackets, Boxed, Lunar Blue",Sienna,1,400,400
08-04-2026,10-004985,Res Wirewound 18 Ohm 5% 2W ±200ppm/°C J-Lead SMD T/R,1,OTS,Each,Electrical Components,Sunset - Phase Out,,Bridge,90-06801A,"Bridge, Type B, Boxed, Lunar Blue",Sienna,1,1,1
08-04-2026,10-07151A,"Adhesive, Cyanoacrylate (CA), Loctite 401",1,OTS,Milliliter,Part,In Production,,Bridge,90-06801A,"Bridge, Type B, Boxed, Lunar Blue",Sienna,1,0.1,0.1
08-04-2026,10-06733A,"Label, Limit, PCS",1,MTS,Each,Part,In Production,GS//[TBD],Rogowski Coil,90-06789A,"Rogowski Coil, Boxed",Sienna,1,1,1
08-04-2026,10-06733A,"Label, Limit, PCS",1,MTS,Each,Part,In Production,GS//[TBD],Bridge,90-06801A,"Bridge, Type B, Boxed, Lunar Blue",Sienna,1,1,1
08-04-2026,10-06992A,"Heatshrink, 3:1, BLK, ADHESIVE LINED, 19MM ID ,2MM THK",1,OTS,Millimeter,Part,In Production,,HW Kit,90-001223,"20kWh Hardware Kit, Lunar Blue",Sienna,1,60,0
08-04-2026,10-06992A,"Heatshrink, 3:1, BLK, ADHESIVE LINED, 19MM ID ,2MM THK",1,OTS,Millimeter,Part,In Production,,LFP HW Kit,90-07290A,20kWh LFP ESS Hardware Kit,Sienna,1,60,0
08-04-2026,10-002242,"Neutral Bar Module, Bridge",8,MTS,Each,Part,In Production,,Bridge,90-06801A,"Bridge, Type B, Boxed, Lunar Blue",Sienna,1,1,0
08-04-2026,10-06981A,RES 100 OHM 1% 1/10W 0603,1,OTS,Each,Electrical Components,In Design,,2.1 LFP Block,90-08373A,"Battery Block with Wall Bracket, LFP, L2.1",Qualitel,4,16,16
08-04-2026,10-005199,"TIM, PCBA, Terminal Board, Inverter",1,MTS,Each,Part,In Production,A//Singleton,9.6 KW Inverter,90-06889C,"Inverter 9.6kW with Cover and Brackets, Boxed, Lunar Blue",Sienna,1,1,1
08-04-2026,10-000690,Power-line communication dual line driver,1,OTS,Each,Electrical Components,In Production,,Terminal PCBA (TRM),10-06103C,"PCBA, Terminal Board, Type C, Coated",Qualitel,1,1,1
08-04-2026,10-000690,Power-line communication dual line driver,1,OTS,Each,Electrical Components,In Production,,PV Hub,90-004034,"Maximizer Hub, Boxed",Sienna,1,1,1
08-04-2026,10-000690,Power-line communication dual line driver,1,OTS,Each,Electrical Components,In Production,,Bridge,90-06801A,"Bridge, Type B, Boxed, Lunar Blue",Sienna,1,1,1
08-04-2026,10-000690,Power-line communication dual line driver,1,OTS,Each,Electrical Components,In Production,,9.6 KW Inverter,90-06889C,"Inverter 9.6kW with Cover and Brackets, Boxed, Lunar Blue",Sienna,1,1,1
08-04-2026,10-006705,RES 9.1K OHM 1% 1/16W 0402,1,OTS,Each,Electrical Components,In Production,,MSAC,90-06700A,"MSA Controller, Boxed",Qualitel,1,4,4
08-04-2026,10-006696,RES SMD 2 OHM 5% 1W 2512 AEC-Q,1,OTS,Each,Electrical Components,In Production,,2.0 LFP - EVT with cover,90-06948C,LFP Battery Block with ESS Cover and Wall Bracket,Qualitel,4,1,1
08-04-2026,10-006696,RES SMD 2 OHM 5% 1W 2512 AEC-Q,1,OTS,Each,Electrical Components,In Production,,2.0 LFP - EVT without cover,90-07675A,LFP Battery Block with Wall Bracket,Qualitel,4,1,0
08-04-2026,10-006696,RES SMD 2 OHM 5% 1W 2512 AEC-Q,1,OTS,Each,Electrical Components,In Production,,2.1 LFP Block,90-08373A,"Battery Block with Wall Bracket, LFP, L2.1",Qualitel,4,1,1
08-04-2026,10-005903,"Cardboard, BC-Flute, 350#",1,OTS,Each,Part,In Production,,Bridge,90-06801A,"Bridge, Type B, Boxed, Lunar Blue",Sienna,1,6,0
08-04-2026,10-002212,"Bolt with Washer, M5 x 11, T25 Drive, Steel, Zinc Plated",1,OTS,Each,Part,In Production,A//Pencom,Bridge,90-06801A,"Bridge, Type B, Boxed, Lunar Blue",Sienna,1,16,16
08-04-2026,10-005288,"Light Pipe Trio, Molded with Sealing Adhesive",1,MTS,Each,Part,In Production,,9.6 KW Inverter,90-06889C,"Inverter 9.6kW with Cover and Brackets, Boxed, Lunar Blue",Sienna,1,1,0
08-04-2026,10-005450,RES 47K OHM 1% 1/10W 0603,1,OTS,Each,Electrical Components,In Design,,2.1 LFP Block,90-08373A,"Battery Block with Wall Bracket, LFP, L2.1",Qualitel,4,7,7
08-04-2026,10-005392,RES 1M OHM 1% 1/10W 0603,1,OTS,Each,Electrical Components,In Design,,2.1 LFP Block,90-08373A,"Battery Block with Wall Bracket, LFP, L2.1",Qualitel,4,1,1
08-04-2026,10-004982,Thermistor NTC 10K Ohm 5% 2-Pin Radial 3977K -4.5 to -4 Bulk,1,OTS,Each,Electrical Components,In Production,,9.6 KW Inverter,90-06889C,"Inverter 9.6kW with Cover and Brackets, Boxed, Lunar Blue",Sienna,1,1,0
08-04-2026,10-06521A,RES SMD 4.7K OHM 1% 1/16W 0402,1,OTS,Each,Electrical Components,In Design,,11 KW Inverter,90-08096A,"Lunar 3 Inverter, Boxed",TBD,1,24,24
08-04-2026,10-002102,"Inductor Core, Kool Mμ Hƒ, 19.2uH",1,OTS,Each,Part,In Production,,Maximizer Box,90-06831D,"Maximizer, Boxed",Sienna,1,20,0
08-04-2026,10-001933,"Insert,M3,3mm L,Molded,Thru",1,OTS,Each,Part,In Production,A//Penn Engineering,9.6 KW Inverter,90-06889C,"Inverter 9.6kW with Cover and Brackets, Boxed, Lunar Blue",Sienna,1,1,0
08-04-2026,10-001059,CAP CER 0.015UF 50V X7R 0402,1,OTS,Each,Electrical Components,In Design,,11 KW Inverter,90-08096A,"Lunar 3 Inverter, Boxed",TBD,1,1,1
08-04-2026,10-08087A,"Screw, M3 x 8, Plastic Threading, Steel, Zinc Plated",1,OTS,Each,Part,In Design,GS//TBD,11 KW Inverter,90-08096A,"Lunar 3 Inverter, Boxed",TBD,1,4,4
08-04-2026,90-08096A,"Lunar 3 Inverter, Boxed",1,MTS,Each,Top Level Assembly,In Planning,,11 KW Inverter,90-08096A,"Lunar 3 Inverter, Boxed",TBD,1,1,0
08-04-2026,10-004917,Cap Ceramic 0.068uF 1000V X7R 10% Pad SMD 1210 125°C Automotive T/R,1,OTS,Each,Electrical Components,In Production,,PV Hub,90-004034,"Maximizer Hub, Boxed",Sienna,1,5,5
08-04-2026,10-006627,CONN RCPT USB2.0 TYPE C 24POS RA,1,OTS,Each,Electrical Components,In Design,,11 KW Inverter,90-08096A,"Lunar 3 Inverter, Boxed",TBD,1,1,1
08-04-2026,10-006483,IC INTEGRATED POWER MANAGEMENT (PMI 32-VFQFN EXPOSED PAD,1,OTS,Each,Electrical Components,In Production,,11 KW Inverter,90-08096A,"Lunar 3 Inverter, Boxed",TBD,1,1,1
08-04-2026,10-002658,"Heatshrink, 3:1, BLK, Adhesive lined, 0.25in ID ,0.047in THK",1,OTS,Millimeter,Part,In Production,,9.6 KW Inverter,90-06889C,"Inverter 9.6kW with Cover and Brackets, Boxed, Lunar Blue",Sienna,1,175,0
08-04-2026,SCH-000007,"Schematics, Power Board, Type C",1,OTS,Each,Schematics,In Production,,Power PCBA (IPC),10-06105C,"PCBA, Power Board, Type C, Coated",Qualitel,1,1,1
08-04-2026,SCH-000007,"Schematics, Power Board, Type C",1,OTS,Each,Schematics,In Production,,9.6 KW Inverter,90-06889C,"Inverter 9.6kW with Cover and Brackets, Boxed, Lunar Blue",Sienna,1,1,1
08-04-2026,10-07420A,"Wire Harness, Home Controller to Motherboard, HE Inverter",2,MTS,Each,Assembly,In Design,GS//TBD,11 KW Inverter,90-08096A,"Lunar 3 Inverter, Boxed",TBD,1,1,1
08-04-2026,10-08391A,"Label, Compliance, Lunar 3 Inverter",1,MTS,Each,Part,In Planning,GS//TBD,11 KW Inverter,90-08096A,"Lunar 3 Inverter, Boxed",TBD,1,1,1
08-04-2026,10-07982A,"PCBA Cover, Motherboard, 11kW Inverter",3,MTS,Each,Part,In Design,GS//TBD,11 KW Inverter,90-08096A,"Lunar 3 Inverter, Boxed",TBD,1,1,1
08-04-2026,10-08076A,"Lunar 3 Inverter Enclosure, Top Panel, DVT1",3,MTS,Each,Part,In Design,,11 KW Inverter,90-08096A,"Lunar 3 Inverter, Boxed",TBD,1,1,0
08-04-2026,10-07907A,"Panel, Wall",3,MTS,Each,Part,In Planning,,2.1 LFP Block,90-08373A,"Battery Block with Wall Bracket, LFP, L2.1",Qualitel,4,2,0
08-04-2026,10-07886A,"RSD Switch Cover Door, Inverter, Gen 2",2,MTS,Each,Part,In Planning,GS//TBD,11 KW Inverter,90-08096A,"Lunar 3 Inverter, Boxed",TBD,1,1,1
08-04-2026,10-08010A,"Screw,M4x0.7,30mmL,BHT,Steel,Zn",1,OTS,Each,Part,In Planning,A//McMaster,2.1 LFP Block,90-08373A,"Battery Block with Wall Bracket, LFP, L2.1",Qualitel,4,4,4
08-04-2026,10-006975,RES SMD 64.9KOHM 0.1% 1/10W 0603,1,OTS,Each,Electrical Components,In Design,,11 KW Inverter,90-08096A,"Lunar 3 Inverter, Boxed",TBD,1,4,4
08-04-2026,10-07733A,"Snorkel Insert with Seal, L2.1 LFP DC ESS",2,MTS,Each,Assembly,In Design,,2.1 LFP Block,90-08373A,"Battery Block with Wall Bracket, LFP, L2.1",Qualitel,4,1,0
08-04-2026,10-07812A,Foam - UnCompressed,1,MTS,Each,Part,In Production,,2.0 LFP - EVT with cover,90-06948C,LFP Battery Block with ESS Cover and Wall Bracket,Qualitel,4,1,0
08-04-2026,10-07812A,Foam - UnCompressed,1,MTS,Each,Part,In Production,,2.0 LFP - EVT without cover,90-07675A,LFP Battery Block with Wall Bracket,Qualitel,4,1,0
08-04-2026,10-006896,CAP CER 0.022UF 50V C0G/NP0 0805,1,OTS,Each,Electrical Components,In Design,,11 KW Inverter,90-08096A,"Lunar 3 Inverter, Boxed",TBD,1,12,12
08-04-2026,10-07587A,"Busbar, Al, A",1,OTS,Each,Part,In Production,A//ACE Battery,2.0 LFP - EVT with cover,90-06948C,LFP Battery Block with ESS Cover and Wall Bracket,Qualitel,4,4,0
08-04-2026,10-07587A,"Busbar, Al, A",1,OTS,Each,Part,In Production,A//ACE Battery,2.0 LFP - EVT without cover,90-07675A,LFP Battery Block with Wall Bracket,Qualitel,4,4,0
08-04-2026,10-07557A,"QR lablel, LFP DC BB",1,OTS,Each,Part,In Production,A//ACE Battery,2.0 LFP - EVT with cover,90-06948C,LFP Battery Block with ESS Cover and Wall Bracket,Qualitel,4,1,0
08-04-2026,10-07557A,"QR lablel, LFP DC BB",1,OTS,Each,Part,In Production,A//ACE Battery,2.0 LFP - EVT without cover,90-07675A,LFP Battery Block with Wall Bracket,Qualitel,4,1,0
08-04-2026,90-06700A,"MSA Controller, Boxed",3,MTS,Each,Top Level Assembly,In Production,,MSAC,90-06700A,"MSA Controller, Boxed",Qualitel,1,1,0
08-04-2026,20-06570B,20-06570B Lunar MSA Controller PCB,1,MTS,Each,PCB,In Production,"A//Summit Hollister, A//Sunshine PCB Group",MSAC,90-06700A,"MSA Controller, Boxed",Qualitel,1,1,1
08-04-2026,10-003722,CAP CER 9PF 50V C0G 0402 AEC-Q,1,OTS,Each,Electrical Components,Sunset - Phase Out,,2.0 LFP - EVT with cover,90-06948C,LFP Battery Block with ESS Cover and Wall Bracket,Qualitel,4,2,2
08-04-2026,10-003722,CAP CER 9PF 50V C0G 0402 AEC-Q,1,OTS,Each,Electrical Components,Sunset - Phase Out,,2.0 LFP - EVT without cover,90-07675A,LFP Battery Block with Wall Bracket,Qualitel,4,2,0
08-04-2026,10-003722,CAP CER 9PF 50V C0G 0402 AEC-Q,1,OTS,Each,Electrical Components,Sunset - Phase Out,,2.1 LFP Block,90-08373A,"Battery Block with Wall Bracket, LFP, L2.1",Qualitel,4,2,2
08-04-2026,10-005043,Cap Ceramic 5pF 50V C0G 0.25pF Pad SMD 0603 125°C Automotive AEC-Q200 T/R,1,OTS,Each,Electrical Components,Sunset - Phase Out,,Power PCBA (IPC),10-06105C,"PCBA, Power Board, Type C, Coated",Qualitel,1,3,3
08-04-2026,10-005043,Cap Ceramic 5pF 50V C0G 0.25pF Pad SMD 0603 125°C Automotive AEC-Q200 T/R,1,OTS,Each,Electrical Components,Sunset - Phase Out,,9.6 KW Inverter,90-06889C,"Inverter 9.6kW with Cover and Brackets, Boxed, Lunar Blue",Sienna,1,3,3
08-04-2026,10-06928B,"Heat Sink, DCDC",1,MTS,Each,Part,In Production,A//MyHeatSinks,2.0 LFP - EVT with cover,90-06948C,LFP Battery Block with ESS Cover and Wall Bracket,Qualitel,4,1,1
08-04-2026,10-06928B,"Heat Sink, DCDC",1,MTS,Each,Part,In Production,A//MyHeatSinks,2.0 LFP - EVT without cover,90-07675A,LFP Battery Block with Wall Bracket,Qualitel,4,1,0
08-04-2026,10-006807,"XFMR FWD P-P DC/DC CONV SMD 0.485"" L x 0.410"" W (12.32mm x 10.41mm)",1,OTS,Each,Electrical Components,In Design,,2.1 LFP Block,90-08373A,"Battery Block with Wall Bracket, LFP, L2.1",Qualitel,4,1,1
08-04-2026,10-07190A,"Compression Limiter, 3.7mm, 6.5mm ID, Cu",1,MTS,Each,Part,In Production,A//ACE Battery,2.0 LFP - EVT with cover,90-06948C,LFP Battery Block with ESS Cover and Wall Bracket,Qualitel,4,4,0
08-04-2026,10-07190A,"Compression Limiter, 3.7mm, 6.5mm ID, Cu",1,MTS,Each,Part,In Production,A//ACE Battery,2.0 LFP - EVT without cover,90-07675A,LFP Battery Block with Wall Bracket,Qualitel,4,4,0
08-04-2026,10-06937A,"Fan Shroud, DCDC, LFP ESS, Rear",3,MTS,Each,Part,In Production,,2.0 LFP - EVT with cover,90-06948C,LFP Battery Block with ESS Cover and Wall Bracket,Qualitel,4,1,0
08-04-2026,10-06937A,"Fan Shroud, DCDC, LFP ESS, Rear",3,MTS,Each,Part,In Production,,2.0 LFP - EVT without cover,90-07675A,LFP Battery Block with Wall Bracket,Qualitel,4,1,0
08-04-2026,10-002221,"Enclosure, PCBA's, Bridge",5,MTS,Each,Part,In Production,A//Fictiv,Bridge,90-06801A,"Bridge, Type B, Boxed, Lunar Blue",Sienna,1,1,1
08-04-2026,10-006740,DIODE STANDARD 200V 400MA SOD123,1,OTS,Each,Electrical Components,In Design,,11 KW Inverter,90-08096A,"Lunar 3 Inverter, Boxed",TBD,1,3,3
08-04-2026,10-004879,RES 10K OHM 0.1% 1/6W 0603 AEC-Q,2,OTS,Each,Electrical Components,Sunset - Phase Out,,Maximizer Box,90-06831D,"Maximizer, Boxed",Sienna,1,240,240
08-04-2026,10-004162,RES SMD 20 OHM 1% 1/4W 1206 AEC-Q200,1,OTS,Each,Electrical Components,In Production,,2.0 LFP - EVT with cover,90-06948C,LFP Battery Block with ESS Cover and Wall Bracket,Qualitel,4,2,2
08-04-2026,10-004162,RES SMD 20 OHM 1% 1/4W 1206 AEC-Q200,1,OTS,Each,Electrical Components,In Production,,2.0 LFP - EVT without cover,90-07675A,LFP Battery Block with Wall Bracket,Qualitel,4,2,0
08-04-2026,10-004162,RES SMD 20 OHM 1% 1/4W 1206 AEC-Q200,1,OTS,Each,Electrical Components,In Production,,2.1 LFP Block,90-08373A,"Battery Block with Wall Bracket, LFP, L2.1",Qualitel,4,2,2
08-04-2026,10-003732,CAP CER 2200PF 250VAC X7R 2211,1,OTS,Each,Electrical Components,In Production,,Bridge,90-06801A,"Bridge, Type B, Boxed, Lunar Blue",Sienna,1,6,6
08-04-2026,10-002681,CAP CER 2220 33NF 1000V C0G 5%,1,OTS,Each,Electrical Components,In Production,,Power PCBA (IPC),10-06105C,"PCBA, Power Board, Type C, Coated",Qualitel,1,9,9
08-04-2026,10-002681,CAP CER 2220 33NF 1000V C0G 5%,1,OTS,Each,Electrical Components,In Production,,9.6 KW Inverter,90-06889C,"Inverter 9.6kW with Cover and Brackets, Boxed, Lunar Blue",Sienna,1,9,9
08-04-2026,10-002602,CAP CER 10UF 10V X7R 0603,1,OTS,Each,Electrical Components,In Production,,Terminal PCBA (TRM),10-06103C,"PCBA, Terminal Board, Type C, Coated",Qualitel,1,5,5
08-04-2026,10-002602,CAP CER 10UF 10V X7R 0603,1,OTS,Each,Electrical Components,In Production,,Max 2.0 PCBA,30-07320F,Maximizer 2.0 PCBA,TBD,20,5,5
08-04-2026,10-002602,CAP CER 10UF 10V X7R 0603,1,OTS,Each,Electrical Components,In Production,,9.6 KW Inverter,90-06889C,"Inverter 9.6kW with Cover and Brackets, Boxed, Lunar Blue",Sienna,1,17,17
08-04-2026,10-002602,CAP CER 10UF 10V X7R 0603,1,OTS,Each,Electrical Components,In Production,,11 KW Inverter,90-08096A,"Lunar 3 Inverter, Boxed",TBD,1,11,11
08-04-2026,10-002503,RES 6.49K OHM 1% 1/16W 0402,1,OTS,Each,Electrical Components,In Production,,Link,30-07519A,Lunar Link PCBA,Sienna,1,1,1
08-04-2026,10-002503,RES 6.49K OHM 1% 1/16W 0402,1,OTS,Each,Electrical Components,In Production,,9.6 KW Inverter,90-06889C,"Inverter 9.6kW with Cover and Brackets, Boxed, Lunar Blue",Sienna,1,7,7
08-04-2026,10-002503,RES 6.49K OHM 1% 1/16W 0402,1,OTS,Each,Electrical Components,In Production,,11 KW Inverter,90-08096A,"Lunar 3 Inverter, Boxed",TBD,1,3,3
08-04-2026,10-002734,RES 4.7K OHM 1% 1/16W 0402 AEC-Q,1,OTS,Each,Electrical Components,In Production,,Terminal PCBA (TRM),10-06103C,"PCBA, Terminal Board, Type C, Coated",Qualitel,1,4,4
08-04-2026,10-002734,RES 4.7K OHM 1% 1/16W 0402 AEC-Q,1,OTS,Each,Electrical Components,In Production,,9.6 KW Inverter,90-06889C,"Inverter 9.6kW with Cover and Brackets, Boxed, Lunar Blue",Sienna,1,4,4
08-04-2026,10-006282,Busbar IphA,2,OTS,Each,Part,In Production,,9.6 KW Inverter,90-06889C,"Inverter 9.6kW with Cover and Brackets, Boxed, Lunar Blue",Sienna,1,1,0
08-04-2026,10-001267,"Enclosure, Top, Maximizer",7,MTS,Each,Part,In Production,A//Fictiv,Maximizer Box,90-06831D,"Maximizer, Boxed",Sienna,1,20,20
08-04-2026,10-000631,Rectangular Power Connector,1,OTS,Each,Electrical Components,In Production,,Terminal PCBA (TRM),10-06103C,"PCBA, Terminal Board, Type C, Coated",Qualitel,1,2,2
08-04-2026,10-000631,Rectangular Power Connector,1,OTS,Each,Electrical Components,In Production,,9.6 KW Inverter,90-06889C,"Inverter 9.6kW with Cover and Brackets, Boxed, Lunar Blue",Sienna,1,2,2
08-04-2026,10-000631,Rectangular Power Connector,1,OTS,Each,Electrical Components,In Production,,11 KW Inverter,90-08096A,"Lunar 3 Inverter, Boxed",TBD,1,1,1
08-04-2026,10-000539,RES SMD 7.32 OHM 0.1% 1/10W 0805,1,OTS,Each,Electrical Components,In Production,,Terminal PCBA (TRM),10-06103C,"PCBA, Terminal Board, Type C, Coated",Qualitel,1,2,2
08-04-2026,10-000539,RES SMD 7.32 OHM 0.1% 1/10W 0805,1,OTS,Each,Electrical Components,In Production,,9.6 KW Inverter,90-06889C,"Inverter 9.6kW with Cover and Brackets, Boxed, Lunar Blue",Sienna,1,2,2
08-04-2026,10-001560,WL-SMCW SMT MONO-COLOR CHIP LED,1,OTS,Each,Electrical Components,In Production,,Power PCBA (IPC),10-06105C,"PCBA, Power Board, Type C, Coated",Qualitel,1,3,3
08-04-2026,10-001560,WL-SMCW SMT MONO-COLOR CHIP LED,1,OTS,Each,Electrical Components,In Production,,9.6 KW Inverter,90-06889C,"Inverter 9.6kW with Cover and Brackets, Boxed, Lunar Blue",Sienna,1,3,3
08-04-2026,10-005069,"Heatshrink, 2:1 BLK, 600V, 9.5ID Supplied 4.7ID Recovered,",1,OTS,Millimeter,Part,In Production,,9.6 KW Inverter,90-06889C,"Inverter 9.6kW with Cover and Brackets, Boxed, Lunar Blue",Sienna,1,40,0
08-04-2026,10-000673,FIXED IND 2.2UH 1.5A 69.6MOHM SM,1,OTS,Each,Electrical Components,In Production,,PV Hub,90-004034,"Maximizer Hub, Boxed",Sienna,1,1,1
08-04-2026,10-000673,FIXED IND 2.2UH 1.5A 69.6MOHM SM,1,OTS,Each,Electrical Components,In Production,,11 KW Inverter,90-08096A,"Lunar 3 Inverter, Boxed",TBD,1,1,1
08-04-2026,10-004556,CAP FILM 0.22UF 10% 1.5KVDC RAD AEC-Q,1,OTS,Each,Electrical Components,In Production,,Terminal PCBA (TRM),10-06103C,"PCBA, Terminal Board, Type C, Coated",Qualitel,1,3,3
08-04-2026,10-004556,CAP FILM 0.22UF 10% 1.5KVDC RAD AEC-Q,1,OTS,Each,Electrical Components,In Production,,9.6 KW Inverter,90-06889C,"Inverter 9.6kW with Cover and Brackets, Boxed, Lunar Blue",Sienna,1,3,3
08-04-2026,10-004556,CAP FILM 0.22UF 10% 1.5KVDC RAD AEC-Q,1,OTS,Each,Electrical Components,In Production,,11 KW Inverter,90-08096A,"Lunar 3 Inverter, Boxed",TBD,1,3,3
08-04-2026,10-001189,RES SMD 3.3K OHM 1% 1/10W 0603 AEC-Q,1,OTS,Each,Electrical Components,In Production,,Terminal PCBA (TRM),10-06103C,"PCBA, Terminal Board, Type C, Coated",Qualitel,1,9,9
08-04-2026,10-001189,RES SMD 3.3K OHM 1% 1/10W 0603 AEC-Q,1,OTS,Each,Electrical Components,In Production,,9.6 KW Inverter,90-06889C,"Inverter 9.6kW with Cover and Brackets, Boxed, Lunar Blue",Sienna,1,9,9
08-04-2026,10-005459,CAP CER 0.47UF 25V X7R 0603,1,OTS,Each,Electrical Components,In Design,,2.1 LFP Block,90-08373A,"Battery Block with Wall Bracket, LFP, L2.1",Qualitel,4,19,19
08-04-2026,10-005236,"Film,Insulation, 0.43mm Thick",1,OTS,Millimeter Square,Part,In Production,,9.6 KW Inverter,90-06889C,"Inverter 9.6kW with Cover and Brackets, Boxed, Lunar Blue",Sienna,1,216596,0
08-04-2026,10-005308,"Inverter Cover, Bug Barrier with Hook and Loop Strap",2,MTS,Each,Part,In Production,,9.6 KW Inverter,90-06889C,"Inverter 9.6kW with Cover and Brackets, Boxed, Lunar Blue",Sienna,1,2,0
08-04-2026,10-003527,"Cover, PCBA, PV Hub",3,MTS,Each,Part,In Production,A//Fictiv,PV Hub,90-004034,"Maximizer Hub, Boxed",Sienna,1,1,1
08-04-2026,10-004950,"Stainless Steel, 302",1,OTS,Gram,Part,In Production,,HW Kit,90-001223,"20kWh Hardware Kit, Lunar Blue",Sienna,1,8,0
08-04-2026,10-004950,"Stainless Steel, 302",1,OTS,Gram,Part,In Production,,LFP HW Kit,90-07290A,20kWh LFP ESS Hardware Kit,Sienna,1,8,0
08-04-2026,10-002127,"Powder Coat, Lunar Blue",1,OTS,Gram,Part,In Production,A//Open AML,Bridge,90-06801A,"Bridge, Type B, Boxed, Lunar Blue",Sienna,1,710,0
08-04-2026,10-004146,"Lift-Off Hinge, w/ pin, w/ holes, No Shim, RH, Bridge",1,OTS,Each,Part,In Production,A//Avalon,Bridge,90-06801A,"Bridge, Type B, Boxed, Lunar Blue",Sienna,1,2,0
08-04-2026,10-004058,"Ground Bracket, Load Tray, Lower, Bridge",4,MTS,Each,Part,In Production,,Bridge,90-06801A,"Bridge, Type B, Boxed, Lunar Blue",Sienna,1,1,0
08-04-2026,10-004970,"Label, Branch Circuits, Inner Panel, Right, Bridge",1,MTS,Each,Part,In Production,A//Boyd Corporation,Bridge,90-06801A,"Bridge, Type B, Boxed, Lunar Blue",Sienna,1,1,1
08-04-2026,10-000992,CONN HEADER SMD 3POS 2.5MM,1,OTS,Each,Electrical Components,In Production,,Bridge,90-06801A,"Bridge, Type B, Boxed, Lunar Blue",Sienna,1,1,1
08-04-2026,10-002337,DIODE GP 600V 500MA DO219AB,1,OTS,Each,Electrical Components,In Production,,PV Hub,90-004034,"Maximizer Hub, Boxed",Sienna,1,2,2
08-04-2026,10-003187,"Carbon Steel, ASTM A1008 Grade CS Type A",1,OTS,Gram,Part,In Production,A//Open AML,Bridge,90-06801A,"Bridge, Type B, Boxed, Lunar Blue",Sienna,1,14158,0
08-04-2026,10-003187,"Carbon Steel, ASTM A1008 Grade CS Type A",1,OTS,Gram,Part,In Production,A//Open AML,9.6 KW Inverter,90-06889C,"Inverter 9.6kW with Cover and Brackets, Boxed, Lunar Blue",Sienna,1,10.24,0
08-04-2026,10-003187,"Carbon Steel, ASTM A1008 Grade CS Type A",1,OTS,Gram,Part,In Production,A//Open AML,2.0 LFP - EVT with cover,90-06948C,LFP Battery Block with ESS Cover and Wall Bracket,Qualitel,4,3.4,0
08-04-2026,10-005249,"Ink, Silk Screen, Black",1,OTS,Gram,Part,In Production,,9.6 KW Inverter,90-06889C,"Inverter 9.6kW with Cover and Brackets, Boxed, Lunar Blue",Sienna,1,1,0
08-04-2026,10-004942,"Bottom Nest, Flat Wire Inductor, Power Module",1,OTS,Each,Part,In Production,A//Bourns Inc.,9.6 KW Inverter,90-06889C,"Inverter 9.6kW with Cover and Brackets, Boxed, Lunar Blue",Sienna,1,2,0
08-04-2026,10-004983,"Adhesive Transfer Tape w/ Liner, 5.1mil Thickness, Acrylic Pressure Sensitive Adhesive",1,OTS,Millimeter Square,Part,In Production,A//3M,9.6 KW Inverter,90-06889C,"Inverter 9.6kW with Cover and Brackets, Boxed, Lunar Blue",Sienna,1,36044,0
08-04-2026,PS-000014,"Ink, Logo, Metallic Silver",1,MTS,Each,Product Specification,In Production,,Bridge,90-06801A,"Bridge, Type B, Boxed, Lunar Blue",Sienna,1,1,0
08-04-2026,10-002166,"Tape,Adhesive,Vinyl,0.18mm THK",1,OTS,Millimeter,Part,In Production,A//3M,HW Kit,90-001223,"20kWh Hardware Kit, Lunar Blue",Sienna,1,600,0
08-04-2026,10-002166,"Tape,Adhesive,Vinyl,0.18mm THK",1,OTS,Millimeter,Part,In Production,A//3M,LFP HW Kit,90-07290A,20kWh LFP ESS Hardware Kit,Sienna,1,600,0
08-04-2026,10-004454,FERRITE BEAD 1.5K OHM 0603 1LN,1,OTS,Each,Electrical Components,In Design,,Link,30-07519A,Lunar Link PCBA,Sienna,1,2,2
08-04-2026,10-004454,FERRITE BEAD 1.5K OHM 0603 1LN,1,OTS,Each,Electrical Components,In Design,,11 KW Inverter,90-08096A,"Lunar 3 Inverter, Boxed",TBD,1,3,3
08-04-2026,10-002437,"Antenna, Taoglas MA283, Right",2,OTS,Each,Part,In Production,,9.6 KW Inverter,90-06889C,"Inverter 9.6kW with Cover and Brackets, Boxed, Lunar Blue",Sienna,1,1,0
08-04-2026,10-001865,"Nylon 6/6,25% GF",2,OTS,Gram,Part,In Production,A//Avient,Bridge,90-06801A,"Bridge, Type B, Boxed, Lunar Blue",Sienna,1,267,0
08-04-2026,10-001865,"Nylon 6/6,25% GF",2,OTS,Gram,Part,In Production,A//Avient,9.6 KW Inverter,90-06889C,"Inverter 9.6kW with Cover and Brackets, Boxed, Lunar Blue",Sienna,1,2378,0
08-04-2026,10-003227,CAP CER 22UF 6.3V X5R 0402,1,OTS,Each,Electrical Components,In Design,,11 KW Inverter,90-08096A,"Lunar 3 Inverter, Boxed",TBD,1,3,3
08-04-2026,10-004340,"Screw,M4X34mm,SEMS and spring washer, BHT,T-15,ZiNi BC",1,OTS,Each,Part,In Production,A//Pencom,2.0 LFP - EVT with cover,90-06948C,LFP Battery Block with ESS Cover and Wall Bracket,Qualitel,4,2,2
08-04-2026,10-004340,"Screw,M4X34mm,SEMS and spring washer, BHT,T-15,ZiNi BC",1,OTS,Each,Part,In Production,A//Pencom,2.0 LFP - EVT without cover,90-07675A,LFP Battery Block with Wall Bracket,Qualitel,4,2,0
08-04-2026,10-004340,"Screw,M4X34mm,SEMS and spring washer, BHT,T-15,ZiNi BC",1,OTS,Each,Part,In Production,A//Pencom,2.1 LFP Block,90-08373A,"Battery Block with Wall Bracket, LFP, L2.1",Qualitel,4,2,2
08-04-2026,10-002109,"Screw,M5 x 0.8 6g x 8mm,BHT T-25,Steel,ZnNi BC,Nylon Patch",1,OTS,Each,Part,In Production,A//Pencom,Bridge,90-06801A,"Bridge, Type B, Boxed, Lunar Blue",Sienna,1,2,2
08-04-2026,10-006653,IC PWR SWITCH N-CHAN 1:1 8WSON,1,OTS,Each,Electrical Components,In Design,,11 KW Inverter,90-08096A,"Lunar 3 Inverter, Boxed",TBD,1,2,2
08-04-2026,10-06759A,"2.00mm Pitch Crimp Terminal, MicroClasp, Female, 28-22 AWG",1,OTS,Each,Part,In Production,,MSAC,90-06700A,"MSA Controller, Boxed",Qualitel,1,31,0
08-04-2026,10-004093,"Conduit Cover, Full, Short, Charcoal Suede",4,MTS,Each,Part,In Production,A//JPOND,9.6 KW Inverter,90-06889C,"Inverter 9.6kW with Cover and Brackets, Boxed, Lunar Blue",Sienna,1,2,0
08-04-2026,10-06719A,C1100 Copper ASTM B187/B187M-20,1,OTS,Gram,Part,In Production,,9.6 KW Inverter,90-06889C,"Inverter 9.6kW with Cover and Brackets, Boxed, Lunar Blue",Sienna,1,7232,0
08-04-2026,10-006625,IND 4.7UH 3A 70 MOHM SMD,1,OTS,Each,Electrical Components,In Design,,11 KW Inverter,90-08096A,"Lunar 3 Inverter, Boxed",TBD,1,2,2
08-04-2026,10-003989,"Rivet.blind,0.125in,316 SS",2,OTS,Each,Part,In Production,A//JPOND,Lifting Tool,90-005336,"Lifting Tool, Boxed",Sienna,1,8,0
08-04-2026,10-006560,RES SMD 9.1K OHM 0.1% 1/16W 0402,1,OTS,Each,Electrical Components,Sunset - Phase Out,,11 KW Inverter,90-08096A,"Lunar 3 Inverter, Boxed",TBD,1,4,4
08-04-2026,10-006373,CAP CER 0.022UF 50V X7R 0402,1,OTS,Each,Electrical Components,In Production,,Link,30-07519A,Lunar Link PCBA,Sienna,1,22,22
08-04-2026,10-002753,"HOUSED PTC THERMISTORS AS ICL, 2 AEC-Q",1,OTS,Each,Electrical Components,In Production,,Power PCBA (IPC),10-06105C,"PCBA, Power Board, Type C, Coated",Qualitel,1,2,2
08-04-2026,10-002753,"HOUSED PTC THERMISTORS AS ICL, 2 AEC-Q",1,OTS,Each,Electrical Components,In Production,,9.6 KW Inverter,90-06889C,"Inverter 9.6kW with Cover and Brackets, Boxed, Lunar Blue",Sienna,1,2,2
08-04-2026,10-002753,"HOUSED PTC THERMISTORS AS ICL, 2 AEC-Q",1,OTS,Each,Electrical Components,In Production,,11 KW Inverter,90-08096A,"Lunar 3 Inverter, Boxed",TBD,1,2,2
08-04-2026,10-001794,"Backplate, Wall Bracket, Battery Block",6,MTS,Each,Part,In Production,,2.0 LFP - EVT with cover,90-06948C,LFP Battery Block with ESS Cover and Wall Bracket,Qualitel,4,1,0
08-04-2026,10-001794,"Backplate, Wall Bracket, Battery Block",6,MTS,Each,Part,In Production,,2.0 LFP - EVT without cover,90-07675A,LFP Battery Block with Wall Bracket,Qualitel,4,1,0
08-04-2026,10-001794,"Backplate, Wall Bracket, Battery Block",6,MTS,Each,Part,In Production,,2.1 LFP Block,90-08373A,"Battery Block with Wall Bracket, LFP, L2.1",Qualitel,4,1,0
08-04-2026,10-004037,"MOSFET Silicon carbide Power MOSFET 650 V, 18 mOhm typ 119 A,Bent Pins",1,MTS,Each,Part,In Production,,Power PCBA (IPC),10-06105C,"PCBA, Power Board, Type C, Coated",Qualitel,1,6,0
08-04-2026,10-004037,"MOSFET Silicon carbide Power MOSFET 650 V, 18 mOhm typ 119 A,Bent Pins",1,MTS,Each,Part,In Production,,9.6 KW Inverter,90-06889C,"Inverter 9.6kW with Cover and Brackets, Boxed, Lunar Blue",Sienna,1,6,0
08-04-2026,10-003772,"Clip, Wire Harness Pair, Maximizer",3,MTS,Each,Part,In Production,A//Fictiv,Maximizer Box,90-06831D,"Maximizer, Boxed",Sienna,1,40,40
08-04-2026,10-005877,"Nut, Channel, 5-16IN-18",1,OTS,Each,Part,In Production,A//SnapNrack Solar Mounting Solutions,PV Hub,90-004034,"Maximizer Hub, Boxed",Sienna,1,1,0
08-04-2026,30-005055,Capacitor Board TypeA PCBA,1,MTS,Each,PCBA,In Production,,9.6 KW Inverter,90-06889C,"Inverter 9.6kW with Cover and Brackets, Boxed, Lunar Blue",Sienna,1,1,0
08-04-2026,10-003914,IC BUFFER NON-INVERT 6V 20SOIC,1,OTS,Each,Electrical Components,In Production,,11 KW Inverter,90-08096A,"Lunar 3 Inverter, Boxed",TBD,1,1,1
08-04-2026,10-006083,"Label Base, UL 969, Thermal Transfer, Polyester, AD S8001",01,OTS,Each,Part,In Production,,HW Kit,90-001223,"20kWh Hardware Kit, Lunar Blue",Sienna,1,1,0
08-04-2026,10-006083,"Label Base, UL 969, Thermal Transfer, Polyester, AD S8001",01,OTS,Each,Part,In Production,,PV Hub,90-004034,"Maximizer Hub, Boxed",Sienna,1,2,0
08-04-2026,10-006083,"Label Base, UL 969, Thermal Transfer, Polyester, AD S8001",01,OTS,Each,Part,In Production,,Bridge,90-06801A,"Bridge, Type B, Boxed, Lunar Blue",Sienna,1,3,0
08-04-2026,10-006083,"Label Base, UL 969, Thermal Transfer, Polyester, AD S8001",01,OTS,Each,Part,In Production,,Maximizer Box,90-06831D,"Maximizer, Boxed",Sienna,1,20,0
08-04-2026,10-006083,"Label Base, UL 969, Thermal Transfer, Polyester, AD S8001",01,OTS,Each,Part,In Production,,9.6 KW Inverter,90-06889C,"Inverter 9.6kW with Cover and Brackets, Boxed, Lunar Blue",Sienna,1,3,0
08-04-2026,10-006083,"Label Base, UL 969, Thermal Transfer, Polyester, AD S8001",01,OTS,Each,Part,In Production,,LFP HW Kit,90-07290A,20kWh LFP ESS Hardware Kit,Sienna,1,1,0
08-04-2026,10-006083,"Label Base, UL 969, Thermal Transfer, Polyester, AD S8001",01,OTS,Each,Part,In Production,,11 KW Inverter,90-08096A,"Lunar 3 Inverter, Boxed",TBD,1,1,0
08-04-2026,10-003431,HIGH ANTI-SURGE THICK FILM CHIP AEC-Q,1,OTS,Each,Electrical Components,In Production,,Maximizer Box,90-06831D,"Maximizer, Boxed",Sienna,1,40,40
08-04-2026,10-002925,IC OFFLINE SWITCH FLYBACK 8DSO,1,OTS,Each,Electrical Components,In Production,,Terminal PCBA (TRM),10-06103C,"PCBA, Terminal Board, Type C, Coated",Qualitel,1,1,1
08-04-2026,10-002925,IC OFFLINE SWITCH FLYBACK 8DSO,1,OTS,Each,Electrical Components,In Production,,Bridge,90-06801A,"Bridge, Type B, Boxed, Lunar Blue",Sienna,1,1,1
08-04-2026,10-002925,IC OFFLINE SWITCH FLYBACK 8DSO,1,OTS,Each,Electrical Components,In Production,,9.6 KW Inverter,90-06889C,"Inverter 9.6kW with Cover and Brackets, Boxed, Lunar Blue",Sienna,1,1,1
08-04-2026,10-002009,ISOMOV 8KA 250VRMS BULK IN-LINE,1,OTS,Each,Electrical Components,In Production,,Power PCBA (IPC),10-06105C,"PCBA, Power Board, Type C, Coated",Qualitel,1,2,2
08-04-2026,10-002009,ISOMOV 8KA 250VRMS BULK IN-LINE,1,OTS,Each,Electrical Components,In Production,,Bridge,90-06801A,"Bridge, Type B, Boxed, Lunar Blue",Sienna,1,1,1
08-04-2026,10-002009,ISOMOV 8KA 250VRMS BULK IN-LINE,1,OTS,Each,Electrical Components,In Production,,9.6 KW Inverter,90-06889C,"Inverter 9.6kW with Cover and Brackets, Boxed, Lunar Blue",Sienna,1,2,2
08-04-2026,10-002009,ISOMOV 8KA 250VRMS BULK IN-LINE,1,OTS,Each,Electrical Components,In Production,,11 KW Inverter,90-08096A,"Lunar 3 Inverter, Boxed",TBD,1,1,1
08-04-2026,10-001548,RES 0 OHM JUMPER 1/10W 0603,1,OTS,Each,Electrical Components,In Production,,Power PCBA (IPC),10-06105C,"PCBA, Power Board, Type C, Coated",Qualitel,1,4,4
08-04-2026,10-001548,RES 0 OHM JUMPER 1/10W 0603,1,OTS,Each,Electrical Components,In Production,,Maximizer Box,90-06831D,"Maximizer, Boxed",Sienna,1,80,80
08-04-2026,10-001548,RES 0 OHM JUMPER 1/10W 0603,1,OTS,Each,Electrical Components,In Production,,9.6 KW Inverter,90-06889C,"Inverter 9.6kW with Cover and Brackets, Boxed, Lunar Blue",Sienna,1,4,4
08-04-2026,10-001548,RES 0 OHM JUMPER 1/10W 0603,1,OTS,Each,Electrical Components,In Production,,11 KW Inverter,90-08096A,"Lunar 3 Inverter, Boxed",TBD,1,9,9
08-04-2026,10-001548,RES 0 OHM JUMPER 1/10W 0603,1,OTS,Each,Electrical Components,In Production,,2.1 LFP Block,90-08373A,"Battery Block with Wall Bracket, LFP, L2.1",Qualitel,4,5,5
08-04-2026,10-001181,RES SMD 249K OHM 0.1% 1/4W 1206 AEC-Q,1,OTS,Each,Electrical Components,In Production,,Bridge,90-06801A,"Bridge, Type B, Boxed, Lunar Blue",Sienna,1,16,16
08-04-2026,10-001181,RES SMD 249K OHM 0.1% 1/4W 1206 AEC-Q,1,OTS,Each,Electrical Components,In Production,,2.0 LFP - EVT with cover,90-06948C,LFP Battery Block with ESS Cover and Wall Bracket,Qualitel,4,16,16
08-04-2026,10-001181,RES SMD 249K OHM 0.1% 1/4W 1206 AEC-Q,1,OTS,Each,Electrical Components,In Production,,2.0 LFP - EVT without cover,90-07675A,LFP Battery Block with Wall Bracket,Qualitel,4,16,0
08-04-2026,10-004878,RES SMD 100K OHM 0.1% 1/10W 0603,1,OTS,Each,Electrical Components,In Production,,Maximizer Box,90-06831D,"Maximizer, Boxed",Sienna,1,200,200
08-04-2026,10-06949C,LFP Battery Block,5,MTS,Each,Part,In Production,,2.0 LFP - EVT with cover,90-06948C,LFP Battery Block with ESS Cover and Wall Bracket,Qualitel,4,1,0
08-04-2026,10-06949C,LFP Battery Block,5,MTS,Each,Part,In Production,,2.0 LFP - EVT without cover,90-07675A,LFP Battery Block with Wall Bracket,Qualitel,4,1,0
08-04-2026,10-08401A,RES SMD 3.3K OHM 1% 1/5W 0402 PULSE WITHSTANDING AEC-Q,1,OTS,Each,Electrical Components,In Production,,Link,30-07519A,Lunar Link PCBA,Sienna,1,1,1
08-04-2026,10-07953A,"TLA, LFP BATTERY BLOCK, L2.1",1,MTS,Each,Assembly,In Planning,,2.1 LFP Block,90-08373A,"Battery Block with Wall Bracket, LFP, L2.1",Qualitel,4,1,0
08-04-2026,90-08373A,"Battery Block with Wall Bracket, LFP, L2.1",1,MTS,Each,Top Level Assembly,In Planning,,2.1 LFP Block,90-08373A,"Battery Block with Wall Bracket, LFP, L2.1",Qualitel,4,1,0
08-04-2026,10-007022,RES 24.9K OHM 1% 1/8W 0805,1,OTS,Each,Electrical Components,In Production,,Link,30-07519A,Lunar Link PCBA,Sienna,1,2,2
08-04-2026,10-08346A,"Sub Assy, Nest CA 2.1",1,MTS,Each,Assembly,In Planning,GS//TBD,2.1 LFP Block,90-08373A,"Battery Block with Wall Bracket, LFP, L2.1",Qualitel,4,1,1
08-04-2026,30-005747,"PCBA, Control, Bridge Type B",1,MTS,Each,PCBA,In Production,,Bridge,90-06801A,"Bridge, Type B, Boxed, Lunar Blue",Sienna,1,1,0
08-04-2026,10-08072A,"Submodule, L2.1, Pos-side",1,MTS,Each,Assembly,In Design,,2.1 LFP Block,90-08373A,"Battery Block with Wall Bracket, LFP, L2.1",Qualitel,4,1,0
08-04-2026,10-08013A,"Nano-Fit Receptacle Housing, TPA Capable, 2.50mm Pitch, Dual Row, 4 Circuits, Natural",1,MTS,Each,Part,In Planning,,11 KW Inverter,90-08096A,"Lunar 3 Inverter, Boxed",TBD,1,1,0
08-04-2026,10-08030A,Busbar CCS Conn w/PC 0.5,1,MTS,Each,Assembly,In Design,,2.1 LFP Block,90-08373A,"Battery Block with Wall Bracket, LFP, L2.1",Qualitel,4,4,0
08-04-2026,10-08002A,"HE Inverter, Ground Bar Bracket, Lunar 3",2,MTS,Each,Assembly,In Design,,11 KW Inverter,90-08096A,"Lunar 3 Inverter, Boxed",TBD,1,1,0
08-04-2026,10-07957A,CONN HEADER R/A 40POS 2.54MM 2 ROWS 54.68MML X 12.51MMD,1,OTS,Each,Electrical Components,In Planning,,2.1 LFP Block,90-08373A,"Battery Block with Wall Bracket, LFP, L2.1",Qualitel,4,1,1
08-04-2026,10-007011,FUSE HOLDER HIGH PROFILE BLOCK MINI FUSE SMT 30 AMP (16MML X 9.25MMD),1,OTS,Each,Electrical Components,Sunset - Phase Out,,11 KW Inverter,90-08096A,"Lunar 3 Inverter, Boxed",TBD,1,4,4
08-04-2026,10-07893A,"Busbar, CCS Conn",2,MTS,Each,Part,In Design,,2.1 LFP Block,90-08373A,"Battery Block with Wall Bracket, LFP, L2.1",Qualitel,4,4,0
08-04-2026,10-003489,RES 4.99K OHM 1% 1/4W 1206 AEC-Q,2,OTS,Each,Electrical Components,In Production,,Bridge,90-06801A,"Bridge, Type B, Boxed, Lunar Blue",Sienna,1,2,2
08-04-2026,10-003186,RES 11K OHM 1% 1/16W 0402 AEC-Q,2,OTS,Each,Electrical Components,In Production,,Terminal PCBA (TRM),10-06103C,"PCBA, Terminal Board, Type C, Coated",Qualitel,1,1,1
08-04-2026,10-003186,RES 11K OHM 1% 1/16W 0402 AEC-Q,2,OTS,Each,Electrical Components,In Production,,9.6 KW Inverter,90-06889C,"Inverter 9.6kW with Cover and Brackets, Boxed, Lunar Blue",Sienna,1,1,1
08-04-2026,10-003186,RES 11K OHM 1% 1/16W 0402 AEC-Q,2,OTS,Each,Electrical Components,In Production,,11 KW Inverter,90-08096A,"Lunar 3 Inverter, Boxed",TBD,1,2,2
08-04-2026,10-002613,RES 39 OHM 1% 1/16W 0402,2,OTS,Each,Electrical Components,In Production,,9.6 KW Inverter,90-06889C,"Inverter 9.6kW with Cover and Brackets, Boxed, Lunar Blue",Sienna,1,1,1
08-04-2026,10-002613,RES 39 OHM 1% 1/16W 0402,2,OTS,Each,Electrical Components,In Production,,11 KW Inverter,90-08096A,"Lunar 3 Inverter, Boxed",TBD,1,3,3
08-04-2026,10-002165,RES SMD 2.2K OHM 1% 1/8W 0603 AEC-Q,2,OTS,Each,Electrical Components,In Production,,Power PCBA (IPC),10-06105C,"PCBA, Power Board, Type C, Coated",Qualitel,1,2,2
08-04-2026,10-002165,RES SMD 2.2K OHM 1% 1/8W 0603 AEC-Q,2,OTS,Each,Electrical Components,In Production,,9.6 KW Inverter,90-06889C,"Inverter 9.6kW with Cover and Brackets, Boxed, Lunar Blue",Sienna,1,3,3
08-04-2026,10-001230,RES SMD 49.9 OHM 1% 0.33W 0402 AEC-Q,2,OTS,Each,Electrical Components,Sunset - Phase Out,,9.6 KW Inverter,90-06889C,"Inverter 9.6kW with Cover and Brackets, Boxed, Lunar Blue",Sienna,1,5,5
08-04-2026,10-006194,RES 330K OHM 1% 2W 2512 AEC-Q,2,OTS,Each,Electrical Components,In Production,,Terminal PCBA (TRM),10-06103C,"PCBA, Terminal Board, Type C, Coated",Qualitel,1,6,6
08-04-2026,10-006194,RES 330K OHM 1% 2W 2512 AEC-Q,2,OTS,Each,Electrical Components,In Production,,9.6 KW Inverter,90-06889C,"Inverter 9.6kW with Cover and Brackets, Boxed, Lunar Blue",Sienna,1,6,6
08-04-2026,10-004631,RES 340 OHM 1% 1/16W 0402 AEC-Q,2,OTS,Each,Electrical Components,In Production,,Terminal PCBA (TRM),10-06103C,"PCBA, Terminal Board, Type C, Coated",Qualitel,1,5,5
08-04-2026,10-004631,RES 340 OHM 1% 1/16W 0402 AEC-Q,2,OTS,Each,Electrical Components,In Production,,9.6 KW Inverter,90-06889C,"Inverter 9.6kW with Cover and Brackets, Boxed, Lunar Blue",Sienna,1,5,5
08-04-2026,10-004043,RES 100K OHM 1% 1/4W 0603 150V AEC-Q,2,OTS,Each,Electrical Components,In Production,,Power PCBA (IPC),10-06105C,"PCBA, Power Board, Type C, Coated",Qualitel,1,1,1
08-04-2026,10-004043,RES 100K OHM 1% 1/4W 0603 150V AEC-Q,2,OTS,Each,Electrical Components,In Production,,9.6 KW Inverter,90-06889C,"Inverter 9.6kW with Cover and Brackets, Boxed, Lunar Blue",Sienna,1,1,1
08-04-2026,10-004043,RES 100K OHM 1% 1/4W 0603 150V AEC-Q,2,OTS,Each,Electrical Components,In Production,,2.1 LFP Block,90-08373A,"Battery Block with Wall Bracket, LFP, L2.1",Qualitel,4,3,3
08-04-2026,10-004852,Res Thick Film 0402 19.1K Ohm 1% 0.1W(1/10W) ±100ppm/°C Pad SMD Automotive T/R,1,OTS,Each,Electrical Components,In Production,,11 KW Inverter,90-08096A,"Lunar 3 Inverter, Boxed",TBD,1,4,4
08-04-2026,10-006972,RES 75K OHM 1% 1/4W 0805,1,OTS,Each,Electrical Components,In Design,,11 KW Inverter,90-08096A,"Lunar 3 Inverter, Boxed",TBD,1,1,1
08-04-2026,10-007005,"IC HALF BRIDGE POWER STAGES GAN FET 100V RDS 2.2mOHM VBN (VQFN, 18) (7.00mm×4.50mm)",1,OTS,Each,Electrical Components,In Planning,,Max 2.0 PCBA,30-07320F,Maximizer 2.0 PCBA,TBD,20,2,2
08-04-2026,10-007003,RES SMD 6.04KOHM 0.1% 1/16W 0402,1,OTS,Each,Electrical Components,In Design,,11 KW Inverter,90-08096A,"Lunar 3 Inverter, Boxed",TBD,1,3,3
08-04-2026,10-007000,CONN JACK 1PORT SHIELDED PTH GREEN -YELLOW 90° Angle 15.9MM X 21.3MM,1,OTS,Each,Electrical Components,In Planning,,Link,30-07519A,Lunar Link PCBA,Sienna,1,1,1
08-04-2026,10-001719,CAP CER 0.22UF 50V X7R 0603 AEC-Q,1,OTS,Each,Electrical Components,Sunset - Phase Out,,2.0 LFP - EVT with cover,90-06948C,LFP Battery Block with ESS Cover and Wall Bracket,Qualitel,4,3,3
08-04-2026,10-001719,CAP CER 0.22UF 50V X7R 0603 AEC-Q,1,OTS,Each,Electrical Components,Sunset - Phase Out,,2.0 LFP - EVT without cover,90-07675A,LFP Battery Block with Wall Bracket,Qualitel,4,3,0
08-04-2026,10-001719,CAP CER 0.22UF 50V X7R 0603 AEC-Q,1,OTS,Each,Electrical Components,Sunset - Phase Out,,11 KW Inverter,90-08096A,"Lunar 3 Inverter, Boxed",TBD,1,1,1
08-04-2026,30-06569B,30-06569B Lunar MSA Controller_1 Production PCBA,3,MTS,Each,Part,In Production,,MSAC,90-06700A,"MSA Controller, Boxed",Qualitel,1,1,0
08-04-2026,10-06833A,"Label, Compliance, Bridge, Type B",2,MTS,Each,Assembly,In Production,GS//[TBD],Bridge,90-06801A,"Bridge, Type B, Boxed, Lunar Blue",Sienna,1,1,1
08-04-2026,10-07404A,"Packaging Kit, LFP Battery Block with ESS Cover and Wall Bracket",1,OTS,Each,Part,Sunset - Phase Out,A//Veritiv Operating Company,2.0 LFP - EVT with cover,90-06948C,LFP Battery Block with ESS Cover and Wall Bracket,Qualitel,4,1,1
08-04-2026,10-002907,IC REG LINEAR 5V 500MA TO263-7-1,1,OTS,Each,Electrical Components,Sunset - EOL,,9.6 KW Inverter,90-06889C,"Inverter 9.6kW with Cover and Brackets, Boxed, Lunar Blue",Sienna,1,1,1
08-04-2026,10-07578A,PC Insulation Plate A,1,OTS,Each,Part,In Production,A//ACE Battery,2.0 LFP - EVT with cover,90-06948C,LFP Battery Block with ESS Cover and Wall Bracket,Qualitel,4,4,0
08-04-2026,10-07578A,PC Insulation Plate A,1,OTS,Each,Part,In Production,A//ACE Battery,2.0 LFP - EVT without cover,90-07675A,LFP Battery Block with Wall Bracket,Qualitel,4,4,0
08-04-2026,10-07578A,PC Insulation Plate A,1,OTS,Each,Part,In Production,A//ACE Battery,2.1 LFP Block,90-08373A,"Battery Block with Wall Bracket, LFP, L2.1",Qualitel,4,4,0
08-04-2026,10-006936,"CAP ALUM 22UF 20% 100V SMD 0.315"" Dia (8.00mm)",1,OTS,Each,Electrical Components,In Design,,Link,30-07519A,Lunar Link PCBA,Sienna,1,1,1
08-04-2026,10-006936,"CAP ALUM 22UF 20% 100V SMD 0.315"" Dia (8.00mm)",1,OTS,Each,Electrical Components,In Design,,11 KW Inverter,90-08096A,"Lunar 3 Inverter, Boxed",TBD,1,1,1
08-04-2026,10-006928,IC POE CNTRL 4 CHANNEL 28TSSOP (9.8L(Max) x 4.5W(Max) x 1.05H(Max)),1,OTS,Each,Electrical Components,In Design,,11 KW Inverter,90-08096A,"Lunar 3 Inverter, Boxed",TBD,1,1,1
08-04-2026,10-006149,CAP CER 10NF±5% 50V X7R 0402,1,OTS,Each,Electrical Components,In Design,,Link,30-07519A,Lunar Link PCBA,Sienna,1,3,3
08-04-2026,10-006149,CAP CER 10NF±5% 50V X7R 0402,1,OTS,Each,Electrical Components,In Design,,11 KW Inverter,90-08096A,"Lunar 3 Inverter, Boxed",TBD,1,4,4
08-04-2026,10-006895,DIODE SCHOTTKY 200V 20A DPAK (6.7X6.2x2.4MM),1,OTS,Each,Electrical Components,In Production,,11 KW Inverter,90-08096A,"Lunar 3 Inverter, Boxed",TBD,1,3,3
08-04-2026,10-006929,IC POE CNTRL 1 CHANNEL 8SOIC (4.91LX3.9X1.5HMM),1,OTS,Each,Electrical Components,In Planning,,Link,30-07519A,Lunar Link PCBA,Sienna,1,1,1
08-04-2026,10-005859,"Packaging, Bridge, Top Cover Support",1,OTS,Each,Part,In Production,GS//Stephen Gould,Bridge,90-06801A,"Bridge, Type B, Boxed, Lunar Blue",Sienna,1,1,1
08-04-2026,10-005852,"Packaging, Bridge, Front Cap Pad",1,OTS,Each,Part,In Production,GS//Stephen Gould,Bridge,90-06801A,"Bridge, Type B, Boxed, Lunar Blue",Sienna,1,3,3
08-04-2026,10-07273A,"Packaging, MSA Controller, Top Cover",1,OTS,Each,Part,In Production,A//Stephen Gould,MSAC,90-06700A,"MSA Controller, Boxed",Qualitel,1,1,1
08-04-2026,10-006873,CAP CER 10000PF 500V C0G 1206,1,OTS,Each,Electrical Components,In Design,,11 KW Inverter,90-08096A,"Lunar 3 Inverter, Boxed",TBD,1,3,3
08-04-2026,10-07403A,"Label, Compliance, Class 9 with UN3480, over 30kg",1,OTS,Each,Part,In Production,A//Labelmaster,2.0 LFP - EVT with cover,90-06948C,LFP Battery Block with ESS Cover and Wall Bracket,Qualitel,4,1,1
08-04-2026,10-07403A,"Label, Compliance, Class 9 with UN3480, over 30kg",1,OTS,Each,Part,In Production,A//Labelmaster,2.0 LFP - EVT without cover,90-07675A,LFP Battery Block with Wall Bracket,Qualitel,4,2,0
08-04-2026,10-07403A,"Label, Compliance, Class 9 with UN3480, over 30kg",1,OTS,Each,Part,In Production,A//Labelmaster,2.1 LFP Block,90-08373A,"Battery Block with Wall Bracket, LFP, L2.1",Qualitel,4,2,2
08-04-2026,10-07327A,"VOLTAGE TEMPERATURE SENSE HARNESS, SAMTEC - 150 - Y - 80 - TE, UL 3132",1,MTS,Each,Part,In Production,A//ACE Battery,2.0 LFP - EVT with cover,90-06948C,LFP Battery Block with ESS Cover and Wall Bracket,Qualitel,4,1,0
08-04-2026,10-07327A,"VOLTAGE TEMPERATURE SENSE HARNESS, SAMTEC - 150 - Y - 80 - TE, UL 3132",1,MTS,Each,Part,In Production,A//ACE Battery,2.0 LFP - EVT without cover,90-07675A,LFP Battery Block with Wall Bracket,Qualitel,4,1,0
08-04-2026,10-002842,Maximizer Hub,9,MTS,Each,Assembly,In Production,,PV Hub,90-004034,"Maximizer Hub, Boxed",Sienna,1,1,0
08-04-2026,10-07563A,"Screw, M4x8, Countersunk, A2-70 SS",1,OTS,Each,Part,In Production,A//ACE Battery,2.0 LFP - EVT with cover,90-06948C,LFP Battery Block with ESS Cover and Wall Bracket,Qualitel,4,24,0
08-04-2026,10-07563A,"Screw, M4x8, Countersunk, A2-70 SS",1,OTS,Each,Part,In Production,A//ACE Battery,2.0 LFP - EVT without cover,90-07675A,LFP Battery Block with Wall Bracket,Qualitel,4,24,0
08-04-2026,10-07568A,"Fuse, 100V, 200A",1,OTS,Each,Part,In Production,A//ACE Battery,2.0 LFP - EVT with cover,90-06948C,LFP Battery Block with ESS Cover and Wall Bracket,Qualitel,4,1,0
08-04-2026,10-07568A,"Fuse, 100V, 200A",1,OTS,Each,Part,In Production,A//ACE Battery,2.0 LFP - EVT without cover,90-07675A,LFP Battery Block with Wall Bracket,Qualitel,4,1,0
08-04-2026,10-07568A,"Fuse, 100V, 200A",1,OTS,Each,Part,In Production,A//ACE Battery,2.1 LFP Block,90-08373A,"Battery Block with Wall Bracket, LFP, L2.1",Qualitel,4,1,0
08-04-2026,10-07582A,Side panel B,1,OTS,Each,Part,In Production,A//ACE Battery,2.0 LFP - EVT with cover,90-06948C,LFP Battery Block with ESS Cover and Wall Bracket,Qualitel,4,2,0
08-04-2026,10-07582A,Side panel B,1,OTS,Each,Part,In Production,A//ACE Battery,2.0 LFP - EVT without cover,90-07675A,LFP Battery Block with Wall Bracket,Qualitel,4,2,0
08-04-2026,10-000611,CAP CER 150PF 50V C0G/NP0 0402 AEC-Q,1,OTS,Each,Electrical Components,Sunset - Phase Out,,Terminal PCBA (TRM),10-06103C,"PCBA, Terminal Board, Type C, Coated",Qualitel,1,14,14
08-04-2026,10-000611,CAP CER 150PF 50V C0G/NP0 0402 AEC-Q,1,OTS,Each,Electrical Components,Sunset - Phase Out,,MSAC,90-06700A,"MSA Controller, Boxed",Qualitel,1,12,12
08-04-2026,10-000611,CAP CER 150PF 50V C0G/NP0 0402 AEC-Q,1,OTS,Each,Electrical Components,Sunset - Phase Out,,Bridge,90-06801A,"Bridge, Type B, Boxed, Lunar Blue",Sienna,1,17,17
08-04-2026,10-000611,CAP CER 150PF 50V C0G/NP0 0402 AEC-Q,1,OTS,Each,Electrical Components,Sunset - Phase Out,,9.6 KW Inverter,90-06889C,"Inverter 9.6kW with Cover and Brackets, Boxed, Lunar Blue",Sienna,1,14,14
08-04-2026,20-05003C,"PCB, Power Board, Type C",3,MTS,Each,PCB,In Production,A//Sunshine PCB Group,Power PCBA (IPC),10-06105C,"PCBA, Power Board, Type C, Coated",Qualitel,1,1,1
08-04-2026,20-05003C,"PCB, Power Board, Type C",3,MTS,Each,PCB,In Production,A//Sunshine PCB Group,9.6 KW Inverter,90-06889C,"Inverter 9.6kW with Cover and Brackets, Boxed, Lunar Blue",Sienna,1,1,1
08-04-2026,10-006853,RES 1.5K OHM 1% 1/16W 0402,1,OTS,Each,Electrical Components,In Design,,Max 2.0 PCBA,30-07320F,Maximizer 2.0 PCBA,TBD,20,6,6
08-04-2026,10-006853,RES 1.5K OHM 1% 1/16W 0402,1,OTS,Each,Electrical Components,In Design,,Link,30-07519A,Lunar Link PCBA,Sienna,1,2,2
08-04-2026,10-006853,RES 1.5K OHM 1% 1/16W 0402,1,OTS,Each,Electrical Components,In Design,,11 KW Inverter,90-08096A,"Lunar 3 Inverter, Boxed",TBD,1,1,1
08-04-2026,10-07163A,"Label, 2x5, 20kWh, Blue Primary / Base",1,MTS,Each,Part,In Production,A//Stephen Gould,HW Kit,90-001223,"20kWh Hardware Kit, Lunar Blue",Sienna,1,4,4
08-04-2026,10-07163A,"Label, 2x5, 20kWh, Blue Primary / Base",1,MTS,Each,Part,In Production,A//Stephen Gould,LFP HW Kit,90-07290A,20kWh LFP ESS Hardware Kit,Sienna,1,4,0
08-04-2026,10-06938A,"Fan Shroud with Inserts, DCDC, LFP ESS, Fan Mtg, Front",2,MTS,Each,Part,In Production,GS//ACE Battery,2.0 LFP - EVT with cover,90-06948C,LFP Battery Block with ESS Cover and Wall Bracket,Qualitel,4,1,1
08-04-2026,10-06938A,"Fan Shroud with Inserts, DCDC, LFP ESS, Fan Mtg, Front",2,MTS,Each,Part,In Production,GS//ACE Battery,2.0 LFP - EVT without cover,90-07675A,LFP Battery Block with Wall Bracket,Qualitel,4,1,0
08-04-2026,10-003335,CAP CER 2200PF 50V X7R 0402,1,OTS,Each,Electrical Components,In Design,,Max 2.0 PCBA,30-07320F,Maximizer 2.0 PCBA,TBD,20,2,2
08-04-2026,10-003335,CAP CER 2200PF 50V X7R 0402,1,OTS,Each,Electrical Components,In Design,,Link,30-07519A,Lunar Link PCBA,Sienna,1,1,1
08-04-2026,10-006782,RES 680K OHM 1% 3/4W 1210,1,OTS,Each,Electrical Components,Sunset - Phase Out,,11 KW Inverter,90-08096A,"Lunar 3 Inverter, Boxed",TBD,1,65,65
08-04-2026,10-06958A,CAP CER 2.2UF 16V X7S 0603,1,OTS,Each,Electrical Components,In Production,,Link,30-07519A,Lunar Link PCBA,Sienna,1,3,3
08-04-2026,10-06958A,CAP CER 2.2UF 16V X7S 0603,1,OTS,Each,Electrical Components,In Production,,11 KW Inverter,90-08096A,"Lunar 3 Inverter, Boxed",TBD,1,2,2
08-04-2026,10-06958A,CAP CER 2.2UF 16V X7S 0603,1,OTS,Each,Electrical Components,In Production,,2.1 LFP Block,90-08373A,"Battery Block with Wall Bracket, LFP, L2.1",Qualitel,4,4,4
08-04-2026,10-07247A,ANTENNA PCB 4G SMT Mount Monopole 40mm×7mm×3mm,1,OTS,Each,Electrical Components,In Production,,11 KW Inverter,90-08096A,"Lunar 3 Inverter, Boxed",TBD,1,1,1
08-04-2026,10-005122,RES 1.5K OHM 1% 1/10W 0603,1,OTS,Each,Electrical Components,In Design,,11 KW Inverter,90-08096A,"Lunar 3 Inverter, Boxed",TBD,1,2,2
08-04-2026,10-06834A,"Wire Harness, Inverter, Battery IF, Cap Board, with Ferrite",2,MTS,Each,Part,In Production,A//Avalon,9.6 KW Inverter,90-06889C,"Inverter 9.6kW with Cover and Brackets, Boxed, Lunar Blue",Sienna,1,1,1
08-04-2026,10-005125,"Screw,M4x0.7 6gx12mm,BHT T15,Steel,Nylon Patch",3,OTS,Each,Part,In Production,A//Unisteel,9.6 KW Inverter,90-06889C,"Inverter 9.6kW with Cover and Brackets, Boxed, Lunar Blue",Sienna,1,8,8
08-04-2026,10-006788,RES 5.23K OHM 1% 1/16W 0402,1,OTS,Each,Electrical Components,In Design,,11 KW Inverter,90-08096A,"Lunar 3 Inverter, Boxed",TBD,1,6,6
08-04-2026,10-006786,RES 33.2K OHM 1% 1/16W 0402,1,OTS,Each,Electrical Components,In Design,,11 KW Inverter,90-08096A,"Lunar 3 Inverter, Boxed",TBD,1,1,1
08-04-2026,10-001795,"Back Plate, Wall Bracket, Inverter",7,MTS,Each,Part,In Production,,9.6 KW Inverter,90-06889C,"Inverter 9.6kW with Cover and Brackets, Boxed, Lunar Blue",Sienna,1,1,0
08-04-2026,10-005763,"Inverter Packaging, V Board",1,MTS,Each,Part,In Production,A//Veritiv Operating Company,9.6 KW Inverter,90-06889C,"Inverter 9.6kW with Cover and Brackets, Boxed, Lunar Blue",Sienna,1,4,4
08-04-2026,10-006712,IC OPEN-LOOP LLC TRANSFORMER DRIVER 8-HVSSOP AEC-Q100,1,OTS,Each,Electrical Components,In Design,,11 KW Inverter,90-08096A,"Lunar 3 Inverter, Boxed",TBD,1,6,6
08-04-2026,10-002219,"Standoff, Load Tray, Top, Bridge",5,MTS,Each,Part,In Production,P//Fictiv,Bridge,90-06801A,"Bridge, Type B, Boxed, Lunar Blue",Sienna,1,1,1
08-04-2026,10-006676,RES SMD 3.6K OHM 0.1% 1/10W 0603,2,OTS,Each,Electrical Components,In Production,,Power PCBA (IPC),10-06105C,"PCBA, Power Board, Type C, Coated",Qualitel,1,1,1
08-04-2026,10-006676,RES SMD 3.6K OHM 0.1% 1/10W 0603,2,OTS,Each,Electrical Components,In Production,,9.6 KW Inverter,90-06889C,"Inverter 9.6kW with Cover and Brackets, Boxed, Lunar Blue",Sienna,1,1,1
08-04-2026,10-006656,CAP CER 1UF 16V X5R 0201,1,OTS,Each,Electrical Components,In Production,,11 KW Inverter,90-08096A,"Lunar 3 Inverter, Boxed",TBD,1,44,44
08-04-2026,10-001376,RES 4.7K OHM 5% 1/10W 0603,1,OTS,Each,Electrical Components,In Production,,Power PCBA (IPC),10-06105C,"PCBA, Power Board, Type C, Coated",Qualitel,1,14,14
08-04-2026,10-001376,RES 4.7K OHM 5% 1/10W 0603,1,OTS,Each,Electrical Components,In Production,,9.6 KW Inverter,90-06889C,"Inverter 9.6kW with Cover and Brackets, Boxed, Lunar Blue",Sienna,1,14,14
08-04-2026,10-005579,RES 0 OHM JUMPER 1/16W 0402,2,OTS,Each,Electrical Components,In Production,,Link,30-07519A,Lunar Link PCBA,Sienna,1,9,9
08-04-2026,10-005579,RES 0 OHM JUMPER 1/16W 0402,2,OTS,Each,Electrical Components,In Production,,MSAC,90-06700A,"MSA Controller, Boxed",Qualitel,1,12,12
08-04-2026,10-005579,RES 0 OHM JUMPER 1/16W 0402,2,OTS,Each,Electrical Components,In Production,,11 KW Inverter,90-08096A,"Lunar 3 Inverter, Boxed",TBD,1,134,134
08-04-2026,10-002283,RES SMD 47K OHM 1% 1/10W 0603 AEC-Q,1,OTS,Each,Electrical Components,In Production,,2.0 LFP - EVT with cover,90-06948C,LFP Battery Block with ESS Cover and Wall Bracket,Qualitel,4,6,6
08-04-2026,10-002283,RES SMD 47K OHM 1% 1/10W 0603 AEC-Q,1,OTS,Each,Electrical Components,In Production,,2.0 LFP - EVT without cover,90-07675A,LFP Battery Block with Wall Bracket,Qualitel,4,6,0
08-04-2026,10-002283,RES SMD 47K OHM 1% 1/10W 0603 AEC-Q,1,OTS,Each,Electrical Components,In Production,,11 KW Inverter,90-08096A,"Lunar 3 Inverter, Boxed",TBD,1,1,1
08-04-2026,10-002265,DIODE ARRAY SCHOTTKY 20V SOT23,1,OTS,Each,Electrical Components,Sunset - Phase Out,,9.6 KW Inverter,90-06889C,"Inverter 9.6kW with Cover and Brackets, Boxed, Lunar Blue",Sienna,1,1,1
08-04-2026,10-002211,"Relay Cover, Bridge",8,MTS,Each,Part,In Production,A//Fictiv,Bridge,90-06801A,"Bridge, Type B, Boxed, Lunar Blue",Sienna,1,1,1
08-04-2026,10-002120,"Screw,#8-32 UNRC-3Ax0.625in,BHT T15,Flange,Steel,ZiNi BC,Nylon Patch",1,OTS,Each,Part,In Production,A//Pencom,9.6 KW Inverter,90-06889C,"Inverter 9.6kW with Cover and Brackets, Boxed, Lunar Blue",Sienna,1,1,1
08-04-2026,10-002120,"Screw,#8-32 UNRC-3Ax0.625in,BHT T15,Flange,Steel,ZiNi BC,Nylon Patch",1,OTS,Each,Part,In Production,A//Pencom,11 KW Inverter,90-08096A,"Lunar 3 Inverter, Boxed",TBD,1,1,1
08-04-2026,10-001570,RES 4.99K OHM 1% 1/10W 0603 AEC-Q,1,OTS,Each,Electrical Components,In Production,,Terminal PCBA (TRM),10-06103C,"PCBA, Terminal Board, Type C, Coated",Qualitel,1,1,1
08-04-2026,10-001570,RES 4.99K OHM 1% 1/10W 0603 AEC-Q,1,OTS,Each,Electrical Components,In Production,,Power PCBA (IPC),10-06105C,"PCBA, Power Board, Type C, Coated",Qualitel,1,8,8
08-04-2026,10-001570,RES 4.99K OHM 1% 1/10W 0603 AEC-Q,1,OTS,Each,Electrical Components,In Production,,9.6 KW Inverter,90-06889C,"Inverter 9.6kW with Cover and Brackets, Boxed, Lunar Blue",Sienna,1,9,9
08-04-2026,10-001570,RES 4.99K OHM 1% 1/10W 0603 AEC-Q,1,OTS,Each,Electrical Components,In Production,,11 KW Inverter,90-08096A,"Lunar 3 Inverter, Boxed",TBD,1,1,1
08-04-2026,10-001821,"Pressure Pin,Power Transistor",2,MTS,Each,Part,In Production,A//Avalon,9.6 KW Inverter,90-06889C,"Inverter 9.6kW with Cover and Brackets, Boxed, Lunar Blue",Sienna,1,6,6
08-04-2026,10-001742,CAP CER 1UF 250V X7R 2220 AEC-Q,1,OTS,Each,Electrical Components,Sunset - Phase Out,,2.0 LFP - EVT with cover,90-06948C,LFP Battery Block with ESS Cover and Wall Bracket,Qualitel,4,46,46
08-04-2026,10-001742,CAP CER 1UF 250V X7R 2220 AEC-Q,1,OTS,Each,Electrical Components,Sunset - Phase Out,,2.0 LFP - EVT without cover,90-07675A,LFP Battery Block with Wall Bracket,Qualitel,4,46,0
08-04-2026,10-001720,CAP CER 0.22UF 50V X7R 0603,1,OTS,Each,Electrical Components,In Production,,Power PCBA (IPC),10-06105C,"PCBA, Power Board, Type C, Coated",Qualitel,1,15,15
08-04-2026,10-001720,CAP CER 0.22UF 50V X7R 0603,1,OTS,Each,Electrical Components,In Production,,9.6 KW Inverter,90-06889C,"Inverter 9.6kW with Cover and Brackets, Boxed, Lunar Blue",Sienna,1,15,15
08-04-2026,10-001720,CAP CER 0.22UF 50V X7R 0603,1,OTS,Each,Electrical Components,In Production,,11 KW Inverter,90-08096A,"Lunar 3 Inverter, Boxed",TBD,1,1,1
08-04-2026,10-001720,CAP CER 0.22UF 50V X7R 0603,1,OTS,Each,Electrical Components,In Production,,2.1 LFP Block,90-08373A,"Battery Block with Wall Bracket, LFP, L2.1",Qualitel,4,3,3
08-04-2026,10-001004,RES SMD 10K OHM 1% 1/3W 0603 AEC-Q,1,OTS,Each,Electrical Components,In Production,,Terminal PCBA (TRM),10-06103C,"PCBA, Terminal Board, Type C, Coated",Qualitel,1,9,9
08-04-2026,10-001004,RES SMD 10K OHM 1% 1/3W 0603 AEC-Q,1,OTS,Each,Electrical Components,In Production,,Power PCBA (IPC),10-06105C,"PCBA, Power Board, Type C, Coated",Qualitel,1,2,2
08-04-2026,10-001004,RES SMD 10K OHM 1% 1/3W 0603 AEC-Q,1,OTS,Each,Electrical Components,In Production,,PV Hub,90-004034,"Maximizer Hub, Boxed",Sienna,1,10,10
08-04-2026,10-001004,RES SMD 10K OHM 1% 1/3W 0603 AEC-Q,1,OTS,Each,Electrical Components,In Production,,Bridge,90-06801A,"Bridge, Type B, Boxed, Lunar Blue",Sienna,1,2,2
08-04-2026,10-001004,RES SMD 10K OHM 1% 1/3W 0603 AEC-Q,1,OTS,Each,Electrical Components,In Production,,Maximizer Box,90-06831D,"Maximizer, Boxed",Sienna,1,260,260
08-04-2026,10-001004,RES SMD 10K OHM 1% 1/3W 0603 AEC-Q,1,OTS,Each,Electrical Components,In Production,,9.6 KW Inverter,90-06889C,"Inverter 9.6kW with Cover and Brackets, Boxed, Lunar Blue",Sienna,1,11,11
08-04-2026,10-001156,RES SMD 25.5K OHM 1% 1/10W 0603 AEC-Q,1,OTS,Each,Electrical Components,In Production,,Power PCBA (IPC),10-06105C,"PCBA, Power Board, Type C, Coated",Qualitel,1,1,1
08-04-2026,10-001156,RES SMD 25.5K OHM 1% 1/10W 0603 AEC-Q,1,OTS,Each,Electrical Components,In Production,,Bridge,90-06801A,"Bridge, Type B, Boxed, Lunar Blue",Sienna,1,1,1
08-04-2026,10-001156,RES SMD 25.5K OHM 1% 1/10W 0603 AEC-Q,1,OTS,Each,Electrical Components,In Production,,9.6 KW Inverter,90-06889C,"Inverter 9.6kW with Cover and Brackets, Boxed, Lunar Blue",Sienna,1,1,1
08-04-2026,10-001156,RES SMD 25.5K OHM 1% 1/10W 0603 AEC-Q,1,OTS,Each,Electrical Components,In Production,,11 KW Inverter,90-08096A,"Lunar 3 Inverter, Boxed",TBD,1,1,1
08-04-2026,10-001136,RES SMD 68K OHM 1% 1/10W 0603 AEC-Q,1,OTS,Each,Electrical Components,In Production,,Power PCBA (IPC),10-06105C,"PCBA, Power Board, Type C, Coated",Qualitel,1,3,3
08-04-2026,10-001136,RES SMD 68K OHM 1% 1/10W 0603 AEC-Q,1,OTS,Each,Electrical Components,In Production,,9.6 KW Inverter,90-06889C,"Inverter 9.6kW with Cover and Brackets, Boxed, Lunar Blue",Sienna,1,3,3
08-04-2026,10-000778,"Screw,M5x0.8 6g x10mm,BHT T-25,Flange,Steel,ZiNi BC,Nylon Patch",2,MTS,Each,Part,In Production,A//Pencom,HW Kit,90-001223,"20kWh Hardware Kit, Lunar Blue",Sienna,1,4,0
08-04-2026,10-000778,"Screw,M5x0.8 6g x10mm,BHT T-25,Flange,Steel,ZiNi BC,Nylon Patch",2,MTS,Each,Part,In Production,A//Pencom,9.6 KW Inverter,90-06889C,"Inverter 9.6kW with Cover and Brackets, Boxed, Lunar Blue",Sienna,1,9,9
08-04-2026,10-000778,"Screw,M5x0.8 6g x10mm,BHT T-25,Flange,Steel,ZiNi BC,Nylon Patch",2,MTS,Each,Part,In Production,A//Pencom,2.0 LFP - EVT with cover,90-06948C,LFP Battery Block with ESS Cover and Wall Bracket,Qualitel,4,20,20
08-04-2026,10-000778,"Screw,M5x0.8 6g x10mm,BHT T-25,Flange,Steel,ZiNi BC,Nylon Patch",2,MTS,Each,Part,In Production,A//Pencom,LFP HW Kit,90-07290A,20kWh LFP ESS Hardware Kit,Sienna,1,4,0
08-04-2026,10-000778,"Screw,M5x0.8 6g x10mm,BHT T-25,Flange,Steel,ZiNi BC,Nylon Patch",2,MTS,Each,Part,In Production,A//Pencom,2.0 LFP - EVT without cover,90-07675A,LFP Battery Block with Wall Bracket,Qualitel,4,20,0
08-04-2026,10-000778,"Screw,M5x0.8 6g x10mm,BHT T-25,Flange,Steel,ZiNi BC,Nylon Patch",2,MTS,Each,Part,In Production,A//Pencom,2.1 LFP Block,90-08373A,"Battery Block with Wall Bracket, LFP, L2.1",Qualitel,4,41,13
08-04-2026,10-000684,RES SMD 31.6 OHM 1% 1/10 0402 AEC-Q,1,OTS,Each,Electrical Components,In Production,,Terminal PCBA (TRM),10-06103C,"PCBA, Terminal Board, Type C, Coated",Qualitel,1,1,1
08-04-2026,10-000684,RES SMD 31.6 OHM 1% 1/10 0402 AEC-Q,1,OTS,Each,Electrical Components,In Production,,PV Hub,90-004034,"Maximizer Hub, Boxed",Sienna,1,1,1
08-04-2026,10-000684,RES SMD 31.6 OHM 1% 1/10 0402 AEC-Q,1,OTS,Each,Electrical Components,In Production,,Bridge,90-06801A,"Bridge, Type B, Boxed, Lunar Blue",Sienna,1,1,1
08-04-2026,10-000684,RES SMD 31.6 OHM 1% 1/10 0402 AEC-Q,1,OTS,Each,Electrical Components,In Production,,9.6 KW Inverter,90-06889C,"Inverter 9.6kW with Cover and Brackets, Boxed, Lunar Blue",Sienna,1,1,1
08-04-2026,10-000676,RES SMD 75 OHM 1% 1/10W 0603 AEC-Q,1,OTS,Each,Electrical Components,In Production,,Terminal PCBA (TRM),10-06103C,"PCBA, Terminal Board, Type C, Coated",Qualitel,1,2,2
08-04-2026,10-000676,RES SMD 75 OHM 1% 1/10W 0603 AEC-Q,1,OTS,Each,Electrical Components,In Production,,PV Hub,90-004034,"Maximizer Hub, Boxed",Sienna,1,2,2
08-04-2026,10-000676,RES SMD 75 OHM 1% 1/10W 0603 AEC-Q,1,OTS,Each,Electrical Components,In Production,,Bridge,90-06801A,"Bridge, Type B, Boxed, Lunar Blue",Sienna,1,2,2
08-04-2026,10-000676,RES SMD 75 OHM 1% 1/10W 0603 AEC-Q,1,OTS,Each,Electrical Components,In Production,,9.6 KW Inverter,90-06889C,"Inverter 9.6kW with Cover and Brackets, Boxed, Lunar Blue",Sienna,1,2,2
08-04-2026,20-005340,PCB Lunar Bridge CAN Pigtail Board Rev 1,1,MTS,Each,PCB,In Production,"A//Sunshine PCB Group, A//Sunshine PCB Group",Bridge,90-06801A,"Bridge, Type B, Boxed, Lunar Blue",Sienna,1,1,1
08-04-2026,20-000544,"PCB, LED",4,MTS,Each,PCB,In Production,A//Sunshine PCB Group,9.6 KW Inverter,90-06889C,"Inverter 9.6kW with Cover and Brackets, Boxed, Lunar Blue",Sienna,1,1,1
08-04-2026,10-000551,RES 31.2K OHM 0.5% 1/16W 0402 AEC-Q,1,OTS,Each,Electrical Components,In Production,,Terminal PCBA (TRM),10-06103C,"PCBA, Terminal Board, Type C, Coated",Qualitel,1,1,1
08-04-2026,10-000551,RES 31.2K OHM 0.5% 1/16W 0402 AEC-Q,1,OTS,Each,Electrical Components,In Production,,MSAC,90-06700A,"MSA Controller, Boxed",Qualitel,1,1,1
08-04-2026,10-000551,RES 31.2K OHM 0.5% 1/16W 0402 AEC-Q,1,OTS,Each,Electrical Components,In Production,,9.6 KW Inverter,90-06889C,"Inverter 9.6kW with Cover and Brackets, Boxed, Lunar Blue",Sienna,1,1,1
08-04-2026,10-000551,RES 31.2K OHM 0.5% 1/16W 0402 AEC-Q,1,OTS,Each,Electrical Components,In Production,,11 KW Inverter,90-08096A,"Lunar 3 Inverter, Boxed",TBD,1,5,5
08-04-2026,10-005160,"BUSBAR, PIN CONNECTORS, 3.4MMX90.6MM, FLOATING, 75A, D",1,MTS,Each,Part,In Production,A//JPOND,9.6 KW Inverter,90-06889C,"Inverter 9.6kW with Cover and Brackets, Boxed, Lunar Blue",Sienna,1,3,3
08-04-2026,10-005148,"O-Ring Seal, Inductor Housing 1 to HS, D",1,MTS,Each,Part,In Production,A//Parker Hannifin Corporation,9.6 KW Inverter,90-06889C,"Inverter 9.6kW with Cover and Brackets, Boxed, Lunar Blue",Sienna,1,1,1
08-04-2026,10-005075,CAP CER 1UF 10V X7R 0603,1,OTS,Each,Electrical Components,In Production,,Link,30-07519A,Lunar Link PCBA,Sienna,1,3,3
08-04-2026,10-005075,CAP CER 1UF 10V X7R 0603,1,OTS,Each,Electrical Components,In Production,,2.0 LFP - EVT with cover,90-06948C,LFP Battery Block with ESS Cover and Wall Bracket,Qualitel,4,1,1
08-04-2026,10-005075,CAP CER 1UF 10V X7R 0603,1,OTS,Each,Electrical Components,In Production,,2.0 LFP - EVT without cover,90-07675A,LFP Battery Block with Wall Bracket,Qualitel,4,1,0
08-04-2026,10-004730,"Wire Harness, Coil & Aux, DC Contactors",4,MTS,Each,Part,In Production,A//Avalon,9.6 KW Inverter,90-06889C,"Inverter 9.6kW with Cover and Brackets, Boxed, Lunar Blue",Sienna,1,1,1
08-04-2026,10-003829,CAP CER 330PF 450V C0G/NP0 0805 AEC-Q,1,OTS,Each,Electrical Components,Sunset - Phase Out,,Terminal PCBA (TRM),10-06103C,"PCBA, Terminal Board, Type C, Coated",Qualitel,1,1,1
08-04-2026,10-003829,CAP CER 330PF 450V C0G/NP0 0805 AEC-Q,1,OTS,Each,Electrical Components,Sunset - Phase Out,,9.6 KW Inverter,90-06889C,"Inverter 9.6kW with Cover and Brackets, Boxed, Lunar Blue",Sienna,1,1,1
08-04-2026,10-003122,"Light Pipe Trio, Plastic, 3mm tip",4,MTS,Each,Part,In Production,A//JPOND,9.6 KW Inverter,90-06889C,"Inverter 9.6kW with Cover and Brackets, Boxed, Lunar Blue",Sienna,1,1,1
08-04-2026,10-002921,CAP CER 10UF 35V X7R 1206,1,OTS,Each,Electrical Components,Sunset - Phase Out,,Terminal PCBA (TRM),10-06103C,"PCBA, Terminal Board, Type C, Coated",Qualitel,1,1,1
08-04-2026,10-002921,CAP CER 10UF 35V X7R 1206,1,OTS,Each,Electrical Components,Sunset - Phase Out,,Bridge,90-06801A,"Bridge, Type B, Boxed, Lunar Blue",Sienna,1,1,1
08-04-2026,10-002921,CAP CER 10UF 35V X7R 1206,1,OTS,Each,Electrical Components,Sunset - Phase Out,,9.6 KW Inverter,90-06889C,"Inverter 9.6kW with Cover and Brackets, Boxed, Lunar Blue",Sienna,1,1,1
08-04-2026,10-003468,CAP CER 0.1UF 100V X7R 0603,1,OTS,Each,Electrical Components,In Production,,Max 2.0 PCBA,30-07320F,Maximizer 2.0 PCBA,TBD,20,8,8
08-04-2026,10-003468,CAP CER 0.1UF 100V X7R 0603,1,OTS,Each,Electrical Components,In Production,,Link,30-07519A,Lunar Link PCBA,Sienna,1,10,10
08-04-2026,10-003468,CAP CER 0.1UF 100V X7R 0603,1,OTS,Each,Electrical Components,In Production,,PV Hub,90-004034,"Maximizer Hub, Boxed",Sienna,1,9,9
08-04-2026,10-003468,CAP CER 0.1UF 100V X7R 0603,1,OTS,Each,Electrical Components,In Production,,Maximizer Box,90-06831D,"Maximizer, Boxed",Sienna,1,420,420
08-04-2026,10-003468,CAP CER 0.1UF 100V X7R 0603,1,OTS,Each,Electrical Components,In Production,,2.0 LFP - EVT with cover,90-06948C,LFP Battery Block with ESS Cover and Wall Bracket,Qualitel,4,6,6
08-04-2026,10-003468,CAP CER 0.1UF 100V X7R 0603,1,OTS,Each,Electrical Components,In Production,,2.0 LFP - EVT without cover,90-07675A,LFP Battery Block with Wall Bracket,Qualitel,4,6,0
08-04-2026,10-003468,CAP CER 0.1UF 100V X7R 0603,1,OTS,Each,Electrical Components,In Production,,2.1 LFP Block,90-08373A,"Battery Block with Wall Bracket, LFP, L2.1",Qualitel,4,8,8
08-04-2026,10-006492,PC TEST POINT COMPACT,1,OTS,Each,Electrical Components,In Production,,2.0 LFP - EVT with cover,90-06948C,LFP Battery Block with ESS Cover and Wall Bracket,Qualitel,4,2,2
08-04-2026,10-006492,PC TEST POINT COMPACT,1,OTS,Each,Electrical Components,In Production,,2.0 LFP - EVT without cover,90-07675A,LFP Battery Block with Wall Bracket,Qualitel,4,2,0
08-04-2026,10-006492,PC TEST POINT COMPACT,1,OTS,Each,Electrical Components,In Production,,2.1 LFP Block,90-08373A,"Battery Block with Wall Bracket, LFP, L2.1",Qualitel,4,2,2
08-04-2026,10-002222,"Standoff, Male-Female, M3x17mm, Nylon",2,OTS,Each,Part,In Production,A//Pencom,Bridge,90-06801A,"Bridge, Type B, Boxed, Lunar Blue",Sienna,1,4,4
08-04-2026,10-06113A,Top Cover Clip,2,MTS,Each,Part,In Production,A//JPOND,HW Kit,90-001223,"20kWh Hardware Kit, Lunar Blue",Sienna,1,1,0
08-04-2026,10-06113A,Top Cover Clip,2,MTS,Each,Part,In Production,A//JPOND,LFP HW Kit,90-07290A,20kWh LFP ESS Hardware Kit,Sienna,1,1,0
08-04-2026,10-006684,CAP CER 10NF 25V X7R 0603,1,OTS,Each,Electrical Components,In Design,,11 KW Inverter,90-08096A,"Lunar 3 Inverter, Boxed",TBD,1,1,1
08-04-2026,10-002877,CONN HEADER SMD 8POS 2.5MM,1,OTS,Each,Electrical Components,In Production,,Terminal PCBA (TRM),10-06103C,"PCBA, Terminal Board, Type C, Coated",Qualitel,1,1,1
08-04-2026,10-002877,CONN HEADER SMD 8POS 2.5MM,1,OTS,Each,Electrical Components,In Production,,9.6 KW Inverter,90-06889C,"Inverter 9.6kW with Cover and Brackets, Boxed, Lunar Blue",Sienna,1,1,1
08-04-2026,10-004613,IC REG LINEAR POS ADJ 3A P2PAK-4,1,OTS,Each,Electrical Components,In Production,,Terminal PCBA (TRM),10-06103C,"PCBA, Terminal Board, Type C, Coated",Qualitel,1,1,1
08-04-2026,10-004613,IC REG LINEAR POS ADJ 3A P2PAK-4,1,OTS,Each,Electrical Components,In Production,,9.6 KW Inverter,90-06889C,"Inverter 9.6kW with Cover and Brackets, Boxed, Lunar Blue",Sienna,1,1,1
08-04-2026,10-004534,FIXED IND 4.7UH 4.2A 35 MOHM SMD,1,OTS,Each,Electrical Components,In Production,,Terminal PCBA (TRM),10-06103C,"PCBA, Terminal Board, Type C, Coated",Qualitel,1,1,1
08-04-2026,10-004534,FIXED IND 4.7UH 4.2A 35 MOHM SMD,1,OTS,Each,Electrical Components,In Production,,MSAC,90-06700A,"MSA Controller, Boxed",Qualitel,1,1,1
08-04-2026,10-004534,FIXED IND 4.7UH 4.2A 35 MOHM SMD,1,OTS,Each,Electrical Components,In Production,,9.6 KW Inverter,90-06889C,"Inverter 9.6kW with Cover and Brackets, Boxed, Lunar Blue",Sienna,1,1,1
08-04-2026,10-004534,FIXED IND 4.7UH 4.2A 35 MOHM SMD,1,OTS,Each,Electrical Components,In Production,,11 KW Inverter,90-08096A,"Lunar 3 Inverter, Boxed",TBD,1,2,2
08-04-2026,10-002612,MOSFET N-CH 30V 350MA SOT23,1,OTS,Each,Electrical Components,In Production,,Link,30-07519A,Lunar Link PCBA,Sienna,1,11,11
08-04-2026,10-002612,MOSFET N-CH 30V 350MA SOT23,1,OTS,Each,Electrical Components,In Production,,9.6 KW Inverter,90-06889C,"Inverter 9.6kW with Cover and Brackets, Boxed, Lunar Blue",Sienna,1,3,3
08-04-2026,10-002612,MOSFET N-CH 30V 350MA SOT23,1,OTS,Each,Electrical Components,In Production,,11 KW Inverter,90-08096A,"Lunar 3 Inverter, Boxed",TBD,1,5,5
08-04-2026,10-002491,IC TRNSLTR BIDIRECTIONAL 20TSSOP AEC-Q100,1,OTS,Each,Electrical Components,In Production,,9.6 KW Inverter,90-06889C,"Inverter 9.6kW with Cover and Brackets, Boxed, Lunar Blue",Sienna,1,2,2
08-04-2026,10-004584,TERM REDCUBE M3 1PIN SMD,1,OTS,Each,Electrical Components,In Production,,Power PCBA (IPC),10-06105C,"PCBA, Power Board, Type C, Coated",Qualitel,1,3,3
08-04-2026,10-004584,TERM REDCUBE M3 1PIN SMD,1,OTS,Each,Electrical Components,In Production,,9.6 KW Inverter,90-06889C,"Inverter 9.6kW with Cover and Brackets, Boxed, Lunar Blue",Sienna,1,3,3
08-04-2026,10-004793,"Litz Wire, 14AWG, 100 kHz",1,OTS,Millimeter,Part,In Production,A//Digi-Key,9.6 KW Inverter,90-06889C,"Inverter 9.6kW with Cover and Brackets, Boxed, Lunar Blue",Sienna,1,250,0
08-04-2026,10-005574,"Aluminum 6061-O, ASTM B209",1,OTS,Gram,Part,In Production,,Bridge,90-06801A,"Bridge, Type B, Boxed, Lunar Blue",Sienna,1,18,0
08-04-2026,10-001075,DIODE SCHOTTKY 100V 3A DO214AB AEC-Q,1,OTS,Each,Electrical Components,In Production,,2.0 LFP - EVT with cover,90-06948C,LFP Battery Block with ESS Cover and Wall Bracket,Qualitel,4,3,3
08-04-2026,10-001075,DIODE SCHOTTKY 100V 3A DO214AB AEC-Q,1,OTS,Each,Electrical Components,In Production,,2.0 LFP - EVT without cover,90-07675A,LFP Battery Block with Wall Bracket,Qualitel,4,3,0
08-04-2026,10-001075,DIODE SCHOTTKY 100V 3A DO214AB AEC-Q,1,OTS,Each,Electrical Components,In Production,,11 KW Inverter,90-08096A,"Lunar 3 Inverter, Boxed",TBD,1,1,1
08-04-2026,10-001075,DIODE SCHOTTKY 100V 3A DO214AB AEC-Q,1,OTS,Each,Electrical Components,In Production,,2.1 LFP Block,90-08373A,"Battery Block with Wall Bracket, LFP, L2.1",Qualitel,4,3,3
08-04-2026,10-001643,TVS DIODE 30VWM 48.4VC SOD123FL AEC-Q,1,OTS,Each,Electrical Components,In Production,,11 KW Inverter,90-08096A,"Lunar 3 Inverter, Boxed",TBD,1,4,4
08-04-2026,10-005467,"Paint, Charcoal Suede, for Metal",1,MTS,Gram,Part,In Production,,9.6 KW Inverter,90-06889C,"Inverter 9.6kW with Cover and Brackets, Boxed, Lunar Blue",Sienna,1,2,0
08-04-2026,10-005467,"Paint, Charcoal Suede, for Metal",1,MTS,Gram,Part,In Production,,2.0 LFP - EVT with cover,90-06948C,LFP Battery Block with ESS Cover and Wall Bracket,Qualitel,4,2,0
08-04-2026,10-003476,"Heatshrink, 2:1, BLK, ADHESIVE LINED, 0.125in ID ,0.027in THK",1,OTS,Millimeter,Part,In Production,A//HONGSHANG,HW Kit,90-001223,"20kWh Hardware Kit, Lunar Blue",Sienna,1,220,0
08-04-2026,10-003476,"Heatshrink, 2:1, BLK, ADHESIVE LINED, 0.125in ID ,0.027in THK",1,OTS,Millimeter,Part,In Production,A//HONGSHANG,LFP HW Kit,90-07290A,20kWh LFP ESS Hardware Kit,Sienna,1,220,0
08-04-2026,10-002146,"Part A, Epic Resins S7475",1,OTS,Gram,Part,In Production,GS//Open AML,Maximizer Box,90-06831D,"Maximizer, Boxed",Sienna,1,4188.03,4188.03
08-04-2026,10-003913,"Nut,M5,Clinch,SS,Passivated",1,OTS,Each,Part,In Production,,9.6 KW Inverter,90-06889C,"Inverter 9.6kW with Cover and Brackets, Boxed, Lunar Blue",Sienna,1,2,0
08-04-2026,10-003913,"Nut,M5,Clinch,SS,Passivated",1,OTS,Each,Part,In Production,,2.0 LFP - EVT with cover,90-06948C,LFP Battery Block with ESS Cover and Wall Bracket,Qualitel,4,2,0
08-04-2026,10-003913,"Nut,M5,Clinch,SS,Passivated",1,OTS,Each,Part,In Production,,2.0 LFP - EVT without cover,90-07675A,LFP Battery Block with Wall Bracket,Qualitel,4,2,0
08-04-2026,10-003913,"Nut,M5,Clinch,SS,Passivated",1,OTS,Each,Part,In Production,,2.1 LFP Block,90-08373A,"Battery Block with Wall Bracket, LFP, L2.1",Qualitel,4,2,0
08-04-2026,10-001451,Flat Wire Inductor,1,OTS,Each,Electrical Components,In Production,A//Bourns Inc.,9.6 KW Inverter,90-06889C,"Inverter 9.6kW with Cover and Brackets, Boxed, Lunar Blue",Sienna,1,2,0
08-04-2026,10-002966,"Wire, 4 AWG, 19 Strand, UL83/1063, Untinned, Blk",1,OTS,Millimeter,Part,In Production,,Bridge,90-06801A,"Bridge, Type B, Boxed, Lunar Blue",Sienna,1,253,0
08-04-2026,10-002540,"CAVITY BLANKING PLUG, DIA 3.6MM,SILICONE",1,OTS,Each,Part,In Production,,9.6 KW Inverter,90-06889C,"Inverter 9.6kW with Cover and Brackets, Boxed, Lunar Blue",Sienna,1,10,0
08-04-2026,10-002592,"CONN, PLUG SOCKET, SEALED COAX, 4POS, W2W, TE",2,OTS,Each,Part,In Production,,9.6 KW Inverter,90-06889C,"Inverter 9.6kW with Cover and Brackets, Boxed, Lunar Blue",Sienna,1,2,1
08-04-2026,10-004543,"Lunar Logo, Pad Print, Inverter Cover Front",4,MTS,Each,Part,In Production,P//JPOND,9.6 KW Inverter,90-06889C,"Inverter 9.6kW with Cover and Brackets, Boxed, Lunar Blue",Sienna,1,1,0
08-04-2026,10-002722,"Heatshrink, 3:1, BLK, Adhesive Lined, 4.8MM ID, 1.0MM THK",1,OTS,Millimeter,Part,In Production,,HW Kit,90-001223,"20kWh Hardware Kit, Lunar Blue",Sienna,1,80,0
08-04-2026,10-002722,"Heatshrink, 3:1, BLK, Adhesive Lined, 4.8MM ID, 1.0MM THK",1,OTS,Millimeter,Part,In Production,,9.6 KW Inverter,90-06889C,"Inverter 9.6kW with Cover and Brackets, Boxed, Lunar Blue",Sienna,1,1,0
08-04-2026,10-002722,"Heatshrink, 3:1, BLK, Adhesive Lined, 4.8MM ID, 1.0MM THK",1,OTS,Millimeter,Part,In Production,,LFP HW Kit,90-07290A,20kWh LFP ESS Hardware Kit,Sienna,1,80,0
08-04-2026,10-002954,"Nano-Fit Receptacle Housing, TPA Capable, 2.50mm Pitch, Dual Row, 14 Circuits, Black",1,OTS,Each,Part,In Production,,9.6 KW Inverter,90-06889C,"Inverter 9.6kW with Cover and Brackets, Boxed, Lunar Blue",Sienna,1,1,0
08-04-2026,10-002723,"Heatshrink, 3:1, BLK, Adhesive Lined, 12MM ID, 1.6MM THK",1,OTS,Millimeter,Part,In Production,,HW Kit,90-001223,"20kWh Hardware Kit, Lunar Blue",Sienna,1,60,0
08-04-2026,10-002723,"Heatshrink, 3:1, BLK, Adhesive Lined, 12MM ID, 1.6MM THK",1,OTS,Millimeter,Part,In Production,,9.6 KW Inverter,90-06889C,"Inverter 9.6kW with Cover and Brackets, Boxed, Lunar Blue",Sienna,1,366,0
08-04-2026,10-002723,"Heatshrink, 3:1, BLK, Adhesive Lined, 12MM ID, 1.6MM THK",1,OTS,Millimeter,Part,In Production,,LFP HW Kit,90-07290A,20kWh LFP ESS Hardware Kit,Sienna,1,60,0
08-04-2026,10-002723,"Heatshrink, 3:1, BLK, Adhesive Lined, 12MM ID, 1.6MM THK",1,OTS,Millimeter,Part,In Production,,11 KW Inverter,90-08096A,"Lunar 3 Inverter, Boxed",TBD,1,1,0
08-04-2026,10-002675,"Heatshrink, 3:1 BLK, Adhesive Lined, 0.25IN ID, 0.047IN THK, 600V",1,OTS,Millimeter,Part,In Production,,HW Kit,90-001223,"20kWh Hardware Kit, Lunar Blue",Sienna,1,80,0
08-04-2026,10-002675,"Heatshrink, 3:1 BLK, Adhesive Lined, 0.25IN ID, 0.047IN THK, 600V",1,OTS,Millimeter,Part,In Production,,9.6 KW Inverter,90-06889C,"Inverter 9.6kW with Cover and Brackets, Boxed, Lunar Blue",Sienna,1,271,0
08-04-2026,10-002675,"Heatshrink, 3:1 BLK, Adhesive Lined, 0.25IN ID, 0.047IN THK, 600V",1,OTS,Millimeter,Part,In Production,,LFP HW Kit,90-07290A,20kWh LFP ESS Hardware Kit,Sienna,1,80,0
08-04-2026,10-002549,"Nano-Fit TPA Retainer, 2.50mm Pitch, 2 Circuits, Natural",1,OTS,Each,Part,In Production,A//Molex,9.6 KW Inverter,90-06889C,"Inverter 9.6kW with Cover and Brackets, Boxed, Lunar Blue",Sienna,1,1,0
08-04-2026,10-000783,"Nano-Fit Crimp Terminal, Female, 2.54m Matte Tin (Sn) Plating, 24-26 AWG",2,OTS,Each,Part,In Production,,9.6 KW Inverter,90-06889C,"Inverter 9.6kW with Cover and Brackets, Boxed, Lunar Blue",Sienna,1,78,0
08-04-2026,10-000783,"Nano-Fit Crimp Terminal, Female, 2.54m Matte Tin (Sn) Plating, 24-26 AWG",2,OTS,Each,Part,In Production,,11 KW Inverter,90-08096A,"Lunar 3 Inverter, Boxed",TBD,1,34,0
08-04-2026,10-001585,CONN HEADER VERT 3POS 2.54MM,1,OTS,Each,Electrical Components,In Design,,11 KW Inverter,90-08096A,"Lunar 3 Inverter, Boxed",TBD,1,1,1
08-04-2026,10-06102C,"PCBA, Terminal Board, Type C, Protective Caps",1,MTS,Each,Part,In Production,,Terminal PCBA (TRM),10-06103C,"PCBA, Terminal Board, Type C, Coated",Qualitel,1,1,0
08-04-2026,10-06102C,"PCBA, Terminal Board, Type C, Protective Caps",1,MTS,Each,Part,In Production,,9.6 KW Inverter,90-06889C,"Inverter 9.6kW with Cover and Brackets, Boxed, Lunar Blue",Sienna,1,1,0
08-04-2026,10-004510,Battery Aesthetic Cover Right Lunar Blue,8,MTS,Each,Part,In Production,A//JPOND,2.0 LFP - EVT with cover,90-06948C,LFP Battery Block with ESS Cover and Wall Bracket,Qualitel,4,1,0
08-04-2026,10-06710A,"Polybag, Open End, 350mm x 400mm",1,OTS,Each,Part,In Production,,9.6 KW Inverter,90-06889C,"Inverter 9.6kW with Cover and Brackets, Boxed, Lunar Blue",Sienna,1,2,0
08-04-2026,10-06710A,"Polybag, Open End, 350mm x 400mm",1,OTS,Each,Part,In Production,,2.0 LFP - EVT with cover,90-06948C,LFP Battery Block with ESS Cover and Wall Bracket,Qualitel,4,2,0
08-04-2026,10-002324,"Washer, 1/4-20, Steel, Zinc-Plated",1,OTS,Each,Part,In Production,A//Pencom,Bridge,90-06801A,"Bridge, Type B, Boxed, Lunar Blue",Sienna,1,2,2
08-04-2026,10-002234,"Bolt, Flat Head, M4 x 13, Steel, Zn-Ni Plated",1,OTS,Each,Part,In Production,A//Pencom,Bridge,90-06801A,"Bridge, Type B, Boxed, Lunar Blue",Sienna,1,6,6
08-04-2026,10-006422,"1in X 0.008in, Copper, Tin-Plated",1,MTS,Millimeter,Part,In Production,,9.6 KW Inverter,90-06889C,"Inverter 9.6kW with Cover and Brackets, Boxed, Lunar Blue",Sienna,1,452,0
08-04-2026,10-005427,RES 3K OHM 5% 1/4W 1206,1,OTS,Each,Electrical Components,In Design,,2.1 LFP Block,90-08373A,"Battery Block with Wall Bracket, LFP, L2.1",Qualitel,4,1,1
08-04-2026,10-006220,IC VREF SERIES 0.1% 8SOIC,1,OTS,Each,Electrical Components,In Production,,2.0 LFP - EVT with cover,90-06948C,LFP Battery Block with ESS Cover and Wall Bracket,Qualitel,4,1,1
08-04-2026,10-006220,IC VREF SERIES 0.1% 8SOIC,1,OTS,Each,Electrical Components,In Production,,2.0 LFP - EVT without cover,90-07675A,LFP Battery Block with Wall Bracket,Qualitel,4,1,0
08-04-2026,10-006220,IC VREF SERIES 0.1% 8SOIC,1,OTS,Each,Electrical Components,In Production,,2.1 LFP Block,90-08373A,"Battery Block with Wall Bracket, LFP, L2.1",Qualitel,4,1,1
08-04-2026,10-005846,"Wire Harness, AFCI, Power Module",1,MTS,Each,Part,In Production,A//KG-Technologies Inc.,9.6 KW Inverter,90-06889C,"Inverter 9.6kW with Cover and Brackets, Boxed, Lunar Blue",Sienna,1,1,1
08-04-2026,10-006583,BATTERY LITHIUM 3V COIN SMD 12.5M,1,OTS,Each,Electrical Components,In Design,,11 KW Inverter,90-08096A,"Lunar 3 Inverter, Boxed",TBD,1,1,1
08-04-2026,10-002754,"Bus Bar, Load Tray, Right, Bridge",8,MTS,Each,Part,In Production,A//Avalon,Bridge,90-06801A,"Bridge, Type B, Boxed, Lunar Blue",Sienna,1,1,1
08-04-2026,10-002533,CAP CER 10000PF 10V X7R 0201,1,OTS,Each,Electrical Components,In Design,,11 KW Inverter,90-08096A,"Lunar 3 Inverter, Boxed",TBD,1,3,3
08-04-2026,10-006475,"Module AUTOMOTIVE, 2.5-W, 24-VIN, 25-VO 36-BSSOP (0.295"", 7.50mm Width)",1,OTS,Each,Electrical Components,In Production,,Power PCBA (IPC),10-06105C,"PCBA, Power Board, Type C, Coated",Qualitel,1,4,4
08-04-2026,10-006475,"Module AUTOMOTIVE, 2.5-W, 24-VIN, 25-VO 36-BSSOP (0.295"", 7.50mm Width)",1,OTS,Each,Electrical Components,In Production,,9.6 KW Inverter,90-06889C,"Inverter 9.6kW with Cover and Brackets, Boxed, Lunar Blue",Sienna,1,4,4
08-04-2026,10-006362,"Wire Harness, Rogowski Coil Jumper, Bridge, Type B",1,MTS,Each,Part,In Production,P//Avalon,Bridge,90-06801A,"Bridge, Type B, Boxed, Lunar Blue",Sienna,1,1,1
08-04-2026,10-005481,"Wire Harness, Earth Ground Sense, Bridge, Type B",3,MTS,Each,Part,In Production,A//Avalon,Bridge,90-06801A,"Bridge, Type B, Boxed, Lunar Blue",Sienna,1,1,1
08-04-2026,10-006081,"ESS Cover, Conduit Cover and Bug Barrier Blister Pack",1,MTS,Each,Part,In Production,A//JPOND,9.6 KW Inverter,90-06889C,"Inverter 9.6kW with Cover and Brackets, Boxed, Lunar Blue",Sienna,1,1,0
08-04-2026,10-000855,CRYSTAL 32.768KHZ 9PF SMD AEC-Q,1,OTS,Each,Electrical Components,In Production,,Terminal PCBA (TRM),10-06103C,"PCBA, Terminal Board, Type C, Coated",Qualitel,1,1,1
08-04-2026,10-000855,CRYSTAL 32.768KHZ 9PF SMD AEC-Q,1,OTS,Each,Electrical Components,In Production,,Power PCBA (IPC),10-06105C,"PCBA, Power Board, Type C, Coated",Qualitel,1,1,1
08-04-2026,10-000855,CRYSTAL 32.768KHZ 9PF SMD AEC-Q,1,OTS,Each,Electrical Components,In Production,,MSAC,90-06700A,"MSA Controller, Boxed",Qualitel,1,1,1
08-04-2026,10-000855,CRYSTAL 32.768KHZ 9PF SMD AEC-Q,1,OTS,Each,Electrical Components,In Production,,Bridge,90-06801A,"Bridge, Type B, Boxed, Lunar Blue",Sienna,1,1,1
08-04-2026,10-000855,CRYSTAL 32.768KHZ 9PF SMD AEC-Q,1,OTS,Each,Electrical Components,In Production,,9.6 KW Inverter,90-06889C,"Inverter 9.6kW with Cover and Brackets, Boxed, Lunar Blue",Sienna,1,2,2
08-04-2026,10-000711,CMC 100UH 150MA 2LN SMD AEC-Q200,2,OTS,Each,Electrical Components,In Production,,Terminal PCBA (TRM),10-06103C,"PCBA, Terminal Board, Type C, Coated",Qualitel,1,3,3
08-04-2026,10-000711,CMC 100UH 150MA 2LN SMD AEC-Q200,2,OTS,Each,Electrical Components,In Production,,Power PCBA (IPC),10-06105C,"PCBA, Power Board, Type C, Coated",Qualitel,1,1,1
08-04-2026,10-000711,CMC 100UH 150MA 2LN SMD AEC-Q200,2,OTS,Each,Electrical Components,In Production,,MSAC,90-06700A,"MSA Controller, Boxed",Qualitel,1,1,1
08-04-2026,10-000711,CMC 100UH 150MA 2LN SMD AEC-Q200,2,OTS,Each,Electrical Components,In Production,,Bridge,90-06801A,"Bridge, Type B, Boxed, Lunar Blue",Sienna,1,1,1
08-04-2026,10-000711,CMC 100UH 150MA 2LN SMD AEC-Q200,2,OTS,Each,Electrical Components,In Production,,9.6 KW Inverter,90-06889C,"Inverter 9.6kW with Cover and Brackets, Boxed, Lunar Blue",Sienna,1,5,5
08-04-2026,10-000711,CMC 100UH 150MA 2LN SMD AEC-Q200,2,OTS,Each,Electrical Components,In Production,,2.0 LFP - EVT with cover,90-06948C,LFP Battery Block with ESS Cover and Wall Bracket,Qualitel,4,1,1
08-04-2026,10-000711,CMC 100UH 150MA 2LN SMD AEC-Q200,2,OTS,Each,Electrical Components,In Production,,2.0 LFP - EVT without cover,90-07675A,LFP Battery Block with Wall Bracket,Qualitel,4,1,0
08-04-2026,10-000711,CMC 100UH 150MA 2LN SMD AEC-Q200,2,OTS,Each,Electrical Components,In Production,,11 KW Inverter,90-08096A,"Lunar 3 Inverter, Boxed",TBD,1,10,10
08-04-2026,10-000711,CMC 100UH 150MA 2LN SMD AEC-Q200,2,OTS,Each,Electrical Components,In Production,,2.1 LFP Block,90-08373A,"Battery Block with Wall Bracket, LFP, L2.1",Qualitel,4,1,1
08-04-2026,10-000674,FERRITE BEAD 1 KOHM 0402 1LN,1,OTS,Each,Electrical Components,In Production,,Terminal PCBA (TRM),10-06103C,"PCBA, Terminal Board, Type C, Coated",Qualitel,1,1,1
08-04-2026,10-000674,FERRITE BEAD 1 KOHM 0402 1LN,1,OTS,Each,Electrical Components,In Production,,PV Hub,90-004034,"Maximizer Hub, Boxed",Sienna,1,1,1
08-04-2026,10-000674,FERRITE BEAD 1 KOHM 0402 1LN,1,OTS,Each,Electrical Components,In Production,,Bridge,90-06801A,"Bridge, Type B, Boxed, Lunar Blue",Sienna,1,1,1
08-04-2026,10-000674,FERRITE BEAD 1 KOHM 0402 1LN,1,OTS,Each,Electrical Components,In Production,,9.6 KW Inverter,90-06889C,"Inverter 9.6kW with Cover and Brackets, Boxed, Lunar Blue",Sienna,1,1,1
08-04-2026,10-000641,DIODE SCHOTTKY 40V 1A SOD323HE,1,OTS,Each,Electrical Components,In Production,,Terminal PCBA (TRM),10-06103C,"PCBA, Terminal Board, Type C, Coated",Qualitel,1,2,2
08-04-2026,10-000641,DIODE SCHOTTKY 40V 1A SOD323HE,1,OTS,Each,Electrical Components,In Production,,Bridge,90-06801A,"Bridge, Type B, Boxed, Lunar Blue",Sienna,1,4,4
08-04-2026,10-000641,DIODE SCHOTTKY 40V 1A SOD323HE,1,OTS,Each,Electrical Components,In Production,,9.6 KW Inverter,90-06889C,"Inverter 9.6kW with Cover and Brackets, Boxed, Lunar Blue",Sienna,1,2,2
08-04-2026,10-000641,DIODE SCHOTTKY 40V 1A SOD323HE,1,OTS,Each,Electrical Components,In Production,,11 KW Inverter,90-08096A,"Lunar 3 Inverter, Boxed",TBD,1,12,12
08-04-2026,10-002192,"ENCLOSURE WELDMENT, BRIDGE",13,MTS,Each,Part,In Production,,Bridge,90-06801A,"Bridge, Type B, Boxed, Lunar Blue",Sienna,1,1,0
08-04-2026,10-001269,"Mounting Bracket, Maximizer",4,MTS,Each,Part,In Production,A//Avalon,Maximizer Box,90-06831D,"Maximizer, Boxed",Sienna,1,20,20
08-04-2026,10-002474,CAP CER 18PF 50V C0G/NP0 0402,1,OTS,Each,Electrical Components,In Design,,11 KW Inverter,90-08096A,"Lunar 3 Inverter, Boxed",TBD,1,4,4
08-04-2026,10-005070,"Heatshrink, 2:1 RED, 600V, 9.5ID Supplied 4.7ID Recovered",1,OTS,Millimeter,Part,In Production,,9.6 KW Inverter,90-06889C,"Inverter 9.6kW with Cover and Brackets, Boxed, Lunar Blue",Sienna,1,40,0
08-04-2026,10-002350,"Connector,TabHousing,AMP,8POS,Panel,IP67,Gray",1,OTS,Each,Part,In Production,,9.6 KW Inverter,90-06889C,"Inverter 9.6kW with Cover and Brackets, Boxed, Lunar Blue",Sienna,1,1,0
08-04-2026,10-004921,Spring Conical Compression ESS Bottom Cover,2,MTS,Each,Part,In Production,A//JPOND,HW Kit,90-001223,"20kWh Hardware Kit, Lunar Blue",Sienna,1,4,0
08-04-2026,10-004921,Spring Conical Compression ESS Bottom Cover,2,MTS,Each,Part,In Production,A//JPOND,LFP HW Kit,90-07290A,20kWh LFP ESS Hardware Kit,Sienna,1,4,0
08-04-2026,10-005163,"Blower Module, D",12,MTS,Each,Assembly,In Production,,9.6 KW Inverter,90-06889C,"Inverter 9.6kW with Cover and Brackets, Boxed, Lunar Blue",Sienna,1,1,0
08-04-2026,10-08447A,"Nut, Flange, Serrated, 5/16IN-18, SS",1,OTS,Each,Part,In Production,A//SnapNrack Solar Mounting Solutions,PV Hub,90-004034,"Maximizer Hub, Boxed",Sienna,1,1,0
08-04-2026,10-07804A,"HE Inverter Front Door Closure Spring Left, Lunar 3",4,MTS,Each,Part,In Design,,11 KW Inverter,90-08096A,"Lunar 3 Inverter, Boxed",TBD,1,1,0
08-04-2026,10-005850,"Wall Bracket, Inverter",2,MTS,Each,Part,In Production,P//JPOND,9.6 KW Inverter,90-06889C,"Inverter 9.6kW with Cover and Brackets, Boxed, Lunar Blue",Sienna,1,1,0
08-04-2026,10-000996,RES 27K OHM 1% 1/16W 0402,1,OTS,Each,Electrical Components,In Design,,11 KW Inverter,90-08096A,"Lunar 3 Inverter, Boxed",TBD,1,1,1
08-04-2026,10-07924A,"Busbar, Pos, Al",2,MTS,Each,Part,In Design,,2.1 LFP Block,90-08373A,"Battery Block with Wall Bracket, LFP, L2.1",Qualitel,4,1,0
08-04-2026,30-06544A,Inverter EMC Filter Board Type B,1,MTS,Each,PCBA,In Production,,9.6 KW Inverter,90-06889C,"Inverter 9.6kW with Cover and Brackets, Boxed, Lunar Blue",Sienna,1,1,0
08-04-2026,10-06943B,"Assy, Enclosure, LFP BB",4,MTS,Each,Assembly,In Production,A//Sytech,2.0 LFP - EVT with cover,90-06948C,LFP Battery Block with ESS Cover and Wall Bracket,Qualitel,4,1,1
08-04-2026,10-06943B,"Assy, Enclosure, LFP BB",4,MTS,Each,Assembly,In Production,A//Sytech,2.0 LFP - EVT without cover,90-07675A,LFP Battery Block with Wall Bracket,Qualitel,4,1,0
08-04-2026,10-07391A,CAP CER 0.1UF 100V X7R 0805,1,OTS,Each,Electrical Components,In Design,,Link,30-07519A,Lunar Link PCBA,Sienna,1,1,1
08-04-2026,10-006835,SWITCH TACTILE SPST-NO 0.02A 15V 4.70mm x 3.50mm,1,OTS,Each,Electrical Components,In Design,,11 KW Inverter,90-08096A,"Lunar 3 Inverter, Boxed",TBD,1,3,3
08-04-2026,10-07248A,"Cover with Seal, M8 Vent Seal, DC-DC",3,MTS,Each,Part,In Production,,2.0 LFP - EVT with cover,90-06948C,LFP Battery Block with ESS Cover and Wall Bracket,Qualitel,4,1,0
08-04-2026,10-07248A,"Cover with Seal, M8 Vent Seal, DC-DC",3,MTS,Each,Part,In Production,,2.0 LFP - EVT without cover,90-07675A,LFP Battery Block with Wall Bracket,Qualitel,4,1,0
08-04-2026,10-06535A,"PCBA Cover, MSA Controller",3,MTS,Each,Part,In Production,A//Ripple,MSAC,90-06700A,"MSA Controller, Boxed",Qualitel,1,1,1
08-04-2026,10-006748,RES 100 OHM 5% 1W 1210 AEC-Q,1,OTS,Each,Electrical Components,Sunset - Phase Out,,11 KW Inverter,90-08096A,"Lunar 3 Inverter, Boxed",TBD,1,6,6
08-04-2026,10-005307,"Foam Strip, 140mm L, Protective Hat, D",3,MTS,Each,Assembly,In Production,A//Marian Inc,9.6 KW Inverter,90-06889C,"Inverter 9.6kW with Cover and Brackets, Boxed, Lunar Blue",Sienna,1,2,2
08-04-2026,10-006720,IC DGTL ISO 8KV 1CH GT DVR PG-DSO-8-66,1,OTS,Each,Electrical Components,In Production,,11 KW Inverter,90-08096A,"Lunar 3 Inverter, Boxed",TBD,1,9,9
08-04-2026,10-002705,CAP FILM 27UF 10% 700VDC RADIAL,1,OTS,Each,Electrical Components,In Production,,9.6 KW Inverter,90-06889C,"Inverter 9.6kW with Cover and Brackets, Boxed, Lunar Blue",Sienna,1,20,20
08-04-2026,10-001277,CAP CER 2.2UF 100V X7R 1206,1,OTS,Each,Electrical Components,In Production,,Link,30-07519A,Lunar Link PCBA,Sienna,1,3,3
08-04-2026,10-001277,CAP CER 2.2UF 100V X7R 1206,1,OTS,Each,Electrical Components,In Production,,Maximizer Box,90-06831D,"Maximizer, Boxed",Sienna,1,40,40
08-04-2026,10-001277,CAP CER 2.2UF 100V X7R 1206,1,OTS,Each,Electrical Components,In Production,,11 KW Inverter,90-08096A,"Lunar 3 Inverter, Boxed",TBD,1,4,4
08-04-2026,10-000124,RES 250 UOHM 1% 4W 2725 AEC-Q,3,OTS,Each,Electrical Components,Sunset - Phase Out,,Terminal PCBA (TRM),10-06103C,"PCBA, Terminal Board, Type C, Coated",Qualitel,1,1,1
08-04-2026,10-000124,RES 250 UOHM 1% 4W 2725 AEC-Q,3,OTS,Each,Electrical Components,Sunset - Phase Out,,9.6 KW Inverter,90-06889C,"Inverter 9.6kW with Cover and Brackets, Boxed, Lunar Blue",Sienna,1,1,1
08-04-2026,10-005300,"Seal, Exhaust Duct, Adhesive Backed, Strip, D",4,MTS,Each,Part,In Production,A//Marian Inc,9.6 KW Inverter,90-06889C,"Inverter 9.6kW with Cover and Brackets, Boxed, Lunar Blue",Sienna,1,2,2
08-04-2026,10-002797,"Tape, Polyimide, Silicone Adhesive, 2"" Width",2,OTS,Millimeter,Part,In Production,P//Bertech,Maximizer Box,90-06831D,"Maximizer, Boxed",Sienna,1,830,0
08-04-2026,10-004517,IC MCU 32BIT 2MB FLASH 100LQFP,1,OTS,Each,Electrical Components,In Production,,Terminal PCBA (TRM),10-06103C,"PCBA, Terminal Board, Type C, Coated",Qualitel,1,1,1
08-04-2026,10-004517,IC MCU 32BIT 2MB FLASH 100LQFP,1,OTS,Each,Electrical Components,In Production,,9.6 KW Inverter,90-06889C,"Inverter 9.6kW with Cover and Brackets, Boxed, Lunar Blue",Sienna,1,1,1
08-04-2026,10-004517,IC MCU 32BIT 2MB FLASH 100LQFP,1,OTS,Each,Electrical Components,In Production,,2.0 LFP - EVT with cover,90-06948C,LFP Battery Block with ESS Cover and Wall Bracket,Qualitel,4,1,1
08-04-2026,10-004517,IC MCU 32BIT 2MB FLASH 100LQFP,1,OTS,Each,Electrical Components,In Production,,2.0 LFP - EVT without cover,90-07675A,LFP Battery Block with Wall Bracket,Qualitel,4,1,0
08-04-2026,10-004517,IC MCU 32BIT 2MB FLASH 100LQFP,1,OTS,Each,Electrical Components,In Production,,2.1 LFP Block,90-08373A,"Battery Block with Wall Bracket, LFP, L2.1",Qualitel,4,1,1
08-04-2026,10-005103,IC Half Bridge GaN/MOSFET Driver,1,OTS,Each,Electrical Components,In Production,,Maximizer Box,90-06831D,"Maximizer, Boxed",Sienna,1,40,40
08-04-2026,10-005123,IC COMPARATOR 1 GEN PUR 6UDFN,1,OTS,Each,Electrical Components,In Production,,2.0 LFP - EVT with cover,90-06948C,LFP Battery Block with ESS Cover and Wall Bracket,Qualitel,4,1,1
08-04-2026,10-005123,IC COMPARATOR 1 GEN PUR 6UDFN,1,OTS,Each,Electrical Components,In Production,,2.0 LFP - EVT without cover,90-07675A,LFP Battery Block with Wall Bracket,Qualitel,4,1,0
08-04-2026,10-005123,IC COMPARATOR 1 GEN PUR 6UDFN,1,OTS,Each,Electrical Components,In Production,,2.1 LFP Block,90-08373A,"Battery Block with Wall Bracket, LFP, L2.1",Qualitel,4,1,1
08-04-2026,10-002963,"Terminal,Ring,4AWG,M6",1,OTS,Each,Part,In Production,A//Phoenix Contact,Bridge,90-06801A,"Bridge, Type B, Boxed, Lunar Blue",Sienna,1,2,0
08-04-2026,10-004062,"Carbon Steel, ASTM A1008 Grade DDS",1,OTS,Gram,Part,In Production,A//Open AML,Bridge,90-06801A,"Bridge, Type B, Boxed, Lunar Blue",Sienna,1,1124,0
08-04-2026,10-003464,"Screw, 1/4-28 x 3/8in, Steel, Zinc-Plated",1,OTS,Each,Part,In Production,"A//Bossard, Inc.",Bridge,90-06801A,"Bridge, Type B, Boxed, Lunar Blue",Sienna,1,2,2
08-04-2026,10-002960,CONN FERRULE DIN 18AWG,1,OTS,Each,Part,In Production,A//Panduit,Bridge,90-06801A,"Bridge, Type B, Boxed, Lunar Blue",Sienna,1,2,0
08-04-2026,10-002230,"Neutral/Ground Bar, Bridge",1,OTS,Each,Part,In Production,,Bridge,90-06801A,"Bridge, Type B, Boxed, Lunar Blue",Sienna,1,6,6
08-04-2026,10-004406,FIXED IND 10UH 5A 26.5 MOHM SMD,1,OTS,Each,Electrical Components,In Planning,,Link,30-07519A,Lunar Link PCBA,Sienna,1,1,1
08-04-2026,30-005034,"Lunar Bridge CAN Pigtail Board PCBA, Type A",1,MTS,Each,PCBA,In Production,,Bridge,90-06801A,"Bridge, Type B, Boxed, Lunar Blue",Sienna,1,1,0
08-04-2026,10-07268A,CAP CER 0.75PF 50V C0G/NP0 0402,1,OTS,Each,Electrical Components,Sunset - Phase Out,,11 KW Inverter,90-08096A,"Lunar 3 Inverter, Boxed",TBD,1,1,1
08-04-2026,10-003502,DIODE ZENER 6V 500MW SOD123,1,OTS,Each,Electrical Components,In Production,,PV Hub,90-004034,"Maximizer Hub, Boxed",Sienna,1,1,1
08-04-2026,10-004825,"O-Strip Tubing, 2.9mm OD x 1.6mm hollow x 175mm length",3,MTS,Each,Part,In Production,A//Laird-Signal Integrity Products,9.6 KW Inverter,90-06889C,"Inverter 9.6kW with Cover and Brackets, Boxed, Lunar Blue",Sienna,1,1,1
08-04-2026,10-004808,"Wire Harness,Inverter, RF Pass Thru Bundle",4,MTS,Each,Part,In Production,A//Avalon,9.6 KW Inverter,90-06889C,"Inverter 9.6kW with Cover and Brackets, Boxed, Lunar Blue",Sienna,1,1,1
08-04-2026,10-004375,"O-Ring Seal, EMC Base",3,MTS,Each,Part,In Production,A//Parker Hannifin Corporation,9.6 KW Inverter,90-06889C,"Inverter 9.6kW with Cover and Brackets, Boxed, Lunar Blue",Sienna,1,2,2
08-04-2026,10-003725,"TIM, PhaseChange, Cut to Size for Inductor CMC, Ready to Apply",1,MTS,Each,Part,In Production,A//MyHeatSinks,9.6 KW Inverter,90-06889C,"Inverter 9.6kW with Cover and Brackets, Boxed, Lunar Blue",Sienna,1,3,3
08-04-2026,10-003100,RES 49.9K OHM 1% 1/10W 0603,1,OTS,Each,Electrical Components,In Production,,Terminal PCBA (TRM),10-06103C,"PCBA, Terminal Board, Type C, Coated",Qualitel,1,3,3
08-04-2026,10-003100,RES 49.9K OHM 1% 1/10W 0603,1,OTS,Each,Electrical Components,In Production,,Power PCBA (IPC),10-06105C,"PCBA, Power Board, Type C, Coated",Qualitel,1,4,4
08-04-2026,10-003100,RES 49.9K OHM 1% 1/10W 0603,1,OTS,Each,Electrical Components,In Production,,9.6 KW Inverter,90-06889C,"Inverter 9.6kW with Cover and Brackets, Boxed, Lunar Blue",Sienna,1,7,7
08-04-2026,10-003100,RES 49.9K OHM 1% 1/10W 0603,1,OTS,Each,Electrical Components,In Production,,11 KW Inverter,90-08096A,"Lunar 3 Inverter, Boxed",TBD,1,8,8
08-04-2026,10-004703,"Wire, 14 AWG, 41/30, UL 758 Style 1569, Orange",1,OTS,Millimeter,Part,In Production,,9.6 KW Inverter,90-06889C,"Inverter 9.6kW with Cover and Brackets, Boxed, Lunar Blue",Sienna,1,375,0
08-04-2026,10-006678,CAP CER 10NF 100V X7R 0603,1,OTS,Each,Electrical Components,In Production,,2.0 LFP - EVT with cover,90-06948C,LFP Battery Block with ESS Cover and Wall Bracket,Qualitel,4,3,3
08-04-2026,10-006678,CAP CER 10NF 100V X7R 0603,1,OTS,Each,Electrical Components,In Production,,2.0 LFP - EVT without cover,90-07675A,LFP Battery Block with Wall Bracket,Qualitel,4,3,0
08-04-2026,10-006678,CAP CER 10NF 100V X7R 0603,1,OTS,Each,Electrical Components,In Production,,11 KW Inverter,90-08096A,"Lunar 3 Inverter, Boxed",TBD,1,4,4
08-04-2026,10-006678,CAP CER 10NF 100V X7R 0603,1,OTS,Each,Electrical Components,In Production,,2.1 LFP Block,90-08373A,"Battery Block with Wall Bracket, LFP, L2.1",Qualitel,4,3,3
08-04-2026,10-006448,DIODE SCHOTTKY 40V 2A 1206,1,OTS,Each,Electrical Components,In Production,,Bridge,90-06801A,"Bridge, Type B, Boxed, Lunar Blue",Sienna,1,1,1
08-04-2026,10-002250,"Wire Harness, Grid Current Sense, Bridge",2,OTS,Each,Part,In Production,A//KG-Technologies Inc.,Bridge,90-06801A,"Bridge, Type B, Boxed, Lunar Blue",Sienna,1,1,0
08-04-2026,10-003925,"Wire Harness,Inverter Exterior,Antenna Right",2,MTS,Each,Part,In Production,,9.6 KW Inverter,90-06889C,"Inverter 9.6kW with Cover and Brackets, Boxed, Lunar Blue",Sienna,1,1,0
08-04-2026,10-07678A,"Packaging Kit, LFP Battery Block and Wall Bracket",1,OTS,Each,Part,In Production,A//Veritiv Operating Company,2.0 LFP - EVT without cover,90-07675A,LFP Battery Block with Wall Bracket,Qualitel,4,1,0
08-04-2026,10-004624,RES SMD 10K OHM 0.1% 1/10W 0603,1,OTS,Each,Electrical Components,In Production,,Power PCBA (IPC),10-06105C,"PCBA, Power Board, Type C, Coated",Qualitel,1,13,13
08-04-2026,10-004624,RES SMD 10K OHM 0.1% 1/10W 0603,1,OTS,Each,Electrical Components,In Production,,Maximizer Box,90-06831D,"Maximizer, Boxed",Sienna,1,80,80
08-04-2026,10-004624,RES SMD 10K OHM 0.1% 1/10W 0603,1,OTS,Each,Electrical Components,In Production,,9.6 KW Inverter,90-06889C,"Inverter 9.6kW with Cover and Brackets, Boxed, Lunar Blue",Sienna,1,13,13
08-04-2026,10-08378A,Edge trim protector,1,MTS,Each,Part,In Planning,,2.1 LFP Block,90-08373A,"Battery Block with Wall Bracket, LFP, L2.1",Qualitel,4,2,0
08-04-2026,10-08106A,"Lunar 3 Inverter Enclosure, Left Bottom Rail, DVT1",3,MTS,Each,Part,In Design,,11 KW Inverter,90-08096A,"Lunar 3 Inverter, Boxed",TBD,1,1,0
08-04-2026,10-08107A,"Lunar 3 Inverter Enclosure, Front Door Reveal, DVT1",3,MTS,Each,Part,In Design,,11 KW Inverter,90-08096A,"Lunar 3 Inverter, Boxed",TBD,1,1,0
08-04-2026,10-003758,"Tab, PCBA Grounding, Maximizer Released",4,MTS,Each,Part,In Production,A//Avalon,Maximizer Box,90-06831D,"Maximizer, Boxed",Sienna,1,40,40
08-04-2026,10-07241A,"SCREW, M8-1.25X10, PAN HD, T40, SEALING, STL+ZNNI",3,MTS,Each,Part,In Production,A//Unisteel,2.0 LFP - EVT with cover,90-06948C,LFP Battery Block with ESS Cover and Wall Bracket,Qualitel,4,1,1
08-04-2026,10-07241A,"SCREW, M8-1.25X10, PAN HD, T40, SEALING, STL+ZNNI",3,MTS,Each,Part,In Production,A//Unisteel,2.0 LFP - EVT without cover,90-07675A,LFP Battery Block with Wall Bracket,Qualitel,4,1,0
08-04-2026,10-006793,IC Arm Cortex-A53 Microprocessor ANB0373A,1,OTS,Each,Electrical Components,In Production,,11 KW Inverter,90-08096A,"Lunar 3 Inverter, Boxed",TBD,1,1,1
08-04-2026,10-006878,"FUSE BRD MT 2.5A 350VAC 600VDC 0.520""L x 0.199""W AEC-Q",1,OTS,Each,Electrical Components,In Design,,11 KW Inverter,90-08096A,"Lunar 3 Inverter, Boxed",TBD,1,2,2
08-04-2026,10-006919,MOSFET N-CH 100V 18A TSDSON-8-32 (3.3X3.3MM),1,OTS,Each,Electrical Components,In Production,,11 KW Inverter,90-08096A,"Lunar 3 Inverter, Boxed",TBD,1,3,3
08-04-2026,10-006953,"LED SMD 5050 W/ 6 PINS, Discrete Red, Green, Blue (RGB) ADDRESSABLE 5.36mmL x 5.00mmW",1,OTS,Each,Electrical Components,In Design,,11 KW Inverter,90-08096A,"Lunar 3 Inverter, Boxed",TBD,1,2,2
08-04-2026,10-006948,Module ESIM,1,OTS,Each,Electrical Components,In Planning,,11 KW Inverter,90-08096A,"Lunar 3 Inverter, Boxed",TBD,1,1,1
08-04-2026,10-000841,CAP CER 3300PF 50V X7R 0402 AEC-Q,1,OTS,Each,Electrical Components,Sunset - Phase Out,,Terminal PCBA (TRM),10-06103C,"PCBA, Terminal Board, Type C, Coated",Qualitel,1,1,1
08-04-2026,10-000841,CAP CER 3300PF 50V X7R 0402 AEC-Q,1,OTS,Each,Electrical Components,Sunset - Phase Out,,9.6 KW Inverter,90-06889C,"Inverter 9.6kW with Cover and Brackets, Boxed, Lunar Blue",Sienna,1,1,1
08-04-2026,10-005072,Diode Zener Single 20V 1% 250mW 3-Pin SOT-23 T/R,1,OTS,Each,Electrical Components,Sunset - Phase Out,,2.0 LFP - EVT with cover,90-06948C,LFP Battery Block with ESS Cover and Wall Bracket,Qualitel,4,1,1
08-04-2026,10-005072,Diode Zener Single 20V 1% 250mW 3-Pin SOT-23 T/R,1,OTS,Each,Electrical Components,Sunset - Phase Out,,2.0 LFP - EVT without cover,90-07675A,LFP Battery Block with Wall Bracket,Qualitel,4,1,0
08-04-2026,10-07408A,"Packaging, L Support, LFP Battery Block with Cover and WB",1,OTS,Each,Part,In Production,A//Veritiv Operating Company,2.0 LFP - EVT with cover,90-06948C,LFP Battery Block with ESS Cover and Wall Bracket,Qualitel,4,4,0
08-04-2026,30-07519A,Lunar Link PCBA,1,MTS,Each,PCBA,In Planning,,Link,30-07519A,Lunar Link PCBA,Sienna,1,1,0
08-04-2026,10-07329A,"Carbon Steel, ASTM A1008 CS-TYPE B",1,OTS,Gram,Part,In Production,,2.0 LFP - EVT with cover,90-06948C,LFP Battery Block with ESS Cover and Wall Bracket,Qualitel,4,6200,0
08-04-2026,10-07329A,"Carbon Steel, ASTM A1008 CS-TYPE B",1,OTS,Gram,Part,In Production,,2.0 LFP - EVT without cover,90-07675A,LFP Battery Block with Wall Bracket,Qualitel,4,6200,0
08-04-2026,10-06946B,"10-06946B Terminal Cover Assy, LFP BB",2,MTS,Each,Part,In Production,A//ACE Battery,2.0 LFP - EVT with cover,90-06948C,LFP Battery Block with ESS Cover and Wall Bracket,Qualitel,4,2,2
08-04-2026,10-06946B,"10-06946B Terminal Cover Assy, LFP BB",2,MTS,Each,Part,In Production,A//ACE Battery,2.0 LFP - EVT without cover,90-07675A,LFP Battery Block with Wall Bracket,Qualitel,4,2,0
08-04-2026,10-006806,IC BUFF NON-INVERT SCHMITT TRIGGER 5.5V SOT-23-5,1,OTS,Each,Electrical Components,In Design,,11 KW Inverter,90-08096A,"Lunar 3 Inverter, Boxed",TBD,1,3,3
08-04-2026,10-004422,"Label, 7x7 mm QR",3,MTS,Each,Assembly,In Production,A//Open AML,2.0 LFP - EVT with cover,90-06948C,LFP Battery Block with ESS Cover and Wall Bracket,Qualitel,4,3,3
08-04-2026,10-004422,"Label, 7x7 mm QR",3,MTS,Each,Assembly,In Production,A//Open AML,2.0 LFP - EVT without cover,90-07675A,LFP Battery Block with Wall Bracket,Qualitel,4,2,0
08-04-2026,10-004422,"Label, 7x7 mm QR",3,MTS,Each,Assembly,In Production,A//Open AML,2.1 LFP Block,90-08373A,"Battery Block with Wall Bracket, LFP, L2.1",Qualitel,4,3,3
08-04-2026,10-06930B,"TIM, PCBA, DCDC",1,MTS,Each,Part,In Production,A//Singleton,2.0 LFP - EVT with cover,90-06948C,LFP Battery Block with ESS Cover and Wall Bracket,Qualitel,4,1,1
08-04-2026,10-06930B,"TIM, PCBA, DCDC",1,MTS,Each,Part,In Production,A//Singleton,2.0 LFP - EVT without cover,90-07675A,LFP Battery Block with Wall Bracket,Qualitel,4,1,0
08-04-2026,10-004362,RES SMD 1K OHM 1% 1/2W 0805 AEC-Q,1,OTS,Each,Electrical Components,In Production,,Terminal PCBA (TRM),10-06103C,"PCBA, Terminal Board, Type C, Coated",Qualitel,1,1,1
08-04-2026,10-004362,RES SMD 1K OHM 1% 1/2W 0805 AEC-Q,1,OTS,Each,Electrical Components,In Production,,Power PCBA (IPC),10-06105C,"PCBA, Power Board, Type C, Coated",Qualitel,1,4,4
08-04-2026,10-004362,RES SMD 1K OHM 1% 1/2W 0805 AEC-Q,1,OTS,Each,Electrical Components,In Production,,9.6 KW Inverter,90-06889C,"Inverter 9.6kW with Cover and Brackets, Boxed, Lunar Blue",Sienna,1,5,5
08-04-2026,10-06998A,CAP CER 1000PF 50V C0G/NP0 0603,1,OTS,Each,Electrical Components,In Production,,Max 2.0 PCBA,30-07320F,Maximizer 2.0 PCBA,TBD,20,2,2
08-04-2026,10-06998A,CAP CER 1000PF 50V C0G/NP0 0603,1,OTS,Each,Electrical Components,In Production,,2.1 LFP Block,90-08373A,"Battery Block with Wall Bracket, LFP, L2.1",Qualitel,4,13,13
08-04-2026,10-004538,IC VREF SHUNT 0.32% 8SOIC AEC-Q,1,OTS,Each,Electrical Components,In Production,,Terminal PCBA (TRM),10-06103C,"PCBA, Terminal Board, Type C, Coated",Qualitel,1,1,1
08-04-2026,10-004538,IC VREF SHUNT 0.32% 8SOIC AEC-Q,1,OTS,Each,Electrical Components,In Production,,9.6 KW Inverter,90-06889C,"Inverter 9.6kW with Cover and Brackets, Boxed, Lunar Blue",Sienna,1,1,1
08-04-2026,10-004538,IC VREF SHUNT 0.32% 8SOIC AEC-Q,1,OTS,Each,Electrical Components,In Production,,11 KW Inverter,90-08096A,"Lunar 3 Inverter, Boxed",TBD,1,1,1
08-04-2026,10-005461,FERRITE BEAD 1K OHM 1206 1LN,1,OTS,Each,Electrical Components,In Design,,2.1 LFP Block,90-08373A,"Battery Block with Wall Bracket, LFP, L2.1",Qualitel,4,4,4
08-04-2026,10-005316,"Conduit Cover, Double Conduit, Suede, with Gap Cover",2,MTS,Each,Part,In Production,,9.6 KW Inverter,90-06889C,"Inverter 9.6kW with Cover and Brackets, Boxed, Lunar Blue",Sienna,1,1,0
08-04-2026,10-002308,DIODE GEN PURP 1KV 8A SMC,1,OTS,Each,Electrical Components,In Production,,PV Hub,90-004034,"Maximizer Hub, Boxed",Sienna,1,1,1
08-04-2026,10-004445,"Screw, M5x10 mm, CS, Cl 8.8, T25, ZnNi Black, Knurled Head",1,OTS,Each,Part,In Production,A//Pencom,Bridge,90-06801A,"Bridge, Type B, Boxed, Lunar Blue",Sienna,1,4,0
08-04-2026,10-004074,"Powder Coat, Black",1,OTS,Gram,Part,In Production,A//Open AML,Bridge,90-06801A,"Bridge, Type B, Boxed, Lunar Blue",Sienna,1,2,0
08-04-2026,10-002237,"Clinch Nut, M6, Steel, Zinc-Plated",2,OTS,Each,Part,In Production,A//Pencom,Bridge,90-06801A,"Bridge, Type B, Boxed, Lunar Blue",Sienna,1,18,0
08-04-2026,10-002208,"Wire Terminal Lug, 250MCM, Aluminum, Tin-Plated",2,OTS,Each,Part,In Production,A//Ilsco,Bridge,90-06801A,"Bridge, Type B, Boxed, Lunar Blue",Sienna,1,10,10
08-04-2026,10-001409,CONN HEADER SMD 6POS 2.5MM,1,OTS,Each,Electrical Components,In Production,,Bridge,90-06801A,"Bridge, Type B, Boxed, Lunar Blue",Sienna,1,1,1
08-04-2026,10-001409,CONN HEADER SMD 6POS 2.5MM,1,OTS,Each,Electrical Components,In Production,,11 KW Inverter,90-08096A,"Lunar 3 Inverter, Boxed",TBD,1,1,1
08-04-2026,10-003471,"Aluminum 5052-H32, ASTM B209",1,OTS,Gram,Part,In Production,A//Open AML,Maximizer Box,90-06831D,"Maximizer, Boxed",Sienna,1,20,0
08-04-2026,10-003471,"Aluminum 5052-H32, ASTM B209",1,OTS,Gram,Part,In Production,A//Open AML,9.6 KW Inverter,90-06889C,"Inverter 9.6kW with Cover and Brackets, Boxed, Lunar Blue",Sienna,1,775,0
08-04-2026,10-003471,"Aluminum 5052-H32, ASTM B209",1,OTS,Gram,Part,In Production,A//Open AML,2.0 LFP - EVT with cover,90-06948C,LFP Battery Block with ESS Cover and Wall Bracket,Qualitel,4,129,0
08-04-2026,10-003471,"Aluminum 5052-H32, ASTM B209",1,OTS,Gram,Part,In Production,A//Open AML,2.0 LFP - EVT without cover,90-07675A,LFP Battery Block with Wall Bracket,Qualitel,4,129,0
08-04-2026,10-003471,"Aluminum 5052-H32, ASTM B209",1,OTS,Gram,Part,In Production,A//Open AML,2.1 LFP Block,90-08373A,"Battery Block with Wall Bracket, LFP, L2.1",Qualitel,4,129,0
08-04-2026,10-002179,"Clinch Nut, M5, Steel with Zinc Coating",2,OTS,Each,Part,In Production,A//Penn Engineering,Bridge,90-06801A,"Bridge, Type B, Boxed, Lunar Blue",Sienna,1,12,0
08-04-2026,10-002179,"Clinch Nut, M5, Steel with Zinc Coating",2,OTS,Each,Part,In Production,A//Penn Engineering,9.6 KW Inverter,90-06889C,"Inverter 9.6kW with Cover and Brackets, Boxed, Lunar Blue",Sienna,1,7,0
08-04-2026,10-002179,"Clinch Nut, M5, Steel with Zinc Coating",2,OTS,Each,Part,In Production,A//Penn Engineering,11 KW Inverter,90-08096A,"Lunar 3 Inverter, Boxed",TBD,1,2,0
08-04-2026,10-002179,"Clinch Nut, M5, Steel with Zinc Coating",2,OTS,Each,Part,In Production,A//Penn Engineering,2.1 LFP Block,90-08373A,"Battery Block with Wall Bracket, LFP, L2.1",Qualitel,4,44,0
08-04-2026,10-004939,"Top Nest, Litz Wire Inductor, Power Module",1,OTS,Each,Part,In Production,A//Bourns Inc.,9.6 KW Inverter,90-06889C,"Inverter 9.6kW with Cover and Brackets, Boxed, Lunar Blue",Sienna,1,3,0
08-04-2026,10-004859,"VersaBlade Male Crimp Terminal, Tin (Sn) Plating, 20-22 AWG",1,OTS,Each,Part,In Production,,9.6 KW Inverter,90-06889C,"Inverter 9.6kW with Cover and Brackets, Boxed, Lunar Blue",Sienna,1,1,0
08-04-2026,10-004711,"Wire, 10 AWG, UL 10086, Stranded, White",1,OTS,Millimeter,Part,In Production,,9.6 KW Inverter,90-06889C,"Inverter 9.6kW with Cover and Brackets, Boxed, Lunar Blue",Sienna,1,200,0
08-04-2026,10-002100,"Tape, Adhesive, Double Sided, 0.16mm",1,OTS,Each,Part,In Production,A//Boyd Corporation,Maximizer Box,90-06831D,"Maximizer, Boxed",Sienna,1,40,0
08-04-2026,10-003973,"PMMA, Translucent, Transmittance ≥ 85%, Haze ≥ 80%",1,OTS,Gram,Part,In Production,,9.6 KW Inverter,90-06889C,"Inverter 9.6kW with Cover and Brackets, Boxed, Lunar Blue",Sienna,1,2,0
08-04-2026,10-003367,"STAINLESS STEEL, 304",1,OTS,Gram,Part,In Production,"A//Open AML, A//Open AML",Bridge,90-06801A,"Bridge, Type B, Boxed, Lunar Blue",Sienna,1,21,0
08-04-2026,10-003367,"STAINLESS STEEL, 304",1,OTS,Gram,Part,In Production,"A//Open AML, A//Open AML",9.6 KW Inverter,90-06889C,"Inverter 9.6kW with Cover and Brackets, Boxed, Lunar Blue",Sienna,1,12.3,0
08-04-2026,10-06847A,"Label, Low Voltage Wire Routing Diagram, Bridge, Type B",2,MTS,Each,Part,In Production,GS//[TBD],Bridge,90-06801A,"Bridge, Type B, Boxed, Lunar Blue",Sienna,1,1,1
08-04-2026,10-004514,Battery Aesthetic Cover Asy Suede,6,MTS,Each,Part,In Production,,2.0 LFP - EVT with cover,90-06948C,LFP Battery Block with ESS Cover and Wall Bracket,Qualitel,4,1,0
08-04-2026,10-002379,CAP CER 15PF 50V C0G 0402 AEC-Q,1,OTS,Each,Electrical Components,Sunset - Phase Out,,2.0 LFP - EVT with cover,90-06948C,LFP Battery Block with ESS Cover and Wall Bracket,Qualitel,4,6,6
08-04-2026,10-002379,CAP CER 15PF 50V C0G 0402 AEC-Q,1,OTS,Each,Electrical Components,Sunset - Phase Out,,2.0 LFP - EVT without cover,90-07675A,LFP Battery Block with Wall Bracket,Qualitel,4,6,0
08-04-2026,10-002329,CAP CER 47PF 50V C0G/NP0 0603,1,OTS,Each,Electrical Components,In Production,,Terminal PCBA (TRM),10-06103C,"PCBA, Terminal Board, Type C, Coated",Qualitel,1,2,2
08-04-2026,10-002329,CAP CER 47PF 50V C0G/NP0 0603,1,OTS,Each,Electrical Components,In Production,,PV Hub,90-004034,"Maximizer Hub, Boxed",Sienna,1,1,1
08-04-2026,10-002329,CAP CER 47PF 50V C0G/NP0 0603,1,OTS,Each,Electrical Components,In Production,,9.6 KW Inverter,90-06889C,"Inverter 9.6kW with Cover and Brackets, Boxed, Lunar Blue",Sienna,1,2,2
08-04-2026,10-002329,CAP CER 47PF 50V C0G/NP0 0603,1,OTS,Each,Electrical Components,In Production,,11 KW Inverter,90-08096A,"Lunar 3 Inverter, Boxed",TBD,1,2,2
08-04-2026,10-002403,CAP CER 0.1UF 450V X7T 1206 AEC-Q,1,OTS,Each,Electrical Components,Sunset - Phase Out,,2.0 LFP - EVT with cover,90-06948C,LFP Battery Block with ESS Cover and Wall Bracket,Qualitel,4,10,10
08-04-2026,10-002403,CAP CER 0.1UF 450V X7T 1206 AEC-Q,1,OTS,Each,Electrical Components,Sunset - Phase Out,,2.0 LFP - EVT without cover,90-07675A,LFP Battery Block with Wall Bracket,Qualitel,4,10,0
08-04-2026,10-002205,"Bus Bar, BU, L2, Bridge",9,MTS,Each,Part,In Production,A//Avalon,Bridge,90-06801A,"Bridge, Type B, Boxed, Lunar Blue",Sienna,1,1,1
08-04-2026,10-002171,CAP CER 4.7UF 50V X7R 0805,1,OTS,Each,Electrical Components,In Production,,Power PCBA (IPC),10-06105C,"PCBA, Power Board, Type C, Coated",Qualitel,1,9,9
08-04-2026,10-002171,CAP CER 4.7UF 50V X7R 0805,1,OTS,Each,Electrical Components,In Production,,9.6 KW Inverter,90-06889C,"Inverter 9.6kW with Cover and Brackets, Boxed, Lunar Blue",Sienna,1,9,9
08-04-2026,10-002171,CAP CER 4.7UF 50V X7R 0805,1,OTS,Each,Electrical Components,In Production,,11 KW Inverter,90-08096A,"Lunar 3 Inverter, Boxed",TBD,1,51,51
08-04-2026,10-001653,CAP CER 1500PF 250V NONSTND SMD,1,OTS,Each,Electrical Components,In Production,,Bridge,90-06801A,"Bridge, Type B, Boxed, Lunar Blue",Sienna,1,1,1
08-04-2026,10-001622,CAP CER 0805 1NF 200V C0G 5% AEC-Q,1,OTS,Each,Electrical Components,Sunset - Phase Out,,Terminal PCBA (TRM),10-06103C,"PCBA, Terminal Board, Type C, Coated",Qualitel,1,1,1
08-04-2026,10-001622,CAP CER 0805 1NF 200V C0G 5% AEC-Q,1,OTS,Each,Electrical Components,Sunset - Phase Out,,Bridge,90-06801A,"Bridge, Type B, Boxed, Lunar Blue",Sienna,1,1,1
08-04-2026,10-001622,CAP CER 0805 1NF 200V C0G 5% AEC-Q,1,OTS,Each,Electrical Components,Sunset - Phase Out,,9.6 KW Inverter,90-06889C,"Inverter 9.6kW with Cover and Brackets, Boxed, Lunar Blue",Sienna,1,1,1
08-04-2026,10-001733,CAP CER 0.1UF 100V X7R 0805 AEC-Q,1,OTS,Each,Electrical Components,Sunset - Phase Out,,2.0 LFP - EVT with cover,90-06948C,LFP Battery Block with ESS Cover and Wall Bracket,Qualitel,4,2,2
08-04-2026,10-001733,CAP CER 0.1UF 100V X7R 0805 AEC-Q,1,OTS,Each,Electrical Components,Sunset - Phase Out,,2.0 LFP - EVT without cover,90-07675A,LFP Battery Block with Wall Bracket,Qualitel,4,2,0
08-04-2026,10-001733,CAP CER 0.1UF 100V X7R 0805 AEC-Q,1,OTS,Each,Electrical Components,Sunset - Phase Out,,11 KW Inverter,90-08096A,"Lunar 3 Inverter, Boxed",TBD,1,5,5
08-04-2026,10-001725,CAP CER 0.1UF ±10% 50V X7R 0603 AEC-Q,1,OTS,Each,Electrical Components,Sunset - Phase Out,,Power PCBA (IPC),10-06105C,"PCBA, Power Board, Type C, Coated",Qualitel,1,42,42
08-04-2026,10-001725,CAP CER 0.1UF ±10% 50V X7R 0603 AEC-Q,1,OTS,Each,Electrical Components,Sunset - Phase Out,,9.6 KW Inverter,90-06889C,"Inverter 9.6kW with Cover and Brackets, Boxed, Lunar Blue",Sienna,1,42,42
08-04-2026,10-001725,CAP CER 0.1UF ±10% 50V X7R 0603 AEC-Q,1,OTS,Each,Electrical Components,Sunset - Phase Out,,2.0 LFP - EVT with cover,90-06948C,LFP Battery Block with ESS Cover and Wall Bracket,Qualitel,4,50,50
08-04-2026,10-001725,CAP CER 0.1UF ±10% 50V X7R 0603 AEC-Q,1,OTS,Each,Electrical Components,Sunset - Phase Out,,2.0 LFP - EVT without cover,90-07675A,LFP Battery Block with Wall Bracket,Qualitel,4,50,0
08-04-2026,10-001725,CAP CER 0.1UF ±10% 50V X7R 0603 AEC-Q,1,OTS,Each,Electrical Components,Sunset - Phase Out,,11 KW Inverter,90-08096A,"Lunar 3 Inverter, Boxed",TBD,1,8,8
08-04-2026,10-001717,CAP CER 100PF ±10% 50V C0G 0402,1,OTS,Each,Electrical Components,In Production,,9.6 KW Inverter,90-06889C,"Inverter 9.6kW with Cover and Brackets, Boxed, Lunar Blue",Sienna,1,3,3
08-04-2026,10-000680,RES SMD 6.8K OHM 1% 1/16W 0402 AEC-Q,1,OTS,Each,Electrical Components,In Production,,Terminal PCBA (TRM),10-06103C,"PCBA, Terminal Board, Type C, Coated",Qualitel,1,3,3
08-04-2026,10-000680,RES SMD 6.8K OHM 1% 1/16W 0402 AEC-Q,1,OTS,Each,Electrical Components,In Production,,PV Hub,90-004034,"Maximizer Hub, Boxed",Sienna,1,2,2
08-04-2026,10-000680,RES SMD 6.8K OHM 1% 1/16W 0402 AEC-Q,1,OTS,Each,Electrical Components,In Production,,Bridge,90-06801A,"Bridge, Type B, Boxed, Lunar Blue",Sienna,1,2,2
08-04-2026,10-000680,RES SMD 6.8K OHM 1% 1/16W 0402 AEC-Q,1,OTS,Each,Electrical Components,In Production,,9.6 KW Inverter,90-06889C,"Inverter 9.6kW with Cover and Brackets, Boxed, Lunar Blue",Sienna,1,3,3
08-04-2026,10-001129,RES SMD 1K OHM 1% 1/10W 0603,1,OTS,Each,Electrical Components,In Production,,Bridge,90-06801A,"Bridge, Type B, Boxed, Lunar Blue",Sienna,1,1,1
08-04-2026,10-001129,RES SMD 1K OHM 1% 1/10W 0603,1,OTS,Each,Electrical Components,In Production,,2.1 LFP Block,90-08373A,"Battery Block with Wall Bracket, LFP, L2.1",Qualitel,4,2,2
08-04-2026,10-005082,"Top Cover, Filter Board, Inverter",3,MTS,Each,Part,In Production,A//JPOND,9.6 KW Inverter,90-06889C,"Inverter 9.6kW with Cover and Brackets, Boxed, Lunar Blue",Sienna,1,1,1
08-04-2026,10-005157,"Potted Pin Passthrough and Inductor Housing, Inverter Power Module, D",4,MTS,Each,Part,In Production,GS//Avnet,9.6 KW Inverter,90-06889C,"Inverter 9.6kW with Cover and Brackets, Boxed, Lunar Blue",Sienna,1,1,1
08-04-2026,10-005110,"Insulator Sheet, Filter Board Integrated PSA, D",1,MTS,Each,Part,In Production,A//Singleton,9.6 KW Inverter,90-06889C,"Inverter 9.6kW with Cover and Brackets, Boxed, Lunar Blue",Sienna,1,1,1
08-04-2026,10-004729,"Wire Harness, Inverter, PV Switch",7,MTS,Each,Part,In Production,A//Avalon,9.6 KW Inverter,90-06889C,"Inverter 9.6kW with Cover and Brackets, Boxed, Lunar Blue",Sienna,1,1,1
08-04-2026,10-004322,"TIM, Inductor Housing 2, Inverter Power Module",2,MTS,Each,Part,In Production,A//MyHeatSinks,9.6 KW Inverter,90-06889C,"Inverter 9.6kW with Cover and Brackets, Boxed, Lunar Blue",Sienna,1,1,1
08-04-2026,10-004124,"Hook Mounting Bracket with Lock, Inverter, C1.5",2,MTS,Each,Part,In Production,A//JPOND,9.6 KW Inverter,90-06889C,"Inverter 9.6kW with Cover and Brackets, Boxed, Lunar Blue",Sienna,1,1,1
08-04-2026,10-003942,CAP CER 0.047UF 50V X7R 0603,1,OTS,Each,Electrical Components,In Production,,Power PCBA (IPC),10-06105C,"PCBA, Power Board, Type C, Coated",Qualitel,1,3,3
08-04-2026,10-003942,CAP CER 0.047UF 50V X7R 0603,1,OTS,Each,Electrical Components,In Production,,9.6 KW Inverter,90-06889C,"Inverter 9.6kW with Cover and Brackets, Boxed, Lunar Blue",Sienna,1,3,3
08-04-2026,10-003942,CAP CER 0.047UF 50V X7R 0603,1,OTS,Each,Electrical Components,In Production,,11 KW Inverter,90-08096A,"Lunar 3 Inverter, Boxed",TBD,1,1,1
08-04-2026,10-003887,"Foam, Antenna Box, Maximizer",8,MTS,Each,Part,In Production,A//Boyd Corporation,Maximizer Box,90-06831D,"Maximizer, Boxed",Sienna,1,20,20
08-04-2026,10-004017,RES SMD 49.9K OHM 1% 1/4W 1206,1,OTS,Each,Electrical Components,In Design,,2.1 LFP Block,90-08373A,"Battery Block with Wall Bracket, LFP, L2.1",Qualitel,4,4,4
08-04-2026,10-005227,"Snorkel with Seal,Battery Block",4,MTS,Each,Part,In Production,A//Axtonne,2.0 LFP - EVT with cover,90-06948C,LFP Battery Block with ESS Cover and Wall Bracket,Qualitel,4,1,1
08-04-2026,10-005227,"Snorkel with Seal,Battery Block",4,MTS,Each,Part,In Production,A//Axtonne,2.0 LFP - EVT without cover,90-07675A,LFP Battery Block with Wall Bracket,Qualitel,4,1,0
08-04-2026,10-06825A,"Label, Caution, 19.05mm Tall Triangle, UL969",1,OTS,Each,Part,In Production,,Bridge,90-06801A,"Bridge, Type B, Boxed, Lunar Blue",Sienna,1,1,1
08-04-2026,10-003433,"CAP CER 4700PF 250VAC X7R SAFETY X1, Y2 2220",1,OTS,Each,Electrical Components,In Production,,Terminal PCBA (TRM),10-06103C,"PCBA, Terminal Board, Type C, Coated",Qualitel,1,8,8
08-04-2026,10-003433,"CAP CER 4700PF 250VAC X7R SAFETY X1, Y2 2220",1,OTS,Each,Electrical Components,In Production,,Maximizer Box,90-06831D,"Maximizer, Boxed",Sienna,1,80,80
08-04-2026,10-003433,"CAP CER 4700PF 250VAC X7R SAFETY X1, Y2 2220",1,OTS,Each,Electrical Components,In Production,,9.6 KW Inverter,90-06889C,"Inverter 9.6kW with Cover and Brackets, Boxed, Lunar Blue",Sienna,1,8,8
08-04-2026,10-003433,"CAP CER 4700PF 250VAC X7R SAFETY X1, Y2 2220",1,OTS,Each,Electrical Components,In Production,,2.0 LFP - EVT with cover,90-06948C,LFP Battery Block with ESS Cover and Wall Bracket,Qualitel,4,1,1
08-04-2026,10-003433,"CAP CER 4700PF 250VAC X7R SAFETY X1, Y2 2220",1,OTS,Each,Electrical Components,In Production,,2.0 LFP - EVT without cover,90-07675A,LFP Battery Block with Wall Bracket,Qualitel,4,1,0
08-04-2026,10-003433,"CAP CER 4700PF 250VAC X7R SAFETY X1, Y2 2220",1,OTS,Each,Electrical Components,In Production,,11 KW Inverter,90-08096A,"Lunar 3 Inverter, Boxed",TBD,1,12,12
08-04-2026,10-003433,"CAP CER 4700PF 250VAC X7R SAFETY X1, Y2 2220",1,OTS,Each,Electrical Components,In Production,,2.1 LFP Block,90-08373A,"Battery Block with Wall Bracket, LFP, L2.1",Qualitel,4,1,1
08-04-2026,10-006231,"Thermal Gap Filler, Curing, 6.5 W/mK, Two Part Dispensed",1,OTS,Milliliter,Part,In Production,,9.6 KW Inverter,90-06889C,"Inverter 9.6kW with Cover and Brackets, Boxed, Lunar Blue",Sienna,1,70,70
08-04-2026,10-003009,"Adhesive, Tape, Insulator, Load Tray, Bridge",3,MTS,Each,Part,In Production,A//Sienna,Bridge,90-06801A,"Bridge, Type B, Boxed, Lunar Blue",Sienna,1,1,1
08-04-2026,10-06762A,"Aluminum Nitride with Copper Surface, k > 170 w/mK",1,OTS,Gram,Part,In Production,,2.0 LFP - EVT with cover,90-06948C,LFP Battery Block with ESS Cover and Wall Bracket,Qualitel,4,0.165,0
08-04-2026,10-06762A,"Aluminum Nitride with Copper Surface, k > 170 w/mK",1,OTS,Gram,Part,In Production,,2.0 LFP - EVT without cover,90-07675A,LFP Battery Block with Wall Bracket,Qualitel,4,0.165,0
08-04-2026,10-06762A,"Aluminum Nitride with Copper Surface, k > 170 w/mK",1,OTS,Gram,Part,In Production,,2.1 LFP Block,90-08373A,"Battery Block with Wall Bracket, LFP, L2.1",Qualitel,4,0.165,0
08-04-2026,10-006648,CONN TERM BLK PCB LEVER 3.5MM 2POS,1,OTS,Each,Electrical Components,In Planning,,Link,30-07519A,Lunar Link PCBA,Sienna,1,2,2
08-04-2026,10-006072,"Screw, SEMS, M3x0.5x6, T10, Square-Cone Washer, SS",1,OTS,Each,Part,In Production,A//Pencom,9.6 KW Inverter,90-06889C,"Inverter 9.6kW with Cover and Brackets, Boxed, Lunar Blue",Sienna,1,22,22
08-04-2026,10-004152,"Standoff, M3x0.5, 4.5mm, F/F, Thru, Hex, SS",1,OTS,Each,Part,In Production,A//Pencom,Bridge,90-06801A,"Bridge, Type B, Boxed, Lunar Blue",Sienna,1,8,8
08-04-2026,10-004152,"Standoff, M3x0.5, 4.5mm, F/F, Thru, Hex, SS",1,OTS,Each,Part,In Production,A//Pencom,Maximizer Box,90-06831D,"Maximizer, Boxed",Sienna,1,40,40
08-04-2026,10-006654,DIODE ZENER 68V 3W SMB,1,OTS,Each,Electrical Components,In Production,,Maximizer Box,90-06831D,"Maximizer, Boxed",Sienna,1,20,20
08-04-2026,10-06746A,CONN RCPT HSG 32POS 2.00MM,1,OTS,Each,Part,In Production,,MSAC,90-06700A,"MSA Controller, Boxed",Qualitel,1,1,0
08-04-2026,10-06693A,"Polycarbonate, Unfilled, UL-94 5VA, UV Stabilized, Lunar Blue",1,OTS,Gram,Part,In Production,,HW Kit,90-001223,"20kWh Hardware Kit, Lunar Blue",Sienna,1,1929.3,0
08-04-2026,10-06693A,"Polycarbonate, Unfilled, UL-94 5VA, UV Stabilized, Lunar Blue",1,OTS,Gram,Part,In Production,,9.6 KW Inverter,90-06889C,"Inverter 9.6kW with Cover and Brackets, Boxed, Lunar Blue",Sienna,1,1791.9,0
08-04-2026,10-06693A,"Polycarbonate, Unfilled, UL-94 5VA, UV Stabilized, Lunar Blue",1,OTS,Gram,Part,In Production,,2.0 LFP - EVT with cover,90-06948C,LFP Battery Block with ESS Cover and Wall Bracket,Qualitel,4,1539.6,0
08-04-2026,10-06693A,"Polycarbonate, Unfilled, UL-94 5VA, UV Stabilized, Lunar Blue",1,OTS,Gram,Part,In Production,,LFP HW Kit,90-07290A,20kWh LFP ESS Hardware Kit,Sienna,1,1929.3,0
08-04-2026,10-004110,"Inverter Aesthetic Cover, Main, Right, Short Conduit, Plastic, Suede",11,MTS,Each,Part,In Production,A//JPOND,9.6 KW Inverter,90-06889C,"Inverter 9.6kW with Cover and Brackets, Boxed, Lunar Blue",Sienna,1,1,0
08-04-2026,10-002776,IC OPAMP GP 1 CIRCUIT 8UMAX,1,OTS,Each,Electrical Components,In Production,,Terminal PCBA (TRM),10-06103C,"PCBA, Terminal Board, Type C, Coated",Qualitel,1,1,1
08-04-2026,10-002776,IC OPAMP GP 1 CIRCUIT 8UMAX,1,OTS,Each,Electrical Components,In Production,,9.6 KW Inverter,90-06889C,"Inverter 9.6kW with Cover and Brackets, Boxed, Lunar Blue",Sienna,1,1,1
08-04-2026,10-006453,DIODE TVS 5.5VWM 11V U-DFN3810-9,2,OTS,Each,Electrical Components,In Production,,MSAC,90-06700A,"MSA Controller, Boxed",Qualitel,1,2,2
08-04-2026,10-003598,"Label, Terminal Diagram, Bridge",7,MTS,Each,Part,In Production,A//Stephen Gould,Bridge,90-06801A,"Bridge, Type B, Boxed, Lunar Blue",Sienna,1,1,1
08-04-2026,10-006406,RES 100K OHM 1% 1/16W 0402,1,OTS,Each,Electrical Components,In Design,,Max 2.0 PCBA,30-07320F,Maximizer 2.0 PCBA,TBD,20,8,8
08-04-2026,10-006406,RES 100K OHM 1% 1/16W 0402,1,OTS,Each,Electrical Components,In Design,,Link,30-07519A,Lunar Link PCBA,Sienna,1,4,4
08-04-2026,10-006406,RES 100K OHM 1% 1/16W 0402,1,OTS,Each,Electrical Components,In Design,,11 KW Inverter,90-08096A,"Lunar 3 Inverter, Boxed",TBD,1,11,11
08-04-2026,10-003414,NOISE SUPPRESSION FILTER FOR POW AEC-Q,1,OTS,Each,Electrical Components,In Production,,Power PCBA (IPC),10-06105C,"PCBA, Power Board, Type C, Coated",Qualitel,1,7,7
08-04-2026,10-003414,NOISE SUPPRESSION FILTER FOR POW AEC-Q,1,OTS,Each,Electrical Components,In Production,,9.6 KW Inverter,90-06889C,"Inverter 9.6kW with Cover and Brackets, Boxed, Lunar Blue",Sienna,1,7,7
08-04-2026,10-006230,SUP7 Spring steel,1,OTS,Gram,Part,In Production,,Lifting Tool,90-005336,"Lifting Tool, Boxed",Sienna,1,22.59068,0
08-04-2026,10-003513,"Handle, Lifting Tool",6,MTS,Each,Part,In Production,,Lifting Tool,90-005336,"Lifting Tool, Boxed",Sienna,1,2,0
08-04-2026,WI-000116,Lunar Bridge Install Manual,2,MTS,Each,Work Instruction,In Production,,Bridge,90-06801A,"Bridge, Type B, Boxed, Lunar Blue",Sienna,1,1,0
08-04-2026,PS-000021,"Resin Color Match, Charcoal Suede",1,MTS,Each,Product Specification,In Production,,HW Kit,90-001223,"20kWh Hardware Kit, Lunar Blue",Sienna,1,3,0
08-04-2026,PS-000021,"Resin Color Match, Charcoal Suede",1,MTS,Each,Product Specification,In Production,,9.6 KW Inverter,90-06889C,"Inverter 9.6kW with Cover and Brackets, Boxed, Lunar Blue",Sienna,1,19,0
08-04-2026,PS-000021,"Resin Color Match, Charcoal Suede",1,MTS,Each,Product Specification,In Production,,2.0 LFP - EVT with cover,90-06948C,LFP Battery Block with ESS Cover and Wall Bracket,Qualitel,4,3,0
08-04-2026,PS-000021,"Resin Color Match, Charcoal Suede",1,MTS,Each,Product Specification,In Production,,LFP HW Kit,90-07290A,20kWh LFP ESS Hardware Kit,Sienna,1,3,0
08-04-2026,10-005941,"Label, Traceability, Trunk Harness",1,MTS,Each,Part,In Production,,HW Kit,90-001223,"20kWh Hardware Kit, Lunar Blue",Sienna,1,1,0
08-04-2026,10-005941,"Label, Traceability, Trunk Harness",1,MTS,Each,Part,In Production,,LFP HW Kit,90-07290A,20kWh LFP ESS Hardware Kit,Sienna,1,1,0
08-04-2026,10-006102,"Nut,M3,Clinch,Stainless Steel",1,OTS,Each,Part,In Production,,9.6 KW Inverter,90-06889C,"Inverter 9.6kW with Cover and Brackets, Boxed, Lunar Blue",Sienna,1,2,0
08-04-2026,10-005900,"Cardboard, BC-Flute, 275#",1,OTS,Each,Part,In Production,,Lifting Tool,90-005336,"Lifting Tool, Boxed",Sienna,1,1,0
08-04-2026,10-005900,"Cardboard, BC-Flute, 275#",1,OTS,Each,Part,In Production,,Bridge,90-06801A,"Bridge, Type B, Boxed, Lunar Blue",Sienna,1,13,0
08-04-2026,10-005900,"Cardboard, BC-Flute, 275#",1,OTS,Each,Part,In Production,,Maximizer Box,90-06831D,"Maximizer, Boxed",Sienna,1,2,0
08-04-2026,10-005864,"Packaging, Maximizer, Center Support Bar",1,OTS,Each,Part,In Production,,Maximizer Box,90-06831D,"Maximizer, Boxed",Sienna,1,1,1
08-04-2026,10-004489,DIODE ARRAY SCHOTTKY 30V SOT23-3,1,OTS,Each,Electrical Components,In Production,,Maximizer Box,90-06831D,"Maximizer, Boxed",Sienna,1,80,80
08-04-2026,10-004090,CONN HEADER VERT 4POS 2MM,1,OTS,Each,Electrical Components,In Production,,Bridge,90-06801A,"Bridge, Type B, Boxed, Lunar Blue",Sienna,1,1,1
08-04-2026,10-002972,"Crimp, 14-20AWG, Tin-Plated",1,OTS,Each,Part,In Production,A//Molex,Bridge,90-06801A,"Bridge, Type B, Boxed, Lunar Blue",Sienna,1,5,0
08-04-2026,10-002919,CAP ALUM POLY 8.2UF 20% 250V T/H,1,OTS,Each,Electrical Components,In Production,,Terminal PCBA (TRM),10-06103C,"PCBA, Terminal Board, Type C, Coated",Qualitel,1,10,10
08-04-2026,10-002919,CAP ALUM POLY 8.2UF 20% 250V T/H,1,OTS,Each,Electrical Components,In Production,,Bridge,90-06801A,"Bridge, Type B, Boxed, Lunar Blue",Sienna,1,5,5
08-04-2026,10-002919,CAP ALUM POLY 8.2UF 20% 250V T/H,1,OTS,Each,Electrical Components,In Production,,9.6 KW Inverter,90-06889C,"Inverter 9.6kW with Cover and Brackets, Boxed, Lunar Blue",Sienna,1,10,10
08-04-2026,10-001707,"Diode, Field-Effect Rectifier, 100 V 40 A",1,OTS,Each,Electrical Components,In Production,,Maximizer Box,90-06831D,"Maximizer, Boxed",Sienna,1,20,20
08-04-2026,10-001651,THERMISTOR NTC 10KOHM 3380K 0603,1,OTS,Each,Electrical Components,In Production,,Terminal PCBA (TRM),10-06103C,"PCBA, Terminal Board, Type C, Coated",Qualitel,1,1,1
08-04-2026,10-001651,THERMISTOR NTC 10KOHM 3380K 0603,1,OTS,Each,Electrical Components,In Production,,Power PCBA (IPC),10-06105C,"PCBA, Power Board, Type C, Coated",Qualitel,1,2,2
08-04-2026,10-001651,THERMISTOR NTC 10KOHM 3380K 0603,1,OTS,Each,Electrical Components,In Production,,MSAC,90-06700A,"MSA Controller, Boxed",Qualitel,1,1,1
08-04-2026,10-001651,THERMISTOR NTC 10KOHM 3380K 0603,1,OTS,Each,Electrical Components,In Production,,Bridge,90-06801A,"Bridge, Type B, Boxed, Lunar Blue",Sienna,1,1,1
08-04-2026,10-001651,THERMISTOR NTC 10KOHM 3380K 0603,1,OTS,Each,Electrical Components,In Production,,Maximizer Box,90-06831D,"Maximizer, Boxed",Sienna,1,40,40
08-04-2026,10-001651,THERMISTOR NTC 10KOHM 3380K 0603,1,OTS,Each,Electrical Components,In Production,,9.6 KW Inverter,90-06889C,"Inverter 9.6kW with Cover and Brackets, Boxed, Lunar Blue",Sienna,1,3,3
08-04-2026,10-001651,THERMISTOR NTC 10KOHM 3380K 0603,1,OTS,Each,Electrical Components,In Production,,11 KW Inverter,90-08096A,"Lunar 3 Inverter, Boxed",TBD,1,3,3
08-04-2026,10-000607,LED GREEN CLEAR CHIP SMD,1,OTS,Each,Electrical Components,In Production,,Terminal PCBA (TRM),10-06103C,"PCBA, Terminal Board, Type C, Coated",Qualitel,1,1,1
08-04-2026,10-000607,LED GREEN CLEAR CHIP SMD,1,OTS,Each,Electrical Components,In Production,,Power PCBA (IPC),10-06105C,"PCBA, Power Board, Type C, Coated",Qualitel,1,2,2
08-04-2026,10-000607,LED GREEN CLEAR CHIP SMD,1,OTS,Each,Electrical Components,In Production,,PV Hub,90-004034,"Maximizer Hub, Boxed",Sienna,1,5,5
08-04-2026,10-000607,LED GREEN CLEAR CHIP SMD,1,OTS,Each,Electrical Components,In Production,,MSAC,90-06700A,"MSA Controller, Boxed",Qualitel,1,6,6
08-04-2026,10-000607,LED GREEN CLEAR CHIP SMD,1,OTS,Each,Electrical Components,In Production,,Bridge,90-06801A,"Bridge, Type B, Boxed, Lunar Blue",Sienna,1,1,1
08-04-2026,10-000607,LED GREEN CLEAR CHIP SMD,1,OTS,Each,Electrical Components,In Production,,9.6 KW Inverter,90-06889C,"Inverter 9.6kW with Cover and Brackets, Boxed, Lunar Blue",Sienna,1,3,3
08-04-2026,10-002718,"Gantry Assembly, Power Module",2,MTS,Each,Part,In Production,,9.6 KW Inverter,90-06889C,"Inverter 9.6kW with Cover and Brackets, Boxed, Lunar Blue",Sienna,1,1,0
08-04-2026,10-005617,"MAGNET,CERAMIC,16MM OD,4MM ID,5MM THICK",1,OTS,Each,Part,In Production,,9.6 KW Inverter,90-06889C,"Inverter 9.6kW with Cover and Brackets, Boxed, Lunar Blue",Sienna,1,1,0
08-04-2026,10-07967A,"Cover, Home Controller, Inverter, Gen 2",4,MTS,Each,Assembly,In Design,GS//TBD,11 KW Inverter,90-08096A,"Lunar 3 Inverter, Boxed",TBD,1,1,1
08-04-2026,10-08367A,"Screw, M2.5 PT, 12mm L, Zinc-Plated Steel, IP8, T8 Torx Plus Drive",1,OTS,Each,Part,In Planning,,2.1 LFP Block,90-08373A,"Battery Block with Wall Bracket, LFP, L2.1",Qualitel,4,4,4
08-04-2026,10-08431A,"Screw, M4 x 10, Plastic Threading, Steel, Zinc Plated",1,OTS,Each,Part,In Design,GS//TBD,11 KW Inverter,90-08096A,"Lunar 3 Inverter, Boxed",TBD,1,4,4
08-04-2026,10-08146A,Busbar Sleeve Neg CA 2.1 REV 01 Released,1,MTS,Each,Part,In Design,,2.1 LFP Block,90-08373A,"Battery Block with Wall Bracket, LFP, L2.1",Qualitel,4,1,0
08-04-2026,10-007018,RES SMD 5.6 OHM 5% 1W 2512,1,OTS,Each,Electrical Components,In Planning,,2.1 LFP Block,90-08373A,"Battery Block with Wall Bracket, LFP, L2.1",Qualitel,4,17,17
08-04-2026,10-08064A,"Jumper, GIRM, MOV",1,MTS,Each,Part,In Planning,GS//TBD,11 KW Inverter,90-08096A,"Lunar 3 Inverter, Boxed",TBD,1,4,4
08-04-2026,30-06909B,Home Controller 2.0 PCBA,3,MTS,Each,PCBA,In Design,,11 KW Inverter,90-08096A,"Lunar 3 Inverter, Boxed",TBD,1,1,0
08-04-2026,10-08014A,"WIRE, 24 AWG, 19/34, UL 10086, ETFE, TINNED, COPPER, BLACK",1,MTS,Each,Part,In Planning,,11 KW Inverter,90-08096A,"Lunar 3 Inverter, Boxed",TBD,1,1,0
08-04-2026,10-07948A,"Submodule w/out anchors, L2.1",1,MTS,Each,Assembly,In Design,A//ACE Battery,2.1 LFP Block,90-08373A,"Battery Block with Wall Bracket, LFP, L2.1",Qualitel,4,2,0
08-04-2026,10-07925A,"Al Busbar, C",1,MTS,Each,Part,In Production,,2.0 LFP - EVT with cover,90-06948C,LFP Battery Block with ESS Cover and Wall Bracket,Qualitel,4,1,0
08-04-2026,10-07925A,"Al Busbar, C",1,MTS,Each,Part,In Production,,2.0 LFP - EVT without cover,90-07675A,LFP Battery Block with Wall Bracket,Qualitel,4,1,0
08-04-2026,10-07925A,"Al Busbar, C",1,MTS,Each,Part,In Production,,2.1 LFP Block,90-08373A,"Battery Block with Wall Bracket, LFP, L2.1",Qualitel,4,1,0
08-04-2026,20-06910B,11kW Inverter-Home Controller 2.0-DVT-Spin 1 PCB,2,OTS,Each,PCB,In Design,GS//TBD,11 KW Inverter,90-08096A,"Lunar 3 Inverter, Boxed",TBD,1,1,1
08-04-2026,10-000647,RES SMD 150K OHM 1% 1/16W 0402 AEC-Q,1,OTS,Each,Electrical Components,In Production,,MSAC,90-06700A,"MSA Controller, Boxed",Qualitel,1,3,3
08-04-2026,10-000647,RES SMD 150K OHM 1% 1/16W 0402 AEC-Q,1,OTS,Each,Electrical Components,In Production,,11 KW Inverter,90-08096A,"Lunar 3 Inverter, Boxed",TBD,1,1,1
08-04-2026,10-003759,IC FLASH 16MBIT SPI/QUAD 8SOIC,1,OTS,Each,Electrical Components,Sunset - EOL,,Terminal PCBA (TRM),10-06103C,"PCBA, Terminal Board, Type C, Coated",Qualitel,1,2,2
08-04-2026,10-003759,IC FLASH 16MBIT SPI/QUAD 8SOIC,1,OTS,Each,Electrical Components,Sunset - EOL,,Power PCBA (IPC),10-06105C,"PCBA, Power Board, Type C, Coated",Qualitel,1,1,1
08-04-2026,10-003759,IC FLASH 16MBIT SPI/QUAD 8SOIC,1,OTS,Each,Electrical Components,Sunset - EOL,,PV Hub,90-004034,"Maximizer Hub, Boxed",Sienna,1,2,2
08-04-2026,10-003759,IC FLASH 16MBIT SPI/QUAD 8SOIC,1,OTS,Each,Electrical Components,Sunset - EOL,,MSAC,90-06700A,"MSA Controller, Boxed",Qualitel,1,1,1
08-04-2026,10-003759,IC FLASH 16MBIT SPI/QUAD 8SOIC,1,OTS,Each,Electrical Components,Sunset - EOL,,Bridge,90-06801A,"Bridge, Type B, Boxed, Lunar Blue",Sienna,1,2,2
08-04-2026,10-003759,IC FLASH 16MBIT SPI/QUAD 8SOIC,1,OTS,Each,Electrical Components,Sunset - EOL,,9.6 KW Inverter,90-06889C,"Inverter 9.6kW with Cover and Brackets, Boxed, Lunar Blue",Sienna,1,3,3
08-04-2026,10-003759,IC FLASH 16MBIT SPI/QUAD 8SOIC,1,OTS,Each,Electrical Components,Sunset - EOL,,2.0 LFP - EVT with cover,90-06948C,LFP Battery Block with ESS Cover and Wall Bracket,Qualitel,4,1,1
08-04-2026,10-003759,IC FLASH 16MBIT SPI/QUAD 8SOIC,1,OTS,Each,Electrical Components,Sunset - EOL,,2.0 LFP - EVT without cover,90-07675A,LFP Battery Block with Wall Bracket,Qualitel,4,1,0
08-04-2026,10-003759,IC FLASH 16MBIT SPI/QUAD 8SOIC,1,OTS,Each,Electrical Components,Sunset - EOL,,2.1 LFP Block,90-08373A,"Battery Block with Wall Bracket, LFP, L2.1",Qualitel,4,1,1
08-04-2026,10-006996,LED RED 0603 RECTANGLE WITH FLAT TOP SMD 0603 AEC-Q,1,OTS,Each,Electrical Components,In Design,,11 KW Inverter,90-08096A,"Lunar 3 Inverter, Boxed",TBD,1,1,1
08-04-2026,10-07840A,DIODE STANDARD 600V 6A TO277A (4.35(Max)MM X 6.15(Max)MM),1,OTS,Each,Electrical Components,In Design,,11 KW Inverter,90-08096A,"Lunar 3 Inverter, Boxed",TBD,1,1,1
08-04-2026,10-003617,"Label, WiFi, Inverter",6,MTS,Each,Assembly,In Production,GS//[TBD],9.6 KW Inverter,90-06889C,"Inverter 9.6kW with Cover and Brackets, Boxed, Lunar Blue",Sienna,1,1,1
08-04-2026,10-006109,"Label, Traceability, 22x10mm",4,MTS,Each,Assembly,In Production,GS//[TBD],HW Kit,90-001223,"20kWh Hardware Kit, Lunar Blue",Sienna,1,1,1
08-04-2026,10-006109,"Label, Traceability, 22x10mm",4,MTS,Each,Assembly,In Production,GS//[TBD],PV Hub,90-004034,"Maximizer Hub, Boxed",Sienna,1,1,1
08-04-2026,10-006109,"Label, Traceability, 22x10mm",4,MTS,Each,Assembly,In Production,GS//[TBD],Bridge,90-06801A,"Bridge, Type B, Boxed, Lunar Blue",Sienna,1,2,2
08-04-2026,10-006109,"Label, Traceability, 22x10mm",4,MTS,Each,Assembly,In Production,GS//[TBD],Maximizer Box,90-06831D,"Maximizer, Boxed",Sienna,1,20,20
08-04-2026,10-006109,"Label, Traceability, 22x10mm",4,MTS,Each,Assembly,In Production,GS//[TBD],9.6 KW Inverter,90-06889C,"Inverter 9.6kW with Cover and Brackets, Boxed, Lunar Blue",Sienna,1,2,2
08-04-2026,10-006109,"Label, Traceability, 22x10mm",4,MTS,Each,Assembly,In Production,GS//[TBD],LFP HW Kit,90-07290A,20kWh LFP ESS Hardware Kit,Sienna,1,1,0
08-04-2026,10-006109,"Label, Traceability, 22x10mm",4,MTS,Each,Assembly,In Production,GS//[TBD],11 KW Inverter,90-08096A,"Lunar 3 Inverter, Boxed",TBD,1,1,1
08-04-2026,10-07928A,"WASHER, M6 # 2, FOR 2 WASHER SEMS",1,MTS,Each,Part,In Planning,,2.1 LFP Block,90-08373A,"Battery Block with Wall Bracket, LFP, L2.1",Qualitel,4,5,0
08-04-2026,10-003954,RES SMD 2K OHM ±1% 1/2W AEC-Q,2,OTS,Each,Electrical Components,In Production,,PV Hub,90-004034,"Maximizer Hub, Boxed",Sienna,1,1,1
08-04-2026,10-003360,RES SMD 100K OHM 1% 1/2W 1206 AEC-Q,2,OTS,Each,Electrical Components,In Production,,Terminal PCBA (TRM),10-06103C,"PCBA, Terminal Board, Type C, Coated",Qualitel,1,4,4
08-04-2026,10-003360,RES SMD 100K OHM 1% 1/2W 1206 AEC-Q,2,OTS,Each,Electrical Components,In Production,,9.6 KW Inverter,90-06889C,"Inverter 9.6kW with Cover and Brackets, Boxed, Lunar Blue",Sienna,1,4,4
08-04-2026,10-002933,RES 715 OHM 1% 1/10W 0603 AEC-Q,2,OTS,Each,Electrical Components,In Production,,Terminal PCBA (TRM),10-06103C,"PCBA, Terminal Board, Type C, Coated",Qualitel,1,1,1
08-04-2026,10-002933,RES 715 OHM 1% 1/10W 0603 AEC-Q,2,OTS,Each,Electrical Components,In Production,,Bridge,90-06801A,"Bridge, Type B, Boxed, Lunar Blue",Sienna,1,1,1
08-04-2026,10-002933,RES 715 OHM 1% 1/10W 0603 AEC-Q,2,OTS,Each,Electrical Components,In Production,,9.6 KW Inverter,90-06889C,"Inverter 9.6kW with Cover and Brackets, Boxed, Lunar Blue",Sienna,1,1,1
08-04-2026,10-002502,RES 1.91K OHM 1% 1/16W 0402,2,OTS,Each,Electrical Components,In Production,,9.6 KW Inverter,90-06889C,"Inverter 9.6kW with Cover and Brackets, Boxed, Lunar Blue",Sienna,1,1,1
08-04-2026,10-005018,RES 3.3M OHM 5% 1/10W 0603,2,OTS,Each,Electrical Components,In Production,,Power PCBA (IPC),10-06105C,"PCBA, Power Board, Type C, Coated",Qualitel,1,3,3
08-04-2026,10-005018,RES 3.3M OHM 5% 1/10W 0603,2,OTS,Each,Electrical Components,In Production,,9.6 KW Inverter,90-06889C,"Inverter 9.6kW with Cover and Brackets, Boxed, Lunar Blue",Sienna,1,3,3
08-04-2026,10-005231,RES 6.8 OHM 5% 1/4W 0603 AEC-Q,2,OTS,Each,Electrical Components,In Production,,Terminal PCBA (TRM),10-06103C,"PCBA, Terminal Board, Type C, Coated",Qualitel,1,2,2
08-04-2026,10-005231,RES 6.8 OHM 5% 1/4W 0603 AEC-Q,2,OTS,Each,Electrical Components,In Production,,9.6 KW Inverter,90-06889C,"Inverter 9.6kW with Cover and Brackets, Boxed, Lunar Blue",Sienna,1,2,2
08-04-2026,10-001730,CAP CER 10000PF 50V X7R 0603 AEC-Q,1,OTS,Each,Electrical Components,Sunset - Phase Out,,Maximizer Box,90-06831D,"Maximizer, Boxed",Sienna,1,80,80
08-04-2026,10-07757A,"Blower, 33mm, 12VDC, 28CFM, 28mmH2O, PWM, Tach, IP55",1,OTS,Each,Part,In Production,"A//DELTA ELECTRONICS, INC.",9.6 KW Inverter,90-06889C,"Inverter 9.6kW with Cover and Brackets, Boxed, Lunar Blue",Sienna,1,2,0
08-04-2026,10-002472,IC REG BUCK ADJUSTABLE 3A 8SO,1,OTS,Each,Electrical Components,Sunset - EOL,,9.6 KW Inverter,90-06889C,"Inverter 9.6kW with Cover and Brackets, Boxed, Lunar Blue",Sienna,1,5,5
08-04-2026,10-006910,RES SMD 15.8KOHM 0.1% 1/16W 0402,1,OTS,Each,Electrical Components,In Design,,Max 2.0 PCBA,30-07320F,Maximizer 2.0 PCBA,TBD,20,2,2
08-04-2026,10-006910,RES SMD 15.8KOHM 0.1% 1/16W 0402,1,OTS,Each,Electrical Components,In Design,,Link,30-07519A,Lunar Link PCBA,Sienna,1,1,1
08-04-2026,10-004397,"Foot Bracket Bottom Cover Assembly, Even, Lunar Blue",4,MTS,Each,Assembly,In Production,A//JPOND,HW Kit,90-001223,"20kWh Hardware Kit, Lunar Blue",Sienna,1,1,1
08-04-2026,10-004397,"Foot Bracket Bottom Cover Assembly, Even, Lunar Blue",4,MTS,Each,Assembly,In Production,A//JPOND,LFP HW Kit,90-07290A,20kWh LFP ESS Hardware Kit,Sienna,1,1,0
08-04-2026,10-006926,IC GATE DRVR LOW-SIDE 8SOIC (4.93MML X 3.94MMW),1,OTS,Each,Electrical Components,In Design,,11 KW Inverter,90-08096A,"Lunar 3 Inverter, Boxed",TBD,1,4,4
08-04-2026,10-07825A,"10-07825A Thin Head Hex Closed End Threaded Rivnut, M5 x 20",1,MTS,Each,Part,In Planning,,11 KW Inverter,90-08096A,"Lunar 3 Inverter, Boxed",TBD,1,12,0
08-04-2026,10-006960,RES 23.7K OHM 1% 1/16W 0402,1,OTS,Each,Electrical Components,In Design,,11 KW Inverter,90-08096A,"Lunar 3 Inverter, Boxed",TBD,1,4,4
08-04-2026,10-07754A,"Packaging, LFP BB + WB, WB Tray",1,OTS,Each,Part,In Production,A//Veritiv Operating Company,2.0 LFP - EVT without cover,90-07675A,LFP Battery Block with Wall Bracket,Qualitel,4,1,0
08-04-2026,10-06105C,"PCBA, Power Board, Type C, Coated",4,MTS,Each,Assembly,In Production,,Power PCBA (IPC),10-06105C,"PCBA, Power Board, Type C, Coated",Qualitel,1,1,0
08-04-2026,10-06105C,"PCBA, Power Board, Type C, Coated",4,MTS,Each,Assembly,In Production,,9.6 KW Inverter,90-06889C,"Inverter 9.6kW with Cover and Brackets, Boxed, Lunar Blue",Sienna,1,1,0
08-04-2026,10-006943,RES SMD 22.1 OHM 1% 1/10W 0603,1,OTS,Each,Electrical Components,In Design,,11 KW Inverter,90-08096A,"Lunar 3 Inverter, Boxed",TBD,1,2,2
08-04-2026,10-003171,IC TRNSLTR UNIDIRECTIONAL SC88A,1,OTS,Each,Electrical Components,Sunset - EOL,,9.6 KW Inverter,90-06889C,"Inverter 9.6kW with Cover and Brackets, Boxed, Lunar Blue",Sienna,1,1,1
08-04-2026,10-07590A,"Thermal Barrier, A",1,OTS,Each,Part,In Production,A//ACE Battery,2.0 LFP - EVT with cover,90-06948C,LFP Battery Block with ESS Cover and Wall Bracket,Qualitel,4,4,0
08-04-2026,10-07590A,"Thermal Barrier, A",1,OTS,Each,Part,In Production,A//ACE Battery,2.0 LFP - EVT without cover,90-07675A,LFP Battery Block with Wall Bracket,Qualitel,4,4,0
08-04-2026,10-07590A,"Thermal Barrier, A",1,OTS,Each,Part,In Production,A//ACE Battery,2.1 LFP Block,90-08373A,"Battery Block with Wall Bracket, LFP, L2.1",Qualitel,4,2,0
08-04-2026,10-07569A,"Al Busbar, C",1,OTS,Each,Assembly,In Production,A//ACE Battery,2.0 LFP - EVT with cover,90-06948C,LFP Battery Block with ESS Cover and Wall Bracket,Qualitel,4,1,0
08-04-2026,10-07569A,"Al Busbar, C",1,OTS,Each,Assembly,In Production,A//ACE Battery,2.0 LFP - EVT without cover,90-07675A,LFP Battery Block with Wall Bracket,Qualitel,4,1,0
08-04-2026,10-07569A,"Al Busbar, C",1,OTS,Each,Assembly,In Production,A//ACE Battery,2.1 LFP Block,90-08373A,"Battery Block with Wall Bracket, LFP, L2.1",Qualitel,4,1,0
08-04-2026,10-07654A,RES 5.1 OHM 1% 1/2W 0805,2,OTS,Each,Electrical Components,In Design,,11 KW Inverter,90-08096A,"Lunar 3 Inverter, Boxed",TBD,1,6,6
08-04-2026,10-07251A,"Packaging, MSA Controller, Shipping Box",1,OTS,Each,Part,In Production,A//Stephen Gould,MSAC,90-06700A,"MSA Controller, Boxed",Qualitel,1,1,1
08-04-2026,10-005856,"Packaging, Bridge, Back Cap Frame",1,OTS,Each,Part,In Production,GS//Stephen Gould,Bridge,90-06801A,"Bridge, Type B, Boxed, Lunar Blue",Sienna,1,5,5
08-04-2026,10-06104C,"Asy, Power Board, Type C, With DC Pins",6,MTS,Each,Assembly,In Production,,Power PCBA (IPC),10-06105C,"PCBA, Power Board, Type C, Coated",Qualitel,1,1,0
08-04-2026,10-06104C,"Asy, Power Board, Type C, With DC Pins",6,MTS,Each,Assembly,In Production,,9.6 KW Inverter,90-06889C,"Inverter 9.6kW with Cover and Brackets, Boxed, Lunar Blue",Sienna,1,1,0
08-04-2026,10-07632A,"BUSBAR, INSULATION, 01",1,MTS,Each,Part,In Production,,2.0 LFP - EVT with cover,90-06948C,LFP Battery Block with ESS Cover and Wall Bracket,Qualitel,4,1,0
08-04-2026,10-07632A,"BUSBAR, INSULATION, 01",1,MTS,Each,Part,In Production,,2.0 LFP - EVT without cover,90-07675A,LFP Battery Block with Wall Bracket,Qualitel,4,1,0
08-04-2026,10-07629A,"BUSBAR, INSULATION, 02",1,MTS,Each,Part,In Production,,2.0 LFP - EVT with cover,90-06948C,LFP Battery Block with ESS Cover and Wall Bracket,Qualitel,4,1,0
08-04-2026,10-07629A,"BUSBAR, INSULATION, 02",1,MTS,Each,Part,In Production,,2.0 LFP - EVT without cover,90-07675A,LFP Battery Block with Wall Bracket,Qualitel,4,1,0
08-04-2026,10-006375,"Packaging, Battery with Cover and Brackets, Corrugated Box, FEFCO 0422, Type B",2,MTS,Each,Part,In Production,A//Veritiv Operating Company,2.0 LFP - EVT with cover,90-06948C,LFP Battery Block with ESS Cover and Wall Bracket,Qualitel,4,1,0
08-04-2026,10-006902,MOSFET N-CH 100V 190MA SOT23-3 (2.9LX1.3WX1HMM),1,OTS,Each,Electrical Components,In Planning,,Max 2.0 PCBA,30-07320F,Maximizer 2.0 PCBA,TBD,20,1,1
08-04-2026,10-006903,RES 0.5 MILLIOHM 1% 1W 0612,1,OTS,Each,Electrical Components,In Design,,Max 2.0 PCBA,30-07320F,Maximizer 2.0 PCBA,TBD,20,2,2
08-04-2026,10-006891,IC REG CONV DDR 1OUT 10-WSON (2x2MM),1,OTS,Each,Electrical Components,In Design,,11 KW Inverter,90-08096A,"Lunar 3 Inverter, Boxed",TBD,1,1,1
08-04-2026,10-07564A,"Screw, M3x5, Flat head, SUS 304",1,OTS,Each,Part,In Production,A//ACE Battery,2.0 LFP - EVT with cover,90-06948C,LFP Battery Block with ESS Cover and Wall Bracket,Qualitel,4,8,0
08-04-2026,10-07564A,"Screw, M3x5, Flat head, SUS 304",1,OTS,Each,Part,In Production,A//ACE Battery,2.0 LFP - EVT without cover,90-07675A,LFP Battery Block with Wall Bracket,Qualitel,4,8,0
08-04-2026,10-07575A,Al Busbar Insulation Anchor,1,OTS,Each,Part,In Production,A//ACE Battery,2.0 LFP - EVT with cover,90-06948C,LFP Battery Block with ESS Cover and Wall Bracket,Qualitel,4,4,0
08-04-2026,10-07575A,Al Busbar Insulation Anchor,1,OTS,Each,Part,In Production,A//ACE Battery,2.0 LFP - EVT without cover,90-07675A,LFP Battery Block with Wall Bracket,Qualitel,4,4,0
08-04-2026,10-07572A,Connection Board B,1,OTS,Each,Part,In Production,A//ACE Battery,2.0 LFP - EVT with cover,90-06948C,LFP Battery Block with ESS Cover and Wall Bracket,Qualitel,4,1,0
08-04-2026,10-07572A,Connection Board B,1,OTS,Each,Part,In Production,A//ACE Battery,2.0 LFP - EVT without cover,90-07675A,LFP Battery Block with Wall Bracket,Qualitel,4,1,0
08-04-2026,10-07585A,"Busbar, Al, C",1,OTS,Each,Part,In Production,A//ACE Battery,2.0 LFP - EVT with cover,90-06948C,LFP Battery Block with ESS Cover and Wall Bracket,Qualitel,4,8,0
08-04-2026,10-07585A,"Busbar, Al, C",1,OTS,Each,Part,In Production,A//ACE Battery,2.0 LFP - EVT without cover,90-07675A,LFP Battery Block with Wall Bracket,Qualitel,4,8,0
08-04-2026,10-005185,"Asy, Home Controller & Heat Spreader, D",2,MTS,Each,Assembly,In Production,,9.6 KW Inverter,90-06889C,"Inverter 9.6kW with Cover and Brackets, Boxed, Lunar Blue",Sienna,1,1,0
08-04-2026,10-005449,RES 20 OHM 1% 1/10W 0603,1,OTS,Each,Electrical Components,In Production,,2.1 LFP Block,90-08373A,"Battery Block with Wall Bracket, LFP, L2.1",Qualitel,4,14,14
08-04-2026,10-07385A,CAP CER 47UF 6.3V X7R 1210,1,OTS,Each,Electrical Components,In Planning,,2.1 LFP Block,90-08373A,"Battery Block with Wall Bracket, LFP, L2.1",Qualitel,4,2,2
08-04-2026,10-006638,CAP CER 10000PF 1KV X7R 1812,1,OTS,Each,Electrical Components,In Production,,2.0 LFP - EVT with cover,90-06948C,LFP Battery Block with ESS Cover and Wall Bracket,Qualitel,4,1,1
08-04-2026,10-006638,CAP CER 10000PF 1KV X7R 1812,1,OTS,Each,Electrical Components,In Production,,2.0 LFP - EVT without cover,90-07675A,LFP Battery Block with Wall Bracket,Qualitel,4,1,0
08-04-2026,10-006638,CAP CER 10000PF 1KV X7R 1812,1,OTS,Each,Electrical Components,In Production,,2.1 LFP Block,90-08373A,"Battery Block with Wall Bracket, LFP, L2.1",Qualitel,4,1,1
08-04-2026,10-07229A,IC SMART DIODE CTLR 8VSSOP AEC-Q,1,OTS,Each,Electrical Components,In Planning,,Max 2.0 PCBA,30-07320F,Maximizer 2.0 PCBA,TBD,20,1,1
08-04-2026,10-06822A,"Label, Packaging, Carton, Multiple SN",2,MTS,Each,Part,In Production,,Maximizer Box,90-06831D,"Maximizer, Boxed",Sienna,1,1,0
08-04-2026,10-06502D,"Asy, Busbar, Iph B",1,MTS,Each,Assembly,In Production,"A//Recodeal, A//Sanmina",9.6 KW Inverter,90-06889C,"Inverter 9.6kW with Cover and Brackets, Boxed, Lunar Blue",Sienna,1,1,1
08-04-2026,10-07368A,CAP CER 6800PF 50V C0G/NP0 0603,1,OTS,Each,Electrical Components,In Planning,,2.1 LFP Block,90-08373A,"Battery Block with Wall Bracket, LFP, L2.1",Qualitel,4,3,3
08-04-2026,10-003720,"Lifting Tool, No Springs",8,MTS,Each,Part,In Production,,Lifting Tool,90-005336,"Lifting Tool, Boxed",Sienna,1,2,0
08-04-2026,10-07341A,CAP CER 3300PF/3.3NF 50V C0G/NP0 0603,1,OTS,Each,Electrical Components,In Design,,Max 2.0 PCBA,30-07320F,Maximizer 2.0 PCBA,TBD,20,1,1
08-04-2026,10-006833,IC REG BUCK ADJ 2.5A 8SOPWR,1,OTS,Each,Electrical Components,In Design,,Max 2.0 PCBA,30-07320F,Maximizer 2.0 PCBA,TBD,20,1,1
08-04-2026,10-005874,"Polybag, Door, Bridge",1,OTS,Each,Part,In Production,,Bridge,90-06801A,"Bridge, Type B, Boxed, Lunar Blue",Sienna,1,1,1
08-04-2026,10-001926,CAP CER 220PF 100V X7R 0402 AEC-Q,1,OTS,Each,Electrical Components,Sunset - Phase Out,,Terminal PCBA (TRM),10-06103C,"PCBA, Terminal Board, Type C, Coated",Qualitel,1,1,1
08-04-2026,10-001926,CAP CER 220PF 100V X7R 0402 AEC-Q,1,OTS,Each,Electrical Components,Sunset - Phase Out,,9.6 KW Inverter,90-06889C,"Inverter 9.6kW with Cover and Brackets, Boxed, Lunar Blue",Sienna,1,1,1
08-04-2026,10-001926,CAP CER 220PF 100V X7R 0402 AEC-Q,1,OTS,Each,Electrical Components,Sunset - Phase Out,,11 KW Inverter,90-08096A,"Lunar 3 Inverter, Boxed",TBD,1,2,2
08-04-2026,10-06695C,"Asy, Power Board w/ Busbars",2,MTS,Each,Assembly,In Production,,9.6 KW Inverter,90-06889C,"Inverter 9.6kW with Cover and Brackets, Boxed, Lunar Blue",Sienna,1,1,0
08-04-2026,10-07084A,"SEALING PLUG, SIZE 12-16, WHITE",1,OTS,Each,Part,In Production,,HW Kit,90-001223,"20kWh Hardware Kit, Lunar Blue",Sienna,1,4,0
08-04-2026,10-07084A,"SEALING PLUG, SIZE 12-16, WHITE",1,OTS,Each,Part,In Production,,LFP HW Kit,90-07290A,20kWh LFP ESS Hardware Kit,Sienna,1,4,0
08-04-2026,10-07217A,"Label, Traceability, TLA, 22x10mm",1,MTS,Each,Part,In Production,,MSAC,90-06700A,"MSA Controller, Boxed",Qualitel,1,1,0
08-04-2026,10-006789,RES SMD 33K OHM 0.1% 1/10W 0603,1,OTS,Each,Electrical Components,In Design,,11 KW Inverter,90-08096A,"Lunar 3 Inverter, Boxed",TBD,1,1,1
08-04-2026,10-006723,RES 16.5K OHM 1% 1/8W 0805,1,OTS,Each,Electrical Components,In Design,,11 KW Inverter,90-08096A,"Lunar 3 Inverter, Boxed",TBD,1,4,4
08-04-2026,10-002599,"Standoff, Wire Lug, S1/S2, Bridge",4,MTS,Each,Part,In Production,A//Fictiv,Bridge,90-06801A,"Bridge, Type B, Boxed, Lunar Blue",Sienna,1,1,1
08-04-2026,10-004557,CAP CER 1000PF 250VAC X7R 1808,1,OTS,Each,Electrical Components,In Production,,Terminal PCBA (TRM),10-06103C,"PCBA, Terminal Board, Type C, Coated",Qualitel,1,8,8
08-04-2026,10-004557,CAP CER 1000PF 250VAC X7R 1808,1,OTS,Each,Electrical Components,In Production,,Max 2.0 PCBA,30-07320F,Maximizer 2.0 PCBA,TBD,20,1,1
08-04-2026,10-004557,CAP CER 1000PF 250VAC X7R 1808,1,OTS,Each,Electrical Components,In Production,,9.6 KW Inverter,90-06889C,"Inverter 9.6kW with Cover and Brackets, Boxed, Lunar Blue",Sienna,1,8,8
08-04-2026,10-006763,MOSFET N-CH 700V 3A SOT223,1,OTS,Each,Electrical Components,In Production,,11 KW Inverter,90-08096A,"Lunar 3 Inverter, Boxed",TBD,1,3,3
08-04-2026,10-006672,RES 200K OHM 1% 1/16W 0402,1,OTS,Each,Electrical Components,In Production,,Link,30-07519A,Lunar Link PCBA,Sienna,1,1,1
08-04-2026,10-006672,RES 200K OHM 1% 1/16W 0402,1,OTS,Each,Electrical Components,In Production,,MSAC,90-06700A,"MSA Controller, Boxed",Qualitel,1,2,2
08-04-2026,10-006761,RES 10K OHM 5% 1/2W 1206,1,OTS,Each,Electrical Components,In Design,,11 KW Inverter,90-08096A,"Lunar 3 Inverter, Boxed",TBD,1,18,18
08-04-2026,10-006087,"Inverter Packaging, Foam, Bottom, Right, V2",1,MTS,Each,Part,In Production,A//Veritiv Operating Company,9.6 KW Inverter,90-06889C,"Inverter 9.6kW with Cover and Brackets, Boxed, Lunar Blue",Sienna,1,1,1
08-04-2026,10-07002A,"M5 Washer, Nylon",1,OTS,Each,Part,In Production,A//JPOND,9.6 KW Inverter,90-06889C,"Inverter 9.6kW with Cover and Brackets, Boxed, Lunar Blue",Sienna,1,6,0
08-04-2026,10-005743,"Brass Alloy 360, ASTM B16",1,OTS,Gram,Part,In Production,,Power PCBA (IPC),10-06105C,"PCBA, Power Board, Type C, Coated",Qualitel,1,8.88,0
08-04-2026,10-005743,"Brass Alloy 360, ASTM B16",1,OTS,Gram,Part,In Production,,9.6 KW Inverter,90-06889C,"Inverter 9.6kW with Cover and Brackets, Boxed, Lunar Blue",Sienna,1,8.88,0
08-04-2026,10-002604,LED GREEN CLEAR CHIP SMD,2,OTS,Each,Electrical Components,In Production,,9.6 KW Inverter,90-06889C,"Inverter 9.6kW with Cover and Brackets, Boxed, Lunar Blue",Sienna,1,17,17
08-04-2026,10-002604,LED GREEN CLEAR CHIP SMD,2,OTS,Each,Electrical Components,In Production,,2.0 LFP - EVT with cover,90-06948C,LFP Battery Block with ESS Cover and Wall Bracket,Qualitel,4,4,4
08-04-2026,10-002604,LED GREEN CLEAR CHIP SMD,2,OTS,Each,Electrical Components,In Production,,2.0 LFP - EVT without cover,90-07675A,LFP Battery Block with Wall Bracket,Qualitel,4,4,0
08-04-2026,10-002604,LED GREEN CLEAR CHIP SMD,2,OTS,Each,Electrical Components,In Production,,2.1 LFP Block,90-08373A,"Battery Block with Wall Bracket, LFP, L2.1",Qualitel,4,4,4
08-04-2026,10-001434,CRYSTAL 12.0000MHZ 8PF SMD,1,OTS,Each,Electrical Components,In Production,,2.0 LFP - EVT with cover,90-06948C,LFP Battery Block with ESS Cover and Wall Bracket,Qualitel,4,1,1
08-04-2026,10-001434,CRYSTAL 12.0000MHZ 8PF SMD,1,OTS,Each,Electrical Components,In Production,,2.0 LFP - EVT without cover,90-07675A,LFP Battery Block with Wall Bracket,Qualitel,4,1,0
08-04-2026,10-001434,CRYSTAL 12.0000MHZ 8PF SMD,1,OTS,Each,Electrical Components,In Production,,2.1 LFP Block,90-08373A,"Battery Block with Wall Bracket, LFP, L2.1",Qualitel,4,1,1
08-04-2026,10-003708,CRYSTAL 32.7680KHZ 9PF SMD,1,OTS,Each,Electrical Components,In Production,,2.0 LFP - EVT with cover,90-06948C,LFP Battery Block with ESS Cover and Wall Bracket,Qualitel,4,1,1
08-04-2026,10-003708,CRYSTAL 32.7680KHZ 9PF SMD,1,OTS,Each,Electrical Components,In Production,,2.0 LFP - EVT without cover,90-07675A,LFP Battery Block with Wall Bracket,Qualitel,4,1,0
08-04-2026,10-003708,CRYSTAL 32.7680KHZ 9PF SMD,1,OTS,Each,Electrical Components,In Production,,2.1 LFP Block,90-08373A,"Battery Block with Wall Bracket, LFP, L2.1",Qualitel,4,1,1
08-04-2026,10-002248,"Wire Harness, Voltage Sense, Bridge",6,MTS,Each,Part,In Production,A//Avalon,Bridge,90-06801A,"Bridge, Type B, Boxed, Lunar Blue",Sienna,1,1,1
08-04-2026,10-000851,Current Sense Amplifier 1 Circuit Rail-to-Rail SC-70-6 AEC-Q,1,OTS,Each,Electrical Components,In Production,,Terminal PCBA (TRM),10-06103C,"PCBA, Terminal Board, Type C, Coated",Qualitel,1,1,1
08-04-2026,10-000851,Current Sense Amplifier 1 Circuit Rail-to-Rail SC-70-6 AEC-Q,1,OTS,Each,Electrical Components,In Production,,9.6 KW Inverter,90-06889C,"Inverter 9.6kW with Cover and Brackets, Boxed, Lunar Blue",Sienna,1,1,1
08-04-2026,10-004666,PV Disconnect Switch 0.1 mA at 3.3 VDC,1,OTS,Each,Electrical Components,In Production,,9.6 KW Inverter,90-06889C,"Inverter 9.6kW with Cover and Brackets, Boxed, Lunar Blue",Sienna,1,1,1
08-04-2026,10-003623,3.4MM SMT SOCKET,1,OTS,Each,Electrical Components,In Production,,Terminal PCBA (TRM),10-06103C,"PCBA, Terminal Board, Type C, Coated",Qualitel,1,3,3
08-04-2026,10-003623,3.4MM SMT SOCKET,1,OTS,Each,Electrical Components,In Production,,Power PCBA (IPC),10-06105C,"PCBA, Power Board, Type C, Coated",Qualitel,1,3,3
08-04-2026,10-003623,3.4MM SMT SOCKET,1,OTS,Each,Electrical Components,In Production,,9.6 KW Inverter,90-06889C,"Inverter 9.6kW with Cover and Brackets, Boxed, Lunar Blue",Sienna,1,9,9
08-04-2026,10-005198,"Heatshrink, 4:1, BLK, Adhesive lined, 7.9mm ID, 0.99mm THK",1,OTS,Millimeter,Part,In Production,,9.6 KW Inverter,90-06889C,"Inverter 9.6kW with Cover and Brackets, Boxed, Lunar Blue",Sienna,1,1,0
08-04-2026,10-003487,VARISTOR 699.5V 6.5KA DISC 20MM,1,OTS,Each,Electrical Components,In Production,,Terminal PCBA (TRM),10-06103C,"PCBA, Terminal Board, Type C, Coated",Qualitel,1,2,2
08-04-2026,10-003487,VARISTOR 699.5V 6.5KA DISC 20MM,1,OTS,Each,Electrical Components,In Production,,9.6 KW Inverter,90-06889C,"Inverter 9.6kW with Cover and Brackets, Boxed, Lunar Blue",Sienna,1,2,2
08-04-2026,10-004565,CAP FILM 3.3UF 10% 310VAC RADIAL,1,OTS,Each,Electrical Components,In Production,,Terminal PCBA (TRM),10-06103C,"PCBA, Terminal Board, Type C, Coated",Qualitel,1,3,3
08-04-2026,10-004565,CAP FILM 3.3UF 10% 310VAC RADIAL,1,OTS,Each,Electrical Components,In Production,,9.6 KW Inverter,90-06889C,"Inverter 9.6kW with Cover and Brackets, Boxed, Lunar Blue",Sienna,1,3,3
08-04-2026,10-000627,2 x 3 Beige Conn Header SMD 6POS 2.5MM,1,OTS,Each,Electrical Components,In Production,,Terminal PCBA (TRM),10-06103C,"PCBA, Terminal Board, Type C, Coated",Qualitel,1,1,1
08-04-2026,10-000627,2 x 3 Beige Conn Header SMD 6POS 2.5MM,1,OTS,Each,Electrical Components,In Production,,9.6 KW Inverter,90-06889C,"Inverter 9.6kW with Cover and Brackets, Boxed, Lunar Blue",Sienna,1,3,3
08-04-2026,10-003379,IC LATCH R-S QUAD P/N 16-SOIC,1,OTS,Each,Electrical Components,In Production,,Power PCBA (IPC),10-06105C,"PCBA, Power Board, Type C, Coated",Qualitel,1,1,1
08-04-2026,10-003379,IC LATCH R-S QUAD P/N 16-SOIC,1,OTS,Each,Electrical Components,In Production,,9.6 KW Inverter,90-06889C,"Inverter 9.6kW with Cover and Brackets, Boxed, Lunar Blue",Sienna,1,1,1
08-04-2026,10-002608,CONN HEADER SMD 14POS 2.5MM,1,OTS,Each,Electrical Components,In Production,,9.6 KW Inverter,90-06889C,"Inverter 9.6kW with Cover and Brackets, Boxed, Lunar Blue",Sienna,1,1,1
08-04-2026,10-002506,IC DRAM 4GBIT PARALLEL 96FBGA,1,OTS,Each,Electrical Components,In Production,,9.6 KW Inverter,90-06889C,"Inverter 9.6kW with Cover and Brackets, Boxed, Lunar Blue",Sienna,1,1,1
08-04-2026,10-002495,"32.768 kHz ±20ppm Crystal 9pF 90 kOhms 2-SMD, No Lead",1,OTS,Each,Electrical Components,In Production,,9.6 KW Inverter,90-06889C,"Inverter 9.6kW with Cover and Brackets, Boxed, Lunar Blue",Sienna,1,1,1
08-04-2026,10-002495,"32.768 kHz ±20ppm Crystal 9pF 90 kOhms 2-SMD, No Lead",1,OTS,Each,Electrical Components,In Production,,11 KW Inverter,90-08096A,"Lunar 3 Inverter, Boxed",TBD,1,2,2
08-04-2026,10-002481,IC PWR SUPPLY SEQUENCER SOT23-6,1,OTS,Each,Electrical Components,In Production,,9.6 KW Inverter,90-06889C,"Inverter 9.6kW with Cover and Brackets, Boxed, Lunar Blue",Sienna,1,1,1
08-04-2026,10-002616,CMC 300MA 2LN 360OHM SMD AECQ200,1,OTS,Each,Electrical Components,In Production,,9.6 KW Inverter,90-06889C,"Inverter 9.6kW with Cover and Brackets, Boxed, Lunar Blue",Sienna,1,2,2
08-04-2026,10-002392,"RF/ Coaxial Connectors, 50 Ohms, FAKRA SMB Jack, Straight, PCB, Keying Option B, Signal White",1,OTS,Each,Electrical Components,In Production,,9.6 KW Inverter,90-06889C,"Inverter 9.6kW with Cover and Brackets, Boxed, Lunar Blue",Sienna,1,2,2
08-04-2026,10-001051,IC REG LINEAR 3.3V 1A SOT223,1,OTS,Each,Electrical Components,In Production,,Power PCBA (IPC),10-06105C,"PCBA, Power Board, Type C, Coated",Qualitel,1,1,1
08-04-2026,10-001051,IC REG LINEAR 3.3V 1A SOT223,1,OTS,Each,Electrical Components,In Production,,9.6 KW Inverter,90-06889C,"Inverter 9.6kW with Cover and Brackets, Boxed, Lunar Blue",Sienna,1,1,1
08-04-2026,10-005228,"Snorkel,Battery Block",3,MTS,Each,Part,In Production,"P//Axtonne, P//Fictiv, P//Jabil Green Point",2.0 LFP - EVT with cover,90-06948C,LFP Battery Block with ESS Cover and Wall Bracket,Qualitel,4,1,0
08-04-2026,10-005228,"Snorkel,Battery Block",3,MTS,Each,Part,In Production,"P//Axtonne, P//Fictiv, P//Jabil Green Point",2.0 LFP - EVT without cover,90-07675A,LFP Battery Block with Wall Bracket,Qualitel,4,1,0
08-04-2026,10-002929,"TIM, INDUCTOR, DCDC",1,MTS,Each,Part,In Production,A//Singleton,2.0 LFP - EVT with cover,90-06948C,LFP Battery Block with ESS Cover and Wall Bracket,Qualitel,4,2,2
08-04-2026,10-002929,"TIM, INDUCTOR, DCDC",1,MTS,Each,Part,In Production,A//Singleton,2.0 LFP - EVT without cover,90-07675A,LFP Battery Block with Wall Bracket,Qualitel,4,2,0
08-04-2026,10-002929,"TIM, INDUCTOR, DCDC",1,MTS,Each,Part,In Production,A//Singleton,2.1 LFP Block,90-08373A,"Battery Block with Wall Bracket, LFP, L2.1",Qualitel,4,2,2
08-04-2026,10-000029,"Film, Cut to Size, PTFE Membrane",2,OTS,Millimeter Square,Part,In Production,,9.6 KW Inverter,90-06889C,"Inverter 9.6kW with Cover and Brackets, Boxed, Lunar Blue",Sienna,1,113,0
08-04-2026,10-003694,"Potting Compound, Silicone, 4W/mK",1,OTS,Milliliter,Part,In Production,"A//Bourns Inc., A//Parker Hannifin Corporation",9.6 KW Inverter,90-06889C,"Inverter 9.6kW with Cover and Brackets, Boxed, Lunar Blue",Sienna,1,81,0
08-04-2026,10-003679,"Wire,20 AWG,10/30,UL 758 Style 1007,Blue",1,OTS,Millimeter,Part,In Production,"A//3Q WIRE & CABLE CO.,LTD",HW Kit,90-001223,"20kWh Hardware Kit, Lunar Blue",Sienna,1,600,0
08-04-2026,10-003679,"Wire,20 AWG,10/30,UL 758 Style 1007,Blue",1,OTS,Millimeter,Part,In Production,"A//3Q WIRE & CABLE CO.,LTD",9.6 KW Inverter,90-06889C,"Inverter 9.6kW with Cover and Brackets, Boxed, Lunar Blue",Sienna,1,150,0
08-04-2026,10-003679,"Wire,20 AWG,10/30,UL 758 Style 1007,Blue",1,OTS,Millimeter,Part,In Production,"A//3Q WIRE & CABLE CO.,LTD",LFP HW Kit,90-07290A,20kWh LFP ESS Hardware Kit,Sienna,1,600,0
08-04-2026,10-003657,"RIVET,BLIND, DOMED,1/8 IN DIA,0.063IN-0.125IN GRIP, ALUM",1,OTS,Each,Part,In Production,,HW Kit,90-001223,"20kWh Hardware Kit, Lunar Blue",Sienna,1,2,0
08-04-2026,10-003657,"RIVET,BLIND, DOMED,1/8 IN DIA,0.063IN-0.125IN GRIP, ALUM",1,OTS,Each,Part,In Production,,9.6 KW Inverter,90-06889C,"Inverter 9.6kW with Cover and Brackets, Boxed, Lunar Blue",Sienna,1,6,0
08-04-2026,10-003657,"RIVET,BLIND, DOMED,1/8 IN DIA,0.063IN-0.125IN GRIP, ALUM",1,OTS,Each,Part,In Production,,2.0 LFP - EVT with cover,90-06948C,LFP Battery Block with ESS Cover and Wall Bracket,Qualitel,4,4,0
08-04-2026,10-003657,"RIVET,BLIND, DOMED,1/8 IN DIA,0.063IN-0.125IN GRIP, ALUM",1,OTS,Each,Part,In Production,,LFP HW Kit,90-07290A,20kWh LFP ESS Hardware Kit,Sienna,1,2,0
08-04-2026,10-004575,"Paint, Charcoal Suede",1,MTS,Gram,Part,In Production,,HW Kit,90-001223,"20kWh Hardware Kit, Lunar Blue",Sienna,1,2,0
08-04-2026,10-004575,"Paint, Charcoal Suede",1,MTS,Gram,Part,In Production,,9.6 KW Inverter,90-06889C,"Inverter 9.6kW with Cover and Brackets, Boxed, Lunar Blue",Sienna,1,17,0
08-04-2026,10-004575,"Paint, Charcoal Suede",1,MTS,Gram,Part,In Production,,2.0 LFP - EVT with cover,90-06948C,LFP Battery Block with ESS Cover and Wall Bracket,Qualitel,4,3,0
08-04-2026,10-004575,"Paint, Charcoal Suede",1,MTS,Gram,Part,In Production,,LFP HW Kit,90-07290A,20kWh LFP ESS Hardware Kit,Sienna,1,2,0
08-04-2026,10-004495,"Aesthetic Cover, Bottom, Foot, M8 x 1.25 6g, 316SS Passivated",1,MTS,Each,Part,In Production,A//JPOND,HW Kit,90-001223,"20kWh Hardware Kit, Lunar Blue",Sienna,1,2,0
08-04-2026,10-004495,"Aesthetic Cover, Bottom, Foot, M8 x 1.25 6g, 316SS Passivated",1,MTS,Each,Part,In Production,A//JPOND,LFP HW Kit,90-07290A,20kWh LFP ESS Hardware Kit,Sienna,1,2,0
08-04-2026,10-004131,"Tape, Polyimide, 0.165mm Thick, 2"" Wide, Inductor, Maximizer",4,MTS,Each,Part,In Production,,Maximizer Box,90-06831D,"Maximizer, Boxed",Sienna,1,20,20
08-04-2026,10-003801,MicroTPA 2.0 WTB RETAINER 10CKT,1,OTS,Each,Part,In Production,A//Molex,Bridge,90-06801A,"Bridge, Type B, Boxed, Lunar Blue",Sienna,1,1,0
08-04-2026,10-002452,"Stud, Mold-In, M3x7mm, SS",1,OTS,Each,Part,In Production,A//Pencom,Bridge,90-06801A,"Bridge, Type B, Boxed, Lunar Blue",Sienna,1,8,0
08-04-2026,10-003591,FIXED IND 47UH 600MA 780MOHM SMD,1,OTS,Each,Electrical Components,In Production,,Terminal PCBA (TRM),10-06103C,"PCBA, Terminal Board, Type C, Coated",Qualitel,1,5,5
08-04-2026,10-003591,FIXED IND 47UH 600MA 780MOHM SMD,1,OTS,Each,Electrical Components,In Production,,Bridge,90-06801A,"Bridge, Type B, Boxed, Lunar Blue",Sienna,1,8,8
08-04-2026,10-003591,FIXED IND 47UH 600MA 780MOHM SMD,1,OTS,Each,Electrical Components,In Production,,9.6 KW Inverter,90-06889C,"Inverter 9.6kW with Cover and Brackets, Boxed, Lunar Blue",Sienna,1,5,5
08-04-2026,10-003350,DIODE SCHOTTKY 200V 5A SMC,1,OTS,Each,Electrical Components,In Production,,Terminal PCBA (TRM),10-06103C,"PCBA, Terminal Board, Type C, Coated",Qualitel,1,2,2
08-04-2026,10-003350,DIODE SCHOTTKY 200V 5A SMC,1,OTS,Each,Electrical Components,In Production,,Bridge,90-06801A,"Bridge, Type B, Boxed, Lunar Blue",Sienna,1,2,2
08-04-2026,10-003350,DIODE SCHOTTKY 200V 5A SMC,1,OTS,Each,Electrical Components,In Production,,9.6 KW Inverter,90-06889C,"Inverter 9.6kW with Cover and Brackets, Boxed, Lunar Blue",Sienna,1,2,2
08-04-2026,10-004247,"Sealing Plug, MX150L, Header",1,OTS,Each,Part,In Production,A//Open AML,HW Kit,90-001223,"20kWh Hardware Kit, Lunar Blue",Sienna,1,5,0
08-04-2026,10-004247,"Sealing Plug, MX150L, Header",1,OTS,Each,Part,In Production,A//Open AML,LFP HW Kit,90-07290A,20kWh LFP ESS Hardware Kit,Sienna,1,5,0
08-04-2026,10-002174,"ASSY, ENCLOSURE BOTTOM, BRIDGE",10,MTS,Each,Part,In Production,,Bridge,90-06801A,"Bridge, Type B, Boxed, Lunar Blue",Sienna,1,1,0
08-04-2026,10-002957,MOSFET N-CH 100V 170MA SOT23-3,1,OTS,Each,Electrical Components,In Production,,2.0 LFP - EVT with cover,90-06948C,LFP Battery Block with ESS Cover and Wall Bracket,Qualitel,4,2,2
08-04-2026,10-002957,MOSFET N-CH 100V 170MA SOT23-3,1,OTS,Each,Electrical Components,In Production,,2.0 LFP - EVT without cover,90-07675A,LFP Battery Block with Wall Bracket,Qualitel,4,2,0
08-04-2026,10-002957,MOSFET N-CH 100V 170MA SOT23-3,1,OTS,Each,Electrical Components,In Production,,2.1 LFP Block,90-08373A,"Battery Block with Wall Bracket, LFP, L2.1",Qualitel,4,2,2
08-04-2026,10-005050,"Aluminum 6063-T6, ASTM B221",1,OTS,Gram,Part,In Production,,Bridge,90-06801A,"Bridge, Type B, Boxed, Lunar Blue",Sienna,1,135,0
08-04-2026,10-005078,DIODE SCHOTT 40V 750MA SOD323-2,1,OTS,Each,Electrical Components,In Design,,11 KW Inverter,90-08096A,"Lunar 3 Inverter, Boxed",TBD,1,1,1
08-04-2026,10-002690,"CONN, REC HSG, AMP MCP1.5K, 8 POS, CODB, SEALED",2,OTS,Each,Part,In Production,,9.6 KW Inverter,90-06889C,"Inverter 9.6kW with Cover and Brackets, Boxed, Lunar Blue",Sienna,1,1,0
08-04-2026,10-004269,"Clinch Nut, 12-24, Steel with Zinc Coating",1,OTS,Each,Part,In Production,A//Penn Engineering,Bridge,90-06801A,"Bridge, Type B, Boxed, Lunar Blue",Sienna,1,4,0
08-04-2026,10-002980,"Connector, 3p, 10mm Pitch Mini-Fit Sr., Single Row",1,OTS,Each,Part,In Production,,9.6 KW Inverter,90-06889C,"Inverter 9.6kW with Cover and Brackets, Boxed, Lunar Blue",Sienna,1,2,0
08-04-2026,10-003814,"Spring Lock LH, Hook Mounting Bracket, Inverter",1,MTS,Each,Part,In Production,,9.6 KW Inverter,90-06889C,"Inverter 9.6kW with Cover and Brackets, Boxed, Lunar Blue",Sienna,1,1,0
08-04-2026,10-004429,"Heatshrink, 3:1, BLK, Adhesive lined, 6.4mm ID ,1.1mm THK",1,OTS,Millimeter,Part,In Design,"A//PYG CO.,LTD.",11 KW Inverter,90-08096A,"Lunar 3 Inverter, Boxed",TBD,1,1,0
08-04-2026,10-002553,"Nano-Fit Crimp Terminal, Female, 2.54µm Matte Tin (Sn) Plating, 20-22 AWG",1,OTS,Each,Part,In Production,A//Molex,9.6 KW Inverter,90-06889C,"Inverter 9.6kW with Cover and Brackets, Boxed, Lunar Blue",Sienna,1,32,0
08-04-2026,10-003924,"Edge Clip,Cable Tie,2-Piece,1-3mm Panel, Blk",1,OTS,Each,Part,In Production,A//HellermannTyton,9.6 KW Inverter,90-06889C,"Inverter 9.6kW with Cover and Brackets, Boxed, Lunar Blue",Sienna,1,1,0
08-04-2026,10-001411,CONN HEADER SMD 4POS 2.5MM,1,OTS,Each,Electrical Components,In Design,,11 KW Inverter,90-08096A,"Lunar 3 Inverter, Boxed",TBD,1,1,1
08-04-2026,10-005052,"Ring Terminal, Vertical, M3 Stud, 8 AWG, Sn, Uninsulated",2,MTS,Each,Part,In Production,,9.6 KW Inverter,90-06889C,"Inverter 9.6kW with Cover and Brackets, Boxed, Lunar Blue",Sienna,1,3,0
08-04-2026,10-002245,"Load Tray, 20 Space, 40 Circuit, 225A",1,OTS,Each,Part,In Production,,Bridge,90-06801A,"Bridge, Type B, Boxed, Lunar Blue",Sienna,1,1,1
08-04-2026,10-005258,"Ferrule, Outer, Crimp On, 12.7mm ID",1,OTS,Each,Part,In Production,,HW Kit,90-001223,"20kWh Hardware Kit, Lunar Blue",Sienna,1,4,0
08-04-2026,10-005258,"Ferrule, Outer, Crimp On, 12.7mm ID",1,OTS,Each,Part,In Production,,LFP HW Kit,90-07290A,20kWh LFP ESS Hardware Kit,Sienna,1,4,0
08-04-2026,10-003619,"Aluminum 1100-0, ASTM B209/B209M",1,OTS,Gram,Part,In Production,,9.6 KW Inverter,90-06889C,"Inverter 9.6kW with Cover and Brackets, Boxed, Lunar Blue",Sienna,1,1,0
08-04-2026,10-003145,"Inverter Aesthetic Cover, Hinge Pin, SS",1,MTS,Each,Part,In Production,,9.6 KW Inverter,90-06889C,"Inverter 9.6kW with Cover and Brackets, Boxed, Lunar Blue",Sienna,1,1,0
08-04-2026,10-004462,"Thermal Interface Material, Phase Change Free Standing Film, 0.010in THK",1,OTS,Millimeter Square,Part,In Production,,9.6 KW Inverter,90-06889C,"Inverter 9.6kW with Cover and Brackets, Boxed, Lunar Blue",Sienna,1,6250,0
08-04-2026,10-002511,FAKRA PLUG(Key C) to FAKRA PLUG(Key C) 1GHz RG316 560mm,1,OTS,Each,Part,In Production,GS//[TBD],9.6 KW Inverter,90-06889C,"Inverter 9.6kW with Cover and Brackets, Boxed, Lunar Blue",Sienna,1,1,0
08-04-2026,10-002551,"Nano-Fit TPA Retainer, 2.50mm Pitch, 6 Circuits, Natural",1,OTS,Each,Part,In Production,A//Molex,9.6 KW Inverter,90-06889C,"Inverter 9.6kW with Cover and Brackets, Boxed, Lunar Blue",Sienna,1,2,0
08-04-2026,10-002717,"Heatshrink, 3:1, BLK, Adhesive lined, 9MM ID, 1.4MMTHK",1,OTS,Millimeter,Part,In Production,,HW Kit,90-001223,"20kWh Hardware Kit, Lunar Blue",Sienna,1,200,0
08-04-2026,10-002717,"Heatshrink, 3:1, BLK, Adhesive lined, 9MM ID, 1.4MMTHK",1,OTS,Millimeter,Part,In Production,,9.6 KW Inverter,90-06889C,"Inverter 9.6kW with Cover and Brackets, Boxed, Lunar Blue",Sienna,1,50,0
08-04-2026,10-002717,"Heatshrink, 3:1, BLK, Adhesive lined, 9MM ID, 1.4MMTHK",1,OTS,Millimeter,Part,In Production,,LFP HW Kit,90-07290A,20kWh LFP ESS Hardware Kit,Sienna,1,200,0
08-04-2026,10-002561,"Nano-Fit TPA Retainer, 2.50mm Pitch, 4 Circuits, Natural",1,OTS,Each,Part,In Production,A//Molex,9.6 KW Inverter,90-06889C,"Inverter 9.6kW with Cover and Brackets, Boxed, Lunar Blue",Sienna,1,7,0
08-04-2026,10-002561,"Nano-Fit TPA Retainer, 2.50mm Pitch, 4 Circuits, Natural",1,OTS,Each,Part,In Production,A//Molex,11 KW Inverter,90-08096A,"Lunar 3 Inverter, Boxed",TBD,1,1,0
08-04-2026,10-003524,CMC 1.5MH 18A 2LN TH,1,OTS,Each,Electrical Components,In Production,,2.0 LFP - EVT with cover,90-06948C,LFP Battery Block with ESS Cover and Wall Bracket,Qualitel,4,1,1
08-04-2026,10-003524,CMC 1.5MH 18A 2LN TH,1,OTS,Each,Electrical Components,In Production,,2.0 LFP - EVT without cover,90-07675A,LFP Battery Block with Wall Bracket,Qualitel,4,1,0
08-04-2026,10-003524,CMC 1.5MH 18A 2LN TH,1,OTS,Each,Electrical Components,In Production,,2.1 LFP Block,90-08373A,"Battery Block with Wall Bracket, LFP, L2.1",Qualitel,4,1,1
08-04-2026,10-06995A,"Heatshrink, 2:1 BLK, 600V, 8.0MM ID, 0.5MM THK",1,OTS,Millimeter,Part,In Production,,HW Kit,90-001223,"20kWh Hardware Kit, Lunar Blue",Sienna,1,50,0
08-04-2026,10-06995A,"Heatshrink, 2:1 BLK, 600V, 8.0MM ID, 0.5MM THK",1,OTS,Millimeter,Part,In Production,,LFP HW Kit,90-07290A,20kWh LFP ESS Hardware Kit,Sienna,1,50,0
08-04-2026,10-001731,CAP CER 100PF 50V COG/NP0 0603,1,OTS,Each,Electrical Components,Sunset - Phase Out,,Terminal PCBA (TRM),10-06103C,"PCBA, Terminal Board, Type C, Coated",Qualitel,1,3,3
08-04-2026,10-001731,CAP CER 100PF 50V COG/NP0 0603,1,OTS,Each,Electrical Components,Sunset - Phase Out,,Power PCBA (IPC),10-06105C,"PCBA, Power Board, Type C, Coated",Qualitel,1,6,6
08-04-2026,10-001731,CAP CER 100PF 50V COG/NP0 0603,1,OTS,Each,Electrical Components,Sunset - Phase Out,,Bridge,90-06801A,"Bridge, Type B, Boxed, Lunar Blue",Sienna,1,3,3
08-04-2026,10-001731,CAP CER 100PF 50V COG/NP0 0603,1,OTS,Each,Electrical Components,Sunset - Phase Out,,9.6 KW Inverter,90-06889C,"Inverter 9.6kW with Cover and Brackets, Boxed, Lunar Blue",Sienna,1,9,9
08-04-2026,10-000558,CAP CER 4.7UF 16V X7R 0805 AEC-Q,1,OTS,Each,Electrical Components,Sunset - Phase Out,,Terminal PCBA (TRM),10-06103C,"PCBA, Terminal Board, Type C, Coated",Qualitel,1,1,1
08-04-2026,10-000558,CAP CER 4.7UF 16V X7R 0805 AEC-Q,1,OTS,Each,Electrical Components,Sunset - Phase Out,,MSAC,90-06700A,"MSA Controller, Boxed",Qualitel,1,2,2
08-04-2026,10-000558,CAP CER 4.7UF 16V X7R 0805 AEC-Q,1,OTS,Each,Electrical Components,Sunset - Phase Out,,Bridge,90-06801A,"Bridge, Type B, Boxed, Lunar Blue",Sienna,1,2,2
08-04-2026,10-000558,CAP CER 4.7UF 16V X7R 0805 AEC-Q,1,OTS,Each,Electrical Components,Sunset - Phase Out,,9.6 KW Inverter,90-06889C,"Inverter 9.6kW with Cover and Brackets, Boxed, Lunar Blue",Sienna,1,1,1
08-04-2026,10-000589,CAP FILM 0.47UF 20% 760VDC RAD,1,OTS,Each,Electrical Components,In Production,,PV Hub,90-004034,"Maximizer Hub, Boxed",Sienna,1,1,1
08-04-2026,10-000589,CAP FILM 0.47UF 20% 760VDC RAD,1,OTS,Each,Electrical Components,In Production,,Bridge,90-06801A,"Bridge, Type B, Boxed, Lunar Blue",Sienna,1,1,1
08-04-2026,10-002134,"Screw,M4x0.7 6gx10mm,BHT T15,Steel,ZnNi BC,Nylon Patch",1,OTS,Each,Part,In Production,A//Pencom,9.6 KW Inverter,90-06889C,"Inverter 9.6kW with Cover and Brackets, Boxed, Lunar Blue",Sienna,1,15,15
08-04-2026,10-002116,"Screw,M4x0.7 6g x36mm,BHT T20,Flange,Steel,ZiNi BC,Nylon Patch",3,OTS,Each,Part,In Production,A//Pencom,9.6 KW Inverter,90-06889C,"Inverter 9.6kW with Cover and Brackets, Boxed, Lunar Blue",Sienna,1,4,4
08-04-2026,10-001227,RES SMD 220 OHM 1% 2W 2512 AEC-Q,1,OTS,Each,Electrical Components,In Production,,Bridge,90-06801A,"Bridge, Type B, Boxed, Lunar Blue",Sienna,1,12,12
08-04-2026,10-000395,"Washer,M5,Flat,5.3mm IDx 12.6mm OD,Steel,ZnNi BC",6,OTS,Each,Part,In Production,A//Pencom,Bridge,90-06801A,"Bridge, Type B, Boxed, Lunar Blue",Sienna,1,2,2
08-04-2026,10-005289,"Adhesive, Epoxy, 2-Part, 5-min cure",1,OTS,Milliliter,Part,In Production,GS//[TBD],9.6 KW Inverter,90-06889C,"Inverter 9.6kW with Cover and Brackets, Boxed, Lunar Blue",Sienna,1,1,1
08-04-2026,10-002278,"600VIN MICROPOWER, ISOLATED NO-O",1,OTS,Each,Electrical Components,In Production,,Terminal PCBA (TRM),10-06103C,"PCBA, Terminal Board, Type C, Coated",Qualitel,1,1,1
08-04-2026,10-002278,"600VIN MICROPOWER, ISOLATED NO-O",1,OTS,Each,Electrical Components,In Production,,PV Hub,90-004034,"Maximizer Hub, Boxed",Sienna,1,1,1
08-04-2026,10-002278,"600VIN MICROPOWER, ISOLATED NO-O",1,OTS,Each,Electrical Components,In Production,,9.6 KW Inverter,90-06889C,"Inverter 9.6kW with Cover and Brackets, Boxed, Lunar Blue",Sienna,1,1,1
08-04-2026,10-002278,"600VIN MICROPOWER, ISOLATED NO-O",1,OTS,Each,Electrical Components,In Production,,11 KW Inverter,90-08096A,"Lunar 3 Inverter, Boxed",TBD,1,1,1
08-04-2026,10-001454,LED ORANGE CLEAR CHIP SMD,1,OTS,Each,Electrical Components,In Design,,Link,30-07519A,Lunar Link PCBA,Sienna,1,2,2
08-04-2026,10-004300,CONN HEADER SMD 16POS 2.5MM,1,OTS,Each,Electrical Components,In Production,,Terminal PCBA (TRM),10-06103C,"PCBA, Terminal Board, Type C, Coated",Qualitel,1,1,1
08-04-2026,10-004300,CONN HEADER SMD 16POS 2.5MM,1,OTS,Each,Electrical Components,In Production,,Power PCBA (IPC),10-06105C,"PCBA, Power Board, Type C, Coated",Qualitel,1,1,1
08-04-2026,10-004300,CONN HEADER SMD 16POS 2.5MM,1,OTS,Each,Electrical Components,In Production,,9.6 KW Inverter,90-06889C,"Inverter 9.6kW with Cover and Brackets, Boxed, Lunar Blue",Sienna,1,2,2
08-04-2026,10-004511,ESS Battery Aesthetic Cover Left Lunar Blue,10,MTS,Each,Part,In Production,,2.0 LFP - EVT with cover,90-06948C,LFP Battery Block with ESS Cover and Wall Bracket,Qualitel,4,1,0
08-04-2026,10-002816,"Screw and washer,M5 x 13,SEMS,BHT T-25,Steel,ZiNi BC,Nylon Patch",1,OTS,Each,Part,In Production,A//Pencom,2.0 LFP - EVT with cover,90-06948C,LFP Battery Block with ESS Cover and Wall Bracket,Qualitel,4,2,2
08-04-2026,10-002816,"Screw and washer,M5 x 13,SEMS,BHT T-25,Steel,ZiNi BC,Nylon Patch",1,OTS,Each,Part,In Production,A//Pencom,2.0 LFP - EVT without cover,90-07675A,LFP Battery Block with Wall Bracket,Qualitel,4,2,0
08-04-2026,10-002816,"Screw and washer,M5 x 13,SEMS,BHT T-25,Steel,ZiNi BC,Nylon Patch",1,OTS,Each,Part,In Production,A//Pencom,2.1 LFP Block,90-08373A,"Battery Block with Wall Bracket, LFP, L2.1",Qualitel,4,2,2
08-04-2026,10-002246,"Nut, 1/4-20, Hex Head, Steel, Zn-Ni Plated",1,OTS,Each,Part,In Production,A//Pencom,Bridge,90-06801A,"Bridge, Type B, Boxed, Lunar Blue",Sienna,1,2,2
08-04-2026,10-002215,"Screw,M6 6h X 18mm,BHT T30,Grade 8.8,ZiNi BC",2,OTS,Each,Part,In Production,A//Pencom,Bridge,90-06801A,"Bridge, Type B, Boxed, Lunar Blue",Sienna,1,15,15
08-04-2026,10-06714A,"Nut, M3, OD 8mm, Flange, Serrated, SS",1,OTS,Each,Part,In Production,A//JPOND,9.6 KW Inverter,90-06889C,"Inverter 9.6kW with Cover and Brackets, Boxed, Lunar Blue",Sienna,1,1,0
08-04-2026,10-06589A,"RIVET,BLIND,1/8"",0.25""L, DOMED, ALUMINUM",1,OTS,Each,Part,In Production,A//JPOND,9.6 KW Inverter,90-06889C,"Inverter 9.6kW with Cover and Brackets, Boxed, Lunar Blue",Sienna,1,1,0
08-04-2026,10-005451,RES 1.1K OHM 1% 1/10W 0603,1,OTS,Each,Electrical Components,In Design,,2.1 LFP Block,90-08373A,"Battery Block with Wall Bracket, LFP, L2.1",Qualitel,4,9,9
08-04-2026,10-005020,"Inverter Aesthetic Cover, Access Door Front, Dual Magnet, Plastic Suede, With NEC Label",5,MTS,Each,Part,In Production,P//JPOND,9.6 KW Inverter,90-06889C,"Inverter 9.6kW with Cover and Brackets, Boxed, Lunar Blue",Sienna,1,1,0
08-04-2026,10-06110A,"Screw, Button, 12-24x0.55, T25, Steel with Zinc Coating",1,OTS,Each,Part,In Production,"A//Bossard, Inc., A//Unisteel",Bridge,90-06801A,"Bridge, Type B, Boxed, Lunar Blue",Sienna,1,4,4
08-04-2026,10-005754,"Label, Traceability, Trunk Harness, Blank",4,MTS,Each,Part,In Production,GS//TBD,HW Kit,90-001223,"20kWh Hardware Kit, Lunar Blue",Sienna,1,1,0
08-04-2026,10-005754,"Label, Traceability, Trunk Harness, Blank",4,MTS,Each,Part,In Production,GS//TBD,LFP HW Kit,90-07290A,20kWh LFP ESS Hardware Kit,Sienna,1,1,0
08-04-2026,10-06547A,"Label Base, PET, Peelable",3,MTS,Each,Part,In Production,,Maximizer Box,90-06831D,"Maximizer, Boxed",Sienna,1,40,0
08-04-2026,10-006129,FUSE BOARD MOUNT 5A 250VAC 2SMD,01,OTS,Each,Electrical Components,In Production,,Terminal PCBA (TRM),10-06103C,"PCBA, Terminal Board, Type C, Coated",Qualitel,1,1,1
08-04-2026,10-006129,FUSE BOARD MOUNT 5A 250VAC 2SMD,01,OTS,Each,Electrical Components,In Production,,9.6 KW Inverter,90-06889C,"Inverter 9.6kW with Cover and Brackets, Boxed, Lunar Blue",Sienna,1,1,1
08-04-2026,10-004123,"Hook Mounting Bracket,Wiring Compartment,Inverter,C1.5",2,MTS,Each,Part,In Production,,9.6 KW Inverter,90-06889C,"Inverter 9.6kW with Cover and Brackets, Boxed, Lunar Blue",Sienna,1,1,0
08-04-2026,10-006332,"TPC, UL94 V0",1,OTS,Gram,Part,In Production,,Bridge,90-06801A,"Bridge, Type B, Boxed, Lunar Blue",Sienna,1,72,0
08-04-2026,10-004496,OPTOISO 3.75KV TRANS 4-MINI-FLAT,1,OTS,Each,Electrical Components,In Production,,Terminal PCBA (TRM),10-06103C,"PCBA, Terminal Board, Type C, Coated",Qualitel,1,4,4
08-04-2026,10-004496,OPTOISO 3.75KV TRANS 4-MINI-FLAT,1,OTS,Each,Electrical Components,In Production,,9.6 KW Inverter,90-06889C,"Inverter 9.6kW with Cover and Brackets, Boxed, Lunar Blue",Sienna,1,4,4
08-04-2026,10-003040,CAP CER 0.1UF 50V X7R 0603,1,OTS,Each,Electrical Components,In Production,,Power PCBA (IPC),10-06105C,"PCBA, Power Board, Type C, Coated",Qualitel,1,38,38
08-04-2026,10-003040,CAP CER 0.1UF 50V X7R 0603,1,OTS,Each,Electrical Components,In Production,,9.6 KW Inverter,90-06889C,"Inverter 9.6kW with Cover and Brackets, Boxed, Lunar Blue",Sienna,1,38,38
08-04-2026,10-003040,CAP CER 0.1UF 50V X7R 0603,1,OTS,Each,Electrical Components,In Production,,11 KW Inverter,90-08096A,"Lunar 3 Inverter, Boxed",TBD,1,4,4
08-04-2026,10-003040,CAP CER 0.1UF 50V X7R 0603,1,OTS,Each,Electrical Components,In Production,,2.1 LFP Block,90-08373A,"Battery Block with Wall Bracket, LFP, L2.1",Qualitel,4,3,3
08-04-2026,10-005953,"Adhesive, Epoxy, 2-Part, Electrical Insulator, 13 kV/mm",1,OTS,Milliliter,Part,In Production,,9.6 KW Inverter,90-06889C,"Inverter 9.6kW with Cover and Brackets, Boxed, Lunar Blue",Sienna,1,1,1
08-04-2026,10-001439,CURRENT SENSOR W/OVERCURRENT FAU,1,OTS,Each,Electrical Components,In Production,,Maximizer Box,90-06831D,"Maximizer, Boxed",Sienna,1,40,40
08-04-2026,10-000958,DGTL ISO 5000VRMS 5CH GP 16SOIC,1,OTS,Each,Electrical Components,In Production,,Link,30-07519A,Lunar Link PCBA,Sienna,1,1,1
08-04-2026,10-000958,DGTL ISO 5000VRMS 5CH GP 16SOIC,1,OTS,Each,Electrical Components,In Production,,Bridge,90-06801A,"Bridge, Type B, Boxed, Lunar Blue",Sienna,1,2,2
08-04-2026,10-000760,"Free Height, PCB Mount Header, Vertical, Board-to-Board, 40 Position, .8mm [.031in] Centerline, Full",1,OTS,Each,Electrical Components,In Production,,Bridge,90-06801A,"Bridge, Type B, Boxed, Lunar Blue",Sienna,1,1,1
08-04-2026,10-005830,"Nano-Fit Receptacle Housing, TPA Capable, 2.50mm Pitch, 2 Circuits, Black",1,OTS,Each,Part,In Production,,9.6 KW Inverter,90-06889C,"Inverter 9.6kW with Cover and Brackets, Boxed, Lunar Blue",Sienna,1,3,0
08-04-2026,10-005830,"Nano-Fit Receptacle Housing, TPA Capable, 2.50mm Pitch, 2 Circuits, Black",1,OTS,Each,Part,In Production,,11 KW Inverter,90-08096A,"Lunar 3 Inverter, Boxed",TBD,1,1,0
08-04-2026,10-06706C,"Power Module, No External Harnesses, Inverter, Type C",6,MTS,Each,Assembly,In Production,,9.6 KW Inverter,90-06889C,"Inverter 9.6kW with Cover and Brackets, Boxed, Lunar Blue",Sienna,1,1,0
08-04-2026,10-08455A,IND FIXED 47UH 20% 1.1A 220 MOHM SHIELDED SMD (6.00mm x 6.00mm),1,OTS,Each,Electrical Components,In Design,,Max 2.0 PCBA,30-07320F,Maximizer 2.0 PCBA,TBD,20,1,1
08-04-2026,30-05000C,"PCBA, Terminal Board, Type C",5,MTS,Each,PCBA,In Production,,Terminal PCBA (TRM),10-06103C,"PCBA, Terminal Board, Type C, Coated",Qualitel,1,1,0
08-04-2026,30-05000C,"PCBA, Terminal Board, Type C",5,MTS,Each,PCBA,In Production,,9.6 KW Inverter,90-06889C,"Inverter 9.6kW with Cover and Brackets, Boxed, Lunar Blue",Sienna,1,1,0
08-04-2026,10-007017,"TRANSFORMER FWD P-P DC/DC CONV 72UH SMD (0.327"" L x 0.364"" W (8.30mm x 9.25mm)) AEC-Q",1,OTS,Each,Electrical Components,In Planning,,Link,30-07519A,Lunar Link PCBA,Sienna,1,2,2
08-04-2026,10-006652,RES SMD 10K OHM 0.1% 1/8W 0805,3,OTS,Each,Electrical Components,Sunset - Phase Out,,Maximizer Box,90-06831D,"Maximizer, Boxed",Sienna,1,40,40
08-04-2026,10-07897A,Busbar normal Anchor SA,2,MTS,Each,Assembly,In Design,,2.1 LFP Block,90-08373A,"Battery Block with Wall Bracket, LFP, L2.1",Qualitel,4,3,0
08-04-2026,10-07834A,"Panel, End Cap, DCDC",2,MTS,Each,Part,In Planning,,2.1 LFP Block,90-08373A,"Battery Block with Wall Bracket, LFP, L2.1",Qualitel,4,1,0
08-04-2026,10-001528,"MC4 Pigtail, Female, 1250mm",9,MTS,Each,Part,In Production,A//Avalon,Maximizer Box,90-06831D,"Maximizer, Boxed",Sienna,1,20,20
08-04-2026,10-007001,RES 750K OHM 0.1% 0.52W 1206,1,OTS,Each,Electrical Components,Sunset - Phase Out,,11 KW Inverter,90-08096A,"Lunar 3 Inverter, Boxed",TBD,1,20,20
08-04-2026,10-006965,TRANSFORMER FLYBACK 1500VRMS ISOLATION PoE SMT 12PIN,1,MTS,Each,Electrical Components,Sunset - Phase Out,,11 KW Inverter,90-08096A,"Lunar 3 Inverter, Boxed",TBD,1,1,1
08-04-2026,10-06914B,"PCBA DCDC/BMS, with Heat Spreader",3,MTS,Each,Assembly,In Production,,2.0 LFP - EVT with cover,90-06948C,LFP Battery Block with ESS Cover and Wall Bracket,Qualitel,4,1,0
08-04-2026,10-06914B,"PCBA DCDC/BMS, with Heat Spreader",3,MTS,Each,Assembly,In Production,,2.0 LFP - EVT without cover,90-07675A,LFP Battery Block with Wall Bracket,Qualitel,4,1,0
08-04-2026,10-006886,CAP CER 330PF 50V C0G/NP0 0402,1,OTS,Each,Electrical Components,In Design,,11 KW Inverter,90-08096A,"Lunar 3 Inverter, Boxed",TBD,1,6,6
08-04-2026,20-06905A,LFP EVT DC-DC BMS PCB,3,MTS,Each,PCB,In Production,A//Sunshine PCB Group,2.0 LFP - EVT with cover,90-06948C,LFP Battery Block with ESS Cover and Wall Bracket,Qualitel,4,1,1
08-04-2026,20-06905A,LFP EVT DC-DC BMS PCB,3,MTS,Each,PCB,In Production,A//Sunshine PCB Group,2.0 LFP - EVT without cover,90-07675A,LFP Battery Block with Wall Bracket,Qualitel,4,1,0
08-04-2026,30-002435,"PCBA, PV Hub",8,MTS,Each,PCBA,In Production,,PV Hub,90-004034,"Maximizer Hub, Boxed",Sienna,1,1,0
08-04-2026,10-006069,"Label, Compliance, ESS, NMC, 20kWh",2,MTS,Each,Part,In Production,A//Stephen Gould,HW Kit,90-001223,"20kWh Hardware Kit, Lunar Blue",Sienna,1,1,1
08-04-2026,10-006852,IC VREF SERIES 0.7% TSOT6,1,OTS,Each,Electrical Components,In Production,,11 KW Inverter,90-08096A,"Lunar 3 Inverter, Boxed",TBD,1,1,1
08-04-2026,10-07375A,"Adhesive, PET Tape, Double Coated, Acrylic",1,OTS,Millimeter Square,Part,In Production,A//Singleton,Maximizer Box,90-06831D,"Maximizer, Boxed",Sienna,1,14880,0
08-04-2026,10-002035,"Sticker, Vent, 12mm Round",3,MTS,Each,Part,In Production,A//Marian Inc,9.6 KW Inverter,90-06889C,"Inverter 9.6kW with Cover and Brackets, Boxed, Lunar Blue",Sienna,1,1,1
08-04-2026,10-07244A,RES SMD 332 OHM 1% 1/2W 0805 AEC-Q,1,OTS,Each,Electrical Components,In Production,,Power PCBA (IPC),10-06105C,"PCBA, Power Board, Type C, Coated",Qualitel,1,1,1
08-04-2026,10-07244A,RES SMD 332 OHM 1% 1/2W 0805 AEC-Q,1,OTS,Each,Electrical Components,In Production,,9.6 KW Inverter,90-06889C,"Inverter 9.6kW with Cover and Brackets, Boxed, Lunar Blue",Sienna,1,1,1
08-04-2026,10-006821,CAP CER 10PF 50V C0G/NPO 0402,1,OTS,Each,Electrical Components,In Design,,Link,30-07519A,Lunar Link PCBA,Sienna,1,6,6
08-04-2026,10-06835A,"PCBA Module, Bridge, Type B",4,MTS,Each,Part,In Production,,Bridge,90-06801A,"Bridge, Type B, Boxed, Lunar Blue",Sienna,1,1,0
08-04-2026,10-002267,"Spring,MW,9.6mm,33N/mm,Ground Ends",2,OTS,Each,Part,In Production,A//The Spring Store,9.6 KW Inverter,90-06889C,"Inverter 9.6kW with Cover and Brackets, Boxed, Lunar Blue",Sienna,1,6,6
08-04-2026,10-003717,"Terminal Connector, Pin, 3.4mm x 45mm, PWB Fastener Mount, 75A, 7mm Drive",1,OTS,Each,Electrical Components,Sunset - Phase Out,,Power PCBA (IPC),10-06105C,"PCBA, Power Board, Type C, Coated",Qualitel,1,3,3
08-04-2026,10-003717,"Terminal Connector, Pin, 3.4mm x 45mm, PWB Fastener Mount, 75A, 7mm Drive",1,OTS,Each,Electrical Components,Sunset - Phase Out,,9.6 KW Inverter,90-06889C,"Inverter 9.6kW with Cover and Brackets, Boxed, Lunar Blue",Sienna,1,3,3
08-04-2026,10-006074,"Screw, SEMS, M3x0.5x10, T10, Square-Cone Washer, SS",1,OTS,Each,Part,In Production,A//Pencom,9.6 KW Inverter,90-06889C,"Inverter 9.6kW with Cover and Brackets, Boxed, Lunar Blue",Sienna,1,10,10
08-04-2026,10-005303,"Foam Gasket, Protective Hat, Capacitance Board, D",3,MTS,Each,Assembly,In Production,A//Marian Inc,9.6 KW Inverter,90-06889C,"Inverter 9.6kW with Cover and Brackets, Boxed, Lunar Blue",Sienna,1,1,1
08-04-2026,10-005277,"Heat Sink, Inverter, D",2,MTS,Each,Part,In Production,,9.6 KW Inverter,90-06889C,"Inverter 9.6kW with Cover and Brackets, Boxed, Lunar Blue",Sienna,1,1,0
08-04-2026,10-002507,RES 240 OHM 1% 1/16W 0402,1,OTS,Each,Electrical Components,In Production,,MSAC,90-06700A,"MSA Controller, Boxed",Qualitel,1,1,1
08-04-2026,10-002507,RES 240 OHM 1% 1/16W 0402,1,OTS,Each,Electrical Components,In Production,,9.6 KW Inverter,90-06889C,"Inverter 9.6kW with Cover and Brackets, Boxed, Lunar Blue",Sienna,1,1,1
08-04-2026,10-002507,RES 240 OHM 1% 1/16W 0402,1,OTS,Each,Electrical Components,In Production,,11 KW Inverter,90-08096A,"Lunar 3 Inverter, Boxed",TBD,1,3,3
08-04-2026,10-005283,"Packaging, Maximizer",3,MTS,Each,Part,In Production,,Maximizer Box,90-06831D,"Maximizer, Boxed",Sienna,1,1,0
08-04-2026,10-005393,RES 470 OHM 1% 1/10W 75V 0603,1,OTS,Each,Electrical Components,In Design,,2.1 LFP Block,90-08373A,"Battery Block with Wall Bracket, LFP, L2.1",Qualitel,4,1,1
08-04-2026,10-05006A,"Foam Seal, Top Service Entry, Bridge",1,MTS,Each,Part,In Production,P//Seal Methods Inc.,Bridge,90-06801A,"Bridge, Type B, Boxed, Lunar Blue",Sienna,1,1,1
08-04-2026,20-005783,PCB Lunar Bridge Rogowski Coil Pigtail Board Type B,1,MTS,Each,PCB,In Production,A//BAY AREA CIRCUITS,Bridge,90-06801A,"Bridge, Type B, Boxed, Lunar Blue",Sienna,1,1,1
08-04-2026,Custom Parent List,,,,,,,,,,,,,1,0
08-04-2026,10-06572A,"Signal Harness, MSA Controller",4,MTS,Each,Part,In Production,A//Yuqiu,MSAC,90-06700A,"MSA Controller, Boxed",Qualitel,1,1,1
08-04-2026,10-006818,IND FIXED 12NH 500MA 0.14OHM SMD 0402,1,OTS,Each,Electrical Components,In Design,,11 KW Inverter,90-08096A,"Lunar 3 Inverter, Boxed",TBD,1,1,1
08-04-2026,10-006747,CAP CER 330PF 1KV U2J 1206,1,OTS,Each,Electrical Components,Sunset - Phase Out,,11 KW Inverter,90-08096A,"Lunar 3 Inverter, Boxed",TBD,1,3,3
08-04-2026,10-004823,CAP CER 0.1UF 25V X7R 0402,1,OTS,Each,Electrical Components,In Production,,2.0 LFP - EVT with cover,90-06948C,LFP Battery Block with ESS Cover and Wall Bracket,Qualitel,4,39,39
08-04-2026,10-004823,CAP CER 0.1UF 25V X7R 0402,1,OTS,Each,Electrical Components,In Production,,2.0 LFP - EVT without cover,90-07675A,LFP Battery Block with Wall Bracket,Qualitel,4,39,0
08-04-2026,10-004593,"Screw Terminal, M3, SMT, Thru Hole, Integrated Junction, 50A",4,MTS,Each,Electrical Components,In Production,A//Unisteel,Power PCBA (IPC),10-06105C,"PCBA, Power Board, Type C, Coated",Qualitel,1,3,3
08-04-2026,10-004593,"Screw Terminal, M3, SMT, Thru Hole, Integrated Junction, 50A",4,MTS,Each,Electrical Components,In Production,A//Unisteel,9.6 KW Inverter,90-06889C,"Inverter 9.6kW with Cover and Brackets, Boxed, Lunar Blue",Sienna,1,3,3
08-04-2026,10-004552,"Inverter Aesthetic Cover Sub Assembly, LRG, Left Panel, Suede",6,MTS,Each,Part,In Production,A//JPOND,9.6 KW Inverter,90-06889C,"Inverter 9.6kW with Cover and Brackets, Boxed, Lunar Blue",Sienna,1,1,1
08-04-2026,10-08104A,"Lunar 3 Inverter Enclosure Weldment, DVT1",3,MTS,Each,Assembly,In Design,,11 KW Inverter,90-08096A,"Lunar 3 Inverter, Boxed",TBD,1,1,0
08-04-2026,10-003274,CAP CER 10UF 100V X7S 10% 1210,1,OTS,Each,Electrical Components,In Production,,Max 2.0 PCBA,30-07320F,Maximizer 2.0 PCBA,TBD,20,21,21
08-04-2026,10-003274,CAP CER 10UF 100V X7S 10% 1210,1,OTS,Each,Electrical Components,In Production,,2.0 LFP - EVT with cover,90-06948C,LFP Battery Block with ESS Cover and Wall Bracket,Qualitel,4,4,4
08-04-2026,10-003274,CAP CER 10UF 100V X7S 10% 1210,1,OTS,Each,Electrical Components,In Production,,2.0 LFP - EVT without cover,90-07675A,LFP Battery Block with Wall Bracket,Qualitel,4,4,0
08-04-2026,10-003274,CAP CER 10UF 100V X7S 10% 1210,1,OTS,Each,Electrical Components,In Production,,11 KW Inverter,90-08096A,"Lunar 3 Inverter, Boxed",TBD,1,1,1
08-04-2026,10-003274,CAP CER 10UF 100V X7S 10% 1210,1,OTS,Each,Electrical Components,In Production,,2.1 LFP Block,90-08373A,"Battery Block with Wall Bracket, LFP, L2.1",Qualitel,4,4,4
08-04-2026,10-08113A,"Lunar 3 Inverter Enclosure, Rear Grill, Right Panel, DVT1",2,MTS,Each,Part,In Design,,11 KW Inverter,90-08096A,"Lunar 3 Inverter, Boxed",TBD,1,1,0
08-04-2026,10-08086A,"Washer, Lightpipe, Home Controller, Lunar 3 Inverter",1,OTS,Each,Part,In Design,GS//TBD,11 KW Inverter,90-08096A,"Lunar 3 Inverter, Boxed",TBD,1,2,2
08-04-2026,10-08024A,DIODE TVS 58VWM 93.6VC SMA (4.6MM X 2.92MM),1,OTS,Each,Electrical Components,In Design,,Link,30-07519A,Lunar Link PCBA,Sienna,1,1,1
08-04-2026,10-07723A,"Snorkel, L2.1 LFP DC ESS",2,MTS,Each,Part,In Design,,2.1 LFP Block,90-08373A,"Battery Block with Wall Bracket, LFP, L2.1",Qualitel,4,1,0
08-04-2026,10-07558A,"Product label, LFP DC BB",1,OTS,Each,Part,In Production,A//ACE Battery,2.0 LFP - EVT with cover,90-06948C,LFP Battery Block with ESS Cover and Wall Bracket,Qualitel,4,1,0
08-04-2026,10-07558A,"Product label, LFP DC BB",1,OTS,Each,Part,In Production,A//ACE Battery,2.0 LFP - EVT without cover,90-07675A,LFP Battery Block with Wall Bracket,Qualitel,4,1,0
08-04-2026,90-06801A,"Bridge, Type B, Boxed, Lunar Blue",1,MTS,Each,Top Level Assembly,In Production,,Bridge,90-06801A,"Bridge, Type B, Boxed, Lunar Blue",Sienna,1,1,0
08-04-2026,10-000657,RES SMD 750 OHM 1% 1/16W 0402 AEC-Q,1,OTS,Each,Electrical Components,In Production,,Terminal PCBA (TRM),10-06103C,"PCBA, Terminal Board, Type C, Coated",Qualitel,1,9,9
08-04-2026,10-000657,RES SMD 750 OHM 1% 1/16W 0402 AEC-Q,1,OTS,Each,Electrical Components,In Production,,MSAC,90-06700A,"MSA Controller, Boxed",Qualitel,1,4,4
08-04-2026,10-000657,RES SMD 750 OHM 1% 1/16W 0402 AEC-Q,1,OTS,Each,Electrical Components,In Production,,Bridge,90-06801A,"Bridge, Type B, Boxed, Lunar Blue",Sienna,1,2,2
08-04-2026,10-000657,RES SMD 750 OHM 1% 1/16W 0402 AEC-Q,1,OTS,Each,Electrical Components,In Production,,9.6 KW Inverter,90-06889C,"Inverter 9.6kW with Cover and Brackets, Boxed, Lunar Blue",Sienna,1,9,9
08-04-2026,10-000657,RES SMD 750 OHM 1% 1/16W 0402 AEC-Q,1,OTS,Each,Electrical Components,In Production,,11 KW Inverter,90-08096A,"Lunar 3 Inverter, Boxed",TBD,1,2,2
08-04-2026,10-07405A,"Packaging, Side Pad, LFP Battery Block with Cover and WB",1,OTS,Each,Part,In Production,A//Veritiv Operating Company,2.0 LFP - EVT with cover,90-06948C,LFP Battery Block with ESS Cover and Wall Bracket,Qualitel,4,1,0
08-04-2026,10-002194,"Core Module, Bridge",10,MTS,Each,Part,In Production,,Bridge,90-06801A,"Bridge, Type B, Boxed, Lunar Blue",Sienna,1,1,0
08-04-2026,10-07373A,"VOLTAGE TEMPERATURE SENSE HARNESS, B, WHITE",1,OTS,Each,Part,In Production,A//ACE Battery,2.0 LFP - EVT with cover,90-06948C,LFP Battery Block with ESS Cover and Wall Bracket,Qualitel,4,1,0
08-04-2026,10-07373A,"VOLTAGE TEMPERATURE SENSE HARNESS, B, WHITE",1,OTS,Each,Part,In Production,A//ACE Battery,2.0 LFP - EVT without cover,90-07675A,LFP Battery Block with Wall Bracket,Qualitel,4,1,0
08-04-2026,10-003590,"Washer, Flat, M4, Plastic",1,OTS,Each,Part,In Production,"A//Bossard, Inc.",PV Hub,90-004034,"Maximizer Hub, Boxed",Sienna,1,2,2
08-04-2026,10-003056,Inductor 150uH 4A peak high voltage rated Custom,1,OTS,Each,Electrical Components,In Production,,PV Hub,90-004034,"Maximizer Hub, Boxed",Sienna,1,1,1
08-04-2026,10-004838,Inductor Power Shielded Wirewound 1500uH 20% 100KHz Ferrite 0.52A 2.2Ohm DCR T/R,1,OTS,Each,Electrical Components,In Production,,PV Hub,90-004034,"Maximizer Hub, Boxed",Sienna,1,4,4
08-04-2026,10-002232,"Bus Bar, Ground, Bridge",6,MTS,Each,Part,In Production,A//Avalon,Bridge,90-06801A,"Bridge, Type B, Boxed, Lunar Blue",Sienna,1,1,1
08-04-2026,10-002178,"Clinch Stud, M5x15, Steel with Zinc",2,MTS,Each,Part,In Production,A//Penn Engineering,2.1 LFP Block,90-08373A,"Battery Block with Wall Bracket, LFP, L2.1",Qualitel,4,6,0
08-04-2026,10-002036,ULTRA THIN BLUE SMD LED,1,OTS,Each,Electrical Components,In Production,,MSAC,90-06700A,"MSA Controller, Boxed",Qualitel,1,2,2
08-04-2026,10-002036,ULTRA THIN BLUE SMD LED,1,OTS,Each,Electrical Components,In Production,,Bridge,90-06801A,"Bridge, Type B, Boxed, Lunar Blue",Sienna,1,1,1
08-04-2026,10-005332,"STAINLESS STEEL, 316, ASTM A276",1,OTS,Gram,Part,In Production,,HW Kit,90-001223,"20kWh Hardware Kit, Lunar Blue",Sienna,1,26,0
08-04-2026,10-005332,"STAINLESS STEEL, 316, ASTM A276",1,OTS,Gram,Part,In Production,,LFP HW Kit,90-07290A,20kWh LFP ESS Hardware Kit,Sienna,1,26,0
08-04-2026,10-004311,Aluminum ADC12 (A383) ASTM B85/B85M-18,1,OTS,Gram,Part,In Production,,9.6 KW Inverter,90-06889C,"Inverter 9.6kW with Cover and Brackets, Boxed, Lunar Blue",Sienna,1,3452,0
08-04-2026,10-004311,Aluminum ADC12 (A383) ASTM B85/B85M-18,1,OTS,Gram,Part,In Production,,2.0 LFP - EVT with cover,90-06948C,LFP Battery Block with ESS Cover and Wall Bracket,Qualitel,4,604,0
08-04-2026,10-004311,Aluminum ADC12 (A383) ASTM B85/B85M-18,1,OTS,Gram,Part,In Production,,2.0 LFP - EVT without cover,90-07675A,LFP Battery Block with Wall Bracket,Qualitel,4,604,0
08-04-2026,10-002093,"Heat Shrink,3:1,3.3 mm ID Pre-Shrink,1 mm THK,UL224,Moisture Resistant",1,OTS,Millimeter,Part,In Production,,9.6 KW Inverter,90-06889C,"Inverter 9.6kW with Cover and Brackets, Boxed, Lunar Blue",Sienna,1,45,0
08-04-2026,10-002955,"TPE, Shore 40A, Nylon Bonding",1,OTS,Gram,Part,In Production,A//Avient,9.6 KW Inverter,90-06889C,"Inverter 9.6kW with Cover and Brackets, Boxed, Lunar Blue",Sienna,1,49,0
08-04-2026,10-004163,FUSE BRD MNT 500MA 125VAC 63VDC,1,OTS,Each,Electrical Components,In Production,,11 KW Inverter,90-08096A,"Lunar 3 Inverter, Boxed",TBD,1,2,2
08-04-2026,10-001602,RES SMD 115K OHM 1% 1/10W 0603,01,OTS,Each,Electrical Components,In Production,,2.0 LFP - EVT with cover,90-06948C,LFP Battery Block with ESS Cover and Wall Bracket,Qualitel,4,1,1
08-04-2026,10-001602,RES SMD 115K OHM 1% 1/10W 0603,01,OTS,Each,Electrical Components,In Production,,2.0 LFP - EVT without cover,90-07675A,LFP Battery Block with Wall Bracket,Qualitel,4,1,0
08-04-2026,10-001602,RES SMD 115K OHM 1% 1/10W 0603,01,OTS,Each,Electrical Components,In Production,,2.1 LFP Block,90-08373A,"Battery Block with Wall Bracket, LFP, L2.1",Qualitel,4,1,1
08-04-2026,10-006579,IND 470NH 4.4A 39 MOHM SMD 1008 (2520 Metric),1,OTS,Each,Electrical Components,In Design,,11 KW Inverter,90-08096A,"Lunar 3 Inverter, Boxed",TBD,1,1,1
08-04-2026,10-07029A,"Label, Compliance, MSA Controller",2,MTS,Each,Part,In Production,A//Stephen Gould,MSAC,90-06700A,"MSA Controller, Boxed",Qualitel,1,1,1
08-04-2026,10-006203,DIODE GEN PURP 1.2KV 1A SMA,1,OTS,Each,Electrical Components,In Design,,11 KW Inverter,90-08096A,"Lunar 3 Inverter, Boxed",TBD,1,1,1
08-04-2026,10-003721,"Lifting Tool, Lunar 1",9,MTS,Each,Part,In Production,,Lifting Tool,90-005336,"Lifting Tool, Boxed",Sienna,1,2,0
08-04-2026,10-07337A,CAP CER 1000PF 25V C0G/NP0 0402,1,OTS,Each,Electrical Components,In Planning,,Max 2.0 PCBA,30-07320F,Maximizer 2.0 PCBA,TBD,20,3,3
08-04-2026,10-07346A,CAP CER 0.1UF 450V X7T 1206,1,OTS,Each,Electrical Components,In Planning,,2.1 LFP Block,90-08373A,"Battery Block with Wall Bracket, LFP, L2.1",Qualitel,4,10,10
08-04-2026,10-003941,CAP CER 1UF 25V X7R 0603 AEC-Q,1,OTS,Each,Electrical Components,Sunset - Phase Out,,Power PCBA (IPC),10-06105C,"PCBA, Power Board, Type C, Coated",Qualitel,1,2,2
08-04-2026,10-003941,CAP CER 1UF 25V X7R 0603 AEC-Q,1,OTS,Each,Electrical Components,Sunset - Phase Out,,9.6 KW Inverter,90-06889C,"Inverter 9.6kW with Cover and Brackets, Boxed, Lunar Blue",Sienna,1,2,2
08-04-2026,10-003941,CAP CER 1UF 25V X7R 0603 AEC-Q,1,OTS,Each,Electrical Components,Sunset - Phase Out,,11 KW Inverter,90-08096A,"Lunar 3 Inverter, Boxed",TBD,1,3,3
08-04-2026,10-000685,RES SMD 20 OHM 1% 1/10W 0402 AEC-Q,1,OTS,Each,Electrical Components,In Production,,Terminal PCBA (TRM),10-06103C,"PCBA, Terminal Board, Type C, Coated",Qualitel,1,1,1
08-04-2026,10-000685,RES SMD 20 OHM 1% 1/10W 0402 AEC-Q,1,OTS,Each,Electrical Components,In Production,,PV Hub,90-004034,"Maximizer Hub, Boxed",Sienna,1,1,1
08-04-2026,10-000685,RES SMD 20 OHM 1% 1/10W 0402 AEC-Q,1,OTS,Each,Electrical Components,In Production,,MSAC,90-06700A,"MSA Controller, Boxed",Qualitel,1,2,2
08-04-2026,10-000685,RES SMD 20 OHM 1% 1/10W 0402 AEC-Q,1,OTS,Each,Electrical Components,In Production,,Bridge,90-06801A,"Bridge, Type B, Boxed, Lunar Blue",Sienna,1,1,1
08-04-2026,10-000685,RES SMD 20 OHM 1% 1/10W 0402 AEC-Q,1,OTS,Each,Electrical Components,In Production,,9.6 KW Inverter,90-06889C,"Inverter 9.6kW with Cover and Brackets, Boxed, Lunar Blue",Sienna,1,1,1
08-04-2026,10-000685,RES SMD 20 OHM 1% 1/10W 0402 AEC-Q,1,OTS,Each,Electrical Components,In Production,,11 KW Inverter,90-08096A,"Lunar 3 Inverter, Boxed",TBD,1,27,27
08-04-2026,10-06827D,"Mechanical Assy, PCBA, Type D, Maximizer",2,MTS,Each,Assembly,In Design,,Maximizer Box,90-06831D,"Maximizer, Boxed",Sienna,1,20,0
08-04-2026,10-006799,IC REG LINEAR 5V 150MA SOT23-5,1,OTS,Each,Electrical Components,In Design,,2.1 LFP Block,90-08373A,"Battery Block with Wall Bracket, LFP, L2.1",Qualitel,4,1,1
08-04-2026,10-006779,CONN SCREW TERMINAL BRACKET M4 4 PIN D,1,OTS,Each,Electrical Components,Sunset - Phase Out,,11 KW Inverter,90-08096A,"Lunar 3 Inverter, Boxed",TBD,1,6,6
08-04-2026,10-006790,IC TRANSCEIVER HALF 1/1 8SOIC AEC-Q,1,OTS,Each,Electrical Components,In Design,,11 KW Inverter,90-08096A,"Lunar 3 Inverter, Boxed",TBD,1,6,6
08-04-2026,10-006790,IC TRANSCEIVER HALF 1/1 8SOIC AEC-Q,1,OTS,Each,Electrical Components,In Design,,2.1 LFP Block,90-08373A,"Battery Block with Wall Bracket, LFP, L2.1",Qualitel,4,1,1
08-04-2026,10-07274A,"Label Base, Removable, Polypropylene",1,OTS,Millimeter Square,Part,In Production,,MSAC,90-06700A,"MSA Controller, Boxed",Qualitel,1,9870,0
08-04-2026,10-006768,IC ELECTRONIC FUSE 5% 16HTSSOP,1,OTS,Each,Electrical Components,In Production,,11 KW Inverter,90-08096A,"Lunar 3 Inverter, Boxed",TBD,1,4,4
08-04-2026,10-07082A,"Connector, Plug, Amphenol, 8 POS, IP67, Key B, E-Seal",1,OTS,Each,Part,In Production,,HW Kit,90-001223,"20kWh Hardware Kit, Lunar Blue",Sienna,1,4,0
08-04-2026,10-07082A,"Connector, Plug, Amphenol, 8 POS, IP67, Key B, E-Seal",1,OTS,Each,Part,In Production,,LFP HW Kit,90-07290A,20kWh LFP ESS Hardware Kit,Sienna,1,4,0
08-04-2026,10-07132A,DIODE ZENER 22V 5W DO214AA,1,OTS,Each,Electrical Components,In Production,,Terminal PCBA (TRM),10-06103C,"PCBA, Terminal Board, Type C, Coated",Qualitel,1,1,1
08-04-2026,10-07132A,DIODE ZENER 22V 5W DO214AA,1,OTS,Each,Electrical Components,In Production,,9.6 KW Inverter,90-06889C,"Inverter 9.6kW with Cover and Brackets, Boxed, Lunar Blue",Sienna,1,1,1
08-04-2026,10-07206A,MOSFET N-CH 80V 120A D2PAK,1,OTS,Each,Electrical Components,In Planning,,2.1 LFP Block,90-08373A,"Battery Block with Wall Bracket, LFP, L2.1",Qualitel,4,3,3
08-04-2026,10-005037,"Enclosure, Power Module, Inverter, D",6,MTS,Each,Part,In Production,A//MyHeatSinks,9.6 KW Inverter,90-06889C,"Inverter 9.6kW with Cover and Brackets, Boxed, Lunar Blue",Sienna,1,1,1
08-04-2026,10-06740A,"Frame, Front Door, Inverter",2,MTS,Each,Part,In Production,A//JPOND,9.6 KW Inverter,90-06889C,"Inverter 9.6kW with Cover and Brackets, Boxed, Lunar Blue",Sienna,1,1,0
08-04-2026,10-07001A,"Front Door, Shielded, Inverter, Type 2",1,MTS,Each,Part,In Production,A//JPOND,9.6 KW Inverter,90-06889C,"Inverter 9.6kW with Cover and Brackets, Boxed, Lunar Blue",Sienna,1,1,1
08-04-2026,10-005762,"Inverter Packaging, Box",2,MTS,Each,Part,In Production,A//Veritiv Operating Company,9.6 KW Inverter,90-06889C,"Inverter 9.6kW with Cover and Brackets, Boxed, Lunar Blue",Sienna,1,1,1
08-04-2026,10-006721,IC OFFLINE SWITCH FLYBACK 7-SOIC,1,OTS,Each,Electrical Components,In Design,,11 KW Inverter,90-08096A,"Lunar 3 Inverter, Boxed",TBD,1,2,2
08-04-2026,10-006741,DIODE STANDARD 800V 1A SMA,1,OTS,Each,Electrical Components,In Design,,11 KW Inverter,90-08096A,"Lunar 3 Inverter, Boxed",TBD,1,1,1
08-04-2026,10-006640,CAP CER 1000PF 1KV X7R 1206,1,OTS,Each,Electrical Components,In Production,,2.0 LFP - EVT with cover,90-06948C,LFP Battery Block with ESS Cover and Wall Bracket,Qualitel,4,4,4
08-04-2026,10-006640,CAP CER 1000PF 1KV X7R 1206,1,OTS,Each,Electrical Components,In Production,,2.0 LFP - EVT without cover,90-07675A,LFP Battery Block with Wall Bracket,Qualitel,4,4,0
08-04-2026,10-006640,CAP CER 1000PF 1KV X7R 1206,1,OTS,Each,Electrical Components,In Production,,2.1 LFP Block,90-08373A,"Battery Block with Wall Bracket, LFP, L2.1",Qualitel,4,4,4
08-04-2026,10-07026A,CAP CER 10UF 25V X7R 0805,1,OTS,Each,Electrical Components,In Design,,2.1 LFP Block,90-08373A,"Battery Block with Wall Bracket, LFP, L2.1",Qualitel,4,15,15
08-04-2026,10-001662,CAP CER 27PF 1KV C0G/NP0 1206,1,OTS,Each,Electrical Components,In Production,,PV Hub,90-004034,"Maximizer Hub, Boxed",Sienna,1,1,1
08-04-2026,10-005019,Res Thick Film 0603 4.7K Ohm 1% 0.1W(1/10W) ±100ppm/°C Pad SMD T/R,1,OTS,Each,Electrical Components,In Production,,Power PCBA (IPC),10-06105C,"PCBA, Power Board, Type C, Coated",Qualitel,1,3,3
08-04-2026,10-005019,Res Thick Film 0603 4.7K Ohm 1% 0.1W(1/10W) ±100ppm/°C Pad SMD T/R,1,OTS,Each,Electrical Components,In Production,,9.6 KW Inverter,90-06889C,"Inverter 9.6kW with Cover and Brackets, Boxed, Lunar Blue",Sienna,1,3,3
08-04-2026,10-005019,Res Thick Film 0603 4.7K Ohm 1% 0.1W(1/10W) ±100ppm/°C Pad SMD T/R,1,OTS,Each,Electrical Components,In Production,,2.1 LFP Block,90-08373A,"Battery Block with Wall Bracket, LFP, L2.1",Qualitel,4,1,1
08-04-2026,10-005012,Res Thin Film 1206 5.1 Ohm 0.5% 0.25W(1/4W) ±25ppm/°C Pad SMD T/R,1,OTS,Each,Electrical Components,In Production,,Power PCBA (IPC),10-06105C,"PCBA, Power Board, Type C, Coated",Qualitel,1,6,6
08-04-2026,10-005012,Res Thin Film 1206 5.1 Ohm 0.5% 0.25W(1/4W) ±25ppm/°C Pad SMD T/R,1,OTS,Each,Electrical Components,In Production,,9.6 KW Inverter,90-06889C,"Inverter 9.6kW with Cover and Brackets, Boxed, Lunar Blue",Sienna,1,6,6
08-04-2026,10-004990,Diode Schottky 40V 0.12A 2-Pin SOD-323 T/R,1,OTS,Each,Electrical Components,Sunset - Phase Out,,PV Hub,90-004034,"Maximizer Hub, Boxed",Sienna,1,1,1
08-04-2026,10-004990,Diode Schottky 40V 0.12A 2-Pin SOD-323 T/R,1,OTS,Each,Electrical Components,Sunset - Phase Out,,MSAC,90-06700A,"MSA Controller, Boxed",Qualitel,1,2,2
08-04-2026,10-004736,RES 100K OHM 0.5% 1/2W 0805 AEC-Q,2,OTS,Each,Electrical Components,Sunset - Phase Out,,2.0 LFP - EVT with cover,90-06948C,LFP Battery Block with ESS Cover and Wall Bracket,Qualitel,4,4,4
08-04-2026,10-004736,RES 100K OHM 0.5% 1/2W 0805 AEC-Q,2,OTS,Each,Electrical Components,Sunset - Phase Out,,2.0 LFP - EVT without cover,90-07675A,LFP Battery Block with Wall Bracket,Qualitel,4,4,0
08-04-2026,10-004736,RES 100K OHM 0.5% 1/2W 0805 AEC-Q,2,OTS,Each,Electrical Components,Sunset - Phase Out,,2.1 LFP Block,90-08373A,"Battery Block with Wall Bracket, LFP, L2.1",Qualitel,4,4,4
08-04-2026,10-003833,CAP CER 4.7UF 16V X7R 0603,1,OTS,Each,Electrical Components,In Production,,Terminal PCBA (TRM),10-06103C,"PCBA, Terminal Board, Type C, Coated",Qualitel,1,3,3
08-04-2026,10-003833,CAP CER 4.7UF 16V X7R 0603,1,OTS,Each,Electrical Components,In Production,,Link,30-07519A,Lunar Link PCBA,Sienna,1,3,3
08-04-2026,10-003833,CAP CER 4.7UF 16V X7R 0603,1,OTS,Each,Electrical Components,In Production,,PV Hub,90-004034,"Maximizer Hub, Boxed",Sienna,1,3,3
08-04-2026,10-003833,CAP CER 4.7UF 16V X7R 0603,1,OTS,Each,Electrical Components,In Production,,Bridge,90-06801A,"Bridge, Type B, Boxed, Lunar Blue",Sienna,1,3,3
08-04-2026,10-003833,CAP CER 4.7UF 16V X7R 0603,1,OTS,Each,Electrical Components,In Production,,9.6 KW Inverter,90-06889C,"Inverter 9.6kW with Cover and Brackets, Boxed, Lunar Blue",Sienna,1,3,3
08-04-2026,10-003805,"Wire Harness, CAN Jumper, Bridge",3,MTS,Each,Part,In Production,A//Avalon,Bridge,90-06801A,"Bridge, Type B, Boxed, Lunar Blue",Sienna,1,1,1
08-04-2026,10-004443,"Screw, 1/4-28x3/8, Slot-Square 2R, Steel, Zinc-Plated",3,OTS,Each,Part,In Production,A//Unisteel,9.6 KW Inverter,90-06889C,"Inverter 9.6kW with Cover and Brackets, Boxed, Lunar Blue",Sienna,1,4,4
08-04-2026,10-004443,"Screw, 1/4-28x3/8, Slot-Square 2R, Steel, Zinc-Plated",3,OTS,Each,Part,In Production,A//Unisteel,11 KW Inverter,90-08096A,"Lunar 3 Inverter, Boxed",TBD,1,4,4
08-04-2026,10-003929,"Wire Harness,Inverter,Blowers/Ambient T/LED/Motion",3,MTS,Each,Part,In Production,A//Avalon,9.6 KW Inverter,90-06889C,"Inverter 9.6kW with Cover and Brackets, Boxed, Lunar Blue",Sienna,1,1,1
08-04-2026,10-003467,RES 100 OHM 1% 1/10W 0603 AEC-Q,2,OTS,Each,Electrical Components,Sunset - Phase Out,,Terminal PCBA (TRM),10-06103C,"PCBA, Terminal Board, Type C, Coated",Qualitel,1,1,1
08-04-2026,10-003467,RES 100 OHM 1% 1/10W 0603 AEC-Q,2,OTS,Each,Electrical Components,Sunset - Phase Out,,9.6 KW Inverter,90-06889C,"Inverter 9.6kW with Cover and Brackets, Boxed, Lunar Blue",Sienna,1,1,1
08-04-2026,10-003467,RES 100 OHM 1% 1/10W 0603 AEC-Q,2,OTS,Each,Electrical Components,Sunset - Phase Out,,2.0 LFP - EVT with cover,90-06948C,LFP Battery Block with ESS Cover and Wall Bracket,Qualitel,4,17,17
08-04-2026,10-003467,RES 100 OHM 1% 1/10W 0603 AEC-Q,2,OTS,Each,Electrical Components,Sunset - Phase Out,,2.0 LFP - EVT without cover,90-07675A,LFP Battery Block with Wall Bracket,Qualitel,4,17,0
08-04-2026,10-003467,RES 100 OHM 1% 1/10W 0603 AEC-Q,2,OTS,Each,Electrical Components,Sunset - Phase Out,,11 KW Inverter,90-08096A,"Lunar 3 Inverter, Boxed",TBD,1,1,1
08-04-2026,10-003133,"Overmolding Gasket, Antenna Pass Thru",1,MTS,Each,Part,In Production,A//Boyd Corporation,9.6 KW Inverter,90-06889C,"Inverter 9.6kW with Cover and Brackets, Boxed, Lunar Blue",Sienna,1,2,2
08-04-2026,10-002532,CAP CER 0.1UF 10V X7S 0201,1,OTS,Each,Electrical Components,In Production,,Maximizer Box,90-06831D,"Maximizer, Boxed",Sienna,1,20,20
08-04-2026,10-002532,CAP CER 0.1UF 10V X7S 0201,1,OTS,Each,Electrical Components,In Production,,9.6 KW Inverter,90-06889C,"Inverter 9.6kW with Cover and Brackets, Boxed, Lunar Blue",Sienna,1,32,32
08-04-2026,10-002532,CAP CER 0.1UF 10V X7S 0201,1,OTS,Each,Electrical Components,In Production,,11 KW Inverter,90-08096A,"Lunar 3 Inverter, Boxed",TBD,1,66,66
08-04-2026,10-002375,CAP CER 0.1UF 250V X7R 1206,1,OTS,Each,Electrical Components,In Production,,2.0 LFP - EVT with cover,90-06948C,LFP Battery Block with ESS Cover and Wall Bracket,Qualitel,4,8,8
08-04-2026,10-002375,CAP CER 0.1UF 250V X7R 1206,1,OTS,Each,Electrical Components,In Production,,2.0 LFP - EVT without cover,90-07675A,LFP Battery Block with Wall Bracket,Qualitel,4,8,0
08-04-2026,10-002375,CAP CER 0.1UF 250V X7R 1206,1,OTS,Each,Electrical Components,In Production,,2.1 LFP Block,90-08373A,"Battery Block with Wall Bracket, LFP, L2.1",Qualitel,4,8,8
08-04-2026,10-002300,CAP CER 6800PF 50V C0G 0603 AEC-Q,1,OTS,Each,Electrical Components,Sunset - Phase Out,,Power PCBA (IPC),10-06105C,"PCBA, Power Board, Type C, Coated",Qualitel,1,8,8
08-04-2026,10-002300,CAP CER 6800PF 50V C0G 0603 AEC-Q,1,OTS,Each,Electrical Components,Sunset - Phase Out,,9.6 KW Inverter,90-06889C,"Inverter 9.6kW with Cover and Brackets, Boxed, Lunar Blue",Sienna,1,8,8
08-04-2026,10-002300,CAP CER 6800PF 50V C0G 0603 AEC-Q,1,OTS,Each,Electrical Components,Sunset - Phase Out,,2.0 LFP - EVT with cover,90-06948C,LFP Battery Block with ESS Cover and Wall Bracket,Qualitel,4,3,3
08-04-2026,10-002300,CAP CER 6800PF 50V C0G 0603 AEC-Q,1,OTS,Each,Electrical Components,Sunset - Phase Out,,2.0 LFP - EVT without cover,90-07675A,LFP Battery Block with Wall Bracket,Qualitel,4,3,0
08-04-2026,10-002286,RES SMD 499K OHM 1% 1/4W 1206,1,OTS,Each,Electrical Components,In Production,,11 KW Inverter,90-08096A,"Lunar 3 Inverter, Boxed",TBD,1,10,10
08-04-2026,10-001721,CAP CER 2.2UF 16V X7S 0603 AEC-Q,1,OTS,Each,Electrical Components,Sunset - Phase Out,,Terminal PCBA (TRM),10-06103C,"PCBA, Terminal Board, Type C, Coated",Qualitel,1,2,2
08-04-2026,10-001721,CAP CER 2.2UF 16V X7S 0603 AEC-Q,1,OTS,Each,Electrical Components,Sunset - Phase Out,,Power PCBA (IPC),10-06105C,"PCBA, Power Board, Type C, Coated",Qualitel,1,31,31
08-04-2026,10-001721,CAP CER 2.2UF 16V X7S 0603 AEC-Q,1,OTS,Each,Electrical Components,Sunset - Phase Out,,MSAC,90-06700A,"MSA Controller, Boxed",Qualitel,1,1,1
08-04-2026,10-001721,CAP CER 2.2UF 16V X7S 0603 AEC-Q,1,OTS,Each,Electrical Components,Sunset - Phase Out,,9.6 KW Inverter,90-06889C,"Inverter 9.6kW with Cover and Brackets, Boxed, Lunar Blue",Sienna,1,33,33
08-04-2026,10-001721,CAP CER 2.2UF 16V X7S 0603 AEC-Q,1,OTS,Each,Electrical Components,Sunset - Phase Out,,2.0 LFP - EVT with cover,90-06948C,LFP Battery Block with ESS Cover and Wall Bracket,Qualitel,4,3,3
08-04-2026,10-001721,CAP CER 2.2UF 16V X7S 0603 AEC-Q,1,OTS,Each,Electrical Components,Sunset - Phase Out,,2.0 LFP - EVT without cover,90-07675A,LFP Battery Block with Wall Bracket,Qualitel,4,3,0
08-04-2026,10-002195,"Relay Assembly, Bridge",6,OTS,Each,Part,In Production,A//KG-Technologies Inc.,Bridge,90-06801A,"Bridge, Type B, Boxed, Lunar Blue",Sienna,1,1,1
08-04-2026,10-001688,RES SMD 1 OHM 5% 1/2W 1210,2,OTS,Each,Electrical Components,Sunset - Phase Out,,Power PCBA (IPC),10-06105C,"PCBA, Power Board, Type C, Coated",Qualitel,1,5,5
08-04-2026,10-001688,RES SMD 1 OHM 5% 1/2W 1210,2,OTS,Each,Electrical Components,Sunset - Phase Out,,9.6 KW Inverter,90-06889C,"Inverter 9.6kW with Cover and Brackets, Boxed, Lunar Blue",Sienna,1,5,5
08-04-2026,10-001663,CAP CER 47UF 6.3V X7R 1210 AEC-Q,2,OTS,Each,Electrical Components,Sunset - Phase Out,,9.6 KW Inverter,90-06889C,"Inverter 9.6kW with Cover and Brackets, Boxed, Lunar Blue",Sienna,1,4,4
08-04-2026,10-001663,CAP CER 47UF 6.3V X7R 1210 AEC-Q,2,OTS,Each,Electrical Components,Sunset - Phase Out,,2.0 LFP - EVT with cover,90-06948C,LFP Battery Block with ESS Cover and Wall Bracket,Qualitel,4,2,2
08-04-2026,10-001663,CAP CER 47UF 6.3V X7R 1210 AEC-Q,2,OTS,Each,Electrical Components,Sunset - Phase Out,,2.0 LFP - EVT without cover,90-07675A,LFP Battery Block with Wall Bracket,Qualitel,4,2,0
08-04-2026,10-001663,CAP CER 47UF 6.3V X7R 1210 AEC-Q,2,OTS,Each,Electrical Components,Sunset - Phase Out,,11 KW Inverter,90-08096A,"Lunar 3 Inverter, Boxed",TBD,1,3,3
08-04-2026,10-001925,"IND FIXED 10UH 1.9A 84.5MOHM SMD 0.315"" L x 0.315"" W (8.00mm x 8.00mm)",2,OTS,Each,Electrical Components,In Production,,9.6 KW Inverter,90-06889C,"Inverter 9.6kW with Cover and Brackets, Boxed, Lunar Blue",Sienna,1,5,5
08-04-2026,10-001763,RES SMD 49.9K OHM 1% 1/4W 1206 AEC-Q,1,OTS,Each,Electrical Components,In Production,,Terminal PCBA (TRM),10-06103C,"PCBA, Terminal Board, Type C, Coated",Qualitel,1,2,2
08-04-2026,10-001763,RES SMD 49.9K OHM 1% 1/4W 1206 AEC-Q,1,OTS,Each,Electrical Components,In Production,,9.6 KW Inverter,90-06889C,"Inverter 9.6kW with Cover and Brackets, Boxed, Lunar Blue",Sienna,1,2,2
08-04-2026,10-001763,RES SMD 49.9K OHM 1% 1/4W 1206 AEC-Q,1,OTS,Each,Electrical Components,In Production,,2.0 LFP - EVT with cover,90-06948C,LFP Battery Block with ESS Cover and Wall Bracket,Qualitel,4,4,4
08-04-2026,10-001763,RES SMD 49.9K OHM 1% 1/4W 1206 AEC-Q,1,OTS,Each,Electrical Components,In Production,,2.0 LFP - EVT without cover,90-07675A,LFP Battery Block with Wall Bracket,Qualitel,4,4,0
08-04-2026,10-001097,RES SMD 100K OHM 5% 1/3W 0603 AEC-Q,1,OTS,Each,Electrical Components,In Production,,Terminal PCBA (TRM),10-06103C,"PCBA, Terminal Board, Type C, Coated",Qualitel,1,1,1
08-04-2026,10-001097,RES SMD 100K OHM 5% 1/3W 0603 AEC-Q,1,OTS,Each,Electrical Components,In Production,,Power PCBA (IPC),10-06105C,"PCBA, Power Board, Type C, Coated",Qualitel,1,3,3
08-04-2026,10-001097,RES SMD 100K OHM 5% 1/3W 0603 AEC-Q,1,OTS,Each,Electrical Components,In Production,,Link,30-07519A,Lunar Link PCBA,Sienna,1,1,1
08-04-2026,10-001097,RES SMD 100K OHM 5% 1/3W 0603 AEC-Q,1,OTS,Each,Electrical Components,In Production,,Maximizer Box,90-06831D,"Maximizer, Boxed",Sienna,1,80,80
08-04-2026,10-001097,RES SMD 100K OHM 5% 1/3W 0603 AEC-Q,1,OTS,Each,Electrical Components,In Production,,9.6 KW Inverter,90-06889C,"Inverter 9.6kW with Cover and Brackets, Boxed, Lunar Blue",Sienna,1,4,4
08-04-2026,10-000677,RES SMD 50 Ohm 1% 50 PPM,1,OTS,Each,Electrical Components,Sunset - Phase Out,,Terminal PCBA (TRM),10-06103C,"PCBA, Terminal Board, Type C, Coated",Qualitel,1,2,2
08-04-2026,10-000677,RES SMD 50 Ohm 1% 50 PPM,1,OTS,Each,Electrical Components,Sunset - Phase Out,,PV Hub,90-004034,"Maximizer Hub, Boxed",Sienna,1,2,2
08-04-2026,10-000677,RES SMD 50 Ohm 1% 50 PPM,1,OTS,Each,Electrical Components,Sunset - Phase Out,,Bridge,90-06801A,"Bridge, Type B, Boxed, Lunar Blue",Sienna,1,2,2
08-04-2026,10-000677,RES SMD 50 Ohm 1% 50 PPM,1,OTS,Each,Electrical Components,Sunset - Phase Out,,9.6 KW Inverter,90-06889C,"Inverter 9.6kW with Cover and Brackets, Boxed, Lunar Blue",Sienna,1,2,2
08-04-2026,10-000669,CAP CER 22UF 25V X7R 1812 ASEC-Q,1,OTS,Each,Electrical Components,Sunset - Phase Out,,Terminal PCBA (TRM),10-06103C,"PCBA, Terminal Board, Type C, Coated",Qualitel,1,2,2
08-04-2026,10-000669,CAP CER 22UF 25V X7R 1812 ASEC-Q,1,OTS,Each,Electrical Components,Sunset - Phase Out,,PV Hub,90-004034,"Maximizer Hub, Boxed",Sienna,1,2,2
08-04-2026,10-000669,CAP CER 22UF 25V X7R 1812 ASEC-Q,1,OTS,Each,Electrical Components,Sunset - Phase Out,,Bridge,90-06801A,"Bridge, Type B, Boxed, Lunar Blue",Sienna,1,2,2
08-04-2026,10-000669,CAP CER 22UF 25V X7R 1812 ASEC-Q,1,OTS,Each,Electrical Components,Sunset - Phase Out,,9.6 KW Inverter,90-06889C,"Inverter 9.6kW with Cover and Brackets, Boxed, Lunar Blue",Sienna,1,2,2
08-04-2026,10-000635,CAP CER 10UF 35V X7R 1206 AEC-Q,2,OTS,Each,Electrical Components,Sunset - Phase Out,,Terminal PCBA (TRM),10-06103C,"PCBA, Terminal Board, Type C, Coated",Qualitel,1,5,5
08-04-2026,10-000635,CAP CER 10UF 35V X7R 1206 AEC-Q,2,OTS,Each,Electrical Components,Sunset - Phase Out,,Power PCBA (IPC),10-06105C,"PCBA, Power Board, Type C, Coated",Qualitel,1,16,16
08-04-2026,10-000635,CAP CER 10UF 35V X7R 1206 AEC-Q,2,OTS,Each,Electrical Components,Sunset - Phase Out,,PV Hub,90-004034,"Maximizer Hub, Boxed",Sienna,1,26,26
08-04-2026,10-000635,CAP CER 10UF 35V X7R 1206 AEC-Q,2,OTS,Each,Electrical Components,Sunset - Phase Out,,Bridge,90-06801A,"Bridge, Type B, Boxed, Lunar Blue",Sienna,1,3,3
08-04-2026,10-000635,CAP CER 10UF 35V X7R 1206 AEC-Q,2,OTS,Each,Electrical Components,Sunset - Phase Out,,9.6 KW Inverter,90-06889C,"Inverter 9.6kW with Cover and Brackets, Boxed, Lunar Blue",Sienna,1,21,21
08-04-2026,10-001137,RES 0 OHM JUMPER 0603 SMD AEC-Q,1,OTS,Each,Electrical Components,In Production,,Power PCBA (IPC),10-06105C,"PCBA, Power Board, Type C, Coated",Qualitel,1,17,17
08-04-2026,10-001137,RES 0 OHM JUMPER 0603 SMD AEC-Q,1,OTS,Each,Electrical Components,In Production,,MSAC,90-06700A,"MSA Controller, Boxed",Qualitel,1,12,12
08-04-2026,10-001137,RES 0 OHM JUMPER 0603 SMD AEC-Q,1,OTS,Each,Electrical Components,In Production,,9.6 KW Inverter,90-06889C,"Inverter 9.6kW with Cover and Brackets, Boxed, Lunar Blue",Sienna,1,17,17
08-04-2026,10-001137,RES 0 OHM JUMPER 0603 SMD AEC-Q,1,OTS,Each,Electrical Components,In Production,,2.0 LFP - EVT with cover,90-06948C,LFP Battery Block with ESS Cover and Wall Bracket,Qualitel,4,10,10
08-04-2026,10-001137,RES 0 OHM JUMPER 0603 SMD AEC-Q,1,OTS,Each,Electrical Components,In Production,,2.0 LFP - EVT without cover,90-07675A,LFP Battery Block with Wall Bracket,Qualitel,4,10,0
08-04-2026,10-000552,RES SMD 10K OHM 1% 1/16W 0402 AEC-Q,1,OTS,Each,Electrical Components,In Production,,Terminal PCBA (TRM),10-06103C,"PCBA, Terminal Board, Type C, Coated",Qualitel,1,33,33
08-04-2026,10-000552,RES SMD 10K OHM 1% 1/16W 0402 AEC-Q,1,OTS,Each,Electrical Components,In Production,,Link,30-07519A,Lunar Link PCBA,Sienna,1,43,43
08-04-2026,10-000552,RES SMD 10K OHM 1% 1/16W 0402 AEC-Q,1,OTS,Each,Electrical Components,In Production,,PV Hub,90-004034,"Maximizer Hub, Boxed",Sienna,1,11,11
08-04-2026,10-000552,RES SMD 10K OHM 1% 1/16W 0402 AEC-Q,1,OTS,Each,Electrical Components,In Production,,Bridge,90-06801A,"Bridge, Type B, Boxed, Lunar Blue",Sienna,1,28,28
08-04-2026,10-000552,RES SMD 10K OHM 1% 1/16W 0402 AEC-Q,1,OTS,Each,Electrical Components,In Production,,9.6 KW Inverter,90-06889C,"Inverter 9.6kW with Cover and Brackets, Boxed, Lunar Blue",Sienna,1,72,72
08-04-2026,10-000552,RES SMD 10K OHM 1% 1/16W 0402 AEC-Q,1,OTS,Each,Electrical Components,In Production,,11 KW Inverter,90-08096A,"Lunar 3 Inverter, Boxed",TBD,1,59,59
08-04-2026,20-002996,"PCB, PV Hub",7,MTS,Each,PCB,In Production,"A//Sunshine PCB Group, A//Sunshine PCB Group",PV Hub,90-004034,"Maximizer Hub, Boxed",Sienna,1,1,1
08-04-2026,10-005149,"O-Ring Seal, Inductor Housing 2 to HS, D",1,MTS,Each,Part,In Production,A//Parker Hannifin Corporation,9.6 KW Inverter,90-06889C,"Inverter 9.6kW with Cover and Brackets, Boxed, Lunar Blue",Sienna,1,1,1
08-04-2026,10-003248,RES 2K OHM 1% 1/10W 0402 AEC-Q,1,OTS,Each,Electrical Components,In Production,,Terminal PCBA (TRM),10-06103C,"PCBA, Terminal Board, Type C, Coated",Qualitel,1,2,2
08-04-2026,10-003248,RES 2K OHM 1% 1/10W 0402 AEC-Q,1,OTS,Each,Electrical Components,In Production,,MSAC,90-06700A,"MSA Controller, Boxed",Qualitel,1,1,1
08-04-2026,10-003248,RES 2K OHM 1% 1/10W 0402 AEC-Q,1,OTS,Each,Electrical Components,In Production,,9.6 KW Inverter,90-06889C,"Inverter 9.6kW with Cover and Brackets, Boxed, Lunar Blue",Sienna,1,2,2
08-04-2026,10-003551,"ASSY, ENCLOSURE DOOR, BRIDGE, LUNAR BLUE",10,MTS,Each,Part,In Production,"A//Avalon, P//Jabil Green Point",Bridge,90-06801A,"Bridge, Type B, Boxed, Lunar Blue",Sienna,1,1,1
08-04-2026,10-06811A,"Nano-Fit Receptacle Housing, TPA Capable, 2.50mm Pitch, Single Row, 4 Circuits, Natural, Glow-Wire",1,OTS,Each,Part,In Production,,9.6 KW Inverter,90-06889C,"Inverter 9.6kW with Cover and Brackets, Boxed, Lunar Blue",Sienna,1,1,0
08-04-2026,30-005782,"Lunar Bridge Rogowski Coil Pigtail PCBA, Type B",1,MTS,Each,PCBA,In Production,,Bridge,90-06801A,"Bridge, Type B, Boxed, Lunar Blue",Sienna,1,1,0
08-04-2026,10-006691,CAP CER 4700PF 3KV X7R 2220,1,OTS,Each,Electrical Components,In Production,,Power PCBA (IPC),10-06105C,"PCBA, Power Board, Type C, Coated",Qualitel,1,2,2
08-04-2026,10-006691,CAP CER 4700PF 3KV X7R 2220,1,OTS,Each,Electrical Components,In Production,,9.6 KW Inverter,90-06889C,"Inverter 9.6kW with Cover and Brackets, Boxed, Lunar Blue",Sienna,1,2,2
08-04-2026,10-001337,XMC4400F100K512BAXQMA1,1,OTS,Each,Electrical Components,In Production,,Power PCBA (IPC),10-06105C,"PCBA, Power Board, Type C, Coated",Qualitel,1,1,1
08-04-2026,10-001337,XMC4400F100K512BAXQMA1,1,OTS,Each,Electrical Components,In Production,,MSAC,90-06700A,"MSA Controller, Boxed",Qualitel,1,1,1
08-04-2026,10-001337,XMC4400F100K512BAXQMA1,1,OTS,Each,Electrical Components,In Production,,9.6 KW Inverter,90-06889C,"Inverter 9.6kW with Cover and Brackets, Boxed, Lunar Blue",Sienna,1,1,1
08-04-2026,10-005081,"Shield, Trunk Harness Connector, Battery Block",3,MTS,Each,Part,In Production,A//MyHeatSinks,2.0 LFP - EVT with cover,90-06948C,LFP Battery Block with ESS Cover and Wall Bracket,Qualitel,4,1,1
08-04-2026,10-005081,"Shield, Trunk Harness Connector, Battery Block",3,MTS,Each,Part,In Production,A//MyHeatSinks,2.0 LFP - EVT without cover,90-07675A,LFP Battery Block with Wall Bracket,Qualitel,4,1,0
08-04-2026,10-004416,"Foot Bracket, Even, Type 3",4,MTS,Each,Part,In Production,A//JPOND,HW Kit,90-001223,"20kWh Hardware Kit, Lunar Blue",Sienna,1,1,0
08-04-2026,10-004416,"Foot Bracket, Even, Type 3",4,MTS,Each,Part,In Production,A//JPOND,LFP HW Kit,90-07290A,20kWh LFP ESS Hardware Kit,Sienna,1,1,0
08-04-2026,10-06757A,"Wire,24 AWG,19/36,UL 1569, Tinned Copper, Black",1,OTS,Milliliter,Part,In Production,,MSAC,90-06700A,"MSA Controller, Boxed",Qualitel,1,1725,0
08-04-2026,10-001480,"Screw,6-19xPLAST 48/2, 0.5"",BHT T-15,T/F,Steel,ZnNi BC",2,OTS,Each,Part,In Production,A//Pencom,9.6 KW Inverter,90-06889C,"Inverter 9.6kW with Cover and Brackets, Boxed, Lunar Blue",Sienna,1,2,2
08-04-2026,10-001480,"Screw,6-19xPLAST 48/2, 0.5"",BHT T-15,T/F,Steel,ZnNi BC",2,OTS,Each,Part,In Production,A//Pencom,2.0 LFP - EVT with cover,90-06948C,LFP Battery Block with ESS Cover and Wall Bracket,Qualitel,4,4,4
08-04-2026,10-001480,"Screw,6-19xPLAST 48/2, 0.5"",BHT T-15,T/F,Steel,ZnNi BC",2,OTS,Each,Part,In Production,A//Pencom,2.0 LFP - EVT without cover,90-07675A,LFP Battery Block with Wall Bracket,Qualitel,4,4,0
08-04-2026,10-001480,"Screw,6-19xPLAST 48/2, 0.5"",BHT T-15,T/F,Steel,ZnNi BC",2,OTS,Each,Part,In Production,A//Pencom,2.1 LFP Block,90-08373A,"Battery Block with Wall Bracket, LFP, L2.1",Qualitel,4,6,6
08-04-2026,10-002119,"Screw,#10-14 PLAST48-2x0.625in,T/F,BHT T25,Flange,Steel,ZiNi BC,Nylon Patch",2,OTS,Each,Part,In Production,A//Pencom,9.6 KW Inverter,90-06889C,"Inverter 9.6kW with Cover and Brackets, Boxed, Lunar Blue",Sienna,1,4,4
08-04-2026,10-002119,"Screw,#10-14 PLAST48-2x0.625in,T/F,BHT T25,Flange,Steel,ZiNi BC,Nylon Patch",2,OTS,Each,Part,In Production,A//Pencom,2.0 LFP - EVT with cover,90-06948C,LFP Battery Block with ESS Cover and Wall Bracket,Qualitel,4,4,4
08-04-2026,10-002170,RES SMD 22 OHM 5% 1/4W 1206 AEC-Q,1,OTS,Each,Electrical Components,In Production,,Terminal PCBA (TRM),10-06103C,"PCBA, Terminal Board, Type C, Coated",Qualitel,1,3,3
08-04-2026,10-002170,RES SMD 22 OHM 5% 1/4W 1206 AEC-Q,1,OTS,Each,Electrical Components,In Production,,Power PCBA (IPC),10-06105C,"PCBA, Power Board, Type C, Coated",Qualitel,1,15,15
08-04-2026,10-002170,RES SMD 22 OHM 5% 1/4W 1206 AEC-Q,1,OTS,Each,Electrical Components,In Production,,9.6 KW Inverter,90-06889C,"Inverter 9.6kW with Cover and Brackets, Boxed, Lunar Blue",Sienna,1,18,18
08-04-2026,10-002170,RES SMD 22 OHM 5% 1/4W 1206 AEC-Q,1,OTS,Each,Electrical Components,In Production,,11 KW Inverter,90-08096A,"Lunar 3 Inverter, Boxed",TBD,1,2,2
08-04-2026,10-004095,"Conduit Cover, Single Conduit, Bottom, Short, Charcoal Suede",4,MTS,Each,Part,In Production,A//JPOND,9.6 KW Inverter,90-06889C,"Inverter 9.6kW with Cover and Brackets, Boxed, Lunar Blue",Sienna,1,2,0
08-04-2026,10-004097,"Conduit Cover, Double Conduit, Bottom, Short, Charcoal Suede",4,MTS,Each,Part,In Production,A//JPOND,9.6 KW Inverter,90-06889C,"Inverter 9.6kW with Cover and Brackets, Boxed, Lunar Blue",Sienna,1,4,0
08-04-2026,20-005748,"PCB, Lunar Bridge Control Board Type B",1,MTS,Each,PCB,In Production,"A//Sunshine PCB Group, P//Summit Hollister",Bridge,90-06801A,"Bridge, Type B, Boxed, Lunar Blue",Sienna,1,1,1
08-04-2026,10-001314,IC GATE AND 2CH 2-INP SM8,1,OTS,Each,Electrical Components,In Production,,MSAC,90-06700A,"MSA Controller, Boxed",Qualitel,1,1,1
08-04-2026,10-006484,"IC 16CH BATTERY MONITOR 64-WFQFN Exposed Pad, CSP",1,OTS,Each,Electrical Components,In Production,,2.0 LFP - EVT with cover,90-06948C,LFP Battery Block with ESS Cover and Wall Bracket,Qualitel,4,1,1
08-04-2026,10-006484,"IC 16CH BATTERY MONITOR 64-WFQFN Exposed Pad, CSP",1,OTS,Each,Electrical Components,In Production,,2.0 LFP - EVT without cover,90-07675A,LFP Battery Block with Wall Bracket,Qualitel,4,1,0
08-04-2026,10-006484,"IC 16CH BATTERY MONITOR 64-WFQFN Exposed Pad, CSP",1,OTS,Each,Electrical Components,In Production,,2.1 LFP Block,90-08373A,"Battery Block with Wall Bracket, LFP, L2.1",Qualitel,4,1,1
08-04-2026,10-005594,ASTM A513 Plain Carbon Steel Min Yield 220 MPa,1,OTS,Gram,Part,In Production,A//JPOND,Lifting Tool,90-005336,"Lifting Tool, Boxed",Sienna,1,4898,0
08-04-2026,10-006277,"Label, Breaker Warning, Bridge",1,MTS,Each,Part,In Production,A//Stephen Gould,Bridge,90-06801A,"Bridge, Type B, Boxed, Lunar Blue",Sienna,1,1,1
08-04-2026,10-000340,"Crystal Parallel - Fundamental Quartz Crystal, 25MHz Nom AEC-Q",1,OTS,Each,Electrical Components,In Production,,Terminal PCBA (TRM),10-06103C,"PCBA, Terminal Board, Type C, Coated",Qualitel,1,1,1
08-04-2026,10-000340,"Crystal Parallel - Fundamental Quartz Crystal, 25MHz Nom AEC-Q",1,OTS,Each,Electrical Components,In Production,,Link,30-07519A,Lunar Link PCBA,Sienna,1,1,1
08-04-2026,10-000340,"Crystal Parallel - Fundamental Quartz Crystal, 25MHz Nom AEC-Q",1,OTS,Each,Electrical Components,In Production,,PV Hub,90-004034,"Maximizer Hub, Boxed",Sienna,1,1,1
08-04-2026,10-000340,"Crystal Parallel - Fundamental Quartz Crystal, 25MHz Nom AEC-Q",1,OTS,Each,Electrical Components,In Production,,Bridge,90-06801A,"Bridge, Type B, Boxed, Lunar Blue",Sienna,1,1,1
08-04-2026,10-000340,"Crystal Parallel - Fundamental Quartz Crystal, 25MHz Nom AEC-Q",1,OTS,Each,Electrical Components,In Production,,9.6 KW Inverter,90-06889C,"Inverter 9.6kW with Cover and Brackets, Boxed, Lunar Blue",Sienna,1,1,1
08-04-2026,10-000340,"Crystal Parallel - Fundamental Quartz Crystal, 25MHz Nom AEC-Q",1,OTS,Each,Electrical Components,In Production,,11 KW Inverter,90-08096A,"Lunar 3 Inverter, Boxed",TBD,1,2,2
08-04-2026,10-003778,DIODE SCHOTTKY 150V 1A SMA AEC-Q,1,OTS,Each,Electrical Components,In Production,,Terminal PCBA (TRM),10-06103C,"PCBA, Terminal Board, Type C, Coated",Qualitel,1,4,4
08-04-2026,10-003778,DIODE SCHOTTKY 150V 1A SMA AEC-Q,1,OTS,Each,Electrical Components,In Production,,PV Hub,90-004034,"Maximizer Hub, Boxed",Sienna,1,4,4
08-04-2026,10-003778,DIODE SCHOTTKY 150V 1A SMA AEC-Q,1,OTS,Each,Electrical Components,In Production,,Bridge,90-06801A,"Bridge, Type B, Boxed, Lunar Blue",Sienna,1,4,4
08-04-2026,10-003778,DIODE SCHOTTKY 150V 1A SMA AEC-Q,1,OTS,Each,Electrical Components,In Production,,9.6 KW Inverter,90-06889C,"Inverter 9.6kW with Cover and Brackets, Boxed, Lunar Blue",Sienna,1,4,4
08-04-2026,10-003778,DIODE SCHOTTKY 150V 1A SMA AEC-Q,1,OTS,Each,Electrical Components,In Production,,11 KW Inverter,90-08096A,"Lunar 3 Inverter, Boxed",TBD,1,2,2
08-04-2026,10-006267,"Padded Bag, Accessories, Bridge",1,OTS,Each,Part,In Production,,Bridge,90-06801A,"Bridge, Type B, Boxed, Lunar Blue",Sienna,1,1,1
08-04-2026,10-005867,"Packaging, Maximizer, Partition Length",1,OTS,Each,Part,In Production,,Maximizer Box,90-06831D,"Maximizer, Boxed",Sienna,1,2,2
08-04-2026,10-004342,IC MCU 32BIT 512KB FLASH 64TQFP,1,OTS,Each,Electrical Components,In Production,,Bridge,90-06801A,"Bridge, Type B, Boxed, Lunar Blue",Sienna,1,1,1
08-04-2026,10-000629,2 x 2 Black Rectangular Power Connector,1,OTS,Each,Electrical Components,In Production,,Bridge,90-06801A,"Bridge, Type B, Boxed, Lunar Blue",Sienna,1,1,1
08-04-2026,10-000603,LED RED CLEAR 2SMD,1,OTS,Each,Electrical Components,In Production,,Terminal PCBA (TRM),10-06103C,"PCBA, Terminal Board, Type C, Coated",Qualitel,1,1,1
08-04-2026,10-000603,LED RED CLEAR 2SMD,1,OTS,Each,Electrical Components,In Production,,MSAC,90-06700A,"MSA Controller, Boxed",Qualitel,1,1,1
08-04-2026,10-000603,LED RED CLEAR 2SMD,1,OTS,Each,Electrical Components,In Production,,Bridge,90-06801A,"Bridge, Type B, Boxed, Lunar Blue",Sienna,1,1,1
08-04-2026,10-000603,LED RED CLEAR 2SMD,1,OTS,Each,Electrical Components,In Production,,9.6 KW Inverter,90-06889C,"Inverter 9.6kW with Cover and Brackets, Boxed, Lunar Blue",Sienna,1,1,1
08-04-2026,10-000603,LED RED CLEAR 2SMD,1,OTS,Each,Electrical Components,In Production,,2.0 LFP - EVT with cover,90-06948C,LFP Battery Block with ESS Cover and Wall Bracket,Qualitel,4,1,1
08-04-2026,10-000603,LED RED CLEAR 2SMD,1,OTS,Each,Electrical Components,In Production,,2.0 LFP - EVT without cover,90-07675A,LFP Battery Block with Wall Bracket,Qualitel,4,1,0
08-04-2026,10-000603,LED RED CLEAR 2SMD,1,OTS,Each,Electrical Components,In Production,,2.1 LFP Block,90-08373A,"Battery Block with Wall Bracket, LFP, L2.1",Qualitel,4,1,1
08-04-2026,10-000420,"Connector,MC4,Male",1,OTS,Each,Part,In Production,,Maximizer Box,90-06831D,"Maximizer, Boxed",Sienna,1,40,0
08-04-2026,10-005175,"Protective Hat with Foam, Capacitor Board, Inverter",2,MTS,Each,Part,In Production,,9.6 KW Inverter,90-06889C,"Inverter 9.6kW with Cover and Brackets, Boxed, Lunar Blue",Sienna,1,1,0
08-04-2026,10-005833,"Nut,M4,Clinch,SS,Passivated",1,OTS,Each,Part,In Production,P//JPOND,9.6 KW Inverter,90-06889C,"Inverter 9.6kW with Cover and Brackets, Boxed, Lunar Blue",Sienna,1,2,0
08-04-2026,10-08384A,"Label, Safety, Lunar 3 Inverter",1,MTS,Each,Part,In Planning,GS//TBD,11 KW Inverter,90-08096A,"Lunar 3 Inverter, Boxed",TBD,1,1,1
08-04-2026,10-08147A,Nest Busbar Neg CA 2.1,1,MTS,Each,Part,In Design,,2.1 LFP Block,90-08373A,"Battery Block with Wall Bracket, LFP, L2.1",Qualitel,4,1,0
08-04-2026,10-08338A,PC Cover 1,1,OTS,Each,Part,In Design,A//ACE Battery,2.1 LFP Block,90-08373A,"Battery Block with Wall Bracket, LFP, L2.1",Qualitel,4,1,0
08-04-2026,10-005385,"Label, Packaging, Carton",7,MTS,Each,Part,In Production,GS//ULine,HW Kit,90-001223,"20kWh Hardware Kit, Lunar Blue",Sienna,1,1,1
08-04-2026,10-005385,"Label, Packaging, Carton",7,MTS,Each,Part,In Production,GS//ULine,PV Hub,90-004034,"Maximizer Hub, Boxed",Sienna,1,1,1
08-04-2026,10-005385,"Label, Packaging, Carton",7,MTS,Each,Part,In Production,GS//ULine,Lifting Tool,90-005336,"Lifting Tool, Boxed",Sienna,1,1,0
08-04-2026,10-005385,"Label, Packaging, Carton",7,MTS,Each,Part,In Production,GS//ULine,MSAC,90-06700A,"MSA Controller, Boxed",Qualitel,1,1,1
08-04-2026,10-005385,"Label, Packaging, Carton",7,MTS,Each,Part,In Production,GS//ULine,Rogowski Coil,90-06789A,"Rogowski Coil, Boxed",Sienna,1,1,1
08-04-2026,10-005385,"Label, Packaging, Carton",7,MTS,Each,Part,In Production,GS//ULine,Bridge,90-06801A,"Bridge, Type B, Boxed, Lunar Blue",Sienna,1,1,1
08-04-2026,10-005385,"Label, Packaging, Carton",7,MTS,Each,Part,In Production,GS//ULine,9.6 KW Inverter,90-06889C,"Inverter 9.6kW with Cover and Brackets, Boxed, Lunar Blue",Sienna,1,1,1
08-04-2026,10-005385,"Label, Packaging, Carton",7,MTS,Each,Part,In Production,GS//ULine,2.0 LFP - EVT with cover,90-06948C,LFP Battery Block with ESS Cover and Wall Bracket,Qualitel,4,1,1
08-04-2026,10-005385,"Label, Packaging, Carton",7,MTS,Each,Part,In Production,GS//ULine,LFP HW Kit,90-07290A,20kWh LFP ESS Hardware Kit,Sienna,1,1,0
08-04-2026,10-005385,"Label, Packaging, Carton",7,MTS,Each,Part,In Production,GS//ULine,2.0 LFP - EVT without cover,90-07675A,LFP Battery Block with Wall Bracket,Qualitel,4,1,0
08-04-2026,10-005385,"Label, Packaging, Carton",7,MTS,Each,Part,In Production,GS//ULine,11 KW Inverter,90-08096A,"Lunar 3 Inverter, Boxed",TBD,1,1,1
08-04-2026,10-005385,"Label, Packaging, Carton",7,MTS,Each,Part,In Production,GS//ULine,2.1 LFP Block,90-08373A,"Battery Block with Wall Bracket, LFP, L2.1",Qualitel,4,1,1
08-04-2026,10-06952B,"Module Assy with Enclosure, LFP Battery Block",6,MTS,Each,Assembly,In Production,,2.0 LFP - EVT with cover,90-06948C,LFP Battery Block with ESS Cover and Wall Bracket,Qualitel,4,1,0
08-04-2026,10-06952B,"Module Assy with Enclosure, LFP Battery Block",6,MTS,Each,Assembly,In Production,,2.0 LFP - EVT without cover,90-07675A,LFP Battery Block with Wall Bracket,Qualitel,4,1,0
08-04-2026,10-07952A,Bossard M5x25,1,MTS,Each,Part,In Planning,GS//TBD,11 KW Inverter,90-08096A,"Lunar 3 Inverter, Boxed",TBD,1,12,12
08-04-2026,10-08042A,"Fan Grill, 80mm",1,MTS,Each,Part,In Planning,,11 KW Inverter,90-08096A,"Lunar 3 Inverter, Boxed",TBD,1,1,0
08-04-2026,10-08004A,PC Middle insulation,1,MTS,Each,Part,In Design,,2.1 LFP Block,90-08373A,"Battery Block with Wall Bracket, LFP, L2.1",Qualitel,4,1,0
08-04-2026,10-08031A,PC 0.5 for stop,1,MTS,Each,Part,In Design,,2.1 LFP Block,90-08373A,"Battery Block with Wall Bracket, LFP, L2.1",Qualitel,4,4,0
08-04-2026,10-08025A,RELAY HIGH INRUSH 10A PCB (20.3MM X 10.3MM),1,OTS,Each,Electrical Components,In Design,,Link,30-07519A,Lunar Link PCBA,Sienna,1,1,1
08-04-2026,10-07885A,"RSD Switch Cover Base, Inverter, Gen 2",2,MTS,Each,Part,In Planning,GS//TBD,11 KW Inverter,90-08096A,"Lunar 3 Inverter, Boxed",TBD,1,1,1
08-04-2026,10-07961A,"Flat Head Hex Closed End Threaded Rivnut, M4 x 15",1,OTS,Each,Part,In Planning,,11 KW Inverter,90-08096A,"Lunar 3 Inverter, Boxed",TBD,1,2,0
08-04-2026,10-07997A,"Hex Weld Nut, M5 x 0.8mm",1,OTS,Each,Part,In Planning,,11 KW Inverter,90-08096A,"Lunar 3 Inverter, Boxed",TBD,1,3,0
08-04-2026,10-004976,"Mount, Temperature Sensor, Inverter",4,MTS,Each,Part,In Production,"P//Avalon, A//Jabil Green Point, P//Axtonne",9.6 KW Inverter,90-06889C,"Inverter 9.6kW with Cover and Brackets, Boxed, Lunar Blue",Sienna,1,1,0
08-04-2026,10-006992,CAP CER 2200PF 2000V X7R 1812,1,OTS,Each,Electrical Components,In Design,,11 KW Inverter,90-08096A,"Lunar 3 Inverter, Boxed",TBD,1,2,2
08-04-2026,10-07823A,"Screw M2x0.4, 6mmL, RENY",1,OTS,Each,Part,In Design,A//Misumi,2.1 LFP Block,90-08373A,"Battery Block with Wall Bracket, LFP, L2.1",Qualitel,4,3,3
08-04-2026,10-06914E,"PCBA DCDC/BMS, with Heat Spreader, LFP DC ESS",1,MTS,Each,Assembly,In Design,,2.1 LFP Block,90-08373A,"Battery Block with Wall Bracket, LFP, L2.1",Qualitel,4,1,0
08-04-2026,10-07650A,"Cover, DCDC, LFP DC ESS",3,MTS,Each,Part,In Design,GS//TBD,2.1 LFP Block,90-08373A,"Battery Block with Wall Bracket, LFP, L2.1",Qualitel,4,1,1
08-04-2026,10-007010,FUSE BRD MT 750MA 63VAC/VDC Slow Blow 1206,1,OTS,Each,Electrical Components,In Design,,11 KW Inverter,90-08096A,"Lunar 3 Inverter, Boxed",TBD,1,2,2
08-04-2026,10-005178,RES 3.2K OHM 0.1% 1/10W 0603 AEC-Q,2,OTS,Each,Electrical Components,Sunset - Phase Out,,2.0 LFP - EVT with cover,90-06948C,LFP Battery Block with ESS Cover and Wall Bracket,Qualitel,4,1,1
08-04-2026,10-005178,RES 3.2K OHM 0.1% 1/10W 0603 AEC-Q,2,OTS,Each,Electrical Components,Sunset - Phase Out,,2.0 LFP - EVT without cover,90-07675A,LFP Battery Block with Wall Bracket,Qualitel,4,1,0
08-04-2026,10-005178,RES 3.2K OHM 0.1% 1/10W 0603 AEC-Q,2,OTS,Each,Electrical Components,Sunset - Phase Out,,2.1 LFP Block,90-08373A,"Battery Block with Wall Bracket, LFP, L2.1",Qualitel,4,1,1
08-04-2026,10-004121,RES 1K OHM 1% 1/10W 0603 50PPM,2,OTS,Each,Electrical Components,In Production,,Terminal PCBA (TRM),10-06103C,"PCBA, Terminal Board, Type C, Coated",Qualitel,1,1,1
08-04-2026,10-004121,RES 1K OHM 1% 1/10W 0603 50PPM,2,OTS,Each,Electrical Components,In Production,,9.6 KW Inverter,90-06889C,"Inverter 9.6kW with Cover and Brackets, Boxed, Lunar Blue",Sienna,1,1,1
08-04-2026,10-003692,RES SMD 887 OHM 0.1% 1/16W 0402 AEC-Q,2,OTS,Each,Electrical Components,Sunset - Phase Out,,Bridge,90-06801A,"Bridge, Type B, Boxed, Lunar Blue",Sienna,1,2,2
08-04-2026,10-006998,IC CLK BUFFER 1:6 250MHZ 14TSSOP (5MM X 4.4MM),1,OTS,Each,Electrical Components,In Design,,11 KW Inverter,90-08096A,"Lunar 3 Inverter, Boxed",TBD,1,1,1
08-04-2026,10-07724A,"Snorkel with Insert, L2.1 LFP DC ESS",1,MTS,Each,Assembly,In Design,GS//TBD,2.1 LFP Block,90-08373A,"Battery Block with Wall Bracket, LFP, L2.1",Qualitel,4,1,1
08-04-2026,10-006973,DIODE SCHOTTKY 100V 150MA SOD323 (1.8MM X 1.45MM),1,OTS,Each,Electrical Components,In Design,,11 KW Inverter,90-08096A,"Lunar 3 Inverter, Boxed",TBD,1,3,3
08-04-2026,10-007006,TRANS NPN 300V 0.1A SOT223 (6.5MM X 3.5MM),1,OTS,Each,Electrical Components,In Design,,11 KW Inverter,90-08096A,"Lunar 3 Inverter, Boxed",TBD,1,1,1
08-04-2026,10-007004,RES SMD 17.8KOHM 0.1% 1/16W 0402,1,OTS,Each,Electrical Components,In Design,,11 KW Inverter,90-08096A,"Lunar 3 Inverter, Boxed",TBD,1,2,2
08-04-2026,10-006964,IC REG CTRLR BOOST/SEPIC 10MSOP (3MM X 3MM),1,OTS,Each,Electrical Components,In Design,,11 KW Inverter,90-08096A,"Lunar 3 Inverter, Boxed",TBD,1,1,1
08-04-2026,10-006869,RELAY POWER 40A 24VDC 5MILLIOHM MAX PTH 4PIN 29.2x30x30.1MM,1,OTS,Each,Electrical Components,In Design,,11 KW Inverter,90-08096A,"Lunar 3 Inverter, Boxed",TBD,1,2,2
08-04-2026,10-006950,IC SUPERVISOR 1 CHANNEL SC70-5 (2MMX X 1.25MMW X 0.9MMH),1,OTS,Each,Electrical Components,In Design,,11 KW Inverter,90-08096A,"Lunar 3 Inverter, Boxed",TBD,1,1,1
08-04-2026,10-07746A,"Packaging, LFP BB + WB, HSC Cover with Artwork",1,OTS,Each,Part,In Production,A//Veritiv Operating Company,2.0 LFP - EVT without cover,90-07675A,LFP Battery Block with Wall Bracket,Qualitel,4,1,0
08-04-2026,10-07811A,Foam,1,MTS,Each,Part,In Production,,2.0 LFP - EVT with cover,90-06948C,LFP Battery Block with ESS Cover and Wall Bracket,Qualitel,4,1,0
08-04-2026,10-07811A,Foam,1,MTS,Each,Part,In Production,,2.0 LFP - EVT without cover,90-07675A,LFP Battery Block with Wall Bracket,Qualitel,4,1,0
08-04-2026,10-005285,"Packaging, Bridge",4,MTS,Each,Part,In Production,,Bridge,90-06801A,"Bridge, Type B, Boxed, Lunar Blue",Sienna,1,1,0
08-04-2026,10-005860,"Packaging, Bridge, Top Cover Support Pad",1,OTS,Each,Part,In Production,GS//Stephen Gould,Bridge,90-06801A,"Bridge, Type B, Boxed, Lunar Blue",Sienna,1,1,1
08-04-2026,10-005853,"Packaging, Bridge, Front Cap Frame",1,OTS,Each,Part,In Production,GS//Stephen Gould,Bridge,90-06801A,"Bridge, Type B, Boxed, Lunar Blue",Sienna,1,5,5
08-04-2026,10-005791,Bubble Wrap 1/2in Bubble 24in x 24in,1,OTS,Each,Part,In Production,,HW Kit,90-001223,"20kWh Hardware Kit, Lunar Blue",Sienna,1,1,1
08-04-2026,10-005791,Bubble Wrap 1/2in Bubble 24in x 24in,1,OTS,Each,Part,In Production,,LFP HW Kit,90-07290A,20kWh LFP ESS Hardware Kit,Sienna,1,1,0
08-04-2026,10-004992,"Enclosure, Plastic, Wiring Compartment, Inverter, D1",2,MTS,Each,Part,In Production,A//Fictiv,9.6 KW Inverter,90-06889C,"Inverter 9.6kW with Cover and Brackets, Boxed, Lunar Blue",Sienna,1,1,1
08-04-2026,10-07567A,PC cover A,1,OTS,Each,Part,In Production,A//ACE Battery,2.0 LFP - EVT with cover,90-06948C,LFP Battery Block with ESS Cover and Wall Bracket,Qualitel,4,2,0
08-04-2026,10-07567A,PC cover A,1,OTS,Each,Part,In Production,A//ACE Battery,2.0 LFP - EVT without cover,90-07675A,LFP Battery Block with Wall Bracket,Qualitel,4,2,0
08-04-2026,10-07570A,"Busbar, Cu, B",1,OTS,Each,Part,In Production,A//ACE Battery,2.0 LFP - EVT with cover,90-06948C,LFP Battery Block with ESS Cover and Wall Bracket,Qualitel,4,1,0
08-04-2026,10-07570A,"Busbar, Cu, B",1,OTS,Each,Part,In Production,A//ACE Battery,2.0 LFP - EVT without cover,90-07675A,LFP Battery Block with Wall Bracket,Qualitel,4,1,0
08-04-2026,10-07581A,End plate,1,OTS,Each,Part,In Production,A//ACE Battery,2.0 LFP - EVT with cover,90-06948C,LFP Battery Block with ESS Cover and Wall Bracket,Qualitel,4,4,0
08-04-2026,10-07581A,End plate,1,OTS,Each,Part,In Production,A//ACE Battery,2.0 LFP - EVT without cover,90-07675A,LFP Battery Block with Wall Bracket,Qualitel,4,4,0
08-04-2026,10-000668,CAP CER 6.8PF 50V C0G/NP0 0402 AEC-Q,1,OTS,Each,Electrical Components,Sunset - Phase Out,,Terminal PCBA (TRM),10-06103C,"PCBA, Terminal Board, Type C, Coated",Qualitel,1,2,2
08-04-2026,10-000668,CAP CER 6.8PF 50V C0G/NP0 0402 AEC-Q,1,OTS,Each,Electrical Components,Sunset - Phase Out,,PV Hub,90-004034,"Maximizer Hub, Boxed",Sienna,1,2,2
08-04-2026,10-000668,CAP CER 6.8PF 50V C0G/NP0 0402 AEC-Q,1,OTS,Each,Electrical Components,Sunset - Phase Out,,Bridge,90-06801A,"Bridge, Type B, Boxed, Lunar Blue",Sienna,1,2,2
08-04-2026,10-000668,CAP CER 6.8PF 50V C0G/NP0 0402 AEC-Q,1,OTS,Each,Electrical Components,Sunset - Phase Out,,9.6 KW Inverter,90-06889C,"Inverter 9.6kW with Cover and Brackets, Boxed, Lunar Blue",Sienna,1,2,2
08-04-2026,PS-000053,Packaging Colors Tolerances,1,OTS,Each,Product Specification,In Production,,HW Kit,90-001223,"20kWh Hardware Kit, Lunar Blue",Sienna,1,1,0
08-04-2026,PS-000053,Packaging Colors Tolerances,1,OTS,Each,Product Specification,In Production,,LFP HW Kit,90-07290A,20kWh LFP ESS Hardware Kit,Sienna,1,1,0
08-04-2026,10-07399A,TRANSFORMER Pri 380-450VDC SEC 24V-4.2A 0°C to +125°C 1.5MMLX1.4MMWX1.665MMH,1,OTS,Each,Electrical Components,In Design,,11 KW Inverter,90-08096A,"Lunar 3 Inverter, Boxed",TBD,1,2,2
08-04-2026,10-07386A,"Hex Panel Nut, Steel, M12 x 1.5 mm Thread, 17 mm Wide, 6 mm High",1,OTS,Each,Part,In Planning,,2.1 LFP Block,90-08373A,"Battery Block with Wall Bracket, LFP, L2.1",Qualitel,4,2,0
08-04-2026,10-006405,CAP CER 4.7PF 50V C0G/NP0 0402,1,OTS,Each,Electrical Components,In Design,,11 KW Inverter,90-08096A,"Lunar 3 Inverter, Boxed",TBD,1,1,1
08-04-2026,10-005779,"Packaging, Battery with Cover and Brackets, LDPE Folding Bag",1,MTS,Each,Part,In Production,A//Veritiv Operating Company,2.0 LFP - EVT with cover,90-06948C,LFP Battery Block with ESS Cover and Wall Bracket,Qualitel,4,1,0
08-04-2026,10-003658,"THREADED INSERT,6-32, HEAT SET, THRU THREAD, STRAIGHT WALL,300 SS",1,OTS,Each,Part,In Production,,HW Kit,90-001223,"20kWh Hardware Kit, Lunar Blue",Sienna,1,2,0
08-04-2026,10-003658,"THREADED INSERT,6-32, HEAT SET, THRU THREAD, STRAIGHT WALL,300 SS",1,OTS,Each,Part,In Production,,9.6 KW Inverter,90-06889C,"Inverter 9.6kW with Cover and Brackets, Boxed, Lunar Blue",Sienna,1,1,0
08-04-2026,10-003658,"THREADED INSERT,6-32, HEAT SET, THRU THREAD, STRAIGHT WALL,300 SS",1,OTS,Each,Part,In Production,,2.0 LFP - EVT with cover,90-06948C,LFP Battery Block with ESS Cover and Wall Bracket,Qualitel,4,2,0
08-04-2026,10-003658,"THREADED INSERT,6-32, HEAT SET, THRU THREAD, STRAIGHT WALL,300 SS",1,OTS,Each,Part,In Production,,LFP HW Kit,90-07290A,20kWh LFP ESS Hardware Kit,Sienna,1,2,0
08-04-2026,10-002956,IC REG LINEAR 3.3V 100MA 6DFN,1,OTS,Each,Electrical Components,In Production,,2.0 LFP - EVT with cover,90-06948C,LFP Battery Block with ESS Cover and Wall Bracket,Qualitel,4,1,1
08-04-2026,10-002956,IC REG LINEAR 3.3V 100MA 6DFN,1,OTS,Each,Electrical Components,In Production,,2.0 LFP - EVT without cover,90-07675A,LFP Battery Block with Wall Bracket,Qualitel,4,1,0
08-04-2026,10-002956,IC REG LINEAR 3.3V 100MA 6DFN,1,OTS,Each,Electrical Components,In Production,,11 KW Inverter,90-08096A,"Lunar 3 Inverter, Boxed",TBD,1,2,2
08-04-2026,10-002956,IC REG LINEAR 3.3V 100MA 6DFN,1,OTS,Each,Electrical Components,In Production,,2.1 LFP Block,90-08373A,"Battery Block with Wall Bracket, LFP, L2.1",Qualitel,4,1,1
08-04-2026,10-001644,FUSE BOARD MNT 2A 63VAC/VDC 1206,1,OTS,Each,Electrical Components,In Production,,2.0 LFP - EVT with cover,90-06948C,LFP Battery Block with ESS Cover and Wall Bracket,Qualitel,4,1,1
08-04-2026,10-001644,FUSE BOARD MNT 2A 63VAC/VDC 1206,1,OTS,Each,Electrical Components,In Production,,2.0 LFP - EVT without cover,90-07675A,LFP Battery Block with Wall Bracket,Qualitel,4,1,0
08-04-2026,10-001644,FUSE BOARD MNT 2A 63VAC/VDC 1206,1,OTS,Each,Electrical Components,In Production,,2.1 LFP Block,90-08373A,"Battery Block with Wall Bracket, LFP, L2.1",Qualitel,4,1,1
08-04-2026,10-002384,DIODE SCHOTTKY 200V 1A SOD123W,1,OTS,Each,Electrical Components,In Production,,2.0 LFP - EVT with cover,90-06948C,LFP Battery Block with ESS Cover and Wall Bracket,Qualitel,4,6,6
08-04-2026,10-002384,DIODE SCHOTTKY 200V 1A SOD123W,1,OTS,Each,Electrical Components,In Production,,2.0 LFP - EVT without cover,90-07675A,LFP Battery Block with Wall Bracket,Qualitel,4,6,0
08-04-2026,10-002384,DIODE SCHOTTKY 200V 1A SOD123W,1,OTS,Each,Electrical Components,In Production,,2.1 LFP Block,90-08373A,"Battery Block with Wall Bracket, LFP, L2.1",Qualitel,4,6,6
08-04-2026,10-002302,SENSOR THERMISTOR NTC,1,OTS,Each,Electrical Components,In Production,,Max 2.0 PCBA,30-07320F,Maximizer 2.0 PCBA,TBD,20,1,1
08-04-2026,10-002302,SENSOR THERMISTOR NTC,1,OTS,Each,Electrical Components,In Production,,Link,30-07519A,Lunar Link PCBA,Sienna,1,2,2
08-04-2026,10-002302,SENSOR THERMISTOR NTC,1,OTS,Each,Electrical Components,In Production,,2.0 LFP - EVT with cover,90-06948C,LFP Battery Block with ESS Cover and Wall Bracket,Qualitel,4,1,1
08-04-2026,10-002302,SENSOR THERMISTOR NTC,1,OTS,Each,Electrical Components,In Production,,2.0 LFP - EVT without cover,90-07675A,LFP Battery Block with Wall Bracket,Qualitel,4,1,0
08-04-2026,10-002302,SENSOR THERMISTOR NTC,1,OTS,Each,Electrical Components,In Production,,2.1 LFP Block,90-08373A,"Battery Block with Wall Bracket, LFP, L2.1",Qualitel,4,1,1
08-04-2026,10-002138,IC REG BUCK ADJ 3A 8HTSOP-J,1,OTS,Each,Electrical Components,In Production,,2.0 LFP - EVT with cover,90-06948C,LFP Battery Block with ESS Cover and Wall Bracket,Qualitel,4,3,3
08-04-2026,10-002138,IC REG BUCK ADJ 3A 8HTSOP-J,1,OTS,Each,Electrical Components,In Production,,2.0 LFP - EVT without cover,90-07675A,LFP Battery Block with Wall Bracket,Qualitel,4,3,0
08-04-2026,10-002138,IC REG BUCK ADJ 3A 8HTSOP-J,1,OTS,Each,Electrical Components,In Production,,2.1 LFP Block,90-08373A,"Battery Block with Wall Bracket, LFP, L2.1",Qualitel,4,3,3
08-04-2026,10-004695,"CAP CER 330PF SAFETY X1,Y2 250VAC X7R 1808",1,OTS,Each,Electrical Components,In Production,,2.0 LFP - EVT with cover,90-06948C,LFP Battery Block with ESS Cover and Wall Bracket,Qualitel,4,2,2
08-04-2026,10-004695,"CAP CER 330PF SAFETY X1,Y2 250VAC X7R 1808",1,OTS,Each,Electrical Components,In Production,,2.0 LFP - EVT without cover,90-07675A,LFP Battery Block with Wall Bracket,Qualitel,4,2,0
08-04-2026,10-004695,"CAP CER 330PF SAFETY X1,Y2 250VAC X7R 1808",1,OTS,Each,Electrical Components,In Production,,2.1 LFP Block,90-08373A,"Battery Block with Wall Bracket, LFP, L2.1",Qualitel,4,2,2
08-04-2026,10-004428,"Heatshrink, 3:1, BLK, Adhesive lined, 1.9mm ID ,0.6mm THK",1,OTS,Millimeter,Part,In Production,"A//PYG CO.,LTD.",9.6 KW Inverter,90-06889C,"Inverter 9.6kW with Cover and Brackets, Boxed, Lunar Blue",Sienna,1,100,0
08-04-2026,10-005254,"Hinge, Shield, Trunk Harness Connector",1,OTS,Each,Part,In Production,A//Pencom,2.0 LFP - EVT with cover,90-06948C,LFP Battery Block with ESS Cover and Wall Bracket,Qualitel,4,1,1
08-04-2026,10-005254,"Hinge, Shield, Trunk Harness Connector",1,OTS,Each,Part,In Production,A//Pencom,2.0 LFP - EVT without cover,90-07675A,LFP Battery Block with Wall Bracket,Qualitel,4,1,0
08-04-2026,10-004520,CAP FILM 3.3UF 10% 630VDC RADIAL,1,OTS,Each,Electrical Components,In Production,,9.6 KW Inverter,90-06889C,"Inverter 9.6kW with Cover and Brackets, Boxed, Lunar Blue",Sienna,1,6,6
08-04-2026,10-001325,IC REG LINEAR 5V 200MA TSOT23-5,1,OTS,Each,Electrical Components,In Production,,Terminal PCBA (TRM),10-06103C,"PCBA, Terminal Board, Type C, Coated",Qualitel,1,1,1
08-04-2026,10-001325,IC REG LINEAR 5V 200MA TSOT23-5,1,OTS,Each,Electrical Components,In Production,,9.6 KW Inverter,90-06889C,"Inverter 9.6kW with Cover and Brackets, Boxed, Lunar Blue",Sienna,1,1,1
08-04-2026,10-005005,TVS DIODE 18VWM 29.2VC DO214AB,1,OTS,Each,Electrical Components,In Production,,Terminal PCBA (TRM),10-06103C,"PCBA, Terminal Board, Type C, Coated",Qualitel,1,4,4
08-04-2026,10-005005,TVS DIODE 18VWM 29.2VC DO214AB,1,OTS,Each,Electrical Components,In Production,,9.6 KW Inverter,90-06889C,"Inverter 9.6kW with Cover and Brackets, Boxed, Lunar Blue",Sienna,1,4,4
08-04-2026,10-005005,TVS DIODE 18VWM 29.2VC DO214AB,1,OTS,Each,Electrical Components,In Production,,11 KW Inverter,90-08096A,"Lunar 3 Inverter, Boxed",TBD,1,1,1
08-04-2026,10-002393,"RF/ Coaxial Connectors, 50 Ohms, FAKRA SMB Jack, Straight, PCB, Keying Option C, Blue",1,OTS,Each,Electrical Components,In Production,,9.6 KW Inverter,90-06889C,"Inverter 9.6kW with Cover and Brackets, Boxed, Lunar Blue",Sienna,1,1,1
08-04-2026,10-001247,PCB TERMINAL BLOCK; LEVER; 16 MM,1,OTS,Each,Electrical Components,In Production,,Terminal PCBA (TRM),10-06103C,"PCBA, Terminal Board, Type C, Coated",Qualitel,1,2,2
08-04-2026,10-001247,PCB TERMINAL BLOCK; LEVER; 16 MM,1,OTS,Each,Electrical Components,In Production,,9.6 KW Inverter,90-06889C,"Inverter 9.6kW with Cover and Brackets, Boxed, Lunar Blue",Sienna,1,2,2
08-04-2026,10-002492,XTAL OSC XO 24.0000MHZ HCMOS SMD,1,OTS,Each,Electrical Components,In Production,,9.6 KW Inverter,90-06889C,"Inverter 9.6kW with Cover and Brackets, Boxed, Lunar Blue",Sienna,1,1,1
08-04-2026,10-002471,RX TXRX MOD WIFI SURFACE MOUNT,1,OTS,Each,Electrical Components,In Production,,9.6 KW Inverter,90-06889C,"Inverter 9.6kW with Cover and Brackets, Boxed, Lunar Blue",Sienna,1,1,1
08-04-2026,10-001195,IC OPAMP ZER-DRIFT 1CIRC SOT23-5,1,OTS,Each,Electrical Components,In Production,,Power PCBA (IPC),10-06105C,"PCBA, Power Board, Type C, Coated",Qualitel,1,6,6
08-04-2026,10-001195,IC OPAMP ZER-DRIFT 1CIRC SOT23-5,1,OTS,Each,Electrical Components,In Production,,9.6 KW Inverter,90-06889C,"Inverter 9.6kW with Cover and Brackets, Boxed, Lunar Blue",Sienna,1,6,6
08-04-2026,10-000941,Diode Schottky 40V 3A 2-Pin,1,OTS,Each,Electrical Components,In Production,,Power PCBA (IPC),10-06105C,"PCBA, Power Board, Type C, Coated",Qualitel,1,6,6
08-04-2026,10-000941,Diode Schottky 40V 3A 2-Pin,1,OTS,Each,Electrical Components,In Production,,9.6 KW Inverter,90-06889C,"Inverter 9.6kW with Cover and Brackets, Boxed, Lunar Blue",Sienna,1,6,6
08-04-2026,10-004559,"Wire,26 AWG,7/34,UL 10086,ETFE,Tinned,Copper,Black",1,OTS,Millimeter,Part,In Production,,9.6 KW Inverter,90-06889C,"Inverter 9.6kW with Cover and Brackets, Boxed, Lunar Blue",Sienna,1,2900,0
08-04-2026,10-004135,CS Type A G90 per ASTM A653,1,OTS,Gram,Part,In Production,A//Open AML,9.6 KW Inverter,90-06889C,"Inverter 9.6kW with Cover and Brackets, Boxed, Lunar Blue",Sienna,1,2129,0
08-04-2026,10-004135,CS Type A G90 per ASTM A653,1,OTS,Gram,Part,In Production,A//Open AML,2.0 LFP - EVT with cover,90-06948C,LFP Battery Block with ESS Cover and Wall Bracket,Qualitel,4,4244,0
08-04-2026,10-004135,CS Type A G90 per ASTM A653,1,OTS,Gram,Part,In Production,A//Open AML,2.0 LFP - EVT without cover,90-07675A,LFP Battery Block with Wall Bracket,Qualitel,4,4244,0
08-04-2026,10-004135,CS Type A G90 per ASTM A653,1,OTS,Gram,Part,In Production,A//Open AML,2.1 LFP Block,90-08373A,"Battery Block with Wall Bracket, LFP, L2.1",Qualitel,4,4244,0
08-04-2026,10-003664,"Wire,14 AWG,41/30,UL 758 Style 1569,Black",1,OTS,Millimeter,Part,In Production,"A//3Q WIRE & CABLE CO.,LTD",HW Kit,90-001223,"20kWh Hardware Kit, Lunar Blue",Sienna,1,4000,0
08-04-2026,10-003664,"Wire,14 AWG,41/30,UL 758 Style 1569,Black",1,OTS,Millimeter,Part,In Production,"A//3Q WIRE & CABLE CO.,LTD",LFP HW Kit,90-07290A,20kWh LFP ESS Hardware Kit,Sienna,1,4000,0
08-04-2026,10-002086,"TO-220, Diode, Bent Leads, Maximizer",4,MTS,Each,Part,In Production,,Maximizer Box,90-06831D,"Maximizer, Boxed",Sienna,1,20,0
08-04-2026,10-005298,"Hook and Loop Cable Tie, 6"", Black",1,OTS,Each,Part,In Production,,9.6 KW Inverter,90-06889C,"Inverter 9.6kW with Cover and Brackets, Boxed, Lunar Blue",Sienna,1,4,0
08-04-2026,10-005402,"Ink, Silk Screen, White",1,OTS,Gram,Part,In Production,,Lifting Tool,90-005336,"Lifting Tool, Boxed",Sienna,1,2,0
08-04-2026,10-004837,"Silicone, Conductive, 67A",1,OTS,Gram,Part,In Production,A//Laird-Signal Integrity Products,9.6 KW Inverter,90-06889C,"Inverter 9.6kW with Cover and Brackets, Boxed, Lunar Blue",Sienna,1,25,0
08-04-2026,10-001395,CONN HEADER VERT 8POS AEC-Q,1,OTS,Each,Electrical Components,In Production,,2.0 LFP - EVT with cover,90-06948C,LFP Battery Block with ESS Cover and Wall Bracket,Qualitel,4,1,1
08-04-2026,10-001395,CONN HEADER VERT 8POS AEC-Q,1,OTS,Each,Electrical Components,In Production,,2.0 LFP - EVT without cover,90-07675A,LFP Battery Block with Wall Bracket,Qualitel,4,1,0
08-04-2026,10-005266,RES 68K OHM 1% 1/10W 0603,1,OTS,Each,Electrical Components,In Design,,11 KW Inverter,90-08096A,"Lunar 3 Inverter, Boxed",TBD,1,1,1
08-04-2026,10-002409,"Offset Mounting Bracket, Enclosure, Bridge",6,MTS,Each,Part,In Production,,Bridge,90-06801A,"Bridge, Type B, Boxed, Lunar Blue",Sienna,1,1,0
08-04-2026,10-002669,XMFR 50A CUSTOM C,1,OTS,Each,Electrical Components,In Production,,Terminal PCBA (TRM),10-06103C,"PCBA, Terminal Board, Type C, Coated",Qualitel,1,2,2
08-04-2026,10-002669,XMFR 50A CUSTOM C,1,OTS,Each,Electrical Components,In Production,,9.6 KW Inverter,90-06889C,"Inverter 9.6kW with Cover and Brackets, Boxed, Lunar Blue",Sienna,1,2,2
08-04-2026,10-002593,"CONTACT, CENTER SOCKET, MATE-AX, RTK 031, TE",2,OTS,Each,Part,In Production,,9.6 KW Inverter,90-06889C,"Inverter 9.6kW with Cover and Brackets, Boxed, Lunar Blue",Sienna,1,3,0
08-04-2026,10-004373,"Label, Offset Mounting Bracket, Wall, Bridge",1,MTS,Each,Part,In Production,A//Sienna,Bridge,90-06801A,"Bridge, Type B, Boxed, Lunar Blue",Sienna,1,1,0
08-04-2026,10-003117,"Heatshrink, 2:1, BLK, 1.6MM ID, .36MMTHK",1,OTS,Millimeter,Part,In Production,,9.6 KW Inverter,90-06889C,"Inverter 9.6kW with Cover and Brackets, Boxed, Lunar Blue",Sienna,1,1,0
08-04-2026,10-000782,"Nano-Fit Receptacle Housing, TPA Capable, 2.50mm Pitch, Single Row, 2 Circuits, Natural, Glow-Wire C",2,OTS,Each,Part,In Production,,9.6 KW Inverter,90-06889C,"Inverter 9.6kW with Cover and Brackets, Boxed, Lunar Blue",Sienna,1,1,0
08-04-2026,10-001940,"Self-Clinching Nut, 6-32 x 0.087"" Shank",2,OTS,Each,Part,In Production,A//Penn Engineering,HW Kit,90-001223,"20kWh Hardware Kit, Lunar Blue",Sienna,1,1,0
08-04-2026,10-001940,"Self-Clinching Nut, 6-32 x 0.087"" Shank",2,OTS,Each,Part,In Production,A//Penn Engineering,LFP HW Kit,90-07290A,20kWh LFP ESS Hardware Kit,Sienna,1,1,0
08-04-2026,10-003362,DIODE SCHOTTKY 30V 3A MFLAT,1,OTS,Each,Electrical Components,In Design,,11 KW Inverter,90-08096A,"Lunar 3 Inverter, Boxed",TBD,1,1,1
08-04-2026,10-07078A,"Label, Compliance, LE-DC-UNIT",1,MTS,Each,Part,In Production,GS//Stephen Gould,2.0 LFP - EVT with cover,90-06948C,LFP Battery Block with ESS Cover and Wall Bracket,Qualitel,4,1,1
08-04-2026,10-07078A,"Label, Compliance, LE-DC-UNIT",1,MTS,Each,Part,In Production,GS//Stephen Gould,2.0 LFP - EVT without cover,90-07675A,LFP Battery Block with Wall Bracket,Qualitel,4,1,0
08-04-2026,10-07249A,"Cover, M8x1.0 Vent, DC-DC",1,MTS,Each,Part,In Production,A//MyHeatSinks,2.0 LFP - EVT with cover,90-06948C,LFP Battery Block with ESS Cover and Wall Bracket,Qualitel,4,1,1
08-04-2026,10-07249A,"Cover, M8x1.0 Vent, DC-DC",1,MTS,Each,Part,In Production,A//MyHeatSinks,2.0 LFP - EVT without cover,90-07675A,LFP Battery Block with Wall Bracket,Qualitel,4,1,0
08-04-2026,10-006826,LED GREEN CLEAR SMD 0603,1,OTS,Each,Electrical Components,In Design,,Link,30-07519A,Lunar Link PCBA,Sienna,1,6,6
08-04-2026,10-006826,LED GREEN CLEAR SMD 0603,1,OTS,Each,Electrical Components,In Design,,11 KW Inverter,90-08096A,"Lunar 3 Inverter, Boxed",TBD,1,16,16
08-04-2026,10-07388A,FERRITE BEAD 50 OHM 0603 1LN AEC-Q,1,OTS,Each,Electrical Components,In Design,,2.1 LFP Block,90-08373A,"Battery Block with Wall Bracket, LFP, L2.1",Qualitel,4,6,6
08-04-2026,10-001146,RES SMD 6.81K OHM 1% 1/8W 0603 AEC-Q,1,OTS,Each,Electrical Components,In Production,,Maximizer Box,90-06831D,"Maximizer, Boxed",Sienna,1,20,20
08-04-2026,10-006146,"Bushing, DCDC",4,MTS,Each,Part,In Production,A//Unisteel,2.0 LFP - EVT with cover,90-06948C,LFP Battery Block with ESS Cover and Wall Bracket,Qualitel,4,2,2
08-04-2026,10-006146,"Bushing, DCDC",4,MTS,Each,Part,In Production,A//Unisteel,2.0 LFP - EVT without cover,90-07675A,LFP Battery Block with Wall Bracket,Qualitel,4,2,0
08-04-2026,10-006146,"Bushing, DCDC",4,MTS,Each,Part,In Production,A//Unisteel,2.1 LFP Block,90-08373A,"Battery Block with Wall Bracket, LFP, L2.1",Qualitel,4,2,2
08-04-2026,10-006823,"CMC 100MA 2LN 90 OHM SMD 0.033"" L x 0.026"" W (0.85mm x 0.65mm)",1,OTS,Each,Electrical Components,In Design,,11 KW Inverter,90-08096A,"Lunar 3 Inverter, Boxed",TBD,1,2,2
08-04-2026,30-000542,"PCBA, Home Controller",9,MTS,Each,PCBA,In Production,,9.6 KW Inverter,90-06889C,"Inverter 9.6kW with Cover and Brackets, Boxed, Lunar Blue",Sienna,1,1,0
08-04-2026,10-001887,"Custom Inductor, 19.2uH, 36.5%, THT",6,MTS,Each,Electrical Components,In Production,A//Allstar Magnetics,Maximizer Box,90-06831D,"Maximizer, Boxed",Sienna,1,20,20
08-04-2026,10-006838,RES SMD 127K OHM 1% 1/8w 0805,1,OTS,Each,Electrical Components,In Design,,Link,30-07519A,Lunar Link PCBA,Sienna,1,1,1
08-04-2026,90-06889C,"Inverter 9.6kW with Cover and Brackets, Boxed, Lunar Blue",2,MTS,Each,Top Level Assembly,In Production,,9.6 KW Inverter,90-06889C,"Inverter 9.6kW with Cover and Brackets, Boxed, Lunar Blue",Sienna,1,1,0
08-04-2026,10-07238A,CAP CER 0.33UF 16V X7R 0603,1,OTS,Each,Electrical Components,In Design,,2.1 LFP Block,90-08373A,"Battery Block with Wall Bracket, LFP, L2.1",Qualitel,4,17,17
08-04-2026,10-06536A,"Wiring Cover, MSA Controller",4,MTS,Each,Part,In Production,A//Ripple,MSAC,90-06700A,"MSA Controller, Boxed",Qualitel,1,1,1
08-04-2026,10-06712A,"Label Base, Polyester, Acrylic Adhesive",1,OTS,Millimeter Square,Part,In Production,A//Avalon,9.6 KW Inverter,90-06889C,"Inverter 9.6kW with Cover and Brackets, Boxed, Lunar Blue",Sienna,1,1501,0
08-04-2026,10-06712A,"Label Base, Polyester, Acrylic Adhesive",1,OTS,Millimeter Square,Part,In Production,A//Avalon,11 KW Inverter,90-08096A,"Lunar 3 Inverter, Boxed",TBD,1,1,0
08-04-2026,10-005976,RES 3M OHM 1% 1W 2512,1,OTS,Each,Electrical Components,In Production,,Power PCBA (IPC),10-06105C,"PCBA, Power Board, Type C, Coated",Qualitel,1,3,3
08-04-2026,10-005976,RES 3M OHM 1% 1W 2512,1,OTS,Each,Electrical Components,In Production,,9.6 KW Inverter,90-06889C,"Inverter 9.6kW with Cover and Brackets, Boxed, Lunar Blue",Sienna,1,3,3
08-04-2026,10-003984,CAP CER 10NF 50V X7R 0402 AEC-Q,01,OTS,Each,Electrical Components,Sunset - Phase Out,,Terminal PCBA (TRM),10-06103C,"PCBA, Terminal Board, Type C, Coated",Qualitel,1,1,1
08-04-2026,10-003984,CAP CER 10NF 50V X7R 0402 AEC-Q,01,OTS,Each,Electrical Components,Sunset - Phase Out,,9.6 KW Inverter,90-06889C,"Inverter 9.6kW with Cover and Brackets, Boxed, Lunar Blue",Sienna,1,1,1
08-04-2026,10-000667,CAP CER 18PF 50V C0G/NP0 0402 AEC-Q,1,OTS,Each,Electrical Components,Sunset - Phase Out,,9.6 KW Inverter,90-06889C,"Inverter 9.6kW with Cover and Brackets, Boxed, Lunar Blue",Sienna,1,3,3
08-04-2026,10-000667,CAP CER 18PF 50V C0G/NP0 0402 AEC-Q,1,OTS,Each,Electrical Components,Sunset - Phase Out,,11 KW Inverter,90-08096A,"Lunar 3 Inverter, Boxed",TBD,1,2,2
08-04-2026,20-06830D,"Maximizer PCB, Type D",1,MTS,Each,PCB,In Design,A//Sunshine PCB Group,Maximizer Box,90-06831D,"Maximizer, Boxed",Sienna,1,20,20
08-04-2026,10-06954A,"Label, Compliance, Maximizer",1,MTS,Each,Part,In Design,A//Stephen Gould,Maximizer Box,90-06831D,"Maximizer, Boxed",Sienna,1,20,20
08-04-2026,10-002121,"Screw,Shldr,M3x0.5 6g x4.5mm,4.09mm D Shldr,BHT T10,Flange,Steel,ZiNi BC,Nylon Patch",1,OTS,Each,Part,In Production,A//Pencom,9.6 KW Inverter,90-06889C,"Inverter 9.6kW with Cover and Brackets, Boxed, Lunar Blue",Sienna,1,3,3
08-04-2026,10-002110,"Screw,M2.5x0.45 6g x8mm,BHT T8,Flange,Steel,ZnNi BC,Nylon Patch",2,OTS,Each,Part,In Production,A//Pencom,9.6 KW Inverter,90-06889C,"Inverter 9.6kW with Cover and Brackets, Boxed, Lunar Blue",Sienna,1,8,8
08-04-2026,10-001598,RES SMD 1K OHM 1% 1/10W 0603,1,OTS,Each,Electrical Components,In Production,,Maximizer Box,90-06831D,"Maximizer, Boxed",Sienna,1,100,100
08-04-2026,10-001598,RES SMD 1K OHM 1% 1/10W 0603,1,OTS,Each,Electrical Components,In Production,,11 KW Inverter,90-08096A,"Lunar 3 Inverter, Boxed",TBD,1,10,10
08-04-2026,10-001598,RES SMD 1K OHM 1% 1/10W 0603,1,OTS,Each,Electrical Components,In Production,,2.1 LFP Block,90-08373A,"Battery Block with Wall Bracket, LFP, L2.1",Qualitel,4,1,1
08-04-2026,10-001361,MOSFET N-CH 80V 120A D2PAK,1,OTS,Each,Electrical Components,Sunset - EOL,,2.0 LFP - EVT with cover,90-06948C,LFP Battery Block with ESS Cover and Wall Bracket,Qualitel,4,6,6
08-04-2026,10-001361,MOSFET N-CH 80V 120A D2PAK,1,OTS,Each,Electrical Components,Sunset - EOL,,2.0 LFP - EVT without cover,90-07675A,LFP Battery Block with Wall Bracket,Qualitel,4,6,0
08-04-2026,10-000612,CAP CER 10UF 16V X7S 0805 AEC-Q,2,OTS,Each,Electrical Components,Sunset - Phase Out,,Terminal PCBA (TRM),10-06103C,"PCBA, Terminal Board, Type C, Coated",Qualitel,1,14,14
08-04-2026,10-000612,CAP CER 10UF 16V X7S 0805 AEC-Q,2,OTS,Each,Electrical Components,Sunset - Phase Out,,MSAC,90-06700A,"MSA Controller, Boxed",Qualitel,1,7,7
08-04-2026,10-000612,CAP CER 10UF 16V X7S 0805 AEC-Q,2,OTS,Each,Electrical Components,Sunset - Phase Out,,Bridge,90-06801A,"Bridge, Type B, Boxed, Lunar Blue",Sienna,1,11,11
08-04-2026,10-000612,CAP CER 10UF 16V X7S 0805 AEC-Q,2,OTS,Each,Electrical Components,Sunset - Phase Out,,9.6 KW Inverter,90-06889C,"Inverter 9.6kW with Cover and Brackets, Boxed, Lunar Blue",Sienna,1,14,14
08-04-2026,10-000943,"MOSFET Silicon carbide Power MOSFET 650 V, 18 mOhm typ 119 A",1,OTS,Each,Electrical Components,Sunset - EOL,,Power PCBA (IPC),10-06105C,"PCBA, Power Board, Type C, Coated",Qualitel,1,6,6
08-04-2026,10-000943,"MOSFET Silicon carbide Power MOSFET 650 V, 18 mOhm typ 119 A",1,OTS,Each,Electrical Components,Sunset - EOL,,9.6 KW Inverter,90-06889C,"Inverter 9.6kW with Cover and Brackets, Boxed, Lunar Blue",Sienna,1,6,6
08-04-2026,10-005843,"Wire Harness,Inverter,Antenna Pass-Thru-Module",1,MTS,Each,Part,In Production,A//Avalon,9.6 KW Inverter,90-06889C,"Inverter 9.6kW with Cover and Brackets, Boxed, Lunar Blue",Sienna,1,1,0
08-04-2026,10-005282,"Insulator Sheet, Power Board, Lower Level, Integrated TIM and PSA",3,MTS,Each,Part,In Production,A//Singleton,9.6 KW Inverter,90-06889C,"Inverter 9.6kW with Cover and Brackets, Boxed, Lunar Blue",Sienna,1,1,1
08-04-2026,10-000622,IC ENERGY METER 1PHASE 32QFN,1,OTS,Each,Electrical Components,In Production,,Terminal PCBA (TRM),10-06103C,"PCBA, Terminal Board, Type C, Coated",Qualitel,1,1,1
08-04-2026,10-000622,IC ENERGY METER 1PHASE 32QFN,1,OTS,Each,Electrical Components,In Production,,MSAC,90-06700A,"MSA Controller, Boxed",Qualitel,1,2,2
08-04-2026,10-000622,IC ENERGY METER 1PHASE 32QFN,1,OTS,Each,Electrical Components,In Production,,Bridge,90-06801A,"Bridge, Type B, Boxed, Lunar Blue",Sienna,1,2,2
08-04-2026,10-000622,IC ENERGY METER 1PHASE 32QFN,1,OTS,Each,Electrical Components,In Production,,9.6 KW Inverter,90-06889C,"Inverter 9.6kW with Cover and Brackets, Boxed, Lunar Blue",Sienna,1,1,1
08-04-2026,10-004560,IC MODULATOR 16BIT 40K 32VQFN,1,OTS,Each,Electrical Components,In Production,,Terminal PCBA (TRM),10-06103C,"PCBA, Terminal Board, Type C, Coated",Qualitel,1,1,1
08-04-2026,10-004560,IC MODULATOR 16BIT 40K 32VQFN,1,OTS,Each,Electrical Components,In Production,,9.6 KW Inverter,90-06889C,"Inverter 9.6kW with Cover and Brackets, Boxed, Lunar Blue",Sienna,1,1,1
08-04-2026,10-001581,SPEED & CURRENT SENSORS PG-TISON,1,OTS,Each,Electrical Components,In Production,,Power PCBA (IPC),10-06105C,"PCBA, Power Board, Type C, Coated",Qualitel,1,5,5
08-04-2026,10-001581,SPEED & CURRENT SENSORS PG-TISON,1,OTS,Each,Electrical Components,In Production,,9.6 KW Inverter,90-06889C,"Inverter 9.6kW with Cover and Brackets, Boxed, Lunar Blue",Sienna,1,5,5
08-04-2026,10-006403,Visor,3,MTS,Each,Part,In Production,A//JPOND,9.6 KW Inverter,90-06889C,"Inverter 9.6kW with Cover and Brackets, Boxed, Lunar Blue",Sienna,1,1,0
08-04-2026,10-002732,FERRITE BEAD 1 KOHM 1206 1LN AEC-Q,2,OTS,Each,Electrical Components,In Production,,Terminal PCBA (TRM),10-06103C,"PCBA, Terminal Board, Type C, Coated",Qualitel,1,30,30
08-04-2026,10-002732,FERRITE BEAD 1 KOHM 1206 1LN AEC-Q,2,OTS,Each,Electrical Components,In Production,,MSAC,90-06700A,"MSA Controller, Boxed",Qualitel,1,6,6
08-04-2026,10-002732,FERRITE BEAD 1 KOHM 1206 1LN AEC-Q,2,OTS,Each,Electrical Components,In Production,,Bridge,90-06801A,"Bridge, Type B, Boxed, Lunar Blue",Sienna,1,2,2
08-04-2026,10-002732,FERRITE BEAD 1 KOHM 1206 1LN AEC-Q,2,OTS,Each,Electrical Components,In Production,,9.6 KW Inverter,90-06889C,"Inverter 9.6kW with Cover and Brackets, Boxed, Lunar Blue",Sienna,1,31,31
08-04-2026,10-002732,FERRITE BEAD 1 KOHM 1206 1LN AEC-Q,2,OTS,Each,Electrical Components,In Production,,2.0 LFP - EVT with cover,90-06948C,LFP Battery Block with ESS Cover and Wall Bracket,Qualitel,4,4,4
08-04-2026,10-002732,FERRITE BEAD 1 KOHM 1206 1LN AEC-Q,2,OTS,Each,Electrical Components,In Production,,2.0 LFP - EVT without cover,90-07675A,LFP Battery Block with Wall Bracket,Qualitel,4,4,0
08-04-2026,10-006271,CAP FILM 5UF 10% 600VDC RADIAL,1,OTS,Each,Electrical Components,In Production,,Terminal PCBA (TRM),10-06103C,"PCBA, Terminal Board, Type C, Coated",Qualitel,1,1,1
08-04-2026,10-006271,CAP FILM 5UF 10% 600VDC RADIAL,1,OTS,Each,Electrical Components,In Production,,9.6 KW Inverter,90-06889C,"Inverter 9.6kW with Cover and Brackets, Boxed, Lunar Blue",Sienna,1,1,1
08-04-2026,10-005901,"Cardboard, C-Flute, 275#",1,OTS,Each,Part,In Production,,Bridge,90-06801A,"Bridge, Type B, Boxed, Lunar Blue",Sienna,1,4,0
08-04-2026,10-06798A,"Packaging, Top Cap, Conduit Cover and Bug Barrier",1,MTS,Each,Part,In Production,A//JPOND,9.6 KW Inverter,90-06889C,"Inverter 9.6kW with Cover and Brackets, Boxed, Lunar Blue",Sienna,1,1,0
08-04-2026,10-006671,IC GATE AND 1CH 2-INP SC70-5,1,OTS,Each,Electrical Components,In Production,,11 KW Inverter,90-08096A,"Lunar 3 Inverter, Boxed",TBD,1,3,3
08-04-2026,10-06599A,"Poly Bag, Recloseable, 200mm x 40mm",1,MTS,Each,Part,In Production,,9.6 KW Inverter,90-06889C,"Inverter 9.6kW with Cover and Brackets, Boxed, Lunar Blue",Sienna,1,1,0
08-04-2026,10-06642A,"WIRE HARNESS, INVERTER, RF PASSTHRU, 4P, BLANK PLUGS",1,MTS,Each,Part,In Production,,9.6 KW Inverter,90-06889C,"Inverter 9.6kW with Cover and Brackets, Boxed, Lunar Blue",Sienna,1,1,0
08-04-2026,10-004341,"Screw,M3X6.5mm,SEMS and spring washer, BHT,T-8,ZiNi BC",1,OTS,Each,Part,In Production,A//Pencom,2.0 LFP - EVT with cover,90-06948C,LFP Battery Block with ESS Cover and Wall Bracket,Qualitel,4,12,12
08-04-2026,10-004341,"Screw,M3X6.5mm,SEMS and spring washer, BHT,T-8,ZiNi BC",1,OTS,Each,Part,In Production,A//Pencom,2.0 LFP - EVT without cover,90-07675A,LFP Battery Block with Wall Bracket,Qualitel,4,12,0
08-04-2026,10-004341,"Screw,M3X6.5mm,SEMS and spring washer, BHT,T-8,ZiNi BC",1,OTS,Each,Part,In Production,A//Pencom,2.1 LFP Block,90-08373A,"Battery Block with Wall Bracket, LFP, L2.1",Qualitel,4,12,12
08-04-2026,10-002407,"Screw,M5x13,SEMS,BHT T-25,Steel,Class 8.8,ZiNi BC",6,OTS,Each,Part,In Production,A//Pencom,Bridge,90-06801A,"Bridge, Type B, Boxed, Lunar Blue",Sienna,1,1,1
08-04-2026,10-002235,"Bolt, M5 x 14, T25 Drive, Steel, Zn-Ni Plated",1,OTS,Each,Part,In Production,A//Pencom,Bridge,90-06801A,"Bridge, Type B, Boxed, Lunar Blue",Sienna,1,18,18
08-04-2026,10-000857,TRANSFORMER SMD,1,OTS,Each,Electrical Components,In Production,,Terminal PCBA (TRM),10-06103C,"PCBA, Terminal Board, Type C, Coated",Qualitel,1,3,3
08-04-2026,10-000857,TRANSFORMER SMD,1,OTS,Each,Electrical Components,In Production,,Power PCBA (IPC),10-06105C,"PCBA, Power Board, Type C, Coated",Qualitel,1,1,1
08-04-2026,10-000857,TRANSFORMER SMD,1,OTS,Each,Electrical Components,In Production,,Bridge,90-06801A,"Bridge, Type B, Boxed, Lunar Blue",Sienna,1,3,3
08-04-2026,10-000857,TRANSFORMER SMD,1,OTS,Each,Electrical Components,In Production,,9.6 KW Inverter,90-06889C,"Inverter 9.6kW with Cover and Brackets, Boxed, Lunar Blue",Sienna,1,4,4
08-04-2026,10-000857,TRANSFORMER SMD,1,OTS,Each,Electrical Components,In Production,,11 KW Inverter,90-08096A,"Lunar 3 Inverter, Boxed",TBD,1,2,2
08-04-2026,10-005899,Module Industrial ESim MFF2 MultiSIM-M2M 4.2.1 5x6mm,1,OTS,Each,Electrical Components,In Production,,9.6 KW Inverter,90-06889C,"Inverter 9.6kW with Cover and Brackets, Boxed, Lunar Blue",Sienna,1,1,1
08-04-2026,10-005896,"Packaging, Lifting Tool, Corrugated Flute",1,MTS,Each,Part,In Production,A//Stephen Gould,Lifting Tool,90-005336,"Lifting Tool, Boxed",Sienna,1,2,0
08-04-2026,10-005825,IC Op Amp Single GP R-R O/P 5.5V Automotive AEC-Q100 5-Pin SOT-23,01,OTS,Each,Electrical Components,In Production,,Terminal PCBA (TRM),10-06103C,"PCBA, Terminal Board, Type C, Coated",Qualitel,1,3,3
08-04-2026,10-005825,IC Op Amp Single GP R-R O/P 5.5V Automotive AEC-Q100 5-Pin SOT-23,01,OTS,Each,Electrical Components,In Production,,Link,30-07519A,Lunar Link PCBA,Sienna,1,1,1
08-04-2026,10-005825,IC Op Amp Single GP R-R O/P 5.5V Automotive AEC-Q100 5-Pin SOT-23,01,OTS,Each,Electrical Components,In Production,,9.6 KW Inverter,90-06889C,"Inverter 9.6kW with Cover and Brackets, Boxed, Lunar Blue",Sienna,1,3,3
08-04-2026,10-005825,IC Op Amp Single GP R-R O/P 5.5V Automotive AEC-Q100 5-Pin SOT-23,01,OTS,Each,Electrical Components,In Production,,11 KW Inverter,90-08096A,"Lunar 3 Inverter, Boxed",TBD,1,3,3
08-04-2026,10-006278,CAP FILM 0.47UF 20% 630VDC RAD X2,1,OTS,Each,Electrical Components,In Production,,Terminal PCBA (TRM),10-06103C,"PCBA, Terminal Board, Type C, Coated",Qualitel,1,1,1
08-04-2026,10-006278,CAP FILM 0.47UF 20% 630VDC RAD X2,1,OTS,Each,Electrical Components,In Production,,9.6 KW Inverter,90-06889C,"Inverter 9.6kW with Cover and Brackets, Boxed, Lunar Blue",Sienna,1,1,1
08-04-2026,10-001711,FBead 0603 3A 30mOhm SMD,1,OTS,Each,Electrical Components,In Production,,Terminal PCBA (TRM),10-06103C,"PCBA, Terminal Board, Type C, Coated",Qualitel,1,2,2
08-04-2026,10-001711,FBead 0603 3A 30mOhm SMD,1,OTS,Each,Electrical Components,In Production,,Power PCBA (IPC),10-06105C,"PCBA, Power Board, Type C, Coated",Qualitel,1,2,2
08-04-2026,10-001711,FBead 0603 3A 30mOhm SMD,1,OTS,Each,Electrical Components,In Production,,Link,30-07519A,Lunar Link PCBA,Sienna,1,5,5
08-04-2026,10-001711,FBead 0603 3A 30mOhm SMD,1,OTS,Each,Electrical Components,In Production,,9.6 KW Inverter,90-06889C,"Inverter 9.6kW with Cover and Brackets, Boxed, Lunar Blue",Sienna,1,4,4
08-04-2026,10-001711,FBead 0603 3A 30mOhm SMD,1,OTS,Each,Electrical Components,In Production,,11 KW Inverter,90-08096A,"Lunar 3 Inverter, Boxed",TBD,1,1,1
08-04-2026,10-006382,"Latch, Swing, Bridge",3,MTS,Each,Part,In Production,,Bridge,90-06801A,"Bridge, Type B, Boxed, Lunar Blue",Sienna,1,1,0
08-04-2026,10-005501,"Assy, Enclosure Door, Bridge, W/ Terminal Diagram Label, Lunar Blue",3,MTS,Each,Part,In Production,,Bridge,90-06801A,"Bridge, Type B, Boxed, Lunar Blue",Sienna,1,1,0
08-04-2026,10-006363,ISOMOV 8KA 250VRMS -40 °C to +125 °C BULK CRIMPED LEADS,1,OTS,Each,Electrical Components,In Production,,Terminal PCBA (TRM),10-06103C,"PCBA, Terminal Board, Type C, Coated",Qualitel,1,1,1
08-04-2026,10-006363,ISOMOV 8KA 250VRMS -40 °C to +125 °C BULK CRIMPED LEADS,1,OTS,Each,Electrical Components,In Production,,9.6 KW Inverter,90-06889C,"Inverter 9.6kW with Cover and Brackets, Boxed, Lunar Blue",Sienna,1,1,1
08-04-2026,10-000626,"Rectangular Power Connector, 9 Contact(s), Male, Solder Terminal, Receptacle",1,OTS,Each,Electrical Components,In Production,,Bridge,90-06801A,"Bridge, Type B, Boxed, Lunar Blue",Sienna,1,1,1
08-04-2026,10-005465,"Packaging, Conduit Cover and Bug Barrier Assembly",2,MTS,Each,Part,In Production,P//JPOND,9.6 KW Inverter,90-06889C,"Inverter 9.6kW with Cover and Brackets, Boxed, Lunar Blue",Sienna,1,1,0
08-04-2026,10-001674,DIODE GEN PURP 600V 1A SMA,1,OTS,Each,Electrical Components,In Production,,Terminal PCBA (TRM),10-06103C,"PCBA, Terminal Board, Type C, Coated",Qualitel,1,6,6
08-04-2026,10-001674,DIODE GEN PURP 600V 1A SMA,1,OTS,Each,Electrical Components,In Production,,Bridge,90-06801A,"Bridge, Type B, Boxed, Lunar Blue",Sienna,1,3,3
08-04-2026,10-001674,DIODE GEN PURP 600V 1A SMA,1,OTS,Each,Electrical Components,In Production,,9.6 KW Inverter,90-06889C,"Inverter 9.6kW with Cover and Brackets, Boxed, Lunar Blue",Sienna,1,6,6
08-04-2026,10-001572,RES 249K OHM 1% 1/10W 0603,1,OTS,Each,Electrical Components,In Production,,PV Hub,90-004034,"Maximizer Hub, Boxed",Sienna,1,1,1
08-04-2026,10-001572,RES 249K OHM 1% 1/10W 0603,1,OTS,Each,Electrical Components,In Production,,Maximizer Box,90-06831D,"Maximizer, Boxed",Sienna,1,20,20
08-04-2026,10-000716,"TVS DIODE 12V/7V, 20V/12V SOT23",2,OTS,Each,Electrical Components,In Production,,Terminal PCBA (TRM),10-06103C,"PCBA, Terminal Board, Type C, Coated",Qualitel,1,1,1
08-04-2026,10-000716,"TVS DIODE 12V/7V, 20V/12V SOT23",2,OTS,Each,Electrical Components,In Production,,Power PCBA (IPC),10-06105C,"PCBA, Power Board, Type C, Coated",Qualitel,1,1,1
08-04-2026,10-000716,"TVS DIODE 12V/7V, 20V/12V SOT23",2,OTS,Each,Electrical Components,In Production,,MSAC,90-06700A,"MSA Controller, Boxed",Qualitel,1,1,1
08-04-2026,10-000716,"TVS DIODE 12V/7V, 20V/12V SOT23",2,OTS,Each,Electrical Components,In Production,,Bridge,90-06801A,"Bridge, Type B, Boxed, Lunar Blue",Sienna,1,2,2
08-04-2026,10-000716,"TVS DIODE 12V/7V, 20V/12V SOT23",2,OTS,Each,Electrical Components,In Production,,9.6 KW Inverter,90-06889C,"Inverter 9.6kW with Cover and Brackets, Boxed, Lunar Blue",Sienna,1,2,2
08-04-2026,10-000716,"TVS DIODE 12V/7V, 20V/12V SOT23",2,OTS,Each,Electrical Components,In Production,,2.0 LFP - EVT with cover,90-06948C,LFP Battery Block with ESS Cover and Wall Bracket,Qualitel,4,1,1
08-04-2026,10-000716,"TVS DIODE 12V/7V, 20V/12V SOT23",2,OTS,Each,Electrical Components,In Production,,2.0 LFP - EVT without cover,90-07675A,LFP Battery Block with Wall Bracket,Qualitel,4,1,0
08-04-2026,10-000675,RES SMD 12K OHM 1% 1/16W 0402 AEC-Q,1,OTS,Each,Electrical Components,In Production,,Terminal PCBA (TRM),10-06103C,"PCBA, Terminal Board, Type C, Coated",Qualitel,1,1,1
08-04-2026,10-000675,RES SMD 12K OHM 1% 1/16W 0402 AEC-Q,1,OTS,Each,Electrical Components,In Production,,PV Hub,90-004034,"Maximizer Hub, Boxed",Sienna,1,1,1
08-04-2026,10-000675,RES SMD 12K OHM 1% 1/16W 0402 AEC-Q,1,OTS,Each,Electrical Components,In Production,,Bridge,90-06801A,"Bridge, Type B, Boxed, Lunar Blue",Sienna,1,1,1
08-04-2026,10-000675,RES SMD 12K OHM 1% 1/16W 0402 AEC-Q,1,OTS,Each,Electrical Components,In Production,,9.6 KW Inverter,90-06889C,"Inverter 9.6kW with Cover and Brackets, Boxed, Lunar Blue",Sienna,1,1,1
08-04-2026,10-000675,RES SMD 12K OHM 1% 1/16W 0402 AEC-Q,1,OTS,Each,Electrical Components,In Production,,11 KW Inverter,90-08096A,"Lunar 3 Inverter, Boxed",TBD,1,3,3
08-04-2026,10-000624,IC TRANSFORMER DRIVER SOT23-6,1,OTS,Each,Electrical Components,In Design,,Link,30-07519A,Lunar Link PCBA,Sienna,1,2,2
08-04-2026,10-003595,Litz Wire Inductor,1,OTS,Each,Electrical Components,In Production,A//Bourns Inc.,9.6 KW Inverter,90-06889C,"Inverter 9.6kW with Cover and Brackets, Boxed, Lunar Blue",Sienna,1,3,0
08-04-2026,10-002476,CAP CER 22UF 25V X5R 0805,1,OTS,Each,Electrical Components,In Production,,Link,30-07519A,Lunar Link PCBA,Sienna,1,3,3
08-04-2026,10-002476,CAP CER 22UF 25V X5R 0805,1,OTS,Each,Electrical Components,In Production,,11 KW Inverter,90-08096A,"Lunar 3 Inverter, Boxed",TBD,1,5,5
08-04-2026,10-002348,"Terminal,Male,MX150L,Sn,14-16AWG",1,OTS,Each,Part,In Production,,9.6 KW Inverter,90-06889C,"Inverter 9.6kW with Cover and Brackets, Boxed, Lunar Blue",Sienna,1,15,0
08-04-2026,10-08449A,"Ultrafoot Base, Snapnrack, Deck, Black",1,OTS,Each,Part,In Production,A//SnapNrack Solar Mounting Solutions,PV Hub,90-004034,"Maximizer Hub, Boxed",Sienna,1,1,0
08-04-2026,10-07843A,"HE Inverter Front Door Closure Spring Left Assembly, Lunar 3",4,MTS,Each,Assembly,In Design,,11 KW Inverter,90-08096A,"Lunar 3 Inverter, Boxed",TBD,1,1,0
08-04-2026,10-005887,"Wall Bracket Assembly, Inverter",1,MTS,Each,Part,In Production,P//JPOND,9.6 KW Inverter,90-06889C,"Inverter 9.6kW with Cover and Brackets, Boxed, Lunar Blue",Sienna,1,1,1
08-04-2026,10-08402A,RES SMD 22K OHM 1% 1/4W 1206,1,OTS,Each,Electrical Components,In Production,,Link,30-07519A,Lunar Link PCBA,Sienna,1,1,1
08-04-2026,10-06704C,"Power Module, Inverter, Type C",8,MTS,Each,Assembly,In Production,,9.6 KW Inverter,90-06889C,"Inverter 9.6kW with Cover and Brackets, Boxed, Lunar Blue",Sienna,1,1,0
08-04-2026,10-007023,RES 549 OHM 1% 1/8W 0805,1,OTS,Each,Electrical Components,In Production,,Link,30-07519A,Lunar Link PCBA,Sienna,1,1,1
08-04-2026,20-07554C,Lunar 2.1 DCDC-BMS PCB,2,MTS,Each,PCB,In Planning,,2.1 LFP Block,90-08373A,"Battery Block with Wall Bracket, LFP, L2.1",Qualitel,4,1,0
08-04-2026,10-000253,CAP CER 0.1UF 50V X7R 0402 AEC-Q,2,OTS,Each,Electrical Components,Sunset - Phase Out,,Terminal PCBA (TRM),10-06103C,"PCBA, Terminal Board, Type C, Coated",Qualitel,1,124,124
08-04-2026,10-000253,CAP CER 0.1UF 50V X7R 0402 AEC-Q,2,OTS,Each,Electrical Components,Sunset - Phase Out,,Power PCBA (IPC),10-06105C,"PCBA, Power Board, Type C, Coated",Qualitel,1,19,19
08-04-2026,10-000253,CAP CER 0.1UF 50V X7R 0402 AEC-Q,2,OTS,Each,Electrical Components,Sunset - Phase Out,,PV Hub,90-004034,"Maximizer Hub, Boxed",Sienna,1,23,23
08-04-2026,10-000253,CAP CER 0.1UF 50V X7R 0402 AEC-Q,2,OTS,Each,Electrical Components,Sunset - Phase Out,,Bridge,90-06801A,"Bridge, Type B, Boxed, Lunar Blue",Sienna,1,68,68
08-04-2026,10-000253,CAP CER 0.1UF 50V X7R 0402 AEC-Q,2,OTS,Each,Electrical Components,Sunset - Phase Out,,9.6 KW Inverter,90-06889C,"Inverter 9.6kW with Cover and Brackets, Boxed, Lunar Blue",Sienna,1,233,233
08-04-2026,10-000253,CAP CER 0.1UF 50V X7R 0402 AEC-Q,2,OTS,Each,Electrical Components,Sunset - Phase Out,,2.0 LFP - EVT with cover,90-06948C,LFP Battery Block with ESS Cover and Wall Bracket,Qualitel,4,9,9
08-04-2026,10-000253,CAP CER 0.1UF 50V X7R 0402 AEC-Q,2,OTS,Each,Electrical Components,Sunset - Phase Out,,2.0 LFP - EVT without cover,90-07675A,LFP Battery Block with Wall Bracket,Qualitel,4,9,0
08-04-2026,10-003418,RES SMD 20 OHM 5% 1/2W 0805,1,OTS,Each,Electrical Components,Sunset - Phase Out,,11 KW Inverter,90-08096A,"Lunar 3 Inverter, Boxed",TBD,1,2,2
08-04-2026,10-006983,VARISTOR 750V 8KA 195J DISC 20MM,1,OTS,Each,Electrical Components,In Design,,11 KW Inverter,90-08096A,"Lunar 3 Inverter, Boxed",TBD,1,2,2
08-04-2026,10-07883A,"Sealer, Urethane, White",1,OTS,Milliliter,Part,In Design,,2.1 LFP Block,90-08373A,"Battery Block with Wall Bracket, LFP, L2.1",Qualitel,4,1,0
08-04-2026,10-07890A,Sidepanel,2,MTS,Each,Part,In Design,,2.1 LFP Block,90-08373A,"Battery Block with Wall Bracket, LFP, L2.1",Qualitel,4,4,0
08-04-2026,10-007009,"CMC 900MA 2LN 3 KOHM SMD (0.295"" L x 0.236"" W (7.50mm x 6.00mm))",1,OTS,Each,Electrical Components,Sunset - Phase Out,,11 KW Inverter,90-08096A,"Lunar 3 Inverter, Boxed",TBD,1,2,2
08-04-2026,10-002262,RES SMD 62 OHM 5% 1/4W 0603 AEC-Q,2,OTS,Each,Electrical Components,In Production,,9.6 KW Inverter,90-06889C,"Inverter 9.6kW with Cover and Brackets, Boxed, Lunar Blue",Sienna,1,1,1
08-04-2026,10-001375,RES 16K OHM 1% 1/10W 0603,2,OTS,Each,Electrical Components,In Production,,Power PCBA (IPC),10-06105C,"PCBA, Power Board, Type C, Coated",Qualitel,1,4,4
08-04-2026,10-001375,RES 16K OHM 1% 1/10W 0603,2,OTS,Each,Electrical Components,In Production,,9.6 KW Inverter,90-06889C,"Inverter 9.6kW with Cover and Brackets, Boxed, Lunar Blue",Sienna,1,4,4
08-04-2026,10-000678,RES SMD 150 OHM 1% 1/3W 0603 AEC-Q,2,OTS,Each,Electrical Components,Sunset - Phase Out,,Terminal PCBA (TRM),10-06103C,"PCBA, Terminal Board, Type C, Coated",Qualitel,1,1,1
08-04-2026,10-000678,RES SMD 150 OHM 1% 1/3W 0603 AEC-Q,2,OTS,Each,Electrical Components,Sunset - Phase Out,,PV Hub,90-004034,"Maximizer Hub, Boxed",Sienna,1,1,1
08-04-2026,10-000678,RES SMD 150 OHM 1% 1/3W 0603 AEC-Q,2,OTS,Each,Electrical Components,Sunset - Phase Out,,Bridge,90-06801A,"Bridge, Type B, Boxed, Lunar Blue",Sienna,1,1,1
08-04-2026,10-000678,RES SMD 150 OHM 1% 1/3W 0603 AEC-Q,2,OTS,Each,Electrical Components,Sunset - Phase Out,,9.6 KW Inverter,90-06889C,"Inverter 9.6kW with Cover and Brackets, Boxed, Lunar Blue",Sienna,1,1,1
08-04-2026,90-06948C,LFP Battery Block with ESS Cover and Wall Bracket,3,MTS,Each,Top Level Assembly,In Production,,2.0 LFP - EVT with cover,90-06948C,LFP Battery Block with ESS Cover and Wall Bracket,Qualitel,4,1,0
08-04-2026,10-006933,ANTENNA RF 2.4GHZ 5.8GHZ EMBEDDED WIFI?WLAN SMT (9.6MM X 8.4MM x 1.1MM),1,OTS,Each,Electrical Components,In Production,,11 KW Inverter,90-08096A,"Lunar 3 Inverter, Boxed",TBD,1,1,1
08-04-2026,10-06944B,"Lid, Enclosure, LFP BB",3,MTS,Each,Part,In Production,A//Sytech,2.0 LFP - EVT with cover,90-06948C,LFP Battery Block with ESS Cover and Wall Bracket,Qualitel,4,1,1
08-04-2026,10-06944B,"Lid, Enclosure, LFP BB",3,MTS,Each,Part,In Production,A//Sytech,2.0 LFP - EVT without cover,90-07675A,LFP Battery Block with Wall Bracket,Qualitel,4,1,0
08-04-2026,10-006931,TRANSFORMER CUSTOM 40A HIPOT 3000VRMS PTH 8-PIN (25.30MML X 16.00MMW X 20.40MMH),1,OTS,Each,Electrical Components,In Design,,11 KW Inverter,90-08096A,"Lunar 3 Inverter, Boxed",TBD,1,1,1
08-04-2026,10-006930,DIODE SCHOTTKY 80V 3A DO214AB (7.15L(Max) x 6.25W(Max) x 2.45L(Max)MM),1,OTS,Each,Electrical Components,In Planning,,Link,30-07519A,Lunar Link PCBA,Sienna,1,3,3
08-04-2026,10-003498,"Assy, SnapNRack, Maximizer Hub",3,MTS,Each,Assembly,In Production,A//SnapNrack Solar Mounting Solutions,PV Hub,90-004034,"Maximizer Hub, Boxed",Sienna,1,1,1
08-04-2026,10-006884,IC DRAM 4GBIT POD 78FBGA,1,OTS,Each,Electrical Components,In Production,,11 KW Inverter,90-08096A,"Lunar 3 Inverter, Boxed",TBD,1,2,2
08-04-2026,10-006887,CAP CER 33PF 50V C0G/NP0 0603,1,OTS,Each,Electrical Components,In Design,,11 KW Inverter,90-08096A,"Lunar 3 Inverter, Boxed",TBD,1,1,1
08-04-2026,10-004928,"Relay, 12V DC Coil, 100A, 1000V, IP67, H Contact Arrangement, 1 Form A Aux",1,OTS,Each,Electrical Components,In Production,,9.6 KW Inverter,90-06889C,"Inverter 9.6kW with Cover and Brackets, Boxed, Lunar Blue",Sienna,1,2,0
08-04-2026,10-001638,CAP CER 100PF 50V C0G/NP0 0603,1,OTS,Each,Electrical Components,In Design,,11 KW Inverter,90-08096A,"Lunar 3 Inverter, Boxed",TBD,1,2,2
08-04-2026,10-001065,CAP CER 0.047UF 50V X7R 0402 AEC-Q,1,OTS,Each,Electrical Components,In Design,,11 KW Inverter,90-08096A,"Lunar 3 Inverter, Boxed",TBD,1,2,2
08-04-2026,10-001190,IC AFE 7 CHAN 24BIT 40LFCSP-WQ,1,OTS,Each,Electrical Components,In Production,,Link,30-07519A,Lunar Link PCBA,Sienna,1,1,1
08-04-2026,10-001190,IC AFE 7 CHAN 24BIT 40LFCSP-WQ,1,OTS,Each,Electrical Components,In Production,,11 KW Inverter,90-08096A,"Lunar 3 Inverter, Boxed",TBD,1,1,1
08-04-2026,10-000702,"Interface Circuit, PDSO8",2,OTS,Each,Electrical Components,In Production,,Terminal PCBA (TRM),10-06103C,"PCBA, Terminal Board, Type C, Coated",Qualitel,1,1,1
08-04-2026,10-000702,"Interface Circuit, PDSO8",2,OTS,Each,Electrical Components,In Production,,Power PCBA (IPC),10-06105C,"PCBA, Power Board, Type C, Coated",Qualitel,1,1,1
08-04-2026,10-000702,"Interface Circuit, PDSO8",2,OTS,Each,Electrical Components,In Production,,MSAC,90-06700A,"MSA Controller, Boxed",Qualitel,1,1,1
08-04-2026,10-000702,"Interface Circuit, PDSO8",2,OTS,Each,Electrical Components,In Production,,Bridge,90-06801A,"Bridge, Type B, Boxed, Lunar Blue",Sienna,1,1,1
08-04-2026,10-000702,"Interface Circuit, PDSO8",2,OTS,Each,Electrical Components,In Production,,9.6 KW Inverter,90-06889C,"Inverter 9.6kW with Cover and Brackets, Boxed, Lunar Blue",Sienna,1,3,3
08-04-2026,10-000702,"Interface Circuit, PDSO8",2,OTS,Each,Electrical Components,In Production,,2.0 LFP - EVT with cover,90-06948C,LFP Battery Block with ESS Cover and Wall Bracket,Qualitel,4,1,1
08-04-2026,10-000702,"Interface Circuit, PDSO8",2,OTS,Each,Electrical Components,In Production,,2.0 LFP - EVT without cover,90-07675A,LFP Battery Block with Wall Bracket,Qualitel,4,1,0
08-04-2026,10-005189,MOSFET N-CH 80V 100A TDSON,1,OTS,Each,Electrical Components,In Production,,Maximizer Box,90-06831D,"Maximizer, Boxed",Sienna,1,20,20
08-04-2026,10-002103,"Wire, 2.0mm, Solid, Enamel Coated, Copper",1,OTS,Millimeter,Part,In Production,,Maximizer Box,90-06831D,"Maximizer, Boxed",Sienna,1,14600,0
08-04-2026,10-001571,CAP CER 39PF 50V C0G/NP0 0603,1,OTS,Each,Electrical Components,In Production,,Maximizer Box,90-06831D,"Maximizer, Boxed",Sienna,1,60,60
08-04-2026,10-002541,"Singe Wire Seals, 3.6 mm Cavity, Wire Diameter Range 1.2-1.6 mm",1,OTS,Each,Part,In Production,,9.6 KW Inverter,90-06889C,"Inverter 9.6kW with Cover and Brackets, Boxed, Lunar Blue",Sienna,1,22,0
08-04-2026,10-002724,"Sleeving, Polyester, 1/4IN ID, UL VW-1, 150C, Black",1,OTS,Millimeter,Part,In Production,,9.6 KW Inverter,90-06889C,"Inverter 9.6kW with Cover and Brackets, Boxed, Lunar Blue",Sienna,1,885,0
08-04-2026,10-002550,"Nano-Fit Receptacle Housing, TPA Capable, 2.50mm Pitch, Single Row, 3 Circuits, Natural",1,OTS,Each,Part,In Production,A//Molex,9.6 KW Inverter,90-06889C,"Inverter 9.6kW with Cover and Brackets, Boxed, Lunar Blue",Sienna,1,1,0
08-04-2026,10-005247,"Screw,M3x11mm,BHT T10,Flange,BF,Steel,Zinc",2,OTS,Each,Part,In Production,A//Unisteel,9.6 KW Inverter,90-06889C,"Inverter 9.6kW with Cover and Brackets, Boxed, Lunar Blue",Sienna,1,10,10
08-04-2026,10-006584,IC RTC CLK/CALENDAR I2C 10DFN,1,OTS,Each,Electrical Components,In Design,,11 KW Inverter,90-08096A,"Lunar 3 Inverter, Boxed",TBD,1,1,1
08-04-2026,10-005841,"ESS Aesthetic Cover NEC Label, Type 2",3,MTS,Each,Part,In Production,A//Stephen Gould,9.6 KW Inverter,90-06889C,"Inverter 9.6kW with Cover and Brackets, Boxed, Lunar Blue",Sienna,1,1,0
08-04-2026,10-003549,"ENCLOSURE WELDMENT, BRIDGE, LUNAR BLUE",9,MTS,Each,Part,In Production,,Bridge,90-06801A,"Bridge, Type B, Boxed, Lunar Blue",Sienna,1,1,0
08-04-2026,10-004116,"Enclosure, Bottom, Maximizer",5,MTS,Each,Part,In Production,A//Fictiv,Maximizer Box,90-06831D,"Maximizer, Boxed",Sienna,1,20,20
08-04-2026,10-000559,CAP CER 1000PF 50V X7R 0402 AEC-Q,1,OTS,Each,Electrical Components,Sunset - Phase Out,,Terminal PCBA (TRM),10-06103C,"PCBA, Terminal Board, Type C, Coated",Qualitel,1,38,38
08-04-2026,10-000559,CAP CER 1000PF 50V X7R 0402 AEC-Q,1,OTS,Each,Electrical Components,Sunset - Phase Out,,PV Hub,90-004034,"Maximizer Hub, Boxed",Sienna,1,4,4
08-04-2026,10-000559,CAP CER 1000PF 50V X7R 0402 AEC-Q,1,OTS,Each,Electrical Components,Sunset - Phase Out,,MSAC,90-06700A,"MSA Controller, Boxed",Qualitel,1,1,1
08-04-2026,10-000559,CAP CER 1000PF 50V X7R 0402 AEC-Q,1,OTS,Each,Electrical Components,Sunset - Phase Out,,Bridge,90-06801A,"Bridge, Type B, Boxed, Lunar Blue",Sienna,1,5,5
08-04-2026,10-000559,CAP CER 1000PF 50V X7R 0402 AEC-Q,1,OTS,Each,Electrical Components,Sunset - Phase Out,,9.6 KW Inverter,90-06889C,"Inverter 9.6kW with Cover and Brackets, Boxed, Lunar Blue",Sienna,1,38,38
08-04-2026,10-000559,CAP CER 1000PF 50V X7R 0402 AEC-Q,1,OTS,Each,Electrical Components,Sunset - Phase Out,,11 KW Inverter,90-08096A,"Lunar 3 Inverter, Boxed",TBD,1,33,33
08-04-2026,10-07516A,"Packaging, Assy, V-board & D/C Pad, Stitched",1,OTS,Each,Part,In Production,A//Veritiv Operating Company,2.0 LFP - EVT with cover,90-06948C,LFP Battery Block with ESS Cover and Wall Bracket,Qualitel,4,2,0
08-04-2026,10-07330A,"Powder Coat, Black, Textured, UL 1332",1,OTS,Gram,Part,In Production,,2.0 LFP - EVT with cover,90-06948C,LFP Battery Block with ESS Cover and Wall Bracket,Qualitel,4,200,0
08-04-2026,10-07330A,"Powder Coat, Black, Textured, UL 1332",1,OTS,Gram,Part,In Production,,2.0 LFP - EVT without cover,90-07675A,LFP Battery Block with Wall Bracket,Qualitel,4,200,0
08-04-2026,10-005726,"Packaging, Inverter with Cover and Brackets",3,MTS,Each,Part,In Production,,9.6 KW Inverter,90-06889C,"Inverter 9.6kW with Cover and Brackets, Boxed, Lunar Blue",Sienna,1,1,0
08-04-2026,10-06752A,"Thermal Bridge, GaN, DCDC",3,MTS,Each,Part,In Production,GS//Singleton,2.0 LFP - EVT with cover,90-06948C,LFP Battery Block with ESS Cover and Wall Bracket,Qualitel,4,15,15
08-04-2026,10-06752A,"Thermal Bridge, GaN, DCDC",3,MTS,Each,Part,In Production,GS//Singleton,2.0 LFP - EVT without cover,90-07675A,LFP Battery Block with Wall Bracket,Qualitel,4,15,0
08-04-2026,10-06752A,"Thermal Bridge, GaN, DCDC",3,MTS,Each,Part,In Production,GS//Singleton,2.1 LFP Block,90-08373A,"Battery Block with Wall Bracket, LFP, L2.1",Qualitel,4,15,15
08-04-2026,10-004943,Res Thick Film 0603 30.1K Ohm 1% 0.1W(1/10W) ±100ppm/°C Pad SMD T/R,2,OTS,Each,Electrical Components,Sunset - Phase Out,,Maximizer Box,90-06831D,"Maximizer, Boxed",Sienna,1,20,20
08-04-2026,10-004927,RES 51 OHM 1% 1/10W 0603 AEC-Q,1,OTS,Each,Electrical Components,In Production,,PV Hub,90-004034,"Maximizer Hub, Boxed",Sienna,1,1,1
08-04-2026,10-004927,RES 51 OHM 1% 1/10W 0603 AEC-Q,1,OTS,Each,Electrical Components,In Production,,11 KW Inverter,90-08096A,"Lunar 3 Inverter, Boxed",TBD,1,6,6
08-04-2026,10-003690,"Screw, SEMS, M3x0.5x35, Belleville Conical Washer",1,OTS,Each,Part,In Production,A//Pencom,9.6 KW Inverter,90-06889C,"Inverter 9.6kW with Cover and Brackets, Boxed, Lunar Blue",Sienna,1,3,3
08-04-2026,10-002729,CONN HEADER SMD 8POS 2.5MM,1,OTS,Each,Electrical Components,In Production,,9.6 KW Inverter,90-06889C,"Inverter 9.6kW with Cover and Brackets, Boxed, Lunar Blue",Sienna,1,1,1
08-04-2026,10-006707,RES SMD 330 OHM 1% 3/4W 1206 AEC-Q,1,OTS,Each,Electrical Components,In Production,,MSAC,90-06700A,"MSA Controller, Boxed",Qualitel,1,4,4
08-04-2026,10-08079A,"Lunar 3 Inverter Enclosure, Left Panel Insert, DVT1",3,MTS,Each,Part,In Design,,11 KW Inverter,90-08096A,"Lunar 3 Inverter, Boxed",TBD,1,1,0
08-04-2026,10-08080A,"Lunar 3 Inverter Enclosure, Right Panel, DVT1",3,MTS,Each,Part,In Design,,11 KW Inverter,90-08096A,"Lunar 3 Inverter, Boxed",TBD,1,1,0
08-04-2026,10-08105A,"Lunar 3 Inverter Enclosure, Right Bottom Rail, DVT1",3,MTS,Each,Part,In Design,,11 KW Inverter,90-08096A,"Lunar 3 Inverter, Boxed",TBD,1,1,0
08-04-2026,10-07833A,"Assy, Panel, End Cap, DCDC",4,MTS,Each,Assembly,In Planning,,2.1 LFP Block,90-08373A,"Battery Block with Wall Bracket, LFP, L2.1",Qualitel,4,1,0
08-04-2026,90-07675A,LFP Battery Block with Wall Bracket,1,MTS,Each,Top Level Assembly,In Production,A//Qualitel Corporation,2.0 LFP - EVT without cover,90-07675A,LFP Battery Block with Wall Bracket,Qualitel,4,1,1
08-04-2026,10-08111A,"Lunar 3 Inverter Enclosure, Rear Grill, Top Panel, DVT1",2,MTS,Each,Part,In Design,,11 KW Inverter,90-08096A,"Lunar 3 Inverter, Boxed",TBD,1,1,0
08-04-2026,10-07946A,"Assy, Cell Array, w/o CCS, L2.1",2,MTS,Each,Assembly,In Design,A//ACE Battery,2.1 LFP Block,90-08373A,"Battery Block with Wall Bracket, LFP, L2.1",Qualitel,4,1,1
08-04-2026,10-07202B,"Full Functional Assy, HE Inverter, Lunar 3",1,MTS,Each,Assembly,In Planning,,11 KW Inverter,90-08096A,"Lunar 3 Inverter, Boxed",TBD,1,1,0
08-04-2026,10-07920A,"Assy, Enclosure, L2.1",3,MTS,Each,Assembly,In Planning,GS//TBD,2.1 LFP Block,90-08373A,"Battery Block with Wall Bracket, LFP, L2.1",Qualitel,4,1,1
08-04-2026,10-007015,MOSFET 100V N-CH SINGLE 75A 80V 8-PPAK (6.3X5.4MM),1,OTS,Each,Electrical Components,In Planning,,Max 2.0 PCBA,30-07320F,Maximizer 2.0 PCBA,TBD,20,1,1
08-04-2026,10-06930D,"TIM, PCBA, DCDC, LFP DC ESS",2,MTS,Each,Part,In Design,GS//TBD,2.1 LFP Block,90-08373A,"Battery Block with Wall Bracket, LFP, L2.1",Qualitel,4,1,1
08-04-2026,10-003493,RES 100 OHM 1% 1/4W 1206 AEC-Q,1,OTS,Each,Electrical Components,In Production,,Bridge,90-06801A,"Bridge, Type B, Boxed, Lunar Blue",Sienna,1,1,1
08-04-2026,10-003493,RES 100 OHM 1% 1/4W 1206 AEC-Q,1,OTS,Each,Electrical Components,In Production,,2.0 LFP - EVT with cover,90-06948C,LFP Battery Block with ESS Cover and Wall Bracket,Qualitel,4,1,1
08-04-2026,10-003493,RES 100 OHM 1% 1/4W 1206 AEC-Q,1,OTS,Each,Electrical Components,In Production,,2.0 LFP - EVT without cover,90-07675A,LFP Battery Block with Wall Bracket,Qualitel,4,1,0
08-04-2026,10-003493,RES 100 OHM 1% 1/4W 1206 AEC-Q,1,OTS,Each,Electrical Components,In Production,,2.1 LFP Block,90-08373A,"Battery Block with Wall Bracket, LFP, L2.1",Qualitel,4,2,2
08-04-2026,10-005801,"TPE, 30 Shore A",1,OTS,Gram,Part,In Production,,2.0 LFP - EVT with cover,90-06948C,LFP Battery Block with ESS Cover and Wall Bracket,Qualitel,4,34.1,0
08-04-2026,10-005801,"TPE, 30 Shore A",1,OTS,Gram,Part,In Production,,2.0 LFP - EVT without cover,90-07675A,LFP Battery Block with Wall Bracket,Qualitel,4,34.1,0
08-04-2026,10-005801,"TPE, 30 Shore A",1,OTS,Gram,Part,In Production,,2.1 LFP Block,90-08373A,"Battery Block with Wall Bracket, LFP, L2.1",Qualitel,4,0.1,0
08-04-2026,10-003794,"Label, Wire Routing Diagram, PV Hub",2,MTS,Each,Part,In Production,A//Boyd Corporation,PV Hub,90-004034,"Maximizer Hub, Boxed",Sienna,1,1,1
08-04-2026,10-003340,"Wire, 16AWG, Stranded Conductor, UL1015, Red",1,OTS,Each,Part,In Production,,PV Hub,90-004034,"Maximizer Hub, Boxed",Sienna,1,1,0
08-04-2026,10-004061,DIODE GEN PURP 1KV 1A SMA,1,OTS,Each,Electrical Components,In Production,,PV Hub,90-004034,"Maximizer Hub, Boxed",Sienna,1,1,1
08-04-2026,10-002854,FIXED IND 6.8UH 3.6A 36 MOHM SMD,1,OTS,Each,Electrical Components,In Production,,PV Hub,90-004034,"Maximizer Hub, Boxed",Sienna,1,1,1
08-04-2026,10-002210,"Threaded Insert, Mold-In, M5, Steel, Zinc-Plated",1,OTS,Each,Part,In Production,A//Pencom,Bridge,90-06801A,"Bridge, Type B, Boxed, Lunar Blue",Sienna,1,17,0
08-04-2026,10-002006,ISOMOV 5KA 175VRMS BULK IN-LINE,1,OTS,Each,Electrical Components,In Production,,Bridge,90-06801A,"Bridge, Type B, Boxed, Lunar Blue",Sienna,1,2,2
08-04-2026,10-002006,ISOMOV 5KA 175VRMS BULK IN-LINE,1,OTS,Each,Electrical Components,In Production,,11 KW Inverter,90-08096A,"Lunar 3 Inverter, Boxed",TBD,1,5,5
08-04-2026,10-001229,DIODE SCHOTTKY 30V 2A SOD123W,1,OTS,Each,Electrical Components,Sunset - Phase Out,,MSAC,90-06700A,"MSA Controller, Boxed",Qualitel,1,1,1
08-04-2026,10-001905,"PPE/PS,F1,V0",1,OTS,Gram,Part,In Production,,PV Hub,90-004034,"Maximizer Hub, Boxed",Sienna,1,1,0
08-04-2026,10-001905,"PPE/PS,F1,V0",1,OTS,Gram,Part,In Production,,MSAC,90-06700A,"MSA Controller, Boxed",Qualitel,1,1,0
08-04-2026,10-001905,"PPE/PS,F1,V0",1,OTS,Gram,Part,In Production,,Bridge,90-06801A,"Bridge, Type B, Boxed, Lunar Blue",Sienna,1,5,0
08-04-2026,10-001905,"PPE/PS,F1,V0",1,OTS,Gram,Part,In Production,,Maximizer Box,90-06831D,"Maximizer, Boxed",Sienna,1,106,0
08-04-2026,10-001905,"PPE/PS,F1,V0",1,OTS,Gram,Part,In Production,,9.6 KW Inverter,90-06889C,"Inverter 9.6kW with Cover and Brackets, Boxed, Lunar Blue",Sienna,1,2,0
08-04-2026,10-001905,"PPE/PS,F1,V0",1,OTS,Gram,Part,In Production,,2.0 LFP - EVT with cover,90-06948C,LFP Battery Block with ESS Cover and Wall Bracket,Qualitel,4,300.6,0
08-04-2026,10-001905,"PPE/PS,F1,V0",1,OTS,Gram,Part,In Production,,2.0 LFP - EVT without cover,90-07675A,LFP Battery Block with Wall Bracket,Qualitel,4,300.6,0
08-04-2026,10-006750,CAP ALUMHYB 150UF 20% 35V SMD,1,OTS,Each,Electrical Components,In Production,,11 KW Inverter,90-08096A,"Lunar 3 Inverter, Boxed",TBD,1,6,6
08-04-2026,10-005313,RES 3.9K OHM 0.1% 1/10W 0603 AEC-Q,2,OTS,Each,Electrical Components,In Production,,Maximizer Box,90-06831D,"Maximizer, Boxed",Sienna,1,40,40
08-04-2026,10-004548,RES SMD 3 OHM 5% 1/10W 0402 AEC-Q,2,OTS,Each,Electrical Components,In Production,,2.0 LFP - EVT with cover,90-06948C,LFP Battery Block with ESS Cover and Wall Bracket,Qualitel,4,16,16
08-04-2026,10-004548,RES SMD 3 OHM 5% 1/10W 0402 AEC-Q,2,OTS,Each,Electrical Components,In Production,,2.0 LFP - EVT without cover,90-07675A,LFP Battery Block with Wall Bracket,Qualitel,4,16,0
08-04-2026,10-004548,RES SMD 3 OHM 5% 1/10W 0402 AEC-Q,2,OTS,Each,Electrical Components,In Production,,2.1 LFP Block,90-08373A,"Battery Block with Wall Bracket, LFP, L2.1",Qualitel,4,16,16
08-04-2026,10-007007,IC BUCK SWITCHING REGULATOR 100V 2A 35V OUTPUT MAX 19-QFN (3x5MM),1,OTS,Each,Electrical Components,In Planning,,Link,30-07519A,Lunar Link PCBA,Sienna,1,1,1
08-04-2026,10-006970,IC CURRENT SENSE AMPLIFIER SC-70-6 (2.15MM X 1.4MM),1,OTS,Each,Electrical Components,In Planning,,Max 2.0 PCBA,30-07320F,Maximizer 2.0 PCBA,TBD,20,2,2
08-04-2026,10-006986,RES SMD 7.5K OHM 1% 3/4W 2010,1,OTS,Each,Electrical Components,In Design,,11 KW Inverter,90-08096A,"Lunar 3 Inverter, Boxed",TBD,1,1,1
08-04-2026,10-006731,CAP ALUM 800UF 20% 315V RADIAL,1,OTS,Each,Electrical Components,In Design,,11 KW Inverter,90-08096A,"Lunar 3 Inverter, Boxed",TBD,1,12,12
08-04-2026,10-006951,IC INVERTER 1CH 1-INP SOT23-5 (2.9mm × 2.8mm),1,OTS,Each,Electrical Components,In Design,,11 KW Inverter,90-08096A,"Lunar 3 Inverter, Boxed",TBD,1,1,1
08-04-2026,10-006949,CONN HEADER VERT 8POS 2MM (22.62MML X 10.44MMLD X 14.6MMH),1,OTS,Each,Electrical Components,In Design,,11 KW Inverter,90-08096A,"Lunar 3 Inverter, Boxed",TBD,1,1,1
08-04-2026,10-006957,"IC HIGH-PRECISION, 50-MV INPUT, REI 16-SOIC (10.5(Max)MM X 7.6(Max)MM))",1,OTS,Each,Electrical Components,In Design,,11 KW Inverter,90-08096A,"Lunar 3 Inverter, Boxed",TBD,1,4,4
08-04-2026,10-006932,MODULE RF TXRX CELLULAR 700MHZ~2.7GHZ 3.4 - 4.2V SMD 181-LGA (28.2LMM X 28.2MMW X 2.6MMH),1,OTS,Each,Electrical Components,In Design,,11 KW Inverter,90-08096A,"Lunar 3 Inverter, Boxed",TBD,1,1,1
08-04-2026,10-006901,IC BUFF NON-INVERT 5.5V 14-TSSOP,1,OTS,Each,Electrical Components,In Design,,Max 2.0 PCBA,30-07320F,Maximizer 2.0 PCBA,TBD,20,1,1
08-04-2026,10-06970A,"Vent Valve, IP67, M12x1.5",2,MTS,Each,Part,In Production,"A//SHENZHEN ACE BATTERY CO., LTD",2.0 LFP - EVT with cover,90-06948C,LFP Battery Block with ESS Cover and Wall Bracket,Qualitel,4,1,1
08-04-2026,10-06970A,"Vent Valve, IP67, M12x1.5",2,MTS,Each,Part,In Production,"A//SHENZHEN ACE BATTERY CO., LTD",2.0 LFP - EVT without cover,90-07675A,LFP Battery Block with Wall Bracket,Qualitel,4,1,0
08-04-2026,10-06970A,"Vent Valve, IP67, M12x1.5",2,MTS,Each,Part,In Production,"A//SHENZHEN ACE BATTERY CO., LTD",2.1 LFP Block,90-08373A,"Battery Block with Wall Bracket, LFP, L2.1",Qualitel,4,2,2
08-04-2026,10-07589A,"Thermal Barrier, B",1,OTS,Each,Part,In Production,A//ACE Battery,2.0 LFP - EVT with cover,90-06948C,LFP Battery Block with ESS Cover and Wall Bracket,Qualitel,4,4,0
08-04-2026,10-07589A,"Thermal Barrier, B",1,OTS,Each,Part,In Production,A//ACE Battery,2.0 LFP - EVT without cover,90-07675A,LFP Battery Block with Wall Bracket,Qualitel,4,4,0
08-04-2026,10-07589A,"Thermal Barrier, B",1,OTS,Each,Part,In Production,A//ACE Battery,2.1 LFP Block,90-08373A,"Battery Block with Wall Bracket, LFP, L2.1",Qualitel,4,4,0
08-04-2026,10-07156A,"Cell, 100Ah, Standard Temp, 20% SOC, Great Power",1,OTS,Each,Part,In Production,"A//ACE Battery, A//ACE Battery",2.0 LFP - EVT with cover,90-06948C,LFP Battery Block with ESS Cover and Wall Bracket,Qualitel,4,16,0
08-04-2026,10-07156A,"Cell, 100Ah, Standard Temp, 20% SOC, Great Power",1,OTS,Each,Part,In Production,"A//ACE Battery, A//ACE Battery",2.0 LFP - EVT without cover,90-07675A,LFP Battery Block with Wall Bracket,Qualitel,4,16,0
08-04-2026,10-07156A,"Cell, 100Ah, Standard Temp, 20% SOC, Great Power",1,OTS,Each,Part,In Production,"A//ACE Battery, A//ACE Battery",2.1 LFP Block,90-08373A,"Battery Block with Wall Bracket, LFP, L2.1",Qualitel,4,16,0
08-04-2026,10-006923,CAP CER 10UF 50V X7R 1206,1,OTS,Each,Electrical Components,In Design,,11 KW Inverter,90-08096A,"Lunar 3 Inverter, Boxed",TBD,1,1,1
08-04-2026,10-07741A,"BUSBAR NEST, 1.5 MM ENCLOSURE",1,MTS,Each,Part,In Production,,2.0 LFP - EVT with cover,90-06948C,LFP Battery Block with ESS Cover and Wall Bracket,Qualitel,4,1,0
08-04-2026,10-07741A,"BUSBAR NEST, 1.5 MM ENCLOSURE",1,MTS,Each,Part,In Production,,2.0 LFP - EVT without cover,90-07675A,LFP Battery Block with Wall Bracket,Qualitel,4,1,0
08-04-2026,10-07543A,"Assy, ESS Top Cover W/ Compliance Label, 20 kWh",2,MTS,Each,Assembly,In Production,,LFP HW Kit,90-07290A,20kWh LFP ESS Hardware Kit,Sienna,1,1,0
08-04-2026,10-07271A,"Packaging, MSA Controller",1,MTS,Each,Part,In Production,,MSAC,90-06700A,"MSA Controller, Boxed",Qualitel,1,1,0
08-04-2026,10-006870,RES SMD 120 OHM 0.5% 1/10W 0603,1,OTS,Each,Electrical Components,In Design,,11 KW Inverter,90-08096A,"Lunar 3 Inverter, Boxed",TBD,1,2,2
08-04-2026,10-001664,CAP CER 4.7UF 100V X7S 1210 AEC-Q,1,OTS,Each,Electrical Components,Sunset - Phase Out,,Terminal PCBA (TRM),10-06103C,"PCBA, Terminal Board, Type C, Coated",Qualitel,1,1,1
08-04-2026,10-001664,CAP CER 4.7UF 100V X7S 1210 AEC-Q,1,OTS,Each,Electrical Components,Sunset - Phase Out,,Bridge,90-06801A,"Bridge, Type B, Boxed, Lunar Blue",Sienna,1,1,1
08-04-2026,10-001664,CAP CER 4.7UF 100V X7S 1210 AEC-Q,1,OTS,Each,Electrical Components,Sunset - Phase Out,,9.6 KW Inverter,90-06889C,"Inverter 9.6kW with Cover and Brackets, Boxed, Lunar Blue",Sienna,1,1,1
08-04-2026,10-001664,CAP CER 4.7UF 100V X7S 1210 AEC-Q,1,OTS,Each,Electrical Components,Sunset - Phase Out,,2.0 LFP - EVT with cover,90-06948C,LFP Battery Block with ESS Cover and Wall Bracket,Qualitel,4,5,5
08-04-2026,10-001664,CAP CER 4.7UF 100V X7S 1210 AEC-Q,1,OTS,Each,Electrical Components,Sunset - Phase Out,,2.0 LFP - EVT without cover,90-07675A,LFP Battery Block with Wall Bracket,Qualitel,4,5,0
08-04-2026,10-07168A,"Heater, Cell Array, 56V, 220W",1,MTS,Each,Part,In Production,A//ACE Battery,2.0 LFP - EVT with cover,90-06948C,LFP Battery Block with ESS Cover and Wall Bracket,Qualitel,4,1,0
08-04-2026,10-07168A,"Heater, Cell Array, 56V, 220W",1,MTS,Each,Part,In Production,A//ACE Battery,2.0 LFP - EVT without cover,90-07675A,LFP Battery Block with Wall Bracket,Qualitel,4,1,0
08-04-2026,10-07546A,CAP CER 3.3PF 50V C0G/NP0 0402,1,OTS,Each,Electrical Components,In Design,,Link,30-07519A,Lunar Link PCBA,Sienna,1,1,1
08-04-2026,10-07579A,Epoxy Plate,1,OTS,Each,Part,In Production,A//ACE Battery,2.0 LFP - EVT with cover,90-06948C,LFP Battery Block with ESS Cover and Wall Bracket,Qualitel,4,4,0
08-04-2026,10-07579A,Epoxy Plate,1,OTS,Each,Part,In Production,A//ACE Battery,2.0 LFP - EVT without cover,90-07675A,LFP Battery Block with Wall Bracket,Qualitel,4,4,0
08-04-2026,10-07576A,Side Insulation Plate,1,OTS,Each,Part,In Production,A//ACE Battery,2.0 LFP - EVT with cover,90-06948C,LFP Battery Block with ESS Cover and Wall Bracket,Qualitel,4,2,0
08-04-2026,10-07576A,Side Insulation Plate,1,OTS,Each,Part,In Production,A//ACE Battery,2.0 LFP - EVT without cover,90-07675A,LFP Battery Block with Wall Bracket,Qualitel,4,2,0
08-04-2026,10-07584A,Al Busbar Output,1,OTS,Each,Part,In Production,A//ACE Battery,2.0 LFP - EVT with cover,90-06948C,LFP Battery Block with ESS Cover and Wall Bracket,Qualitel,4,4,0
08-04-2026,10-07584A,Al Busbar Output,1,OTS,Each,Part,In Production,A//ACE Battery,2.0 LFP - EVT without cover,90-07675A,LFP Battery Block with Wall Bracket,Qualitel,4,4,0
08-04-2026,10-07562A,"Nut, M6, Hex, Serrated, Steel",1,OTS,Each,Part,In Production,A//ACE Battery,2.0 LFP - EVT with cover,90-06948C,LFP Battery Block with ESS Cover and Wall Bracket,Qualitel,4,16,0
08-04-2026,10-07562A,"Nut, M6, Hex, Serrated, Steel",1,OTS,Each,Part,In Production,A//ACE Battery,2.0 LFP - EVT without cover,90-07675A,LFP Battery Block with Wall Bracket,Qualitel,4,16,0
08-04-2026,90-005336,"Lifting Tool, Boxed",1,MTS,Each,Top Level Assembly,In Production,A//JPOND,Lifting Tool,90-005336,"Lifting Tool, Boxed",Sienna,1,1,1
08-04-2026,10-001625,CAP CER 100PF 630V C0G/NP0 1206 AEC-Q,1,OTS,Each,Electrical Components,Sunset - Phase Out,,Terminal PCBA (TRM),10-06103C,"PCBA, Terminal Board, Type C, Coated",Qualitel,1,1,1
08-04-2026,10-001625,CAP CER 100PF 630V C0G/NP0 1206 AEC-Q,1,OTS,Each,Electrical Components,Sunset - Phase Out,,9.6 KW Inverter,90-06889C,"Inverter 9.6kW with Cover and Brackets, Boxed, Lunar Blue",Sienna,1,1,1
08-04-2026,10-001625,CAP CER 100PF 630V C0G/NP0 1206 AEC-Q,1,OTS,Each,Electrical Components,Sunset - Phase Out,,11 KW Inverter,90-08096A,"Lunar 3 Inverter, Boxed",TBD,1,1,1
08-04-2026,10-003096,CAP CER 10UF 50V X7S 1210 AEC-Q,1,OTS,Each,Electrical Components,Sunset - Phase Out,,Terminal PCBA (TRM),10-06103C,"PCBA, Terminal Board, Type C, Coated",Qualitel,1,4,4
08-04-2026,10-003096,CAP CER 10UF 50V X7S 1210 AEC-Q,1,OTS,Each,Electrical Components,Sunset - Phase Out,,Bridge,90-06801A,"Bridge, Type B, Boxed, Lunar Blue",Sienna,1,2,2
08-04-2026,10-003096,CAP CER 10UF 50V X7S 1210 AEC-Q,1,OTS,Each,Electrical Components,Sunset - Phase Out,,9.6 KW Inverter,90-06889C,"Inverter 9.6kW with Cover and Brackets, Boxed, Lunar Blue",Sienna,1,4,4
08-04-2026,10-000560,CAP CER 470PF 50V X7R 0402 AEC-Q,1,OTS,Each,Electrical Components,Sunset - Phase Out,,Power PCBA (IPC),10-06105C,"PCBA, Power Board, Type C, Coated",Qualitel,1,4,4
08-04-2026,10-000560,CAP CER 470PF 50V X7R 0402 AEC-Q,1,OTS,Each,Electrical Components,Sunset - Phase Out,,PV Hub,90-004034,"Maximizer Hub, Boxed",Sienna,1,1,1
08-04-2026,10-000560,CAP CER 470PF 50V X7R 0402 AEC-Q,1,OTS,Each,Electrical Components,Sunset - Phase Out,,9.6 KW Inverter,90-06889C,"Inverter 9.6kW with Cover and Brackets, Boxed, Lunar Blue",Sienna,1,4,4
08-04-2026,10-000560,CAP CER 470PF 50V X7R 0402 AEC-Q,1,OTS,Each,Electrical Components,Sunset - Phase Out,,11 KW Inverter,90-08096A,"Lunar 3 Inverter, Boxed",TBD,1,2,2
08-04-2026,10-000561,CAP CER 10000PF 25V X7R 0402 AEC-Q,1,OTS,Each,Electrical Components,Sunset - Phase Out,,Terminal PCBA (TRM),10-06103C,"PCBA, Terminal Board, Type C, Coated",Qualitel,1,3,3
08-04-2026,10-000561,CAP CER 10000PF 25V X7R 0402 AEC-Q,1,OTS,Each,Electrical Components,Sunset - Phase Out,,PV Hub,90-004034,"Maximizer Hub, Boxed",Sienna,1,1,1
08-04-2026,10-000561,CAP CER 10000PF 25V X7R 0402 AEC-Q,1,OTS,Each,Electrical Components,Sunset - Phase Out,,MSAC,90-06700A,"MSA Controller, Boxed",Qualitel,1,8,8
08-04-2026,10-000561,CAP CER 10000PF 25V X7R 0402 AEC-Q,1,OTS,Each,Electrical Components,Sunset - Phase Out,,Bridge,90-06801A,"Bridge, Type B, Boxed, Lunar Blue",Sienna,1,7,7
08-04-2026,10-000561,CAP CER 10000PF 25V X7R 0402 AEC-Q,1,OTS,Each,Electrical Components,Sunset - Phase Out,,9.6 KW Inverter,90-06889C,"Inverter 9.6kW with Cover and Brackets, Boxed, Lunar Blue",Sienna,1,8,8
08-04-2026,10-000561,CAP CER 10000PF 25V X7R 0402 AEC-Q,1,OTS,Each,Electrical Components,Sunset - Phase Out,,11 KW Inverter,90-08096A,"Lunar 3 Inverter, Boxed",TBD,1,1,1
08-04-2026,10-005634,"Pin, 5mm OD, 30mm L, SS, Chamfered",4,MTS,Each,Part,In Production,,9.6 KW Inverter,90-06889C,"Inverter 9.6kW with Cover and Brackets, Boxed, Lunar Blue",Sienna,1,2,0
08-04-2026,10-07447A,"Rivet, Flush Mount, Blind, Aluminum, 3mm Diameter",1,OTS,Each,Part,In Planning,A//McMaster Carr,11 KW Inverter,90-08096A,"Lunar 3 Inverter, Boxed",TBD,1,8,0
08-04-2026,10-000569,CAP CER 1UF 35V X7R 0603 AEC-Q,1,OTS,Each,Electrical Components,Sunset - Phase Out,,Terminal PCBA (TRM),10-06103C,"PCBA, Terminal Board, Type C, Coated",Qualitel,1,5,5
08-04-2026,10-000569,CAP CER 1UF 35V X7R 0603 AEC-Q,1,OTS,Each,Electrical Components,Sunset - Phase Out,,Power PCBA (IPC),10-06105C,"PCBA, Power Board, Type C, Coated",Qualitel,1,1,1
08-04-2026,10-000569,CAP CER 1UF 35V X7R 0603 AEC-Q,1,OTS,Each,Electrical Components,Sunset - Phase Out,,PV Hub,90-004034,"Maximizer Hub, Boxed",Sienna,1,5,5
08-04-2026,10-000569,CAP CER 1UF 35V X7R 0603 AEC-Q,1,OTS,Each,Electrical Components,Sunset - Phase Out,,Bridge,90-06801A,"Bridge, Type B, Boxed, Lunar Blue",Sienna,1,9,9
08-04-2026,10-000569,CAP CER 1UF 35V X7R 0603 AEC-Q,1,OTS,Each,Electrical Components,Sunset - Phase Out,,9.6 KW Inverter,90-06889C,"Inverter 9.6kW with Cover and Brackets, Boxed, Lunar Blue",Sienna,1,7,7
08-04-2026,10-000569,CAP CER 1UF 35V X7R 0603 AEC-Q,1,OTS,Each,Electrical Components,Sunset - Phase Out,,2.0 LFP - EVT with cover,90-06948C,LFP Battery Block with ESS Cover and Wall Bracket,Qualitel,4,5,5
08-04-2026,10-000569,CAP CER 1UF 35V X7R 0603 AEC-Q,1,OTS,Each,Electrical Components,Sunset - Phase Out,,2.0 LFP - EVT without cover,90-07675A,LFP Battery Block with Wall Bracket,Qualitel,4,5,0
08-04-2026,10-07312A,"10-07312A Screw, M4x0.7, 10mm, BHT, Flange, Steel, ZN",1,OTS,Each,Part,In Planning,GS//TBD,11 KW Inverter,90-08096A,"Lunar 3 Inverter, Boxed",TBD,1,6,6
08-04-2026,10-06734D,"Asy, Busbar, Iph BAL",1,MTS,Each,Assembly,In Production,"A//Sanmina, A//Recodeal",9.6 KW Inverter,90-06889C,"Inverter 9.6kW with Cover and Brackets, Boxed, Lunar Blue",Sienna,1,1,1
08-04-2026,10-07245A,CONN MOD JACK 8PC8PC SHIELDED,1,OTS,Each,Electrical Components,In Design,,11 KW Inverter,90-08096A,"Lunar 3 Inverter, Boxed",TBD,1,2,2
08-04-2026,10-07175A,"Heatsink Seal Gasket, Inverter Gen 2",2,MTS,Each,Part,In Planning,GS//TBD,11 KW Inverter,90-08096A,"Lunar 3 Inverter, Boxed",TBD,1,1,1
08-04-2026,10-07211A,IC REG LINEAR 3.3V 1A SOT-223-4,1,OTS,Each,Electrical Components,In Design,,Max 2.0 PCBA,30-07320F,Maximizer 2.0 PCBA,TBD,20,1,1
08-04-2026,10-07278A,IC REG BOOST 5V 2.5A SOT23-5,1,OTS,Each,Electrical Components,In Production,,11 KW Inverter,90-08096A,"Lunar 3 Inverter, Boxed",TBD,1,1,1
08-04-2026,10-000555,RES SMD 52.3K OHM 1% 1/16W 0402 AEC-Q,1,OTS,Each,Electrical Components,In Production,,Terminal PCBA (TRM),10-06103C,"PCBA, Terminal Board, Type C, Coated",Qualitel,1,3,3
08-04-2026,10-000555,RES SMD 52.3K OHM 1% 1/16W 0402 AEC-Q,1,OTS,Each,Electrical Components,In Production,,9.6 KW Inverter,90-06889C,"Inverter 9.6kW with Cover and Brackets, Boxed, Lunar Blue",Sienna,1,3,3
08-04-2026,10-000555,RES SMD 52.3K OHM 1% 1/16W 0402 AEC-Q,1,OTS,Each,Electrical Components,In Production,,11 KW Inverter,90-08096A,"Lunar 3 Inverter, Boxed",TBD,1,1,1
08-04-2026,10-07083A,"WEDGE LOCK, 8P, PLG, GREEN, STD",1,OTS,Each,Part,In Production,,HW Kit,90-001223,"20kWh Hardware Kit, Lunar Blue",Sienna,1,4,0
08-04-2026,10-07083A,"WEDGE LOCK, 8P, PLG, GREEN, STD",1,OTS,Each,Part,In Production,,LFP HW Kit,90-07290A,20kWh LFP ESS Hardware Kit,Sienna,1,4,0
08-04-2026,10-07235A,"Cable Tie, Locking, Blk, 18 lbs, 100mm",1,OTS,Each,Part,In Production,A//Open AML,MSAC,90-06700A,"MSA Controller, Boxed",Qualitel,1,1,0
08-04-2026,10-07235A,"Cable Tie, Locking, Blk, 18 lbs, 100mm",1,OTS,Each,Part,In Production,A//Open AML,Bridge,90-06801A,"Bridge, Type B, Boxed, Lunar Blue",Sienna,1,2,0
08-04-2026,10-005681,FIXED IND 10UH 28A 2.5 MOHM SMD,2,OTS,Each,Electrical Components,In Production,,2.0 LFP - EVT with cover,90-06948C,LFP Battery Block with ESS Cover and Wall Bracket,Qualitel,4,1,1
08-04-2026,10-005681,FIXED IND 10UH 28A 2.5 MOHM SMD,2,OTS,Each,Electrical Components,In Production,,2.0 LFP - EVT without cover,90-07675A,LFP Battery Block with Wall Bracket,Qualitel,4,1,0
08-04-2026,10-005681,FIXED IND 10UH 28A 2.5 MOHM SMD,2,OTS,Each,Electrical Components,In Production,,2.1 LFP Block,90-08373A,"Battery Block with Wall Bracket, LFP, L2.1",Qualitel,4,1,1
08-04-2026,10-002209,"Insulation Tray, Core Module, Bridge",11,MTS,Each,Part,In Production,A//Fictiv,Bridge,90-06801A,"Bridge, Type B, Boxed, Lunar Blue",Sienna,1,1,1
08-04-2026,10-001246,"Tray,Blower,Inverter",8,MTS,Each,Assembly,In Production,A//Fictiv,9.6 KW Inverter,90-06889C,"Inverter 9.6kW with Cover and Brackets, Boxed, Lunar Blue",Sienna,1,1,1
08-04-2026,10-006086,"Inverter Packaging, Foam, Top, Left, V2",1,MTS,Each,Part,In Production,A//Veritiv Operating Company,9.6 KW Inverter,90-06889C,"Inverter 9.6kW with Cover and Brackets, Boxed, Lunar Blue",Sienna,1,1,1
08-04-2026,10-07046A,"Inductor Module Assy, Inverter",1,MTS,Each,Part,In Planning,GS//TBD,11 KW Inverter,90-08096A,"Lunar 3 Inverter, Boxed",TBD,1,1,1
08-04-2026,10-000610,CAP CER 0.022UF 50V X7R 0402 AEC-Q,1,OTS,Each,Electrical Components,Sunset - Phase Out,,Terminal PCBA (TRM),10-06103C,"PCBA, Terminal Board, Type C, Coated",Qualitel,1,2,2
08-04-2026,10-000610,CAP CER 0.022UF 50V X7R 0402 AEC-Q,1,OTS,Each,Electrical Components,Sunset - Phase Out,,Bridge,90-06801A,"Bridge, Type B, Boxed, Lunar Blue",Sienna,1,4,4
08-04-2026,10-000610,CAP CER 0.022UF 50V X7R 0402 AEC-Q,1,OTS,Each,Electrical Components,Sunset - Phase Out,,9.6 KW Inverter,90-06889C,"Inverter 9.6kW with Cover and Brackets, Boxed, Lunar Blue",Sienna,1,2,2
08-04-2026,10-000610,CAP CER 0.022UF 50V X7R 0402 AEC-Q,1,OTS,Each,Electrical Components,Sunset - Phase Out,,11 KW Inverter,90-08096A,"Lunar 3 Inverter, Boxed",TBD,1,11,11
08-04-2026,10-006759,CAP CER 680PF 440VAC RADIAL,1,OTS,Each,Electrical Components,In Design,,11 KW Inverter,90-08096A,"Lunar 3 Inverter, Boxed",TBD,1,3,3
08-04-2026,10-06906A,"Poly Bag, Recloseable, 100mm x 50mm",1,OTS,Each,Part,In Production,,Rogowski Coil,90-06789A,"Rogowski Coil, Boxed",Sienna,1,1,1
08-04-2026,10-003226,CAP CER 10UF 10V X5R 0402,1,OTS,Each,Electrical Components,In Design,,11 KW Inverter,90-08096A,"Lunar 3 Inverter, Boxed",TBD,1,9,9
08-04-2026,10-001603,CAP CER 10UF 35V X7R 1206,1,OTS,Each,Electrical Components,In Design,,11 KW Inverter,90-08096A,"Lunar 3 Inverter, Boxed",TBD,1,16,16
08-04-2026,10-004607,"Inverter Aesthetic Cover Assembly, LRG, Plastic, Suede",6,MTS,Each,Part,In Production,,9.6 KW Inverter,90-06889C,"Inverter 9.6kW with Cover and Brackets, Boxed, Lunar Blue",Sienna,1,1,0
08-04-2026,10-002932,RES 44.2K OHM 1% 1/10W 0603 AEC-Q,1,OTS,Each,Electrical Components,In Production,,Terminal PCBA (TRM),10-06103C,"PCBA, Terminal Board, Type C, Coated",Qualitel,1,1,1
08-04-2026,10-002932,RES 44.2K OHM 1% 1/10W 0603 AEC-Q,1,OTS,Each,Electrical Components,In Production,,9.6 KW Inverter,90-06889C,"Inverter 9.6kW with Cover and Brackets, Boxed, Lunar Blue",Sienna,1,1,1
08-04-2026,10-006365,"Torsion Spring, Latch, Bridge",3,MTS,Each,Part,In Production,,Bridge,90-06801A,"Bridge, Type B, Boxed, Lunar Blue",Sienna,1,1,0
08-04-2026,10-002311,IC SUPERVISOR 1 CHANNEL SOT23-8,1,OTS,Each,Electrical Components,Sunset - EOL,,9.6 KW Inverter,90-06889C,"Inverter 9.6kW with Cover and Brackets, Boxed, Lunar Blue",Sienna,1,1,1
08-04-2026,10-001809,Thick Film Resistors 0805 2Kohms 0.5W 1% AEC-Q200,1,OTS,Each,Electrical Components,In Production,,2.0 LFP - EVT with cover,90-06948C,LFP Battery Block with ESS Cover and Wall Bracket,Qualitel,4,2,2
08-04-2026,10-001809,Thick Film Resistors 0805 2Kohms 0.5W 1% AEC-Q200,1,OTS,Each,Electrical Components,In Production,,2.0 LFP - EVT without cover,90-07675A,LFP Battery Block with Wall Bracket,Qualitel,4,2,0
08-04-2026,10-001809,Thick Film Resistors 0805 2Kohms 0.5W 1% AEC-Q200,1,OTS,Each,Electrical Components,In Production,,11 KW Inverter,90-08096A,"Lunar 3 Inverter, Boxed",TBD,1,6,6
08-04-2026,10-001809,Thick Film Resistors 0805 2Kohms 0.5W 1% AEC-Q200,1,OTS,Each,Electrical Components,In Production,,2.1 LFP Block,90-08373A,"Battery Block with Wall Bracket, LFP, L2.1",Qualitel,4,2,2
08-04-2026,10-001736,CAP 1206 X7R 16V 10UF 10% SOFT TERM,1,OTS,Each,Electrical Components,Sunset - Phase Out,,Power PCBA (IPC),10-06105C,"PCBA, Power Board, Type C, Coated",Qualitel,1,2,2
08-04-2026,10-001736,CAP 1206 X7R 16V 10UF 10% SOFT TERM,1,OTS,Each,Electrical Components,Sunset - Phase Out,,9.6 KW Inverter,90-06889C,"Inverter 9.6kW with Cover and Brackets, Boxed, Lunar Blue",Sienna,1,2,2
08-04-2026,10-001736,CAP 1206 X7R 16V 10UF 10% SOFT TERM,1,OTS,Each,Electrical Components,Sunset - Phase Out,,2.0 LFP - EVT with cover,90-06948C,LFP Battery Block with ESS Cover and Wall Bracket,Qualitel,4,6,6
08-04-2026,10-001736,CAP 1206 X7R 16V 10UF 10% SOFT TERM,1,OTS,Each,Electrical Components,Sunset - Phase Out,,2.0 LFP - EVT without cover,90-07675A,LFP Battery Block with Wall Bracket,Qualitel,4,6,0
08-04-2026,10-001726,CAP CER 1000PF 50V C0G/NPO SOFT TERMINATION 0603,1,OTS,Each,Electrical Components,Sunset - Phase Out,,Terminal PCBA (TRM),10-06103C,"PCBA, Terminal Board, Type C, Coated",Qualitel,1,2,2
08-04-2026,10-001726,CAP CER 1000PF 50V C0G/NPO SOFT TERMINATION 0603,1,OTS,Each,Electrical Components,Sunset - Phase Out,,Power PCBA (IPC),10-06105C,"PCBA, Power Board, Type C, Coated",Qualitel,1,6,6
08-04-2026,10-001726,CAP CER 1000PF 50V C0G/NPO SOFT TERMINATION 0603,1,OTS,Each,Electrical Components,Sunset - Phase Out,,Maximizer Box,90-06831D,"Maximizer, Boxed",Sienna,1,120,120
08-04-2026,10-001726,CAP CER 1000PF 50V C0G/NPO SOFT TERMINATION 0603,1,OTS,Each,Electrical Components,Sunset - Phase Out,,9.6 KW Inverter,90-06889C,"Inverter 9.6kW with Cover and Brackets, Boxed, Lunar Blue",Sienna,1,8,8
08-04-2026,10-001726,CAP CER 1000PF 50V C0G/NPO SOFT TERMINATION 0603,1,OTS,Each,Electrical Components,Sunset - Phase Out,,2.0 LFP - EVT with cover,90-06948C,LFP Battery Block with ESS Cover and Wall Bracket,Qualitel,4,13,13
08-04-2026,10-001726,CAP CER 1000PF 50V C0G/NPO SOFT TERMINATION 0603,1,OTS,Each,Electrical Components,Sunset - Phase Out,,2.0 LFP - EVT without cover,90-07675A,LFP Battery Block with Wall Bracket,Qualitel,4,13,0
08-04-2026,10-001718,CAP CER 2200PF 100V X7R 0603 AEC-Q,1,OTS,Each,Electrical Components,Sunset - Phase Out,,2.0 LFP - EVT with cover,90-06948C,LFP Battery Block with ESS Cover and Wall Bracket,Qualitel,4,5,5
08-04-2026,10-001718,CAP CER 2200PF 100V X7R 0603 AEC-Q,1,OTS,Each,Electrical Components,Sunset - Phase Out,,2.0 LFP - EVT without cover,90-07675A,LFP Battery Block with Wall Bracket,Qualitel,4,5,0
08-04-2026,10-002206,"Bus Bar, BU, L1, Bridge",9,MTS,Each,Part,In Production,A//Avalon,Bridge,90-06801A,"Bridge, Type B, Boxed, Lunar Blue",Sienna,1,1,1
08-04-2026,10-001173,RES SMD 150 OHM 0.1% 1/10W 0603,1,OTS,Each,Electrical Components,In Production,,Power PCBA (IPC),10-06105C,"PCBA, Power Board, Type C, Coated",Qualitel,1,1,1
08-04-2026,10-001173,RES SMD 150 OHM 0.1% 1/10W 0603,1,OTS,Each,Electrical Components,In Production,,9.6 KW Inverter,90-06889C,"Inverter 9.6kW with Cover and Brackets, Boxed, Lunar Blue",Sienna,1,1,1
08-04-2026,10-001173,RES SMD 150 OHM 0.1% 1/10W 0603,1,OTS,Each,Electrical Components,In Production,,11 KW Inverter,90-08096A,"Lunar 3 Inverter, Boxed",TBD,1,1,1
08-04-2026,10-001153,RES SMD 10 OHM 1% 1/3W 0603 AEC-Q,2,OTS,Each,Electrical Components,In Production,,Terminal PCBA (TRM),10-06103C,"PCBA, Terminal Board, Type C, Coated",Qualitel,1,3,3
08-04-2026,10-001153,RES SMD 10 OHM 1% 1/3W 0603 AEC-Q,2,OTS,Each,Electrical Components,In Production,,Bridge,90-06801A,"Bridge, Type B, Boxed, Lunar Blue",Sienna,1,3,3
08-04-2026,10-001153,RES SMD 10 OHM 1% 1/3W 0603 AEC-Q,2,OTS,Each,Electrical Components,In Production,,Maximizer Box,90-06831D,"Maximizer, Boxed",Sienna,1,40,40
08-04-2026,10-001153,RES SMD 10 OHM 1% 1/3W 0603 AEC-Q,2,OTS,Each,Electrical Components,In Production,,9.6 KW Inverter,90-06889C,"Inverter 9.6kW with Cover and Brackets, Boxed, Lunar Blue",Sienna,1,3,3
08-04-2026,10-001153,RES SMD 10 OHM 1% 1/3W 0603 AEC-Q,2,OTS,Each,Electrical Components,In Production,,2.1 LFP Block,90-08373A,"Battery Block with Wall Bracket, LFP, L2.1",Qualitel,4,8,8
08-04-2026,10-000692,CAP CER 8PF 50V NP0 0402,1,OTS,Each,Electrical Components,In Production,,Terminal PCBA (TRM),10-06103C,"PCBA, Terminal Board, Type C, Coated",Qualitel,1,6,6
08-04-2026,10-000692,CAP CER 8PF 50V NP0 0402,1,OTS,Each,Electrical Components,In Production,,PV Hub,90-004034,"Maximizer Hub, Boxed",Sienna,1,2,2
08-04-2026,10-000692,CAP CER 8PF 50V NP0 0402,1,OTS,Each,Electrical Components,In Production,,MSAC,90-06700A,"MSA Controller, Boxed",Qualitel,1,4,4
08-04-2026,10-000692,CAP CER 8PF 50V NP0 0402,1,OTS,Each,Electrical Components,In Production,,Bridge,90-06801A,"Bridge, Type B, Boxed, Lunar Blue",Sienna,1,6,6
08-04-2026,10-000692,CAP CER 8PF 50V NP0 0402,1,OTS,Each,Electrical Components,In Production,,9.6 KW Inverter,90-06889C,"Inverter 9.6kW with Cover and Brackets, Boxed, Lunar Blue",Sienna,1,6,6
08-04-2026,10-000572,CAP CER 12PF 5% 50V C0H/CH 0402 AEC-Q,1,OTS,Each,Electrical Components,Sunset - Phase Out,,Terminal PCBA (TRM),10-06103C,"PCBA, Terminal Board, Type C, Coated",Qualitel,1,2,2
08-04-2026,10-000572,CAP CER 12PF 5% 50V C0H/CH 0402 AEC-Q,1,OTS,Each,Electrical Components,Sunset - Phase Out,,Bridge,90-06801A,"Bridge, Type B, Boxed, Lunar Blue",Sienna,1,4,4
08-04-2026,10-000572,CAP CER 12PF 5% 50V C0H/CH 0402 AEC-Q,1,OTS,Each,Electrical Components,Sunset - Phase Out,,9.6 KW Inverter,90-06889C,"Inverter 9.6kW with Cover and Brackets, Boxed, Lunar Blue",Sienna,1,2,2
08-04-2026,10-000572,CAP CER 12PF 5% 50V C0H/CH 0402 AEC-Q,1,OTS,Each,Electrical Components,Sunset - Phase Out,,11 KW Inverter,90-08096A,"Lunar 3 Inverter, Boxed",TBD,1,2,2
08-04-2026,10-000549,CAP CER 22UF 10V X7R 1206 AEC-Q,1,OTS,Each,Electrical Components,Sunset - Phase Out,,Terminal PCBA (TRM),10-06103C,"PCBA, Terminal Board, Type C, Coated",Qualitel,1,4,4
08-04-2026,10-000549,CAP CER 22UF 10V X7R 1206 AEC-Q,1,OTS,Each,Electrical Components,Sunset - Phase Out,,PV Hub,90-004034,"Maximizer Hub, Boxed",Sienna,1,4,4
08-04-2026,10-000549,CAP CER 22UF 10V X7R 1206 AEC-Q,1,OTS,Each,Electrical Components,Sunset - Phase Out,,Bridge,90-06801A,"Bridge, Type B, Boxed, Lunar Blue",Sienna,1,4,4
08-04-2026,10-000549,CAP CER 22UF 10V X7R 1206 AEC-Q,1,OTS,Each,Electrical Components,Sunset - Phase Out,,9.6 KW Inverter,90-06889C,"Inverter 9.6kW with Cover and Brackets, Boxed, Lunar Blue",Sienna,1,11,11
08-04-2026,10-005158,"Inductor Housing Plastic Pin Cap, D",4,MTS,Each,Part,In Production,A//Axtonne,9.6 KW Inverter,90-06889C,"Inverter 9.6kW with Cover and Brackets, Boxed, Lunar Blue",Sienna,1,1,1
08-04-2026,10-004973,LDO Regulator Pos 3.3V 0.8A Automotive AEC-Q100 8-Pin DSO EP T/R,2,OTS,Each,Electrical Components,In Production,,Maximizer Box,90-06831D,"Maximizer, Boxed",Sienna,1,20,20
08-04-2026,10-004719,"Wire Harness, Power, DC Contactors",5,MTS,Each,Part,In Production,A//Avalon,9.6 KW Inverter,90-06889C,"Inverter 9.6kW with Cover and Brackets, Boxed, Lunar Blue",Sienna,1,1,1
08-04-2026,10-004630,TVS DIODE 10VWM 17VC SMA,1,OTS,Each,Electrical Components,In Production,,Power PCBA (IPC),10-06105C,"PCBA, Power Board, Type C, Coated",Qualitel,1,1,1
08-04-2026,10-004630,TVS DIODE 10VWM 17VC SMA,1,OTS,Each,Electrical Components,In Production,,9.6 KW Inverter,90-06889C,"Inverter 9.6kW with Cover and Brackets, Boxed, Lunar Blue",Sienna,1,1,1
08-04-2026,10-004617,RES SMD 10.2KOHM 0.1% 1/16W 0402 AEC-Q,1,OTS,Each,Electrical Components,In Production,,Terminal PCBA (TRM),10-06103C,"PCBA, Terminal Board, Type C, Coated",Qualitel,1,2,2
08-04-2026,10-004617,RES SMD 10.2KOHM 0.1% 1/16W 0402 AEC-Q,1,OTS,Each,Electrical Components,In Production,,9.6 KW Inverter,90-06889C,"Inverter 9.6kW with Cover and Brackets, Boxed, Lunar Blue",Sienna,1,2,2
08-04-2026,10-004813,CAP CER 4.7UF 25V X6S 0603,1,OTS,Each,Electrical Components,In Production,,2.0 LFP - EVT with cover,90-06948C,LFP Battery Block with ESS Cover and Wall Bracket,Qualitel,4,2,2
08-04-2026,10-004813,CAP CER 4.7UF 25V X6S 0603,1,OTS,Each,Electrical Components,In Production,,2.0 LFP - EVT without cover,90-07675A,LFP Battery Block with Wall Bracket,Qualitel,4,2,0
08-04-2026,10-004813,CAP CER 4.7UF 25V X6S 0603,1,OTS,Each,Electrical Components,In Production,,11 KW Inverter,90-08096A,"Lunar 3 Inverter, Boxed",TBD,1,3,3
08-04-2026,10-004813,CAP CER 4.7UF 25V X6S 0603,1,OTS,Each,Electrical Components,In Production,,2.1 LFP Block,90-08373A,"Battery Block with Wall Bracket, LFP, L2.1",Qualitel,4,4,4
08-04-2026,10-003950,"O-Strip Tubing, 2.9mm OD x 1.6mm hollow x 1210mm length",5,MTS,Each,Part,In Production,A//Laird-Signal Integrity Products,9.6 KW Inverter,90-06889C,"Inverter 9.6kW with Cover and Brackets, Boxed, Lunar Blue",Sienna,1,1,1
08-04-2026,10-004512,Battery Aesthetic Cover Left Asy Suede,8,MTS,Each,Part,In Production,A//JPOND,2.0 LFP - EVT with cover,90-06948C,LFP Battery Block with ESS Cover and Wall Bracket,Qualitel,4,1,1
08-04-2026,10-004323,"TIM, Inductor Housing 1, Inverter Power Module",2,MTS,Each,Part,In Production,A//MyHeatSinks,9.6 KW Inverter,90-06889C,"Inverter 9.6kW with Cover and Brackets, Boxed, Lunar Blue",Sienna,1,1,1
08-04-2026,10-003041,RES SMD 100 OHM 0.1% 1/10W 0805,1,OTS,Each,Electrical Components,In Production,,Power PCBA (IPC),10-06105C,"PCBA, Power Board, Type C, Coated",Qualitel,1,16,16
08-04-2026,10-003041,RES SMD 100 OHM 0.1% 1/10W 0805,1,OTS,Each,Electrical Components,In Production,,9.6 KW Inverter,90-06889C,"Inverter 9.6kW with Cover and Brackets, Boxed, Lunar Blue",Sienna,1,16,16
08-04-2026,10-002906,FERRITE BEAD 1.3 KOHM 1812 1LN,1,OTS,Each,Electrical Components,In Production,,9.6 KW Inverter,90-06889C,"Inverter 9.6kW with Cover and Brackets, Boxed, Lunar Blue",Sienna,1,3,3
08-04-2026,10-002692,"Standoff,M3,M/F,4.76mm M,2.81mm F,6mm Shldr,Brass,Zi Cr,Nylon Patch",1,OTS,Each,Part,In Production,A//Pencom,9.6 KW Inverter,90-06889C,"Inverter 9.6kW with Cover and Brackets, Boxed, Lunar Blue",Sienna,1,12,12
08-04-2026,10-004006,"Fixed Resistor, Metal Glaze/thick Film, 0.1W, 10Mohm, 75V, 1% +/-Tol, 100ppm/Cel, Surface Mount,0603",1,OTS,Each,Electrical Components,In Planning,,2.1 LFP Block,90-08373A,"Battery Block with Wall Bracket, LFP, L2.1",Qualitel,4,3,3
08-04-2026,10-06644A,"Rogowski Coil, Magnelab",1,OTS,Each,Part,In Production,A//Magnelab,Rogowski Coil,90-06789A,"Rogowski Coil, Boxed",Sienna,1,2,2
08-04-2026,10-006703,RES 39K OHM 1% 1/16W 0402,1,OTS,Each,Electrical Components,In Production,,MSAC,90-06700A,"MSA Controller, Boxed",Qualitel,1,4,4
08-04-2026,10-006703,RES 39K OHM 1% 1/16W 0402,1,OTS,Each,Electrical Components,In Production,,11 KW Inverter,90-08096A,"Lunar 3 Inverter, Boxed",TBD,1,2,2
08-04-2026,10-006280,Busbar IphB,2,OTS,Each,Part,In Production,,9.6 KW Inverter,90-06889C,"Inverter 9.6kW with Cover and Brackets, Boxed, Lunar Blue",Sienna,1,1,0
08-04-2026,10-004492,RES 25.5K OHM 1% 2W 1206,1,OTS,Each,Electrical Components,In Production,,Terminal PCBA (TRM),10-06103C,"PCBA, Terminal Board, Type C, Coated",Qualitel,1,6,6
08-04-2026,10-004492,RES 25.5K OHM 1% 2W 1206,1,OTS,Each,Electrical Components,In Production,,9.6 KW Inverter,90-06889C,"Inverter 9.6kW with Cover and Brackets, Boxed, Lunar Blue",Sienna,1,6,6
08-04-2026,10-004492,RES 25.5K OHM 1% 2W 1206,1,OTS,Each,Electrical Components,In Production,,11 KW Inverter,90-08096A,"Lunar 3 Inverter, Boxed",TBD,1,6,6
08-04-2026,10-006699,FIXED IND 2.2UH 1.7A 72 MOHM SMD AEC-Q,2,OTS,Each,Electrical Components,In Production,,Terminal PCBA (TRM),10-06103C,"PCBA, Terminal Board, Type C, Coated",Qualitel,1,6,6
08-04-2026,10-006699,FIXED IND 2.2UH 1.7A 72 MOHM SMD AEC-Q,2,OTS,Each,Electrical Components,In Production,,9.6 KW Inverter,90-06889C,"Inverter 9.6kW with Cover and Brackets, Boxed, Lunar Blue",Sienna,1,6,6
08-04-2026,10-004712,"Wire, 10 AWG, UL 10086, Stranded, Red",1,OTS,Millimeter,Part,In Production,,9.6 KW Inverter,90-06889C,"Inverter 9.6kW with Cover and Brackets, Boxed, Lunar Blue",Sienna,1,700,0
08-04-2026,10-005614,"SNAP,MALE,5/8"",BRASS,THREADED,M4X0.7",1,OTS,Each,Part,In Production,P//JPOND,9.6 KW Inverter,90-06889C,"Inverter 9.6kW with Cover and Brackets, Boxed, Lunar Blue",Sienna,1,2,0
08-04-2026,10-002322,"Wire Harness, G/N Bond, Bridge",4,MTS,Each,Part,In Production,A//Avalon,Bridge,90-06801A,"Bridge, Type B, Boxed, Lunar Blue",Sienna,1,1,1
08-04-2026,10-002361,"Heat Spreader, GaN, DCDC",8,MTS,Each,Part,In Production,A//MyHeatSinks,2.0 LFP - EVT with cover,90-06948C,LFP Battery Block with ESS Cover and Wall Bracket,Qualitel,4,1,1
08-04-2026,10-002361,"Heat Spreader, GaN, DCDC",8,MTS,Each,Part,In Production,A//MyHeatSinks,2.0 LFP - EVT without cover,90-07675A,LFP Battery Block with Wall Bracket,Qualitel,4,1,0
08-04-2026,10-006659,CAP CER 100UF 10V X5R 1210,1,OTS,Each,Electrical Components,In Design,,11 KW Inverter,90-08096A,"Lunar 3 Inverter, Boxed",TBD,1,2,2
08-04-2026,10-000848,RES 510 OHM 0.1% 1/16W 0402 AEC-Q,1,OTS,Each,Electrical Components,In Production,,Terminal PCBA (TRM),10-06103C,"PCBA, Terminal Board, Type C, Coated",Qualitel,1,1,1
08-04-2026,10-000848,RES 510 OHM 0.1% 1/16W 0402 AEC-Q,1,OTS,Each,Electrical Components,In Production,,MSAC,90-06700A,"MSA Controller, Boxed",Qualitel,1,1,1
08-04-2026,10-000848,RES 510 OHM 0.1% 1/16W 0402 AEC-Q,1,OTS,Each,Electrical Components,In Production,,Bridge,90-06801A,"Bridge, Type B, Boxed, Lunar Blue",Sienna,1,1,1
08-04-2026,10-000848,RES 510 OHM 0.1% 1/16W 0402 AEC-Q,1,OTS,Each,Electrical Components,In Production,,9.6 KW Inverter,90-06889C,"Inverter 9.6kW with Cover and Brackets, Boxed, Lunar Blue",Sienna,1,1,1
08-04-2026,10-004111,"Inverter Aesthetic Cover, Main, Left, Short Conduit, Plastic, Suede",9,MTS,Each,Part,In Production,A//JPOND,9.6 KW Inverter,90-06889C,"Inverter 9.6kW with Cover and Brackets, Boxed, Lunar Blue",Sienna,1,1,0
08-04-2026,10-003603,"Label, MAC Address, Maximizer Hub",6,MTS,Each,Part,In Production,A//Open AML,PV Hub,90-004034,"Maximizer Hub, Boxed",Sienna,1,1,1
08-04-2026,10-002190,"Insulator Cap Neutral, Bridge",9,MTS,Each,Part,In Production,A//Fictiv,Bridge,90-06801A,"Bridge, Type B, Boxed, Lunar Blue",Sienna,1,1,1
08-04-2026,PS-000029,Silkscreen,3,MTS,Each,Product Specification,In Production,,Lifting Tool,90-005336,"Lifting Tool, Boxed",Sienna,1,2,0
08-04-2026,10-003710,Spring Lock,4,MTS,Each,Part,In Production,,Lifting Tool,90-005336,"Lifting Tool, Boxed",Sienna,1,4,0
08-04-2026,10-004203,CAP FILM 0.1UF 10% 1.5KVDC RAD AEC-Q,1,OTS,Each,Electrical Components,In Production,,Power PCBA (IPC),10-06105C,"PCBA, Power Board, Type C, Coated",Qualitel,1,6,6
08-04-2026,10-004203,CAP FILM 0.1UF 10% 1.5KVDC RAD AEC-Q,1,OTS,Each,Electrical Components,In Production,,9.6 KW Inverter,90-06889C,"Inverter 9.6kW with Cover and Brackets, Boxed, Lunar Blue",Sienna,1,9,9
08-04-2026,10-004598,TRANS NPN 40V 0.6A SOT23,1,OTS,Each,Electrical Components,In Production,,Maximizer Box,90-06831D,"Maximizer, Boxed",Sienna,1,20,20
08-04-2026,10-004091,CONN HEADER VERT 10POS 2MM,1,OTS,Each,Electrical Components,In Production,,Bridge,90-06801A,"Bridge, Type B, Boxed, Lunar Blue",Sienna,1,1,1
08-04-2026,10-003597,CAP FILM 0.68UF 10% 310VAC RAD,1,OTS,Each,Electrical Components,In Production,,Bridge,90-06801A,"Bridge, Type B, Boxed, Lunar Blue",Sienna,1,2,2
08-04-2026,10-000590,TVS DIODE 12.8VWM 27.2VC SMB,1,OTS,Each,Electrical Components,In Production,,Terminal PCBA (TRM),10-06103C,"PCBA, Terminal Board, Type C, Coated",Qualitel,1,1,1
08-04-2026,10-000590,TVS DIODE 12.8VWM 27.2VC SMB,1,OTS,Each,Electrical Components,In Production,,PV Hub,90-004034,"Maximizer Hub, Boxed",Sienna,1,1,1
08-04-2026,10-000590,TVS DIODE 12.8VWM 27.2VC SMB,1,OTS,Each,Electrical Components,In Production,,Bridge,90-06801A,"Bridge, Type B, Boxed, Lunar Blue",Sienna,1,1,1
08-04-2026,10-000590,TVS DIODE 12.8VWM 27.2VC SMB,1,OTS,Each,Electrical Components,In Production,,9.6 KW Inverter,90-06889C,"Inverter 9.6kW with Cover and Brackets, Boxed, Lunar Blue",Sienna,1,1,1
08-04-2026,10-08400A,"PCBA, Conformal Coated, Home Controller, HE Inverter",1,MTS,Each,Assembly,In Planning,,11 KW Inverter,90-08096A,"Lunar 3 Inverter, Boxed",TBD,1,1,0
08-04-2026,10-08379A,"Fan with Connector, DC-DC, Lunar 2.1",1,OTS,Each,Part,In Planning,,2.1 LFP Block,90-08373A,"Battery Block with Wall Bracket, LFP, L2.1",Qualitel,4,1,1
08-04-2026,10-07815A,"Wall Bracket, Inverter, GEN 2",3,MTS,Each,Part,In Planning,GS//TBD,11 KW Inverter,90-08096A,"Lunar 3 Inverter, Boxed",TBD,1,1,1
08-04-2026,10-08472A,"Screw, Wood, Sealing Washer, #14 x 3IN, 1/2IN Hex Head, SS",1,OTS,Each,Part,In Production,A//SnapNrack Solar Mounting Solutions,PV Hub,90-004034,"Maximizer Hub, Boxed",Sienna,1,2,0
08-04-2026,10-08336A,CCA Negative Side L2.1,1,OTS,Each,Part,In Design,A//CelLink Corporation,2.1 LFP Block,90-08373A,"Battery Block with Wall Bracket, LFP, L2.1",Qualitel,4,1,1
08-04-2026,10-08143A,"Sub Assy, Nest w/Overmolded Nuts CA 2.1",1,MTS,Each,Assembly,In Planning,,2.1 LFP Block,90-08373A,"Battery Block with Wall Bracket, LFP, L2.1",Qualitel,4,1,0
08-04-2026,10-08141A,"Sub Assy, Nest Busbar w/Sleeve Pos CA 2.1",1,MTS,Each,Assembly,In Design,,2.1 LFP Block,90-08373A,"Battery Block with Wall Bracket, LFP, L2.1",Qualitel,4,1,0
08-04-2026,10-07781A,"Module, Cell Array, L2.1",1,MTS,Each,Assembly,In Planning,,2.1 LFP Block,90-08373A,"Battery Block with Wall Bracket, LFP, L2.1",Qualitel,4,1,0
08-04-2026,10-007024,"CONN USB-C CHARGE ONLY RECEPTACLE, 6 PIN (8.94X6.80X3.16MM)",1,OTS,Each,Electrical Components,In Planning,,Link,30-07519A,Lunar Link PCBA,Sienna,1,1,1
08-04-2026,10-07984A,"Wire Harness, Inverter Exterior, Blowers/Ambient T, D CMJ5",2,MTS,Each,Assembly,In Production,P//Avalon,9.6 KW Inverter,90-06889C,"Inverter 9.6kW with Cover and Brackets, Boxed, Lunar Blue",Sienna,1,1,1
08-04-2026,10-08082A,"Cover, Trunk Harness",1,MTS,Each,Part,In Planning,GS//TBD,11 KW Inverter,90-08096A,"Lunar 3 Inverter, Boxed",TBD,1,1,1
08-04-2026,10-08003A,Busbar Al w/stud,1,MTS,Each,Assembly,In Design,,2.1 LFP Block,90-08373A,"Battery Block with Wall Bracket, LFP, L2.1",Qualitel,4,1,0
08-04-2026,10-08032A,STUD FHS-M6X10,1,MTS,Each,Part,In Production,,2.0 LFP - EVT with cover,90-06948C,LFP Battery Block with ESS Cover and Wall Bracket,Qualitel,4,1,0
08-04-2026,10-08032A,STUD FHS-M6X10,1,MTS,Each,Part,In Production,,2.0 LFP - EVT without cover,90-07675A,LFP Battery Block with Wall Bracket,Qualitel,4,1,0
08-04-2026,10-08032A,STUD FHS-M6X10,1,MTS,Each,Part,In Production,,2.1 LFP Block,90-08373A,"Battery Block with Wall Bracket, LFP, L2.1",Qualitel,4,2,0
08-04-2026,10-08008A,"Threaded Insert, M4x0.7, Heat-Set",1,OTS,Each,Part,In Design,A//McMaster,2.1 LFP Block,90-08373A,"Battery Block with Wall Bracket, LFP, L2.1",Qualitel,4,4,0
08-04-2026,10-005035,DIGITAL TRANSFORMER,1,OTS,Each,Electrical Components,In Production,,Terminal PCBA (TRM),10-06103C,"PCBA, Terminal Board, Type C, Coated",Qualitel,1,1,1
08-04-2026,10-005035,DIGITAL TRANSFORMER,1,OTS,Each,Electrical Components,In Production,,PV Hub,90-004034,"Maximizer Hub, Boxed",Sienna,1,1,1
08-04-2026,10-005035,DIGITAL TRANSFORMER,1,OTS,Each,Electrical Components,In Production,,9.6 KW Inverter,90-06889C,"Inverter 9.6kW with Cover and Brackets, Boxed, Lunar Blue",Sienna,1,1,1
08-04-2026,10-003592,CMC 20MH 500MA 2LN TH,1,OTS,Each,Electrical Components,In Production,,Terminal PCBA (TRM),10-06103C,"PCBA, Terminal Board, Type C, Coated",Qualitel,1,2,2
08-04-2026,10-003592,CMC 20MH 500MA 2LN TH,1,OTS,Each,Electrical Components,In Production,,9.6 KW Inverter,90-06889C,"Inverter 9.6kW with Cover and Brackets, Boxed, Lunar Blue",Sienna,1,2,2
08-04-2026,10-001583,TERM REDCUBE M3 9PIN PCB,1,OTS,Each,Electrical Components,In Production,,Terminal PCBA (TRM),10-06103C,"PCBA, Terminal Board, Type C, Coated",Qualitel,1,3,3
08-04-2026,10-001583,TERM REDCUBE M3 9PIN PCB,1,OTS,Each,Electrical Components,In Production,,Power PCBA (IPC),10-06105C,"PCBA, Power Board, Type C, Coated",Qualitel,1,7,7
08-04-2026,10-001583,TERM REDCUBE M3 9PIN PCB,1,OTS,Each,Electrical Components,In Production,,9.6 KW Inverter,90-06889C,"Inverter 9.6kW with Cover and Brackets, Boxed, Lunar Blue",Sienna,1,14,14
08-04-2026,10-002498,Secure Authenticator 8-TDFN-EP (2x2),1,OTS,Each,Electrical Components,In Production,,9.6 KW Inverter,90-06889C,"Inverter 9.6kW with Cover and Brackets, Boxed, Lunar Blue",Sienna,1,1,1
08-04-2026,10-002485,IC BUF NON-INVERT 5.5V SOT23-5,1,OTS,Each,Electrical Components,In Production,,9.6 KW Inverter,90-06889C,"Inverter 9.6kW with Cover and Brackets, Boxed, Lunar Blue",Sienna,1,1,1
08-04-2026,10-002465,IC REG LINEAR 1.8V 1A 8SOIC,1,OTS,Each,Electrical Components,In Production,,9.6 KW Inverter,90-06889C,"Inverter 9.6kW with Cover and Brackets, Boxed, Lunar Blue",Sienna,1,1,1
08-04-2026,10-002123,TVS DIODE 5VWM 6.8VC SOT23-6L,1,OTS,Each,Electrical Components,In Production,,9.6 KW Inverter,90-06889C,"Inverter 9.6kW with Cover and Brackets, Boxed, Lunar Blue",Sienna,1,5,5
08-04-2026,10-002123,TVS DIODE 5VWM 6.8VC SOT23-6L,1,OTS,Each,Electrical Components,In Production,,11 KW Inverter,90-08096A,"Lunar 3 Inverter, Boxed",TBD,1,2,2
08-04-2026,10-002090,"CMOS, 50MHz Min, 6000MHz Max, 1 Func, 0.75dB Insertion Loss-Max",1,OTS,Each,Electrical Components,In Production,,9.6 KW Inverter,90-06889C,"Inverter 9.6kW with Cover and Brackets, Boxed, Lunar Blue",Sienna,1,3,3
08-04-2026,10-001578,CONN 4P COAX HDR ASSY 180DEG COD A SHORT,1,OTS,Each,Electrical Components,In Production,,9.6 KW Inverter,90-06889C,"Inverter 9.6kW with Cover and Brackets, Boxed, Lunar Blue",Sienna,1,2,2
08-04-2026,10-004564,TRANS PNP 40V 0.2A SC75 SOT416,1,OTS,Each,Electrical Components,In Production,,Power PCBA (IPC),10-06105C,"PCBA, Power Board, Type C, Coated",Qualitel,1,3,3
08-04-2026,10-004564,TRANS PNP 40V 0.2A SC75 SOT416,1,OTS,Each,Electrical Components,In Production,,9.6 KW Inverter,90-06889C,"Inverter 9.6kW with Cover and Brackets, Boxed, Lunar Blue",Sienna,1,3,3
08-04-2026,10-002610,FERRITE BEAD 15 OHM 0603 1LN,2,OTS,Each,Electrical Components,In Production,,9.6 KW Inverter,90-06889C,"Inverter 9.6kW with Cover and Brackets, Boxed, Lunar Blue",Sienna,1,11,11
08-04-2026,10-002277,OR Gate IC 4 Channel - 14-SO,1,OTS,Each,Electrical Components,In Production,,Power PCBA (IPC),10-06105C,"PCBA, Power Board, Type C, Coated",Qualitel,1,1,1
08-04-2026,10-002277,OR Gate IC 4 Channel - 14-SO,1,OTS,Each,Electrical Components,In Production,,9.6 KW Inverter,90-06889C,"Inverter 9.6kW with Cover and Brackets, Boxed, Lunar Blue",Sienna,1,1,1
08-04-2026,10-001453,Analog Comparators LV Comparator 0.07mA 1.7mV 10nA 23mA,1,OTS,Each,Electrical Components,In Production,,Power PCBA (IPC),10-06105C,"PCBA, Power Board, Type C, Coated",Qualitel,1,2,2
08-04-2026,10-001453,Analog Comparators LV Comparator 0.07mA 1.7mV 10nA 23mA,1,OTS,Each,Electrical Components,In Production,,Link,30-07519A,Lunar Link PCBA,Sienna,1,1,1
08-04-2026,10-001453,Analog Comparators LV Comparator 0.07mA 1.7mV 10nA 23mA,1,OTS,Each,Electrical Components,In Production,,9.6 KW Inverter,90-06889C,"Inverter 9.6kW with Cover and Brackets, Boxed, Lunar Blue",Sienna,1,2,2
08-04-2026,10-003437,"Adhesive/Sealant, RTV Silicone",1,OTS,Milliliter,Part,In Production,GS//[TBD],PV Hub,90-004034,"Maximizer Hub, Boxed",Sienna,1,1,1
08-04-2026,10-003437,"Adhesive/Sealant, RTV Silicone",1,OTS,Milliliter,Part,In Production,GS//[TBD],Bridge,90-06801A,"Bridge, Type B, Boxed, Lunar Blue",Sienna,1,2,2
08-04-2026,10-003437,"Adhesive/Sealant, RTV Silicone",1,OTS,Milliliter,Part,In Production,GS//[TBD],11 KW Inverter,90-08096A,"Lunar 3 Inverter, Boxed",TBD,1,1,1
08-04-2026,10-004457,"Aluminum Nitride, k > 170 w/mK",1,OTS,Gram,Part,In Production,,2.0 LFP - EVT with cover,90-06948C,LFP Battery Block with ESS Cover and Wall Bracket,Qualitel,4,7,0
08-04-2026,10-004457,"Aluminum Nitride, k > 170 w/mK",1,OTS,Gram,Part,In Production,,2.0 LFP - EVT without cover,90-07675A,LFP Battery Block with Wall Bracket,Qualitel,4,7,0
08-04-2026,10-003935,"Wire,22 AWG,19/34,UL 10086,ETFE,Tinned,Copper,Black",1,OTS,Millimeter,Part,In Production,,9.6 KW Inverter,90-06889C,"Inverter 9.6kW with Cover and Brackets, Boxed, Lunar Blue",Sienna,1,4500,0
08-04-2026,10-004554,"Magnet, 0.375"" Dia x 0.25"" Thick, N42, Epoxy Coated",1,MTS,Each,Part,In Production,A//JPOND,9.6 KW Inverter,90-06889C,"Inverter 9.6kW with Cover and Brackets, Boxed, Lunar Blue",Sienna,1,2,0
08-04-2026,10-003667,"Wire,14 AWG,41/30,UL 758 Style 1569,Red",1,OTS,Millimeter,Part,In Production,"A//3Q WIRE & CABLE CO.,LTD",HW Kit,90-001223,"20kWh Hardware Kit, Lunar Blue",Sienna,1,4000,0
08-04-2026,10-003667,"Wire,14 AWG,41/30,UL 758 Style 1569,Red",1,OTS,Millimeter,Part,In Production,"A//3Q WIRE & CABLE CO.,LTD",9.6 KW Inverter,90-06889C,"Inverter 9.6kW with Cover and Brackets, Boxed, Lunar Blue",Sienna,1,1500,0
08-04-2026,10-003667,"Wire,14 AWG,41/30,UL 758 Style 1569,Red",1,OTS,Millimeter,Part,In Production,"A//3Q WIRE & CABLE CO.,LTD",LFP HW Kit,90-07290A,20kWh LFP ESS Hardware Kit,Sienna,1,4000,0
08-04-2026,10-005406,RES SMD 1K OHM 1% 1/16W 0402,1,OTS,Each,Electrical Components,In Design,,11 KW Inverter,90-08096A,"Lunar 3 Inverter, Boxed",TBD,1,28,28
08-04-2026,10-004974,Hi Side Single 5.5V 0.4A to 4A 6-Pin TSOT-26 T/R,1,OTS,Each,Electrical Components,In Production,,Maximizer Box,90-06831D,"Maximizer, Boxed",Sienna,1,20,20
08-04-2026,10-005317,"Conduit Cover, Full, Suede, with Gap Cover",2,MTS,Each,Part,In Production,,9.6 KW Inverter,90-06889C,"Inverter 9.6kW with Cover and Brackets, Boxed, Lunar Blue",Sienna,1,1,0
08-04-2026,10-005367,ASTM B221 6063 T42,1,MTS,Gram,Part,In Production,,9.6 KW Inverter,90-06889C,"Inverter 9.6kW with Cover and Brackets, Boxed, Lunar Blue",Sienna,1,3110,0
08-04-2026,10-003613,"Label Base, Thermal Transfer, Polyester",2,OTS,Each,Part,In Production,,PV Hub,90-004034,"Maximizer Hub, Boxed",Sienna,1,1,0
08-04-2026,10-003613,"Label Base, Thermal Transfer, Polyester",2,OTS,Each,Part,In Production,,Bridge,90-06801A,"Bridge, Type B, Boxed, Lunar Blue",Sienna,1,4,0
08-04-2026,10-003613,"Label Base, Thermal Transfer, Polyester",2,OTS,Each,Part,In Production,,9.6 KW Inverter,90-06889C,"Inverter 9.6kW with Cover and Brackets, Boxed, Lunar Blue",Sienna,1,1,0
08-04-2026,10-003594,FUSE BOARD MNT 750MA 250VAC 2SMD,1,OTS,Each,Electrical Components,In Production,,Terminal PCBA (TRM),10-06103C,"PCBA, Terminal Board, Type C, Coated",Qualitel,1,1,1
08-04-2026,10-003594,FUSE BOARD MNT 750MA 250VAC 2SMD,1,OTS,Each,Electrical Components,In Production,,Bridge,90-06801A,"Bridge, Type B, Boxed, Lunar Blue",Sienna,1,3,3
08-04-2026,10-003594,FUSE BOARD MNT 750MA 250VAC 2SMD,1,OTS,Each,Electrical Components,In Production,,9.6 KW Inverter,90-06889C,"Inverter 9.6kW with Cover and Brackets, Boxed, Lunar Blue",Sienna,1,1,1
08-04-2026,10-003357,XFMR CUSTOM SMD 12PIN 31.00 X 32.70 X 15.50MM MAX,1,OTS,Each,Electrical Components,In Production,,Bridge,90-06801A,"Bridge, Type B, Boxed, Lunar Blue",Sienna,1,1,1
08-04-2026,10-004417,"Self Clinching Nut, M8 Low Profile",1,OTS,Each,Part,In Production,"A//SHENZHEN RONGLING TECHNOLOGY CO.,LTD",HW Kit,90-001223,"20kWh Hardware Kit, Lunar Blue",Sienna,1,2,0
08-04-2026,10-004417,"Self Clinching Nut, M8 Low Profile",1,OTS,Each,Part,In Production,"A//SHENZHEN RONGLING TECHNOLOGY CO.,LTD",LFP HW Kit,90-07290A,20kWh LFP ESS Hardware Kit,Sienna,1,2,0
08-04-2026,10-004940,"Bottom Nest, Litz Wire Inductor, Power Module",1,OTS,Each,Part,In Production,A//Bourns Inc.,9.6 KW Inverter,90-06889C,"Inverter 9.6kW with Cover and Brackets, Boxed, Lunar Blue",Sienna,1,3,0
08-04-2026,10-002177,"ASSY, Bracket, Load Tray, Lower, Bridge",8,MTS,Each,Part,In Production,,Bridge,90-06801A,"Bridge, Type B, Boxed, Lunar Blue",Sienna,1,1,0
08-04-2026,10-002185,"ASSY, ENCLOSURE REAR, Bridge",12,MTS,Each,Part,In Production,,Bridge,90-06801A,"Bridge, Type B, Boxed, Lunar Blue",Sienna,1,1,0
08-04-2026,10-003797,"Wire, 20 AWG, 21/0.178 Strand, UL1007, Tinned, Wht",1,OTS,Millimeter,Part,In Production,A//Southwire,Bridge,90-06801A,"Bridge, Type B, Boxed, Lunar Blue",Sienna,1,291,0
08-04-2026,10-003797,"Wire, 20 AWG, 21/0.178 Strand, UL1007, Tinned, Wht",1,OTS,Millimeter,Part,In Production,A//Southwire,9.6 KW Inverter,90-06889C,"Inverter 9.6kW with Cover and Brackets, Boxed, Lunar Blue",Sienna,1,100,0
08-04-2026,WI-000091,"Packaging Instruction, Conduit Covers and Bug Barriers",1,MTS,Each,Work Instruction,In Production,,9.6 KW Inverter,90-06889C,"Inverter 9.6kW with Cover and Brackets, Boxed, Lunar Blue",Sienna,1,1,0
08-04-2026,10-000489,"CONN, RCPT, MX150L, 14-16AWG, TPA, CPA",2,OTS,Each,Part,In Production,,HW Kit,90-001223,"20kWh Hardware Kit, Lunar Blue",Sienna,1,1,0
08-04-2026,10-000489,"CONN, RCPT, MX150L, 14-16AWG, TPA, CPA",2,OTS,Each,Part,In Production,,LFP HW Kit,90-07290A,20kWh LFP ESS Hardware Kit,Sienna,1,1,0
08-04-2026,10-004858,"VersaBlade Female Crimp Terminal, Tin (Sn) Plating, 20-22 AWG",1,OTS,Each,Part,In Production,,9.6 KW Inverter,90-06889C,"Inverter 9.6kW with Cover and Brackets, Boxed, Lunar Blue",Sienna,1,1,0
08-04-2026,10-004389,"Pin, 4 mm D, 12mm L, Undersized, S/S",1,OTS,Each,Part,In Production,A//McMaster,9.6 KW Inverter,90-06889C,"Inverter 9.6kW with Cover and Brackets, Boxed, Lunar Blue",Sienna,1,2,0
08-04-2026,10-004077,"Silicone Adhesive, 0.14mm thick, Double Coated Polyester Tape",1,OTS,Each,Part,In Production,,9.6 KW Inverter,90-06889C,"Inverter 9.6kW with Cover and Brackets, Boxed, Lunar Blue",Sienna,1,2,0
08-04-2026,10-001401,CONN HEADER SMD 6POS 2.54MM,1,OTS,Each,Electrical Components,In Design,,2.1 LFP Block,90-08373A,"Battery Block with Wall Bracket, LFP, L2.1",Qualitel,4,1,1
08-04-2026,10-003010,"Insulator With Adhesive, Load Tray, Bridge",2,MTS,Each,Part,In Production,,Bridge,90-06801A,"Bridge, Type B, Boxed, Lunar Blue",Sienna,1,1,0
08-04-2026,10-001271,"MC4 Pigtail, Male, 200mm",10,MTS,Each,Part,In Production,A//Avalon,Maximizer Box,90-06831D,"Maximizer, Boxed",Sienna,1,20,20
08-04-2026,10-003063,RES SMD 64.9K OHM 1% 1/10W 0603 AEC-Q,2,OTS,Each,Electrical Components,In Production,,Power PCBA (IPC),10-06105C,"PCBA, Power Board, Type C, Coated",Qualitel,1,4,4
08-04-2026,10-003063,RES SMD 64.9K OHM 1% 1/10W 0603 AEC-Q,2,OTS,Each,Electrical Components,In Production,,9.6 KW Inverter,90-06889C,"Inverter 9.6kW with Cover and Brackets, Boxed, Lunar Blue",Sienna,1,4,4
08-04-2026,10-002504,RES 44.2K OHM 1% 1/16W 0402,2,OTS,Each,Electrical Components,In Production,,9.6 KW Inverter,90-06889C,"Inverter 9.6kW with Cover and Brackets, Boxed, Lunar Blue",Sienna,1,1,1
08-04-2026,10-001159,RES SMD 10 OHM 1% 1/3W 0603 AEC-Q,3,OTS,Each,Electrical Components,Sunset - Phase Out,,Maximizer Box,90-06831D,"Maximizer, Boxed",Sienna,1,40,40
08-04-2026,10-001159,RES SMD 10 OHM 1% 1/3W 0603 AEC-Q,3,OTS,Each,Electrical Components,Sunset - Phase Out,,2.0 LFP - EVT with cover,90-06948C,LFP Battery Block with ESS Cover and Wall Bracket,Qualitel,4,11,11
08-04-2026,10-001159,RES SMD 10 OHM 1% 1/3W 0603 AEC-Q,3,OTS,Each,Electrical Components,Sunset - Phase Out,,2.0 LFP - EVT without cover,90-07675A,LFP Battery Block with Wall Bracket,Qualitel,4,11,0
08-04-2026,10-006990,CAP CER 1UF 10V X5R 0201,1,OTS,Each,Electrical Components,In Design,,11 KW Inverter,90-08096A,"Lunar 3 Inverter, Boxed",TBD,1,5,5
08-04-2026,10-006989,RES SMD 24.6KOHM 0.1% 1/10W 0603,1,OTS,Each,Electrical Components,In Design,,11 KW Inverter,90-08096A,"Lunar 3 Inverter, Boxed",TBD,1,1,1
08-04-2026,10-006765,RES 0.2 mOHMS 1% 8W 1216 WIDE,2,OTS,Each,Electrical Components,Sunset - Phase Out,,11 KW Inverter,90-08096A,"Lunar 3 Inverter, Boxed",TBD,1,5,5
08-04-2026,10-006675,RES SMD 51K OHM 0.1% 1/10W 0603,2,OTS,Each,Electrical Components,In Production,,Power PCBA (IPC),10-06105C,"PCBA, Power Board, Type C, Coated",Qualitel,1,1,1
08-04-2026,10-006675,RES SMD 51K OHM 0.1% 1/10W 0603,2,OTS,Each,Electrical Components,In Production,,9.6 KW Inverter,90-06889C,"Inverter 9.6kW with Cover and Brackets, Boxed, Lunar Blue",Sienna,1,1,1
08-04-2026,10-06647B,"PCBA DCDC/BMS, with Conformal Coating",2,MTS,Each,Part,In Production,,2.0 LFP - EVT with cover,90-06948C,LFP Battery Block with ESS Cover and Wall Bracket,Qualitel,4,1,0
08-04-2026,10-06647B,"PCBA DCDC/BMS, with Conformal Coating",2,MTS,Each,Part,In Production,,2.0 LFP - EVT without cover,90-07675A,LFP Battery Block with Wall Bracket,Qualitel,4,1,0
08-04-2026,10-000662,"Buffer/Inverter Based MOSFET Driver, PDSO8",1,OTS,Each,Electrical Components,Sunset - EOL,,Power PCBA (IPC),10-06105C,"PCBA, Power Board, Type C, Coated",Qualitel,1,1,1
08-04-2026,10-000662,"Buffer/Inverter Based MOSFET Driver, PDSO8",1,OTS,Each,Electrical Components,Sunset - EOL,,Bridge,90-06801A,"Bridge, Type B, Boxed, Lunar Blue",Sienna,1,1,1
08-04-2026,10-000662,"Buffer/Inverter Based MOSFET Driver, PDSO8",1,OTS,Each,Electrical Components,Sunset - EOL,,9.6 KW Inverter,90-06889C,"Inverter 9.6kW with Cover and Brackets, Boxed, Lunar Blue",Sienna,1,1,1
08-04-2026,10-006911,RES 22.1K OHM 1% 1/16W 0402,1,OTS,Each,Electrical Components,In Design,,11 KW Inverter,90-08096A,"Lunar 3 Inverter, Boxed",TBD,1,2,2
08-04-2026,10-005857,"Packaging, Bridge, Back Cap Pad",1,OTS,Each,Part,In Production,GS//Stephen Gould,Bridge,90-06801A,"Bridge, Type B, Boxed, Lunar Blue",Sienna,1,3,3
08-04-2026,10-006881,RES 57.6K OHM 1% 1/10W 0603,1,OTS,Each,Electrical Components,In Design,,11 KW Inverter,90-08096A,"Lunar 3 Inverter, Boxed",TBD,1,1,1
08-04-2026,10-000645,RES SMD 100K OHM 1% 1/16W 0402 AEC-Q,1,OTS,Each,Electrical Components,In Production,,Terminal PCBA (TRM),10-06103C,"PCBA, Terminal Board, Type C, Coated",Qualitel,1,6,6
08-04-2026,10-000645,RES SMD 100K OHM 1% 1/16W 0402 AEC-Q,1,OTS,Each,Electrical Components,In Production,,PV Hub,90-004034,"Maximizer Hub, Boxed",Sienna,1,3,3
08-04-2026,10-000645,RES SMD 100K OHM 1% 1/16W 0402 AEC-Q,1,OTS,Each,Electrical Components,In Production,,MSAC,90-06700A,"MSA Controller, Boxed",Qualitel,1,3,3
08-04-2026,10-000645,RES SMD 100K OHM 1% 1/16W 0402 AEC-Q,1,OTS,Each,Electrical Components,In Production,,Bridge,90-06801A,"Bridge, Type B, Boxed, Lunar Blue",Sienna,1,5,5
08-04-2026,10-000645,RES SMD 100K OHM 1% 1/16W 0402 AEC-Q,1,OTS,Each,Electrical Components,In Production,,9.6 KW Inverter,90-06889C,"Inverter 9.6kW with Cover and Brackets, Boxed, Lunar Blue",Sienna,1,8,8
08-04-2026,10-000645,RES SMD 100K OHM 1% 1/16W 0402 AEC-Q,1,OTS,Each,Electrical Components,In Production,,11 KW Inverter,90-08096A,"Lunar 3 Inverter, Boxed",TBD,1,1,1
08-04-2026,10-07089A,"Harness, Trunk, 20 kWh, Type B",3,MTS,Each,Part,In Production,A//Avalon,HW Kit,90-001223,"20kWh Hardware Kit, Lunar Blue",Sienna,1,1,1
08-04-2026,10-07089A,"Harness, Trunk, 20 kWh, Type B",3,MTS,Each,Part,In Production,A//Avalon,LFP HW Kit,90-07290A,20kWh LFP ESS Hardware Kit,Sienna,1,1,0
08-04-2026,10-004984,"SCREW, PLASTIC-THREADING, M4, STEEL",1,OTS,Each,Part,In Production,A//Unisteel,PV Hub,90-004034,"Maximizer Hub, Boxed",Sienna,1,3,3
08-04-2026,10-07161A,"Label base, 2 in x 5 in",1,MTS,Each,Part,In Production,,HW Kit,90-001223,"20kWh Hardware Kit, Lunar Blue",Sienna,1,4,0
08-04-2026,10-07161A,"Label base, 2 in x 5 in",1,MTS,Each,Part,In Production,,LFP HW Kit,90-07290A,20kWh LFP ESS Hardware Kit,Sienna,1,4,0
08-04-2026,10-006847,SWITCH SLIDE DIP SPST 0.1A 6V 5.6MMLx2.5MMDx2.5MMH,1,OTS,Each,Electrical Components,Sunset - Phase Out,,11 KW Inverter,90-08096A,"Lunar 3 Inverter, Boxed",TBD,1,5,5
08-04-2026,10-07356A,"Seal, Cover, DC-DC",1,OTS,Each,Part,In Production,"A//Global O-Ring and Seal, LLC",2.0 LFP - EVT with cover,90-06948C,LFP Battery Block with ESS Cover and Wall Bracket,Qualitel,4,1,1
08-04-2026,10-07356A,"Seal, Cover, DC-DC",1,OTS,Each,Part,In Production,"A//Global O-Ring and Seal, LLC",2.0 LFP - EVT without cover,90-07675A,LFP Battery Block with Wall Bracket,Qualitel,4,1,0
08-04-2026,10-000894,CAP CER 2200PF 100V X7R 0603 AEC-Q,1,OTS,Each,Electrical Components,Sunset - Phase Out,,Terminal PCBA (TRM),10-06103C,"PCBA, Terminal Board, Type C, Coated",Qualitel,1,1,1
08-04-2026,10-000894,CAP CER 2200PF 100V X7R 0603 AEC-Q,1,OTS,Each,Electrical Components,Sunset - Phase Out,,PV Hub,90-004034,"Maximizer Hub, Boxed",Sienna,1,1,1
08-04-2026,10-000894,CAP CER 2200PF 100V X7R 0603 AEC-Q,1,OTS,Each,Electrical Components,Sunset - Phase Out,,Bridge,90-06801A,"Bridge, Type B, Boxed, Lunar Blue",Sienna,1,1,1
08-04-2026,10-000894,CAP CER 2200PF 100V X7R 0603 AEC-Q,1,OTS,Each,Electrical Components,Sunset - Phase Out,,9.6 KW Inverter,90-06889C,"Inverter 9.6kW with Cover and Brackets, Boxed, Lunar Blue",Sienna,1,1,1
08-04-2026,10-006781,IC SWITCH SP4T X 1 5OHM 10USON,1,OTS,Each,Electrical Components,In Production,,11 KW Inverter,90-08096A,"Lunar 3 Inverter, Boxed",TBD,1,2,2
08-04-2026,10-006762,IC ISOLATION 8SOIC,1,OTS,Each,Electrical Components,In Design,,11 KW Inverter,90-08096A,"Lunar 3 Inverter, Boxed",TBD,1,2,2
08-04-2026,10-06915A,"Plug, Conduit, Sealing, Stepped, 1/2""",1,OTS,Each,Part,In Production,A//Open AML,MSAC,90-06700A,"MSA Controller, Boxed",Qualitel,1,1,1
08-04-2026,10-000679,RES SMD 33 OHM 1% 1/16W 0402 AEC-Q,1,OTS,Each,Electrical Components,In Production,,Terminal PCBA (TRM),10-06103C,"PCBA, Terminal Board, Type C, Coated",Qualitel,1,1,1
08-04-2026,10-000679,RES SMD 33 OHM 1% 1/16W 0402 AEC-Q,1,OTS,Each,Electrical Components,In Production,,Link,30-07519A,Lunar Link PCBA,Sienna,1,21,21
08-04-2026,10-000679,RES SMD 33 OHM 1% 1/16W 0402 AEC-Q,1,OTS,Each,Electrical Components,In Production,,PV Hub,90-004034,"Maximizer Hub, Boxed",Sienna,1,1,1
08-04-2026,10-000679,RES SMD 33 OHM 1% 1/16W 0402 AEC-Q,1,OTS,Each,Electrical Components,In Production,,Bridge,90-06801A,"Bridge, Type B, Boxed, Lunar Blue",Sienna,1,2,2
08-04-2026,10-000679,RES SMD 33 OHM 1% 1/16W 0402 AEC-Q,1,OTS,Each,Electrical Components,In Production,,9.6 KW Inverter,90-06889C,"Inverter 9.6kW with Cover and Brackets, Boxed, Lunar Blue",Sienna,1,1,1
08-04-2026,10-000679,RES SMD 33 OHM 1% 1/16W 0402 AEC-Q,1,OTS,Each,Electrical Components,In Production,,11 KW Inverter,90-08096A,"Lunar 3 Inverter, Boxed",TBD,1,5,5
08-04-2026,30-06795B,30-06795B High Efficiency Inverter PCBA,1,MTS,Each,PCBA,In Design,,11 KW Inverter,90-08096A,"Lunar 3 Inverter, Boxed",TBD,1,1,0
08-04-2026,10-006756,IND FIXED 10UH 5.5A 20 MOHM SMD,1,OTS,Each,Electrical Components,In Design,,11 KW Inverter,90-08096A,"Lunar 3 Inverter, Boxed",TBD,1,1,1
08-04-2026,10-07228A,IND 10µH ±20% Shielded 21A 2212,1,OTS,Each,Electrical Components,In Planning,,Max 2.0 PCBA,30-07320F,Maximizer 2.0 PCBA,TBD,20,1,1
08-04-2026,10-004440,"Inverter Aesthetic Cover Main, Front, LRG, Plastic, Suede",11,MTS,Each,Part,In Production,A//JPOND,9.6 KW Inverter,90-06889C,"Inverter 9.6kW with Cover and Brackets, Boxed, Lunar Blue",Sienna,1,1,1
08-04-2026,10-006188,CAP CER 470PF 50V X7R 0805,1,OTS,Each,Electrical Components,In Design,,11 KW Inverter,90-08096A,"Lunar 3 Inverter, Boxed",TBD,1,1,1
08-04-2026,10-004681,CAP CER 2.2UF 25V X5R 0402,1,OTS,Each,Electrical Components,In Design,,11 KW Inverter,90-08096A,"Lunar 3 Inverter, Boxed",TBD,1,15,15
08-04-2026,30-005484,"PCBA 1, Interface, Bridge, Type B",2,MTS,Each,PCBA,In Production,,Bridge,90-06801A,"Bridge, Type B, Boxed, Lunar Blue",Sienna,1,1,0
08-04-2026,10-006687,CAP CER 330PF 25V X7R 0402,1,OTS,Each,Electrical Components,In Production,,2.0 LFP - EVT with cover,90-06948C,LFP Battery Block with ESS Cover and Wall Bracket,Qualitel,4,2,2
08-04-2026,10-006687,CAP CER 330PF 25V X7R 0402,1,OTS,Each,Electrical Components,In Production,,2.0 LFP - EVT without cover,90-07675A,LFP Battery Block with Wall Bracket,Qualitel,4,2,0
08-04-2026,10-006687,CAP CER 330PF 25V X7R 0402,1,OTS,Each,Electrical Components,In Production,,2.1 LFP Block,90-08373A,"Battery Block with Wall Bracket, LFP, L2.1",Qualitel,4,2,2
08-04-2026,10-06929B,"Heat Sink Assy, DCDC",1,MTS,Each,Part,In Production,,2.0 LFP - EVT with cover,90-06948C,LFP Battery Block with ESS Cover and Wall Bracket,Qualitel,4,1,0
08-04-2026,10-06929B,"Heat Sink Assy, DCDC",1,MTS,Each,Part,In Production,,2.0 LFP - EVT without cover,90-07675A,LFP Battery Block with Wall Bracket,Qualitel,4,1,0
08-04-2026,10-06991A,RES 510 OHM 1% 1/16W 0402,1,OTS,Each,Electrical Components,In Design,,Link,30-07519A,Lunar Link PCBA,Sienna,1,14,14
08-04-2026,10-06991A,RES 510 OHM 1% 1/16W 0402,1,OTS,Each,Electrical Components,In Design,,11 KW Inverter,90-08096A,"Lunar 3 Inverter, Boxed",TBD,1,17,17
08-04-2026,10-001922,RES SMD 6.8 OHM 0.1% 1/10W ±25ppm 0805,1,OTS,Each,Electrical Components,In Production,,Bridge,90-06801A,"Bridge, Type B, Boxed, Lunar Blue",Sienna,1,8,8
08-04-2026,10-06853A,"Assy, Inner Cover, Bridge, W/ Labels, Type B, Lunar Blue",1,MTS,Each,Part,In Production,,Bridge,90-06801A,"Bridge, Type B, Boxed, Lunar Blue",Sienna,1,1,0
08-04-2026,10-004794,"ESS Bottom Cover Asy, Even, Lunar Blue",5,MTS,Each,Part,In Production,A//JPOND,HW Kit,90-001223,"20kWh Hardware Kit, Lunar Blue",Sienna,1,1,0
08-04-2026,10-004794,"ESS Bottom Cover Asy, Even, Lunar Blue",5,MTS,Each,Part,In Production,A//JPOND,LFP HW Kit,90-07290A,20kWh LFP ESS Hardware Kit,Sienna,1,1,0
08-04-2026,10-06902A,"Packaging, Rogowski Coils",1,OTS,Each,Part,In Production,,Rogowski Coil,90-06789A,"Rogowski Coil, Boxed",Sienna,1,1,1
08-04-2026,10-006709,TERMINAL BLOCK NZ 15.0 2P GREEN WITHOUT JUMPER,1,OTS,Each,Electrical Components,In Design,,11 KW Inverter,90-08096A,"Lunar 3 Inverter, Boxed",TBD,1,2,2
08-04-2026,10-002094,IC IGBT DVR,1,OTS,Each,Electrical Components,Sunset - EOL,,Power PCBA (IPC),10-06105C,"PCBA, Power Board, Type C, Coated",Qualitel,1,3,3
08-04-2026,10-002094,IC IGBT DVR,1,OTS,Each,Electrical Components,Sunset - EOL,,9.6 KW Inverter,90-06889C,"Inverter 9.6kW with Cover and Brackets, Boxed, Lunar Blue",Sienna,1,3,3
08-04-2026,10-001676,FIXED IND 6.8UH 4.5A 50.16 MOHM AEC-Q,1,OTS,Each,Electrical Components,Sunset - Phase Out,,Terminal PCBA (TRM),10-06103C,"PCBA, Terminal Board, Type C, Coated",Qualitel,1,1,1
08-04-2026,10-001676,FIXED IND 6.8UH 4.5A 50.16 MOHM AEC-Q,1,OTS,Each,Electrical Components,Sunset - Phase Out,,9.6 KW Inverter,90-06889C,"Inverter 9.6kW with Cover and Brackets, Boxed, Lunar Blue",Sienna,1,1,1
08-04-2026,10-001676,FIXED IND 6.8UH 4.5A 50.16 MOHM AEC-Q,1,OTS,Each,Electrical Components,Sunset - Phase Out,,11 KW Inverter,90-08096A,"Lunar 3 Inverter, Boxed",TBD,1,4,4
08-04-2026,10-001654,CAP CER 0.22UF 10V X7R 0402,1,OTS,Each,Electrical Components,In Production,,Terminal PCBA (TRM),10-06103C,"PCBA, Terminal Board, Type C, Coated",Qualitel,1,2,2
08-04-2026,10-001654,CAP CER 0.22UF 10V X7R 0402,1,OTS,Each,Electrical Components,In Production,,Maximizer Box,90-06831D,"Maximizer, Boxed",Sienna,1,60,60
08-04-2026,10-001654,CAP CER 0.22UF 10V X7R 0402,1,OTS,Each,Electrical Components,In Production,,9.6 KW Inverter,90-06889C,"Inverter 9.6kW with Cover and Brackets, Boxed, Lunar Blue",Sienna,1,2,2
08-04-2026,10-001654,CAP CER 0.22UF 10V X7R 0402,1,OTS,Each,Electrical Components,In Production,,11 KW Inverter,90-08096A,"Lunar 3 Inverter, Boxed",TBD,1,6,6
08-04-2026,10-001228,CAP 10UF 25V X7S 0805 SOFT TERMINATION,1,OTS,Each,Electrical Components,Sunset - Phase Out,,Terminal PCBA (TRM),10-06103C,"PCBA, Terminal Board, Type C, Coated",Qualitel,1,1,1
08-04-2026,10-001228,CAP 10UF 25V X7S 0805 SOFT TERMINATION,1,OTS,Each,Electrical Components,Sunset - Phase Out,,9.6 KW Inverter,90-06889C,"Inverter 9.6kW with Cover and Brackets, Boxed, Lunar Blue",Sienna,1,3,3
08-04-2026,10-005310,"Heat Shield, Light Pipe Trio",2,MTS,Each,Part,In Production,A//JPOND,9.6 KW Inverter,90-06889C,"Inverter 9.6kW with Cover and Brackets, Boxed, Lunar Blue",Sienna,1,1,1
08-04-2026,10-005294,"TIM, PCBA, Filter Board, Inverter, D",1,MTS,Each,Part,In Production,A//Singleton,9.6 KW Inverter,90-06889C,"Inverter 9.6kW with Cover and Brackets, Boxed, Lunar Blue",Sienna,1,1,1
08-04-2026,10-005260,"Gasket, Power Module, Perimeter Seal, Wiring Compartment",2,MTS,Each,Part,In Production,A//Marian Inc,9.6 KW Inverter,90-06889C,"Inverter 9.6kW with Cover and Brackets, Boxed, Lunar Blue",Sienna,1,1,1
08-04-2026,10-004195,CAP CER 1UF 100V X7R 1206,1,OTS,Each,Electrical Components,In Design,,2.1 LFP Block,90-08373A,"Battery Block with Wall Bracket, LFP, L2.1",Qualitel,4,1,1
08-04-2026,10-003232,CAP CER 22UF 10V X7R 1206,1,OTS,Each,Electrical Components,In Design,,11 KW Inverter,90-08096A,"Lunar 3 Inverter, Boxed",TBD,1,6,6
08-04-2026,10-005785,"PCBA 1 with Conformal Coating, Interface, Bridge",3,MTS,Each,Part,In Production,,Bridge,90-06801A,"Bridge, Type B, Boxed, Lunar Blue",Sienna,1,1,0
08-04-2026,10-002885,"EFUSE IC, LATCH TYPE, 15.1V VOLT",1,OTS,Each,Electrical Components,In Production,,Terminal PCBA (TRM),10-06103C,"PCBA, Terminal Board, Type C, Coated",Qualitel,1,6,6
08-04-2026,10-002885,"EFUSE IC, LATCH TYPE, 15.1V VOLT",1,OTS,Each,Electrical Components,In Production,,9.6 KW Inverter,90-06889C,"Inverter 9.6kW with Cover and Brackets, Boxed, Lunar Blue",Sienna,1,6,6
08-04-2026,10-000553,"3.8V-32V INPUT, 3.5A Low Iq Synchronous Buck with Enhanced EMI Reduction PWM Only AEC-Q",2,OTS,Each,Electrical Components,In Production,,Terminal PCBA (TRM),10-06103C,"PCBA, Terminal Board, Type C, Coated",Qualitel,1,3,3
08-04-2026,10-000553,"3.8V-32V INPUT, 3.5A Low Iq Synchronous Buck with Enhanced EMI Reduction PWM Only AEC-Q",2,OTS,Each,Electrical Components,In Production,,PV Hub,90-004034,"Maximizer Hub, Boxed",Sienna,1,1,1
08-04-2026,10-000553,"3.8V-32V INPUT, 3.5A Low Iq Synchronous Buck with Enhanced EMI Reduction PWM Only AEC-Q",2,OTS,Each,Electrical Components,In Production,,MSAC,90-06700A,"MSA Controller, Boxed",Qualitel,1,1,1
08-04-2026,10-000553,"3.8V-32V INPUT, 3.5A Low Iq Synchronous Buck with Enhanced EMI Reduction PWM Only AEC-Q",2,OTS,Each,Electrical Components,In Production,,9.6 KW Inverter,90-06889C,"Inverter 9.6kW with Cover and Brackets, Boxed, Lunar Blue",Sienna,1,3,3
08-04-2026,10-000553,"3.8V-32V INPUT, 3.5A Low Iq Synchronous Buck with Enhanced EMI Reduction PWM Only AEC-Q",2,OTS,Each,Electrical Components,In Production,,11 KW Inverter,90-08096A,"Lunar 3 Inverter, Boxed",TBD,1,6,6
08-04-2026,10-003602,"Label, Compliance, Maximizer Hub",6,MTS,Each,Part,In Production,A//Stephen Gould,PV Hub,90-004034,"Maximizer Hub, Boxed",Sienna,1,1,1
08-04-2026,10-002290,IC REG LINEAR 2.5V 200MA 8SOIC,1,OTS,Each,Electrical Components,In Production,,2.0 LFP - EVT with cover,90-06948C,LFP Battery Block with ESS Cover and Wall Bracket,Qualitel,4,1,1
08-04-2026,10-002290,IC REG LINEAR 2.5V 200MA 8SOIC,1,OTS,Each,Electrical Components,In Production,,2.0 LFP - EVT without cover,90-07675A,LFP Battery Block with Wall Bracket,Qualitel,4,1,0
08-04-2026,10-002290,IC REG LINEAR 2.5V 200MA 8SOIC,1,OTS,Each,Electrical Components,In Production,,2.1 LFP Block,90-08373A,"Battery Block with Wall Bracket, LFP, L2.1",Qualitel,4,1,1
08-04-2026,10-003756,"PCB Pin, 0.762mm x 24mm",3,MTS,Each,Part,In Production,A//Digi-Key,Bridge,90-06801A,"Bridge, Type B, Boxed, Lunar Blue",Sienna,1,2,2
08-04-2026,10-06745A,Standard Circular Connector RCP SQ FL 32POS SZ 18 PIN SEAL,1,OTS,Each,Part,In Production,,MSAC,90-06700A,"MSA Controller, Boxed",Qualitel,1,1,0
08-04-2026,10-06690A,"Polybag, Open End, 360mm x 1350mm",1,OTS,Each,Part,In Production,A//JPOND,9.6 KW Inverter,90-06889C,"Inverter 9.6kW with Cover and Brackets, Boxed, Lunar Blue",Sienna,1,1,0
08-04-2026,10-06690A,"Polybag, Open End, 360mm x 1350mm",1,OTS,Each,Part,In Production,A//JPOND,2.0 LFP - EVT with cover,90-06948C,LFP Battery Block with ESS Cover and Wall Bracket,Qualitel,4,1,0
08-04-2026,10-004446,"Screw,Captive,M5x0.8 6gx14mm,5mm Thread,CS,T25,Flanged,DP,Steel,ZiNi BC",1,OTS,Each,Part,In Production,A//Pencom,9.6 KW Inverter,90-06889C,"Inverter 9.6kW with Cover and Brackets, Boxed, Lunar Blue",Sienna,1,5,5
08-04-2026,10-06713A,"Screw, M3 x 12, Countersink Height 1.65 mm, OD 5.5mm, SS",1,OTS,Each,Part,In Production,A//JPOND,9.6 KW Inverter,90-06889C,"Inverter 9.6kW with Cover and Brackets, Boxed, Lunar Blue",Sienna,1,1,0
08-04-2026,10-06590A,"Ground Strap, Visor",2,MTS,Each,Part,In Production,,9.6 KW Inverter,90-06889C,"Inverter 9.6kW with Cover and Brackets, Boxed, Lunar Blue",Sienna,1,1,0
08-04-2026,10-004471,CAP CER 4.7UF 100V X7S 1210,1,OTS,Each,Electrical Components,In Design,,2.1 LFP Block,90-08373A,"Battery Block with Wall Bracket, LFP, L2.1",Qualitel,4,5,5
08-04-2026,10-006443,RES SMD 3.6K OHM 1% 1/16W 0402,1,OTS,Each,Electrical Components,In Design,,11 KW Inverter,90-08096A,"Lunar 3 Inverter, Boxed",TBD,1,3,3
08-04-2026,10-002207,"Bus Bar, Load Tray, Left, Bridge",10,MTS,Each,Part,In Production,A//Avalon,Bridge,90-06801A,"Bridge, Type B, Boxed, Lunar Blue",Sienna,1,1,1
08-04-2026,10-006061,IC VREF SERIES 0.08% SOT23-6,1,OTS,Each,Electrical Components,In Production,,Terminal PCBA (TRM),10-06103C,"PCBA, Terminal Board, Type C, Coated",Qualitel,1,1,1
08-04-2026,10-006061,IC VREF SERIES 0.08% SOT23-6,1,OTS,Each,Electrical Components,In Production,,Maximizer Box,90-06831D,"Maximizer, Boxed",Sienna,1,20,20
08-04-2026,10-006061,IC VREF SERIES 0.08% SOT23-6,1,OTS,Each,Electrical Components,In Production,,9.6 KW Inverter,90-06889C,"Inverter 9.6kW with Cover and Brackets, Boxed, Lunar Blue",Sienna,1,1,1
08-04-2026,10-004104,"Bracket, Rail, Maximizer Hub",1,OTS,Each,Part,In Production,A//SnapNrack Solar Mounting Solutions,PV Hub,90-004034,"Maximizer Hub, Boxed",Sienna,1,2,0
08-04-2026,10-006348,Fluxgate current sensor,1,OTS,Each,Electrical Components,In Design,,11 KW Inverter,90-08096A,"Lunar 3 Inverter, Boxed",TBD,1,1,1
08-04-2026,LR-000029,Cosmetic Standard for Painted Plastic Parts,4,MTS,Each,Lunar Requirement,In Production,,HW Kit,90-001223,"20kWh Hardware Kit, Lunar Blue",Sienna,1,2,0
08-04-2026,LR-000029,Cosmetic Standard for Painted Plastic Parts,4,MTS,Each,Lunar Requirement,In Production,,9.6 KW Inverter,90-06889C,"Inverter 9.6kW with Cover and Brackets, Boxed, Lunar Blue",Sienna,1,17,0
08-04-2026,LR-000029,Cosmetic Standard for Painted Plastic Parts,4,MTS,Each,Lunar Requirement,In Production,,2.0 LFP - EVT with cover,90-06948C,LFP Battery Block with ESS Cover and Wall Bracket,Qualitel,4,3,0
08-04-2026,LR-000029,Cosmetic Standard for Painted Plastic Parts,4,MTS,Each,Lunar Requirement,In Production,,LFP HW Kit,90-07290A,20kWh LFP ESS Hardware Kit,Sienna,1,2,0
08-04-2026,10-005865,"Packaging, Maximizer, Partition Width",1,OTS,Each,Part,In Production,,Maximizer Box,90-06831D,"Maximizer, Boxed",Sienna,1,11,11
08-04-2026,10-005259,"Tape, Aluminum, 25.4mm, Conductive Adhesive",2,OTS,Millimeter,Part,In Production,,HW Kit,90-001223,"20kWh Hardware Kit, Lunar Blue",Sienna,1,450,0
08-04-2026,10-005259,"Tape, Aluminum, 25.4mm, Conductive Adhesive",2,OTS,Millimeter,Part,In Production,,9.6 KW Inverter,90-06889C,"Inverter 9.6kW with Cover and Brackets, Boxed, Lunar Blue",Sienna,1,355.6,0
08-04-2026,10-005259,"Tape, Aluminum, 25.4mm, Conductive Adhesive",2,OTS,Millimeter,Part,In Production,,LFP HW Kit,90-07290A,20kWh LFP ESS Hardware Kit,Sienna,1,450,0
08-04-2026,10-001712,FERRITE BEAD 50 OHM 0603 1LN AEC-Q,1,OTS,Each,Electrical Components,In Production,,Terminal PCBA (TRM),10-06103C,"PCBA, Terminal Board, Type C, Coated",Qualitel,1,1,1
08-04-2026,10-001712,FERRITE BEAD 50 OHM 0603 1LN AEC-Q,1,OTS,Each,Electrical Components,In Production,,Power PCBA (IPC),10-06105C,"PCBA, Power Board, Type C, Coated",Qualitel,1,42,42
08-04-2026,10-001712,FERRITE BEAD 50 OHM 0603 1LN AEC-Q,1,OTS,Each,Electrical Components,In Production,,MSAC,90-06700A,"MSA Controller, Boxed",Qualitel,1,1,1
08-04-2026,10-001712,FERRITE BEAD 50 OHM 0603 1LN AEC-Q,1,OTS,Each,Electrical Components,In Production,,9.6 KW Inverter,90-06889C,"Inverter 9.6kW with Cover and Brackets, Boxed, Lunar Blue",Sienna,1,44,44
08-04-2026,10-001712,FERRITE BEAD 50 OHM 0603 1LN AEC-Q,1,OTS,Each,Electrical Components,In Production,,2.0 LFP - EVT with cover,90-06948C,LFP Battery Block with ESS Cover and Wall Bracket,Qualitel,4,6,6
08-04-2026,10-001712,FERRITE BEAD 50 OHM 0603 1LN AEC-Q,1,OTS,Each,Electrical Components,In Production,,2.0 LFP - EVT without cover,90-07675A,LFP Battery Block with Wall Bracket,Qualitel,4,6,0
08-04-2026,10-001712,FERRITE BEAD 50 OHM 0603 1LN AEC-Q,1,OTS,Each,Electrical Components,In Production,,11 KW Inverter,90-08096A,"Lunar 3 Inverter, Boxed",TBD,1,14,14
08-04-2026,10-003124,"Light Pipe Trio, Molded",6,MTS,Each,Part,In Production,,9.6 KW Inverter,90-06889C,"Inverter 9.6kW with Cover and Brackets, Boxed, Lunar Blue",Sienna,1,1,0
08-04-2026,10-001440,IC OPAMP GP 2 CIRCUIT 8TSSOP,1,OTS,Each,Electrical Components,In Production,,Maximizer Box,90-06831D,"Maximizer, Boxed",Sienna,1,40,40
08-04-2026,10-001440,IC OPAMP GP 2 CIRCUIT 8TSSOP,1,OTS,Each,Electrical Components,In Production,,11 KW Inverter,90-08096A,"Lunar 3 Inverter, Boxed",TBD,1,1,1
08-04-2026,10-000989,OPTOISOLATOR 5KV TRANSISTOR 4SMD,1,OTS,Each,Electrical Components,In Production,,Terminal PCBA (TRM),10-06103C,"PCBA, Terminal Board, Type C, Coated",Qualitel,1,2,2
08-04-2026,10-000989,OPTOISOLATOR 5KV TRANSISTOR 4SMD,1,OTS,Each,Electrical Components,In Production,,Bridge,90-06801A,"Bridge, Type B, Boxed, Lunar Blue",Sienna,1,1,1
08-04-2026,10-000989,OPTOISOLATOR 5KV TRANSISTOR 4SMD,1,OTS,Each,Electrical Components,In Production,,9.6 KW Inverter,90-06889C,"Inverter 9.6kW with Cover and Brackets, Boxed, Lunar Blue",Sienna,1,2,2
08-04-2026,10-000989,OPTOISOLATOR 5KV TRANSISTOR 4SMD,1,OTS,Each,Electrical Components,In Production,,11 KW Inverter,90-08096A,"Lunar 3 Inverter, Boxed",TBD,1,3,3
08-04-2026,10-000989,OPTOISOLATOR 5KV TRANSISTOR 4SMD,1,OTS,Each,Electrical Components,In Production,,2.1 LFP Block,90-08373A,"Battery Block with Wall Bracket, LFP, L2.1",Qualitel,4,1,1
08-04-2026,10-000829,CONN PLUG 9POS .084,1,OTS,Each,Part,In Production,,Bridge,90-06801A,"Bridge, Type B, Boxed, Lunar Blue",Sienna,1,1,0
08-04-2026,10-003867,RES SMD 1.2K OHM 1% 1/10W 0603 AEC-Q,1,OTS,Each,Electrical Components,In Design,,11 KW Inverter,90-08096A,"Lunar 3 Inverter, Boxed",TBD,1,4,4
08-04-2026,10-002343,"Slide,TabHousing,AMP",1,OTS,Each,Part,In Production,,9.6 KW Inverter,90-06889C,"Inverter 9.6kW with Cover and Brackets, Boxed, Lunar Blue",Sienna,1,2,0
08-04-2026,10-000828,NANO-FIT TPA V0 BLK 2 CKT,1,OTS,Each,Part,In Production,,9.6 KW Inverter,90-06889C,"Inverter 9.6kW with Cover and Brackets, Boxed, Lunar Blue",Sienna,1,3,0
08-04-2026,10-000828,NANO-FIT TPA V0 BLK 2 CKT,1,OTS,Each,Part,In Production,,11 KW Inverter,90-08096A,"Lunar 3 Inverter, Boxed",TBD,1,1,0
08-04-2026,10-003701,"Inductor, Common Mode Choke, Through Hole, Integrated Heat Conduction Bridge, Machined / 3D print",1,OTS,Each,Electrical Components,In Production,A//Bourns Inc.,Power PCBA (IPC),10-06105C,"PCBA, Power Board, Type C, Coated",Qualitel,1,1,1
08-04-2026,10-003701,"Inductor, Common Mode Choke, Through Hole, Integrated Heat Conduction Bridge, Machined / 3D print",1,OTS,Each,Electrical Components,In Production,A//Bourns Inc.,9.6 KW Inverter,90-06889C,"Inverter 9.6kW with Cover and Brackets, Boxed, Lunar Blue",Sienna,1,3,3
08-04-2026,10-07995A,"Sub-Assy, End Cap with Terminal Covers",1,MTS,Each,Assembly,In Planning,GS//TBD,2.1 LFP Block,90-08373A,"Battery Block with Wall Bracket, LFP, L2.1",Qualitel,4,1,1
08-04-2026,10-08119A,"Push Clip, Barbed, 4.0 DIA Hole, 10.5 DIA Head",2,OTS,Each,Part,In Design,A//ACE Battery,2.1 LFP Block,90-08373A,"Battery Block with Wall Bracket, LFP, L2.1",Qualitel,4,8,8
08-04-2026,10-07939A,"Terminal Cover, L2.1",1,MTS,Each,Part,In Design,,2.1 LFP Block,90-08373A,"Battery Block with Wall Bracket, LFP, L2.1",Qualitel,4,2,0
08-04-2026,10-001130,CONN HEADER SMD 2POS 2.5MM,1,OTS,Each,Electrical Components,In Production,,Terminal PCBA (TRM),10-06103C,"PCBA, Terminal Board, Type C, Coated",Qualitel,1,3,3
08-04-2026,10-001130,CONN HEADER SMD 2POS 2.5MM,1,OTS,Each,Electrical Components,In Production,,9.6 KW Inverter,90-06889C,"Inverter 9.6kW with Cover and Brackets, Boxed, Lunar Blue",Sienna,1,3,3
08-04-2026,10-000991,MOSFET N-CHANNEL 20V 4A SOT23F,1,OTS,Each,Electrical Components,In Production,,Terminal PCBA (TRM),10-06103C,"PCBA, Terminal Board, Type C, Coated",Qualitel,1,8,8
08-04-2026,10-000991,MOSFET N-CHANNEL 20V 4A SOT23F,1,OTS,Each,Electrical Components,In Production,,9.6 KW Inverter,90-06889C,"Inverter 9.6kW with Cover and Brackets, Boxed, Lunar Blue",Sienna,1,8,8
08-04-2026,10-000991,MOSFET N-CHANNEL 20V 4A SOT23F,1,OTS,Each,Electrical Components,In Production,,11 KW Inverter,90-08096A,"Lunar 3 Inverter, Boxed",TBD,1,3,3
08-04-2026,10-003740,IC REG LINEAR 5V 1.5A D2PAK,1,OTS,Each,Electrical Components,In Production,,Power PCBA (IPC),10-06105C,"PCBA, Power Board, Type C, Coated",Qualitel,1,2,2
08-04-2026,10-003740,IC REG LINEAR 5V 1.5A D2PAK,1,OTS,Each,Electrical Components,In Production,,9.6 KW Inverter,90-06889C,"Inverter 9.6kW with Cover and Brackets, Boxed, Lunar Blue",Sienna,1,2,2
08-04-2026,10-005045,Diode Switching 85V 0.155A 3-Pin SOT-523 T/R,1,OTS,Each,Electrical Components,In Production,,Power PCBA (IPC),10-06105C,"PCBA, Power Board, Type C, Coated",Qualitel,1,16,16
08-04-2026,10-005045,Diode Switching 85V 0.155A 3-Pin SOT-523 T/R,1,OTS,Each,Electrical Components,In Production,,Link,30-07519A,Lunar Link PCBA,Sienna,1,8,8
08-04-2026,10-005045,Diode Switching 85V 0.155A 3-Pin SOT-523 T/R,1,OTS,Each,Electrical Components,In Production,,9.6 KW Inverter,90-06889C,"Inverter 9.6kW with Cover and Brackets, Boxed, Lunar Blue",Sienna,1,16,16
08-04-2026,10-004713,"Wire, 10 AWG, UL 10086, Stranded, Blue",1,OTS,Millimeter,Part,In Production,,9.6 KW Inverter,90-06889C,"Inverter 9.6kW with Cover and Brackets, Boxed, Lunar Blue",Sienna,1,700,0
08-04-2026,10-004299,"Ring Terminal, M3 Stud, 8 AWG, Sn, Uninsulated",1,OTS,Each,Part,In Production,,9.6 KW Inverter,90-06889C,"Inverter 9.6kW with Cover and Brackets, Boxed, Lunar Blue",Sienna,1,6,0
08-04-2026,10-003669,"Shield,Braid,Tinned Copper,10 mm x 0.3 mm",1,OTS,Millimeter,Part,In Production,,HW Kit,90-001223,"20kWh Hardware Kit, Lunar Blue",Sienna,1,1200,0
08-04-2026,10-003669,"Shield,Braid,Tinned Copper,10 mm x 0.3 mm",1,OTS,Millimeter,Part,In Production,,LFP HW Kit,90-07290A,20kWh LFP ESS Hardware Kit,Sienna,1,1200,0
08-04-2026,10-005099,DC DC CONVERTER 12V 1W,1,OTS,Each,Electrical Components,In Production,,2.0 LFP - EVT with cover,90-06948C,LFP Battery Block with ESS Cover and Wall Bracket,Qualitel,4,1,1
08-04-2026,10-005099,DC DC CONVERTER 12V 1W,1,OTS,Each,Electrical Components,In Production,,2.0 LFP - EVT without cover,90-07675A,LFP Battery Block with Wall Bracket,Qualitel,4,1,0
08-04-2026,10-005099,DC DC CONVERTER 12V 1W,1,OTS,Each,Electrical Components,In Production,,2.1 LFP Block,90-08373A,"Battery Block with Wall Bracket, LFP, L2.1",Qualitel,4,1,1
08-04-2026,10-001437,DIODE RECT 100V 20A DPAK,1,OTS,Each,Electrical Components,In Production,,Terminal PCBA (TRM),10-06103C,"PCBA, Terminal Board, Type C, Coated",Qualitel,1,1,1
08-04-2026,10-001437,DIODE RECT 100V 20A DPAK,1,OTS,Each,Electrical Components,In Production,,9.6 KW Inverter,90-06889C,"Inverter 9.6kW with Cover and Brackets, Boxed, Lunar Blue",Sienna,1,1,1
08-04-2026,10-001437,DIODE RECT 100V 20A DPAK,1,OTS,Each,Electrical Components,In Production,,2.0 LFP - EVT with cover,90-06948C,LFP Battery Block with ESS Cover and Wall Bracket,Qualitel,4,1,1
08-04-2026,10-001437,DIODE RECT 100V 20A DPAK,1,OTS,Each,Electrical Components,In Production,,2.0 LFP - EVT without cover,90-07675A,LFP Battery Block with Wall Bracket,Qualitel,4,1,0
08-04-2026,10-001437,DIODE RECT 100V 20A DPAK,1,OTS,Each,Electrical Components,In Production,,2.1 LFP Block,90-08373A,"Battery Block with Wall Bracket, LFP, L2.1",Qualitel,4,1,1
08-04-2026,10-001161,RES SMD 16K OHM 5% 1/4W 0603 AEC-Q,1,OTS,Each,Electrical Components,In Production,,2.0 LFP - EVT with cover,90-06948C,LFP Battery Block with ESS Cover and Wall Bracket,Qualitel,4,1,1
08-04-2026,10-001161,RES SMD 16K OHM 5% 1/4W 0603 AEC-Q,1,OTS,Each,Electrical Components,In Production,,2.0 LFP - EVT without cover,90-07675A,LFP Battery Block with Wall Bracket,Qualitel,4,1,0
08-04-2026,10-001161,RES SMD 16K OHM 5% 1/4W 0603 AEC-Q,1,OTS,Each,Electrical Components,In Production,,2.1 LFP Block,90-08373A,"Battery Block with Wall Bracket, LFP, L2.1",Qualitel,4,1,1
08-04-2026,10-001057,RES SMD 3.9 OHM 1% 1/3W 0805 AEC-Q,1,OTS,Each,Electrical Components,In Production,,2.0 LFP - EVT with cover,90-06948C,LFP Battery Block with ESS Cover and Wall Bracket,Qualitel,4,2,2
08-04-2026,10-001057,RES SMD 3.9 OHM 1% 1/3W 0805 AEC-Q,1,OTS,Each,Electrical Components,In Production,,2.0 LFP - EVT without cover,90-07675A,LFP Battery Block with Wall Bracket,Qualitel,4,2,0
08-04-2026,10-001057,RES SMD 3.9 OHM 1% 1/3W 0805 AEC-Q,1,OTS,Each,Electrical Components,In Production,,2.1 LFP Block,90-08373A,"Battery Block with Wall Bracket, LFP, L2.1",Qualitel,4,1,1
08-04-2026,10-002971,"Crimp, 20-22 AWG, Gold-Plated",1,OTS,Each,Part,In Production,A//Molex,Bridge,90-06801A,"Bridge, Type B, Boxed, Lunar Blue",Sienna,1,13,0
08-04-2026,10-002971,"Crimp, 20-22 AWG, Gold-Plated",1,OTS,Each,Part,In Production,A//Molex,9.6 KW Inverter,90-06889C,"Inverter 9.6kW with Cover and Brackets, Boxed, Lunar Blue",Sienna,1,6,0
08-04-2026,10-003832,"Copper, 0.30mm Thick",1,OTS,Millimeter Square,Part,In Production,,Terminal PCBA (TRM),10-06103C,"PCBA, Terminal Board, Type C, Coated",Qualitel,1,2,0
08-04-2026,10-003832,"Copper, 0.30mm Thick",1,OTS,Millimeter Square,Part,In Production,,Power PCBA (IPC),10-06105C,"PCBA, Power Board, Type C, Coated",Qualitel,1,1,0
08-04-2026,10-003832,"Copper, 0.30mm Thick",1,OTS,Millimeter Square,Part,In Production,,PV Hub,90-004034,"Maximizer Hub, Boxed",Sienna,1,2,0
08-04-2026,10-003832,"Copper, 0.30mm Thick",1,OTS,Millimeter Square,Part,In Production,,MSAC,90-06700A,"MSA Controller, Boxed",Qualitel,1,1,0
08-04-2026,10-003832,"Copper, 0.30mm Thick",1,OTS,Millimeter Square,Part,In Production,,Bridge,90-06801A,"Bridge, Type B, Boxed, Lunar Blue",Sienna,1,2,0
08-04-2026,10-003832,"Copper, 0.30mm Thick",1,OTS,Millimeter Square,Part,In Production,,Maximizer Box,90-06831D,"Maximizer, Boxed",Sienna,1,40,0
08-04-2026,10-003832,"Copper, 0.30mm Thick",1,OTS,Millimeter Square,Part,In Production,,9.6 KW Inverter,90-06889C,"Inverter 9.6kW with Cover and Brackets, Boxed, Lunar Blue",Sienna,1,3,0
08-04-2026,10-003832,"Copper, 0.30mm Thick",1,OTS,Millimeter Square,Part,In Production,,2.0 LFP - EVT with cover,90-06948C,LFP Battery Block with ESS Cover and Wall Bracket,Qualitel,4,1,0
08-04-2026,10-003832,"Copper, 0.30mm Thick",1,OTS,Millimeter Square,Part,In Production,,2.0 LFP - EVT without cover,90-07675A,LFP Battery Block with Wall Bracket,Qualitel,4,1,0
08-04-2026,10-003832,"Copper, 0.30mm Thick",1,OTS,Millimeter Square,Part,In Production,,2.1 LFP Block,90-08373A,"Battery Block with Wall Bracket, LFP, L2.1",Qualitel,4,1,0
08-04-2026,10-004760,CONN HEADER R/A 30POS 2.54MM,1,OTS,Each,Electrical Components,In Production,,2.0 LFP - EVT with cover,90-06948C,LFP Battery Block with ESS Cover and Wall Bracket,Qualitel,4,1,1
08-04-2026,10-004760,CONN HEADER R/A 30POS 2.54MM,1,OTS,Each,Electrical Components,In Production,,2.0 LFP - EVT without cover,90-07675A,LFP Battery Block with Wall Bracket,Qualitel,4,1,0
08-04-2026,10-002538,"CONN, REC HSG, AMP MCP1.5K, 8 POS, CODA, SEALED",1,OTS,Each,Part,In Production,,9.6 KW Inverter,90-06889C,"Inverter 9.6kW with Cover and Brackets, Boxed, Lunar Blue",Sienna,1,1,0
08-04-2026,10-004442,"Polycarbonate, F1 rated, UL94 V0, BLK",1,OTS,Gram,Part,In Production,,Maximizer Box,90-06831D,"Maximizer, Boxed",Sienna,1,3360,0
08-04-2026,10-004442,"Polycarbonate, F1 rated, UL94 V0, BLK",1,OTS,Gram,Part,In Production,,11 KW Inverter,90-08096A,"Lunar 3 Inverter, Boxed",TBD,1,1,0
08-04-2026,10-004314,"Aluminum, A380",1,OTS,Gram,Part,In Design,A//Open AML,11 KW Inverter,90-08096A,"Lunar 3 Inverter, Boxed",TBD,1,13061,0
08-04-2026,10-003407,"PP, HB",1,OTS,Each,Part,In Production,A//Seal Methods Inc.,Bridge,90-06801A,"Bridge, Type B, Boxed, Lunar Blue",Sienna,1,1,0
08-04-2026,10-004540,IC INVERT SCHMITT 1CH 1IN SOT353,1,OTS,Each,Electrical Components,In Design,,11 KW Inverter,90-08096A,"Lunar 3 Inverter, Boxed",TBD,1,1,1
08-04-2026,10-002554,"Nano-Fit Receptacle Housing, TPA Capable, 2.50mm Pitch, Dual Row, 14 Circuits, Natural",1,OTS,Each,Part,In Production,A//Molex,9.6 KW Inverter,90-06889C,"Inverter 9.6kW with Cover and Brackets, Boxed, Lunar Blue",Sienna,1,1,0
08-04-2026,10-002554,"Nano-Fit Receptacle Housing, TPA Capable, 2.50mm Pitch, Dual Row, 14 Circuits, Natural",1,OTS,Each,Part,In Production,A//Molex,11 KW Inverter,90-08096A,"Lunar 3 Inverter, Boxed",TBD,1,2,0
08-04-2026,10-002304,"CONN, HEADER, 4P, GRAY, VETICAL , Ni/Cu, TE",1,OTS,Each,Electrical Components,In Production,,2.0 LFP - EVT with cover,90-06948C,LFP Battery Block with ESS Cover and Wall Bracket,Qualitel,4,1,1
08-04-2026,10-002304,"CONN, HEADER, 4P, GRAY, VETICAL , Ni/Cu, TE",1,OTS,Each,Electrical Components,In Production,,2.0 LFP - EVT without cover,90-07675A,LFP Battery Block with Wall Bracket,Qualitel,4,1,0
08-04-2026,10-002304,"CONN, HEADER, 4P, GRAY, VETICAL , Ni/Cu, TE",1,OTS,Each,Electrical Components,In Production,,2.1 LFP Block,90-08373A,"Battery Block with Wall Bracket, LFP, L2.1",Qualitel,4,1,1
08-04-2026,10-002654,"Thermal Pad, Silicone with Fiberglass, 5W/m-K, 1.5mm Thick",1,OTS,Each,Part,In Production,A//Henkel,9.6 KW Inverter,90-06889C,"Inverter 9.6kW with Cover and Brackets, Boxed, Lunar Blue",Sienna,1,2,0
08-04-2026,20-06815B,20-06815B High Efficiency Inverter PCB,1,MTS,Each,PCB,In Design,GS//TBD,11 KW Inverter,90-08096A,"Lunar 3 Inverter, Boxed",TBD,1,1,1
08-04-2026,10-07133A,"Bus Bar, EVSE, HE Inverter",1,MTS,Each,Part,In Planning,GS//TBD,11 KW Inverter,90-08096A,"Lunar 3 Inverter, Boxed",TBD,1,2,2
08-04-2026,10-006075,SCREW DELTA PT 50x1.80-14.00 T25 TORX RECESS WASHER PAN HEAD,1,OTS,Each,Part,In Production,"A//Unisteel, A//Screwerk",9.6 KW Inverter,90-06889C,"Inverter 9.6kW with Cover and Brackets, Boxed, Lunar Blue",Sienna,1,2,2
08-04-2026,10-005577,"Cable Tie, Locking, Black, 50lbs, Nylon, 188 x 4.8 mm",2,OTS,Each,Part,In Production,GS//Newark,9.6 KW Inverter,90-06889C,"Inverter 9.6kW with Cover and Brackets, Boxed, Lunar Blue",Sienna,1,2,2
08-04-2026,10-005304,"Foam Strip, 40mm L, Protective Hat, D",3,MTS,Each,Assembly,In Production,A//Marian Inc,9.6 KW Inverter,90-06889C,"Inverter 9.6kW with Cover and Brackets, Boxed, Lunar Blue",Sienna,1,1,1
08-04-2026,10-005278,"Heat Sink, Inverter, With Heat Pipe, D",1,MTS,Each,Part,In Production,A//MyHeatSinks,9.6 KW Inverter,90-06889C,"Inverter 9.6kW with Cover and Brackets, Boxed, Lunar Blue",Sienna,1,1,1
08-04-2026,10-003936,"WIRE, 24 AWG, 19/34, UL 10086, ETFE, TINNED, COPPER, BLACK",1,MTS,Millimeter,Part,In Production,,9.6 KW Inverter,90-06889C,"Inverter 9.6kW with Cover and Brackets, Boxed, Lunar Blue",Sienna,1,7848,0
08-04-2026,10-003936,"WIRE, 24 AWG, 19/34, UL 10086, ETFE, TINNED, COPPER, BLACK",1,MTS,Millimeter,Part,In Production,,11 KW Inverter,90-08096A,"Lunar 3 Inverter, Boxed",TBD,1,1,0
08-04-2026,10-002646,"Home Controller, Processor TIM",1,MTS,Each,Part,In Production,A//MyHeatSinks,9.6 KW Inverter,90-06889C,"Inverter 9.6kW with Cover and Brackets, Boxed, Lunar Blue",Sienna,1,2,2
08-04-2026,10-001595,ADDRESS LED DISC SERIAL RGB 1=10,1,OTS,Each,Electrical Components,Sunset - Phase Out,,9.6 KW Inverter,90-06889C,"Inverter 9.6kW with Cover and Brackets, Boxed, Lunar Blue",Sienna,1,3,3
08-04-2026,10-005869,"Packaging, Maximizer, RSC Shipping Box",2,OTS,Each,Part,In Production,,Maximizer Box,90-06831D,"Maximizer, Boxed",Sienna,1,1,1
08-04-2026,10-005394,RES SMD 249K OHM 0.1% 1/4W 1206,1,OTS,Each,Electrical Components,In Design,,2.1 LFP Block,90-08373A,"Battery Block with Wall Bracket, LFP, L2.1",Qualitel,4,16,16
08-04-2026,10-004611,"Safety Cover, Terminal Lug, Bridge",4,MTS,Each,Part,In Production,A//Fictiv,Bridge,90-06801A,"Bridge, Type B, Boxed, Lunar Blue",Sienna,1,4,4
08-04-2026,10-06554A,"Label Base, Machine Coated Paper, Acrylic Adhesive",1,OTS,Millimeter Square,Part,In Production,,HW Kit,90-001223,"20kWh Hardware Kit, Lunar Blue",Sienna,1,4235,0
08-04-2026,10-06554A,"Label Base, Machine Coated Paper, Acrylic Adhesive",1,OTS,Millimeter Square,Part,In Production,,LFP HW Kit,90-07290A,20kWh LFP ESS Hardware Kit,Sienna,1,4235,0
08-04-2026,10-006578,IND 470NH 4.8A 22MOHM SMD 0806 (2016 Metric),1,OTS,Each,Electrical Components,In Design,,11 KW Inverter,90-08096A,"Lunar 3 Inverter, Boxed",TBD,1,2,2
08-04-2026,10-004137,"Pin Passthrough and Inductor Housing 1, Inverter Power Module",4,MTS,Each,Part,In Production,,9.6 KW Inverter,90-06889C,"Inverter 9.6kW with Cover and Brackets, Boxed, Lunar Blue",Sienna,1,1,0
08-04-2026,10-005907,"Acrylic Adhesive, 0.09mm thick, Double Coated Polyester Tape",1,OTS,Millimeter Square,Part,In Production,,9.6 KW Inverter,90-06889C,"Inverter 9.6kW with Cover and Brackets, Boxed, Lunar Blue",Sienna,1,212,0
08-04-2026,10-005626,"Adhesive, Cyanoacrylate (CA) Medium Viscosity",1,OTS,Each,Part,In Production,,HW Kit,90-001223,"20kWh Hardware Kit, Lunar Blue",Sienna,1,2,0
08-04-2026,10-005626,"Adhesive, Cyanoacrylate (CA) Medium Viscosity",1,OTS,Each,Part,In Production,,LFP HW Kit,90-07290A,20kWh LFP ESS Hardware Kit,Sienna,1,2,0
08-04-2026,10-005872,"Polybag, Enclosure, Bridge",1,OTS,Each,Part,In Production,,Bridge,90-06801A,"Bridge, Type B, Boxed, Lunar Blue",Sienna,1,1,1
08-04-2026,10-003078,"Wire Harness, Positive, PV Hub",5,MTS,Each,Part,In Production,A//Avalon,PV Hub,90-004034,"Maximizer Hub, Boxed",Sienna,1,1,1
08-04-2026,10-005828,"Top Cover Gasket, Filter Board, Inverter, D",1,MTS,Each,Part,In Production,P//Marian Inc,9.6 KW Inverter,90-06889C,"Inverter 9.6kW with Cover and Brackets, Boxed, Lunar Blue",Sienna,1,1,1
08-04-2026,10-003055,"Threadlocking Adhesive, Low Strength",1,OTS,Milliliter,Part,In Production,,2.0 LFP - EVT with cover,90-06948C,LFP Battery Block with ESS Cover and Wall Bracket,Qualitel,4,1,1
08-04-2026,10-003055,"Threadlocking Adhesive, Low Strength",1,OTS,Milliliter,Part,In Production,,2.0 LFP - EVT without cover,90-07675A,LFP Battery Block with Wall Bracket,Qualitel,4,1,0
08-04-2026,10-003055,"Threadlocking Adhesive, Low Strength",1,OTS,Milliliter,Part,In Production,,2.1 LFP Block,90-08373A,"Battery Block with Wall Bracket, LFP, L2.1",Qualitel,4,1,1
08-04-2026,10-004294,"Tape, Adhesive, Double Sided, 0.15mm",1,OTS,Millimeter Square,Part,In Production,,Maximizer Box,90-06831D,"Maximizer, Boxed",Sienna,1,14000,0
08-04-2026,10-08078A,"Lunar 3 Inverter Enclosure, Left Panel, DVT1",3,MTS,Each,Part,In Design,,11 KW Inverter,90-08096A,"Lunar 3 Inverter, Boxed",TBD,1,1,0
08-04-2026,10-08085A,"Lightpipe, Home Controller, Lunar 3 Inverter",1,OTS,Each,Part,In Design,GS//TBD,11 KW Inverter,90-08096A,"Lunar 3 Inverter, Boxed",TBD,1,2,2
08-04-2026,10-08049A,"Enclosure Sub-Assy, Lunar 3 Inverter",1,MTS,Each,Assembly,In Planning,,11 KW Inverter,90-08096A,"Lunar 3 Inverter, Boxed",TBD,1,1,0
08-04-2026,10-07559A,"Screw, M4x10, SEMS, 8.8",1,OTS,Each,Part,In Production,A//ACE Battery,2.0 LFP - EVT with cover,90-06948C,LFP Battery Block with ESS Cover and Wall Bracket,Qualitel,4,16,0
08-04-2026,10-07559A,"Screw, M4x10, SEMS, 8.8",1,OTS,Each,Part,In Production,A//ACE Battery,2.0 LFP - EVT without cover,90-07675A,LFP Battery Block with Wall Bracket,Qualitel,4,16,0
08-04-2026,10-003767,"Blind Clinch Stud, M3x8, Aluminum",2,MTS,Each,Part,In Production,,Maximizer Box,90-06831D,"Maximizer, Boxed",Sienna,1,40,0
08-04-2026,20-07520A,Lunar Link PCB,1,MTS,Each,PCB,In Planning,,Link,30-07519A,Lunar Link PCBA,Sienna,1,1,0
08-04-2026,10-07406A,"Packaging, Printed Box, LFP Battery Block with ESS Cover and Wall Bracket, FEFCO 0200",1,OTS,Each,Part,In Production,A//Veritiv Operating Company,2.0 LFP - EVT with cover,90-06948C,LFP Battery Block with ESS Cover and Wall Bracket,Qualitel,4,1,0
08-04-2026,10-003813,"Stainless Steel, 316, ASTM A276",1,OTS,Gram,Part,In Production,,9.6 KW Inverter,90-06889C,"Inverter 9.6kW with Cover and Brackets, Boxed, Lunar Blue",Sienna,1,10,0
08-04-2026,10-003129,"Aluminum 6063-T5, ASTM B221",1,OTS,Gram,Part,In Production,,Maximizer Box,90-06831D,"Maximizer, Boxed",Sienna,1,3000,0
08-04-2026,10-003888,IC SWITCH SPDT SINGLE SC70-6,1,OTS,Each,Electrical Components,In Production,,PV Hub,90-004034,"Maximizer Hub, Boxed",Sienna,1,1,1
08-04-2026,10-004753,Trans MOSFET N-CH 950V 4A 3-Pin(2+Tab) DPAK T/R,1,OTS,Each,Electrical Components,In Production,,PV Hub,90-004034,"Maximizer Hub, Boxed",Sienna,1,1,1
08-04-2026,10-002924,DIODE ZENER 24V 5W DO214AA,1,OTS,Each,Electrical Components,In Production,,Bridge,90-06801A,"Bridge, Type B, Boxed, Lunar Blue",Sienna,1,1,1
08-04-2026,10-002914,"TOP MOUNT HEATSINK .4"" D-PAK",1,OTS,Each,Electrical Components,In Production,,Bridge,90-06801A,"Bridge, Type B, Boxed, Lunar Blue",Sienna,1,1,1
08-04-2026,10-002041,Switching Voltage Regulators OPTIREG SWITCHER,1,OTS,Each,Electrical Components,In Production,,Bridge,90-06801A,"Bridge, Type B, Boxed, Lunar Blue",Sienna,1,1,1