Updated at,source_report,raw_part_number,lpn,description,item_category,procurementtype,location,storage_location,is_consigned,owned_by,unrestricted_qty,restricted_qty,unit_price,unrestricted_value,restricted_value,revision_number,row_type,uncommitted_qty
08-04-2026,CM: Celestica MX,10-0000423MS,10-000042,"Lithium Ion Cell,S004a,Trimmed",Part,MTS,Monterrey Prod,1000,FALSE,Celestica,4551,0,0,0,0,0,Unrestricted,4551
08-04-2026,Lunar Netsuite,10-000054,10-000054,"Aux Bracket, Wall Bracket, Battery Block",Part,MTS,JIT - Reno,NS,FALSE,Lunar Energy,2850,0,0.53,1510.5,0,0,Unrestricted,2850
08-04-2026,CM: Celestica MX,10-0000623MS,10-000062,"Cover, Battery Block",Part,MTS,Monterrey Prod,1000,FALSE,Celestica,-2,0,4.13,-8.26,0,0,Unrestricted,-2
08-04-2026,CM: Sienna GA,10-000099 REV-02,10-000099,CAP CER 1UF 35V X7R 0603,Electrical Components,OTS,ATLN,RIQC,FALSE,Sienna Corporation,404000,0,0.017,6868,0,2,Unrestricted,404000
08-04-2026,Lunar Netsuite,10-000099,10-000099,CAP CER 1UF 35V X7R 0603,Electrical Components,OTS,Avnet,NS,FALSE,Lunar Energy,744000,0,0.0256,19046.4,0,0,Unrestricted,7115
08-04-2026,CM: Celestica MX,10-0000993MS,10-000099,CAP CER 1UF 35V X7R 0603,Electrical Components,OTS,Monterrey Prod,1000,FALSE,Celestica,-14,0,0.0313,-0.4382,0,0,Unrestricted,-14
08-04-2026,CM: Sienna GA,10-000099 REV-02,10-000099,CAP CER 1UF 35V X7R 0603,Electrical Components,OTS,ATLN,MAIN,FALSE,Sienna Corporation,565573,0,0.017,9614.741,0,2,Unrestricted,565573
08-04-2026,CM: Sienna GA,10-000099 REV-02,10-000099,CAP CER 1UF 35V X7R 0603,Electrical Components,OTS,ATLN,LINE,FALSE,Sienna Corporation,172937,0,0.017,2939.929,0,2,Unrestricted,172937
08-04-2026,Lunar Netsuite,10-000099,10-000099,CAP CER 1UF 35V X7R 0603,Electrical Components,OTS,JIT - Reno,NS,FALSE,Lunar Energy,295115,0,0.02,5902.3,0,0,Unrestricted,84000
08-04-2026,CM: Qualitel WA,814L-10-000099,10-000099,CAP CER 1UF 35V X7R 0603,Electrical Components,OTS,"Seattle, WA",Stock,FALSE,Qualitel,63650,0,0.017,1082.05,0,0,Unrestricted,63650
08-04-2026,CM: Qualitel WA,814L-10-000124,10-000124,RES 250 UOHM 1% 4W 2725 AEC-Q,Electrical Components,OTS,"Seattle, WA",Stock,FALSE,Qualitel,11718,0,0.3625,4247.775,0,0,Unrestricted,11718
08-04-2026,CM: Sienna GA,10-000124 REV-02,10-000124,RES 250 UOHM 1% 4W 2725 AEC-Q,Electrical Components,OTS,ATLN,MAIN,FALSE,Sienna Corporation,4000,0,0.4237,1694.8,0,2,Unrestricted,4000
08-04-2026,Lunar Netsuite,10-000124,10-000124,RES 250 UOHM 1% 4W 2725 AEC-Q,Electrical Components,OTS,Avnet,NS,FALSE,Lunar Energy,1000,0,0.4237,423.7,0,0,Unrestricted,1000
08-04-2026,CM: Celestica MX,10-0001243MS,10-000124,RES 250 UOHM 1% 4W 2725 AEC-Q,Electrical Components,OTS,Monterrey Prod,1000,FALSE,Celestica,-2,0,0.4237,-0.8474,0,0,Unrestricted,-2
08-04-2026,Lunar Netsuite,10-000124,10-000124,RES 250 UOHM 1% 4W 2725 AEC-Q,Electrical Components,OTS,JIT - Reno,NS,FALSE,Lunar Energy,11750,0,0.4237,4978.475,0,0,Unrestricted,11750
08-04-2026,CM: Sienna GA,10-000124 REV-02,10-000124,RES 250 UOHM 1% 4W 2725 AEC-Q,Electrical Components,OTS,ATLN,LINE,FALSE,Sienna Corporation,2138,0,0.4237,905.8706,0,2,Unrestricted,2138
08-04-2026,CM: Celestica MX,10-0001703MS,10-000170,Submodule,Part,MTS,Monterrey Prod,1000,FALSE,Celestica,-6,0,46.62,-279.72,0,0,Unrestricted,-6
08-04-2026,Lunar Netsuite,10-000224,10-000224,Vertical Header,Electrical Components,OTS,CCL (Computer Components Ltd),NS,FALSE,Lunar Energy,4746,0,0.964,4575.144,0,0,Unrestricted,4746
08-04-2026,CM: Sienna GA,10-000253 REV-02,10-000253,CAP CER 0.1UF 50V X7R 0402 AEC-Q,Electrical Components,OTS,ATLN,PAMS,FALSE,Sienna Corporation,850000,0,0.0124,10540,0,2,Unrestricted,850000
08-04-2026,CM: Qualitel WA,814L-10-000253,10-000253,CAP CER 0.1UF 50V X7R 0402 AEC-Q,Electrical Components,OTS,"Seattle, WA",Stock,FALSE,Qualitel,501460,0,0.0027,1353.942,0,0,Unrestricted,501460
08-04-2026,CM: Sienna GA,C10-000253 REV-02,10-000253,CAP CER 0.1UF 50V X7R 0402 AEC-Q,Electrical Components,OTS,ATLN,WS34,TRUE,Lunar Energy,40000,0,0,0,0,2,Unrestricted,40000
08-04-2026,CM: Sienna GA,10-000253 REV-02,10-000253,CAP CER 0.1UF 50V X7R 0402 AEC-Q,Electrical Components,OTS,ATLN,MAIN,FALSE,Sienna Corporation,811199,0,0.0124,10058.8676,0,2,Unrestricted,811199
08-04-2026,CM: Sienna GA,10-000253 REV-02,10-000253,CAP CER 0.1UF 50V X7R 0402 AEC-Q,Electrical Components,OTS,ATLN,LINE,FALSE,Sienna Corporation,61906,0,0.0124,767.6344,0,2,Unrestricted,61906
08-04-2026,Lunar Netsuite,10-000253,10-000253,CAP CER 0.1UF 50V X7R 0402 AEC-Q,Electrical Components,OTS,Sienna Corporation - GA,NS,FALSE,Lunar Energy,40000,0,0.0173,692,0,0,Unrestricted,0
08-04-2026,CM: Celestica MX,10-0002533MS,10-000253,CAP CER 0.1UF 50V X7R 0402 AEC-Q,Electrical Components,OTS,Monterrey Prod,1000,FALSE,Celestica,-22,0,0.0124,-0.2728,0,0,Unrestricted,-22
08-04-2026,CM: Qualitel WA,814L-10-000340,10-000340,"Crystal Parallel - Fundamental Quartz Crystal, 25MHz Nom AEC-Q",Electrical Components,OTS,"Seattle, WA",Stock,FALSE,Qualitel,6503,0,0.172,1118.516,0,0,Unrestricted,6503
08-04-2026,CM: Sienna GA,10-000340 REV-01,10-000340,"Crystal Parallel - Fundamental Quartz Crystal, 25MHz Nom AEC-Q",Electrical Components,OTS,ATLN,RIQC,FALSE,Sienna Corporation,12000,0,0.189,2268,0,1,Unrestricted,12000
08-04-2026,CM: Sienna GA,10-000340 REV-01,10-000340,"Crystal Parallel - Fundamental Quartz Crystal, 25MHz Nom AEC-Q",Electrical Components,OTS,ATLN,LINE,FALSE,Sienna Corporation,8806,0,0.189,1664.334,0,1,Unrestricted,8806
08-04-2026,CM: Sienna GA,10-000342 REV-01,10-000342,RES 0805 5% 1 OHM 1/2W AEC-Q,Electrical Components,OTS,ATLN,LINE,FALSE,Sienna Corporation,6861,0,0.0354,242.8794,0,1,Unrestricted,6861
08-04-2026,CM: Sienna GA,10-000342 REV-01,10-000342,RES 0805 5% 1 OHM 1/2W AEC-Q,Electrical Components,OTS,ATLN,MAIN,FALSE,Sienna Corporation,25000,0,0.0354,885,0,1,Unrestricted,25000
08-04-2026,CM: Qualitel WA,814L-10-000342,10-000342,RES 0805 5% 1 OHM 1/2W AEC-Q,Electrical Components,OTS,"Seattle, WA",Stock,FALSE,Qualitel,20006,0,0.0222,444.1332,0,0,Unrestricted,20006
08-04-2026,CM: Sienna GA,10-000395 REV-06,10-000395,"Washer,M5,Flat,5.3mm IDx 12.6mm OD,Steel,ZnNi BC",Part,OTS,ATLN,RP52,FALSE,Sienna Corporation,2500,0,0.019,47.5,0,6,Unrestricted,2500
08-04-2026,CM: Sienna GA,10-000395 REV-06,10-000395,"Washer,M5,Flat,5.3mm IDx 12.6mm OD,Steel,ZnNi BC",Part,OTS,ATLN,MAIN,FALSE,Sienna Corporation,5000,0,0.019,95,0,6,Unrestricted,5000
08-04-2026,CM: Sienna GA,10-000395 REV-06,10-000395,"Washer,M5,Flat,5.3mm IDx 12.6mm OD,Steel,ZnNi BC",Part,OTS,ATLN,LINE,FALSE,Sienna Corporation,2139,0,0.019,40.641,0,6,Unrestricted,2139
08-04-2026,CM: Celestica MX,10-0003983MS,10-000398,Busbar Tray with Interconnects,Part,MTS,Monterrey Prod,1000,FALSE,Celestica,-3,0,40.3,-120.9,0,0,Unrestricted,-3
08-04-2026,CM: Celestica MX,10-0005333MS,10-000533,Terminals with Fuse and Bracket,Part,MTS,Monterrey Prod,1000,FALSE,Celestica,-3,0,31.99,-95.97,0,0,Unrestricted,-3
08-04-2026,CM: Celestica MX,10-0005373MS,10-000537,Can with Terminals,Part,MTS,Monterrey Prod,1000,FALSE,Celestica,-5,0,34.6,-173,0,0,Unrestricted,-5
08-04-2026,CM: Sienna GA,10-000539 REV-01,10-000539,RES SMD 7.32 OHM 0.1% 1/10W 0805,Electrical Components,OTS,ATLN,RIQC,FALSE,Sienna Corporation,11000,0,0.267,2937,0,1,Unrestricted,11000
08-04-2026,Lunar Netsuite,10-000539,10-000539,RES SMD 7.32 OHM 0.1% 1/10W 0805,Electrical Components,OTS,JIT - Reno,NS,FALSE,Lunar Energy,24000,0,0.2347,5632.8,0,0,Unrestricted,24000
08-04-2026,Lunar Netsuite,10-000539,10-000539,RES SMD 7.32 OHM 0.1% 1/10W 0805,Electrical Components,OTS,NexGen Digital Inc,NS,FALSE,Lunar Energy,321750,0,0.23,74002.5,0,0,Unrestricted,321750
08-04-2026,CM: Sienna GA,10-000539 REV-01,10-000539,RES SMD 7.32 OHM 0.1% 1/10W 0805,Electrical Components,OTS,ATLN,LINE,FALSE,Sienna Corporation,1534,0,0.267,409.578,0,1,Unrestricted,1534
08-04-2026,CM: Sienna GA,10-000539 REV-01,10-000539,RES SMD 7.32 OHM 0.1% 1/10W 0805,Electrical Components,OTS,ATLN,MAIN,FALSE,Sienna Corporation,10000,0,0.267,2670,0,1,Unrestricted,10000
08-04-2026,CM: Qualitel WA,814L-10-000539,10-000539,RES SMD 7.32 OHM 0.1% 1/10W 0805,Electrical Components,OTS,"Seattle, WA",Stock,FALSE,Qualitel,8515,0,0.229,1949.935,0,0,Unrestricted,8515
08-04-2026,CM: Sienna GA,10-000548 REV-01,10-000548,CAP CER 33PF 50V NPO 0402 AEC-Q,Electrical Components,OTS,ATLN,LINE,FALSE,Sienna Corporation,24488,0,0.0041,100.4008,0,1,Unrestricted,24488
08-04-2026,Lunar Netsuite,10-000548,10-000548,CAP CER 33PF 50V NPO 0402 AEC-Q,Electrical Components,OTS,Sienna Corporation - GA,NS,FALSE,Lunar Energy,10000,0,0.0031,31,0,0,Unrestricted,0
08-04-2026,CM: Sienna GA,C10-000548 REV-01,10-000548,CAP CER 33PF 50V NPO 0402 AEC-Q,Electrical Components,OTS,ATLN,WT51,TRUE,Lunar Energy,10000,0,0,0,0,1,Unrestricted,10000
08-04-2026,Lunar Netsuite,10-000548,10-000548,CAP CER 33PF 50V NPO 0402 AEC-Q,Electrical Components,OTS,JIT - Reno,NS,FALSE,Lunar Energy,10000,0,0.0039,39,0,0,Unrestricted,10000
08-04-2026,CM: Qualitel WA,814L-10-000548,10-000548,CAP CER 33PF 50V NPO 0402 AEC-Q,Electrical Components,OTS,"Seattle, WA",Stock,FALSE,Qualitel,23283,0,0.0037,86.1471,0,0,Unrestricted,23283
08-04-2026,Lunar Netsuite,10-000549,10-000549,CAP CER 22UF 10V X7R 1206 AEC-Q,Electrical Components,OTS,JIT - Reno,NS,FALSE,Lunar Energy,2000,0,0.1287,257.4,0,0,Unrestricted,2000
08-04-2026,CM: Qualitel WA,814L-10-000549,10-000549,CAP CER 22UF 10V X7R 1206 AEC-Q,Electrical Components,OTS,"Seattle, WA",Stock,FALSE,Qualitel,14497,0,0.111,1609.167,0,0,Unrestricted,14497
08-04-2026,CM: Sienna GA,10-000549 REV-01,10-000549,CAP CER 22UF 10V X7R 1206 AEC-Q,Electrical Components,OTS,ATLN,LINE,FALSE,Sienna Corporation,27627,0,0.1287,3555.5949,0,1,Unrestricted,27627
08-04-2026,CM: Sienna GA,10-000549 REV-01,10-000549,CAP CER 22UF 10V X7R 1206 AEC-Q,Electrical Components,OTS,ATLN,RIQC,FALSE,Sienna Corporation,70000,0,0.1287,9009,0,1,Unrestricted,70000
08-04-2026,CM: Sienna GA,10-000549 REV-01,10-000549,CAP CER 22UF 10V X7R 1206 AEC-Q,Electrical Components,OTS,ATLN,MAIN,FALSE,Sienna Corporation,25743,0,0.1287,3313.1241,0,1,Unrestricted,25743
08-04-2026,CM: Qualitel WA,814L-10-000550,10-000550,FIXED IND 4.7UH 4.5A 26 MOHM SMD,Electrical Components,OTS,"Seattle, WA",Stock,FALSE,Qualitel,2744,0,0.1678,460.4432,0,0,Unrestricted,2744
08-04-2026,CM: Sienna GA,10-000550 REV-01,10-000550,FIXED IND 4.7UH 4.5A 26 MOHM SMD,Electrical Components,OTS,ATLN,MAIN,FALSE,Sienna Corporation,7000,0,0.16,1120,0,1,Unrestricted,7000
08-04-2026,Lunar Netsuite,10-000550,10-000550,FIXED IND 4.7UH 4.5A 26 MOHM SMD,Electrical Components,OTS,NexGen Digital Inc,NS,FALSE,Lunar Energy,7000,0,0.16,1120,0,0,Unrestricted,7000
08-04-2026,Lunar Netsuite,10-000550,10-000550,FIXED IND 4.7UH 4.5A 26 MOHM SMD,Electrical Components,OTS,JIT - Reno,NS,FALSE,Lunar Energy,9000,0,0.16,1440,0,0,Unrestricted,9000
08-04-2026,CM: Sienna GA,10-000550 REV-01,10-000550,FIXED IND 4.7UH 4.5A 26 MOHM SMD,Electrical Components,OTS,ATLN,LINE,FALSE,Sienna Corporation,665,0,0.16,106.4,0,1,Unrestricted,665
08-04-2026,Lunar Netsuite,10-000551,10-000551,RES 31.2K OHM 0.5% 1/16W 0402 AEC-Q,Electrical Components,OTS,JIT - Reno,NS,FALSE,Lunar Energy,6000,0,0.06,360,0,0,Unrestricted,6000
08-04-2026,CM: Qualitel WA,814L-10-000551,10-000551,RES 31.2K OHM 0.5% 1/16W 0402 AEC-Q,Electrical Components,OTS,"Seattle, WA",Stock,FALSE,Qualitel,6564,0,0.0072,47.2608,0,0,Unrestricted,6564
08-04-2026,CM: Sienna GA,10-000551 REV-01,10-000551,RES 31.2K OHM 0.5% 1/16W 0402 AEC-Q,Electrical Components,OTS,ATLN,LINE,FALSE,Sienna Corporation,13463,0,0.0641,862.9783,0,1,Unrestricted,13463
08-04-2026,CM: Sienna GA,10-000552 REV-01,10-000552,RES SMD 10K OHM 1% 1/16W 0402 AEC-Q,Electrical Components,OTS,ATLN,MAIN,FALSE,Sienna Corporation,270000,0,0.0015,405,0,1,Unrestricted,270000
08-04-2026,CM: Sienna GA,10-000552 REV-01,10-000552,RES SMD 10K OHM 1% 1/16W 0402 AEC-Q,Electrical Components,OTS,ATLN,RIQC,FALSE,Sienna Corporation,130000,0,0.0015,195,0,1,Unrestricted,130000
08-04-2026,CM: Qualitel WA,814L-10-000552,10-000552,RES SMD 10K OHM 1% 1/16W 0402 AEC-Q,Electrical Components,OTS,"Seattle, WA",Stock,FALSE,Qualitel,75140,0,0.0009,67.626,0,0,Unrestricted,75140
08-04-2026,CM: Sienna GA,10-000552 REV-01,10-000552,RES SMD 10K OHM 1% 1/16W 0402 AEC-Q,Electrical Components,OTS,ATLN,PAMS,FALSE,Sienna Corporation,30000,0,0.0015,45,0,1,Unrestricted,30000
08-04-2026,Lunar Netsuite,10-000552,10-000552,RES SMD 10K OHM 1% 1/16W 0402 AEC-Q,Electrical Components,OTS,Avnet,NS,FALSE,Lunar Energy,80000,0,0.0015,120,0,0,Unrestricted,70000
08-04-2026,CM: Sienna GA,10-000552 REV-01,10-000552,RES SMD 10K OHM 1% 1/16W 0402 AEC-Q,Electrical Components,OTS,ATLN,LINE,FALSE,Sienna Corporation,147460,0,0.0015,221.19,0,1,Unrestricted,147460
08-04-2026,Lunar Netsuite,10-000552,10-000552,RES SMD 10K OHM 1% 1/16W 0402 AEC-Q,Electrical Components,OTS,JIT - Reno,NS,FALSE,Lunar Energy,3600,0,0.0018,6.48,0,0,Unrestricted,3600
08-04-2026,CM: Qualitel WA,814L-10-000553,10-000553,"3.8V-32V INPUT, 3.5A Low Iq Synchronous Buck with Enhanced EMI Reduction PWM Only AEC-Q",Electrical Components,OTS,"Seattle, WA",Stock,FALSE,Qualitel,9264,0,0.416,3853.824,0,0,Unrestricted,9264
08-04-2026,CM: Sienna GA,10-000553 REV-02,10-000553,"3.8V-32V INPUT, 3.5A Low Iq Synchronous Buck with Enhanced EMI Reduction PWM Only AEC-Q",Electrical Components,OTS,ATLN,RIQC,FALSE,Sienna Corporation,6000,0,0.3872,2323.2,0,2,Unrestricted,6000
08-04-2026,Lunar Netsuite,10-000553,10-000553,"3.8V-32V INPUT, 3.5A Low Iq Synchronous Buck with Enhanced EMI Reduction PWM Only AEC-Q",Electrical Components,OTS,NexGen Digital Inc,NS,FALSE,Lunar Energy,15000,0,0.4095,6142.5,0,0,Unrestricted,15000
08-04-2026,CM: Sienna GA,10-000553 REV-02,10-000553,"3.8V-32V INPUT, 3.5A Low Iq Synchronous Buck with Enhanced EMI Reduction PWM Only AEC-Q",Electrical Components,OTS,ATLN,LINE,FALSE,Sienna Corporation,1508,0,0.3872,583.8976,0,2,Unrestricted,1508
08-04-2026,Lunar Netsuite,10-000553,10-000553,"3.8V-32V INPUT, 3.5A Low Iq Synchronous Buck with Enhanced EMI Reduction PWM Only AEC-Q",Electrical Components,OTS,JIT - Reno,NS,FALSE,Lunar Energy,27000,0,0.4026,10870.2,0,0,Unrestricted,24892
08-04-2026,Lunar Netsuite,10-000553,10-000553,"3.8V-32V INPUT, 3.5A Low Iq Synchronous Buck with Enhanced EMI Reduction PWM Only AEC-Q",Electrical Components,OTS,CA - Ravendale,NS,FALSE,Lunar Energy,2930,0,0.4026,1179.618,0,0,Unrestricted,2930
08-04-2026,CM: Sienna GA,10-000553 REV-02,10-000553,"3.8V-32V INPUT, 3.5A Low Iq Synchronous Buck with Enhanced EMI Reduction PWM Only AEC-Q",Electrical Components,OTS,ATLN,MAIN,FALSE,Sienna Corporation,5990,0,0.3872,2319.328,0,2,Unrestricted,5990
08-04-2026,CM: Qualitel WA,814L-10-000555,10-000555,RES SMD 52.3K OHM 1% 1/16W 0402 AEC-Q,Electrical Components,OTS,"Seattle, WA",Stock,FALSE,Qualitel,16254,0,0.0015,24.381,0,0,Unrestricted,16254
08-04-2026,CM: Sienna GA,10-000555 REV-01,10-000555,RES SMD 52.3K OHM 1% 1/16W 0402 AEC-Q,Electrical Components,OTS,ATLN,LINE,FALSE,Sienna Corporation,20348,0,0.0017,34.5916,0,1,Unrestricted,20348
08-04-2026,CM: Qualitel WA,814L-10-000556,10-000556,CAP CER 0.47UF 6.3V X7R 0402 AEC-Q,Electrical Components,OTS,"Seattle, WA",Stock,FALSE,Qualitel,33751,0,0.0125,421.8875,0,0,Unrestricted,33751
08-04-2026,CM: Sienna GA,10-000556 REV-01,10-000556,CAP CER 0.47UF 6.3V X7R 0402 AEC-Q,Electrical Components,OTS,ATLN,LINE,FALSE,Sienna Corporation,48346,0,0.011,531.806,0,1,Unrestricted,48346
08-04-2026,Lunar Netsuite,10-000557,10-000557,CAP CER 100PF 50V CH 0402,Electrical Components,OTS,NexGen Digital Inc,NS,FALSE,Lunar Energy,90000,0,0.0028,252,0,0,Unrestricted,90000
08-04-2026,CM: Sienna GA,10-000557 REV-1,10-000557,CAP CER 100PF 50V CH 0402,Electrical Components,OTS,ATLN,MAIN,FALSE,Sienna Corporation,15714,0,0.0027,42.4278,0,1,Unrestricted,15714
08-04-2026,Lunar Netsuite,10-000557,10-000557,CAP CER 100PF 50V CH 0402,Electrical Components,OTS,JIT - Reno,NS,FALSE,Lunar Energy,110000,0,0.0028,308,0,0,Unrestricted,110000
08-04-2026,CM: Sienna GA,10-000558 REV-01,10-000558,CAP CER 4.7UF 16V X7R 0805 AEC-Q,Electrical Components,OTS,ATLN,LINE,FALSE,Sienna Corporation,31723,0,0.0474,1503.6702,0,1,Unrestricted,31723
08-04-2026,CM: Qualitel WA,814L-10-000558,10-000558,CAP CER 4.7UF 16V X7R 0805 AEC-Q,Electrical Components,OTS,"Seattle, WA",Stock,FALSE,Qualitel,12014,0,0.0348,418.0872,0,0,Unrestricted,12014
08-04-2026,CM: Qualitel WA,814L-10-000559,10-000559,CAP CER 1000PF 50V X7R 0402 AEC-Q,Electrical Components,OTS,"Seattle, WA",Stock,FALSE,Qualitel,204820,0,0.002,409.64,0,0,Unrestricted,204820
08-04-2026,CM: Qualitel WA,814L-10-000559,10-000559,CAP CER 1000PF 50V X7R 0402 AEC-Q,Electrical Components,OTS,"Seattle, WA",PO Inspection,FALSE,Qualitel,0,250,0.002,0,0.5,0,Restricted,0
08-04-2026,CM: Sienna GA,10-000559 REV-01,10-000559,CAP CER 1000PF 50V X7R 0402 AEC-Q,Electrical Components,OTS,ATLN,LINE,FALSE,Sienna Corporation,62650,0,0.0029,181.685,0,1,Unrestricted,62650
08-04-2026,CM: Qualitel WA,814L-10-000559,10-000559,CAP CER 1000PF 50V X7R 0402 AEC-Q,Electrical Components,OTS,"Seattle, WA",MRB,FALSE,Qualitel,0,250,0.002,0,0.5,0,Restricted,0
08-04-2026,CM: Sienna GA,10-000559 REV-01,10-000559,CAP CER 1000PF 50V X7R 0402 AEC-Q,Electrical Components,OTS,ATLN,MAIN,FALSE,Sienna Corporation,170000,0,0.0029,493,0,1,Unrestricted,170000
08-04-2026,CM: Qualitel WA,814L-10-000560,10-000560,CAP CER 470PF 50V X7R 0402 AEC-Q,Electrical Components,OTS,"Seattle, WA",Stock,FALSE,Qualitel,16711,0,0.0034,56.8174,0,0,Unrestricted,16711
08-04-2026,CM: Sienna GA,10-000560 REV-1,10-000560,CAP CER 470PF 50V X7R 0402 AEC-Q,Electrical Components,OTS,ATLN,LINE,FALSE,Sienna Corporation,34230,0,0.0037,126.651,0,1,Unrestricted,34230
08-04-2026,CM: Sienna GA,10-000561 REV-01,10-000561,CAP CER 10000PF 25V X7R 0402 AEC-Q,Electrical Components,OTS,ATLN,MAIN,FALSE,Sienna Corporation,49436,0,0.0022,108.7592,0,1,Unrestricted,49436
08-04-2026,CM: Qualitel WA,814L-10-000561,10-000561,CAP CER 10000PF 25V X7R 0402 AEC-Q,Electrical Components,OTS,"Seattle, WA",Stock,FALSE,Qualitel,26285,0,0.0021,55.1985,0,0,Unrestricted,26285
08-04-2026,CM: Sienna GA,C10-000561 REV-1,10-000561,CAP CER 10000PF 25V X7R 0402 AEC-Q,Electrical Components,OTS,ATLN,WT74,TRUE,Lunar Energy,10000,0,0,0,0,1,Unrestricted,10000
08-04-2026,Lunar Netsuite,10-000561,10-000561,CAP CER 10000PF 25V X7R 0402 AEC-Q,Electrical Components,OTS,Sienna Corporation - GA,NS,FALSE,Lunar Energy,10000,0,0.0022,22,0,0,Unrestricted,0
08-04-2026,CM: Sienna GA,10-000561 REV-01,10-000561,CAP CER 10000PF 25V X7R 0402 AEC-Q,Electrical Components,OTS,ATLN,LINE,FALSE,Sienna Corporation,18297,0,0.0022,40.2534,0,1,Unrestricted,18297
08-04-2026,CM: Sienna GA,10-000563 REV-01,10-000563,"Ceramic Capacitor, Multilayer, Ceramic, 35V, 10% +Tol, 10% -Tol, X7R, 15% TC, 0.15uF, SMT AEC-Q,",Electrical Components,OTS,ATLN,MAIN,FALSE,Sienna Corporation,20000,0,0.0177,354,0,1,Unrestricted,20000
08-04-2026,CM: Sienna GA,10-000563 REV-01,10-000563,"Ceramic Capacitor, Multilayer, Ceramic, 35V, 10% +Tol, 10% -Tol, X7R, 15% TC, 0.15uF, SMT AEC-Q,",Electrical Components,OTS,ATLN,LINE,FALSE,Sienna Corporation,10376,0,0.0177,183.6552,0,1,Unrestricted,10376
08-04-2026,CM: Qualitel WA,814L-10-000563,10-000563,"Ceramic Capacitor, Multilayer, Ceramic, 35V, 10% +Tol, 10% -Tol, X7R, 15% TC, 0.15uF, SMT AEC-Q,",Electrical Components,OTS,"Seattle, WA",Stock,FALSE,Qualitel,15002,0,0.0173,259.5346,0,0,Unrestricted,15002
08-04-2026,CM: Sienna GA,10-000564 REV-01,10-000564,CAP CER 1.2PF 50V C0G/NPO 0402 AEC-Q,Electrical Components,OTS,ATLN,LINE,FALSE,Sienna Corporation,17643,0,0.0042,74.1006,0,1,Unrestricted,17643
08-04-2026,CM: Qualitel WA,814L-10-000564,10-000564,CAP CER 1.2PF 50V C0G/NPO 0402 AEC-Q,Electrical Components,OTS,"Seattle, WA",Stock,FALSE,Qualitel,26208,0,0.0042,110.0736,0,0,Unrestricted,26208
08-04-2026,CM: Qualitel WA,814L-10-000565,10-000565,CAP CER 3.3PF 50V C0G/NPO 0402 AEC-Q,Electrical Components,OTS,"Seattle, WA",Stock,FALSE,Qualitel,16252,0,0.0045,73.134,0,0,Unrestricted,16252
08-04-2026,CM: Sienna GA,10-000565 REV-1,10-000565,CAP CER 3.3PF 50V C0G/NPO 0402 AEC-Q,Electrical Components,OTS,ATLN,LINE,FALSE,Sienna Corporation,10582,0,0.0047,49.7354,0,1,Unrestricted,10582
08-04-2026,CM: Sienna GA,10-000565 REV-1,10-000565,CAP CER 3.3PF 50V C0G/NPO 0402 AEC-Q,Electrical Components,OTS,ATLN,RIQC,FALSE,Sienna Corporation,50000,0,0.0047,235,0,1,Unrestricted,50000
08-04-2026,CM: Qualitel WA,814L-10-000566,10-000566,CAP CER 2.7PF ±0.25PF 50V C0G 0402 AEC-Q,Electrical Components,OTS,"Seattle, WA",Stock,FALSE,Qualitel,18745,0,0.0047,88.1015,0,0,Unrestricted,18745
08-04-2026,CM: Sienna GA,10-000566 REV-1,10-000566,CAP CER 2.7PF ±0.25PF 50V C0G 0402 AEC-Q,Electrical Components,OTS,ATLN,LINE,FALSE,Sienna Corporation,13476,0,0.0047,63.3372,0,1,Unrestricted,13476
08-04-2026,CM: Sienna GA,10-000567 REV-1,10-000567,CAP CER 3.9PF 50V C0G/NPO 0402 AEC-Q,Electrical Components,OTS,ATLN,LINE,FALSE,Sienna Corporation,17063,0,0.0047,80.1961,0,1,Unrestricted,17063
08-04-2026,CM: Qualitel WA,814L-10-000567,10-000567,CAP CER 3.9PF 50V C0G/NPO 0402 AEC-Q,Electrical Components,OTS,"Seattle, WA",Stock,FALSE,Qualitel,17477,0,0.0047,82.1419,0,0,Unrestricted,17477
08-04-2026,CM: Sienna GA,10-000568 REV-01,10-000568,CAP CER 5.6PF 50V C0G/NP0 0402 AEC-Q,Electrical Components,OTS,ATLN,LINE,FALSE,Sienna Corporation,13372,0,0.0104,139.0688,0,1,Unrestricted,13372
08-04-2026,Lunar Netsuite,10-000568,10-000568,CAP CER 5.6PF 50V C0G/NP0 0402 AEC-Q,Electrical Components,OTS,JIT - Reno,NS,FALSE,Lunar Energy,10000,0,0.0104,104,0,0,Unrestricted,10000
08-04-2026,Lunar Netsuite,10-000568,10-000568,CAP CER 5.6PF 50V C0G/NP0 0402 AEC-Q,Electrical Components,OTS,NexGen Digital Inc,NS,FALSE,Lunar Energy,90000,0,0.0104,936,0,0,Unrestricted,90000
08-04-2026,CM: Qualitel WA,814L-10-000568,10-000568,CAP CER 5.6PF 50V C0G/NP0 0402 AEC-Q,Electrical Components,OTS,"Seattle, WA",Stock,FALSE,Qualitel,8730,0,0.0063,54.999,0,0,Unrestricted,8730
08-04-2026,CM: Sienna GA,10-000569 REV-01,10-000569,CAP CER 1UF 35V X7R 0603 AEC-Q,Electrical Components,OTS,ATLN,MAIN,FALSE,Sienna Corporation,72000,0,0.0142,1022.4,0,1,Unrestricted,72000
08-04-2026,CM: Qualitel WA,814L-10-000569,10-000569,CAP CER 1UF 35V X7R 0603 AEC-Q,Electrical Components,OTS,"Seattle, WA",Stock,FALSE,Qualitel,101447,0,0.0133,1349.2451,0,0,Unrestricted,101447
08-04-2026,CM: Sienna GA,10-000569 REV-01,10-000569,CAP CER 1UF 35V X7R 0603 AEC-Q,Electrical Components,OTS,ATLN,LINE,FALSE,Sienna Corporation,27559,0,0.0142,391.3378,0,1,Unrestricted,27559
08-04-2026,CM: Qualitel WA,814L-10-000570,10-000570,CAP CER 1.5PF ± 0.25pF 50V C0K/CK 0402 AEC-Q,Electrical Components,OTS,"Seattle, WA",Stock,FALSE,Qualitel,7487,0,0.0032,23.9584,0,0,Unrestricted,7487
08-04-2026,CM: Sienna GA,10-000570 REV-01,10-000570,CAP CER 1.5PF ± 0.25pF 50V C0K/CK 0402 AEC-Q,Electrical Components,OTS,ATLN,LINE,FALSE,Sienna Corporation,16838,0,0.0038,63.9844,0,1,Unrestricted,16838
08-04-2026,CM: Sienna GA,10-000571 REV-01,10-000571,CAP CER 1.8PF 50V C0G/NP0 0402 AEC-Q,Electrical Components,OTS,ATLN,LINE,FALSE,Sienna Corporation,3333,0,0.008,26.664,0,1,Unrestricted,3333
08-04-2026,CM: Sienna GA,10-000571 REV-01,10-000571,CAP CER 1.8PF 50V C0G/NP0 0402 AEC-Q,Electrical Components,OTS,ATLN,MAIN,FALSE,Sienna Corporation,10000,0,0.008,80,0,1,Unrestricted,10000
08-04-2026,CM: Qualitel WA,814L-10-000571,10-000571,CAP CER 1.8PF 50V C0G/NP0 0402 AEC-Q,Electrical Components,OTS,"Seattle, WA",Stock,FALSE,Qualitel,8726,0,0.0046,40.1396,0,0,Unrestricted,8726
08-04-2026,CM: Qualitel WA,814L-10-000572,10-000572,CAP CER 12PF 5% 50V C0H/CH 0402 AEC-Q,Electrical Components,OTS,"Seattle, WA",Stock,FALSE,Qualitel,17498,0,0.0031,54.2438,0,0,Unrestricted,17498
08-04-2026,CM: Sienna GA,10-000572 REV-01,10-000572,CAP CER 12PF 5% 50V C0H/CH 0402 AEC-Q,Electrical Components,OTS,ATLN,LINE,FALSE,Sienna Corporation,19395,0,0.0031,60.1245,0,1,Unrestricted,19395
08-04-2026,CM: Sienna GA,10-000573 REV-01,10-000573,"General Purpose Inductor, 0.0068uH, 3%, 1 Element, SMD AEC-Q",Electrical Components,OTS,ATLN,LINE,FALSE,Sienna Corporation,37479,0,0.0197,738.3363,0,1,Unrestricted,37479
08-04-2026,CM: Qualitel WA,814L-10-000573,10-000573,"General Purpose Inductor, 0.0068uH, 3%, 1 Element, SMD AEC-Q",Electrical Components,OTS,"Seattle, WA",Stock,FALSE,Qualitel,13755,0,0.019,261.345,0,0,Unrestricted,13755
08-04-2026,CM: Sienna GA,10-000574 REV-01,10-000574,"General Purpose Inductor, 0.0033uH, 6.061%, 1 Element, SMD AEC-Q",Electrical Components,OTS,ATLN,LINE,FALSE,Sienna Corporation,13467,0,0.0197,265.2999,0,1,Unrestricted,13467
08-04-2026,CM: Qualitel WA,814L-10-000574,10-000574,"General Purpose Inductor, 0.0033uH, 6.061%, 1 Element, SMD AEC-Q",Electrical Components,OTS,"Seattle, WA",Stock,FALSE,Qualitel,9740,0,0.0197,191.878,0,0,Unrestricted,9740
08-04-2026,Lunar Netsuite,10-000575,10-000575,"General Purpose Inductor, 0.0047uH, 2.128%, 1 Element, SMD AEC-Q",Electrical Components,OTS,JIT - Reno,NS,FALSE,Lunar Energy,9900,0,0.058,574.2,0,0,Unrestricted,9900
08-04-2026,CM: Qualitel WA,814L-10-000575,10-000575,"General Purpose Inductor, 0.0047uH, 2.128%, 1 Element, SMD AEC-Q",Electrical Components,OTS,"Seattle, WA",Stock,FALSE,Qualitel,7495,0,0.0554,415.223,0,0,Unrestricted,7495
08-04-2026,CM: Sienna GA,10-000575 REV-01,10-000575,"General Purpose Inductor, 0.0047uH, 2.128%, 1 Element, SMD AEC-Q",Electrical Components,OTS,ATLN,LINE,FALSE,Sienna Corporation,17287,0,0.056,968.072,0,1,Unrestricted,17287
08-04-2026,Lunar Netsuite,10-000576,10-000576,"General Purpose Inductor, 0.015uH, 5%, 1 Element, SMD AEC-Q",Electrical Components,OTS,JIT - Reno,NS,FALSE,Lunar Energy,9600,0,0.0327,313.92,0,0,Unrestricted,9600
08-04-2026,CM: Qualitel WA,814L-10-000576,10-000576,"General Purpose Inductor, 0.015uH, 5%, 1 Element, SMD AEC-Q",Electrical Components,OTS,"Seattle, WA",Stock,FALSE,Qualitel,9746,0,0.0327,318.6942,0,0,Unrestricted,9746
08-04-2026,CM: Sienna GA,10-000576 REV-01,10-000576,"General Purpose Inductor, 0.015uH, 5%, 1 Element, SMD AEC-Q",Electrical Components,OTS,ATLN,LINE,FALSE,Sienna Corporation,13496,0,0.0327,441.3192,0,1,Unrestricted,13496
08-04-2026,CM: Qualitel WA,814L-10-000577,10-000577,"General Purpose Inductor, 0.0056uH, 2%, 1 Element, SMD AEC-Q",Electrical Components,OTS,"Seattle, WA",Stock,FALSE,Qualitel,8748,0,0.0473,413.7804,0,0,Unrestricted,8748
08-04-2026,CM: Sienna GA,10-000577 REV-01,10-000577,"General Purpose Inductor, 0.0056uH, 2%, 1 Element, SMD AEC-Q",Electrical Components,OTS,ATLN,LINE,FALSE,Sienna Corporation,4886,0,0.0474,231.5964,0,1,Unrestricted,4886
08-04-2026,Lunar Netsuite,10-000577,10-000577,"General Purpose Inductor, 0.0056uH, 2%, 1 Element, SMD AEC-Q",Electrical Components,OTS,NexGen Digital Inc,NS,FALSE,Lunar Energy,20000,0,0.0532,1064,0,0,Unrestricted,20000
08-04-2026,CM: Sienna GA,10-000578 REV-01,10-000578,"General Purpose Inductor, 0.0062uH, 2%, 1 Element, SMD AEC-Q",Electrical Components,OTS,ATLN,LINE,FALSE,Sienna Corporation,13409,0,0.0473,634.2457,0,1,Unrestricted,13409
08-04-2026,Lunar Netsuite,10-000578,10-000578,"General Purpose Inductor, 0.0062uH, 2%, 1 Element, SMD AEC-Q",Electrical Components,OTS,JIT - Reno,NS,FALSE,Lunar Energy,9600,0,0.0483,463.68,0,0,Unrestricted,9600
08-04-2026,CM: Qualitel WA,814L-10-000578,10-000578,"General Purpose Inductor, 0.0062uH, 2%, 1 Element, SMD AEC-Q",Electrical Components,OTS,"Seattle, WA",Stock,FALSE,Qualitel,8743,0,0.0473,413.5439,0,0,Unrestricted,8743
08-04-2026,CM: Sienna GA,10-000579 REV-1,10-000579,"General Purpose Inductor, 10uH, 20%, 1 Element, Ferrite-Core, SMD, 0805 AEC-Q",Electrical Components,OTS,ATLN,MAIN,FALSE,Sienna Corporation,2000,0,0.0365,73,0,1,Unrestricted,2000
08-04-2026,CM: Qualitel WA,814L-10-000579,10-000579,"General Purpose Inductor, 10uH, 20%, 1 Element, Ferrite-Core, SMD, 0805 AEC-Q",Electrical Components,OTS,"Seattle, WA",Stock,FALSE,Qualitel,2748,0,0.0365,100.302,0,0,Unrestricted,2748
08-04-2026,CM: Sienna GA,10-000579 REV-1,10-000579,"General Purpose Inductor, 10uH, 20%, 1 Element, Ferrite-Core, SMD, 0805 AEC-Q",Electrical Components,OTS,ATLN,LINE,FALSE,Sienna Corporation,4083,0,0.0365,149.0295,0,1,Unrestricted,4083
08-04-2026,CM: Sienna GA,10-000580 REV-1,10-000580,"General Purpose Inductor, 0.018uH, 5%, 1 Element, SMD AEC-Q",Electrical Components,OTS,ATLN,MAIN,FALSE,Sienna Corporation,4000,0,0.0488,195.2,0,1,Unrestricted,4000
08-04-2026,CM: Qualitel WA,814L-10-000580,10-000580,"General Purpose Inductor, 0.018uH, 5%, 1 Element, SMD AEC-Q",Electrical Components,OTS,"Seattle, WA",Stock,FALSE,Qualitel,5480,0,0.0488,267.424,0,0,Unrestricted,5480
08-04-2026,CM: Sienna GA,10-000580 REV-1,10-000580,"General Purpose Inductor, 0.018uH, 5%, 1 Element, SMD AEC-Q",Electrical Components,OTS,ATLN,LINE,FALSE,Sienna Corporation,11103,0,0.0488,541.8264,0,1,Unrestricted,11103
08-04-2026,CM: Sienna GA,10-000581 REV-01,10-000581,"General Purpose Inductor, 0.003uH, 6.667%, 1 Element, SMD AEC-Q",Electrical Components,OTS,ATLN,LINE,FALSE,Sienna Corporation,13492,0,0.0197,265.7924,0,1,Unrestricted,13492
08-04-2026,CM: Qualitel WA,814L-10-000581,10-000581,"General Purpose Inductor, 0.003uH, 6.667%, 1 Element, SMD AEC-Q",Electrical Components,OTS,"Seattle, WA",Stock,FALSE,Qualitel,9730,0,0.0197,191.681,0,0,Unrestricted,9730
08-04-2026,CM: Sienna GA,10-000582 REV-01,10-000582,"General Purpose Inductor, 0.0013uH, 15.385%, 1 Element, SMD AEC-Q",Electrical Components,OTS,ATLN,LINE,FALSE,Sienna Corporation,13446,0,0.0197,264.8862,0,1,Unrestricted,13446
08-04-2026,CM: Qualitel WA,814L-10-000582,10-000582,"General Purpose Inductor, 0.0013uH, 15.385%, 1 Element, SMD AEC-Q",Electrical Components,OTS,"Seattle, WA",Stock,FALSE,Qualitel,9600,0,0.0197,189.12,0,0,Unrestricted,9600
08-04-2026,Lunar Netsuite,10-000582,10-000582,"General Purpose Inductor, 0.0013uH, 15.385%, 1 Element, SMD AEC-Q",Electrical Components,OTS,JIT - Reno,NS,FALSE,Lunar Energy,9600,0,0.0197,189.12,0,0,Unrestricted,9600
08-04-2026,CM: Sienna GA,10-000583 REV-01,10-000583,"General Purpose Inductor, 0.033uH, 5%, 1 Element, SMD AEC-Q",Electrical Components,OTS,ATLN,MAIN,FALSE,Sienna Corporation,10000,0,0.0415,415,0,1,Unrestricted,10000
08-04-2026,Lunar Netsuite,10-000583,10-000583,"General Purpose Inductor, 0.033uH, 5%, 1 Element, SMD AEC-Q",Electrical Components,OTS,JIT - Reno,NS,FALSE,Lunar Energy,5000,0,0.0597,298.5,0,0,Unrestricted,5000
08-04-2026,CM: Sienna GA,10-000583 REV-01,10-000583,"General Purpose Inductor, 0.033uH, 5%, 1 Element, SMD AEC-Q",Electrical Components,OTS,ATLN,LINE,FALSE,Sienna Corporation,3404,0,0.0415,141.266,0,1,Unrestricted,3404
08-04-2026,CM: Qualitel WA,814L-10-000583,10-000583,"General Purpose Inductor, 0.033uH, 5%, 1 Element, SMD AEC-Q",Electrical Components,OTS,"Seattle, WA",Stock,FALSE,Qualitel,8742,0,0.05,437.1,0,0,Unrestricted,8742
08-04-2026,CM: Sienna GA,10-000585 REV-01,10-000585,RES 0 OHM JUMPER 1/16W 0402 AEC-Q,Electrical Components,OTS,ATLN,MAIN,FALSE,Sienna Corporation,188509,0,0.0011,207.3599,0,1,Unrestricted,188509
08-04-2026,CM: Sienna GA,10-000585 REV-01,10-000585,RES 0 OHM JUMPER 1/16W 0402 AEC-Q,Electrical Components,OTS,ATLN,RIQC,FALSE,Sienna Corporation,70000,0,0.0011,77,0,1,Unrestricted,70000
08-04-2026,CM: Sienna GA,10-000585 REV-01,10-000585,RES 0 OHM JUMPER 1/16W 0402 AEC-Q,Electrical Components,OTS,ATLN,LINE,FALSE,Sienna Corporation,13555,0,0.0011,14.9105,0,1,Unrestricted,13555
08-04-2026,CM: Qualitel WA,814L-10-000585,10-000585,RES 0 OHM JUMPER 1/16W 0402 AEC-Q,Electrical Components,OTS,"Seattle, WA",Stock,FALSE,Qualitel,97546,0,0.0033,321.9018,0,0,Unrestricted,97546
08-04-2026,CM: Qualitel WA,814L-10-000586,10-000586,860 to 930 MHz High-Power RF Front-End Module,Electrical Components,OTS,"Seattle, WA",Stock,FALSE,Qualitel,4747,0,1.21,5743.87,0,0,Unrestricted,4747
08-04-2026,Lunar Netsuite,10-000586,10-000586,860 to 930 MHz High-Power RF Front-End Module,Electrical Components,OTS,JIT - Reno,NS,FALSE,Lunar Energy,9000,0,1.3065,11758.5,0,0,Unrestricted,7524
08-04-2026,CM: Sienna GA,10-000586 REV-01,10-000586,860 to 930 MHz High-Power RF Front-End Module,Electrical Components,OTS,ATLN,LINE,FALSE,Sienna Corporation,2581,0,1.2,3097.2,0,1,Unrestricted,2581
08-04-2026,CM: Qualitel WA,814L-10-000587,10-000587,S2-LP is a 900 MHz RF radio,Electrical Components,OTS,"Seattle, WA",Stock,FALSE,Qualitel,6749,0,1.26,8503.74,0,0,Unrestricted,6749
08-04-2026,Lunar Netsuite,10-000587,10-000587,S2-LP is a 900 MHz RF radio,Electrical Components,OTS,CA - Ravendale,NS,FALSE,Lunar Energy,4159,0,0,0,0,0,Unrestricted,4159
08-04-2026,CM: Sienna GA,10-000587 REV-01,10-000587,S2-LP is a 900 MHz RF radio,Electrical Components,OTS,ATLN,LINE,FALSE,Sienna Corporation,5557,0,1.3821,7680.3297,0,1,Unrestricted,5557
08-04-2026,CM: Sienna GA,10-000589 REV-01,10-000589,CAP FILM 0.47UF 20% 760VDC RAD,Electrical Components,OTS,ATLN,RECV,FALSE,Sienna Corporation,252,0,0.569,143.388,0,1,Unrestricted,252
08-04-2026,CM: Sienna GA,10-000589 REV-01,10-000589,CAP FILM 0.47UF 20% 760VDC RAD,Electrical Components,OTS,ATLN,LINE,FALSE,Sienna Corporation,1249,0,0.569,710.681,0,1,Unrestricted,1249
08-04-2026,CM: Sienna GA,10-000589 REV-01,10-000589,CAP FILM 0.47UF 20% 760VDC RAD,Electrical Components,OTS,ATLN,MAIN,FALSE,Sienna Corporation,6820,0,0.569,3880.58,0,1,Unrestricted,6820
08-04-2026,CM: Sienna GA,10-000590 REV-01,10-000590,TVS DIODE 12.8VWM 27.2VC SMB,Electrical Components,OTS,ATLN,RIQC,FALSE,Sienna Corporation,5000,0,0.0596,298,0,1,Unrestricted,5000
08-04-2026,Lunar Netsuite,10-000590,10-000590,TVS DIODE 12.8VWM 27.2VC SMB,Electrical Components,OTS,JIT - Reno,NS,FALSE,Lunar Energy,40000,0,0.0431,1724,0,0,Unrestricted,32500
08-04-2026,CM: Sienna GA,10-000590 REV-01,10-000590,TVS DIODE 12.8VWM 27.2VC SMB,Electrical Components,OTS,ATLN,MAIN,FALSE,Sienna Corporation,2072,0,0.0596,123.4912,0,1,Unrestricted,2072
08-04-2026,CM: Sienna GA,10-000590 REV-01,10-000590,TVS DIODE 12.8VWM 27.2VC SMB,Electrical Components,OTS,ATLN,LINE,FALSE,Sienna Corporation,4695,0,0.0596,279.822,0,1,Unrestricted,4695
08-04-2026,CM: Qualitel WA,814L-10-000590,10-000590,TVS DIODE 12.8VWM 27.2VC SMB,Electrical Components,OTS,"Seattle, WA",Stock,FALSE,Qualitel,12488,0,0.0596,744.2848,0,0,Unrestricted,12488
08-04-2026,Lunar Netsuite,10-000590,10-000590,TVS DIODE 12.8VWM 27.2VC SMB,Electrical Components,OTS,NexGen Digital Inc,NS,FALSE,Lunar Energy,22455,0,0.04,898.2,0,0,Unrestricted,22455
08-04-2026,CM: Sienna GA,10-000591 REV-01,10-000591,DIGITAL TRANSFORMER,Electrical Components,OTS,ATLN,LPAC,FALSE,Sienna Corporation,493,0,0.55,271.15,0,1,Unrestricted,493
08-04-2026,Lunar Netsuite,10-000591,10-000591,DIGITAL TRANSFORMER,Electrical Components,OTS,JIT - Reno,NS,FALSE,Lunar Energy,11962,0,0.55,6579.1,0,0,Unrestricted,10762
08-04-2026,CM: Sienna GA,C10-000591 REV-01,10-000591,DIGITAL TRANSFORMER,Electrical Components,OTS,ATLN,WRA1,TRUE,Lunar Energy,600,0,0,0,0,1,Unrestricted,600
08-04-2026,CM: Sienna GA,10-000591 REV-01,10-000591,DIGITAL TRANSFORMER,Electrical Components,OTS,ATLN,RIQC,FALSE,Sienna Corporation,1000,0,0.55,550,0,1,Unrestricted,1000
08-04-2026,CM: Sienna GA,10-000591 REV-01,10-000591,DIGITAL TRANSFORMER,Electrical Components,OTS,ATLN,LINE,FALSE,Sienna Corporation,651,0,0.55,358.05,0,1,Unrestricted,651
08-04-2026,Lunar Netsuite,10-000591,10-000591,DIGITAL TRANSFORMER,Electrical Components,OTS,Sienna Corporation - GA,NS,FALSE,Lunar Energy,650,0,0.55,357.5,0,0,Unrestricted,0
08-04-2026,Lunar Netsuite,10-000591,10-000591,DIGITAL TRANSFORMER,Electrical Components,OTS,NexGen Digital Inc,NS,FALSE,Lunar Energy,34886,0,0.55,19187.3,0,0,Unrestricted,34886
08-04-2026,CM: Sienna GA,C10-000591 REV-01,10-000591,DIGITAL TRANSFORMER,Electrical Components,OTS,ATLN,WT62,TRUE,Lunar Energy,50,0,0,0,0,1,Unrestricted,50
08-04-2026,CM: Celestica MX,10-0005953MS,10-000595,CAP CER 22UF 16V X7R 1210 AEC-Q,Electrical Components,OTS,Monterrey Prod,1000,FALSE,Celestica,-4,0,0.213,-0.852,0,0,Unrestricted,-4
08-04-2026,Lunar Netsuite,10-000595,10-000595,CAP CER 22UF 16V X7R 1210 AEC-Q,Electrical Components,OTS,JIT - Reno,NS,FALSE,Lunar Energy,15000,0,0.08,1200,0,0,Unrestricted,5000
08-04-2026,CM: Sienna GA,10-000595 REV-02,10-000595,CAP CER 22UF 16V X7R 1210 AEC-Q,Electrical Components,OTS,ATLN,MAIN,FALSE,Sienna Corporation,5743,0,0.213,1223.259,0,2,Unrestricted,5743
08-04-2026,CM: Sienna GA,10-000595 REV-02,10-000595,CAP CER 22UF 16V X7R 1210 AEC-Q,Electrical Components,OTS,ATLN,RIQC,FALSE,Sienna Corporation,1000,0,0.213,213,0,2,Unrestricted,1000
08-04-2026,CM: Qualitel WA,814L-10-000595,10-000595,CAP CER 22UF 16V X7R 1210 AEC-Q,Electrical Components,OTS,"Seattle, WA",Stock,FALSE,Qualitel,32312,0,0.082,2649.584,0,0,Unrestricted,32312
08-04-2026,CM: Qualitel WA,814L-10-000596,10-000596,FIXED IND 10UH 500MA 400MOHM SMD,Electrical Components,OTS,"Seattle, WA",Stock,FALSE,Qualitel,19674,0,0.215,4229.91,0,0,Unrestricted,19674
08-04-2026,CM: Celestica MX,10-0005963MS,10-000596,FIXED IND 10UH 500MA 400MOHM SMD,Electrical Components,OTS,Monterrey Prod,1000,FALSE,Celestica,782,0,0.2145,167.739,0,0,Unrestricted,782
08-04-2026,CM: Qualitel WA,814L-10-000598,10-000598,"DC-DC Regulated Power Supply Module, 1 Output, 1W, Hybrid",Electrical Components,OTS,"Seattle, WA",Stock,FALSE,Qualitel,6350,0,4.9,31115,0,0,Unrestricted,6350
08-04-2026,Lunar Netsuite,10-000598,10-000598,"DC-DC Regulated Power Supply Module, 1 Output, 1W, Hybrid",Electrical Components,OTS,Avnet,NS,FALSE,Lunar Energy,5100,0,4.9,24990,0,0,Unrestricted,36
08-04-2026,Lunar Netsuite,10-000598,10-000598,"DC-DC Regulated Power Supply Module, 1 Output, 1W, Hybrid",Electrical Components,OTS,JIT - Reno,NS,FALSE,Lunar Energy,1074,0,4.9,5262.6,0,0,Unrestricted,1074
08-04-2026,CM: Celestica MX,10-0005983MS,10-000598,"DC-DC Regulated Power Supply Module, 1 Output, 1W, Hybrid",Electrical Components,OTS,Monterrey Prod,1000,FALSE,Celestica,-2,0,4.9,-9.8,0,0,Unrestricted,-2
08-04-2026,CM: Sienna GA,10-000603 REV-01,10-000603,LED RED CLEAR 2SMD,Electrical Components,OTS,ATLN,MAIN,FALSE,Sienna Corporation,4000,0,0.131,524,0,1,Unrestricted,4000
08-04-2026,CM: Sienna GA,10-000603 REV-01,10-000603,LED RED CLEAR 2SMD,Electrical Components,OTS,ATLN,LINE,FALSE,Sienna Corporation,2032,0,0.131,266.192,0,1,Unrestricted,2032
08-04-2026,Lunar Netsuite,10-000603,10-000603,LED RED CLEAR 2SMD,Electrical Components,OTS,JIT - Reno,NS,FALSE,Lunar Energy,8000,0,0.1313,1050.4,0,0,Unrestricted,8000
08-04-2026,CM: Qualitel WA,814L-10-000603,10-000603,LED RED CLEAR 2SMD,Electrical Components,OTS,"Seattle, WA",Stock,FALSE,Qualitel,13721,0,0.105,1440.705,0,0,Unrestricted,13721
08-04-2026,CM: Sienna GA,10-000603 REV-01,10-000603,LED RED CLEAR 2SMD,Electrical Components,OTS,ATLN,RIQC,FALSE,Sienna Corporation,2000,0,0.131,262,0,1,Unrestricted,2000
08-04-2026,Lunar Netsuite,10-000603,10-000603,LED RED CLEAR 2SMD,Electrical Components,OTS,NexGen Digital Inc,NS,FALSE,Lunar Energy,14000,0,0.1367,1913.8,0,0,Unrestricted,14000
08-04-2026,Lunar Netsuite,10-000605,10-000605,DIODE ARRAY AEC-Q,Electrical Components,OTS,Sienna Corporation - GA,NS,FALSE,Lunar Energy,3000,0,0.0501,150.3,0,0,Unrestricted,0
08-04-2026,CM: Sienna GA,10-000605 REV-01,10-000605,DIODE ARRAY AEC-Q,Electrical Components,OTS,ATLN,MAIN,FALSE,Sienna Corporation,43648,0,0.0435,1898.688,0,1,Unrestricted,43648
08-04-2026,CM: Sienna GA,10-000605 REV-01,10-000605,DIODE ARRAY AEC-Q,Electrical Components,OTS,ATLN,LINE,FALSE,Sienna Corporation,8728,0,0.0435,379.668,0,1,Unrestricted,8728
08-04-2026,CM: Sienna GA,C10-000605 REV-01,10-000605,DIODE ARRAY AEC-Q,Electrical Components,OTS,ATLN,WT32,TRUE,Lunar Energy,1655,0,0,0,0,1,Unrestricted,1655
08-04-2026,CM: Qualitel WA,814L-10-000605,10-000605,DIODE ARRAY AEC-Q,Electrical Components,OTS,"Seattle, WA",Stock,FALSE,Qualitel,68669,0,0.0263,1805.9947,0,0,Unrestricted,68669
08-04-2026,CM: Sienna GA,C10-000605 REV-01,10-000605,DIODE ARRAY AEC-Q,Electrical Components,OTS,ATLN,WT16,TRUE,Lunar Energy,345,0,0,0,0,1,Unrestricted,345
08-04-2026,CM: Qualitel WA,814L-10-000605,10-000605,DIODE ARRAY AEC-Q,Electrical Components,OTS,"Seattle, WA",MRB,FALSE,Qualitel,0,100,0.0263,0,2.63,0,Restricted,0
08-04-2026,CM: Sienna GA,C10-000605 REV-01,10-000605,DIODE ARRAY AEC-Q,Electrical Components,OTS,ATLN,WT11,TRUE,Lunar Energy,1000,0,0,0,0,1,Unrestricted,1000
08-04-2026,CM: Sienna GA,10-000605 REV-01,10-000605,DIODE ARRAY AEC-Q,Electrical Components,OTS,ATLN,RIQC,FALSE,Sienna Corporation,18000,0,0.0435,783,0,1,Unrestricted,18000
08-04-2026,CM: Qualitel WA,814L-10-000605,10-000605,DIODE ARRAY AEC-Q,Electrical Components,OTS,"Seattle, WA",PO Inspection,FALSE,Qualitel,0,100,0.0263,0,2.63,0,Restricted,0
08-04-2026,CM: Qualitel WA,814L-10-000606,10-000606,TVS DIODE 16VWM 26VC SMA,Electrical Components,OTS,"Seattle, WA",PO Inspection,FALSE,Qualitel,0,50,0.0764,0,3.82,0,Restricted,0
08-04-2026,Lunar Netsuite,10-000606,10-000606,TVS DIODE 16VWM 26VC SMA,Electrical Components,OTS,Avnet,NS,FALSE,Lunar Energy,5000,0,0.0764,382,0,0,Unrestricted,5000
08-04-2026,CM: Qualitel WA,814L-10-000606,10-000606,TVS DIODE 16VWM 26VC SMA,Electrical Components,OTS,"Seattle, WA",MRB,FALSE,Qualitel,0,50,0.0764,0,3.82,0,Restricted,0
08-04-2026,CM: Sienna GA,10-000606 REV-01,10-000606,TVS DIODE 16VWM 26VC SMA,Electrical Components,OTS,ATLN,LINE,FALSE,Sienna Corporation,3499,0,0.0764,267.3236,0,1,Unrestricted,3499
08-04-2026,CM: Qualitel WA,814L-10-000606,10-000606,TVS DIODE 16VWM 26VC SMA,Electrical Components,OTS,"Seattle, WA",Stock,FALSE,Qualitel,2475,0,0.0764,189.09,0,0,Unrestricted,2475
08-04-2026,CM: Sienna GA,10-000607 REV-01,10-000607,LED GREEN CLEAR CHIP SMD,Electrical Components,OTS,ATLN,RIQC,FALSE,Sienna Corporation,14000,0,0.057,798,0,1,Unrestricted,14000
08-04-2026,Lunar Netsuite,10-000607,10-000607,LED GREEN CLEAR CHIP SMD,Electrical Components,OTS,JIT - Reno,NS,FALSE,Lunar Energy,93800,0,0.057,5346.6,0,0,Unrestricted,78800
08-04-2026,CM: Qualitel WA,814L-10-000607,10-000607,LED GREEN CLEAR CHIP SMD,Electrical Components,OTS,"Seattle, WA",Stock,FALSE,Qualitel,29082,0,0.0475,1381.395,0,0,Unrestricted,29082
08-04-2026,CM: Sienna GA,10-000607 REV-01,10-000607,LED GREEN CLEAR CHIP SMD,Electrical Components,OTS,ATLN,PAMS,FALSE,Sienna Corporation,6650,0,0.057,379.05,0,1,Unrestricted,6650
08-04-2026,Lunar Netsuite,10-000607,10-000607,LED GREEN CLEAR CHIP SMD,Electrical Components,OTS,NexGen Digital Inc,NS,FALSE,Lunar Energy,48000,0,0.057,2736,0,0,Unrestricted,48000
08-04-2026,CM: Sienna GA,10-000607 REV-01,10-000607,LED GREEN CLEAR CHIP SMD,Electrical Components,OTS,ATLN,LINE,FALSE,Sienna Corporation,4000,0,0.057,228,0,1,Unrestricted,4000
08-04-2026,CM: Sienna GA,10-000607 REV-01,10-000607,LED GREEN CLEAR CHIP SMD,Electrical Components,OTS,ATLN,MAIN,FALSE,Sienna Corporation,6000,0,0.057,342,0,1,Unrestricted,6000
08-04-2026,Lunar Netsuite,10-000607,10-000607,LED GREEN CLEAR CHIP SMD,Electrical Components,OTS,Sienna Corporation - GA,NS,FALSE,Lunar Energy,2000,0,0.057,114,0,0,Unrestricted,0
08-04-2026,CM: Sienna GA,C10-000607 REV-01,10-000607,LED GREEN CLEAR CHIP SMD,Electrical Components,OTS,ATLN,WT51,TRUE,Lunar Energy,2000,0,0,0,0,1,Unrestricted,2000
08-04-2026,Lunar Netsuite,10-000608,10-000608,FUSE 3.0A 63VAC/DC SLOW 1206,Electrical Components,OTS,Avnet,NS,FALSE,Lunar Energy,5000,0,0.0965,482.5,0,0,Unrestricted,5000
08-04-2026,CM: Sienna GA,10-000608 REV-01,10-000608,FUSE 3.0A 63VAC/DC SLOW 1206,Electrical Components,OTS,ATLN,MAIN,FALSE,Sienna Corporation,4424,0,0.0965,426.916,0,1,Unrestricted,4424
08-04-2026,CM: Sienna GA,10-000610 REV-01,10-000610,CAP CER 0.022UF 50V X7R 0402 AEC-Q,Electrical Components,OTS,ATLN,LINE,FALSE,Sienna Corporation,10994,0,0.0106,116.5364,0,1,Unrestricted,10994
08-04-2026,CM: Sienna GA,10-000610 REV-01,10-000610,CAP CER 0.022UF 50V X7R 0402 AEC-Q,Electrical Components,OTS,ATLN,RIQC,FALSE,Sienna Corporation,10000,0,0.0106,106,0,1,Unrestricted,10000
08-04-2026,CM: Qualitel WA,814L-10-000610,10-000610,CAP CER 0.022UF 50V X7R 0402 AEC-Q,Electrical Components,OTS,"Seattle, WA",Stock,FALSE,Qualitel,17506,0,0.0032,56.0192,0,0,Unrestricted,17506
08-04-2026,Lunar Netsuite,10-000610,10-000610,CAP CER 0.022UF 50V X7R 0402 AEC-Q,Electrical Components,OTS,JIT - Reno,NS,FALSE,Lunar Energy,30000,0,0.0106,318,0,0,Unrestricted,20000
08-04-2026,CM: Sienna GA,10-000611 REV-01,10-000611,CAP CER 150PF 50V C0G/NP0 0402 AEC-Q,Electrical Components,OTS,ATLN,LINE,FALSE,Sienna Corporation,5513,0,0.0052,28.6676,0,1,Unrestricted,5513
08-04-2026,CM: Sienna GA,10-000611 REV-01,10-000611,CAP CER 150PF 50V C0G/NP0 0402 AEC-Q,Electrical Components,OTS,ATLN,MAIN,FALSE,Sienna Corporation,100000,0,0.0052,520,0,1,Unrestricted,100000
08-04-2026,CM: Qualitel WA,814L-10-000611,10-000611,CAP CER 150PF 50V C0G/NP0 0402 AEC-Q,Electrical Components,OTS,"Seattle, WA",Stock,FALSE,Qualitel,53399,0,0.0041,218.9359,0,0,Unrestricted,53399
08-04-2026,CM: Qualitel WA,814L-10-000612,10-000612,CAP CER 10UF 16V X7S 0805 AEC-Q,Electrical Components,OTS,"Seattle, WA",Stock,FALSE,Qualitel,55386,0,0.0645,3572.397,0,0,Unrestricted,55386
08-04-2026,CM: Sienna GA,C10-000612 REV-02,10-000612,CAP CER 10UF 16V X7S 0805 AEC-Q,Electrical Components,OTS,ATLN,WR22,TRUE,Lunar Energy,2000,0,0,0,0,2,Unrestricted,2000
08-04-2026,CM: Sienna GA,10-000612 REV-02,10-000612,CAP CER 10UF 16V X7S 0805 AEC-Q,Electrical Components,OTS,ATLN,RIQC,FALSE,Sienna Corporation,48000,0,0.0882,4233.6,0,2,Unrestricted,48000
08-04-2026,Lunar Netsuite,10-000612,10-000612,CAP CER 10UF 16V X7S 0805 AEC-Q,Electrical Components,OTS,Sienna Corporation - GA,NS,FALSE,Lunar Energy,2000,0,0.1437,287.4,0,0,Unrestricted,0
08-04-2026,CM: Sienna GA,10-000612 REV-02,10-000612,CAP CER 10UF 16V X7S 0805 AEC-Q,Electrical Components,OTS,ATLN,PAMS,FALSE,Sienna Corporation,6000,0,0.0882,529.2,0,2,Unrestricted,6000
08-04-2026,CM: Sienna GA,10-000612 REV-02,10-000612,CAP CER 10UF 16V X7S 0805 AEC-Q,Electrical Components,OTS,ATLN,MAIN,FALSE,Sienna Corporation,17551,0,0.0882,1547.9982,0,2,Unrestricted,17551
08-04-2026,CM: Sienna GA,10-000612 REV-02,10-000612,CAP CER 10UF 16V X7S 0805 AEC-Q,Electrical Components,OTS,ATLN,LINE,FALSE,Sienna Corporation,7487,0,0.0882,660.3534,0,2,Unrestricted,7487
08-04-2026,Lunar Netsuite,10-000613,10-000613,CAP CER 1UF 25V X5R 0402,Electrical Components,OTS,CCL (Computer Components Ltd),NS,FALSE,Lunar Energy,129039,0,0.018,2322.702,0,0,Unrestricted,129039
08-04-2026,CM: Sienna GA,10-000614 REV-01,10-000614,DIODE SCHOTTKY 20V 500MA SOD123,Electrical Components,OTS,ATLN,MAIN,FALSE,Sienna Corporation,42000,0,0.0304,1276.8,0,1,Unrestricted,42000
08-04-2026,CM: Sienna GA,10-000614 REV-01,10-000614,DIODE SCHOTTKY 20V 500MA SOD123,Electrical Components,OTS,ATLN,LINE,FALSE,Sienna Corporation,8361,0,0.0304,254.1744,0,1,Unrestricted,8361
08-04-2026,CM: Qualitel WA,814L-10-000614,10-000614,DIODE SCHOTTKY 20V 500MA SOD123,Electrical Components,OTS,"Seattle, WA",Stock,FALSE,Qualitel,26019,0,0.0245,637.4655,0,0,Unrestricted,26019
08-04-2026,CM: Sienna GA,10-000615 REV-01,10-000615,FERRITE BEAD 1.5 KOHM 0603 1LN AEC-Q,Electrical Components,OTS,ATLN,MAIN,FALSE,Sienna Corporation,40000,0,0.0149,596,0,1,Unrestricted,40000
08-04-2026,CM: Qualitel WA,814L-10-000615,10-000615,FERRITE BEAD 1.5 KOHM 0603 1LN AEC-Q,Electrical Components,OTS,"Seattle, WA",Stock,FALSE,Qualitel,20460,0,0.0148,302.808,0,0,Unrestricted,20460
08-04-2026,CM: Sienna GA,10-000615 REV-01,10-000615,FERRITE BEAD 1.5 KOHM 0603 1LN AEC-Q,Electrical Components,OTS,ATLN,LINE,FALSE,Sienna Corporation,12219,0,0.0149,182.0631,0,1,Unrestricted,12219
08-04-2026,CM: Qualitel WA,814L-10-000616,10-000616,RES SMD 330K OHM 0.1% 1/4W 1206 AEC-Q,Electrical Components,OTS,"Seattle, WA",Stock,FALSE,Qualitel,21296,0,0.085,1810.16,0,0,Unrestricted,21296
08-04-2026,CM: Sienna GA,10-000616 REV-01,10-000616,RES SMD 330K OHM 0.1% 1/4W 1206 AEC-Q,Electrical Components,OTS,ATLN,MAIN,FALSE,Sienna Corporation,9980,0,0.089,888.22,0,1,Unrestricted,9980
08-04-2026,CM: Sienna GA,10-000616 REV-01,10-000616,RES SMD 330K OHM 0.1% 1/4W 1206 AEC-Q,Electrical Components,OTS,ATLN,RIQC,FALSE,Sienna Corporation,45000,0,0.089,4005,0,1,Unrestricted,45000
08-04-2026,CM: Sienna GA,10-000616 REV-01,10-000616,RES SMD 330K OHM 0.1% 1/4W 1206 AEC-Q,Electrical Components,OTS,ATLN,LINE,FALSE,Sienna Corporation,10260,0,0.089,913.14,0,1,Unrestricted,10260
08-04-2026,CM: Sienna GA,10-000619 REV-01,10-000619,RES 1M OHM 5% 1/16W 0402 AEC-Q,Electrical Components,OTS,ATLN,LINE,FALSE,Sienna Corporation,35605,0,0.0011,39.1655,0,1,Unrestricted,35605
08-04-2026,CM: Qualitel WA,814L-10-000619,10-000619,RES 1M OHM 5% 1/16W 0402 AEC-Q,Electrical Components,OTS,"Seattle, WA",Stock,FALSE,Qualitel,17423,0,0.0011,19.1653,0,0,Unrestricted,17423
08-04-2026,CM: Sienna GA,10-000619 REV-01,10-000619,RES 1M OHM 5% 1/16W 0402 AEC-Q,Electrical Components,OTS,ATLN,MAIN,FALSE,Sienna Corporation,20000,0,0.0011,22,0,1,Unrestricted,20000
08-04-2026,CM: Sienna GA,10-000621 REV-01,10-000621,DGTL ISO 5000VRMS 5CH GP 16SOIC,Electrical Components,OTS,ATLN,MAIN,FALSE,Sienna Corporation,8000,0,1.284,10272,0,1,Unrestricted,8000
08-04-2026,CM: Qualitel WA,814L-10-000621,10-000621,DGTL ISO 5000VRMS 5CH GP 16SOIC,Electrical Components,OTS,"Seattle, WA",Stock,FALSE,Qualitel,7417,0,1.322,9805.274,0,0,Unrestricted,7417
08-04-2026,CM: Sienna GA,10-000621 REV-01,10-000621,DGTL ISO 5000VRMS 5CH GP 16SOIC,Electrical Components,OTS,ATLN,LINE,FALSE,Sienna Corporation,1887,0,1.284,2422.908,0,1,Unrestricted,1887
08-04-2026,CM: Sienna GA,10-000622 REV-01,10-000622,IC ENERGY METER 1PHASE 32QFN,Electrical Components,OTS,ATLN,LINE,FALSE,Sienna Corporation,1503,0,1.24,1863.72,0,1,Unrestricted,1503
08-04-2026,CM: Sienna GA,10-000622 REV-01,10-000622,IC ENERGY METER 1PHASE 32QFN,Electrical Components,OTS,ATLN,RIQC,FALSE,Sienna Corporation,3000,0,1.24,3720,0,1,Unrestricted,3000
08-04-2026,Lunar Netsuite,10-000622,10-000622,IC ENERGY METER 1PHASE 32QFN,Electrical Components,OTS,JIT - Reno,NS,FALSE,Lunar Energy,9000,0,1.15,10350,0,0,Unrestricted,7086
08-04-2026,CM: Sienna GA,10-000622 REV-01,10-000622,IC ENERGY METER 1PHASE 32QFN,Electrical Components,OTS,ATLN,MAIN,FALSE,Sienna Corporation,6000,0,1.24,7440,0,1,Unrestricted,6000
08-04-2026,CM: Qualitel WA,814L-10-000622,10-000622,IC ENERGY METER 1PHASE 32QFN,Electrical Components,OTS,"Seattle, WA",Stock,FALSE,Qualitel,24487,0,1.15,28160.05,0,0,Unrestricted,24487
08-04-2026,CM: Sienna GA,10-000625 REV-01,10-000625,CRYSTAL 16.0000MHZ 12PF SMD AEC-Q,Electrical Components,OTS,ATLN,LINE,FALSE,Sienna Corporation,5019,0,0.18,903.42,0,1,Unrestricted,5019
08-04-2026,CM: Qualitel WA,814L-10-000625,10-000625,CRYSTAL 16.0000MHZ 12PF SMD AEC-Q,Electrical Components,OTS,"Seattle, WA",Stock,FALSE,Qualitel,8970,0,0.191,1713.27,0,0,Unrestricted,8970
08-04-2026,CM: Sienna GA,10-000625 REV-01,10-000625,CRYSTAL 16.0000MHZ 12PF SMD AEC-Q,Electrical Components,OTS,ATLN,MAIN,FALSE,Sienna Corporation,3000,0,0.18,540,0,1,Unrestricted,3000
08-04-2026,Lunar Netsuite,10-000626,10-000626,"Rectangular Power Connector, 9 Contact(s), Male, Solder Terminal, Receptacle",Electrical Components,OTS,Avnet,NS,FALSE,Lunar Energy,7761,0,0.422,3275.142,0,0,Unrestricted,6561
08-04-2026,CM: Sienna GA,10-000626 REV-01,10-000626,"Rectangular Power Connector, 9 Contact(s), Male, Solder Terminal, Receptacle",Electrical Components,OTS,ATLN,RIQC,FALSE,Sienna Corporation,1236,0,0.422,521.592,0,1,Unrestricted,1236
08-04-2026,CM: Sienna GA,10-000626 REV-01,10-000626,"Rectangular Power Connector, 9 Contact(s), Male, Solder Terminal, Receptacle",Electrical Components,OTS,ATLN,LINE,FALSE,Sienna Corporation,663,0,0.422,279.786,0,1,Unrestricted,663
08-04-2026,CM: Sienna GA,10-000627 REV-1,10-000627,2 x 3 Beige Conn Header SMD 6POS 2.5MM,Electrical Components,OTS,ATLN,MAIN,FALSE,Sienna Corporation,2100,0,0.825,1732.5,0,1,Unrestricted,2100
08-04-2026,CM: Sienna GA,10-000627 REV-1,10-000627,2 x 3 Beige Conn Header SMD 6POS 2.5MM,Electrical Components,OTS,ATLN,PAMS,FALSE,Sienna Corporation,5400,0,0.825,4455,0,1,Unrestricted,5400
08-04-2026,CM: Sienna GA,10-000627 REV-1,10-000627,2 x 3 Beige Conn Header SMD 6POS 2.5MM,Electrical Components,OTS,ATLN,LINE,FALSE,Sienna Corporation,3198,0,0.825,2638.35,0,1,Unrestricted,3198
08-04-2026,CM: Qualitel WA,814L-10-000627,10-000627,2 x 3 Beige Conn Header SMD 6POS 2.5MM,Electrical Components,OTS,"Seattle, WA",Stock,FALSE,Qualitel,4446,0,0.362,1609.452,0,0,Unrestricted,4446
08-04-2026,CM: Sienna GA,10-000629 REV-01,10-000629,2 x 2 Black Rectangular Power Connector,Electrical Components,OTS,ATLN,MAIN,FALSE,Sienna Corporation,2400,0,0.835,2004,0,1,Unrestricted,2400
08-04-2026,CM: Sienna GA,10-000629 REV-01,10-000629,2 x 2 Black Rectangular Power Connector,Electrical Components,OTS,ATLN,RIQC,FALSE,Sienna Corporation,1800,0,0.835,1503,0,1,Unrestricted,1800
08-04-2026,Lunar Netsuite,10-000629,10-000629,2 x 2 Black Rectangular Power Connector,Electrical Components,OTS,JIT - Reno,NS,FALSE,Lunar Energy,3900,0,0.89,3471,0,0,Unrestricted,3900
08-04-2026,CM: Sienna GA,10-000629 REV-01,10-000629,2 x 2 Black Rectangular Power Connector,Electrical Components,OTS,ATLN,LINE,FALSE,Sienna Corporation,269,0,0.835,224.615,0,1,Unrestricted,269
08-04-2026,CM: Sienna GA,10-000630 REV-01,10-000630,1 x 4 Black Rectangular Power Connector,Electrical Components,OTS,ATLN,MAIN,FALSE,Sienna Corporation,2394,0,0.65,1556.1,0,1,Unrestricted,2394
08-04-2026,CM: Sienna GA,10-000630 REV-01,10-000630,1 x 4 Black Rectangular Power Connector,Electrical Components,OTS,ATLN,LINE,FALSE,Sienna Corporation,121,0,0.65,78.65,0,1,Unrestricted,121
08-04-2026,Lunar Netsuite,10-000630,10-000630,1 x 4 Black Rectangular Power Connector,Electrical Components,OTS,Avnet,NS,FALSE,Lunar Energy,3600,0,0.65,2340,0,0,Unrestricted,2700
08-04-2026,CM: Sienna GA,10-000630 REV-01,10-000630,1 x 4 Black Rectangular Power Connector,Electrical Components,OTS,ATLN,LPAC,FALSE,Sienna Corporation,606,0,0.65,393.9,0,1,Unrestricted,606
08-04-2026,CM: Sienna GA,10-000631 REV-01,10-000631,Rectangular Power Connector,Electrical Components,OTS,ATLN,RIQC,FALSE,Sienna Corporation,6300,0,0.68,4284,0,1,Unrestricted,6300
08-04-2026,CM: Sienna GA,10-000631 REV-01,10-000631,Rectangular Power Connector,Electrical Components,OTS,ATLN,LPAC,FALSE,Sienna Corporation,1189,0,0.68,808.52,0,1,Unrestricted,1189
08-04-2026,CM: Sienna GA,10-000631 REV-01,10-000631,Rectangular Power Connector,Electrical Components,OTS,ATLN,LINE,FALSE,Sienna Corporation,1386,0,0.68,942.48,0,1,Unrestricted,1386
08-04-2026,Lunar Netsuite,10-000631,10-000631,Rectangular Power Connector,Electrical Components,OTS,Sienna Corporation - GA,NS,FALSE,Lunar Energy,1500,0,0.6797,1019.55,0,0,Unrestricted,0
08-04-2026,CM: Sienna GA,10-000631 REV-01,10-000631,Rectangular Power Connector,Electrical Components,OTS,ATLN,MAIN,FALSE,Sienna Corporation,2411,0,0.68,1639.48,0,1,Unrestricted,2411
08-04-2026,CM: Qualitel WA,814L-10-000631,10-000631,Rectangular Power Connector,Electrical Components,OTS,"Seattle, WA",Stock,FALSE,Qualitel,4397,0,0.6586,2895.8642,0,0,Unrestricted,4397
08-04-2026,CM: Sienna GA,C10-000631 REV-01,10-000631,Rectangular Power Connector,Electrical Components,OTS,ATLN,WS24,TRUE,Lunar Energy,1500,0,0,0,0,1,Unrestricted,1500
08-04-2026,CM: Qualitel WA,814L-10-000634,10-000634,"Board Connector, 10 Contact(s), 2 Row(s), Male, Straight, 0.05 inch Pitch, Surface Mount Terminal, L",Electrical Components,OTS,"Seattle, WA",Stock,FALSE,Qualitel,8993,0,0.363,3264.459,0,0,Unrestricted,8993
08-04-2026,Lunar Netsuite,10-000634,10-000634,"Board Connector, 10 Contact(s), 2 Row(s), Male, Straight, 0.05 inch Pitch, Surface Mount Terminal, L",Electrical Components,OTS,JIT - Reno,NS,FALSE,Lunar Energy,400,0,2.66,1064,0,0,Unrestricted,0
08-04-2026,CM: Sienna GA,10-000634 REV-01,10-000634,"Board Connector, 10 Contact(s), 2 Row(s), Male, Straight, 0.05 inch Pitch, Surface Mount Terminal, L",Electrical Components,OTS,ATLN,PAMS,FALSE,Sienna Corporation,5950,0,0.898,5343.1,0,1,Unrestricted,5950
08-04-2026,CM: Sienna GA,10-000634 REV-01,10-000634,"Board Connector, 10 Contact(s), 2 Row(s), Male, Straight, 0.05 inch Pitch, Surface Mount Terminal, L",Electrical Components,OTS,ATLN,LINE,FALSE,Sienna Corporation,300,0,0.898,269.4,0,1,Unrestricted,300
08-04-2026,CM: Qualitel WA,814L-10-000634,10-000634,"Board Connector, 10 Contact(s), 2 Row(s), Male, Straight, 0.05 inch Pitch, Surface Mount Terminal, L",Electrical Components,OTS,"Seattle, WA",MRB,FALSE,Qualitel,0,15,0.363,0,5.445,0,Restricted,0
08-04-2026,CM: Qualitel WA,814L-10-000634,10-000634,"Board Connector, 10 Contact(s), 2 Row(s), Male, Straight, 0.05 inch Pitch, Surface Mount Terminal, L",Electrical Components,OTS,"Seattle, WA",PO Inspection,FALSE,Qualitel,0,15,0.363,0,5.445,0,Restricted,0
08-04-2026,CM: Sienna GA,10-000634 REV-01,10-000634,"Board Connector, 10 Contact(s), 2 Row(s), Male, Straight, 0.05 inch Pitch, Surface Mount Terminal, L",Electrical Components,OTS,ATLN,MAIN,FALSE,Sienna Corporation,3713,0,0.898,3334.274,0,1,Unrestricted,3713
08-04-2026,CM: Qualitel WA,814L-10-000635,10-000635,CAP CER 10UF 35V X7R 1206 AEC-Q,Electrical Components,OTS,"Seattle, WA",Stock,FALSE,Qualitel,106647,0,0.0284,3028.7748,0,0,Unrestricted,106647
08-04-2026,CM: Sienna GA,10-000635 REV-02,10-000635,CAP CER 10UF 35V X7R 1206 AEC-Q,Electrical Components,OTS,ATLN,LINE,FALSE,Sienna Corporation,16000,0,0.139,2224,0,2,Unrestricted,16000
08-04-2026,CM: Sienna GA,10-000635 REV-02,10-000635,CAP CER 10UF 35V X7R 1206 AEC-Q,Electrical Components,OTS,ATLN,MAIN,FALSE,Sienna Corporation,182526,0,0.139,25371.114,0,2,Unrestricted,182526
08-04-2026,CM: Sienna GA,10-000635 REV-02,10-000635,CAP CER 10UF 35V X7R 1206 AEC-Q,Electrical Components,OTS,ATLN,RIQC,FALSE,Sienna Corporation,24325,0,0.139,3381.175,0,2,Unrestricted,24325
08-04-2026,CM: Sienna GA,10-000637 REV-01,10-000637,CAP CER 4.7PF 50V C0G/NPO 0402 AEC-Q,Electrical Components,OTS,ATLN,MAIN,FALSE,Sienna Corporation,30000,0,0.0047,141,0,1,Unrestricted,30000
08-04-2026,CM: Sienna GA,10-000637 REV-01,10-000637,CAP CER 4.7PF 50V C0G/NPO 0402 AEC-Q,Electrical Components,OTS,ATLN,LINE,FALSE,Sienna Corporation,18480,0,0.0047,86.856,0,1,Unrestricted,18480
08-04-2026,Lunar Netsuite,10-000637,10-000637,CAP CER 4.7PF 50V C0G/NPO 0402 AEC-Q,Electrical Components,OTS,JIT - Reno,NS,FALSE,Lunar Energy,60000,0,0.0047,282,0,0,Unrestricted,60000
08-04-2026,CM: Qualitel WA,814L-10-000637,10-000637,CAP CER 4.7PF 50V C0G/NPO 0402 AEC-Q,Electrical Components,OTS,"Seattle, WA",Stock,FALSE,Qualitel,35004,0,0.0045,157.518,0,0,Unrestricted,35004
08-04-2026,CM: Qualitel WA,814L-10-000639,10-000639,DIODE SBR 40V 3A SMA,Electrical Components,OTS,"Seattle, WA",Stock,FALSE,Qualitel,9060,0,0.0598,541.788,0,0,Unrestricted,9060
08-04-2026,CM: Sienna GA,10-000639 REV-01,10-000639,DIODE SBR 40V 3A SMA,Electrical Components,OTS,ATLN,LINE,FALSE,Sienna Corporation,4681,0,0.064,299.584,0,1,Unrestricted,4681
08-04-2026,Lunar Netsuite,10-000639,10-000639,DIODE SBR 40V 3A SMA,Electrical Components,OTS,CCL (Computer Components Ltd),NS,FALSE,Lunar Energy,199990,0,0.06,11999.4,0,0,Unrestricted,199990
08-04-2026,Lunar Netsuite,10-000639,10-000639,DIODE SBR 40V 3A SMA,Electrical Components,OTS,JIT - Reno,NS,FALSE,Lunar Energy,30000,0,0.1395,4185,0,0,Unrestricted,24800
08-04-2026,CM: Sienna GA,10-000639 REV-01,10-000639,DIODE SBR 40V 3A SMA,Electrical Components,OTS,ATLN,MAIN,FALSE,Sienna Corporation,5000,0,0.064,320,0,1,Unrestricted,5000
08-04-2026,CM: Qualitel WA,814L-10-000641,10-000641,DIODE SCHOTTKY 40V 1A SOD323HE,Electrical Components,OTS,"Seattle, WA",Stock,FALSE,Qualitel,12507,0,0.08,1000.56,0,0,Unrestricted,12507
08-04-2026,CM: Sienna GA,10-000641 REV-01,10-000641,DIODE SCHOTTKY 40V 1A SOD323HE,Electrical Components,OTS,ATLN,LINE,FALSE,Sienna Corporation,2855,0,0.0794,226.687,0,1,Unrestricted,2855
08-04-2026,CM: Sienna GA,10-000641 REV-01,10-000641,DIODE SCHOTTKY 40V 1A SOD323HE,Electrical Components,OTS,ATLN,MAIN,FALSE,Sienna Corporation,18902,0,0.0794,1500.8188,0,1,Unrestricted,18902
08-04-2026,Lunar Netsuite,10-000642,10-000642,"Electric Fuse, Time Lag Blow, 2A, 65A (IR)",Electrical Components,OTS,CCL (Computer Components Ltd),NS,FALSE,Lunar Energy,88000,0,0.0562,4945.6,0,0,Unrestricted,88000
08-04-2026,CM: Sienna GA,10-000645 REV-1,10-000645,RES SMD 100K OHM 1% 1/16W 0402 AEC-Q,Electrical Components,OTS,ATLN,LINE,FALSE,Sienna Corporation,99426,0,0.0015,149.139,0,1,Unrestricted,99426
08-04-2026,CM: Sienna GA,C10-000645 REV-1,10-000645,RES SMD 100K OHM 1% 1/16W 0402 AEC-Q,Electrical Components,OTS,ATLN,WS23,TRUE,Lunar Energy,9000,0,0,0,0,1,Unrestricted,9000
08-04-2026,CM: Sienna GA,10-000645 REV-1,10-000645,RES SMD 100K OHM 1% 1/16W 0402 AEC-Q,Electrical Components,OTS,ATLN,MAIN,FALSE,Sienna Corporation,30015,0,0.0015,45.0225,0,1,Unrestricted,30015
08-04-2026,CM: Qualitel WA,814L-10-000645,10-000645,RES SMD 100K OHM 1% 1/16W 0402 AEC-Q,Electrical Components,OTS,"Seattle, WA",Stock,FALSE,Qualitel,44082,0,0.0015,66.123,0,0,Unrestricted,44082
08-04-2026,Lunar Netsuite,10-000645,10-000645,RES SMD 100K OHM 1% 1/16W 0402 AEC-Q,Electrical Components,OTS,Sienna Corporation - GA,NS,FALSE,Lunar Energy,9000,0,0.0017,15.3,0,0,Unrestricted,0
08-04-2026,Lunar Netsuite,10-000645,10-000645,RES SMD 100K OHM 1% 1/16W 0402 AEC-Q,Electrical Components,OTS,JIT - Reno,NS,FALSE,Lunar Energy,8500,0,0.0015,12.75,0,0,Unrestricted,8500
08-04-2026,CM: Sienna GA,10-000646 REV-01,10-000646,RES SMD 1K OHM 1% 1/16W 0402 AEC-Q,Electrical Components,OTS,ATLN,LINE,FALSE,Sienna Corporation,74798,0,0.0015,112.197,0,1,Unrestricted,74798
08-04-2026,CM: Sienna GA,10-000646 REV-01,10-000646,RES SMD 1K OHM 1% 1/16W 0402 AEC-Q,Electrical Components,OTS,ATLN,MAIN,FALSE,Sienna Corporation,100000,0,0.0015,150,0,1,Unrestricted,100000
08-04-2026,CM: Qualitel WA,814L-10-000646,10-000646,RES SMD 1K OHM 1% 1/16W 0402 AEC-Q,Electrical Components,OTS,"Seattle, WA",Stock,FALSE,Qualitel,56979,0,0.0008,45.5832,0,0,Unrestricted,56979
08-04-2026,CM: Celestica MX,10-0006463MS,10-000646,RES SMD 1K OHM 1% 1/16W 0402 AEC-Q,Electrical Components,OTS,Monterrey Prod,1000,FALSE,Celestica,5,0,0.0014,0.007,0,0,Unrestricted,5
08-04-2026,CM: Qualitel WA,814L-10-000647,10-000647,RES SMD 150K OHM 1% 1/16W 0402 AEC-Q,Electrical Components,OTS,"Seattle, WA",Stock,FALSE,Qualitel,22495,0,0.0021,47.2395,0,0,Unrestricted,22495
08-04-2026,CM: Sienna GA,10-000649 REV-01,10-000649,RES SMD 51K OHM 1% 1/16W 0402 AEC-Q,Electrical Components,OTS,ATLN,LINE,FALSE,Sienna Corporation,5729,0,0.012,68.748,0,1,Unrestricted,5729
08-04-2026,CM: Qualitel WA,814L-10-000649,10-000649,RES SMD 51K OHM 1% 1/16W 0402 AEC-Q,Electrical Components,OTS,"Seattle, WA",Stock,FALSE,Qualitel,8734,0,0.0015,13.101,0,0,Unrestricted,8734
08-04-2026,CM: Sienna GA,10-000650 REV-01,10-000650,RES SMD 16K OHM 1% 1/10W 0402 AEC-Q,Electrical Components,OTS,ATLN,LINE,FALSE,Sienna Corporation,4998,0,0.0015,7.497,0,1,Unrestricted,4998
08-04-2026,CM: Sienna GA,10-000650 REV-01,10-000650,RES SMD 16K OHM 1% 1/10W 0402 AEC-Q,Electrical Components,OTS,ATLN,MAIN,FALSE,Sienna Corporation,10000,0,0.0015,15,0,1,Unrestricted,10000
08-04-2026,CM: Sienna GA,10-000657 REV-01,10-000657,RES SMD 750 OHM 1% 1/16W 0402 AEC-Q,Electrical Components,OTS,ATLN,MAIN,FALSE,Sienna Corporation,50013,0,0.0015,75.0195,0,1,Unrestricted,50013
08-04-2026,CM: Sienna GA,10-000657 REV-01,10-000657,RES SMD 750 OHM 1% 1/16W 0402 AEC-Q,Electrical Components,OTS,ATLN,LINE,FALSE,Sienna Corporation,18869,0,0.0015,28.3035,0,1,Unrestricted,18869
08-04-2026,CM: Qualitel WA,814L-10-000657,10-000657,RES SMD 750 OHM 1% 1/16W 0402 AEC-Q,Electrical Components,OTS,"Seattle, WA",Stock,FALSE,Qualitel,29090,0,0.001,29.09,0,0,Unrestricted,29090
08-04-2026,Lunar Netsuite,10-000657,10-000657,RES SMD 750 OHM 1% 1/16W 0402 AEC-Q,Electrical Components,OTS,JIT - Reno,NS,FALSE,Lunar Energy,28500,0,0.0015,42.75,0,0,Unrestricted,28500
08-04-2026,CM: Sienna GA,10-000658 REV-01,10-000658,RES SMD 10K OHM 1% 1/16W 0402,Electrical Components,OTS,ATLN,MAIN,FALSE,Sienna Corporation,150000,0,0.0015,225,0,1,Unrestricted,150000
08-04-2026,CM: Qualitel WA,814L-10-000658,10-000658,RES SMD 10K OHM 1% 1/16W 0402,Electrical Components,OTS,"Seattle, WA",Stock,FALSE,Qualitel,421172,0,0.0006,252.7032,0,0,Unrestricted,421172
08-04-2026,Lunar Netsuite,10-000658,10-000658,RES SMD 10K OHM 1% 1/16W 0402,Electrical Components,OTS,CA - Ravendale,NS,FALSE,Lunar Energy,40000,0,0.0009,36,0,0,Unrestricted,40000
08-04-2026,Lunar Netsuite,10-000658,10-000658,RES SMD 10K OHM 1% 1/16W 0402,Electrical Components,OTS,JIT - Reno,NS,FALSE,Lunar Energy,7045,0,0.0017,11.9765,0,0,Unrestricted,7045
08-04-2026,CM: Sienna GA,10-000658 REV-01,10-000658,RES SMD 10K OHM 1% 1/16W 0402,Electrical Components,OTS,ATLN,LINE,FALSE,Sienna Corporation,106475,0,0.0015,159.7125,0,1,Unrestricted,106475
08-04-2026,CM: Celestica MX,10-0006583MS,10-000658,RES SMD 10K OHM 1% 1/16W 0402,Electrical Components,OTS,Monterrey Prod,1000,FALSE,Celestica,-40,0,0.0015,-0.06,0,0,Unrestricted,-40
08-04-2026,CM: Sienna GA,10-000659 REV-1,10-000659,RES SMD 100 OHM 1% 1/16W 0402 AEC-Q,Electrical Components,OTS,ATLN,MAIN,FALSE,Sienna Corporation,80000,0,0.0009,72,0,1,Unrestricted,80000
08-04-2026,CM: Sienna GA,10-000659 REV-1,10-000659,RES SMD 100 OHM 1% 1/16W 0402 AEC-Q,Electrical Components,OTS,ATLN,LINE,FALSE,Sienna Corporation,28470,0,0.0009,25.623,0,1,Unrestricted,28470
08-04-2026,CM: Qualitel WA,814L-10-000659,10-000659,RES SMD 100 OHM 1% 1/16W 0402 AEC-Q,Electrical Components,OTS,"Seattle, WA",Stock,FALSE,Qualitel,47937,0,0.0009,43.1433,0,0,Unrestricted,47937
08-04-2026,CM: Sienna GA,C10-000659 REV-1,10-000659,RES SMD 100 OHM 1% 1/16W 0402 AEC-Q,Electrical Components,OTS,ATLN,WS13,TRUE,Lunar Energy,10000,0,0,0,0,1,Unrestricted,10000
08-04-2026,Lunar Netsuite,10-000659,10-000659,RES SMD 100 OHM 1% 1/16W 0402 AEC-Q,Electrical Components,OTS,Sienna Corporation - GA,NS,FALSE,Lunar Energy,10000,0,0.0016,16,0,0,Unrestricted,0
08-04-2026,CM: Qualitel WA,814L-10-000660,10-000660,RES 120 OHM 1% 1/2W 1206 AEC-Q,Electrical Components,OTS,"Seattle, WA",Stock,FALSE,Qualitel,22450,0,0.0126,282.87,0,0,Unrestricted,22450
08-04-2026,CM: Qualitel WA,814L-10-000660,10-000660,RES 120 OHM 1% 1/2W 1206 AEC-Q,Electrical Components,OTS,"Seattle, WA",MRB,FALSE,Qualitel,0,250,0.0126,0,3.15,0,Restricted,0
08-04-2026,CM: Sienna GA,10-000660 REV-1,10-000660,RES 120 OHM 1% 1/2W 1206 AEC-Q,Electrical Components,OTS,ATLN,MAIN,FALSE,Sienna Corporation,49994,0,0.0132,659.9208,0,1,Unrestricted,49994
08-04-2026,CM: Qualitel WA,814L-10-000660,10-000660,RES 120 OHM 1% 1/2W 1206 AEC-Q,Electrical Components,OTS,"Seattle, WA",PO Inspection,FALSE,Qualitel,0,250,0.0126,0,3.15,0,Restricted,0
08-04-2026,CM: Sienna GA,10-000660 REV-1,10-000660,RES 120 OHM 1% 1/2W 1206 AEC-Q,Electrical Components,OTS,ATLN,LINE,FALSE,Sienna Corporation,4431,0,0.0132,58.4892,0,1,Unrestricted,4431
08-04-2026,Lunar Netsuite,10-000662,10-000662,"Buffer/Inverter Based MOSFET Driver, PDSO8",Electrical Components,OTS,Avnet,NS,FALSE,Lunar Energy,12500,0,0.2343,2928.75,0,0,Unrestricted,12500
08-04-2026,Lunar Netsuite,10-000662,10-000662,"Buffer/Inverter Based MOSFET Driver, PDSO8",Electrical Components,OTS,JIT - Reno,NS,FALSE,Lunar Energy,1506,0,0.3495,526.347,0,0,Unrestricted,1506
08-04-2026,CM: Sienna GA,10-000662 REV-01,10-000662,"Buffer/Inverter Based MOSFET Driver, PDSO8",Electrical Components,OTS,ATLN,RIQC,FALSE,Sienna Corporation,2500,0,0.3193,798.25,0,1,Unrestricted,2500
08-04-2026,CM: Sienna GA,10-000662 REV-01,10-000662,"Buffer/Inverter Based MOSFET Driver, PDSO8",Electrical Components,OTS,ATLN,MAIN,FALSE,Sienna Corporation,7500,0,0.3193,2394.75,0,1,Unrestricted,7500
08-04-2026,CM: Sienna GA,10-000662 REV-01,10-000662,"Buffer/Inverter Based MOSFET Driver, PDSO8",Electrical Components,OTS,ATLN,LINE,FALSE,Sienna Corporation,1132,0,0.3193,361.4476,0,1,Unrestricted,1132
08-04-2026,CM: Qualitel WA,814L-10-000662,10-000662,"Buffer/Inverter Based MOSFET Driver, PDSO8",Electrical Components,OTS,"Seattle, WA",Stock,FALSE,Qualitel,4525,0,0.21,950.25,0,0,Unrestricted,4525
08-04-2026,Lunar Netsuite,10-000664,10-000664,CAP CER 4.7UF 6.3V X5R 0402,Electrical Components,OTS,CCL (Computer Components Ltd),NS,FALSE,Lunar Energy,30000,0,0.0116,348,0,0,Unrestricted,30000
08-04-2026,CM: Sienna GA,C10-000667 REV-1,10-000667,CAP CER 18PF 50V C0G/NP0 0402 AEC-Q,Electrical Components,OTS,ATLN,WR22,TRUE,Lunar Energy,20000,0,0,0,0,1,Unrestricted,20000
08-04-2026,CM: Sienna GA,10-000667 REV-1,10-000667,CAP CER 18PF 50V C0G/NP0 0402 AEC-Q,Electrical Components,OTS,ATLN,RIQC,FALSE,Sienna Corporation,500,0,0.0057,2.85,0,1,Unrestricted,500
08-04-2026,CM: Sienna GA,10-000667 REV-1,10-000667,CAP CER 18PF 50V C0G/NP0 0402 AEC-Q,Electrical Components,OTS,ATLN,MAIN,FALSE,Sienna Corporation,20000,0,0.0057,114,0,1,Unrestricted,20000
08-04-2026,Lunar Netsuite,10-000667,10-000667,CAP CER 18PF 50V C0G/NP0 0402 AEC-Q,Electrical Components,OTS,Sienna Corporation - GA,NS,FALSE,Lunar Energy,20000,0,0.0086,172,0,0,Unrestricted,0
08-04-2026,CM: Sienna GA,10-000667 REV-1,10-000667,CAP CER 18PF 50V C0G/NP0 0402 AEC-Q,Electrical Components,OTS,ATLN,LINE,FALSE,Sienna Corporation,8266,0,0.0057,47.1162,0,1,Unrestricted,8266
08-04-2026,Lunar Netsuite,10-000667,10-000667,CAP CER 18PF 50V C0G/NP0 0402 AEC-Q,Electrical Components,OTS,NexGen Digital Inc,NS,FALSE,Lunar Energy,10000,0,0.0086,86,0,0,Unrestricted,10000
08-04-2026,Lunar Netsuite,10-000667,10-000667,CAP CER 18PF 50V C0G/NP0 0402 AEC-Q,Electrical Components,OTS,JIT - Reno,NS,FALSE,Lunar Energy,40000,0,0.0086,344,0,0,Unrestricted,40000
08-04-2026,CM: Sienna GA,10-000668 REV-01,10-000668,CAP CER 6.8PF 50V C0G/NP0 0402 AEC-Q,Electrical Components,OTS,ATLN,MAIN,FALSE,Sienna Corporation,40000,0,0.0038,152,0,1,Unrestricted,40000
08-04-2026,CM: Qualitel WA,814L-10-000668,10-000668,CAP CER 6.8PF 50V C0G/NP0 0402 AEC-Q,Electrical Components,OTS,"Seattle, WA",Stock,FALSE,Qualitel,25002,0,0.0041,102.5082,0,0,Unrestricted,25002
08-04-2026,Lunar Netsuite,10-000668,10-000668,CAP CER 6.8PF 50V C0G/NP0 0402 AEC-Q,Electrical Components,OTS,JIT - Reno,NS,FALSE,Lunar Energy,90000,0,0.0047,423,0,0,Unrestricted,90000
08-04-2026,CM: Sienna GA,10-000668 REV-01,10-000668,CAP CER 6.8PF 50V C0G/NP0 0402 AEC-Q,Electrical Components,OTS,ATLN,LINE,FALSE,Sienna Corporation,8467,0,0.0038,32.1746,0,1,Unrestricted,8467
08-04-2026,Lunar Netsuite,10-000668,10-000668,CAP CER 6.8PF 50V C0G/NP0 0402 AEC-Q,Electrical Components,OTS,NexGen Digital Inc,NS,FALSE,Lunar Energy,110000,0,0.0039,429,0,0,Unrestricted,110000
08-04-2026,CM: Sienna GA,10-000669 REV-01,10-000669,CAP CER 22UF 25V X7R 1812 ASEC-Q,Electrical Components,OTS,ATLN,LINE,FALSE,Sienna Corporation,13587,0,0.283,3845.121,0,1,Unrestricted,13587
08-04-2026,CM: Qualitel WA,814L-10-000669,10-000669,CAP CER 22UF 25V X7R 1812 ASEC-Q,Electrical Components,OTS,"Seattle, WA",Stock,FALSE,Qualitel,14994,0,0.336,5037.984,0,0,Unrestricted,14994
08-04-2026,CM: Sienna GA,10-000669 REV-01,10-000669,CAP CER 22UF 25V X7R 1812 ASEC-Q,Electrical Components,OTS,ATLN,RIQC,FALSE,Sienna Corporation,14500,0,0.283,4103.5,0,1,Unrestricted,14500
08-04-2026,CM: Sienna GA,10-000670 REV-01,10-000670,DIODE TVS 6.5VWM 11.2VC SMA,Electrical Components,OTS,ATLN,LINE,FALSE,Sienna Corporation,13225,0,0.044,581.9,0,1,Unrestricted,13225
08-04-2026,Lunar Netsuite,10-000670,10-000670,DIODE TVS 6.5VWM 11.2VC SMA,Electrical Components,OTS,NexGen Digital Inc,NS,FALSE,Lunar Energy,5000,0,0.0551,275.5,0,0,Unrestricted,5000
08-04-2026,Lunar Netsuite,10-000670,10-000670,DIODE TVS 6.5VWM 11.2VC SMA,Electrical Components,OTS,Avnet,NS,FALSE,Lunar Energy,50000,0,0.0551,2755,0,0,Unrestricted,40000
08-04-2026,CM: Qualitel WA,814L-10-000670,10-000670,DIODE TVS 6.5VWM 11.2VC SMA,Electrical Components,OTS,"Seattle, WA",Stock,FALSE,Qualitel,11263,0,0.044,495.572,0,0,Unrestricted,11263
08-04-2026,Lunar Netsuite,10-000671,10-000671,DIODE SCHOTTKY 30V 1A SMA,Electrical Components,OTS,CCL (Computer Components Ltd),NS,FALSE,Lunar Energy,465000,0,0.0615,28597.5,0,0,Unrestricted,465000
08-04-2026,CM: Qualitel WA,814L-10-000671,10-000671,DIODE SCHOTTKY 30V 1A SMA,Electrical Components,OTS,"Seattle, WA",Stock,FALSE,Qualitel,34334,0,0.05,1716.7,0,0,Unrestricted,34334
08-04-2026,CM: Sienna GA,10-000672 REV-01,10-000672,TVS DIODE 8.55VWM 18.6VC SMB,Electrical Components,OTS,ATLN,RIQC,FALSE,Sienna Corporation,20000,0,0.0483,966,0,1,Unrestricted,20000
08-04-2026,CM: Sienna GA,C10-000672 REV-01,10-000672,TVS DIODE 8.55VWM 18.6VC SMB,Electrical Components,OTS,ATLN,WT14,TRUE,Lunar Energy,2500,0,0,0,0,1,Unrestricted,2500
08-04-2026,Lunar Netsuite,10-000672,10-000672,TVS DIODE 8.55VWM 18.6VC SMB,Electrical Components,OTS,NexGen Digital Inc,NS,FALSE,Lunar Energy,30000,0,0.052,1560,0,0,Unrestricted,30000
08-04-2026,Lunar Netsuite,10-000672,10-000672,TVS DIODE 8.55VWM 18.6VC SMB,Electrical Components,OTS,Sienna Corporation - GA,NS,FALSE,Lunar Energy,2500,0,0.052,130,0,0,Unrestricted,0
08-04-2026,CM: Sienna GA,10-000672 REV-01,10-000672,TVS DIODE 8.55VWM 18.6VC SMB,Electrical Components,OTS,ATLN,LINE,FALSE,Sienna Corporation,3813,0,0.0483,184.1679,0,1,Unrestricted,3813
08-04-2026,CM: Qualitel WA,814L-10-000672,10-000672,TVS DIODE 8.55VWM 18.6VC SMB,Electrical Components,OTS,"Seattle, WA",Stock,FALSE,Qualitel,22502,0,0.0483,1086.8466,0,0,Unrestricted,22502
08-04-2026,Lunar Netsuite,10-000672,10-000672,TVS DIODE 8.55VWM 18.6VC SMB,Electrical Components,OTS,JIT - Reno,NS,FALSE,Lunar Energy,74100,0,0.052,3853.2,0,0,Unrestricted,59100
08-04-2026,CM: Sienna GA,10-000672 REV-01,10-000672,TVS DIODE 8.55VWM 18.6VC SMB,Electrical Components,OTS,ATLN,MAIN,FALSE,Sienna Corporation,2500,0,0.0483,120.75,0,1,Unrestricted,2500
08-04-2026,Lunar Netsuite,10-000673,10-000673,FIXED IND 2.2UH 1.5A 69.6MOHM SM,Electrical Components,OTS,Avnet,NS,FALSE,Lunar Energy,4000,0,0.095,380,0,0,Unrestricted,4000
08-04-2026,Lunar Netsuite,10-000673,10-000673,FIXED IND 2.2UH 1.5A 69.6MOHM SM,Electrical Components,OTS,JIT - Reno,NS,FALSE,Lunar Energy,42000,0,0.0954,4006.8,0,0,Unrestricted,42000
08-04-2026,Lunar Netsuite,10-000673,10-000673,FIXED IND 2.2UH 1.5A 69.6MOHM SM,Electrical Components,OTS,Sienna Corporation - GA,NS,FALSE,Lunar Energy,4000,0,0.0954,381.6,0,0,Unrestricted,0
08-04-2026,CM: Sienna GA,C10-000673 REV-01,10-000673,FIXED IND 2.2UH 1.5A 69.6MOHM SM,Electrical Components,OTS,ATLN,WT63,TRUE,Lunar Energy,2000,0,0,0,0,1,Unrestricted,2000
08-04-2026,CM: Sienna GA,C10-000673 REV-01,10-000673,FIXED IND 2.2UH 1.5A 69.6MOHM SM,Electrical Components,OTS,ATLN,WS13,TRUE,Lunar Energy,2000,0,0,0,0,1,Unrestricted,2000
08-04-2026,CM: Sienna GA,10-000673 REV-01,10-000673,FIXED IND 2.2UH 1.5A 69.6MOHM SM,Electrical Components,OTS,ATLN,LINE,FALSE,Sienna Corporation,1889,0,0.0913,172.4657,0,1,Unrestricted,1889
08-04-2026,CM: Sienna GA,10-000673 REV-01,10-000673,FIXED IND 2.2UH 1.5A 69.6MOHM SM,Electrical Components,OTS,ATLN,MAIN,FALSE,Sienna Corporation,4074,0,0.0913,371.9562,0,1,Unrestricted,4074
08-04-2026,CM: Sienna GA,10-000674 REV-01,10-000674,FERRITE BEAD 1 KOHM 0402 1LN,Electrical Components,OTS,ATLN,MAIN,FALSE,Sienna Corporation,30000,0,0.0045,135,0,1,Unrestricted,30000
08-04-2026,CM: Sienna GA,10-000674 REV-01,10-000674,FERRITE BEAD 1 KOHM 0402 1LN,Electrical Components,OTS,ATLN,LINE,FALSE,Sienna Corporation,4949,0,0.0045,22.2705,0,1,Unrestricted,4949
08-04-2026,CM: Qualitel WA,814L-10-000674,10-000674,FERRITE BEAD 1 KOHM 0402 1LN,Electrical Components,OTS,"Seattle, WA",Stock,FALSE,Qualitel,7506,0,0.0045,33.777,0,0,Unrestricted,7506
08-04-2026,Lunar Netsuite,10-000674,10-000674,FERRITE BEAD 1 KOHM 0402 1LN,Electrical Components,OTS,JIT - Reno,NS,FALSE,Lunar Energy,80000,0,0.0045,360,0,0,Unrestricted,80000
08-04-2026,CM: Sienna GA,10-000675 REV-01,10-000675,RES SMD 12K OHM 1% 1/16W 0402 AEC-Q,Electrical Components,OTS,ATLN,LINE,FALSE,Sienna Corporation,14126,0,0.0015,21.189,0,1,Unrestricted,14126
08-04-2026,CM: Qualitel WA,814L-10-000675,10-000675,RES SMD 12K OHM 1% 1/16W 0402 AEC-Q,Electrical Components,OTS,"Seattle, WA",Stock,FALSE,Qualitel,7502,0,0.0015,11.253,0,0,Unrestricted,7502
08-04-2026,CM: Sienna GA,10-000676 REV-01,10-000676,RES SMD 75 OHM 1% 1/10W 0603 AEC-Q,Electrical Components,OTS,ATLN,MAIN,FALSE,Sienna Corporation,25000,0,0.0017,42.5,0,1,Unrestricted,25000
08-04-2026,CM: Sienna GA,10-000676 REV-01,10-000676,RES SMD 75 OHM 1% 1/10W 0603 AEC-Q,Electrical Components,OTS,ATLN,LINE,FALSE,Sienna Corporation,18701,0,0.0017,31.7917,0,1,Unrestricted,18701
08-04-2026,CM: Qualitel WA,814L-10-000676,10-000676,RES SMD 75 OHM 1% 1/10W 0603 AEC-Q,Electrical Components,OTS,"Seattle, WA",Stock,FALSE,Qualitel,25011,0,0.0017,42.5187,0,0,Unrestricted,25011
08-04-2026,CM: Qualitel WA,814L-10-000677,10-000677,RES SMD 50 Ohm 1% 50 PPM,Electrical Components,OTS,"Seattle, WA",Stock,FALSE,Qualitel,13763,0,0.052,715.676,0,0,Unrestricted,13763
08-04-2026,Lunar Netsuite,10-000677,10-000677,RES SMD 50 Ohm 1% 50 PPM,Electrical Components,OTS,Sienna Corporation - GA,NS,FALSE,Lunar Energy,10000,0,0.0485,485,0,0,Unrestricted,0
08-04-2026,CM: Sienna GA,10-000677 REV-01,10-000677,RES SMD 50 Ohm 1% 50 PPM,Electrical Components,OTS,ATLN,RIQC,FALSE,Sienna Corporation,50000,0,0.054,2700,0,1,Unrestricted,50000
08-04-2026,CM: Sienna GA,10-000677 REV-01,10-000677,RES SMD 50 Ohm 1% 50 PPM,Electrical Components,OTS,ATLN,LINE,FALSE,Sienna Corporation,12028,0,0.054,649.512,0,1,Unrestricted,12028
08-04-2026,CM: Sienna GA,C10-000677 REV-01,10-000677,RES SMD 50 Ohm 1% 50 PPM,Electrical Components,OTS,ATLN,WT51,TRUE,Lunar Energy,10000,0,0,0,0,1,Unrestricted,10000
08-04-2026,CM: Sienna GA,10-000678 REV-01,10-000678,RES SMD 150 OHM 1% 1/3W 0603 AEC-Q,Electrical Components,OTS,ATLN,LINE,FALSE,Sienna Corporation,24297,0,0.0118,286.7046,0,1,Unrestricted,24297
08-04-2026,CM: Sienna GA,C10-000678 REV-01,10-000678,RES SMD 150 OHM 1% 1/3W 0603 AEC-Q,Electrical Components,OTS,ATLN,WS23,TRUE,Lunar Energy,2000,0,0,0,0,1,Unrestricted,2000
08-04-2026,CM: Qualitel WA,814L-10-000678,10-000678,RES SMD 150 OHM 1% 1/3W 0603 AEC-Q,Electrical Components,OTS,"Seattle, WA",Stock,FALSE,Qualitel,7482,0,0.011,82.302,0,0,Unrestricted,7482
08-04-2026,Lunar Netsuite,10-000678,10-000678,RES SMD 150 OHM 1% 1/3W 0603 AEC-Q,Electrical Components,OTS,JIT - Reno,NS,FALSE,Lunar Energy,45000,0,0.0123,553.5,0,0,Unrestricted,45000
08-04-2026,Lunar Netsuite,10-000678,10-000678,RES SMD 150 OHM 1% 1/3W 0603 AEC-Q,Electrical Components,OTS,NexGen Digital Inc,NS,FALSE,Lunar Energy,142000,0,0.0123,1746.6,0,0,Unrestricted,142000
08-04-2026,Lunar Netsuite,10-000678,10-000678,RES SMD 150 OHM 1% 1/3W 0603 AEC-Q,Electrical Components,OTS,Sienna Corporation - GA,NS,FALSE,Lunar Energy,2000,0,0.0123,24.6,0,0,Unrestricted,0
08-04-2026,Lunar Netsuite,10-000679,10-000679,RES SMD 33 OHM 1% 1/16W 0402 AEC-Q,Electrical Components,OTS,JIT - Reno,NS,FALSE,Lunar Energy,6000,0,0.0009,5.4,0,0,Unrestricted,0
08-04-2026,CM: Sienna GA,10-000679 REV-01,10-000679,RES SMD 33 OHM 1% 1/16W 0402 AEC-Q,Electrical Components,OTS,ATLN,MAIN,FALSE,Sienna Corporation,10000,0,0.0012,12,0,1,Unrestricted,10000
08-04-2026,CM: Sienna GA,10-000679 REV-01,10-000679,RES SMD 33 OHM 1% 1/16W 0402 AEC-Q,Electrical Components,OTS,ATLN,LINE,FALSE,Sienna Corporation,10629,0,0.0012,12.7548,0,1,Unrestricted,10629
08-04-2026,CM: Qualitel WA,814L-10-000679,10-000679,RES SMD 33 OHM 1% 1/16W 0402 AEC-Q,Electrical Components,OTS,"Seattle, WA",Stock,FALSE,Qualitel,17496,0,0.001,17.496,0,0,Unrestricted,17496
08-04-2026,CM: Qualitel WA,814L-10-000680,10-000680,RES SMD 6.8K OHM 1% 1/16W 0402 AEC-Q,Electrical Components,OTS,"Seattle, WA",Stock,FALSE,Qualitel,43763,0,0.0009,39.3867,0,0,Unrestricted,43763
08-04-2026,CM: Sienna GA,10-000680 REV-01,10-000680,RES SMD 6.8K OHM 1% 1/16W 0402 AEC-Q,Electrical Components,OTS,ATLN,LINE,FALSE,Sienna Corporation,21211,0,0.0013,27.5743,0,1,Unrestricted,21211
08-04-2026,CM: Sienna GA,10-000680 REV-01,10-000680,RES SMD 6.8K OHM 1% 1/16W 0402 AEC-Q,Electrical Components,OTS,ATLN,MAIN,FALSE,Sienna Corporation,20000,0,0.0013,26,0,1,Unrestricted,20000
08-04-2026,CM: Sienna GA,10-000681 REV-01,10-000681,RES 2K OHM 1% 1/10W 0402 AEC-Q,Electrical Components,OTS,ATLN,LINE,FALSE,Sienna Corporation,25451,0,0.0019,48.3569,0,1,Unrestricted,25451
08-04-2026,CM: Qualitel WA,814L-10-000681,10-000681,RES 2K OHM 1% 1/10W 0402 AEC-Q,Electrical Components,OTS,"Seattle, WA",Stock,FALSE,Qualitel,56979,0,0.0012,68.3748,0,0,Unrestricted,56979
08-04-2026,CM: Sienna GA,10-000681 REV-01,10-000681,RES 2K OHM 1% 1/10W 0402 AEC-Q,Electrical Components,OTS,ATLN,MAIN,FALSE,Sienna Corporation,30022,0,0.0019,57.0418,0,1,Unrestricted,30022
08-04-2026,Lunar Netsuite,10-000682,10-000682,RES SMD 47K OHM 1% 1/16W 0402 AEC-Q,Electrical Components,OTS,JIT - Reno,NS,FALSE,Lunar Energy,10000,0,0.0015,15,0,0,Unrestricted,10000
08-04-2026,CM: Qualitel WA,814L-10-000682,10-000682,RES SMD 47K OHM 1% 1/16W 0402 AEC-Q,Electrical Components,OTS,"Seattle, WA",Stock,FALSE,Qualitel,50050,0,0.001,50.05,0,0,Unrestricted,50050
08-04-2026,CM: Sienna GA,10-000682 REV-01,10-000682,RES SMD 47K OHM 1% 1/16W 0402 AEC-Q,Electrical Components,OTS,ATLN,LINE,FALSE,Sienna Corporation,68552,0,0.0015,102.828,0,1,Unrestricted,68552
08-04-2026,CM: Sienna GA,10-000682 REV-01,10-000682,RES SMD 47K OHM 1% 1/16W 0402 AEC-Q,Electrical Components,OTS,ATLN,MAIN,FALSE,Sienna Corporation,90000,0,0.0015,135,0,1,Unrestricted,90000
08-04-2026,Lunar Netsuite,10-000684,10-000684,RES SMD 31.6 OHM 1% 1/10 0402 AEC-Q,Electrical Components,OTS,Avnet,NS,FALSE,Lunar Energy,10000,0,0.0015,15,0,0,Unrestricted,0
08-04-2026,CM: Qualitel WA,814L-10-000684,10-000684,RES SMD 31.6 OHM 1% 1/10 0402 AEC-Q,Electrical Components,OTS,"Seattle, WA",Stock,FALSE,Qualitel,17496,0,0.0015,26.244,0,0,Unrestricted,17496
08-04-2026,CM: Sienna GA,10-000684 REV-01,10-000684,RES SMD 31.6 OHM 1% 1/10 0402 AEC-Q,Electrical Components,OTS,ATLN,LINE,FALSE,Sienna Corporation,14138,0,0.0015,21.207,0,1,Unrestricted,14138
08-04-2026,CM: Sienna GA,10-000685 REV-01,10-000685,RES SMD 20 OHM 1% 1/10W 0402 AEC-Q,Electrical Components,OTS,ATLN,LINE,FALSE,Sienna Corporation,24102,0,0.0017,40.9734,0,1,Unrestricted,24102
08-04-2026,Lunar Netsuite,10-000685,10-000685,RES SMD 20 OHM 1% 1/10W 0402 AEC-Q,Electrical Components,OTS,NexGen Digital Inc,NS,FALSE,Lunar Energy,230000,0,0.0017,391,0,0,Unrestricted,230000
08-04-2026,Lunar Netsuite,10-000685,10-000685,RES SMD 20 OHM 1% 1/10W 0402 AEC-Q,Electrical Components,OTS,Sienna Corporation - GA,NS,FALSE,Lunar Energy,10000,0,0.0017,17,0,0,Unrestricted,0
08-04-2026,Lunar Netsuite,10-000685,10-000685,RES SMD 20 OHM 1% 1/10W 0402 AEC-Q,Electrical Components,OTS,JIT - Reno,NS,FALSE,Lunar Energy,50000,0,0.0017,85,0,0,Unrestricted,50000
08-04-2026,CM: Sienna GA,C10-000685 REV-01,10-000685,RES SMD 20 OHM 1% 1/10W 0402 AEC-Q,Electrical Components,OTS,ATLN,WR21,TRUE,Lunar Energy,10000,0,0,0,0,1,Unrestricted,10000
08-04-2026,CM: Qualitel WA,814L-10-000685,10-000685,RES SMD 20 OHM 1% 1/10W 0402 AEC-Q,Electrical Components,OTS,"Seattle, WA",Stock,FALSE,Qualitel,12461,0,0.0017,21.1837,0,0,Unrestricted,12461
08-04-2026,Lunar Netsuite,10-000688,10-000688,"Switching Regulator, Current-mode, 0.7A, 2080kHz Switching Freq-Max, NMOS, PDSO5",Electrical Components,OTS,JIT - Reno,NS,FALSE,Lunar Energy,36000,0,0.3083,11098.8,0,0,Unrestricted,33770
08-04-2026,CM: Sienna GA,10-000688 REV-01,10-000688,"Switching Regulator, Current-mode, 0.7A, 2080kHz Switching Freq-Max, NMOS, PDSO5",Electrical Components,OTS,ATLN,MAIN,FALSE,Sienna Corporation,6000,0,0.309,1854,0,1,Unrestricted,6000
08-04-2026,Lunar Netsuite,10-000688,10-000688,"Switching Regulator, Current-mode, 0.7A, 2080kHz Switching Freq-Max, NMOS, PDSO5",Electrical Components,OTS,NexGen Digital Inc,NS,FALSE,Lunar Energy,84000,0,0.3076,25838.4,0,0,Unrestricted,84000
08-04-2026,CM: Qualitel WA,814L-10-000688,10-000688,"Switching Regulator, Current-mode, 0.7A, 2080kHz Switching Freq-Max, NMOS, PDSO5",Electrical Components,OTS,"Seattle, WA",Stock,FALSE,Qualitel,9505,0,0.309,2937.045,0,0,Unrestricted,9505
08-04-2026,CM: Sienna GA,10-000688 REV-01,10-000688,"Switching Regulator, Current-mode, 0.7A, 2080kHz Switching Freq-Max, NMOS, PDSO5",Electrical Components,OTS,ATLN,LINE,FALSE,Sienna Corporation,4395,0,0.309,1358.055,0,1,Unrestricted,4395
08-04-2026,CM: Sienna GA,10-000688 REV-01,10-000688,"Switching Regulator, Current-mode, 0.7A, 2080kHz Switching Freq-Max, NMOS, PDSO5",Electrical Components,OTS,ATLN,RIQC,FALSE,Sienna Corporation,3000,0,0.309,927,0,1,Unrestricted,3000
08-04-2026,CM: Sienna GA,10-000689 REV-01,10-000689,Programmable power line communication modem System on Chip,Electrical Components,OTS,ATLN,PAMS,FALSE,Sienna Corporation,3120,0,3.76,11731.2,0,1,Unrestricted,3120
08-04-2026,CM: Sienna GA,10-000689 REV-01,10-000689,Programmable power line communication modem System on Chip,Electrical Components,OTS,ATLN,MAIN,FALSE,Sienna Corporation,6240,0,3.76,23462.4,0,1,Unrestricted,6240
08-04-2026,CM: Sienna GA,10-000689 REV-01,10-000689,Programmable power line communication modem System on Chip,Electrical Components,OTS,ATLN,LINE,FALSE,Sienna Corporation,2797,0,3.76,10516.72,0,1,Unrestricted,2797
08-04-2026,Lunar Netsuite,10-000689,10-000689,Programmable power line communication modem System on Chip,Electrical Components,OTS,JIT - Reno,NS,FALSE,Lunar Energy,50785,0,3.7584,190870.344,0,0,Unrestricted,48405
08-04-2026,CM: Sienna GA,C10-000689 REV-01,10-000689,Programmable power line communication modem System on Chip,Electrical Components,OTS,ATLN,WS72,TRUE,Lunar Energy,1000,0,0,0,0,1,Unrestricted,1000
08-04-2026,Lunar Netsuite,10-000689,10-000689,Programmable power line communication modem System on Chip,Electrical Components,OTS,Sienna Corporation - GA,NS,FALSE,Lunar Energy,1000,0,3.6637,3663.7,0,0,Unrestricted,0
08-04-2026,Lunar Netsuite,10-000689,10-000689,Programmable power line communication modem System on Chip,Electrical Components,OTS,NexGen Digital Inc,NS,FALSE,Lunar Energy,159785,0,3.6665,585851.7025,0,0,Unrestricted,159785
08-04-2026,CM: Qualitel WA,814L-10-000689,10-000689,Programmable power line communication modem System on Chip,Electrical Components,OTS,"Seattle, WA",Stock,FALSE,Qualitel,5921,0,3.0858,18271.0218,0,0,Unrestricted,5921
08-04-2026,CM: Sienna GA,10-000690 REV-01,10-000690,Power-line communication dual line driver,Electrical Components,OTS,ATLN,LINE,FALSE,Sienna Corporation,3624,0,1.84,6668.16,0,1,Unrestricted,3624
08-04-2026,Lunar Netsuite,10-000690,10-000690,Power-line communication dual line driver,Electrical Components,OTS,JIT - Reno,NS,FALSE,Lunar Energy,20000,0,1.7407,34814,0,0,Unrestricted,20000
08-04-2026,CM: Sienna GA,C10-000690 REV-01,10-000690,Power-line communication dual line driver,Electrical Components,OTS,ATLN,MRB,TRUE,Lunar Energy,0,4000,0,0,0,1,Restricted,0
08-04-2026,Lunar Netsuite,10-000690,10-000690,Power-line communication dual line driver,Electrical Components,OTS,Sienna Corporation - GA,NS,FALSE,Lunar Energy,24000,0,1.7,40800,0,0,Unrestricted,24000
08-04-2026,Lunar Netsuite,10-000690,10-000690,Power-line communication dual line driver,Electrical Components,OTS,NexGen Digital Inc,NS,FALSE,Lunar Energy,164000,0,1.7,278800,0,0,Unrestricted,164000
08-04-2026,CM: Qualitel WA,814L-10-000690,10-000690,Power-line communication dual line driver,Electrical Components,OTS,"Seattle, WA",Stock,FALSE,Qualitel,5499,0,1.5429,8484.4071,0,0,Unrestricted,5499
08-04-2026,CM: Sienna GA,C10-000690 REV-01,10-000690,Power-line communication dual line driver,Electrical Components,OTS,ATLN,WS42,TRUE,Lunar Energy,12000,0,0,0,0,1,Unrestricted,12000
08-04-2026,CM: Sienna GA,C10-000690 REV-01,10-000690,Power-line communication dual line driver,Electrical Components,OTS,ATLN,WT91,TRUE,Lunar Energy,8000,0,0,0,0,1,Unrestricted,8000
08-04-2026,CM: Sienna GA,10-000690 REV-01,10-000690,Power-line communication dual line driver,Electrical Components,OTS,ATLN,LPAC,FALSE,Sienna Corporation,0,0,1.84,0,0,1,Unrestricted,0
08-04-2026,Lunar Netsuite,10-000692,10-000692,CAP CER 8PF 50V NP0 0402,Electrical Components,OTS,JIT - Reno,NS,FALSE,Lunar Energy,20000,0,0.014,280,0,0,Unrestricted,20000
08-04-2026,CM: Qualitel WA,814L-10-000692,10-000692,CAP CER 8PF 50V NP0 0402,Electrical Components,OTS,"Seattle, WA",Stock,FALSE,Qualitel,21481,0,0.013,279.253,0,0,Unrestricted,21481
08-04-2026,CM: Sienna GA,10-000692 REV-01,10-000692,CAP CER 8PF 50V NP0 0402,Electrical Components,OTS,ATLN,RIQC,FALSE,Sienna Corporation,30000,0,0.014,420,0,1,Unrestricted,30000
08-04-2026,CM: Sienna GA,10-000692 REV-01,10-000692,CAP CER 8PF 50V NP0 0402,Electrical Components,OTS,ATLN,LINE,FALSE,Sienna Corporation,46540,0,0.014,651.56,0,1,Unrestricted,46540
08-04-2026,CM: Sienna GA,10-000693 REV-1,10-000693,RES SMD 5.1K OHM 1% 1/16W 0402 AEC-Q,Electrical Components,OTS,ATLN,LINE,FALSE,Sienna Corporation,114823,0,0.0015,172.2345,0,1,Unrestricted,114823
08-04-2026,CM: Sienna GA,10-000693 REV-1,10-000693,RES SMD 5.1K OHM 1% 1/16W 0402 AEC-Q,Electrical Components,OTS,ATLN,MAIN,FALSE,Sienna Corporation,229990,0,0.0015,344.985,0,1,Unrestricted,229990
08-04-2026,Lunar Netsuite,10-000693,10-000693,RES SMD 5.1K OHM 1% 1/16W 0402 AEC-Q,Electrical Components,OTS,Avnet,NS,FALSE,Lunar Energy,20000,0,0.0015,30,0,0,Unrestricted,0
08-04-2026,CM: Sienna GA,10-000693 REV-1,10-000693,RES SMD 5.1K OHM 1% 1/16W 0402 AEC-Q,Electrical Components,OTS,ATLN,RIQC,FALSE,Sienna Corporation,30000,0,0.0015,45,0,1,Unrestricted,30000
08-04-2026,CM: Sienna GA,10-000695 REV-01,10-000695,IC MCU 32BIT 200KB FLASH 64LQFP,Electrical Components,OTS,ATLN,MAIN,FALSE,Sienna Corporation,5708,0,1.79,10217.32,0,1,Unrestricted,5708
08-04-2026,CM: Sienna GA,10-000695 REV-01,10-000695,IC MCU 32BIT 200KB FLASH 64LQFP,Electrical Components,OTS,ATLN,LINE,FALSE,Sienna Corporation,6392,0,1.79,11441.68,0,1,Unrestricted,6392
08-04-2026,CM: Sienna GA,10-000695 REV-01,10-000695,IC MCU 32BIT 200KB FLASH 64LQFP,Electrical Components,OTS,ATLN,LPAC,FALSE,Sienna Corporation,0,0,1.79,0,0,1,Unrestricted,0
08-04-2026,CM: Sienna GA,10-000695 REV-01,10-000695,IC MCU 32BIT 200KB FLASH 64LQFP,Electrical Components,OTS,ATLN,RIQC,FALSE,Sienna Corporation,15200,0,1.79,27208,0,1,Unrestricted,15200
08-04-2026,Lunar Netsuite,10-000695,10-000695,IC MCU 32BIT 200KB FLASH 64LQFP,Electrical Components,OTS,Avnet,NS,FALSE,Lunar Energy,133000,0,1.467,195111,0,0,Unrestricted,91432
08-04-2026,Lunar Netsuite,10-000695,10-000695,IC MCU 32BIT 200KB FLASH 64LQFP,Electrical Components,OTS,JIT - Reno,NS,FALSE,Lunar Energy,18543,0,1.33,24662.19,0,0,Unrestricted,18543
08-04-2026,Lunar Netsuite,10-000702,10-000702,"Interface Circuit, PDSO8",Electrical Components,OTS,JIT - Reno,NS,FALSE,Lunar Energy,32844,0,0.77,25289.88,0,0,Unrestricted,32844
08-04-2026,CM: Sienna GA,10-000702 REV-02,10-000702,"Interface Circuit, PDSO8",Electrical Components,OTS,ATLN,LPAC,FALSE,Sienna Corporation,1182,0,0.767,906.594,0,2,Unrestricted,1182
08-04-2026,CM: Qualitel WA,814L-10-000702,10-000702,"Interface Circuit, PDSO8",Electrical Components,OTS,"Seattle, WA",Stock,FALSE,Qualitel,10912,0,0.444,4844.928,0,0,Unrestricted,10912
08-04-2026,CM: Sienna GA,10-000702 REV-02,10-000702,"Interface Circuit, PDSO8",Electrical Components,OTS,ATLN,MAIN,FALSE,Sienna Corporation,21500,0,0.767,16490.5,0,2,Unrestricted,21500
08-04-2026,CM: Celestica MX,10-0007023MS,10-000702,"Interface Circuit, PDSO8",Electrical Components,OTS,Monterrey Prod,1000,FALSE,Celestica,-2,0,0.767,-1.534,0,0,Unrestricted,-2
08-04-2026,CM: Sienna GA,10-000702 REV-02,10-000702,"Interface Circuit, PDSO8",Electrical Components,OTS,ATLN,LINE,FALSE,Sienna Corporation,10857,0,0.767,8327.319,0,2,Unrestricted,10857
08-04-2026,CM: Sienna GA,10-000711 REV-02,10-000711,CMC 100UH 150MA 2LN SMD AEC-Q200,Electrical Components,OTS,ATLN,RIQC,FALSE,Sienna Corporation,2500,0,0.53,1325,0,2,Unrestricted,2500
08-04-2026,CM: Celestica MX,10-0007113MS,10-000711,CMC 100UH 150MA 2LN SMD AEC-Q200,Electrical Components,OTS,Monterrey Prod,1000,FALSE,Celestica,-2,0,0.477,-0.954,0,0,Unrestricted,-2
08-04-2026,CM: Sienna GA,10-000711 REV-02,10-000711,CMC 100UH 150MA 2LN SMD AEC-Q200,Electrical Components,OTS,ATLN,LINE,FALSE,Sienna Corporation,2740,0,0.53,1452.2,0,2,Unrestricted,2740
08-04-2026,CM: Sienna GA,10-000711 REV-02,10-000711,CMC 100UH 150MA 2LN SMD AEC-Q200,Electrical Components,OTS,ATLN,MAIN,FALSE,Sienna Corporation,17499,0,0.53,9274.47,0,2,Unrestricted,17499
08-04-2026,CM: Qualitel WA,814L-10-000711,10-000711,CMC 100UH 150MA 2LN SMD AEC-Q200,Electrical Components,OTS,"Seattle, WA",Stock,FALSE,Qualitel,20754,0,0.323,6703.542,0,0,Unrestricted,20754
08-04-2026,CM: Sienna GA,C10-000716 REV-02,10-000716,"TVS DIODE 12V/7V, 20V/12V SOT23",Electrical Components,OTS,ATLN,WS14,TRUE,Lunar Energy,64965,0,0,0,0,2,Unrestricted,64965
08-04-2026,CM: Qualitel WA,814L-10-000716,10-000716,"TVS DIODE 12V/7V, 20V/12V SOT23",Electrical Components,OTS,"Seattle, WA",Stock,FALSE,Qualitel,19308,0,0.065,1255.02,0,0,Unrestricted,19308
08-04-2026,CM: Sienna GA,10-000716 REV-02,10-000716,"TVS DIODE 12V/7V, 20V/12V SOT23",Electrical Components,OTS,ATLN,LINE,FALSE,Sienna Corporation,4496,0,0.344,1546.624,0,2,Unrestricted,4496
08-04-2026,CM: Sienna GA,10-000716 REV-02,10-000716,"TVS DIODE 12V/7V, 20V/12V SOT23",Electrical Components,OTS,ATLN,MAIN,FALSE,Sienna Corporation,6000,0,0.344,2064,0,2,Unrestricted,6000
08-04-2026,CM: Sienna GA,C10-000716 REV-02,10-000716,"TVS DIODE 12V/7V, 20V/12V SOT23",Electrical Components,OTS,ATLN,WT32,TRUE,Lunar Energy,3000,0,0,0,0,2,Unrestricted,3000
08-04-2026,Lunar Netsuite,10-000716,10-000716,"TVS DIODE 12V/7V, 20V/12V SOT23",Electrical Components,OTS,Avnet,NS,FALSE,Lunar Energy,6000,0,0.207,1242,0,0,Unrestricted,6000
08-04-2026,CM: Celestica MX,10-0007163MS,10-000716,"TVS DIODE 12V/7V, 20V/12V SOT23",Electrical Components,OTS,Monterrey Prod,1000,FALSE,Celestica,-8,0,0.344,-2.752,0,0,Unrestricted,-8
08-04-2026,Lunar Netsuite,10-000716,10-000716,"TVS DIODE 12V/7V, 20V/12V SOT23",Electrical Components,OTS,JIT - Reno,NS,FALSE,Lunar Energy,48000,0,0.07,3360,0,0,Unrestricted,48000
08-04-2026,Lunar Netsuite,10-000716,10-000716,"TVS DIODE 12V/7V, 20V/12V SOT23",Electrical Components,OTS,Sienna Corporation - GA,NS,FALSE,Lunar Energy,67965,0,0.1133,7700.4345,0,0,Unrestricted,66000
08-04-2026,CM: Sienna GA,C10-000729 REV-02,10-000729,"Interface Circuit, CMOS, PDSO8",Electrical Components,OTS,ATLN,WT42,TRUE,Lunar Energy,8999,0,0,0,0,2,Unrestricted,8999
08-04-2026,CM: Sienna GA,10-000729 REV-02,10-000729,"Interface Circuit, CMOS, PDSO8",Electrical Components,OTS,ATLN,LINE,FALSE,Sienna Corporation,7718,0,0.867,6691.506,0,2,Unrestricted,7718
08-04-2026,CM: Sienna GA,10-000729 REV-02,10-000729,"Interface Circuit, CMOS, PDSO8",Electrical Components,OTS,ATLN,MAIN,FALSE,Sienna Corporation,13200,0,0.867,11444.4,0,2,Unrestricted,13200
08-04-2026,Lunar Netsuite,10-000729,10-000729,"Interface Circuit, CMOS, PDSO8",Electrical Components,OTS,Sienna Corporation - GA,NS,FALSE,Lunar Energy,8999,0,1.5656,14088.8344,0,0,Unrestricted,8999
08-04-2026,Lunar Netsuite,10-000729,10-000729,"Interface Circuit, CMOS, PDSO8",Electrical Components,OTS,JIT - Reno,NS,FALSE,Lunar Energy,35000,0,1.04,36400,0,0,Unrestricted,35000
08-04-2026,CM: Qualitel WA,814L-10-000729,10-000729,"Interface Circuit, CMOS, PDSO8",Electrical Components,OTS,"Seattle, WA",Stock,FALSE,Qualitel,14409,0,1.194,17204.346,0,0,Unrestricted,14409
08-04-2026,CM: Celestica MX,10-0007293MS,10-000729,"Interface Circuit, CMOS, PDSO8",Electrical Components,OTS,Monterrey Prod,1000,FALSE,Celestica,-2,0,0.867,-1.734,0,0,Unrestricted,-2
08-04-2026,Lunar Netsuite,10-000759,10-000759,"Free Height, PCB Mount Receptacle, Vertical, Board-to-Board, 40 Position, .8mm [.031in] Centerline,",Electrical Components,OTS,JIT - Reno,NS,FALSE,Lunar Energy,4790,0,1.15,5508.5,0,0,Unrestricted,3540
08-04-2026,CM: Sienna GA,10-000759 REV-01,10-000759,"Free Height, PCB Mount Receptacle, Vertical, Board-to-Board, 40 Position, .8mm [.031in] Centerline,",Electrical Components,OTS,ATLN,LINE,FALSE,Sienna Corporation,1184,0,1.15,1361.6,0,1,Unrestricted,1184
08-04-2026,CM: Sienna GA,10-000759 REV-01,10-000759,"Free Height, PCB Mount Receptacle, Vertical, Board-to-Board, 40 Position, .8mm [.031in] Centerline,",Electrical Components,OTS,ATLN,RIQC,FALSE,Sienna Corporation,660,0,1.15,759,0,1,Unrestricted,660
08-04-2026,CM: Sienna GA,10-000760 REV-01,10-000760,"Free Height, PCB Mount Header, Vertical, Board-to-Board, 40 Position, .8mm [.031in] Centerline, Full",Electrical Components,OTS,ATLN,MAIN,FALSE,Sienna Corporation,1800,0,0.846,1522.8,0,1,Unrestricted,1800
08-04-2026,CM: Sienna GA,10-000760 REV-01,10-000760,"Free Height, PCB Mount Header, Vertical, Board-to-Board, 40 Position, .8mm [.031in] Centerline, Full",Electrical Components,OTS,ATLN,RIQC,FALSE,Sienna Corporation,900,0,0.846,761.4,0,1,Unrestricted,900
08-04-2026,CM: Sienna GA,C10-000760 REV-01,10-000760,"Free Height, PCB Mount Header, Vertical, Board-to-Board, 40 Position, .8mm [.031in] Centerline, Full",Electrical Components,OTS,ATLN,WT52,TRUE,Lunar Energy,900,0,0,0,0,1,Unrestricted,900
08-04-2026,CM: Sienna GA,10-000760 REV-01,10-000760,"Free Height, PCB Mount Header, Vertical, Board-to-Board, 40 Position, .8mm [.031in] Centerline, Full",Electrical Components,OTS,ATLN,LINE,FALSE,Sienna Corporation,741,0,0.846,626.886,0,1,Unrestricted,741
08-04-2026,Lunar Netsuite,10-000760,10-000760,"Free Height, PCB Mount Header, Vertical, Board-to-Board, 40 Position, .8mm [.031in] Centerline, Full",Electrical Components,OTS,JIT - Reno,NS,FALSE,Lunar Energy,1098,0,0.846,928.908,0,0,Unrestricted,1098
08-04-2026,CM: Sienna GA,C10-000760 REV-01,10-000760,"Free Height, PCB Mount Header, Vertical, Board-to-Board, 40 Position, .8mm [.031in] Centerline, Full",Electrical Components,OTS,ATLN,WT51,TRUE,Lunar Energy,702,0,0,0,0,1,Unrestricted,702
08-04-2026,Lunar Netsuite,10-000760,10-000760,"Free Height, PCB Mount Header, Vertical, Board-to-Board, 40 Position, .8mm [.031in] Centerline, Full",Electrical Components,OTS,Sienna Corporation - GA,NS,FALSE,Lunar Energy,1602,0,0.846,1355.292,0,0,Unrestricted,1602
08-04-2026,Lunar Netsuite,10-000761,10-000761,CAP CER 2.2UF 16V X5R 0603,Electrical Components,OTS,CCL (Computer Components Ltd),NS,FALSE,Lunar Energy,4000,0,0.023,92,0,0,Unrestricted,4000
08-04-2026,CM: Sienna GA,10-000778 REV-02,10-000778,"Screw,M5x0.8 6g x10mm,BHT T-25,Flange,Steel,ZiNi BC,Nylon Patch",Part,MTS,ATLN,LINE,FALSE,Sienna Corporation,7889,0,0.0774,610.6086,0,2,Unrestricted,7889
08-04-2026,CM: Celestica MX,10-0007783MS,10-000778,"Screw,M5x0.8 6g x10mm,BHT T-25,Flange,Steel,ZiNi BC,Nylon Patch",Part,MTS,Monterrey Prod,1000,FALSE,Celestica,1188,0,0.054,64.152,0,0,Unrestricted,1188
08-04-2026,Lunar Netsuite,10-000778,10-000778,"Screw,M5x0.8 6g x10mm,BHT T-25,Flange,Steel,ZiNi BC,Nylon Patch",Part,MTS,JIT - Reno,NS,FALSE,Lunar Energy,46735,0,0.05,2336.75,0,0,Unrestricted,46735
08-04-2026,CM: Qualitel WA,814L-10-000778,10-000778,"Screw,M5x0.8 6g x10mm,BHT T-25,Flange,Steel,ZiNi BC,Nylon Patch",Part,MTS,"Seattle, WA",Stock,FALSE,Qualitel,223248,0,0.0487,10872.1776,0,0,Unrestricted,223248
08-04-2026,CM: Sienna GA,10-000778 REV-02,10-000778,"Screw,M5x0.8 6g x10mm,BHT T-25,Flange,Steel,ZiNi BC,Nylon Patch",Part,MTS,ATLN,RQ71,FALSE,Sienna Corporation,29000,0,0.0774,2244.6,0,2,Unrestricted,29000
08-04-2026,CM: Celestica MX,10-0007783MS,10-000778,"Screw,M5x0.8 6g x10mm,BHT T-25,Flange,Steel,ZiNi BC,Nylon Patch",Part,MTS,Monterrey Prod,DIFF,FALSE,Celestica,0,-1283,0.054,0,-69.282,0,MRPExUnrestricted,0
08-04-2026,CM: Celestica MX,10-0007993MS,10-000799,"Sticker,Vent,Subassembly",Part,MTS,Monterrey Prod,1000,FALSE,Celestica,-328,0,0.81,-265.68,0,0,Unrestricted,-328
08-04-2026,CM: Sienna GA,10-000825 REV-1,10-000825,IC MPU SITARA 1.0GHZ 324NFBGA,Electrical Components,OTS,ATLN,LINE,FALSE,Sienna Corporation,461,0,8.09,3729.49,0,1,Unrestricted,461
08-04-2026,CM: Sienna GA,10-000825 REV-1,10-000825,IC MPU SITARA 1.0GHZ 324NFBGA,Electrical Components,OTS,ATLN,PAMS,FALSE,Sienna Corporation,1260,0,8.09,10193.4,0,1,Unrestricted,1260
08-04-2026,Lunar Netsuite,10-000825,10-000825,IC MPU SITARA 1.0GHZ 324NFBGA,Electrical Components,OTS,JIT - Reno,NS,FALSE,Lunar Energy,7560,0,8.1118,61325.208,0,0,Unrestricted,5560
08-04-2026,CM: Sienna GA,10-000825 REV-1,10-000825,IC MPU SITARA 1.0GHZ 324NFBGA,Electrical Components,OTS,ATLN,RIQC,FALSE,Sienna Corporation,1260,0,8.09,10193.4,0,1,Unrestricted,1260
08-04-2026,CM: Qualitel WA,814L-10-000841,10-000841,CAP CER 3300PF 50V X7R 0402 AEC-Q,Electrical Components,OTS,"Seattle, WA",Stock,FALSE,Qualitel,8740,0,0.0034,29.716,0,0,Unrestricted,8740
08-04-2026,CM: Sienna GA,10-000841 REV-01,10-000841,CAP CER 3300PF 50V X7R 0402 AEC-Q,Electrical Components,OTS,ATLN,LINE,FALSE,Sienna Corporation,14471,0,0.0058,83.9318,0,1,Unrestricted,14471
08-04-2026,CM: Sienna GA,10-000842 REV-01,10-000842,CAP CER 22PF 50V C0G/NPO 0402 AEC-Q,Electrical Components,OTS,ATLN,LINE,FALSE,Sienna Corporation,15406,0,0.0041,63.1646,0,1,Unrestricted,15406
08-04-2026,CM: Qualitel WA,814L-10-000842,10-000842,CAP CER 22PF 50V C0G/NPO 0402 AEC-Q,Electrical Components,OTS,"Seattle, WA",Stock,FALSE,Qualitel,29763,0,0.0037,110.1231,0,0,Unrestricted,29763
08-04-2026,Lunar Netsuite,10-000844,10-000844,"Connector, 16 Contact, 2 Row, Male, Straight, SMT",Electrical Components,OTS,CCL (Computer Components Ltd),NS,FALSE,Lunar Energy,5500,0,1.33,7315,0,0,Unrestricted,5500
08-04-2026,Lunar Netsuite,10-000844,10-000844,"Connector, 16 Contact, 2 Row, Male, Straight, SMT",Electrical Components,OTS,JIT - Reno,NS,FALSE,Lunar Energy,450,0,1.33,598.5,0,0,Unrestricted,450
08-04-2026,Lunar Netsuite,10-000845,10-000845,"Connector, 6 Contact, 1 Row, Male, Straight, TH",Electrical Components,OTS,CCL (Computer Components Ltd),NS,FALSE,Lunar Energy,24000,0,0.1258,3019.2,0,0,Unrestricted,24000
08-04-2026,Lunar Netsuite,10-000846,10-000846,RES 5.1K OHM 0.1% 1/16W 0402,Electrical Components,OTS,CCL (Computer Components Ltd),NS,FALSE,Lunar Energy,20000,0,0.055,1100,0,0,Unrestricted,20000
08-04-2026,CM: Sienna GA,10-000848 REV-01,10-000848,RES 510 OHM 0.1% 1/16W 0402 AEC-Q,Electrical Components,OTS,ATLN,LINE,FALSE,Sienna Corporation,3506,0,0.055,192.83,0,1,Unrestricted,3506
08-04-2026,CM: Sienna GA,10-000848 REV-01,10-000848,RES 510 OHM 0.1% 1/16W 0402 AEC-Q,Electrical Components,OTS,ATLN,MAIN,FALSE,Sienna Corporation,10000,0,0.055,550,0,1,Unrestricted,10000
08-04-2026,CM: Sienna GA,C10-000848 REV-01,10-000848,RES 510 OHM 0.1% 1/16W 0402 AEC-Q,Electrical Components,OTS,ATLN,WT21,TRUE,Lunar Energy,5000,0,0,0,0,1,Unrestricted,5000
08-04-2026,Lunar Netsuite,10-000848,10-000848,RES 510 OHM 0.1% 1/16W 0402 AEC-Q,Electrical Components,OTS,Sienna Corporation - GA,NS,FALSE,Lunar Energy,5000,0,0.0662,331,0,0,Unrestricted,0
08-04-2026,CM: Qualitel WA,814L-10-000848,10-000848,RES 510 OHM 0.1% 1/16W 0402 AEC-Q,Electrical Components,OTS,"Seattle, WA",Stock,FALSE,Qualitel,11970,0,0.052,622.44,0,0,Unrestricted,11970
08-04-2026,CM: Sienna GA,10-000850 REV-01,10-000850,"Opamp, 1 Func, 15uV Offset-Max, CMOS, PDSO5",Electrical Components,OTS,ATLN,MAIN,FALSE,Sienna Corporation,13000,0,0.408,5304,0,1,Unrestricted,13000
08-04-2026,CM: Sienna GA,10-000850 REV-01,10-000850,"Opamp, 1 Func, 15uV Offset-Max, CMOS, PDSO5",Electrical Components,OTS,ATLN,PAMS,FALSE,Sienna Corporation,500,0,0.408,204,0,1,Unrestricted,500
08-04-2026,Lunar Netsuite,10-000850,10-000850,"Opamp, 1 Func, 15uV Offset-Max, CMOS, PDSO5",Electrical Components,OTS,NexGen Digital Inc,NS,FALSE,Lunar Energy,12920,0,0.41,5297.2,0,0,Unrestricted,12920
08-04-2026,CM: Sienna GA,10-000850 REV-01,10-000850,"Opamp, 1 Func, 15uV Offset-Max, CMOS, PDSO5",Electrical Components,OTS,ATLN,RIQC,FALSE,Sienna Corporation,1500,0,0.408,612,0,1,Unrestricted,1500
08-04-2026,CM: Qualitel WA,814L-10-000850,10-000850,"Opamp, 1 Func, 15uV Offset-Max, CMOS, PDSO5",Electrical Components,OTS,"Seattle, WA",Stock,FALSE,Qualitel,12588,0,0.267,3360.996,0,0,Unrestricted,12588
08-04-2026,Lunar Netsuite,10-000850,10-000850,"Opamp, 1 Func, 15uV Offset-Max, CMOS, PDSO5",Electrical Components,OTS,JIT - Reno,NS,FALSE,Lunar Energy,250,0,0.4088,102.2,0,0,Unrestricted,250
08-04-2026,CM: Sienna GA,10-000850 REV-01,10-000850,"Opamp, 1 Func, 15uV Offset-Max, CMOS, PDSO5",Electrical Components,OTS,ATLN,LINE,FALSE,Sienna Corporation,1801,0,0.408,734.808,0,1,Unrestricted,1801
08-04-2026,CM: Qualitel WA,814L-10-000851,10-000851,Current Sense Amplifier 1 Circuit Rail-to-Rail SC-70-6 AEC-Q,Electrical Components,OTS,"Seattle, WA",Stock,FALSE,Qualitel,4752,0,0.77,3659.04,0,0,Unrestricted,4752
08-04-2026,Lunar Netsuite,10-000851,10-000851,Current Sense Amplifier 1 Circuit Rail-to-Rail SC-70-6 AEC-Q,Electrical Components,OTS,NexGen Digital Inc,NS,FALSE,Lunar Energy,6000,0,0.77,4620,0,0,Unrestricted,6000
08-04-2026,CM: Sienna GA,10-000851 REV-01,10-000851,Current Sense Amplifier 1 Circuit Rail-to-Rail SC-70-6 AEC-Q,Electrical Components,OTS,ATLN,LINE,FALSE,Sienna Corporation,4432,0,0.917,4064.144,0,1,Unrestricted,4432
08-04-2026,CM: Sienna GA,10-000851 REV-01,10-000851,Current Sense Amplifier 1 Circuit Rail-to-Rail SC-70-6 AEC-Q,Electrical Components,OTS,ATLN,RIQC,FALSE,Sienna Corporation,3000,0,0.917,2751,0,1,Unrestricted,3000
08-04-2026,Lunar Netsuite,10-000851,10-000851,Current Sense Amplifier 1 Circuit Rail-to-Rail SC-70-6 AEC-Q,Electrical Components,OTS,JIT - Reno,NS,FALSE,Lunar Energy,3000,0,0.8215,2464.5,0,0,Unrestricted,3000
08-04-2026,CM: Sienna GA,10-000855 REV-01,10-000855,CRYSTAL 32.768KHZ 9PF SMD AEC-Q,Electrical Components,OTS,ATLN,LINE,FALSE,Sienna Corporation,4540,0,0.468,2124.72,0,1,Unrestricted,4540
08-04-2026,CM: Qualitel WA,814L-10-000855,10-000855,CRYSTAL 32.768KHZ 9PF SMD AEC-Q,Electrical Components,OTS,"Seattle, WA",MRB,FALSE,Qualitel,0,20,0.38,0,7.6,0,Restricted,0
08-04-2026,CM: Qualitel WA,814L-10-000855,10-000855,CRYSTAL 32.768KHZ 9PF SMD AEC-Q,Electrical Components,OTS,"Seattle, WA",Stock,FALSE,Qualitel,19773,0,0.38,7513.74,0,0,Unrestricted,19773
08-04-2026,CM: Sienna GA,10-000855 REV-01,10-000855,CRYSTAL 32.768KHZ 9PF SMD AEC-Q,Electrical Components,OTS,ATLN,MAIN,FALSE,Sienna Corporation,500,0,0.468,234,0,1,Unrestricted,500
08-04-2026,CM: Qualitel WA,814L-10-000855,10-000855,CRYSTAL 32.768KHZ 9PF SMD AEC-Q,Electrical Components,OTS,"Seattle, WA",PO Inspection,FALSE,Qualitel,0,20,0.38,0,7.6,0,Restricted,0
08-04-2026,Lunar Netsuite,10-000855,10-000855,CRYSTAL 32.768KHZ 9PF SMD AEC-Q,Electrical Components,OTS,Avnet,NS,FALSE,Lunar Energy,3000,0,0.424,1272,0,0,Unrestricted,0
08-04-2026,Lunar Netsuite,10-000856,10-000856,CRYSTAL 16.3840MHZ 18PF SMD,Electrical Components,OTS,CCL (Computer Components Ltd),NS,FALSE,Lunar Energy,7000,0,0.2439,1707.3,0,0,Unrestricted,7000
08-04-2026,Lunar Netsuite,10-000857,10-000857,TRANSFORMER SMD,Electrical Components,OTS,JIT - Reno,NS,FALSE,Lunar Energy,70500,0,0.73,51465,0,0,Unrestricted,59288
08-04-2026,CM: Sienna GA,10-000857 REV-01,10-000857,TRANSFORMER SMD,Electrical Components,OTS,ATLN,LINE,FALSE,Sienna Corporation,1950,0,0.73,1423.5,0,1,Unrestricted,1950
08-04-2026,CM: Qualitel WA,814L-10-000857,10-000857,TRANSFORMER SMD,Electrical Components,OTS,"Seattle, WA",Stock,FALSE,Qualitel,19267,0,0.73,14064.91,0,0,Unrestricted,19267
08-04-2026,CM: Sienna GA,10-000857 REV-01,10-000857,TRANSFORMER SMD,Electrical Components,OTS,ATLN,MAIN,FALSE,Sienna Corporation,4547,0,0.73,3319.31,0,1,Unrestricted,4547
08-04-2026,CM: Qualitel WA,814L-10-000858,10-000858,RES SMD 1.2K OHM 0.1% 1/4W 1206 AEC-Q,Electrical Components,OTS,"Seattle, WA",Stock,FALSE,Qualitel,13479,0,0.085,1145.715,0,0,Unrestricted,13479
08-04-2026,CM: Sienna GA,10-000858 REV-01,10-000858,RES SMD 1.2K OHM 0.1% 1/4W 1206 AEC-Q,Electrical Components,OTS,ATLN,LINE,FALSE,Sienna Corporation,18144,0,0.089,1614.816,0,1,Unrestricted,18144
08-04-2026,CM: Sienna GA,10-000894 REV-01,10-000894,CAP CER 2200PF 100V X7R 0603 AEC-Q,Electrical Components,OTS,ATLN,LINE,FALSE,Sienna Corporation,11474,0,0.0065,74.581,0,1,Unrestricted,11474
08-04-2026,CM: Qualitel WA,814L-10-000894,10-000894,CAP CER 2200PF 100V X7R 0603 AEC-Q,Electrical Components,OTS,"Seattle, WA",Stock,FALSE,Qualitel,11501,0,0.0061,70.1561,0,0,Unrestricted,11501
08-04-2026,CM: Sienna GA,10-000903 REV-01,10-000903,"Plug,Conduit,Sealing,Stepped,3/4""",Part,OTS,ATLN,LPAC,FALSE,Sienna Corporation,385,0,0.48,184.8,0,1,Unrestricted,385
08-04-2026,CM: Sienna GA,10-000903 REV-01,10-000903,"Plug,Conduit,Sealing,Stepped,3/4""",Part,OTS,ATLN,RIQC,FALSE,Sienna Corporation,752,0,0.48,360.96,0,1,Unrestricted,752
08-04-2026,CM: Qualitel WA,814L-10-000903,10-000903,"Plug,Conduit,Sealing,Stepped,3/4""",Part,OTS,"Seattle, WA",Stock,FALSE,Qualitel,998,0,0.48,479.04,0,0,Unrestricted,998
08-04-2026,CM: Sienna GA,10-000903 REV-01,10-000903,"Plug,Conduit,Sealing,Stepped,3/4""",Part,OTS,ATLN,RH14,FALSE,Sienna Corporation,11052,0,0.48,5304.96,0,1,Unrestricted,11052
08-04-2026,CM: Sienna GA,10-000903 REV-01,10-000903,"Plug,Conduit,Sealing,Stepped,3/4""",Part,OTS,ATLN,PAMS,FALSE,Sienna Corporation,1352,0,0.48,648.96,0,1,Unrestricted,1352
08-04-2026,CM: Sienna GA,10-000941 REV-1,10-000941,Diode Schottky 40V 3A 2-Pin,Electrical Components,OTS,ATLN,MAIN,FALSE,Sienna Corporation,22500,0,0.055,1237.5,0,1,Unrestricted,22500
08-04-2026,CM: Qualitel WA,814L-10-000941,10-000941,Diode Schottky 40V 3A 2-Pin,Electrical Components,OTS,"Seattle, WA",Stock,FALSE,Qualitel,27261,0,0.0513,1398.4893,0,0,Unrestricted,27261
08-04-2026,CM: Sienna GA,10-000941 REV-1,10-000941,Diode Schottky 40V 3A 2-Pin,Electrical Components,OTS,ATLN,LINE,FALSE,Sienna Corporation,5512,0,0.055,303.16,0,1,Unrestricted,5512
08-04-2026,CM: Sienna GA,10-000943 REV-01,10-000943,"MOSFET Silicon carbide Power MOSFET 650 V, 18 mOhm typ 119 A",Electrical Components,OTS,ATLN,RIQC,FALSE,Sienna Corporation,4200,0,10.74,45108,0,1,Unrestricted,4200
08-04-2026,CM: Qualitel WA,814L-10-000943,10-000943,"MOSFET Silicon carbide Power MOSFET 650 V, 18 mOhm typ 119 A",Electrical Components,OTS,"Seattle, WA",Stock,FALSE,Qualitel,10414,0,10.74,111846.36,0,0,Unrestricted,10414
08-04-2026,CM: Sienna GA,10-000943 REV-01,10-000943,"MOSFET Silicon carbide Power MOSFET 650 V, 18 mOhm typ 119 A",Electrical Components,OTS,ATLN,PAMS,FALSE,Sienna Corporation,1092,0,10.74,11728.08,0,1,Unrestricted,1092
08-04-2026,CM: Sienna GA,10-000943 REV-01,10-000943,"MOSFET Silicon carbide Power MOSFET 650 V, 18 mOhm typ 119 A",Electrical Components,OTS,ATLN,RJ21,FALSE,Sienna Corporation,5538,0,10.74,59478.12,0,1,Unrestricted,5538
08-04-2026,CM: Sienna GA,10-000943 REV-01,10-000943,"MOSFET Silicon carbide Power MOSFET 650 V, 18 mOhm typ 119 A",Electrical Components,OTS,ATLN,LINE,FALSE,Sienna Corporation,2610,0,10.74,28031.4,0,1,Unrestricted,2610
08-04-2026,CM: Sienna GA,10-000944 REV-07,10-000944,"Exhaust Duct,Inverter",Part,MTS,ATLN,WHS2,FALSE,Sienna Corporation,45,0,0,0,0,7,Unrestricted,45
08-04-2026,CM: Sienna GA,10-000958 REV-01,10-000958,DGTL ISO 5000VRMS 5CH GP 16SOIC,Electrical Components,OTS,ATLN,MAIN,FALSE,Sienna Corporation,5082,0,1.17,5945.94,0,1,Unrestricted,5082
08-04-2026,CM: Sienna GA,10-000958 REV-01,10-000958,DGTL ISO 5000VRMS 5CH GP 16SOIC,Electrical Components,OTS,ATLN,LINE,FALSE,Sienna Corporation,294,0,1.17,343.98,0,1,Unrestricted,294
08-04-2026,CM: Sienna GA,10-000958 REV-01,10-000958,DGTL ISO 5000VRMS 5CH GP 16SOIC,Electrical Components,OTS,ATLN,RIQC,FALSE,Sienna Corporation,1000,0,1.17,1170,0,1,Unrestricted,1000
08-04-2026,Lunar Netsuite,10-000983,10-000983,CONN HEADER SMD 4POS 1.27MM,Electrical Components,OTS,CCL (Computer Components Ltd),NS,FALSE,Lunar Energy,180598,0,0.12,21671.76,0,0,Unrestricted,180598
08-04-2026,Lunar Netsuite,10-000985,10-000985,CMC 8.2MH 500MA 2LN TH,Electrical Components,OTS,CCL (Computer Components Ltd),NS,FALSE,Lunar Energy,3180,0,0.63,2003.4,0,0,Unrestricted,3180
08-04-2026,Lunar Netsuite,10-000989,10-000989,OPTOISOLATOR 5KV TRANSISTOR 4SMD,Electrical Components,OTS,NexGen Digital Inc,NS,FALSE,Lunar Energy,122000,0,0.08,9760,0,0,Unrestricted,122000
08-04-2026,CM: Sienna GA,10-000989 REV-01,10-000989,OPTOISOLATOR 5KV TRANSISTOR 4SMD,Electrical Components,OTS,ATLN,LINE,FALSE,Sienna Corporation,2005,0,0.103,206.515,0,1,Unrestricted,2005
08-04-2026,CM: Sienna GA,10-000989 REV-01,10-000989,OPTOISOLATOR 5KV TRANSISTOR 4SMD,Electrical Components,OTS,ATLN,RIQC,FALSE,Sienna Corporation,6000,0,0.103,618,0,1,Unrestricted,6000
08-04-2026,Lunar Netsuite,10-000989,10-000989,OPTOISOLATOR 5KV TRANSISTOR 4SMD,Electrical Components,OTS,Avnet,NS,FALSE,Lunar Energy,27000,0,0.085,2295,0,0,Unrestricted,22000
08-04-2026,CM: Qualitel WA,814L-10-000989,10-000989,OPTOISOLATOR 5KV TRANSISTOR 4SMD,Electrical Components,OTS,"Seattle, WA",Stock,FALSE,Qualitel,11443,0,0.079,903.997,0,0,Unrestricted,11443
08-04-2026,CM: Sienna GA,10-000991 REV-01,10-000991,MOSFET N-CHANNEL 20V 4A SOT23F,Electrical Components,OTS,ATLN,MAIN,FALSE,Sienna Corporation,30000,0,0.06,1800,0,1,Unrestricted,30000
08-04-2026,CM: Qualitel WA,814L-10-000991,10-000991,MOSFET N-CHANNEL 20V 4A SOT23F,Electrical Components,OTS,"Seattle, WA",Stock,FALSE,Qualitel,43956,0,0.0572,2514.2832,0,0,Unrestricted,43956
08-04-2026,CM: Sienna GA,10-000991 REV-01,10-000991,MOSFET N-CHANNEL 20V 4A SOT23F,Electrical Components,OTS,ATLN,LINE,FALSE,Sienna Corporation,23507,0,0.06,1410.42,0,1,Unrestricted,23507
08-04-2026,CM: Sienna GA,10-000991 REV-01,10-000991,MOSFET N-CHANNEL 20V 4A SOT23F,Electrical Components,OTS,ATLN,RIQC,FALSE,Sienna Corporation,6000,0,0.06,360,0,1,Unrestricted,6000
08-04-2026,CM: Sienna GA,10-000992 REV-01,10-000992,CONN HEADER SMD 3POS 2.5MM,Electrical Components,OTS,ATLN,RIQC,FALSE,Sienna Corporation,2700,0,0.642,1733.4,0,1,Unrestricted,2700
08-04-2026,CM: Sienna GA,10-000992 REV-01,10-000992,CONN HEADER SMD 3POS 2.5MM,Electrical Components,OTS,ATLN,MAIN,FALSE,Sienna Corporation,600,0,0.642,385.2,0,1,Unrestricted,600
08-04-2026,CM: Sienna GA,10-000992 REV-01,10-000992,CONN HEADER SMD 3POS 2.5MM,Electrical Components,OTS,ATLN,LINE,FALSE,Sienna Corporation,128,0,0.642,82.176,0,1,Unrestricted,128
08-04-2026,Lunar Netsuite,10-000992,10-000992,CONN HEADER SMD 3POS 2.5MM,Electrical Components,OTS,Sienna Corporation - GA,NS,FALSE,Lunar Energy,4500,0,0.6411,2884.95,0,0,Unrestricted,0
08-04-2026,Lunar Netsuite,10-000992,10-000992,CONN HEADER SMD 3POS 2.5MM,Electrical Components,OTS,JIT - Reno,NS,FALSE,Lunar Energy,2700,0,0.6411,1730.97,0,0,Unrestricted,2700
08-04-2026,CM: Sienna GA,C10-000992 REV-1,10-000992,CONN HEADER SMD 3POS 2.5MM,Electrical Components,OTS,ATLN,WT41,TRUE,Lunar Energy,4500,0,0,0,0,1,Unrestricted,4500
08-04-2026,CM: Qualitel WA,814L-10-000999,10-000999,RES SMD 1K OHM 1% 1/3W 0603 AEC-Q,Electrical Components,OTS,"Seattle, WA",Stock,FALSE,Qualitel,28169,0,0.0026,73.2394,0,0,Unrestricted,28169
08-04-2026,CM: Sienna GA,10-000999 REV-1,10-000999,RES SMD 1K OHM 1% 1/3W 0603 AEC-Q,Electrical Components,OTS,ATLN,LINE,FALSE,Sienna Corporation,18297,0,0.0116,212.2452,0,1,Unrestricted,18297
08-04-2026,CM: Qualitel WA,814L-10-001004,10-001004,RES SMD 10K OHM 1% 1/3W 0603 AEC-Q,Electrical Components,OTS,"Seattle, WA",Stock,FALSE,Qualitel,62805,0,0.0038,238.659,0,0,Unrestricted,62805
08-04-2026,Lunar Netsuite,10-001004,10-001004,RES SMD 10K OHM 1% 1/3W 0603 AEC-Q,Electrical Components,OTS,Sienna Corporation - GA,NS,FALSE,Lunar Energy,45000,0,0,0,0,0,Unrestricted,0
08-04-2026,Lunar Netsuite,10-001004,10-001004,RES SMD 10K OHM 1% 1/3W 0603 AEC-Q,Electrical Components,OTS,Avnet,NS,FALSE,Lunar Energy,1940000,0,0,0,0,0,Unrestricted,1707939
08-04-2026,CM: Sienna GA,10-001004 REV-01,10-001004,RES SMD 10K OHM 1% 1/3W 0603 AEC-Q,Electrical Components,OTS,ATLN,LINE,FALSE,Sienna Corporation,117136,0,0.0116,1358.7776,0,1,Unrestricted,117136
08-04-2026,CM: Sienna GA,10-001004 REV-01,10-001004,RES SMD 10K OHM 1% 1/3W 0603 AEC-Q,Electrical Components,OTS,ATLN,RIQC,FALSE,Sienna Corporation,260000,0,0.0116,3016,0,1,Unrestricted,260000
08-04-2026,CM: Sienna GA,C10-001004 REV-01,10-001004,RES SMD 10K OHM 1% 1/3W 0603 AEC-Q,Electrical Components,OTS,ATLN,WS23,TRUE,Lunar Energy,45000,0,0,0,0,1,Unrestricted,45000
08-04-2026,Lunar Netsuite,10-001004,10-001004,RES SMD 10K OHM 1% 1/3W 0603 AEC-Q,Electrical Components,OTS,JIT - Reno,NS,FALSE,Lunar Energy,25000,0,0,0,0,0,Unrestricted,25000
08-04-2026,CM: Sienna GA,10-001004 REV-01,10-001004,RES SMD 10K OHM 1% 1/3W 0603 AEC-Q,Electrical Components,OTS,ATLN,MAIN,FALSE,Sienna Corporation,684994,0,0.0116,7945.9304,0,1,Unrestricted,684994
08-04-2026,CM: Sienna GA,10-001006 REV-01,10-001006,RES SMD 100 OHM 1% 1/3W 0603 AEC-Q,Electrical Components,OTS,ATLN,MAIN,FALSE,Sienna Corporation,30000,0,0.031,930,0,1,Unrestricted,30000
08-04-2026,CM: Sienna GA,10-001006 REV-01,10-001006,RES SMD 100 OHM 1% 1/3W 0603 AEC-Q,Electrical Components,OTS,ATLN,LINE,FALSE,Sienna Corporation,5640,0,0.031,174.84,0,1,Unrestricted,5640
08-04-2026,CM: Qualitel WA,814L-10-001006,10-001006,RES SMD 100 OHM 1% 1/3W 0603 AEC-Q,Electrical Components,OTS,"Seattle, WA",Stock,FALSE,Qualitel,60018,0,0.0113,678.2034,0,0,Unrestricted,60018
08-04-2026,CM: Sienna GA,10-001007 REV-01,10-001007,RES 10 OHM 1% 1/16W 0402,Electrical Components,OTS,ATLN,MAIN,FALSE,Sienna Corporation,10000,0,0.0018,18,0,1,Unrestricted,10000
08-04-2026,CM: Sienna GA,10-001007 REV-01,10-001007,RES 10 OHM 1% 1/16W 0402,Electrical Components,OTS,ATLN,LINE,FALSE,Sienna Corporation,13951,0,0.0018,25.1118,0,1,Unrestricted,13951
08-04-2026,CM: Qualitel WA,814L-10-001007,10-001007,RES 10 OHM 1% 1/16W 0402,Electrical Components,OTS,"Seattle, WA",Stock,FALSE,Qualitel,8749,0,0.0005,4.3745,0,0,Unrestricted,8749
08-04-2026,CM: Celestica MX,10-0010093MS,10-001009,RES SMD 10M OHM 1% 1/10W 0603 AEC-Q,Electrical Components,OTS,Monterrey Prod,1000,FALSE,Celestica,-14,0,0.0018,-0.0252,0,0,Unrestricted,-14
08-04-2026,CM: Sienna GA,C10-001009 REV-1,10-001009,RES SMD 10M OHM 1% 1/10W 0603 AEC-Q,Electrical Components,OTS,ATLN,WS13,TRUE,Lunar Energy,10000,0,0,0,0,1,Unrestricted,10000
08-04-2026,Lunar Netsuite,10-001009,10-001009,RES SMD 10M OHM 1% 1/10W 0603 AEC-Q,Electrical Components,OTS,JIT - Reno,NS,FALSE,Lunar Energy,15000,0,0,0,0,0,Unrestricted,15000
08-04-2026,CM: Qualitel WA,814L-10-001009,10-001009,RES SMD 10M OHM 1% 1/10W 0603 AEC-Q,Electrical Components,OTS,"Seattle, WA",Stock,FALSE,Qualitel,62874,0,0.0012,75.4488,0,0,Unrestricted,62874
08-04-2026,Lunar Netsuite,10-001009,10-001009,RES SMD 10M OHM 1% 1/10W 0603 AEC-Q,Electrical Components,OTS,Sienna Corporation - GA,NS,FALSE,Lunar Energy,10000,0,0,0,0,0,Unrestricted,0
08-04-2026,CM: Sienna GA,10-001019 REV-01,10-001019,RES SMD 10K OHM 1% 1/2W 0805 AEC-Q,Electrical Components,OTS,ATLN,LINE,FALSE,Sienna Corporation,20651,0,0.018,371.718,0,1,Unrestricted,20651
08-04-2026,CM: Sienna GA,10-001019 REV-01,10-001019,RES SMD 10K OHM 1% 1/2W 0805 AEC-Q,Electrical Components,OTS,ATLN,MAIN,FALSE,Sienna Corporation,10000,0,0.018,180,0,1,Unrestricted,10000
08-04-2026,CM: Qualitel WA,814L-10-001019,10-001019,RES SMD 10K OHM 1% 1/2W 0805 AEC-Q,Electrical Components,OTS,"Seattle, WA",Stock,FALSE,Qualitel,20013,0,0.0168,336.2184,0,0,Unrestricted,20013
08-04-2026,CM: Sienna GA,10-001029 REV-01,10-001029,RES 6.2K OHM 1% 1/10W 0603,Electrical Components,OTS,ATLN,LINE,FALSE,Sienna Corporation,32029,0,0.002,64.058,0,1,Unrestricted,32029
08-04-2026,CM: Sienna GA,10-001029 REV-01,10-001029,RES 6.2K OHM 1% 1/10W 0603,Electrical Components,OTS,ATLN,MAIN,FALSE,Sienna Corporation,80000,0,0.002,160,0,1,Unrestricted,80000
08-04-2026,Lunar Netsuite,10-001046,10-001046,CAP ALUM 150UF 20% 35V RADIAL,Electrical Components,OTS,JIT - Reno,NS,FALSE,Lunar Energy,20000,0,0.123,2460,0,0,Unrestricted,20000
08-04-2026,Lunar Netsuite,10-001046,10-001046,CAP ALUM 150UF 20% 35V RADIAL,Electrical Components,OTS,NexGen Digital Inc,NS,FALSE,Lunar Energy,60000,0,0.123,7380,0,0,Unrestricted,60000
08-04-2026,CM: Sienna GA,10-001048 REV-01,10-001048,RES 3.6K OHM 1% 1/16W 0402 AEC-Q,Electrical Components,OTS,ATLN,LINE,FALSE,Sienna Corporation,3940,0,0.0016,6.304,0,1,Unrestricted,3940
08-04-2026,CM: Qualitel WA,814L-10-001048,10-001048,RES 3.6K OHM 1% 1/16W 0402 AEC-Q,Electrical Components,OTS,"Seattle, WA",Stock,FALSE,Qualitel,18752,0,0.001,18.752,0,0,Unrestricted,18752
08-04-2026,CM: Sienna GA,10-001048 REV-01,10-001048,RES 3.6K OHM 1% 1/16W 0402 AEC-Q,Electrical Components,OTS,ATLN,MAIN,FALSE,Sienna Corporation,10000,0,0.0016,16,0,1,Unrestricted,10000
08-04-2026,Lunar Netsuite,10-001051,10-001051,IC REG LINEAR 3.3V 1A SOT223,Electrical Components,OTS,JIT - Reno,NS,FALSE,Lunar Energy,4000,0,0.0595,238,0,0,Unrestricted,4000
08-04-2026,CM: Qualitel WA,814L-10-001051,10-001051,IC REG LINEAR 3.3V 1A SOT223,Electrical Components,OTS,"Seattle, WA",Stock,FALSE,Qualitel,7539,0,0.0635,478.7265,0,0,Unrestricted,7539
08-04-2026,CM: Sienna GA,10-001051 REV-1,10-001051,IC REG LINEAR 3.3V 1A SOT223,Electrical Components,OTS,ATLN,MAIN,FALSE,Sienna Corporation,4000,0,0.0607,242.8,0,1,Unrestricted,4000
08-04-2026,CM: Sienna GA,10-001051 REV-1,10-001051,IC REG LINEAR 3.3V 1A SOT223,Electrical Components,OTS,ATLN,LINE,FALSE,Sienna Corporation,5135,0,0.0607,311.6945,0,1,Unrestricted,5135
08-04-2026,CM: Qualitel WA,814L-10-001055,10-001055,RES 15K OHM 1% 1/16W 0402 AEC-Q,Electrical Components,OTS,"Seattle, WA",Stock,FALSE,Qualitel,17489,0,0.0014,24.4846,0,0,Unrestricted,17489
08-04-2026,CM: Sienna GA,10-001055 REV-1,10-001055,RES 15K OHM 1% 1/16W 0402 AEC-Q,Electrical Components,OTS,ATLN,LINE,FALSE,Sienna Corporation,20958,0,0.0014,29.3412,0,1,Unrestricted,20958
08-04-2026,Lunar Netsuite,10-001056,10-001056,CAP ALUM 470UF 20% 25V RADIAL,Electrical Components,OTS,CCL (Computer Components Ltd),NS,FALSE,Lunar Energy,15000,0,0.1658,2487,0,0,Unrestricted,15000
08-04-2026,CM: Sienna GA,C10-001056 REV-1,10-001056,CAP ALUM 470UF 20% 25V RADIAL,Electrical Components,OTS,ATLN,WU36,TRUE,Lunar Energy,5000,0,0,0,0,1,Unrestricted,5000
08-04-2026,Lunar Netsuite,10-001056,10-001056,CAP ALUM 470UF 20% 25V RADIAL,Electrical Components,OTS,Sienna Corporation - GA,NS,FALSE,Lunar Energy,5000,0,0.1661,830.5,0,0,Unrestricted,0
08-04-2026,CM: Qualitel WA,814L-10-001057,10-001057,RES SMD 3.9 OHM 1% 1/3W 0805 AEC-Q,Electrical Components,OTS,"Seattle, WA",Stock,FALSE,Qualitel,64305,0,0.0035,225.0675,0,0,Unrestricted,64305
08-04-2026,CM: Celestica MX,10-0010573MS,10-001057,RES SMD 3.9 OHM 1% 1/3W 0805 AEC-Q,Electrical Components,OTS,Monterrey Prod,1000,FALSE,Celestica,-2,0,0.0368,-0.0736,0,0,Unrestricted,-2
08-04-2026,Lunar Netsuite,10-001057,10-001057,RES SMD 3.9 OHM 1% 1/3W 0805 AEC-Q,Electrical Components,OTS,JIT - Reno,NS,FALSE,Lunar Energy,35244,0,0.04,1409.76,0,0,Unrestricted,35244
08-04-2026,CM: Sienna GA,10-001061 REV-01,10-001061,CAP CER 0.47UF 25V X7R 0603 AEC-Q,Electrical Components,OTS,ATLN,LINE,FALSE,Sienna Corporation,23145,0,0.0116,268.482,0,1,Unrestricted,23145
08-04-2026,CM: Qualitel WA,814L-10-001061,10-001061,CAP CER 0.47UF 25V X7R 0603 AEC-Q,Electrical Components,OTS,"Seattle, WA",Stock,FALSE,Qualitel,165861,0,0.0114,1890.8154,0,0,Unrestricted,165861
08-04-2026,CM: Celestica MX,10-0010613MS,10-001061,CAP CER 0.47UF 25V X7R 0603 AEC-Q,Electrical Components,OTS,Monterrey Prod,1000,FALSE,Celestica,-2,0,0.0096,-0.0192,0,0,Unrestricted,-2
08-04-2026,Lunar Netsuite,10-001067,10-001067,CAP ALUM 330UF 20% 25V RADIAL,Electrical Components,OTS,CCL (Computer Components Ltd),NS,FALSE,Lunar Energy,77000,0,0.058,4466,0,0,Unrestricted,77000
08-04-2026,CM: Sienna GA,10-001068 REV-01,10-001068,CAP CER 2.2UF 25V X7R 0805 AEC-Q,Electrical Components,OTS,ATLN,MAIN,FALSE,Sienna Corporation,30000,0,0.105,3150,0,1,Unrestricted,30000
08-04-2026,CM: Sienna GA,10-001068 REV-01,10-001068,CAP CER 2.2UF 25V X7R 0805 AEC-Q,Electrical Components,OTS,ATLN,LINE,FALSE,Sienna Corporation,1601,0,0.105,168.105,0,1,Unrestricted,1601
08-04-2026,CM: Qualitel WA,814L-10-001068,10-001068,CAP CER 2.2UF 25V X7R 0805 AEC-Q,Electrical Components,OTS,"Seattle, WA",Stock,FALSE,Qualitel,32766,0,0.0284,930.5544,0,0,Unrestricted,32766
08-04-2026,CM: Qualitel WA,814L-10-001069,10-001069,RES 82K OHM 1% 1/16W 0402 AEC-Q,Electrical Components,OTS,"Seattle, WA",Stock,FALSE,Qualitel,24291,0,0.001,24.291,0,0,Unrestricted,24291
08-04-2026,CM: Sienna GA,10-001069 REV-1,10-001069,RES 82K OHM 1% 1/16W 0402 AEC-Q,Electrical Components,OTS,ATLN,MAIN,FALSE,Sienna Corporation,10000,0,0.0015,15,0,1,Unrestricted,10000
08-04-2026,CM: Sienna GA,10-001069 REV-1,10-001069,RES 82K OHM 1% 1/16W 0402 AEC-Q,Electrical Components,OTS,ATLN,LINE,FALSE,Sienna Corporation,3458,0,0.0015,5.187,0,1,Unrestricted,3458
08-04-2026,Lunar Netsuite,10-001070,10-001070,CAP ALUM 10UF 20% 50V RADIAL,Electrical Components,OTS,CCL (Computer Components Ltd),NS,FALSE,Lunar Energy,27988,0,0.0337,943.1956,0,0,Unrestricted,27988
08-04-2026,Lunar Netsuite,10-001072,10-001072,DIODE GEN PURP 200V 3A SOD128 AEC-Q,Electrical Components,OTS,NexGen Digital Inc,NS,FALSE,Lunar Energy,84002,0,0.1,8400.2,0,0,Unrestricted,84002
08-04-2026,Lunar Netsuite,10-001072,10-001072,DIODE GEN PURP 200V 3A SOD128 AEC-Q,Electrical Components,OTS,JIT - Reno,NS,FALSE,Lunar Energy,176600,0,0.1012,17871.92,0,0,Unrestricted,176600
08-04-2026,Lunar Netsuite,10-001072,10-001072,DIODE GEN PURP 200V 3A SOD128 AEC-Q,Electrical Components,OTS,Sienna Corporation - GA,NS,FALSE,Lunar Energy,6000,0,0.1,600,0,0,Unrestricted,0
08-04-2026,CM: Celestica MX,10-0010723MS,10-001072,DIODE GEN PURP 200V 3A SOD128 AEC-Q,Electrical Components,OTS,Monterrey Prod,1000,FALSE,Celestica,44,0,0.123,5.412,0,0,Unrestricted,44
08-04-2026,CM: Qualitel WA,814L-10-001072,10-001072,DIODE GEN PURP 200V 3A SOD128 AEC-Q,Electrical Components,OTS,"Seattle, WA",PO Inspection,FALSE,Qualitel,0,200,0.0915,0,18.3,0,Restricted,0
08-04-2026,CM: Sienna GA,C10-001072 REV-1,10-001072,DIODE GEN PURP 200V 3A SOD128 AEC-Q,Electrical Components,OTS,ATLN,WR21,TRUE,Lunar Energy,6000,0,0,0,0,1,Unrestricted,6000
08-04-2026,CM: Qualitel WA,814L-10-001072,10-001072,DIODE GEN PURP 200V 3A SOD128 AEC-Q,Electrical Components,OTS,"Seattle, WA",MRB,FALSE,Qualitel,0,200,0.0915,0,18.3,0,Restricted,0
08-04-2026,CM: Qualitel WA,814L-10-001072,10-001072,DIODE GEN PURP 200V 3A SOD128 AEC-Q,Electrical Components,OTS,"Seattle, WA",Stock,FALSE,Qualitel,50461,0,0.0915,4617.1815,0,0,Unrestricted,50461
08-04-2026,Lunar Netsuite,10-001073,10-001073,DIODE GEN PURP 200V 1A SMA,Electrical Components,OTS,CCL (Computer Components Ltd),NS,FALSE,Lunar Energy,4999,0,0.0558,278.9442,0,0,Unrestricted,4999
08-04-2026,CM: Qualitel WA,814L-10-001075,10-001075,DIODE SCHOTTKY 100V 3A DO214AB AEC-Q,Electrical Components,OTS,"Seattle, WA",MRB,FALSE,Qualitel,0,150,0.126,0,18.9,0,Restricted,0
08-04-2026,CM: Qualitel WA,814L-10-001075,10-001075,DIODE SCHOTTKY 100V 3A DO214AB AEC-Q,Electrical Components,OTS,"Seattle, WA",PO Inspection,FALSE,Qualitel,0,150,0.126,0,18.9,0,Restricted,0
08-04-2026,Lunar Netsuite,10-001075,10-001075,DIODE SCHOTTKY 100V 3A DO214AB AEC-Q,Electrical Components,OTS,JIT - Reno,NS,FALSE,Lunar Energy,70000,0,0.1298,9086,0,0,Unrestricted,70000
08-04-2026,CM: Qualitel WA,814L-10-001075,10-001075,DIODE SCHOTTKY 100V 3A DO214AB AEC-Q,Electrical Components,OTS,"Seattle, WA",Stock,FALSE,Qualitel,34890,0,0.126,4396.14,0,0,Unrestricted,34890
08-04-2026,CM: Celestica MX,10-0010753MS,10-001075,DIODE SCHOTTKY 100V 3A DO214AB AEC-Q,Electrical Components,OTS,Monterrey Prod,1000,FALSE,Celestica,113,0,0.1168,13.1984,0,0,Unrestricted,113
08-04-2026,Lunar Netsuite,10-001075,10-001075,DIODE SCHOTTKY 100V 3A DO214AB AEC-Q,Electrical Components,OTS,Avnet,NS,FALSE,Lunar Energy,3500,0,0.1298,454.3,0,0,Unrestricted,3500
08-04-2026,Lunar Netsuite,10-001089,10-001089,FIXED IND 2.2UH 9.3A 15MOHM SMD,Electrical Components,OTS,CCL (Computer Components Ltd),NS,FALSE,Lunar Energy,16500,0,0.29,4785,0,0,Unrestricted,16500
08-04-2026,Lunar Netsuite,10-001096,10-001096,IC MULTIPLEXER 4 X 2:1 16SSOP,Electrical Components,OTS,CCL (Computer Components Ltd),NS,FALSE,Lunar Energy,16018,0,0.1374,2200.8732,0,0,Unrestricted,16018
08-04-2026,Lunar Netsuite,10-001097,10-001097,RES SMD 100K OHM 5% 1/3W 0603 AEC-Q,Electrical Components,OTS,Avnet,NS,FALSE,Lunar Energy,835000,0,0.0096,8016,0,0,Unrestricted,645000
08-04-2026,Lunar Netsuite,10-001097,10-001097,RES SMD 100K OHM 5% 1/3W 0603 AEC-Q,Electrical Components,OTS,NexGen Digital Inc,NS,FALSE,Lunar Energy,1050000,0,0.0096,10080,0,0,Unrestricted,1050000
08-04-2026,CM: Sienna GA,10-001097 REV-01,10-001097,RES SMD 100K OHM 5% 1/3W 0603 AEC-Q,Electrical Components,OTS,ATLN,RIQC,FALSE,Sienna Corporation,135000,0,0.0096,1296,0,1,Unrestricted,135000
08-04-2026,CM: Sienna GA,10-001097 REV-01,10-001097,RES SMD 100K OHM 5% 1/3W 0603 AEC-Q,Electrical Components,OTS,ATLN,MAIN,FALSE,Sienna Corporation,170000,0,0.0096,1632,0,1,Unrestricted,170000
08-04-2026,CM: Qualitel WA,814L-10-001097,10-001097,RES SMD 100K OHM 5% 1/3W 0603 AEC-Q,Electrical Components,OTS,"Seattle, WA",Stock,FALSE,Qualitel,17312,0,0.0025,43.28,0,0,Unrestricted,17312
08-04-2026,CM: Sienna GA,10-001097 REV-01,10-001097,RES SMD 100K OHM 5% 1/3W 0603 AEC-Q,Electrical Components,OTS,ATLN,LINE,FALSE,Sienna Corporation,41619,0,0.0096,399.5424,0,1,Unrestricted,41619
08-04-2026,CM: Qualitel WA,814L-10-001105,10-001105,RES SMD 30K OHM 1% 1/10W 0402 AEC-Q,Electrical Components,OTS,"Seattle, WA",Stock,FALSE,Qualitel,16212,0,0.0019,30.8028,0,0,Unrestricted,16212
08-04-2026,CM: Sienna GA,10-001105 REV-01,10-001105,RES SMD 30K OHM 1% 1/10W 0402 AEC-Q,Electrical Components,OTS,ATLN,LINE,FALSE,Sienna Corporation,20599,0,0.003,61.797,0,1,Unrestricted,20599
08-04-2026,Lunar Netsuite,10-001106,10-001106,RES SMD 680 OHM 0.1% 1/16W 0402,Electrical Components,OTS,CCL (Computer Components Ltd),NS,FALSE,Lunar Energy,10000,0,0.0495,495,0,0,Unrestricted,10000
08-04-2026,CM: Sienna GA,10-001127 REV-01,10-001127,RES 330 OHM 1% 1/16W 0402 AEC-Q,Electrical Components,OTS,ATLN,LINE,FALSE,Sienna Corporation,30703,0,0.0015,46.0545,0,1,Unrestricted,30703
08-04-2026,CM: Sienna GA,10-001127 REV-01,10-001127,RES 330 OHM 1% 1/16W 0402 AEC-Q,Electrical Components,OTS,ATLN,MAIN,FALSE,Sienna Corporation,20000,0,0.0015,30,0,1,Unrestricted,20000
08-04-2026,CM: Qualitel WA,814L-10-001127,10-001127,RES 330 OHM 1% 1/16W 0402 AEC-Q,Electrical Components,OTS,"Seattle, WA",Stock,FALSE,Qualitel,29969,0,0.0015,44.9535,0,0,Unrestricted,29969
08-04-2026,Lunar Netsuite,10-001129,10-001129,RES SMD 1K OHM 1% 1/10W 0603,Electrical Components,OTS,JIT - Reno,NS,FALSE,Lunar Energy,20000,0,0.002,40,0,0,Unrestricted,20000
08-04-2026,CM: Sienna GA,10-001129 REV-01,10-001129,RES SMD 1K OHM 1% 1/10W 0603,Electrical Components,OTS,ATLN,LINE,FALSE,Sienna Corporation,3451,0,0.0123,42.4473,0,1,Unrestricted,3451
08-04-2026,Lunar Netsuite,10-001129,10-001129,RES SMD 1K OHM 1% 1/10W 0603,Electrical Components,OTS,NexGen Digital Inc,NS,FALSE,Lunar Energy,1909,0,0.002,3.818,0,0,Unrestricted,1909
08-04-2026,CM: Sienna GA,C10-001130 REV-1,10-001130,CONN HEADER SMD 2POS 2.5MM,Electrical Components,OTS,ATLN,WT41,TRUE,Lunar Energy,300,0,0,0,0,1,Unrestricted,300
08-04-2026,Lunar Netsuite,10-001130,10-001130,CONN HEADER SMD 2POS 2.5MM,Electrical Components,OTS,Sienna Corporation - GA,NS,FALSE,Lunar Energy,900,0,0.85,765,0,0,Unrestricted,0
08-04-2026,CM: Sienna GA,10-001130 REV-1,10-001130,CONN HEADER SMD 2POS 2.5MM,Electrical Components,OTS,ATLN,MAIN,FALSE,Sienna Corporation,9600,0,0.88,8448,0,1,Unrestricted,9600
08-04-2026,CM: Sienna GA,10-001130 REV-1,10-001130,CONN HEADER SMD 2POS 2.5MM,Electrical Components,OTS,ATLN,LINE,FALSE,Sienna Corporation,2158,0,0.88,1899.04,0,1,Unrestricted,2158
08-04-2026,Lunar Netsuite,10-001130,10-001130,CONN HEADER SMD 2POS 2.5MM,Electrical Components,OTS,JIT - Reno,NS,FALSE,Lunar Energy,14400,0,0.8678,12496.32,0,0,Unrestricted,14400
08-04-2026,CM: Sienna GA,C10-001130 REV-1,10-001130,CONN HEADER SMD 2POS 2.5MM,Electrical Components,OTS,ATLN,WT52,TRUE,Lunar Energy,600,0,0,0,0,1,Unrestricted,600
08-04-2026,CM: Qualitel WA,814L-10-001130,10-001130,CONN HEADER SMD 2POS 2.5MM,Electrical Components,OTS,"Seattle, WA",Stock,FALSE,Qualitel,10644,0,0.743,7908.492,0,0,Unrestricted,10644
08-04-2026,CM: Celestica MX,10-0011333MS,10-001133,RES SMD 5.1K OHM 1% 1/10W 0603 AEC-Q,Electrical Components,OTS,Monterrey Prod,1000,FALSE,Celestica,-12,0,0.0011,-0.0132,0,0,Unrestricted,-12
08-04-2026,CM: Sienna GA,10-001133 REV-01,10-001133,RES SMD 5.1K OHM 1% 1/10W 0603 AEC-Q,Electrical Components,OTS,ATLN,LINE,FALSE,Sienna Corporation,20622,0,0.002,41.244,0,1,Unrestricted,20622
08-04-2026,CM: Sienna GA,10-001133 REV-01,10-001133,RES SMD 5.1K OHM 1% 1/10W 0603 AEC-Q,Electrical Components,OTS,ATLN,MAIN,FALSE,Sienna Corporation,25000,0,0.002,50,0,1,Unrestricted,25000
08-04-2026,CM: Qualitel WA,814L-10-001133,10-001133,RES SMD 5.1K OHM 1% 1/10W 0603 AEC-Q,Electrical Components,OTS,"Seattle, WA",Stock,FALSE,Qualitel,216972,0,0.0014,303.7608,0,0,Unrestricted,216972
08-04-2026,Lunar Netsuite,10-001134,10-001134,RES SMD 169K OHM 1% 1/10W 0603 AEC-Q,Electrical Components,OTS,CCL (Computer Components Ltd),NS,FALSE,Lunar Energy,305000,0,0.0033,1006.5,0,0,Unrestricted,305000
08-04-2026,Lunar Netsuite,10-001135,10-001135,RES 100 mOHM 1% 1/5W 0603,Electrical Components,OTS,CCL (Computer Components Ltd),NS,FALSE,Lunar Energy,10000,0,0.0907,907,0,0,Unrestricted,10000
08-04-2026,Lunar Netsuite,10-001135,10-001135,RES 100 mOHM 1% 1/5W 0603,Electrical Components,OTS,JIT - Reno,NS,FALSE,Lunar Energy,5000,0,0.0907,453.5,0,0,Unrestricted,5000
08-04-2026,CM: Qualitel WA,814L-10-001136,10-001136,RES SMD 68K OHM 1% 1/10W 0603 AEC-Q,Electrical Components,OTS,"Seattle, WA",Stock,FALSE,Qualitel,18584,0,0.0014,26.0176,0,0,Unrestricted,18584
08-04-2026,CM: Sienna GA,10-001136 REV-01,10-001136,RES SMD 68K OHM 1% 1/10W 0603 AEC-Q,Electrical Components,OTS,ATLN,LINE,FALSE,Sienna Corporation,9575,0,0.0037,35.4275,0,1,Unrestricted,9575
08-04-2026,Lunar Netsuite,10-001136,10-001136,RES SMD 68K OHM 1% 1/10W 0603 AEC-Q,Electrical Components,OTS,JIT - Reno,NS,FALSE,Lunar Energy,5000,0,0.0037,18.5,0,0,Unrestricted,0
08-04-2026,CM: Sienna GA,10-001137 REV-01,10-001137,RES 0 OHM JUMPER 0603 SMD AEC-Q,Electrical Components,OTS,ATLN,MAIN,FALSE,Sienna Corporation,35000,0,0.0102,357,0,1,Unrestricted,35000
08-04-2026,CM: Qualitel WA,814L-10-001137,10-001137,RES 0 OHM JUMPER 0603 SMD AEC-Q,Electrical Components,OTS,"Seattle, WA",Stock,FALSE,Qualitel,199582,0,0.0067,1337.1994,0,0,Unrestricted,199582
08-04-2026,CM: Celestica MX,10-0011373MS,10-001137,RES 0 OHM JUMPER 0603 SMD AEC-Q,Electrical Components,OTS,Monterrey Prod,1000,FALSE,Celestica,-18,0,0.0076,-0.1368,0,0,Unrestricted,-18
08-04-2026,CM: Sienna GA,10-001137 REV-01,10-001137,RES 0 OHM JUMPER 0603 SMD AEC-Q,Electrical Components,OTS,ATLN,LINE,FALSE,Sienna Corporation,57852,0,0.0102,590.0904,0,1,Unrestricted,57852
08-04-2026,CM: Celestica MX,10-0011383MS,10-001138,RES 1K OHM 1% 1/4W 0603 AEC-Q,Electrical Components,OTS,Monterrey Prod,1000,FALSE,Celestica,-2,0,0.0195,-0.039,0,0,Unrestricted,-2
08-04-2026,CM: Sienna GA,10-001142 REV-01,10-001142,RES 1 OHM 1% 1/10W 0603 AEC-Q,Electrical Components,OTS,ATLN,LINE,FALSE,Sienna Corporation,20,0,0.073,1.46,0,1,Unrestricted,20
08-04-2026,CM: Sienna GA,10-001144 REV-01,10-001144,RES SMD 20K OHM 1% 1/10W 0603 AEC-Q,Electrical Components,OTS,ATLN,LINE,FALSE,Sienna Corporation,9277,0,0.01,92.77,0,1,Unrestricted,9277
08-04-2026,CM: Qualitel WA,814L-10-001144,10-001144,RES SMD 20K OHM 1% 1/10W 0603 AEC-Q,Electrical Components,OTS,"Seattle, WA",Stock,FALSE,Qualitel,24459,0,0.0014,34.2426,0,0,Unrestricted,24459
08-04-2026,CM: Sienna GA,10-001146 REV-01,10-001146,RES SMD 6.81K OHM 1% 1/8W 0603 AEC-Q,Electrical Components,OTS,ATLN,RIQC,FALSE,Sienna Corporation,10000,0,0.0019,19,0,1,Unrestricted,10000
08-04-2026,CM: Sienna GA,10-001146 REV-01,10-001146,RES SMD 6.81K OHM 1% 1/8W 0603 AEC-Q,Electrical Components,OTS,ATLN,MAIN,FALSE,Sienna Corporation,90000,0,0.0019,171,0,1,Unrestricted,90000
08-04-2026,CM: Sienna GA,10-001146 REV-01,10-001146,RES SMD 6.81K OHM 1% 1/8W 0603 AEC-Q,Electrical Components,OTS,ATLN,LINE,FALSE,Sienna Corporation,17115,0,0.0019,32.5185,0,1,Unrestricted,17115
08-04-2026,CM: Sienna GA,10-001150 REV-01,10-001150,RES SMD 4.99 OHM 1% 1/10W 0603 AEC-Q,Electrical Components,OTS,ATLN,LINE,FALSE,Sienna Corporation,5749,0,0.005,28.745,0,1,Unrestricted,5749
08-04-2026,Lunar Netsuite,10-001150,10-001150,RES SMD 4.99 OHM 1% 1/10W 0603 AEC-Q,Electrical Components,OTS,JIT - Reno,NS,FALSE,Lunar Energy,5000,0,0.0048,24,0,0,Unrestricted,0
08-04-2026,CM: Qualitel WA,814L-10-001150,10-001150,RES SMD 4.99 OHM 1% 1/10W 0603 AEC-Q,Electrical Components,OTS,"Seattle, WA",Stock,FALSE,Qualitel,6264,0,0.0036,22.5504,0,0,Unrestricted,6264
08-04-2026,CM: Qualitel WA,814L-10-001152,10-001152,RES SMD 10K OHM 1% 1/10W 0603 AEC-Q,Electrical Components,OTS,"Seattle, WA",Stock,FALSE,Qualitel,334142,0,0.0011,367.5562,0,0,Unrestricted,334142
08-04-2026,CM: Celestica MX,10-0011523MS,10-001152,RES SMD 10K OHM 1% 1/10W 0603 AEC-Q,Electrical Components,OTS,Monterrey Prod,1000,FALSE,Celestica,-72,0,0.0019,-0.1368,0,0,Unrestricted,-72
08-04-2026,CM: Sienna GA,10-001152 REV-01,10-001152,RES SMD 10K OHM 1% 1/10W 0603 AEC-Q,Electrical Components,OTS,ATLN,MAIN,FALSE,Sienna Corporation,100000,0,0.0019,190,0,1,Unrestricted,100000
08-04-2026,CM: Sienna GA,10-001152 REV-01,10-001152,RES SMD 10K OHM 1% 1/10W 0603 AEC-Q,Electrical Components,OTS,ATLN,LINE,FALSE,Sienna Corporation,4455,0,0.0019,8.4645,0,1,Unrestricted,4455
08-04-2026,CM: Sienna GA,10-001152 REV-01,10-001152,RES SMD 10K OHM 1% 1/10W 0603 AEC-Q,Electrical Components,OTS,ATLN,RIQC,FALSE,Sienna Corporation,15000,0,0.0019,28.5,0,1,Unrestricted,15000
08-04-2026,CM: Sienna GA,C10-001153 REV-2,10-001153,RES SMD 10 OHM 1% 1/3W 0603 AEC-Q,Electrical Components,OTS,ATLN,WS61,TRUE,Lunar Energy,80000,0,0,0,0,2,Unrestricted,80000
08-04-2026,CM: Sienna GA,C10-001153 REV-2,10-001153,RES SMD 10 OHM 1% 1/3W 0603 AEC-Q,Electrical Components,OTS,ATLN,WR22,TRUE,Lunar Energy,35000,0,0,0,0,2,Unrestricted,35000
08-04-2026,CM: Qualitel WA,814L-10-001153,10-001153,RES SMD 10 OHM 1% 1/3W 0603 AEC-Q,Electrical Components,OTS,"Seattle, WA",Stock,FALSE,Qualitel,6259,0,0.0055,34.4245,0,0,Unrestricted,6259
08-04-2026,CM: Sienna GA,C10-001153 REV-2,10-001153,RES SMD 10 OHM 1% 1/3W 0603 AEC-Q,Electrical Components,OTS,ATLN,WRB2,TRUE,Lunar Energy,100000,0,0,0,0,2,Unrestricted,100000
08-04-2026,CM: Sienna GA,C10-001153 REV-2,10-001153,RES SMD 10 OHM 1% 1/3W 0603 AEC-Q,Electrical Components,OTS,ATLN,WS23,TRUE,Lunar Energy,125000,0,0,0,0,2,Unrestricted,125000
08-04-2026,CM: Sienna GA,C10-001153 REV-2,10-001153,RES SMD 10 OHM 1% 1/3W 0603 AEC-Q,Electrical Components,OTS,ATLN,WT63,TRUE,Lunar Energy,20000,0,0,0,0,2,Unrestricted,20000
08-04-2026,Lunar Netsuite,10-001153,10-001153,RES SMD 10 OHM 1% 1/3W 0603 AEC-Q,Electrical Components,OTS,Sienna Corporation - GA,NS,FALSE,Lunar Energy,360000,0,0.0141,5076,0,0,Unrestricted,360000
08-04-2026,CM: Sienna GA,10-001153 REV-02,10-001153,RES SMD 10 OHM 1% 1/3W 0603 AEC-Q,Electrical Components,OTS,ATLN,MAIN,FALSE,Sienna Corporation,25000,0,0.012,300,0,2,Unrestricted,25000
08-04-2026,CM: Sienna GA,10-001153 REV-02,10-001153,RES SMD 10 OHM 1% 1/3W 0603 AEC-Q,Electrical Components,OTS,ATLN,LINE,FALSE,Sienna Corporation,30028,0,0.012,360.336,0,2,Unrestricted,30028
08-04-2026,Lunar Netsuite,10-001154,10-001154,RES SMD 11K OHM 1% 1/10W 0603 AEC-Q,Electrical Components,OTS,JIT - Reno,NS,FALSE,Lunar Energy,35000,0,0.0033,115.5,0,0,Unrestricted,30000
08-04-2026,CM: Sienna GA,10-001154 REV-01,10-001154,RES SMD 11K OHM 1% 1/10W 0603 AEC-Q,Electrical Components,OTS,ATLN,MAIN,FALSE,Sienna Corporation,5000,0,0.0018,9,0,1,Unrestricted,5000
08-04-2026,Lunar Netsuite,10-001154,10-001154,RES SMD 11K OHM 1% 1/10W 0603 AEC-Q,Electrical Components,OTS,NexGen Digital Inc,NS,FALSE,Lunar Energy,85000,0,0.0033,280.5,0,0,Unrestricted,85000
08-04-2026,CM: Sienna GA,10-001154 REV-01,10-001154,RES SMD 11K OHM 1% 1/10W 0603 AEC-Q,Electrical Components,OTS,ATLN,LINE,FALSE,Sienna Corporation,2683,0,0.0018,4.8294,0,1,Unrestricted,2683
08-04-2026,Lunar Netsuite,10-001156,10-001156,RES SMD 25.5K OHM 1% 1/10W 0603 AEC-Q,Electrical Components,OTS,JIT - Reno,NS,FALSE,Lunar Energy,15000,0,0.0037,55.5,0,0,Unrestricted,15000
08-04-2026,Lunar Netsuite,10-001156,10-001156,RES SMD 25.5K OHM 1% 1/10W 0603 AEC-Q,Electrical Components,OTS,Sienna Corporation - GA,NS,FALSE,Lunar Energy,5000,0,0.0037,18.5,0,0,Unrestricted,0
08-04-2026,CM: Qualitel WA,814L-10-001156,10-001156,RES SMD 25.5K OHM 1% 1/10W 0603 AEC-Q,Electrical Components,OTS,"Seattle, WA",Stock,FALSE,Qualitel,9536,0,0.0021,20.0256,0,0,Unrestricted,9536
08-04-2026,CM: Sienna GA,10-001156 REV-01,10-001156,RES SMD 25.5K OHM 1% 1/10W 0603 AEC-Q,Electrical Components,OTS,ATLN,RIQC,FALSE,Sienna Corporation,5000,0,0.0037,18.5,0,1,Unrestricted,5000
08-04-2026,CM: Sienna GA,10-001156 REV-01,10-001156,RES SMD 25.5K OHM 1% 1/10W 0603 AEC-Q,Electrical Components,OTS,ATLN,LINE,FALSE,Sienna Corporation,6596,0,0.0037,24.4052,0,1,Unrestricted,6596
08-04-2026,CM: Sienna GA,C10-001156 REV-01,10-001156,RES SMD 25.5K OHM 1% 1/10W 0603 AEC-Q,Electrical Components,OTS,ATLN,WT63,TRUE,Lunar Energy,5000,0,0,0,0,1,Unrestricted,5000
08-04-2026,CM: Qualitel WA,814L-10-001158,10-001158,RES SMD 200 OHM 1% 1/10W 0603 AEC-Q,Electrical Components,OTS,"Seattle, WA",Stock,FALSE,Qualitel,306393,0,0.0012,367.6716,0,0,Unrestricted,306393
08-04-2026,CM: Celestica MX,10-0011583MS,10-001158,RES SMD 200 OHM 1% 1/10W 0603 AEC-Q,Electrical Components,OTS,Monterrey Prod,1000,FALSE,Celestica,281,0,0.0039,1.0959,0,0,Unrestricted,281
08-04-2026,Lunar Netsuite,10-001158,10-001158,RES SMD 200 OHM 1% 1/10W 0603 AEC-Q,Electrical Components,OTS,JIT - Reno,NS,FALSE,Lunar Energy,100000,0,0.0022,220,0,0,Unrestricted,40000
08-04-2026,CM: Sienna GA,10-001158 REV-1,10-001158,RES SMD 200 OHM 1% 1/10W 0603 AEC-Q,Electrical Components,OTS,ATLN,LINE,FALSE,Sienna Corporation,13106,0,0.0022,28.8332,0,1,Unrestricted,13106
08-04-2026,CM: Sienna GA,10-001159 REV-02,10-001159,RES SMD 10 OHM 1% 1/3W 0603 AEC-Q,Electrical Components,OTS,ATLN,LINE,FALSE,Sienna Corporation,11294,0,0.012,135.528,0,2,Unrestricted,11294
08-04-2026,CM: Celestica MX,10-0011593MS,10-001159,RES SMD 10 OHM 1% 1/3W 0603 AEC-Q,Electrical Components,OTS,Monterrey Prod,1000,FALSE,Celestica,292,0,0.0115,3.358,0,0,Unrestricted,292
08-04-2026,CM: Qualitel WA,814L-10-001159,10-001159,RES SMD 10 OHM 1% 1/3W 0603 AEC-Q,Electrical Components,OTS,"Seattle, WA",Stock,FALSE,Qualitel,138083,0,0.0106,1463.6798,0,0,Unrestricted,138083
08-04-2026,CM: Sienna GA,10-001159 REV-02,10-001159,RES SMD 10 OHM 1% 1/3W 0603 AEC-Q,Electrical Components,OTS,ATLN,MAIN,FALSE,Sienna Corporation,215000,0,0.012,2580,0,2,Unrestricted,215000
08-04-2026,Lunar Netsuite,10-001160,10-001160,RES SMD 470 OHM 1% 1/10W 0603 AEC-Q,Electrical Components,OTS,Sienna Corporation - GA,NS,FALSE,Lunar Energy,970000,0,0.0032,3104,0,0,Unrestricted,945000
08-04-2026,CM: Sienna GA,C10-001160 REV-2,10-001160,RES SMD 470 OHM 1% 1/10W 0603 AEC-Q,Electrical Components,OTS,ATLN,WR21,TRUE,Lunar Energy,175000,0,0,0,0,2,Unrestricted,175000
08-04-2026,CM: Qualitel WA,814L-10-001160,10-001160,RES SMD 470 OHM 1% 1/10W 0603 AEC-Q,Electrical Components,OTS,"Seattle, WA",Stock,FALSE,Qualitel,83321,0,0.0011,91.6531,0,0,Unrestricted,83321
08-04-2026,CM: Sienna GA,C10-001160 REV-2,10-001160,RES SMD 470 OHM 1% 1/10W 0603 AEC-Q,Electrical Components,OTS,ATLN,WT11,TRUE,Lunar Energy,350683,0,0,0,0,2,Unrestricted,350683
08-04-2026,CM: Sienna GA,C10-001160 REV-2,10-001160,RES SMD 470 OHM 1% 1/10W 0603 AEC-Q,Electrical Components,OTS,ATLN,WR53,TRUE,Lunar Energy,160000,0,0,0,0,2,Unrestricted,160000
08-04-2026,CM: Celestica MX,10-0011603MS,10-001160,RES SMD 470 OHM 1% 1/10W 0603 AEC-Q,Electrical Components,OTS,Monterrey Prod,1000,FALSE,Celestica,-46,0,0.0023,-0.1058,0,0,Unrestricted,-46
08-04-2026,CM: Sienna GA,C10-001160 REV-2,10-001160,RES SMD 470 OHM 1% 1/10W 0603 AEC-Q,Electrical Components,OTS,ATLN,WS61,TRUE,Lunar Energy,284317,0,0,0,0,2,Unrestricted,284317
08-04-2026,CM: Sienna GA,10-001160 REV-02,10-001160,RES SMD 470 OHM 1% 1/10W 0603 AEC-Q,Electrical Components,OTS,ATLN,MAIN,FALSE,Sienna Corporation,24240,0,0.0023,55.752,0,2,Unrestricted,24240
08-04-2026,Lunar Netsuite,10-001160,10-001160,RES SMD 470 OHM 1% 1/10W 0603 AEC-Q,Electrical Components,OTS,JIT - Reno,NS,FALSE,Lunar Energy,304317,0,0.0033,1004.2461,0,0,Unrestricted,304317
08-04-2026,CM: Celestica MX,10-0011613MS,10-001161,RES SMD 16K OHM 5% 1/4W 0603 AEC-Q,Electrical Components,OTS,Monterrey Prod,1000,FALSE,Celestica,-2,0,0.015,-0.03,0,0,Unrestricted,-2
08-04-2026,CM: Qualitel WA,814L-10-001161,10-001161,RES SMD 16K OHM 5% 1/4W 0603 AEC-Q,Electrical Components,OTS,"Seattle, WA",Stock,FALSE,Qualitel,28925,0,0.0088,254.54,0,0,Unrestricted,28925
08-04-2026,Lunar Netsuite,10-001163,10-001163,RES SMD 2 OHM 5% 1/4W 0603 AEC-Q,Electrical Components,OTS,JIT - Reno,NS,FALSE,Lunar Energy,170000,0,0.0259,4403,0,0,Unrestricted,170000
08-04-2026,Lunar Netsuite,10-001163,10-001163,RES SMD 2 OHM 5% 1/4W 0603 AEC-Q,Electrical Components,OTS,NexGen Digital Inc,NS,FALSE,Lunar Energy,185000,0,0.0259,4791.5,0,0,Unrestricted,185000
08-04-2026,CM: Qualitel WA,814L-10-001167,10-001167,RES 2K OHM 1% 1/10W 0603,Electrical Components,OTS,"Seattle, WA",Stock,FALSE,Qualitel,26932,0,0.0012,32.3184,0,0,Unrestricted,26932
08-04-2026,Lunar Netsuite,10-001172,10-001172,RES SMD 390 OHM 5% 1/4W 0603,Electrical Components,OTS,CCL (Computer Components Ltd),NS,FALSE,Lunar Energy,10000,0,0.0074,74,0,0,Unrestricted,10000
08-04-2026,CM: Qualitel WA,814L-10-001173,10-001173,RES SMD 150 OHM 0.1% 1/10W 0603,Electrical Components,OTS,"Seattle, WA",Stock,FALSE,Qualitel,4485,0,0.028,125.58,0,0,Unrestricted,4485
08-04-2026,CM: Sienna GA,10-001173 REV-1,10-001173,RES SMD 150 OHM 0.1% 1/10W 0603,Electrical Components,OTS,ATLN,LINE,FALSE,Sienna Corporation,8842,0,0.033,291.786,0,1,Unrestricted,8842
08-04-2026,CM: Sienna GA,10-001181 REV-01,10-001181,RES SMD 249K OHM 0.1% 1/4W 1206 AEC-Q,Electrical Components,OTS,ATLN,LINE,FALSE,Sienna Corporation,100,0,0.089,8.9,0,1,Unrestricted,100
08-04-2026,Lunar Netsuite,10-001181,10-001181,RES SMD 249K OHM 0.1% 1/4W 1206 AEC-Q,Electrical Components,OTS,JIT - Reno,NS,FALSE,Lunar Energy,31461,0,0.09,2831.49,0,0,Unrestricted,31461
08-04-2026,CM: Sienna GA,10-001181 REV-01,10-001181,RES SMD 249K OHM 0.1% 1/4W 1206 AEC-Q,Electrical Components,OTS,ATLN,MAIN,FALSE,Sienna Corporation,63963,0,0.089,5692.707,0,1,Unrestricted,63963
08-04-2026,CM: Sienna GA,10-001181 REV-01,10-001181,RES SMD 249K OHM 0.1% 1/4W 1206 AEC-Q,Electrical Components,OTS,ATLN,LPAC,FALSE,Sienna Corporation,6037,0,0.089,537.293,0,1,Unrestricted,6037
08-04-2026,Lunar Netsuite,10-001181,10-001181,RES SMD 249K OHM 0.1% 1/4W 1206 AEC-Q,Electrical Components,OTS,CA - Ravendale,NS,FALSE,Lunar Energy,5000,0,0.0844,422,0,0,Unrestricted,5000
08-04-2026,CM: Celestica MX,10-0011813MS,10-001181,RES SMD 249K OHM 0.1% 1/4W 1206 AEC-Q,Electrical Components,OTS,Monterrey Prod,1000,FALSE,Celestica,102,0,0.089,9.078,0,0,Unrestricted,102
08-04-2026,CM: Qualitel WA,814L-10-001181,10-001181,RES SMD 249K OHM 0.1% 1/4W 1206 AEC-Q,Electrical Components,OTS,"Seattle, WA",Stock,FALSE,Qualitel,196434,0,0.085,16696.89,0,0,Unrestricted,196434
08-04-2026,CM: Sienna GA,10-001189 REV-01,10-001189,RES SMD 3.3K OHM 1% 1/10W 0603 AEC-Q,Electrical Components,OTS,ATLN,LINE,FALSE,Sienna Corporation,7296,0,0.0035,25.536,0,1,Unrestricted,7296
08-04-2026,CM: Sienna GA,10-001189 REV-01,10-001189,RES SMD 3.3K OHM 1% 1/10W 0603 AEC-Q,Electrical Components,OTS,ATLN,MAIN,FALSE,Sienna Corporation,10000,0,0.0035,35,0,1,Unrestricted,10000
08-04-2026,Lunar Netsuite,10-001189,10-001189,RES SMD 3.3K OHM 1% 1/10W 0603 AEC-Q,Electrical Components,OTS,JIT - Reno,NS,FALSE,Lunar Energy,30000,0,0.0035,105,0,0,Unrestricted,5000
08-04-2026,CM: Sienna GA,10-001189 REV-01,10-001189,RES SMD 3.3K OHM 1% 1/10W 0603 AEC-Q,Electrical Components,OTS,ATLN,RIQC,FALSE,Sienna Corporation,5000,0,0.0035,17.5,0,1,Unrestricted,5000
08-04-2026,CM: Qualitel WA,814L-10-001189,10-001189,RES SMD 3.3K OHM 1% 1/10W 0603 AEC-Q,Electrical Components,OTS,"Seattle, WA",Stock,FALSE,Qualitel,42519,0,0.0011,46.7709,0,0,Unrestricted,42519
08-04-2026,CM: Sienna GA,10-001189 REV-01,10-001189,RES SMD 3.3K OHM 1% 1/10W 0603 AEC-Q,Electrical Components,OTS,ATLN,PAMS,FALSE,Sienna Corporation,5000,0,0.0035,17.5,0,1,Unrestricted,5000
08-04-2026,Lunar Netsuite,10-001191,10-001191,"DUAL, ZERO-DRIFT OP AMP, E TEMP",Electrical Components,OTS,JIT - Reno,NS,FALSE,Lunar Energy,132,0,1.19,157.08,0,0,Unrestricted,132
08-04-2026,CM: Qualitel WA,814L-10-001191,10-001191,"DUAL, ZERO-DRIFT OP AMP, E TEMP",Electrical Components,OTS,"Seattle, WA",Stock,FALSE,Qualitel,75114,0,0.67,50326.38,0,0,Unrestricted,75114
08-04-2026,CM: Celestica MX,10-0011913MS,10-001191,"DUAL, ZERO-DRIFT OP AMP, E TEMP",Electrical Components,OTS,Monterrey Prod,1000,FALSE,Celestica,-6,0,1.1929,-7.1574,0,0,Unrestricted,-6
08-04-2026,Lunar Netsuite,10-001195,10-001195,IC OPAMP ZER-DRIFT 1CIRC SOT23-5,Electrical Components,OTS,JIT - Reno,NS,FALSE,Lunar Energy,12000,0,0.7985,9582,0,0,Unrestricted,12000
08-04-2026,CM: Sienna GA,C10-001195 REV-01,10-001195,IC OPAMP ZER-DRIFT 1CIRC SOT23-5,Electrical Components,OTS,ATLN,WBRK,TRUE,Lunar Energy,12604,0,0,0,0,1,Unrestricted,12604
08-04-2026,CM: Sienna GA,C10-001195 REV-01,10-001195,IC OPAMP ZER-DRIFT 1CIRC SOT23-5,Electrical Components,OTS,ATLN,WR72,TRUE,Lunar Energy,3000,0,0,0,0,1,Unrestricted,3000
08-04-2026,CM: Sienna GA,10-001195 REV-01,10-001195,IC OPAMP ZER-DRIFT 1CIRC SOT23-5,Electrical Components,OTS,ATLN,MAIN,FALSE,Sienna Corporation,2990,0,0.582,1740.18,0,1,Unrestricted,2990
08-04-2026,Lunar Netsuite,10-001195,10-001195,IC OPAMP ZER-DRIFT 1CIRC SOT23-5,Electrical Components,OTS,Sienna Corporation - GA,NS,FALSE,Lunar Energy,21604,0,0.68,14690.72,0,0,Unrestricted,21604
08-04-2026,CM: Sienna GA,10-001195 REV-01,10-001195,IC OPAMP ZER-DRIFT 1CIRC SOT23-5,Electrical Components,OTS,ATLN,LINE,FALSE,Sienna Corporation,971,0,0.582,565.122,0,1,Unrestricted,971
08-04-2026,CM: Qualitel WA,814L-10-001195,10-001195,IC OPAMP ZER-DRIFT 1CIRC SOT23-5,Electrical Components,OTS,"Seattle, WA",Stock,FALSE,Qualitel,30040,0,0.676,20307.04,0,0,Unrestricted,30040
08-04-2026,CM: Sienna GA,C10-001195 REV-01,10-001195,IC OPAMP ZER-DRIFT 1CIRC SOT23-5,Electrical Components,OTS,ATLN,WS32,TRUE,Lunar Energy,3000,0,0,0,0,1,Unrestricted,3000
08-04-2026,CM: Sienna GA,10-001195 REV-01,10-001195,IC OPAMP ZER-DRIFT 1CIRC SOT23-5,Electrical Components,OTS,ATLN,PAMS,FALSE,Sienna Corporation,3000,0,0.582,1746,0,1,Unrestricted,3000
08-04-2026,CM: Sienna GA,C10-001195 REV-01,10-001195,IC OPAMP ZER-DRIFT 1CIRC SOT23-5,Electrical Components,OTS,ATLN,WT14,TRUE,Lunar Energy,3000,0,0,0,0,1,Unrestricted,3000
08-04-2026,CM: Celestica MX,10-0012083MS,10-001208,IC BAT LIFEPO4/LI-ION 3-16C TQFP,Electrical Components,OTS,Monterrey Prod,1000,FALSE,Celestica,-2,0,1.31,-2.62,0,0,Unrestricted,-2
08-04-2026,Lunar Netsuite,10-001208,10-001208,IC BAT LIFEPO4/LI-ION 3-16C TQFP,Electrical Components,OTS,JIT - Reno,NS,FALSE,Lunar Energy,47000,0,1.3175,61922.5,0,0,Unrestricted,47000
08-04-2026,Lunar Netsuite,10-001212,10-001212,12-Channel Multicell Battery Monitor AEC-Q,Electrical Components,OTS,CA - Ravendale,NS,FALSE,Lunar Energy,6250,0,5.19,32437.5,0,0,Unrestricted,6250
08-04-2026,CM: Celestica MX,10-0012123MS,10-001212,12-Channel Multicell Battery Monitor AEC-Q,Electrical Components,OTS,Monterrey Prod,1000,FALSE,Celestica,-2,0,5.19,-10.38,0,0,Unrestricted,-2
08-04-2026,CM: Sienna GA,C10-001217 REV-01,10-001217,IC PSRAM 8MB FLASH SMD,Electrical Components,OTS,ATLN,WS22,TRUE,Lunar Energy,2600,0,0,0,0,1,Unrestricted,2600
08-04-2026,CM: Sienna GA,10-001217 REV-01,10-001217,IC PSRAM 8MB FLASH SMD,Electrical Components,OTS,ATLN,MAIN,FALSE,Sienna Corporation,5250,0,1.5,7875,0,1,Unrestricted,5250
08-04-2026,CM: Sienna GA,10-001217 REV-01,10-001217,IC PSRAM 8MB FLASH SMD,Electrical Components,OTS,ATLN,RIQC,FALSE,Sienna Corporation,29817,0,1.5,44725.5,0,1,Unrestricted,29817
08-04-2026,CM: Sienna GA,C10-001217 REV-01,10-001217,IC PSRAM 8MB FLASH SMD,Electrical Components,OTS,ATLN,WR23,TRUE,Lunar Energy,650,0,0,0,0,1,Unrestricted,650
08-04-2026,CM: Sienna GA,10-001217 REV-01,10-001217,IC PSRAM 8MB FLASH SMD,Electrical Components,OTS,ATLN,MRB,FALSE,Sienna Corporation,0,144,1.5,0,216,1,Restricted,0
08-04-2026,Lunar Netsuite,10-001217,10-001217,IC PSRAM 8MB FLASH SMD,Electrical Components,OTS,Sienna Corporation - GA,NS,FALSE,Lunar Energy,16250,0,1.6128,26208,0,0,Unrestricted,9750
08-04-2026,CM: Sienna GA,C10-001217 REV-01,10-001217,IC PSRAM 8MB FLASH SMD,Electrical Components,OTS,ATLN,WR72,TRUE,Lunar Energy,3250,0,0,0,0,1,Unrestricted,3250
08-04-2026,CM: Sienna GA,C10-001217 REV-01,10-001217,IC PSRAM 8MB FLASH SMD,Electrical Components,OTS,ATLN,WS51,TRUE,Lunar Energy,4550,0,0,0,0,1,Unrestricted,4550
08-04-2026,CM: Sienna GA,C10-001217 REV-01,10-001217,IC PSRAM 8MB FLASH SMD,Electrical Components,OTS,ATLN,WR52,TRUE,Lunar Energy,5200,0,0,0,0,1,Unrestricted,5200
08-04-2026,CM: Qualitel WA,814L-10-001217,10-001217,IC PSRAM 8MB FLASH SMD,Electrical Components,OTS,"Seattle, WA",Stock,FALSE,Qualitel,2769,0,1.06,2935.14,0,0,Unrestricted,2769
08-04-2026,CM: Sienna GA,10-001217 REV-01,10-001217,IC PSRAM 8MB FLASH SMD,Electrical Components,OTS,ATLN,PAMS,FALSE,Sienna Corporation,10400,0,1.5,15600,0,1,Unrestricted,10400
08-04-2026,CM: Sienna GA,10-001217 REV-01,10-001217,IC PSRAM 8MB FLASH SMD,Electrical Components,OTS,ATLN,LINE,FALSE,Sienna Corporation,5550,0,1.5,8325,0,1,Unrestricted,5550
08-04-2026,Lunar Netsuite,10-001227,10-001227,RES SMD 220 OHM 1% 2W 2512 AEC-Q,Electrical Components,OTS,CCL (Computer Components Ltd),NS,FALSE,Lunar Energy,528000,0,0.11,58080,0,0,Unrestricted,528000
08-04-2026,Lunar Netsuite,10-001227,10-001227,RES SMD 220 OHM 1% 2W 2512 AEC-Q,Electrical Components,OTS,JIT - Reno,NS,FALSE,Lunar Energy,148000,0,0.11,16280,0,0,Unrestricted,148000
08-04-2026,CM: Sienna GA,10-001227 REV-01,10-001227,RES SMD 220 OHM 1% 2W 2512 AEC-Q,Electrical Components,OTS,ATLN,RIQC,FALSE,Sienna Corporation,8000,0,0.13,1040,0,1,Unrestricted,8000
08-04-2026,CM: Sienna GA,10-001227 REV-01,10-001227,RES SMD 220 OHM 1% 2W 2512 AEC-Q,Electrical Components,OTS,ATLN,LPAC,FALSE,Sienna Corporation,8808,0,0.13,1145.04,0,1,Unrestricted,8808
08-04-2026,CM: Sienna GA,10-001227 REV-01,10-001227,RES SMD 220 OHM 1% 2W 2512 AEC-Q,Electrical Components,OTS,ATLN,LINE,FALSE,Sienna Corporation,5687,0,0.13,739.31,0,1,Unrestricted,5687
08-04-2026,CM: Sienna GA,10-001227 REV-01,10-001227,RES SMD 220 OHM 1% 2W 2512 AEC-Q,Electrical Components,OTS,ATLN,MAIN,FALSE,Sienna Corporation,16000,0,0.13,2080,0,1,Unrestricted,16000
08-04-2026,CM: Qualitel WA,814L-10-001228,10-001228,CAP 10UF 25V X7S 0805 SOFT TERMINATION,Electrical Components,OTS,"Seattle, WA",Stock,FALSE,Qualitel,4751,0,0.158,750.658,0,0,Unrestricted,4751
08-04-2026,CM: Sienna GA,10-001228 REV-01,10-001228,CAP 10UF 25V X7S 0805 SOFT TERMINATION,Electrical Components,OTS,ATLN,LINE,FALSE,Sienna Corporation,6082,0,0.136,827.152,0,1,Unrestricted,6082
08-04-2026,CM: Sienna GA,10-001228 REV-01,10-001228,CAP 10UF 25V X7S 0805 SOFT TERMINATION,Electrical Components,OTS,ATLN,MAIN,FALSE,Sienna Corporation,8000,0,0.136,1088,0,1,Unrestricted,8000
08-04-2026,Lunar Netsuite,10-001229,10-001229,DIODE SCHOTTKY 30V 2A SOD123W,Electrical Components,OTS,CCL (Computer Components Ltd),NS,FALSE,Lunar Energy,105000,0,0.0585,6142.5,0,0,Unrestricted,105000
08-04-2026,CM: Qualitel WA,814L-10-001229,10-001229,DIODE SCHOTTKY 30V 2A SOD123W,Electrical Components,OTS,"Seattle, WA",Stock,FALSE,Qualitel,4089,0,0.0522,213.4458,0,0,Unrestricted,4089
08-04-2026,CM: Sienna GA,10-001230 REV-1,10-001230,RES SMD 49.9 OHM 1% 0.33W 0402 AEC-Q,Electrical Components,OTS,ATLN,LINE,FALSE,Sienna Corporation,27491,0,0.0081,222.6771,0,1,Unrestricted,27491
08-04-2026,CM: Qualitel WA,814L-10-001230,10-001230,RES SMD 49.9 OHM 1% 0.33W 0402 AEC-Q,Electrical Components,OTS,"Seattle, WA",Stock,FALSE,Qualitel,8741,0,0.0077,67.3057,0,0,Unrestricted,8741
08-04-2026,CM: Sienna GA,10-001230 REV-1,10-001230,RES SMD 49.9 OHM 1% 0.33W 0402 AEC-Q,Electrical Components,OTS,ATLN,MAIN,FALSE,Sienna Corporation,10000,0,0.0081,81,0,1,Unrestricted,10000
08-04-2026,Lunar Netsuite,10-001238,10-001238,IC GATE DRVR HALF-BRIDGE 12WLCSP,Electrical Components,OTS,CCL (Computer Components Ltd),NS,FALSE,Lunar Energy,831000,0,0.8111,674024.1,0,0,Unrestricted,831000
08-04-2026,CM: Sienna GA,10-001239 REV-01,10-001239,PCB Terminal Block 3-Pole,Electrical Components,OTS,ATLN,LINE,FALSE,Sienna Corporation,1376,0,5.23,7196.48,0,1,Unrestricted,1376
08-04-2026,CM: Sienna GA,C10-001239 REV-01,10-001239,PCB Terminal Block 3-Pole,Electrical Components,OTS,ATLN,WS42,TRUE,Lunar Energy,80,0,0,0,0,1,Unrestricted,80
08-04-2026,CM: Sienna GA,10-001239 REV-01,10-001239,PCB Terminal Block 3-Pole,Electrical Components,OTS,ATLN,RA64,FALSE,Sienna Corporation,1822,0,5.23,9529.06,0,1,Unrestricted,1822
08-04-2026,CM: Sienna GA,10-001239 REV-01,10-001239,PCB Terminal Block 3-Pole,Electrical Components,OTS,ATLN,RA54,FALSE,Sienna Corporation,880,0,5.23,4602.4,0,1,Unrestricted,880
08-04-2026,CM: Qualitel WA,814L-10-001239,10-001239,PCB Terminal Block 3-Pole,Electrical Components,OTS,"Seattle, WA",Stock,FALSE,Qualitel,6745,0,6.69,45124.05,0,0,Unrestricted,6745
08-04-2026,CM: Sienna GA,C10-001239 REV-01,10-001239,PCB Terminal Block 3-Pole,Electrical Components,OTS,ATLN,WS52,TRUE,Lunar Energy,10,0,0,0,0,1,Unrestricted,10
08-04-2026,CM: Sienna GA,C10-001239 REV-01,10-001239,PCB Terminal Block 3-Pole,Electrical Components,OTS,ATLN,WR14,TRUE,Lunar Energy,949,0,0,0,0,1,Unrestricted,949
08-04-2026,Lunar Netsuite,10-001239,10-001239,PCB Terminal Block 3-Pole,Electrical Components,OTS,Sienna Corporation - GA,NS,FALSE,Lunar Energy,1039,0,5.23,5433.97,0,0,Unrestricted,426
08-04-2026,Lunar Netsuite,10-001239,10-001239,PCB Terminal Block 3-Pole,Electrical Components,OTS,JIT - Reno,NS,FALSE,Lunar Energy,6460,0,5.23,33785.8,0,0,Unrestricted,6218
08-04-2026,CM: Sienna GA,10-001246 REV-07,10-001246,"Tray,Blower,Inverter",Assembly,MTS,ATLN,RIQC,FALSE,Sienna Corporation,1129,0,0,0,0,7,Unrestricted,1129
08-04-2026,CM: Sienna GA,10-001246 REV-07,10-001246,"Tray,Blower,Inverter",Assembly,MTS,ATLN,RS71,FALSE,Sienna Corporation,780,0,0,0,0,7,Unrestricted,780
08-04-2026,CM: Sienna GA,10-001246 REV-07,10-001246,"Tray,Blower,Inverter",Assembly,MTS,ATLN,LINE,FALSE,Sienna Corporation,115,0,0,0,0,7,Unrestricted,115
08-04-2026,CM: Sienna GA,10-001246 REV-07,10-001246,"Tray,Blower,Inverter",Assembly,MTS,ATLN,RQ93,FALSE,Sienna Corporation,471,0,0,0,0,7,Unrestricted,471
08-04-2026,Lunar Netsuite,10-001247,10-001247,PCB TERMINAL BLOCK; LEVER; 16 MM,Electrical Components,OTS,Sienna Corporation - GA,NS,FALSE,Lunar Energy,1366,0,3.75,5122.5,0,0,Unrestricted,1366
08-04-2026,Lunar Netsuite,10-001247,10-001247,PCB TERMINAL BLOCK; LEVER; 16 MM,Electrical Components,OTS,NexGen Digital Inc,NS,FALSE,Lunar Energy,5129,0,3.75,19233.75,0,0,Unrestricted,5129
08-04-2026,CM: Sienna GA,C10-001247 REV-01,10-001247,PCB TERMINAL BLOCK; LEVER; 16 MM,Electrical Components,OTS,ATLN,WTA1,TRUE,Lunar Energy,651,0,0,0,0,1,Unrestricted,651
08-04-2026,CM: Qualitel WA,814L-10-001247,10-001247,PCB TERMINAL BLOCK; LEVER; 16 MM,Electrical Components,OTS,"Seattle, WA",Stock,FALSE,Qualitel,6495,0,2.49,16172.55,0,0,Unrestricted,6495
08-04-2026,CM: Sienna GA,10-001247 REV-01,10-001247,PCB TERMINAL BLOCK; LEVER; 16 MM,Electrical Components,OTS,ATLN,LINE,FALSE,Sienna Corporation,1948,0,4.05,7889.4,0,1,Unrestricted,1948
08-04-2026,Lunar Netsuite,10-001247,10-001247,PCB TERMINAL BLOCK; LEVER; 16 MM,Electrical Components,OTS,JIT - Reno,NS,FALSE,Lunar Energy,3850,0,3.75,14437.5,0,0,Unrestricted,2250
08-04-2026,CM: Sienna GA,10-001247 REV-01,10-001247,PCB TERMINAL BLOCK; LEVER; 16 MM,Electrical Components,OTS,ATLN,RH13,FALSE,Sienna Corporation,3000,0,4.05,12150,0,1,Unrestricted,3000
08-04-2026,CM: Sienna GA,C10-001247 REV-01,10-001247,PCB TERMINAL BLOCK; LEVER; 16 MM,Electrical Components,OTS,ATLN,WS21,TRUE,Lunar Energy,450,0,0,0,0,1,Unrestricted,450
08-04-2026,CM: Sienna GA,C10-001247 REV-01,10-001247,PCB TERMINAL BLOCK; LEVER; 16 MM,Electrical Components,OTS,ATLN,WS22,TRUE,Lunar Energy,265,0,0,0,0,1,Unrestricted,265
08-04-2026,CM: Sienna GA,10-001247 REV-01,10-001247,PCB TERMINAL BLOCK; LEVER; 16 MM,Electrical Components,OTS,ATLN,MAIN,FALSE,Sienna Corporation,2000,0,4.05,8100,0,1,Unrestricted,2000
08-04-2026,Lunar Netsuite,10-001267,10-001267,"Enclosure, Top, Maximizer",Part,MTS,JIT - Reno,NS,FALSE,Lunar Energy,40,0,0,0,0,0,Unrestricted,40
08-04-2026,CM: Sienna GA,10-001267 REV-07,10-001267,"Enclosure, Top, Maximizer",Part,MTS,ATLN,LINE,FALSE,Sienna Corporation,260,0,1.17,304.2,0,7,Unrestricted,260
08-04-2026,CM: Sienna GA,10-001269 REV-04,10-001269,"Mounting Bracket, Maximizer",Part,MTS,ATLN,RR91,FALSE,Sienna Corporation,6400,0,0.94,6016,0,4,Unrestricted,6400
08-04-2026,CM: Sienna GA,10-001269 REV-04,10-001269,"Mounting Bracket, Maximizer",Part,MTS,ATLN,RIQC,FALSE,Sienna Corporation,13956,0,0.94,13118.64,0,4,Unrestricted,13956
08-04-2026,CM: Sienna GA,10-001269 REV-04,10-001269,"Mounting Bracket, Maximizer",Part,MTS,ATLN,RL53,FALSE,Sienna Corporation,2400,0,0.94,2256,0,4,Unrestricted,2400
08-04-2026,CM: Sienna GA,10-001269 REV-04,10-001269,"Mounting Bracket, Maximizer",Part,MTS,ATLN,LINE,FALSE,Sienna Corporation,4,0,0.94,3.76,0,4,Unrestricted,4
08-04-2026,CM: Sienna GA,C10-001271(P2) REV-06,10-001271,"MC4 Pigtail, Male, 200mm",Part,MTS,ATLN,WHS2,TRUE,Lunar Energy,536,0,0,0,0,6,Unrestricted,536
08-04-2026,CM: Sienna GA,10-001271 REV-09,10-001271,"MC4 Pigtail, Male, 200mm",Part,MTS,ATLN,RK55,FALSE,Sienna Corporation,10000,0,1.23,12300,0,9,Unrestricted,10000
08-04-2026,CM: Sienna GA,10-001271 REV-09,10-001271,"MC4 Pigtail, Male, 200mm",Part,MTS,ATLN,LINE,FALSE,Sienna Corporation,9816,0,1.23,12073.68,0,9,Unrestricted,9816
08-04-2026,CM: Sienna GA,10-001271 REV-09,10-001271,"MC4 Pigtail, Male, 200mm",Part,MTS,ATLN,RIQC,FALSE,Sienna Corporation,15000,0,1.23,18450,0,9,Unrestricted,15000
08-04-2026,Lunar Netsuite,10-001271,10-001271,"MC4 Pigtail, Male, 200mm",Part,MTS,Sienna Corporation - GA,NS,FALSE,Lunar Energy,536,0,1.5759,844.6824,0,0,Unrestricted,0
08-04-2026,CM: Sienna GA,C10-001272(P2) REV-05,10-001272,"MC4 Pigtail, Female, 200mm",Part,MTS,ATLN,WHS2,TRUE,Lunar Energy,615,0,0,0,0,5,Unrestricted,615
08-04-2026,Lunar Netsuite,10-001272,10-001272,"MC4 Pigtail, Female, 200mm",Part,MTS,Sienna Corporation - GA,NS,FALSE,Lunar Energy,615,0,1.6401,1008.6615,0,0,Unrestricted,615
08-04-2026,CM: Sienna GA,10-001272 REV-08,10-001272,"MC4 Pigtail, Female, 200mm",Part,MTS,ATLN,LINE,FALSE,Sienna Corporation,4294,0,1.26,5410.44,0,8,Unrestricted,4294
08-04-2026,CM: Sienna GA,10-001272 REV-08,10-001272,"MC4 Pigtail, Female, 200mm",Part,MTS,ATLN,RQ34,FALSE,Sienna Corporation,10000,0,1.26,12600,0,8,Unrestricted,10000
08-04-2026,CM: Sienna GA,10-001272 REV-05,10-001272,"MC4 Pigtail, Female, 200mm",Part,MTS,ATLN,WHS2,FALSE,Sienna Corporation,0,0,1.26,0,0,5,Unrestricted,0
08-04-2026,CM: Sienna GA,10-001272 REV-08,10-001272,"MC4 Pigtail, Female, 200mm",Part,MTS,ATLN,RIQC,FALSE,Sienna Corporation,17500,0,1.26,22050,0,8,Unrestricted,17500
08-04-2026,CM: Sienna GA,10-001277 REV-01,10-001277,CAP CER 2.2UF 100V X7R 1206,Electrical Components,OTS,ATLN,LINE,FALSE,Sienna Corporation,28587,0,0.067,1915.329,0,1,Unrestricted,28587
08-04-2026,CM: Sienna GA,10-001277 REV-01,10-001277,CAP CER 2.2UF 100V X7R 1206,Electrical Components,OTS,ATLN,MAIN,FALSE,Sienna Corporation,162000,0,0.067,10854,0,1,Unrestricted,162000
08-04-2026,Lunar Netsuite,10-001286,10-001286,IC GATE DRVR HALF-BRIDGE HI SPD,Electrical Components,OTS,Avnet,NS,FALSE,Lunar Energy,28000,0,0.76,21280,0,0,Unrestricted,28000
08-04-2026,Lunar Netsuite,10-001286,10-001286,IC GATE DRVR HALF-BRIDGE HI SPD,Electrical Components,OTS,JIT - Reno,NS,FALSE,Lunar Energy,87648,0,0.7614,66735.1872,0,0,Unrestricted,87648
08-04-2026,CM: Celestica MX,10-0012863MS,10-001286,IC GATE DRVR HALF-BRIDGE HI SPD,Electrical Components,OTS,Monterrey Prod,1000,FALSE,Celestica,48,0,0.857,41.136,0,0,Unrestricted,48
08-04-2026,CM: Qualitel WA,814L-10-001286,10-001286,IC GATE DRVR HALF-BRIDGE HI SPD,Electrical Components,OTS,"Seattle, WA",Stock,FALSE,Qualitel,71139,0,0.75,53354.25,0,0,Unrestricted,71139
08-04-2026,CM: Qualitel WA,814L-10-001314,10-001314,IC GATE AND 2CH 2-INP SM8,Electrical Components,OTS,"Seattle, WA",Stock,FALSE,Qualitel,4055,0,0.17,689.35,0,0,Unrestricted,4055
08-04-2026,CM: Sienna GA,C10-001319 REV-01,10-001319,IC REG LIN POS ADJ 200MA TSOT23,Electrical Components,OTS,ATLN,WBRK,TRUE,Lunar Energy,20994,0,0,0,0,1,Unrestricted,20994
08-04-2026,Lunar Netsuite,10-001319,10-001319,IC REG LIN POS ADJ 200MA TSOT23,Electrical Components,OTS,Sienna Corporation - GA,NS,FALSE,Lunar Energy,20994,0,1.9684,41324.5896,0,0,Unrestricted,20994
08-04-2026,CM: Sienna GA,10-001319 REV-01,10-001319,IC REG LIN POS ADJ 200MA TSOT23,Electrical Components,OTS,ATLN,LINE,FALSE,Sienna Corporation,1297,0,0.578,749.666,0,1,Unrestricted,1297
08-04-2026,Lunar Netsuite,10-001319,10-001319,IC REG LIN POS ADJ 200MA TSOT23,Electrical Components,OTS,JIT - Reno,NS,FALSE,Lunar Energy,18000,0,1.9684,35431.2,0,0,Unrestricted,18000
08-04-2026,CM: Sienna GA,10-001319 REV-01,10-001319,IC REG LIN POS ADJ 200MA TSOT23,Electrical Components,OTS,ATLN,MAIN,FALSE,Sienna Corporation,2995,0,0.578,1731.11,0,1,Unrestricted,2995
08-04-2026,CM: Qualitel WA,814L-10-001319,10-001319,IC REG LIN POS ADJ 200MA TSOT23,Electrical Components,OTS,"Seattle, WA",Stock,FALSE,Qualitel,7598,0,0.741,5630.118,0,0,Unrestricted,7598
08-04-2026,CM: Qualitel WA,814L-10-001323,10-001323,IC REG LINEAR 3.3V 450MA 5TSOP AEC-Q,Electrical Components,OTS,"Seattle, WA",Stock,FALSE,Qualitel,7288,0,0.333,2426.904,0,0,Unrestricted,7288
08-04-2026,CM: Sienna GA,10-001323 REV-01,10-001323,IC REG LINEAR 3.3V 450MA 5TSOP AEC-Q,Electrical Components,OTS,ATLN,PAMS,FALSE,Sienna Corporation,3000,0,0.333,999,0,1,Unrestricted,3000
08-04-2026,CM: Sienna GA,10-001323 REV-01,10-001323,IC REG LINEAR 3.3V 450MA 5TSOP AEC-Q,Electrical Components,OTS,ATLN,LINE,FALSE,Sienna Corporation,5920,0,0.333,1971.36,0,1,Unrestricted,5920
08-04-2026,CM: Qualitel WA,814L-10-001325,10-001325,IC REG LINEAR 5V 200MA TSOT23-5,Electrical Components,OTS,"Seattle, WA",Stock,FALSE,Qualitel,1756,0,0.714,1253.784,0,0,Unrestricted,1756
08-04-2026,CM: Sienna GA,10-001325 REV-01,10-001325,IC REG LINEAR 5V 200MA TSOT23-5,Electrical Components,OTS,ATLN,MAIN,FALSE,Sienna Corporation,3000,0,0.549,1647,0,1,Unrestricted,3000
08-04-2026,CM: Sienna GA,10-001325 REV-01,10-001325,IC REG LINEAR 5V 200MA TSOT23-5,Electrical Components,OTS,ATLN,LINE,FALSE,Sienna Corporation,2808,0,0.549,1541.592,0,1,Unrestricted,2808
08-04-2026,Lunar Netsuite,10-001331,10-001331,IC VREF SHUNT 2% SOT23,Electrical Components,OTS,CCL (Computer Components Ltd),NS,FALSE,Lunar Energy,6000,0,0.22,1320,0,0,Unrestricted,6000
08-04-2026,CM: Sienna GA,10-001337 REV-01,10-001337,XMC4400F100K512BAXQMA1,Electrical Components,OTS,ATLN,PAMS,FALSE,Sienna Corporation,1800,0,4.7,8460,0,1,Unrestricted,1800
08-04-2026,Lunar Netsuite,10-001337,10-001337,XMC4400F100K512BAXQMA1,Electrical Components,OTS,JIT - Reno,NS,FALSE,Lunar Energy,234,0,4.7,1099.8,0,0,Unrestricted,234
08-04-2026,CM: Qualitel WA,814L-10-001337,10-001337,XMC4400F100K512BAXQMA1,Electrical Components,OTS,"Seattle, WA",Stock,FALSE,Qualitel,4548,0,4.83,21966.84,0,0,Unrestricted,4548
08-04-2026,Lunar Netsuite,10-001337,10-001337,XMC4400F100K512BAXQMA1,Electrical Components,OTS,NexGen Digital Inc,NS,FALSE,Lunar Energy,42919,0,4.7,201719.3,0,0,Unrestricted,42919
08-04-2026,Lunar Netsuite,10-001337,10-001337,XMC4400F100K512BAXQMA1,Electrical Components,OTS,Avnet,NS,FALSE,Lunar Energy,8529,0,4.7,40086.3,0,0,Unrestricted,7183
08-04-2026,CM: Sienna GA,10-001337 REV-01,10-001337,XMC4400F100K512BAXQMA1,Electrical Components,OTS,ATLN,LINE,FALSE,Sienna Corporation,207,0,4.7,972.9,0,1,Unrestricted,207
08-04-2026,Lunar Netsuite,10-001353,10-001353,TRANS NPN 80V 1A SOT223 AEC-Q,Electrical Components,OTS,JIT - Reno,NS,FALSE,Lunar Energy,44000,0,0.0758,3335.2,0,0,Unrestricted,44000
08-04-2026,CM: Celestica MX,10-0013533MS,10-001353,TRANS NPN 80V 1A SOT223 AEC-Q,Electrical Components,OTS,Monterrey Prod,1000,FALSE,Celestica,27,0,0.077,2.079,0,0,Unrestricted,27
08-04-2026,Lunar Netsuite,10-001353,10-001353,TRANS NPN 80V 1A SOT223 AEC-Q,Electrical Components,OTS,Avnet,NS,FALSE,Lunar Energy,36000,0,0.077,2772,0,0,Unrestricted,29000
08-04-2026,CM: Qualitel WA,814L-10-001353,10-001353,TRANS NPN 80V 1A SOT223 AEC-Q,Electrical Components,OTS,"Seattle, WA",Stock,FALSE,Qualitel,16100,0,0.0965,1553.65,0,0,Unrestricted,16100
08-04-2026,CM: Celestica MX,10-0013553MS,10-001355,MOSFET N CH 30V 3.5A 2-3Z1A,Electrical Components,OTS,Monterrey Prod,1000,FALSE,Celestica,-4,0,0.0533,-0.2132,0,0,Unrestricted,-4
08-04-2026,Lunar Netsuite,10-001355,10-001355,MOSFET N CH 30V 3.5A 2-3Z1A,Electrical Components,OTS,JIT - Reno,NS,FALSE,Lunar Energy,2000,0,0.1045,209,0,0,Unrestricted,2000
08-04-2026,Lunar Netsuite,10-001361,10-001361,MOSFET N-CH 80V 120A D2PAK,Electrical Components,OTS,Avnet,NS,FALSE,Lunar Energy,39000,0,1.37,53430,0,0,Unrestricted,39000
08-04-2026,CM: Qualitel WA,814L-10-001361,10-001361,MOSFET N-CH 80V 120A D2PAK,Electrical Components,OTS,"Seattle, WA",MRB,FALSE,Qualitel,0,225,1.37,0,308.25,0,Restricted,0
08-04-2026,CM: Celestica MX,10-0013613MS,10-001361,MOSFET N-CH 80V 120A D2PAK,Electrical Components,OTS,Monterrey Prod,1000,FALSE,Celestica,350,0,1.7073,597.555,0,0,Unrestricted,350
08-04-2026,CM: Qualitel WA,814L-10-001361,10-001361,MOSFET N-CH 80V 120A D2PAK,Electrical Components,OTS,"Seattle, WA",PO Inspection,FALSE,Qualitel,0,225,1.37,0,308.25,0,Restricted,0
08-04-2026,CM: Qualitel WA,814L-10-001361,10-001361,MOSFET N-CH 80V 120A D2PAK,Electrical Components,OTS,"Seattle, WA",Stock,FALSE,Qualitel,53858,0,1.37,73785.46,0,0,Unrestricted,53858
08-04-2026,Lunar Netsuite,10-001369,10-001369,MOSFET N-CH 600V 23A 8HSOF,Electrical Components,OTS,Avnet,NS,FALSE,Lunar Energy,2000,0,3.3,6600,0,0,Unrestricted,2000
08-04-2026,Lunar Netsuite,10-001369,10-001369,MOSFET N-CH 600V 23A 8HSOF,Electrical Components,OTS,JIT - Reno,NS,FALSE,Lunar Energy,51166,0,3.3,168847.8,0,0,Unrestricted,51166
08-04-2026,CM: Celestica MX,10-0013693MS,10-001369,MOSFET N-CH 600V 23A 8HSOF,Electrical Components,OTS,Monterrey Prod,1000,FALSE,Celestica,-4,0,3.9553,-15.8212,0,0,Unrestricted,-4
08-04-2026,CM: Qualitel WA,814L-10-001369,10-001369,MOSFET N-CH 600V 23A 8HSOF,Electrical Components,OTS,"Seattle, WA",Stock,FALSE,Qualitel,12188,0,3.3,40220.4,0,0,Unrestricted,12188
08-04-2026,CM: Sienna GA,C10-001374 REV-01,10-001374,GANFET N-CH 80V 90A DIE AEC-Q,Electrical Components,OTS,ATLN,WHS2,TRUE,Lunar Energy,76000,0,0,0,0,1,Unrestricted,76000
08-04-2026,CM: Sienna GA,C10-001374 REV-01,10-001374,GANFET N-CH 80V 90A DIE AEC-Q,Electrical Components,OTS,ATLN,WR41,TRUE,Lunar Energy,3500,0,0,0,0,1,Unrestricted,3500
08-04-2026,CM: Sienna GA,C10-001374 REV-01,10-001374,GANFET N-CH 80V 90A DIE AEC-Q,Electrical Components,OTS,ATLN,WR43,TRUE,Lunar Energy,6000,0,0,0,0,1,Unrestricted,6000
08-04-2026,Lunar Netsuite,10-001374,10-001374,GANFET N-CH 80V 90A DIE AEC-Q,Electrical Components,OTS,JIT - Reno,NS,FALSE,Lunar Energy,232761,0,1.9572,455559.8292,0,0,Unrestricted,54761
08-04-2026,CM: Sienna GA,10-001374 REV-01,10-001374,GANFET N-CH 80V 90A DIE AEC-Q,Electrical Components,OTS,ATLN,RIQC,FALSE,Sienna Corporation,160500,0,1.89,303345,0,1,Unrestricted,160500
08-04-2026,CM: Sienna GA,C10-001374 REV-01,10-001374,GANFET N-CH 80V 90A DIE AEC-Q,Electrical Components,OTS,ATLN,WS11,TRUE,Lunar Energy,86,0,0,0,0,1,Unrestricted,86
08-04-2026,Lunar Netsuite,10-001374,10-001374,GANFET N-CH 80V 90A DIE AEC-Q,Electrical Components,OTS,Sienna Corporation - GA,NS,FALSE,Lunar Energy,148586,0,1.9661,292134.9346,0,0,Unrestricted,130000
08-04-2026,CM: Sienna GA,C10-001374 REV-01,10-001374,GANFET N-CH 80V 90A DIE AEC-Q,Electrical Components,OTS,ATLN,WS81,TRUE,Lunar Energy,3500,0,0,0,0,1,Unrestricted,3500
08-04-2026,CM: Sienna GA,C10-001374 REV-01,10-001374,GANFET N-CH 80V 90A DIE AEC-Q,Electrical Components,OTS,ATLN,WS61,TRUE,Lunar Energy,5000,0,0,0,0,1,Unrestricted,5000
08-04-2026,CM: Sienna GA,10-001374 REV-01,10-001374,GANFET N-CH 80V 90A DIE AEC-Q,Electrical Components,OTS,ATLN,PAMS,FALSE,Sienna Corporation,2500,0,1.89,4725,0,1,Unrestricted,2500
08-04-2026,CM: Sienna GA,10-001374 REV-01,10-001374,GANFET N-CH 80V 90A DIE AEC-Q,Electrical Components,OTS,ATLN,LINE,FALSE,Sienna Corporation,22536,0,1.89,42593.04,0,1,Unrestricted,22536
08-04-2026,CM: Sienna GA,C10-001374 REV-01,10-001374,GANFET N-CH 80V 90A DIE AEC-Q,Electrical Components,OTS,ATLN,WS42,TRUE,Lunar Energy,9500,0,0,0,0,1,Unrestricted,9500
08-04-2026,CM: Sienna GA,C10-001374 REV-01,10-001374,GANFET N-CH 80V 90A DIE AEC-Q,Electrical Components,OTS,ATLN,WR61,TRUE,Lunar Energy,7500,0,0,0,0,1,Unrestricted,7500
08-04-2026,CM: Sienna GA,C10-001374 REV-01,10-001374,GANFET N-CH 80V 90A DIE AEC-Q,Electrical Components,OTS,ATLN,WR42,TRUE,Lunar Energy,37500,0,0,0,0,1,Unrestricted,37500
08-04-2026,CM: Sienna GA,10-001375 REV-01,10-001375,RES 16K OHM 1% 1/10W 0603,Electrical Components,OTS,ATLN,LINE,FALSE,Sienna Corporation,12186,0,0.01,121.86,0,1,Unrestricted,12186
08-04-2026,CM: Qualitel WA,814L-10-001375,10-001375,RES 16K OHM 1% 1/10W 0603,Electrical Components,OTS,"Seattle, WA",Stock,FALSE,Qualitel,28159,0,0.0018,50.6862,0,0,Unrestricted,28159
08-04-2026,CM: Sienna GA,10-001375 REV-01,10-001375,RES 16K OHM 1% 1/10W 0603,Electrical Components,OTS,ATLN,MAIN,FALSE,Sienna Corporation,4000,0,0.01,40,0,1,Unrestricted,4000
08-04-2026,CM: Sienna GA,10-001376 REV-01,10-001376,RES 4.7K OHM 5% 1/10W 0603,Electrical Components,OTS,ATLN,LINE,FALSE,Sienna Corporation,9221,0,0.0012,11.0652,0,1,Unrestricted,9221
08-04-2026,CM: Sienna GA,10-001376 REV-01,10-001376,RES 4.7K OHM 5% 1/10W 0603,Electrical Components,OTS,ATLN,MAIN,FALSE,Sienna Corporation,70000,0,0.0012,84,0,1,Unrestricted,70000
08-04-2026,CM: Qualitel WA,814L-10-001376,10-001376,RES 4.7K OHM 5% 1/10W 0603,Electrical Components,OTS,"Seattle, WA",Stock,FALSE,Qualitel,138562,0,0.001,138.562,0,0,Unrestricted,138562
08-04-2026,CM: Sienna GA,C10-001388 REV-01,10-001388,CONN HEADER SMD 3POS 2.54MM,Electrical Components,OTS,ATLN,WU15,TRUE,Lunar Energy,320,0,0,0,0,1,Unrestricted,320
08-04-2026,Lunar Netsuite,10-001388,10-001388,CONN HEADER SMD 3POS 2.54MM,Electrical Components,OTS,CCL (Computer Components Ltd),NS,FALSE,Lunar Energy,86400,0,0.434,37497.6,0,0,Unrestricted,86400
08-04-2026,Lunar Netsuite,10-001388,10-001388,CONN HEADER SMD 3POS 2.54MM,Electrical Components,OTS,Sienna Corporation - GA,NS,FALSE,Lunar Energy,320,0,0.434,138.88,0,0,Unrestricted,0
08-04-2026,Lunar Netsuite,10-001389,10-001389,TERM REDCUBE M4 4PIN PCB,Electrical Components,OTS,CCL (Computer Components Ltd),NS,FALSE,Lunar Energy,54199,0,0.6742,36540.9658,0,0,Unrestricted,54199
08-04-2026,Lunar Netsuite,10-001391,10-001391,CONN HEADER R/A 24POS 2.54MM,Electrical Components,OTS,CCL (Computer Components Ltd),NS,FALSE,Lunar Energy,15804,0,1.206,19059.624,0,0,Unrestricted,15804
08-04-2026,CM: Celestica MX,10-0013953MS,10-001395,CONN HEADER VERT 8POS AEC-Q,Electrical Components,OTS,Monterrey Prod,1000,FALSE,Celestica,58,0,2.49,144.42,0,0,Unrestricted,58
08-04-2026,Lunar Netsuite,10-001395,10-001395,CONN HEADER VERT 8POS AEC-Q,Electrical Components,OTS,JIT - Reno,NS,FALSE,Lunar Energy,2578,0,2.49,6419.22,0,0,Unrestricted,2578
08-04-2026,CM: Qualitel WA,814L-10-001395,10-001395,CONN HEADER VERT 8POS AEC-Q,Electrical Components,OTS,"Seattle, WA",Stock,FALSE,Qualitel,9450,0,2.58,24381,0,0,Unrestricted,9450
08-04-2026,Lunar Netsuite,10-001398,10-001398,CONN HEADER SMD R/A 4POS 3MM,Electrical Components,OTS,CCL (Computer Components Ltd),NS,FALSE,Lunar Energy,22145,0,0.4,8858,0,0,Unrestricted,22145
08-04-2026,Lunar Netsuite,10-001401,10-001401,CONN HEADER SMD 6POS 2.54MM,Electrical Components,OTS,Sienna Corporation - GA,NS,FALSE,Lunar Energy,440,0,0.638,280.72,0,0,Unrestricted,440
08-04-2026,Lunar Netsuite,10-001401,10-001401,CONN HEADER SMD 6POS 2.54MM,Electrical Components,OTS,CCL (Computer Components Ltd),NS,FALSE,Lunar Energy,42240,0,0.6381,26953.344,0,0,Unrestricted,42240
08-04-2026,CM: Sienna GA,C10-001401 REV-01,10-001401,CONN HEADER SMD 6POS 2.54MM,Electrical Components,OTS,ATLN,WR74,TRUE,Lunar Energy,440,0,0,0,0,1,Unrestricted,440
08-04-2026,Lunar Netsuite,10-001401,10-001401,CONN HEADER SMD 6POS 2.54MM,Electrical Components,OTS,JIT - Reno,NS,FALSE,Lunar Energy,1760,0,0.638,1122.88,0,0,Unrestricted,1760
08-04-2026,Lunar Netsuite,10-001403,10-001403,CONN TERM PIN SOLDER 3.6MM,Electrical Components,OTS,JIT - Reno,NS,FALSE,Lunar Energy,1000,0,1.04,1040,0,0,Unrestricted,1000
08-04-2026,CM: Celestica MX,10-0014033MS,10-001403,CONN TERM PIN SOLDER 3.6MM,Electrical Components,OTS,Monterrey Prod,1000,FALSE,Celestica,-18,0,1.04,-18.72,0,0,Unrestricted,-18
08-04-2026,Lunar Netsuite,10-001403,10-001403,CONN TERM PIN SOLDER 3.6MM,Electrical Components,OTS,Avnet,NS,FALSE,Lunar Energy,144796,0,1.04,150587.84,0,0,Unrestricted,144796
08-04-2026,Lunar Netsuite,10-001403,10-001403,CONN TERM PIN SOLDER 3.6MM,Electrical Components,OTS,NexGen Digital Inc,NS,FALSE,Lunar Energy,14679,0,1.04,15266.16,0,0,Unrestricted,14679
08-04-2026,Lunar Netsuite,10-001404,10-001404,CONN HEADER SMD 4POS 2.54MM,Electrical Components,OTS,CCL (Computer Components Ltd),NS,FALSE,Lunar Energy,65840,0,0.333,21924.72,0,0,Unrestricted,65840
08-04-2026,CM: Sienna GA,10-001409 REV-01,10-001409,CONN HEADER SMD 6POS 2.5MM,Electrical Components,OTS,ATLN,MAIN,FALSE,Sienna Corporation,2400,0,0.868,2083.2,0,1,Unrestricted,2400
08-04-2026,CM: Sienna GA,10-001409 REV-01,10-001409,CONN HEADER SMD 6POS 2.5MM,Electrical Components,OTS,ATLN,LINE,FALSE,Sienna Corporation,161,0,0.868,139.748,0,1,Unrestricted,161
08-04-2026,Lunar Netsuite,10-001409,10-001409,CONN HEADER SMD 6POS 2.5MM,Electrical Components,OTS,JIT - Reno,NS,FALSE,Lunar Energy,8700,0,0.8696,7565.52,0,0,Unrestricted,8700
08-04-2026,CM: Sienna GA,10-001409 REV-01,10-001409,CONN HEADER SMD 6POS 2.5MM,Electrical Components,OTS,ATLN,RIQC,FALSE,Sienna Corporation,2500,0,0.868,2170,0,1,Unrestricted,2500
08-04-2026,Lunar Netsuite,10-001414,10-001414,DIODE ZENER 10V 500MW SOD123 AEC-Q,Electrical Components,OTS,JIT - Reno,NS,FALSE,Lunar Energy,9693,0,0.0387,375.1191,0,0,Unrestricted,9693
08-04-2026,CM: Celestica MX,10-0014143MS,10-001414,DIODE ZENER 10V 500MW SOD123 AEC-Q,Electrical Components,OTS,Monterrey Prod,1000,FALSE,Celestica,-2,0,0.0373,-0.0746,0,0,Unrestricted,-2
08-04-2026,CM: Qualitel WA,814L-10-001414,10-001414,DIODE ZENER 10V 500MW SOD123 AEC-Q,Electrical Components,OTS,"Seattle, WA",Stock,FALSE,Qualitel,18971,0,0.0373,707.6183,0,0,Unrestricted,18971
08-04-2026,CM: Sienna GA,10-001414 REV-01,10-001414,DIODE ZENER 10V 500MW SOD123 AEC-Q,Electrical Components,OTS,ATLN,RIQC,FALSE,Sienna Corporation,3000,0,0.0373,111.9,0,1,Unrestricted,3000
08-04-2026,CM: Sienna GA,10-001414 REV-01,10-001414,DIODE ZENER 10V 500MW SOD123 AEC-Q,Electrical Components,OTS,ATLN,LINE,FALSE,Sienna Corporation,5554,0,0.0373,207.1642,0,1,Unrestricted,5554
08-04-2026,Lunar Netsuite,10-001420,10-001420,CONN SMA JACK STR 50OHM PCB,Electrical Components,OTS,CA - Ravendale,NS,FALSE,Lunar Energy,75,0,0,0,0,0,Unrestricted,75
08-04-2026,Lunar Netsuite,10-001429,10-001429,CONN HEADER VERT 4POS 2.5MM,Electrical Components,OTS,CCL (Computer Components Ltd),NS,FALSE,Lunar Energy,21600,0,0.16,3456,0,0,Unrestricted,21600
08-04-2026,CM: Qualitel WA,814L-10-001434,10-001434,CRYSTAL 12.0000MHZ 8PF SMD,Electrical Components,OTS,"Seattle, WA",Stock,FALSE,Qualitel,17195,0,0.129,2218.155,0,0,Unrestricted,17195
08-04-2026,CM: Celestica MX,10-0014343MS,10-001434,CRYSTAL 12.0000MHZ 8PF SMD,Electrical Components,OTS,Monterrey Prod,1000,FALSE,Celestica,-2,0,0.1421,-0.2842,0,0,Unrestricted,-2
08-04-2026,Lunar Netsuite,10-001434,10-001434,CRYSTAL 12.0000MHZ 8PF SMD,Electrical Components,OTS,JIT - Reno,NS,FALSE,Lunar Energy,3245,0,0.14,454.3,0,0,Unrestricted,3245
08-04-2026,CM: Qualitel WA,814L-10-001437,10-001437,DIODE RECT 100V 20A DPAK,Electrical Components,OTS,"Seattle, WA",Stock,FALSE,Qualitel,13396,0,0.274,3670.504,0,0,Unrestricted,13396
08-04-2026,Lunar Netsuite,10-001437,10-001437,DIODE RECT 100V 20A DPAK,Electrical Components,OTS,JIT - Reno,NS,FALSE,Lunar Energy,82500,0,0.27,22275,0,0,Unrestricted,82500
08-04-2026,CM: Celestica MX,10-0014373MS,10-001437,DIODE RECT 100V 20A DPAK,Electrical Components,OTS,Monterrey Prod,1000,FALSE,Celestica,-2,0,0.27,-0.54,0,0,Unrestricted,-2
08-04-2026,CM: Sienna GA,10-001437 REV-1,10-001437,DIODE RECT 100V 20A DPAK,Electrical Components,OTS,ATLN,MAIN,FALSE,Sienna Corporation,5000,0,0.27,1350,0,1,Unrestricted,5000
08-04-2026,Lunar Netsuite,10-001437,10-001437,DIODE RECT 100V 20A DPAK,Electrical Components,OTS,CCL (Computer Components Ltd),NS,FALSE,Lunar Energy,91667,0,0.27,24750.09,0,0,Unrestricted,91667
08-04-2026,CM: Sienna GA,10-001437 REV-1,10-001437,DIODE RECT 100V 20A DPAK,Electrical Components,OTS,ATLN,LINE,FALSE,Sienna Corporation,1051,0,0.27,283.77,0,1,Unrestricted,1051
08-04-2026,Lunar Netsuite,10-001439,10-001439,CURRENT SENSOR W/OVERCURRENT FAU,Electrical Components,OTS,Sienna Corporation - GA,NS,FALSE,Lunar Energy,96384,0,0.3134,30206.7456,0,0,Unrestricted,90384
08-04-2026,CM: Sienna GA,10-001439 REV-01,10-001439,CURRENT SENSOR W/OVERCURRENT FAU,Electrical Components,OTS,ATLN,LINE,FALSE,Sienna Corporation,10904,0,0.3706,4041.0224,0,1,Unrestricted,10904
08-04-2026,CM: Sienna GA,C10-001439 REV-01,10-001439,CURRENT SENSOR W/OVERCURRENT FAU,Electrical Components,OTS,ATLN,WBRK,TRUE,Lunar Energy,96384,0,0,0,0,1,Unrestricted,96384
08-04-2026,CM: Sienna GA,10-001439 REV-01,10-001439,CURRENT SENSOR W/OVERCURRENT FAU,Electrical Components,OTS,ATLN,MAIN,FALSE,Sienna Corporation,53990,0,0.3706,20008.694,0,1,Unrestricted,53990
08-04-2026,CM: Sienna GA,C10-001440 REV-01,10-001440,IC OPAMP GP 2 CIRCUIT 8TSSOP,Electrical Components,OTS,ATLN,WT11,TRUE,Lunar Energy,34000,0,0,0,0,1,Unrestricted,34000
08-04-2026,CM: Sienna GA,10-001440 REV-01,10-001440,IC OPAMP GP 2 CIRCUIT 8TSSOP,Electrical Components,OTS,ATLN,RIQC,FALSE,Sienna Corporation,34608,0,0.054,1868.832,0,1,Unrestricted,34608
08-04-2026,CM: Sienna GA,C10-001440 REV-01,10-001440,IC OPAMP GP 2 CIRCUIT 8TSSOP,Electrical Components,OTS,ATLN,WR61,TRUE,Lunar Energy,12000,0,0,0,0,1,Unrestricted,12000
08-04-2026,CM: Sienna GA,C10-001440 REV-01,10-001440,IC OPAMP GP 2 CIRCUIT 8TSSOP,Electrical Components,OTS,ATLN,WBRK,TRUE,Lunar Energy,1994,0,0,0,0,1,Unrestricted,1994
08-04-2026,Lunar Netsuite,10-001440,10-001440,IC OPAMP GP 2 CIRCUIT 8TSSOP,Electrical Components,OTS,Sienna Corporation - GA,NS,FALSE,Lunar Energy,99994,0,0.0618,6179.6292,0,0,Unrestricted,72000
08-04-2026,CM: Sienna GA,10-001440 REV-01,10-001440,IC OPAMP GP 2 CIRCUIT 8TSSOP,Electrical Components,OTS,ATLN,LINE,FALSE,Sienna Corporation,11764,0,0.054,635.256,0,1,Unrestricted,11764
08-04-2026,CM: Sienna GA,10-001440 REV-01,10-001440,IC OPAMP GP 2 CIRCUIT 8TSSOP,Electrical Components,OTS,ATLN,LPAC,FALSE,Sienna Corporation,19857,0,0.054,1072.278,0,1,Unrestricted,19857
08-04-2026,CM: Sienna GA,C10-001440 REV-01,10-001440,IC OPAMP GP 2 CIRCUIT 8TSSOP,Electrical Components,OTS,ATLN,WS52,TRUE,Lunar Energy,22000,0,0,0,0,1,Unrestricted,22000
08-04-2026,CM: Sienna GA,C10-001440 REV-01,10-001440,IC OPAMP GP 2 CIRCUIT 8TSSOP,Electrical Components,OTS,ATLN,WR72,TRUE,Lunar Energy,4000,0,0,0,0,1,Unrestricted,4000
08-04-2026,CM: Sienna GA,C10-001440 REV-01,10-001440,IC OPAMP GP 2 CIRCUIT 8TSSOP,Electrical Components,OTS,ATLN,WS51,TRUE,Lunar Energy,26000,0,0,0,0,1,Unrestricted,26000
08-04-2026,CM: Sienna GA,10-001440 REV-01,10-001440,IC OPAMP GP 2 CIRCUIT 8TSSOP,Electrical Components,OTS,ATLN,MAIN,FALSE,Sienna Corporation,30143,0,0.054,1627.722,0,1,Unrestricted,30143
08-04-2026,Lunar Netsuite,10-001440,10-001440,IC OPAMP GP 2 CIRCUIT 8TSSOP,Electrical Components,OTS,JIT - Reno,NS,FALSE,Lunar Energy,6000,0,0.0546,327.6,0,0,Unrestricted,6000
08-04-2026,CM: Sienna GA,10-001451 REV-.01,10-001451,Flat Wire Inductor,Electrical Components,OTS,ATLN,LPAC,FALSE,Sienna Corporation,320,0,0,0,0,,Unrestricted,320
08-04-2026,CM: Sienna GA,10-001453 REV-01,10-001453,Analog Comparators LV Comparator 0.07mA 1.7mV 10nA 23mA,Electrical Components,OTS,ATLN,LINE,FALSE,Sienna Corporation,4701,0,0.09,423.09,0,1,Unrestricted,4701
08-04-2026,CM: Sienna GA,10-001453 REV-01,10-001453,Analog Comparators LV Comparator 0.07mA 1.7mV 10nA 23mA,Electrical Components,OTS,ATLN,MAIN,FALSE,Sienna Corporation,2506,0,0.09,225.54,0,1,Unrestricted,2506
08-04-2026,Lunar Netsuite,10-001453,10-001453,Analog Comparators LV Comparator 0.07mA 1.7mV 10nA 23mA,Electrical Components,OTS,JIT - Reno,NS,FALSE,Lunar Energy,9735,0,0.09,876.15,0,0,Unrestricted,7235
08-04-2026,CM: Qualitel WA,814L-10-001453,10-001453,Analog Comparators LV Comparator 0.07mA 1.7mV 10nA 23mA,Electrical Components,OTS,"Seattle, WA",Stock,FALSE,Qualitel,8943,0,0.0865,773.5695,0,0,Unrestricted,8943
08-04-2026,CM: Celestica MX,10-0014683MS,10-001468,"Harness,Ground,Frame",Part,MTS,Monterrey Prod,1000,FALSE,Celestica,-4,0,0.6809,-2.7236,0,0,Unrestricted,-4
08-04-2026,CM: Qualitel WA,814L-10-001471,10-001471,RES 10 OHM 1% 1/10W 0603,Electrical Components,OTS,"Seattle, WA",Stock,FALSE,Qualitel,73372,0,0.0027,198.1044,0,0,Unrestricted,73372
08-04-2026,CM: Qualitel WA,814L-10-001471,10-001471,RES 10 OHM 1% 1/10W 0603,Electrical Components,OTS,"Seattle, WA",MRB,FALSE,Qualitel,0,5000,0.0027,0,13.5,0,Restricted,0
08-04-2026,CM: Qualitel WA,814L-10-001471,10-001471,RES 10 OHM 1% 1/10W 0603,Electrical Components,OTS,"Seattle, WA",PO Inspection,FALSE,Qualitel,0,5000,0.0027,0,13.5,0,Restricted,0
08-04-2026,Lunar Netsuite,10-001471,10-001471,RES 10 OHM 1% 1/10W 0603,Electrical Components,OTS,CA - Ravendale,NS,FALSE,Lunar Energy,10000,0,0.0027,27,0,0,Unrestricted,10000
08-04-2026,CM: Sienna GA,10-001480 REV-02,10-001480,"Screw,6-19xPLAST 48/2, 0.5"",BHT T-15,T/F,Steel,ZnNi BC",Part,OTS,ATLN,MAIN,FALSE,Sienna Corporation,18000,0,0.0092,165.6,0,2,Unrestricted,18000
08-04-2026,CM: Sienna GA,10-001480 REV-02,10-001480,"Screw,6-19xPLAST 48/2, 0.5"",BHT T-15,T/F,Steel,ZnNi BC",Part,OTS,ATLN,LINE,FALSE,Sienna Corporation,16299,0,0.0092,149.9508,0,2,Unrestricted,16299
08-04-2026,CM: Qualitel WA,814L-10-001480,10-001480,"Screw,6-19xPLAST 48/2, 0.5"",BHT T-15,T/F,Steel,ZnNi BC",Part,OTS,"Seattle, WA",Stock,FALSE,Qualitel,41668,0,0.01,416.68,0,0,Unrestricted,41668
08-04-2026,CM: Sienna GA,10-001480 REV-02,10-001480,"Screw,6-19xPLAST 48/2, 0.5"",BHT T-15,T/F,Steel,ZnNi BC",Part,OTS,ATLN,RQ72,FALSE,Sienna Corporation,53000,0,0.0092,487.6,0,2,Unrestricted,53000
08-04-2026,CM: Celestica MX,10-0014803MS,10-001480,"Screw,6-19xPLAST 48/2, 0.5"",BHT T-15,T/F,Steel,ZnNi BC",Part,OTS,Monterrey Prod,1000,FALSE,Celestica,1141,0,0.0191,21.7931,0,0,Unrestricted,1141
08-04-2026,CM: Celestica MX,10-0015083MS,10-001508,"Insulator,Busbar,Battery Block",Part,MTS,Monterrey Prod,1000,FALSE,Celestica,-2,0,0.19,-0.38,0,0,Unrestricted,-2
08-04-2026,CM: Sienna GA,10-001515 REV-01,10-001515,"Grommet,Vibration Damping,4mm Shldr,Shore 40A,High Temp",Part,OTS,ATLN,LINE,FALSE,Sienna Corporation,6301,0,0.395,2488.895,0,1,Unrestricted,6301
08-04-2026,CM: Sienna GA,10-001515 REV-01,10-001515,"Grommet,Vibration Damping,4mm Shldr,Shore 40A,High Temp",Part,OTS,ATLN,MAIN,FALSE,Sienna Corporation,5890,0,0.395,2326.55,0,1,Unrestricted,5890
08-04-2026,CM: Sienna GA,10-001525 REV-01,10-001525,FIXED IND 33UH 1.1A 286 MOHM SMD,Electrical Components,OTS,ATLN,LINE,FALSE,Sienna Corporation,5578,0,0.08,446.24,0,1,Unrestricted,5578
08-04-2026,CM: Sienna GA,10-001525 REV-01,10-001525,FIXED IND 33UH 1.1A 286 MOHM SMD,Electrical Components,OTS,ATLN,RIQC,FALSE,Sienna Corporation,46000,0,0.08,3680,0,1,Unrestricted,46000
08-04-2026,CM: Sienna GA,10-001525 REV-01,10-001525,FIXED IND 33UH 1.1A 286 MOHM SMD,Electrical Components,OTS,ATLN,MAIN,FALSE,Sienna Corporation,28000,0,0.08,2240,0,1,Unrestricted,28000
08-04-2026,CM: Sienna GA,10-001527 REV-09,10-001527,"MC4 Pigtail, Male, 1250mm",Part,MTS,ATLN,LPAC,FALSE,Sienna Corporation,680,0,1.94,1319.2,0,9,Unrestricted,680
08-04-2026,CM: Sienna GA,10-001527 REV-09,10-001527,"MC4 Pigtail, Male, 1250mm",Part,MTS,ATLN,RL53,FALSE,Sienna Corporation,3000,0,1.94,5820,0,9,Unrestricted,3000
08-04-2026,CM: Sienna GA,10-001527 REV-09,10-001527,"MC4 Pigtail, Male, 1250mm",Part,MTS,ATLN,RK45,FALSE,Sienna Corporation,3000,0,1.94,5820,0,9,Unrestricted,3000
08-04-2026,CM: Sienna GA,10-001527 REV-09,10-001527,"MC4 Pigtail, Male, 1250mm",Part,MTS,ATLN,RK25,FALSE,Sienna Corporation,3000,0,1.94,5820,0,9,Unrestricted,3000
08-04-2026,CM: Sienna GA,10-001527 REV-09,10-001527,"MC4 Pigtail, Male, 1250mm",Part,MTS,ATLN,RQ35,FALSE,Sienna Corporation,972,0,1.94,1885.68,0,9,Unrestricted,972
08-04-2026,CM: Sienna GA,10-001527 REV-09,10-001527,"MC4 Pigtail, Male, 1250mm",Part,MTS,ATLN,RK35,FALSE,Sienna Corporation,3000,0,1.94,5820,0,9,Unrestricted,3000
08-04-2026,CM: Sienna GA,10-001527 REV-09,10-001527,"MC4 Pigtail, Male, 1250mm",Part,MTS,ATLN,RIQC,FALSE,Sienna Corporation,14000,0,1.94,27160,0,9,Unrestricted,14000
08-04-2026,CM: Sienna GA,10-001527 REV-09,10-001527,"MC4 Pigtail, Male, 1250mm",Part,MTS,ATLN,LINE,FALSE,Sienna Corporation,1181,0,1.94,2291.14,0,9,Unrestricted,1181
08-04-2026,CM: Sienna GA,10-001527 REV-09,10-001527,"MC4 Pigtail, Male, 1250mm",Part,MTS,ATLN,RQ33,FALSE,Sienna Corporation,3000,0,1.94,5820,0,9,Unrestricted,3000
08-04-2026,CM: Sienna GA,10-001527 REV-09,10-001527,"MC4 Pigtail, Male, 1250mm",Part,MTS,ATLN,RQ25,FALSE,Sienna Corporation,3000,0,1.94,5820,0,9,Unrestricted,3000
08-04-2026,CM: Sienna GA,10-001528 REV-08,10-001528,"MC4 Pigtail, Female, 1250mm",Part,MTS,ATLN,RQ13,FALSE,Sienna Corporation,3000,0,1.97,5910,0,8,Unrestricted,3000
08-04-2026,CM: Sienna GA,10-001528 REV-08,10-001528,"MC4 Pigtail, Female, 1250mm",Part,MTS,ATLN,RK26,FALSE,Sienna Corporation,3000,0,1.97,5910,0,8,Unrestricted,3000
08-04-2026,CM: Sienna GA,10-001528 REV-08,10-001528,"MC4 Pigtail, Female, 1250mm",Part,MTS,ATLN,RK25,FALSE,Sienna Corporation,3000,0,1.97,5910,0,8,Unrestricted,3000
08-04-2026,CM: Sienna GA,10-001528 REV-08,10-001528,"MC4 Pigtail, Female, 1250mm",Part,MTS,ATLN,RQ34,FALSE,Sienna Corporation,1000,0,1.97,1970,0,8,Unrestricted,1000
08-04-2026,CM: Sienna GA,10-001528 REV-08,10-001528,"MC4 Pigtail, Female, 1250mm",Part,MTS,ATLN,LINE,FALSE,Sienna Corporation,4260,0,1.97,8392.2,0,8,Unrestricted,4260
08-04-2026,CM: Sienna GA,10-001528 REV-08,10-001528,"MC4 Pigtail, Female, 1250mm",Part,MTS,ATLN,RL56,FALSE,Sienna Corporation,3000,0,1.97,5910,0,8,Unrestricted,3000
08-04-2026,CM: Sienna GA,10-001528 REV-08,10-001528,"MC4 Pigtail, Female, 1250mm",Part,MTS,ATLN,RQ36,FALSE,Sienna Corporation,3000,0,1.97,5910,0,8,Unrestricted,3000
08-04-2026,CM: Sienna GA,10-001528 REV-08,10-001528,"MC4 Pigtail, Female, 1250mm",Part,MTS,ATLN,RIQC,FALSE,Sienna Corporation,16000,0,1.97,31520,0,8,Unrestricted,16000
08-04-2026,Lunar Netsuite,10-001535,10-001535,CAP CER 0.1UF 25V X7R 0603,Electrical Components,OTS,CCL (Computer Components Ltd),NS,FALSE,Lunar Energy,12000,0,0.0173,207.6,0,0,Unrestricted,12000
08-04-2026,CM: Sienna GA,10-001545 REV-01,10-001545,RES 499 OHM 1% 1/10W 0603 AEC-Q,Electrical Components,OTS,ATLN,MAIN,FALSE,Sienna Corporation,3220,0,0.0017,5.474,0,1,Unrestricted,3220
08-04-2026,CM: Sienna GA,10-001548 REV-01,10-001548,RES 0 OHM JUMPER 1/10W 0603,Electrical Components,OTS,ATLN,LINE,FALSE,Sienna Corporation,35000,0,0.0013,45.5,0,1,Unrestricted,35000
08-04-2026,CM: Sienna GA,10-001548 REV-01,10-001548,RES 0 OHM JUMPER 1/10W 0603,Electrical Components,OTS,ATLN,RIQC,FALSE,Sienna Corporation,260000,0,0.0013,338,0,1,Unrestricted,260000
08-04-2026,Lunar Netsuite,10-001548,10-001548,RES 0 OHM JUMPER 1/10W 0603,Electrical Components,OTS,NexGen Digital Inc,NS,FALSE,Lunar Energy,1150000,0,0.0013,1495,0,0,Unrestricted,1150000
08-04-2026,CM: Sienna GA,10-001548 REV-01,10-001548,RES 0 OHM JUMPER 1/10W 0603,Electrical Components,OTS,ATLN,MAIN,FALSE,Sienna Corporation,49067,0,0.0013,63.7871,0,1,Unrestricted,49067
08-04-2026,Lunar Netsuite,10-001548,10-001548,RES 0 OHM JUMPER 1/10W 0603,Electrical Components,OTS,JIT - Reno,NS,FALSE,Lunar Energy,1010000,0,0.0013,1313,0,0,Unrestricted,820000
08-04-2026,CM: Qualitel WA,814L-10-001548,10-001548,RES 0 OHM JUMPER 1/10W 0603,Electrical Components,OTS,"Seattle, WA",Stock,FALSE,Qualitel,28164,0,0.0007,19.7148,0,0,Unrestricted,28164
08-04-2026,CM: Sienna GA,10-001560 REV-01,10-001560,WL-SMCW SMT MONO-COLOR CHIP LED,Electrical Components,OTS,ATLN,RIQC,FALSE,Sienna Corporation,8000,0,0.072,576,0,1,Unrestricted,8000
08-04-2026,CM: Sienna GA,10-001560 REV-01,10-001560,WL-SMCW SMT MONO-COLOR CHIP LED,Electrical Components,OTS,ATLN,LINE,FALSE,Sienna Corporation,3177,0,0.072,228.744,0,1,Unrestricted,3177
08-04-2026,Lunar Netsuite,10-001560,10-001560,WL-SMCW SMT MONO-COLOR CHIP LED,Electrical Components,OTS,JIT - Reno,NS,FALSE,Lunar Energy,20000,0,0.072,1440,0,0,Unrestricted,14000
08-04-2026,Lunar Netsuite,10-001560,10-001560,WL-SMCW SMT MONO-COLOR CHIP LED,Electrical Components,OTS,CCL (Computer Components Ltd),NS,FALSE,Lunar Energy,295600,0,0.072,21283.2,0,0,Unrestricted,295600
08-04-2026,CM: Qualitel WA,814L-10-001560,10-001560,WL-SMCW SMT MONO-COLOR CHIP LED,Electrical Components,OTS,"Seattle, WA",Stock,FALSE,Qualitel,14605,0,0.072,1051.56,0,0,Unrestricted,14605
08-04-2026,Lunar Netsuite,10-001563,10-001563,RES SMD 39K OHM 5% 2W 2512,Electrical Components,OTS,CCL (Computer Components Ltd),NS,FALSE,Lunar Energy,16000,0,0.0997,1595.2,0,0,Unrestricted,16000
08-04-2026,CM: Sienna GA,10-001570 REV-01,10-001570,RES 4.99K OHM 1% 1/10W 0603 AEC-Q,Electrical Components,OTS,ATLN,MAIN,FALSE,Sienna Corporation,30000,0,0.0017,51,0,1,Unrestricted,30000
08-04-2026,CM: Qualitel WA,814L-10-001570,10-001570,RES 4.99K OHM 1% 1/10W 0603 AEC-Q,Electrical Components,OTS,"Seattle, WA",Stock,FALSE,Qualitel,25066,0,0.0014,35.0924,0,0,Unrestricted,25066
08-04-2026,CM: Sienna GA,10-001570 REV-01,10-001570,RES 4.99K OHM 1% 1/10W 0603 AEC-Q,Electrical Components,OTS,ATLN,LINE,FALSE,Sienna Corporation,8461,0,0.0017,14.3837,0,1,Unrestricted,8461
08-04-2026,CM: Sienna GA,10-001571 REV-01,10-001571,CAP CER 39PF 50V C0G/NP0 0603,Electrical Components,OTS,ATLN,PAMS,FALSE,Sienna Corporation,252000,0,0.004,1008,0,1,Unrestricted,252000
08-04-2026,CM: Sienna GA,10-001571 REV-01,10-001571,CAP CER 39PF 50V C0G/NP0 0603,Electrical Components,OTS,ATLN,LINE,FALSE,Sienna Corporation,17583,0,0.004,70.332,0,1,Unrestricted,17583
08-04-2026,CM: Sienna GA,10-001571 REV-01,10-001571,CAP CER 39PF 50V C0G/NP0 0603,Electrical Components,OTS,ATLN,MAIN,FALSE,Sienna Corporation,84000,0,0.004,336,0,1,Unrestricted,84000
08-04-2026,Lunar Netsuite,10-001572,10-001572,RES 249K OHM 1% 1/10W 0603,Electrical Components,OTS,JIT - Reno,NS,FALSE,Lunar Energy,115000,0,0.0014,161,0,0,Unrestricted,115000
08-04-2026,CM: Sienna GA,10-001572 REV-01,10-001572,RES 249K OHM 1% 1/10W 0603,Electrical Components,OTS,ATLN,LINE,FALSE,Sienna Corporation,16031,0,0.0008,12.8248,0,1,Unrestricted,16031
08-04-2026,CM: Sienna GA,10-001572 REV-01,10-001572,RES 249K OHM 1% 1/10W 0603,Electrical Components,OTS,ATLN,MAIN,FALSE,Sienna Corporation,185000,0,0.0008,148,0,1,Unrestricted,185000
08-04-2026,Lunar Netsuite,10-001572,10-001572,RES 249K OHM 1% 1/10W 0603,Electrical Components,OTS,NexGen Digital Inc,NS,FALSE,Lunar Energy,244452,0,0.0014,342.2328,0,0,Unrestricted,244452
08-04-2026,Lunar Netsuite,10-001573,10-001573,RES 634K OHM 1% 1/10W 0603,Electrical Components,OTS,CCL (Computer Components Ltd),NS,FALSE,Lunar Energy,344723,0,0.0014,482.6122,0,0,Unrestricted,344723
08-04-2026,CM: Sienna GA,10-001578 REV-1,10-001578,CONN 4P COAX HDR ASSY 180DEG COD A SHORT,Electrical Components,OTS,ATLN,LINE,FALSE,Sienna Corporation,1732,0,10.86,18809.52,0,1,Unrestricted,1732
08-04-2026,CM: Sienna GA,10-001578 REV-1,10-001578,CONN 4P COAX HDR ASSY 180DEG COD A SHORT,Electrical Components,OTS,ATLN,MAIN,FALSE,Sienna Corporation,601,0,10.86,6526.86,0,1,Unrestricted,601
08-04-2026,CM: Sienna GA,10-001578 REV-1,10-001578,CONN 4P COAX HDR ASSY 180DEG COD A SHORT,Electrical Components,OTS,ATLN,RI25,FALSE,Sienna Corporation,1920,0,10.86,20851.2,0,1,Unrestricted,1920
08-04-2026,CM: Sienna GA,10-001578 REV-1,10-001578,CONN 4P COAX HDR ASSY 180DEG COD A SHORT,Electrical Components,OTS,ATLN,RI45,FALSE,Sienna Corporation,3360,0,10.86,36489.6,0,1,Unrestricted,3360
08-04-2026,Lunar Netsuite,10-001580,10-001580,IC CURRENT SENSOR 8TISON AEC-Q,Electrical Components,OTS,Avnet,NS,FALSE,Lunar Energy,15000,0,1.25,18750,0,0,Unrestricted,15000
08-04-2026,CM: Celestica MX,10-0015803MS,10-001580,IC CURRENT SENSOR 8TISON AEC-Q,Electrical Components,OTS,Monterrey Prod,1000,FALSE,Celestica,3,0,2.37,7.11,0,0,Unrestricted,3
08-04-2026,Lunar Netsuite,10-001580,10-001580,IC CURRENT SENSOR 8TISON AEC-Q,Electrical Components,OTS,Sienna Corporation - GA,NS,FALSE,Lunar Energy,2500,0,1.25,3125,0,0,Unrestricted,0
08-04-2026,CM: Qualitel WA,814L-10-001580,10-001580,IC CURRENT SENSOR 8TISON AEC-Q,Electrical Components,OTS,"Seattle, WA",Stock,FALSE,Qualitel,12018,0,1.25,15022.5,0,0,Unrestricted,12018
08-04-2026,CM: Sienna GA,C10-001580 REV-2,10-001580,IC CURRENT SENSOR 8TISON AEC-Q,Electrical Components,OTS,ATLN,WS13,TRUE,Lunar Energy,2500,0,0,0,0,2,Unrestricted,2500
08-04-2026,Lunar Netsuite,10-001580,10-001580,IC CURRENT SENSOR 8TISON AEC-Q,Electrical Components,OTS,JIT - Reno,NS,FALSE,Lunar Energy,10510,0,1.3044,13709.244,0,0,Unrestricted,10510
08-04-2026,CM: Sienna GA,10-001581 REV-01,10-001581,SPEED & CURRENT SENSORS PG-TISON,Electrical Components,OTS,ATLN,RIQC,FALSE,Sienna Corporation,5000,0,2.53,12650,0,1,Unrestricted,5000
08-04-2026,CM: Sienna GA,10-001581 REV-01,10-001581,SPEED & CURRENT SENSORS PG-TISON,Electrical Components,OTS,ATLN,LINE,FALSE,Sienna Corporation,2078,0,2.53,5257.34,0,1,Unrestricted,2078
08-04-2026,CM: Qualitel WA,814L-10-001581,10-001581,SPEED & CURRENT SENSORS PG-TISON,Electrical Components,OTS,"Seattle, WA",Stock,FALSE,Qualitel,6219,0,1.27,7898.13,0,0,Unrestricted,6219
08-04-2026,CM: Sienna GA,10-001581 REV-01,10-001581,SPEED & CURRENT SENSORS PG-TISON,Electrical Components,OTS,ATLN,MAIN,FALSE,Sienna Corporation,565,0,2.53,1429.45,0,1,Unrestricted,565
08-04-2026,CM: Sienna GA,10-001583 REV-1,10-001583,TERM REDCUBE M3 9PIN PCB,Electrical Components,OTS,ATLN,LPAC,FALSE,Sienna Corporation,1017,0,0.46,467.82,0,1,Unrestricted,1017
08-04-2026,CM: Sienna GA,10-001583 REV-1,10-001583,TERM REDCUBE M3 9PIN PCB,Electrical Components,OTS,ATLN,LINE,FALSE,Sienna Corporation,1095,0,0.46,503.7,0,1,Unrestricted,1095
08-04-2026,CM: Sienna GA,10-001583 REV-1,10-001583,TERM REDCUBE M3 9PIN PCB,Electrical Components,OTS,ATLN,MAIN,FALSE,Sienna Corporation,27373,0,0.46,12591.58,0,1,Unrestricted,27373
08-04-2026,CM: Qualitel WA,814L-10-001583,10-001583,TERM REDCUBE M3 9PIN PCB,Electrical Components,OTS,"Seattle, WA",Stock,FALSE,Qualitel,34273,0,0.29,9939.17,0,0,Unrestricted,34273
08-04-2026,CM: Sienna GA,10-001595 REV-01,10-001595,ADDRESS LED DISC SERIAL RGB 1=10,Electrical Components,OTS,ATLN,RIQC,FALSE,Sienna Corporation,4000,0,0.214,856,0,1,Unrestricted,4000
08-04-2026,CM: Sienna GA,10-001595 REV-01,10-001595,ADDRESS LED DISC SERIAL RGB 1=10,Electrical Components,OTS,ATLN,MAIN,FALSE,Sienna Corporation,6130,0,0.214,1311.82,0,1,Unrestricted,6130
08-04-2026,CM: Sienna GA,10-001595 REV-01,10-001595,ADDRESS LED DISC SERIAL RGB 1=10,Electrical Components,OTS,ATLN,LINE,FALSE,Sienna Corporation,637,0,0.214,136.318,0,1,Unrestricted,637
08-04-2026,Lunar Netsuite,10-001598,10-001598,RES SMD 1K OHM 1% 1/10W 0603,Electrical Components,OTS,NexGen Digital Inc,NS,FALSE,Lunar Energy,1135000,0,0.0017,1929.5,0,0,Unrestricted,1135000
08-04-2026,CM: Sienna GA,10-001598 REV-01,10-001598,RES SMD 1K OHM 1% 1/10W 0603,Electrical Components,OTS,ATLN,MAIN,FALSE,Sienna Corporation,104998,0,0.0012,125.9976,0,1,Unrestricted,104998
08-04-2026,CM: Sienna GA,C10-001598 REV-01,10-001598,RES SMD 1K OHM 1% 1/10W 0603,Electrical Components,OTS,ATLN,WT51,TRUE,Lunar Energy,190000,0,0,0,0,1,Unrestricted,190000
08-04-2026,Lunar Netsuite,10-001598,10-001598,RES SMD 1K OHM 1% 1/10W 0603,Electrical Components,OTS,JIT - Reno,NS,FALSE,Lunar Energy,945500,0,0.0017,1607.35,0,0,Unrestricted,725500
08-04-2026,CM: Sienna GA,10-001598 REV-01,10-001598,RES SMD 1K OHM 1% 1/10W 0603,Electrical Components,OTS,ATLN,RIQC,FALSE,Sienna Corporation,260000,0,0.0012,312,0,1,Unrestricted,260000
08-04-2026,CM: Sienna GA,10-001598 REV-01,10-001598,RES SMD 1K OHM 1% 1/10W 0603,Electrical Components,OTS,ATLN,LINE,FALSE,Sienna Corporation,53968,0,0.0012,64.7616,0,1,Unrestricted,53968
08-04-2026,Lunar Netsuite,10-001598,10-001598,RES SMD 1K OHM 1% 1/10W 0603,Electrical Components,OTS,Sienna Corporation - GA,NS,FALSE,Lunar Energy,190000,0,0.0017,323,0,0,Unrestricted,0
08-04-2026,CM: Qualitel WA,814L-10-001602,10-001602,RES SMD 115K OHM 1% 1/10W 0603,Electrical Components,OTS,"Seattle, WA",MRB,FALSE,Qualitel,0,100,0.0012,0,0.12,0,Restricted,0
08-04-2026,Lunar Netsuite,10-001602,10-001602,RES SMD 115K OHM 1% 1/10W 0603,Electrical Components,OTS,CA - Ravendale,NS,FALSE,Lunar Energy,5000,0,0.0012,6,0,0,Unrestricted,5000
08-04-2026,CM: Qualitel WA,814L-10-001602,10-001602,RES SMD 115K OHM 1% 1/10W 0603,Electrical Components,OTS,"Seattle, WA",Stock,FALSE,Qualitel,31995,0,0.0012,38.394,0,0,Unrestricted,31995
08-04-2026,CM: Qualitel WA,814L-10-001602,10-001602,RES SMD 115K OHM 1% 1/10W 0603,Electrical Components,OTS,"Seattle, WA",PO Inspection,FALSE,Qualitel,0,100,0.0012,0,0.12,0,Restricted,0
08-04-2026,CM: Sienna GA,10-001610 REV-01,10-001610,DIODE SCHOTTKY 80V 1A SOD123 AEC-Q,Electrical Components,OTS,ATLN,MAIN,FALSE,Sienna Corporation,6000,0,0.026,156,0,1,Unrestricted,6000
08-04-2026,Lunar Netsuite,10-001610,10-001610,DIODE SCHOTTKY 80V 1A SOD123 AEC-Q,Electrical Components,OTS,JIT - Reno,NS,FALSE,Lunar Energy,39989,0,0.03,1199.67,0,0,Unrestricted,39989
08-04-2026,CM: Sienna GA,10-001610 REV-01,10-001610,DIODE SCHOTTKY 80V 1A SOD123 AEC-Q,Electrical Components,OTS,ATLN,LINE,FALSE,Sienna Corporation,6000,0,0.026,156,0,1,Unrestricted,6000
08-04-2026,CM: Qualitel WA,814L-10-001610,10-001610,DIODE SCHOTTKY 80V 1A SOD123 AEC-Q,Electrical Components,OTS,"Seattle, WA",Stock,FALSE,Qualitel,26155,0,0.026,680.03,0,0,Unrestricted,26155
08-04-2026,CM: Celestica MX,10-0016103MS,10-001610,DIODE SCHOTTKY 80V 1A SOD123 AEC-Q,Electrical Components,OTS,Monterrey Prod,1000,FALSE,Celestica,-6,0,0.0261,-0.1566,0,0,Unrestricted,-6
08-04-2026,CM: Sienna GA,C10-001611 REV-1,10-001611,DIODE ZENER 16V 500MW SOD123,Electrical Components,OTS,ATLN,WT51,TRUE,Lunar Energy,2832,0,0,0,0,1,Unrestricted,2832
08-04-2026,Lunar Netsuite,10-001611,10-001611,DIODE ZENER 16V 500MW SOD123,Electrical Components,OTS,Sienna Corporation - GA,NS,FALSE,Lunar Energy,2832,0,0.0148,41.9136,0,0,Unrestricted,0
08-04-2026,Lunar Netsuite,10-001611,10-001611,DIODE ZENER 16V 500MW SOD123,Electrical Components,OTS,JIT - Reno,NS,FALSE,Lunar Energy,68023,0,0.0148,1006.7404,0,0,Unrestricted,68023
08-04-2026,CM: Qualitel WA,814L-10-001611,10-001611,DIODE ZENER 16V 500MW SOD123,Electrical Components,OTS,"Seattle, WA",Stock,FALSE,Qualitel,73327,0,0.0119,872.5913,0,0,Unrestricted,73327
08-04-2026,CM: Celestica MX,10-0016113MS,10-001611,DIODE ZENER 16V 500MW SOD123,Electrical Components,OTS,Monterrey Prod,1000,FALSE,Celestica,-6,0,0.0113,-0.0678,0,0,Unrestricted,-6
08-04-2026,CM: Sienna GA,10-001622 REV-01,10-001622,CAP CER 0805 1NF 200V C0G 5% AEC-Q,Electrical Components,OTS,ATLN,MAIN,FALSE,Sienna Corporation,4000,0,0.018,72,0,1,Unrestricted,4000
08-04-2026,CM: Qualitel WA,814L-10-001622,10-001622,CAP CER 0805 1NF 200V C0G 5% AEC-Q,Electrical Components,OTS,"Seattle, WA",Stock,FALSE,Qualitel,2743,0,0.0269,73.7867,0,0,Unrestricted,2743
08-04-2026,CM: Sienna GA,10-001622 REV-01,10-001622,CAP CER 0805 1NF 200V C0G 5% AEC-Q,Electrical Components,OTS,ATLN,LINE,FALSE,Sienna Corporation,7406,0,0.018,133.308,0,1,Unrestricted,7406
08-04-2026,CM: Qualitel WA,814L-10-001625,10-001625,CAP CER 100PF 630V C0G/NP0 1206 AEC-Q,Electrical Components,OTS,"Seattle, WA",Stock,FALSE,Qualitel,3732,0,0.0578,215.7096,0,0,Unrestricted,3732
08-04-2026,CM: Sienna GA,10-001625 REV-01,10-001625,CAP CER 100PF 630V C0G/NP0 1206 AEC-Q,Electrical Components,OTS,ATLN,LINE,FALSE,Sienna Corporation,1030,0,0.059,60.77,0,1,Unrestricted,1030
08-04-2026,Lunar Netsuite,10-001625,10-001625,CAP CER 100PF 630V C0G/NP0 1206 AEC-Q,Electrical Components,OTS,JIT - Reno,NS,FALSE,Lunar Energy,2327,0,0.0986,229.4422,0,0,Unrestricted,2327
08-04-2026,CM: Sienna GA,10-001625 REV-01,10-001625,CAP CER 100PF 630V C0G/NP0 1206 AEC-Q,Electrical Components,OTS,ATLN,MAIN,FALSE,Sienna Corporation,7500,0,0.059,442.5,0,1,Unrestricted,7500
08-04-2026,CM: Qualitel WA,814L-10-001634,10-001634,RES 8.45K OHM 1% 1/4W 0805 AEC-Q,Electrical Components,OTS,"Seattle, WA",Stock,FALSE,Qualitel,8733,0,0.004,34.932,0,0,Unrestricted,8733
08-04-2026,CM: Sienna GA,10-001634 REV-01,10-001634,RES 8.45K OHM 1% 1/4W 0805 AEC-Q,Electrical Components,OTS,ATLN,LINE,FALSE,Sienna Corporation,7351,0,0.0036,26.4636,0,1,Unrestricted,7351
08-04-2026,Lunar Netsuite,10-001637,10-001637,CAP CER 4.7UF 100V X7R 2220,Electrical Components,OTS,CCL (Computer Components Ltd),NS,FALSE,Lunar Energy,346000,0,0.698,241508,0,0,Unrestricted,346000
08-04-2026,Lunar Netsuite,10-001637,10-001637,CAP CER 4.7UF 100V X7R 2220,Electrical Components,OTS,Sienna Corporation - GA,NS,FALSE,Lunar Energy,8000,0,0.698,5584,0,0,Unrestricted,0
08-04-2026,CM: Sienna GA,C10-001637 REV-01,10-001637,CAP CER 4.7UF 100V X7R 2220,Electrical Components,OTS,ATLN,WR84,TRUE,Lunar Energy,8000,0,0,0,0,1,Unrestricted,8000
08-04-2026,CM: Sienna GA,10-001641 REV-02,10-001641,CAP CER 22UF 25V X7R 1210,Electrical Components,OTS,ATLN,LINE,FALSE,Sienna Corporation,6805,0,0.14,952.7,0,2,Unrestricted,6805
08-04-2026,Lunar Netsuite,10-001641,10-001641,CAP CER 22UF 25V X7R 1210,Electrical Components,OTS,Avnet,NS,FALSE,Lunar Energy,8000,0,0.188,1504,0,0,Unrestricted,8000
08-04-2026,CM: Sienna GA,C10-001641 REV-02,10-001641,CAP CER 22UF 25V X7R 1210,Electrical Components,OTS,ATLN,WT63,TRUE,Lunar Energy,8000,0,0,0,0,2,Unrestricted,8000
08-04-2026,CM: Qualitel WA,814L-10-001641,10-001641,CAP CER 22UF 25V X7R 1210,Electrical Components,OTS,"Seattle, WA",Stock,FALSE,Qualitel,69062,0,0.093,6422.766,0,0,Unrestricted,69062
08-04-2026,CM: Sienna GA,10-001641 REV-02,10-001641,CAP CER 22UF 25V X7R 1210,Electrical Components,OTS,ATLN,RIQC,FALSE,Sienna Corporation,12000,0,0.14,1680,0,2,Unrestricted,12000
08-04-2026,CM: Sienna GA,10-001641 REV-02,10-001641,CAP CER 22UF 25V X7R 1210,Electrical Components,OTS,ATLN,MAIN,FALSE,Sienna Corporation,89923,0,0.14,12589.22,0,2,Unrestricted,89923
08-04-2026,CM: Sienna GA,10-001641 REV-02,10-001641,CAP CER 22UF 25V X7R 1210,Electrical Components,OTS,ATLN,LPAC,FALSE,Sienna Corporation,6077,0,0.14,850.78,0,2,Unrestricted,6077
08-04-2026,Lunar Netsuite,10-001641,10-001641,CAP CER 22UF 25V X7R 1210,Electrical Components,OTS,Sienna Corporation - GA,NS,FALSE,Lunar Energy,8000,0,0.1882,1505.6,0,0,Unrestricted,0
08-04-2026,CM: Sienna GA,C10-001643 REV-1,10-001643,TVS DIODE 30VWM 48.4VC SOD123FL AEC-Q,Electrical Components,OTS,ATLN,WR34,TRUE,Lunar Energy,330,0,0,0,0,1,Unrestricted,330
08-04-2026,Lunar Netsuite,10-001643,10-001643,TVS DIODE 30VWM 48.4VC SOD123FL AEC-Q,Electrical Components,OTS,NexGen Digital Inc,NS,FALSE,Lunar Energy,51516,0,0.0984,5069.1744,0,0,Unrestricted,51516
08-04-2026,Lunar Netsuite,10-001643,10-001643,TVS DIODE 30VWM 48.4VC SOD123FL AEC-Q,Electrical Components,OTS,Sienna Corporation - GA,NS,FALSE,Lunar Energy,330,0,0.0984,32.472,0,0,Unrestricted,0
08-04-2026,CM: Celestica MX,10-0016433MS,10-001643,TVS DIODE 30VWM 48.4VC SOD123FL AEC-Q,Electrical Components,OTS,Monterrey Prod,1000,FALSE,Celestica,-4,0,0.118,-0.472,0,0,Unrestricted,-4
08-04-2026,Lunar Netsuite,10-001643,10-001643,TVS DIODE 30VWM 48.4VC SOD123FL AEC-Q,Electrical Components,OTS,JIT - Reno,NS,FALSE,Lunar Energy,158660,0,0.0928,14723.648,0,0,Unrestricted,158660
08-04-2026,Lunar Netsuite,10-001644,10-001644,FUSE BOARD MNT 2A 63VAC/VDC 1206,Electrical Components,OTS,NexGen Digital Inc,NS,FALSE,Lunar Energy,79800,0,0.25,19950,0,0,Unrestricted,79800
08-04-2026,CM: Celestica MX,10-0016443MS,10-001644,FUSE BOARD MNT 2A 63VAC/VDC 1206,Electrical Components,OTS,Monterrey Prod,1000,FALSE,Celestica,-2,0,0.2875,-0.575,0,0,Unrestricted,-2
08-04-2026,Lunar Netsuite,10-001644,10-001644,FUSE BOARD MNT 2A 63VAC/VDC 1206,Electrical Components,OTS,JIT - Reno,NS,FALSE,Lunar Energy,35000,0,0.25,8750,0,0,Unrestricted,35000
08-04-2026,CM: Qualitel WA,814L-10-001644,10-001644,FUSE BOARD MNT 2A 63VAC/VDC 1206,Electrical Components,OTS,"Seattle, WA",Stock,FALSE,Qualitel,22162,0,0.342,7579.404,0,0,Unrestricted,22162
08-04-2026,CM: Celestica MX,10-0016453MS,10-001645,"Screw,4-20X PLAST 0.375 in,BHT,T/F,Steel",Part,OTS,Monterrey Prod,1000,FALSE,Celestica,-72,0,0.1029,-7.4088,0,0,Unrestricted,-72
08-04-2026,Lunar Netsuite,10-001645,10-001645,"Screw,4-20X PLAST 0.375 in,BHT,T/F,Steel",Part,OTS,CA - Ravendale,NS,FALSE,Lunar Energy,140,0,0.0509,7.126,0,0,Unrestricted,140
08-04-2026,CM: Qualitel WA,814L-10-001645,10-001645,"Screw,4-20X PLAST 0.375 in,BHT,T/F,Steel",Part,OTS,"Seattle, WA",Stock,FALSE,Qualitel,135911,0,0.058,7882.838,0,0,Unrestricted,135911
08-04-2026,Lunar Netsuite,10-001646,10-001646,Bridge Rectifier DBS 1KV 2A,Electrical Components,OTS,CCL (Computer Components Ltd),NS,FALSE,Lunar Energy,24000,0,0.09,2160,0,0,Unrestricted,24000
08-04-2026,CM: Sienna GA,10-001651 REV-01,10-001651,THERMISTOR NTC 10KOHM 3380K 0603,Electrical Components,OTS,ATLN,LINE,FALSE,Sienna Corporation,11290,0,0.0275,310.475,0,1,Unrestricted,11290
08-04-2026,CM: Sienna GA,10-001651 REV-01,10-001651,THERMISTOR NTC 10KOHM 3380K 0603,Electrical Components,OTS,ATLN,RIQC,FALSE,Sienna Corporation,8000,0,0.0275,220,0,1,Unrestricted,8000
08-04-2026,CM: Sienna GA,C10-001651 REV-01,10-001651,THERMISTOR NTC 10KOHM 3380K 0603,Electrical Components,OTS,ATLN,WS14,TRUE,Lunar Energy,80000,0,0,0,0,1,Unrestricted,80000
08-04-2026,CM: Qualitel WA,814L-10-001651,10-001651,THERMISTOR NTC 10KOHM 3380K 0603,Electrical Components,OTS,"Seattle, WA",Stock,FALSE,Qualitel,11723,0,0.0403,472.4369,0,0,Unrestricted,11723
08-04-2026,CM: Celestica MX,10-0016513MS,10-001651,THERMISTOR NTC 10KOHM 3380K 0603,Electrical Components,OTS,Monterrey Prod,1000,FALSE,Celestica,-4,0,0.0275,-0.11,0,0,Unrestricted,-4
08-04-2026,Lunar Netsuite,10-001651,10-001651,THERMISTOR NTC 10KOHM 3380K 0603,Electrical Components,OTS,JIT - Reno,NS,FALSE,Lunar Energy,2070,0,0.0334,69.138,0,0,Unrestricted,2070
08-04-2026,Lunar Netsuite,10-001651,10-001651,THERMISTOR NTC 10KOHM 3380K 0603,Electrical Components,OTS,Avnet,NS,FALSE,Lunar Energy,40000,0,0.0275,1100,0,0,Unrestricted,40000
08-04-2026,Lunar Netsuite,10-001651,10-001651,THERMISTOR NTC 10KOHM 3380K 0603,Electrical Components,OTS,Sienna Corporation - GA,NS,FALSE,Lunar Energy,168000,0,0.0276,4636.8,0,0,Unrestricted,156000
08-04-2026,CM: Sienna GA,C10-001651 REV-01,10-001651,THERMISTOR NTC 10KOHM 3380K 0603,Electrical Components,OTS,ATLN,WS23,TRUE,Lunar Energy,88000,0,0,0,0,1,Unrestricted,88000
08-04-2026,CM: Sienna GA,10-001651 REV-01,10-001651,THERMISTOR NTC 10KOHM 3380K 0603,Electrical Components,OTS,ATLN,PAMS,FALSE,Sienna Corporation,17712,0,0.0275,487.08,0,1,Unrestricted,17712
08-04-2026,CM: Sienna GA,10-001651 REV-01,10-001651,THERMISTOR NTC 10KOHM 3380K 0603,Electrical Components,OTS,ATLN,MAIN,FALSE,Sienna Corporation,11000,0,0.0275,302.5,0,1,Unrestricted,11000
08-04-2026,Lunar Netsuite,10-001653,10-001653,CAP CER 1500PF 250V NONSTND SMD,Electrical Components,OTS,JIT - Reno,NS,FALSE,Lunar Energy,1405,0,0.594,834.57,0,0,Unrestricted,1405
08-04-2026,Lunar Netsuite,10-001653,10-001653,CAP CER 1500PF 250V NONSTND SMD,Electrical Components,OTS,Avnet,NS,FALSE,Lunar Energy,15000,0,0.245,3675,0,0,Unrestricted,15000
08-04-2026,Lunar Netsuite,10-001653,10-001653,CAP CER 1500PF 250V NONSTND SMD,Electrical Components,OTS,NexGen Digital Inc,NS,FALSE,Lunar Energy,45000,0,0.245,11025,0,0,Unrestricted,45000
08-04-2026,CM: Sienna GA,10-001653 REV-01,10-001653,CAP CER 1500PF 250V NONSTND SMD,Electrical Components,OTS,ATLN,LINE,FALSE,Sienna Corporation,5961,0,0.245,1460.445,0,1,Unrestricted,5961
08-04-2026,CM: Sienna GA,10-001653 REV-01,10-001653,CAP CER 1500PF 250V NONSTND SMD,Electrical Components,OTS,ATLN,MAIN,FALSE,Sienna Corporation,25,0,0.245,6.125,0,1,Unrestricted,25
08-04-2026,CM: Sienna GA,10-001654 REV-01,10-001654,CAP CER 0.22UF 10V X7R 0402,Electrical Components,OTS,ATLN,MAIN,FALSE,Sienna Corporation,290453,0,0.005,1452.265,0,1,Unrestricted,290453
08-04-2026,CM: Sienna GA,10-001654 REV-01,10-001654,CAP CER 0.22UF 10V X7R 0402,Electrical Components,OTS,ATLN,LINE,FALSE,Sienna Corporation,21453,0,0.005,107.265,0,1,Unrestricted,21453
08-04-2026,CM: Qualitel WA,814L-10-001654,10-001654,CAP CER 0.22UF 10V X7R 0402,Electrical Components,OTS,"Seattle, WA",Stock,FALSE,Qualitel,7144,0,0.0034,24.2896,0,0,Unrestricted,7144
08-04-2026,CM: Sienna GA,10-001658 REV-01,10-001658,CAP CER 1UF 100V X7S 0805 AEC-Q,Electrical Components,OTS,ATLN,LINE,FALSE,Sienna Corporation,4849,0,0.09,436.41,0,1,Unrestricted,4849
08-04-2026,CM: Qualitel WA,814L-10-001658,10-001658,CAP CER 1UF 100V X7S 0805 AEC-Q,Electrical Components,OTS,"Seattle, WA",Stock,FALSE,Qualitel,1750,0,0.0646,113.05,0,0,Unrestricted,1750
08-04-2026,CM: Sienna GA,10-001662 REV-1,10-001662,CAP CER 27PF 1KV C0G/NP0 1206,Electrical Components,OTS,ATLN,LINE,FALSE,Sienna Corporation,5761,0,0.0136,78.3496,0,1,Unrestricted,5761
08-04-2026,CM: Sienna GA,10-001662 REV-1,10-001662,CAP CER 27PF 1KV C0G/NP0 1206,Electrical Components,OTS,ATLN,MAIN,FALSE,Sienna Corporation,4000,0,0.0136,54.4,0,1,Unrestricted,4000
08-04-2026,CM: Celestica MX,10-0016633MS,10-001663,CAP CER 47UF 6.3V X7R 1210 AEC-Q,Electrical Components,OTS,Monterrey Prod,1000,FALSE,Celestica,-4,0,0.277,-1.108,0,0,Unrestricted,-4
08-04-2026,CM: Qualitel WA,814L-10-001663,10-001663,CAP CER 47UF 6.3V X7R 1210 AEC-Q,Electrical Components,OTS,"Seattle, WA",Stock,FALSE,Qualitel,24147,0,0.217,5239.899,0,0,Unrestricted,24147
08-04-2026,Lunar Netsuite,10-001663,10-001663,CAP CER 47UF 6.3V X7R 1210 AEC-Q,Electrical Components,OTS,JIT - Reno,NS,FALSE,Lunar Energy,41860,0,0.2317,9698.962,0,0,Unrestricted,23000
08-04-2026,CM: Sienna GA,10-001663 REV-02,10-001663,CAP CER 47UF 6.3V X7R 1210 AEC-Q,Electrical Components,OTS,ATLN,RIQC,FALSE,Sienna Corporation,7000,0,0.277,1939,0,2,Unrestricted,7000
08-04-2026,CM: Sienna GA,10-001663 REV-02,10-001663,CAP CER 47UF 6.3V X7R 1210 AEC-Q,Electrical Components,OTS,ATLN,LINE,FALSE,Sienna Corporation,1071,0,0.277,296.667,0,2,Unrestricted,1071
08-04-2026,CM: Sienna GA,C10-001664 REV-01,10-001664,CAP CER 4.7UF 100V X7S 1210 AEC-Q,Electrical Components,OTS,ATLN,WR31,TRUE,Lunar Energy,11000,0,0,0,0,1,Unrestricted,11000
08-04-2026,CM: Qualitel WA,814L-10-001664,10-001664,CAP CER 4.7UF 100V X7S 1210 AEC-Q,Electrical Components,OTS,"Seattle, WA",Stock,FALSE,Qualitel,73282,0,0.236,17294.552,0,0,Unrestricted,73282
08-04-2026,CM: Sienna GA,10-001664 REV-01,10-001664,CAP CER 4.7UF 100V X7S 1210 AEC-Q,Electrical Components,OTS,ATLN,LINE,FALSE,Sienna Corporation,1882,0,0.286,538.252,0,1,Unrestricted,1882
08-04-2026,CM: Sienna GA,C10-001664 REV-01,10-001664,CAP CER 4.7UF 100V X7S 1210 AEC-Q,Electrical Components,OTS,ATLN,WR22,TRUE,Lunar Energy,31000,0,0,0,0,1,Unrestricted,31000
08-04-2026,CM: Sienna GA,10-001664 REV-01,10-001664,CAP CER 4.7UF 100V X7S 1210 AEC-Q,Electrical Components,OTS,ATLN,MAIN,FALSE,Sienna Corporation,4996,0,0.286,1428.856,0,1,Unrestricted,4996
08-04-2026,CM: Celestica MX,10-0016643MS,10-001664,CAP CER 4.7UF 100V X7S 1210 AEC-Q,Electrical Components,OTS,Monterrey Prod,1000,FALSE,Celestica,-10,0,0.286,-2.86,0,0,Unrestricted,-10
08-04-2026,Lunar Netsuite,10-001664,10-001664,CAP CER 4.7UF 100V X7S 1210 AEC-Q,Electrical Components,OTS,Sienna Corporation - GA,NS,FALSE,Lunar Energy,42000,0,0.2965,12453,0,0,Unrestricted,40000
08-04-2026,Lunar Netsuite,10-001667,10-001667,DIODE ZENER 62V 590MW SOD123,Electrical Components,OTS,JIT - Reno,NS,FALSE,Lunar Energy,6150,0,0.0228,140.22,0,0,Unrestricted,6150
08-04-2026,Lunar Netsuite,10-001667,10-001667,DIODE ZENER 62V 590MW SOD123,Electrical Components,OTS,CCL (Computer Components Ltd),NS,FALSE,Lunar Energy,80554,0,0.0186,1498.3044,0,0,Unrestricted,80554
08-04-2026,Lunar Netsuite,10-001671,10-001671,HIGH POWER SWITCHING AC LATCHING,Electrical Components,OTS,CCL (Computer Components Ltd),NS,FALSE,Lunar Energy,31600,0,4.8,151680,0,0,Unrestricted,31600
08-04-2026,CM: Sienna GA,C10-001672 REV-A,10-001672,RELAY GEN PURPOSE SPDT 10A 12V,Electrical Components,OTS,ATLN,WT11,TRUE,Lunar Energy,1000,0,0,0,0,,Unrestricted,1000
08-04-2026,Lunar Netsuite,10-001672,10-001672,RELAY GEN PURPOSE SPDT 10A 12V,Electrical Components,OTS,JIT - Reno,NS,FALSE,Lunar Energy,300,0,0.6805,204.15,0,0,Unrestricted,300
08-04-2026,CM: Qualitel WA,814L-10-001672,10-001672,RELAY GEN PURPOSE SPDT 10A 12V,Electrical Components,OTS,"Seattle, WA",Stock,FALSE,Qualitel,9279,0,0.736,6829.344,0,0,Unrestricted,9279
08-04-2026,Lunar Netsuite,10-001672,10-001672,RELAY GEN PURPOSE SPDT 10A 12V,Electrical Components,OTS,Sienna Corporation - GA,NS,FALSE,Lunar Energy,1001,0,0.6805,681.1805,0,0,Unrestricted,0
08-04-2026,CM: Sienna GA,10-001672 REV-01,10-001672,RELAY GEN PURPOSE SPDT 10A 12V,Electrical Components,OTS,ATLN,LINE,FALSE,Sienna Corporation,1007,0,0.56,563.92,0,1,Unrestricted,1007
08-04-2026,CM: Sienna GA,10-001672 REV-01,10-001672,RELAY GEN PURPOSE SPDT 10A 12V,Electrical Components,OTS,ATLN,MAIN,FALSE,Sienna Corporation,3375,0,0.56,1890,0,1,Unrestricted,3375
08-04-2026,CM: Sienna GA,10-001672 REV-01,10-001672,RELAY GEN PURPOSE SPDT 10A 12V,Electrical Components,OTS,ATLN,LPAC,FALSE,Sienna Corporation,625,0,0.56,350,0,1,Unrestricted,625
08-04-2026,CM: Sienna GA,10-001672 REV-01,10-001672,RELAY GEN PURPOSE SPDT 10A 12V,Electrical Components,OTS,ATLN,RK44,FALSE,Sienna Corporation,5000,0,0.56,2800,0,1,Unrestricted,5000
08-04-2026,CM: Sienna GA,C10-001672 REV-A,10-001672,RELAY GEN PURPOSE SPDT 10A 12V,Electrical Components,OTS,ATLN,WS22,TRUE,Lunar Energy,1,0,0,0,0,,Unrestricted,1
08-04-2026,CM: Sienna GA,10-001674 REV-01,10-001674,DIODE GEN PURP 600V 1A SMA,Electrical Components,OTS,ATLN,MAIN,FALSE,Sienna Corporation,30000,0,0.0653,1959,0,1,Unrestricted,30000
08-04-2026,CM: Qualitel WA,814L-10-001674,10-001674,DIODE GEN PURP 600V 1A SMA,Electrical Components,OTS,"Seattle, WA",Stock,FALSE,Qualitel,22512,0,0.0432,972.5184,0,0,Unrestricted,22512
08-04-2026,CM: Sienna GA,10-001674 REV-01,10-001674,DIODE GEN PURP 600V 1A SMA,Electrical Components,OTS,ATLN,LINE,FALSE,Sienna Corporation,3590,0,0.0653,234.427,0,1,Unrestricted,3590
08-04-2026,CM: Sienna GA,10-001676 REV-01,10-001676,FIXED IND 6.8UH 4.5A 50.16 MOHM AEC-Q,Electrical Components,OTS,ATLN,MAIN,FALSE,Sienna Corporation,8000,0,0.31,2480,0,1,Unrestricted,8000
08-04-2026,CM: Qualitel WA,814L-10-001676,10-001676,FIXED IND 6.8UH 4.5A 50.16 MOHM AEC-Q,Electrical Components,OTS,"Seattle, WA",Stock,FALSE,Qualitel,2429,0,0.004,9.716,0,0,Unrestricted,2429
08-04-2026,CM: Sienna GA,10-001676 REV-01,10-001676,FIXED IND 6.8UH 4.5A 50.16 MOHM AEC-Q,Electrical Components,OTS,ATLN,LINE,FALSE,Sienna Corporation,4449,0,0.31,1379.19,0,1,Unrestricted,4449
08-04-2026,Lunar Netsuite,10-001676,10-001676,FIXED IND 6.8UH 4.5A 50.16 MOHM AEC-Q,Electrical Components,OTS,CA - Ravendale,NS,FALSE,Lunar Energy,1000,0,0.423,423,0,0,Unrestricted,1000
08-04-2026,Lunar Netsuite,10-001679,10-001679,RES SMD 120 OHM 5% 1/8W 0805,Electrical Components,OTS,CCL (Computer Components Ltd),NS,FALSE,Lunar Energy,10000,0,0.0058,58,0,0,Unrestricted,10000
08-04-2026,CM: Qualitel WA,814L-10-001681,10-001681,RES SMD 27 OHM 5% 1/2W 0805 AEC-Q,Electrical Components,OTS,"Seattle, WA",Stock,FALSE,Qualitel,93972,0,0.0068,639.0096,0,0,Unrestricted,93972
08-04-2026,CM: Sienna GA,10-001681 REV-01,10-001681,RES SMD 27 OHM 5% 1/2W 0805 AEC-Q,Electrical Components,OTS,ATLN,MAIN,FALSE,Sienna Corporation,75000,0,0.0099,742.5,0,1,Unrestricted,75000
08-04-2026,CM: Sienna GA,10-001681 REV-01,10-001681,RES SMD 27 OHM 5% 1/2W 0805 AEC-Q,Electrical Components,OTS,ATLN,LINE,FALSE,Sienna Corporation,51404,0,0.0099,508.8996,0,1,Unrestricted,51404
08-04-2026,CM: Qualitel WA,814L-10-001684,10-001684,RES SMD 3K OHM 5% 1/4W 1206 AEC-Q,Electrical Components,OTS,"Seattle, WA",Stock,FALSE,Qualitel,32114,0,0.0028,89.9192,0,0,Unrestricted,32114
08-04-2026,CM: Celestica MX,10-0016843MS,10-001684,RES SMD 3K OHM 5% 1/4W 1206 AEC-Q,Electrical Components,OTS,Monterrey Prod,1000,FALSE,Celestica,-4,0,0.012,-0.048,0,0,Unrestricted,-4
08-04-2026,Lunar Netsuite,10-001685,10-001685,RES SMD 845K OHM 1% 1/4W 1206,Electrical Components,OTS,Avnet,NS,FALSE,Lunar Energy,40000,0,0.0151,604,0,0,Unrestricted,40000
08-04-2026,Lunar Netsuite,10-001685,10-001685,RES SMD 845K OHM 1% 1/4W 1206,Electrical Components,OTS,CCL (Computer Components Ltd),NS,FALSE,Lunar Energy,645814,0,0.0149,9622.6286,0,0,Unrestricted,645814
08-04-2026,Lunar Netsuite,10-001686,10-001686,RES SMD 1K OHM 5% 2/3W 1206,Electrical Components,OTS,CCL (Computer Components Ltd),NS,FALSE,Lunar Energy,135000,0,0.012,1620,0,0,Unrestricted,135000
08-04-2026,CM: Sienna GA,10-001688 REV-1,10-001688,RES SMD 1 OHM 5% 1/2W 1210,Electrical Components,OTS,ATLN,MAIN,FALSE,Sienna Corporation,20000,0,0.022,440,0,1,Unrestricted,20000
08-04-2026,CM: Sienna GA,10-001688 REV-1,10-001688,RES SMD 1 OHM 5% 1/2W 1210,Electrical Components,OTS,ATLN,LINE,FALSE,Sienna Corporation,2874,0,0.022,63.228,0,1,Unrestricted,2874
08-04-2026,CM: Qualitel WA,814L-10-001688,10-001688,RES SMD 1 OHM 5% 1/2W 1210,Electrical Components,OTS,"Seattle, WA",Stock,FALSE,Qualitel,17692,0,0.017,300.764,0,0,Unrestricted,17692
08-04-2026,Lunar Netsuite,10-001695,10-001695,CAP CER 6800PF 50V X7R 0603,Electrical Components,OTS,CCL (Computer Components Ltd),NS,FALSE,Lunar Energy,96000,0,0.0028,268.8,0,0,Unrestricted,96000
08-04-2026,CM: Sienna GA,10-001697 REV-01,10-001697,CAP CER 10UF 25V X7R 1206,Electrical Components,OTS,ATLN,LPAC,FALSE,Sienna Corporation,0,0,0.045,0,0,1,Unrestricted,0
08-04-2026,CM: Qualitel WA,814L-10-001697,10-001697,CAP CER 10UF 25V X7R 1206,Electrical Components,OTS,"Seattle, WA",PO Inspection,FALSE,Qualitel,0,500,0.04,0,20,0,Restricted,0
08-04-2026,CM: Sienna GA,10-001697 REV-01,10-001697,CAP CER 10UF 25V X7R 1206,Electrical Components,OTS,ATLN,LINE,FALSE,Sienna Corporation,221886,0,0.045,9984.87,0,1,Unrestricted,221886
08-04-2026,CM: Qualitel WA,814L-10-001697,10-001697,CAP CER 10UF 25V X7R 1206,Electrical Components,OTS,"Seattle, WA",MRB,FALSE,Qualitel,0,500,0.04,0,20,0,Restricted,0
08-04-2026,CM: Qualitel WA,814L-10-001697,10-001697,CAP CER 10UF 25V X7R 1206,Electrical Components,OTS,"Seattle, WA",Stock,FALSE,Qualitel,149490,0,0.04,5979.6,0,0,Unrestricted,149490
08-04-2026,CM: Sienna GA,10-001697 REV-01,10-001697,CAP CER 10UF 25V X7R 1206,Electrical Components,OTS,ATLN,MAIN,FALSE,Sienna Corporation,48000,0,0.045,2160,0,1,Unrestricted,48000
08-04-2026,CM: Sienna GA,10-001697 REV-01,10-001697,CAP CER 10UF 25V X7R 1206,Electrical Components,OTS,ATLN,RIQC,FALSE,Sienna Corporation,222000,0,0.045,9990,0,1,Unrestricted,222000
08-04-2026,Lunar Netsuite,10-001697,10-001697,CAP CER 10UF 25V X7R 1206,Electrical Components,OTS,Avnet,NS,FALSE,Lunar Energy,410000,0,0.0445,18245,0,0,Unrestricted,4000
08-04-2026,CM: Qualitel WA,814L-10-001702,10-001702,RES 1M OHM 1% 1/10W 0603 AEC-Q,Electrical Components,OTS,"Seattle, WA",Stock,FALSE,Qualitel,29189,0,0.0009,26.2701,0,0,Unrestricted,29189
08-04-2026,CM: Sienna GA,10-001702 REV-01,10-001702,RES 1M OHM 1% 1/10W 0603 AEC-Q,Electrical Components,OTS,ATLN,MAIN,FALSE,Sienna Corporation,840000,0,0.002,1680,0,1,Unrestricted,840000
08-04-2026,CM: Celestica MX,10-0017023MS,10-001702,RES 1M OHM 1% 1/10W 0603 AEC-Q,Electrical Components,OTS,Monterrey Prod,1000,FALSE,Celestica,-4,0,0.0017,-0.0068,0,0,Unrestricted,-4
08-04-2026,CM: Sienna GA,10-001702 REV-01,10-001702,RES 1M OHM 1% 1/10W 0603 AEC-Q,Electrical Components,OTS,ATLN,LINE,FALSE,Sienna Corporation,213891,0,0.002,427.782,0,1,Unrestricted,213891
08-04-2026,Lunar Netsuite,10-001704,10-001704,RES 0 OHM JUMPER 1/4W 1206 AEC-Q,Electrical Components,OTS,NexGen Digital Inc,NS,FALSE,Lunar Energy,29900,0,0.0028,83.72,0,0,Unrestricted,29900
08-04-2026,CM: Sienna GA,10-001704 REV-01,10-001704,RES 0 OHM JUMPER 1/4W 1206 AEC-Q,Electrical Components,OTS,ATLN,LINE,FALSE,Sienna Corporation,80849,0,0.0026,210.2074,0,1,Unrestricted,80849
08-04-2026,CM: Qualitel WA,814L-10-001704,10-001704,RES 0 OHM JUMPER 1/4W 1206 AEC-Q,Electrical Components,OTS,"Seattle, WA",Stock,FALSE,Qualitel,24610,0,0.0023,56.603,0,0,Unrestricted,24610
08-04-2026,CM: Sienna GA,10-001704 REV-01,10-001704,RES 0 OHM JUMPER 1/4W 1206 AEC-Q,Electrical Components,OTS,ATLN,MAIN,FALSE,Sienna Corporation,40000,0,0.0026,104,0,1,Unrestricted,40000
08-04-2026,Lunar Netsuite,10-001707,10-001707,"Diode, Field-Effect Rectifier, 100 V 40 A",Electrical Components,OTS,CCL (Computer Components Ltd),NS,FALSE,Lunar Energy,186878,0,0.4575,85496.685,0,0,Unrestricted,186878
08-04-2026,CM: Sienna GA,10-001707 REV-01,10-001707,"Diode, Field-Effect Rectifier, 100 V 40 A",Electrical Components,OTS,ATLN,MAIN,FALSE,Sienna Corporation,18972,0,0.4845,9191.934,0,1,Unrestricted,18972
08-04-2026,CM: Sienna GA,10-001707 REV-01,10-001707,"Diode, Field-Effect Rectifier, 100 V 40 A",Electrical Components,OTS,ATLN,LINE,FALSE,Sienna Corporation,13890,0,0.4845,6729.705,0,1,Unrestricted,13890
08-04-2026,Lunar Netsuite,10-001707,10-001707,"Diode, Field-Effect Rectifier, 100 V 40 A",Electrical Components,OTS,JIT - Reno,NS,FALSE,Lunar Energy,239499,0,0.44,105379.56,0,0,Unrestricted,202555
08-04-2026,CM: Sienna GA,10-001707 REV-01,10-001707,"Diode, Field-Effect Rectifier, 100 V 40 A",Electrical Components,OTS,ATLN,LPAC,FALSE,Sienna Corporation,0,0,0.4845,0,0,1,Unrestricted,0
08-04-2026,CM: Sienna GA,10-001707 REV-01,10-001707,"Diode, Field-Effect Rectifier, 100 V 40 A",Electrical Components,OTS,ATLN,RIQC,FALSE,Sienna Corporation,17000,0,0.4845,8236.5,0,1,Unrestricted,17000
08-04-2026,CM: Qualitel WA,814L-10-001710,10-001710,DIODE SCHOTTKY 40V 2A SOD123W,Electrical Components,OTS,"Seattle, WA",Stock,FALSE,Qualitel,21231,0,0.0262,556.2522,0,0,Unrestricted,21231
08-04-2026,CM: Sienna GA,10-001710 REV-01,10-001710,DIODE SCHOTTKY 40V 2A SOD123W,Electrical Components,OTS,ATLN,LINE,FALSE,Sienna Corporation,3376,0,0.0558,188.3808,0,1,Unrestricted,3376
08-04-2026,CM: Sienna GA,10-001710 REV-01,10-001710,DIODE SCHOTTKY 40V 2A SOD123W,Electrical Components,OTS,ATLN,MAIN,FALSE,Sienna Corporation,10000,0,0.0558,558,0,1,Unrestricted,10000
08-04-2026,CM: Sienna GA,10-001711 REV-01,10-001711,FBead 0603 3A 30mOhm SMD,Electrical Components,OTS,ATLN,MAIN,FALSE,Sienna Corporation,4000,0,0.0145,58,0,1,Unrestricted,4000
08-04-2026,CM: Qualitel WA,814L-10-001711,10-001711,FBead 0603 3A 30mOhm SMD,Electrical Components,OTS,"Seattle, WA",Stock,FALSE,Qualitel,12572,0,0.0145,182.294,0,0,Unrestricted,12572
08-04-2026,CM: Sienna GA,10-001711 REV-01,10-001711,FBead 0603 3A 30mOhm SMD,Electrical Components,OTS,ATLN,LINE,FALSE,Sienna Corporation,21542,0,0.0145,312.359,0,1,Unrestricted,21542
08-04-2026,CM: Sienna GA,10-001712 REV-1,10-001712,FERRITE BEAD 50 OHM 0603 1LN AEC-Q,Electrical Components,OTS,ATLN,MAIN,FALSE,Sienna Corporation,165130,0,0.0333,5498.829,0,1,Unrestricted,165130
08-04-2026,CM: Celestica MX,10-0017123MS,10-001712,FERRITE BEAD 50 OHM 0603 1LN AEC-Q,Electrical Components,OTS,Monterrey Prod,1000,FALSE,Celestica,196,0,0.03,5.88,0,0,Unrestricted,196
08-04-2026,CM: Sienna GA,10-001712 REV-1,10-001712,FERRITE BEAD 50 OHM 0603 1LN AEC-Q,Electrical Components,OTS,ATLN,LPAC,FALSE,Sienna Corporation,6865,0,0.0333,228.6045,0,1,Unrestricted,6865
08-04-2026,CM: Qualitel WA,814L-10-001712,10-001712,FERRITE BEAD 50 OHM 0603 1LN AEC-Q,Electrical Components,OTS,"Seattle, WA",Stock,FALSE,Qualitel,187651,0,0.035,6567.785,0,0,Unrestricted,187651
08-04-2026,CM: Sienna GA,10-001712 REV-1,10-001712,FERRITE BEAD 50 OHM 0603 1LN AEC-Q,Electrical Components,OTS,ATLN,LINE,FALSE,Sienna Corporation,590,0,0.0333,19.647,0,1,Unrestricted,590
08-04-2026,CM: Qualitel WA,814L-10-001714,10-001714,FERRITE BEAD 120 OHM 0603 1LN,Electrical Components,OTS,"Seattle, WA",MRB,FALSE,Qualitel,0,500,0.01,0,5,0,Restricted,0
08-04-2026,CM: Sienna GA,10-001714 REV-1,10-001714,FERRITE BEAD 120 OHM 0603 1LN,Electrical Components,OTS,ATLN,RIQC,FALSE,Sienna Corporation,128000,0,0.016,2048,0,1,Unrestricted,128000
08-04-2026,CM: Sienna GA,10-001714 REV-1,10-001714,FERRITE BEAD 120 OHM 0603 1LN,Electrical Components,OTS,ATLN,MAIN,FALSE,Sienna Corporation,107997,0,0.016,1727.952,0,1,Unrestricted,107997
08-04-2026,CM: Sienna GA,10-001714 REV-1,10-001714,FERRITE BEAD 120 OHM 0603 1LN,Electrical Components,OTS,ATLN,LINE,FALSE,Sienna Corporation,54017,0,0.016,864.272,0,1,Unrestricted,54017
08-04-2026,CM: Qualitel WA,814L-10-001714,10-001714,FERRITE BEAD 120 OHM 0603 1LN,Electrical Components,OTS,"Seattle, WA",Stock,FALSE,Qualitel,134789,0,0.01,1347.89,0,0,Unrestricted,134789
08-04-2026,CM: Qualitel WA,814L-10-001714,10-001714,FERRITE BEAD 120 OHM 0603 1LN,Electrical Components,OTS,"Seattle, WA",PO Inspection,FALSE,Qualitel,0,500,0.01,0,5,0,Restricted,0
08-04-2026,CM: Qualitel WA,814L-10-001716,10-001716,CAP CER 10NF 25V X7R 0402,Electrical Components,OTS,"Seattle, WA",Stock,FALSE,Qualitel,252853,0,0.0007,176.9971,0,0,Unrestricted,252853
08-04-2026,Lunar Netsuite,10-001717,10-001717,CAP CER 100PF ±10% 50V C0G 0402,Electrical Components,OTS,Avnet,NS,FALSE,Lunar Energy,10000,0,0.0039,39,0,0,Unrestricted,10000
08-04-2026,CM: Sienna GA,10-001717 REV-1,10-001717,CAP CER 100PF ±10% 50V C0G 0402,Electrical Components,OTS,ATLN,LINE,FALSE,Sienna Corporation,3311,0,0.0039,12.9129,0,1,Unrestricted,3311
08-04-2026,CM: Sienna GA,10-001717 REV-1,10-001717,CAP CER 100PF ±10% 50V C0G 0402,Electrical Components,OTS,ATLN,MAIN,FALSE,Sienna Corporation,20000,0,0.0039,78,0,1,Unrestricted,20000
08-04-2026,Lunar Netsuite,10-001718,10-001718,CAP CER 2200PF 100V X7R 0603 AEC-Q,Electrical Components,OTS,JIT - Reno,NS,FALSE,Lunar Energy,171872,0,0.0156,2681.2032,0,0,Unrestricted,171872
08-04-2026,Lunar Netsuite,10-001718,10-001718,CAP CER 2200PF 100V X7R 0603 AEC-Q,Electrical Components,OTS,Avnet,NS,FALSE,Lunar Energy,208000,0,0.0142,2953.6,0,0,Unrestricted,176000
08-04-2026,CM: Celestica MX,10-0017183MS,10-001718,CAP CER 2200PF 100V X7R 0603 AEC-Q,Electrical Components,OTS,Monterrey Prod,1000,FALSE,Celestica,446,0,0.0142,6.3332,0,0,Unrestricted,446
08-04-2026,CM: Qualitel WA,814L-10-001718,10-001718,CAP CER 2200PF 100V X7R 0603 AEC-Q,Electrical Components,OTS,"Seattle, WA",Stock,FALSE,Qualitel,70337,0,0.0093,654.1341,0,0,Unrestricted,70337
08-04-2026,CM: Qualitel WA,814L-10-001718,10-001718,CAP CER 2200PF 100V X7R 0603 AEC-Q,Electrical Components,OTS,"Seattle, WA",MRB,FALSE,Qualitel,0,250,0.0093,0,2.325,0,Restricted,0
08-04-2026,CM: Qualitel WA,814L-10-001718,10-001718,CAP CER 2200PF 100V X7R 0603 AEC-Q,Electrical Components,OTS,"Seattle, WA",PO Inspection,FALSE,Qualitel,0,250,0.0093,0,2.325,0,Restricted,0
08-04-2026,Lunar Netsuite,10-001719,10-001719,CAP CER 0.22UF 50V X7R 0603 AEC-Q,Electrical Components,OTS,Avnet,NS,FALSE,Lunar Energy,376000,0,0.0222,8347.2,0,0,Unrestricted,360000
08-04-2026,Lunar Netsuite,10-001719,10-001719,CAP CER 0.22UF 50V X7R 0603 AEC-Q,Electrical Components,OTS,JIT - Reno,NS,FALSE,Lunar Energy,31703,0,0.0104,329.7112,0,0,Unrestricted,31703
08-04-2026,CM: Qualitel WA,814L-10-001719,10-001719,CAP CER 0.22UF 50V X7R 0603 AEC-Q,Electrical Components,OTS,"Seattle, WA",Stock,FALSE,Qualitel,61304,0,0.0158,968.6032,0,0,Unrestricted,61304
08-04-2026,CM: Celestica MX,10-0017193MS,10-001719,CAP CER 0.22UF 50V X7R 0603 AEC-Q,Electrical Components,OTS,Monterrey Prod,1000,FALSE,Celestica,-58,0,0.0222,-1.2876,0,0,Unrestricted,-58
08-04-2026,CM: Qualitel WA,814L-10-001720,10-001720,CAP CER 0.22UF 50V X7R 0603,Electrical Components,OTS,"Seattle, WA",Stock,FALSE,Qualitel,53151,0,0.0142,754.7442,0,0,Unrestricted,53151
08-04-2026,CM: Sienna GA,10-001720 REV-1,10-001720,CAP CER 0.22UF 50V X7R 0603,Electrical Components,OTS,ATLN,LINE,FALSE,Sienna Corporation,14367,0,0.0159,228.4353,0,1,Unrestricted,14367
08-04-2026,CM: Sienna GA,10-001720 REV-1,10-001720,CAP CER 0.22UF 50V X7R 0603,Electrical Components,OTS,ATLN,MAIN,FALSE,Sienna Corporation,36000,0,0.0159,572.4,0,1,Unrestricted,36000
08-04-2026,CM: Sienna GA,10-001721 REV-1,10-001721,CAP CER 2.2UF 16V X7S 0603 AEC-Q,Electrical Components,OTS,ATLN,LINE,FALSE,Sienna Corporation,3274,0,0.0375,122.775,0,1,Unrestricted,3274
08-04-2026,CM: Celestica MX,10-0017213MS,10-001721,CAP CER 2.2UF 16V X7S 0603 AEC-Q,Electrical Components,OTS,Monterrey Prod,1000,FALSE,Celestica,-6,0,0.0375,-0.225,0,0,Unrestricted,-6
08-04-2026,CM: Sienna GA,10-001721 REV-1,10-001721,CAP CER 2.2UF 16V X7S 0603 AEC-Q,Electrical Components,OTS,ATLN,RIQC,FALSE,Sienna Corporation,21,0,0.0375,0.7875,0,1,Unrestricted,21
08-04-2026,CM: Sienna GA,10-001721 REV-1,10-001721,CAP CER 2.2UF 16V X7S 0603 AEC-Q,Electrical Components,OTS,ATLN,MAIN,FALSE,Sienna Corporation,124000,0,0.0375,4650,0,1,Unrestricted,124000
08-04-2026,CM: Qualitel WA,814L-10-001721,10-001721,CAP CER 2.2UF 16V X7S 0603 AEC-Q,Electrical Components,OTS,"Seattle, WA",Stock,FALSE,Qualitel,182508,0,0.0331,6041.0148,0,0,Unrestricted,182508
08-04-2026,Lunar Netsuite,10-001722,10-001722,CAP CER 10000PF 50V X8R 0603,Electrical Components,OTS,JIT - Reno,NS,FALSE,Lunar Energy,8000,0,0.0202,161.6,0,0,Unrestricted,8000
08-04-2026,CM: Sienna GA,10-001722 REV-01,10-001722,CAP CER 10000PF 50V X8R 0603,Electrical Components,OTS,ATLN,LINE,FALSE,Sienna Corporation,60826,0,0.0202,1228.6852,0,1,Unrestricted,60826
08-04-2026,CM: Qualitel WA,814L-10-001722,10-001722,CAP CER 10000PF 50V X8R 0603,Electrical Components,OTS,"Seattle, WA",Stock,FALSE,Qualitel,21645,0,0.0181,391.7745,0,0,Unrestricted,21645
08-04-2026,CM: Sienna GA,10-001722 REV-01,10-001722,CAP CER 10000PF 50V X8R 0603,Electrical Components,OTS,ATLN,MAIN,FALSE,Sienna Corporation,83253,0,0.0202,1681.7106,0,1,Unrestricted,83253
08-04-2026,Lunar Netsuite,10-001722,10-001722,CAP CER 10000PF 50V X8R 0603,Electrical Components,OTS,Avnet,NS,FALSE,Lunar Energy,196000,0,0.0202,3959.2,0,0,Unrestricted,188000
08-04-2026,Lunar Netsuite,10-001722,10-001722,CAP CER 10000PF 50V X8R 0603,Electrical Components,OTS,Sienna Corporation - GA,NS,FALSE,Lunar Energy,8000,0,0.0202,161.6,0,0,Unrestricted,0
08-04-2026,CM: Sienna GA,C10-001722 REV-01,10-001722,CAP CER 10000PF 50V X8R 0603,Electrical Components,OTS,ATLN,WT63,TRUE,Lunar Energy,8000,0,0,0,0,1,Unrestricted,8000
08-04-2026,CM: Sienna GA,10-001722 REV-01,10-001722,CAP CER 10000PF 50V X8R 0603,Electrical Components,OTS,ATLN,RIQC,FALSE,Sienna Corporation,8000,0,0.0202,161.6,0,1,Unrestricted,8000
08-04-2026,CM: Qualitel WA,814L-10-001724,10-001724,CAP CER 8PF 50V NP0 0603,Electrical Components,OTS,"Seattle, WA",Stock,FALSE,Qualitel,64401,0,0.0166,1069.0566,0,0,Unrestricted,64401
08-04-2026,Lunar Netsuite,10-001724,10-001724,CAP CER 8PF 50V NP0 0603,Electrical Components,OTS,JIT - Reno,NS,FALSE,Lunar Energy,4000,0,0.0129,51.6,0,0,Unrestricted,4000
08-04-2026,CM: Sienna GA,10-001724 REV-01,10-001724,CAP CER 8PF 50V NP0 0603,Electrical Components,OTS,ATLN,LINE,FALSE,Sienna Corporation,20478,0,0.0129,264.1662,0,1,Unrestricted,20478
08-04-2026,CM: Sienna GA,10-001724 REV-01,10-001724,CAP CER 8PF 50V NP0 0603,Electrical Components,OTS,ATLN,RIQC,FALSE,Sienna Corporation,4000,0,0.0129,51.6,0,1,Unrestricted,4000
08-04-2026,CM: Celestica MX,10-0017243MS,10-001724,CAP CER 8PF 50V NP0 0603,Electrical Components,OTS,Monterrey Prod,1000,FALSE,Celestica,-4,0,0.0129,-0.0516,0,0,Unrestricted,-4
08-04-2026,CM: Sienna GA,10-001725 REV-1,10-001725,CAP CER 0.1UF ±10% 50V X7R 0603 AEC-Q,Electrical Components,OTS,ATLN,MAIN,FALSE,Sienna Corporation,46000,0,0.0103,473.8,0,1,Unrestricted,46000
08-04-2026,CM: Sienna GA,10-001725 REV-1,10-001725,CAP CER 0.1UF ±10% 50V X7R 0603 AEC-Q,Electrical Components,OTS,ATLN,LINE,FALSE,Sienna Corporation,10773,0,0.0103,110.9619,0,1,Unrestricted,10773
08-04-2026,CM: Sienna GA,C10-001725 REV-1,10-001725,CAP CER 0.1UF ±10% 50V X7R 0603 AEC-Q,Electrical Components,OTS,ATLN,WS13,TRUE,Lunar Energy,78000,0,0,0,0,1,Unrestricted,78000
08-04-2026,CM: Qualitel WA,814L-10-001725,10-001725,CAP CER 0.1UF ±10% 50V X7R 0603 AEC-Q,Electrical Components,OTS,"Seattle, WA",Stock,FALSE,Qualitel,627790,0,0.0072,4520.088,0,0,Unrestricted,627790
08-04-2026,Lunar Netsuite,10-001725,10-001725,CAP CER 0.1UF ±10% 50V X7R 0603 AEC-Q,Electrical Components,OTS,Sienna Corporation - GA,NS,FALSE,Lunar Energy,92000,0,0.0118,1085.6,0,0,Unrestricted,0
08-04-2026,CM: Sienna GA,C10-001725 REV-1,10-001725,CAP CER 0.1UF ±10% 50V X7R 0603 AEC-Q,Electrical Components,OTS,ATLN,WR22,TRUE,Lunar Energy,14000,0,0,0,0,1,Unrestricted,14000
08-04-2026,Lunar Netsuite,10-001725,10-001725,CAP CER 0.1UF ±10% 50V X7R 0603 AEC-Q,Electrical Components,OTS,JIT - Reno,NS,FALSE,Lunar Energy,184000,0,0.0118,2171.2,0,0,Unrestricted,184000
08-04-2026,CM: Celestica MX,10-0017253MS,10-001725,CAP CER 0.1UF ±10% 50V X7R 0603 AEC-Q,Electrical Components,OTS,Monterrey Prod,1000,FALSE,Celestica,3879,0,0.0103,39.9537,0,0,Unrestricted,3879
08-04-2026,CM: Sienna GA,10-001726 REV-01,10-001726,CAP CER 1000PF 50V C0G/NPO SOFT TERMINATION 0603,Electrical Components,OTS,ATLN,MAIN,FALSE,Sienna Corporation,47990,0,0.024,1151.76,0,1,Unrestricted,47990
08-04-2026,CM: Qualitel WA,814L-10-001726,10-001726,CAP CER 1000PF 50V C0G/NPO SOFT TERMINATION 0603,Electrical Components,OTS,"Seattle, WA",Stock,FALSE,Qualitel,283334,0,0.0079,2238.3386,0,0,Unrestricted,283334
08-04-2026,Lunar Netsuite,10-001726,10-001726,CAP CER 1000PF 50V C0G/NPO SOFT TERMINATION 0603,Electrical Components,OTS,Avnet,NS,FALSE,Lunar Energy,156000,0,0.0183,2854.8,0,0,Unrestricted,140000
08-04-2026,CM: Sienna GA,10-001726 REV-01,10-001726,CAP CER 1000PF 50V C0G/NPO SOFT TERMINATION 0603,Electrical Components,OTS,ATLN,PAMS,FALSE,Sienna Corporation,4000,0,0.024,96,0,1,Unrestricted,4000
08-04-2026,CM: Celestica MX,10-0017263MS,10-001726,CAP CER 1000PF 50V C0G/NPO SOFT TERMINATION 0603,Electrical Components,OTS,Monterrey Prod,1000,FALSE,Celestica,-26,0,0.0236,-0.6136,0,0,Unrestricted,-26
08-04-2026,CM: Sienna GA,10-001726 REV-01,10-001726,CAP CER 1000PF 50V C0G/NPO SOFT TERMINATION 0603,Electrical Components,OTS,ATLN,LINE,FALSE,Sienna Corporation,41796,0,0.024,1003.104,0,1,Unrestricted,41796
08-04-2026,Lunar Netsuite,10-001728,10-001728,CAP CER 0.1UF ±20% 50V X7R 0603 AEC-Q,Electrical Components,OTS,JIT - Reno,NS,FALSE,Lunar Energy,178394,0,0.0114,2033.6916,0,0,Unrestricted,146394
08-04-2026,CM: Qualitel WA,814L-10-001728,10-001728,CAP CER 0.1UF ±20% 50V X7R 0603 AEC-Q,Electrical Components,OTS,"Seattle, WA",Stock,FALSE,Qualitel,215457,0,0.0032,689.4624,0,0,Unrestricted,215457
08-04-2026,CM: Sienna GA,10-001728 REV-01,10-001728,CAP CER 0.1UF ±20% 50V X7R 0603 AEC-Q,Electrical Components,OTS,ATLN,RIQC,FALSE,Sienna Corporation,48000,0,0.007,336,0,1,Unrestricted,48000
08-04-2026,CM: Sienna GA,10-001728 REV-01,10-001728,CAP CER 0.1UF ±20% 50V X7R 0603 AEC-Q,Electrical Components,OTS,ATLN,LINE,FALSE,Sienna Corporation,40669,0,0.007,284.683,0,1,Unrestricted,40669
08-04-2026,CM: Qualitel WA,814L-10-001729,10-001729,CAP CER 0.022UF 50V X7R 0603 AEC-Q,Electrical Components,OTS,"Seattle, WA",Stock,FALSE,Qualitel,26192,0,0.0144,377.1648,0,0,Unrestricted,26192
08-04-2026,CM: Celestica MX,10-0017293MS,10-001729,CAP CER 0.022UF 50V X7R 0603 AEC-Q,Electrical Components,OTS,Monterrey Prod,1000,FALSE,Celestica,2975,0,0.0057,16.9575,0,0,Unrestricted,2975
08-04-2026,CM: Sienna GA,10-001729 REV-01,10-001729,CAP CER 0.022UF 50V X7R 0603 AEC-Q,Electrical Components,OTS,ATLN,LINE,FALSE,Sienna Corporation,6990,0,0.0207,144.693,0,1,Unrestricted,6990
08-04-2026,CM: Sienna GA,10-001730 REV-01,10-001730,CAP CER 10000PF 50V X7R 0603 AEC-Q,Electrical Components,OTS,ATLN,MAIN,FALSE,Sienna Corporation,120000,0,0.0153,1836,0,1,Unrestricted,120000
08-04-2026,CM: Sienna GA,10-001730 REV-01,10-001730,CAP CER 10000PF 50V X7R 0603 AEC-Q,Electrical Components,OTS,ATLN,LINE,FALSE,Sienna Corporation,36346,0,0.0153,556.0938,0,1,Unrestricted,36346
08-04-2026,CM: Sienna GA,10-001730 REV-01,10-001730,CAP CER 10000PF 50V X7R 0603 AEC-Q,Electrical Components,OTS,ATLN,RIQC,FALSE,Sienna Corporation,24000,0,0.0153,367.2,0,1,Unrestricted,24000
08-04-2026,CM: Sienna GA,10-001731 REV-01,10-001731,CAP CER 100PF 50V COG/NP0 0603,Electrical Components,OTS,ATLN,LINE,FALSE,Sienna Corporation,5126,0,0.0131,67.1506,0,1,Unrestricted,5126
08-04-2026,CM: Sienna GA,10-001731 REV-01,10-001731,CAP CER 100PF 50V COG/NP0 0603,Electrical Components,OTS,ATLN,MAIN,FALSE,Sienna Corporation,40000,0,0.0131,524,0,1,Unrestricted,40000
08-04-2026,Lunar Netsuite,10-001731,10-001731,CAP CER 100PF 50V COG/NP0 0603,Electrical Components,OTS,JIT - Reno,NS,FALSE,Lunar Energy,8000,0,0.0253,202.4,0,0,Unrestricted,8000
08-04-2026,CM: Sienna GA,10-001731 REV-01,10-001731,CAP CER 100PF 50V COG/NP0 0603,Electrical Components,OTS,ATLN,RIQC,FALSE,Sienna Corporation,4000,0,0.0131,52.4,0,1,Unrestricted,4000
08-04-2026,CM: Celestica MX,10-0017313MS,10-001731,CAP CER 100PF 50V COG/NP0 0603,Electrical Components,OTS,Monterrey Prod,1000,FALSE,Celestica,-2,0,0.0131,-0.0262,0,0,Unrestricted,-2
08-04-2026,CM: Qualitel WA,814L-10-001731,10-001731,CAP CER 100PF 50V COG/NP0 0603,Electrical Components,OTS,"Seattle, WA",Stock,FALSE,Qualitel,41446,0,0.0035,145.061,0,0,Unrestricted,41446
08-04-2026,Lunar Netsuite,10-001732,10-001732,CAP CER 4.7UF 16V X7R 0805 AEC-Q,Electrical Components,OTS,JIT - Reno,NS,FALSE,Lunar Energy,35000,0,0.03,1050,0,0,Unrestricted,35000
08-04-2026,CM: Sienna GA,C10-001732 REV-1,10-001732,CAP CER 4.7UF 16V X7R 0805 AEC-Q,Electrical Components,OTS,ATLN,WR21,TRUE,Lunar Energy,3000,0,0,0,0,1,Unrestricted,3000
08-04-2026,CM: Sienna GA,10-001732 REV-02,10-001732,CAP CER 4.7UF 16V X7R 0805 AEC-Q,Electrical Components,OTS,ATLN,RIQC,FALSE,Sienna Corporation,2000,0,0.0692,138.4,0,2,Unrestricted,2000
08-04-2026,CM: Sienna GA,10-001732 REV-02,10-001732,CAP CER 4.7UF 16V X7R 0805 AEC-Q,Electrical Components,OTS,ATLN,LINE,FALSE,Sienna Corporation,3861,0,0.0692,267.1812,0,2,Unrestricted,3861
08-04-2026,CM: Qualitel WA,814L-10-001732,10-001732,CAP CER 4.7UF 16V X7R 0805 AEC-Q,Electrical Components,OTS,"Seattle, WA",Stock,FALSE,Qualitel,29573,0,0.0335,990.6955,0,0,Unrestricted,29573
08-04-2026,CM: Celestica MX,10-0017323MS,10-001732,CAP CER 4.7UF 16V X7R 0805 AEC-Q,Electrical Components,OTS,Monterrey Prod,1000,FALSE,Celestica,74,0,0.0692,5.1208,0,0,Unrestricted,74
08-04-2026,Lunar Netsuite,10-001732,10-001732,CAP CER 4.7UF 16V X7R 0805 AEC-Q,Electrical Components,OTS,Sienna Corporation - GA,NS,FALSE,Lunar Energy,3000,0,0.0897,269.1,0,0,Unrestricted,0
08-04-2026,Lunar Netsuite,10-001733,10-001733,CAP CER 0.1UF 100V X7R 0805 AEC-Q,Electrical Components,OTS,JIT - Reno,NS,FALSE,Lunar Energy,12000,0,0.0534,640.8,0,0,Unrestricted,0
08-04-2026,CM: Qualitel WA,814L-10-001733,10-001733,CAP CER 0.1UF 100V X7R 0805 AEC-Q,Electrical Components,OTS,"Seattle, WA",Stock,FALSE,Qualitel,13284,0,0.0145,192.618,0,0,Unrestricted,13284
08-04-2026,CM: Celestica MX,10-0017333MS,10-001733,CAP CER 0.1UF 100V X7R 0805 AEC-Q,Electrical Components,OTS,Monterrey Prod,1000,FALSE,Celestica,40,0,0.0326,1.304,0,0,Unrestricted,40
08-04-2026,CM: Qualitel WA,814L-10-001735,10-001735,CAP CER 1UF 100V X7R 1206 AEC-Q,Electrical Components,OTS,"Seattle, WA",Stock,FALSE,Qualitel,23109,0,0.051,1178.559,0,0,Unrestricted,23109
08-04-2026,CM: Celestica MX,10-0017353MS,10-001735,CAP CER 1UF 100V X7R 1206 AEC-Q,Electrical Components,OTS,Monterrey Prod,1000,FALSE,Celestica,-10,0,0.09,-0.9,0,0,Unrestricted,-10
08-04-2026,Lunar Netsuite,10-001735,10-001735,CAP CER 1UF 100V X7R 1206 AEC-Q,Electrical Components,OTS,JIT - Reno,NS,FALSE,Lunar Energy,298000,0,0.0956,28488.8,0,0,Unrestricted,298000
08-04-2026,CM: Qualitel WA,814L-10-001736,10-001736,CAP 1206 X7R 16V 10UF 10% SOFT TERM,Electrical Components,OTS,"Seattle, WA",Stock,FALSE,Qualitel,91855,0,0.0318,2920.989,0,0,Unrestricted,91855
08-04-2026,CM: Celestica MX,10-0017363MS,10-001736,CAP 1206 X7R 16V 10UF 10% SOFT TERM,Electrical Components,OTS,Monterrey Prod,1000,FALSE,Celestica,-12,0,0.0808,-0.9696,0,0,Unrestricted,-12
08-04-2026,Lunar Netsuite,10-001736,10-001736,CAP 1206 X7R 16V 10UF 10% SOFT TERM,Electrical Components,OTS,Avnet,NS,FALSE,Lunar Energy,54000,0,0.0317,1711.8,0,0,Unrestricted,21290
08-04-2026,CM: Sienna GA,10-001736 REV-01,10-001736,CAP 1206 X7R 16V 10UF 10% SOFT TERM,Electrical Components,OTS,ATLN,RIQC,FALSE,Sienna Corporation,2000,0,0.0808,161.6,0,1,Unrestricted,2000
08-04-2026,Lunar Netsuite,10-001736,10-001736,CAP 1206 X7R 16V 10UF 10% SOFT TERM,Electrical Components,OTS,JIT - Reno,NS,FALSE,Lunar Energy,10710,0,0.03,321.3,0,0,Unrestricted,8710
08-04-2026,CM: Sienna GA,10-001736 REV-01,10-001736,CAP 1206 X7R 16V 10UF 10% SOFT TERM,Electrical Components,OTS,ATLN,LINE,FALSE,Sienna Corporation,702,0,0.0808,56.7216,0,1,Unrestricted,702
08-04-2026,CM: Sienna GA,10-001738 REV-01,10-001738,CAP CER 10UF 75V X7R 1210 AEC-Q,Electrical Components,OTS,ATLN,PAMS,FALSE,Sienna Corporation,725902,0,0.229,166231.558,0,1,Unrestricted,725902
08-04-2026,CM: Qualitel WA,814L-10-001738,10-001738,CAP CER 10UF 75V X7R 1210 AEC-Q,Electrical Components,OTS,"Seattle, WA",Stock,FALSE,Qualitel,27980,0,0.229,6407.42,0,0,Unrestricted,27980
08-04-2026,CM: Sienna GA,10-001738 REV-01,10-001738,CAP CER 10UF 75V X7R 1210 AEC-Q,Electrical Components,OTS,ATLN,MAIN,FALSE,Sienna Corporation,42700,0,0.229,9778.3,0,1,Unrestricted,42700
08-04-2026,CM: Sienna GA,10-001738 REV-01,10-001738,CAP CER 10UF 75V X7R 1210 AEC-Q,Electrical Components,OTS,ATLN,LINE,FALSE,Sienna Corporation,318180,0,0.229,72863.22,0,1,Unrestricted,318180
08-04-2026,CM: Sienna GA,10-001738 REV-01,10-001738,CAP CER 10UF 75V X7R 1210 AEC-Q,Electrical Components,OTS,ATLN,RIQC,FALSE,Sienna Corporation,379300,0,0.229,86859.7,0,1,Unrestricted,379300
08-04-2026,Lunar Netsuite,10-001739,10-001739,CAP CER 0.47UF 450V X7T 20% 1812,Electrical Components,OTS,CCL (Computer Components Ltd),NS,FALSE,Lunar Energy,8500,0,0.432,3672,0,0,Unrestricted,8500
08-04-2026,CM: Celestica MX,10-0017423MS,10-001742,CAP CER 1UF 250V X7R 2220 AEC-Q,Electrical Components,OTS,Monterrey Prod,1000,FALSE,Celestica,1788,0,0.385,688.38,0,0,Unrestricted,1788
08-04-2026,CM: Qualitel WA,814L-10-001742,10-001742,CAP CER 1UF 250V X7R 2220 AEC-Q,Electrical Components,OTS,"Seattle, WA",Stock,FALSE,Qualitel,115931,0,0.212,24577.372,0,0,Unrestricted,115931
08-04-2026,CM: Sienna GA,10-001742 REV-1,10-001742,CAP CER 1UF 250V X7R 2220 AEC-Q,Electrical Components,OTS,ATLN,MAIN,FALSE,Sienna Corporation,1500,0,0.25,375,0,1,Unrestricted,1500
08-04-2026,Lunar Netsuite,10-001742,10-001742,CAP CER 1UF 250V X7R 2220 AEC-Q,Electrical Components,OTS,JIT - Reno,NS,FALSE,Lunar Energy,3154,0,0.39,1230.06,0,0,Unrestricted,0
08-04-2026,Lunar Netsuite,10-001748,10-001748,RES 100K OHM 1% 1/2W 1210,Electrical Components,OTS,CCL (Computer Components Ltd),NS,FALSE,Lunar Energy,409809,0,0.026,10655.034,0,0,Unrestricted,409809
08-04-2026,Lunar Netsuite,10-001748,10-001748,RES 100K OHM 1% 1/2W 1210,Electrical Components,OTS,JIT - Reno,NS,FALSE,Lunar Energy,10000,0,0.0278,278,0,0,Unrestricted,10000
08-04-2026,CM: Sienna GA,C10-001763 REV-1,10-001763,RES SMD 49.9K OHM 1% 1/4W 1206 AEC-Q,Electrical Components,OTS,ATLN,WS61,TRUE,Lunar Energy,1500,0,0,0,0,1,Unrestricted,1500
08-04-2026,CM: Sienna GA,C10-001763 REV-1,10-001763,RES SMD 49.9K OHM 1% 1/4W 1206 AEC-Q,Electrical Components,OTS,ATLN,WR22,TRUE,Lunar Energy,3,0,0,0,0,1,Unrestricted,3
08-04-2026,CM: Sienna GA,10-001763 REV-1,10-001763,RES SMD 49.9K OHM 1% 1/4W 1206 AEC-Q,Electrical Components,OTS,ATLN,LINE,FALSE,Sienna Corporation,16190,0,0.0055,89.045,0,1,Unrestricted,16190
08-04-2026,CM: Qualitel WA,814L-10-001763,10-001763,RES SMD 49.9K OHM 1% 1/4W 1206 AEC-Q,Electrical Components,OTS,"Seattle, WA",MRB,FALSE,Qualitel,0,250,0.0032,0,0.8,0,Restricted,0
08-04-2026,CM: Celestica MX,10-0017633MS,10-001763,RES SMD 49.9K OHM 1% 1/4W 1206 AEC-Q,Electrical Components,OTS,Monterrey Prod,1000,FALSE,Celestica,-8,0,0.013,-0.104,0,0,Unrestricted,-8
08-04-2026,Lunar Netsuite,10-001763,10-001763,RES SMD 49.9K OHM 1% 1/4W 1206 AEC-Q,Electrical Components,OTS,Sienna Corporation - GA,NS,FALSE,Lunar Energy,1503,0,0.0107,16.0821,0,0,Unrestricted,1000
08-04-2026,CM: Qualitel WA,814L-10-001763,10-001763,RES SMD 49.9K OHM 1% 1/4W 1206 AEC-Q,Electrical Components,OTS,"Seattle, WA",PO Inspection,FALSE,Qualitel,0,250,0.0032,0,0.8,0,Restricted,0
08-04-2026,CM: Qualitel WA,814L-10-001763,10-001763,RES SMD 49.9K OHM 1% 1/4W 1206 AEC-Q,Electrical Components,OTS,"Seattle, WA",Stock,FALSE,Qualitel,120707,0,0.0032,386.2624,0,0,Unrestricted,120707
08-04-2026,Lunar Netsuite,10-001764,10-001764,RES SMD 20 OHM 1% 3/4W 1206,Electrical Components,OTS,CCL (Computer Components Ltd),NS,FALSE,Lunar Energy,1486,0,0.04,59.44,0,0,Unrestricted,1486
08-04-2026,Lunar Netsuite,10-001772,10-001772,TVS DIODE 54VWM 87.1VC DO214AB,Electrical Components,OTS,CCL (Computer Components Ltd),NS,FALSE,Lunar Energy,1025,0,0.527,540.175,0,0,Unrestricted,1025
08-04-2026,CM: Qualitel WA,814L-10-001782,10-001782,RES 1.5M OHM 1% 1/4W 1206,Electrical Components,OTS,"Seattle, WA",Stock,FALSE,Qualitel,16256,0,0.003,48.768,0,0,Unrestricted,16256
08-04-2026,CM: Sienna GA,10-001782 REV-01,10-001782,RES 1.5M OHM 1% 1/4W 1206,Electrical Components,OTS,ATLN,LINE,FALSE,Sienna Corporation,5748,0,0.0039,22.4172,0,1,Unrestricted,5748
08-04-2026,CM: Sienna GA,10-001782 REV-01,10-001782,RES 1.5M OHM 1% 1/4W 1206,Electrical Components,OTS,ATLN,MAIN,FALSE,Sienna Corporation,10000,0,0.0039,39,0,1,Unrestricted,10000
08-04-2026,CM: Sienna GA,10-001783 REV-01,10-001783,RES 0 OHM JUMPER 1/2W 1210,Electrical Components,OTS,ATLN,LINE,FALSE,Sienna Corporation,1460,0,0.0253,36.938,0,1,Unrestricted,1460
08-04-2026,CM: Sienna GA,10-001784 REV-01,10-001784,CAP CER 27PF 50V C0G/NP0 0402 AEC-Q,Electrical Components,OTS,ATLN,MAIN,FALSE,Sienna Corporation,20000,0,0.0056,112,0,1,Unrestricted,20000
08-04-2026,CM: Sienna GA,10-001784 REV-01,10-001784,CAP CER 27PF 50V C0G/NP0 0402 AEC-Q,Electrical Components,OTS,ATLN,LINE,FALSE,Sienna Corporation,18807,0,0.0056,105.3192,0,1,Unrestricted,18807
08-04-2026,CM: Qualitel WA,814L-10-001784,10-001784,CAP CER 27PF 50V C0G/NP0 0402 AEC-Q,Electrical Components,OTS,"Seattle, WA",Stock,FALSE,Qualitel,15006,0,0.0038,57.0228,0,0,Unrestricted,15006
08-04-2026,Lunar Netsuite,10-001784,10-001784,CAP CER 27PF 50V C0G/NP0 0402 AEC-Q,Electrical Components,OTS,JIT - Reno,NS,FALSE,Lunar Energy,9300,0,0.0056,52.08,0,0,Unrestricted,0
08-04-2026,CM: Qualitel WA,814L-10-001809,10-001809,Thick Film Resistors 0805 2Kohms 0.5W 1% AEC-Q200,Electrical Components,OTS,"Seattle, WA",Stock,FALSE,Qualitel,39133,0,0.0115,450.0295,0,0,Unrestricted,39133
08-04-2026,CM: Celestica MX,10-0018093MS,10-001809,Thick Film Resistors 0805 2Kohms 0.5W 1% AEC-Q200,Electrical Components,OTS,Monterrey Prod,1000,FALSE,Celestica,-4,0,0.0155,-0.062,0,0,Unrestricted,-4
08-04-2026,CM: Qualitel WA,814L-10-001809,10-001809,Thick Film Resistors 0805 2Kohms 0.5W 1% AEC-Q200,Electrical Components,OTS,"Seattle, WA",PO Inspection,FALSE,Qualitel,0,125,0.0115,0,1.4375,0,Restricted,0
08-04-2026,CM: Qualitel WA,814L-10-001809,10-001809,Thick Film Resistors 0805 2Kohms 0.5W 1% AEC-Q200,Electrical Components,OTS,"Seattle, WA",MRB,FALSE,Qualitel,0,125,0.0115,0,1.4375,0,Restricted,0
08-04-2026,Lunar Netsuite,10-001809,10-001809,Thick Film Resistors 0805 2Kohms 0.5W 1% AEC-Q200,Electrical Components,OTS,Avnet,NS,FALSE,Lunar Energy,20000,0,0.0155,310,0,0,Unrestricted,15000
08-04-2026,Lunar Netsuite,10-001810,10-001810,Safety Capacitors 300Vol 0.0022uF 10% LS=7.5mm AECQ2,Electrical Components,OTS,CCL (Computer Components Ltd),NS,FALSE,Lunar Energy,370000,0,0.12,44400,0,0,Unrestricted,370000
08-04-2026,Lunar Netsuite,10-001812,10-001812,Safety Capacitors 1.00UF 330V,Electrical Components,OTS,CCL (Computer Components Ltd),NS,FALSE,Lunar Energy,73560,0,0.55,40458,0,0,Unrestricted,73560
08-04-2026,CM: Sienna GA,10-001818 REV-02,10-001818,"Inductor Caddy,Triple",Part,OTS,ATLN,MRB,FALSE,Sienna Corporation,0,1496,0,0,0,2,Restricted,0
08-04-2026,CM: Sienna GA,10-001820 REV-01,10-001820,"Gantry,Power Transistor",Part,MTS,ATLN,LPAC,FALSE,Sienna Corporation,88,0,11,968,0,1,Unrestricted,88
08-04-2026,CM: Sienna GA,10-001820 REV-01,10-001820,"Gantry,Power Transistor",Part,MTS,ATLN,RK33,FALSE,Sienna Corporation,315,0,11,3465,0,1,Unrestricted,315
08-04-2026,CM: Sienna GA,10-001820 REV-01,10-001820,"Gantry,Power Transistor",Part,MTS,ATLN,LINE,FALSE,Sienna Corporation,404,0,11,4444,0,1,Unrestricted,404
08-04-2026,CM: Sienna GA,10-001821 REV-02,10-001821,"Pressure Pin,Power Transistor",Part,MTS,ATLN,LINE,FALSE,Sienna Corporation,1877,0,0.25,469.25,0,2,Unrestricted,1877
08-04-2026,CM: Sienna GA,10-001821 REV-02,10-001821,"Pressure Pin,Power Transistor",Part,MTS,ATLN,RL44,FALSE,Sienna Corporation,6922,0,0.25,1730.5,0,2,Unrestricted,6922
08-04-2026,CM: Sienna GA,10-001821 REV-02,10-001821,"Pressure Pin,Power Transistor",Part,MTS,ATLN,RIQC,FALSE,Sienna Corporation,7783,0,0.25,1945.75,0,2,Unrestricted,7783
08-04-2026,CM: Sienna GA,10-001821 REV-02,10-001821,"Pressure Pin,Power Transistor",Part,MTS,ATLN,MAIN,FALSE,Sienna Corporation,5331,0,0.25,1332.75,0,2,Unrestricted,5331
08-04-2026,CM: Sienna GA,C10-001853 REV-01,10-001853,IC REG LIN 3.3V 400MA 8DSO E-PAD AEC-Q,Electrical Components,OTS,ATLN,WS43,TRUE,Lunar Energy,7500,0,0,0,0,1,Unrestricted,7500
08-04-2026,CM: Sienna GA,C10-001853 REV-01,10-001853,IC REG LIN 3.3V 400MA 8DSO E-PAD AEC-Q,Electrical Components,OTS,ATLN,WS34,TRUE,Lunar Energy,5000,0,0,0,0,1,Unrestricted,5000
08-04-2026,CM: Celestica MX,10-0018533MS,10-001853,IC REG LIN 3.3V 400MA 8DSO E-PAD AEC-Q,Electrical Components,OTS,Monterrey Prod,1000,FALSE,Celestica,-2,0,0.427,-0.854,0,0,Unrestricted,-2
08-04-2026,CM: Sienna GA,10-001853 REV-01,10-001853,IC REG LIN 3.3V 400MA 8DSO E-PAD AEC-Q,Electrical Components,OTS,ATLN,MAIN,FALSE,Sienna Corporation,2572,0,0.427,1098.244,0,1,Unrestricted,2572
08-04-2026,Lunar Netsuite,10-001853,10-001853,IC REG LIN 3.3V 400MA 8DSO E-PAD AEC-Q,Electrical Components,OTS,NexGen Digital Inc,NS,FALSE,Lunar Energy,70000,0,0.31,21700,0,0,Unrestricted,70000
08-04-2026,Lunar Netsuite,10-001853,10-001853,IC REG LIN 3.3V 400MA 8DSO E-PAD AEC-Q,Electrical Components,OTS,Sienna Corporation - GA,NS,FALSE,Lunar Energy,12500,0,0.31,3875,0,0,Unrestricted,0
08-04-2026,CM: Sienna GA,10-001853 REV-01,10-001853,IC REG LIN 3.3V 400MA 8DSO E-PAD AEC-Q,Electrical Components,OTS,ATLN,LINE,FALSE,Sienna Corporation,1083,0,0.427,462.441,0,1,Unrestricted,1083
08-04-2026,Lunar Netsuite,10-001853,10-001853,IC REG LIN 3.3V 400MA 8DSO E-PAD AEC-Q,Electrical Components,OTS,JIT - Reno,NS,FALSE,Lunar Energy,75000,0,0.31,23250,0,0,Unrestricted,75000
08-04-2026,Lunar Netsuite,10-001870,10-001870,CONN JACK 1PORT 100 BASE-T PCB,Electrical Components,OTS,JIT - Reno,NS,FALSE,Lunar Energy,6120,0,2.15,13158,0,0,Unrestricted,6120
08-04-2026,CM: Sienna GA,10-001870 REV-1,10-001870,CONN JACK 1PORT 100 BASE-T PCB,Electrical Components,OTS,ATLN,PAWH,FALSE,Sienna Corporation,2640,0,2.15,5676,0,1,Unrestricted,2640
08-04-2026,Lunar Netsuite,10-001870,10-001870,CONN JACK 1PORT 100 BASE-T PCB,Electrical Components,OTS,Avnet,NS,FALSE,Lunar Energy,2520,0,2.15,5418,0,0,Unrestricted,2520
08-04-2026,CM: Sienna GA,10-001870 REV-1,10-001870,CONN JACK 1PORT 100 BASE-T PCB,Electrical Components,OTS,ATLN,RIQC,FALSE,Sienna Corporation,3000,0,2.15,6450,0,1,Unrestricted,3000
08-04-2026,CM: Sienna GA,10-001870 REV-1,10-001870,CONN JACK 1PORT 100 BASE-T PCB,Electrical Components,OTS,ATLN,LINE,FALSE,Sienna Corporation,742,0,2.15,1595.3,0,1,Unrestricted,742
08-04-2026,CM: Sienna GA,10-001887 REV-05,10-001887,"Custom Inductor, 19.2uH, 36.5%, THT",Electrical Components,MTS,ATLN,MAIN,FALSE,Sienna Corporation,72,0,2.69,193.68,0,5,Unrestricted,72
08-04-2026,Lunar Netsuite,10-001887,10-001887,"Custom Inductor, 19.2uH, 36.5%, THT",Electrical Components,MTS,Sienna Corporation - GA,NS,FALSE,Lunar Energy,2403,0,2.76,6632.28,0,0,Unrestricted,2403
08-04-2026,CM: Sienna GA,C10-001887 REV-06,10-001887,"Custom Inductor, 19.2uH, 36.5%, THT",Electrical Components,MTS,ATLN,WR93,TRUE,Lunar Energy,328,0,0,0,0,6,Unrestricted,328
08-04-2026,CM: Sienna GA,10-001887 REV-06,10-001887,"Custom Inductor, 19.2uH, 36.5%, THT",Electrical Components,MTS,ATLN,MRB,FALSE,Sienna Corporation,0,122,2.69,0,328.18,6,Restricted,0
08-04-2026,CM: Sienna GA,10-001887 REV-06,10-001887,"Custom Inductor, 19.2uH, 36.5%, THT",Electrical Components,MTS,ATLN,LINE,FALSE,Sienna Corporation,16342,0,2.69,43959.98,0,6,Unrestricted,16342
08-04-2026,CM: Sienna GA,C10-001887 REV-06,10-001887,"Custom Inductor, 19.2uH, 36.5%, THT",Electrical Components,MTS,ATLN,WHS2,TRUE,Lunar Energy,1587,0,0,0,0,6,Unrestricted,1587
08-04-2026,CM: Sienna GA,10-001887 REV-06,10-001887,"Custom Inductor, 19.2uH, 36.5%, THT",Electrical Components,MTS,ATLN,RK15,FALSE,Sienna Corporation,10180,0,2.69,27384.2,0,6,Unrestricted,10180
08-04-2026,CM: Sienna GA,10-001887 REV-06,10-001887,"Custom Inductor, 19.2uH, 36.5%, THT",Electrical Components,MTS,ATLN,RJ25,FALSE,Sienna Corporation,10080,0,2.69,27115.2,0,6,Unrestricted,10080
08-04-2026,CM: Sienna GA,10-001887 REV-05,10-001887,"Custom Inductor, 19.2uH, 36.5%, THT",Electrical Components,MTS,ATLN,LINE,FALSE,Sienna Corporation,1920,0,2.69,5164.8,0,5,Unrestricted,1920
08-04-2026,CM: Qualitel WA,814L-10-001907,10-001907,RES 63.4 OHM 1% 1/10W 0603 AEC-Q,Electrical Components,OTS,"Seattle, WA",Stock,FALSE,Qualitel,19082,0,0.0018,34.3476,0,0,Unrestricted,19082
08-04-2026,CM: Sienna GA,10-001907 REV-01,10-001907,RES 63.4 OHM 1% 1/10W 0603 AEC-Q,Electrical Components,OTS,ATLN,RIQC,FALSE,Sienna Corporation,4900,0,0.0018,8.82,0,1,Unrestricted,4900
08-04-2026,CM: Sienna GA,10-001907 REV-01,10-001907,RES 63.4 OHM 1% 1/10W 0603 AEC-Q,Electrical Components,OTS,ATLN,LINE,FALSE,Sienna Corporation,11286,0,0.0018,20.3148,0,1,Unrestricted,11286
08-04-2026,Lunar Netsuite,10-001915,10-001915,IC OPAMP GP 2 CIRCUIT 8TSSOP,Electrical Components,OTS,CCL (Computer Components Ltd),NS,FALSE,Lunar Energy,8000,0,0.423,3384,0,0,Unrestricted,8000
08-04-2026,CM: Sienna GA,10-001918 REV-01,10-001918,CAP 3.3F 3V .075 OHM,Electrical Components,OTS,ATLN,LINE,FALSE,Sienna Corporation,1052,0,0.35,368.2,0,1,Unrestricted,1052
08-04-2026,Lunar Netsuite,10-001918,10-001918,CAP 3.3F 3V .075 OHM,Electrical Components,OTS,CA - Ravendale,NS,FALSE,Lunar Energy,187,0,1.3374,250.0938,0,0,Unrestricted,187
08-04-2026,Lunar Netsuite,10-001918,10-001918,CAP 3.3F 3V .075 OHM,Electrical Components,OTS,Avnet,NS,FALSE,Lunar Energy,35300,0,0.598,21109.4,0,0,Unrestricted,27008
08-04-2026,CM: Sienna GA,10-001918 REV-01,10-001918,CAP 3.3F 3V .075 OHM,Electrical Components,OTS,ATLN,RIQC,FALSE,Sienna Corporation,7900,0,0.35,2765,0,1,Unrestricted,7900
08-04-2026,CM: Sienna GA,10-001922 REV-01,10-001922,RES SMD 6.8 OHM 0.1% 1/10W ±25ppm 0805,Electrical Components,OTS,ATLN,LINE,FALSE,Sienna Corporation,8193,0,0.075,614.475,0,1,Unrestricted,8193
08-04-2026,Lunar Netsuite,10-001925,10-001925,"IND FIXED 10UH 1.9A 84.5MOHM SMD 0.315"" L x 0.315"" W (8.00mm x 8.00mm)",Electrical Components,OTS,JIT - Reno,NS,FALSE,Lunar Energy,12000,0,0.1152,1382.4,0,0,Unrestricted,12000
08-04-2026,CM: Sienna GA,10-001925 REV-1,10-001925,"IND FIXED 10UH 1.9A 84.5MOHM SMD 0.315"" L x 0.315"" W (8.00mm x 8.00mm)",Electrical Components,OTS,ATLN,MAIN,FALSE,Sienna Corporation,23000,0,0.115,2645,0,1,Unrestricted,23000
08-04-2026,Lunar Netsuite,10-001925,10-001925,"IND FIXED 10UH 1.9A 84.5MOHM SMD 0.315"" L x 0.315"" W (8.00mm x 8.00mm)",Electrical Components,OTS,Sienna Corporation - GA,NS,FALSE,Lunar Energy,1000,0,0.1152,115.2,0,0,Unrestricted,0
08-04-2026,CM: Sienna GA,10-001925 REV-1,10-001925,"IND FIXED 10UH 1.9A 84.5MOHM SMD 0.315"" L x 0.315"" W (8.00mm x 8.00mm)",Electrical Components,OTS,ATLN,LINE,FALSE,Sienna Corporation,778,0,0.115,89.47,0,1,Unrestricted,778
08-04-2026,Lunar Netsuite,10-001925,10-001925,"IND FIXED 10UH 1.9A 84.5MOHM SMD 0.315"" L x 0.315"" W (8.00mm x 8.00mm)",Electrical Components,OTS,Avnet,NS,FALSE,Lunar Energy,1000,0,0.115,115,0,0,Unrestricted,1000
08-04-2026,CM: Sienna GA,C10-001925 REV-1,10-001925,"IND FIXED 10UH 1.9A 84.5MOHM SMD 0.315"" L x 0.315"" W (8.00mm x 8.00mm)",Electrical Components,OTS,ATLN,WT63,TRUE,Lunar Energy,1000,0,0,0,0,1,Unrestricted,1000
08-04-2026,CM: Sienna GA,10-001926 REV-01,10-001926,CAP CER 220PF 100V X7R 0402 AEC-Q,Electrical Components,OTS,ATLN,LINE,FALSE,Sienna Corporation,4326,0,0.0032,13.8432,0,1,Unrestricted,4326
08-04-2026,CM: Qualitel WA,814L-10-001926,10-001926,CAP CER 220PF 100V X7R 0402 AEC-Q,Electrical Components,OTS,"Seattle, WA",Stock,FALSE,Qualitel,8701,0,0.0027,23.4927,0,0,Unrestricted,8701
08-04-2026,Lunar Netsuite,10-001975,10-001975,IC EEPROM 1MBIT I2C 1MHZ 8TSSOP,Electrical Components,OTS,CCL (Computer Components Ltd),NS,FALSE,Lunar Energy,32000,0,1.04,33280,0,0,Unrestricted,32000
08-04-2026,Lunar Netsuite,10-001979,10-001979,CRYSTAL 25.0000MHZ 20PF SMD,Electrical Components,OTS,CCL (Computer Components Ltd),NS,FALSE,Lunar Energy,14000,0,0.0898,1257.2,0,0,Unrestricted,14000
08-04-2026,Lunar Netsuite,10-001981,10-001981,IC REG LINEAR 3.3V 300MA SOT23-5,Electrical Components,OTS,NexGen Digital Inc,NS,FALSE,Lunar Energy,6000,0,0.2285,1371,0,0,Unrestricted,6000
08-04-2026,CM: Qualitel WA,814L-10-001981,10-001981,IC REG LINEAR 3.3V 300MA SOT23-5,Electrical Components,OTS,"Seattle, WA",Stock,FALSE,Qualitel,4751,0,0.214,1016.714,0,0,Unrestricted,4751
08-04-2026,Lunar Netsuite,10-001981,10-001981,IC REG LINEAR 3.3V 300MA SOT23-5,Electrical Components,OTS,JIT - Reno,NS,FALSE,Lunar Energy,30000,0,0.2173,6519,0,0,Unrestricted,24000
08-04-2026,CM: Sienna GA,10-001981 REV-01,10-001981,IC REG LINEAR 3.3V 300MA SOT23-5,Electrical Components,OTS,ATLN,LINE,FALSE,Sienna Corporation,4764,0,0.2285,1088.574,0,1,Unrestricted,4764
08-04-2026,CM: Sienna GA,10-001981 REV-01,10-001981,IC REG LINEAR 3.3V 300MA SOT23-5,Electrical Components,OTS,ATLN,RIQC,FALSE,Sienna Corporation,3000,0,0.2285,685.5,0,1,Unrestricted,3000
08-04-2026,Lunar Netsuite,10-001984,10-001984,SWITCH SLIDE DPDT 200MA 12V,Electrical Components,OTS,CCL (Computer Components Ltd),NS,FALSE,Lunar Energy,14500,0,0.623,9033.5,0,0,Unrestricted,14500
08-04-2026,CM: Qualitel WA,814L-10-001993,10-001993,DIODE SCHOTTKY 40V 5A SMC AEC-Q,Electrical Components,OTS,"Seattle, WA",Stock,FALSE,Qualitel,13010,0,0.103,1340.03,0,0,Unrestricted,13010
08-04-2026,Lunar Netsuite,10-001993,10-001993,DIODE SCHOTTKY 40V 5A SMC AEC-Q,Electrical Components,OTS,JIT - Reno,NS,FALSE,Lunar Energy,33000,0,0.1025,3382.5,0,0,Unrestricted,31000
08-04-2026,Lunar Netsuite,10-001993,10-001993,DIODE SCHOTTKY 40V 5A SMC AEC-Q,Electrical Components,OTS,NexGen Digital Inc,NS,FALSE,Lunar Energy,147074,0,0.1,14707.4,0,0,Unrestricted,147074
08-04-2026,CM: Sienna GA,10-001993 REV-01,10-001993,DIODE SCHOTTKY 40V 5A SMC AEC-Q,Electrical Components,OTS,ATLN,MAIN,FALSE,Sienna Corporation,9000,0,0.1,900,0,1,Unrestricted,9000
08-04-2026,CM: Sienna GA,10-001993 REV-01,10-001993,DIODE SCHOTTKY 40V 5A SMC AEC-Q,Electrical Components,OTS,ATLN,LINE,FALSE,Sienna Corporation,3839,0,0.1,383.9,0,1,Unrestricted,3839
08-04-2026,Lunar Netsuite,10-002001,10-002001,CAP CER 0.47UF 500V X7R 1812,Electrical Components,OTS,NexGen Digital Inc,NS,FALSE,Lunar Energy,27500,0,1.6091,44250.25,0,0,Unrestricted,27500
08-04-2026,Lunar Netsuite,10-002002,10-002002,CAP CER 10UF 50V X7S 1210,Electrical Components,OTS,CCL (Computer Components Ltd),NS,FALSE,Lunar Energy,23000,0,0.298,6854,0,0,Unrestricted,23000
08-04-2026,Lunar Netsuite,10-002005,10-002005,CAP CER 4700PF 400VAC Y5U RADIAL,Electrical Components,OTS,CCL (Computer Components Ltd),NS,FALSE,Lunar Energy,40000,0,0.133,5320,0,0,Unrestricted,40000
08-04-2026,Lunar Netsuite,10-002006,10-002006,ISOMOV 5KA 175VRMS BULK IN-LINE,Electrical Components,OTS,Avnet,NS,FALSE,Lunar Energy,69024,0,0.634,43761.216,0,0,Unrestricted,64728
08-04-2026,CM: Sienna GA,10-002006 REV-01,10-002006,ISOMOV 5KA 175VRMS BULK IN-LINE,Electrical Components,OTS,ATLN,MAIN,FALSE,Sienna Corporation,614,0,0.634,389.276,0,1,Unrestricted,614
08-04-2026,CM: Sienna GA,10-002006 REV-01,10-002006,ISOMOV 5KA 175VRMS BULK IN-LINE,Electrical Components,OTS,ATLN,LINE,FALSE,Sienna Corporation,688,0,0.634,436.192,0,1,Unrestricted,688
08-04-2026,CM: Sienna GA,10-002006 REV-01,10-002006,ISOMOV 5KA 175VRMS BULK IN-LINE,Electrical Components,OTS,ATLN,RIQC,FALSE,Sienna Corporation,600,0,0.634,380.4,0,1,Unrestricted,600
08-04-2026,Lunar Netsuite,10-002008,10-002008,CAP CER 1UF 10V X7S 0402 AEC-Q,Electrical Components,OTS,JIT - Reno,NS,FALSE,Lunar Energy,10000,0,0.0114,114,0,0,Unrestricted,10000
08-04-2026,CM: Qualitel WA,814L-10-002008,10-002008,CAP CER 1UF 10V X7S 0402 AEC-Q,Electrical Components,OTS,"Seattle, WA",Stock,FALSE,Qualitel,15737,0,0.0091,143.2067,0,0,Unrestricted,15737
08-04-2026,CM: Sienna GA,10-002008 REV-01,10-002008,CAP CER 1UF 10V X7S 0402 AEC-Q,Electrical Components,OTS,ATLN,LINE,FALSE,Sienna Corporation,6871,0,0.0114,78.3294,0,1,Unrestricted,6871
08-04-2026,Lunar Netsuite,10-002008,10-002008,CAP CER 1UF 10V X7S 0402 AEC-Q,Electrical Components,OTS,Avnet,NS,FALSE,Lunar Energy,10000,0,0.0114,114,0,0,Unrestricted,0
08-04-2026,CM: Sienna GA,10-002009 REV-01,10-002009,ISOMOV 8KA 250VRMS BULK IN-LINE,Electrical Components,OTS,ATLN,RIQC,FALSE,Sienna Corporation,6200,0,0.756,4687.2,0,1,Unrestricted,6200
08-04-2026,Lunar Netsuite,10-002009,10-002009,ISOMOV 8KA 250VRMS BULK IN-LINE,Electrical Components,OTS,Avnet,NS,FALSE,Lunar Energy,725,0,0.732,530.7,0,0,Unrestricted,525
08-04-2026,CM: Sienna GA,10-002009 REV-01,10-002009,ISOMOV 8KA 250VRMS BULK IN-LINE,Electrical Components,OTS,ATLN,MAIN,FALSE,Sienna Corporation,4133,0,0.756,3124.548,0,1,Unrestricted,4133
08-04-2026,CM: Qualitel WA,814L-10-002009,10-002009,ISOMOV 8KA 250VRMS BULK IN-LINE,Electrical Components,OTS,"Seattle, WA",Stock,FALSE,Qualitel,6187,0,0.61,3774.07,0,0,Unrestricted,6187
08-04-2026,CM: Sienna GA,10-002009 REV-01,10-002009,ISOMOV 8KA 250VRMS BULK IN-LINE,Electrical Components,OTS,ATLN,LINE,FALSE,Sienna Corporation,644,0,0.756,486.864,0,1,Unrestricted,644
08-04-2026,Lunar Netsuite,10-002019,10-002019,"Lithium Ion Cell,S004a,Untrimmed",Part,OTS,Celestica - Mexico,NS,FALSE,Lunar Energy,472,0,9.3817,4428.1624,0,0,Unrestricted,472
08-04-2026,CM: Celestica MX,10-0020203MS,10-002020,"Pouch,Water Filled,Half Submodule",Part,MTS,Monterrey Prod,1000,FALSE,Celestica,-46,0,0.44,-20.24,0,0,Unrestricted,-46
08-04-2026,CM: Sienna GA,10-002026 REV-01,10-002026,"Hotmelt,Polyamid,V0,0.2-0.3 W/m-K",Part,OTS,ATLN,RA73,FALSE,Sienna Corporation,132,0,0.0405,5.346,0,1,Unrestricted,132
08-04-2026,CM: Sienna GA,10-002026 REV-01,10-002026,"Hotmelt,Polyamid,V0,0.2-0.3 W/m-K",Part,OTS,ATLN,RIQC,FALSE,Sienna Corporation,871.223999,0,0.0405,35.28457196,0,1,Unrestricted,871.223999
08-04-2026,CM: Sienna GA,10-002026 REV-01,10-002026,"Hotmelt,Polyamid,V0,0.2-0.3 W/m-K",Part,OTS,ATLN,RIQC,FALSE,Sienna Corporation,39916.09766,0,0.0405,1616.601955,0,1,Unrestricted,39916.09766
08-04-2026,CM: Sienna GA,10-002026 REV-01,10-002026,"Hotmelt,Polyamid,V0,0.2-0.3 W/m-K",Part,OTS,ATLN,RIQC,FALSE,Sienna Corporation,39914.09766,0,0.0405,1616.520955,0,1,Unrestricted,39914.09766
08-04-2026,CM: Sienna GA,10-002026 REV-01,10-002026,"Hotmelt,Polyamid,V0,0.2-0.3 W/m-K",Part,OTS,ATLN,RIQC,FALSE,Sienna Corporation,56695.83984,0,0.0405,2296.181514,0,1,Unrestricted,56695.83984
08-04-2026,CM: Sienna GA,10-002026 REV-01,10-002026,"Hotmelt,Polyamid,V0,0.2-0.3 W/m-K",Part,OTS,ATLN,PAWH,FALSE,Sienna Corporation,2,0,0.0405,0.081,0,1,Unrestricted,2
08-04-2026,CM: Sienna GA,10-002026 REV-01,10-002026,"Hotmelt,Polyamid,V0,0.2-0.3 W/m-K",Part,OTS,ATLN,WHS2,FALSE,Sienna Corporation,80163.39844,0,0.0405,3246.617637,0,1,Unrestricted,80163.39844
08-04-2026,CM: Sienna GA,10-002026 REV-01,10-002026,"Hotmelt,Polyamid,V0,0.2-0.3 W/m-K",Part,OTS,ATLN,RA84,FALSE,Sienna Corporation,74686,0,0.0405,3024.783,0,1,Unrestricted,74686
08-04-2026,CM: Sienna GA,10-002026 REV-01,10-002026,"Hotmelt,Polyamid,V0,0.2-0.3 W/m-K",Part,OTS,ATLN,WHS2,FALSE,Sienna Corporation,173.4799957,0,0.0405,7.025939827,0,1,Unrestricted,173.4799957
08-04-2026,CM: Sienna GA,10-002027 REV-04,10-002027,"Thread Forming Screw, M2.5 X 5mm, Torx",Part,OTS,ATLN,RP62,FALSE,Sienna Corporation,380479,0,0.005,1902.395,0,4,Unrestricted,380479
08-04-2026,CM: Sienna GA,10-002027 REV-04,10-002027,"Thread Forming Screw, M2.5 X 5mm, Torx",Part,OTS,ATLN,LINE,FALSE,Sienna Corporation,123,0,0.005,0.615,0,4,Unrestricted,123
08-04-2026,Lunar Netsuite,10-002035,10-002035,"Sticker, Vent, 12mm Round",Part,MTS,CA - Ravendale,NS,FALSE,Lunar Energy,900,0,0.05,45,0,0,Unrestricted,900
08-04-2026,CM: Celestica MX,10-0020353MS,10-002035,"Sticker, Vent, 12mm Round",Part,MTS,Monterrey Prod,1000,FALSE,Celestica,-2,0,0.2,-0.4,0,0,Unrestricted,-2
08-04-2026,CM: Sienna GA,10-002035 REV-03,10-002035,"Sticker, Vent, 12mm Round",Part,MTS,ATLN,LINE,FALSE,Sienna Corporation,3341,0,0,0,0,3,Unrestricted,3341
08-04-2026,CM: Sienna GA,10-002035 REV-01,10-002035,"Sticker, Vent, 12mm Round",Part,MTS,ATLN,PCKD,FALSE,Sienna Corporation,9375,0,0.2,1875,0,1,Unrestricted,9375
08-04-2026,CM: Qualitel WA,814L-10-002036,10-002036,ULTRA THIN BLUE SMD LED,Electrical Components,OTS,"Seattle, WA",Stock,FALSE,Qualitel,3824,0,0.11,420.64,0,0,Unrestricted,3824
08-04-2026,CM: Sienna GA,10-002036 REV-01,10-002036,ULTRA THIN BLUE SMD LED,Electrical Components,OTS,ATLN,MAIN,FALSE,Sienna Corporation,4887,0,0.11,537.57,0,1,Unrestricted,4887
08-04-2026,Lunar Netsuite,10-002036,10-002036,ULTRA THIN BLUE SMD LED,Electrical Components,OTS,NexGen Digital Inc,NS,FALSE,Lunar Energy,8000,0,0.11,880,0,0,Unrestricted,8000
08-04-2026,CM: Sienna GA,10-002036 REV-01,10-002036,ULTRA THIN BLUE SMD LED,Electrical Components,OTS,ATLN,LINE,FALSE,Sienna Corporation,1422,0,0.11,156.42,0,1,Unrestricted,1422
08-04-2026,Lunar Netsuite,10-002036,10-002036,ULTRA THIN BLUE SMD LED,Electrical Components,OTS,JIT - Reno,NS,FALSE,Lunar Energy,8000,0,0.11,880,0,0,Unrestricted,8000
08-04-2026,CM: Sienna GA,10-002041 REV-01,10-002041,Switching Voltage Regulators OPTIREG SWITCHER,Electrical Components,OTS,ATLN,LINE,FALSE,Sienna Corporation,2598,0,1.13,2935.74,0,1,Unrestricted,2598
08-04-2026,Lunar Netsuite,10-002041,10-002041,Switching Voltage Regulators OPTIREG SWITCHER,Electrical Components,OTS,Avnet,NS,FALSE,Lunar Energy,12000,0,1.13,13560,0,0,Unrestricted,11876
08-04-2026,Lunar Netsuite,10-002041,10-002041,Switching Voltage Regulators OPTIREG SWITCHER,Electrical Components,OTS,NexGen Digital Inc,NS,FALSE,Lunar Energy,3000,0,1.13,3390,0,0,Unrestricted,3000
08-04-2026,CM: Qualitel WA,814L-10-002061,10-002061,"Fir Tree,Cable Tie,1-Piece,1.0 - 35.0 mm",Part,OTS,"Seattle, WA",Stock,FALSE,Qualitel,17270,0,0.113,1951.51,0,0,Unrestricted,17270
08-04-2026,CM: Sienna GA,10-002080 REV-01,10-002080,"Wire Harness,Inverter,Antenna (900Mhz/BT/WiFi/LTE)",Part,MTS,ATLN,RK65,FALSE,Sienna Corporation,50,0,25.54,1277,0,1,Unrestricted,50
08-04-2026,CM: Sienna GA,10-002080 REV-01,10-002080,"Wire Harness,Inverter,Antenna (900Mhz/BT/WiFi/LTE)",Part,MTS,ATLN,RK56,FALSE,Sienna Corporation,240,0,25.54,6129.6,0,1,Unrestricted,240
08-04-2026,CM: Sienna GA,10-002080 REV-01,10-002080,"Wire Harness,Inverter,Antenna (900Mhz/BT/WiFi/LTE)",Part,MTS,ATLN,PDRW,FALSE,Sienna Corporation,18,0,25.54,459.72,0,1,Unrestricted,18
08-04-2026,CM: Sienna GA,10-002080 REV-01,10-002080,"Wire Harness,Inverter,Antenna (900Mhz/BT/WiFi/LTE)",Part,MTS,ATLN,RJ14,FALSE,Sienna Corporation,240,0,25.54,6129.6,0,1,Unrestricted,240
08-04-2026,CM: Sienna GA,10-002080 REV-01,10-002080,"Wire Harness,Inverter,Antenna (900Mhz/BT/WiFi/LTE)",Part,MTS,ATLN,INRE,FALSE,Sienna Corporation,10,0,25.54,255.4,0,1,Unrestricted,10
08-04-2026,Lunar Netsuite,10-002080,10-002080,"Wire Harness,Inverter,Antenna (900Mhz/BT/WiFi/LTE)",Part,MTS,Avnet,NS,FALSE,Lunar Energy,2350,0,25.54,60019,0,0,Unrestricted,1037
08-04-2026,CM: Sienna GA,10-002080 REV-01,10-002080,"Wire Harness,Inverter,Antenna (900Mhz/BT/WiFi/LTE)",Part,MTS,ATLN,RP85,FALSE,Sienna Corporation,360,0,25.54,9194.4,0,1,Unrestricted,360
08-04-2026,CM: Sienna GA,10-002080 REV-01,10-002080,"Wire Harness,Inverter,Antenna (900Mhz/BT/WiFi/LTE)",Part,MTS,ATLN,LINE,FALSE,Sienna Corporation,198,0,25.54,5056.92,0,1,Unrestricted,198
08-04-2026,CM: Sienna GA,10-002080 REV-01,10-002080,"Wire Harness,Inverter,Antenna (900Mhz/BT/WiFi/LTE)",Part,MTS,ATLN,RIQC,FALSE,Sienna Corporation,700,0,25.54,17878,0,1,Unrestricted,700
08-04-2026,CM: Sienna GA,10-002090 REV-1,10-002090,"CMOS, 50MHz Min, 6000MHz Max, 1 Func, 0.75dB Insertion Loss-Max",Electrical Components,OTS,ATLN,MAIN,FALSE,Sienna Corporation,12000,0,0.116,1392,0,1,Unrestricted,12000
08-04-2026,CM: Sienna GA,10-002090 REV-1,10-002090,"CMOS, 50MHz Min, 6000MHz Max, 1 Func, 0.75dB Insertion Loss-Max",Electrical Components,OTS,ATLN,LINE,FALSE,Sienna Corporation,2503,0,0.116,290.348,0,1,Unrestricted,2503
08-04-2026,Lunar Netsuite,10-002090,10-002090,"CMOS, 50MHz Min, 6000MHz Max, 1 Func, 0.75dB Insertion Loss-Max",Electrical Components,OTS,JIT - Reno,NS,FALSE,Lunar Energy,32706,0,0.09,2943.54,0,0,Unrestricted,32706
08-04-2026,CM: Sienna GA,10-002094 REV-01,10-002094,IC IGBT DVR,Electrical Components,OTS,ATLN,LINE,FALSE,Sienna Corporation,4503,0,1.12,5043.36,0,1,Unrestricted,4503
08-04-2026,Lunar Netsuite,10-002094,10-002094,IC IGBT DVR,Electrical Components,OTS,JIT - Reno,NS,FALSE,Lunar Energy,2360,0,1.02,2407.2,0,0,Unrestricted,2360
08-04-2026,CM: Qualitel WA,814L-10-002094,10-002094,IC IGBT DVR,Electrical Components,OTS,"Seattle, WA",Stock,FALSE,Qualitel,16112,0,1.05,16917.6,0,0,Unrestricted,16112
08-04-2026,CM: Sienna GA,10-002094 REV-01,10-002094,IC IGBT DVR,Electrical Components,OTS,ATLN,MAIN,FALSE,Sienna Corporation,10000,0,1.12,11200,0,1,Unrestricted,10000
08-04-2026,CM: Sienna GA,10-002094 REV-01,10-002094,IC IGBT DVR,Electrical Components,OTS,ATLN,RIQC,FALSE,Sienna Corporation,2500,0,1.12,2800,0,1,Unrestricted,2500
08-04-2026,CM: Sienna GA,10-002095 REV-01,10-002095,FUSE BRD 60A 250VAC 80VDC 2SMD,Electrical Components,OTS,ATLN,LINE,FALSE,Sienna Corporation,3300,0,2.6588,8774.04,0,1,Unrestricted,3300
08-04-2026,CM: Sienna GA,10-002095 REV-01,10-002095,FUSE BRD 60A 250VAC 80VDC 2SMD,Electrical Components,OTS,ATLN,PAMS,FALSE,Sienna Corporation,3982,0,2.6588,10587.3416,0,1,Unrestricted,3982
08-04-2026,CM: Sienna GA,10-002095 REV-01,10-002095,FUSE BRD 60A 250VAC 80VDC 2SMD,Electrical Components,OTS,ATLN,RIQC,FALSE,Sienna Corporation,1500,0,2.6588,3988.2,0,1,Unrestricted,1500
08-04-2026,CM: Sienna GA,10-002109 REV-01,10-002109,"Screw,M5 x 0.8 6g x 8mm,BHT T-25,Steel,ZnNi BC,Nylon Patch",Part,OTS,ATLN,LINE,FALSE,Sienna Corporation,2787,0,0.0599,166.9413,0,1,Unrestricted,2787
08-04-2026,CM: Sienna GA,10-002109 REV-01,10-002109,"Screw,M5 x 0.8 6g x 8mm,BHT T-25,Steel,ZnNi BC,Nylon Patch",Part,OTS,ATLN,RIQC,FALSE,Sienna Corporation,4200,0,0.0599,251.58,0,1,Unrestricted,4200
08-04-2026,CM: Sienna GA,10-002110 REV-02,10-002110,"Screw,M2.5x0.45 6g x8mm,BHT T8,Flange,Steel,ZnNi BC,Nylon Patch",Part,OTS,ATLN,RP52,FALSE,Sienna Corporation,32000,0,0.026,832,0,2,Unrestricted,32000
08-04-2026,CM: Sienna GA,10-002110 REV-02,10-002110,"Screw,M2.5x0.45 6g x8mm,BHT T8,Flange,Steel,ZnNi BC,Nylon Patch",Part,OTS,ATLN,LINE,FALSE,Sienna Corporation,3431,0,0.026,89.206,0,2,Unrestricted,3431
08-04-2026,CM: Sienna GA,10-002113 REV-01,10-002113,"Screw,M5x0.8 6g x8mm,Under-Head Sealing,BHT T25,Flange,Steel,ZiNi BC,Nylon Patch",Part,OTS,ATLN,LINE,FALSE,Sienna Corporation,3354,0,0.1032,346.1328,0,1,Unrestricted,3354
08-04-2026,CM: Sienna GA,10-002113 REV-01,10-002113,"Screw,M5x0.8 6g x8mm,Under-Head Sealing,BHT T25,Flange,Steel,ZiNi BC,Nylon Patch",Part,OTS,ATLN,RP62,FALSE,Sienna Corporation,16000,0,0.1032,1651.2,0,1,Unrestricted,16000
08-04-2026,CM: Sienna GA,10-002115 REV-01,10-002115,"Screw,K30 x 1.34PF x10mm,T/F,BHT T10,Flanged,Steel,ZiNi BC,Patch",Part,OTS,ATLN,LINE,FALSE,Sienna Corporation,2758,0,0.0108,29.7864,0,1,Unrestricted,2758
08-04-2026,CM: Sienna GA,10-002115 REV-01,10-002115,"Screw,K30 x 1.34PF x10mm,T/F,BHT T10,Flanged,Steel,ZiNi BC,Patch",Part,OTS,ATLN,WHS2,FALSE,Sienna Corporation,679,0,0.0108,7.3332,0,1,Unrestricted,679
08-04-2026,CM: Sienna GA,10-002115 REV-01,10-002115,"Screw,K30 x 1.34PF x10mm,T/F,BHT T10,Flanged,Steel,ZiNi BC,Patch",Part,OTS,ATLN,MAIN,FALSE,Sienna Corporation,1000,0,0.0108,10.8,0,1,Unrestricted,1000
08-04-2026,CM: Qualitel WA,814L-10-002115,10-002115,"Screw,K30 x 1.34PF x10mm,T/F,BHT T10,Flanged,Steel,ZiNi BC,Patch",Part,OTS,"Seattle, WA",Stock,FALSE,Qualitel,30587,0,0.03,917.61,0,0,Unrestricted,30587
08-04-2026,CM: Sienna GA,10-002115 REV-01,10-002115,"Screw,K30 x 1.34PF x10mm,T/F,BHT T10,Flanged,Steel,ZiNi BC,Patch",Part,OTS,ATLN,PAWH,FALSE,Sienna Corporation,53000,0,0.0108,572.4,0,1,Unrestricted,53000
08-04-2026,CM: Qualitel WA,814L-10-002115,10-002115,"Screw,K30 x 1.34PF x10mm,T/F,BHT T10,Flanged,Steel,ZiNi BC,Patch",Part,OTS,"Seattle, WA",PO Inspection,FALSE,Qualitel,0,25,0.03,0,0.75,0,Restricted,0
08-04-2026,CM: Qualitel WA,814L-10-002115,10-002115,"Screw,K30 x 1.34PF x10mm,T/F,BHT T10,Flanged,Steel,ZiNi BC,Patch",Part,OTS,"Seattle, WA",MRB,FALSE,Qualitel,0,25,0.03,0,0.75,0,Restricted,0
08-04-2026,CM: Sienna GA,10-002116 REV-03,10-002116,"Screw,M4x0.7 6g x36mm,BHT T20,Flange,Steel,ZiNi BC,Nylon Patch",Part,OTS,ATLN,MAIN,FALSE,Sienna Corporation,755,0,0.087,65.685,0,3,Unrestricted,755
08-04-2026,CM: Sienna GA,10-002116 REV-03,10-002116,"Screw,M4x0.7 6g x36mm,BHT T20,Flange,Steel,ZiNi BC,Nylon Patch",Part,OTS,ATLN,RQ72,FALSE,Sienna Corporation,17630,0,0.087,1533.81,0,3,Unrestricted,17630
08-04-2026,CM: Sienna GA,10-002117 REV-03,10-002117,"Screw,Captive,M5x0.8 6gx14mm,5mm Thread,SHCS,Flanged,DP,Steel,ZiNi BC",Part,OTS,ATLN,MAIN,FALSE,Sienna Corporation,3952,0,0.091,359.632,0,3,Unrestricted,3952
08-04-2026,CM: Sienna GA,10-002119 REV-02,10-002119,"Screw,#10-14 PLAST48-2x0.625in,T/F,BHT T25,Flange,Steel,ZiNi BC,Nylon Patch",Part,OTS,ATLN,LINE,FALSE,Sienna Corporation,484,0,0.05,24.2,0,2,Unrestricted,484
08-04-2026,CM: Celestica MX,10-0021193MS,10-002119,"Screw,#10-14 PLAST48-2x0.625in,T/F,BHT T25,Flange,Steel,ZiNi BC,Nylon Patch",Part,OTS,Monterrey Prod,1000,FALSE,Celestica,-228,0,0.06,-13.68,0,0,Unrestricted,-228
08-04-2026,CM: Sienna GA,10-002119 REV-02,10-002119,"Screw,#10-14 PLAST48-2x0.625in,T/F,BHT T25,Flange,Steel,ZiNi BC,Nylon Patch",Part,OTS,ATLN,RIQC,FALSE,Sienna Corporation,24700,0,0.05,1235,0,2,Unrestricted,24700
08-04-2026,CM: Qualitel WA,814L-10-002119,10-002119,"Screw,#10-14 PLAST48-2x0.625in,T/F,BHT T25,Flange,Steel,ZiNi BC,Nylon Patch",Part,OTS,"Seattle, WA",Stock,FALSE,Qualitel,7286,0,0.03,218.58,0,0,Unrestricted,7286
08-04-2026,CM: Sienna GA,10-002120 REV-01,10-002120,"Screw,#8-32 UNRC-3Ax0.625in,BHT T15,Flange,Steel,ZiNi BC,Nylon Patch",Part,OTS,ATLN,LINE,FALSE,Sienna Corporation,1426,0,0.0774,110.3724,0,1,Unrestricted,1426
08-04-2026,CM: Sienna GA,10-002120 REV-01,10-002120,"Screw,#8-32 UNRC-3Ax0.625in,BHT T15,Flange,Steel,ZiNi BC,Nylon Patch",Part,OTS,ATLN,MAIN,FALSE,Sienna Corporation,2000,0,0.0774,154.8,0,1,Unrestricted,2000
08-04-2026,CM: Sienna GA,10-002120 REV-01,10-002120,"Screw,#8-32 UNRC-3Ax0.625in,BHT T15,Flange,Steel,ZiNi BC,Nylon Patch",Part,OTS,ATLN,RIQC,FALSE,Sienna Corporation,2500,0,0.0774,193.5,0,1,Unrestricted,2500
08-04-2026,CM: Sienna GA,10-002120 REV-01,10-002120,"Screw,#8-32 UNRC-3Ax0.625in,BHT T15,Flange,Steel,ZiNi BC,Nylon Patch",Part,OTS,ATLN,WHS2,FALSE,Sienna Corporation,150,0,0.0774,11.61,0,1,Unrestricted,150
08-04-2026,CM: Sienna GA,10-002121 REV-01,10-002121,"Screw,Shldr,M3x0.5 6g x4.5mm,4.09mm D Shldr,BHT T10,Flange,Steel,ZiNi BC,Nylon Patch",Part,OTS,ATLN,RIQC,FALSE,Sienna Corporation,7500,0,0.14,1050,0,1,Unrestricted,7500
08-04-2026,CM: Sienna GA,10-002121 REV-01,10-002121,"Screw,Shldr,M3x0.5 6g x4.5mm,4.09mm D Shldr,BHT T10,Flange,Steel,ZiNi BC,Nylon Patch",Part,OTS,ATLN,LINE,FALSE,Sienna Corporation,6907,0,0.14,966.98,0,1,Unrestricted,6907
08-04-2026,CM: Sienna GA,10-002123 REV-1,10-002123,TVS DIODE 5VWM 6.8VC SOT23-6L,Electrical Components,OTS,ATLN,PAMS,FALSE,Sienna Corporation,18000,0,0.068,1224,0,1,Unrestricted,18000
08-04-2026,CM: Sienna GA,10-002123 REV-1,10-002123,TVS DIODE 5VWM 6.8VC SOT23-6L,Electrical Components,OTS,ATLN,LINE,FALSE,Sienna Corporation,752,0,0.068,51.136,0,1,Unrestricted,752
08-04-2026,Lunar Netsuite,10-002123,10-002123,TVS DIODE 5VWM 6.8VC SOT23-6L,Electrical Components,OTS,JIT - Reno,NS,FALSE,Lunar Energy,162000,0,0.0681,11032.2,0,0,Unrestricted,154000
08-04-2026,CM: Sienna GA,10-002124 REV-02,10-002124,"Standoff,M4,M/F,6mm M,10mm F,20mm Shldr,Steel,ZnNi BC,Nylon Patch",Part,OTS,ATLN,RIQC,FALSE,Sienna Corporation,2500,0,0.17,425,0,2,Unrestricted,2500
08-04-2026,CM: Sienna GA,10-002124 REV-02,10-002124,"Standoff,M4,M/F,6mm M,10mm F,20mm Shldr,Steel,ZnNi BC,Nylon Patch",Part,OTS,ATLN,RP51,FALSE,Sienna Corporation,4500,0,0.17,765,0,2,Unrestricted,4500
08-04-2026,CM: Sienna GA,10-002124 REV-02,10-002124,"Standoff,M4,M/F,6mm M,10mm F,20mm Shldr,Steel,ZnNi BC,Nylon Patch",Part,OTS,ATLN,LINE,FALSE,Sienna Corporation,2032,0,0.17,345.44,0,2,Unrestricted,2032
08-04-2026,Lunar Netsuite,10-002125,10-002125,CAP CER 0.047UF 1KV X7S 2220,Electrical Components,OTS,CCL (Computer Components Ltd),NS,FALSE,Lunar Energy,3000,0,1.1395,3418.5,0,0,Unrestricted,3000
08-04-2026,CM: Sienna GA,10-002134 REV-01,10-002134,"Screw,M4x0.7 6gx10mm,BHT T15,Steel,ZnNi BC,Nylon Patch",Part,OTS,ATLN,RIQC,FALSE,Sienna Corporation,50857,0,0.04,2034.28,0,1,Unrestricted,50857
08-04-2026,Lunar Netsuite,10-002134,10-002134,"Screw,M4x0.7 6gx10mm,BHT T15,Steel,ZnNi BC,Nylon Patch",Part,OTS,CA - Ravendale,NS,FALSE,Lunar Energy,200,0,0.041,8.2,0,0,Unrestricted,200
08-04-2026,Lunar Netsuite,10-002138,10-002138,IC REG BUCK ADJ 3A 8HTSOP-J,Electrical Components,OTS,Avnet,NS,FALSE,Lunar Energy,27500,0,1.14,31350,0,0,Unrestricted,27500
08-04-2026,Lunar Netsuite,10-002138,10-002138,IC REG BUCK ADJ 3A 8HTSOP-J,Electrical Components,OTS,JIT - Reno,NS,FALSE,Lunar Energy,50500,0,1.3055,65927.75,0,0,Unrestricted,50500
08-04-2026,CM: Celestica MX,10-0021383MS,10-002138,IC REG BUCK ADJ 3A 8HTSOP-J,Electrical Components,OTS,Monterrey Prod,1000,FALSE,Celestica,54,0,1.9,102.6,0,0,Unrestricted,54
08-04-2026,CM: Qualitel WA,814L-10-002138,10-002138,IC REG BUCK ADJ 3A 8HTSOP-J,Electrical Components,OTS,"Seattle, WA",Stock,FALSE,Qualitel,34029,0,1.14,38793.06,0,0,Unrestricted,34029
08-04-2026,Lunar Netsuite,10-002141,10-002141,CONN HEADER SMD R/A 2POS 3MM,Electrical Components,OTS,JIT - Reno,NS,FALSE,Lunar Energy,215,0,0.3963,85.2045,0,0,Unrestricted,215
08-04-2026,CM: Sienna GA,C10-002141 REV-1,10-002141,CONN HEADER SMD R/A 2POS 3MM,Electrical Components,OTS,ATLN,WR84,TRUE,Lunar Energy,2690,0,0,0,0,1,Unrestricted,2690
08-04-2026,Lunar Netsuite,10-002141,10-002141,CONN HEADER SMD R/A 2POS 3MM,Electrical Components,OTS,Sienna Corporation - GA,NS,FALSE,Lunar Energy,2690,0,0.3963,1066.047,0,0,Unrestricted,0
08-04-2026,Lunar Netsuite,10-002141,10-002141,CONN HEADER SMD R/A 2POS 3MM,Electrical Components,OTS,CCL (Computer Components Ltd),NS,FALSE,Lunar Energy,55470,0,0.3896,21611.112,0,0,Unrestricted,55470
08-04-2026,CM: Sienna GA,10-002146 REV-01,10-002146,"Part A, Epic Resins S7475",Part,OTS,ATLN,PAWH,FALSE,Sienna Corporation,1395,0,0,0,0,1,Unrestricted,1395
08-04-2026,CM: Sienna GA,10-002146 REV-01,10-002146,"Part A, Epic Resins S7475",Part,OTS,ATLN,RIQC,FALSE,Sienna Corporation,9269.459961,0,0,0,0,1,Unrestricted,9269.459961
08-04-2026,CM: Sienna GA,10-002147 REV-01,10-002147,"Part B, Epic Resins S7475",Part,OTS,ATLN,RIQC,FALSE,Sienna Corporation,145149.4375,0,0.0115,1669.218531,0,1,Unrestricted,145149.4375
08-04-2026,CM: Sienna GA,10-002147 REV-01,10-002147,"Part B, Epic Resins S7475",Part,OTS,ATLN,RIQC,FALSE,Sienna Corporation,150.4499969,0,0.0115,1.730174965,0,1,Unrestricted,150.4499969
08-04-2026,CM: Sienna GA,10-002147 REV-01,10-002147,"Part B, Epic Resins S7475",Part,OTS,ATLN,RE52,FALSE,Sienna Corporation,108552.7734,0,0.0115,1248.356895,0,1,Unrestricted,108552.7734
08-04-2026,CM: Sienna GA,10-002147 REV-01,10-002147,"Part B, Epic Resins S7475",Part,OTS,ATLN,RIQC,FALSE,Sienna Corporation,172243.8438,0,0.0115,1980.804203,0,1,Unrestricted,172243.8438
08-04-2026,CM: Sienna GA,10-002147 REV-01,10-002147,"Part B, Epic Resins S7475",Part,OTS,ATLN,RIQC,FALSE,Sienna Corporation,272155.1875,0,0.0115,3129.784656,0,1,Unrestricted,272155.1875
08-04-2026,CM: Sienna GA,10-002147 REV-01,10-002147,"Part B, Epic Resins S7475",Part,OTS,ATLN,RF72,FALSE,Sienna Corporation,272147.1875,0,0.0115,3129.692656,0,1,Unrestricted,272147.1875
08-04-2026,CM: Sienna GA,10-002147 REV-01,10-002147,"Part B, Epic Resins S7475",Part,OTS,ATLN,RIQC,FALSE,Sienna Corporation,1407.099976,0,0.0115,16.18164972,0,1,Unrestricted,1407.099976
08-04-2026,Lunar Netsuite,10-002148,10-002148,FERRITE BEAD 80 OHM 1206 1LN,Electrical Components,OTS,NexGen Digital Inc,NS,FALSE,Lunar Energy,45000,0,0.019,855,0,0,Unrestricted,45000
08-04-2026,CM: Qualitel WA,814L-10-002148,10-002148,FERRITE BEAD 80 OHM 1206 1LN,Electrical Components,OTS,"Seattle, WA",Stock,FALSE,Qualitel,9509,0,0.019,180.671,0,0,Unrestricted,9509
08-04-2026,CM: Sienna GA,10-002148 REV-01,10-002148,FERRITE BEAD 80 OHM 1206 1LN,Electrical Components,OTS,ATLN,MAIN,FALSE,Sienna Corporation,30000,0,0.019,570,0,1,Unrestricted,30000
08-04-2026,Lunar Netsuite,10-002148,10-002148,FERRITE BEAD 80 OHM 1206 1LN,Electrical Components,OTS,JIT - Reno,NS,FALSE,Lunar Energy,294000,0,0.019,5586,0,0,Unrestricted,294000
08-04-2026,CM: Sienna GA,10-002148 REV-01,10-002148,FERRITE BEAD 80 OHM 1206 1LN,Electrical Components,OTS,ATLN,LINE,FALSE,Sienna Corporation,265,0,0.019,5.035,0,1,Unrestricted,265
08-04-2026,Lunar Netsuite,10-002156,10-002156,RES SMD 18K OHM 5% 1/3W 0603,Electrical Components,OTS,CCL (Computer Components Ltd),NS,FALSE,Lunar Energy,10000,0,0.0082,82,0,0,Unrestricted,10000
08-04-2026,Lunar Netsuite,10-002160,10-002160,CAP FILM 1UF 10% 305VAC RADIAL,Electrical Components,OTS,CCL (Computer Components Ltd),NS,FALSE,Lunar Energy,287,0,1.41,404.67,0,0,Unrestricted,287
08-04-2026,Lunar Netsuite,10-002162,10-002162,Multilayer Ceramic Capacitors MLCC - SMD/SMT 50V 0.33uF X7R 0805 10%,Electrical Components,OTS,NexGen Digital Inc,NS,FALSE,Lunar Energy,100000,0,0.0148,1480,0,0,Unrestricted,100000
08-04-2026,CM: Qualitel WA,814L-10-002162,10-002162,Multilayer Ceramic Capacitors MLCC - SMD/SMT 50V 0.33uF X7R 0805 10%,Electrical Components,OTS,"Seattle, WA",Stock,FALSE,Qualitel,21624,0,0.0148,320.0352,0,0,Unrestricted,21624
08-04-2026,CM: Sienna GA,10-002162 REV-01,10-002162,Multilayer Ceramic Capacitors MLCC - SMD/SMT 50V 0.33uF X7R 0805 10%,Electrical Components,OTS,ATLN,LINE,FALSE,Sienna Corporation,17788,0,0.0148,263.2624,0,1,Unrestricted,17788
08-04-2026,CM: Sienna GA,10-002162 REV-01,10-002162,Multilayer Ceramic Capacitors MLCC - SMD/SMT 50V 0.33uF X7R 0805 10%,Electrical Components,OTS,ATLN,RIQC,FALSE,Sienna Corporation,8000,0,0.0148,118.4,0,1,Unrestricted,8000
08-04-2026,Lunar Netsuite,10-002162,10-002162,Multilayer Ceramic Capacitors MLCC - SMD/SMT 50V 0.33uF X7R 0805 10%,Electrical Components,OTS,JIT - Reno,NS,FALSE,Lunar Energy,40000,0,0.0148,592,0,0,Unrestricted,40000
08-04-2026,Lunar Netsuite,10-002164,10-002164,CAP CER 0.1UF 1KV X7R 1812,Electrical Components,OTS,CA - Ravendale,NS,FALSE,Lunar Energy,1000,0,0.254,254,0,0,Unrestricted,1000
08-04-2026,Lunar Netsuite,10-002164,10-002164,CAP CER 0.1UF 1KV X7R 1812,Electrical Components,OTS,CCL (Computer Components Ltd),NS,FALSE,Lunar Energy,2000,0,0.1774,354.8,0,0,Unrestricted,2000
08-04-2026,Lunar Netsuite,10-002165,10-002165,RES SMD 2.2K OHM 1% 1/8W 0603 AEC-Q,Electrical Components,OTS,JIT - Reno,NS,FALSE,Lunar Energy,250,0,0.75,187.5,0,0,Unrestricted,250
08-04-2026,CM: Celestica MX,10-0021653MS,10-002165,RES SMD 2.2K OHM 1% 1/8W 0603 AEC-Q,Electrical Components,OTS,Monterrey Prod,1000,FALSE,Celestica,11,0,0.003,0.033,0,0,Unrestricted,11
08-04-2026,CM: Sienna GA,10-002165 REV-1,10-002165,RES SMD 2.2K OHM 1% 1/8W 0603 AEC-Q,Electrical Components,OTS,ATLN,LINE,FALSE,Sienna Corporation,8947,0,0.003,26.841,0,1,Unrestricted,8947
08-04-2026,CM: Sienna GA,10-002165 REV-1,10-002165,RES SMD 2.2K OHM 1% 1/8W 0603 AEC-Q,Electrical Components,OTS,ATLN,MAIN,FALSE,Sienna Corporation,5000,0,0.003,15,0,1,Unrestricted,5000
08-04-2026,CM: Qualitel WA,814L-10-002165,10-002165,RES SMD 2.2K OHM 1% 1/8W 0603 AEC-Q,Electrical Components,OTS,"Seattle, WA",Stock,FALSE,Qualitel,14087,0,0.0011,15.4957,0,0,Unrestricted,14087
08-04-2026,CM: Qualitel WA,814L-10-002167,10-002167,RES SMD 4.7K OHM 1% 1/10W 0603 AEC-Q,Electrical Components,OTS,"Seattle, WA",Stock,FALSE,Qualitel,82494,0,0.0012,98.9928,0,0,Unrestricted,82494
08-04-2026,CM: Sienna GA,10-002167 REV-1,10-002167,RES SMD 4.7K OHM 1% 1/10W 0603 AEC-Q,Electrical Components,OTS,ATLN,MAIN,FALSE,Sienna Corporation,75000,0,0.0034,255,0,1,Unrestricted,75000
08-04-2026,CM: Sienna GA,10-002167 REV-1,10-002167,RES SMD 4.7K OHM 1% 1/10W 0603 AEC-Q,Electrical Components,OTS,ATLN,LINE,FALSE,Sienna Corporation,7378,0,0.0034,25.0852,0,1,Unrestricted,7378
08-04-2026,CM: Qualitel WA,814L-10-002170,10-002170,RES SMD 22 OHM 5% 1/4W 1206 AEC-Q,Electrical Components,OTS,"Seattle, WA",Stock,FALSE,Qualitel,54357,0,0.0025,135.8925,0,0,Unrestricted,54357
08-04-2026,CM: Sienna GA,10-002170 REV-01,10-002170,RES SMD 22 OHM 5% 1/4W 1206 AEC-Q,Electrical Components,OTS,ATLN,MAIN,FALSE,Sienna Corporation,45000,0,0.0102,459,0,1,Unrestricted,45000
08-04-2026,Lunar Netsuite,10-002170,10-002170,RES SMD 22 OHM 5% 1/4W 1206 AEC-Q,Electrical Components,OTS,JIT - Reno,NS,FALSE,Lunar Energy,50000,0,0.0102,510,0,0,Unrestricted,15000
08-04-2026,CM: Sienna GA,10-002170 REV-01,10-002170,RES SMD 22 OHM 5% 1/4W 1206 AEC-Q,Electrical Components,OTS,ATLN,RIQC,FALSE,Sienna Corporation,25000,0,0.0102,255,0,1,Unrestricted,25000
08-04-2026,CM: Sienna GA,10-002170 REV-01,10-002170,RES SMD 22 OHM 5% 1/4W 1206 AEC-Q,Electrical Components,OTS,ATLN,LINE,FALSE,Sienna Corporation,6019,0,0.0102,61.3938,0,1,Unrestricted,6019
08-04-2026,CM: Qualitel WA,814L-10-002171,10-002171,CAP CER 4.7UF 50V X7R 0805,Electrical Components,OTS,"Seattle, WA",Stock,FALSE,Qualitel,36141,0,0.0457,1651.6437,0,0,Unrestricted,36141
08-04-2026,CM: Sienna GA,10-002171 REV-01,10-002171,CAP CER 4.7UF 50V X7R 0805,Electrical Components,OTS,ATLN,RIQC,FALSE,Sienna Corporation,28000,0,0.0818,2290.4,0,1,Unrestricted,28000
08-04-2026,CM: Sienna GA,10-002171 REV-01,10-002171,CAP CER 4.7UF 50V X7R 0805,Electrical Components,OTS,ATLN,LINE,FALSE,Sienna Corporation,2172,0,0.0818,177.6696,0,1,Unrestricted,2172
08-04-2026,CM: Sienna GA,10-002171 REV-01,10-002171,CAP CER 4.7UF 50V X7R 0805,Electrical Components,OTS,ATLN,MAIN,FALSE,Sienna Corporation,10000,0,0.0818,818,0,1,Unrestricted,10000
08-04-2026,Lunar Netsuite,10-002172,10-002172,"Full Functional Assy, Bridge, Lunar Blue",Part,MTS,CA - Ravendale,NS,FALSE,Lunar Energy,1,0,0,0,0,0,Unrestricted,0
08-04-2026,CM: Sienna GA,10-002173 REV-14,10-002173,"Assy Enclosure, Weldment, Bridge, Lunar Blue",Part,MTS,ATLN,RQB6,FALSE,Sienna Corporation,8,0,99.39,795.12,0,14,Unrestricted,8
08-04-2026,CM: Sienna GA,10-002173 REV-14,10-002173,"Assy Enclosure, Weldment, Bridge, Lunar Blue",Part,MTS,ATLN,RSA5,FALSE,Sienna Corporation,8,0,99.39,795.12,0,14,Unrestricted,8
08-04-2026,CM: Sienna GA,10-002173 REV-14,10-002173,"Assy Enclosure, Weldment, Bridge, Lunar Blue",Part,MTS,ATLN,RQ24,FALSE,Sienna Corporation,8,0,99.39,795.12,0,14,Unrestricted,8
08-04-2026,CM: Sienna GA,10-002173 REV-14,10-002173,"Assy Enclosure, Weldment, Bridge, Lunar Blue",Part,MTS,ATLN,RR16,FALSE,Sienna Corporation,8,0,99.39,795.12,0,14,Unrestricted,8
08-04-2026,CM: Sienna GA,10-002173 REV-14,10-002173,"Assy Enclosure, Weldment, Bridge, Lunar Blue",Part,MTS,ATLN,RS85,FALSE,Sienna Corporation,8,0,99.39,795.12,0,14,Unrestricted,8
08-04-2026,CM: Sienna GA,10-002173 REV-14,10-002173,"Assy Enclosure, Weldment, Bridge, Lunar Blue",Part,MTS,ATLN,RP84,FALSE,Sienna Corporation,5,0,99.39,496.95,0,14,Unrestricted,5
08-04-2026,CM: Sienna GA,10-002173 REV-14,10-002173,"Assy Enclosure, Weldment, Bridge, Lunar Blue",Part,MTS,ATLN,RQ73,FALSE,Sienna Corporation,16,0,99.39,1590.24,0,14,Unrestricted,16
08-04-2026,CM: Sienna GA,10-002173 REV-14,10-002173,"Assy Enclosure, Weldment, Bridge, Lunar Blue",Part,MTS,ATLN,RT54,FALSE,Sienna Corporation,8,0,99.39,795.12,0,14,Unrestricted,8
08-04-2026,CM: Sienna GA,10-002173 REV-14,10-002173,"Assy Enclosure, Weldment, Bridge, Lunar Blue",Part,MTS,ATLN,RR25,FALSE,Sienna Corporation,8,0,99.39,795.12,0,14,Unrestricted,8
08-04-2026,CM: Sienna GA,10-002173 REV-14,10-002173,"Assy Enclosure, Weldment, Bridge, Lunar Blue",Part,MTS,ATLN,RJ53,FALSE,Sienna Corporation,8,0,99.39,795.12,0,14,Unrestricted,8
08-04-2026,CM: Sienna GA,10-002173 REV-14,10-002173,"Assy Enclosure, Weldment, Bridge, Lunar Blue",Part,MTS,ATLN,RS64,FALSE,Sienna Corporation,8,0,99.39,795.12,0,14,Unrestricted,8
08-04-2026,CM: Sienna GA,10-002173 REV-14,10-002173,"Assy Enclosure, Weldment, Bridge, Lunar Blue",Part,MTS,ATLN,RR26,FALSE,Sienna Corporation,8,0,99.39,795.12,0,14,Unrestricted,8
08-04-2026,CM: Sienna GA,10-002173 REV-14,10-002173,"Assy Enclosure, Weldment, Bridge, Lunar Blue",Part,MTS,ATLN,RS86,FALSE,Sienna Corporation,8,0,99.39,795.12,0,14,Unrestricted,8
08-04-2026,CM: Sienna GA,10-002173 REV-14,10-002173,"Assy Enclosure, Weldment, Bridge, Lunar Blue",Part,MTS,ATLN,RT26,FALSE,Sienna Corporation,8,0,99.39,795.12,0,14,Unrestricted,8
08-04-2026,CM: Sienna GA,10-002173 REV-14,10-002173,"Assy Enclosure, Weldment, Bridge, Lunar Blue",Part,MTS,ATLN,RQ44,FALSE,Sienna Corporation,8,0,99.39,795.12,0,14,Unrestricted,8
08-04-2026,CM: Sienna GA,10-002173 REV-14,10-002173,"Assy Enclosure, Weldment, Bridge, Lunar Blue",Part,MTS,ATLN,RR86,FALSE,Sienna Corporation,8,0,99.39,795.12,0,14,Unrestricted,8
08-04-2026,CM: Sienna GA,10-002173 REV-14,10-002173,"Assy Enclosure, Weldment, Bridge, Lunar Blue",Part,MTS,ATLN,RR63,FALSE,Sienna Corporation,8,0,99.39,795.12,0,14,Unrestricted,8
08-04-2026,CM: Sienna GA,10-002173 REV-14,10-002173,"Assy Enclosure, Weldment, Bridge, Lunar Blue",Part,MTS,ATLN,RP45,FALSE,Sienna Corporation,8,0,99.39,795.12,0,14,Unrestricted,8
08-04-2026,CM: Sienna GA,10-002173 REV-14,10-002173,"Assy Enclosure, Weldment, Bridge, Lunar Blue",Part,MTS,ATLN,RS84,FALSE,Sienna Corporation,8,0,99.39,795.12,0,14,Unrestricted,8
08-04-2026,CM: Sienna GA,10-002173 REV-14,10-002173,"Assy Enclosure, Weldment, Bridge, Lunar Blue",Part,MTS,ATLN,RR84,FALSE,Sienna Corporation,8,0,99.39,795.12,0,14,Unrestricted,8
08-04-2026,CM: Sienna GA,10-002173 REV-14,10-002173,"Assy Enclosure, Weldment, Bridge, Lunar Blue",Part,MTS,ATLN,RQ95,FALSE,Sienna Corporation,16,0,99.39,1590.24,0,14,Unrestricted,16
08-04-2026,CM: Sienna GA,10-002173 REV-14,10-002173,"Assy Enclosure, Weldment, Bridge, Lunar Blue",Part,MTS,ATLN,RQB3,FALSE,Sienna Corporation,8,0,99.39,795.12,0,14,Unrestricted,8
08-04-2026,CM: Sienna GA,10-002173 REV-14,10-002173,"Assy Enclosure, Weldment, Bridge, Lunar Blue",Part,MTS,ATLN,RT36,FALSE,Sienna Corporation,8,0,99.39,795.12,0,14,Unrestricted,8
08-04-2026,CM: Sienna GA,10-002173 REV-14,10-002173,"Assy Enclosure, Weldment, Bridge, Lunar Blue",Part,MTS,ATLN,RS66,FALSE,Sienna Corporation,8,0,99.39,795.12,0,14,Unrestricted,8
08-04-2026,CM: Sienna GA,10-002173 REV-14,10-002173,"Assy Enclosure, Weldment, Bridge, Lunar Blue",Part,MTS,ATLN,RR83,FALSE,Sienna Corporation,8,0,99.39,795.12,0,14,Unrestricted,8
08-04-2026,CM: Sienna GA,10-002173 REV-14,10-002173,"Assy Enclosure, Weldment, Bridge, Lunar Blue",Part,MTS,ATLN,RQ94,FALSE,Sienna Corporation,8,0,99.39,795.12,0,14,Unrestricted,8
08-04-2026,CM: Sienna GA,10-002173 REV-14,10-002173,"Assy Enclosure, Weldment, Bridge, Lunar Blue",Part,MTS,ATLN,RQ75,FALSE,Sienna Corporation,5,0,99.39,496.95,0,14,Unrestricted,5
08-04-2026,CM: Sienna GA,10-002173 REV-14,10-002173,"Assy Enclosure, Weldment, Bridge, Lunar Blue",Part,MTS,ATLN,RQ93,FALSE,Sienna Corporation,24,0,99.39,2385.36,0,14,Unrestricted,24
08-04-2026,CM: Sienna GA,10-002173 REV-14,10-002173,"Assy Enclosure, Weldment, Bridge, Lunar Blue",Part,MTS,ATLN,RP93,FALSE,Sienna Corporation,8,0,99.39,795.12,0,14,Unrestricted,8
08-04-2026,CM: Sienna GA,10-002173 REV-14,10-002173,"Assy Enclosure, Weldment, Bridge, Lunar Blue",Part,MTS,ATLN,RR34,FALSE,Sienna Corporation,8,0,99.39,795.12,0,14,Unrestricted,8
08-04-2026,CM: Sienna GA,10-002173 REV-14,10-002173,"Assy Enclosure, Weldment, Bridge, Lunar Blue",Part,MTS,ATLN,RS83,FALSE,Sienna Corporation,8,0,99.39,795.12,0,14,Unrestricted,8
08-04-2026,CM: Sienna GA,10-002173 REV-14,10-002173,"Assy Enclosure, Weldment, Bridge, Lunar Blue",Part,MTS,ATLN,RP94,FALSE,Sienna Corporation,8,0,99.39,795.12,0,14,Unrestricted,8
08-04-2026,CM: Sienna GA,10-002173 REV-14,10-002173,"Assy Enclosure, Weldment, Bridge, Lunar Blue",Part,MTS,ATLN,RQ55,FALSE,Sienna Corporation,8,0,99.39,795.12,0,14,Unrestricted,8
08-04-2026,CM: Sienna GA,10-002173 REV-14,10-002173,"Assy Enclosure, Weldment, Bridge, Lunar Blue",Part,MTS,ATLN,RS95,FALSE,Sienna Corporation,8,0,99.39,795.12,0,14,Unrestricted,8
08-04-2026,CM: Sienna GA,10-002173 REV-14,10-002173,"Assy Enclosure, Weldment, Bridge, Lunar Blue",Part,MTS,ATLN,RP95,FALSE,Sienna Corporation,8,0,99.39,795.12,0,14,Unrestricted,8
08-04-2026,CM: Sienna GA,10-002173 REV-14,10-002173,"Assy Enclosure, Weldment, Bridge, Lunar Blue",Part,MTS,ATLN,MRB,FALSE,Sienna Corporation,0,2,99.39,0,198.78,14,Restricted,0
08-04-2026,CM: Sienna GA,10-002173 REV-14,10-002173,"Assy Enclosure, Weldment, Bridge, Lunar Blue",Part,MTS,ATLN,RQ65,FALSE,Sienna Corporation,8,0,99.39,795.12,0,14,Unrestricted,8
08-04-2026,CM: Sienna GA,10-002173 REV-14,10-002173,"Assy Enclosure, Weldment, Bridge, Lunar Blue",Part,MTS,ATLN,RQ46,FALSE,Sienna Corporation,8,0,99.39,795.12,0,14,Unrestricted,8
08-04-2026,CM: Sienna GA,10-002173 REV-14,10-002173,"Assy Enclosure, Weldment, Bridge, Lunar Blue",Part,MTS,ATLN,RP64,FALSE,Sienna Corporation,8,0,99.39,795.12,0,14,Unrestricted,8
08-04-2026,CM: Sienna GA,10-002173 REV-14,10-002173,"Assy Enclosure, Weldment, Bridge, Lunar Blue",Part,MTS,ATLN,RRB6,FALSE,Sienna Corporation,8,0,99.39,795.12,0,14,Unrestricted,8
08-04-2026,CM: Sienna GA,10-002173 REV-14,10-002173,"Assy Enclosure, Weldment, Bridge, Lunar Blue",Part,MTS,ATLN,RR75,FALSE,Sienna Corporation,8,0,99.39,795.12,0,14,Unrestricted,8
08-04-2026,CM: Sienna GA,10-002173 REV-14,10-002173,"Assy Enclosure, Weldment, Bridge, Lunar Blue",Part,MTS,ATLN,RQ64,FALSE,Sienna Corporation,8,0,99.39,795.12,0,14,Unrestricted,8
08-04-2026,CM: Sienna GA,10-002173 REV-14,10-002173,"Assy Enclosure, Weldment, Bridge, Lunar Blue",Part,MTS,ATLN,RP86,FALSE,Sienna Corporation,16,0,99.39,1590.24,0,14,Unrestricted,16
08-04-2026,CM: Sienna GA,10-002173 REV-14,10-002173,"Assy Enclosure, Weldment, Bridge, Lunar Blue",Part,MTS,ATLN,RS56,FALSE,Sienna Corporation,8,0,99.39,795.12,0,14,Unrestricted,8
08-04-2026,CM: Sienna GA,10-002173 REV-14,10-002173,"Assy Enclosure, Weldment, Bridge, Lunar Blue",Part,MTS,ATLN,RQA6,FALSE,Sienna Corporation,16,0,99.39,1590.24,0,14,Unrestricted,16
08-04-2026,CM: Sienna GA,10-002173 REV-14,10-002173,"Assy Enclosure, Weldment, Bridge, Lunar Blue",Part,MTS,ATLN,RQ54,FALSE,Sienna Corporation,8,0,99.39,795.12,0,14,Unrestricted,8
08-04-2026,CM: Sienna GA,10-002173 REV-14,10-002173,"Assy Enclosure, Weldment, Bridge, Lunar Blue",Part,MTS,ATLN,RSA6,FALSE,Sienna Corporation,8,0,99.39,795.12,0,14,Unrestricted,8
08-04-2026,CM: Sienna GA,10-002173 REV-14,10-002173,"Assy Enclosure, Weldment, Bridge, Lunar Blue",Part,MTS,ATLN,RR66,FALSE,Sienna Corporation,8,0,99.39,795.12,0,14,Unrestricted,8
08-04-2026,CM: Sienna GA,10-002173 REV-14,10-002173,"Assy Enclosure, Weldment, Bridge, Lunar Blue",Part,MTS,ATLN,RTA5,FALSE,Sienna Corporation,8,0,99.39,795.12,0,14,Unrestricted,8
08-04-2026,CM: Sienna GA,10-002173 REV-14,10-002173,"Assy Enclosure, Weldment, Bridge, Lunar Blue",Part,MTS,ATLN,RQ34,FALSE,Sienna Corporation,8,0,99.39,795.12,0,14,Unrestricted,8
08-04-2026,CM: Sienna GA,10-002173 REV-14,10-002173,"Assy Enclosure, Weldment, Bridge, Lunar Blue",Part,MTS,ATLN,RR94,FALSE,Sienna Corporation,8,0,99.39,795.12,0,14,Unrestricted,8
08-04-2026,CM: Sienna GA,10-002173 REV-14,10-002173,"Assy Enclosure, Weldment, Bridge, Lunar Blue",Part,MTS,ATLN,RR76,FALSE,Sienna Corporation,8,0,99.39,795.12,0,14,Unrestricted,8
08-04-2026,CM: Sienna GA,10-002173 REV-14,10-002173,"Assy Enclosure, Weldment, Bridge, Lunar Blue",Part,MTS,ATLN,RT25,FALSE,Sienna Corporation,8,0,99.39,795.12,0,14,Unrestricted,8
08-04-2026,CM: Sienna GA,10-002173 REV-14,10-002173,"Assy Enclosure, Weldment, Bridge, Lunar Blue",Part,MTS,ATLN,RR74,FALSE,Sienna Corporation,8,0,99.39,795.12,0,14,Unrestricted,8
08-04-2026,CM: Sienna GA,10-002173 REV-14,10-002173,"Assy Enclosure, Weldment, Bridge, Lunar Blue",Part,MTS,ATLN,RPA6,FALSE,Sienna Corporation,8,0,99.39,795.12,0,14,Unrestricted,8
08-04-2026,CM: Sienna GA,10-002173 REV-14,10-002173,"Assy Enclosure, Weldment, Bridge, Lunar Blue",Part,MTS,ATLN,RQA3,FALSE,Sienna Corporation,16,0,99.39,1590.24,0,14,Unrestricted,16
08-04-2026,CM: Sienna GA,10-002173 REV-14,10-002173,"Assy Enclosure, Weldment, Bridge, Lunar Blue",Part,MTS,ATLN,RT74,FALSE,Sienna Corporation,8,0,99.39,795.12,0,14,Unrestricted,8
08-04-2026,CM: Sienna GA,10-002173 REV-14,10-002173,"Assy Enclosure, Weldment, Bridge, Lunar Blue",Part,MTS,ATLN,RP43,FALSE,Sienna Corporation,8,0,99.39,795.12,0,14,Unrestricted,8
08-04-2026,CM: Sienna GA,10-002173 REV-14,10-002173,"Assy Enclosure, Weldment, Bridge, Lunar Blue",Part,MTS,ATLN,LINE,FALSE,Sienna Corporation,32,0,99.39,3180.48,0,14,Unrestricted,32
08-04-2026,CM: Sienna GA,10-002173 REV-14,10-002173,"Assy Enclosure, Weldment, Bridge, Lunar Blue",Part,MTS,ATLN,RT35,FALSE,Sienna Corporation,8,0,99.39,795.12,0,14,Unrestricted,8
08-04-2026,CM: Sienna GA,10-002173 REV-14,10-002173,"Assy Enclosure, Weldment, Bridge, Lunar Blue",Part,MTS,ATLN,RR85,FALSE,Sienna Corporation,8,0,99.39,795.12,0,14,Unrestricted,8
08-04-2026,CM: Sienna GA,10-002173 REV-14,10-002173,"Assy Enclosure, Weldment, Bridge, Lunar Blue",Part,MTS,ATLN,RJ54,FALSE,Sienna Corporation,8,0,99.39,795.12,0,14,Unrestricted,8
08-04-2026,CM: Sienna GA,10-002173 REV-14,10-002173,"Assy Enclosure, Weldment, Bridge, Lunar Blue",Part,MTS,ATLN,RT33,FALSE,Sienna Corporation,8,0,99.39,795.12,0,14,Unrestricted,8
08-04-2026,CM: Sienna GA,10-002173 REV-14,10-002173,"Assy Enclosure, Weldment, Bridge, Lunar Blue",Part,MTS,ATLN,RRB4,FALSE,Sienna Corporation,8,0,99.39,795.12,0,14,Unrestricted,8
08-04-2026,CM: Sienna GA,10-002173 REV-14,10-002173,"Assy Enclosure, Weldment, Bridge, Lunar Blue",Part,MTS,ATLN,RQ53,FALSE,Sienna Corporation,8,0,99.39,795.12,0,14,Unrestricted,8
08-04-2026,CM: Sienna GA,10-002173 REV-14,10-002173,"Assy Enclosure, Weldment, Bridge, Lunar Blue",Part,MTS,ATLN,RIQC,FALSE,Sienna Corporation,51,0,99.39,5068.89,0,14,Unrestricted,51
08-04-2026,CM: Sienna GA,10-002173 REV-14,10-002173,"Assy Enclosure, Weldment, Bridge, Lunar Blue",Part,MTS,ATLN,RR95,FALSE,Sienna Corporation,8,0,99.39,795.12,0,14,Unrestricted,8
08-04-2026,CM: Sienna GA,10-002173 REV-14,10-002173,"Assy Enclosure, Weldment, Bridge, Lunar Blue",Part,MTS,ATLN,RQ63,FALSE,Sienna Corporation,8,0,99.39,795.12,0,14,Unrestricted,8
08-04-2026,CM: Sienna GA,10-002173 REV-14,10-002173,"Assy Enclosure, Weldment, Bridge, Lunar Blue",Part,MTS,ATLN,RQ56,FALSE,Sienna Corporation,8,0,99.39,795.12,0,14,Unrestricted,8
08-04-2026,CM: Sienna GA,10-002173 REV-14,10-002173,"Assy Enclosure, Weldment, Bridge, Lunar Blue",Part,MTS,ATLN,RSA4,FALSE,Sienna Corporation,8,0,99.39,795.12,0,14,Unrestricted,8
08-04-2026,CM: Sienna GA,10-002173 REV-14,10-002173,"Assy Enclosure, Weldment, Bridge, Lunar Blue",Part,MTS,ATLN,RT34,FALSE,Sienna Corporation,8,0,99.39,795.12,0,14,Unrestricted,8
08-04-2026,CM: Sienna GA,10-002173 REV-14,10-002173,"Assy Enclosure, Weldment, Bridge, Lunar Blue",Part,MTS,ATLN,RT63,FALSE,Sienna Corporation,8,0,99.39,795.12,0,14,Unrestricted,8
08-04-2026,CM: Sienna GA,10-002173 REV-14,10-002173,"Assy Enclosure, Weldment, Bridge, Lunar Blue",Part,MTS,ATLN,RT53,FALSE,Sienna Corporation,8,0,99.39,795.12,0,14,Unrestricted,8
08-04-2026,CM: Sienna GA,10-002173 REV-14,10-002173,"Assy Enclosure, Weldment, Bridge, Lunar Blue",Part,MTS,ATLN,RR96,FALSE,Sienna Corporation,8,0,99.39,795.12,0,14,Unrestricted,8
08-04-2026,CM: Sienna GA,10-002173 REV-14,10-002173,"Assy Enclosure, Weldment, Bridge, Lunar Blue",Part,MTS,ATLN,RP55,FALSE,Sienna Corporation,8,0,99.39,795.12,0,14,Unrestricted,8
08-04-2026,CM: Sienna GA,10-002173 REV-14,10-002173,"Assy Enclosure, Weldment, Bridge, Lunar Blue",Part,MTS,ATLN,RR33,FALSE,Sienna Corporation,8,0,99.39,795.12,0,14,Unrestricted,8
08-04-2026,CM: Sienna GA,10-002173 REV-14,10-002173,"Assy Enclosure, Weldment, Bridge, Lunar Blue",Part,MTS,ATLN,RQB5,FALSE,Sienna Corporation,8,0,99.39,795.12,0,14,Unrestricted,8
08-04-2026,CM: Sienna GA,10-002173 REV-14,10-002173,"Assy Enclosure, Weldment, Bridge, Lunar Blue",Part,MTS,ATLN,RQ66,FALSE,Sienna Corporation,8,0,99.39,795.12,0,14,Unrestricted,8
08-04-2026,CM: Sienna GA,10-002190 REV-09,10-002190,"Insulator Cap Neutral, Bridge",Part,MTS,ATLN,LINE,FALSE,Sienna Corporation,400,0,0.22,88,0,9,Unrestricted,400
08-04-2026,CM: Sienna GA,10-002190 REV-09,10-002190,"Insulator Cap Neutral, Bridge",Part,MTS,ATLN,RS51,FALSE,Sienna Corporation,2400,0,0.22,528,0,9,Unrestricted,2400
08-04-2026,CM: Sienna GA,10-002194 REV-10,10-002194,"Core Module, Bridge",Part,MTS,ATLN,LINE,FALSE,Sienna Corporation,22,0,0,0,0,10,Unrestricted,22
08-04-2026,CM: Sienna GA,10-002195 REV-06,10-002195,"Relay Assembly, Bridge",Part,OTS,ATLN,RIQC,FALSE,Sienna Corporation,2993,0,22.97,68749.21,0,6,Unrestricted,2993
08-04-2026,CM: Sienna GA,10-002195 REV-06,10-002195,"Relay Assembly, Bridge",Part,OTS,ATLN,LINE,FALSE,Sienna Corporation,36,0,22.97,826.92,0,6,Unrestricted,36
08-04-2026,CM: Sienna GA,10-002203 REV-09,10-002203,"Bus Bar, NBU, L1, Bridge",Part,MTS,ATLN,LPAC,FALSE,Sienna Corporation,37,0,11.73,434.01,0,9,Unrestricted,37
08-04-2026,CM: Sienna GA,10-002203 REV-09,10-002203,"Bus Bar, NBU, L1, Bridge",Part,MTS,ATLN,LINE,FALSE,Sienna Corporation,17,0,11.73,199.41,0,9,Unrestricted,17
08-04-2026,CM: Sienna GA,10-002203 REV-09,10-002203,"Bus Bar, NBU, L1, Bridge",Part,MTS,ATLN,RI34,FALSE,Sienna Corporation,124,0,11.73,1454.52,0,9,Unrestricted,124
08-04-2026,CM: Sienna GA,10-002203 REV-09,10-002203,"Bus Bar, NBU, L1, Bridge",Part,MTS,ATLN,RH24,FALSE,Sienna Corporation,5,0,11.73,58.65,0,9,Unrestricted,5
08-04-2026,CM: Sienna GA,10-002203 REV-09,10-002203,"Bus Bar, NBU, L1, Bridge",Part,MTS,ATLN,RK54,FALSE,Sienna Corporation,151,0,11.73,1771.23,0,9,Unrestricted,151
08-04-2026,CM: Sienna GA,10-002203 REV-09,10-002203,"Bus Bar, NBU, L1, Bridge",Part,MTS,ATLN,WHS2,FALSE,Sienna Corporation,41,0,11.73,480.93,0,9,Unrestricted,41
08-04-2026,CM: Sienna GA,10-002203 REV-09,10-002203,"Bus Bar, NBU, L1, Bridge",Part,MTS,ATLN,RIQC,FALSE,Sienna Corporation,63,0,11.73,738.99,0,9,Unrestricted,63
08-04-2026,CM: Sienna GA,10-002204 REV-09,10-002204,"Bus Bar, NBU, L2, Bridge",Part,MTS,ATLN,PAWH,FALSE,Sienna Corporation,297,0,6.66,1978.02,0,9,Unrestricted,297
08-04-2026,CM: Sienna GA,10-002204 REV-09,10-002204,"Bus Bar, NBU, L2, Bridge",Part,MTS,ATLN,RIQC,FALSE,Sienna Corporation,318,0,6.66,2117.88,0,9,Unrestricted,318
08-04-2026,CM: Sienna GA,10-002204 REV-09,10-002204,"Bus Bar, NBU, L2, Bridge",Part,MTS,ATLN,RI34,FALSE,Sienna Corporation,297,0,6.66,1978.02,0,9,Unrestricted,297
08-04-2026,CM: Sienna GA,10-002204 REV-09,10-002204,"Bus Bar, NBU, L2, Bridge",Part,MTS,ATLN,LINE,FALSE,Sienna Corporation,209,0,6.66,1391.94,0,9,Unrestricted,209
08-04-2026,CM: Sienna GA,10-002205 REV-09,10-002205,"Bus Bar, BU, L2, Bridge",Part,MTS,ATLN,LINE,FALSE,Sienna Corporation,21,0,6.79,142.59,0,9,Unrestricted,21
08-04-2026,CM: Sienna GA,10-002205 REV-09,10-002205,"Bus Bar, BU, L2, Bridge",Part,MTS,ATLN,RIQC,FALSE,Sienna Corporation,157,0,6.79,1066.03,0,9,Unrestricted,157
08-04-2026,CM: Sienna GA,10-002205 REV-09,10-002205,"Bus Bar, BU, L2, Bridge",Part,MTS,ATLN,RJ24,FALSE,Sienna Corporation,456,0,6.79,3096.24,0,9,Unrestricted,456
08-04-2026,CM: Sienna GA,10-002206 REV-09,10-002206,"Bus Bar, BU, L1, Bridge",Part,MTS,ATLN,RK51,FALSE,Sienna Corporation,117,0,11.23,1313.91,0,9,Unrestricted,117
08-04-2026,CM: Sienna GA,10-002206 REV-09,10-002206,"Bus Bar, BU, L1, Bridge",Part,MTS,ATLN,RIQC,FALSE,Sienna Corporation,251,0,11.23,2818.73,0,9,Unrestricted,251
08-04-2026,CM: Sienna GA,10-002206 REV-09,10-002206,"Bus Bar, BU, L1, Bridge",Part,MTS,ATLN,LPAC,FALSE,Sienna Corporation,29,0,11.23,325.67,0,9,Unrestricted,29
08-04-2026,CM: Sienna GA,10-002206 REV-09,10-002206,"Bus Bar, BU, L1, Bridge",Part,MTS,ATLN,RH24,FALSE,Sienna Corporation,346,0,11.23,3885.58,0,9,Unrestricted,346
08-04-2026,CM: Sienna GA,10-002206 REV-09,10-002206,"Bus Bar, BU, L1, Bridge",Part,MTS,ATLN,PAWH,FALSE,Sienna Corporation,229,0,11.23,2571.67,0,9,Unrestricted,229
08-04-2026,CM: Sienna GA,10-002207 REV-10,10-002207,"Bus Bar, Load Tray, Left, Bridge",Part,MTS,ATLN,RI34,FALSE,Sienna Corporation,95,0,8.57,814.15,0,10,Unrestricted,95
08-04-2026,CM: Sienna GA,10-002207 REV-10,10-002207,"Bus Bar, Load Tray, Left, Bridge",Part,MTS,ATLN,RJ24,FALSE,Sienna Corporation,540,0,8.57,4627.8,0,10,Unrestricted,540
08-04-2026,CM: Sienna GA,10-002207 REV-10,10-002207,"Bus Bar, Load Tray, Left, Bridge",Part,MTS,ATLN,LINE,FALSE,Sienna Corporation,2,0,8.57,17.14,0,10,Unrestricted,2
08-04-2026,CM: Sienna GA,10-002208 REV-02,10-002208,"Wire Terminal Lug, 250MCM, Aluminum, Tin-Plated",Part,OTS,ATLN,MRB,FALSE,Sienna Corporation,0,270,4.26,0,1150.2,2,Restricted,0
08-04-2026,CM: Sienna GA,10-002208 REV-02,10-002208,"Wire Terminal Lug, 250MCM, Aluminum, Tin-Plated",Part,OTS,ATLN,RK64,FALSE,Sienna Corporation,6750,0,4.26,28755,0,2,Unrestricted,6750
08-04-2026,CM: Sienna GA,10-002208 REV-02,10-002208,"Wire Terminal Lug, 250MCM, Aluminum, Tin-Plated",Part,OTS,ATLN,MAIN,FALSE,Sienna Corporation,7,0,4.26,29.82,0,2,Unrestricted,7
08-04-2026,CM: Sienna GA,10-002208 REV-02,10-002208,"Wire Terminal Lug, 250MCM, Aluminum, Tin-Plated",Part,OTS,ATLN,RIQC,FALSE,Sienna Corporation,3549,0,4.26,15118.74,0,2,Unrestricted,3549
08-04-2026,CM: Sienna GA,10-002208 REV-02,10-002208,"Wire Terminal Lug, 250MCM, Aluminum, Tin-Plated",Part,OTS,ATLN,LINE,FALSE,Sienna Corporation,2077,0,4.26,8848.02,0,2,Unrestricted,2077
08-04-2026,CM: Sienna GA,10-002209 REV-11,10-002209,"Insulation Tray, Core Module, Bridge",Part,MTS,ATLN,RK51,FALSE,Sienna Corporation,180,0,9.92,1785.6,0,11,Unrestricted,180
08-04-2026,CM: Sienna GA,10-002209 REV-11,10-002209,"Insulation Tray, Core Module, Bridge",Part,MTS,ATLN,RL61,FALSE,Sienna Corporation,90,0,9.92,892.8,0,11,Unrestricted,90
08-04-2026,CM: Sienna GA,10-002209 REV-11,10-002209,"Insulation Tray, Core Module, Bridge",Part,MTS,ATLN,RJ45,FALSE,Sienna Corporation,140,0,9.92,1388.8,0,11,Unrestricted,140
08-04-2026,CM: Sienna GA,10-002209 REV-11,10-002209,"Insulation Tray, Core Module, Bridge",Part,MTS,ATLN,RL66,FALSE,Sienna Corporation,25,0,9.92,248,0,11,Unrestricted,25
08-04-2026,CM: Sienna GA,10-002209 REV-11,10-002209,"Insulation Tray, Core Module, Bridge",Part,MTS,ATLN,LPAC,FALSE,Sienna Corporation,191,0,9.92,1894.72,0,11,Unrestricted,191
08-04-2026,CM: Sienna GA,10-002209 REV-11,10-002209,"Insulation Tray, Core Module, Bridge",Part,MTS,ATLN,RIQC,FALSE,Sienna Corporation,36,0,9.92,357.12,0,11,Unrestricted,36
08-04-2026,CM: Sienna GA,10-002209 REV-11,10-002209,"Insulation Tray, Core Module, Bridge",Part,MTS,ATLN,LINE,FALSE,Sienna Corporation,14,0,9.92,138.88,0,11,Unrestricted,14
08-04-2026,CM: Sienna GA,10-002209 REV-11,10-002209,"Insulation Tray, Core Module, Bridge",Part,MTS,ATLN,MRB,FALSE,Sienna Corporation,0,794,9.92,0,7876.48,11,Restricted,0
08-04-2026,CM: Sienna GA,10-002211 REV-08,10-002211,"Relay Cover, Bridge",Part,MTS,ATLN,RR97,FALSE,Sienna Corporation,1000,0,1.1695,1169.5,0,8,Unrestricted,1000
08-04-2026,CM: Sienna GA,10-002211 REV-08,10-002211,"Relay Cover, Bridge",Part,MTS,ATLN,RR18,FALSE,Sienna Corporation,530,0,1.1695,619.835,0,8,Unrestricted,530
08-04-2026,CM: Sienna GA,10-002211 REV-08,10-002211,"Relay Cover, Bridge",Part,MTS,ATLN,LINE,FALSE,Sienna Corporation,7,0,1.1695,8.1865,0,8,Unrestricted,7
08-04-2026,CM: Sienna GA,10-002211 REV-08,10-002211,"Relay Cover, Bridge",Part,MTS,ATLN,RK12,FALSE,Sienna Corporation,1275,0,1.1695,1491.1125,0,8,Unrestricted,1275
08-04-2026,CM: Sienna GA,10-002212 REV-01,10-002212,"Bolt with Washer, M5 x 11, T25 Drive, Steel, Zinc Plated",Part,OTS,ATLN,RIQC,FALSE,Sienna Corporation,43661,0,0.113,4933.693,0,1,Unrestricted,43661
08-04-2026,CM: Sienna GA,10-002212 REV-01,10-002212,"Bolt with Washer, M5 x 11, T25 Drive, Steel, Zinc Plated",Part,OTS,ATLN,WHS2,FALSE,Sienna Corporation,196,0,0.113,22.148,0,1,Unrestricted,196
08-04-2026,CM: Sienna GA,10-002212 REV-01,10-002212,"Bolt with Washer, M5 x 11, T25 Drive, Steel, Zinc Plated",Part,OTS,ATLN,LINE,FALSE,Sienna Corporation,116,0,0.113,13.108,0,1,Unrestricted,116
08-04-2026,Lunar Netsuite,10-002215,10-002215,"Screw,M6 6h X 18mm,BHT T30,Grade 8.8,ZiNi BC",Part,OTS,JIT - Reno,NS,FALSE,Lunar Energy,68,0,0.151,10.268,0,0,Unrestricted,68
08-04-2026,CM: Sienna GA,10-002215 REV-02,10-002215,"Screw,M6 6h X 18mm,BHT T30,Grade 8.8,ZiNi BC",Part,OTS,ATLN,LINE,FALSE,Sienna Corporation,7535,0,0.1447,1090.3145,0,2,Unrestricted,7535
08-04-2026,CM: Sienna GA,10-002215 REV-02,10-002215,"Screw,M6 6h X 18mm,BHT T30,Grade 8.8,ZiNi BC",Part,OTS,ATLN,MAIN,FALSE,Sienna Corporation,11756,0,0.1447,1701.0932,0,2,Unrestricted,11756
08-04-2026,CM: Sienna GA,10-002215 REV-02,10-002215,"Screw,M6 6h X 18mm,BHT T30,Grade 8.8,ZiNi BC",Part,OTS,ATLN,RQ71,FALSE,Sienna Corporation,19000,0,0.1447,2749.3,0,2,Unrestricted,19000
08-04-2026,CM: Qualitel WA,814L-10-002218,10-002218,"Nut, M6, Hex Head, Steel, Serrated, Zn-Ni Plated",Part,MTS,"Seattle, WA",Stock,FALSE,Qualitel,39640,0,0.0267,1058.388,0,0,Unrestricted,39640
08-04-2026,CM: Sienna GA,10-002219 REV-05,10-002219,"Standoff, Load Tray, Top, Bridge",Part,MTS,ATLN,RS58,FALSE,Sienna Corporation,1475,0,0.76,1121,0,5,Unrestricted,1475
08-04-2026,CM: Sienna GA,10-002219 REV-05,10-002219,"Standoff, Load Tray, Top, Bridge",Part,MTS,ATLN,RK22,FALSE,Sienna Corporation,861,0,0.76,654.36,0,5,Unrestricted,861
08-04-2026,CM: Sienna GA,10-002219 REV-05,10-002219,"Standoff, Load Tray, Top, Bridge",Part,MTS,ATLN,RIQC,FALSE,Sienna Corporation,40,0,0.76,30.4,0,5,Unrestricted,40
08-04-2026,Lunar Netsuite,10-002220,10-002220,"PCBA Module, Bridge",Part,MTS,JIT - Reno,NS,FALSE,Lunar Energy,1,0,94.09,94.09,0,0,Unrestricted,1
08-04-2026,Lunar Netsuite,10-002220,10-002220,"PCBA Module, Bridge",Part,MTS,CA - Ravendale,NS,FALSE,Lunar Energy,1,0,94.09,94.09,0,0,Unrestricted,0
08-04-2026,CM: Sienna GA,10-002221 REV-05,10-002221,"Enclosure, PCBA's, Bridge",Part,MTS,ATLN,RSA7,FALSE,Sienna Corporation,83,0,7.5801,629.1483,0,5,Unrestricted,83
08-04-2026,CM: Sienna GA,10-002221 REV-05,10-002221,"Enclosure, PCBA's, Bridge",Part,MTS,ATLN,RS98,FALSE,Sienna Corporation,600,0,7.5801,4548.06,0,5,Unrestricted,600
08-04-2026,CM: Sienna GA,10-002221 REV-05,10-002221,"Enclosure, PCBA's, Bridge",Part,MTS,ATLN,RRB7,FALSE,Sienna Corporation,600,0,7.5801,4548.06,0,5,Unrestricted,600
08-04-2026,CM: Sienna GA,10-002221 REV-05,10-002221,"Enclosure, PCBA's, Bridge",Part,MTS,ATLN,RRA8,FALSE,Sienna Corporation,600,0,7.5801,4548.06,0,5,Unrestricted,600
08-04-2026,CM: Sienna GA,10-002221 REV-05,10-002221,"Enclosure, PCBA's, Bridge",Part,MTS,ATLN,RI51,FALSE,Sienna Corporation,189,0,7.5801,1432.6389,0,5,Unrestricted,189
08-04-2026,CM: Sienna GA,10-002221 REV-05,10-002221,"Enclosure, PCBA's, Bridge",Part,MTS,ATLN,LINE,FALSE,Sienna Corporation,21,0,7.5801,159.1821,0,5,Unrestricted,21
08-04-2026,CM: Sienna GA,10-002221 REV-05,10-002221,"Enclosure, PCBA's, Bridge",Part,MTS,ATLN,RRB8,FALSE,Sienna Corporation,552,0,7.5801,4184.2152,0,5,Unrestricted,552
08-04-2026,CM: Sienna GA,10-002222 REV-02,10-002222,"Standoff, Male-Female, M3x17mm, Nylon",Part,OTS,ATLN,LPAC,FALSE,Sienna Corporation,4049,0,0.097,392.753,0,2,Unrestricted,4049
08-04-2026,CM: Sienna GA,10-002222 REV-02,10-002222,"Standoff, Male-Female, M3x17mm, Nylon",Part,OTS,ATLN,MAIN,FALSE,Sienna Corporation,6951,0,0.097,674.247,0,2,Unrestricted,6951
08-04-2026,CM: Sienna GA,10-002222 REV-02,10-002222,"Standoff, Male-Female, M3x17mm, Nylon",Part,OTS,ATLN,PAWH,FALSE,Sienna Corporation,5000,0,0.097,485,0,2,Unrestricted,5000
08-04-2026,CM: Sienna GA,10-002222 REV-02,10-002222,"Standoff, Male-Female, M3x17mm, Nylon",Part,OTS,ATLN,LINE,FALSE,Sienna Corporation,3443,0,0.097,333.971,0,2,Unrestricted,3443
08-04-2026,CM: Sienna GA,10-002225 REV-13,10-002225,"Bracket Assembly, PCBA, Bridge",Part,MTS,ATLN,RQA2,FALSE,Sienna Corporation,240,0,3.87,928.8,0,13,Unrestricted,240
08-04-2026,CM: Sienna GA,10-002225 REV-13,10-002225,"Bracket Assembly, PCBA, Bridge",Part,MTS,ATLN,RI32,FALSE,Sienna Corporation,102,0,3.87,394.74,0,13,Unrestricted,102
08-04-2026,CM: Sienna GA,10-002225 REV-13,10-002225,"Bracket Assembly, PCBA, Bridge",Part,MTS,ATLN,RIQC,FALSE,Sienna Corporation,789,0,3.87,3053.43,0,13,Unrestricted,789
08-04-2026,CM: Sienna GA,10-002225 REV-11,10-002225,"Bracket Assembly, PCBA, Bridge",Part,MTS,ATLN,LINE,FALSE,Sienna Corporation,47,0,3.87,181.89,0,11,Unrestricted,47
08-04-2026,CM: Sienna GA,10-002225 REV-13,10-002225,"Bracket Assembly, PCBA, Bridge",Part,MTS,ATLN,LINE,FALSE,Sienna Corporation,225,0,3.87,870.75,0,13,Unrestricted,225
08-04-2026,CM: Sienna GA,10-002227 REV-02,10-002227,"Nut, M3, Hex, SS",Part,OTS,ATLN,MAIN,FALSE,Sienna Corporation,115486,0,0.011,1270.346,0,2,Unrestricted,115486
08-04-2026,CM: Sienna GA,10-002228 REV-11,10-002228,"Ground Bar Module, Bridge",Part,MTS,ATLN,LINE,FALSE,Sienna Corporation,68,0,0,0,0,11,Unrestricted,68
08-04-2026,CM: Sienna GA,10-002229 REV-04,10-002229,"Insulator, Ground Bar, Bridge",Part,MTS,ATLN,LINE,FALSE,Sienna Corporation,62,0,2.83,175.46,0,4,Unrestricted,62
08-04-2026,CM: Sienna GA,10-002229 REV-04,10-002229,"Insulator, Ground Bar, Bridge",Part,MTS,ATLN,RR82,FALSE,Sienna Corporation,646,0,2.83,1828.18,0,4,Unrestricted,646
08-04-2026,CM: Sienna GA,10-002229 REV-04,10-002229,"Insulator, Ground Bar, Bridge",Part,MTS,ATLN,RR81,FALSE,Sienna Corporation,2052,0,2.83,5807.16,0,4,Unrestricted,2052
08-04-2026,CM: Sienna GA,10-002230 REV-01,10-002230,"Neutral/Ground Bar, Bridge",Part,OTS,ATLN,LINE,FALSE,Sienna Corporation,4956,0,3.09,15314.04,0,1,Unrestricted,4956
08-04-2026,CM: Sienna GA,10-002231 REV-07,10-002231,"Mount, Neutral/Ground Bar, Bridge",Part,MTS,ATLN,MRB,FALSE,Sienna Corporation,0,2883,1.43,0,4122.69,7,Restricted,0
08-04-2026,CM: Sienna GA,10-002231 REV-07,10-002231,"Mount, Neutral/Ground Bar, Bridge",Part,MTS,ATLN,LINE,FALSE,Sienna Corporation,315,0,1.43,450.45,0,7,Unrestricted,315
08-04-2026,CM: Sienna GA,10-002231 REV-07,10-002231,"Mount, Neutral/Ground Bar, Bridge",Part,MTS,ATLN,RIQC,FALSE,Sienna Corporation,10608,0,1.43,15169.44,0,7,Unrestricted,10608
08-04-2026,CM: Sienna GA,10-002231 REV-05,10-002231,"Mount, Neutral/Ground Bar, Bridge",Part,MTS,ATLN,MRB,FALSE,Sienna Corporation,0,861,4,0,3444,5,Restricted,0
08-04-2026,CM: Sienna GA,10-002231 REV-07,10-002231,"Mount, Neutral/Ground Bar, Bridge",Part,MTS,ATLN,PAWH,FALSE,Sienna Corporation,200,0,1.43,286,0,7,Unrestricted,200
08-04-2026,CM: Sienna GA,10-002232 REV-06,10-002232,"Bus Bar, Ground, Bridge",Part,MTS,ATLN,PCKD,FALSE,Sienna Corporation,55,0,5.15,283.25,0,6,Unrestricted,55
08-04-2026,CM: Sienna GA,10-002232 REV-06,10-002232,"Bus Bar, Ground, Bridge",Part,MTS,ATLN,LINE,FALSE,Sienna Corporation,41,0,5.15,211.15,0,6,Unrestricted,41
08-04-2026,CM: Sienna GA,10-002232 REV-06,10-002232,"Bus Bar, Ground, Bridge",Part,MTS,ATLN,RIQC,FALSE,Sienna Corporation,497,0,5.15,2559.55,0,6,Unrestricted,497
08-04-2026,CM: Sienna GA,10-002234 REV-01,10-002234,"Bolt, Flat Head, M4 x 13, Steel, Zn-Ni Plated",Part,OTS,ATLN,LINE,FALSE,Sienna Corporation,6996,0,0.0581,406.4676,0,1,Unrestricted,6996
08-04-2026,CM: Sienna GA,10-002234 REV-01,10-002234,"Bolt, Flat Head, M4 x 13, Steel, Zn-Ni Plated",Part,OTS,ATLN,MAIN,FALSE,Sienna Corporation,5000,0,0.0581,290.5,0,1,Unrestricted,5000
08-04-2026,CM: Sienna GA,10-002234 REV-01,10-002234,"Bolt, Flat Head, M4 x 13, Steel, Zn-Ni Plated",Part,OTS,ATLN,RIQC,FALSE,Sienna Corporation,10000,0,0.0581,581,0,1,Unrestricted,10000
08-04-2026,CM: Sienna GA,10-002235 REV-01,10-002235,"Bolt, M5 x 14, T25 Drive, Steel, Zn-Ni Plated",Part,OTS,ATLN,WHS2,FALSE,Sienna Corporation,34500,0,0.1125,3881.25,0,1,Unrestricted,34500
08-04-2026,CM: Sienna GA,10-002235 REV-01,10-002235,"Bolt, M5 x 14, T25 Drive, Steel, Zn-Ni Plated",Part,OTS,ATLN,LINE,FALSE,Sienna Corporation,7858,0,0.1125,884.025,0,1,Unrestricted,7858
08-04-2026,CM: Sienna GA,10-002235 REV-01,10-002235,"Bolt, M5 x 14, T25 Drive, Steel, Zn-Ni Plated",Part,OTS,ATLN,MAIN,FALSE,Sienna Corporation,1000,0,0.1125,112.5,0,1,Unrestricted,1000
08-04-2026,CM: Sienna GA,10-002242 REV-08,10-002242,"Neutral Bar Module, Bridge",Part,MTS,ATLN,LINE,FALSE,Sienna Corporation,69,0,0,0,0,8,Unrestricted,69
08-04-2026,CM: Sienna GA,10-002243 REV-04,10-002243,"Insulator, Neutral Bar, Bridge",Part,MTS,ATLN,LINE,FALSE,Sienna Corporation,164,0,2.83,464.12,0,4,Unrestricted,164
08-04-2026,CM: Sienna GA,10-002243 REV-04,10-002243,"Insulator, Neutral Bar, Bridge",Part,MTS,ATLN,RR51,FALSE,Sienna Corporation,1727,0,2.83,4887.41,0,4,Unrestricted,1727
08-04-2026,CM: Sienna GA,10-002243 REV-04,10-002243,"Insulator, Neutral Bar, Bridge",Part,MTS,ATLN,RR52,FALSE,Sienna Corporation,837,0,2.83,2368.71,0,4,Unrestricted,837
08-04-2026,CM: Sienna GA,10-002244 REV-05,10-002244,"Bus Bar, Neutral, Bridge",Part,MTS,ATLN,LINE,FALSE,Sienna Corporation,24,0,3.21,77.04,0,5,Unrestricted,24
08-04-2026,CM: Sienna GA,10-002244 REV-03,10-002244,"Bus Bar, Neutral, Bridge",Part,MTS,ATLN,LINE,FALSE,Sienna Corporation,25,0,0,0,0,3,Unrestricted,25
08-04-2026,CM: Sienna GA,10-002244 REV-05,10-002244,"Bus Bar, Neutral, Bridge",Part,MTS,ATLN,RIQC,FALSE,Sienna Corporation,33,0,3.21,105.93,0,5,Unrestricted,33
08-04-2026,CM: Sienna GA,10-002244 REV-05,10-002244,"Bus Bar, Neutral, Bridge",Part,MTS,ATLN,MAIN,FALSE,Sienna Corporation,25,0,3.21,80.25,0,5,Unrestricted,25
08-04-2026,CM: Sienna GA,10-002245 REV-01,10-002245,"Load Tray, 20 Space, 40 Circuit, 225A",Part,OTS,ATLN,RC56,FALSE,Sienna Corporation,27,0,70.6,1906.2,0,1,Unrestricted,27
08-04-2026,CM: Sienna GA,10-002245 REV-01,10-002245,"Load Tray, 20 Space, 40 Circuit, 225A",Part,OTS,ATLN,RC36,FALSE,Sienna Corporation,150,0,70.6,10590,0,1,Unrestricted,150
08-04-2026,CM: Sienna GA,10-002245 REV-01,10-002245,"Load Tray, 20 Space, 40 Circuit, 225A",Part,OTS,ATLN,RC44,FALSE,Sienna Corporation,150,0,70.6,10590,0,1,Unrestricted,150
08-04-2026,CM: Sienna GA,10-002245 REV-01,10-002245,"Load Tray, 20 Space, 40 Circuit, 225A",Part,OTS,ATLN,RIQC,FALSE,Sienna Corporation,751,0,70.6,53020.6,0,1,Unrestricted,751
08-04-2026,CM: Sienna GA,10-002246 REV-01,10-002246,"Nut, 1/4-20, Hex Head, Steel, Zn-Ni Plated",Part,OTS,ATLN,LINE,FALSE,Sienna Corporation,1107,0,0.059,65.313,0,1,Unrestricted,1107
08-04-2026,CM: Sienna GA,10-002246 REV-01,10-002246,"Nut, 1/4-20, Hex Head, Steel, Zn-Ni Plated",Part,OTS,ATLN,WHS2,FALSE,Sienna Corporation,42756,0,0.059,2522.604,0,1,Unrestricted,42756
08-04-2026,CM: Sienna GA,10-002248 REV-06,10-002248,"Wire Harness, Voltage Sense, Bridge",Part,MTS,ATLN,RIQC,FALSE,Sienna Corporation,550,0,2.61,1435.5,0,6,Unrestricted,550
08-04-2026,CM: Sienna GA,10-002248 REV-06,10-002248,"Wire Harness, Voltage Sense, Bridge",Part,MTS,ATLN,RL23,FALSE,Sienna Corporation,200,0,2.61,522,0,6,Unrestricted,200
08-04-2026,CM: Sienna GA,10-002248 REV-06,10-002248,"Wire Harness, Voltage Sense, Bridge",Part,MTS,ATLN,WHS2,FALSE,Sienna Corporation,174,0,2.61,454.14,0,6,Unrestricted,174
08-04-2026,CM: Sienna GA,10-002248 REV-06,10-002248,"Wire Harness, Voltage Sense, Bridge",Part,MTS,ATLN,LINE,FALSE,Sienna Corporation,99,0,2.61,258.39,0,6,Unrestricted,99
08-04-2026,CM: Sienna GA,10-002249 REV-02,10-002249,"Wire Harness, Earth Ground Sense, Bridge",Part,MTS,ATLN,MAIN,FALSE,Sienna Corporation,2000,0,1,2000,0,2,Unrestricted,2000
08-04-2026,CM: Sienna GA,C10-002249(P1) REV-02,10-002249,"Wire Harness, Earth Ground Sense, Bridge",Part,MTS,ATLN,WHS2,TRUE,Lunar Energy,3000,0,0,0,0,2,Unrestricted,3000
08-04-2026,Lunar Netsuite,10-002249,10-002249,"Wire Harness, Earth Ground Sense, Bridge",Part,MTS,Sienna Corporation - GA,NS,FALSE,Lunar Energy,3000,0,1.25,3750,0,0,Unrestricted,0
08-04-2026,CM: Sienna GA,10-002260 REV-1,10-002260,CAP CER 4.7UF 50V X7R 1206,Electrical Components,OTS,ATLN,LINE,FALSE,Sienna Corporation,15390,0,0.062,954.18,0,1,Unrestricted,15390
08-04-2026,CM: Sienna GA,10-002260 REV-1,10-002260,CAP CER 4.7UF 50V X7R 1206,Electrical Components,OTS,ATLN,MAIN,FALSE,Sienna Corporation,6000,0,0.062,372,0,1,Unrestricted,6000
08-04-2026,Lunar Netsuite,10-002260,10-002260,CAP CER 4.7UF 50V X7R 1206,Electrical Components,OTS,Avnet,NS,FALSE,Lunar Energy,42000,0,0.0344,1444.8,0,0,Unrestricted,42000
08-04-2026,CM: Qualitel WA,814L-10-002260,10-002260,CAP CER 4.7UF 50V X7R 1206,Electrical Components,OTS,"Seattle, WA",Stock,FALSE,Qualitel,13003,0,0.0334,434.3002,0,0,Unrestricted,13003
08-04-2026,Lunar Netsuite,10-002261,10-002261,22 µF ±10% 25V Ceramic Capacitor X5R 1210 (3225 Metric),Electrical Components,OTS,CCL (Computer Components Ltd),NS,FALSE,Lunar Energy,1000,0,0.14,140,0,0,Unrestricted,1000
08-04-2026,CM: Sienna GA,10-002262 REV-1,10-002262,RES SMD 62 OHM 5% 1/4W 0603 AEC-Q,Electrical Components,OTS,ATLN,LINE,FALSE,Sienna Corporation,3185,0,0.0079,25.1615,0,1,Unrestricted,3185
08-04-2026,CM: Sienna GA,10-002262 REV-1,10-002262,RES SMD 62 OHM 5% 1/4W 0603 AEC-Q,Electrical Components,OTS,ATLN,MAIN,FALSE,Sienna Corporation,10000,0,0.0079,79,0,1,Unrestricted,10000
08-04-2026,Lunar Netsuite,10-002265,10-002265,DIODE ARRAY SCHOTTKY 20V SOT23,Electrical Components,OTS,NexGen Digital Inc,NS,FALSE,Lunar Energy,117000,0,0.0571,6680.7,0,0,Unrestricted,117000
08-04-2026,Lunar Netsuite,10-002265,10-002265,DIODE ARRAY SCHOTTKY 20V SOT23,Electrical Components,OTS,JIT - Reno,NS,FALSE,Lunar Energy,9000,0,0.0617,555.3,0,0,Unrestricted,9000
08-04-2026,CM: Sienna GA,10-002265 REV-1,10-002265,DIODE ARRAY SCHOTTKY 20V SOT23,Electrical Components,OTS,ATLN,LINE,FALSE,Sienna Corporation,1769,0,0.0517,91.4573,0,1,Unrestricted,1769
08-04-2026,Lunar Netsuite,10-002266,10-002266,CAP CER 0.1UF 50V X7R 0603,Electrical Components,OTS,CCL (Computer Components Ltd),NS,FALSE,Lunar Energy,646,0,0.02,12.92,0,0,Unrestricted,646
08-04-2026,CM: Sienna GA,10-002267 REV-01,10-002267,"Spring,MW,9.6mm,33N/mm,Ground Ends",Part,OTS,ATLN,LINE,FALSE,Sienna Corporation,5093,0,0.34,1731.62,0,1,Unrestricted,5093
08-04-2026,CM: Sienna GA,10-002267 REV-01,10-002267,"Spring,MW,9.6mm,33N/mm,Ground Ends",Part,OTS,ATLN,MAIN,FALSE,Sienna Corporation,3500,0,0.34,1190,0,1,Unrestricted,3500
08-04-2026,CM: Sienna GA,10-002267 REV-01,10-002267,"Spring,MW,9.6mm,33N/mm,Ground Ends",Part,OTS,ATLN,RIQC,FALSE,Sienna Corporation,13100,0,0.34,4454,0,1,Unrestricted,13100
08-04-2026,Lunar Netsuite,10-002271,10-002271,Linear Voltage Regulator IC Positive Fixed 1 Output 1.5A D2PAK,Electrical Components,OTS,Sienna Corporation - GA,NS,FALSE,Lunar Energy,5000,0,0.2573,1286.5,0,0,Unrestricted,0
08-04-2026,CM: Sienna GA,C10-002271 REV-01,10-002271,Linear Voltage Regulator IC Positive Fixed 1 Output 1.5A D2PAK,Electrical Components,OTS,ATLN,WT14,TRUE,Lunar Energy,5000,0,0,0,0,1,Unrestricted,5000
08-04-2026,CM: Sienna GA,10-002272 REV-01,10-002272,"DC-DC ISOLATED 1.5KV, 1 W, 21.6~",Electrical Components,OTS,ATLN,LINE,FALSE,Sienna Corporation,800,0,1.48,1184,0,1,Unrestricted,800
08-04-2026,CM: Sienna GA,C10-002272 REV-01,10-002272,"DC-DC ISOLATED 1.5KV, 1 W, 21.6~",Electrical Components,OTS,ATLN,WT42,TRUE,Lunar Energy,1450,0,0,0,0,1,Unrestricted,1450
08-04-2026,CM: Sienna GA,10-002272 REV-01,10-002272,"DC-DC ISOLATED 1.5KV, 1 W, 21.6~",Electrical Components,OTS,ATLN,MAIN,FALSE,Sienna Corporation,2920,0,1.48,4321.6,0,1,Unrestricted,2920
08-04-2026,Lunar Netsuite,10-002272,10-002272,"DC-DC ISOLATED 1.5KV, 1 W, 21.6~",Electrical Components,OTS,JIT - Reno,NS,FALSE,Lunar Energy,47800,0,1.4737,70442.86,0,0,Unrestricted,47800
08-04-2026,Lunar Netsuite,10-002272,10-002272,"DC-DC ISOLATED 1.5KV, 1 W, 21.6~",Electrical Components,OTS,Sienna Corporation - GA,NS,FALSE,Lunar Energy,1450,0,1.4737,2136.865,0,0,Unrestricted,1450
08-04-2026,Lunar Netsuite,10-002275,10-002275,"DC-DC ISOLATED 3K, 1 W, 22.8~25.",Electrical Components,OTS,NexGen Digital Inc,NS,FALSE,Lunar Energy,44250,0,1.8,79650,0,0,Unrestricted,44250
08-04-2026,Lunar Netsuite,10-002276,10-002276,IC BUFFER NON-INVERT 6V 20SOIC,Electrical Components,OTS,CCL (Computer Components Ltd),NS,FALSE,Lunar Energy,4800,0,0.4297,2062.56,0,0,Unrestricted,4800
08-04-2026,Lunar Netsuite,10-002276,10-002276,IC BUFFER NON-INVERT 6V 20SOIC,Electrical Components,OTS,JIT - Reno,NS,FALSE,Lunar Energy,1000,0,0.4299,429.9,0,0,Unrestricted,1000
08-04-2026,CM: Sienna GA,10-002277 REV-01,10-002277,OR Gate IC 4 Channel - 14-SO,Electrical Components,OTS,ATLN,MAIN,FALSE,Sienna Corporation,4000,0,0.146,584,0,1,Unrestricted,4000
08-04-2026,CM: Qualitel WA,814L-10-002277,10-002277,OR Gate IC 4 Channel - 14-SO,Electrical Components,OTS,"Seattle, WA",Stock,FALSE,Qualitel,7036,0,0.142,999.112,0,0,Unrestricted,7036
08-04-2026,CM: Sienna GA,10-002277 REV-01,10-002277,OR Gate IC 4 Channel - 14-SO,Electrical Components,OTS,ATLN,LINE,FALSE,Sienna Corporation,1184,0,0.146,172.864,0,1,Unrestricted,1184
08-04-2026,Lunar Netsuite,10-002278,10-002278,"600VIN MICROPOWER, ISOLATED NO-O",Electrical Components,OTS,Sienna Corporation - GA,NS,FALSE,Lunar Energy,962,0,2.7085,2605.577,0,0,Unrestricted,962
08-04-2026,CM: Qualitel WA,814L-10-002278,10-002278,"600VIN MICROPOWER, ISOLATED NO-O",Electrical Components,OTS,"Seattle, WA",Stock,FALSE,Qualitel,3748,0,2.151,8061.948,0,0,Unrestricted,3748
08-04-2026,Lunar Netsuite,10-002278,10-002278,"600VIN MICROPOWER, ISOLATED NO-O",Electrical Components,OTS,JIT - Reno,NS,FALSE,Lunar Energy,74,0,0.48,35.52,0,0,Unrestricted,74
08-04-2026,CM: Sienna GA,C10-002278 REV-01,10-002278,"600VIN MICROPOWER, ISOLATED NO-O",Electrical Components,OTS,ATLN,WRB2,TRUE,Lunar Energy,962,0,0,0,0,1,Unrestricted,962
08-04-2026,CM: Sienna GA,10-002278 REV-01,10-002278,"600VIN MICROPOWER, ISOLATED NO-O",Electrical Components,OTS,ATLN,MAIN,FALSE,Sienna Corporation,7500,0,1.87,14025,0,1,Unrestricted,7500
08-04-2026,CM: Sienna GA,10-002278 REV-01,10-002278,"600VIN MICROPOWER, ISOLATED NO-O",Electrical Components,OTS,ATLN,LINE,FALSE,Sienna Corporation,6364,0,1.87,11900.68,0,1,Unrestricted,6364
08-04-2026,Lunar Netsuite,10-002279,10-002279,FUSE 500VAC 40A,Electrical Components,OTS,CCL (Computer Components Ltd),NS,FALSE,Lunar Energy,5000,0,3.5,17500,0,0,Unrestricted,5000
08-04-2026,Lunar Netsuite,10-002280,10-002280,FIXED IND 33UH 3A 60 MOHM SMD AEC-Q,Electrical Components,OTS,JIT - Reno,NS,FALSE,Lunar Energy,266500,0,0.48,127920,0,0,Unrestricted,266500
08-04-2026,CM: Qualitel WA,814L-10-002280,10-002280,FIXED IND 33UH 3A 60 MOHM SMD AEC-Q,Electrical Components,OTS,"Seattle, WA",Stock,FALSE,Qualitel,41888,0,0.48,20106.24,0,0,Unrestricted,41888
08-04-2026,CM: Celestica MX,10-0022803MS,10-002280,FIXED IND 33UH 3A 60 MOHM SMD AEC-Q,Electrical Components,OTS,Monterrey Prod,1000,FALSE,Celestica,-6,0,0.58,-3.48,0,0,Unrestricted,-6
08-04-2026,CM: Celestica MX,10-0022813MS,10-002281,CAP CER 10UF 25V X7R 1206 AEC-Q,Electrical Components,OTS,Monterrey Prod,1000,FALSE,Celestica,-32,0,0.183,-5.856,0,0,Unrestricted,-32
08-04-2026,Lunar Netsuite,10-002282,10-002282,RES SMD 20 OHM 1% 1/10W 0603 AEC-Q,Electrical Components,OTS,JIT - Reno,NS,FALSE,Lunar Energy,85000,0,0.0095,807.5,0,0,Unrestricted,85000
08-04-2026,CM: Qualitel WA,814L-10-002282,10-002282,RES SMD 20 OHM 1% 1/10W 0603 AEC-Q,Electrical Components,OTS,"Seattle, WA",Stock,FALSE,Qualitel,295202,0,0.0014,413.2828,0,0,Unrestricted,295202
08-04-2026,CM: Sienna GA,C10-002282 REV-1,10-002282,RES SMD 20 OHM 1% 1/10W 0603 AEC-Q,Electrical Components,OTS,ATLN,WR22,TRUE,Lunar Energy,16841,0,0,0,0,1,Unrestricted,16841
08-04-2026,CM: Celestica MX,10-0022823MS,10-002282,RES SMD 20 OHM 1% 1/10W 0603 AEC-Q,Electrical Components,OTS,Monterrey Prod,1000,FALSE,Celestica,-28,0,0.0039,-0.1092,0,0,Unrestricted,-28
08-04-2026,CM: Sienna GA,C10-002282 REV-1,10-002282,RES SMD 20 OHM 1% 1/10W 0603 AEC-Q,Electrical Components,OTS,ATLN,WS61,TRUE,Lunar Energy,15000,0,0,0,0,1,Unrestricted,15000
08-04-2026,Lunar Netsuite,10-002282,10-002282,RES SMD 20 OHM 1% 1/10W 0603 AEC-Q,Electrical Components,OTS,Sienna Corporation - GA,NS,FALSE,Lunar Energy,31841,0,0.0095,302.4895,0,0,Unrestricted,0
08-04-2026,CM: Qualitel WA,814L-10-002283,10-002283,RES SMD 47K OHM 1% 1/10W 0603 AEC-Q,Electrical Components,OTS,"Seattle, WA",Stock,FALSE,Qualitel,107905,0,0.0011,118.6955,0,0,Unrestricted,107905
08-04-2026,CM: Celestica MX,10-0022833MS,10-002283,RES SMD 47K OHM 1% 1/10W 0603 AEC-Q,Electrical Components,OTS,Monterrey Prod,1000,FALSE,Celestica,-12,0,0.0023,-0.0276,0,0,Unrestricted,-12
08-04-2026,Lunar Netsuite,10-002286,10-002286,RES SMD 499K OHM 1% 1/4W 1206,Electrical Components,OTS,JIT - Reno,NS,FALSE,Lunar Energy,30000,0,0.0285,855,0,0,Unrestricted,30000
08-04-2026,CM: Celestica MX,10-0022863MS,10-002286,RES SMD 499K OHM 1% 1/4W 1206,Electrical Components,OTS,Monterrey Prod,1000,FALSE,Celestica,-4,0,0.03,-0.12,0,0,Unrestricted,-4
08-04-2026,CM: Qualitel WA,814L-10-002287,10-002287,RES SMD 4.99KOHM 0.1% 1/10W 0603,Electrical Components,OTS,"Seattle, WA",Stock,FALSE,Qualitel,156076,0,0.0045,702.342,0,0,Unrestricted,156076
08-04-2026,CM: Celestica MX,10-0022873MS,10-002287,RES SMD 4.99KOHM 0.1% 1/10W 0603,Electrical Components,OTS,Monterrey Prod,1000,FALSE,Celestica,61,0,0.036,2.196,0,0,Unrestricted,61
08-04-2026,CM: Qualitel WA,814L-10-002288,10-002288,RES 1.1K OHM 1% 1/10W 0603 AEC-Q,Electrical Components,OTS,"Seattle, WA",Stock,FALSE,Qualitel,134401,0,0.0012,161.2812,0,0,Unrestricted,134401
08-04-2026,CM: Celestica MX,10-0022883MS,10-002288,RES 1.1K OHM 1% 1/10W 0603 AEC-Q,Electrical Components,OTS,Monterrey Prod,1000,FALSE,Celestica,-18,0,0.0039,-0.0702,0,0,Unrestricted,-18
08-04-2026,CM: Qualitel WA,814L-10-002289,10-002289,RES 12.1K OHM 1% 1/10W 0603 AEC-Q,Electrical Components,OTS,"Seattle, WA",Stock,FALSE,Qualitel,54144,0,0.0017,92.0448,0,0,Unrestricted,54144
08-04-2026,CM: Qualitel WA,814L-10-002289,10-002289,RES 12.1K OHM 1% 1/10W 0603 AEC-Q,Electrical Components,OTS,"Seattle, WA",PO Inspection,FALSE,Qualitel,0,125,0.0017,0,0.2125,0,Restricted,0
08-04-2026,CM: Celestica MX,10-0022893MS,10-002289,RES 12.1K OHM 1% 1/10W 0603 AEC-Q,Electrical Components,OTS,Monterrey Prod,1000,FALSE,Celestica,3640,0,0.0043,15.652,0,0,Unrestricted,3640
08-04-2026,CM: Sienna GA,C10-002289 REV-01,10-002289,RES 12.1K OHM 1% 1/10W 0603 AEC-Q,Electrical Components,OTS,ATLN,WS13,TRUE,Lunar Energy,15000,0,0,0,0,1,Unrestricted,15000
08-04-2026,Lunar Netsuite,10-002289,10-002289,RES 12.1K OHM 1% 1/10W 0603 AEC-Q,Electrical Components,OTS,Sienna Corporation - GA,NS,FALSE,Lunar Energy,15000,0,0,0,0,0,Unrestricted,0
08-04-2026,CM: Qualitel WA,814L-10-002289,10-002289,RES 12.1K OHM 1% 1/10W 0603 AEC-Q,Electrical Components,OTS,"Seattle, WA",MRB,FALSE,Qualitel,0,125,0.0017,0,0.2125,0,Restricted,0
08-04-2026,CM: Celestica MX,10-0022903MS,10-002290,IC REG LINEAR 2.5V 200MA 8SOIC,Electrical Components,OTS,Monterrey Prod,1000,FALSE,Celestica,25,0,0.38,9.5,0,0,Unrestricted,25
08-04-2026,CM: Qualitel WA,814L-10-002290,10-002290,IC REG LINEAR 2.5V 200MA 8SOIC,Electrical Components,OTS,"Seattle, WA",Stock,FALSE,Qualitel,10143,0,0.492,4990.356,0,0,Unrestricted,10143
08-04-2026,Lunar Netsuite,10-002290,10-002290,IC REG LINEAR 2.5V 200MA 8SOIC,Electrical Components,OTS,JIT - Reno,NS,FALSE,Lunar Energy,99,0,2.2986,227.5614,0,0,Unrestricted,99
08-04-2026,CM: Qualitel WA,814L-10-002291,10-002291,RES SMD 28.7K OHM 1% 1/10W 0603 AEC-Q,Electrical Components,OTS,"Seattle, WA",Stock,FALSE,Qualitel,39259,0,0.0014,54.9626,0,0,Unrestricted,39259
08-04-2026,Lunar Netsuite,10-002291,10-002291,RES SMD 28.7K OHM 1% 1/10W 0603 AEC-Q,Electrical Components,OTS,Sienna Corporation - GA,NS,FALSE,Lunar Energy,930,0,0.01,9.3,0,0,Unrestricted,0
08-04-2026,CM: Sienna GA,C10-002291 REV-01,10-002291,RES SMD 28.7K OHM 1% 1/10W 0603 AEC-Q,Electrical Components,OTS,ATLN,WS61,TRUE,Lunar Energy,930,0,0,0,0,1,Unrestricted,930
08-04-2026,Lunar Netsuite,10-002291,10-002291,RES SMD 28.7K OHM 1% 1/10W 0603 AEC-Q,Electrical Components,OTS,JIT - Reno,NS,FALSE,Lunar Energy,19070,0,0.0085,162.095,0,0,Unrestricted,19070
08-04-2026,CM: Celestica MX,10-0022913MS,10-002291,RES SMD 28.7K OHM 1% 1/10W 0603 AEC-Q,Electrical Components,OTS,Monterrey Prod,1000,FALSE,Celestica,-2,0,0.0023,-0.0046,0,0,Unrestricted,-2
08-04-2026,Lunar Netsuite,10-002292,10-002292,IC GATE DRVR HIGH-SIDE 8SOIC,Electrical Components,OTS,JIT - Reno,NS,FALSE,Lunar Energy,15032,0,1.9848,29835.5136,0,0,Unrestricted,15032
08-04-2026,Lunar Netsuite,10-002292,10-002292,IC GATE DRVR HIGH-SIDE 8SOIC,Electrical Components,OTS,NexGen Digital Inc,NS,FALSE,Lunar Energy,26280,0,1.9513,51280.164,0,0,Unrestricted,26280
08-04-2026,CM: Sienna GA,10-002293 REV-01,10-002293,IC GATE DRVR HIGH-SIDE 10MSOP,Electrical Components,OTS,ATLN,LINE,FALSE,Sienna Corporation,5629,0,2.35,13228.15,0,1,Unrestricted,5629
08-04-2026,CM: Sienna GA,10-002293 REV-01,10-002293,IC GATE DRVR HIGH-SIDE 10MSOP,Electrical Components,OTS,ATLN,MAIN,FALSE,Sienna Corporation,52500,0,2.35,123375,0,1,Unrestricted,52500
08-04-2026,CM: Sienna GA,10-002293 REV-01,10-002293,IC GATE DRVR HIGH-SIDE 10MSOP,Electrical Components,OTS,ATLN,RIQC,FALSE,Sienna Corporation,10000,0,2.35,23500,0,1,Unrestricted,10000
08-04-2026,CM: Celestica MX,10-0022933MS,10-002293,IC GATE DRVR HIGH-SIDE 10MSOP,Electrical Components,OTS,Monterrey Prod,1000,FALSE,Celestica,18,0,2.35,42.3,0,0,Unrestricted,18
08-04-2026,CM: Qualitel WA,814L-10-002293,10-002293,IC GATE DRVR HIGH-SIDE 10MSOP,Electrical Components,OTS,"Seattle, WA",Stock,FALSE,Qualitel,11789,0,1.27,14972.03,0,0,Unrestricted,11789
08-04-2026,Lunar Netsuite,10-002293,10-002293,IC GATE DRVR HIGH-SIDE 10MSOP,Electrical Components,OTS,JIT - Reno,NS,FALSE,Lunar Energy,608,0,2.35,1428.8,0,0,Unrestricted,608
08-04-2026,CM: Sienna GA,10-002294 REV-01,10-002294,FLASH - NOR Memory IC 16Mb (2M x 8) SPI - Quad I/O 133 MHz 8-SOIC,Electrical Components,OTS,ATLN,MAIN,FALSE,Sienna Corporation,500,0,0,0,0,1,Unrestricted,500
08-04-2026,CM: Sienna GA,10-002294 REV-01,10-002294,FLASH - NOR Memory IC 16Mb (2M x 8) SPI - Quad I/O 133 MHz 8-SOIC,Electrical Components,OTS,ATLN,LINE,FALSE,Sienna Corporation,4453,0,0,0,0,1,Unrestricted,4453
08-04-2026,CM: Qualitel WA,814L-10-002300,10-002300,CAP CER 6800PF 50V C0G 0603 AEC-Q,Electrical Components,OTS,"Seattle, WA",Stock,FALSE,Qualitel,61530,0,0.0497,3058.041,0,0,Unrestricted,61530
08-04-2026,CM: Qualitel WA,814L-10-002300,10-002300,CAP CER 6800PF 50V C0G 0603 AEC-Q,Electrical Components,OTS,"Seattle, WA",MRB,FALSE,Qualitel,0,150,0.0497,0,7.455,0,Restricted,0
08-04-2026,CM: Celestica MX,10-0023003MS,10-002300,CAP CER 6800PF 50V C0G 0603 AEC-Q,Electrical Components,OTS,Monterrey Prod,1000,FALSE,Celestica,-6,0,0.046,-0.276,0,0,Unrestricted,-6
08-04-2026,CM: Sienna GA,10-002300 REV-1,10-002300,CAP CER 6800PF 50V C0G 0603 AEC-Q,Electrical Components,OTS,ATLN,RIQC,FALSE,Sienna Corporation,4000,0,0.046,184,0,1,Unrestricted,4000
08-04-2026,CM: Qualitel WA,814L-10-002300,10-002300,CAP CER 6800PF 50V C0G 0603 AEC-Q,Electrical Components,OTS,"Seattle, WA",PO Inspection,FALSE,Qualitel,0,150,0.0497,0,7.455,0,Restricted,0
08-04-2026,CM: Sienna GA,10-002300 REV-1,10-002300,CAP CER 6800PF 50V C0G 0603 AEC-Q,Electrical Components,OTS,ATLN,MAIN,FALSE,Sienna Corporation,12000,0,0.046,552,0,1,Unrestricted,12000
08-04-2026,Lunar Netsuite,10-002300,10-002300,CAP CER 6800PF 50V C0G 0603 AEC-Q,Electrical Components,OTS,Avnet,NS,FALSE,Lunar Energy,4000,0,0.046,184,0,0,Unrestricted,4000
08-04-2026,CM: Sienna GA,10-002300 REV-1,10-002300,CAP CER 6800PF 50V C0G 0603 AEC-Q,Electrical Components,OTS,ATLN,LINE,FALSE,Sienna Corporation,3303,0,0.046,151.938,0,1,Unrestricted,3303
08-04-2026,Lunar Netsuite,10-002302,10-002302,SENSOR THERMISTOR NTC,Electrical Components,OTS,CA - Ravendale,NS,FALSE,Lunar Energy,13000,0,0.031,403,0,0,Unrestricted,13000
08-04-2026,CM: Qualitel WA,814L-10-002302,10-002302,SENSOR THERMISTOR NTC,Electrical Components,OTS,"Seattle, WA",Stock,FALSE,Qualitel,26982,0,0.0225,607.095,0,0,Unrestricted,26982
08-04-2026,CM: Celestica MX,10-0023023MS,10-002302,SENSOR THERMISTOR NTC,Electrical Components,OTS,Monterrey Prod,1000,FALSE,Celestica,-2,0,0.0169,-0.0338,0,0,Unrestricted,-2
08-04-2026,Lunar Netsuite,10-002304,10-002304,"CONN, HEADER, 4P, GRAY, VETICAL , Ni/Cu, TE",Electrical Components,OTS,Avnet,NS,FALSE,Lunar Energy,32640,0,2.49,81273.6,0,0,Unrestricted,24540
08-04-2026,CM: Qualitel WA,814L-10-002304,10-002304,"CONN, HEADER, 4P, GRAY, VETICAL , Ni/Cu, TE",Electrical Components,OTS,"Seattle, WA",Stock,FALSE,Qualitel,6260,0,2.413,15105.38,0,0,Unrestricted,6260
08-04-2026,Lunar Netsuite,10-002304,10-002304,"CONN, HEADER, 4P, GRAY, VETICAL , Ni/Cu, TE",Electrical Components,OTS,JIT - Reno,NS,FALSE,Lunar Energy,4050,0,2.49,10084.5,0,0,Unrestricted,4050
08-04-2026,CM: Celestica MX,10-0023043MS,10-002304,"CONN, HEADER, 4P, GRAY, VETICAL , Ni/Cu, TE",Electrical Components,OTS,Monterrey Prod,1000,FALSE,Celestica,-9,0,2.49,-22.41,0,0,Unrestricted,-9
08-04-2026,Lunar Netsuite,10-002308,10-002308,DIODE GEN PURP 1KV 8A SMC,Electrical Components,OTS,NexGen Digital Inc,NS,FALSE,Lunar Energy,84302,0,0.12,10116.24,0,0,Unrestricted,84302
08-04-2026,CM: Sienna GA,10-002308 REV-01,10-002308,DIODE GEN PURP 1KV 8A SMC,Electrical Components,OTS,ATLN,LINE,FALSE,Sienna Corporation,2714,0,0.122,331.108,0,1,Unrestricted,2714
08-04-2026,CM: Sienna GA,10-002308 REV-01,10-002308,DIODE GEN PURP 1KV 8A SMC,Electrical Components,OTS,ATLN,MAIN,FALSE,Sienna Corporation,3000,0,0.122,366,0,1,Unrestricted,3000
08-04-2026,Lunar Netsuite,10-002308,10-002308,DIODE GEN PURP 1KV 8A SMC,Electrical Components,OTS,JIT - Reno,NS,FALSE,Lunar Energy,15000,0,0.12,1800,0,0,Unrestricted,15000
08-04-2026,Lunar Netsuite,10-002310,10-002310,FUSE BRD 3.15A 350VAC 500VDC SMD,Electrical Components,OTS,JIT - Reno,NS,FALSE,Lunar Energy,9925,0,1.31,13001.75,0,0,Unrestricted,7925
08-04-2026,CM: Sienna GA,10-002310 REV-01,10-002310,FUSE BRD 3.15A 350VAC 500VDC SMD,Electrical Components,OTS,ATLN,RIQC,FALSE,Sienna Corporation,2000,0,1.31,2620,0,1,Unrestricted,2000
08-04-2026,CM: Sienna GA,10-002310 REV-01,10-002310,FUSE BRD 3.15A 350VAC 500VDC SMD,Electrical Components,OTS,ATLN,LINE,FALSE,Sienna Corporation,1016,0,1.31,1330.96,0,1,Unrestricted,1016
08-04-2026,CM: Sienna GA,10-002311 REV-1,10-002311,IC SUPERVISOR 1 CHANNEL SOT23-8,Electrical Components,OTS,ATLN,LINE,FALSE,Sienna Corporation,3405,0,1.6585,5647.1925,0,1,Unrestricted,3405
08-04-2026,CM: Celestica MX,10-0023183MS,10-002318,Current Sensor 120A Channel 8-PowerTDFN AEC-Q,Electrical Components,OTS,Monterrey Prod,1000,FALSE,Celestica,-4,0,2.553,-10.212,0,0,Unrestricted,-4
08-04-2026,Lunar Netsuite,10-002318,10-002318,Current Sensor 120A Channel 8-PowerTDFN AEC-Q,Electrical Components,OTS,CCL (Computer Components Ltd),NS,FALSE,Lunar Energy,21262,0,1.38,29341.56,0,0,Unrestricted,21262
08-04-2026,CM: Sienna GA,10-002318 REV-1,10-002318,Current Sensor 120A Channel 8-PowerTDFN AEC-Q,Electrical Components,OTS,ATLN,LINE,FALSE,Sienna Corporation,1355,0,2.54,3441.7,0,1,Unrestricted,1355
08-04-2026,CM: Qualitel WA,814L-10-002318,10-002318,Current Sensor 120A Channel 8-PowerTDFN AEC-Q,Electrical Components,OTS,"Seattle, WA",Stock,FALSE,Qualitel,16535,0,1.38,22818.3,0,0,Unrestricted,16535
08-04-2026,Lunar Netsuite,10-002318,10-002318,Current Sensor 120A Channel 8-PowerTDFN AEC-Q,Electrical Components,OTS,JIT - Reno,NS,FALSE,Lunar Energy,160835,0,0.0429,6899.8215,0,0,Unrestricted,160835
08-04-2026,CM: Sienna GA,10-002318 REV-1,10-002318,Current Sensor 120A Channel 8-PowerTDFN AEC-Q,Electrical Components,OTS,ATLN,MAIN,FALSE,Sienna Corporation,2500,0,2.54,6350,0,1,Unrestricted,2500
08-04-2026,Lunar Netsuite,10-002318,10-002318,Current Sensor 120A Channel 8-PowerTDFN AEC-Q,Electrical Components,OTS,Avnet,NS,FALSE,Lunar Energy,157500,0,1.4146,222799.5,0,0,Unrestricted,150463
08-04-2026,CM: Sienna GA,10-002320 REV-1,10-002320,"Trans Voltage Suppressor Diode, 260W, 5.2V V(RWM), Unidirectional, 2 Element, Silicon",Electrical Components,OTS,ATLN,RIQC,FALSE,Sienna Corporation,6000,0,0.0505,303,0,1,Unrestricted,6000
08-04-2026,CM: Sienna GA,10-002320 REV-1,10-002320,"Trans Voltage Suppressor Diode, 260W, 5.2V V(RWM), Unidirectional, 2 Element, Silicon",Electrical Components,OTS,ATLN,LINE,FALSE,Sienna Corporation,1607,0,0.0505,81.1535,0,1,Unrestricted,1607
08-04-2026,CM: Sienna GA,C10-002320 REV-1,10-002320,"Trans Voltage Suppressor Diode, 260W, 5.2V V(RWM), Unidirectional, 2 Element, Silicon",Electrical Components,OTS,ATLN,WT82,TRUE,Lunar Energy,6000,0,0,0,0,1,Unrestricted,6000
08-04-2026,Lunar Netsuite,10-002320,10-002320,"Trans Voltage Suppressor Diode, 260W, 5.2V V(RWM), Unidirectional, 2 Element, Silicon",Electrical Components,OTS,Sienna Corporation - GA,NS,FALSE,Lunar Energy,6000,0,0.0694,416.4,0,0,Unrestricted,0
08-04-2026,Lunar Netsuite,10-002320,10-002320,"Trans Voltage Suppressor Diode, 260W, 5.2V V(RWM), Unidirectional, 2 Element, Silicon",Electrical Components,OTS,NexGen Digital Inc,NS,FALSE,Lunar Energy,54000,0,0.0694,3747.6,0,0,Unrestricted,54000
08-04-2026,Lunar Netsuite,10-002320,10-002320,"Trans Voltage Suppressor Diode, 260W, 5.2V V(RWM), Unidirectional, 2 Element, Silicon",Electrical Components,OTS,JIT - Reno,NS,FALSE,Lunar Energy,9000,0,0.0541,486.9,0,0,Unrestricted,5000
08-04-2026,CM: Sienna GA,10-002322 REV-04,10-002322,"Wire Harness, G/N Bond, Bridge",Part,MTS,ATLN,LINE,FALSE,Sienna Corporation,63,0,3.57,224.91,0,4,Unrestricted,63
08-04-2026,CM: Sienna GA,10-002322 REV-04,10-002322,"Wire Harness, G/N Bond, Bridge",Part,MTS,ATLN,RIQC,FALSE,Sienna Corporation,915,0,3.57,3266.55,0,4,Unrestricted,915
08-04-2026,Lunar Netsuite,10-002322,10-002322,"Wire Harness, G/N Bond, Bridge",Part,MTS,JIT - Reno,NS,FALSE,Lunar Energy,31,0,4.17,129.27,0,0,Unrestricted,31
08-04-2026,CM: Sienna GA,10-002322 REV-04,10-002322,"Wire Harness, G/N Bond, Bridge",Part,MTS,ATLN,RL54,FALSE,Sienna Corporation,345,0,3.57,1231.65,0,4,Unrestricted,345
08-04-2026,CM: Sienna GA,10-002324 REV-01,10-002324,"Washer, 1/4-20, Steel, Zinc-Plated",Part,OTS,ATLN,RIQC,FALSE,Sienna Corporation,3868,0,0.0364,140.7952,0,1,Unrestricted,3868
08-04-2026,CM: Sienna GA,10-002324 REV-01,10-002324,"Washer, 1/4-20, Steel, Zinc-Plated",Part,OTS,ATLN,LINE,FALSE,Sienna Corporation,3709,0,0.0364,135.0076,0,1,Unrestricted,3709
08-04-2026,Lunar Netsuite,10-002325,10-002325,CAP CER 0.1UF 630V X7T 1210 AUTO,Electrical Components,OTS,CCL (Computer Components Ltd),NS,FALSE,Lunar Energy,2000,0,0.1565,313,0,0,Unrestricted,2000
08-04-2026,CM: Qualitel WA,814L-10-002328,10-002328,RES 22K OHM 1% 1/10W 0603,Electrical Components,OTS,"Seattle, WA",PO Inspection,FALSE,Qualitel,0,5000,0.0013,0,6.5,0,Restricted,0
08-04-2026,CM: Sienna GA,10-002328 REV-01,10-002328,RES 22K OHM 1% 1/10W 0603,Electrical Components,OTS,ATLN,LINE,FALSE,Sienna Corporation,12657,0,0.0013,16.4541,0,1,Unrestricted,12657
08-04-2026,CM: Qualitel WA,814L-10-002328,10-002328,RES 22K OHM 1% 1/10W 0603,Electrical Components,OTS,"Seattle, WA",MRB,FALSE,Qualitel,0,5000,0.0013,0,6.5,0,Restricted,0
08-04-2026,CM: Qualitel WA,814L-10-002328,10-002328,RES 22K OHM 1% 1/10W 0603,Electrical Components,OTS,"Seattle, WA",Stock,FALSE,Qualitel,5039,0,0.0013,6.5507,0,0,Unrestricted,5039
08-04-2026,CM: Sienna GA,10-002329 REV-1,10-002329,CAP CER 47PF 50V C0G/NP0 0603,Electrical Components,OTS,ATLN,MAIN,FALSE,Sienna Corporation,4000,0,0.0024,9.6,0,1,Unrestricted,4000
08-04-2026,CM: Qualitel WA,814L-10-002329,10-002329,CAP CER 47PF 50V C0G/NP0 0603,Electrical Components,OTS,"Seattle, WA",Stock,FALSE,Qualitel,17447,0,0.0024,41.8728,0,0,Unrestricted,17447
08-04-2026,CM: Sienna GA,10-002329 REV-1,10-002329,CAP CER 47PF 50V C0G/NP0 0603,Electrical Components,OTS,ATLN,LINE,FALSE,Sienna Corporation,8854,0,0.0024,21.2496,0,1,Unrestricted,8854
08-04-2026,Lunar Netsuite,10-002330,10-002330,RES 28K OHM 1% 1/10W 0603,Electrical Components,OTS,JIT - Reno,NS,FALSE,Lunar Energy,15000,0,0.0014,21,0,0,Unrestricted,15000
08-04-2026,CM: Sienna GA,10-002331 REV-1,10-002331,RES 2.49K OHM 1% 1/8W 0603 AEC-Q,Electrical Components,OTS,ATLN,LINE,FALSE,Sienna Corporation,3764,0,0.005,18.82,0,1,Unrestricted,3764
08-04-2026,CM: Sienna GA,10-002331 REV-1,10-002331,RES 2.49K OHM 1% 1/8W 0603 AEC-Q,Electrical Components,OTS,ATLN,MAIN,FALSE,Sienna Corporation,5000,0,0.005,25,0,1,Unrestricted,5000
08-04-2026,CM: Sienna GA,10-002337 REV-1,10-002337,DIODE GP 600V 500MA DO219AB,Electrical Components,OTS,ATLN,LINE,FALSE,Sienna Corporation,4278,0,0.0779,333.2562,0,1,Unrestricted,4278
08-04-2026,Lunar Netsuite,10-002337,10-002337,DIODE GP 600V 500MA DO219AB,Electrical Components,OTS,Avnet,NS,FALSE,Lunar Energy,15000,0,0.0779,1168.5,0,0,Unrestricted,0
08-04-2026,CM: Sienna GA,10-002340 REV-01,10-002340,MOSFET N-CH 650V 16A TO252-3,Electrical Components,OTS,ATLN,RIQC,FALSE,Sienna Corporation,2500,0,0.7912,1978,0,1,Unrestricted,2500
08-04-2026,CM: Sienna GA,10-002340 REV-01,10-002340,MOSFET N-CH 650V 16A TO252-3,Electrical Components,OTS,ATLN,LINE,FALSE,Sienna Corporation,1346,0,0.7912,1064.9552,0,1,Unrestricted,1346
08-04-2026,CM: Qualitel WA,814L-10-002340,10-002340,MOSFET N-CH 650V 16A TO252-3,Electrical Components,OTS,"Seattle, WA",Stock,FALSE,Qualitel,7494,0,0.54,4046.76,0,0,Unrestricted,7494
08-04-2026,CM: Sienna GA,10-002340 REV-01,10-002340,MOSFET N-CH 650V 16A TO252-3,Electrical Components,OTS,ATLN,MAIN,FALSE,Sienna Corporation,10000,0,0.7912,7912,0,1,Unrestricted,10000
08-04-2026,CM: Qualitel WA,814L-10-002361,10-002361,"Heat Spreader, GaN, DCDC",Part,MTS,"Seattle, WA",PO Inspection,FALSE,Qualitel,0,6000,4.85,0,29100,0,Restricted,0
08-04-2026,CM: Qualitel WA,814L-10-002361,10-002361,"Heat Spreader, GaN, DCDC",Part,MTS,"Seattle, WA",Stock,FALSE,Qualitel,7526,0,4.85,36501.1,0,0,Unrestricted,7526
08-04-2026,CM: Celestica MX,10-0023613MS,10-002361,"Heat Spreader, GaN, DCDC",Part,MTS,Monterrey Prod,1000,FALSE,Celestica,-4,0,4.92,-19.68,0,0,Unrestricted,-4
08-04-2026,CM: Celestica MX,10-0023753MS,10-002375,CAP CER 0.1UF 250V X7R 1206,Electrical Components,OTS,Monterrey Prod,1000,FALSE,Celestica,135,0,0.0211,2.8485,0,0,Unrestricted,135
08-04-2026,Lunar Netsuite,10-002375,10-002375,CAP CER 0.1UF 250V X7R 1206,Electrical Components,OTS,Avnet,NS,FALSE,Lunar Energy,22000,0,0.02,440,0,0,Unrestricted,0
08-04-2026,Lunar Netsuite,10-002375,10-002375,CAP CER 0.1UF 250V X7R 1206,Electrical Components,OTS,JIT - Reno,NS,FALSE,Lunar Energy,12000,0,0.02,240,0,0,Unrestricted,12000
08-04-2026,CM: Qualitel WA,814L-10-002375,10-002375,CAP CER 0.1UF 250V X7R 1206,Electrical Components,OTS,"Seattle, WA",Stock,FALSE,Qualitel,112555,0,0.0223,2509.9765,0,0,Unrestricted,112555
08-04-2026,CM: Qualitel WA,814L-10-002376,10-002376,CAP CER 1UF 25V X5R 0402,Electrical Components,OTS,"Seattle, WA",Stock,FALSE,Qualitel,67170,0,0.0027,181.359,0,0,Unrestricted,67170
08-04-2026,Lunar Netsuite,10-002376,10-002376,CAP CER 1UF 25V X5R 0402,Electrical Components,OTS,JIT - Reno,NS,FALSE,Lunar Energy,187000,0,0.0119,2225.3,0,0,Unrestricted,157000
08-04-2026,CM: Celestica MX,10-0023763MS,10-002376,CAP CER 1UF 25V X5R 0402,Electrical Components,OTS,Monterrey Prod,1000,FALSE,Celestica,-8,0,0.0107,-0.0856,0,0,Unrestricted,-8
08-04-2026,CM: Sienna GA,10-002376 REV-01,10-002376,CAP CER 1UF 25V X5R 0402,Electrical Components,OTS,ATLN,MAIN,FALSE,Sienna Corporation,8510,0,0.0107,91.057,0,1,Unrestricted,8510
08-04-2026,CM: Sienna GA,10-002376 REV-01,10-002376,CAP CER 1UF 25V X5R 0402,Electrical Components,OTS,ATLN,LINE,FALSE,Sienna Corporation,1519,0,0.0107,16.2533,0,1,Unrestricted,1519
08-04-2026,Lunar Netsuite,10-002376,10-002376,CAP CER 1UF 25V X5R 0402,Electrical Components,OTS,NexGen Digital Inc,NS,FALSE,Lunar Energy,140000,0,0.0114,1596,0,0,Unrestricted,140000
08-04-2026,Lunar Netsuite,10-002377,10-002377,CAP CER 0.47UF 25V X5R 0402,Electrical Components,OTS,CCL (Computer Components Ltd),NS,FALSE,Lunar Energy,220000,0,0.01,2200,0,0,Unrestricted,220000
08-04-2026,Lunar Netsuite,10-002378,10-002378,CAP CER 100PF 50V X7R 0402,Electrical Components,OTS,JIT - Reno,NS,FALSE,Lunar Energy,320000,0,0.0015,480,0,0,Unrestricted,300000
08-04-2026,CM: Celestica MX,10-0023783MS,10-002378,CAP CER 100PF 50V X7R 0402,Electrical Components,OTS,Monterrey Prod,1000,FALSE,Celestica,-16,0,0.0018,-0.0288,0,0,Unrestricted,-16
08-04-2026,CM: Qualitel WA,814L-10-002378,10-002378,CAP CER 100PF 50V X7R 0402,Electrical Components,OTS,"Seattle, WA",Stock,FALSE,Qualitel,191751,0,0.001,191.751,0,0,Unrestricted,191751
08-04-2026,CM: Qualitel WA,814L-10-002379,10-002379,CAP CER 15PF 50V C0G 0402 AEC-Q,Electrical Components,OTS,"Seattle, WA",Stock,FALSE,Qualitel,82644,0,0.0035,289.254,0,0,Unrestricted,82644
08-04-2026,CM: Celestica MX,10-0023793MS,10-002379,CAP CER 15PF 50V C0G 0402 AEC-Q,Electrical Components,OTS,Monterrey Prod,1000,FALSE,Celestica,-12,0,0.0049,-0.0588,0,0,Unrestricted,-12
08-04-2026,Lunar Netsuite,10-002381,10-002381,RES 2 OHM 5% 1/16W 0402,Electrical Components,OTS,JIT - Reno,NS,FALSE,Lunar Energy,10000,0,0.0017,17,0,0,Unrestricted,10000
08-04-2026,Lunar Netsuite,10-002381,10-002381,RES 2 OHM 5% 1/16W 0402,Electrical Components,OTS,CCL (Computer Components Ltd),NS,FALSE,Lunar Energy,130000,0,0.0017,221,0,0,Unrestricted,130000
08-04-2026,Lunar Netsuite,10-002382,10-002382,RES SMD 2.2 OHM 5% 1/10W 0402,Electrical Components,OTS,CCL (Computer Components Ltd),NS,FALSE,Lunar Energy,490000,0,0.002,980,0,0,Unrestricted,490000
08-04-2026,Lunar Netsuite,10-002382,10-002382,RES SMD 2.2 OHM 5% 1/10W 0402,Electrical Components,OTS,Avnet,NS,FALSE,Lunar Energy,70000,0,0.002,140,0,0,Unrestricted,70000
08-04-2026,CM: Qualitel WA,814L-10-002384,10-002384,DIODE SCHOTTKY 200V 1A SOD123W,Electrical Components,OTS,"Seattle, WA",Stock,FALSE,Qualitel,88031,0,0.0289,2544.0959,0,0,Unrestricted,88031
08-04-2026,Lunar Netsuite,10-002384,10-002384,DIODE SCHOTTKY 200V 1A SOD123W,Electrical Components,OTS,CA - Ravendale,NS,FALSE,Lunar Energy,381,0,0.095,36.195,0,0,Unrestricted,381
08-04-2026,CM: Celestica MX,10-0023843MS,10-002384,DIODE SCHOTTKY 200V 1A SOD123W,Electrical Components,OTS,Monterrey Prod,1000,FALSE,Celestica,-12,0,0.0382,-0.4584,0,0,Unrestricted,-12
08-04-2026,Lunar Netsuite,10-002391,10-002391,"RF/ Coaxial Connectors, 50 Ohms, FAKRA SMB Jack, Straight, PCB, Keying Option A, Black",Electrical Components,OTS,Avnet,NS,FALSE,Lunar Energy,7200,0,0.97,6984,0,0,Unrestricted,6000
08-04-2026,CM: Sienna GA,10-002391 REV-1,10-002391,"RF/ Coaxial Connectors, 50 Ohms, FAKRA SMB Jack, Straight, PCB, Keying Option A, Black",Electrical Components,OTS,ATLN,MAIN,FALSE,Sienna Corporation,2791,0,0.97,2707.27,0,1,Unrestricted,2791
08-04-2026,CM: Sienna GA,10-002391 REV-1,10-002391,"RF/ Coaxial Connectors, 50 Ohms, FAKRA SMB Jack, Straight, PCB, Keying Option A, Black",Electrical Components,OTS,ATLN,PAMS,FALSE,Sienna Corporation,1200,0,0.97,1164,0,1,Unrestricted,1200
08-04-2026,Lunar Netsuite,10-002391,10-002391,"RF/ Coaxial Connectors, 50 Ohms, FAKRA SMB Jack, Straight, PCB, Keying Option A, Black",Electrical Components,OTS,JIT - Reno,NS,FALSE,Lunar Energy,450,0,0.969,436.05,0,0,Unrestricted,450
08-04-2026,CM: Sienna GA,10-002391 REV-1,10-002391,"RF/ Coaxial Connectors, 50 Ohms, FAKRA SMB Jack, Straight, PCB, Keying Option A, Black",Electrical Components,OTS,ATLN,LINE,FALSE,Sienna Corporation,764,0,0.97,741.08,0,1,Unrestricted,764
08-04-2026,CM: Sienna GA,10-002391 REV-1,10-002391,"RF/ Coaxial Connectors, 50 Ohms, FAKRA SMB Jack, Straight, PCB, Keying Option A, Black",Electrical Components,OTS,ATLN,RIQC,FALSE,Sienna Corporation,3450,0,0.97,3346.5,0,1,Unrestricted,3450
08-04-2026,CM: Sienna GA,C10-002392 REV-1,10-002392,"RF/ Coaxial Connectors, 50 Ohms, FAKRA SMB Jack, Straight, PCB, Keying Option B, Signal White",Electrical Components,OTS,ATLN,WR82,TRUE,Lunar Energy,600,0,0,0,0,1,Unrestricted,600
08-04-2026,Lunar Netsuite,10-002392,10-002392,"RF/ Coaxial Connectors, 50 Ohms, FAKRA SMB Jack, Straight, PCB, Keying Option B, Signal White",Electrical Components,OTS,Avnet,NS,FALSE,Lunar Energy,9000,0,0.94,8460,0,0,Unrestricted,6600
08-04-2026,CM: Sienna GA,10-002392 REV-1,10-002392,"RF/ Coaxial Connectors, 50 Ohms, FAKRA SMB Jack, Straight, PCB, Keying Option B, Signal White",Electrical Components,OTS,ATLN,MAIN,FALSE,Sienna Corporation,3700,0,0.94,3478,0,1,Unrestricted,3700
08-04-2026,Lunar Netsuite,10-002392,10-002392,"RF/ Coaxial Connectors, 50 Ohms, FAKRA SMB Jack, Straight, PCB, Keying Option B, Signal White",Electrical Components,OTS,Sienna Corporation - GA,NS,FALSE,Lunar Energy,600,0,0.9462,567.72,0,0,Unrestricted,0
08-04-2026,CM: Sienna GA,10-002392 REV-1,10-002392,"RF/ Coaxial Connectors, 50 Ohms, FAKRA SMB Jack, Straight, PCB, Keying Option B, Signal White",Electrical Components,OTS,ATLN,LINE,FALSE,Sienna Corporation,22,0,0.94,20.68,0,1,Unrestricted,22
08-04-2026,Lunar Netsuite,10-002392,10-002392,"RF/ Coaxial Connectors, 50 Ohms, FAKRA SMB Jack, Straight, PCB, Keying Option B, Signal White",Electrical Components,OTS,JIT - Reno,NS,FALSE,Lunar Energy,150,0,0.97,145.5,0,0,Unrestricted,150
08-04-2026,Lunar Netsuite,10-002393,10-002393,"RF/ Coaxial Connectors, 50 Ohms, FAKRA SMB Jack, Straight, PCB, Keying Option C, Blue",Electrical Components,OTS,JIT - Reno,NS,FALSE,Lunar Energy,5550,0,0.95,5272.5,0,0,Unrestricted,5550
08-04-2026,Lunar Netsuite,10-002393,10-002393,"RF/ Coaxial Connectors, 50 Ohms, FAKRA SMB Jack, Straight, PCB, Keying Option C, Blue",Electrical Components,OTS,Avnet,NS,FALSE,Lunar Energy,13050,0,0.95,12397.5,0,0,Unrestricted,9257
08-04-2026,CM: Sienna GA,10-002393 REV-1,10-002393,"RF/ Coaxial Connectors, 50 Ohms, FAKRA SMB Jack, Straight, PCB, Keying Option C, Blue",Electrical Components,OTS,ATLN,MAIN,FALSE,Sienna Corporation,450,0,0.95,427.5,0,1,Unrestricted,450
08-04-2026,CM: Sienna GA,10-002393 REV-1,10-002393,"RF/ Coaxial Connectors, 50 Ohms, FAKRA SMB Jack, Straight, PCB, Keying Option C, Blue",Electrical Components,OTS,ATLN,LINE,FALSE,Sienna Corporation,817,0,0.95,776.15,0,1,Unrestricted,817
08-04-2026,CM: Sienna GA,10-002393 REV-1,10-002393,"RF/ Coaxial Connectors, 50 Ohms, FAKRA SMB Jack, Straight, PCB, Keying Option C, Blue",Electrical Components,OTS,ATLN,RIQC,FALSE,Sienna Corporation,2550,0,0.95,2422.5,0,1,Unrestricted,2550
08-04-2026,CM: Qualitel WA,814L-10-002393,10-002393,"RF/ Coaxial Connectors, 50 Ohms, FAKRA SMB Jack, Straight, PCB, Keying Option C, Blue",Electrical Components,OTS,"Seattle, WA",Stock,FALSE,Qualitel,2954,0,0.694,2050.076,0,0,Unrestricted,2954
08-04-2026,Lunar Netsuite,10-002393,10-002393,"RF/ Coaxial Connectors, 50 Ohms, FAKRA SMB Jack, Straight, PCB, Keying Option C, Blue",Electrical Components,OTS,NexGen Digital Inc,NS,FALSE,Lunar Energy,4950,0,0.95,4702.5,0,0,Unrestricted,4950
08-04-2026,CM: Celestica MX,10-0024013MS,10-002401,ROUND STANDOFF M2X0.4 STEEL 1MM,Electrical Components,OTS,Monterrey Prod,1000,FALSE,Celestica,71,0,0.16,11.36,0,0,Unrestricted,71
08-04-2026,Lunar Netsuite,10-002401,10-002401,ROUND STANDOFF M2X0.4 STEEL 1MM,Electrical Components,OTS,JIT - Reno,NS,FALSE,Lunar Energy,448500,0,0.1485,66602.25,0,0,Unrestricted,448500
08-04-2026,CM: Qualitel WA,814L-10-002401,10-002401,ROUND STANDOFF M2X0.4 STEEL 1MM,Electrical Components,OTS,"Seattle, WA",Stock,FALSE,Qualitel,25595,0,0.145,3711.275,0,0,Unrestricted,25595
08-04-2026,CM: Celestica MX,10-0024023MS,10-002402,GAN TRANS 200V 8MOHM BUMPED DIE,Electrical Components,OTS,Monterrey Prod,1000,FALSE,Celestica,-144,0,1.93,-277.92,0,0,Unrestricted,-144
08-04-2026,CM: Qualitel WA,814L-10-002402,10-002402,GAN TRANS 200V 8MOHM BUMPED DIE,Electrical Components,OTS,"Seattle, WA",Stock,FALSE,Qualitel,165473,0,1.93,319362.89,0,0,Unrestricted,165473
08-04-2026,Lunar Netsuite,10-002402,10-002402,GAN TRANS 200V 8MOHM BUMPED DIE,Electrical Components,OTS,JIT - Reno,NS,FALSE,Lunar Energy,265500,0,1.93,512415,0,0,Unrestricted,190500
08-04-2026,Lunar Netsuite,10-002403,10-002403,CAP CER 0.1UF 450V X7T 1206 AEC-Q,Electrical Components,OTS,JIT - Reno,NS,FALSE,Lunar Energy,331912,0,0.21,69701.52,0,0,Unrestricted,231912
08-04-2026,CM: Qualitel WA,814L-10-002403,10-002403,CAP CER 0.1UF 450V X7T 1206 AEC-Q,Electrical Components,OTS,"Seattle, WA",MRB,FALSE,Qualitel,0,500,0.217,0,108.5,0,Restricted,0
08-04-2026,Lunar Netsuite,10-002403,10-002403,CAP CER 0.1UF 450V X7T 1206 AEC-Q,Electrical Components,OTS,Avnet,NS,FALSE,Lunar Energy,14000,0,0.21,2940,0,0,Unrestricted,0
08-04-2026,CM: Qualitel WA,814L-10-002403,10-002403,CAP CER 0.1UF 450V X7T 1206 AEC-Q,Electrical Components,OTS,"Seattle, WA",Stock,FALSE,Qualitel,100064,0,0.217,21713.888,0,0,Unrestricted,100064
08-04-2026,CM: Celestica MX,10-0024033MS,10-002403,CAP CER 0.1UF 450V X7T 1206 AEC-Q,Electrical Components,OTS,Monterrey Prod,1000,FALSE,Celestica,565,0,0.209,118.085,0,0,Unrestricted,565
08-04-2026,CM: Qualitel WA,814L-10-002403,10-002403,CAP CER 0.1UF 450V X7T 1206 AEC-Q,Electrical Components,OTS,"Seattle, WA",PO Inspection,FALSE,Qualitel,0,500,0.217,0,108.5,0,Restricted,0
08-04-2026,CM: Sienna GA,10-002407 REV-06,10-002407,"Screw,M5x13,SEMS,BHT T-25,Steel,Class 8.8,ZiNi BC",Part,OTS,ATLN,RIQC,FALSE,Sienna Corporation,1975,0,0.094,185.65,0,6,Unrestricted,1975
08-04-2026,CM: Sienna GA,10-002407 REV-06,10-002407,"Screw,M5x13,SEMS,BHT T-25,Steel,Class 8.8,ZiNi BC",Part,OTS,ATLN,LINE,FALSE,Sienna Corporation,2469,0,0.094,232.086,0,6,Unrestricted,2469
08-04-2026,CM: Sienna GA,10-002420 REV-A,10-002420,"Screw,M2x0.4 6gx4mm,Flat Head T-6,Steel,ZiNi BC,Nylon Patch",Part,OTS,ATLN,LPAC,FALSE,Sienna Corporation,4000,0,0,0,0,,Unrestricted,4000
08-04-2026,CM: Celestica MX,10-0024263MS,10-002426,"Fan with Connector,DC-DC, with Splice",Part,MTS,Monterrey Prod,1000,FALSE,Celestica,-1,0,11.5,-11.5,0,0,Unrestricted,-1
08-04-2026,CM: Sienna GA,10-002432 REV-01,10-002432,"Edge Clip,Cable Tie,2-Piece,0.5-2.5mm Panel, Blk",Part,OTS,ATLN,MAIN,FALSE,Sienna Corporation,2980,0,0.62,1847.6,0,1,Unrestricted,2980
08-04-2026,CM: Sienna GA,10-002432 REV-01,10-002432,"Edge Clip,Cable Tie,2-Piece,0.5-2.5mm Panel, Blk",Part,OTS,ATLN,RIQC,FALSE,Sienna Corporation,3710,0,0.62,2300.2,0,1,Unrestricted,3710
08-04-2026,CM: Sienna GA,10-002432 REV-01,10-002432,"Edge Clip,Cable Tie,2-Piece,0.5-2.5mm Panel, Blk",Part,OTS,ATLN,LINE,FALSE,Sienna Corporation,7111,0,0.62,4408.82,0,1,Unrestricted,7111
08-04-2026,Lunar Netsuite,10-002437,10-002437,"Antenna, Taoglas MA283, Right",Part,OTS,JIT - Reno,NS,FALSE,Lunar Energy,37,0,0,0,0,0,Unrestricted,37
08-04-2026,CM: Sienna GA,10-002462 REV-1,10-002462,TVS DIODE 5VWM 8.5VC TSOT26,Electrical Components,OTS,ATLN,MAIN,FALSE,Sienna Corporation,6000,0,0.0704,422.4,0,1,Unrestricted,6000
08-04-2026,Lunar Netsuite,10-002462,10-002462,TVS DIODE 5VWM 8.5VC TSOT26,Electrical Components,OTS,NexGen Digital Inc,NS,FALSE,Lunar Energy,99000,0,0.0704,6969.6,0,0,Unrestricted,99000
08-04-2026,Lunar Netsuite,10-002462,10-002462,TVS DIODE 5VWM 8.5VC TSOT26,Electrical Components,OTS,JIT - Reno,NS,FALSE,Lunar Energy,12000,0,0.0704,844.8,0,0,Unrestricted,12000
08-04-2026,CM: Sienna GA,10-002462 REV-1,10-002462,TVS DIODE 5VWM 8.5VC TSOT26,Electrical Components,OTS,ATLN,LINE,FALSE,Sienna Corporation,1732,0,0.0704,121.9328,0,1,Unrestricted,1732
08-04-2026,CM: Sienna GA,10-002463 REV-1,10-002463,LTE Cat M1 Cat Nb2 EGPRS Module,Electrical Components,OTS,ATLN,MAIN,FALSE,Sienna Corporation,750,0,7.95,5962.5,0,1,Unrestricted,750
08-04-2026,CM: Sienna GA,10-002463 REV-1,10-002463,LTE Cat M1 Cat Nb2 EGPRS Module,Electrical Components,OTS,ATLN,LINE,FALSE,Sienna Corporation,98,0,7.95,779.1,0,1,Unrestricted,98
08-04-2026,CM: Sienna GA,C10-002463 REV-1,10-002463,LTE Cat M1 Cat Nb2 EGPRS Module,Electrical Components,OTS,ATLN,WT21,TRUE,Lunar Energy,500,0,0,0,0,1,Unrestricted,500
08-04-2026,Lunar Netsuite,10-002463,10-002463,LTE Cat M1 Cat Nb2 EGPRS Module,Electrical Components,OTS,Sienna Corporation - GA,NS,FALSE,Lunar Energy,750,0,7.12,5340,0,0,Unrestricted,750
08-04-2026,CM: Sienna GA,C10-002463 REV-1,10-002463,LTE Cat M1 Cat Nb2 EGPRS Module,Electrical Components,OTS,ATLN,WR63,TRUE,Lunar Energy,250,0,0,0,0,1,Unrestricted,250
08-04-2026,CM: Sienna GA,10-002464 REV-1,10-002464,IC TRANSCEIVER FULL 1/1 48TQFP,Electrical Components,OTS,ATLN,MAIN,FALSE,Sienna Corporation,2000,0,2.65,5300,0,1,Unrestricted,2000
08-04-2026,Lunar Netsuite,10-002464,10-002464,IC TRANSCEIVER FULL 1/1 48TQFP,Electrical Components,OTS,Sienna Corporation - GA,NS,FALSE,Lunar Energy,999,0,2.42,2417.58,0,0,Unrestricted,999
08-04-2026,CM: Sienna GA,C10-002464 REV-1,10-002464,IC TRANSCEIVER FULL 1/1 48TQFP,Electrical Components,OTS,ATLN,WBRK,TRUE,Lunar Energy,999,0,0,0,0,1,Unrestricted,999
08-04-2026,CM: Sienna GA,10-002464 REV-1,10-002464,IC TRANSCEIVER FULL 1/1 48TQFP,Electrical Components,OTS,ATLN,LINE,FALSE,Sienna Corporation,820,0,2.65,2173,0,1,Unrestricted,820
08-04-2026,CM: Sienna GA,10-002465 REV-1,10-002465,IC REG LINEAR 1.8V 1A 8SOIC,Electrical Components,OTS,ATLN,MAIN,FALSE,Sienna Corporation,2850,0,0.795,2265.75,0,1,Unrestricted,2850
08-04-2026,CM: Sienna GA,10-002465 REV-1,10-002465,IC REG LINEAR 1.8V 1A 8SOIC,Electrical Components,OTS,ATLN,LINE,FALSE,Sienna Corporation,2756,0,0.795,2191.02,0,1,Unrestricted,2756
08-04-2026,Lunar Netsuite,10-002465,10-002465,IC REG LINEAR 1.8V 1A 8SOIC,Electrical Components,OTS,JIT - Reno,NS,FALSE,Lunar Energy,7695,0,0.6708,5161.806,0,0,Unrestricted,7695
08-04-2026,CM: Sienna GA,10-002469 REV-1,10-002469,USB POWER SWITCHT SOT25T&R3K,Electrical Components,OTS,ATLN,LINE,FALSE,Sienna Corporation,1793,0,0.0862,154.5566,0,1,Unrestricted,1793
08-04-2026,Lunar Netsuite,10-002469,10-002469,USB POWER SWITCHT SOT25T&R3K,Electrical Components,OTS,NexGen Digital Inc,NS,FALSE,Lunar Energy,20557,0,0.0948,1948.8036,0,0,Unrestricted,20557
08-04-2026,CM: Sienna GA,10-002470 REV-1,10-002470,FLASH - NAND (MLC) Memory IC 8Gb (512M x 16) eMMC 153-LFBGA (11.5x13),Electrical Components,OTS,ATLN,MAIN,FALSE,Sienna Corporation,3,0,3.94,11.82,0,1,Unrestricted,3
08-04-2026,Lunar Netsuite,10-002470,10-002470,FLASH - NAND (MLC) Memory IC 8Gb (512M x 16) eMMC 153-LFBGA (11.5x13),Electrical Components,OTS,Avnet,NS,FALSE,Lunar Energy,110,0,3.94,433.4,0,0,Unrestricted,110
08-04-2026,CM: Sienna GA,10-002471 REV-1,10-002471,RX TXRX MOD WIFI SURFACE MOUNT,Electrical Components,OTS,ATLN,MAIN,FALSE,Sienna Corporation,1000,0,9.17,9170,0,1,Unrestricted,1000
08-04-2026,CM: Sienna GA,10-002471 REV-1,10-002471,RX TXRX MOD WIFI SURFACE MOUNT,Electrical Components,OTS,ATLN,LINE,FALSE,Sienna Corporation,756,0,9.17,6932.52,0,1,Unrestricted,756
08-04-2026,CM: Sienna GA,C10-002472 REV-1,10-002472,IC REG BUCK ADJUSTABLE 3A 8SO,Electrical Components,OTS,ATLN,WBRK,TRUE,Lunar Energy,7430,0,0,0,0,1,Unrestricted,7430
08-04-2026,Lunar Netsuite,10-002472,10-002472,IC REG BUCK ADJUSTABLE 3A 8SO,Electrical Components,OTS,CA - Ravendale,NS,FALSE,Lunar Energy,2430,0,0.2097,509.571,0,0,Unrestricted,2430
08-04-2026,Lunar Netsuite,10-002472,10-002472,IC REG BUCK ADJUSTABLE 3A 8SO,Electrical Components,OTS,Avnet,NS,FALSE,Lunar Energy,32500,0,0.2097,6815.25,0,0,Unrestricted,32500
08-04-2026,CM: Sienna GA,10-002472 REV-1,10-002472,IC REG BUCK ADJUSTABLE 3A 8SO,Electrical Components,OTS,ATLN,LINE,FALSE,Sienna Corporation,1604,0,0.207,332.028,0,1,Unrestricted,1604
08-04-2026,Lunar Netsuite,10-002472,10-002472,IC REG BUCK ADJUSTABLE 3A 8SO,Electrical Components,OTS,Sienna Corporation - GA,NS,FALSE,Lunar Energy,7430,0,0.21,1560.3,0,0,Unrestricted,7430
08-04-2026,CM: Sienna GA,10-002472 REV-1,10-002472,IC REG BUCK ADJUSTABLE 3A 8SO,Electrical Components,OTS,ATLN,MAIN,FALSE,Sienna Corporation,19998,0,0.207,4139.586,0,1,Unrestricted,19998
08-04-2026,Lunar Netsuite,10-002475,10-002475,CAP CER 5600PF 50V X7R 0402,Electrical Components,OTS,JIT - Reno,NS,FALSE,Lunar Energy,30000,0,0.0037,111,0,0,Unrestricted,30000
08-04-2026,CM: Sienna GA,10-002475 REV-1,10-002475,CAP CER 5600PF 50V X7R 0402,Electrical Components,OTS,ATLN,MAIN,FALSE,Sienna Corporation,20474,0,0.0037,75.7538,0,1,Unrestricted,20474
08-04-2026,CM: Sienna GA,10-002475 REV-1,10-002475,CAP CER 5600PF 50V X7R 0402,Electrical Components,OTS,ATLN,LINE,FALSE,Sienna Corporation,3639,0,0.0037,13.4643,0,1,Unrestricted,3639
08-04-2026,CM: Sienna GA,10-002481 REV-1,10-002481,IC PWR SUPPLY SEQUENCER SOT23-6,Electrical Components,OTS,ATLN,RIQC,FALSE,Sienna Corporation,1000,0,0.49,490,0,1,Unrestricted,1000
08-04-2026,Lunar Netsuite,10-002481,10-002481,IC PWR SUPPLY SEQUENCER SOT23-6,Electrical Components,OTS,NexGen Digital Inc,NS,FALSE,Lunar Energy,92798,0,0.5009,46482.5182,0,0,Unrestricted,92798
08-04-2026,CM: Sienna GA,10-002481 REV-1,10-002481,IC PWR SUPPLY SEQUENCER SOT23-6,Electrical Components,OTS,ATLN,LINE,FALSE,Sienna Corporation,782,0,0.49,383.18,0,1,Unrestricted,782
08-04-2026,Lunar Netsuite,10-002481,10-002481,IC PWR SUPPLY SEQUENCER SOT23-6,Electrical Components,OTS,JIT - Reno,NS,FALSE,Lunar Energy,14000,0,0.5009,7012.6,0,0,Unrestricted,14000
08-04-2026,CM: Sienna GA,10-002481 REV-1,10-002481,IC PWR SUPPLY SEQUENCER SOT23-6,Electrical Components,OTS,ATLN,MAIN,FALSE,Sienna Corporation,3010,0,0.49,1474.9,0,1,Unrestricted,3010
08-04-2026,CM: Sienna GA,10-002485 REV-1,10-002485,IC BUF NON-INVERT 5.5V SOT23-5,Electrical Components,OTS,ATLN,RIQC,FALSE,Sienna Corporation,500,0,0.209,104.5,0,1,Unrestricted,500
08-04-2026,CM: Sienna GA,10-002485 REV-1,10-002485,IC BUF NON-INVERT 5.5V SOT23-5,Electrical Components,OTS,ATLN,PAMS,FALSE,Sienna Corporation,1000,0,0.209,209,0,1,Unrestricted,1000
08-04-2026,Lunar Netsuite,10-002485,10-002485,IC BUF NON-INVERT 5.5V SOT23-5,Electrical Components,OTS,JIT - Reno,NS,FALSE,Lunar Energy,17000,0,0.2584,4392.8,0,0,Unrestricted,15000
08-04-2026,CM: Sienna GA,C10-002485 REV-1,10-002485,IC BUF NON-INVERT 5.5V SOT23-5,Electrical Components,OTS,ATLN,WR21,TRUE,Lunar Energy,2000,0,0,0,0,1,Unrestricted,2000
08-04-2026,Lunar Netsuite,10-002485,10-002485,IC BUF NON-INVERT 5.5V SOT23-5,Electrical Components,OTS,NexGen Digital Inc,NS,FALSE,Lunar Energy,136784,0,0.2584,35344.9856,0,0,Unrestricted,136784
08-04-2026,CM: Sienna GA,10-002485 REV-1,10-002485,IC BUF NON-INVERT 5.5V SOT23-5,Electrical Components,OTS,ATLN,LINE,FALSE,Sienna Corporation,330,0,0.209,68.97,0,1,Unrestricted,330
08-04-2026,Lunar Netsuite,10-002485,10-002485,IC BUF NON-INVERT 5.5V SOT23-5,Electrical Components,OTS,Sienna Corporation - GA,NS,FALSE,Lunar Energy,2000,0,0.2584,516.8,0,0,Unrestricted,0
08-04-2026,Lunar Netsuite,10-002488,10-002488,IC EEPROM 2KBIT I2C 400KHZ 8SOIC,Electrical Components,OTS,JIT - Reno,NS,FALSE,Lunar Energy,9267,0,0.22,2038.74,0,0,Unrestricted,9267
08-04-2026,CM: Sienna GA,10-002488 REV-1,10-002488,IC EEPROM 2KBIT I2C 400KHZ 8SOIC,Electrical Components,OTS,ATLN,LINE,FALSE,Sienna Corporation,2697,0,0.26,701.22,0,1,Unrestricted,2697
08-04-2026,CM: Sienna GA,10-002488 REV-1,10-002488,IC EEPROM 2KBIT I2C 400KHZ 8SOIC,Electrical Components,OTS,ATLN,MAIN,FALSE,Sienna Corporation,3339,0,0.26,868.14,0,1,Unrestricted,3339
08-04-2026,CM: Sienna GA,10-002491 REV-1,10-002491,IC TRNSLTR BIDIRECTIONAL 20TSSOP AEC-Q100,Electrical Components,OTS,ATLN,LINE,FALSE,Sienna Corporation,817,0,0.536,437.912,0,1,Unrestricted,817
08-04-2026,CM: Sienna GA,10-002491 REV-1,10-002491,IC TRNSLTR BIDIRECTIONAL 20TSSOP AEC-Q100,Electrical Components,OTS,ATLN,RIQC,FALSE,Sienna Corporation,8000,0,0.536,4288,0,1,Unrestricted,8000
08-04-2026,CM: Sienna GA,10-002491 REV-1,10-002491,IC TRNSLTR BIDIRECTIONAL 20TSSOP AEC-Q100,Electrical Components,OTS,ATLN,MAIN,FALSE,Sienna Corporation,71,0,0.536,38.056,0,1,Unrestricted,71
08-04-2026,CM: Sienna GA,10-002492 REV-1,10-002492,XTAL OSC XO 24.0000MHZ HCMOS SMD,Electrical Components,OTS,ATLN,LINE,FALSE,Sienna Corporation,900,0,0.595,535.5,0,1,Unrestricted,900
08-04-2026,Lunar Netsuite,10-002492,10-002492,XTAL OSC XO 24.0000MHZ HCMOS SMD,Electrical Components,OTS,JIT - Reno,NS,FALSE,Lunar Energy,10000,0,0.48,4800,0,0,Unrestricted,10000
08-04-2026,Lunar Netsuite,10-002492,10-002492,XTAL OSC XO 24.0000MHZ HCMOS SMD,Electrical Components,OTS,Avnet,NS,FALSE,Lunar Energy,1000,0,0.48,480,0,0,Unrestricted,1000
08-04-2026,CM: Sienna GA,10-002492 REV-1,10-002492,XTAL OSC XO 24.0000MHZ HCMOS SMD,Electrical Components,OTS,ATLN,RIQC,FALSE,Sienna Corporation,6000,0,0.595,3570,0,1,Unrestricted,6000
08-04-2026,Lunar Netsuite,10-002493,10-002493,XTAL OSC XO 32.768KHZ SMD,Electrical Components,OTS,Avnet,NS,FALSE,Lunar Energy,3000,0,0.468,1404,0,0,Unrestricted,3000
08-04-2026,Lunar Netsuite,10-002493,10-002493,XTAL OSC XO 32.768KHZ SMD,Electrical Components,OTS,JIT - Reno,NS,FALSE,Lunar Energy,7000,0,0.468,3276,0,0,Unrestricted,7000
08-04-2026,CM: Sienna GA,10-002493 REV-1,10-002493,XTAL OSC XO 32.768KHZ SMD,Electrical Components,OTS,ATLN,LINE,FALSE,Sienna Corporation,822,0,0.468,384.696,0,1,Unrestricted,822
08-04-2026,CM: Sienna GA,10-002494 REV-1,10-002494,XTAL OSC XO 50.0000MHZ CMOS SMD,Electrical Components,OTS,ATLN,MAIN,FALSE,Sienna Corporation,5243,0,0.625,3276.875,0,1,Unrestricted,5243
08-04-2026,CM: Sienna GA,10-002494 REV-1,10-002494,XTAL OSC XO 50.0000MHZ CMOS SMD,Electrical Components,OTS,ATLN,LINE,FALSE,Sienna Corporation,1988,0,0.625,1242.5,0,1,Unrestricted,1988
08-04-2026,Lunar Netsuite,10-002494,10-002494,XTAL OSC XO 50.0000MHZ CMOS SMD,Electrical Components,OTS,JIT - Reno,NS,FALSE,Lunar Energy,2000,0,0.7148,1429.6,0,0,Unrestricted,2000
08-04-2026,Lunar Netsuite,10-002494,10-002494,XTAL OSC XO 50.0000MHZ CMOS SMD,Electrical Components,OTS,Avnet,NS,FALSE,Lunar Energy,6000,0,0.625,3750,0,0,Unrestricted,6000
08-04-2026,Lunar Netsuite,10-002495,10-002495,"32.768 kHz ±20ppm Crystal 9pF 90 kOhms 2-SMD, No Lead",Electrical Components,OTS,JIT - Reno,NS,FALSE,Lunar Energy,12000,0,0.28,3360,0,0,Unrestricted,12000
08-04-2026,CM: Sienna GA,10-002495 REV-1,10-002495,"32.768 kHz ±20ppm Crystal 9pF 90 kOhms 2-SMD, No Lead",Electrical Components,OTS,ATLN,MAIN,FALSE,Sienna Corporation,3399,0,0.559,1900.041,0,1,Unrestricted,3399
08-04-2026,CM: Sienna GA,10-002495 REV-1,10-002495,"32.768 kHz ±20ppm Crystal 9pF 90 kOhms 2-SMD, No Lead",Electrical Components,OTS,ATLN,LINE,FALSE,Sienna Corporation,1795,0,0.559,1003.405,0,1,Unrestricted,1795
08-04-2026,Lunar Netsuite,10-002495,10-002495,"32.768 kHz ±20ppm Crystal 9pF 90 kOhms 2-SMD, No Lead",Electrical Components,OTS,NexGen Digital Inc,NS,FALSE,Lunar Energy,3000,0,0.28,840,0,0,Unrestricted,3000
08-04-2026,CM: Sienna GA,10-002495 REV-1,10-002495,"32.768 kHz ±20ppm Crystal 9pF 90 kOhms 2-SMD, No Lead",Electrical Components,OTS,ATLN,PAMS,FALSE,Sienna Corporation,3000,0,0.559,1677,0,1,Unrestricted,3000
08-04-2026,CM: Sienna GA,10-002498 REV-1,10-002498,Secure Authenticator 8-TDFN-EP (2x2),Electrical Components,OTS,ATLN,LINE,FALSE,Sienna Corporation,1535,0,0.647,993.145,0,1,Unrestricted,1535
08-04-2026,Lunar Netsuite,10-002498,10-002498,Secure Authenticator 8-TDFN-EP (2x2),Electrical Components,OTS,JIT - Reno,NS,FALSE,Lunar Energy,12500,0,0.61,7625,0,0,Unrestricted,12500
08-04-2026,CM: Sienna GA,10-002498 REV-1,10-002498,Secure Authenticator 8-TDFN-EP (2x2),Electrical Components,OTS,ATLN,MAIN,FALSE,Sienna Corporation,1308,0,0.647,846.276,0,1,Unrestricted,1308
08-04-2026,Lunar Netsuite,10-002500,10-002500,RES 4.32K OHM 1% 1/16W 0402,Electrical Components,OTS,Sienna Corporation - GA,NS,FALSE,Lunar Energy,10000,0,0.001,10,0,0,Unrestricted,0
08-04-2026,CM: Sienna GA,C10-002500 REV-1,10-002500,RES 4.32K OHM 1% 1/16W 0402,Electrical Components,OTS,ATLN,WR33,TRUE,Lunar Energy,10000,0,0,0,0,1,Unrestricted,10000
08-04-2026,CM: Sienna GA,10-002500 REV-1,10-002500,RES 4.32K OHM 1% 1/16W 0402,Electrical Components,OTS,ATLN,LINE,FALSE,Sienna Corporation,15422,0,0.001,15.422,0,1,Unrestricted,15422
08-04-2026,CM: Qualitel WA,814L-10-002501,10-002501,"10 kOhms ±1% 0.1W, 1/10W Chip Resistor 0402 (1005 Metric) Automotive AEC-Q200",Electrical Components,OTS,"Seattle, WA",Stock,FALSE,Qualitel,250,0,0.02,5,0,0,Unrestricted,250
08-04-2026,CM: Sienna GA,10-002502 REV-1,10-002502,RES 1.91K OHM 1% 1/16W 0402,Electrical Components,OTS,ATLN,LINE,FALSE,Sienna Corporation,2569,0,0.0012,3.0828,0,1,Unrestricted,2569
08-04-2026,CM: Sienna GA,10-002502 REV-1,10-002502,RES 1.91K OHM 1% 1/16W 0402,Electrical Components,OTS,ATLN,MAIN,FALSE,Sienna Corporation,10000,0,0.0012,12,0,1,Unrestricted,10000
08-04-2026,Lunar Netsuite,10-002502,10-002502,RES 1.91K OHM 1% 1/16W 0402,Electrical Components,OTS,JIT - Reno,NS,FALSE,Lunar Energy,20000,0,0.0012,24,0,0,Unrestricted,20000
08-04-2026,CM: Sienna GA,10-002503 REV-1,10-002503,RES 6.49K OHM 1% 1/16W 0402,Electrical Components,OTS,ATLN,LINE,FALSE,Sienna Corporation,8396,0,0.0009,7.5564,0,1,Unrestricted,8396
08-04-2026,Lunar Netsuite,10-002503,10-002503,RES 6.49K OHM 1% 1/16W 0402,Electrical Components,OTS,JIT - Reno,NS,FALSE,Lunar Energy,40000,0,0.0009,36,0,0,Unrestricted,40000
08-04-2026,CM: Sienna GA,10-002503 REV-1,10-002503,RES 6.49K OHM 1% 1/16W 0402,Electrical Components,OTS,ATLN,MAIN,FALSE,Sienna Corporation,20000,0,0.0009,18,0,1,Unrestricted,20000
08-04-2026,CM: Sienna GA,10-002503 REV-1,10-002503,RES 6.49K OHM 1% 1/16W 0402,Electrical Components,OTS,ATLN,RIQC,FALSE,Sienna Corporation,10000,0,0.0009,9,0,1,Unrestricted,10000
08-04-2026,CM: Sienna GA,10-002504 REV-1,10-002504,RES 44.2K OHM 1% 1/16W 0402,Electrical Components,OTS,ATLN,LINE,FALSE,Sienna Corporation,2595,0,0.0012,3.114,0,1,Unrestricted,2595
08-04-2026,CM: Sienna GA,10-002504 REV-1,10-002504,RES 44.2K OHM 1% 1/16W 0402,Electrical Components,OTS,ATLN,MAIN,FALSE,Sienna Corporation,10000,0,0.0012,12,0,1,Unrestricted,10000
08-04-2026,Lunar Netsuite,10-002504,10-002504,RES 44.2K OHM 1% 1/16W 0402,Electrical Components,OTS,NexGen Digital Inc,NS,FALSE,Lunar Energy,1700000,0,0.0012,2040,0,0,Unrestricted,1700000
08-04-2026,Lunar Netsuite,10-002504,10-002504,RES 44.2K OHM 1% 1/16W 0402,Electrical Components,OTS,JIT - Reno,NS,FALSE,Lunar Energy,20000,0,0.0012,24,0,0,Unrestricted,20000
08-04-2026,Lunar Netsuite,10-002505,10-002505,RES 26.1K OHM 1% 1/16W 0402,Electrical Components,OTS,JIT - Reno,NS,FALSE,Lunar Energy,20000,0,0.0009,18,0,0,Unrestricted,20000
08-04-2026,CM: Sienna GA,10-002505 REV-1,10-002505,RES 26.1K OHM 1% 1/16W 0402,Electrical Components,OTS,ATLN,MAIN,FALSE,Sienna Corporation,10000,0,0.0009,9,0,1,Unrestricted,10000
08-04-2026,CM: Sienna GA,10-002505 REV-1,10-002505,RES 26.1K OHM 1% 1/16W 0402,Electrical Components,OTS,ATLN,LINE,FALSE,Sienna Corporation,2555,0,0.0009,2.2995,0,1,Unrestricted,2555
08-04-2026,CM: Sienna GA,10-002506 REV-1,10-002506,IC DRAM 4GBIT PARALLEL 96FBGA,Electrical Components,OTS,ATLN,MAIN,FALSE,Sienna Corporation,2090,0,6.498,13580.82,0,1,Unrestricted,2090
08-04-2026,CM: Sienna GA,10-002506 REV-1,10-002506,IC DRAM 4GBIT PARALLEL 96FBGA,Electrical Components,OTS,ATLN,LINE,FALSE,Sienna Corporation,167,0,6.498,1085.166,0,1,Unrestricted,167
08-04-2026,CM: Sienna GA,10-002507 REV-1,10-002507,RES 240 OHM 1% 1/16W 0402,Electrical Components,OTS,ATLN,MAIN,FALSE,Sienna Corporation,10000,0,0.0009,9,0,1,Unrestricted,10000
08-04-2026,CM: Sienna GA,C10-002507 REV-1,10-002507,RES 240 OHM 1% 1/16W 0402,Electrical Components,OTS,ATLN,WR33,TRUE,Lunar Energy,10000,0,0,0,0,1,Unrestricted,10000
08-04-2026,Lunar Netsuite,10-002507,10-002507,RES 240 OHM 1% 1/16W 0402,Electrical Components,OTS,JIT - Reno,NS,FALSE,Lunar Energy,10000,0,0.001,10,0,0,Unrestricted,10000
08-04-2026,CM: Sienna GA,10-002507 REV-1,10-002507,RES 240 OHM 1% 1/16W 0402,Electrical Components,OTS,ATLN,LINE,FALSE,Sienna Corporation,2586,0,0.0009,2.3274,0,1,Unrestricted,2586
08-04-2026,CM: Qualitel WA,814L-10-002507,10-002507,RES 240 OHM 1% 1/16W 0402,Electrical Components,OTS,"Seattle, WA",Stock,FALSE,Qualitel,7468,0,0.0008,5.9744,0,0,Unrestricted,7468
08-04-2026,Lunar Netsuite,10-002507,10-002507,RES 240 OHM 1% 1/16W 0402,Electrical Components,OTS,Sienna Corporation - GA,NS,FALSE,Lunar Energy,10000,0,0.001,10,0,0,Unrestricted,0
08-04-2026,CM: Sienna GA,10-002508 REV-1,10-002508,SWITCH TACTILE SPST-NO 0.05A 32V,Electrical Components,OTS,ATLN,MAIN,FALSE,Sienna Corporation,8550,0,0.259,2214.45,0,1,Unrestricted,8550
08-04-2026,CM: Sienna GA,10-002508 REV-1,10-002508,SWITCH TACTILE SPST-NO 0.05A 32V,Electrical Components,OTS,ATLN,LINE,FALSE,Sienna Corporation,3682,0,0.259,953.638,0,1,Unrestricted,3682
08-04-2026,Lunar Netsuite,10-002513,10-002513,"Fuse,Class T,200 A",Electrical Components,OTS,JIT - Reno,NS,FALSE,Lunar Energy,1500,0,29.91,44865,0,0,Unrestricted,1500
08-04-2026,CM: Sienna GA,10-002529 REV-1,10-002529,FERRITE BEAD 220 OHM 1206 1LN,Electrical Components,OTS,ATLN,LINE,FALSE,Sienna Corporation,1683,0,0.0574,96.6042,0,1,Unrestricted,1683
08-04-2026,Lunar Netsuite,10-002529,10-002529,FERRITE BEAD 220 OHM 1206 1LN,Electrical Components,OTS,JIT - Reno,NS,FALSE,Lunar Energy,8000,0,0.0574,459.2,0,0,Unrestricted,6000
08-04-2026,CM: Sienna GA,10-002532 REV-01,10-002532,CAP CER 0.1UF 10V X7S 0201,Electrical Components,OTS,ATLN,MAIN,FALSE,Sienna Corporation,255000,0,0.0047,1198.5,0,1,Unrestricted,255000
08-04-2026,CM: Sienna GA,10-002532 REV-01,10-002532,CAP CER 0.1UF 10V X7S 0201,Electrical Components,OTS,ATLN,LINE,FALSE,Sienna Corporation,66518,0,0.0047,312.6346,0,1,Unrestricted,66518
08-04-2026,CM: Sienna GA,10-002548 REV-01,10-002548,"Nano-Fit Terminal Position Assurance (TPA) Retainer, 2.50mm Pitch, 3 Circuits, Natural",Part,OTS,ATLN,LINE,FALSE,Sienna Corporation,757,0,0.05,37.85,0,1,Unrestricted,757
08-04-2026,CM: Sienna GA,10-002548 REV-01,10-002548,"Nano-Fit Terminal Position Assurance (TPA) Retainer, 2.50mm Pitch, 3 Circuits, Natural",Part,OTS,ATLN,RIQC,FALSE,Sienna Corporation,625,0,0.05,31.25,0,1,Unrestricted,625
08-04-2026,CM: Sienna GA,10-002579 REV-09,10-002579,"Offset Mounting Bracket, Wall, Bridge",Part,MTS,ATLN,RR45,FALSE,Sienna Corporation,10,0,2.16,21.6,0,9,Unrestricted,10
08-04-2026,CM: Sienna GA,10-002579 REV-09,10-002579,"Offset Mounting Bracket, Wall, Bridge",Part,MTS,ATLN,RSA4,FALSE,Sienna Corporation,5,0,2.16,10.8,0,9,Unrestricted,5
08-04-2026,CM: Sienna GA,10-002579 REV-09,10-002579,"Offset Mounting Bracket, Wall, Bridge",Part,MTS,ATLN,RRB3,FALSE,Sienna Corporation,48,0,2.16,103.68,0,9,Unrestricted,48
08-04-2026,CM: Sienna GA,10-002579 REV-09,10-002579,"Offset Mounting Bracket, Wall, Bridge",Part,MTS,ATLN,RS85,FALSE,Sienna Corporation,89,0,2.16,192.24,0,9,Unrestricted,89
08-04-2026,CM: Sienna GA,10-002579 REV-09,10-002579,"Offset Mounting Bracket, Wall, Bridge",Part,MTS,ATLN,RR66,FALSE,Sienna Corporation,48,0,2.16,103.68,0,9,Unrestricted,48
08-04-2026,CM: Sienna GA,10-002579 REV-09,10-002579,"Offset Mounting Bracket, Wall, Bridge",Part,MTS,ATLN,RR65,FALSE,Sienna Corporation,48,0,2.16,103.68,0,9,Unrestricted,48
08-04-2026,CM: Sienna GA,10-002579 REV-09,10-002579,"Offset Mounting Bracket, Wall, Bridge",Part,MTS,ATLN,RIQC,FALSE,Sienna Corporation,182,0,2.16,393.12,0,9,Unrestricted,182
08-04-2026,CM: Sienna GA,10-002579 REV-09,10-002579,"Offset Mounting Bracket, Wall, Bridge",Part,MTS,ATLN,RJ26,FALSE,Sienna Corporation,5,0,2.16,10.8,0,9,Unrestricted,5
08-04-2026,CM: Sienna GA,10-002579 REV-09,10-002579,"Offset Mounting Bracket, Wall, Bridge",Part,MTS,ATLN,RR76,FALSE,Sienna Corporation,48,0,2.16,103.68,0,9,Unrestricted,48
08-04-2026,CM: Sienna GA,10-002579 REV-09,10-002579,"Offset Mounting Bracket, Wall, Bridge",Part,MTS,ATLN,RR64,FALSE,Sienna Corporation,48,0,2.16,103.68,0,9,Unrestricted,48
08-04-2026,CM: Sienna GA,10-002579 REV-09,10-002579,"Offset Mounting Bracket, Wall, Bridge",Part,MTS,ATLN,RRB4,FALSE,Sienna Corporation,48,0,2.16,103.68,0,9,Unrestricted,48
08-04-2026,CM: Sienna GA,10-002579 REV-09,10-002579,"Offset Mounting Bracket, Wall, Bridge",Part,MTS,ATLN,RR95,FALSE,Sienna Corporation,48,0,2.16,103.68,0,9,Unrestricted,48
08-04-2026,Lunar Netsuite,10-002579,10-002579,"Offset Mounting Bracket, Wall, Bridge",Part,MTS,JIT - Reno,NS,FALSE,Lunar Energy,6,0,3.2883,19.7298,0,0,Unrestricted,6
08-04-2026,CM: Sienna GA,C10-002588 REV-1,10-002588,RES 0 OHM JUMPER 1/20W 0201,Electrical Components,OTS,ATLN,WT81,TRUE,Lunar Energy,10000,0,0,0,0,1,Unrestricted,10000
08-04-2026,CM: Sienna GA,C10-002588 REV-1,10-002588,RES 0 OHM JUMPER 1/20W 0201,Electrical Components,OTS,ATLN,WR42,TRUE,Lunar Energy,10000,0,0,0,0,1,Unrestricted,10000
08-04-2026,Lunar Netsuite,10-002588,10-002588,RES 0 OHM JUMPER 1/20W 0201,Electrical Components,OTS,Sienna Corporation - GA,NS,FALSE,Lunar Energy,20000,0,0.0011,22,0,0,Unrestricted,0
08-04-2026,Lunar Netsuite,10-002588,10-002588,RES 0 OHM JUMPER 1/20W 0201,Electrical Components,OTS,NexGen Digital Inc,NS,FALSE,Lunar Energy,60000,0,0.0011,66,0,0,Unrestricted,60000
08-04-2026,CM: Sienna GA,10-002588 REV-1,10-002588,RES 0 OHM JUMPER 1/20W 0201,Electrical Components,OTS,ATLN,MAIN,FALSE,Sienna Corporation,10000,0,0.0011,11,0,1,Unrestricted,10000
08-04-2026,CM: Sienna GA,10-002588 REV-1,10-002588,RES 0 OHM JUMPER 1/20W 0201,Electrical Components,OTS,ATLN,LINE,FALSE,Sienna Corporation,16202,0,0.0011,17.8222,0,1,Unrestricted,16202
08-04-2026,CM: Sienna GA,10-002590 REV-05,10-002590,"Insulator, Load Tray, Bridge",Part,MTS,ATLN,RR18,FALSE,Sienna Corporation,2800,0,0.14,392,0,5,Unrestricted,2800
08-04-2026,CM: Sienna GA,10-002590 REV-05,10-002590,"Insulator, Load Tray, Bridge",Part,MTS,ATLN,LINE,FALSE,Sienna Corporation,122,0,0.14,17.08,0,5,Unrestricted,122
08-04-2026,CM: Sienna GA,C10-002591 REV-01,10-002591,DIODE ZENER 5.23V 960MW DO219AC,Electrical Components,OTS,ATLN,RECV,TRUE,Lunar Energy,0,0,0,0,0,1,Unrestricted,0
08-04-2026,CM: Sienna GA,10-002591 REV-01,10-002591,DIODE ZENER 5.23V 960MW DO219AC,Electrical Components,OTS,ATLN,MAIN,FALSE,Sienna Corporation,1975,0,0,0,0,1,Unrestricted,1975
08-04-2026,CM: Sienna GA,10-002592 REV-02,10-002592,"CONN, PLUG SOCKET, SEALED COAX, 4POS, W2W, TE",Part,OTS,ATLN,INRE,FALSE,Sienna Corporation,283,0,3.6,1018.8,0,2,Unrestricted,283
08-04-2026,Lunar Netsuite,10-002592,10-002592,"CONN, PLUG SOCKET, SEALED COAX, 4POS, W2W, TE",Part,OTS,Taoglas,NS,FALSE,Lunar Energy,540,0,1.9,1026,0,0,Unrestricted,540
08-04-2026,CM: Sienna GA,10-002592 REV-02,10-002592,"CONN, PLUG SOCKET, SEALED COAX, 4POS, W2W, TE",Part,OTS,ATLN,RIQC,FALSE,Sienna Corporation,327,0,3.6,1177.2,0,2,Unrestricted,327
08-04-2026,CM: Sienna GA,10-002592 REV-02,10-002592,"CONN, PLUG SOCKET, SEALED COAX, 4POS, W2W, TE",Part,OTS,ATLN,MAIN,FALSE,Sienna Corporation,1156,0,3.6,4161.6,0,2,Unrestricted,1156
08-04-2026,Lunar Netsuite,10-002592,10-002592,"CONN, PLUG SOCKET, SEALED COAX, 4POS, W2W, TE",Part,OTS,JIT - Reno,NS,FALSE,Lunar Energy,6035,0,1.9,11466.5,0,0,Unrestricted,6035
08-04-2026,Lunar Netsuite,10-002593,10-002593,"CONTACT, CENTER SOCKET, MATE-AX, RTK 031, TE",Part,OTS,Taoglas,NS,FALSE,Lunar Energy,30000,0,0.115,3450,0,0,Unrestricted,30000
08-04-2026,Lunar Netsuite,10-002594,10-002594,"CONTACT, OUTER SOCKET, MATE-AX, RTK 031, TE",Part,OTS,Taoglas,NS,FALSE,Lunar Energy,4565,0,0.5097,2326.7805,0,0,Unrestricted,4565
08-04-2026,CM: Sienna GA,10-002595 REV-02,10-002595,"Cavity Blanking Plug, PBT, Yellow, -40 – 125 °C, Ampseal 16, TE",Part,OTS,ATLN,LINE,FALSE,Sienna Corporation,4497,0,0.2,899.4,0,2,Unrestricted,4497
08-04-2026,Lunar Netsuite,10-002595,10-002595,"Cavity Blanking Plug, PBT, Yellow, -40 – 125 °C, Ampseal 16, TE",Part,OTS,Taoglas,NS,FALSE,Lunar Energy,1502,0,0.3009,451.9518,0,0,Unrestricted,1502
08-04-2026,CM: Sienna GA,10-002595 REV-02,10-002595,"Cavity Blanking Plug, PBT, Yellow, -40 – 125 °C, Ampseal 16, TE",Part,OTS,ATLN,MAIN,FALSE,Sienna Corporation,11755,0,0.2,2351,0,2,Unrestricted,11755
08-04-2026,CM: Sienna GA,10-002595 REV-02,10-002595,"Cavity Blanking Plug, PBT, Yellow, -40 – 125 °C, Ampseal 16, TE",Part,OTS,ATLN,LPAC,FALSE,Sienna Corporation,3545,0,0.2,709,0,2,Unrestricted,3545
08-04-2026,Lunar Netsuite,10-002597,10-002597,"CONTACT, CRIMP FERRULE, MATE-AX, RTK 031, TE",Part,OTS,Taoglas,NS,FALSE,Lunar Energy,3267,0,0.0772,252.2124,0,0,Unrestricted,3267
08-04-2026,CM: Sienna GA,10-002599 REV-04,10-002599,"Standoff, Wire Lug, S1/S2, Bridge",Part,MTS,ATLN,LINE,FALSE,Sienna Corporation,2372,0,0.4809,1140.6948,0,4,Unrestricted,2372
08-04-2026,CM: Sienna GA,10-002599 REV-04,10-002599,"Standoff, Wire Lug, S1/S2, Bridge",Part,MTS,ATLN,RK42,FALSE,Sienna Corporation,340,0,0.4809,163.506,0,4,Unrestricted,340
08-04-2026,CM: Qualitel WA,814L-10-002602,10-002602,CAP CER 10UF 10V X7R 0603,Electrical Components,OTS,"Seattle, WA",Stock,FALSE,Qualitel,13757,0,0.0229,315.0353,0,0,Unrestricted,13757
08-04-2026,CM: Sienna GA,10-002602 REV-1,10-002602,CAP CER 10UF 10V X7R 0603,Electrical Components,OTS,ATLN,MAIN,FALSE,Sienna Corporation,64000,0,0.0354,2265.6,0,1,Unrestricted,64000
08-04-2026,Lunar Netsuite,10-002602,10-002602,CAP CER 10UF 10V X7R 0603,Electrical Components,OTS,CA - Ravendale,NS,FALSE,Lunar Energy,40000,0,0.0472,1888,0,0,Unrestricted,40000
08-04-2026,CM: Sienna GA,10-002602 REV-1,10-002602,CAP CER 10UF 10V X7R 0603,Electrical Components,OTS,ATLN,LINE,FALSE,Sienna Corporation,7900,0,0.0354,279.66,0,1,Unrestricted,7900
08-04-2026,CM: Sienna GA,10-002604 REV-02,10-002604,LED GREEN CLEAR CHIP SMD,Electrical Components,OTS,ATLN,PAMS,FALSE,Sienna Corporation,16000,0,0.0402,643.2,0,2,Unrestricted,16000
08-04-2026,CM: Sienna GA,10-002604 REV-02,10-002604,LED GREEN CLEAR CHIP SMD,Electrical Components,OTS,ATLN,LINE,FALSE,Sienna Corporation,2382,0,0.0402,95.7564,0,2,Unrestricted,2382
08-04-2026,CM: Celestica MX,10-0026043MS,10-002604,LED GREEN CLEAR CHIP SMD,Electrical Components,OTS,Monterrey Prod,1000,FALSE,Celestica,-10,0,0.0402,-0.402,0,0,Unrestricted,-10
08-04-2026,CM: Sienna GA,C10-002604 REV-1,10-002604,LED GREEN CLEAR CHIP SMD,Electrical Components,OTS,ATLN,WR34,TRUE,Lunar Energy,32000,0,0,0,0,1,Unrestricted,32000
08-04-2026,CM: Qualitel WA,814L-10-002604,10-002604,LED GREEN CLEAR CHIP SMD,Electrical Components,OTS,"Seattle, WA",Stock,FALSE,Qualitel,40407,0,0.0335,1353.6345,0,0,Unrestricted,40407
08-04-2026,Lunar Netsuite,10-002604,10-002604,LED GREEN CLEAR CHIP SMD,Electrical Components,OTS,Sienna Corporation - GA,NS,FALSE,Lunar Energy,32000,0,0.0402,1286.4,0,0,Unrestricted,28000
08-04-2026,CM: Sienna GA,10-002604 REV-02,10-002604,LED GREEN CLEAR CHIP SMD,Electrical Components,OTS,ATLN,RIQC,FALSE,Sienna Corporation,38000,0,0.0402,1527.6,0,2,Unrestricted,38000
08-04-2026,Lunar Netsuite,10-002604,10-002604,LED GREEN CLEAR CHIP SMD,Electrical Components,OTS,JIT - Reno,NS,FALSE,Lunar Energy,304000,0,0.0402,12220.8,0,0,Unrestricted,280242
08-04-2026,CM: Sienna GA,10-002605 REV-02,10-002605,TVS DIODE 5VWM 12VC SOD323 AEC-Q,Electrical Components,OTS,ATLN,RIQC,FALSE,Sienna Corporation,12000,0,0.038,456,0,2,Unrestricted,12000
08-04-2026,CM: Sienna GA,10-002605 REV-02,10-002605,TVS DIODE 5VWM 12VC SOD323 AEC-Q,Electrical Components,OTS,ATLN,LINE,FALSE,Sienna Corporation,11999,0,0.038,455.962,0,2,Unrestricted,11999
08-04-2026,CM: Qualitel WA,814L-10-002605,10-002605,TVS DIODE 5VWM 12VC SOD323 AEC-Q,Electrical Components,OTS,"Seattle, WA",Stock,FALSE,Qualitel,9500,0,0.0369,350.55,0,0,Unrestricted,9500
08-04-2026,CM: Sienna GA,10-002605 REV-02,10-002605,TVS DIODE 5VWM 12VC SOD323 AEC-Q,Electrical Components,OTS,ATLN,MAIN,FALSE,Sienna Corporation,9000,0,0.038,342,0,2,Unrestricted,9000
08-04-2026,CM: Sienna GA,C10-002607 REV-1,10-002607,TVS DIODE 12VWM 19.9VC SOD123F,Electrical Components,OTS,ATLN,WT81,TRUE,Lunar Energy,6000,0,0,0,0,1,Unrestricted,6000
08-04-2026,CM: Sienna GA,10-002607 REV-1,10-002607,TVS DIODE 12VWM 19.9VC SOD123F,Electrical Components,OTS,ATLN,MAIN,FALSE,Sienna Corporation,6000,0,0.0593,355.8,0,1,Unrestricted,6000
08-04-2026,CM: Sienna GA,10-002607 REV-1,10-002607,TVS DIODE 12VWM 19.9VC SOD123F,Electrical Components,OTS,ATLN,LINE,FALSE,Sienna Corporation,1721,0,0.0593,102.0553,0,1,Unrestricted,1721
08-04-2026,Lunar Netsuite,10-002607,10-002607,TVS DIODE 12VWM 19.9VC SOD123F,Electrical Components,OTS,Sienna Corporation - GA,NS,FALSE,Lunar Energy,6000,0,0.0719,431.4,0,0,Unrestricted,0
08-04-2026,Lunar Netsuite,10-002607,10-002607,TVS DIODE 12VWM 19.9VC SOD123F,Electrical Components,OTS,NexGen Digital Inc,NS,FALSE,Lunar Energy,36000,0,0.0719,2588.4,0,0,Unrestricted,36000
08-04-2026,Lunar Netsuite,10-002607,10-002607,TVS DIODE 12VWM 19.9VC SOD123F,Electrical Components,OTS,JIT - Reno,NS,FALSE,Lunar Energy,6000,0,0.0719,431.4,0,0,Unrestricted,6000
08-04-2026,CM: Sienna GA,10-002608 REV-1,10-002608,CONN HEADER SMD 14POS 2.5MM,Electrical Components,OTS,ATLN,MAIN,FALSE,Sienna Corporation,2400,0,1.08,2592,0,1,Unrestricted,2400
08-04-2026,CM: Sienna GA,10-002608 REV-1,10-002608,CONN HEADER SMD 14POS 2.5MM,Electrical Components,OTS,ATLN,LINE,FALSE,Sienna Corporation,884,0,1.08,954.72,0,1,Unrestricted,884
08-04-2026,CM: Sienna GA,10-002608 REV-1,10-002608,CONN HEADER SMD 14POS 2.5MM,Electrical Components,OTS,ATLN,RIQC,FALSE,Sienna Corporation,2700,0,1.08,2916,0,1,Unrestricted,2700
08-04-2026,Lunar Netsuite,10-002608,10-002608,CONN HEADER SMD 14POS 2.5MM,Electrical Components,OTS,Avnet,NS,FALSE,Lunar Energy,4800,0,1.08,5184,0,0,Unrestricted,4800
08-04-2026,Lunar Netsuite,10-002608,10-002608,CONN HEADER SMD 14POS 2.5MM,Electrical Components,OTS,JIT - Reno,NS,FALSE,Lunar Energy,1500,0,1.08,1620,0,0,Unrestricted,1500
08-04-2026,CM: Sienna GA,10-002610 REV-02,10-002610,FERRITE BEAD 15 OHM 0603 1LN,Electrical Components,OTS,ATLN,RIQC,FALSE,Sienna Corporation,20000,0,0.0055,110,0,2,Unrestricted,20000
08-04-2026,CM: Sienna GA,10-002610 REV-02,10-002610,FERRITE BEAD 15 OHM 0603 1LN,Electrical Components,OTS,ATLN,PAMS,FALSE,Sienna Corporation,20000,0,0.0055,110,0,2,Unrestricted,20000
08-04-2026,Lunar Netsuite,10-002610,10-002610,FERRITE BEAD 15 OHM 0603 1LN,Electrical Components,OTS,JIT - Reno,NS,FALSE,Lunar Energy,292000,0,0.0055,1606,0,0,Unrestricted,272000
08-04-2026,CM: Sienna GA,10-002610 REV-02,10-002610,FERRITE BEAD 15 OHM 0603 1LN,Electrical Components,OTS,ATLN,LINE,FALSE,Sienna Corporation,566,0,0.0055,3.113,0,2,Unrestricted,566
08-04-2026,Lunar Netsuite,10-002611,10-002611,TRANS NPN 45V 500MA SOT23-3,Electrical Components,OTS,Sienna Corporation - GA,NS,FALSE,Lunar Energy,15000,0,0.03,450,0,0,Unrestricted,0
08-04-2026,Lunar Netsuite,10-002611,10-002611,TRANS NPN 45V 500MA SOT23-3,Electrical Components,OTS,JIT - Reno,NS,FALSE,Lunar Energy,30000,0,0.03,900,0,0,Unrestricted,21000
08-04-2026,CM: Sienna GA,C10-002611 REV-1,10-002611,TRANS NPN 45V 500MA SOT23-3,Electrical Components,OTS,ATLN,WRB2,TRUE,Lunar Energy,15000,0,0,0,0,1,Unrestricted,15000
08-04-2026,CM: Sienna GA,10-002611 REV-1,10-002611,TRANS NPN 45V 500MA SOT23-3,Electrical Components,OTS,ATLN,RIQC,FALSE,Sienna Corporation,5992,0,0.0235,140.812,0,1,Unrestricted,5992
08-04-2026,CM: Sienna GA,10-002611 REV-1,10-002611,TRANS NPN 45V 500MA SOT23-3,Electrical Components,OTS,ATLN,LPAC,FALSE,Sienna Corporation,15056,0,0.0235,353.816,0,1,Unrestricted,15056
08-04-2026,Lunar Netsuite,10-002612,10-002612,MOSFET N-CH 30V 350MA SOT23,Electrical Components,OTS,JIT - Reno,NS,FALSE,Lunar Energy,18000,0,0.0178,320.4,0,0,Unrestricted,12000
08-04-2026,CM: Sienna GA,10-002612 REV-1,10-002612,MOSFET N-CH 30V 350MA SOT23,Electrical Components,OTS,ATLN,MAIN,FALSE,Sienna Corporation,100,0,0.0178,1.78,0,1,Unrestricted,100
08-04-2026,CM: Sienna GA,10-002612 REV-1,10-002612,MOSFET N-CH 30V 350MA SOT23,Electrical Components,OTS,ATLN,RIQC,FALSE,Sienna Corporation,9000,0,0.0178,160.2,0,1,Unrestricted,9000
08-04-2026,CM: Sienna GA,10-002612 REV-1,10-002612,MOSFET N-CH 30V 350MA SOT23,Electrical Components,OTS,ATLN,LINE,FALSE,Sienna Corporation,2474,0,0.0178,44.0372,0,1,Unrestricted,2474
08-04-2026,Lunar Netsuite,10-002612,10-002612,MOSFET N-CH 30V 350MA SOT23,Electrical Components,OTS,NexGen Digital Inc,NS,FALSE,Lunar Energy,99000,0,0.0291,2880.9,0,0,Unrestricted,99000
08-04-2026,CM: Sienna GA,10-002613 REV-1,10-002613,RES 39 OHM 1% 1/16W 0402,Electrical Components,OTS,ATLN,MAIN,FALSE,Sienna Corporation,10000,0,0.0015,15,0,1,Unrestricted,10000
08-04-2026,Lunar Netsuite,10-002613,10-002613,RES 39 OHM 1% 1/16W 0402,Electrical Components,OTS,JIT - Reno,NS,FALSE,Lunar Energy,10000,0,0.0015,15,0,0,Unrestricted,10000
08-04-2026,CM: Sienna GA,10-002613 REV-1,10-002613,RES 39 OHM 1% 1/16W 0402,Electrical Components,OTS,ATLN,LINE,FALSE,Sienna Corporation,2581,0,0.0015,3.8715,0,1,Unrestricted,2581
08-04-2026,Lunar Netsuite,10-002614,10-002614,IC TRANSCEIVER HALF 1/1 8SOIC,Electrical Components,OTS,JIT - Reno,NS,FALSE,Lunar Energy,491,0,0.9455,464.2405,0,0,Unrestricted,491
08-04-2026,Lunar Netsuite,10-002614,10-002614,IC TRANSCEIVER HALF 1/1 8SOIC,Electrical Components,OTS,CCL (Computer Components Ltd),NS,FALSE,Lunar Energy,6766,0,0.9454,6396.5764,0,0,Unrestricted,6766
08-04-2026,CM: Sienna GA,10-002615 REV-1,10-002615,IC EEPROM 512KBIT I2C 1MHZ 8SOIC,Electrical Components,OTS,ATLN,LINE,FALSE,Sienna Corporation,1779,0,0.391,695.589,0,1,Unrestricted,1779
08-04-2026,CM: Sienna GA,10-002615 REV-1,10-002615,IC EEPROM 512KBIT I2C 1MHZ 8SOIC,Electrical Components,OTS,ATLN,MAIN,FALSE,Sienna Corporation,3037,0,0.391,1187.467,0,1,Unrestricted,3037
08-04-2026,Lunar Netsuite,10-002615,10-002615,IC EEPROM 512KBIT I2C 1MHZ 8SOIC,Electrical Components,OTS,Avnet,NS,FALSE,Lunar Energy,3000,0,0.391,1173,0,0,Unrestricted,3000
08-04-2026,CM: Sienna GA,10-002616 REV-1,10-002616,CMC 300MA 2LN 360OHM SMD AECQ200,Electrical Components,OTS,ATLN,MAIN,FALSE,Sienna Corporation,6000,0,0.1078,646.8,0,1,Unrestricted,6000
08-04-2026,CM: Sienna GA,10-002616 REV-1,10-002616,CMC 300MA 2LN 360OHM SMD AECQ200,Electrical Components,OTS,ATLN,LINE,FALSE,Sienna Corporation,1590,0,0.1078,171.402,0,1,Unrestricted,1590
08-04-2026,CM: Sienna GA,10-002616 REV-1,10-002616,CMC 300MA 2LN 360OHM SMD AECQ200,Electrical Components,OTS,ATLN,RIQC,FALSE,Sienna Corporation,2000,0,0.1078,215.6,0,1,Unrestricted,2000
08-04-2026,CM: Sienna GA,10-002646 REV-01,10-002646,"Home Controller, Processor TIM",Part,MTS,ATLN,PCKD,FALSE,Sienna Corporation,1440,0,0.84,1209.6,0,1,Unrestricted,1440
08-04-2026,CM: Sienna GA,10-002646 REV-01,10-002646,"Home Controller, Processor TIM",Part,MTS,ATLN,LINE,FALSE,Sienna Corporation,672,0,0.84,564.48,0,1,Unrestricted,672
08-04-2026,CM: Sienna GA,10-002646 REV-01,10-002646,"Home Controller, Processor TIM",Part,MTS,ATLN,MAIN,FALSE,Sienna Corporation,1584,0,0.84,1330.56,0,1,Unrestricted,1584
08-04-2026,CM: Sienna GA,10-002647 REV-08,10-002647,"Compression Bar, PCBA, Bridge",Part,MTS,ATLN,RIQC,FALSE,Sienna Corporation,39,0,0.28,10.92,0,8,Unrestricted,39
08-04-2026,CM: Sienna GA,10-002647 REV-08,10-002647,"Compression Bar, PCBA, Bridge",Part,MTS,ATLN,RS42,FALSE,Sienna Corporation,5153,0,0.28,1442.84,0,8,Unrestricted,5153
08-04-2026,CM: Sienna GA,10-002669 REV-1,10-002669,XMFR 50A CUSTOM C,Electrical Components,OTS,ATLN,RJ55,FALSE,Sienna Corporation,1120,0,1.08,1209.6,0,1,Unrestricted,1120
08-04-2026,Lunar Netsuite,10-002669,10-002669,XMFR 50A CUSTOM C,Electrical Components,OTS,Sienna Corporation - GA,NS,FALSE,Lunar Energy,320,0,1.08,345.6,0,0,Unrestricted,0
08-04-2026,CM: Sienna GA,10-002669 REV-1,10-002669,XMFR 50A CUSTOM C,Electrical Components,OTS,ATLN,LINE,FALSE,Sienna Corporation,2180,0,1.08,2354.4,0,1,Unrestricted,2180
08-04-2026,CM: Qualitel WA,814L-10-002669,10-002669,XMFR 50A CUSTOM C,Electrical Components,OTS,"Seattle, WA",Stock,FALSE,Qualitel,8186,0,1.14,9332.04,0,0,Unrestricted,8186
08-04-2026,CM: Sienna GA,C10-002669 REV-1,10-002669,XMFR 50A CUSTOM C,Electrical Components,OTS,ATLN,WQ74,TRUE,Lunar Energy,77,0,0,0,0,1,Unrestricted,77
08-04-2026,CM: Sienna GA,10-002669 REV-1,10-002669,XMFR 50A CUSTOM C,Electrical Components,OTS,ATLN,RIQC,FALSE,Sienna Corporation,570,0,1.08,615.6,0,1,Unrestricted,570
08-04-2026,CM: Sienna GA,10-002669 REV-1,10-002669,XMFR 50A CUSTOM C,Electrical Components,OTS,ATLN,RR64,FALSE,Sienna Corporation,3600,0,1.08,3888,0,1,Unrestricted,3600
08-04-2026,CM: Sienna GA,C10-002669 REV-1,10-002669,XMFR 50A CUSTOM C,Electrical Components,OTS,ATLN,WQ83,TRUE,Lunar Energy,243,0,0,0,0,1,Unrestricted,243
08-04-2026,CM: Sienna GA,10-002678 REV-01,10-002678,CAP FILM 10UF 5% 450VDC RADIAL AEC-Q,Electrical Components,OTS,ATLN,RIQC,FALSE,Sienna Corporation,1391,0,1.013,1409.083,0,1,Unrestricted,1391
08-04-2026,CM: Sienna GA,10-002678 REV-01,10-002678,CAP FILM 10UF 5% 450VDC RADIAL AEC-Q,Electrical Components,OTS,ATLN,RI56,FALSE,Sienna Corporation,8939,0,1.013,9055.207,0,1,Unrestricted,8939
08-04-2026,CM: Qualitel WA,814L-10-002678,10-002678,CAP FILM 10UF 5% 450VDC RADIAL AEC-Q,Electrical Components,OTS,"Seattle, WA",Stock,FALSE,Qualitel,29045,0,0.964,27999.38,0,0,Unrestricted,29045
08-04-2026,CM: Sienna GA,10-002678 REV-01,10-002678,CAP FILM 10UF 5% 450VDC RADIAL AEC-Q,Electrical Components,OTS,ATLN,PAMS,FALSE,Sienna Corporation,12152,0,1.013,12309.976,0,1,Unrestricted,12152
08-04-2026,CM: Sienna GA,10-002678 REV-01,10-002678,CAP FILM 10UF 5% 450VDC RADIAL AEC-Q,Electrical Components,OTS,ATLN,MAIN,FALSE,Sienna Corporation,1322,0,1.013,1339.186,0,1,Unrestricted,1322
08-04-2026,CM: Sienna GA,10-002678 REV-01,10-002678,CAP FILM 10UF 5% 450VDC RADIAL AEC-Q,Electrical Components,OTS,ATLN,LINE,FALSE,Sienna Corporation,2381,0,1.013,2411.953,0,1,Unrestricted,2381
08-04-2026,CM: Sienna GA,10-002681 REV-01,10-002681,CAP CER 2220 33NF 1000V C0G 5%,Electrical Components,OTS,ATLN,MAIN,FALSE,Sienna Corporation,9500,0,1.521,14449.5,0,1,Unrestricted,9500
08-04-2026,CM: Sienna GA,10-002681 REV-01,10-002681,CAP CER 2220 33NF 1000V C0G 5%,Electrical Components,OTS,ATLN,LINE,FALSE,Sienna Corporation,17516,0,1.521,26641.836,0,1,Unrestricted,17516
08-04-2026,CM: Qualitel WA,814L-10-002681,10-002681,CAP CER 2220 33NF 1000V C0G 5%,Electrical Components,OTS,"Seattle, WA",Stock,FALSE,Qualitel,26880,0,0.9,24192,0,0,Unrestricted,26880
08-04-2026,CM: Sienna GA,10-002681 REV-01,10-002681,CAP CER 2220 33NF 1000V C0G 5%,Electrical Components,OTS,ATLN,RIQC,FALSE,Sienna Corporation,1000,0,1.521,1521,0,1,Unrestricted,1000
08-04-2026,CM: Sienna GA,10-002691 REV-04,10-002691,"Plate, Thermal Break, PCBA, Bridge",Part,MTS,ATLN,RB64,FALSE,Sienna Corporation,3080,0,1.93,5944.4,0,4,Unrestricted,3080
08-04-2026,CM: Sienna GA,10-002691 REV-04,10-002691,"Plate, Thermal Break, PCBA, Bridge",Part,MTS,ATLN,LINE,FALSE,Sienna Corporation,128,0,1.93,247.04,0,4,Unrestricted,128
08-04-2026,CM: Sienna GA,10-002691 REV-04,10-002691,"Plate, Thermal Break, PCBA, Bridge",Part,MTS,ATLN,WHS2,FALSE,Sienna Corporation,668,0,1.93,1289.24,0,4,Unrestricted,668
08-04-2026,CM: Sienna GA,10-002692 REV-01,10-002692,"Standoff,M3,M/F,4.76mm M,2.81mm F,6mm Shldr,Brass,Zi Cr,Nylon Patch",Part,OTS,ATLN,RP51,FALSE,Sienna Corporation,38500,0,0.13,5005,0,1,Unrestricted,38500
08-04-2026,CM: Sienna GA,10-002692 REV-01,10-002692,"Standoff,M3,M/F,4.76mm M,2.81mm F,6mm Shldr,Brass,Zi Cr,Nylon Patch",Part,OTS,ATLN,MAIN,FALSE,Sienna Corporation,162,0,0.13,21.06,0,1,Unrestricted,162
08-04-2026,CM: Sienna GA,10-002692 REV-01,10-002692,"Standoff,M3,M/F,4.76mm M,2.81mm F,6mm Shldr,Brass,Zi Cr,Nylon Patch",Part,OTS,ATLN,LINE,FALSE,Sienna Corporation,11007,0,0.13,1430.91,0,1,Unrestricted,11007
08-04-2026,Lunar Netsuite,10-002694,10-002694,FIXED IND 6.8UH 710MA 443MOHM SM,Electrical Components,OTS,JIT - Reno,NS,FALSE,Lunar Energy,95,0,0.2863,27.1985,0,0,Unrestricted,95
08-04-2026,Lunar Netsuite,10-002694,10-002694,FIXED IND 6.8UH 710MA 443MOHM SM,Electrical Components,OTS,Avnet,NS,FALSE,Lunar Energy,102000,0,0.264,26928,0,0,Unrestricted,102000
08-04-2026,CM: Sienna GA,10-002694 REV-01,10-002694,FIXED IND 6.8UH 710MA 443MOHM SM,Electrical Components,OTS,ATLN,MAIN,FALSE,Sienna Corporation,458,0,0.264,120.912,0,1,Unrestricted,458
08-04-2026,Lunar Netsuite,10-002698,10-002698,DIODE ZENER 5.1V 1W PMDTM AEC-Q,Electrical Components,OTS,CCL (Computer Components Ltd),NS,FALSE,Lunar Energy,3396,0,0.1532,520.2672,0,0,Unrestricted,3396
08-04-2026,Lunar Netsuite,10-002698,10-002698,DIODE ZENER 5.1V 1W PMDTM AEC-Q,Electrical Components,OTS,Avnet,NS,FALSE,Lunar Energy,540000,0,0.0757,40878,0,0,Unrestricted,540000
08-04-2026,CM: Sienna GA,10-002698 REV-01,10-002698,DIODE ZENER 5.1V 1W PMDTM AEC-Q,Electrical Components,OTS,ATLN,MAIN,FALSE,Sienna Corporation,371,0,0.0928,34.4288,0,1,Unrestricted,371
08-04-2026,Lunar Netsuite,10-002698,10-002698,DIODE ZENER 5.1V 1W PMDTM AEC-Q,Electrical Components,OTS,JIT - Reno,NS,FALSE,Lunar Energy,750,0,0.1532,114.9,0,0,Unrestricted,750
08-04-2026,Lunar Netsuite,10-002701,10-002701,CAP CER 270PF 3KV C0G/NP0 2225,Electrical Components,OTS,JIT - Reno,NS,FALSE,Lunar Energy,74622,0,1.9799,147744.0978,0,0,Unrestricted,74622
08-04-2026,CM: Sienna GA,10-002701 REV-01,10-002701,CAP CER 270PF 3KV C0G/NP0 2225,Electrical Components,OTS,ATLN,MAIN,FALSE,Sienna Corporation,3065,0,1.98,6068.7,0,1,Unrestricted,3065
08-04-2026,Lunar Netsuite,10-002702,10-002702,RES SMD 7.5 OHM 1% 1/2W 1206,Electrical Components,OTS,CCL (Computer Components Ltd),NS,FALSE,Lunar Energy,200000,0,0.0387,7740,0,0,Unrestricted,200000
08-04-2026,CM: Sienna GA,10-002704 REV-01,10-002704,CAP FILM 20UF 10% 800VDC RADIAL,Electrical Components,OTS,ATLN,WHS2,FALSE,Sienna Corporation,299,0,2.64,789.36,0,1,Unrestricted,299
08-04-2026,Lunar Netsuite,10-002704,10-002704,CAP FILM 20UF 10% 800VDC RADIAL,Electrical Components,OTS,Avnet,NS,FALSE,Lunar Energy,15,0,2.64,39.6,0,0,Unrestricted,15
08-04-2026,CM: Sienna GA,10-002704 REV-01,10-002704,CAP FILM 20UF 10% 800VDC RADIAL,Electrical Components,OTS,ATLN,RIQC,FALSE,Sienna Corporation,2495,0,2.64,6586.8,0,1,Unrestricted,2495
08-04-2026,CM: Sienna GA,10-002704 REV-01,10-002704,CAP FILM 20UF 10% 800VDC RADIAL,Electrical Components,OTS,ATLN,LINE,FALSE,Sienna Corporation,220,0,2.64,580.8,0,1,Unrestricted,220
08-04-2026,CM: Qualitel WA,814L-10-002704,10-002704,CAP FILM 20UF 10% 800VDC RADIAL,Electrical Components,OTS,"Seattle, WA",Stock,FALSE,Qualitel,9134,0,2.95,26945.3,0,0,Unrestricted,9134
08-04-2026,CM: Sienna GA,10-002704 REV-01,10-002704,CAP FILM 20UF 10% 800VDC RADIAL,Electrical Components,OTS,ATLN,LPAC,FALSE,Sienna Corporation,66,0,2.64,174.24,0,1,Unrestricted,66
08-04-2026,Lunar Netsuite,10-002705,10-002705,CAP FILM 27UF 10% 700VDC RADIAL,Electrical Components,OTS,Avnet,NS,FALSE,Lunar Energy,3960,0,2.53,10018.8,0,0,Unrestricted,0
08-04-2026,Lunar Netsuite,10-002705,10-002705,CAP FILM 27UF 10% 700VDC RADIAL,Electrical Components,OTS,JIT - Reno,NS,FALSE,Lunar Energy,38,0,2.53,96.14,0,0,Unrestricted,0
08-04-2026,CM: Sienna GA,10-002705 REV-01,10-002705,CAP FILM 27UF 10% 700VDC RADIAL,Electrical Components,OTS,ATLN,RIQC,FALSE,Sienna Corporation,11902,0,2.53,30112.06,0,1,Unrestricted,11902
08-04-2026,CM: Sienna GA,10-002705 REV-01,10-002705,CAP FILM 27UF 10% 700VDC RADIAL,Electrical Components,OTS,ATLN,LPAC,FALSE,Sienna Corporation,0,0,2.53,0,0,1,Unrestricted,0
08-04-2026,CM: Sienna GA,10-002705 REV-01,10-002705,CAP FILM 27UF 10% 700VDC RADIAL,Electrical Components,OTS,ATLN,WHS2,FALSE,Sienna Corporation,21839,0,2.53,55252.67,0,1,Unrestricted,21839
08-04-2026,CM: Sienna GA,10-002709 REV-01,10-002709,"Heat spreader, Aluminum Nitride, TIM and pre-applied",Part,MTS,ATLN,LINE,FALSE,Sienna Corporation,6,0,4.1,24.6,0,1,Unrestricted,6
08-04-2026,CM: Sienna GA,10-002718 REV-02,10-002718,"Gantry Assembly, Power Module",Part,MTS,ATLN,PDRW,FALSE,Sienna Corporation,25,0,15.75,393.75,0,2,Unrestricted,25
08-04-2026,Lunar Netsuite,10-002719,10-002719,3.4MM STD PRESS FIT UNPLT,Electrical Components,OTS,NexGen Digital Inc,NS,FALSE,Lunar Energy,15400,0,1.8403,28340.62,0,0,Unrestricted,15400
08-04-2026,CM: Sienna GA,10-002720 REV-01,10-002720,"Side-Mount External Retaining Rings, Spring Steel, 4-5 mm OD",Part,OTS,ATLN,LINE,FALSE,Sienna Corporation,13936,0,0.112,1560.832,0,1,Unrestricted,13936
08-04-2026,Lunar Netsuite,10-002728,10-002728,CAP CER 0.016UF 50V X7R 0603,Electrical Components,OTS,CCL (Computer Components Ltd),NS,FALSE,Lunar Energy,20000,0,0.031,620,0,0,Unrestricted,20000
08-04-2026,Lunar Netsuite,10-002729,10-002729,CONN HEADER SMD 8POS 2.5MM,Electrical Components,OTS,JIT - Reno,NS,FALSE,Lunar Energy,300,0,1.01,303,0,0,Unrestricted,300
08-04-2026,CM: Sienna GA,10-002729 REV-01,10-002729,CONN HEADER SMD 8POS 2.5MM,Electrical Components,OTS,ATLN,MAIN,FALSE,Sienna Corporation,4100,0,1.01,4141,0,1,Unrestricted,4100
08-04-2026,CM: Sienna GA,10-002729 REV-01,10-002729,CONN HEADER SMD 8POS 2.5MM,Electrical Components,OTS,ATLN,RIQC,FALSE,Sienna Corporation,300,0,1.01,303,0,1,Unrestricted,300
08-04-2026,CM: Sienna GA,10-002729 REV-01,10-002729,CONN HEADER SMD 8POS 2.5MM,Electrical Components,OTS,ATLN,LINE,FALSE,Sienna Corporation,116,0,1.01,117.16,0,1,Unrestricted,116
08-04-2026,CM: Sienna GA,10-002730 REV-01,10-002730,CAP CER 2.2UF 10V X7R 0603,Electrical Components,OTS,ATLN,LINE,FALSE,Sienna Corporation,3989,0,0.0319,127.2491,0,1,Unrestricted,3989
08-04-2026,CM: Sienna GA,10-002730 REV-01,10-002730,CAP CER 2.2UF 10V X7R 0603,Electrical Components,OTS,ATLN,MAIN,FALSE,Sienna Corporation,32000,0,0.0319,1020.8,0,1,Unrestricted,32000
08-04-2026,CM: Sienna GA,10-002732 REV-02,10-002732,FERRITE BEAD 1 KOHM 1206 1LN AEC-Q,Electrical Components,OTS,ATLN,LINE,FALSE,Sienna Corporation,15325,0,0.0832,1275.04,0,2,Unrestricted,15325
08-04-2026,Lunar Netsuite,10-002732,10-002732,FERRITE BEAD 1 KOHM 1206 1LN AEC-Q,Electrical Components,OTS,Avnet,NS,FALSE,Lunar Energy,25000,0,0.0832,2080,0,0,Unrestricted,15000
08-04-2026,CM: Sienna GA,10-002732 REV-02,10-002732,FERRITE BEAD 1 KOHM 1206 1LN AEC-Q,Electrical Components,OTS,ATLN,RIQC,FALSE,Sienna Corporation,47500,0,0.0832,3952,0,2,Unrestricted,47500
08-04-2026,CM: Sienna GA,10-002732 REV-02,10-002732,FERRITE BEAD 1 KOHM 1206 1LN AEC-Q,Electrical Components,OTS,ATLN,MAIN,FALSE,Sienna Corporation,8000,0,0.0832,665.6,0,2,Unrestricted,8000
08-04-2026,CM: Celestica MX,10-0027323MS,10-002732,FERRITE BEAD 1 KOHM 1206 1LN AEC-Q,Electrical Components,OTS,Monterrey Prod,1000,FALSE,Celestica,-10,0,0.0749,-0.749,0,0,Unrestricted,-10
08-04-2026,Lunar Netsuite,10-002732,10-002732,FERRITE BEAD 1 KOHM 1206 1LN AEC-Q,Electrical Components,OTS,Sienna Corporation - GA,NS,FALSE,Lunar Energy,15000,0,0.0829,1243.5,0,0,Unrestricted,0
08-04-2026,CM: Sienna GA,C10-002732 REV-2,10-002732,FERRITE BEAD 1 KOHM 1206 1LN AEC-Q,Electrical Components,OTS,ATLN,WS43,TRUE,Lunar Energy,15000,0,0,0,0,2,Unrestricted,15000
08-04-2026,CM: Qualitel WA,814L-10-002732,10-002732,FERRITE BEAD 1 KOHM 1206 1LN AEC-Q,Electrical Components,OTS,"Seattle, WA",Stock,FALSE,Qualitel,190909,0,0.093,17754.537,0,0,Unrestricted,190909
08-04-2026,Lunar Netsuite,10-002733,10-002733,PMEG100T10ELR-QX AEC-Q,Electrical Components,OTS,Avnet,NS,FALSE,Lunar Energy,378000,0,0.059,22302,0,0,Unrestricted,378000
08-04-2026,CM: Sienna GA,10-002733 REV-01,10-002733,PMEG100T10ELR-QX AEC-Q,Electrical Components,OTS,ATLN,MAIN,FALSE,Sienna Corporation,2330,0,0.0769,179.177,0,1,Unrestricted,2330
08-04-2026,Lunar Netsuite,10-002733,10-002733,PMEG100T10ELR-QX AEC-Q,Electrical Components,OTS,CCL (Computer Components Ltd),NS,FALSE,Lunar Energy,49195,0,0.0811,3989.7145,0,0,Unrestricted,49195
08-04-2026,CM: Sienna GA,10-002734 REV-01,10-002734,RES 4.7K OHM 1% 1/16W 0402 AEC-Q,Electrical Components,OTS,ATLN,MAIN,FALSE,Sienna Corporation,10000,0,0.0015,15,0,1,Unrestricted,10000
08-04-2026,CM: Sienna GA,10-002734 REV-01,10-002734,RES 4.7K OHM 1% 1/16W 0402 AEC-Q,Electrical Components,OTS,ATLN,LINE,FALSE,Sienna Corporation,15843,0,0.0015,23.7645,0,1,Unrestricted,15843
08-04-2026,CM: Qualitel WA,814L-10-002734,10-002734,RES 4.7K OHM 1% 1/16W 0402 AEC-Q,Electrical Components,OTS,"Seattle, WA",Stock,FALSE,Qualitel,42443,0,0.001,42.443,0,0,Unrestricted,42443
08-04-2026,CM: Sienna GA,10-002753 REV-01,10-002753,"HOUSED PTC THERMISTORS AS ICL, 2 AEC-Q",Electrical Components,OTS,ATLN,RH22,FALSE,Sienna Corporation,6000,0,0.939,5634,0,1,Unrestricted,6000
08-04-2026,Lunar Netsuite,10-002753,10-002753,"HOUSED PTC THERMISTORS AS ICL, 2 AEC-Q",Electrical Components,OTS,Avnet,NS,FALSE,Lunar Energy,535,0,0.9201,492.2535,0,0,Unrestricted,535
08-04-2026,Lunar Netsuite,10-002753,10-002753,"HOUSED PTC THERMISTORS AS ICL, 2 AEC-Q",Electrical Components,OTS,JIT - Reno,NS,FALSE,Lunar Energy,1300,0,0.9809,1275.17,0,0,Unrestricted,453
08-04-2026,CM: Qualitel WA,814L-10-002753,10-002753,"HOUSED PTC THERMISTORS AS ICL, 2 AEC-Q",Electrical Components,OTS,"Seattle, WA",Stock,FALSE,Qualitel,5188,0,0.849,4404.612,0,0,Unrestricted,5188
08-04-2026,CM: Sienna GA,10-002753 REV-01,10-002753,"HOUSED PTC THERMISTORS AS ICL, 2 AEC-Q",Electrical Components,OTS,ATLN,LINE,FALSE,Sienna Corporation,4590,0,0.939,4310.01,0,1,Unrestricted,4590
08-04-2026,CM: Sienna GA,10-002754 REV-08,10-002754,"Bus Bar, Load Tray, Right, Bridge",Part,MTS,ATLN,RQA2,FALSE,Sienna Corporation,397,0,8.57,3402.29,0,8,Unrestricted,397
08-04-2026,CM: Sienna GA,10-002754 REV-08,10-002754,"Bus Bar, Load Tray, Right, Bridge",Part,MTS,ATLN,RIQC,FALSE,Sienna Corporation,503,0,8.57,4310.71,0,8,Unrestricted,503
08-04-2026,CM: Sienna GA,10-002754 REV-08,10-002754,"Bus Bar, Load Tray, Right, Bridge",Part,MTS,ATLN,LINE,FALSE,Sienna Corporation,192,0,8.57,1645.44,0,8,Unrestricted,192
08-04-2026,Lunar Netsuite,10-002758,10-002758,RESHV ST 1206 10M 5% 0.25W TCR20,Electrical Components,OTS,CCL (Computer Components Ltd),NS,FALSE,Lunar Energy,5000,0,0.0179,89.5,0,0,Unrestricted,5000
08-04-2026,Lunar Netsuite,10-002759,10-002759,RES SMD 25 OHM 2% 3.5W 2512,Electrical Components,OTS,CCL (Computer Components Ltd),NS,FALSE,Lunar Energy,5000,0,2.24,11200,0,0,Unrestricted,5000
08-04-2026,Lunar Netsuite,10-002767,10-002767,"HOUSED PTC THERMISTORS AS ICL, 2 AEC-Q",Electrical Components,OTS,CCL (Computer Components Ltd),NS,FALSE,Lunar Energy,10628,0,1.85,19661.8,0,0,Unrestricted,10628
08-04-2026,CM: Sienna GA,10-002767 REV-01,10-002767,"HOUSED PTC THERMISTORS AS ICL, 2 AEC-Q",Electrical Components,OTS,ATLN,LINE,FALSE,Sienna Corporation,392,0,1.24,486.08,0,1,Unrestricted,392
08-04-2026,Lunar Netsuite,10-002767,10-002767,"HOUSED PTC THERMISTORS AS ICL, 2 AEC-Q",Electrical Components,OTS,Sienna Corporation - GA,NS,FALSE,Lunar Energy,5,0,1.85,9.25,0,0,Unrestricted,0
08-04-2026,CM: Sienna GA,C10-002767 REV-01,10-002767,"HOUSED PTC THERMISTORS AS ICL, 2 AEC-Q",Electrical Components,OTS,ATLN,WS32,TRUE,Lunar Energy,5,0,0,0,0,1,Unrestricted,5
08-04-2026,CM: Sienna GA,10-002772 REV-01,10-002772,DGTL ISO 3.75KV GATE DRVR 16SOIC,Electrical Components,OTS,ATLN,RIQC,FALSE,Sienna Corporation,2000,0,2.33,4660,0,1,Unrestricted,2000
08-04-2026,CM: Sienna GA,10-002772 REV-01,10-002772,DGTL ISO 3.75KV GATE DRVR 16SOIC,Electrical Components,OTS,ATLN,LINE,FALSE,Sienna Corporation,1730,0,2.33,4030.9,0,1,Unrestricted,1730
08-04-2026,CM: Qualitel WA,814L-10-002772,10-002772,DGTL ISO 3.75KV GATE DRVR 16SOIC,Electrical Components,OTS,"Seattle, WA",Stock,FALSE,Qualitel,4189,0,2.162,9056.618,0,0,Unrestricted,4189
08-04-2026,CM: Sienna GA,10-002772 REV-01,10-002772,DGTL ISO 3.75KV GATE DRVR 16SOIC,Electrical Components,OTS,ATLN,MAIN,FALSE,Sienna Corporation,5000,0,2.33,11650,0,1,Unrestricted,5000
08-04-2026,CM: Sienna GA,10-002773 REV-01,10-002773,MOSFET N-CH 700V 12.5A TO252-3,Electrical Components,OTS,ATLN,MAIN,FALSE,Sienna Corporation,15000,0,0.356,5340,0,1,Unrestricted,15000
08-04-2026,CM: Sienna GA,10-002773 REV-01,10-002773,MOSFET N-CH 700V 12.5A TO252-3,Electrical Components,OTS,ATLN,LINE,FALSE,Sienna Corporation,3000,0,0.356,1068,0,1,Unrestricted,3000
08-04-2026,CM: Qualitel WA,814L-10-002773,10-002773,MOSFET N-CH 700V 12.5A TO252-3,Electrical Components,OTS,"Seattle, WA",Stock,FALSE,Qualitel,7246,0,0.1969,1426.7374,0,0,Unrestricted,7246
08-04-2026,CM: Sienna GA,C10-002775 REV-1,10-002775,IC DRVR TRANSFORMER 8-SOIC,Electrical Components,OTS,ATLN,WS22,TRUE,Lunar Energy,5000,0,0,0,0,1,Unrestricted,5000
08-04-2026,CM: Sienna GA,C10-002775 REV-1,10-002775,IC DRVR TRANSFORMER 8-SOIC,Electrical Components,OTS,ATLN,WS61,TRUE,Lunar Energy,7500,0,0,0,0,1,Unrestricted,7500
08-04-2026,CM: Sienna GA,C10-002775 REV-1,10-002775,IC DRVR TRANSFORMER 8-SOIC,Electrical Components,OTS,ATLN,WT72,TRUE,Lunar Energy,2500,0,0,0,0,1,Unrestricted,2500
08-04-2026,Lunar Netsuite,10-002775,10-002775,IC DRVR TRANSFORMER 8-SOIC,Electrical Components,OTS,Sienna Corporation - GA,NS,FALSE,Lunar Energy,25000,0,1.4439,36097.5,0,0,Unrestricted,22500
08-04-2026,CM: Sienna GA,10-002775 REV-01,10-002775,IC DRVR TRANSFORMER 8-SOIC,Electrical Components,OTS,ATLN,RIQC,FALSE,Sienna Corporation,2500,0,0.64,1600,0,1,Unrestricted,2500
08-04-2026,Lunar Netsuite,10-002775,10-002775,IC DRVR TRANSFORMER 8-SOIC,Electrical Components,OTS,JIT - Reno,NS,FALSE,Lunar Energy,9850,0,1.4466,14249.01,0,0,Unrestricted,7111
08-04-2026,CM: Sienna GA,10-002775 REV-01,10-002775,IC DRVR TRANSFORMER 8-SOIC,Electrical Components,OTS,ATLN,LINE,FALSE,Sienna Corporation,3131,0,0.64,2003.84,0,1,Unrestricted,3131
08-04-2026,CM: Sienna GA,C10-002775 REV-1,10-002775,IC DRVR TRANSFORMER 8-SOIC,Electrical Components,OTS,ATLN,WT91,TRUE,Lunar Energy,5000,0,0,0,0,1,Unrestricted,5000
08-04-2026,CM: Sienna GA,C10-002775 REV-1,10-002775,IC DRVR TRANSFORMER 8-SOIC,Electrical Components,OTS,ATLN,WBRK,TRUE,Lunar Energy,5000,0,0,0,0,1,Unrestricted,5000
08-04-2026,CM: Qualitel WA,814L-10-002776,10-002776,IC OPAMP GP 1 CIRCUIT 8UMAX,Electrical Components,OTS,"Seattle, WA",Stock,FALSE,Qualitel,1248,0,1.391,1735.968,0,0,Unrestricted,1248
08-04-2026,CM: Sienna GA,10-002776 REV-01,10-002776,IC OPAMP GP 1 CIRCUIT 8UMAX,Electrical Components,OTS,ATLN,MAIN,FALSE,Sienna Corporation,2500,0,1.13,2825,0,1,Unrestricted,2500
08-04-2026,CM: Sienna GA,10-002776 REV-01,10-002776,IC OPAMP GP 1 CIRCUIT 8UMAX,Electrical Components,OTS,ATLN,LINE,FALSE,Sienna Corporation,1089,0,1.13,1230.57,0,1,Unrestricted,1089
08-04-2026,CM: Sienna GA,10-002797 REV-01,10-002797,"Tape, Polyimide, Silicone Adhesive, 2"" Width",Part,OTS,ATLN,MAIN,FALSE,Sienna Corporation,16848,0,0.054,909.792,0,1,Unrestricted,16848
08-04-2026,CM: Sienna GA,10-002797 REV-01,10-002797,"Tape, Polyimide, Silicone Adhesive, 2"" Width",Part,OTS,ATLN,LINE,FALSE,Sienna Corporation,46351.55078,0,0.054,2502.983742,0,1,Unrestricted,46351.55078
08-04-2026,Lunar Netsuite,10-002816,10-002816,"Screw and washer,M5 x 13,SEMS,BHT T-25,Steel,ZiNi BC,Nylon Patch",Part,OTS,JIT - Reno,NS,FALSE,Lunar Energy,6776,0,0.17,1151.92,0,0,Unrestricted,6776
08-04-2026,CM: Celestica MX,10-0028163MS,10-002816,"Screw and washer,M5 x 13,SEMS,BHT T-25,Steel,ZiNi BC,Nylon Patch",Part,OTS,Monterrey Prod,1000,FALSE,Celestica,1084,0,0.173,187.532,0,0,Unrestricted,1084
08-04-2026,CM: Qualitel WA,814L-10-002816,10-002816,"Screw and washer,M5 x 13,SEMS,BHT T-25,Steel,ZiNi BC,Nylon Patch",Part,OTS,"Seattle, WA",Stock,FALSE,Qualitel,18568,0,0.0991,1840.0888,0,0,Unrestricted,18568
08-04-2026,CM: Sienna GA,10-002828 REV-01,10-002828,"Internal Star Washer, M3",Part,OTS,ATLN,RIQC,FALSE,Sienna Corporation,7200,0,0.0117,84.24,0,1,Unrestricted,7200
08-04-2026,CM: Sienna GA,10-002828 REV-01,10-002828,"Internal Star Washer, M3",Part,OTS,ATLN,LINE,FALSE,Sienna Corporation,177732,0,0.0117,2079.4644,0,1,Unrestricted,177732
08-04-2026,Lunar Netsuite,10-002842,10-002842,Maximizer Hub,Assembly,MTS,CA - Ravendale,NS,FALSE,Lunar Energy,3,0,0,0,0,0,Unrestricted,0
08-04-2026,CM: Sienna GA,10-002842 REV-09,10-002842,Maximizer Hub,Assembly,MTS,ATLN,LINE,FALSE,Sienna Corporation,31,0,0,0,0,9,Unrestricted,31
08-04-2026,CM: Sienna GA,10-002846 REV-07,10-002846,"PCBA, Conformal Coated, Maximizer Hub",Assembly,MTS,ATLN,LINE,FALSE,Sienna Corporation,23,0,37.66,866.18,0,7,Unrestricted,23
08-04-2026,CM: Sienna GA,10-002846 REV-07,10-002846,"PCBA, Conformal Coated, Maximizer Hub",Assembly,MTS,ATLN,MRB,FALSE,Sienna Corporation,0,1,37.66,0,37.66,7,Restricted,0
08-04-2026,CM: Sienna GA,10-002848 REV-01,10-002848,"Standoff, Threaded, Male-Male, M4, 8mm, Nylon",Part,OTS,ATLN,MAIN,FALSE,Sienna Corporation,10000,0,0.044,440,0,1,Unrestricted,10000
08-04-2026,CM: Sienna GA,10-002849 REV-01,10-002849,"Nut, Captive Washer, M4, Steel",Part,OTS,ATLN,MAIN,FALSE,Sienna Corporation,9872,0,0.0434,428.4448,0,1,Unrestricted,9872
08-04-2026,CM: Sienna GA,10-002854 REV-01,10-002854,FIXED IND 6.8UH 3.6A 36 MOHM SMD,Electrical Components,OTS,ATLN,LINE,FALSE,Sienna Corporation,1962,0,0.124,243.288,0,1,Unrestricted,1962
08-04-2026,CM: Sienna GA,10-002854 REV-01,10-002854,FIXED IND 6.8UH 3.6A 36 MOHM SMD,Electrical Components,OTS,ATLN,MAIN,FALSE,Sienna Corporation,1500,0,0.124,186,0,1,Unrestricted,1500
08-04-2026,CM: Sienna GA,10-002856 REV-02,10-002856,"Inverter Antenna Sonic Weld Assembly, Right, White",Part,MTS,ATLN,LPAC,FALSE,Sienna Corporation,879,0,0,0,0,2,Unrestricted,879
08-04-2026,Lunar Netsuite,10-002858,10-002858,DIODE ZENER 17V 500MW SOD123,Electrical Components,OTS,CCL (Computer Components Ltd),NS,FALSE,Lunar Energy,27000,0,0.0285,769.5,0,0,Unrestricted,27000
08-04-2026,CM: Sienna GA,10-002859 REV-1,10-002859,RES 0.02 OHM 1% 1W 1206,Electrical Components,OTS,ATLN,LINE,FALSE,Sienna Corporation,3728,0,0.0791,294.8848,0,1,Unrestricted,3728
08-04-2026,CM: Sienna GA,10-002859 REV-1,10-002859,RES 0.02 OHM 1% 1W 1206,Electrical Components,OTS,ATLN,MAIN,FALSE,Sienna Corporation,5000,0,0.0791,395.5,0,1,Unrestricted,5000
08-04-2026,CM: Celestica MX,10-0028623MS,10-002862,DGTL ISO 2500VRMS 2CH GP 8SOIC,Electrical Components,OTS,Monterrey Prod,1000,FALSE,Celestica,-8,0,3.1977,-25.5816,0,0,Unrestricted,-8
08-04-2026,CM: Sienna GA,C10-002862 REV-1,10-002862,DGTL ISO 2500VRMS 2CH GP 8SOIC,Electrical Components,OTS,ATLN,WS82,TRUE,Lunar Energy,509,0,0,0,0,1,Unrestricted,509
08-04-2026,Lunar Netsuite,10-002862,10-002862,DGTL ISO 2500VRMS 2CH GP 8SOIC,Electrical Components,OTS,Sienna Corporation - GA,NS,FALSE,Lunar Energy,509,0,2.97,1511.73,0,0,Unrestricted,0
08-04-2026,Lunar Netsuite,10-002862,10-002862,DGTL ISO 2500VRMS 2CH GP 8SOIC,Electrical Components,OTS,JIT - Reno,NS,FALSE,Lunar Energy,8320,0,2.97,24710.4,0,0,Unrestricted,8320
08-04-2026,Lunar Netsuite,10-002868,10-002868,"CONN OFP PIN RCPT .015/.025"" DIA",Electrical Components,OTS,CCL (Computer Components Ltd),NS,FALSE,Lunar Energy,6000,0,0.142,852,0,0,Unrestricted,6000
08-04-2026,CM: Sienna GA,10-002869 REV-01,10-002869,CAP CER 22UF 20% 25V X7R 1210,Electrical Components,OTS,ATLN,MAIN,FALSE,Sienna Corporation,1579,0,0.02,31.58,0,1,Unrestricted,1579
08-04-2026,CM: Qualitel WA,814L-10-002877,10-002877,CONN HEADER SMD 8POS 2.5MM,Electrical Components,OTS,"Seattle, WA",Stock,FALSE,Qualitel,3247,0,1.2254,3978.8738,0,0,Unrestricted,3247
08-04-2026,CM: Sienna GA,10-002877 REV-01,10-002877,CONN HEADER SMD 8POS 2.5MM,Electrical Components,OTS,ATLN,LINE,FALSE,Sienna Corporation,1121,0,0.914,1024.594,0,1,Unrestricted,1121
08-04-2026,Lunar Netsuite,10-002877,10-002877,CONN HEADER SMD 8POS 2.5MM,Electrical Components,OTS,JIT - Reno,NS,FALSE,Lunar Energy,300,0,0.914,274.2,0,0,Unrestricted,300
08-04-2026,CM: Sienna GA,10-002877 REV-01,10-002877,CONN HEADER SMD 8POS 2.5MM,Electrical Components,OTS,ATLN,MAIN,FALSE,Sienna Corporation,3600,0,0.914,3290.4,0,1,Unrestricted,3600
08-04-2026,Lunar Netsuite,10-002881,10-002881,CONN HEADER SMD 12POS 2.5MM,Electrical Components,OTS,CCL (Computer Components Ltd),NS,FALSE,Lunar Energy,1200,0,1.35,1620,0,0,Unrestricted,1200
08-04-2026,CM: Sienna GA,10-002884 REV-01,10-002884,IC REG CHARG PUMP INV 12MSOP,Electrical Components,OTS,ATLN,MAIN,FALSE,Sienna Corporation,250,0,0.01,2.5,0,1,Unrestricted,250
08-04-2026,CM: Sienna GA,10-002885 REV-01,10-002885,"EFUSE IC, LATCH TYPE, 15.1V VOLT",Electrical Components,OTS,ATLN,MAIN,FALSE,Sienna Corporation,4000,0,0.62,2480,0,1,Unrestricted,4000
08-04-2026,CM: Qualitel WA,814L-10-002885,10-002885,"EFUSE IC, LATCH TYPE, 15.1V VOLT",Electrical Components,OTS,"Seattle, WA",Stock,FALSE,Qualitel,12486,0,0.157,1960.302,0,0,Unrestricted,12486
08-04-2026,CM: Sienna GA,10-002885 REV-01,10-002885,"EFUSE IC, LATCH TYPE, 15.1V VOLT",Electrical Components,OTS,ATLN,LINE,FALSE,Sienna Corporation,5748,0,0.62,3563.76,0,1,Unrestricted,5748
08-04-2026,CM: Sienna GA,10-002885 REV-01,10-002885,"EFUSE IC, LATCH TYPE, 15.1V VOLT",Electrical Components,OTS,ATLN,RIQC,FALSE,Sienna Corporation,4000,0,0.62,2480,0,1,Unrestricted,4000
08-04-2026,CM: Sienna GA,10-002886 REV-1,10-002886,RES 36K OHM 1% 1/10W 0603,Electrical Components,OTS,ATLN,MAIN,FALSE,Sienna Corporation,9709,0,0.0013,12.6217,0,1,Unrestricted,9709
08-04-2026,CM: Sienna GA,10-002886 REV-1,10-002886,RES 36K OHM 1% 1/10W 0603,Electrical Components,OTS,ATLN,LINE,FALSE,Sienna Corporation,4551,0,0.0013,5.9163,0,1,Unrestricted,4551
08-04-2026,CM: Qualitel WA,814L-10-002887,10-002887,CAP CER 120PF 50V C0G/NPO 0603,Electrical Components,OTS,"Seattle, WA",Stock,FALSE,Qualitel,20510,0,0.0114,233.814,0,0,Unrestricted,20510
08-04-2026,CM: Sienna GA,10-002887 REV-01,10-002887,CAP CER 120PF 50V C0G/NPO 0603,Electrical Components,OTS,ATLN,LINE,FALSE,Sienna Corporation,12791,0,0.0152,194.4232,0,1,Unrestricted,12791
08-04-2026,CM: Sienna GA,10-002887 REV-01,10-002887,CAP CER 120PF 50V C0G/NPO 0603,Electrical Components,OTS,ATLN,MAIN,FALSE,Sienna Corporation,16000,0,0.0152,243.2,0,1,Unrestricted,16000
08-04-2026,CM: Celestica MX,10-0028893MS,10-002889,RES SMD 47 OHM 5% 1/10W 0402 AEC-Q,Electrical Components,OTS,Monterrey Prod,1000,FALSE,Celestica,-32,0,0.002,-0.064,0,0,Unrestricted,-32
08-04-2026,CM: Qualitel WA,814L-10-002889,10-002889,RES SMD 47 OHM 5% 1/10W 0402 AEC-Q,Electrical Components,OTS,"Seattle, WA",Stock,FALSE,Qualitel,325777,0,0.0011,358.3547,0,0,Unrestricted,325777
08-04-2026,Lunar Netsuite,10-002889,10-002889,RES SMD 47 OHM 5% 1/10W 0402 AEC-Q,Electrical Components,OTS,JIT - Reno,NS,FALSE,Lunar Energy,785559,0,0.0019,1492.5621,0,0,Unrestricted,785559
08-04-2026,Lunar Netsuite,10-002889,10-002889,RES SMD 47 OHM 5% 1/10W 0402 AEC-Q,Electrical Components,OTS,Avnet,NS,FALSE,Lunar Energy,20000,0,0.002,40,0,0,Unrestricted,20000
08-04-2026,Lunar Netsuite,10-002903,10-002903,RES 24K OHM 1% 1/10W 0603 AEC-Q,Electrical Components,OTS,CCL (Computer Components Ltd),NS,FALSE,Lunar Energy,9935,0,0.0018,17.883,0,0,Unrestricted,9935
08-04-2026,CM: Sienna GA,10-002904 REV-1,10-002904,RES SMD 176K OHM 0.5% 1/10W 0603,Electrical Components,OTS,ATLN,LINE,FALSE,Sienna Corporation,10099,0,0.0067,67.6633,0,1,Unrestricted,10099
08-04-2026,CM: Qualitel WA,814L-10-002904,10-002904,RES SMD 176K OHM 0.5% 1/10W 0603,Electrical Components,OTS,"Seattle, WA",Stock,FALSE,Qualitel,8742,0,0.006,52.452,0,0,Unrestricted,8742
08-04-2026,CM: Sienna GA,10-002906 REV-01,10-002906,FERRITE BEAD 1.3 KOHM 1812 1LN,Electrical Components,OTS,ATLN,LINE,FALSE,Sienna Corporation,3189,0,0.154,491.106,0,1,Unrestricted,3189
08-04-2026,CM: Sienna GA,10-002906 REV-01,10-002906,FERRITE BEAD 1.3 KOHM 1812 1LN,Electrical Components,OTS,ATLN,MAIN,FALSE,Sienna Corporation,6000,0,0.154,924,0,1,Unrestricted,6000
08-04-2026,Lunar Netsuite,10-002907,10-002907,IC REG LINEAR 5V 500MA TO263-7-1,Electrical Components,OTS,Sienna Corporation - GA,NS,FALSE,Lunar Energy,200,0,1.14,228,0,0,Unrestricted,200
08-04-2026,CM: Sienna GA,C10-002907 REV-01,10-002907,IC REG LINEAR 5V 500MA TO263-7-1,Electrical Components,OTS,ATLN,WS11,TRUE,Lunar Energy,200,0,0,0,0,1,Unrestricted,200
08-04-2026,Lunar Netsuite,10-002907,10-002907,IC REG LINEAR 5V 500MA TO263-7-1,Electrical Components,OTS,NexGen Digital Inc,NS,FALSE,Lunar Energy,5000,0,0.71,3550,0,0,Unrestricted,5000
08-04-2026,CM: Sienna GA,10-002907 REV-01,10-002907,IC REG LINEAR 5V 500MA TO263-7-1,Electrical Components,OTS,ATLN,RIQC,FALSE,Sienna Corporation,1000,0,0.706,706,0,1,Unrestricted,1000
08-04-2026,CM: Sienna GA,10-002907 REV-01,10-002907,IC REG LINEAR 5V 500MA TO263-7-1,Electrical Components,OTS,ATLN,LINE,FALSE,Sienna Corporation,172,0,0.706,121.432,0,1,Unrestricted,172
08-04-2026,Lunar Netsuite,10-002907,10-002907,IC REG LINEAR 5V 500MA TO263-7-1,Electrical Components,OTS,JIT - Reno,NS,FALSE,Lunar Energy,10950,0,0.71,7774.5,0,0,Unrestricted,9250
08-04-2026,Lunar Netsuite,10-002908,10-002908,MOSFET P-CH 60V 300MA SOT23-3,Electrical Components,OTS,CCL (Computer Components Ltd),NS,FALSE,Lunar Energy,50959,0,0.1116,5687.0244,0,0,Unrestricted,50959
08-04-2026,Lunar Netsuite,10-002909,10-002909,TVS DIODE 7VWM 10VC 0402 AEC-Q,Electrical Components,OTS,NexGen Digital Inc,NS,FALSE,Lunar Energy,110000,0,0.17,18700,0,0,Unrestricted,110000
08-04-2026,CM: Sienna GA,10-002909 REV-01,10-002909,TVS DIODE 7VWM 10VC 0402 AEC-Q,Electrical Components,OTS,ATLN,MAIN,FALSE,Sienna Corporation,50000,0,0.15,7500,0,1,Unrestricted,50000
08-04-2026,Lunar Netsuite,10-002909,10-002909,TVS DIODE 7VWM 10VC 0402 AEC-Q,Electrical Components,OTS,JIT - Reno,NS,FALSE,Lunar Energy,30000,0,0.17,5100,0,0,Unrestricted,30000
08-04-2026,CM: Sienna GA,10-002909 REV-01,10-002909,TVS DIODE 7VWM 10VC 0402 AEC-Q,Electrical Components,OTS,ATLN,LINE,FALSE,Sienna Corporation,4892,0,0.15,733.8,0,1,Unrestricted,4892
08-04-2026,CM: Qualitel WA,814L-10-002909,10-002909,TVS DIODE 7VWM 10VC 0402 AEC-Q,Electrical Components,OTS,"Seattle, WA",Stock,FALSE,Qualitel,17475,0,0.166,2900.85,0,0,Unrestricted,17475
08-04-2026,CM: Qualitel WA,814L-10-002910,10-002910,CONN HEADER VERT 3POS 10MM,Electrical Components,OTS,"Seattle, WA",Stock,FALSE,Qualitel,3939,0,1.42,5593.38,0,0,Unrestricted,3939
08-04-2026,CM: Sienna GA,10-002910 REV-01,10-002910,CONN HEADER VERT 3POS 10MM,Electrical Components,OTS,ATLN,LINE,FALSE,Sienna Corporation,947,0,1.67,1581.49,0,1,Unrestricted,947
08-04-2026,CM: Sienna GA,10-002910 REV-01,10-002910,CONN HEADER VERT 3POS 10MM,Electrical Components,OTS,ATLN,MAIN,FALSE,Sienna Corporation,4752,0,1.67,7935.84,0,1,Unrestricted,4752
08-04-2026,CM: Sienna GA,10-002910 REV-01,10-002910,CONN HEADER VERT 3POS 10MM,Electrical Components,OTS,ATLN,RIQC,FALSE,Sienna Corporation,2168,0,1.67,3620.56,0,1,Unrestricted,2168
08-04-2026,CM: Sienna GA,10-002910 REV-01,10-002910,CONN HEADER VERT 3POS 10MM,Electrical Components,OTS,ATLN,PAMS,FALSE,Sienna Corporation,332,0,1.67,554.44,0,1,Unrestricted,332
08-04-2026,CM: Sienna GA,10-002911 REV-01,10-002911,CONN RCPT USB2.0 MICRO B SMD,Electrical Components,OTS,ATLN,LINE,FALSE,Sienna Corporation,613,0,0.406,248.878,0,1,Unrestricted,613
08-04-2026,CM: Sienna GA,10-002911 REV-01,10-002911,CONN RCPT USB2.0 MICRO B SMD,Electrical Components,OTS,ATLN,MAIN,FALSE,Sienna Corporation,2000,0,0.406,812,0,1,Unrestricted,2000
08-04-2026,CM: Qualitel WA,814L-10-002911,10-002911,CONN RCPT USB2.0 MICRO B SMD,Electrical Components,OTS,"Seattle, WA",Stock,FALSE,Qualitel,1838,0,0.372,683.736,0,0,Unrestricted,1838
08-04-2026,Lunar Netsuite,10-002913,10-002913,FUSE BOARD MOUNT 2A 250VAC 2SMD,Electrical Components,OTS,CCL (Computer Components Ltd),NS,FALSE,Lunar Energy,62,0,1.11,68.82,0,0,Unrestricted,62
08-04-2026,CM: Sienna GA,10-002914 REV-01,10-002914,"TOP MOUNT HEATSINK .4"" D-PAK",Electrical Components,OTS,ATLN,LINE,FALSE,Sienna Corporation,1750,0,0.516,903,0,1,Unrestricted,1750
08-04-2026,CM: Sienna GA,10-002914 REV-01,10-002914,"TOP MOUNT HEATSINK .4"" D-PAK",Electrical Components,OTS,ATLN,MAIN,FALSE,Sienna Corporation,200,0,0.516,103.2,0,1,Unrestricted,200
08-04-2026,CM: Qualitel WA,814L-10-002916,10-002916,FIXED IND 3.3UH 6A 19.2MOHM SMD AEC-Q,Electrical Components,OTS,"Seattle, WA",Stock,FALSE,Qualitel,9485,0,0.55,5216.75,0,0,Unrestricted,9485
08-04-2026,CM: Sienna GA,10-002916 REV-01,10-002916,FIXED IND 3.3UH 6A 19.2MOHM SMD AEC-Q,Electrical Components,OTS,ATLN,MAIN,FALSE,Sienna Corporation,1000,0,0.74,740,0,1,Unrestricted,1000
08-04-2026,CM: Sienna GA,10-002916 REV-01,10-002916,FIXED IND 3.3UH 6A 19.2MOHM SMD AEC-Q,Electrical Components,OTS,ATLN,LINE,FALSE,Sienna Corporation,690,0,0.74,510.6,0,1,Unrestricted,690
08-04-2026,CM: Sienna GA,10-002916 REV-01,10-002916,FIXED IND 3.3UH 6A 19.2MOHM SMD AEC-Q,Electrical Components,OTS,ATLN,RIQC,FALSE,Sienna Corporation,2000,0,0.74,1480,0,1,Unrestricted,2000
08-04-2026,Lunar Netsuite,10-002916,10-002916,FIXED IND 3.3UH 6A 19.2MOHM SMD AEC-Q,Electrical Components,OTS,JIT - Reno,NS,FALSE,Lunar Energy,142000,0,0.55,78100,0,0,Unrestricted,137850
08-04-2026,CM: Sienna GA,10-002916 REV-01,10-002916,FIXED IND 3.3UH 6A 19.2MOHM SMD AEC-Q,Electrical Components,OTS,ATLN,PAMS,FALSE,Sienna Corporation,1000,0,0.74,740,0,1,Unrestricted,1000
08-04-2026,CM: Sienna GA,10-002917 REV-01,10-002917,FIXED IND 220UH 8.8A 36.45 MOHM AEC-Q,Electrical Components,OTS,ATLN,MAIN,FALSE,Sienna Corporation,1760,0,2.33,4100.8,0,1,Unrestricted,1760
08-04-2026,CM: Qualitel WA,814L-10-002917,10-002917,FIXED IND 220UH 8.8A 36.45 MOHM AEC-Q,Electrical Components,OTS,"Seattle, WA",Stock,FALSE,Qualitel,4926,0,2.33,11477.58,0,0,Unrestricted,4926
08-04-2026,Lunar Netsuite,10-002917,10-002917,FIXED IND 220UH 8.8A 36.45 MOHM AEC-Q,Electrical Components,OTS,Sienna Corporation - GA,NS,FALSE,Lunar Energy,160,0,2.3374,373.984,0,0,Unrestricted,0
08-04-2026,CM: Sienna GA,10-002917 REV-01,10-002917,FIXED IND 220UH 8.8A 36.45 MOHM AEC-Q,Electrical Components,OTS,ATLN,LINE,FALSE,Sienna Corporation,1448,0,2.33,3373.84,0,1,Unrestricted,1448
08-04-2026,CM: Sienna GA,C10-002917 REV-01,10-002917,FIXED IND 220UH 8.8A 36.45 MOHM AEC-Q,Electrical Components,OTS,ATLN,WR52,TRUE,Lunar Energy,20,0,0,0,0,1,Unrestricted,20
08-04-2026,CM: Sienna GA,C10-002917 REV-01,10-002917,FIXED IND 220UH 8.8A 36.45 MOHM AEC-Q,Electrical Components,OTS,ATLN,WR43,TRUE,Lunar Energy,80,0,0,0,0,1,Unrestricted,80
08-04-2026,CM: Sienna GA,10-002917 REV-01,10-002917,FIXED IND 220UH 8.8A 36.45 MOHM AEC-Q,Electrical Components,OTS,ATLN,RIQC,FALSE,Sienna Corporation,600,0,2.33,1398,0,1,Unrestricted,600
08-04-2026,CM: Sienna GA,C10-002917 REV-01,10-002917,FIXED IND 220UH 8.8A 36.45 MOHM AEC-Q,Electrical Components,OTS,ATLN,WT84,TRUE,Lunar Energy,60,0,0,0,0,1,Unrestricted,60
08-04-2026,Lunar Netsuite,10-002917,10-002917,FIXED IND 220UH 8.8A 36.45 MOHM AEC-Q,Electrical Components,OTS,JIT - Reno,NS,FALSE,Lunar Energy,30960,0,2.3375,72369,0,0,Unrestricted,29542
08-04-2026,Lunar Netsuite,10-002919,10-002919,CAP ALUM POLY 8.2UF 20% 250V T/H,Electrical Components,OTS,NexGen Digital Inc,NS,FALSE,Lunar Energy,27647,0,0.65,17970.55,0,0,Unrestricted,27647
08-04-2026,Lunar Netsuite,10-002919,10-002919,CAP ALUM POLY 8.2UF 20% 250V T/H,Electrical Components,OTS,Avnet,NS,FALSE,Lunar Energy,135609,0,0.6819,92471.7771,0,0,Unrestricted,102114
08-04-2026,CM: Sienna GA,10-002919 REV-01,10-002919,CAP ALUM POLY 8.2UF 20% 250V T/H,Electrical Components,OTS,ATLN,RIQC,FALSE,Sienna Corporation,11390,0,0.796,9066.44,0,1,Unrestricted,11390
08-04-2026,CM: Qualitel WA,814L-10-002919,10-002919,CAP ALUM POLY 8.2UF 20% 250V T/H,Electrical Components,OTS,"Seattle, WA",Stock,FALSE,Qualitel,60541,0,0.648,39230.568,0,0,Unrestricted,60541
08-04-2026,CM: Sienna GA,10-002919 REV-01,10-002919,CAP ALUM POLY 8.2UF 20% 250V T/H,Electrical Components,OTS,ATLN,LINE,FALSE,Sienna Corporation,5620,0,0.796,4473.52,0,1,Unrestricted,5620
08-04-2026,Lunar Netsuite,10-002920,10-002920,DIODE SCHOTTKY 60V 5A SMC,Electrical Components,OTS,CCL (Computer Components Ltd),NS,FALSE,Lunar Energy,12000,0,0.166,1992,0,0,Unrestricted,12000
08-04-2026,CM: Sienna GA,10-002921 REV-01,10-002921,CAP CER 10UF 35V X7R 1206,Electrical Components,OTS,ATLN,RIQC,FALSE,Sienna Corporation,2000,0,0.262,524,0,1,Unrestricted,2000
08-04-2026,CM: Sienna GA,10-002921 REV-01,10-002921,CAP CER 10UF 35V X7R 1206,Electrical Components,OTS,ATLN,MAIN,FALSE,Sienna Corporation,2000,0,0.262,524,0,1,Unrestricted,2000
08-04-2026,CM: Sienna GA,10-002921 REV-01,10-002921,CAP CER 10UF 35V X7R 1206,Electrical Components,OTS,ATLN,LINE,FALSE,Sienna Corporation,1770,0,0.262,463.74,0,1,Unrestricted,1770
08-04-2026,CM: Qualitel WA,814L-10-002921,10-002921,CAP CER 10UF 35V X7R 1206,Electrical Components,OTS,"Seattle, WA",Stock,FALSE,Qualitel,4748,0,0.25,1187,0,0,Unrestricted,4748
08-04-2026,Lunar Netsuite,10-002921,10-002921,CAP CER 10UF 35V X7R 1206,Electrical Components,OTS,Avnet,NS,FALSE,Lunar Energy,12000,0,0.262,3144,0,0,Unrestricted,8000
08-04-2026,CM: Sienna GA,C10-002922 REV-01,10-002922,CAP CER 3900PF 630V C0G/NP0 1206 AEC-Q,Electrical Components,OTS,ATLN,WT16,TRUE,Lunar Energy,1566,0,0,0,0,1,Unrestricted,1566
08-04-2026,CM: Sienna GA,10-002922 REV-01,10-002922,CAP CER 3900PF 630V C0G/NP0 1206 AEC-Q,Electrical Components,OTS,ATLN,LINE,FALSE,Sienna Corporation,6525,0,0.116,756.9,0,1,Unrestricted,6525
08-04-2026,CM: Sienna GA,10-002922 REV-01,10-002922,CAP CER 3900PF 630V C0G/NP0 1206 AEC-Q,Electrical Components,OTS,ATLN,MAIN,FALSE,Sienna Corporation,3034,0,0.116,351.944,0,1,Unrestricted,3034
08-04-2026,CM: Qualitel WA,814L-10-002922,10-002922,CAP CER 3900PF 630V C0G/NP0 1206 AEC-Q,Electrical Components,OTS,"Seattle, WA",Stock,FALSE,Qualitel,5719,0,0.116,663.404,0,0,Unrestricted,5719
08-04-2026,Lunar Netsuite,10-002922,10-002922,CAP CER 3900PF 630V C0G/NP0 1206 AEC-Q,Electrical Components,OTS,Sienna Corporation - GA,NS,FALSE,Lunar Energy,1566,0,0.1561,244.4526,0,0,Unrestricted,0
08-04-2026,CM: Sienna GA,10-002923 REV-01,10-002923,CAP CER 1UF 450V X7T 2220 AEC-Q,Electrical Components,OTS,ATLN,PAMS,FALSE,Sienna Corporation,15500,0,0.988,15314,0,1,Unrestricted,15500
08-04-2026,CM: Sienna GA,10-002923 REV-01,10-002923,CAP CER 1UF 450V X7T 2220 AEC-Q,Electrical Components,OTS,ATLN,MAIN,FALSE,Sienna Corporation,2000,0,0.988,1976,0,1,Unrestricted,2000
08-04-2026,Lunar Netsuite,10-002923,10-002923,CAP CER 1UF 450V X7T 2220 AEC-Q,Electrical Components,OTS,JIT - Reno,NS,FALSE,Lunar Energy,3578,0,0.99,3542.22,0,0,Unrestricted,1000
08-04-2026,CM: Celestica MX,10-0029233MS,10-002923,CAP CER 1UF 450V X7T 2220 AEC-Q,Electrical Components,OTS,Monterrey Prod,1000,FALSE,Celestica,1167,0,0.988,1152.996,0,0,Unrestricted,1167
08-04-2026,CM: Qualitel WA,814L-10-002923,10-002923,CAP CER 1UF 450V X7T 2220 AEC-Q,Electrical Components,OTS,"Seattle, WA",Stock,FALSE,Qualitel,68607,0,0.99,67920.93,0,0,Unrestricted,68607
08-04-2026,CM: Sienna GA,10-002923 REV-01,10-002923,CAP CER 1UF 450V X7T 2220 AEC-Q,Electrical Components,OTS,ATLN,LINE,FALSE,Sienna Corporation,7879,0,0.988,7784.452,0,1,Unrestricted,7879
08-04-2026,Lunar Netsuite,10-002924,10-002924,DIODE ZENER 24V 5W DO214AA,Electrical Components,OTS,JIT - Reno,NS,FALSE,Lunar Energy,3000,0,0.1335,400.5,0,0,Unrestricted,3000
08-04-2026,CM: Sienna GA,10-002924 REV-01,10-002924,DIODE ZENER 24V 5W DO214AA,Electrical Components,OTS,ATLN,MAIN,FALSE,Sienna Corporation,3000,0,0.11,330,0,1,Unrestricted,3000
08-04-2026,CM: Sienna GA,10-002924 REV-01,10-002924,DIODE ZENER 24V 5W DO214AA,Electrical Components,OTS,ATLN,LINE,FALSE,Sienna Corporation,759,0,0.11,83.49,0,1,Unrestricted,759
08-04-2026,Lunar Netsuite,10-002925,10-002925,IC OFFLINE SWITCH FLYBACK 8DSO,Electrical Components,OTS,NexGen Digital Inc,NS,FALSE,Lunar Energy,12500,0,0.32,4000,0,0,Unrestricted,12500
08-04-2026,CM: Sienna GA,10-002925 REV-01,10-002925,IC OFFLINE SWITCH FLYBACK 8DSO,Electrical Components,OTS,ATLN,MAIN,FALSE,Sienna Corporation,2490,0,0.442,1100.58,0,1,Unrestricted,2490
08-04-2026,CM: Qualitel WA,814L-10-002925,10-002925,IC OFFLINE SWITCH FLYBACK 8DSO,Electrical Components,OTS,"Seattle, WA",Stock,FALSE,Qualitel,3749,0,0.3196,1198.1804,0,0,Unrestricted,3749
08-04-2026,Lunar Netsuite,10-002925,10-002925,IC OFFLINE SWITCH FLYBACK 8DSO,Electrical Components,OTS,JIT - Reno,NS,FALSE,Lunar Energy,19642,0,0.4528,8893.8976,0,0,Unrestricted,14642
08-04-2026,CM: Sienna GA,10-002925 REV-01,10-002925,IC OFFLINE SWITCH FLYBACK 8DSO,Electrical Components,OTS,ATLN,LINE,FALSE,Sienna Corporation,2052,0,0.442,906.984,0,1,Unrestricted,2052
08-04-2026,Lunar Netsuite,10-002926,10-002926,RES 1 OHM 1% 2W 2512,Electrical Components,OTS,CCL (Computer Components Ltd),NS,FALSE,Lunar Energy,8000,0,0.28,2240,0,0,Unrestricted,8000
08-04-2026,Lunar Netsuite,10-002929,10-002929,"TIM, INDUCTOR, DCDC",Part,MTS,JIT - Reno,NS,FALSE,Lunar Energy,17145,0,0.7,12001.5,0,0,Unrestricted,17145
08-04-2026,CM: Qualitel WA,814L-10-002929,10-002929,"TIM, INDUCTOR, DCDC",Part,MTS,"Seattle, WA",Stock,FALSE,Qualitel,5484,0,0.7,3838.8,0,0,Unrestricted,5484
08-04-2026,CM: Celestica MX,10-0029293MS,10-002929,"TIM, INDUCTOR, DCDC",Part,MTS,Monterrey Prod,1000,FALSE,Celestica,-18,0,0.7,-12.6,0,0,Unrestricted,-18
08-04-2026,CM: Sienna GA,10-002932 REV-1,10-002932,RES 44.2K OHM 1% 1/10W 0603 AEC-Q,Electrical Components,OTS,ATLN,LINE,FALSE,Sienna Corporation,8557,0,0.002,17.114,0,1,Unrestricted,8557
08-04-2026,CM: Qualitel WA,814L-10-002932,10-002932,RES 44.2K OHM 1% 1/10W 0603 AEC-Q,Electrical Components,OTS,"Seattle, WA",Stock,FALSE,Qualitel,8747,0,0.0014,12.2458,0,0,Unrestricted,8747
08-04-2026,CM: Sienna GA,10-002933 REV-01,10-002933,RES 715 OHM 1% 1/10W 0603 AEC-Q,Electrical Components,OTS,ATLN,LINE,FALSE,Sienna Corporation,13039,0,0.0018,23.4702,0,1,Unrestricted,13039
08-04-2026,CM: Qualitel WA,814L-10-002933,10-002933,RES 715 OHM 1% 1/10W 0603 AEC-Q,Electrical Components,OTS,"Seattle, WA",Stock,FALSE,Qualitel,13750,0,0.0007,9.625,0,0,Unrestricted,13750
08-04-2026,CM: Sienna GA,10-002934 REV-01,10-002934,DIODE GEN PURP 600V 5A SMC,Electrical Components,OTS,ATLN,LINE,FALSE,Sienna Corporation,2047,0,0.1437,294.1539,0,1,Unrestricted,2047
08-04-2026,Lunar Netsuite,10-002934,10-002934,DIODE GEN PURP 600V 5A SMC,Electrical Components,OTS,JIT - Reno,NS,FALSE,Lunar Energy,30000,0,0.14,4200,0,0,Unrestricted,30000
08-04-2026,CM: Sienna GA,10-002934 REV-01,10-002934,DIODE GEN PURP 600V 5A SMC,Electrical Components,OTS,ATLN,MAIN,FALSE,Sienna Corporation,9000,0,0.1437,1293.3,0,1,Unrestricted,9000
08-04-2026,Lunar Netsuite,10-002934,10-002934,DIODE GEN PURP 600V 5A SMC,Electrical Components,OTS,NexGen Digital Inc,NS,FALSE,Lunar Energy,114000,0,0.14,15960,0,0,Unrestricted,114000
08-04-2026,CM: Sienna GA,10-002937 REV-01,10-002937,IC VREF SHUNT ADJ 0.4% 8SO,Electrical Components,OTS,ATLN,LINE,FALSE,Sienna Corporation,4592,0,0.189,867.888,0,1,Unrestricted,4592
08-04-2026,Lunar Netsuite,10-002937,10-002937,IC VREF SHUNT ADJ 0.4% 8SO,Electrical Components,OTS,JIT - Reno,NS,FALSE,Lunar Energy,26000,0,0.16,4160,0,0,Unrestricted,26000
08-04-2026,Lunar Netsuite,10-002937,10-002937,IC VREF SHUNT ADJ 0.4% 8SO,Electrical Components,OTS,NexGen Digital Inc,NS,FALSE,Lunar Energy,12500,0,0.16,2000,0,0,Unrestricted,12500
08-04-2026,CM: Sienna GA,10-002937 REV-01,10-002937,IC VREF SHUNT ADJ 0.4% 8SO,Electrical Components,OTS,ATLN,MAIN,FALSE,Sienna Corporation,5000,0,0.189,945,0,1,Unrestricted,5000
08-04-2026,CM: Qualitel WA,814L-10-002937,10-002937,IC VREF SHUNT ADJ 0.4% 8SO,Electrical Components,OTS,"Seattle, WA",Stock,FALSE,Qualitel,6249,0,0.159,993.591,0,0,Unrestricted,6249
08-04-2026,CM: Sienna GA,C10-002941 REV-1,10-002941,DC DC CONVERTER 12V 3W,Electrical Components,OTS,ATLN,WR61,TRUE,Lunar Energy,90,0,0,0,0,1,Unrestricted,90
08-04-2026,CM: Celestica MX,10-0029413MS,10-002941,DC DC CONVERTER 12V 3W,Electrical Components,OTS,Monterrey Prod,1000,FALSE,Celestica,-2,0,11.43,-22.86,0,0,Unrestricted,-2
08-04-2026,Lunar Netsuite,10-002941,10-002941,DC DC CONVERTER 12V 3W,Electrical Components,OTS,Sienna Corporation - GA,NS,FALSE,Lunar Energy,90,0,11.43,1028.7,0,0,Unrestricted,0
08-04-2026,Lunar Netsuite,10-002941,10-002941,DC DC CONVERTER 12V 3W,Electrical Components,OTS,JIT - Reno,NS,FALSE,Lunar Energy,11560,0,11.43,132130.8,0,0,Unrestricted,11560
08-04-2026,Lunar Netsuite,10-002946,10-002946,RES 0.51 OHM 1% 1/6W 0402,Electrical Components,OTS,CCL (Computer Components Ltd),NS,FALSE,Lunar Energy,70000,0,0.0467,3269,0,0,Unrestricted,70000
08-04-2026,Lunar Netsuite,10-002946,10-002946,RES 0.51 OHM 1% 1/6W 0402,Electrical Components,OTS,Avnet,NS,FALSE,Lunar Energy,340000,0,0.0467,15878,0,0,Unrestricted,340000
08-04-2026,Lunar Netsuite,10-002956,10-002956,IC REG LINEAR 3.3V 100MA 6DFN,Electrical Components,OTS,JIT - Reno,NS,FALSE,Lunar Energy,45399,0,0.46,20883.54,0,0,Unrestricted,45399
08-04-2026,CM: Qualitel WA,814L-10-002956,10-002956,IC REG LINEAR 3.3V 100MA 6DFN,Electrical Components,OTS,"Seattle, WA",Stock,FALSE,Qualitel,14181,0,0.284,4027.404,0,0,Unrestricted,14181
08-04-2026,CM: Celestica MX,10-0029563MS,10-002956,IC REG LINEAR 3.3V 100MA 6DFN,Electrical Components,OTS,Monterrey Prod,1000,FALSE,Celestica,19,0,0.46,8.74,0,0,Unrestricted,19
08-04-2026,CM: Celestica MX,10-0029573MS,10-002957,MOSFET N-CH 100V 170MA SOT23-3,Electrical Components,OTS,Monterrey Prod,1000,FALSE,Celestica,-4,0,0.0268,-0.1072,0,0,Unrestricted,-4
08-04-2026,CM: Qualitel WA,814L-10-002957,10-002957,MOSFET N-CH 100V 170MA SOT23-3,Electrical Components,OTS,"Seattle, WA",Stock,FALSE,Qualitel,50308,0,0.0213,1071.5604,0,0,Unrestricted,50308
08-04-2026,Lunar Netsuite,10-002957,10-002957,MOSFET N-CH 100V 170MA SOT23-3,Electrical Components,OTS,JIT - Reno,NS,FALSE,Lunar Energy,84528,0,0.03,2535.84,0,0,Unrestricted,84528
08-04-2026,CM: Qualitel WA,814L-10-002958,10-002958,MOSFET P-CH 100V 22A D2PAK,Electrical Components,OTS,"Seattle, WA",Stock,FALSE,Qualitel,10385,0,0.585,6075.225,0,0,Unrestricted,10385
08-04-2026,CM: Celestica MX,10-0029583MS,10-002958,MOSFET P-CH 100V 22A D2PAK,Electrical Components,OTS,Monterrey Prod,1000,FALSE,Celestica,-2,0,0.6453,-1.2906,0,0,Unrestricted,-2
08-04-2026,CM: Sienna GA,C10-002958 REV-01,10-002958,MOSFET P-CH 100V 22A D2PAK,Electrical Components,OTS,ATLN,EXIN,TRUE,Lunar Energy,0,0,0,0,0,1,Unrestricted,0
08-04-2026,Lunar Netsuite,10-002983,10-002983,RES 150K OHM 1% 1/4W 1206,Electrical Components,OTS,Sienna Corporation - GA,NS,FALSE,Lunar Energy,10000,0,0.0034,34,0,0,Unrestricted,0
08-04-2026,CM: Sienna GA,C10-002983 REV-01,10-002983,RES 150K OHM 1% 1/4W 1206,Electrical Components,OTS,ATLN,WR84,TRUE,Lunar Energy,10000,0,0,0,0,1,Unrestricted,10000
08-04-2026,Lunar Netsuite,10-002983,10-002983,RES 150K OHM 1% 1/4W 1206,Electrical Components,OTS,Avnet,NS,FALSE,Lunar Energy,60000,0,0.0034,204,0,0,Unrestricted,60000
08-04-2026,Lunar Netsuite,10-002983,10-002983,RES 150K OHM 1% 1/4W 1206,Electrical Components,OTS,CCL (Computer Components Ltd),NS,FALSE,Lunar Energy,405000,0,0.0034,1377,0,0,Unrestricted,405000
08-04-2026,CM: Sienna GA,10-002984 REV-1,10-002984,CONN HEADER SMD 3POS 2.5MM,Electrical Components,OTS,ATLN,MAIN,FALSE,Sienna Corporation,3900,0,0.784,3057.6,0,1,Unrestricted,3900
08-04-2026,CM: Qualitel WA,814L-10-002984,10-002984,CONN HEADER SMD 3POS 2.5MM,Electrical Components,OTS,"Seattle, WA",Stock,FALSE,Qualitel,2935,0,0.687,2016.345,0,0,Unrestricted,2935
08-04-2026,CM: Sienna GA,10-002984 REV-1,10-002984,CONN HEADER SMD 3POS 2.5MM,Electrical Components,OTS,ATLN,LINE,FALSE,Sienna Corporation,741,0,0.784,580.944,0,1,Unrestricted,741
08-04-2026,Lunar Netsuite,10-002986,10-002986,"Fan,DC-DC,Jacketed Leads",Part,OTS,JIT - Reno,NS,FALSE,Lunar Energy,2520,0,6.65,16758,0,0,Unrestricted,2520
08-04-2026,CM: Sienna GA,10-003002 REV-09,10-003002,"Guide, Header Pins, PCBA, Bridge",Part,MTS,ATLN,LINE,FALSE,Sienna Corporation,4976,0,0.22,1094.72,0,9,Unrestricted,4976
08-04-2026,CM: Qualitel WA,814L-10-003004,10-003004,CT Busbar PTH mount,Part,OTS,"Seattle, WA",Stock,FALSE,Qualitel,9358,0,2.8,26202.4,0,0,Unrestricted,9358
08-04-2026,CM: Sienna GA,10-003004 REV-03,10-003004,CT Busbar PTH mount,Part,OTS,ATLN,RH23,FALSE,Sienna Corporation,2400,0,3.1,7440,0,3,Unrestricted,2400
08-04-2026,CM: Sienna GA,10-003004 REV-03,10-003004,CT Busbar PTH mount,Part,OTS,ATLN,LPAC,FALSE,Sienna Corporation,566,0,3.1,1754.6,0,3,Unrestricted,566
08-04-2026,CM: Sienna GA,10-003004 REV-03,10-003004,CT Busbar PTH mount,Part,OTS,ATLN,LINE,FALSE,Sienna Corporation,4000,0,3.1,12400,0,3,Unrestricted,4000
08-04-2026,CM: Sienna GA,10-003004 REV-03,10-003004,CT Busbar PTH mount,Part,OTS,ATLN,RIQC,FALSE,Sienna Corporation,907,0,3.1,2811.7,0,3,Unrestricted,907
08-04-2026,CM: Sienna GA,10-003005 REV-01,10-003005,"Adhesive, Double-sided, Heat Sink, Maximizer",Part,MTS,ATLN,LINE,FALSE,Sienna Corporation,222,0,0,0,0,1,Unrestricted,222
08-04-2026,CM: Sienna GA,10-003009 REV-03,10-003009,"Adhesive, Tape, Insulator, Load Tray, Bridge",Part,MTS,ATLN,LPAC,FALSE,Sienna Corporation,3208,0,0.067,214.936,0,3,Unrestricted,3208
08-04-2026,CM: Sienna GA,10-003009 REV-03,10-003009,"Adhesive, Tape, Insulator, Load Tray, Bridge",Part,MTS,ATLN,LINE,FALSE,Sienna Corporation,3287,0,0.067,220.229,0,3,Unrestricted,3287
08-04-2026,Lunar Netsuite,10-003040,10-003040,CAP CER 0.1UF 50V X7R 0603,Electrical Components,OTS,CA - Ravendale,NS,FALSE,Lunar Energy,4000,0,0.0163,65.2,0,0,Unrestricted,4000
08-04-2026,CM: Sienna GA,10-003040 REV-01,10-003040,CAP CER 0.1UF 50V X7R 0603,Electrical Components,OTS,ATLN,LINE,FALSE,Sienna Corporation,10233,0,0.0069,70.6077,0,1,Unrestricted,10233
08-04-2026,Lunar Netsuite,10-003040,10-003040,CAP CER 0.1UF 50V X7R 0603,Electrical Components,OTS,JIT - Reno,NS,FALSE,Lunar Energy,36000,0,0.0158,568.8,0,0,Unrestricted,36000
08-04-2026,CM: Sienna GA,10-003040 REV-01,10-003040,CAP CER 0.1UF 50V X7R 0603,Electrical Components,OTS,ATLN,MAIN,FALSE,Sienna Corporation,135980,0,0.0069,938.262,0,1,Unrestricted,135980
08-04-2026,CM: Qualitel WA,814L-10-003040,10-003040,CAP CER 0.1UF 50V X7R 0603,Electrical Components,OTS,"Seattle, WA",Stock,FALSE,Qualitel,90479,0,0.0015,135.7185,0,0,Unrestricted,90479
08-04-2026,CM: Sienna GA,10-003041 REV-01,10-003041,RES SMD 100 OHM 0.1% 1/10W 0805,Electrical Components,OTS,ATLN,LINE,FALSE,Sienna Corporation,4162,0,0.27,1123.74,0,1,Unrestricted,4162
08-04-2026,CM: Sienna GA,10-003041 REV-01,10-003041,RES SMD 100 OHM 0.1% 1/10W 0805,Electrical Components,OTS,ATLN,MAIN,FALSE,Sienna Corporation,63000,0,0.27,17010,0,1,Unrestricted,63000
08-04-2026,CM: Qualitel WA,814L-10-003041,10-003041,RES SMD 100 OHM 0.1% 1/10W 0805,Electrical Components,OTS,"Seattle, WA",Stock,FALSE,Qualitel,75689,0,0.0675,5109.0075,0,0,Unrestricted,75689
08-04-2026,CM: Sienna GA,10-003041 REV-01,10-003041,RES SMD 100 OHM 0.1% 1/10W 0805,Electrical Components,OTS,ATLN,RIQC,FALSE,Sienna Corporation,5000,0,0.27,1350,0,1,Unrestricted,5000
08-04-2026,CM: Qualitel WA,814L-10-08058A,10-003055,"Threadlocking Adhesive, Low Strength",Part,OTS,"Seattle, WA",Stock,FALSE,Qualitel,1.98,0,0,0,0,0,Unrestricted,1.98
08-04-2026,CM: Qualitel WA,814L-10-003055,10-003055,"Threadlocking Adhesive, Low Strength",Part,OTS,"Seattle, WA",Stock,FALSE,Qualitel,699,0,1.4605,1020.8895,0,0,Unrestricted,699
08-04-2026,CM: Sienna GA,10-003056 REV-02,10-003056,Inductor 150uH 4A peak high voltage rated Custom,Electrical Components,OTS,ATLN,MAIN,FALSE,Sienna Corporation,2080,0,2.85,5928,0,2,Unrestricted,2080
08-04-2026,CM: Sienna GA,10-003056 REV-02,10-003056,Inductor 150uH 4A peak high voltage rated Custom,Electrical Components,OTS,ATLN,LINE,FALSE,Sienna Corporation,992,0,2.85,2827.2,0,2,Unrestricted,992
08-04-2026,Lunar Netsuite,10-003060,10-003060,CAP CER 100UF 6.3V X7S 1210,Electrical Components,OTS,CCL (Computer Components Ltd),NS,FALSE,Lunar Energy,20000,0,0.302,6040,0,0,Unrestricted,20000
08-04-2026,CM: Sienna GA,10-003063 REV-01,10-003063,RES SMD 64.9K OHM 1% 1/10W 0603 AEC-Q,Electrical Components,OTS,ATLN,LINE,FALSE,Sienna Corporation,42189,0,0.005,210.945,0,1,Unrestricted,42189
08-04-2026,Lunar Netsuite,10-003063,10-003063,RES SMD 64.9K OHM 1% 1/10W 0603 AEC-Q,Electrical Components,OTS,CCL (Computer Components Ltd),NS,FALSE,Lunar Energy,70000,0,0.0038,266,0,0,Unrestricted,70000
08-04-2026,CM: Qualitel WA,814L-10-003063,10-003063,RES SMD 64.9K OHM 1% 1/10W 0603 AEC-Q,Electrical Components,OTS,"Seattle, WA",Stock,FALSE,Qualitel,28158,0,0.0034,95.7372,0,0,Unrestricted,28158
08-04-2026,CM: Sienna GA,10-003063 REV-01,10-003063,RES SMD 64.9K OHM 1% 1/10W 0603 AEC-Q,Electrical Components,OTS,ATLN,MAIN,FALSE,Sienna Corporation,20000,0,0.005,100,0,1,Unrestricted,20000
08-04-2026,CM: Sienna GA,10-003064 REV-01,10-003064,RES SMD 93.1K OHM 1% 1/10W 0603,Electrical Components,OTS,ATLN,MAIN,FALSE,Sienna Corporation,3838,0,0.0039,14.9682,0,1,Unrestricted,3838
08-04-2026,Lunar Netsuite,10-003064,10-003064,RES SMD 93.1K OHM 1% 1/10W 0603,Electrical Components,OTS,JIT - Reno,NS,FALSE,Lunar Energy,4900,0,0.0039,19.11,0,0,Unrestricted,4900
08-04-2026,CM: Sienna GA,10-003068 REV-01,10-003068,"NUT, M5x0.8 6Hx5mm, NYLON INSERT, STEEL, 3um ZINC",Part,OTS,ATLN,RIQC,FALSE,Sienna Corporation,31000,0,0.059,1829,0,1,Unrestricted,31000
08-04-2026,CM: Sienna GA,10-003068 REV-01,10-003068,"NUT, M5x0.8 6Hx5mm, NYLON INSERT, STEEL, 3um ZINC",Part,OTS,ATLN,LINE,FALSE,Sienna Corporation,22484,0,0.059,1326.556,0,1,Unrestricted,22484
08-04-2026,CM: Sienna GA,10-003072 REV-01,10-003072,CAP CER 33NF 1000V C0G 2220 AEC-Q,Electrical Components,OTS,ATLN,PAMS,FALSE,Sienna Corporation,8000,0,2.23,17840,0,1,Unrestricted,8000
08-04-2026,CM: Qualitel WA,814L-10-003072,10-003072,CAP CER 33NF 1000V C0G 2220 AEC-Q,Electrical Components,OTS,"Seattle, WA",Stock,FALSE,Qualitel,32879,0,1.56,51291.24,0,0,Unrestricted,32879
08-04-2026,CM: Sienna GA,10-003072 REV-01,10-003072,CAP CER 33NF 1000V C0G 2220 AEC-Q,Electrical Components,OTS,ATLN,LINE,FALSE,Sienna Corporation,4861,0,2.23,10840.03,0,1,Unrestricted,4861
08-04-2026,CM: Sienna GA,10-003072 REV-01,10-003072,CAP CER 33NF 1000V C0G 2220 AEC-Q,Electrical Components,OTS,ATLN,MAIN,FALSE,Sienna Corporation,9490,0,2.23,21162.7,0,1,Unrestricted,9490
08-04-2026,CM: Sienna GA,10-003078 REV-05,10-003078,"Wire Harness, Positive, PV Hub",Part,MTS,ATLN,RL23,FALSE,Sienna Corporation,1650,0,0.3,495,0,5,Unrestricted,1650
08-04-2026,CM: Sienna GA,10-003078 REV-05,10-003078,"Wire Harness, Positive, PV Hub",Part,MTS,ATLN,LINE,FALSE,Sienna Corporation,1968,0,0.3,590.4,0,5,Unrestricted,1968
08-04-2026,CM: Sienna GA,10-003079 REV-05,10-003079,"Wire Harness, Negative, PV Hub",Part,MTS,ATLN,LINE,FALSE,Sienna Corporation,1067,0,0.3,320.1,0,5,Unrestricted,1067
08-04-2026,CM: Sienna GA,10-003079 REV-05,10-003079,"Wire Harness, Negative, PV Hub",Part,MTS,ATLN,RPB2,FALSE,Sienna Corporation,2225,0,0.3,667.5,0,5,Unrestricted,2225
08-04-2026,Lunar Netsuite,10-003081,10-003081,Circuit Board Hardware - PCB 10u AU OVER NI,Electrical Components,OTS,JIT - Reno,NS,FALSE,Lunar Energy,15000,0,0.113,1695,0,0,Unrestricted,15000
08-04-2026,CM: Sienna GA,10-003096 REV-01,10-003096,CAP CER 10UF 50V X7S 1210 AEC-Q,Electrical Components,OTS,ATLN,LINE,FALSE,Sienna Corporation,4442,0,0.381,1692.402,0,1,Unrestricted,4442
08-04-2026,CM: Qualitel WA,814L-10-003096,10-003096,CAP CER 10UF 50V X7S 1210 AEC-Q,Electrical Components,OTS,"Seattle, WA",Stock,FALSE,Qualitel,13988,0,0.2253,3151.4964,0,0,Unrestricted,13988
08-04-2026,CM: Sienna GA,10-003096 REV-01,10-003096,CAP CER 10UF 50V X7S 1210 AEC-Q,Electrical Components,OTS,ATLN,MAIN,FALSE,Sienna Corporation,19000,0,0.381,7239,0,1,Unrestricted,19000
08-04-2026,Lunar Netsuite,10-003096,10-003096,CAP CER 10UF 50V X7S 1210 AEC-Q,Electrical Components,OTS,JIT - Reno,NS,FALSE,Lunar Energy,1000,0,0.23,230,0,0,Unrestricted,0
08-04-2026,CM: Sienna GA,10-003097 REV-01,10-003097,DIODE ZENER 51V 5W DO214AA,Electrical Components,OTS,ATLN,RIQC,FALSE,Sienna Corporation,9000,0,0.129,1161,0,1,Unrestricted,9000
08-04-2026,CM: Qualitel WA,814L-10-003097,10-003097,DIODE ZENER 51V 5W DO214AA,Electrical Components,OTS,"Seattle, WA",Stock,FALSE,Qualitel,20748,0,0.0895,1856.946,0,0,Unrestricted,20748
08-04-2026,CM: Sienna GA,10-003097 REV-01,10-003097,DIODE ZENER 51V 5W DO214AA,Electrical Components,OTS,ATLN,LINE,FALSE,Sienna Corporation,3978,0,0.129,513.162,0,1,Unrestricted,3978
08-04-2026,Lunar Netsuite,10-003097,10-003097,DIODE ZENER 51V 5W DO214AA,Electrical Components,OTS,JIT - Reno,NS,FALSE,Lunar Energy,3000,0,0.129,387,0,0,Unrestricted,0
08-04-2026,CM: Sienna GA,10-003098 REV-1,10-003098,Power Transformers Flyback Transformer for LT8316,Electrical Components,OTS,ATLN,MAIN,FALSE,Sienna Corporation,391,0,3.25,1270.75,0,1,Unrestricted,391
08-04-2026,CM: Qualitel WA,814L-10-003098,10-003098,Power Transformers Flyback Transformer for LT8316,Electrical Components,OTS,"Seattle, WA",Stock,FALSE,Qualitel,3429,0,2.71,9292.59,0,0,Unrestricted,3429
08-04-2026,Lunar Netsuite,10-003098,10-003098,Power Transformers Flyback Transformer for LT8316,Electrical Components,OTS,CA - Ravendale,NS,FALSE,Lunar Energy,20,0,0,0,0,0,Unrestricted,20
08-04-2026,CM: Sienna GA,10-003098 REV-1,10-003098,Power Transformers Flyback Transformer for LT8316,Electrical Components,OTS,ATLN,LINE,FALSE,Sienna Corporation,722,0,3.25,2346.5,0,1,Unrestricted,722
08-04-2026,CM: Sienna GA,10-003099 REV-01,10-003099,CAP ALUM POLY 82UF 20% 50V SMD AEC-Q,Electrical Components,OTS,ATLN,RIQC,FALSE,Sienna Corporation,7000,0,0.27,1890,0,1,Unrestricted,7000
08-04-2026,CM: Sienna GA,10-003099 REV-01,10-003099,CAP ALUM POLY 82UF 20% 50V SMD AEC-Q,Electrical Components,OTS,ATLN,LINE,FALSE,Sienna Corporation,3136,0,0.27,846.72,0,1,Unrestricted,3136
08-04-2026,Lunar Netsuite,10-003099,10-003099,CAP ALUM POLY 82UF 20% 50V SMD AEC-Q,Electrical Components,OTS,JIT - Reno,NS,FALSE,Lunar Energy,11500,0,0.6647,7644.05,0,0,Unrestricted,0
08-04-2026,CM: Sienna GA,10-003099 REV-01,10-003099,CAP ALUM POLY 82UF 20% 50V SMD AEC-Q,Electrical Components,OTS,ATLN,MAIN,FALSE,Sienna Corporation,21769,0,0.27,5877.63,0,1,Unrestricted,21769
08-04-2026,CM: Qualitel WA,814L-10-003099,10-003099,CAP ALUM POLY 82UF 20% 50V SMD AEC-Q,Electrical Components,OTS,"Seattle, WA",Stock,FALSE,Qualitel,17002,0,0.266,4522.532,0,0,Unrestricted,17002
08-04-2026,CM: Sienna GA,10-003100 REV-01,10-003100,RES 49.9K OHM 1% 1/10W 0603,Electrical Components,OTS,ATLN,LINE,FALSE,Sienna Corporation,32901,0,0.0013,42.7713,0,1,Unrestricted,32901
08-04-2026,CM: Qualitel WA,814L-10-003100,10-003100,RES 49.9K OHM 1% 1/10W 0603,Electrical Components,OTS,"Seattle, WA",Stock,FALSE,Qualitel,44407,0,0.0008,35.5256,0,0,Unrestricted,44407
08-04-2026,CM: Sienna GA,10-003100 REV-01,10-003100,RES 49.9K OHM 1% 1/10W 0603,Electrical Components,OTS,ATLN,MAIN,FALSE,Sienna Corporation,15000,0,0.0013,19.5,0,1,Unrestricted,15000
08-04-2026,CM: Sienna GA,10-003113 REV-02,10-003113,"Screw,M3x0.5 6g x8mm,BHT T8,Flange,Steel,ZiNi BC,Nylon Patch",Part,OTS,ATLN,WHS2,FALSE,Sienna Corporation,22402,0,0.0232,519.7264,0,2,Unrestricted,22402
08-04-2026,Lunar Netsuite,10-003113,10-003113,"Screw,M3x0.5 6g x8mm,BHT T8,Flange,Steel,ZiNi BC,Nylon Patch",Part,OTS,CA - Ravendale,NS,FALSE,Lunar Energy,250,0,0.026,6.5,0,0,Unrestricted,250
08-04-2026,CM: Sienna GA,10-003113 REV-02,10-003113,"Screw,M3x0.5 6g x8mm,BHT T8,Flange,Steel,ZiNi BC,Nylon Patch",Part,OTS,ATLN,RP62,FALSE,Sienna Corporation,247495,0,0.0232,5741.884,0,2,Unrestricted,247495
08-04-2026,CM: Sienna GA,10-003122 REV-04,10-003122,"Light Pipe Trio, Plastic, 3mm tip",Part,MTS,ATLN,LINE,FALSE,Sienna Corporation,230,0,3.7,851,0,4,Unrestricted,230
08-04-2026,CM: Sienna GA,10-003122 REV-04,10-003122,"Light Pipe Trio, Plastic, 3mm tip",Part,MTS,ATLN,RIQC,FALSE,Sienna Corporation,296,0,3.7,1095.2,0,4,Unrestricted,296
08-04-2026,CM: Sienna GA,10-003122 REV-04,10-003122,"Light Pipe Trio, Plastic, 3mm tip",Part,MTS,ATLN,RQ62,FALSE,Sienna Corporation,568,0,3.7,2101.6,0,4,Unrestricted,568
08-04-2026,CM: Sienna GA,10-003124 REV-06,10-003124,"Light Pipe Trio, Molded",Part,MTS,ATLN,LINE,FALSE,Sienna Corporation,398,0,11.68,4648.64,0,6,Unrestricted,398
08-04-2026,CM: Sienna GA,10-003124 REV-06,10-003124,"Light Pipe Trio, Molded",Part,MTS,ATLN,MRB,FALSE,Sienna Corporation,0,67,11.68,0,782.56,6,Restricted,0
08-04-2026,CM: Sienna GA,10-003133 REV-01,10-003133,"Overmolding Gasket, Antenna Pass Thru",Part,MTS,ATLN,LINE,FALSE,Sienna Corporation,2621,0,0.5,1310.5,0,1,Unrestricted,2621
08-04-2026,CM: Sienna GA,10-003160 REV-1,10-003160,"XMFR CUSTOM T/H 12PIN 30.7 X 30,0 X 24.6MM",Electrical Components,OTS,ATLN,MAIN,FALSE,Sienna Corporation,960,0,2.9,2784,0,1,Unrestricted,960
08-04-2026,CM: Sienna GA,10-003160 REV-1,10-003160,"XMFR CUSTOM T/H 12PIN 30.7 X 30,0 X 24.6MM",Electrical Components,OTS,ATLN,RK23,FALSE,Sienna Corporation,1344,0,2.9,3897.6,0,1,Unrestricted,1344
08-04-2026,CM: Sienna GA,10-003160 REV-1,10-003160,"XMFR CUSTOM T/H 12PIN 30.7 X 30,0 X 24.6MM",Electrical Components,OTS,ATLN,RIQC,FALSE,Sienna Corporation,1176,0,2.9,3410.4,0,1,Unrestricted,1176
08-04-2026,CM: Sienna GA,10-003160 REV-1,10-003160,"XMFR CUSTOM T/H 12PIN 30.7 X 30,0 X 24.6MM",Electrical Components,OTS,ATLN,LINE,FALSE,Sienna Corporation,806,0,2.9,2337.4,0,1,Unrestricted,806
08-04-2026,CM: Qualitel WA,814L-10-003160,10-003160,"XMFR CUSTOM T/H 12PIN 30.7 X 30,0 X 24.6MM",Electrical Components,OTS,"Seattle, WA",Stock,FALSE,Qualitel,2822,0,2.9,8183.8,0,0,Unrestricted,2822
08-04-2026,CM: Sienna GA,10-003171 REV-01,10-003171,IC TRNSLTR UNIDIRECTIONAL SC88A,Electrical Components,OTS,ATLN,LINE,FALSE,Sienna Corporation,2697,0,0.424,1143.528,0,1,Unrestricted,2697
08-04-2026,CM: Sienna GA,10-003186 REV-01,10-003186,RES 11K OHM 1% 1/16W 0402 AEC-Q,Electrical Components,OTS,ATLN,LINE,FALSE,Sienna Corporation,5752,0,0.1,575.2,0,1,Unrestricted,5752
08-04-2026,CM: Qualitel WA,814L-10-003186,10-003186,RES 11K OHM 1% 1/16W 0402 AEC-Q,Electrical Components,OTS,"Seattle, WA",Stock,FALSE,Qualitel,8747,0,0.0016,13.9952,0,0,Unrestricted,8747
08-04-2026,CM: Sienna GA,10-003188 REV-01,10-003188,RES 0.5 OHM 1% 2W 2512 AEC-Q,Electrical Components,OTS,ATLN,LINE,FALSE,Sienna Corporation,7676,0,0.152,1166.752,0,1,Unrestricted,7676
08-04-2026,CM: Sienna GA,10-003188 REV-01,10-003188,RES 0.5 OHM 1% 2W 2512 AEC-Q,Electrical Components,OTS,ATLN,RIQC,FALSE,Sienna Corporation,4000,0,0.152,608,0,1,Unrestricted,4000
08-04-2026,CM: Qualitel WA,814L-10-003188,10-003188,RES 0.5 OHM 1% 2W 2512 AEC-Q,Electrical Components,OTS,"Seattle, WA",Stock,FALSE,Qualitel,6728,0,0.123,827.544,0,0,Unrestricted,6728
08-04-2026,CM: Sienna GA,10-003189 REV-01,10-003189,RES 200K OHM 5% 1/2W 1210 AEC-Q,Electrical Components,OTS,ATLN,MAIN,FALSE,Sienna Corporation,5000,0,0.0167,83.5,0,1,Unrestricted,5000
08-04-2026,CM: Sienna GA,10-003189 REV-01,10-003189,RES 200K OHM 5% 1/2W 1210 AEC-Q,Electrical Components,OTS,ATLN,LINE,FALSE,Sienna Corporation,10014,0,0.0167,167.2338,0,1,Unrestricted,10014
08-04-2026,CM: Qualitel WA,814L-10-003189,10-003189,RES 200K OHM 5% 1/2W 1210 AEC-Q,Electrical Components,OTS,"Seattle, WA",Stock,FALSE,Qualitel,13751,0,0.0129,177.3879,0,0,Unrestricted,13751
08-04-2026,CM: Qualitel WA,814L-10-003248,10-003248,RES 2K OHM 1% 1/10W 0402 AEC-Q,Electrical Components,OTS,"Seattle, WA",MRB,FALSE,Qualitel,0,10000,0.0028,0,28,0,Restricted,0
08-04-2026,CM: Qualitel WA,814L-10-003248,10-003248,RES 2K OHM 1% 1/10W 0402 AEC-Q,Electrical Components,OTS,"Seattle, WA",PO Inspection,FALSE,Qualitel,0,10000,0.0028,0,28,0,Restricted,0
08-04-2026,CM: Qualitel WA,814L-10-003248,10-003248,RES 2K OHM 1% 1/10W 0402 AEC-Q,Electrical Components,OTS,"Seattle, WA",Stock,FALSE,Qualitel,-5036,0,0.0028,-14.1008,0,0,Unrestricted,-5036
08-04-2026,CM: Sienna GA,10-003248 REV-01,10-003248,RES 2K OHM 1% 1/10W 0402 AEC-Q,Electrical Components,OTS,ATLN,LINE,FALSE,Sienna Corporation,19555,0,0.003,58.665,0,1,Unrestricted,19555
08-04-2026,CM: Qualitel WA,814L-10-003252,10-003252,RES SMD 6.2K OHM 1% 1/10W 0402 AEC-Q,Electrical Components,OTS,"Seattle, WA",Stock,FALSE,Qualitel,8745,0,0.0025,21.8625,0,0,Unrestricted,8745
08-04-2026,CM: Sienna GA,10-003252 REV-01,10-003252,RES SMD 6.2K OHM 1% 1/10W 0402 AEC-Q,Electrical Components,OTS,ATLN,LINE,FALSE,Sienna Corporation,51242,0,0.0034,174.2228,0,1,Unrestricted,51242
08-04-2026,Lunar Netsuite,10-003269,10-003269,CAP CER 0.1UF 50V X7R 0402,Electrical Components,OTS,CA - Ravendale,NS,FALSE,Lunar Energy,211900,0,0.005,1059.5,0,0,Unrestricted,211900
08-04-2026,CM: Qualitel WA,814L-10-003269,10-003269,CAP CER 0.1UF 50V X7R 0402,Electrical Components,OTS,"Seattle, WA",Stock,FALSE,Qualitel,70034,0,0.0027,189.0918,0,0,Unrestricted,70034
08-04-2026,CM: Celestica MX,10-0032743MS,10-003274,CAP CER 10UF 100V X7S 10% 1210,Electrical Components,OTS,Monterrey Prod,1000,FALSE,Celestica,730,0,0.216,157.68,0,0,Unrestricted,730
08-04-2026,CM: Qualitel WA,814L-10-003274,10-003274,CAP CER 10UF 100V X7S 10% 1210,Electrical Components,OTS,"Seattle, WA",Stock,FALSE,Qualitel,50665,0,0.177,8967.705,0,0,Unrestricted,50665
08-04-2026,Lunar Netsuite,10-003335,10-003335,CAP CER 2200PF 50V X7R 0402,Electrical Components,OTS,CA - Ravendale,NS,FALSE,Lunar Energy,20000,0,0.0025,50,0,0,Unrestricted,20000
08-04-2026,CM: Qualitel WA,814L-10-003350,10-003350,DIODE SCHOTTKY 200V 5A SMC,Electrical Components,OTS,"Seattle, WA",Stock,FALSE,Qualitel,10505,0,0.075,787.875,0,0,Unrestricted,10505
08-04-2026,CM: Sienna GA,10-003350 REV-01,10-003350,DIODE SCHOTTKY 200V 5A SMC,Electrical Components,OTS,ATLN,LINE,FALSE,Sienna Corporation,2391,0,0.14,334.74,0,1,Unrestricted,2391
08-04-2026,CM: Sienna GA,10-003350 REV-01,10-003350,DIODE SCHOTTKY 200V 5A SMC,Electrical Components,OTS,ATLN,MAIN,FALSE,Sienna Corporation,15093,0,0.14,2113.02,0,1,Unrestricted,15093
08-04-2026,CM: Sienna GA,10-003357 REV-01,10-003357,XFMR CUSTOM SMD 12PIN 31.00 X 32.70 X 15.50MM MAX,Electrical Components,OTS,ATLN,MAIN,FALSE,Sienna Corporation,1649,0,3.05,5029.45,0,1,Unrestricted,1649
08-04-2026,Lunar Netsuite,10-003358,10-003358,CAP FILM 0.22UF 10% 1KVDC RADIAL,Electrical Components,OTS,Sienna Corporation - GA,NS,FALSE,Lunar Energy,1620,0,0.9563,1549.206,0,0,Unrestricted,0
08-04-2026,CM: Sienna GA,C10-003358 REV-01,10-003358,CAP FILM 0.22UF 10% 1KVDC RADIAL,Electrical Components,OTS,ATLN,WU36,TRUE,Lunar Energy,1620,0,0,0,0,1,Unrestricted,1620
08-04-2026,Lunar Netsuite,10-003358,10-003358,CAP FILM 0.22UF 10% 1KVDC RADIAL,Electrical Components,OTS,CCL (Computer Components Ltd),NS,FALSE,Lunar Energy,11000,0,0.9568,10524.8,0,0,Unrestricted,11000
08-04-2026,Lunar Netsuite,10-003360,10-003360,RES SMD 100K OHM 1% 1/2W 1206 AEC-Q,Electrical Components,OTS,NexGen Digital Inc,NS,FALSE,Lunar Energy,5000,0,0.016,80,0,0,Unrestricted,5000
08-04-2026,CM: Sienna GA,10-003360 REV-01,10-003360,RES SMD 100K OHM 1% 1/2W 1206 AEC-Q,Electrical Components,OTS,ATLN,MAIN,FALSE,Sienna Corporation,10000,0,0.0128,128,0,1,Unrestricted,10000
08-04-2026,Lunar Netsuite,10-003360,10-003360,RES SMD 100K OHM 1% 1/2W 1206 AEC-Q,Electrical Components,OTS,JIT - Reno,NS,FALSE,Lunar Energy,25000,0,0.016,400,0,0,Unrestricted,25000
08-04-2026,CM: Qualitel WA,814L-10-003360,10-003360,RES SMD 100K OHM 1% 1/2W 1206 AEC-Q,Electrical Components,OTS,"Seattle, WA",Stock,FALSE,Qualitel,10012,0,0.014,140.168,0,0,Unrestricted,10012
08-04-2026,CM: Sienna GA,10-003360 REV-01,10-003360,RES SMD 100K OHM 1% 1/2W 1206 AEC-Q,Electrical Components,OTS,ATLN,LINE,FALSE,Sienna Corporation,19296,0,0.0128,246.9888,0,1,Unrestricted,19296
08-04-2026,CM: Sienna GA,10-003361 REV-1,10-003361,IC PWR DRIVER N-CHAN 1:2 10TDFN,Electrical Components,OTS,ATLN,LINE,FALSE,Sienna Corporation,4154,0,0.64,2658.56,0,1,Unrestricted,4154
08-04-2026,CM: Qualitel WA,814L-10-003361,10-003361,IC PWR DRIVER N-CHAN 1:2 10TDFN,Electrical Components,OTS,"Seattle, WA",Stock,FALSE,Qualitel,14977,0,1.135,16998.895,0,0,Unrestricted,14977
08-04-2026,CM: Sienna GA,10-003361 REV-1,10-003361,IC PWR DRIVER N-CHAN 1:2 10TDFN,Electrical Components,OTS,ATLN,MAIN,FALSE,Sienna Corporation,10000,0,0.64,6400,0,1,Unrestricted,10000
08-04-2026,CM: Qualitel WA,814L-10-003366,10-003366,RES 0.03 OHM 1% 1/2W 1206,Electrical Components,OTS,"Seattle, WA",Stock,FALSE,Qualitel,5744,0,0.058,333.152,0,0,Unrestricted,5744
08-04-2026,CM: Sienna GA,10-003366 REV-01,10-003366,RES 0.03 OHM 1% 1/2W 1206,Electrical Components,OTS,ATLN,MAIN,FALSE,Sienna Corporation,8000,0,0.109,872,0,1,Unrestricted,8000
08-04-2026,CM: Sienna GA,10-003366 REV-01,10-003366,RES 0.03 OHM 1% 1/2W 1206,Electrical Components,OTS,ATLN,LINE,FALSE,Sienna Corporation,1034,0,0.109,112.706,0,1,Unrestricted,1034
08-04-2026,Lunar Netsuite,10-003368,10-003368,"Thermal Bridge, GaN, DCDC",Part,MTS,JIT - Reno,NS,FALSE,Lunar Energy,20000,0,0.18,3600,0,0,Unrestricted,20000
08-04-2026,CM: Qualitel WA,815L-10-003368,10-003368,"Thermal Bridge, GaN, DCDC",Part,MTS,"Seattle, WA",Stock,TRUE,Lunar Energy,22,0,0,0,0,0,Unrestricted,22
08-04-2026,Lunar Netsuite,10-003368,10-003368,"Thermal Bridge, GaN, DCDC",Part,MTS,CA - Ravendale,NS,FALSE,Lunar Energy,825,0,0,0,0,0,Unrestricted,825
08-04-2026,Lunar Netsuite,10-003371,10-003371,NANO-FIT HDR SMT VT DLR 4CKT 15A,Electrical Components,OTS,CCL (Computer Components Ltd),NS,FALSE,Lunar Energy,300,0,2.43,729,0,0,Unrestricted,300
08-04-2026,CM: Qualitel WA,814L-10-003373,10-003373,CONN HEADER SMD 12POS 2.5MM,Electrical Components,OTS,"Seattle, WA",Stock,FALSE,Qualitel,1749,0,1.4091,2464.5159,0,0,Unrestricted,1749
08-04-2026,CM: Sienna GA,10-003373 REV-1,10-003373,CONN HEADER SMD 12POS 2.5MM,Electrical Components,OTS,ATLN,LINE,FALSE,Sienna Corporation,639,0,1.35,862.65,0,1,Unrestricted,639
08-04-2026,CM: Sienna GA,10-003373 REV-1,10-003373,CONN HEADER SMD 12POS 2.5MM,Electrical Components,OTS,ATLN,MAIN,FALSE,Sienna Corporation,3600,0,1.35,4860,0,1,Unrestricted,3600
08-04-2026,CM: Sienna GA,10-003373 REV-1,10-003373,CONN HEADER SMD 12POS 2.5MM,Electrical Components,OTS,ATLN,RIQC,FALSE,Sienna Corporation,1200,0,1.35,1620,0,1,Unrestricted,1200
08-04-2026,CM: Qualitel WA,814L-10-003374,10-003374,CONN HEADER SMD 14POS 2.5MM,Electrical Components,OTS,"Seattle, WA",Stock,FALSE,Qualitel,3249,0,1.4187,4609.3563,0,0,Unrestricted,3249
08-04-2026,CM: Sienna GA,10-003374 REV-01,10-003374,CONN HEADER SMD 14POS 2.5MM,Electrical Components,OTS,ATLN,MAIN,FALSE,Sienna Corporation,1800,0,1.433,2579.4,0,1,Unrestricted,1800
08-04-2026,CM: Sienna GA,10-003374 REV-01,10-003374,CONN HEADER SMD 14POS 2.5MM,Electrical Components,OTS,ATLN,LINE,FALSE,Sienna Corporation,630,0,1.433,902.79,0,1,Unrestricted,630
08-04-2026,CM: Sienna GA,10-003375 REV-1,10-003375,CONN HEADER SMD 8POS 2.5MM,Electrical Components,OTS,ATLN,MAIN,FALSE,Sienna Corporation,2100,0,1.059,2223.9,0,1,Unrestricted,2100
08-04-2026,CM: Qualitel WA,814L-10-003375,10-003375,CONN HEADER SMD 8POS 2.5MM,Electrical Components,OTS,"Seattle, WA",Stock,FALSE,Qualitel,1750,0,1.4149,2476.075,0,0,Unrestricted,1750
08-04-2026,CM: Sienna GA,10-003375 REV-1,10-003375,CONN HEADER SMD 8POS 2.5MM,Electrical Components,OTS,ATLN,RIQC,FALSE,Sienna Corporation,2700,0,1.059,2859.3,0,1,Unrestricted,2700
08-04-2026,CM: Sienna GA,10-003375 REV-1,10-003375,CONN HEADER SMD 8POS 2.5MM,Electrical Components,OTS,ATLN,LINE,FALSE,Sienna Corporation,790,0,1.059,836.61,0,1,Unrestricted,790
08-04-2026,CM: Qualitel WA,814L-10-003379,10-003379,IC LATCH R-S QUAD P/N 16-SOIC,Electrical Components,OTS,"Seattle, WA",Stock,FALSE,Qualitel,7029,0,0.132,927.828,0,0,Unrestricted,7029
08-04-2026,CM: Sienna GA,10-003379 REV-01,10-003379,IC LATCH R-S QUAD P/N 16-SOIC,Electrical Components,OTS,ATLN,MAIN,FALSE,Sienna Corporation,5000,0,0.206,1030,0,1,Unrestricted,5000
08-04-2026,CM: Sienna GA,10-003379 REV-01,10-003379,IC LATCH R-S QUAD P/N 16-SOIC,Electrical Components,OTS,ATLN,LINE,FALSE,Sienna Corporation,676,0,0.206,139.256,0,1,Unrestricted,676
08-04-2026,CM: Sienna GA,10-003381 REV-01,10-003381,IC BUFFER NON-INVERT 5.5V USV AEC-Q,Electrical Components,OTS,ATLN,MAIN,FALSE,Sienna Corporation,1749,0,0.0307,53.6943,0,1,Unrestricted,1749
08-04-2026,Lunar Netsuite,10-003381,10-003381,IC BUFFER NON-INVERT 5.5V USV AEC-Q,Electrical Components,OTS,JIT - Reno,NS,FALSE,Lunar Energy,5830,0,0.0425,247.775,0,0,Unrestricted,5830
08-04-2026,CM: Sienna GA,10-003406 REV-1,10-003406,CAP CER 0.5UF 700V SMD AEC-Q,Electrical Components,OTS,ATLN,LINE,FALSE,Sienna Corporation,302,0,2.24,676.48,0,1,Unrestricted,302
08-04-2026,CM: Sienna GA,10-003406 REV-1,10-003406,CAP CER 0.5UF 700V SMD AEC-Q,Electrical Components,OTS,ATLN,MAIN,FALSE,Sienna Corporation,7000,0,2.24,15680,0,1,Unrestricted,7000
08-04-2026,CM: Qualitel WA,814L-10-003414,10-003414,NOISE SUPPRESSION FILTER FOR POW AEC-Q,Electrical Components,OTS,"Seattle, WA",Stock,FALSE,Qualitel,29356,0,0.0932,2735.9792,0,0,Unrestricted,29356
08-04-2026,CM: Sienna GA,10-003414 REV-1,10-003414,NOISE SUPPRESSION FILTER FOR POW AEC-Q,Electrical Components,OTS,ATLN,RIQC,FALSE,Sienna Corporation,15000,0,0.0847,1270.5,0,1,Unrestricted,15000
08-04-2026,CM: Sienna GA,10-003414 REV-1,10-003414,NOISE SUPPRESSION FILTER FOR POW AEC-Q,Electrical Components,OTS,ATLN,LINE,FALSE,Sienna Corporation,4890,0,0.0847,414.183,0,1,Unrestricted,4890
08-04-2026,CM: Sienna GA,10-003414 REV-1,10-003414,NOISE SUPPRESSION FILTER FOR POW AEC-Q,Electrical Components,OTS,ATLN,MAIN,FALSE,Sienna Corporation,9000,0,0.0847,762.3,0,1,Unrestricted,9000
08-04-2026,CM: Sienna GA,10-003415 REV-01,10-003415,MOSFET N-CH 55V 5A SOT223,Electrical Components,OTS,ATLN,LINE,FALSE,Sienna Corporation,200,0,0.217,43.4,0,1,Unrestricted,200
08-04-2026,Lunar Netsuite,10-003415,10-003415,MOSFET N-CH 55V 5A SOT223,Electrical Components,OTS,JIT - Reno,NS,FALSE,Lunar Energy,2500,0,0.4285,1071.25,0,0,Unrestricted,2500
08-04-2026,CM: Sienna GA,10-003415 REV-01,10-003415,MOSFET N-CH 55V 5A SOT223,Electrical Components,OTS,ATLN,MAIN,FALSE,Sienna Corporation,2500,0,0.217,542.5,0,1,Unrestricted,2500
08-04-2026,CM: Sienna GA,10-003431 REV-01,10-003431,HIGH ANTI-SURGE THICK FILM CHIP AEC-Q,Electrical Components,OTS,ATLN,MAIN,FALSE,Sienna Corporation,252299,0,0.0088,2220.2312,0,1,Unrestricted,252299
08-04-2026,CM: Sienna GA,10-003431 REV-01,10-003431,HIGH ANTI-SURGE THICK FILM CHIP AEC-Q,Electrical Components,OTS,ATLN,LINE,FALSE,Sienna Corporation,11164,0,0.0088,98.2432,0,1,Unrestricted,11164
08-04-2026,CM: Sienna GA,10-003432 REV-01,10-003432,RES SMD 15 OHM 5% 0.3W 0603 AEC-Q,Electrical Components,OTS,ATLN,LINE,FALSE,Sienna Corporation,12843,0,0.0055,70.6365,0,1,Unrestricted,12843
08-04-2026,CM: Qualitel WA,814L-10-003432,10-003432,RES SMD 15 OHM 5% 0.3W 0603 AEC-Q,Electrical Components,OTS,"Seattle, WA",Stock,FALSE,Qualitel,12502,0,0.008,100.016,0,0,Unrestricted,12502
08-04-2026,CM: Sienna GA,10-003432 REV-01,10-003432,RES SMD 15 OHM 5% 0.3W 0603 AEC-Q,Electrical Components,OTS,ATLN,RIQC,FALSE,Sienna Corporation,15000,0,0.0055,82.5,0,1,Unrestricted,15000
08-04-2026,CM: Sienna GA,10-003432 REV-01,10-003432,RES SMD 15 OHM 5% 0.3W 0603 AEC-Q,Electrical Components,OTS,ATLN,MAIN,FALSE,Sienna Corporation,125000,0,0.0055,687.5,0,1,Unrestricted,125000
08-04-2026,CM: Qualitel WA,814L-10-003433,10-003433,"CAP CER 4700PF 250VAC X7R SAFETY X1, Y2 2220",Electrical Components,OTS,"Seattle, WA",Stock,FALSE,Qualitel,60181,0,0.213,12818.553,0,0,Unrestricted,60181
08-04-2026,CM: Sienna GA,10-003433 REV-01,10-003433,"CAP CER 4700PF 250VAC X7R SAFETY X1, Y2 2220",Electrical Components,OTS,ATLN,RIQC,FALSE,Sienna Corporation,33409,0,0.198,6614.982,0,1,Unrestricted,33409
08-04-2026,CM: Sienna GA,10-003433 REV-01,10-003433,"CAP CER 4700PF 250VAC X7R SAFETY X1, Y2 2220",Electrical Components,OTS,ATLN,MAIN,FALSE,Sienna Corporation,326000,0,0.198,64548,0,1,Unrestricted,326000
08-04-2026,CM: Sienna GA,10-003433 REV-01,10-003433,"CAP CER 4700PF 250VAC X7R SAFETY X1, Y2 2220",Electrical Components,OTS,ATLN,LINE,FALSE,Sienna Corporation,21697,0,0.198,4296.006,0,1,Unrestricted,21697
08-04-2026,CM: Sienna GA,10-003433 REV-01,10-003433,"CAP CER 4700PF 250VAC X7R SAFETY X1, Y2 2220",Electrical Components,OTS,ATLN,LPAC,FALSE,Sienna Corporation,4591,0,0.198,909.018,0,1,Unrestricted,4591
08-04-2026,CM: Sienna GA,10-003437 REV-01,10-003437,"Adhesive/Sealant, RTV Silicone",Part,OTS,ATLN,MAIN,FALSE,Sienna Corporation,10,0,0.43,4.3,0,1,Unrestricted,10
08-04-2026,CM: Sienna GA,10-003437 REV-01,10-003437,"Adhesive/Sealant, RTV Silicone",Part,OTS,ATLN,MAIN,FALSE,Sienna Corporation,305,0,0.43,131.15,0,1,Unrestricted,305
08-04-2026,CM: Sienna GA,10-003437 REV-01,10-003437,"Adhesive/Sealant, RTV Silicone",Part,OTS,ATLN,LINE,FALSE,Sienna Corporation,1055.910034,0,0.43,454.0413147,0,1,Unrestricted,1055.910034
08-04-2026,CM: Sienna GA,10-003437 REV-01,10-003437,"Adhesive/Sealant, RTV Silicone",Part,OTS,ATLN,RIQC,FALSE,Sienna Corporation,3030,0,0.43,1302.9,0,1,Unrestricted,3030
08-04-2026,CM: Sienna GA,10-003437 REV-01,10-003437,"Adhesive/Sealant, RTV Silicone",Part,OTS,ATLN,LINE,FALSE,Sienna Corporation,10,0,0.43,4.3,0,1,Unrestricted,10
08-04-2026,CM: Sienna GA,10-003437 REV-01,10-003437,"Adhesive/Sealant, RTV Silicone",Part,OTS,ATLN,RIQC,FALSE,Sienna Corporation,1220,0,0.43,524.6,0,1,Unrestricted,1220
08-04-2026,Lunar Netsuite,10-003440,10-003440,RES SMD 2M OHM 1% 1/4W 1206,Electrical Components,OTS,NexGen Digital Inc,NS,FALSE,Lunar Energy,750000,0,0.0135,10125,0,0,Unrestricted,750000
08-04-2026,CM: Qualitel WA,814L-10-003458,10-003458,MOSFET P-CH 100V 6.6A DPAK,Electrical Components,OTS,"Seattle, WA",Stock,FALSE,Qualitel,10913,0,0.295,3219.335,0,0,Unrestricted,10913
08-04-2026,CM: Celestica MX,10-0034583MS,10-003458,MOSFET P-CH 100V 6.6A DPAK,Electrical Components,OTS,Monterrey Prod,1000,FALSE,Celestica,-2,0,0.225,-0.45,0,0,Unrestricted,-2
08-04-2026,CM: Sienna GA,10-003464 REV-01,10-003464,"Screw, 1/4-28 x 3/8in, Steel, Zinc-Plated",Part,OTS,ATLN,LINE,FALSE,Sienna Corporation,1687,0,0.085,143.395,0,1,Unrestricted,1687
08-04-2026,Lunar Netsuite,10-003464,10-003464,"Screw, 1/4-28 x 3/8in, Steel, Zinc-Plated",Part,OTS,Sienna Corporation - GA,NS,FALSE,Lunar Energy,33214,0,0.09,2989.26,0,0,Unrestricted,0
08-04-2026,CM: Sienna GA,C10-003464 REV-01,10-003464,"Screw, 1/4-28 x 3/8in, Steel, Zinc-Plated",Part,OTS,ATLN,WS92,TRUE,Lunar Energy,33214,0,0,0,0,1,Unrestricted,33214
08-04-2026,Lunar Netsuite,10-003464,10-003464,"Screw, 1/4-28 x 3/8in, Steel, Zinc-Plated",Part,OTS,JIT - Reno,NS,FALSE,Lunar Energy,300000,0,0.085,25500,0,0,Unrestricted,300000
08-04-2026,CM: Qualitel WA,814L-10-003467,10-003467,RES 100 OHM 1% 1/10W 0603 AEC-Q,Electrical Components,OTS,"Seattle, WA",Stock,FALSE,Qualitel,185245,0,0.0018,333.441,0,0,Unrestricted,185245
08-04-2026,CM: Sienna GA,10-003467 REV-01,10-003467,RES 100 OHM 1% 1/10W 0603 AEC-Q,Electrical Components,OTS,ATLN,LINE,FALSE,Sienna Corporation,71854,0,0.003,215.562,0,1,Unrestricted,71854
08-04-2026,CM: Sienna GA,10-003467 REV-01,10-003467,RES 100 OHM 1% 1/10W 0603 AEC-Q,Electrical Components,OTS,ATLN,MAIN,FALSE,Sienna Corporation,285000,0,0.003,855,0,1,Unrestricted,285000
08-04-2026,CM: Celestica MX,10-0034673MS,10-003467,RES 100 OHM 1% 1/10W 0603 AEC-Q,Electrical Components,OTS,Monterrey Prod,1000,FALSE,Celestica,-26,0,0.003,-0.078,0,0,Unrestricted,-26
08-04-2026,Lunar Netsuite,10-003467,10-003467,RES 100 OHM 1% 1/10W 0603 AEC-Q,Electrical Components,OTS,JIT - Reno,NS,FALSE,Lunar Energy,385000,0,0.003,1155,0,0,Unrestricted,225000
08-04-2026,CM: Sienna GA,10-003468 REV-01,10-003468,CAP CER 0.1UF 100V X7R 0603,Electrical Components,OTS,ATLN,PAMS,FALSE,Sienna Corporation,52000,0,0.004,208,0,1,Unrestricted,52000
08-04-2026,Lunar Netsuite,10-003468,10-003468,CAP CER 0.1UF 100V X7R 0603,Electrical Components,OTS,CA - Ravendale,NS,FALSE,Lunar Energy,104000,0,0.017,1768,0,0,Unrestricted,104000
08-04-2026,Lunar Netsuite,10-003468,10-003468,CAP CER 0.1UF 100V X7R 0603,Electrical Components,OTS,NexGen Digital Inc,NS,FALSE,Lunar Energy,3152000,0,0.0063,19857.6,0,0,Unrestricted,3152000
08-04-2026,CM: Celestica MX,10-0034683MS,10-003468,CAP CER 0.1UF 100V X7R 0603,Electrical Components,OTS,Monterrey Prod,1000,FALSE,Celestica,-12,0,0.0063,-0.0756,0,0,Unrestricted,-12
08-04-2026,CM: Sienna GA,10-003468 REV-01,10-003468,CAP CER 0.1UF 100V X7R 0603,Electrical Components,OTS,ATLN,MAIN,FALSE,Sienna Corporation,680000,0,0.004,2720,0,1,Unrestricted,680000
08-04-2026,CM: Sienna GA,10-003468 REV-01,10-003468,CAP CER 0.1UF 100V X7R 0603,Electrical Components,OTS,ATLN,LINE,FALSE,Sienna Corporation,108381,0,0.004,433.524,0,1,Unrestricted,108381
08-04-2026,CM: Qualitel WA,814L-10-003468,10-003468,CAP CER 0.1UF 100V X7R 0603,Electrical Components,OTS,"Seattle, WA",Stock,FALSE,Qualitel,138759,0,0.004,555.036,0,0,Unrestricted,138759
08-04-2026,CM: Sienna GA,10-003468 REV-01,10-003468,CAP CER 0.1UF 100V X7R 0603,Electrical Components,OTS,ATLN,RIQC,FALSE,Sienna Corporation,888000,0,0.004,3552,0,1,Unrestricted,888000
08-04-2026,Lunar Netsuite,10-003468,10-003468,CAP CER 0.1UF 100V X7R 0603,Electrical Components,OTS,JIT - Reno,NS,FALSE,Lunar Energy,5300000,0,0.0063,33390,0,0,Unrestricted,5048018
08-04-2026,Lunar Netsuite,10-003469,10-003469,RES SMD 12 OHM 1% 1/3W 0603 AEC-Q,Electrical Components,OTS,JIT - Reno,NS,FALSE,Lunar Energy,115000,0,0.012,1380,0,0,Unrestricted,115000
08-04-2026,CM: Sienna GA,10-003469 REV-01,10-003469,RES SMD 12 OHM 1% 1/3W 0603 AEC-Q,Electrical Components,OTS,ATLN,MAIN,FALSE,Sienna Corporation,40736,0,0.012,488.832,0,1,Unrestricted,40736
08-04-2026,CM: Sienna GA,10-003469 REV-01,10-003469,RES SMD 12 OHM 1% 1/3W 0603 AEC-Q,Electrical Components,OTS,ATLN,PAMS,FALSE,Sienna Corporation,75000,0,0.012,900,0,1,Unrestricted,75000
08-04-2026,Lunar Netsuite,10-003469,10-003469,RES SMD 12 OHM 1% 1/3W 0603 AEC-Q,Electrical Components,OTS,Avnet,NS,FALSE,Lunar Energy,290000,0,0.012,3480,0,0,Unrestricted,200000
08-04-2026,Lunar Netsuite,10-003469,10-003469,RES SMD 12 OHM 1% 1/3W 0603 AEC-Q,Electrical Components,OTS,NexGen Digital Inc,NS,FALSE,Lunar Energy,240000,0,0.012,2880,0,0,Unrestricted,240000
08-04-2026,CM: Sienna GA,10-003469 REV-01,10-003469,RES SMD 12 OHM 1% 1/3W 0603 AEC-Q,Electrical Components,OTS,ATLN,LINE,FALSE,Sienna Corporation,13514,0,0.012,162.168,0,1,Unrestricted,13514
08-04-2026,CM: Sienna GA,10-003469 REV-01,10-003469,RES SMD 12 OHM 1% 1/3W 0603 AEC-Q,Electrical Components,OTS,ATLN,RIQC,FALSE,Sienna Corporation,4264,0,0.012,51.168,0,1,Unrestricted,4264
08-04-2026,Lunar Netsuite,10-003472,10-003472,"Schottky Diode, Trench-based, 500 mA,30 V, 01005 (0402 Metric)",Electrical Components,OTS,JIT - Reno,NS,FALSE,Lunar Energy,38710,0,0.0609,2357.439,0,0,Unrestricted,38710
08-04-2026,Lunar Netsuite,10-003479,10-003479,CAP FILM 0.1UF 10% 1KVDC RADIAL,Electrical Components,OTS,NexGen Digital Inc,NS,FALSE,Lunar Energy,114100,0,0.228,26014.8,0,0,Unrestricted,114100
08-04-2026,CM: Sienna GA,10-003484 REV-01,10-003484,"PCB TERMINAL BLOCK, NOMINAL CURR",Part,OTS,ATLN,MAIN,FALSE,Sienna Corporation,141,0,0,0,0,1,Unrestricted,141
08-04-2026,CM: Sienna GA,10-003487 REV-1,10-003487,VARISTOR 699.5V 6.5KA DISC 20MM,Electrical Components,OTS,ATLN,MAIN,FALSE,Sienna Corporation,2600,0,0.338,878.8,0,1,Unrestricted,2600
08-04-2026,CM: Qualitel WA,814L-10-003487,10-003487,VARISTOR 699.5V 6.5KA DISC 20MM,Electrical Components,OTS,"Seattle, WA",Stock,FALSE,Qualitel,5110,0,0.401,2049.11,0,0,Unrestricted,5110
08-04-2026,CM: Sienna GA,10-003487 REV-1,10-003487,VARISTOR 699.5V 6.5KA DISC 20MM,Electrical Components,OTS,ATLN,RIQC,FALSE,Sienna Corporation,5000,0,0.338,1690,0,1,Unrestricted,5000
08-04-2026,CM: Sienna GA,10-003487 REV-1,10-003487,VARISTOR 699.5V 6.5KA DISC 20MM,Electrical Components,OTS,ATLN,LINE,FALSE,Sienna Corporation,1470,0,0.338,496.86,0,1,Unrestricted,1470
08-04-2026,CM: Qualitel WA,814L-10-003488,10-003488,RES 20K OHM 1% 1/16W 0402,Electrical Components,OTS,"Seattle, WA",Stock,FALSE,Qualitel,15047,0,0.001,15.047,0,0,Unrestricted,15047
08-04-2026,CM: Sienna GA,10-003488 REV-01,10-003488,RES 20K OHM 1% 1/16W 0402,Electrical Components,OTS,ATLN,LINE,FALSE,Sienna Corporation,3415,0,0.0015,5.1225,0,1,Unrestricted,3415
08-04-2026,CM: Sienna GA,10-003489 REV-01,10-003489,RES 4.99K OHM 1% 1/4W 1206 AEC-Q,Electrical Components,OTS,ATLN,LINE,FALSE,Sienna Corporation,1996,0,0.0034,6.7864,0,1,Unrestricted,1996
08-04-2026,CM: Sienna GA,10-003489 REV-01,10-003489,RES 4.99K OHM 1% 1/4W 1206 AEC-Q,Electrical Components,OTS,ATLN,MAIN,FALSE,Sienna Corporation,5000,0,0.0034,17,0,1,Unrestricted,5000
08-04-2026,CM: Sienna GA,10-003493 REV-01,10-003493,RES 100 OHM 1% 1/4W 1206 AEC-Q,Electrical Components,OTS,ATLN,MAIN,FALSE,Sienna Corporation,5000,0,0.0033,16.5,0,1,Unrestricted,5000
08-04-2026,CM: Qualitel WA,814L-10-003493,10-003493,RES 100 OHM 1% 1/4W 1206 AEC-Q,Electrical Components,OTS,"Seattle, WA",Stock,FALSE,Qualitel,27079,0,0.0033,89.3607,0,0,Unrestricted,27079
08-04-2026,CM: Sienna GA,10-003493 REV-01,10-003493,RES 100 OHM 1% 1/4W 1206 AEC-Q,Electrical Components,OTS,ATLN,LINE,FALSE,Sienna Corporation,4282,0,0.0033,14.1306,0,1,Unrestricted,4282
08-04-2026,CM: Qualitel WA,814L-10-003494,10-003494,CAP CER 6800PF 50V X7R 0805,Electrical Components,OTS,"Seattle, WA",Stock,FALSE,Qualitel,37559,0,0.0079,296.7161,0,0,Unrestricted,37559
08-04-2026,CM: Sienna GA,10-003494 REV-01,10-003494,CAP CER 6800PF 50V X7R 0805,Electrical Components,OTS,ATLN,LINE,FALSE,Sienna Corporation,54030,0,0.0189,1021.167,0,1,Unrestricted,54030
08-04-2026,Lunar Netsuite,10-003497,10-003497,"Screw,M2x0.4 6gX4mm,Flat Head,PH1,Reny",Part,OTS,JIT - Reno,NS,FALSE,Lunar Energy,50990,0,0.14,7138.6,0,0,Unrestricted,50990
08-04-2026,CM: Celestica MX,10-0034973MS,10-003497,"Screw,M2x0.4 6gX4mm,Flat Head,PH1,Reny",Part,OTS,Monterrey Prod,1000,FALSE,Celestica,3,0,0.138,0.414,0,0,Unrestricted,3
08-04-2026,CM: Qualitel WA,814L-10-003497,10-003497,"Screw,M2x0.4 6gX4mm,Flat Head,PH1,Reny",Part,OTS,"Seattle, WA",Stock,FALSE,Qualitel,39244,0,0.138,5415.672,0,0,Unrestricted,39244
08-04-2026,CM: Sienna GA,10-003498 REV-03,10-003498,"Assy, SnapNRack, Maximizer Hub",Assembly,MTS,ATLN,RQB2,FALSE,Sienna Corporation,160,0,0,0,0,3,Unrestricted,160
08-04-2026,CM: Sienna GA,10-003498 REV-03,10-003498,"Assy, SnapNRack, Maximizer Hub",Assembly,MTS,ATLN,LINE,FALSE,Sienna Corporation,19,0,0,0,0,3,Unrestricted,19
08-04-2026,CM: Sienna GA,10-003498 REV-03,10-003498,"Assy, SnapNRack, Maximizer Hub",Assembly,MTS,ATLN,RSA2,FALSE,Sienna Corporation,83,0,0,0,0,3,Unrestricted,83
08-04-2026,CM: Sienna GA,10-003498 REV-02,10-003498,"Assy, SnapNRack, Maximizer Hub",Assembly,MTS,ATLN,PDRW,FALSE,Sienna Corporation,1,0,34.97,34.97,0,2,Unrestricted,1
08-04-2026,CM: Sienna GA,10-003498 REV-03,10-003498,"Assy, SnapNRack, Maximizer Hub",Assembly,MTS,ATLN,RIQC,FALSE,Sienna Corporation,750,0,0,0,0,3,Unrestricted,750
08-04-2026,CM: Sienna GA,10-003501 REV-1,10-003501,FIXED IND 100UH 800MA 700MOHM SM,Electrical Components,OTS,ATLN,MAIN,FALSE,Sienna Corporation,6000,0,0.163,978,0,1,Unrestricted,6000
08-04-2026,CM: Sienna GA,10-003501 REV-1,10-003501,FIXED IND 100UH 800MA 700MOHM SM,Electrical Components,OTS,ATLN,RIQC,FALSE,Sienna Corporation,1000,0,0.163,163,0,1,Unrestricted,1000
08-04-2026,CM: Qualitel WA,814L-10-003501,10-003501,FIXED IND 100UH 800MA 700MOHM SM,Electrical Components,OTS,"Seattle, WA",Stock,FALSE,Qualitel,7002,0,0.1626,1138.5252,0,0,Unrestricted,7002
08-04-2026,CM: Sienna GA,10-003501 REV-1,10-003501,FIXED IND 100UH 800MA 700MOHM SM,Electrical Components,OTS,ATLN,LINE,FALSE,Sienna Corporation,804,0,0.163,131.052,0,1,Unrestricted,804
08-04-2026,CM: Sienna GA,10-003502 REV-01,10-003502,DIODE ZENER 6V 500MW SOD123,Electrical Components,OTS,ATLN,MAIN,FALSE,Sienna Corporation,3000,0,0.011,33,0,1,Unrestricted,3000
08-04-2026,CM: Sienna GA,10-003502 REV-01,10-003502,DIODE ZENER 6V 500MW SOD123,Electrical Components,OTS,ATLN,LINE,FALSE,Sienna Corporation,3597,0,0.011,39.567,0,1,Unrestricted,3597
08-04-2026,Lunar Netsuite,10-003503,10-003503,CAP FILM 0.15UF 10% 800VDC RAD,Electrical Components,OTS,CCL (Computer Components Ltd),NS,FALSE,Lunar Energy,17500,0,0.167,2922.5,0,0,Unrestricted,17500
08-04-2026,CM: Sienna GA,10-003507 REV-1,10-003507,KC-LINK 2220 0.1UF 650VDC C0G,Electrical Components,OTS,ATLN,MAIN,FALSE,Sienna Corporation,468,0,1.343,628.524,0,1,Unrestricted,468
08-04-2026,CM: Celestica MX,10-0035173MS,10-003517,"Lid with Insulator, Foam Pad",Part,MTS,Monterrey Prod,1000,FALSE,Celestica,-3,0,10.4,-31.2,0,0,Unrestricted,-3
08-04-2026,CM: Celestica MX,10-0035243MS,10-003524,CMC 1.5MH 18A 2LN TH,Electrical Components,OTS,Monterrey Prod,1000,FALSE,Celestica,-9,0,2.43,-21.87,0,0,Unrestricted,-9
08-04-2026,CM: Qualitel WA,814L-10-003524,10-003524,CMC 1.5MH 18A 2LN TH,Electrical Components,OTS,"Seattle, WA",Stock,FALSE,Qualitel,16767,0,1.96,32863.32,0,0,Unrestricted,16767
08-04-2026,Lunar Netsuite,10-003524,10-003524,CMC 1.5MH 18A 2LN TH,Electrical Components,OTS,JIT - Reno,NS,FALSE,Lunar Energy,151925,0,1.9918,302604.215,0,0,Unrestricted,151925
08-04-2026,CM: Sienna GA,10-003525 REV-01,10-003525,CONN HEADER SMD 10POS 2.5MM,Electrical Components,OTS,ATLN,RIQC,FALSE,Sienna Corporation,900,0,1.1,990,0,1,Unrestricted,900
08-04-2026,CM: Sienna GA,10-003525 REV-01,10-003525,CONN HEADER SMD 10POS 2.5MM,Electrical Components,OTS,ATLN,MAIN,FALSE,Sienna Corporation,1500,0,1.1,1650,0,1,Unrestricted,1500
08-04-2026,CM: Sienna GA,10-003525 REV-01,10-003525,CONN HEADER SMD 10POS 2.5MM,Electrical Components,OTS,ATLN,LINE,FALSE,Sienna Corporation,109,0,1.1,119.9,0,1,Unrestricted,109
08-04-2026,CM: Sienna GA,10-003527 REV-03,10-003527,"Cover, PCBA, PV Hub",Part,MTS,ATLN,MAIN,FALSE,Sienna Corporation,4,0,1.14,4.56,0,3,Unrestricted,4
08-04-2026,CM: Sienna GA,10-003527 REV-03,10-003527,"Cover, PCBA, PV Hub",Part,MTS,ATLN,RS91,FALSE,Sienna Corporation,833,0,1.14,949.62,0,3,Unrestricted,833
08-04-2026,CM: Sienna GA,10-003527 REV-03,10-003527,"Cover, PCBA, PV Hub",Part,MTS,ATLN,RK21,FALSE,Sienna Corporation,35,0,1.14,39.9,0,3,Unrestricted,35
08-04-2026,CM: Sienna GA,10-003527 REV-03,10-003527,"Cover, PCBA, PV Hub",Part,MTS,ATLN,RPA7,FALSE,Sienna Corporation,1440,0,1.14,1641.6,0,3,Unrestricted,1440
08-04-2026,CM: Sienna GA,10-003527 REV-03,10-003527,"Cover, PCBA, PV Hub",Part,MTS,ATLN,PDRW,FALSE,Sienna Corporation,11,0,1.14,12.54,0,3,Unrestricted,11
08-04-2026,CM: Sienna GA,10-003527 REV-03,10-003527,"Cover, PCBA, PV Hub",Part,MTS,ATLN,RS92,FALSE,Sienna Corporation,1080,0,1.14,1231.2,0,3,Unrestricted,1080
08-04-2026,CM: Sienna GA,C10-003532 REV-1,10-003532,RES SMD 100K OHM 1% 1/10W 0603 AEC-Q,Electrical Components,OTS,ATLN,WR13,TRUE,Lunar Energy,25017,0,0,0,0,1,Unrestricted,25017
08-04-2026,CM: Sienna GA,C10-003532 REV-1,10-003532,RES SMD 100K OHM 1% 1/10W 0603 AEC-Q,Electrical Components,OTS,ATLN,WR22,TRUE,Lunar Energy,1824,0,0,0,0,1,Unrestricted,1824
08-04-2026,Lunar Netsuite,10-003532,10-003532,RES SMD 100K OHM 1% 1/10W 0603 AEC-Q,Electrical Components,OTS,Sienna Corporation - GA,NS,FALSE,Lunar Energy,85000,0,0.0092,782,0,0,Unrestricted,0
08-04-2026,Lunar Netsuite,10-003532,10-003532,RES SMD 100K OHM 1% 1/10W 0603 AEC-Q,Electrical Components,OTS,JIT - Reno,NS,FALSE,Lunar Energy,252921,0,0.0031,784.0551,0,0,Unrestricted,172921
08-04-2026,CM: Sienna GA,C10-003532 REV-1,10-003532,RES SMD 100K OHM 1% 1/10W 0603 AEC-Q,Electrical Components,OTS,ATLN,WR21,TRUE,Lunar Energy,20000,0,0,0,0,1,Unrestricted,20000
08-04-2026,CM: Sienna GA,C10-003532 REV-1,10-003532,RES SMD 100K OHM 1% 1/10W 0603 AEC-Q,Electrical Components,OTS,ATLN,WR61,TRUE,Lunar Energy,38159,0,0,0,0,1,Unrestricted,38159
08-04-2026,CM: Celestica MX,10-0035323MS,10-003532,RES SMD 100K OHM 1% 1/10W 0603 AEC-Q,Electrical Components,OTS,Monterrey Prod,1000,FALSE,Celestica,-22,0,0.0022,-0.0484,0,0,Unrestricted,-22
08-04-2026,CM: Qualitel WA,814L-10-003532,10-003532,RES SMD 100K OHM 1% 1/10W 0603 AEC-Q,Electrical Components,OTS,"Seattle, WA",Stock,FALSE,Qualitel,114410,0,0.0012,137.292,0,0,Unrestricted,114410
08-04-2026,Lunar Netsuite,10-003533,10-003533,TVS DIODE 58.1VWM 121VC SMC,Electrical Components,OTS,Avnet,NS,FALSE,Lunar Energy,66500,0,0.2797,18600.05,0,0,Unrestricted,66500
08-04-2026,CM: Celestica MX,10-0035333MS,10-003533,TVS DIODE 58.1VWM 121VC SMC,Electrical Components,OTS,Monterrey Prod,1000,FALSE,Celestica,-2,0,0.2797,-0.5594,0,0,Unrestricted,-2
08-04-2026,Lunar Netsuite,10-003533,10-003533,TVS DIODE 58.1VWM 121VC SMC,Electrical Components,OTS,JIT - Reno,NS,FALSE,Lunar Energy,24500,0,0.2797,6852.65,0,0,Unrestricted,24500
08-04-2026,CM: Sienna GA,10-003544 REV-01,10-003544,"Full Functional Assy, Bridge, Nebulous White",Part,MTS,ATLN,MRB,FALSE,Sienna Corporation,0,6,0,0,0,1,Restricted,0
08-04-2026,CM: Sienna GA,10-003550 REV-07,10-003550,"ASSY, INNER COVER, BRIDGE, LUNAR BLUE",Part,MTS,ATLN,RRB3,FALSE,Sienna Corporation,48,0,24.56,1178.88,0,7,Unrestricted,48
08-04-2026,CM: Sienna GA,10-003550 REV-07,10-003550,"ASSY, INNER COVER, BRIDGE, LUNAR BLUE",Part,MTS,ATLN,MRB,FALSE,Sienna Corporation,0,2,24.56,0,49.12,7,Restricted,0
08-04-2026,CM: Sienna GA,10-003550 REV-07,10-003550,"ASSY, INNER COVER, BRIDGE, LUNAR BLUE",Part,MTS,ATLN,RRB4,FALSE,Sienna Corporation,48,0,24.56,1178.88,0,7,Unrestricted,48
08-04-2026,CM: Sienna GA,10-003550 REV-07,10-003550,"ASSY, INNER COVER, BRIDGE, LUNAR BLUE",Part,MTS,ATLN,RP92,FALSE,Sienna Corporation,48,0,24.56,1178.88,0,7,Unrestricted,48
08-04-2026,CM: Sienna GA,10-003550 REV-07,10-003550,"ASSY, INNER COVER, BRIDGE, LUNAR BLUE",Part,MTS,ATLN,RJ26,FALSE,Sienna Corporation,44,0,24.56,1080.64,0,7,Unrestricted,44
08-04-2026,CM: Sienna GA,10-003550 REV-07,10-003550,"ASSY, INNER COVER, BRIDGE, LUNAR BLUE",Part,MTS,ATLN,RR63,FALSE,Sienna Corporation,48,0,24.56,1178.88,0,7,Unrestricted,48
08-04-2026,CM: Sienna GA,10-003550 REV-07,10-003550,"ASSY, INNER COVER, BRIDGE, LUNAR BLUE",Part,MTS,ATLN,RR66,FALSE,Sienna Corporation,48,0,24.56,1178.88,0,7,Unrestricted,48
08-04-2026,CM: Sienna GA,10-003550 REV-07,10-003550,"ASSY, INNER COVER, BRIDGE, LUNAR BLUE",Part,MTS,ATLN,WHS2,FALSE,Sienna Corporation,10,0,24.56,245.6,0,7,Unrestricted,10
08-04-2026,CM: Sienna GA,10-003550 REV-07,10-003550,"ASSY, INNER COVER, BRIDGE, LUNAR BLUE",Part,MTS,ATLN,RIQC,FALSE,Sienna Corporation,237,0,24.56,5820.72,0,7,Unrestricted,237
08-04-2026,CM: Sienna GA,10-003550 REV-07,10-003550,"ASSY, INNER COVER, BRIDGE, LUNAR BLUE",Part,MTS,ATLN,LINE,FALSE,Sienna Corporation,46,0,24.56,1129.76,0,7,Unrestricted,46
08-04-2026,CM: Sienna GA,10-003551 REV-10,10-003551,"ASSY, ENCLOSURE DOOR, BRIDGE, LUNAR BLUE",Part,MTS,ATLN,RPB6,FALSE,Sienna Corporation,10,0,26.54,265.4,0,10,Unrestricted,10
08-04-2026,CM: Sienna GA,10-003551 REV-10,10-003551,"ASSY, ENCLOSURE DOOR, BRIDGE, LUNAR BLUE",Part,MTS,ATLN,RPA6,FALSE,Sienna Corporation,48,0,26.54,1273.92,0,10,Unrestricted,48
08-04-2026,CM: Sienna GA,10-003551 REV-10,10-003551,"ASSY, ENCLOSURE DOOR, BRIDGE, LUNAR BLUE",Part,MTS,ATLN,RRA5,FALSE,Sienna Corporation,48,0,26.54,1273.92,0,10,Unrestricted,48
08-04-2026,CM: Sienna GA,10-003551 REV-10,10-003551,"ASSY, ENCLOSURE DOOR, BRIDGE, LUNAR BLUE",Part,MTS,ATLN,RP94,FALSE,Sienna Corporation,48,0,26.54,1273.92,0,10,Unrestricted,48
08-04-2026,CM: Sienna GA,10-003551 REV-10,10-003551,"ASSY, ENCLOSURE DOOR, BRIDGE, LUNAR BLUE",Part,MTS,ATLN,RP96,FALSE,Sienna Corporation,48,0,26.54,1273.92,0,10,Unrestricted,48
08-04-2026,CM: Sienna GA,10-003551 REV-10,10-003551,"ASSY, ENCLOSURE DOOR, BRIDGE, LUNAR BLUE",Part,MTS,ATLN,RRB6,FALSE,Sienna Corporation,29,0,26.54,769.66,0,10,Unrestricted,29
08-04-2026,CM: Sienna GA,10-003551 REV-10,10-003551,"ASSY, ENCLOSURE DOOR, BRIDGE, LUNAR BLUE",Part,MTS,ATLN,RRA4,FALSE,Sienna Corporation,48,0,26.54,1273.92,0,10,Unrestricted,48
08-04-2026,CM: Sienna GA,10-003551 REV-10,10-003551,"ASSY, ENCLOSURE DOOR, BRIDGE, LUNAR BLUE",Part,MTS,ATLN,RRB5,FALSE,Sienna Corporation,48,0,26.54,1273.92,0,10,Unrestricted,48
08-04-2026,CM: Sienna GA,10-003551 REV-10,10-003551,"ASSY, ENCLOSURE DOOR, BRIDGE, LUNAR BLUE",Part,MTS,ATLN,RRA6,FALSE,Sienna Corporation,72,0,26.54,1910.88,0,10,Unrestricted,72
08-04-2026,CM: Sienna GA,10-003551 REV-10,10-003551,"ASSY, ENCLOSURE DOOR, BRIDGE, LUNAR BLUE",Part,MTS,ATLN,MRB,FALSE,Sienna Corporation,0,4,26.54,0,106.16,10,Restricted,0
08-04-2026,CM: Sienna GA,10-003551 REV-10,10-003551,"ASSY, ENCLOSURE DOOR, BRIDGE, LUNAR BLUE",Part,MTS,ATLN,WHS2,FALSE,Sienna Corporation,6,0,26.54,159.24,0,10,Unrestricted,6
08-04-2026,CM: Sienna GA,10-003551 REV-10,10-003551,"ASSY, ENCLOSURE DOOR, BRIDGE, LUNAR BLUE",Part,MTS,ATLN,RP93,FALSE,Sienna Corporation,48,0,26.54,1273.92,0,10,Unrestricted,48
08-04-2026,CM: Sienna GA,10-003551 REV-10,10-003551,"ASSY, ENCLOSURE DOOR, BRIDGE, LUNAR BLUE",Part,MTS,ATLN,RSA6,FALSE,Sienna Corporation,16,0,26.54,424.64,0,10,Unrestricted,16
08-04-2026,CM: Sienna GA,10-003551 REV-10,10-003551,"ASSY, ENCLOSURE DOOR, BRIDGE, LUNAR BLUE",Part,MTS,ATLN,RIQC,FALSE,Sienna Corporation,134,0,26.54,3556.36,0,10,Unrestricted,134
08-04-2026,CM: Sienna GA,10-003551 REV-10,10-003551,"ASSY, ENCLOSURE DOOR, BRIDGE, LUNAR BLUE",Part,MTS,ATLN,RR95,FALSE,Sienna Corporation,48,0,26.54,1273.92,0,10,Unrestricted,48
08-04-2026,CM: Sienna GA,10-003551 REV-10,10-003551,"ASSY, ENCLOSURE DOOR, BRIDGE, LUNAR BLUE",Part,MTS,ATLN,RP84,FALSE,Sienna Corporation,13,0,26.54,345.02,0,10,Unrestricted,13
08-04-2026,Lunar Netsuite,10-003552,10-003552,CAP FILM 0.82UF 10% 630VDC RAD,Electrical Components,OTS,CCL (Computer Components Ltd),NS,FALSE,Lunar Energy,618,0,0.89,550.02,0,0,Unrestricted,618
08-04-2026,CM: Sienna GA,10-003560 REV-01,10-003560,"Screw M3x0.5 6g,5mm,BHT T-8,Steel,ZiNi BC,Nylon Patch",Part,OTS,ATLN,LINE,FALSE,Sienna Corporation,19192,0,0.03,575.76,0,1,Unrestricted,19192
08-04-2026,CM: Sienna GA,10-003560 REV-01,10-003560,"Screw M3x0.5 6g,5mm,BHT T-8,Steel,ZiNi BC,Nylon Patch",Part,OTS,ATLN,MAIN,FALSE,Sienna Corporation,26000,0,0.03,780,0,1,Unrestricted,26000
08-04-2026,Lunar Netsuite,10-003560,10-003560,"Screw M3x0.5 6g,5mm,BHT T-8,Steel,ZiNi BC,Nylon Patch",Part,OTS,JIT - Reno,NS,FALSE,Lunar Energy,9682,0,0.0175,169.435,0,0,Unrestricted,9682
08-04-2026,CM: Celestica MX,10-0035613MS,10-003561,"Nut,M5,5mm,Flange,Serrated,ZnNi BC",Part,OTS,Monterrey Prod,1000,FALSE,Celestica,-108,0,0.054,-5.832,0,0,Unrestricted,-108
08-04-2026,CM: Sienna GA,10-003564 REV-02,10-003564,"Thread Forming Screw with Internal Tooth Washer, M3X0.5 15mm, BHT T10",Part,OTS,ATLN,PAWH,FALSE,Sienna Corporation,50000,0,0.025,1250,0,2,Unrestricted,50000
08-04-2026,CM: Sienna GA,10-003564 REV-02,10-003564,"Thread Forming Screw with Internal Tooth Washer, M3X0.5 15mm, BHT T10",Part,OTS,ATLN,LINE,FALSE,Sienna Corporation,49871,0,0.025,1246.775,0,2,Unrestricted,49871
08-04-2026,CM: Celestica MX,10-0035643MS,10-003564,"Thread Forming Screw with Internal Tooth Washer, M3X0.5 15mm, BHT T10",Part,OTS,Monterrey Prod,DIFF,FALSE,Celestica,0,2950,0.078,0,230.1,0,MRPExUnrestricted,0
08-04-2026,CM: Sienna GA,10-003564 REV-02,10-003564,"Thread Forming Screw with Internal Tooth Washer, M3X0.5 15mm, BHT T10",Part,OTS,ATLN,RP61,FALSE,Sienna Corporation,144000,0,0.025,3600,0,2,Unrestricted,144000
08-04-2026,CM: Qualitel WA,814L-10-003564,10-003564,"Thread Forming Screw with Internal Tooth Washer, M3X0.5 15mm, BHT T10",Part,OTS,"Seattle, WA",Stock,FALSE,Qualitel,71086,0,0.03,2132.58,0,0,Unrestricted,71086
08-04-2026,CM: Celestica MX,10-0035643MS,10-003564,"Thread Forming Screw with Internal Tooth Washer, M3X0.5 15mm, BHT T10",Part,OTS,Monterrey Prod,1000,FALSE,Celestica,3498,0,0.078,272.844,0,0,Unrestricted,3498
08-04-2026,CM: Sienna GA,10-003564 REV-02,10-003564,"Thread Forming Screw with Internal Tooth Washer, M3X0.5 15mm, BHT T10",Part,OTS,ATLN,LPAC,FALSE,Sienna Corporation,11001,0,0.025,275.025,0,2,Unrestricted,11001
08-04-2026,CM: Sienna GA,10-003565 REV-01,10-003565,"Screw,M3x0.5 6g x10mm,BHT T8,Flange,Steel,Zinc,Nylon Patch",Part,OTS,ATLN,MAIN,FALSE,Sienna Corporation,9836,0,0.04,393.44,0,1,Unrestricted,9836
08-04-2026,CM: Sienna GA,10-003573 REV-01,10-003573,CAP CER 4700PF 250V X7R 1812,Electrical Components,OTS,ATLN,LINE,FALSE,Sienna Corporation,21783,0,0.55,11980.65,0,1,Unrestricted,21783
08-04-2026,CM: Celestica MX,10-0035733MS,10-003573,CAP CER 4700PF 250V X7R 1812,Electrical Components,OTS,Monterrey Prod,1000,FALSE,Celestica,-2,0,0.55,-1.1,0,0,Unrestricted,-2
08-04-2026,CM: Sienna GA,10-003573 REV-01,10-003573,CAP CER 4700PF 250V X7R 1812,Electrical Components,OTS,ATLN,MAIN,FALSE,Sienna Corporation,19940,0,0.55,10967,0,1,Unrestricted,19940
08-04-2026,CM: Sienna GA,10-003590 REV-01,10-003590,"Washer, Flat, M4, Plastic",Part,OTS,ATLN,LINE,FALSE,Sienna Corporation,3587,0,0.099,355.113,0,1,Unrestricted,3587
08-04-2026,CM: Sienna GA,10-003590 REV-01,10-003590,"Washer, Flat, M4, Plastic",Part,OTS,ATLN,MAIN,FALSE,Sienna Corporation,1000,0,0.099,99,0,1,Unrestricted,1000
08-04-2026,CM: Sienna GA,10-003590 REV-01,10-003590,"Washer, Flat, M4, Plastic",Part,OTS,ATLN,RIQC,FALSE,Sienna Corporation,2000,0,0.099,198,0,1,Unrestricted,2000
08-04-2026,CM: Sienna GA,10-003591 REV-01,10-003591,FIXED IND 47UH 600MA 780MOHM SMD,Electrical Components,OTS,ATLN,LINE,FALSE,Sienna Corporation,3433,0,0.1314,451.0962,0,1,Unrestricted,3433
08-04-2026,CM: Sienna GA,10-003591 REV-01,10-003591,FIXED IND 47UH 600MA 780MOHM SMD,Electrical Components,OTS,ATLN,RIQC,FALSE,Sienna Corporation,12000,0,0.1314,1576.8,0,1,Unrestricted,12000
08-04-2026,CM: Sienna GA,10-003591 REV-01,10-003591,FIXED IND 47UH 600MA 780MOHM SMD,Electrical Components,OTS,ATLN,MAIN,FALSE,Sienna Corporation,3990,0,0.1314,524.286,0,1,Unrestricted,3990
08-04-2026,CM: Qualitel WA,814L-10-003591,10-003591,FIXED IND 47UH 600MA 780MOHM SMD,Electrical Components,OTS,"Seattle, WA",Stock,FALSE,Qualitel,20542,0,0.123,2526.666,0,0,Unrestricted,20542
08-04-2026,CM: Sienna GA,10-003592 REV-1,10-003592,CMC 20MH 500MA 2LN TH,Electrical Components,OTS,ATLN,PAMS,FALSE,Sienna Corporation,2600,0,0.65,1690,0,1,Unrestricted,2600
08-04-2026,CM: Qualitel WA,814L-10-003592,10-003592,CMC 20MH 500MA 2LN TH,Electrical Components,OTS,"Seattle, WA",Stock,FALSE,Qualitel,4407,0,0.65,2864.55,0,0,Unrestricted,4407
08-04-2026,CM: Sienna GA,10-003592 REV-1,10-003592,CMC 20MH 500MA 2LN TH,Electrical Components,OTS,ATLN,RIQC,FALSE,Sienna Corporation,2100,0,0.65,1365,0,1,Unrestricted,2100
08-04-2026,CM: Sienna GA,10-003592 REV-1,10-003592,CMC 20MH 500MA 2LN TH,Electrical Components,OTS,ATLN,MAIN,FALSE,Sienna Corporation,671,0,0.65,436.15,0,1,Unrestricted,671
08-04-2026,CM: Sienna GA,10-003592 REV-1,10-003592,CMC 20MH 500MA 2LN TH,Electrical Components,OTS,ATLN,LINE,FALSE,Sienna Corporation,1506,0,0.65,978.9,0,1,Unrestricted,1506
08-04-2026,CM: Sienna GA,10-003594 REV-01,10-003594,FUSE BOARD MNT 750MA 250VAC 2SMD,Electrical Components,OTS,ATLN,LINE,FALSE,Sienna Corporation,800,0,0.7059,564.72,0,1,Unrestricted,800
08-04-2026,CM: Sienna GA,10-003594 REV-01,10-003594,FUSE BOARD MNT 750MA 250VAC 2SMD,Electrical Components,OTS,ATLN,MAIN,FALSE,Sienna Corporation,4395,0,0.7059,3102.4305,0,1,Unrestricted,4395
08-04-2026,CM: Qualitel WA,814L-10-003594,10-003594,FUSE BOARD MNT 750MA 250VAC 2SMD,Electrical Components,OTS,"Seattle, WA",Stock,FALSE,Qualitel,3252,0,0.315,1024.38,0,0,Unrestricted,3252
08-04-2026,CM: Sienna GA,10-003594 REV-01,10-003594,FUSE BOARD MNT 750MA 250VAC 2SMD,Electrical Components,OTS,ATLN,RIQC,FALSE,Sienna Corporation,6000,0,0.7059,4235.4,0,1,Unrestricted,6000
08-04-2026,CM: Sienna GA,10-003597 REV-01,10-003597,CAP FILM 0.68UF 10% 310VAC RAD,Electrical Components,OTS,ATLN,LPAC,FALSE,Sienna Corporation,1506,0,0.544,819.264,0,1,Unrestricted,1506
08-04-2026,CM: Sienna GA,10-003597 REV-01,10-003597,CAP FILM 0.68UF 10% 310VAC RAD,Electrical Components,OTS,ATLN,MAIN,FALSE,Sienna Corporation,104,0,0.544,56.576,0,1,Unrestricted,104
08-04-2026,CM: Sienna GA,10-003597 REV-01,10-003597,CAP FILM 0.68UF 10% 310VAC RAD,Electrical Components,OTS,ATLN,LINE,FALSE,Sienna Corporation,2896,0,0.544,1575.424,0,1,Unrestricted,2896
08-04-2026,CM: Sienna GA,10-003597 REV-01,10-003597,CAP FILM 0.68UF 10% 310VAC RAD,Electrical Components,OTS,ATLN,PAMS,FALSE,Sienna Corporation,2600,0,0.544,1414.4,0,1,Unrestricted,2600
08-04-2026,CM: Sienna GA,10-003598 REV-07,10-003598,"Label, Terminal Diagram, Bridge",Part,MTS,ATLN,MAIN,FALSE,Sienna Corporation,5500,0,3.083,16956.5,0,7,Unrestricted,5500
08-04-2026,CM: Sienna GA,10-003598 REV-07,10-003598,"Label, Terminal Diagram, Bridge",Part,MTS,ATLN,LINE,FALSE,Sienna Corporation,3736,0,3.083,11518.088,0,7,Unrestricted,3736
08-04-2026,CM: Sienna GA,10-003600 REV-01,10-003600,"Label, Service Disconnect, Bridge",Part,MTS,ATLN,LINE,FALSE,Sienna Corporation,542,0,0.133,72.086,0,1,Unrestricted,542
08-04-2026,CM: Sienna GA,10-003600 REV-01,10-003600,"Label, Service Disconnect, Bridge",Part,MTS,ATLN,MAIN,FALSE,Sienna Corporation,4000,0,0.133,532,0,1,Unrestricted,4000
08-04-2026,CM: Sienna GA,10-003600 REV-01,10-003600,"Label, Service Disconnect, Bridge",Part,MTS,ATLN,LPAC,FALSE,Sienna Corporation,3918,0,0.133,521.094,0,1,Unrestricted,3918
08-04-2026,CM: Sienna GA,10-003601 REV-03,10-003601,"Label, MAC Address, Bridge",Part,MTS,ATLN,WHS2,FALSE,Sienna Corporation,333,0,0.1,33.3,0,3,Unrestricted,333
08-04-2026,CM: Sienna GA,10-003601 REV-03,10-003601,"Label, MAC Address, Bridge",Part,MTS,ATLN,LINE,FALSE,Sienna Corporation,6093,0,0.1,609.3,0,3,Unrestricted,6093
08-04-2026,CM: Sienna GA,10-003602 REV-02,10-003602,"Label, Compliance, Maximizer Hub",Part,MTS,ATLN,LINE,FALSE,Sienna Corporation,39,0,0.185,7.215,0,2,Unrestricted,39
08-04-2026,CM: Sienna GA,10-003602 REV-06,10-003602,"Label, Compliance, Maximizer Hub",Part,MTS,ATLN,MAIN,FALSE,Sienna Corporation,1000,0,0.897,897,0,6,Unrestricted,1000
08-04-2026,CM: Sienna GA,10-003602 REV-06,10-003602,"Label, Compliance, Maximizer Hub",Part,MTS,ATLN,LINE,FALSE,Sienna Corporation,426,0,0.897,382.122,0,6,Unrestricted,426
08-04-2026,CM: Sienna GA,10-003602 REV-06,10-003602,"Label, Compliance, Maximizer Hub",Part,MTS,ATLN,PCKD,FALSE,Sienna Corporation,1000,0,0.897,897,0,6,Unrestricted,1000
08-04-2026,CM: Sienna GA,10-003603 REV-05,10-003603,"Label, MAC Address, Maximizer Hub",Part,MTS,ATLN,LINE,FALSE,Sienna Corporation,808,0,0.05,40.4,0,5,Unrestricted,808
08-04-2026,CM: Sienna GA,10-003606 REV-04,10-003606,"Label, MAC Address, Maximizer",Part,MTS,ATLN,LPAC,FALSE,Sienna Corporation,5956,0,0.172,1024.432,0,4,Unrestricted,5956
08-04-2026,CM: Sienna GA,10-003606 REV-04,10-003606,"Label, MAC Address, Maximizer",Part,MTS,ATLN,MAIN,FALSE,Sienna Corporation,76200,0,0.172,13106.4,0,4,Unrestricted,76200
08-04-2026,CM: Sienna GA,10-003606 REV-04,10-003606,"Label, MAC Address, Maximizer",Part,MTS,ATLN,LINE,FALSE,Sienna Corporation,146270,0,0.172,25158.44,0,4,Unrestricted,146270
08-04-2026,CM: Sienna GA,10-003606 REV-04,10-003606,"Label, MAC Address, Maximizer",Part,MTS,ATLN,PCKD,FALSE,Sienna Corporation,10000,0,0.172,1720,0,4,Unrestricted,10000
08-04-2026,CM: Sienna GA,10-003623 REV-1,10-003623,3.4MM SMT SOCKET,Electrical Components,OTS,ATLN,MAIN,FALSE,Sienna Corporation,14600,0,2.99,43654,0,1,Unrestricted,14600
08-04-2026,CM: Qualitel WA,814L-10-003623,10-003623,3.4MM SMT SOCKET,Electrical Components,OTS,"Seattle, WA",Stock,FALSE,Qualitel,18384,0,2.32,42650.88,0,0,Unrestricted,18384
08-04-2026,CM: Sienna GA,10-003623 REV-1,10-003623,3.4MM SMT SOCKET,Electrical Components,OTS,ATLN,RIQC,FALSE,Sienna Corporation,18000,0,2.99,53820,0,1,Unrestricted,18000
08-04-2026,CM: Sienna GA,10-003623 REV-1,10-003623,3.4MM SMT SOCKET,Electrical Components,OTS,ATLN,LINE,FALSE,Sienna Corporation,2864,0,2.99,8563.36,0,1,Unrestricted,2864
08-04-2026,CM: Sienna GA,10-003671 REV-05,10-003671,"Home Controller,Molded",Assembly,MTS,ATLN,PDRW,FALSE,Sienna Corporation,1,0,0,0,0,5,Unrestricted,1
08-04-2026,CM: Sienna GA,10-003671 REV-05,10-003671,"Home Controller,Molded",Assembly,MTS,ATLN,LINE,FALSE,Sienna Corporation,40,0,0,0,0,5,Unrestricted,40
08-04-2026,Lunar Netsuite,10-003682,10-003682,RAIL-TO-RAIL INPUT PUSH-PULL OUT,Electrical Components,OTS,CCL (Computer Components Ltd),NS,FALSE,Lunar Energy,5607,0,0.76,4261.32,0,0,Unrestricted,5607
08-04-2026,Lunar Netsuite,10-003683,10-003683,RES 500 OHM 0.1% 1/10W 0603,Electrical Components,OTS,CCL (Computer Components Ltd),NS,FALSE,Lunar Energy,5000,0,0.072,360,0,0,Unrestricted,5000
08-04-2026,Lunar Netsuite,10-003684,10-003684,RES 750 OHM 1% 1/8W 0603,Electrical Components,OTS,CCL (Computer Components Ltd),NS,FALSE,Lunar Energy,5000,0,0.0053,26.5,0,0,Unrestricted,5000
08-04-2026,Lunar Netsuite,10-003685,10-003685,RES 240 OHM 1% 1/10W 0603,Electrical Components,OTS,CCL (Computer Components Ltd),NS,FALSE,Lunar Energy,5000,0,0.0017,8.5,0,0,Unrestricted,5000
08-04-2026,CM: Sienna GA,10-003689 REV-01,10-003689,"Screw, SEMS, M3x0.5x8, Belleville Conical Washer",Part,OTS,ATLN,MAIN,FALSE,Sienna Corporation,4839,0,0.073,353.247,0,1,Unrestricted,4839
08-04-2026,CM: Sienna GA,10-003690 REV-01,10-003690,"Screw, SEMS, M3x0.5x35, Belleville Conical Washer",Part,OTS,ATLN,LINE,FALSE,Sienna Corporation,3187,0,0.16,509.92,0,1,Unrestricted,3187
08-04-2026,CM: Sienna GA,10-003690 REV-01,10-003690,"Screw, SEMS, M3x0.5x35, Belleville Conical Washer",Part,OTS,ATLN,RQ71,FALSE,Sienna Corporation,10000,0,0.16,1600,0,1,Unrestricted,10000
08-04-2026,CM: Sienna GA,10-003692 REV-01,10-003692,RES SMD 887 OHM 0.1% 1/16W 0402 AEC-Q,Electrical Components,OTS,ATLN,LINE,FALSE,Sienna Corporation,8563,0,0.047,402.461,0,1,Unrestricted,8563
08-04-2026,CM: Sienna GA,10-003692 REV-01,10-003692,RES SMD 887 OHM 0.1% 1/16W 0402 AEC-Q,Electrical Components,OTS,ATLN,MAIN,FALSE,Sienna Corporation,10000,0,0.047,470,0,1,Unrestricted,10000
08-04-2026,CM: Sienna GA,10-003693 REV-01,10-003693,RES 107 OHM 1% 1/16W 0402,Electrical Components,OTS,ATLN,LINE,FALSE,Sienna Corporation,8452,0,0.0009,7.6068,0,1,Unrestricted,8452
08-04-2026,CM: Sienna GA,10-003701 REV-01,10-003701,"Inductor, Common Mode Choke, Through Hole, Integrated Heat Conduction Bridge, Machined / 3D print",Electrical Components,OTS,ATLN,RH11,FALSE,Sienna Corporation,680,0,19.44,13219.2,0,1,Unrestricted,680
08-04-2026,CM: Sienna GA,10-003701 REV-01,10-003701,"Inductor, Common Mode Choke, Through Hole, Integrated Heat Conduction Bridge, Machined / 3D print",Electrical Components,OTS,ATLN,RR41,FALSE,Sienna Corporation,832,0,19.44,16174.08,0,1,Unrestricted,832
08-04-2026,CM: Sienna GA,10-003701 REV-01,10-003701,"Inductor, Common Mode Choke, Through Hole, Integrated Heat Conduction Bridge, Machined / 3D print",Electrical Components,OTS,ATLN,RI53,FALSE,Sienna Corporation,307,0,19.44,5968.08,0,1,Unrestricted,307
08-04-2026,CM: Sienna GA,10-003701 REV-01,10-003701,"Inductor, Common Mode Choke, Through Hole, Integrated Heat Conduction Bridge, Machined / 3D print",Electrical Components,OTS,ATLN,RH35,FALSE,Sienna Corporation,1280,0,19.44,24883.2,0,1,Unrestricted,1280
08-04-2026,CM: Sienna GA,10-003701 REV-01,10-003701,"Inductor, Common Mode Choke, Through Hole, Integrated Heat Conduction Bridge, Machined / 3D print",Electrical Components,OTS,ATLN,RR52,FALSE,Sienna Corporation,896,0,19.44,17418.24,0,1,Unrestricted,896
08-04-2026,CM: Sienna GA,10-003701 REV-01,10-003701,"Inductor, Common Mode Choke, Through Hole, Integrated Heat Conduction Bridge, Machined / 3D print",Electrical Components,OTS,ATLN,PAMS,FALSE,Sienna Corporation,231,0,19.44,4490.64,0,1,Unrestricted,231
08-04-2026,CM: Qualitel WA,814L-10-003701,10-003701,"Inductor, Common Mode Choke, Through Hole, Integrated Heat Conduction Bridge, Machined / 3D print",Electrical Components,OTS,"Seattle, WA",Stock,FALSE,Qualitel,1874,0,16.2,30358.8,0,0,Unrestricted,1874
08-04-2026,CM: Sienna GA,10-003701 REV-01,10-003701,"Inductor, Common Mode Choke, Through Hole, Integrated Heat Conduction Bridge, Machined / 3D print",Electrical Components,OTS,ATLN,RK16,FALSE,Sienna Corporation,224,0,19.44,4354.56,0,1,Unrestricted,224
08-04-2026,CM: Sienna GA,10-003701 REV-01,10-003701,"Inductor, Common Mode Choke, Through Hole, Integrated Heat Conduction Bridge, Machined / 3D print",Electrical Components,OTS,ATLN,RJ64,FALSE,Sienna Corporation,119,0,19.44,2313.36,0,1,Unrestricted,119
08-04-2026,CM: Sienna GA,10-003701 REV-01,10-003701,"Inductor, Common Mode Choke, Through Hole, Integrated Heat Conduction Bridge, Machined / 3D print",Electrical Components,OTS,ATLN,RIQC,FALSE,Sienna Corporation,469,0,19.44,9117.36,0,1,Unrestricted,469
08-04-2026,CM: Sienna GA,10-003701 REV-01,10-003701,"Inductor, Common Mode Choke, Through Hole, Integrated Heat Conduction Bridge, Machined / 3D print",Electrical Components,OTS,ATLN,RJ44,FALSE,Sienna Corporation,928,0,19.44,18040.32,0,1,Unrestricted,928
08-04-2026,CM: Sienna GA,10-003701 REV-01,10-003701,"Inductor, Common Mode Choke, Through Hole, Integrated Heat Conduction Bridge, Machined / 3D print",Electrical Components,OTS,ATLN,LINE,FALSE,Sienna Corporation,2149,0,19.44,41776.56,0,1,Unrestricted,2149
08-04-2026,CM: Sienna GA,10-003701 REV-01,10-003701,"Inductor, Common Mode Choke, Through Hole, Integrated Heat Conduction Bridge, Machined / 3D print",Electrical Components,OTS,ATLN,RJ22,FALSE,Sienna Corporation,18,0,19.44,349.92,0,1,Unrestricted,18
08-04-2026,CM: Qualitel WA,814L-10-003708,10-003708,CRYSTAL 32.7680KHZ 9PF SMD,Electrical Components,OTS,"Seattle, WA",Stock,FALSE,Qualitel,18517,0,0.474,8777.058,0,0,Unrestricted,18517
08-04-2026,CM: Qualitel WA,814L-10-003708,10-003708,CRYSTAL 32.7680KHZ 9PF SMD,Electrical Components,OTS,"Seattle, WA",PO Inspection,FALSE,Qualitel,0,100,0.474,0,47.4,0,Restricted,0
08-04-2026,Lunar Netsuite,10-003708,10-003708,CRYSTAL 32.7680KHZ 9PF SMD,Electrical Components,OTS,JIT - Reno,NS,FALSE,Lunar Energy,20069,0,0.63,12643.47,0,0,Unrestricted,20069
08-04-2026,CM: Qualitel WA,814L-10-003708,10-003708,CRYSTAL 32.7680KHZ 9PF SMD,Electrical Components,OTS,"Seattle, WA",MRB,FALSE,Qualitel,0,100,0.474,0,47.4,0,Restricted,0
08-04-2026,CM: Celestica MX,10-0037083MS,10-003708,CRYSTAL 32.7680KHZ 9PF SMD,Electrical Components,OTS,Monterrey Prod,1000,FALSE,Celestica,-2,0,0.63,-1.26,0,0,Unrestricted,-2
08-04-2026,CM: Sienna GA,10-003717 REV-01,10-003717,"Terminal Connector, Pin, 3.4mm x 45mm, PWB Fastener Mount, 75A, 7mm Drive",Electrical Components,OTS,ATLN,LINE,FALSE,Sienna Corporation,488,0,1.96,956.48,0,1,Unrestricted,488
08-04-2026,CM: Sienna GA,10-003717 REV-01,10-003717,"Terminal Connector, Pin, 3.4mm x 45mm, PWB Fastener Mount, 75A, 7mm Drive",Electrical Components,OTS,ATLN,RIQC,FALSE,Sienna Corporation,5500,0,1.96,10780,0,1,Unrestricted,5500
08-04-2026,CM: Sienna GA,10-003717 REV-01,10-003717,"Terminal Connector, Pin, 3.4mm x 45mm, PWB Fastener Mount, 75A, 7mm Drive",Electrical Components,OTS,ATLN,MAIN,FALSE,Sienna Corporation,1600,0,1.96,3136,0,1,Unrestricted,1600
08-04-2026,CM: Qualitel WA,814L-10-003717,10-003717,"Terminal Connector, Pin, 3.4mm x 45mm, PWB Fastener Mount, 75A, 7mm Drive",Electrical Components,OTS,"Seattle, WA",MRB,FALSE,Qualitel,0,73,1.88,0,137.24,0,Restricted,0
08-04-2026,CM: Qualitel WA,814L-10-003717,10-003717,"Terminal Connector, Pin, 3.4mm x 45mm, PWB Fastener Mount, 75A, 7mm Drive",Electrical Components,OTS,"Seattle, WA",Stock,FALSE,Qualitel,9150,0,1.88,17202,0,0,Unrestricted,9150
08-04-2026,CM: Qualitel WA,814L-10-003717,10-003717,"Terminal Connector, Pin, 3.4mm x 45mm, PWB Fastener Mount, 75A, 7mm Drive",Electrical Components,OTS,"Seattle, WA",PO Inspection,FALSE,Qualitel,0,73,1.88,0,137.24,0,Restricted,0
08-04-2026,CM: Celestica MX,10-0037223MS,10-003722,CAP CER 9PF 50V C0G 0402 AEC-Q,Electrical Components,OTS,Monterrey Prod,1000,FALSE,Celestica,-4,0,0.003,-0.012,0,0,Unrestricted,-4
08-04-2026,CM: Qualitel WA,814L-10-003722,10-003722,CAP CER 9PF 50V C0G 0402 AEC-Q,Electrical Components,OTS,"Seattle, WA",Stock,FALSE,Qualitel,21938,0,0.0042,92.1396,0,0,Unrestricted,21938
08-04-2026,CM: Sienna GA,10-003723 REV-01,10-003723,"Jumper, Inverter, RRSID",Part,OTS,ATLN,MAIN,FALSE,Sienna Corporation,292,0,0.77,224.84,0,1,Unrestricted,292
08-04-2026,CM: Sienna GA,10-003723 REV-01,10-003723,"Jumper, Inverter, RRSID",Part,OTS,ATLN,LINE,FALSE,Sienna Corporation,1804,0,0.77,1389.08,0,1,Unrestricted,1804
08-04-2026,CM: Sienna GA,10-003723 REV-01,10-003723,"Jumper, Inverter, RRSID",Part,OTS,ATLN,PAMS,FALSE,Sienna Corporation,869,0,0.77,669.13,0,1,Unrestricted,869
08-04-2026,Lunar Netsuite,10-003725,10-003725,"TIM, PhaseChange, Cut to Size for Inductor CMC, Ready to Apply",Part,MTS,CA - Ravendale,NS,FALSE,Lunar Energy,80,0,0.095,7.6,0,0,Unrestricted,80
08-04-2026,CM: Sienna GA,10-003725 REV-01,10-003725,"TIM, PhaseChange, Cut to Size for Inductor CMC, Ready to Apply",Part,MTS,ATLN,PCKD,FALSE,Sienna Corporation,2800,0,0.4,1120,0,1,Unrestricted,2800
08-04-2026,CM: Sienna GA,10-003725 REV-01,10-003725,"TIM, PhaseChange, Cut to Size for Inductor CMC, Ready to Apply",Part,MTS,ATLN,LINE,FALSE,Sienna Corporation,5529,0,0.4,2211.6,0,1,Unrestricted,5529
08-04-2026,CM: Sienna GA,10-003729 REV-01,10-003729,RES 0 OHM JUMPER 1/4W 1206 AEC-Q,Electrical Components,OTS,ATLN,LINE,FALSE,Sienna Corporation,4950,0,0.0031,15.345,0,1,Unrestricted,4950
08-04-2026,CM: Sienna GA,10-003730 REV-01,10-003730,CAP CER 0.047UF 50V X7R 0603 AEC-Q,Electrical Components,OTS,ATLN,MAIN,FALSE,Sienna Corporation,8000,0,0.0308,246.4,0,1,Unrestricted,8000
08-04-2026,CM: Sienna GA,10-003730 REV-01,10-003730,CAP CER 0.047UF 50V X7R 0603 AEC-Q,Electrical Components,OTS,ATLN,LINE,FALSE,Sienna Corporation,21983,0,0.0308,677.0764,0,1,Unrestricted,21983
08-04-2026,CM: Qualitel WA,814L-10-003730,10-003730,CAP CER 0.047UF 50V X7R 0603 AEC-Q,Electrical Components,OTS,"Seattle, WA",Stock,FALSE,Qualitel,29402,0,0.0071,208.7542,0,0,Unrestricted,29402
08-04-2026,CM: Celestica MX,10-0037303MS,10-003730,CAP CER 0.047UF 50V X7R 0603 AEC-Q,Electrical Components,OTS,Monterrey Prod,1000,FALSE,Celestica,-2,0,0.013,-0.026,0,0,Unrestricted,-2
08-04-2026,CM: Sienna GA,10-003732 REV-01,10-003732,CAP CER 2200PF 250VAC X7R 2211,Electrical Components,OTS,ATLN,MAIN,FALSE,Sienna Corporation,13892,0,1.16,16114.72,0,1,Unrestricted,13892
08-04-2026,CM: Sienna GA,10-003732 REV-01,10-003732,CAP CER 2200PF 250VAC X7R 2211,Electrical Components,OTS,ATLN,LINE,FALSE,Sienna Corporation,6169,0,1.16,7156.04,0,1,Unrestricted,6169
08-04-2026,CM: Sienna GA,10-003733 REV-01,10-003733,CMC 11MH 900MA 2LN TH,Electrical Components,OTS,ATLN,LINE,FALSE,Sienna Corporation,1087,0,1.68,1826.16,0,1,Unrestricted,1087
08-04-2026,CM: Sienna GA,10-003733 REV-01,10-003733,CMC 11MH 900MA 2LN TH,Electrical Components,OTS,ATLN,MAIN,FALSE,Sienna Corporation,6129,0,1.68,10296.72,0,1,Unrestricted,6129
08-04-2026,CM: Sienna GA,10-003733 REV-01,10-003733,CMC 11MH 900MA 2LN TH,Electrical Components,OTS,ATLN,LPAC,FALSE,Sienna Corporation,571,0,1.68,959.28,0,1,Unrestricted,571
08-04-2026,CM: Qualitel WA,814L-10-003740,10-003740,IC REG LINEAR 5V 1.5A D2PAK,Electrical Components,OTS,"Seattle, WA",Stock,FALSE,Qualitel,13087,0,0.186,2434.182,0,0,Unrestricted,13087
08-04-2026,CM: Sienna GA,10-003740 REV-1,10-003740,IC REG LINEAR 5V 1.5A D2PAK,Electrical Components,OTS,ATLN,MAIN,FALSE,Sienna Corporation,5000,0,0.554,2770,0,1,Unrestricted,5000
08-04-2026,CM: Sienna GA,10-003740 REV-1,10-003740,IC REG LINEAR 5V 1.5A D2PAK,Electrical Components,OTS,ATLN,LINE,FALSE,Sienna Corporation,1825,0,0.554,1011.05,0,1,Unrestricted,1825
08-04-2026,Lunar Netsuite,10-003755,10-003755,DC DC CONVERTER 15V 2W,Electrical Components,OTS,JIT - Reno,NS,FALSE,Lunar Energy,857,0,3.8084,3263.7988,0,0,Unrestricted,857
08-04-2026,Lunar Netsuite,10-003756,10-003756,"PCB Pin, 0.762mm x 24mm",Part,MTS,Sienna Corporation - GA,NS,FALSE,Lunar Energy,9,0,1.39,12.51,0,0,Unrestricted,0
08-04-2026,CM: Sienna GA,C10-003756 REV-03,10-003756,"PCB Pin, 0.762mm x 24mm",Part,MTS,ATLN,WHS2,TRUE,Lunar Energy,9,0,0,0,0,3,Unrestricted,9
08-04-2026,CM: Sienna GA,10-003756 REV-03,10-003756,"PCB Pin, 0.762mm x 24mm",Part,MTS,ATLN,MAIN,FALSE,Sienna Corporation,6710,0,0.87,5837.7,0,3,Unrestricted,6710
08-04-2026,CM: Sienna GA,10-003756 REV-03,10-003756,"PCB Pin, 0.762mm x 24mm",Part,MTS,ATLN,PCKD,FALSE,Sienna Corporation,1000,0,0.87,870,0,3,Unrestricted,1000
08-04-2026,CM: Sienna GA,10-003758 REV-04,10-003758,"Tab, PCBA Grounding, Maximizer Released",Part,MTS,ATLN,LINE,FALSE,Sienna Corporation,11786,0,0.23,2710.78,0,4,Unrestricted,11786
08-04-2026,CM: Sienna GA,10-003758 REV-04,10-003758,"Tab, PCBA Grounding, Maximizer Released",Part,MTS,ATLN,RIQC,FALSE,Sienna Corporation,19511,0,0.23,4487.53,0,4,Unrestricted,19511
08-04-2026,CM: Sienna GA,10-003759 REV-01,10-003759,IC FLASH 16MBIT SPI/QUAD 8SOIC,Electrical Components,OTS,ATLN,LINE,FALSE,Sienna Corporation,7638,0,0.285,2176.83,0,1,Unrestricted,7638
08-04-2026,CM: Celestica MX,10-0037593MS,10-003759,IC FLASH 16MBIT SPI/QUAD 8SOIC,Electrical Components,OTS,Monterrey Prod,1000,FALSE,Celestica,-2,0,0.23,-0.46,0,0,Unrestricted,-2
08-04-2026,CM: Qualitel WA,814L-10-003759,10-003759,IC FLASH 16MBIT SPI/QUAD 8SOIC,Electrical Components,OTS,"Seattle, WA",Stock,FALSE,Qualitel,17931,0,0.253,4536.543,0,0,Unrestricted,17931
08-04-2026,CM: Sienna GA,10-003759 REV-01,10-003759,IC FLASH 16MBIT SPI/QUAD 8SOIC,Electrical Components,OTS,ATLN,MAIN,FALSE,Sienna Corporation,27498,0,0.285,7836.93,0,1,Unrestricted,27498
08-04-2026,Lunar Netsuite,10-003759,10-003759,IC FLASH 16MBIT SPI/QUAD 8SOIC,Electrical Components,OTS,CA - Ravendale,NS,FALSE,Lunar Energy,3132,0,1.3003,4072.5396,0,0,Unrestricted,3132
08-04-2026,CM: Qualitel WA,814L-10-002294,10-003759,IC FLASH 16MBIT SPI/QUAD 8SOIC,Electrical Components,OTS,"Seattle, WA",Stock,FALSE,Qualitel,17954,0,0.3876,6958.9704,0,0,Unrestricted,17954
08-04-2026,CM: Sienna GA,10-003772 REV-03,10-003772,"Clip, Wire Harness Pair, Maximizer",Part,MTS,ATLN,WHS2,FALSE,Sienna Corporation,19200,0,0.18,3456,0,3,Unrestricted,19200
08-04-2026,CM: Sienna GA,10-003772 REV-03,10-003772,"Clip, Wire Harness Pair, Maximizer",Part,MTS,ATLN,LINE,FALSE,Sienna Corporation,3495,0,0.18,629.1,0,3,Unrestricted,3495
08-04-2026,CM: Sienna GA,10-003778 REV-01,10-003778,DIODE SCHOTTKY 150V 1A SMA AEC-Q,Electrical Components,OTS,ATLN,LINE,FALSE,Sienna Corporation,6215,0,0.0958,595.397,0,1,Unrestricted,6215
08-04-2026,CM: Qualitel WA,814L-10-003778,10-003778,DIODE SCHOTTKY 150V 1A SMA AEC-Q,Electrical Components,OTS,"Seattle, WA",Stock,FALSE,Qualitel,30031,0,0.069,2072.139,0,0,Unrestricted,30031
08-04-2026,CM: Sienna GA,10-003778 REV-01,10-003778,DIODE SCHOTTKY 150V 1A SMA AEC-Q,Electrical Components,OTS,ATLN,MAIN,FALSE,Sienna Corporation,63000,0,0.0958,6035.4,0,1,Unrestricted,63000
08-04-2026,CM: Sienna GA,10-003778 REV-01,10-003778,DIODE SCHOTTKY 150V 1A SMA AEC-Q,Electrical Components,OTS,ATLN,RIQC,FALSE,Sienna Corporation,10000,0,0.0958,958,0,1,Unrestricted,10000
08-04-2026,CM: Sienna GA,10-003794 REV-02,10-003794,"Label, Wire Routing Diagram, PV Hub",Part,MTS,ATLN,MAIN,FALSE,Sienna Corporation,4618,0,0.165,761.97,0,2,Unrestricted,4618
08-04-2026,CM: Sienna GA,10-003805 REV-03,10-003805,"Wire Harness, CAN Jumper, Bridge",Part,MTS,ATLN,RPB2,FALSE,Sienna Corporation,950,0,0,0,0,3,Unrestricted,950
08-04-2026,CM: Sienna GA,10-003805 REV-03,10-003805,"Wire Harness, CAN Jumper, Bridge",Part,MTS,ATLN,LINE,FALSE,Sienna Corporation,448,0,0,0,0,3,Unrestricted,448
08-04-2026,CM: Sienna GA,10-003805 REV-03,10-003805,"Wire Harness, CAN Jumper, Bridge",Part,MTS,ATLN,RIQC,FALSE,Sienna Corporation,1067,0,0,0,0,3,Unrestricted,1067
08-04-2026,CM: Sienna GA,10-003808 REV-03,10-003808,"N/G Bar Sock, Left Side, Bridge",Part,MTS,ATLN,LINE,FALSE,Sienna Corporation,448,0,0.23,103.04,0,3,Unrestricted,448
08-04-2026,CM: Sienna GA,10-003809 REV-03,10-003809,"N/G Bar Sock, Right Side, Bridge",Part,MTS,ATLN,LINE,FALSE,Sienna Corporation,521,0,0.23,119.83,0,3,Unrestricted,521
08-04-2026,CM: Sienna GA,10-003810 REV-01,10-003810,"Screw, Sheet Metal, M3x8mm, Steel, ZiNi Plated",Part,OTS,ATLN,LINE,FALSE,Sienna Corporation,13190,0,0.045,593.55,0,1,Unrestricted,13190
08-04-2026,CM: Sienna GA,10-003810 REV-01,10-003810,"Screw, Sheet Metal, M3x8mm, Steel, ZiNi Plated",Part,OTS,ATLN,PAWH,FALSE,Sienna Corporation,4600,0,0.045,207,0,1,Unrestricted,4600
08-04-2026,CM: Sienna GA,10-003810 REV-01,10-003810,"Screw, Sheet Metal, M3x8mm, Steel, ZiNi Plated",Part,OTS,ATLN,MAIN,FALSE,Sienna Corporation,400,0,0.045,18,0,1,Unrestricted,400
08-04-2026,CM: Qualitel WA,814L-10-003828,10-003828,RES 300 OHM 5% 1/4W 1206 AEC-Q,Electrical Components,OTS,"Seattle, WA",Stock,FALSE,Qualitel,55003,0,0.0028,154.0084,0,0,Unrestricted,55003
08-04-2026,CM: Sienna GA,10-003828 REV-1,10-003828,RES 300 OHM 5% 1/4W 1206 AEC-Q,Electrical Components,OTS,ATLN,LINE,FALSE,Sienna Corporation,24444,0,0.0028,68.4432,0,1,Unrestricted,24444
08-04-2026,CM: Sienna GA,10-003829 REV-1,10-003829,CAP CER 330PF 450V C0G/NP0 0805 AEC-Q,Electrical Components,OTS,ATLN,LINE,FALSE,Sienna Corporation,6030,0,0.058,349.74,0,1,Unrestricted,6030
08-04-2026,CM: Qualitel WA,814L-10-003829,10-003829,CAP CER 330PF 450V C0G/NP0 0805 AEC-Q,Electrical Components,OTS,"Seattle, WA",Stock,FALSE,Qualitel,10724,0,0.0029,31.0996,0,0,Unrestricted,10724
08-04-2026,CM: Qualitel WA,814L-10-003833,10-003833,CAP CER 4.7UF 16V X7R 0603,Electrical Components,OTS,"Seattle, WA",Stock,FALSE,Qualitel,16495,0,0.0249,410.7255,0,0,Unrestricted,16495
08-04-2026,CM: Sienna GA,10-003833 REV-01,10-003833,CAP CER 4.7UF 16V X7R 0603,Electrical Components,OTS,ATLN,LINE,FALSE,Sienna Corporation,41817,0,0.0338,1413.4146,0,1,Unrestricted,41817
08-04-2026,CM: Qualitel WA,814L-10-003834,10-003834,CRYSTAL 12.0000MHZ 8PF SMD,Electrical Components,OTS,"Seattle, WA",PO Inspection,FALSE,Qualitel,0,30,0.153,0,4.59,0,Restricted,0
08-04-2026,CM: Qualitel WA,814L-10-003834,10-003834,CRYSTAL 12.0000MHZ 8PF SMD,Electrical Components,OTS,"Seattle, WA",MRB,FALSE,Qualitel,0,30,0.153,0,4.59,0,Restricted,0
08-04-2026,CM: Sienna GA,10-003834 REV-1,10-003834,CRYSTAL 12.0000MHZ 8PF SMD,Electrical Components,OTS,ATLN,LPAC,FALSE,Sienna Corporation,0,0,0.1684,0,0,1,Unrestricted,0
08-04-2026,CM: Qualitel WA,814L-10-003834,10-003834,CRYSTAL 12.0000MHZ 8PF SMD,Electrical Components,OTS,"Seattle, WA",Stock,FALSE,Qualitel,9278,0,0.153,1419.534,0,0,Unrestricted,9278
08-04-2026,CM: Sienna GA,10-003834 REV-1,10-003834,CRYSTAL 12.0000MHZ 8PF SMD,Electrical Components,OTS,ATLN,LINE,FALSE,Sienna Corporation,2641,0,0.1684,444.7444,0,1,Unrestricted,2641
08-04-2026,CM: Sienna GA,10-003837 REV-01,10-003837,"Connector, Socket, WAGO, 4 POS, SMT",Electrical Components,OTS,ATLN,MAIN,FALSE,Sienna Corporation,1338,0,2.78,3719.64,0,1,Unrestricted,1338
08-04-2026,CM: Sienna GA,10-003837 REV-01,10-003837,"Connector, Socket, WAGO, 4 POS, SMT",Electrical Components,OTS,ATLN,LINE,FALSE,Sienna Corporation,499,0,2.78,1387.22,0,1,Unrestricted,499
08-04-2026,CM: Sienna GA,10-003838 REV-02,10-003838,"Connector, Socket, WAGO, 6 POS, SMT",Electrical Components,OTS,ATLN,RIQC,FALSE,Sienna Corporation,35,0,4.08,142.8,0,2,Unrestricted,35
08-04-2026,CM: Sienna GA,10-003838 REV-02,10-003838,"Connector, Socket, WAGO, 6 POS, SMT",Electrical Components,OTS,ATLN,LINE,FALSE,Sienna Corporation,516,0,4.08,2105.28,0,2,Unrestricted,516
08-04-2026,CM: Sienna GA,10-003838 REV-02,10-003838,"Connector, Socket, WAGO, 6 POS, SMT",Electrical Components,OTS,ATLN,MAIN,FALSE,Sienna Corporation,1319,0,4.08,5381.52,0,2,Unrestricted,1319
08-04-2026,CM: Sienna GA,10-003839 REV-01,10-003839,"SEMS Screw, M3x0.5x5,ConicalLockingWasher,BHT,Cl8.8,Zn",Part,OTS,ATLN,MAIN,FALSE,Sienna Corporation,2925,0,0.044,128.7,0,1,Unrestricted,2925
08-04-2026,Lunar Netsuite,10-003852,10-003852,CONN MICRO SIM CARD PUSH-PULL,Electrical Components,OTS,CCL (Computer Components Ltd),NS,FALSE,Lunar Energy,24000,0,0.575,13800,0,0,Unrestricted,24000
08-04-2026,CM: Sienna GA,C10-003856 REV-1,10-003856,CONN HEADER VERT 3POS 2.5MM,Electrical Components,OTS,ATLN,WT11,TRUE,Lunar Energy,4800,0,0,0,0,1,Unrestricted,4800
08-04-2026,Lunar Netsuite,10-003856,10-003856,CONN HEADER VERT 3POS 2.5MM,Electrical Components,OTS,CCL (Computer Components Ltd),NS,FALSE,Lunar Energy,10000,0,0.159,1590,0,0,Unrestricted,10000
08-04-2026,Lunar Netsuite,10-003856,10-003856,CONN HEADER VERT 3POS 2.5MM,Electrical Components,OTS,Sienna Corporation - GA,NS,FALSE,Lunar Energy,4800,0,0.158,758.4,0,0,Unrestricted,0
08-04-2026,Lunar Netsuite,10-003867,10-003867,RES SMD 1.2K OHM 1% 1/10W 0603 AEC-Q,Electrical Components,OTS,CCL (Computer Components Ltd),NS,FALSE,Lunar Energy,90000,0,0.002,180,0,0,Unrestricted,90000
08-04-2026,CM: Sienna GA,10-003870 REV-01,10-003870,DIODE GEN PURP 800V 3A SMC,Electrical Components,OTS,ATLN,RIQC,FALSE,Sienna Corporation,3000,0,0.0894,268.2,0,1,Unrestricted,3000
08-04-2026,Lunar Netsuite,10-003870,10-003870,DIODE GEN PURP 800V 3A SMC,Electrical Components,OTS,JIT - Reno,NS,FALSE,Lunar Energy,6000,0,0.11,660,0,0,Unrestricted,4000
08-04-2026,CM: Sienna GA,10-003870 REV-01,10-003870,DIODE GEN PURP 800V 3A SMC,Electrical Components,OTS,ATLN,LINE,FALSE,Sienna Corporation,2939,0,0.0894,262.7466,0,1,Unrestricted,2939
08-04-2026,Lunar Netsuite,10-003871,10-003871,RES SMD 5.1K OHM 1% 1/10W 0603,Electrical Components,OTS,CCL (Computer Components Ltd),NS,FALSE,Lunar Energy,485000,0,0.0037,1794.5,0,0,Unrestricted,485000
08-04-2026,Lunar Netsuite,10-003879,10-003879,DIODE SCHOTTKY 80V 3A SMC,Electrical Components,OTS,CCL (Computer Components Ltd),NS,FALSE,Lunar Energy,6000,0,0.133,798,0,0,Unrestricted,6000
08-04-2026,CM: Sienna GA,10-003885 REV-05,10-003885,"Antenna Box, Top, Maximizer",Part,MTS,ATLN,LPAC,FALSE,Sienna Corporation,93,0,0.14,13.02,0,5,Unrestricted,93
08-04-2026,CM: Sienna GA,10-003885 REV-06,10-003885,"Antenna Box, Top, Maximizer",Part,MTS,ATLN,LINE,FALSE,Sienna Corporation,23028,0,0,0,0,6,Unrestricted,23028
08-04-2026,CM: Sienna GA,10-003885 REV-05,10-003885,"Antenna Box, Top, Maximizer",Part,MTS,ATLN,RIQC,FALSE,Sienna Corporation,9,0,0.14,1.26,0,5,Unrestricted,9
08-04-2026,CM: Sienna GA,10-003885 REV-06,10-003885,"Antenna Box, Top, Maximizer",Part,MTS,ATLN,RIQC,FALSE,Sienna Corporation,30873,0,0,0,0,6,Unrestricted,30873
08-04-2026,CM: Sienna GA,10-003885 REV-05,10-003885,"Antenna Box, Top, Maximizer",Part,MTS,ATLN,RL11,FALSE,Sienna Corporation,4828,0,0.14,675.92,0,5,Unrestricted,4828
08-04-2026,CM: Sienna GA,10-003886 REV-05,10-003886,"Antenna Box, Bottom, Maximizer",Part,MTS,ATLN,RIQC,FALSE,Sienna Corporation,48873,0,0,0,0,5,Unrestricted,48873
08-04-2026,CM: Sienna GA,10-003886 REV-04,10-003886,"Antenna Box, Bottom, Maximizer",Part,MTS,ATLN,LINE,FALSE,Sienna Corporation,3,0,0.14,0.42,0,4,Unrestricted,3
08-04-2026,CM: Sienna GA,10-003886 REV-05,10-003886,"Antenna Box, Bottom, Maximizer",Part,MTS,ATLN,LINE,FALSE,Sienna Corporation,5028,0,0,0,0,5,Unrestricted,5028
08-04-2026,CM: Sienna GA,10-003886 REV-04,10-003886,"Antenna Box, Bottom, Maximizer",Part,MTS,ATLN,RIQC,FALSE,Sienna Corporation,899,0,0.14,125.86,0,4,Unrestricted,899
08-04-2026,CM: Sienna GA,OBS10-003886 REV-03,10-003886,"Antenna Box, Bottom, Maximizer",Part,MTS,ATLN,LINE,FALSE,Sienna Corporation,38,0,0,0,0,3,Unrestricted,38
08-04-2026,CM: Sienna GA,10-003886 REV-04,10-003886,"Antenna Box, Bottom, Maximizer",Part,MTS,ATLN,RL11,FALSE,Sienna Corporation,8596,0,0.14,1203.44,0,4,Unrestricted,8596
08-04-2026,CM: Sienna GA,10-003887 REV-08,10-003887,"Foam, Antenna Box, Maximizer",Part,MTS,ATLN,RIQC,FALSE,Sienna Corporation,30000,0,0,0,0,8,Unrestricted,30000
08-04-2026,CM: Sienna GA,10-003887 REV-08,10-003887,"Foam, Antenna Box, Maximizer",Part,MTS,ATLN,RJ43,FALSE,Sienna Corporation,29096,0,0,0,0,8,Unrestricted,29096
08-04-2026,CM: Sienna GA,10-003887 REV-08,10-003887,"Foam, Antenna Box, Maximizer",Part,MTS,ATLN,LINE,FALSE,Sienna Corporation,4678,0,0,0,0,8,Unrestricted,4678
08-04-2026,CM: Sienna GA,10-003888 REV-1,10-003888,IC SWITCH SPDT SINGLE SC70-6,Electrical Components,OTS,ATLN,RIQC,FALSE,Sienna Corporation,3000,0,0.406,1218,0,1,Unrestricted,3000
08-04-2026,Lunar Netsuite,10-003888,10-003888,IC SWITCH SPDT SINGLE SC70-6,Electrical Components,OTS,JIT - Reno,NS,FALSE,Lunar Energy,6000,0,0.41,2460,0,0,Unrestricted,3900
08-04-2026,CM: Sienna GA,C10-003888 REV-1,10-003888,IC SWITCH SPDT SINGLE SC70-6,Electrical Components,OTS,ATLN,WT21,TRUE,Lunar Energy,1000,0,0,0,0,1,Unrestricted,1000
08-04-2026,Lunar Netsuite,10-003888,10-003888,IC SWITCH SPDT SINGLE SC70-6,Electrical Components,OTS,Sienna Corporation - GA,NS,FALSE,Lunar Energy,1000,0,0.6536,653.6,0,0,Unrestricted,0
08-04-2026,CM: Sienna GA,10-003888 REV-1,10-003888,IC SWITCH SPDT SINGLE SC70-6,Electrical Components,OTS,ATLN,LINE,FALSE,Sienna Corporation,2018,0,0.406,819.308,0,1,Unrestricted,2018
08-04-2026,Lunar Netsuite,10-003888,10-003888,IC SWITCH SPDT SINGLE SC70-6,Electrical Components,OTS,NexGen Digital Inc,NS,FALSE,Lunar Energy,35000,0,0.41,14350,0,0,Unrestricted,35000
08-04-2026,Lunar Netsuite,10-003889,10-003889,FIXED IND 33UH 30A 2.4 MOHM SMD,Electrical Components,OTS,CCL (Computer Components Ltd),NS,FALSE,Lunar Energy,305,0,7.28,2220.4,0,0,Unrestricted,305
08-04-2026,Lunar Netsuite,10-003892,10-003892,CAP FILM .033UF 20% 1.25KVDC RAD,Electrical Components,OTS,CCL (Computer Components Ltd),NS,FALSE,Lunar Energy,1540,0,0.4,616,0,0,Unrestricted,1540
08-04-2026,CM: Sienna GA,10-003914 REV-1,10-003914,IC BUFFER NON-INVERT 6V 20SOIC,Electrical Components,OTS,ATLN,MAIN,FALSE,Sienna Corporation,500,0,0.2633,131.65,0,1,Unrestricted,500
08-04-2026,CM: Sienna GA,10-003925 REV-02,10-003925,"Wire Harness,Inverter Exterior,Antenna Right",Part,MTS,ATLN,MAIN,FALSE,Sienna Corporation,2,0,0,0,0,2,Unrestricted,2
08-04-2026,Lunar Netsuite,10-003925,10-003925,"Wire Harness,Inverter Exterior,Antenna Right",Part,MTS,CA - Ravendale,NS,FALSE,Lunar Energy,37,0,48.0124,1776.4588,0,0,Unrestricted,37
08-04-2026,Lunar Netsuite,10-003926,10-003926,"Wire Harness,Inverter Exterior,Antenna Left",Part,MTS,JIT - Reno,NS,FALSE,Lunar Energy,9,0,52.83,475.47,0,0,Unrestricted,9
08-04-2026,Lunar Netsuite,10-003928,10-003928,"Harness, Trunk, 20 kWh, Type B",Part,MTS,JIT - Reno,NS,FALSE,Lunar Energy,2,0,0,0,0,0,Unrestricted,2
08-04-2026,Lunar Netsuite,10-003928,10-003928,"Harness, Trunk, 20 kWh, Type B",Part,MTS,CA - Ravendale,NS,FALSE,Lunar Energy,4,0,35.625,142.5,0,0,Unrestricted,0
08-04-2026,CM: Sienna GA,10-003929 REV-03,10-003929,"Wire Harness,Inverter,Blowers/Ambient T/LED/Motion",Part,MTS,ATLN,RPB2,FALSE,Sienna Corporation,5,0,13.84,69.2,0,3,Unrestricted,5
08-04-2026,CM: Sienna GA,10-003929 REV-03,10-003929,"Wire Harness,Inverter,Blowers/Ambient T/LED/Motion",Part,MTS,ATLN,PAMS,FALSE,Sienna Corporation,20,0,13.84,276.8,0,3,Unrestricted,20
08-04-2026,CM: Sienna GA,10-003929 REV-03,10-003929,"Wire Harness,Inverter,Blowers/Ambient T/LED/Motion",Part,MTS,ATLN,LPAC,FALSE,Sienna Corporation,14,0,13.84,193.76,0,3,Unrestricted,14
08-04-2026,CM: Sienna GA,10-003929 REV-03,10-003929,"Wire Harness,Inverter,Blowers/Ambient T/LED/Motion",Part,MTS,ATLN,RIQC,FALSE,Sienna Corporation,355,0,13.84,4913.2,0,3,Unrestricted,355
08-04-2026,CM: Sienna GA,10-003929 REV-03,10-003929,"Wire Harness,Inverter,Blowers/Ambient T/LED/Motion",Part,MTS,ATLN,PAWH,FALSE,Sienna Corporation,90,0,13.84,1245.6,0,3,Unrestricted,90
08-04-2026,CM: Sienna GA,10-003929 REV-03,10-003929,"Wire Harness,Inverter,Blowers/Ambient T/LED/Motion",Part,MTS,ATLN,LINE,FALSE,Sienna Corporation,328,0,13.84,4539.52,0,3,Unrestricted,328
08-04-2026,Lunar Netsuite,10-003933,10-003933,"Lithium Ion Cell,E41,Untrimmed",Part,OTS,JIT - Tracy,NS,FALSE,Lunar Energy,1872,0,0,0,0,0,Unrestricted,1872
08-04-2026,CM: Sienna GA,10-003940 REV-1,10-003940,22 µF ±20% 25V Ceramic Capacitor X7R 1210 (3225 Metric) AEC-QAEC-Q,Electrical Components,OTS,ATLN,LINE,FALSE,Sienna Corporation,1896,0,0.63,1194.48,0,1,Unrestricted,1896
08-04-2026,CM: Qualitel WA,814L-10-003940,10-003940,22 µF ±20% 25V Ceramic Capacitor X7R 1210 (3225 Metric) AEC-QAEC-Q,Electrical Components,OTS,"Seattle, WA",Stock,FALSE,Qualitel,3533,0,0.615,2172.795,0,0,Unrestricted,3533
08-04-2026,CM: Sienna GA,10-003941 REV-1,10-003941,CAP CER 1UF 25V X7R 0603 AEC-Q,Electrical Components,OTS,ATLN,LINE,FALSE,Sienna Corporation,19138,0,0.0192,367.4496,0,1,Unrestricted,19138
08-04-2026,CM: Qualitel WA,814L-10-003941,10-003941,CAP CER 1UF 25V X7R 0603 AEC-Q,Electrical Components,OTS,"Seattle, WA",Stock,FALSE,Qualitel,11020,0,0.0177,195.054,0,0,Unrestricted,11020
08-04-2026,CM: Qualitel WA,814L-10-003942,10-003942,CAP CER 0.047UF 50V X7R 0603,Electrical Components,OTS,"Seattle, WA",Stock,FALSE,Qualitel,10604,0,0.0068,72.1072,0,0,Unrestricted,10604
08-04-2026,CM: Sienna GA,10-003942 REV-1,10-003942,CAP CER 0.047UF 50V X7R 0603,Electrical Components,OTS,ATLN,MAIN,FALSE,Sienna Corporation,8000,0,0.0071,56.8,0,1,Unrestricted,8000
08-04-2026,CM: Sienna GA,10-003942 REV-1,10-003942,CAP CER 0.047UF 50V X7R 0603,Electrical Components,OTS,ATLN,LINE,FALSE,Sienna Corporation,15708,0,0.0071,111.5268,0,1,Unrestricted,15708
08-04-2026,CM: Sienna GA,10-003950 REV-05,10-003950,"O-Strip Tubing, 2.9mm OD x 1.6mm hollow x 1210mm length",Part,MTS,ATLN,MAIN,FALSE,Sienna Corporation,200,0,6.73,1346,0,5,Unrestricted,200
08-04-2026,CM: Sienna GA,10-003950 REV-05,10-003950,"O-Strip Tubing, 2.9mm OD x 1.6mm hollow x 1210mm length",Part,MTS,ATLN,LINE,FALSE,Sienna Corporation,233,0,6.73,1568.09,0,5,Unrestricted,233
08-04-2026,CM: Sienna GA,10-003950 REV-05,10-003950,"O-Strip Tubing, 2.9mm OD x 1.6mm hollow x 1210mm length",Part,MTS,ATLN,PAWH,FALSE,Sienna Corporation,2000,0,6.73,13460,0,5,Unrestricted,2000
08-04-2026,CM: Sienna GA,10-003950 REV-05,10-003950,"O-Strip Tubing, 2.9mm OD x 1.6mm hollow x 1210mm length",Part,MTS,ATLN,RIQC,FALSE,Sienna Corporation,1000,0,6.73,6730,0,5,Unrestricted,1000
08-04-2026,CM: Sienna GA,10-003951 REV-1,10-003951,RES 2M OHM 0.1% 1/4W 1206 AEC-Q,Electrical Components,OTS,ATLN,LINE,FALSE,Sienna Corporation,3681,0,0.085,312.885,0,1,Unrestricted,3681
08-04-2026,CM: Sienna GA,10-003951 REV-1,10-003951,RES 2M OHM 0.1% 1/4W 1206 AEC-Q,Electrical Components,OTS,ATLN,MAIN,FALSE,Sienna Corporation,11000,0,0.085,935,0,1,Unrestricted,11000
08-04-2026,CM: Sienna GA,10-003954 REV-1,10-003954,RES SMD 2K OHM ±1% 1/2W AEC-Q,Electrical Components,OTS,ATLN,LINE,FALSE,Sienna Corporation,1642,0,0.0158,25.9436,0,1,Unrestricted,1642
08-04-2026,CM: Sienna GA,10-003954 REV-1,10-003954,RES SMD 2K OHM ±1% 1/2W AEC-Q,Electrical Components,OTS,ATLN,MAIN,FALSE,Sienna Corporation,5000,0,0.0158,79,0,1,Unrestricted,5000
08-04-2026,CM: Sienna GA,10-003957 REV-1,10-003957,RES SMD 93.1K OHM 1% 1/10W 0603,Electrical Components,OTS,ATLN,MAIN,FALSE,Sienna Corporation,3725,0,0.0021,7.8225,0,1,Unrestricted,3725
08-04-2026,CM: Qualitel WA,814L-10-003962,10-003962,RES SMD 110K OHM 0.1% 1/10W 0603 AEC-Q,Electrical Components,OTS,"Seattle, WA",Stock,FALSE,Qualitel,4532,0,0.028,126.896,0,0,Unrestricted,4532
08-04-2026,CM: Sienna GA,10-003962 REV-1,10-003962,RES SMD 110K OHM 0.1% 1/10W 0603 AEC-Q,Electrical Components,OTS,ATLN,LINE,FALSE,Sienna Corporation,3870,0,0.039,150.93,0,1,Unrestricted,3870
08-04-2026,CM: Sienna GA,10-003962 REV-1,10-003962,RES SMD 110K OHM 0.1% 1/10W 0603 AEC-Q,Electrical Components,OTS,ATLN,RIQC,FALSE,Sienna Corporation,5000,0,0.039,195,0,1,Unrestricted,5000
08-04-2026,CM: Sienna GA,10-003978 REV-01,10-003978,"Wire Harness,Inverter Exterior,LED/Motion,Pre Mold",Part,MTS,ATLN,LINE,FALSE,Sienna Corporation,992,0,3.4,3372.8,0,1,Unrestricted,992
08-04-2026,CM: Sienna GA,10-003984 REV-01,10-003984,CAP CER 10NF 50V X7R 0402 AEC-Q,Electrical Components,OTS,ATLN,LINE,FALSE,Sienna Corporation,5684,0,0.017,96.628,0,1,Unrestricted,5684
08-04-2026,CM: Qualitel WA,814L-10-003984,10-003984,CAP CER 10NF 50V X7R 0402 AEC-Q,Electrical Components,OTS,"Seattle, WA",Stock,FALSE,Qualitel,8740,0,0.0011,9.614,0,0,Unrestricted,8740
08-04-2026,Lunar Netsuite,10-003985,10-003985,RES SMD 1K OHM 1% 1/10W 0603,Electrical Components,OTS,NexGen Digital Inc,NS,FALSE,Lunar Energy,5000,0,0,0,0,0,Unrestricted,5000
08-04-2026,CM: Celestica MX,10-0039993MS,10-003999,"Inter-Submodule Seal, Ceramic Wool",Part,MTS,Monterrey Prod,1000,FALSE,Celestica,-5,0,0.313,-1.565,0,0,Unrestricted,-5
08-04-2026,CM: Sienna GA,10-004041 REV-1,10-004041,IC FLASH 1GBIT SPI 16SOW,Electrical Components,OTS,ATLN,MAIN,FALSE,Sienna Corporation,1023,0,1.53,1565.19,0,1,Unrestricted,1023
08-04-2026,CM: Sienna GA,10-004043 REV-01,10-004043,RES 100K OHM 1% 1/4W 0603 150V AEC-Q,Electrical Components,OTS,ATLN,LINE,FALSE,Sienna Corporation,13670,0,0.0194,265.198,0,1,Unrestricted,13670
08-04-2026,CM: Qualitel WA,814L-10-004043,10-004043,RES 100K OHM 1% 1/4W 0603 150V AEC-Q,Electrical Components,OTS,"Seattle, WA",Stock,FALSE,Qualitel,4532,0,0.0194,87.9208,0,0,Unrestricted,4532
08-04-2026,Lunar Netsuite,10-004043,10-004043,RES 100K OHM 1% 1/4W 0603 150V AEC-Q,Electrical Components,OTS,JIT - Reno,NS,FALSE,Lunar Energy,930,0,0.0194,18.042,0,0,Unrestricted,930
08-04-2026,CM: Sienna GA,10-004047 REV-1,10-004047,CAP CER 10000PF 440VAC RADIAL,Electrical Components,OTS,ATLN,MAIN,FALSE,Sienna Corporation,12188,0,0.184,2242.592,0,1,Unrestricted,12188
08-04-2026,CM: Sienna GA,10-004047 REV-1,10-004047,CAP CER 10000PF 440VAC RADIAL,Electrical Components,OTS,ATLN,LINE,FALSE,Sienna Corporation,3228,0,0.184,593.952,0,1,Unrestricted,3228
08-04-2026,CM: Sienna GA,10-004048 REV-1,10-004048,CAP FILM 0.068UF 20% 1KVDC RAD,Electrical Components,OTS,ATLN,RIQC,FALSE,Sienna Corporation,2366,0,0.285,674.31,0,1,Unrestricted,2366
08-04-2026,CM: Sienna GA,10-004048 REV-1,10-004048,CAP FILM 0.068UF 20% 1KVDC RAD,Electrical Components,OTS,ATLN,LINE,FALSE,Sienna Corporation,5987,0,0.285,1706.295,0,1,Unrestricted,5987
08-04-2026,Lunar Netsuite,10-004053,10-004053,MOSFET P-CH 60V 300MA SOT23-3,Electrical Components,OTS,CCL (Computer Components Ltd),NS,FALSE,Lunar Energy,21000,0,0.12,2520,0,0,Unrestricted,21000
08-04-2026,CM: Sienna GA,10-004060 REV-1,10-004060,DIODE ZENER 15V 5W DO214AA,Electrical Components,OTS,ATLN,MAIN,FALSE,Sienna Corporation,3000,0,0.0894,268.2,0,1,Unrestricted,3000
08-04-2026,CM: Sienna GA,10-004060 REV-1,10-004060,DIODE ZENER 15V 5W DO214AA,Electrical Components,OTS,ATLN,LINE,FALSE,Sienna Corporation,3323,0,0.0894,297.0762,0,1,Unrestricted,3323
08-04-2026,CM: Sienna GA,10-004061 REV-1,10-004061,DIODE GEN PURP 1KV 1A SMA,Electrical Components,OTS,ATLN,LINE,FALSE,Sienna Corporation,4007,0,0.0252,100.9764,0,1,Unrestricted,4007
08-04-2026,Lunar Netsuite,10-004067,10-004067,CAP FILM 50UF 5% 500VDC RADIAL,Electrical Components,OTS,JIT - Reno,NS,FALSE,Lunar Energy,1520,0,2.8505,4332.76,0,0,Unrestricted,1520
08-04-2026,Lunar Netsuite,10-004067,10-004067,CAP FILM 50UF 5% 500VDC RADIAL,Electrical Components,OTS,NexGen Digital Inc,NS,FALSE,Lunar Energy,19454,0,2.8505,55453.627,0,0,Unrestricted,19454
08-04-2026,CM: Sienna GA,10-004072 REV-05,10-004072,"Bus Bar, Ground to Enclosure, Bridge",Part,MTS,ATLN,RIQC,FALSE,Sienna Corporation,900,0,0.86,774,0,5,Unrestricted,900
08-04-2026,CM: Sienna GA,10-004072 REV-05,10-004072,"Bus Bar, Ground to Enclosure, Bridge",Part,MTS,ATLN,RQA1,FALSE,Sienna Corporation,200,0,0.86,172,0,5,Unrestricted,200
08-04-2026,CM: Sienna GA,10-004072 REV-05,10-004072,"Bus Bar, Ground to Enclosure, Bridge",Part,MTS,ATLN,RQB2,FALSE,Sienna Corporation,400,0,0.86,344,0,5,Unrestricted,400
08-04-2026,CM: Sienna GA,10-004072 REV-05,10-004072,"Bus Bar, Ground to Enclosure, Bridge",Part,MTS,ATLN,LINE,FALSE,Sienna Corporation,426,0,0.86,366.36,0,5,Unrestricted,426
08-04-2026,CM: Sienna GA,10-004090 REV-01,10-004090,CONN HEADER VERT 4POS 2MM,Electrical Components,OTS,ATLN,LINE,FALSE,Sienna Corporation,2263,0,0.2322,525.4686,0,1,Unrestricted,2263
08-04-2026,CM: Sienna GA,10-004090 REV-01,10-004090,CONN HEADER VERT 4POS 2MM,Electrical Components,OTS,ATLN,MAIN,FALSE,Sienna Corporation,2700,0,0.2322,626.94,0,1,Unrestricted,2700
08-04-2026,CM: Sienna GA,10-004091 REV-01,10-004091,CONN HEADER VERT 10POS 2MM,Electrical Components,OTS,ATLN,MAIN,FALSE,Sienna Corporation,1340,0,0.4151,556.234,0,1,Unrestricted,1340
08-04-2026,CM: Sienna GA,10-004091 REV-01,10-004091,CONN HEADER VERT 10POS 2MM,Electrical Components,OTS,ATLN,LINE,FALSE,Sienna Corporation,1595,0,0.4151,662.0845,0,1,Unrestricted,1595
08-04-2026,CM: Sienna GA,10-004116 REV-05,10-004116,"Enclosure, Bottom, Maximizer",Part,MTS,ATLN,LINE,FALSE,Sienna Corporation,632,0,1.08,682.56,0,5,Unrestricted,632
08-04-2026,CM: Sienna GA,10-004116 REV-05,10-004116,"Enclosure, Bottom, Maximizer",Part,MTS,ATLN,RIQC,FALSE,Sienna Corporation,21,0,1.08,22.68,0,5,Unrestricted,21
08-04-2026,CM: Sienna GA,10-004116 REV-04,10-004116,"Enclosure, Bottom, Maximizer",Part,MTS,ATLN,LPAC,FALSE,Sienna Corporation,26,0,1.08,28.08,0,4,Unrestricted,26
08-04-2026,CM: Sienna GA,10-004116 REV-05,10-004116,"Enclosure, Bottom, Maximizer",Part,MTS,ATLN,HRAC,FALSE,Sienna Corporation,3,0,1.08,3.24,0,5,Unrestricted,3
08-04-2026,CM: Sienna GA,10-004117 REV-1,10-004117,FIXED IND 1UH 69A 0.89 MOHM SMD,Electrical Components,OTS,ATLN,MAIN,FALSE,Sienna Corporation,2339,0,4.28,10010.92,0,1,Unrestricted,2339
08-04-2026,CM: Sienna GA,10-004121 REV-01,10-004121,RES 1K OHM 1% 1/10W 0603 50PPM,Electrical Components,OTS,ATLN,LINE,FALSE,Sienna Corporation,8546,0,0.0291,248.6886,0,1,Unrestricted,8546
08-04-2026,CM: Qualitel WA,814L-10-004121,10-004121,RES 1K OHM 1% 1/10W 0603 50PPM,Electrical Components,OTS,"Seattle, WA",Stock,FALSE,Qualitel,8741,0,0.0052,45.4532,0,0,Unrestricted,8741
08-04-2026,CM: Sienna GA,10-004124 REV-02,10-004124,"Hook Mounting Bracket with Lock, Inverter, C1.5",Part,MTS,ATLN,RP58,FALSE,Sienna Corporation,320,0,16.66,5331.2,0,2,Unrestricted,320
08-04-2026,Lunar Netsuite,10-004124,10-004124,"Hook Mounting Bracket with Lock, Inverter, C1.5",Part,MTS,CA - Ravendale,NS,FALSE,Lunar Energy,3,0,15.99,47.97,0,0,Unrestricted,3
08-04-2026,CM: Sienna GA,10-004124 REV-02,10-004124,"Hook Mounting Bracket with Lock, Inverter, C1.5",Part,MTS,ATLN,RIQC,FALSE,Sienna Corporation,340,0,16.66,5664.4,0,2,Unrestricted,340
08-04-2026,CM: Sienna GA,10-004124 REV-02,10-004124,"Hook Mounting Bracket with Lock, Inverter, C1.5",Part,MTS,ATLN,LPAC,FALSE,Sienna Corporation,5,0,16.66,83.3,0,2,Unrestricted,5
08-04-2026,CM: Sienna GA,10-004124 REV-02,10-004124,"Hook Mounting Bracket with Lock, Inverter, C1.5",Part,MTS,ATLN,RR47,FALSE,Sienna Corporation,320,0,16.66,5331.2,0,2,Unrestricted,320
08-04-2026,CM: Sienna GA,10-004124 REV-02,10-004124,"Hook Mounting Bracket with Lock, Inverter, C1.5",Part,MTS,ATLN,LINE,FALSE,Sienna Corporation,94,0,16.66,1566.04,0,2,Unrestricted,94
08-04-2026,CM: Sienna GA,10-004151 REV-01,10-004151,RES 27K OHM 1% 1/10W 0603 AEC-Q,Electrical Components,OTS,ATLN,LINE,FALSE,Sienna Corporation,9280,0,0.01,92.8,0,1,Unrestricted,9280
08-04-2026,CM: Qualitel WA,814L-10-004151,10-004151,RES 27K OHM 1% 1/10W 0603 AEC-Q,Electrical Components,OTS,"Seattle, WA",Stock,FALSE,Qualitel,9446,0,0.0018,17.0028,0,0,Unrestricted,9446
08-04-2026,CM: Sienna GA,10-004152 REV-01,10-004152,"Standoff, M3x0.5, 4.5mm, F/F, Thru, Hex, SS",Part,OTS,ATLN,PAWH,FALSE,Sienna Corporation,7000,0,0.0716,501.2,0,1,Unrestricted,7000
08-04-2026,CM: Sienna GA,10-004152 REV-01,10-004152,"Standoff, M3x0.5, 4.5mm, F/F, Thru, Hex, SS",Part,OTS,ATLN,INRE,FALSE,Sienna Corporation,2164,0,0.0716,154.9424,0,1,Unrestricted,2164
08-04-2026,CM: Sienna GA,10-004152 REV-01,10-004152,"Standoff, M3x0.5, 4.5mm, F/F, Thru, Hex, SS",Part,OTS,ATLN,RQ72,FALSE,Sienna Corporation,136500,0,0.0716,9773.4,0,1,Unrestricted,136500
08-04-2026,CM: Sienna GA,10-004152 REV-01,10-004152,"Standoff, M3x0.5, 4.5mm, F/F, Thru, Hex, SS",Part,OTS,ATLN,LINE,FALSE,Sienna Corporation,61009,0,0.0716,4368.2444,0,1,Unrestricted,61009
08-04-2026,Lunar Netsuite,10-004156,10-004156,DIODE SCHOTTKY 100V 1A SOD123H,Electrical Components,OTS,CCL (Computer Components Ltd),NS,FALSE,Lunar Energy,201000,0,0.1124,22592.4,0,0,Unrestricted,201000
08-04-2026,CM: Celestica MX,10-0041623MS,10-004162,RES SMD 20 OHM 1% 1/4W 1206 AEC-Q200,Electrical Components,OTS,Monterrey Prod,1000,FALSE,Celestica,-82,0,0.0021,-0.1722,0,0,Unrestricted,-82
08-04-2026,CM: Qualitel WA,814L-10-004162,10-004162,RES SMD 20 OHM 1% 1/4W 1206 AEC-Q200,Electrical Components,OTS,"Seattle, WA",Stock,FALSE,Qualitel,53379,0,0.0035,186.8265,0,0,Unrestricted,53379
08-04-2026,CM: Celestica MX,10-0041633MS,10-004163,FUSE BRD MNT 500MA 125VAC 63VDC,Electrical Components,OTS,Monterrey Prod,1000,FALSE,Celestica,-2,0,0.142,-0.284,0,0,Unrestricted,-2
08-04-2026,CM: Qualitel WA,814L-10-004163,10-004163,FUSE BRD MNT 500MA 125VAC 63VDC,Electrical Components,OTS,"Seattle, WA",Stock,FALSE,Qualitel,24976,0,0.0528,1318.7328,0,0,Unrestricted,24976
08-04-2026,Lunar Netsuite,10-004164,10-004164,RES 49.9 OHM 1% 1/16W 0402 AEC-Q,Electrical Components,OTS,CCL (Computer Components Ltd),NS,FALSE,Lunar Energy,19934,0,0.0061,121.5974,0,0,Unrestricted,19934
08-04-2026,Lunar Netsuite,10-004175,10-004175,IC TRNSLTR BIDIRECTIONAL 20TSSOP,Electrical Components,OTS,CCL (Computer Components Ltd),NS,FALSE,Lunar Energy,20000,0,0.52,10400,0,0,Unrestricted,20000
08-04-2026,CM: Sienna GA,10-004177 REV-01,10-004177,RES SMD 1M OHM 1% 1/4W 1206,Electrical Components,OTS,ATLN,LINE,FALSE,Sienna Corporation,4013,0,0.0277,111.1601,0,1,Unrestricted,4013
08-04-2026,CM: Sienna GA,10-004177 REV-01,10-004177,RES SMD 1M OHM 1% 1/4W 1206,Electrical Components,OTS,ATLN,MAIN,FALSE,Sienna Corporation,5000,0,0.0277,138.5,0,1,Unrestricted,5000
08-04-2026,CM: Sienna GA,10-004178 REV-01,10-004178,RES SMD 220 OHM 1% 1/16W 0402,Electrical Components,OTS,ATLN,LINE,FALSE,Sienna Corporation,6091,0,0.0007,4.2637,0,1,Unrestricted,6091
08-04-2026,Lunar Netsuite,10-004178,10-004178,RES SMD 220 OHM 1% 1/16W 0402,Electrical Components,OTS,CA - Ravendale,NS,FALSE,Lunar Energy,52700,0,0.0027,142.29,0,0,Unrestricted,52700
08-04-2026,CM: Sienna GA,10-004178 REV-01,10-004178,RES SMD 220 OHM 1% 1/16W 0402,Electrical Components,OTS,ATLN,MAIN,FALSE,Sienna Corporation,10000,0,0.0007,7,0,1,Unrestricted,10000
08-04-2026,CM: Qualitel WA,814L-10-07682A,10-004191,"Thermal gap filler, Non-Curing, 6 W/mK, Dispensed",Part,OTS,"Seattle, WA",PO Inspection,FALSE,Qualitel,0,80,0,0,0,0,Restricted,0
08-04-2026,CM: Qualitel WA,814L-10-004191,10-004191,"Thermal gap filler, Non-Curing, 6 W/mK, Dispensed",Part,OTS,"Seattle, WA",Stock,FALSE,Qualitel,21.47759,0,116.0683,2492.867359,0,0,Unrestricted,21.47759
08-04-2026,CM: Sienna GA,10-004201 REV-1,10-004201,CAP FILM 0.68UF 10% 630VDC RAD AEC-Q,Electrical Components,OTS,ATLN,LPAC,FALSE,Sienna Corporation,902,0,0.33,297.66,0,1,Unrestricted,902
08-04-2026,CM: Sienna GA,10-004201 REV-1,10-004201,CAP FILM 0.68UF 10% 630VDC RAD AEC-Q,Electrical Components,OTS,ATLN,PAMS,FALSE,Sienna Corporation,11550,0,0.33,3811.5,0,1,Unrestricted,11550
08-04-2026,CM: Sienna GA,10-004201 REV-1,10-004201,CAP FILM 0.68UF 10% 630VDC RAD AEC-Q,Electrical Components,OTS,ATLN,LINE,FALSE,Sienna Corporation,2302,0,0.33,759.66,0,1,Unrestricted,2302
08-04-2026,CM: Qualitel WA,814L-10-004201,10-004201,CAP FILM 0.68UF 10% 630VDC RAD AEC-Q,Electrical Components,OTS,"Seattle, WA",Stock,FALSE,Qualitel,22904,0,0.317,7260.568,0,0,Unrestricted,22904
08-04-2026,CM: Sienna GA,10-004201 REV-1,10-004201,CAP FILM 0.68UF 10% 630VDC RAD AEC-Q,Electrical Components,OTS,ATLN,RIQC,FALSE,Sienna Corporation,27400,0,0.33,9042,0,1,Unrestricted,27400
08-04-2026,CM: Sienna GA,10-004201 REV-1,10-004201,CAP FILM 0.68UF 10% 630VDC RAD AEC-Q,Electrical Components,OTS,ATLN,MAIN,FALSE,Sienna Corporation,10801,0,0.33,3564.33,0,1,Unrestricted,10801
08-04-2026,CM: Qualitel WA,814L-10-004203,10-004203,CAP FILM 0.1UF 10% 1.5KVDC RAD AEC-Q,Electrical Components,OTS,"Seattle, WA",Stock,FALSE,Qualitel,12561,0,0.248,3115.128,0,0,Unrestricted,12561
08-04-2026,CM: Sienna GA,10-004203 REV-1,10-004203,CAP FILM 0.1UF 10% 1.5KVDC RAD AEC-Q,Electrical Components,OTS,ATLN,MAIN,FALSE,Sienna Corporation,1559,0,0.3429,534.5811,0,1,Unrestricted,1559
08-04-2026,CM: Sienna GA,10-004203 REV-1,10-004203,CAP FILM 0.1UF 10% 1.5KVDC RAD AEC-Q,Electrical Components,OTS,ATLN,PAMS,FALSE,Sienna Corporation,4800,0,0.3429,1645.92,0,1,Unrestricted,4800
08-04-2026,CM: Sienna GA,10-004203 REV-1,10-004203,CAP FILM 0.1UF 10% 1.5KVDC RAD AEC-Q,Electrical Components,OTS,ATLN,LINE,FALSE,Sienna Corporation,199,0,0.3429,68.2371,0,1,Unrestricted,199
08-04-2026,CM: Sienna GA,10-004217 REV-01,10-004217,CAP CER 2.2UF 250V X7T 2220,Electrical Components,OTS,ATLN,LINE,FALSE,Sienna Corporation,1562,0,1.17,1827.54,0,1,Unrestricted,1562
08-04-2026,CM: Sienna GA,10-004217 REV-01,10-004217,CAP CER 2.2UF 250V X7T 2220,Electrical Components,OTS,ATLN,RIQC,FALSE,Sienna Corporation,302,0,1.17,353.34,0,1,Unrestricted,302
08-04-2026,CM: Sienna GA,10-004217 REV-01,10-004217,CAP CER 2.2UF 250V X7T 2220,Electrical Components,OTS,ATLN,MAIN,FALSE,Sienna Corporation,5500,0,1.17,6435,0,1,Unrestricted,5500
08-04-2026,CM: Sienna GA,10-004262 REV-01,10-004262,CONN PIN RCPT .022-.034 SOLDER,Electrical Components,OTS,ATLN,LINE,FALSE,Sienna Corporation,2798,0,0.721,2017.358,0,1,Unrestricted,2798
08-04-2026,CM: Sienna GA,10-004262 REV-01,10-004262,CONN PIN RCPT .022-.034 SOLDER,Electrical Components,OTS,ATLN,MAIN,FALSE,Sienna Corporation,15410,0,0.721,11110.61,0,1,Unrestricted,15410
08-04-2026,CM: Sienna GA,10-004293 REV-01,10-004293,"NUT, M5x0.8, 12mm DISC SPRING, STEEL, ZINC CHROMATE",Part,OTS,ATLN,RIQC,FALSE,Sienna Corporation,1836,0,0.036,66.096,0,1,Unrestricted,1836
08-04-2026,CM: Sienna GA,10-004293 REV-01,10-004293,"NUT, M5x0.8, 12mm DISC SPRING, STEEL, ZINC CHROMATE",Part,OTS,ATLN,LINE,FALSE,Sienna Corporation,2999,0,0.036,107.964,0,1,Unrestricted,2999
08-04-2026,CM: Qualitel WA,814L-10-004300,10-004300,CONN HEADER SMD 16POS 2.5MM,Electrical Components,OTS,"Seattle, WA",Stock,FALSE,Qualitel,6736,0,1.63,10979.68,0,0,Unrestricted,6736
08-04-2026,CM: Sienna GA,10-004300 REV-01,10-004300,CONN HEADER SMD 16POS 2.5MM,Electrical Components,OTS,ATLN,LINE,FALSE,Sienna Corporation,880,0,1.8,1584,0,1,Unrestricted,880
08-04-2026,CM: Sienna GA,10-004300 REV-01,10-004300,CONN HEADER SMD 16POS 2.5MM,Electrical Components,OTS,ATLN,MAIN,FALSE,Sienna Corporation,6300,0,1.8,11340,0,1,Unrestricted,6300
08-04-2026,CM: Sienna GA,10-004301 REV-01,10-004301,DIODE ZENER 62V 5W DO214AA,Electrical Components,OTS,ATLN,LINE,FALSE,Sienna Corporation,59,0,0.102,6.018,0,1,Unrestricted,59
08-04-2026,CM: Sienna GA,10-004302 REV-01,10-004302,50 OHM 1% 50PPM 0402 1/16W AEC-Q,Part,OTS,ATLN,MAIN,FALSE,Sienna Corporation,50000,0,0,0,0,1,Unrestricted,50000
08-04-2026,Lunar Netsuite,10-004305,10-004305,"Seal, Cover, DC-DC",Part,MTS,JIT - Reno,NS,FALSE,Lunar Energy,250,0,0.67,167.5,0,0,Unrestricted,250
08-04-2026,CM: Celestica MX,10-0043103MS,10-004310,"Cover with Seal, DC-DC",Part,MTS,Monterrey Prod,1000,FALSE,Celestica,-2,0,11.86,-23.72,0,0,Unrestricted,-2
08-04-2026,CM: Sienna GA,10-004322 REV-02,10-004322,"TIM, Inductor Housing 2, Inverter Power Module",Part,MTS,ATLN,LINE,FALSE,Sienna Corporation,2240,0,3.28,7347.2,0,2,Unrestricted,2240
08-04-2026,CM: Sienna GA,10-004322 REV-02,10-004322,"TIM, Inductor Housing 2, Inverter Power Module",Part,MTS,ATLN,PCKD,FALSE,Sienna Corporation,700,0,3.28,2296,0,2,Unrestricted,700
08-04-2026,CM: Sienna GA,10-004323 REV-02,10-004323,"TIM, Inductor Housing 1, Inverter Power Module",Part,MTS,ATLN,PCKD,FALSE,Sienna Corporation,700,0,3.28,2296,0,2,Unrestricted,700
08-04-2026,CM: Sienna GA,10-004323 REV-02,10-004323,"TIM, Inductor Housing 1, Inverter Power Module",Part,MTS,ATLN,LINE,FALSE,Sienna Corporation,2228,0,3.28,7307.84,0,2,Unrestricted,2228
08-04-2026,Lunar Netsuite,10-004339,10-004339,TVS DIODE 12.8VWM 27.2VC SMB AEC-Q,Electrical Components,OTS,NexGen Digital Inc,NS,FALSE,Lunar Energy,4978,0,18.18,90500.04,0,0,Unrestricted,4978
08-04-2026,CM: Qualitel WA,814L-10-004340,10-004340,"Screw,M4X34mm,SEMS and spring washer, BHT,T-15,ZiNi BC",Part,OTS,"Seattle, WA",Stock,FALSE,Qualitel,35272,0,0.0138,486.7536,0,0,Unrestricted,35272
08-04-2026,CM: Celestica MX,10-0043403MS,10-004340,"Screw,M4X34mm,SEMS and spring washer, BHT,T-15,ZiNi BC",Part,OTS,Monterrey Prod,1000,FALSE,Celestica,-14,0,0.138,-1.932,0,0,Unrestricted,-14
08-04-2026,CM: Qualitel WA,814L-10-004341,10-004341,"Screw,M3X6.5mm,SEMS and spring washer, BHT,T-8,ZiNi BC",Part,OTS,"Seattle, WA",Stock,FALSE,Qualitel,158279,0,0.08,12662.32,0,0,Unrestricted,158279
08-04-2026,CM: Celestica MX,10-0043413MS,10-004341,"Screw,M3X6.5mm,SEMS and spring washer, BHT,T-8,ZiNi BC",Part,OTS,Monterrey Prod,1000,FALSE,Celestica,-91,0,0.095,-8.645,0,0,Unrestricted,-91
08-04-2026,CM: Sienna GA,10-004342 REV-1,10-004342,IC MCU 32BIT 512KB FLASH 64TQFP,Electrical Components,OTS,ATLN,MAIN,FALSE,Sienna Corporation,320,0,5.31,1699.2,0,1,Unrestricted,320
08-04-2026,CM: Sienna GA,10-004342 REV-1,10-004342,IC MCU 32BIT 512KB FLASH 64TQFP,Electrical Components,OTS,ATLN,LINE,FALSE,Sienna Corporation,637,0,5.31,3382.47,0,1,Unrestricted,637
08-04-2026,CM: Sienna GA,10-004359 REV-04,10-004359,"Exhaust Duct,Inverter",Part,MTS,ATLN,RIQC,FALSE,Sienna Corporation,504,0,5.52,2782.08,0,4,Unrestricted,504
08-04-2026,CM: Sienna GA,10-004359 REV-04,10-004359,"Exhaust Duct,Inverter",Part,MTS,ATLN,RR62,FALSE,Sienna Corporation,424,0,5.52,2340.48,0,4,Unrestricted,424
08-04-2026,CM: Sienna GA,10-004359 REV-04,10-004359,"Exhaust Duct,Inverter",Part,MTS,ATLN,RPB7,FALSE,Sienna Corporation,648,0,5.52,3576.96,0,4,Unrestricted,648
08-04-2026,CM: Sienna GA,10-004359 REV-04,10-004359,"Exhaust Duct,Inverter",Part,MTS,ATLN,LINE,FALSE,Sienna Corporation,995,0,5.52,5492.4,0,4,Unrestricted,995
08-04-2026,CM: Sienna GA,10-004362 REV-01,10-004362,RES SMD 1K OHM 1% 1/2W 0805 AEC-Q,Electrical Components,OTS,ATLN,MAIN,FALSE,Sienna Corporation,14369,0,0.022,316.118,0,1,Unrestricted,14369
08-04-2026,CM: Qualitel WA,814L-10-004362,10-004362,RES SMD 1K OHM 1% 1/2W 0805 AEC-Q,Electrical Components,OTS,"Seattle, WA",Stock,FALSE,Qualitel,16907,0,0.0114,192.7398,0,0,Unrestricted,16907
08-04-2026,CM: Sienna GA,10-004375 REV-03,10-004375,"O-Ring Seal, EMC Base",Part,MTS,ATLN,LINE,FALSE,Sienna Corporation,1516,0,3.31,5017.96,0,3,Unrestricted,1516
08-04-2026,CM: Sienna GA,10-004375 REV-03,10-004375,"O-Ring Seal, EMC Base",Part,MTS,ATLN,RIQC,FALSE,Sienna Corporation,3500,0,3.31,11585,0,3,Unrestricted,3500
08-04-2026,CM: Sienna GA,10-004397 REV-04,10-004397,"Foot Bracket Bottom Cover Assembly, Even, Lunar Blue",Assembly,MTS,ATLN,RR88,FALSE,Sienna Corporation,48,0,75.76,3636.48,0,4,Unrestricted,48
08-04-2026,CM: Sienna GA,10-004397 REV-04,10-004397,"Foot Bracket Bottom Cover Assembly, Even, Lunar Blue",Assembly,MTS,ATLN,RR87,FALSE,Sienna Corporation,48,0,75.76,3636.48,0,4,Unrestricted,48
08-04-2026,CM: Sienna GA,10-004397 REV-04,10-004397,"Foot Bracket Bottom Cover Assembly, Even, Lunar Blue",Assembly,MTS,ATLN,RR47,FALSE,Sienna Corporation,48,0,75.76,3636.48,0,4,Unrestricted,48
08-04-2026,CM: Sienna GA,10-004397 REV-04,10-004397,"Foot Bracket Bottom Cover Assembly, Even, Lunar Blue",Assembly,MTS,ATLN,RS47,FALSE,Sienna Corporation,48,0,75.76,3636.48,0,4,Unrestricted,48
08-04-2026,CM: Sienna GA,10-004397 REV-04,10-004397,"Foot Bracket Bottom Cover Assembly, Even, Lunar Blue",Assembly,MTS,ATLN,RS57,FALSE,Sienna Corporation,48,0,75.76,3636.48,0,4,Unrestricted,48
08-04-2026,CM: Sienna GA,10-004397 REV-04,10-004397,"Foot Bracket Bottom Cover Assembly, Even, Lunar Blue",Assembly,MTS,ATLN,RS27,FALSE,Sienna Corporation,22,0,75.76,1666.72,0,4,Unrestricted,22
08-04-2026,CM: Sienna GA,10-004397 REV-04,10-004397,"Foot Bracket Bottom Cover Assembly, Even, Lunar Blue",Assembly,MTS,ATLN,RR38,FALSE,Sienna Corporation,96,0,75.76,7272.96,0,4,Unrestricted,96
08-04-2026,CM: Sienna GA,10-004397 REV-04,10-004397,"Foot Bracket Bottom Cover Assembly, Even, Lunar Blue",Assembly,MTS,ATLN,RR48,FALSE,Sienna Corporation,48,0,75.76,3636.48,0,4,Unrestricted,48
08-04-2026,CM: Sienna GA,10-004397 REV-04,10-004397,"Foot Bracket Bottom Cover Assembly, Even, Lunar Blue",Assembly,MTS,ATLN,RRB7,FALSE,Sienna Corporation,48,0,75.76,3636.48,0,4,Unrestricted,48
08-04-2026,CM: Sienna GA,10-004397 REV-04,10-004397,"Foot Bracket Bottom Cover Assembly, Even, Lunar Blue",Assembly,MTS,ATLN,RR77,FALSE,Sienna Corporation,48,0,75.76,3636.48,0,4,Unrestricted,48
08-04-2026,CM: Sienna GA,10-004397 REV-04,10-004397,"Foot Bracket Bottom Cover Assembly, Even, Lunar Blue",Assembly,MTS,ATLN,RS18,FALSE,Sienna Corporation,48,0,75.76,3636.48,0,4,Unrestricted,48
08-04-2026,CM: Sienna GA,10-004397 REV-04,10-004397,"Foot Bracket Bottom Cover Assembly, Even, Lunar Blue",Assembly,MTS,ATLN,RS78,FALSE,Sienna Corporation,48,0,75.76,3636.48,0,4,Unrestricted,48
08-04-2026,CM: Sienna GA,10-004397 REV-04,10-004397,"Foot Bracket Bottom Cover Assembly, Even, Lunar Blue",Assembly,MTS,ATLN,RRB8,FALSE,Sienna Corporation,96,0,75.76,7272.96,0,4,Unrestricted,96
08-04-2026,CM: Sienna GA,10-004397 REV-04,10-004397,"Foot Bracket Bottom Cover Assembly, Even, Lunar Blue",Assembly,MTS,ATLN,RIQC,FALSE,Sienna Corporation,34,0,75.76,2575.84,0,4,Unrestricted,34
08-04-2026,CM: Sienna GA,10-004397 REV-04,10-004397,"Foot Bracket Bottom Cover Assembly, Even, Lunar Blue",Assembly,MTS,ATLN,RS88,FALSE,Sienna Corporation,48,0,75.76,3636.48,0,4,Unrestricted,48
08-04-2026,CM: Sienna GA,10-004397 REV-04,10-004397,"Foot Bracket Bottom Cover Assembly, Even, Lunar Blue",Assembly,MTS,ATLN,RS68,FALSE,Sienna Corporation,48,0,75.76,3636.48,0,4,Unrestricted,48
08-04-2026,CM: Sienna GA,10-004397 REV-04,10-004397,"Foot Bracket Bottom Cover Assembly, Even, Lunar Blue",Assembly,MTS,ATLN,RQA7,FALSE,Sienna Corporation,48,0,75.76,3636.48,0,4,Unrestricted,48
08-04-2026,CM: Sienna GA,10-004397 REV-04,10-004397,"Foot Bracket Bottom Cover Assembly, Even, Lunar Blue",Assembly,MTS,ATLN,RQ87,FALSE,Sienna Corporation,48,0,75.76,3636.48,0,4,Unrestricted,48
08-04-2026,CM: Sienna GA,10-004397 REV-04,10-004397,"Foot Bracket Bottom Cover Assembly, Even, Lunar Blue",Assembly,MTS,ATLN,RR18,FALSE,Sienna Corporation,48,0,75.76,3636.48,0,4,Unrestricted,48
08-04-2026,CM: Sienna GA,10-004397 REV-04,10-004397,"Foot Bracket Bottom Cover Assembly, Even, Lunar Blue",Assembly,MTS,ATLN,LINE,FALSE,Sienna Corporation,79,0,75.76,5985.04,0,4,Unrestricted,79
08-04-2026,Lunar Netsuite,10-004397,10-004397,"Foot Bracket Bottom Cover Assembly, Even, Lunar Blue",Assembly,MTS,CA - Ravendale,NS,FALSE,Lunar Energy,5,0,55,275,0,0,Unrestricted,3
08-04-2026,CM: Sienna GA,10-004397 REV-04,10-004397,"Foot Bracket Bottom Cover Assembly, Even, Lunar Blue",Assembly,MTS,ATLN,RS17,FALSE,Sienna Corporation,48,0,75.76,3636.48,0,4,Unrestricted,48
08-04-2026,CM: Sienna GA,10-004397 REV-04,10-004397,"Foot Bracket Bottom Cover Assembly, Even, Lunar Blue",Assembly,MTS,ATLN,RJ37,FALSE,Sienna Corporation,8,0,75.76,606.08,0,4,Unrestricted,8
08-04-2026,CM: Sienna GA,10-004397 REV-04,10-004397,"Foot Bracket Bottom Cover Assembly, Even, Lunar Blue",Assembly,MTS,ATLN,RR37,FALSE,Sienna Corporation,21,0,75.76,1590.96,0,4,Unrestricted,21
08-04-2026,Lunar Netsuite,10-004397,10-004397,"Foot Bracket Bottom Cover Assembly, Even, Lunar Blue",Assembly,MTS,JIT - Reno,NS,FALSE,Lunar Energy,3,0,55,165,0,0,Unrestricted,3
08-04-2026,CM: Sienna GA,10-004397 REV-04,10-004397,"Foot Bracket Bottom Cover Assembly, Even, Lunar Blue",Assembly,MTS,ATLN,RRA8,FALSE,Sienna Corporation,48,0,75.76,3636.48,0,4,Unrestricted,48
08-04-2026,CM: Sienna GA,10-004397 REV-04,10-004397,"Foot Bracket Bottom Cover Assembly, Even, Lunar Blue",Assembly,MTS,ATLN,RRA7,FALSE,Sienna Corporation,48,0,75.76,3636.48,0,4,Unrestricted,48
08-04-2026,CM: Qualitel WA,814L-10-004422,10-004422,"Label, 7x7 mm QR",Assembly,MTS,"Seattle, WA",Stock,FALSE,Qualitel,28658,0,0.169,4843.202,0,0,Unrestricted,28658
08-04-2026,CM: Qualitel WA,814L-10-004422,10-004422,"Label, 7x7 mm QR",Assembly,MTS,"Seattle, WA",MRB,FALSE,Qualitel,0,900,0.169,0,152.1,0,Restricted,0
08-04-2026,CM: Qualitel WA,814L-10-004422,10-004422,"Label, 7x7 mm QR",Assembly,MTS,"Seattle, WA",PO Inspection,FALSE,Qualitel,0,900,0.169,0,152.1,0,Restricted,0
08-04-2026,CM: Sienna GA,10-004439 REV-02,10-004439,"10-004439 Insulating Tape, 0.069mm Thickness x 50.8 x 86 mm, Polyimide/Kapton",Assembly,MTS,ATLN,PAMS,FALSE,Sienna Corporation,12,0,2.2837,27.4044,0,2,Unrestricted,12
08-04-2026,CM: Sienna GA,10-004439 REV-02,10-004439,"10-004439 Insulating Tape, 0.069mm Thickness x 50.8 x 86 mm, Polyimide/Kapton",Assembly,MTS,ATLN,LINE,FALSE,Sienna Corporation,153.3999939,0,2.2837,350.3195661,0,2,Unrestricted,153.3999939
08-04-2026,CM: Sienna GA,10-004439 REV-02,10-004439,"10-004439 Insulating Tape, 0.069mm Thickness x 50.8 x 86 mm, Polyimide/Kapton",Assembly,MTS,ATLN,PCKD,FALSE,Sienna Corporation,108,0,2.2837,246.6396,0,2,Unrestricted,108
08-04-2026,CM: Sienna GA,10-004439 REV-02,10-004439,"10-004439 Insulating Tape, 0.069mm Thickness x 50.8 x 86 mm, Polyimide/Kapton",Assembly,MTS,ATLN,RIQC,FALSE,Sienna Corporation,1608,0,2.2837,3672.1896,0,2,Unrestricted,1608
08-04-2026,CM: Sienna GA,10-004440 REV-11,10-004440,"Inverter Aesthetic Cover Main, Front, LRG, Plastic, Suede",Part,MTS,ATLN,RRA2,FALSE,Sienna Corporation,100,0,37.15,3715,0,11,Unrestricted,100
08-04-2026,CM: Sienna GA,10-004440 REV-11,10-004440,"Inverter Aesthetic Cover Main, Front, LRG, Plastic, Suede",Part,MTS,ATLN,RS68,FALSE,Sienna Corporation,55,0,37.15,2043.25,0,11,Unrestricted,55
08-04-2026,CM: Sienna GA,10-004440 REV-11,10-004440,"Inverter Aesthetic Cover Main, Front, LRG, Plastic, Suede",Part,MTS,ATLN,RS82,FALSE,Sienna Corporation,67,0,37.15,2489.05,0,11,Unrestricted,67
08-04-2026,CM: Sienna GA,10-004440 REV-11,10-004440,"Inverter Aesthetic Cover Main, Front, LRG, Plastic, Suede",Part,MTS,ATLN,RP28,FALSE,Sienna Corporation,100,0,37.15,3715,0,11,Unrestricted,100
08-04-2026,CM: Sienna GA,10-004440 REV-11,10-004440,"Inverter Aesthetic Cover Main, Front, LRG, Plastic, Suede",Part,MTS,ATLN,RQA8,FALSE,Sienna Corporation,100,0,37.15,3715,0,11,Unrestricted,100
08-04-2026,CM: Sienna GA,10-004440 REV-11,10-004440,"Inverter Aesthetic Cover Main, Front, LRG, Plastic, Suede",Part,MTS,ATLN,RR91,FALSE,Sienna Corporation,123,0,37.15,4569.45,0,11,Unrestricted,123
08-04-2026,CM: Sienna GA,10-004440 REV-11,10-004440,"Inverter Aesthetic Cover Main, Front, LRG, Plastic, Suede",Part,MTS,ATLN,RIQC,FALSE,Sienna Corporation,353,0,37.15,13113.95,0,11,Unrestricted,353
08-04-2026,CM: Sienna GA,10-004440 REV-11,10-004440,"Inverter Aesthetic Cover Main, Front, LRG, Plastic, Suede",Part,MTS,ATLN,RP22,FALSE,Sienna Corporation,100,0,37.15,3715,0,11,Unrestricted,100
08-04-2026,CM: Sienna GA,10-004443 REV-03,10-004443,"Screw, 1/4-28x3/8, Slot-Square 2R, Steel, Zinc-Plated",Part,OTS,ATLN,LINE,FALSE,Sienna Corporation,3482,0,0.2693,937.7026,0,3,Unrestricted,3482
08-04-2026,CM: Sienna GA,10-004444 REV-01,10-004444,"Screw, M5x13, BHT, Flanged, DP, T25",Part,OTS,ATLN,RP61,FALSE,Sienna Corporation,63376,0,0.091,5767.216,0,1,Unrestricted,63376
08-04-2026,CM: Sienna GA,10-004444 REV-01,10-004444,"Screw, M5x13, BHT, Flanged, DP, T25",Part,OTS,ATLN,LINE,FALSE,Sienna Corporation,234,0,0.091,21.294,0,1,Unrestricted,234
08-04-2026,Lunar Netsuite,10-004444,10-004444,"Screw, M5x13, BHT, Flanged, DP, T25",Part,OTS,JIT - Reno,NS,FALSE,Lunar Energy,587,0,0.0976,57.2912,0,0,Unrestricted,587
08-04-2026,CM: Sienna GA,10-004446 REV-01,10-004446,"Screw,Captive,M5x0.8 6gx14mm,5mm Thread,CS,T25,Flanged,DP,Steel,ZiNi BC",Part,OTS,ATLN,RP62,FALSE,Sienna Corporation,19000,0,0.22,4180,0,1,Unrestricted,19000
08-04-2026,CM: Sienna GA,10-004446 REV-01,10-004446,"Screw,Captive,M5x0.8 6gx14mm,5mm Thread,CS,T25,Flanged,DP,Steel,ZiNi BC",Part,OTS,ATLN,LINE,FALSE,Sienna Corporation,1747,0,0.22,384.34,0,1,Unrestricted,1747
08-04-2026,Lunar Netsuite,10-004465,10-004465,CAP CER 1UF 250V X7R 2220,Electrical Components,OTS,CCL (Computer Components Ltd),NS,FALSE,Lunar Energy,500,0,1.58,790,0,0,Unrestricted,500
08-04-2026,Lunar Netsuite,10-004472,10-004472,RES 100 mOHM 1% 1/5W 0603,Electrical Components,OTS,CCL (Computer Components Ltd),NS,FALSE,Lunar Energy,338,0,0.0265,8.957,0,0,Unrestricted,338
08-04-2026,CM: Celestica MX,10-0044743MS,10-004474,"Exhaust Manifold Assy w/ CWool and Label, Battery Block",Part,MTS,Monterrey Prod,1000,FALSE,Celestica,-3,0,58.12,-174.36,0,0,Unrestricted,-3
08-04-2026,CM: Sienna GA,10-004475 REV-01,10-004475,"Heatshrink, 30.00mm, 3:1 Black, 10mm Recovered",Part,OTS,ATLN,MAIN,FALSE,Sienna Corporation,64,0,0.0066,0.4224,0,1,Unrestricted,64
08-04-2026,CM: Sienna GA,10-004475 REV-01,10-004475,"Heatshrink, 30.00mm, 3:1 Black, 10mm Recovered",Part,OTS,ATLN,LINE,FALSE,Sienna Corporation,4,0,0.0066,0.0264,0,1,Unrestricted,4
08-04-2026,Lunar Netsuite,10-004477,10-004477,RES SMD 845K OHM 0.1% 1/4W 1206,Electrical Components,OTS,CCL (Computer Components Ltd),NS,FALSE,Lunar Energy,965,0,0.425,410.125,0,0,Unrestricted,965
08-04-2026,Lunar Netsuite,10-004481,10-004481,IC TRANSLTR BIDIRECTIONAL 8TSSOP,Electrical Components,OTS,CCL (Computer Components Ltd),NS,FALSE,Lunar Energy,9000,0,0.26,2340,0,0,Unrestricted,9000
08-04-2026,CM: Sienna GA,10-004489 REV-01,10-004489,DIODE ARRAY SCHOTTKY 30V SOT23-3,Electrical Components,OTS,ATLN,LINE,FALSE,Sienna Corporation,21843,0,0.012,262.116,0,1,Unrestricted,21843
08-04-2026,CM: Sienna GA,10-004489 REV-01,10-004489,DIODE ARRAY SCHOTTKY 30V SOT23-3,Electrical Components,OTS,ATLN,MAIN,FALSE,Sienna Corporation,405016,0,0.012,4860.192,0,1,Unrestricted,405016
08-04-2026,CM: Sienna GA,10-004492 REV-01,10-004492,RES 25.5K OHM 1% 2W 1206,Electrical Components,OTS,ATLN,MAIN,FALSE,Sienna Corporation,10000,0,0.5,5000,0,1,Unrestricted,10000
08-04-2026,CM: Qualitel WA,814L-10-004492,10-004492,RES 25.5K OHM 1% 2W 1206,Electrical Components,OTS,"Seattle, WA",Stock,FALSE,Qualitel,17697,0,0.29,5132.13,0,0,Unrestricted,17697
08-04-2026,CM: Sienna GA,10-004492 REV-01,10-004492,RES 25.5K OHM 1% 2W 1206,Electrical Components,OTS,ATLN,LINE,FALSE,Sienna Corporation,4022,0,0.5,2011,0,1,Unrestricted,4022
08-04-2026,CM: Sienna GA,10-004496 REV-01,10-004496,OPTOISO 3.75KV TRANS 4-MINI-FLAT,Electrical Components,OTS,ATLN,PAMS,FALSE,Sienna Corporation,6000,0,0.419,2514,0,1,Unrestricted,6000
08-04-2026,CM: Sienna GA,10-004496 REV-01,10-004496,OPTOISO 3.75KV TRANS 4-MINI-FLAT,Electrical Components,OTS,ATLN,LINE,FALSE,Sienna Corporation,5050,0,0.419,2115.95,0,1,Unrestricted,5050
08-04-2026,CM: Sienna GA,10-004496 REV-01,10-004496,OPTOISO 3.75KV TRANS 4-MINI-FLAT,Electrical Components,OTS,ATLN,MAIN,FALSE,Sienna Corporation,6000,0,0.419,2514,0,1,Unrestricted,6000
08-04-2026,CM: Qualitel WA,814L-10-004496,10-004496,OPTOISO 3.75KV TRANS 4-MINI-FLAT,Electrical Components,OTS,"Seattle, WA",Stock,FALSE,Qualitel,15003,0,0.379,5686.137,0,0,Unrestricted,15003
08-04-2026,CM: Sienna GA,10-004497 REV-01,10-004497,CAP CER 0.022UF 630V X7R 1206,Electrical Components,OTS,ATLN,PAMS,FALSE,Sienna Corporation,6000,0,0.0213,127.8,0,1,Unrestricted,6000
08-04-2026,CM: Sienna GA,10-004497 REV-01,10-004497,CAP CER 0.022UF 630V X7R 1206,Electrical Components,OTS,ATLN,MAIN,FALSE,Sienna Corporation,5000,0,0.0213,106.5,0,1,Unrestricted,5000
08-04-2026,CM: Sienna GA,10-004497 REV-01,10-004497,CAP CER 0.022UF 630V X7R 1206,Electrical Components,OTS,ATLN,LINE,FALSE,Sienna Corporation,1880,0,0.0213,40.044,0,1,Unrestricted,1880
08-04-2026,CM: Qualitel WA,814L-10-004497,10-004497,CAP CER 0.022UF 630V X7R 1206,Electrical Components,OTS,"Seattle, WA",Stock,FALSE,Qualitel,32305,0,0.017,549.185,0,0,Unrestricted,32305
08-04-2026,CM: Sienna GA,10-004497 REV-01,10-004497,CAP CER 0.022UF 630V X7R 1206,Electrical Components,OTS,ATLN,RIQC,FALSE,Sienna Corporation,4000,0,0.0213,85.2,0,1,Unrestricted,4000
08-04-2026,CM: Qualitel WA,814L-10-004499,10-004499,RES SMD 47 OHM 1% 1/2W 1206 AEC-Q,Electrical Components,OTS,"Seattle, WA",Stock,FALSE,Qualitel,8751,0,0.0054,47.2554,0,0,Unrestricted,8751
08-04-2026,CM: Sienna GA,10-004499 REV-01,10-004499,RES SMD 47 OHM 1% 1/2W 1206 AEC-Q,Electrical Components,OTS,ATLN,LINE,FALSE,Sienna Corporation,9050,0,0.0344,311.32,0,1,Unrestricted,9050
08-04-2026,CM: Sienna GA,10-004501 REV-01,10-004501,"55V, 3A, HALF-BRIDGE POWER DRIVE",Electrical Components,OTS,ATLN,LINE,FALSE,Sienna Corporation,620,0,1.03,638.6,0,1,Unrestricted,620
08-04-2026,CM: Qualitel WA,814L-10-004501,10-004501,"55V, 3A, HALF-BRIDGE POWER DRIVE",Electrical Components,OTS,"Seattle, WA",Stock,FALSE,Qualitel,8722,0,0.7,6105.4,0,0,Unrestricted,8722
08-04-2026,CM: Sienna GA,10-004501 REV-01,10-004501,"55V, 3A, HALF-BRIDGE POWER DRIVE",Electrical Components,OTS,ATLN,MAIN,FALSE,Sienna Corporation,12500,0,1.03,12875,0,1,Unrestricted,12500
08-04-2026,CM: Celestica MX,10-0045093MS,10-004509,Battery Aesthetic Cover Front Lunar Blue,Part,MTS,Monterrey Prod,DIFF,FALSE,Celestica,0,-32,36.1,0,-1155.2,0,MRPExUnrestricted,0
08-04-2026,CM: Qualitel WA,814L-10-004509,10-004509,Battery Aesthetic Cover Front Lunar Blue,Part,MTS,"Seattle, WA",Stock,FALSE,Qualitel,3005,0,28.45,85492.25,0,0,Unrestricted,3005
08-04-2026,CM: Celestica MX,10-0045123MS,10-004512,Battery Aesthetic Cover Left Asy Suede,Part,MTS,Monterrey Prod,DIFF,FALSE,Celestica,0,20,26.37,0,527.4,0,MRPExUnrestricted,0
08-04-2026,CM: Celestica MX,10-0045123MS,10-004512,Battery Aesthetic Cover Left Asy Suede,Part,MTS,Monterrey Prod,1000,FALSE,Celestica,32,0,26.37,843.84,0,0,Unrestricted,32
08-04-2026,Lunar Netsuite,10-004512,10-004512,Battery Aesthetic Cover Left Asy Suede,Part,MTS,JIT - Reno,NS,FALSE,Lunar Energy,407,0,26.37,10732.59,0,0,Unrestricted,407
08-04-2026,CM: Qualitel WA,814L-10-004512,10-004512,Battery Aesthetic Cover Left Asy Suede,Part,MTS,"Seattle, WA",Stock,FALSE,Qualitel,3420,0,20.32,69494.4,0,0,Unrestricted,3420
08-04-2026,Lunar Netsuite,10-004513,10-004513,Battery Aesthetic Cover Right Asy Suede,Part,MTS,JIT - Reno,NS,FALSE,Lunar Energy,512,0,26.37,13501.44,0,0,Unrestricted,512
08-04-2026,CM: Celestica MX,10-0045133MS,10-004513,Battery Aesthetic Cover Right Asy Suede,Part,MTS,Monterrey Prod,DIFF,FALSE,Celestica,0,10,26.37,0,263.7,0,MRPExUnrestricted,0
08-04-2026,CM: Qualitel WA,814L-10-004513,10-004513,Battery Aesthetic Cover Right Asy Suede,Part,MTS,"Seattle, WA",Stock,FALSE,Qualitel,3420,0,20.67,70691.4,0,0,Unrestricted,3420
08-04-2026,Lunar Netsuite,10-004514,10-004514,Battery Aesthetic Cover Asy Suede,Part,MTS,JIT - Reno,NS,FALSE,Lunar Energy,5,0,88.992,444.96,0,0,Unrestricted,5
08-04-2026,CM: Sienna GA,10-004517 REV-01,10-004517,IC MCU 32BIT 2MB FLASH 100LQFP,Electrical Components,OTS,ATLN,RIQC,FALSE,Sienna Corporation,421,0,9.69,4079.49,0,1,Unrestricted,421
08-04-2026,Lunar Netsuite,10-004517,10-004517,IC MCU 32BIT 2MB FLASH 100LQFP,Electrical Components,OTS,JIT - Reno,NS,FALSE,Lunar Energy,130,0,8.18,1063.4,0,0,Unrestricted,130
08-04-2026,CM: Qualitel WA,814L-10-004517,10-004517,IC MCU 32BIT 2MB FLASH 100LQFP,Electrical Components,OTS,"Seattle, WA",Stock,FALSE,Qualitel,9481,0,8.18,77554.58,0,0,Unrestricted,9481
08-04-2026,CM: Celestica MX,10-0045173MS,10-004517,IC MCU 32BIT 2MB FLASH 100LQFP,Electrical Components,OTS,Monterrey Prod,1000,FALSE,Celestica,39,0,8.18,319.02,0,0,Unrestricted,39
08-04-2026,CM: Sienna GA,10-004517 REV-01,10-004517,IC MCU 32BIT 2MB FLASH 100LQFP,Electrical Components,OTS,ATLN,LINE,FALSE,Sienna Corporation,649,0,9.69,6288.81,0,1,Unrestricted,649
08-04-2026,CM: Sienna GA,10-004517 REV-01,10-004517,IC MCU 32BIT 2MB FLASH 100LQFP,Electrical Components,OTS,ATLN,MAIN,FALSE,Sienna Corporation,2269,0,9.69,21986.61,0,1,Unrestricted,2269
08-04-2026,CM: Sienna GA,10-004520 REV-01,10-004520,CAP FILM 3.3UF 10% 630VDC RADIAL,Electrical Components,OTS,ATLN,LINE,FALSE,Sienna Corporation,6906,0,0.717,4951.602,0,1,Unrestricted,6906
08-04-2026,CM: Sienna GA,10-004520 REV-01,10-004520,CAP FILM 3.3UF 10% 630VDC RADIAL,Electrical Components,OTS,ATLN,RIQC,FALSE,Sienna Corporation,18209,0,0.717,13055.853,0,1,Unrestricted,18209
08-04-2026,CM: Sienna GA,10-004520 REV-01,10-004520,CAP FILM 3.3UF 10% 630VDC RADIAL,Electrical Components,OTS,ATLN,RI55,FALSE,Sienna Corporation,36,0,0.717,25.812,0,1,Unrestricted,36
08-04-2026,CM: Sienna GA,C10-004520 REV-01,10-004520,CAP FILM 3.3UF 10% 630VDC RADIAL,Electrical Components,OTS,ATLN,WS54,TRUE,Lunar Energy,610,0,0,0,0,1,Unrestricted,610
08-04-2026,Lunar Netsuite,10-004520,10-004520,CAP FILM 3.3UF 10% 630VDC RADIAL,Electrical Components,OTS,Sienna Corporation - GA,NS,FALSE,Lunar Energy,610,0,0.7172,437.492,0,0,Unrestricted,0
08-04-2026,CM: Qualitel WA,814L-10-004521,10-004521,"Fan with Connector,DC-DC, with Splice",Part,OTS,"Seattle, WA",Stock,FALSE,Qualitel,1345,0,7.34,9872.3,0,0,Unrestricted,1345
08-04-2026,CM: Sienna GA,10-004532 REV-01,10-004532,DIODE GEN PURP 100V 300MA SOD123,Electrical Components,OTS,ATLN,LINE,FALSE,Sienna Corporation,13406,0,0.0287,384.7522,0,1,Unrestricted,13406
08-04-2026,CM: Qualitel WA,814L-10-004532,10-004532,DIODE GEN PURP 100V 300MA SOD123,Electrical Components,OTS,"Seattle, WA",Stock,FALSE,Qualitel,10622,0,0.0118,125.3396,0,0,Unrestricted,10622
08-04-2026,CM: Qualitel WA,814L-10-004534,10-004534,FIXED IND 4.7UH 4.2A 35 MOHM SMD,Electrical Components,OTS,"Seattle, WA",Stock,FALSE,Qualitel,5654,0,0.127,718.058,0,0,Unrestricted,5654
08-04-2026,CM: Sienna GA,10-004534 REV-01,10-004534,FIXED IND 4.7UH 4.2A 35 MOHM SMD,Electrical Components,OTS,ATLN,MAIN,FALSE,Sienna Corporation,3000,0,0.124,372,0,1,Unrestricted,3000
08-04-2026,CM: Sienna GA,10-004534 REV-01,10-004534,FIXED IND 4.7UH 4.2A 35 MOHM SMD,Electrical Components,OTS,ATLN,LINE,FALSE,Sienna Corporation,1450,0,0.124,179.8,0,1,Unrestricted,1450
08-04-2026,CM: Sienna GA,10-004538 REV-01,10-004538,IC VREF SHUNT 0.32% 8SOIC AEC-Q,Electrical Components,OTS,ATLN,MAIN,FALSE,Sienna Corporation,5000,0,0.318,1590,0,1,Unrestricted,5000
08-04-2026,CM: Sienna GA,10-004538 REV-01,10-004538,IC VREF SHUNT 0.32% 8SOIC AEC-Q,Electrical Components,OTS,ATLN,LINE,FALSE,Sienna Corporation,1766,0,0.318,561.588,0,1,Unrestricted,1766
08-04-2026,CM: Qualitel WA,814L-10-004538,10-004538,IC VREF SHUNT 0.32% 8SOIC AEC-Q,Electrical Components,OTS,"Seattle, WA",Stock,FALSE,Qualitel,6245,0,0.424,2647.88,0,0,Unrestricted,6245
08-04-2026,CM: Sienna GA,10-004545 REV-05,10-004545,ESS Top Cover LRG Asy,Part,MTS,ATLN,RT98,FALSE,Sienna Corporation,180,0,44.59,8026.2,0,5,Unrestricted,180
08-04-2026,CM: Sienna GA,10-004545 REV-05,10-004545,ESS Top Cover LRG Asy,Part,MTS,ATLN,RK18,FALSE,Sienna Corporation,75,0,44.59,3344.25,0,5,Unrestricted,75
08-04-2026,CM: Sienna GA,10-004545 REV-05,10-004545,ESS Top Cover LRG Asy,Part,MTS,ATLN,RT78,FALSE,Sienna Corporation,57,0,44.59,2541.63,0,5,Unrestricted,57
08-04-2026,CM: Sienna GA,10-004545 REV-05,10-004545,ESS Top Cover LRG Asy,Part,MTS,ATLN,RK17,FALSE,Sienna Corporation,8,0,44.59,356.72,0,5,Unrestricted,8
08-04-2026,CM: Sienna GA,10-004545 REV-05,10-004545,ESS Top Cover LRG Asy,Part,MTS,ATLN,PAMS,FALSE,Sienna Corporation,189,0,44.59,8427.51,0,5,Unrestricted,189
08-04-2026,CM: Sienna GA,10-004545 REV-05,10-004545,ESS Top Cover LRG Asy,Part,MTS,ATLN,LINE,FALSE,Sienna Corporation,160,0,44.59,7134.4,0,5,Unrestricted,160
08-04-2026,CM: Sienna GA,10-004545 REV-05,10-004545,ESS Top Cover LRG Asy,Part,MTS,ATLN,RT77,FALSE,Sienna Corporation,66,0,44.59,2942.94,0,5,Unrestricted,66
08-04-2026,CM: Sienna GA,10-004546 REV-03,10-004546,"Label, Serial Number, Inverter",Assembly,MTS,ATLN,LINE,FALSE,Sienna Corporation,941,0,0.05,47.05,0,3,Unrestricted,941
08-04-2026,CM: Celestica MX,10-0045473MS,10-004547,RES 5.1 OHM 1% 1/10W 0402 SMD AEC-Q,Electrical Components,OTS,Monterrey Prod,1000,FALSE,Celestica,-32,0,0.009,-0.288,0,0,Unrestricted,-32
08-04-2026,CM: Qualitel WA,814L-10-07848A,10-004547,RES 5.1 OHM 1% 1/10W 0402 SMD AEC-Q,Electrical Components,OTS,"Seattle, WA",Stock,FALSE,Qualitel,6556,0,0.0044,28.8464,0,0,Unrestricted,6556
08-04-2026,CM: Qualitel WA,814L-10-004547,10-004547,RES 5.1 OHM 1% 1/10W 0402 SMD AEC-Q,Electrical Components,OTS,"Seattle, WA",Stock,FALSE,Qualitel,216063,0,0.0087,1879.7481,0,0,Unrestricted,216063
08-04-2026,CM: Celestica MX,10-0045483MS,10-004548,RES SMD 3 OHM 5% 1/10W 0402 AEC-Q,Electrical Components,OTS,Monterrey Prod,1000,FALSE,Celestica,3059,0,0.0022,6.7298,0,0,Unrestricted,3059
08-04-2026,CM: Qualitel WA,814L-10-004548,10-004548,RES SMD 3 OHM 5% 1/10W 0402 AEC-Q,Electrical Components,OTS,"Seattle, WA",Stock,FALSE,Qualitel,154150,0,0.0021,323.715,0,0,Unrestricted,154150
08-04-2026,CM: Sienna GA,10-004552 REV-06,10-004552,"Inverter Aesthetic Cover Sub Assembly, LRG, Left Panel, Suede",Part,MTS,ATLN,RIQC,FALSE,Sienna Corporation,25,0,31.94,798.5,0,6,Unrestricted,25
08-04-2026,CM: Sienna GA,10-004552 REV-06,10-004552,"Inverter Aesthetic Cover Sub Assembly, LRG, Left Panel, Suede",Part,MTS,ATLN,RR92,FALSE,Sienna Corporation,132,0,31.94,4216.08,0,6,Unrestricted,132
08-04-2026,CM: Sienna GA,10-004552 REV-06,10-004552,"Inverter Aesthetic Cover Sub Assembly, LRG, Left Panel, Suede",Part,MTS,ATLN,RTA7,FALSE,Sienna Corporation,400,0,31.94,12776,0,6,Unrestricted,400
08-04-2026,CM: Sienna GA,10-004552 REV-06,10-004552,"Inverter Aesthetic Cover Sub Assembly, LRG, Left Panel, Suede",Part,MTS,ATLN,RRB8,FALSE,Sienna Corporation,400,0,31.94,12776,0,6,Unrestricted,400
08-04-2026,CM: Sienna GA,10-004552 REV-06,10-004552,"Inverter Aesthetic Cover Sub Assembly, LRG, Left Panel, Suede",Part,MTS,ATLN,RRB2,FALSE,Sienna Corporation,100,0,31.94,3194,0,6,Unrestricted,100
08-04-2026,CM: Sienna GA,10-004553 REV-07,10-004553,"Inverter Aesthetic Cover Sub Assembly, LRG, Right Panel, Suede",Part,MTS,ATLN,RR78,FALSE,Sienna Corporation,400,0,94.67,37868,0,7,Unrestricted,400
08-04-2026,CM: Sienna GA,10-004553 REV-07,10-004553,"Inverter Aesthetic Cover Sub Assembly, LRG, Right Panel, Suede",Part,MTS,ATLN,RIQC,FALSE,Sienna Corporation,25,0,94.67,2366.75,0,7,Unrestricted,25
08-04-2026,CM: Sienna GA,10-004553 REV-07,10-004553,"Inverter Aesthetic Cover Sub Assembly, LRG, Right Panel, Suede",Part,MTS,ATLN,RQB1,FALSE,Sienna Corporation,400,0,94.67,37868,0,7,Unrestricted,400
08-04-2026,CM: Sienna GA,10-004553 REV-07,10-004553,"Inverter Aesthetic Cover Sub Assembly, LRG, Right Panel, Suede",Part,MTS,ATLN,RP81,FALSE,Sienna Corporation,122,0,94.67,11549.74,0,7,Unrestricted,122
08-04-2026,CM: Sienna GA,10-004553 REV-07,10-004553,"Inverter Aesthetic Cover Sub Assembly, LRG, Right Panel, Suede",Part,MTS,ATLN,RRB2,FALSE,Sienna Corporation,100,0,94.67,9467,0,7,Unrestricted,100
08-04-2026,Lunar Netsuite,10-004555,10-004555,CONN PCB TERMINAL BLOCK; 2.5 MM; PIN,Electrical Components,OTS,CCL (Computer Components Ltd),NS,FALSE,Lunar Energy,624,0,0.818,510.432,0,0,Unrestricted,624
08-04-2026,CM: Sienna GA,10-004556 REV-01,10-004556,CAP FILM 0.22UF 10% 1.5KVDC RAD AEC-Q,Electrical Components,OTS,ATLN,MAIN,FALSE,Sienna Corporation,500,0,0.533,266.5,0,1,Unrestricted,500
08-04-2026,CM: Sienna GA,10-004556 REV-01,10-004556,CAP FILM 0.22UF 10% 1.5KVDC RAD AEC-Q,Electrical Components,OTS,ATLN,RI33,FALSE,Sienna Corporation,6500,0,0.533,3464.5,0,1,Unrestricted,6500
08-04-2026,CM: Sienna GA,10-004556 REV-01,10-004556,CAP FILM 0.22UF 10% 1.5KVDC RAD AEC-Q,Electrical Components,OTS,ATLN,PAMS,FALSE,Sienna Corporation,7200,0,0.533,3837.6,0,1,Unrestricted,7200
08-04-2026,CM: Sienna GA,10-004556 REV-01,10-004556,CAP FILM 0.22UF 10% 1.5KVDC RAD AEC-Q,Electrical Components,OTS,ATLN,LINE,FALSE,Sienna Corporation,2261,0,0.533,1205.113,0,1,Unrestricted,2261
08-04-2026,CM: Qualitel WA,814L-10-004556,10-004556,CAP FILM 0.22UF 10% 1.5KVDC RAD AEC-Q,Electrical Components,OTS,"Seattle, WA",Stock,FALSE,Qualitel,11763,0,0.336,3952.368,0,0,Unrestricted,11763
08-04-2026,Lunar Netsuite,10-004557,10-004557,CAP CER 1000PF 250VAC X7R 1808,Electrical Components,OTS,Sienna Corporation - GA,NS,FALSE,Lunar Energy,32000,0,0.388,12416,0,0,Unrestricted,31000
08-04-2026,CM: Sienna GA,C10-004557 REV-01,10-004557,CAP CER 1000PF 250VAC X7R 1808,Electrical Components,OTS,ATLN,WR22,TRUE,Lunar Energy,32000,0,0,0,0,1,Unrestricted,32000
08-04-2026,CM: Qualitel WA,814L-10-004557,10-004557,CAP CER 1000PF 250VAC X7R 1808,Electrical Components,OTS,"Seattle, WA",Stock,FALSE,Qualitel,19022,0,0.082,1559.804,0,0,Unrestricted,19022
08-04-2026,Lunar Netsuite,10-004557,10-004557,CAP CER 1000PF 250VAC X7R 1808,Electrical Components,OTS,CA - Ravendale,NS,FALSE,Lunar Energy,10564,0,0.3858,4075.5912,0,0,Unrestricted,10564
08-04-2026,CM: Sienna GA,10-004557 REV-01,10-004557,CAP CER 1000PF 250VAC X7R 1808,Electrical Components,OTS,ATLN,MAIN,FALSE,Sienna Corporation,29000,0,0.388,11252,0,1,Unrestricted,29000
08-04-2026,CM: Sienna GA,10-004557 REV-01,10-004557,CAP CER 1000PF 250VAC X7R 1808,Electrical Components,OTS,ATLN,LINE,FALSE,Sienna Corporation,5775,0,0.388,2240.7,0,1,Unrestricted,5775
08-04-2026,CM: Sienna GA,10-004560 REV-01,10-004560,IC MODULATOR 16BIT 40K 32VQFN,Electrical Components,OTS,ATLN,MAIN,FALSE,Sienna Corporation,3000,0,8.21,24630,0,1,Unrestricted,3000
08-04-2026,CM: Sienna GA,10-004560 REV-01,10-004560,IC MODULATOR 16BIT 40K 32VQFN,Electrical Components,OTS,ATLN,LINE,FALSE,Sienna Corporation,2436,0,8.21,19999.56,0,1,Unrestricted,2436
08-04-2026,CM: Qualitel WA,814L-10-004560,10-004560,IC MODULATOR 16BIT 40K 32VQFN,Electrical Components,OTS,"Seattle, WA",Stock,FALSE,Qualitel,3779,0,7.187,27159.673,0,0,Unrestricted,3779
08-04-2026,CM: Qualitel WA,814L-10-004561,10-004561,RELAY GEN PURPOSE SPST 50A 12V,Electrical Components,OTS,"Seattle, WA",Stock,FALSE,Qualitel,8566,0,1.62,13876.92,0,0,Unrestricted,8566
08-04-2026,CM: Sienna GA,10-004561 REV-01,10-004561,RELAY GEN PURPOSE SPST 50A 12V,Electrical Components,OTS,ATLN,RIQC,FALSE,Sienna Corporation,3298,0,1.62,5342.76,0,1,Unrestricted,3298
08-04-2026,CM: Sienna GA,10-004561 REV-01,10-004561,RELAY GEN PURPOSE SPST 50A 12V,Electrical Components,OTS,ATLN,LINE,FALSE,Sienna Corporation,729,0,1.62,1180.98,0,1,Unrestricted,729
08-04-2026,CM: Sienna GA,10-004564 REV-01,10-004564,TRANS PNP 40V 0.2A SC75 SOT416,Electrical Components,OTS,ATLN,MAIN,FALSE,Sienna Corporation,9000,0,0.0132,118.8,0,1,Unrestricted,9000
08-04-2026,CM: Sienna GA,10-004564 REV-01,10-004564,TRANS PNP 40V 0.2A SC75 SOT416,Electrical Components,OTS,ATLN,LINE,FALSE,Sienna Corporation,5110,0,0.0132,67.452,0,1,Unrestricted,5110
08-04-2026,CM: Qualitel WA,814L-10-004564,10-004564,TRANS PNP 40V 0.2A SC75 SOT416,Electrical Components,OTS,"Seattle, WA",Stock,FALSE,Qualitel,10619,0,0.0103,109.3757,0,0,Unrestricted,10619
08-04-2026,CM: Sienna GA,10-004565 REV-01,10-004565,CAP FILM 3.3UF 10% 310VAC RADIAL,Electrical Components,OTS,ATLN,LINE,FALSE,Sienna Corporation,3552,0,0.65,2308.8,0,1,Unrestricted,3552
08-04-2026,CM: Sienna GA,10-004565 REV-01,10-004565,CAP FILM 3.3UF 10% 310VAC RADIAL,Electrical Components,OTS,ATLN,MAIN,FALSE,Sienna Corporation,6610,0,0.65,4296.5,0,1,Unrestricted,6610
08-04-2026,CM: Qualitel WA,814L-10-004565,10-004565,CAP FILM 3.3UF 10% 310VAC RADIAL,Electrical Components,OTS,"Seattle, WA",Stock,FALSE,Qualitel,8664,0,0.65,5631.6,0,0,Unrestricted,8664
08-04-2026,CM: Sienna GA,10-004565 REV-01,10-004565,CAP FILM 3.3UF 10% 310VAC RADIAL,Electrical Components,OTS,ATLN,RIQC,FALSE,Sienna Corporation,3570,0,0.65,2320.5,0,1,Unrestricted,3570
08-04-2026,CM: Sienna GA,10-004566 REV-01,10-004566,CAP CER 100PF 50V C0G/NP0 0402 AEC-Q,Electrical Components,OTS,ATLN,LINE,FALSE,Sienna Corporation,16935,0,0.0042,71.127,0,1,Unrestricted,16935
08-04-2026,CM: Sienna GA,10-004566 REV-01,10-004566,CAP CER 100PF 50V C0G/NP0 0402 AEC-Q,Electrical Components,OTS,ATLN,MAIN,FALSE,Sienna Corporation,110000,0,0.0042,462,0,1,Unrestricted,110000
08-04-2026,CM: Qualitel WA,814L-10-004566,10-004566,CAP CER 100PF 50V C0G/NP0 0402 AEC-Q,Electrical Components,OTS,"Seattle, WA",Stock,FALSE,Qualitel,62319,0,0.0035,218.1165,0,0,Unrestricted,62319
08-04-2026,CM: Qualitel WA,814L-10-004567,10-004567,RELAY GEN PURPOSE DPDT 8A 120V,Electrical Components,OTS,"Seattle, WA",Stock,FALSE,Qualitel,3438,0,5.24,18015.12,0,0,Unrestricted,3438
08-04-2026,CM: Sienna GA,10-004567 REV-01,10-004567,RELAY GEN PURPOSE DPDT 8A 120V,Electrical Components,OTS,ATLN,MAIN,FALSE,Sienna Corporation,1944,0,8.75,17010,0,1,Unrestricted,1944
08-04-2026,CM: Sienna GA,10-004567 REV-01,10-004567,RELAY GEN PURPOSE DPDT 8A 120V,Electrical Components,OTS,ATLN,LINE,FALSE,Sienna Corporation,770,0,8.75,6737.5,0,1,Unrestricted,770
08-04-2026,CM: Qualitel WA,814L-10-004576,10-004576,"PCB TERMINAL BLOCK, NOMINAL CURR",Electrical Components,OTS,"Seattle, WA",Stock,FALSE,Qualitel,3005,0,1.82,5469.1,0,0,Unrestricted,3005
08-04-2026,CM: Sienna GA,10-004576 REV-01,10-004576,"PCB TERMINAL BLOCK, NOMINAL CURR",Electrical Components,OTS,ATLN,LINE,FALSE,Sienna Corporation,721,0,3.36,2422.56,0,1,Unrestricted,721
08-04-2026,CM: Sienna GA,10-004576 REV-01,10-004576,"PCB TERMINAL BLOCK, NOMINAL CURR",Electrical Components,OTS,ATLN,RIQC,FALSE,Sienna Corporation,2350,0,3.36,7896,0,1,Unrestricted,2350
08-04-2026,CM: Sienna GA,10-004576 REV-01,10-004576,"PCB TERMINAL BLOCK, NOMINAL CURR",Electrical Components,OTS,ATLN,MAIN,FALSE,Sienna Corporation,1464,0,3.36,4919.04,0,1,Unrestricted,1464
08-04-2026,CM: Sienna GA,10-004580 REV-01,10-004580,CAP CER 10000PF 3KV X7R 2220,Electrical Components,OTS,ATLN,MAIN,FALSE,Sienna Corporation,962,0,0.244,234.728,0,1,Unrestricted,962
08-04-2026,CM: Sienna GA,10-004580 REV-01,10-004580,CAP CER 10000PF 3KV X7R 2220,Electrical Components,OTS,ATLN,LINE,FALSE,Sienna Corporation,2000,0,0.244,488,0,1,Unrestricted,2000
08-04-2026,CM: Qualitel WA,814L-10-004584,10-004584,TERM REDCUBE M3 1PIN SMD,Electrical Components,OTS,"Seattle, WA",Stock,FALSE,Qualitel,11022,0,0.25,2755.5,0,0,Unrestricted,11022
08-04-2026,CM: Sienna GA,10-004584 REV-01,10-004584,TERM REDCUBE M3 1PIN SMD,Electrical Components,OTS,ATLN,MAIN,FALSE,Sienna Corporation,550,0,0.25,137.5,0,1,Unrestricted,550
08-04-2026,CM: Sienna GA,10-004584 REV-01,10-004584,TERM REDCUBE M3 1PIN SMD,Electrical Components,OTS,ATLN,LINE,FALSE,Sienna Corporation,1298,0,0.25,324.5,0,1,Unrestricted,1298
08-04-2026,CM: Sienna GA,10-004584 REV-01,10-004584,TERM REDCUBE M3 1PIN SMD,Electrical Components,OTS,ATLN,PAMS,FALSE,Sienna Corporation,7800,0,0.25,1950,0,1,Unrestricted,7800
08-04-2026,CM: Sienna GA,10-004584 REV-01,10-004584,TERM REDCUBE M3 1PIN SMD,Electrical Components,OTS,ATLN,RIQC,FALSE,Sienna Corporation,5000,0,0.25,1250,0,1,Unrestricted,5000
08-04-2026,Lunar Netsuite,10-004591,10-004591,SURGE SUPP TBU 200MA 850VIMP SMD,Electrical Components,OTS,CCL (Computer Components Ltd),NS,FALSE,Lunar Energy,12000,0,0.74,8880,0,0,Unrestricted,12000
08-04-2026,CM: Qualitel WA,814L-10-004592,10-004592,CAP FILM 0.015UF 10% 310VAC RAD,Electrical Components,OTS,"Seattle, WA",Stock,FALSE,Qualitel,17334,0,0.067,1161.378,0,0,Unrestricted,17334
08-04-2026,CM: Sienna GA,10-004592 REV-01,10-004592,CAP FILM 0.015UF 10% 310VAC RAD,Electrical Components,OTS,ATLN,MAIN,FALSE,Sienna Corporation,9490,0,0.3516,3336.684,0,1,Unrestricted,9490
08-04-2026,CM: Sienna GA,10-004592 REV-01,10-004592,CAP FILM 0.015UF 10% 310VAC RAD,Electrical Components,OTS,ATLN,LINE,FALSE,Sienna Corporation,2557,0,0.3516,899.0412,0,1,Unrestricted,2557
08-04-2026,CM: Sienna GA,10-004592 REV-01,10-004592,CAP FILM 0.015UF 10% 310VAC RAD,Electrical Components,OTS,ATLN,RIQC,FALSE,Sienna Corporation,6020,0,0.3516,2116.632,0,1,Unrestricted,6020
08-04-2026,CM: Sienna GA,10-004593 REV-04,10-004593,"Screw Terminal, M3, SMT, Thru Hole, Integrated Junction, 50A",Electrical Components,MTS,ATLN,LINE,FALSE,Sienna Corporation,5756,0,0.31,1784.36,0,4,Unrestricted,5756
08-04-2026,CM: Qualitel WA,814L-10-004593,10-004593,"Screw Terminal, M3, SMT, Thru Hole, Integrated Junction, 50A",Electrical Components,MTS,"Seattle, WA",Stock,FALSE,Qualitel,8625,0,0.219,1888.875,0,0,Unrestricted,8625
08-04-2026,CM: Sienna GA,10-004593 REV-04,10-004593,"Screw Terminal, M3, SMT, Thru Hole, Integrated Junction, 50A",Electrical Components,MTS,ATLN,RIQC,FALSE,Sienna Corporation,5000,0,0.31,1550,0,4,Unrestricted,5000
08-04-2026,CM: Sienna GA,10-004596 REV-01,10-004596,CAP CER 2220 2.2NF 3000V X7R 10% AEC-Q,Electrical Components,OTS,ATLN,MAIN,FALSE,Sienna Corporation,6518,0,0.95,6192.1,0,1,Unrestricted,6518
08-04-2026,CM: Sienna GA,10-004596 REV-01,10-004596,CAP CER 2220 2.2NF 3000V X7R 10% AEC-Q,Electrical Components,OTS,ATLN,LINE,FALSE,Sienna Corporation,2000,0,0.95,1900,0,1,Unrestricted,2000
08-04-2026,CM: Sienna GA,10-004598 REV-01,10-004598,TRANS NPN 40V 0.6A SOT23,Electrical Components,OTS,ATLN,MAIN,FALSE,Sienna Corporation,72000,0,0.009,648,0,1,Unrestricted,72000
08-04-2026,CM: Sienna GA,10-004598 REV-01,10-004598,TRANS NPN 40V 0.6A SOT23,Electrical Components,OTS,ATLN,LINE,FALSE,Sienna Corporation,15345,0,0.009,138.105,0,1,Unrestricted,15345
08-04-2026,CM: Sienna GA,10-004599 REV-01,10-004599,10.00mm Pitch Mini-Fit Sr. Header,Electrical Components,OTS,ATLN,RIQC,FALSE,Sienna Corporation,2544,0,1.65,4197.6,0,1,Unrestricted,2544
08-04-2026,CM: Sienna GA,10-004599 REV-01,10-004599,10.00mm Pitch Mini-Fit Sr. Header,Electrical Components,OTS,ATLN,LINE,FALSE,Sienna Corporation,814,0,1.65,1343.1,0,1,Unrestricted,814
08-04-2026,CM: Qualitel WA,814L-10-004599,10-004599,10.00mm Pitch Mini-Fit Sr. Header,Electrical Components,OTS,"Seattle, WA",Stock,FALSE,Qualitel,1779,0,1.6654,2962.7466,0,0,Unrestricted,1779
08-04-2026,CM: Sienna GA,10-004599 REV-01,10-004599,10.00mm Pitch Mini-Fit Sr. Header,Electrical Components,OTS,ATLN,MAIN,FALSE,Sienna Corporation,2282,0,1.65,3765.3,0,1,Unrestricted,2282
08-04-2026,CM: Sienna GA,10-004601 REV-01,10-004601,"Label, Branch Circuits, Inner Panel, Left, Bridge",Part,MTS,ATLN,MAIN,FALSE,Sienna Corporation,4000,0,0.487,1948,0,1,Unrestricted,4000
08-04-2026,CM: Sienna GA,10-004601 REV-01,10-004601,"Label, Branch Circuits, Inner Panel, Left, Bridge",Part,MTS,ATLN,LPAC,FALSE,Sienna Corporation,1070,0,0.487,521.09,0,1,Unrestricted,1070
08-04-2026,CM: Sienna GA,10-004601 REV-01,10-004601,"Label, Branch Circuits, Inner Panel, Left, Bridge",Part,MTS,ATLN,LINE,FALSE,Sienna Corporation,373,0,0.487,181.651,0,1,Unrestricted,373
08-04-2026,CM: Qualitel WA,814L-10-004602,10-004602,RES SMD 845K OHM 0.1% 1/4W 1206 AEC-Q,Electrical Components,OTS,"Seattle, WA",Stock,FALSE,Qualitel,147324,0,0.1023,15071.2452,0,0,Unrestricted,147324
08-04-2026,CM: Sienna GA,10-004602 REV-01,10-004602,RES SMD 845K OHM 0.1% 1/4W 1206 AEC-Q,Electrical Components,OTS,ATLN,MAIN,FALSE,Sienna Corporation,35000,0,0.1713,5995.5,0,1,Unrestricted,35000
08-04-2026,CM: Sienna GA,10-004602 REV-01,10-004602,RES SMD 845K OHM 0.1% 1/4W 1206 AEC-Q,Electrical Components,OTS,ATLN,LINE,FALSE,Sienna Corporation,2460,0,0.1713,421.398,0,1,Unrestricted,2460
08-04-2026,Lunar Netsuite,10-004607,10-004607,"Inverter Aesthetic Cover Assembly, LRG, Plastic, Suede",Part,MTS,JIT - Reno,NS,FALSE,Lunar Energy,5,0,0,0,0,0,Unrestricted,5
08-04-2026,CM: Sienna GA,10-004608 REV-02,10-004608,"AC CMC, 3 Phase, 4 Turns",Electrical Components,OTS,ATLN,LINE,FALSE,Sienna Corporation,635,0,14.35,9112.25,0,2,Unrestricted,635
08-04-2026,CM: Sienna GA,10-004608 REV-02,10-004608,"AC CMC, 3 Phase, 4 Turns",Electrical Components,OTS,ATLN,RIQC,FALSE,Sienna Corporation,720,0,14.35,10332,0,2,Unrestricted,720
08-04-2026,CM: Qualitel WA,814L-10-004608,10-004608,"AC CMC, 3 Phase, 4 Turns",Electrical Components,OTS,"Seattle, WA",Stock,FALSE,Qualitel,1305,0,12.47,16273.35,0,0,Unrestricted,1305
08-04-2026,CM: Sienna GA,10-004609 REV-02,10-004609,"DC CMC, 3 Phase, 4 Turns",Electrical Components,MTS,ATLN,WHS2,FALSE,Sienna Corporation,326,0,14.35,4678.1,0,2,Unrestricted,326
08-04-2026,CM: Sienna GA,10-004609 REV-02,10-004609,"DC CMC, 3 Phase, 4 Turns",Electrical Components,MTS,ATLN,MAIN,FALSE,Sienna Corporation,35,0,14.35,502.25,0,2,Unrestricted,35
08-04-2026,CM: Sienna GA,10-004609 REV-02,10-004609,"DC CMC, 3 Phase, 4 Turns",Electrical Components,MTS,ATLN,LPAC,FALSE,Sienna Corporation,73,0,14.35,1047.55,0,2,Unrestricted,73
08-04-2026,Lunar Netsuite,10-004611,10-004611,"Safety Cover, Terminal Lug, Bridge",Part,MTS,JIT - Reno,NS,FALSE,Lunar Energy,184,0,0,0,0,0,Unrestricted,184
08-04-2026,CM: Sienna GA,10-004611 REV-04,10-004611,"Safety Cover, Terminal Lug, Bridge",Part,MTS,ATLN,RSA8,FALSE,Sienna Corporation,4000,0,0.9114,3645.6,0,4,Unrestricted,4000
08-04-2026,CM: Sienna GA,10-004611 REV-04,10-004611,"Safety Cover, Terminal Lug, Bridge",Part,MTS,ATLN,RS92,FALSE,Sienna Corporation,450,0,0.9114,410.13,0,4,Unrestricted,450
08-04-2026,CM: Sienna GA,10-004611 REV-04,10-004611,"Safety Cover, Terminal Lug, Bridge",Part,MTS,ATLN,RR42,FALSE,Sienna Corporation,2105,0,0.9114,1918.497,0,4,Unrestricted,2105
08-04-2026,CM: Sienna GA,10-004611 REV-04,10-004611,"Safety Cover, Terminal Lug, Bridge",Part,MTS,ATLN,LPAC,FALSE,Sienna Corporation,29,0,0.9114,26.4306,0,4,Unrestricted,29
08-04-2026,CM: Sienna GA,10-004611 REV-04,10-004611,"Safety Cover, Terminal Lug, Bridge",Part,MTS,ATLN,RR71,FALSE,Sienna Corporation,150,0,0.9114,136.71,0,4,Unrestricted,150
08-04-2026,CM: Sienna GA,10-004611 REV-04,10-004611,"Safety Cover, Terminal Lug, Bridge",Part,MTS,ATLN,LINE,FALSE,Sienna Corporation,4440,0,0.9114,4046.616,0,4,Unrestricted,4440
08-04-2026,CM: Qualitel WA,814L-10-004612,10-004612,IC OPAMP GP 1 CIRCUIT SOT23-5,Electrical Components,OTS,"Seattle, WA",Stock,FALSE,Qualitel,5746,0,0.289,1660.594,0,0,Unrestricted,5746
08-04-2026,CM: Sienna GA,10-004612 REV-01,10-004612,IC OPAMP GP 1 CIRCUIT SOT23-5,Electrical Components,OTS,ATLN,LINE,FALSE,Sienna Corporation,6476,0,0.8867,5742.2692,0,1,Unrestricted,6476
08-04-2026,CM: Qualitel WA,814L-10-004613,10-004613,IC REG LINEAR POS ADJ 3A P2PAK-4,Electrical Components,OTS,"Seattle, WA",Stock,FALSE,Qualitel,2672,0,0.675,1803.6,0,0,Unrestricted,2672
08-04-2026,CM: Sienna GA,10-004613 REV-01,10-004613,IC REG LINEAR POS ADJ 3A P2PAK-4,Electrical Components,OTS,ATLN,LINE,FALSE,Sienna Corporation,1878,0,1.32,2478.96,0,1,Unrestricted,1878
08-04-2026,CM: Sienna GA,10-004613 REV-01,10-004613,IC REG LINEAR POS ADJ 3A P2PAK-4,Electrical Components,OTS,ATLN,MAIN,FALSE,Sienna Corporation,1000,0,1.32,1320,0,1,Unrestricted,1000
08-04-2026,CM: Sienna GA,10-004614 REV-01,10-004614,TVS DEV GDT/MOV 875V DISC 13.2MM,Electrical Components,OTS,ATLN,MAIN,FALSE,Sienna Corporation,1500,0,0.604,906,0,1,Unrestricted,1500
08-04-2026,CM: Sienna GA,10-004614 REV-01,10-004614,TVS DEV GDT/MOV 875V DISC 13.2MM,Electrical Components,OTS,ATLN,LINE,FALSE,Sienna Corporation,362,0,0.604,218.648,0,1,Unrestricted,362
08-04-2026,CM: Sienna GA,10-004614 REV-01,10-004614,TVS DEV GDT/MOV 875V DISC 13.2MM,Electrical Components,OTS,ATLN,RIQC,FALSE,Sienna Corporation,2250,0,0.604,1359,0,1,Unrestricted,2250
08-04-2026,CM: Qualitel WA,814L-10-004614,10-004614,TVS DEV GDT/MOV 875V DISC 13.2MM,Electrical Components,OTS,"Seattle, WA",Stock,FALSE,Qualitel,5544,0,0.508,2816.352,0,0,Unrestricted,5544
08-04-2026,CM: Sienna GA,10-004617 REV-01,10-004617,RES SMD 10.2KOHM 0.1% 1/16W 0402 AEC-Q,Electrical Components,OTS,ATLN,LINE,FALSE,Sienna Corporation,8857,0,0.074,655.418,0,1,Unrestricted,8857
08-04-2026,CM: Qualitel WA,814L-10-004617,10-004617,RES SMD 10.2KOHM 0.1% 1/16W 0402 AEC-Q,Electrical Components,OTS,"Seattle, WA",Stock,FALSE,Qualitel,17467,0,0.0458,799.9886,0,0,Unrestricted,17467
08-04-2026,CM: Sienna GA,10-004621 REV-01,10-004621,RES CPF 0201 20K 0.1% 25PPM 1K RL,Electrical Components,OTS,ATLN,MAIN,FALSE,Sienna Corporation,25948,0,0.299,7758.452,0,1,Unrestricted,25948
08-04-2026,CM: Qualitel WA,814L-10-004621,10-004621,RES CPF 0201 20K 0.1% 25PPM 1K RL,Electrical Components,OTS,"Seattle, WA",Stock,FALSE,Qualitel,22828,0,0.135,3081.78,0,0,Unrestricted,22828
08-04-2026,CM: Sienna GA,10-004621 REV-01,10-004621,RES CPF 0201 20K 0.1% 25PPM 1K RL,Electrical Components,OTS,ATLN,LINE,FALSE,Sienna Corporation,1390,0,0.299,415.61,0,1,Unrestricted,1390
08-04-2026,CM: Sienna GA,10-004621 REV-01,10-004621,RES CPF 0201 20K 0.1% 25PPM 1K RL,Electrical Components,OTS,ATLN,LPAC,FALSE,Sienna Corporation,3952,0,0.299,1181.648,0,1,Unrestricted,3952
08-04-2026,CM: Qualitel WA,814L-10-004624,10-004624,RES SMD 10K OHM 0.1% 1/10W 0603,Electrical Components,OTS,"Seattle, WA",Stock,FALSE,Qualitel,59386,0,0.0137,813.5882,0,0,Unrestricted,59386
08-04-2026,CM: Sienna GA,10-004624 REV-01,10-004624,RES SMD 10K OHM 0.1% 1/10W 0603,Electrical Components,OTS,ATLN,MAIN,FALSE,Sienna Corporation,389184,0,0.017,6616.128,0,1,Unrestricted,389184
08-04-2026,CM: Sienna GA,10-004624 REV-01,10-004624,RES SMD 10K OHM 0.1% 1/10W 0603,Electrical Components,OTS,ATLN,LINE,FALSE,Sienna Corporation,26329,0,0.017,447.593,0,1,Unrestricted,26329
08-04-2026,CM: Sienna GA,10-004624 REV-01,10-004624,RES SMD 10K OHM 0.1% 1/10W 0603,Electrical Components,OTS,ATLN,LPAC,FALSE,Sienna Corporation,5812,0,0.017,98.804,0,1,Unrestricted,5812
08-04-2026,CM: Sienna GA,10-004628 REV-01,10-004628,Automotive Compliant Low Knee Current 3.3V Voltage Reference AEC-Q,Electrical Components,OTS,ATLN,MAIN,FALSE,Sienna Corporation,2709,0,0.432,1170.288,0,1,Unrestricted,2709
08-04-2026,CM: Sienna GA,10-004630 REV-01,10-004630,TVS DIODE 10VWM 17VC SMA,Electrical Components,OTS,ATLN,LINE,FALSE,Sienna Corporation,4364,0,0.091,397.124,0,1,Unrestricted,4364
08-04-2026,CM: Sienna GA,10-004630 REV-01,10-004630,TVS DIODE 10VWM 17VC SMA,Electrical Components,OTS,ATLN,MAIN,FALSE,Sienna Corporation,5000,0,0.091,455,0,1,Unrestricted,5000
08-04-2026,CM: Qualitel WA,814L-10-004630,10-004630,TVS DIODE 10VWM 17VC SMA,Electrical Components,OTS,"Seattle, WA",Stock,FALSE,Qualitel,4537,0,0.0469,212.7853,0,0,Unrestricted,4537
08-04-2026,CM: Sienna GA,10-004631 REV-01,10-004631,RES 340 OHM 1% 1/16W 0402 AEC-Q,Electrical Components,OTS,ATLN,MAIN,FALSE,Sienna Corporation,20000,0,0.002,40,0,1,Unrestricted,20000
08-04-2026,CM: Sienna GA,10-004631 REV-01,10-004631,RES 340 OHM 1% 1/16W 0402 AEC-Q,Electrical Components,OTS,ATLN,LINE,FALSE,Sienna Corporation,9352,0,0.002,18.704,0,1,Unrestricted,9352
08-04-2026,CM: Qualitel WA,814L-10-004631,10-004631,RES 340 OHM 1% 1/16W 0402 AEC-Q,Electrical Components,OTS,"Seattle, WA",Stock,FALSE,Qualitel,43765,0,0.0015,65.6475,0,0,Unrestricted,43765
08-04-2026,CM: Sienna GA,10-004639 REV-04,10-004639,"Heat Sink, Maximizer",Assembly,MTS,ATLN,RQ83,FALSE,Sienna Corporation,2400,0,2.41,5784,0,4,Unrestricted,2400
08-04-2026,CM: Sienna GA,10-004639 REV-04,10-004639,"Heat Sink, Maximizer",Assembly,MTS,ATLN,RIQC,FALSE,Sienna Corporation,2340,0,2.41,5639.4,0,4,Unrestricted,2340
08-04-2026,CM: Sienna GA,10-004639 REV-04,10-004639,"Heat Sink, Maximizer",Assembly,MTS,ATLN,LPAC,FALSE,Sienna Corporation,72,0,2.41,173.52,0,4,Unrestricted,72
08-04-2026,CM: Sienna GA,10-004639 REV-04,10-004639,"Heat Sink, Maximizer",Assembly,MTS,ATLN,RL54,FALSE,Sienna Corporation,2400,0,2.41,5784,0,4,Unrestricted,2400
08-04-2026,CM: Sienna GA,10-004639 REV-04,10-004639,"Heat Sink, Maximizer",Assembly,MTS,ATLN,RQ85,FALSE,Sienna Corporation,2400,0,2.41,5784,0,4,Unrestricted,2400
08-04-2026,CM: Sienna GA,10-004639 REV-04,10-004639,"Heat Sink, Maximizer",Assembly,MTS,ATLN,RQ93,FALSE,Sienna Corporation,2400,0,2.41,5784,0,4,Unrestricted,2400
08-04-2026,CM: Sienna GA,10-004639 REV-04,10-004639,"Heat Sink, Maximizer",Assembly,MTS,ATLN,LINE,FALSE,Sienna Corporation,7488,0,2.41,18046.08,0,4,Unrestricted,7488
08-04-2026,CM: Sienna GA,10-004639 REV-05,10-004639,"Heat Sink, Maximizer",Assembly,MTS,ATLN,RIQC,FALSE,Sienna Corporation,4559,0,0,0,0,5,Unrestricted,4559
08-04-2026,CM: Sienna GA,10-004643 REV-05,10-004643,"Adhesive, Double-sided, Heat Sink, Maximizer",Part,MTS,ATLN,WHS2,FALSE,Sienna Corporation,286,0,0.14,40.04,0,5,Unrestricted,286
08-04-2026,CM: Sienna GA,10-004643 REV-05,10-004643,"Adhesive, Double-sided, Heat Sink, Maximizer",Part,MTS,ATLN,LINE,FALSE,Sienna Corporation,940,0,0.14,131.6,0,5,Unrestricted,940
08-04-2026,CM: Sienna GA,10-004643 REV-05,10-004643,"Adhesive, Double-sided, Heat Sink, Maximizer",Part,MTS,ATLN,MAIN,FALSE,Sienna Corporation,19706,0,0.14,2758.84,0,5,Unrestricted,19706
08-04-2026,CM: Sienna GA,10-004643 REV-05,10-004643,"Adhesive, Double-sided, Heat Sink, Maximizer",Part,MTS,ATLN,LPAC,FALSE,Sienna Corporation,6768,0,0.14,947.52,0,5,Unrestricted,6768
08-04-2026,CM: Qualitel WA,814L-10-004660,10-004660,CAP FILM 0.033UF 20% 1.5KVDC RAD,Electrical Components,OTS,"Seattle, WA",Stock,FALSE,Qualitel,15087,0,0.15,2263.05,0,0,Unrestricted,15087
08-04-2026,CM: Celestica MX,10-0046603MS,10-004660,CAP FILM 0.033UF 20% 1.5KVDC RAD,Electrical Components,OTS,Monterrey Prod,1000,FALSE,Celestica,-36,0,0.142,-5.112,0,0,Unrestricted,-36
08-04-2026,CM: Sienna GA,10-004666 REV-01,10-004666,PV Disconnect Switch 0.1 mA at 3.3 VDC,Electrical Components,OTS,ATLN,LINE,FALSE,Sienna Corporation,973,0,9.96,9691.08,0,1,Unrestricted,973
08-04-2026,CM: Sienna GA,10-004666 REV-01,10-004666,PV Disconnect Switch 0.1 mA at 3.3 VDC,Electrical Components,OTS,ATLN,RIQC,FALSE,Sienna Corporation,1125,0,9.96,11205,0,1,Unrestricted,1125
08-04-2026,CM: Celestica MX,10-0046753MS,10-004675,"Inductor Assy, DCDC, 22.8uH",Electrical Components,OTS,Monterrey Prod,1000,FALSE,Celestica,-18,0,10.7,-192.6,0,0,Unrestricted,-18
08-04-2026,Lunar Netsuite,10-004675,10-004675,"Inductor Assy, DCDC, 22.8uH",Electrical Components,OTS,CA - Ravendale,NS,FALSE,Lunar Energy,35,0,4.7709,166.9815,0,0,Unrestricted,35
08-04-2026,CM: Sienna GA,10-004677 REV-02,10-004677,"Potted Pin Passthrough and Inductor Housing, Inverter Power Module C3",Part,MTS,ATLN,WHS2,FALSE,Sienna Corporation,1,0,91.25,91.25,0,2,Unrestricted,1
08-04-2026,CM: Qualitel WA,814L-10-004695,10-004695,"CAP CER 330PF SAFETY X1,Y2 250VAC X7R 1808",Electrical Components,OTS,"Seattle, WA",PO Inspection,FALSE,Qualitel,0,100,0.0928,0,9.28,0,Restricted,0
08-04-2026,CM: Qualitel WA,814L-10-004695,10-004695,"CAP CER 330PF SAFETY X1,Y2 250VAC X7R 1808",Electrical Components,OTS,"Seattle, WA",Stock,FALSE,Qualitel,25014,0,0.0928,2321.2992,0,0,Unrestricted,25014
08-04-2026,CM: Qualitel WA,814L-10-004695,10-004695,"CAP CER 330PF SAFETY X1,Y2 250VAC X7R 1808",Electrical Components,OTS,"Seattle, WA",MRB,FALSE,Qualitel,0,100,0.0928,0,9.28,0,Restricted,0
08-04-2026,CM: Celestica MX,10-0046953MS,10-004695,"CAP CER 330PF SAFETY X1,Y2 250VAC X7R 1808",Electrical Components,OTS,Monterrey Prod,1000,FALSE,Celestica,216,0,0.233,50.328,0,0,Unrestricted,216
08-04-2026,CM: Sienna GA,10-004719 REV-05,10-004719,"Wire Harness, Power, DC Contactors",Part,MTS,ATLN,RIQC,FALSE,Sienna Corporation,1327,0,10.488,13917.576,0,5,Unrestricted,1327
08-04-2026,CM: Sienna GA,10-004719 REV-05,10-004719,"Wire Harness, Power, DC Contactors",Part,MTS,ATLN,LINE,FALSE,Sienna Corporation,44,0,10.488,461.472,0,5,Unrestricted,44
08-04-2026,CM: Sienna GA,10-004719 REV-05,10-004719,"Wire Harness, Power, DC Contactors",Part,MTS,ATLN,RH33,FALSE,Sienna Corporation,800,0,10.488,8390.4,0,5,Unrestricted,800
08-04-2026,CM: Sienna GA,10-004729 REV-07,10-004729,"Wire Harness, Inverter, PV Switch",Part,MTS,ATLN,RIQC,FALSE,Sienna Corporation,1214,0,0,0,0,7,Unrestricted,1214
08-04-2026,CM: Sienna GA,10-004729 REV-07,10-004729,"Wire Harness, Inverter, PV Switch",Part,MTS,ATLN,MAIN,FALSE,Sienna Corporation,383,0,0,0,0,7,Unrestricted,383
08-04-2026,CM: Sienna GA,10-004729 REV-07,10-004729,"Wire Harness, Inverter, PV Switch",Part,MTS,ATLN,RPB2,FALSE,Sienna Corporation,1400,0,0,0,0,7,Unrestricted,1400
08-04-2026,CM: Sienna GA,10-004730 REV-04,10-004730,"Wire Harness, Coil & Aux, DC Contactors",Part,MTS,ATLN,RJ45,FALSE,Sienna Corporation,504,0,43.01,21677.04,0,4,Unrestricted,504
08-04-2026,CM: Sienna GA,10-004730 REV-04,10-004730,"Wire Harness, Coil & Aux, DC Contactors",Part,MTS,ATLN,PDRW,FALSE,Sienna Corporation,78,0,43.01,3354.78,0,4,Unrestricted,78
08-04-2026,CM: Sienna GA,10-004730 REV-04,10-004730,"Wire Harness, Coil & Aux, DC Contactors",Part,MTS,ATLN,RQ95,FALSE,Sienna Corporation,490,0,43.01,21074.9,0,4,Unrestricted,490
08-04-2026,CM: Sienna GA,10-004730 REV-04,10-004730,"Wire Harness, Coil & Aux, DC Contactors",Part,MTS,ATLN,HRAC,FALSE,Sienna Corporation,21,0,43.01,903.21,0,4,Unrestricted,21
08-04-2026,CM: Sienna GA,10-004730 REV-04,10-004730,"Wire Harness, Coil & Aux, DC Contactors",Part,MTS,ATLN,LINE,FALSE,Sienna Corporation,600,0,43.01,25806,0,4,Unrestricted,600
08-04-2026,CM: Sienna GA,10-004730 REV-04,10-004730,"Wire Harness, Coil & Aux, DC Contactors",Part,MTS,ATLN,RQ91,FALSE,Sienna Corporation,364,0,43.01,15655.64,0,4,Unrestricted,364
08-04-2026,CM: Sienna GA,10-004730 REV-04,10-004730,"Wire Harness, Coil & Aux, DC Contactors",Part,MTS,ATLN,RQ92,FALSE,Sienna Corporation,546,0,43.01,23483.46,0,4,Unrestricted,546
08-04-2026,CM: Sienna GA,10-004732 REV-02,10-004732,"Wire Harness, Inverter, Battery IF, Cap Board",Part,MTS,ATLN,WHS2,FALSE,Sienna Corporation,4,0,39.88,159.52,0,2,Unrestricted,4
08-04-2026,CM: Sienna GA,10-004734 REV-02,10-004734,"Wire Harness,Inverter,Nano-fit",Part,MTS,ATLN,PAWH,FALSE,Sienna Corporation,600,0,6.992,4195.2,0,2,Unrestricted,600
08-04-2026,CM: Sienna GA,10-004734 REV-02,10-004734,"Wire Harness,Inverter,Nano-fit",Part,MTS,ATLN,RPB1,FALSE,Sienna Corporation,100,0,6.992,699.2,0,2,Unrestricted,100
08-04-2026,CM: Sienna GA,10-004734 REV-02,10-004734,"Wire Harness,Inverter,Nano-fit",Part,MTS,ATLN,RIQC,FALSE,Sienna Corporation,500,0,6.992,3496,0,2,Unrestricted,500
08-04-2026,CM: Sienna GA,10-004734 REV-02,10-004734,"Wire Harness,Inverter,Nano-fit",Part,MTS,ATLN,LINE,FALSE,Sienna Corporation,183,0,6.992,1279.536,0,2,Unrestricted,183
08-04-2026,CM: Sienna GA,10-004734 REV-02,10-004734,"Wire Harness,Inverter,Nano-fit",Part,MTS,ATLN,RL23,FALSE,Sienna Corporation,420,0,6.992,2936.64,0,2,Unrestricted,420
08-04-2026,CM: Celestica MX,10-0047363MS,10-004736,RES 100K OHM 0.5% 1/2W 0805 AEC-Q,Electrical Components,OTS,Monterrey Prod,1000,FALSE,Celestica,-8,0,0.0572,-0.4576,0,0,Unrestricted,-8
08-04-2026,CM: Qualitel WA,814L-10-004736,10-004736,RES 100K OHM 0.5% 1/2W 0805 AEC-Q,Electrical Components,OTS,"Seattle, WA",Stock,FALSE,Qualitel,41157,0,0.0566,2329.4862,0,0,Unrestricted,41157
08-04-2026,CM: Sienna GA,10-004753 REV-01,10-004753,Trans MOSFET N-CH 950V 4A 3-Pin(2+Tab) DPAK T/R,Electrical Components,OTS,ATLN,LINE,FALSE,Sienna Corporation,1952,0,0.31,605.12,0,1,Unrestricted,1952
08-04-2026,CM: Sienna GA,10-004753 REV-01,10-004753,Trans MOSFET N-CH 950V 4A 3-Pin(2+Tab) DPAK T/R,Electrical Components,OTS,ATLN,MAIN,FALSE,Sienna Corporation,2500,0,0.31,775,0,1,Unrestricted,2500
08-04-2026,CM: Sienna GA,10-004760 REV-01,10-004760,CONN HEADER R/A 30POS 2.54MM,Electrical Components,OTS,ATLN,MAIN,FALSE,Sienna Corporation,115,0,1.59,182.85,0,1,Unrestricted,115
08-04-2026,CM: Qualitel WA,814L-10-004760,10-004760,CONN HEADER R/A 30POS 2.54MM,Electrical Components,OTS,"Seattle, WA",Stock,FALSE,Qualitel,16501,0,1.4884,24560.0884,0,0,Unrestricted,16501
08-04-2026,CM: Celestica MX,10-0047603MS,10-004760,CONN HEADER R/A 30POS 2.54MM,Electrical Components,OTS,Monterrey Prod,1000,FALSE,Celestica,-9,0,1.66,-14.94,0,0,Unrestricted,-9
08-04-2026,CM: Celestica MX,10-0047713MS,10-004771,IC CURR SENSE 1 CIRCUIT SC70-5 AEC-Q,Electrical Components,OTS,Monterrey Prod,1000,FALSE,Celestica,-2,0,2.25,-4.5,0,0,Unrestricted,-2
08-04-2026,CM: Celestica MX,10-0047763MS,10-004776,RES 0.1 OHM 0.5% 1/2W 1206,Electrical Components,OTS,Monterrey Prod,1000,FALSE,Celestica,-2,0,0.0704,-0.1408,0,0,Unrestricted,-2
08-04-2026,CM: Sienna GA,10-004787 REV-01,10-004787,Cap Ceramic 0.1uF 16V X7R 10% Pad SMD 0402 125°C T/R,Electrical Components,OTS,ATLN,MAIN,FALSE,Sienna Corporation,4846,0,0.0022,10.6612,0,1,Unrestricted,4846
08-04-2026,CM: Sienna GA,10-004805 REV-01,10-004805,"RTV Silicone Sealant, Single Part, Electronics Grade",Part,OTS,ATLN,RIQC,FALSE,Sienna Corporation,123.25,0,0.115,14.17375,0,1,Unrestricted,123.25
08-04-2026,CM: Sienna GA,10-004805 REV-01,10-004805,"RTV Silicone Sealant, Single Part, Electronics Grade",Part,OTS,ATLN,RIQC,FALSE,Sienna Corporation,25278.85938,0,0.115,2907.068828,0,1,Unrestricted,25278.85938
08-04-2026,CM: Sienna GA,10-004805 REV-01,10-004805,"RTV Silicone Sealant, Single Part, Electronics Grade",Part,OTS,ATLN,MAIN,FALSE,Sienna Corporation,70.31999969,0,0.115,8.086799965,0,1,Unrestricted,70.31999969
08-04-2026,CM: Sienna GA,10-004805 REV-01,10-004805,"RTV Silicone Sealant, Single Part, Electronics Grade",Part,OTS,ATLN,PAMS,FALSE,Sienna Corporation,100,0,0.115,11.5,0,1,Unrestricted,100
08-04-2026,CM: Sienna GA,10-004805 REV-01,10-004805,"RTV Silicone Sealant, Single Part, Electronics Grade",Part,OTS,ATLN,MAIN,FALSE,Sienna Corporation,14308.75977,0,0.115,1645.507373,0,1,Unrestricted,14308.75977
08-04-2026,CM: Sienna GA,10-004806 REV-04,10-004806,"Wire Harness, Inverter, Filtered AC Jumper",Part,MTS,ATLN,RI36,FALSE,Sienna Corporation,44,0,15.5136,682.5984,0,4,Unrestricted,44
08-04-2026,CM: Sienna GA,10-004806 REV-04,10-004806,"Wire Harness, Inverter, Filtered AC Jumper",Part,MTS,ATLN,RIQC,FALSE,Sienna Corporation,690,0,15.5136,10704.384,0,4,Unrestricted,690
08-04-2026,CM: Sienna GA,10-004806 REV-04,10-004806,"Wire Harness, Inverter, Filtered AC Jumper",Part,MTS,ATLN,RPB1,FALSE,Sienna Corporation,1502,0,15.5136,23301.4272,0,4,Unrestricted,1502
08-04-2026,CM: Sienna GA,10-004806 REV-04,10-004806,"Wire Harness, Inverter, Filtered AC Jumper",Part,MTS,ATLN,LINE,FALSE,Sienna Corporation,109,0,15.5136,1690.9824,0,4,Unrestricted,109
08-04-2026,CM: Sienna GA,10-004809 REV-04,10-004809,"Wire Harness,Inverter,Home Controller",Part,OTS,ATLN,RL23,FALSE,Sienna Corporation,300,0,7.5,2250,0,4,Unrestricted,300
08-04-2026,CM: Sienna GA,10-004809 REV-04,10-004809,"Wire Harness,Inverter,Home Controller",Part,OTS,ATLN,MRB,FALSE,Sienna Corporation,0,32,7.5,0,240,4,Restricted,0
08-04-2026,CM: Sienna GA,10-004809 REV-04,10-004809,"Wire Harness,Inverter,Home Controller",Part,OTS,ATLN,RIQC,FALSE,Sienna Corporation,452,0,7.5,3390,0,4,Unrestricted,452
08-04-2026,CM: Sienna GA,10-004809 REV-04,10-004809,"Wire Harness,Inverter,Home Controller",Part,OTS,ATLN,LINE,FALSE,Sienna Corporation,590,0,7.5,4425,0,4,Unrestricted,590
08-04-2026,CM: Qualitel WA,814L-10-004813,10-004813,CAP CER 4.7UF 25V X6S 0603,Electrical Components,OTS,"Seattle, WA",Stock,FALSE,Qualitel,46289,0,0.0242,1120.1938,0,0,Unrestricted,46289
08-04-2026,CM: Celestica MX,10-0048133MS,10-004813,CAP CER 4.7UF 25V X6S 0603,Electrical Components,OTS,Monterrey Prod,1000,FALSE,Celestica,3917,0,0.029,113.593,0,0,Unrestricted,3917
08-04-2026,CM: Qualitel WA,814L-10-004814,10-004814,CAP CER 1UF 25V X7R 0603,Electrical Components,OTS,"Seattle, WA",Stock,FALSE,Qualitel,91767,0,0.031,2844.777,0,0,Unrestricted,91767
08-04-2026,CM: Celestica MX,10-0048143MS,10-004814,CAP CER 1UF 25V X7R 0603,Electrical Components,OTS,Monterrey Prod,1000,FALSE,Celestica,-4,0,0.0316,-0.1264,0,0,Unrestricted,-4
08-04-2026,CM: Sienna GA,10-004819 REV-01,10-004819,"EMI Gasket, 2.3mm x 2.3mm, D-Profile",Part,OTS,ATLN,MAIN,FALSE,Sienna Corporation,200,0,3.74,748,0,1,Unrestricted,200
08-04-2026,CM: Sienna GA,10-004819 REV-01,10-004819,"EMI Gasket, 2.3mm x 2.3mm, D-Profile",Part,OTS,ATLN,RIQC,FALSE,Sienna Corporation,921.5999756,0,3.74,3446.783909,0,1,Unrestricted,921.5999756
08-04-2026,CM: Sienna GA,10-004819 REV-01,10-004819,"EMI Gasket, 2.3mm x 2.3mm, D-Profile",Part,OTS,ATLN,WHS2,FALSE,Sienna Corporation,20,0,3.74,74.8,0,1,Unrestricted,20
08-04-2026,CM: Sienna GA,10-004822 REV-03,10-004822,"O-Strip Tubing, 2.9mm OD x 1.6mm hollow x 300mm length",Part,MTS,ATLN,PAMS,FALSE,Sienna Corporation,1000,0,3.4,3400,0,3,Unrestricted,1000
08-04-2026,CM: Sienna GA,10-004822 REV-03,10-004822,"O-Strip Tubing, 2.9mm OD x 1.6mm hollow x 300mm length",Part,MTS,ATLN,LINE,FALSE,Sienna Corporation,348,0,3.4,1183.2,0,3,Unrestricted,348
08-04-2026,CM: Sienna GA,10-004822 REV-03,10-004822,"O-Strip Tubing, 2.9mm OD x 1.6mm hollow x 300mm length",Part,MTS,ATLN,MAIN,FALSE,Sienna Corporation,1900,0,3.4,6460,0,3,Unrestricted,1900
08-04-2026,CM: Celestica MX,10-0048233MS,10-004823,CAP CER 0.1UF 25V X7R 0402,Electrical Components,OTS,Monterrey Prod,1000,FALSE,Celestica,-24,0,0.0082,-0.1968,0,0,Unrestricted,-24
08-04-2026,CM: Qualitel WA,814L-10-004823,10-004823,CAP CER 0.1UF 25V X7R 0402,Electrical Components,OTS,"Seattle, WA",Stock,FALSE,Qualitel,769075,0,0.0016,1230.52,0,0,Unrestricted,769075
08-04-2026,CM: Sienna GA,10-004824 REV-03,10-004824,"O-Strip Tubing, 2.9mm OD x 1.6mm hollow x 275mm length",Part,MTS,ATLN,RIQC,FALSE,Sienna Corporation,800,0,3.85,3080,0,3,Unrestricted,800
08-04-2026,CM: Sienna GA,10-004824 REV-03,10-004824,"O-Strip Tubing, 2.9mm OD x 1.6mm hollow x 275mm length",Part,MTS,ATLN,LPAC,FALSE,Sienna Corporation,84,0,3.85,323.4,0,3,Unrestricted,84
08-04-2026,CM: Sienna GA,10-004824 REV-03,10-004824,"O-Strip Tubing, 2.9mm OD x 1.6mm hollow x 275mm length",Part,MTS,ATLN,LINE,FALSE,Sienna Corporation,677,0,3.85,2606.45,0,3,Unrestricted,677
08-04-2026,CM: Sienna GA,10-004824 REV-03,10-004824,"O-Strip Tubing, 2.9mm OD x 1.6mm hollow x 275mm length",Part,MTS,ATLN,MAIN,FALSE,Sienna Corporation,316,0,3.85,1216.6,0,3,Unrestricted,316
08-04-2026,CM: Sienna GA,10-004824 REV-03,10-004824,"O-Strip Tubing, 2.9mm OD x 1.6mm hollow x 275mm length",Part,MTS,ATLN,PAMS,FALSE,Sienna Corporation,1600,0,3.85,6160,0,3,Unrestricted,1600
08-04-2026,CM: Sienna GA,10-004825 REV-03,10-004825,"O-Strip Tubing, 2.9mm OD x 1.6mm hollow x 175mm length",Part,MTS,ATLN,PAMS,FALSE,Sienna Corporation,200,0,3.4,680,0,3,Unrestricted,200
08-04-2026,CM: Sienna GA,10-004825 REV-03,10-004825,"O-Strip Tubing, 2.9mm OD x 1.6mm hollow x 175mm length",Part,MTS,ATLN,LINE,FALSE,Sienna Corporation,942,0,3.4,3202.8,0,3,Unrestricted,942
08-04-2026,CM: Sienna GA,10-004825 REV-03,10-004825,"O-Strip Tubing, 2.9mm OD x 1.6mm hollow x 175mm length",Part,MTS,ATLN,MAIN,FALSE,Sienna Corporation,300,0,3.4,1020,0,3,Unrestricted,300
08-04-2026,CM: Sienna GA,10-004825 REV-03,10-004825,"O-Strip Tubing, 2.9mm OD x 1.6mm hollow x 175mm length",Part,MTS,ATLN,RIQC,FALSE,Sienna Corporation,2000,0,3.4,6800,0,3,Unrestricted,2000
08-04-2026,CM: Sienna GA,10-004838 REV-01,10-004838,Inductor Power Shielded Wirewound 1500uH 20% 100KHz Ferrite 0.52A 2.2Ohm DCR T/R,Electrical Components,OTS,ATLN,LINE,FALSE,Sienna Corporation,3400,0,0.43,1462,0,1,Unrestricted,3400
08-04-2026,CM: Sienna GA,10-004838 REV-01,10-004838,Inductor Power Shielded Wirewound 1500uH 20% 100KHz Ferrite 0.52A 2.2Ohm DCR T/R,Electrical Components,OTS,ATLN,PAMS,FALSE,Sienna Corporation,5200,0,0.43,2236,0,1,Unrestricted,5200
08-04-2026,CM: Sienna GA,10-004838 REV-01,10-004838,Inductor Power Shielded Wirewound 1500uH 20% 100KHz Ferrite 0.52A 2.2Ohm DCR T/R,Electrical Components,OTS,ATLN,MAIN,FALSE,Sienna Corporation,3950,0,0.43,1698.5,0,1,Unrestricted,3950
08-04-2026,CM: Sienna GA,10-004856 REV-01,10-004856,CAP CER 10UF 25V X7S 0805,Electrical Components,OTS,ATLN,LINE,FALSE,Sienna Corporation,7308,0,0.01,73.08,0,1,Unrestricted,7308
08-04-2026,CM: Celestica MX,10-0048563MS,10-004856,CAP CER 10UF 25V X7S 0805,Electrical Components,OTS,Monterrey Prod,1000,FALSE,Celestica,-8,0,0.103,-0.824,0,0,Unrestricted,-8
08-04-2026,CM: Qualitel WA,814L-10-004856,10-004856,CAP CER 10UF 25V X7S 0805,Electrical Components,OTS,"Seattle, WA",Stock,FALSE,Qualitel,39284,0,0.0337,1323.8708,0,0,Unrestricted,39284
08-04-2026,Lunar Netsuite,10-004857,10-004857,TVS DIODE 58VWM 67VC 2DFN,Electrical Components,OTS,JIT - Reno,NS,FALSE,Lunar Energy,132,0,1.8532,244.6224,0,0,Unrestricted,132
08-04-2026,CM: Celestica MX,10-0048573MS,10-004857,TVS DIODE 58VWM 67VC 2DFN,Electrical Components,OTS,Monterrey Prod,1000,FALSE,Celestica,-2,0,1.769,-3.538,0,0,Unrestricted,-2
08-04-2026,Lunar Netsuite,10-004868,10-004868,"Label Removable, White, Customer Quick Start QR Code",Part,MTS,CA - Ravendale,NS,FALSE,Lunar Energy,500,0,1.36,680,0,0,Unrestricted,500
08-04-2026,CM: Sienna GA,10-004878 REV-01,10-004878,RES SMD 100K OHM 0.1% 1/10W 0603,Electrical Components,OTS,ATLN,LINE,FALSE,Sienna Corporation,210181,0,0.014,2942.534,0,1,Unrestricted,210181
08-04-2026,CM: Sienna GA,10-004878 REV-01,10-004878,RES SMD 100K OHM 0.1% 1/10W 0603,Electrical Components,OTS,ATLN,MAIN,FALSE,Sienna Corporation,370000,0,0.014,5180,0,1,Unrestricted,370000
08-04-2026,CM: Sienna GA,10-004879 REV-01,10-004879,RES 10K OHM 0.1% 1/6W 0603 AEC-Q,Electrical Components,OTS,ATLN,RIQC,FALSE,Sienna Corporation,270000,0,0.023,6210,0,1,Unrestricted,270000
08-04-2026,CM: Sienna GA,10-004879 REV-01,10-004879,RES 10K OHM 0.1% 1/6W 0603 AEC-Q,Electrical Components,OTS,ATLN,PAMS,FALSE,Sienna Corporation,10000,0,0.023,230,0,1,Unrestricted,10000
08-04-2026,CM: Sienna GA,10-004879 REV-01,10-004879,RES 10K OHM 0.1% 1/6W 0603 AEC-Q,Electrical Components,OTS,ATLN,MAIN,FALSE,Sienna Corporation,104530,0,0.023,2404.19,0,1,Unrestricted,104530
08-04-2026,CM: Sienna GA,10-004879 REV-01,10-004879,RES 10K OHM 0.1% 1/6W 0603 AEC-Q,Electrical Components,OTS,ATLN,LPAC,FALSE,Sienna Corporation,0,0,0.023,0,0,1,Unrestricted,0
08-04-2026,CM: Sienna GA,10-004879 REV-01,10-004879,RES 10K OHM 0.1% 1/6W 0603 AEC-Q,Electrical Components,OTS,ATLN,LINE,FALSE,Sienna Corporation,81042,0,0.023,1863.966,0,1,Unrestricted,81042
08-04-2026,CM: Qualitel WA,814L-10-004897,10-004897,CAP CER 47PF 250VAC SL 1808,Electrical Components,OTS,"Seattle, WA",Stock,FALSE,Qualitel,15968,0,0.0679,1084.2272,0,0,Unrestricted,15968
08-04-2026,CM: Celestica MX,10-0048973MS,10-004897,CAP CER 47PF 250VAC SL 1808,Electrical Components,OTS,Monterrey Prod,1000,FALSE,Celestica,420,0,0.0476,19.992,0,0,Unrestricted,420
08-04-2026,CM: Sienna GA,10-004917 REV-01,10-004917,Cap Ceramic 0.068uF 1000V X7R 10% Pad SMD 1210 125°C Automotive T/R,Electrical Components,OTS,ATLN,MAIN,FALSE,Sienna Corporation,11000,0,0.0854,939.4,0,1,Unrestricted,11000
08-04-2026,CM: Sienna GA,10-004917 REV-01,10-004917,Cap Ceramic 0.068uF 1000V X7R 10% Pad SMD 1210 125°C Automotive T/R,Electrical Components,OTS,ATLN,LINE,FALSE,Sienna Corporation,9124,0,0.0854,779.1896,0,1,Unrestricted,9124
08-04-2026,CM: Sienna GA,10-004919 REV-01,10-004919,CAP FILM 15UF 5% 700VDC RADIAL,Electrical Components,OTS,ATLN,MAIN,FALSE,Sienna Corporation,3176,0,2.24,7114.24,0,1,Unrestricted,3176
08-04-2026,CM: Sienna GA,10-004919 REV-01,10-004919,CAP FILM 15UF 5% 700VDC RADIAL,Electrical Components,OTS,ATLN,LINE,FALSE,Sienna Corporation,1950,0,2.24,4368,0,1,Unrestricted,1950
08-04-2026,CM: Sienna GA,10-004919 REV-01,10-004919,CAP FILM 15UF 5% 700VDC RADIAL,Electrical Components,OTS,ATLN,RIQC,FALSE,Sienna Corporation,576,0,2.24,1290.24,0,1,Unrestricted,576
08-04-2026,CM: Sienna GA,10-004919 REV-01,10-004919,CAP FILM 15UF 5% 700VDC RADIAL,Electrical Components,OTS,ATLN,RH34,FALSE,Sienna Corporation,1656,0,2.24,3709.44,0,1,Unrestricted,1656
08-04-2026,CM: Sienna GA,10-004927 REV-01,10-004927,RES 51 OHM 1% 1/10W 0603 AEC-Q,Electrical Components,OTS,ATLN,LINE,FALSE,Sienna Corporation,5206,0,0.0018,9.3708,0,1,Unrestricted,5206
08-04-2026,CM: Sienna GA,10-004927 REV-01,10-004927,RES 51 OHM 1% 1/10W 0603 AEC-Q,Electrical Components,OTS,ATLN,MAIN,FALSE,Sienna Corporation,5000,0,0.0018,9,0,1,Unrestricted,5000
08-04-2026,CM: Sienna GA,10-004934 REV-01,10-004934,"Structure, Mounting, PCBA, PV Hub",Part,MTS,ATLN,LINE,FALSE,Sienna Corporation,160,0,0.51,81.6,0,1,Unrestricted,160
08-04-2026,CM: Sienna GA,10-004934 REV-01,10-004934,"Structure, Mounting, PCBA, PV Hub",Part,MTS,ATLN,RSA1,FALSE,Sienna Corporation,2837,0,0.51,1446.87,0,1,Unrestricted,2837
08-04-2026,CM: Sienna GA,10-004934 REV-01,10-004934,"Structure, Mounting, PCBA, PV Hub",Part,MTS,ATLN,RS87,FALSE,Sienna Corporation,270,0,0.51,137.7,0,1,Unrestricted,270
08-04-2026,CM: Sienna GA,10-004934 REV-01,10-004934,"Structure, Mounting, PCBA, PV Hub",Part,MTS,ATLN,RIQC,FALSE,Sienna Corporation,68,0,0.51,34.68,0,1,Unrestricted,68
08-04-2026,CM: Sienna GA,10-004938 REV-01,10-004938,RES SMD 24.9KOHM 0.1% 1/10W 0603,Electrical Components,OTS,ATLN,RIQC,FALSE,Sienna Corporation,85000,0,0.02,1700,0,1,Unrestricted,85000
08-04-2026,CM: Sienna GA,10-004938 REV-01,10-004938,RES SMD 24.9KOHM 0.1% 1/10W 0603,Electrical Components,OTS,ATLN,LINE,FALSE,Sienna Corporation,11296,0,0.02,225.92,0,1,Unrestricted,11296
08-04-2026,CM: Sienna GA,10-004938 REV-01,10-004938,RES SMD 24.9KOHM 0.1% 1/10W 0603,Electrical Components,OTS,ATLN,MAIN,FALSE,Sienna Corporation,75000,0,0.02,1500,0,1,Unrestricted,75000
08-04-2026,CM: Sienna GA,10-004943 REV-01,10-004943,Res Thick Film 0603 30.1K Ohm 1% 0.1W(1/10W) ±100ppm/°C Pad SMD T/R,Electrical Components,OTS,ATLN,MAIN,FALSE,Sienna Corporation,120000,0,0.0016,192,0,1,Unrestricted,120000
08-04-2026,CM: Sienna GA,10-004943 REV-01,10-004943,Res Thick Film 0603 30.1K Ohm 1% 0.1W(1/10W) ±100ppm/°C Pad SMD T/R,Electrical Components,OTS,ATLN,LINE,FALSE,Sienna Corporation,19461,0,0.0016,31.1376,0,1,Unrestricted,19461
08-04-2026,CM: Sienna GA,10-004962 REV-01,10-004962,Conv DC-DC 8V to 80V Synchronous Step Down Single-Out 1V to 30V 0.8A 8-Pin SOIC EP T/R,Electrical Components,OTS,ATLN,RIQC,FALSE,Sienna Corporation,28995,0,1.549,44913.255,0,1,Unrestricted,28995
08-04-2026,CM: Sienna GA,10-004962 REV-01,10-004962,Conv DC-DC 8V to 80V Synchronous Step Down Single-Out 1V to 30V 0.8A 8-Pin SOIC EP T/R,Electrical Components,OTS,ATLN,MAIN,FALSE,Sienna Corporation,7500,0,1.549,11617.5,0,1,Unrestricted,7500
08-04-2026,CM: Sienna GA,10-004962 REV-01,10-004962,Conv DC-DC 8V to 80V Synchronous Step Down Single-Out 1V to 30V 0.8A 8-Pin SOIC EP T/R,Electrical Components,OTS,ATLN,LINE,FALSE,Sienna Corporation,7015,0,1.549,10866.235,0,1,Unrestricted,7015
08-04-2026,CM: Sienna GA,10-004970 REV-01,10-004970,"Label, Branch Circuits, Inner Panel, Right, Bridge",Part,MTS,ATLN,LINE,FALSE,Sienna Corporation,499,0,0.487,243.013,0,1,Unrestricted,499
08-04-2026,CM: Sienna GA,10-004970 REV-01,10-004970,"Label, Branch Circuits, Inner Panel, Right, Bridge",Part,MTS,ATLN,MAIN,FALSE,Sienna Corporation,4000,0,0.487,1948,0,1,Unrestricted,4000
08-04-2026,CM: Sienna GA,10-004973 REV-01,10-004973,LDO Regulator Pos 3.3V 0.8A Automotive AEC-Q100 8-Pin DSO EP T/R,Electrical Components,OTS,ATLN,LINE,FALSE,Sienna Corporation,6855,0,1.41,9665.55,0,1,Unrestricted,6855
08-04-2026,CM: Sienna GA,10-004973 REV-01,10-004973,LDO Regulator Pos 3.3V 0.8A Automotive AEC-Q100 8-Pin DSO EP T/R,Electrical Components,OTS,ATLN,MAIN,FALSE,Sienna Corporation,52500,0,1.41,74025,0,1,Unrestricted,52500
08-04-2026,CM: Sienna GA,10-004974 REV-01,10-004974,Hi Side Single 5.5V 0.4A to 4A 6-Pin TSOT-26 T/R,Electrical Components,OTS,ATLN,MAIN,FALSE,Sienna Corporation,33000,0,0.285,9405,0,1,Unrestricted,33000
08-04-2026,CM: Sienna GA,10-004974 REV-01,10-004974,Hi Side Single 5.5V 0.4A to 4A 6-Pin TSOT-26 T/R,Electrical Components,OTS,ATLN,RIQC,FALSE,Sienna Corporation,42000,0,0.285,11970,0,1,Unrestricted,42000
08-04-2026,CM: Sienna GA,10-004974 REV-01,10-004974,Hi Side Single 5.5V 0.4A to 4A 6-Pin TSOT-26 T/R,Electrical Components,OTS,ATLN,LINE,FALSE,Sienna Corporation,7931,0,0.285,2260.335,0,1,Unrestricted,7931
08-04-2026,CM: Sienna GA,10-004984 REV-01,10-004984,"SCREW, PLASTIC-THREADING, M4, STEEL",Part,OTS,ATLN,RIQC,FALSE,Sienna Corporation,10500,0,0.052,546,0,1,Unrestricted,10500
08-04-2026,CM: Sienna GA,10-004984 REV-01,10-004984,"SCREW, PLASTIC-THREADING, M4, STEEL",Part,OTS,ATLN,LINE,FALSE,Sienna Corporation,1059,0,0.052,55.068,0,1,Unrestricted,1059
08-04-2026,CM: Sienna GA,10-004985 REV-01,10-004985,Res Wirewound 18 Ohm 5% 2W ±200ppm/°C J-Lead SMD T/R,Electrical Components,OTS,ATLN,MAIN,FALSE,Sienna Corporation,2000,0,0.71,1420,0,1,Unrestricted,2000
08-04-2026,CM: Sienna GA,10-004985 REV-01,10-004985,Res Wirewound 18 Ohm 5% 2W ±200ppm/°C J-Lead SMD T/R,Electrical Components,OTS,ATLN,LINE,FALSE,Sienna Corporation,396,0,0.71,281.16,0,1,Unrestricted,396
08-04-2026,CM: Sienna GA,10-004990 REV-01,10-004990,Diode Schottky 40V 0.12A 2-Pin SOD-323 T/R,Electrical Components,OTS,ATLN,MAIN,FALSE,Sienna Corporation,3000,0,0.018,54,0,1,Unrestricted,3000
08-04-2026,CM: Qualitel WA,814L-10-004990,10-004990,Diode Schottky 40V 0.12A 2-Pin SOD-323 T/R,Electrical Components,OTS,"Seattle, WA",Stock,FALSE,Qualitel,13883,0,0.018,249.894,0,0,Unrestricted,13883
08-04-2026,CM: Sienna GA,10-004990 REV-01,10-004990,Diode Schottky 40V 0.12A 2-Pin SOD-323 T/R,Electrical Components,OTS,ATLN,LINE,FALSE,Sienna Corporation,3309,0,0.018,59.562,0,1,Unrestricted,3309
08-04-2026,CM: Sienna GA,10-004992 REV-02,10-004992,"Enclosure, Plastic, Wiring Compartment, Inverter, D1",Part,MTS,ATLN,RQB7,FALSE,Sienna Corporation,60,0,22.5,1350,0,2,Unrestricted,60
08-04-2026,CM: Sienna GA,10-004992 REV-02,10-004992,"Enclosure, Plastic, Wiring Compartment, Inverter, D1",Part,MTS,ATLN,RR88,FALSE,Sienna Corporation,6,0,22.5,135,0,2,Unrestricted,6
08-04-2026,CM: Sienna GA,10-004992 REV-02,10-004992,"Enclosure, Plastic, Wiring Compartment, Inverter, D1",Part,MTS,ATLN,MRB,FALSE,Sienna Corporation,0,3,22.5,0,67.5,2,Restricted,0
08-04-2026,CM: Sienna GA,10-004992 REV-02,10-004992,"Enclosure, Plastic, Wiring Compartment, Inverter, D1",Part,MTS,ATLN,RPB8,FALSE,Sienna Corporation,50,0,22.5,1125,0,2,Unrestricted,50
08-04-2026,CM: Sienna GA,10-004992 REV-02,10-004992,"Enclosure, Plastic, Wiring Compartment, Inverter, D1",Part,MTS,ATLN,RR72,FALSE,Sienna Corporation,60,0,22.5,1350,0,2,Unrestricted,60
08-04-2026,CM: Sienna GA,10-004992 REV-02,10-004992,"Enclosure, Plastic, Wiring Compartment, Inverter, D1",Part,MTS,ATLN,RH47,FALSE,Sienna Corporation,60,0,22.5,1350,0,2,Unrestricted,60
08-04-2026,CM: Sienna GA,10-004992 REV-02,10-004992,"Enclosure, Plastic, Wiring Compartment, Inverter, D1",Part,MTS,ATLN,RQA7,FALSE,Sienna Corporation,60,0,22.5,1350,0,2,Unrestricted,60
08-04-2026,CM: Sienna GA,10-004992 REV-02,10-004992,"Enclosure, Plastic, Wiring Compartment, Inverter, D1",Part,MTS,ATLN,RS87,FALSE,Sienna Corporation,60,0,22.5,1350,0,2,Unrestricted,60
08-04-2026,CM: Sienna GA,10-004992 REV-02,10-004992,"Enclosure, Plastic, Wiring Compartment, Inverter, D1",Part,MTS,ATLN,LPAC,FALSE,Sienna Corporation,3,0,22.5,67.5,0,2,Unrestricted,3
08-04-2026,CM: Sienna GA,10-004992 REV-02,10-004992,"Enclosure, Plastic, Wiring Compartment, Inverter, D1",Part,MTS,ATLN,RR57,FALSE,Sienna Corporation,60,0,22.5,1350,0,2,Unrestricted,60
08-04-2026,CM: Sienna GA,10-004992 REV-02,10-004992,"Enclosure, Plastic, Wiring Compartment, Inverter, D1",Part,MTS,ATLN,RI48,FALSE,Sienna Corporation,60,0,22.5,1350,0,2,Unrestricted,60
08-04-2026,CM: Sienna GA,10-004992 REV-02,10-004992,"Enclosure, Plastic, Wiring Compartment, Inverter, D1",Part,MTS,ATLN,RH48,FALSE,Sienna Corporation,60,0,22.5,1350,0,2,Unrestricted,60
08-04-2026,CM: Sienna GA,10-004992 REV-02,10-004992,"Enclosure, Plastic, Wiring Compartment, Inverter, D1",Part,MTS,ATLN,RR71,FALSE,Sienna Corporation,60,0,22.5,1350,0,2,Unrestricted,60
08-04-2026,CM: Sienna GA,10-004992 REV-02,10-004992,"Enclosure, Plastic, Wiring Compartment, Inverter, D1",Part,MTS,ATLN,RR58,FALSE,Sienna Corporation,60,0,22.5,1350,0,2,Unrestricted,60
08-04-2026,CM: Sienna GA,10-004992 REV-02,10-004992,"Enclosure, Plastic, Wiring Compartment, Inverter, D1",Part,MTS,ATLN,RPA8,FALSE,Sienna Corporation,60,0,22.5,1350,0,2,Unrestricted,60
08-04-2026,CM: Sienna GA,10-004992 REV-02,10-004992,"Enclosure, Plastic, Wiring Compartment, Inverter, D1",Part,MTS,ATLN,RI37,FALSE,Sienna Corporation,60,0,22.5,1350,0,2,Unrestricted,60
08-04-2026,CM: Sienna GA,10-004992 REV-02,10-004992,"Enclosure, Plastic, Wiring Compartment, Inverter, D1",Part,MTS,ATLN,RIQC,FALSE,Sienna Corporation,46,0,22.5,1035,0,2,Unrestricted,46
08-04-2026,CM: Sienna GA,10-004992 REV-02,10-004992,"Enclosure, Plastic, Wiring Compartment, Inverter, D1",Part,MTS,ATLN,RH38,FALSE,Sienna Corporation,60,0,22.5,1350,0,2,Unrestricted,60
08-04-2026,CM: Sienna GA,10-004992 REV-02,10-004992,"Enclosure, Plastic, Wiring Compartment, Inverter, D1",Part,MTS,ATLN,RP27,FALSE,Sienna Corporation,60,0,22.5,1350,0,2,Unrestricted,60
08-04-2026,CM: Sienna GA,10-004992 REV-02,10-004992,"Enclosure, Plastic, Wiring Compartment, Inverter, D1",Part,MTS,ATLN,HRAC,FALSE,Sienna Corporation,363,0,22.5,8167.5,0,2,Unrestricted,363
08-04-2026,CM: Sienna GA,10-004992 REV-02,10-004992,"Enclosure, Plastic, Wiring Compartment, Inverter, D1",Part,MTS,ATLN,RI58,FALSE,Sienna Corporation,60,0,22.5,1350,0,2,Unrestricted,60
08-04-2026,CM: Sienna GA,10-004992 REV-02,10-004992,"Enclosure, Plastic, Wiring Compartment, Inverter, D1",Part,MTS,ATLN,RR68,FALSE,Sienna Corporation,8,0,22.5,180,0,2,Unrestricted,8
08-04-2026,CM: Sienna GA,10-004992 REV-02,10-004992,"Enclosure, Plastic, Wiring Compartment, Inverter, D1",Part,MTS,ATLN,RQ58,FALSE,Sienna Corporation,60,0,22.5,1350,0,2,Unrestricted,60
08-04-2026,CM: Sienna GA,10-004992 REV-02,10-004992,"Enclosure, Plastic, Wiring Compartment, Inverter, D1",Part,MTS,ATLN,RS57,FALSE,Sienna Corporation,60,0,22.5,1350,0,2,Unrestricted,60
08-04-2026,CM: Sienna GA,10-004992 REV-02,10-004992,"Enclosure, Plastic, Wiring Compartment, Inverter, D1",Part,MTS,ATLN,RH17,FALSE,Sienna Corporation,60,0,22.5,1350,0,2,Unrestricted,60
08-04-2026,CM: Sienna GA,10-004992 REV-02,10-004992,"Enclosure, Plastic, Wiring Compartment, Inverter, D1",Part,MTS,ATLN,RP28,FALSE,Sienna Corporation,60,0,22.5,1350,0,2,Unrestricted,60
08-04-2026,CM: Sienna GA,10-004992 REV-02,10-004992,"Enclosure, Plastic, Wiring Compartment, Inverter, D1",Part,MTS,ATLN,RP57,FALSE,Sienna Corporation,60,0,22.5,1350,0,2,Unrestricted,60
08-04-2026,CM: Sienna GA,10-004992 REV-02,10-004992,"Enclosure, Plastic, Wiring Compartment, Inverter, D1",Part,MTS,ATLN,RS48,FALSE,Sienna Corporation,60,0,22.5,1350,0,2,Unrestricted,60
08-04-2026,CM: Sienna GA,10-004992 REV-02,10-004992,"Enclosure, Plastic, Wiring Compartment, Inverter, D1",Part,MTS,ATLN,RPA3,FALSE,Sienna Corporation,40,0,22.5,900,0,2,Unrestricted,40
08-04-2026,CM: Sienna GA,10-004992 REV-02,10-004992,"Enclosure, Plastic, Wiring Compartment, Inverter, D1",Part,MTS,ATLN,RR61,FALSE,Sienna Corporation,60,0,22.5,1350,0,2,Unrestricted,60
08-04-2026,CM: Sienna GA,10-004992 REV-02,10-004992,"Enclosure, Plastic, Wiring Compartment, Inverter, D1",Part,MTS,ATLN,RQ88,FALSE,Sienna Corporation,60,0,22.5,1350,0,2,Unrestricted,60
08-04-2026,CM: Sienna GA,10-004992 REV-02,10-004992,"Enclosure, Plastic, Wiring Compartment, Inverter, D1",Part,MTS,ATLN,RS97,FALSE,Sienna Corporation,60,0,22.5,1350,0,2,Unrestricted,60
08-04-2026,CM: Sienna GA,10-004992 REV-02,10-004992,"Enclosure, Plastic, Wiring Compartment, Inverter, D1",Part,MTS,ATLN,RI38,FALSE,Sienna Corporation,60,0,22.5,1350,0,2,Unrestricted,60
08-04-2026,CM: Sienna GA,10-004992 REV-02,10-004992,"Enclosure, Plastic, Wiring Compartment, Inverter, D1",Part,MTS,ATLN,RQ67,FALSE,Sienna Corporation,60,0,22.5,1350,0,2,Unrestricted,60
08-04-2026,CM: Sienna GA,10-004992 REV-02,10-004992,"Enclosure, Plastic, Wiring Compartment, Inverter, D1",Part,MTS,ATLN,RP38,FALSE,Sienna Corporation,60,0,22.5,1350,0,2,Unrestricted,60
08-04-2026,CM: Sienna GA,10-004992 REV-02,10-004992,"Enclosure, Plastic, Wiring Compartment, Inverter, D1",Part,MTS,ATLN,RQ97,FALSE,Sienna Corporation,60,0,22.5,1350,0,2,Unrestricted,60
08-04-2026,CM: Sienna GA,10-004995 REV-03,10-004995,"Ground Sheet, Wiring Compartment, Inverter, D",Part,MTS,ATLN,LINE,FALSE,Sienna Corporation,246,0,15.3,3763.8,0,3,Unrestricted,246
08-04-2026,CM: Sienna GA,10-004995 REV-03,10-004995,"Ground Sheet, Wiring Compartment, Inverter, D",Part,MTS,ATLN,MRB,FALSE,Sienna Corporation,0,2,15.3,0,30.6,3,Restricted,0
08-04-2026,CM: Sienna GA,10-004995 REV-03,10-004995,"Ground Sheet, Wiring Compartment, Inverter, D",Part,MTS,ATLN,LPAC,FALSE,Sienna Corporation,7,0,15.3,107.1,0,3,Unrestricted,7
08-04-2026,CM: Sienna GA,10-005002 REV-01,10-005002,"CLOCK OSCILLATOR,2.0X1.6X0.8MM S",Electrical Components,OTS,ATLN,LINE,FALSE,Sienna Corporation,1558,0,0.842,1311.836,0,1,Unrestricted,1558
08-04-2026,CM: Qualitel WA,814L-10-005002,10-005002,"CLOCK OSCILLATOR,2.0X1.6X0.8MM S",Electrical Components,OTS,"Seattle, WA",Stock,FALSE,Qualitel,5224,0,0.5,2612,0,0,Unrestricted,5224
08-04-2026,CM: Sienna GA,10-005002 REV-01,10-005002,"CLOCK OSCILLATOR,2.0X1.6X0.8MM S",Electrical Components,OTS,ATLN,MAIN,FALSE,Sienna Corporation,4500,0,0.842,3789,0,1,Unrestricted,4500
08-04-2026,CM: Sienna GA,10-005003 REV-01,10-005003,DIODE GEN PURP 1.2KV 2A SMB,Electrical Components,OTS,ATLN,LINE,FALSE,Sienna Corporation,3020,0,0.1,302,0,1,Unrestricted,3020
08-04-2026,CM: Qualitel WA,814L-10-005003,10-005003,DIODE GEN PURP 1.2KV 2A SMB,Electrical Components,OTS,"Seattle, WA",Stock,FALSE,Qualitel,22328,0,0.0759,1694.6952,0,0,Unrestricted,22328
08-04-2026,CM: Sienna GA,10-005003 REV-01,10-005003,DIODE GEN PURP 1.2KV 2A SMB,Electrical Components,OTS,ATLN,MAIN,FALSE,Sienna Corporation,24750,0,0.1,2475,0,1,Unrestricted,24750
08-04-2026,CM: Sienna GA,10-005004 REV-01,10-005004,RES SMD 7.5 OHM 5% 3W 5322,Electrical Components,OTS,ATLN,MAIN,FALSE,Sienna Corporation,7197,0,0.7116,5121.3852,0,1,Unrestricted,7197
08-04-2026,CM: Sienna GA,10-005004 REV-01,10-005004,RES SMD 7.5 OHM 5% 3W 5322,Electrical Components,OTS,ATLN,LINE,FALSE,Sienna Corporation,2499,0,0.7116,1778.2884,0,1,Unrestricted,2499
08-04-2026,CM: Sienna GA,10-005004 REV-01,10-005004,RES SMD 7.5 OHM 5% 3W 5322,Electrical Components,OTS,ATLN,LPAC,FALSE,Sienna Corporation,1803,0,0.7116,1283.0148,0,1,Unrestricted,1803
08-04-2026,CM: Qualitel WA,814L-10-005004,10-005004,RES SMD 7.5 OHM 5% 3W 5322,Electrical Components,OTS,"Seattle, WA",Stock,FALSE,Qualitel,13113,0,0.0906,1188.0378,0,0,Unrestricted,13113
08-04-2026,Lunar Netsuite,10-005004,10-005004,RES SMD 7.5 OHM 5% 3W 5322,Electrical Components,OTS,CA - Ravendale,NS,FALSE,Lunar Energy,350,0,0.63,220.5,0,0,Unrestricted,350
08-04-2026,CM: Qualitel WA,814L-10-005005,10-005005,TVS DIODE 18VWM 29.2VC DO214AB,Electrical Components,OTS,"Seattle, WA",Stock,FALSE,Qualitel,22005,0,0.346,7613.73,0,0,Unrestricted,22005
08-04-2026,CM: Sienna GA,10-005005 REV-01,10-005005,TVS DIODE 18VWM 29.2VC DO214AB,Electrical Components,OTS,ATLN,RIQC,FALSE,Sienna Corporation,9000,0,0.45,4050,0,1,Unrestricted,9000
08-04-2026,CM: Sienna GA,10-005005 REV-01,10-005005,TVS DIODE 18VWM 29.2VC DO214AB,Electrical Components,OTS,ATLN,LINE,FALSE,Sienna Corporation,2624,0,0.45,1180.8,0,1,Unrestricted,2624
08-04-2026,CM: Sienna GA,10-005005 REV-01,10-005005,TVS DIODE 18VWM 29.2VC DO214AB,Electrical Components,OTS,ATLN,MAIN,FALSE,Sienna Corporation,12000,0,0.45,5400,0,1,Unrestricted,12000
08-04-2026,CM: Sienna GA,10-005008 REV-01,10-005008,Inductor Power Shielded Wirewound 1000uH 20% 100KHz Ferrite 0.72A 1.4Ohm DCR T/R,Electrical Components,OTS,ATLN,MAIN,FALSE,Sienna Corporation,828,0,0.01,8.28,0,1,Unrestricted,828
08-04-2026,CM: Sienna GA,10-005009 REV-01,10-005009,RES 59K OHM 1% 1/10W 0603 AEC-Q,Electrical Components,OTS,ATLN,LINE,FALSE,Sienna Corporation,5218,0,0.0018,9.3924,0,1,Unrestricted,5218
08-04-2026,CM: Sienna GA,10-005009 REV-01,10-005009,RES 59K OHM 1% 1/10W 0603 AEC-Q,Electrical Components,OTS,ATLN,MAIN,FALSE,Sienna Corporation,5000,0,0.0018,9,0,1,Unrestricted,5000
08-04-2026,CM: Qualitel WA,814L-10-005012,10-005012,Res Thin Film 1206 5.1 Ohm 0.5% 0.25W(1/4W) ±25ppm/°C Pad SMD T/R,Electrical Components,OTS,"Seattle, WA",Stock,FALSE,Qualitel,22254,0,0.0346,769.9884,0,0,Unrestricted,22254
08-04-2026,CM: Sienna GA,10-005012 REV-01,10-005012,Res Thin Film 1206 5.1 Ohm 0.5% 0.25W(1/4W) ±25ppm/°C Pad SMD T/R,Electrical Components,OTS,ATLN,MAIN,FALSE,Sienna Corporation,10000,0,0.0705,705,0,1,Unrestricted,10000
08-04-2026,CM: Sienna GA,10-005012 REV-01,10-005012,Res Thin Film 1206 5.1 Ohm 0.5% 0.25W(1/4W) ±25ppm/°C Pad SMD T/R,Electrical Components,OTS,ATLN,LINE,FALSE,Sienna Corporation,21721,0,0.0705,1531.3305,0,1,Unrestricted,21721
08-04-2026,CM: Sienna GA,10-005014 REV-01,10-005014,RES SMD 59K OHM 1% 1/10W 0603,Electrical Components,OTS,ATLN,LINE,FALSE,Sienna Corporation,5746,0,0.0041,23.5586,0,1,Unrestricted,5746
08-04-2026,CM: Qualitel WA,814L-10-005014,10-005014,RES SMD 59K OHM 1% 1/10W 0603,Electrical Components,OTS,"Seattle, WA",Stock,FALSE,Qualitel,9539,0,0.0012,11.4468,0,0,Unrestricted,9539
08-04-2026,CM: Sienna GA,10-005018 REV-01,10-005018,RES 3.3M OHM 5% 1/10W 0603,Electrical Components,OTS,ATLN,LINE,FALSE,Sienna Corporation,15433,0,0.0042,64.8186,0,1,Unrestricted,15433
08-04-2026,CM: Qualitel WA,814L-10-005018,10-005018,RES 3.3M OHM 5% 1/10W 0603,Electrical Components,OTS,"Seattle, WA",Stock,FALSE,Qualitel,28610,0,0.001,28.61,0,0,Unrestricted,28610
08-04-2026,CM: Qualitel WA,814L-10-005019,10-005019,Res Thick Film 0603 4.7K Ohm 1% 0.1W(1/10W) ±100ppm/°C Pad SMD T/R,Electrical Components,OTS,"Seattle, WA",Stock,FALSE,Qualitel,18614,0,0.0008,14.8912,0,0,Unrestricted,18614
08-04-2026,CM: Sienna GA,10-005019 REV-01,10-005019,Res Thick Film 0603 4.7K Ohm 1% 0.1W(1/10W) ±100ppm/°C Pad SMD T/R,Electrical Components,OTS,ATLN,LINE,FALSE,Sienna Corporation,20454,0,0.0032,65.4528,0,1,Unrestricted,20454
08-04-2026,CM: Sienna GA,10-005022 REV-01,10-005022,Res Thick Film 0603 22K Ohm 5% 0.1W(1/10W) ±100ppm/°C Pad SMD T/R,Electrical Components,OTS,ATLN,MAIN,FALSE,Sienna Corporation,15000,0,0.0034,51,0,1,Unrestricted,15000
08-04-2026,CM: Sienna GA,10-005022 REV-01,10-005022,Res Thick Film 0603 22K Ohm 5% 0.1W(1/10W) ±100ppm/°C Pad SMD T/R,Electrical Components,OTS,ATLN,LINE,FALSE,Sienna Corporation,4346,0,0.0034,14.7764,0,1,Unrestricted,4346
08-04-2026,Lunar Netsuite,10-005025,10-005025,"Inverter, D",Part,MTS,JIT - Reno,NS,FALSE,Lunar Energy,13,0,0,0,0,0,Unrestricted,8
08-04-2026,Lunar Netsuite,10-005025,10-005025,"Inverter, D",Part,MTS,CA - Ravendale,NS,FALSE,Lunar Energy,20,0,0,0,0,0,Unrestricted,1
08-04-2026,Lunar Netsuite,10-005025,10-005025,"Inverter, D",Part,MTS,Ravendale - Alpha/Beta,NS,FALSE,Lunar Energy,1,0,0,0,0,0,Unrestricted,1
08-04-2026,CM: Sienna GA,10-005026 REV-07,10-005026,"ESS Cover, Conduit Cover and Bug Barrier Packaging Assembly",Part,MTS,ATLN,RP98,FALSE,Sienna Corporation,192,0,21.89,4202.88,0,7,Unrestricted,192
08-04-2026,CM: Sienna GA,10-005026 REV-07,10-005026,"ESS Cover, Conduit Cover and Bug Barrier Packaging Assembly",Part,MTS,ATLN,RQB1,FALSE,Sienna Corporation,192,0,21.89,4202.88,0,7,Unrestricted,192
08-04-2026,CM: Sienna GA,10-005026 REV-07,10-005026,"ESS Cover, Conduit Cover and Bug Barrier Packaging Assembly",Part,MTS,ATLN,RR88,FALSE,Sienna Corporation,192,0,21.89,4202.88,0,7,Unrestricted,192
08-04-2026,CM: Sienna GA,10-005026 REV-07,10-005026,"ESS Cover, Conduit Cover and Bug Barrier Packaging Assembly",Part,MTS,ATLN,RR77,FALSE,Sienna Corporation,88,0,21.89,1926.32,0,7,Unrestricted,88
08-04-2026,CM: Sienna GA,10-005026 REV-07,10-005026,"ESS Cover, Conduit Cover and Bug Barrier Packaging Assembly",Part,MTS,ATLN,RP71,FALSE,Sienna Corporation,2,0,21.89,43.78,0,7,Unrestricted,2
08-04-2026,CM: Sienna GA,10-005026 REV-07,10-005026,"ESS Cover, Conduit Cover and Bug Barrier Packaging Assembly",Part,MTS,ATLN,RQA7,FALSE,Sienna Corporation,192,0,21.89,4202.88,0,7,Unrestricted,192
08-04-2026,CM: Sienna GA,10-005026 REV-07,10-005026,"ESS Cover, Conduit Cover and Bug Barrier Packaging Assembly",Part,MTS,ATLN,RPA8,FALSE,Sienna Corporation,192,0,21.89,4202.88,0,7,Unrestricted,192
08-04-2026,CM: Sienna GA,10-005026 REV-07,10-005026,"ESS Cover, Conduit Cover and Bug Barrier Packaging Assembly",Part,MTS,ATLN,RRA1,FALSE,Sienna Corporation,3,0,21.89,65.67,0,7,Unrestricted,3
08-04-2026,Lunar Netsuite,10-005026,10-005026,"ESS Cover, Conduit Cover and Bug Barrier Packaging Assembly",Part,MTS,JIT - Reno,NS,FALSE,Lunar Energy,7,0,24.1286,168.9002,0,0,Unrestricted,7
08-04-2026,CM: Sienna GA,10-005027 REV-04,10-005027,"Filter Board Base, Die Cast, Inverter, D",Part,MTS,ATLN,RS56,FALSE,Sienna Corporation,10,0,24.2,242,0,4,Unrestricted,10
08-04-2026,CM: Sienna GA,10-005027 REV-04,10-005027,"Filter Board Base, Die Cast, Inverter, D",Part,MTS,ATLN,RPB7,FALSE,Sienna Corporation,160,0,24.2,3872,0,4,Unrestricted,160
08-04-2026,CM: Sienna GA,10-005027 REV-04,10-005027,"Filter Board Base, Die Cast, Inverter, D",Part,MTS,ATLN,LINE,FALSE,Sienna Corporation,114,0,24.2,2758.8,0,4,Unrestricted,114
08-04-2026,CM: Sienna GA,10-005027 REV-04,10-005027,"Filter Board Base, Die Cast, Inverter, D",Part,MTS,ATLN,RS66,FALSE,Sienna Corporation,160,0,24.2,3872,0,4,Unrestricted,160
08-04-2026,CM: Sienna GA,10-005027 REV-04,10-005027,"Filter Board Base, Die Cast, Inverter, D",Part,MTS,ATLN,RIQC,FALSE,Sienna Corporation,6,0,24.2,145.2,0,4,Unrestricted,6
08-04-2026,CM: Sienna GA,10-005027 REV-04,10-005027,"Filter Board Base, Die Cast, Inverter, D",Part,MTS,ATLN,INRE,FALSE,Sienna Corporation,42,0,24.2,1016.4,0,4,Unrestricted,42
08-04-2026,CM: Sienna GA,10-005027 REV-04,10-005027,"Filter Board Base, Die Cast, Inverter, D",Part,MTS,ATLN,RR86,FALSE,Sienna Corporation,160,0,24.2,3872,0,4,Unrestricted,160
08-04-2026,CM: Sienna GA,10-005027 REV-04,10-005027,"Filter Board Base, Die Cast, Inverter, D",Part,MTS,ATLN,MRB,FALSE,Sienna Corporation,0,2,24.2,0,48.4,4,Restricted,0
08-04-2026,CM: Sienna GA,10-005027 REV-04,10-005027,"Filter Board Base, Die Cast, Inverter, D",Part,MTS,ATLN,RQ68,FALSE,Sienna Corporation,28,0,24.2,677.6,0,4,Unrestricted,28
08-04-2026,CM: Sienna GA,10-005027 REV-04,10-005027,"Filter Board Base, Die Cast, Inverter, D",Part,MTS,ATLN,RQ58,FALSE,Sienna Corporation,7,0,24.2,169.4,0,4,Unrestricted,7
08-04-2026,CM: Sienna GA,10-005027 REV-04,10-005027,"Filter Board Base, Die Cast, Inverter, D",Part,MTS,ATLN,RPA5,FALSE,Sienna Corporation,1,0,24.2,24.2,0,4,Unrestricted,1
08-04-2026,CM: Sienna GA,10-005027 REV-04,10-005027,"Filter Board Base, Die Cast, Inverter, D",Part,MTS,ATLN,RP63,FALSE,Sienna Corporation,160,0,24.2,3872,0,4,Unrestricted,160
08-04-2026,Lunar Netsuite,10-00502C,10-00502C,"Asy, Inverter, 9.6kW",Assembly,MTS,JIT - Reno,NS,FALSE,Lunar Energy,64,0,0,0,0,0,Unrestricted,9
08-04-2026,Lunar Netsuite,10-00502C,10-00502C,"Asy, Inverter, 9.6kW",Assembly,MTS,CA - Ravendale,NS,FALSE,Lunar Energy,51,0,0,0,0,0,Unrestricted,0
08-04-2026,CM: Sienna GA,10-005031 REV-01,10-005031,Cap Ceramic 100pF 50V C0G 1% Pad SMD 0603 125°C Medical T/R,Electrical Components,OTS,ATLN,LPAC,FALSE,Sienna Corporation,2554,0,0.208,531.232,0,1,Unrestricted,2554
08-04-2026,CM: Sienna GA,10-005031 REV-01,10-005031,Cap Ceramic 100pF 50V C0G 1% Pad SMD 0603 125°C Medical T/R,Electrical Components,OTS,ATLN,LINE,FALSE,Sienna Corporation,19677,0,0.208,4092.816,0,1,Unrestricted,19677
08-04-2026,CM: Sienna GA,10-005031 REV-01,10-005031,Cap Ceramic 100pF 50V C0G 1% Pad SMD 0603 125°C Medical T/R,Electrical Components,OTS,ATLN,MAIN,FALSE,Sienna Corporation,148000,0,0.208,30784,0,1,Unrestricted,148000
08-04-2026,CM: Sienna GA,10-005035 REV-01,10-005035,DIGITAL TRANSFORMER,Electrical Components,OTS,ATLN,LINE,FALSE,Sienna Corporation,1361,0,0.71,966.31,0,1,Unrestricted,1361
08-04-2026,CM: Qualitel WA,814L-10-005035,10-005035,DIGITAL TRANSFORMER,Electrical Components,OTS,"Seattle, WA",Stock,FALSE,Qualitel,8070,0,0.71,5729.7,0,0,Unrestricted,8070
08-04-2026,CM: Sienna GA,10-005035 REV-01,10-005035,DIGITAL TRANSFORMER,Electrical Components,OTS,ATLN,RH61,FALSE,Sienna Corporation,4229,0,0.71,3002.59,0,1,Unrestricted,4229
08-04-2026,CM: Sienna GA,10-005037 REV-06,10-005037,"Enclosure, Power Module, Inverter, D",Part,MTS,ATLN,RS74,FALSE,Sienna Corporation,80,0,0,0,0,6,Unrestricted,80
08-04-2026,CM: Sienna GA,10-005037 REV-06,10-005037,"Enclosure, Power Module, Inverter, D",Part,MTS,ATLN,RQA6,FALSE,Sienna Corporation,2,0,0,0,0,6,Unrestricted,2
08-04-2026,CM: Sienna GA,10-005037 REV-06,10-005037,"Enclosure, Power Module, Inverter, D",Part,MTS,ATLN,RRA3,FALSE,Sienna Corporation,80,0,0,0,0,6,Unrestricted,80
08-04-2026,CM: Sienna GA,10-005037 REV-06,10-005037,"Enclosure, Power Module, Inverter, D",Part,MTS,ATLN,RS63,FALSE,Sienna Corporation,80,0,0,0,0,6,Unrestricted,80
08-04-2026,CM: Sienna GA,10-005037 REV-06,10-005037,"Enclosure, Power Module, Inverter, D",Part,MTS,ATLN,RR94,FALSE,Sienna Corporation,80,0,0,0,0,6,Unrestricted,80
08-04-2026,CM: Sienna GA,10-005037 REV-06,10-005037,"Enclosure, Power Module, Inverter, D",Part,MTS,ATLN,RSA8,FALSE,Sienna Corporation,80,0,0,0,0,6,Unrestricted,80
08-04-2026,CM: Sienna GA,10-005037 REV-06,10-005037,"Enclosure, Power Module, Inverter, D",Part,MTS,ATLN,RR56,FALSE,Sienna Corporation,80,0,0,0,0,6,Unrestricted,80
08-04-2026,CM: Sienna GA,10-005037 REV-06,10-005037,"Enclosure, Power Module, Inverter, D",Part,MTS,ATLN,RR73,FALSE,Sienna Corporation,80,0,0,0,0,6,Unrestricted,80
08-04-2026,CM: Sienna GA,10-005037 REV-06,10-005037,"Enclosure, Power Module, Inverter, D",Part,MTS,ATLN,RR53,FALSE,Sienna Corporation,40,0,0,0,0,6,Unrestricted,40
08-04-2026,CM: Sienna GA,10-005037 REV-06,10-005037,"Enclosure, Power Module, Inverter, D",Part,MTS,ATLN,RR55,FALSE,Sienna Corporation,80,0,0,0,0,6,Unrestricted,80
08-04-2026,CM: Sienna GA,10-005037 REV-06,10-005037,"Enclosure, Power Module, Inverter, D",Part,MTS,ATLN,RR84,FALSE,Sienna Corporation,80,0,0,0,0,6,Unrestricted,80
08-04-2026,CM: Sienna GA,10-005037 REV-06,10-005037,"Enclosure, Power Module, Inverter, D",Part,MTS,ATLN,RQB5,FALSE,Sienna Corporation,4,0,0,0,0,6,Unrestricted,4
08-04-2026,CM: Sienna GA,10-005037 REV-04,10-005037,"Enclosure, Power Module, Inverter, D",Part,MTS,ATLN,PDRW,FALSE,Sienna Corporation,25,0,36.7,917.5,0,4,Unrestricted,25
08-04-2026,CM: Sienna GA,10-005037 REV-06,10-005037,"Enclosure, Power Module, Inverter, D",Part,MTS,ATLN,RRA4,FALSE,Sienna Corporation,80,0,0,0,0,6,Unrestricted,80
08-04-2026,CM: Sienna GA,10-005042 REV-01,10-005042,Res Thick Film 0603 340 Ohm 1% 0.1W(1/10W) ±100ppm/°C Pad SMD T/R,Electrical Components,OTS,ATLN,LINE,FALSE,Sienna Corporation,4421,0,0.003,13.263,0,1,Unrestricted,4421
08-04-2026,CM: Qualitel WA,814L-10-005043,10-005043,Cap Ceramic 5pF 50V C0G 0.25pF Pad SMD 0603 125°C Automotive AEC-Q200 T/R,Electrical Components,OTS,"Seattle, WA",Stock,FALSE,Qualitel,14585,0,0.0117,170.6445,0,0,Unrestricted,14585
08-04-2026,CM: Sienna GA,10-005043 REV-01,10-005043,Cap Ceramic 5pF 50V C0G 0.25pF Pad SMD 0603 125°C Automotive AEC-Q200 T/R,Electrical Components,OTS,ATLN,LINE,FALSE,Sienna Corporation,1566,0,0.0331,51.8346,0,1,Unrestricted,1566
08-04-2026,CM: Sienna GA,10-005043 REV-01,10-005043,Cap Ceramic 5pF 50V C0G 0.25pF Pad SMD 0603 125°C Automotive AEC-Q200 T/R,Electrical Components,OTS,ATLN,MAIN,FALSE,Sienna Corporation,16000,0,0.0331,529.6,0,1,Unrestricted,16000
08-04-2026,CM: Sienna GA,10-005044 REV-01,10-005044,FIXED IND 2.2UH 1.7A 60 MOHM SMD AEC-Q,Electrical Components,OTS,ATLN,LINE,FALSE,Sienna Corporation,1278,0,0.2241,286.3998,0,1,Unrestricted,1278
08-04-2026,CM: Sienna GA,10-005044 REV-01,10-005044,FIXED IND 2.2UH 1.7A 60 MOHM SMD AEC-Q,Electrical Components,OTS,ATLN,MAIN,FALSE,Sienna Corporation,12000,0,0.2241,2689.2,0,1,Unrestricted,12000
08-04-2026,CM: Qualitel WA,814L-10-005045,10-005045,Diode Switching 85V 0.155A 3-Pin SOT-523 T/R,Electrical Components,OTS,"Seattle, WA",Stock,FALSE,Qualitel,73672,0,0.017,1252.424,0,0,Unrestricted,73672
08-04-2026,CM: Sienna GA,10-005045 REV-01,10-005045,Diode Switching 85V 0.155A 3-Pin SOT-523 T/R,Electrical Components,OTS,ATLN,MAIN,FALSE,Sienna Corporation,60000,0,0.0599,3594,0,1,Unrestricted,60000
08-04-2026,CM: Sienna GA,10-005045 REV-01,10-005045,Diode Switching 85V 0.155A 3-Pin SOT-523 T/R,Electrical Components,OTS,ATLN,LINE,FALSE,Sienna Corporation,2597,0,0.0599,155.5603,0,1,Unrestricted,2597
08-04-2026,CM: Qualitel WA,814L-10-005072,10-005072,Diode Zener Single 20V 1% 250mW 3-Pin SOT-23 T/R,Electrical Components,OTS,"Seattle, WA",Stock,FALSE,Qualitel,22531,0,0.096,2162.976,0,0,Unrestricted,22531
08-04-2026,CM: Celestica MX,10-0050723MS,10-005072,Diode Zener Single 20V 1% 250mW 3-Pin SOT-23 T/R,Electrical Components,OTS,Monterrey Prod,1000,FALSE,Celestica,-2,0,0.0747,-0.1494,0,0,Unrestricted,-2
08-04-2026,CM: Qualitel WA,814L-10-005073,10-005073,CAP CER 10UF 10V X7R 0805,Electrical Components,OTS,"Seattle, WA",Stock,FALSE,Qualitel,15175,0,0.0621,942.3675,0,0,Unrestricted,15175
08-04-2026,CM: Celestica MX,10-0050733MS,10-005073,CAP CER 10UF 10V X7R 0805,Electrical Components,OTS,Monterrey Prod,1000,FALSE,Celestica,0,0,0.089,0,0,0,Unrestricted,0
08-04-2026,CM: Qualitel WA,814L-10-005074,10-005074,CAP CER 0.1UF 10V X7R 0603,Electrical Components,OTS,"Seattle, WA",Stock,FALSE,Qualitel,14903,0,0.0046,68.5538,0,0,Unrestricted,14903
08-04-2026,CM: Celestica MX,10-0050743MS,10-005074,CAP CER 0.1UF 10V X7R 0603,Electrical Components,OTS,Monterrey Prod,1000,FALSE,Celestica,-2,0,0.0216,-0.0432,0,0,Unrestricted,-2
08-04-2026,CM: Qualitel WA,814L-10-005075,10-005075,CAP CER 1UF 10V X7R 0603,Electrical Components,OTS,"Seattle, WA",Stock,FALSE,Qualitel,27076,0,0.0044,119.1344,0,0,Unrestricted,27076
08-04-2026,CM: Celestica MX,10-0050753MS,10-005075,CAP CER 1UF 10V X7R 0603,Electrical Components,OTS,Monterrey Prod,1000,FALSE,Celestica,-2,0,0.16,-0.32,0,0,Unrestricted,-2
08-04-2026,CM: Sienna GA,10-005077 REV-01,10-005077,CAP CER 1UF 50V X7R 0603,Electrical Components,OTS,ATLN,MAIN,FALSE,Sienna Corporation,8000,0,0.01,80,0,1,Unrestricted,8000
08-04-2026,CM: Qualitel WA,814L-10-005077,10-005077,CAP CER 1UF 50V X7R 0603,Electrical Components,OTS,"Seattle, WA",Stock,FALSE,Qualitel,69634,0,0.0147,1023.6198,0,0,Unrestricted,69634
08-04-2026,CM: Celestica MX,10-0050773MS,10-005077,CAP CER 1UF 50V X7R 0603,Electrical Components,OTS,Monterrey Prod,1000,FALSE,Celestica,5,0,0.057,0.285,0,0,Unrestricted,5
08-04-2026,CM: Sienna GA,10-005077 REV-01,10-005077,CAP CER 1UF 50V X7R 0603,Electrical Components,OTS,ATLN,LINE,FALSE,Sienna Corporation,3870,0,0.01,38.7,0,1,Unrestricted,3870
08-04-2026,Lunar Netsuite,10-005078,10-005078,DIODE SCHOTT 40V 750MA SOD323-2,Electrical Components,OTS,CA - Ravendale,NS,FALSE,Lunar Energy,360,0,0.0828,29.808,0,0,Unrestricted,360
08-04-2026,CM: Sienna GA,10-005080 REV-03,10-005080,"Breaker Hold-Down, Bridge",Part,MTS,ATLN,LPAC,FALSE,Sienna Corporation,267,0,1.6,427.2,0,3,Unrestricted,267
08-04-2026,CM: Sienna GA,10-005080 REV-03,10-005080,"Breaker Hold-Down, Bridge",Part,MTS,ATLN,RIQC,FALSE,Sienna Corporation,223,0,1.6,356.8,0,3,Unrestricted,223
08-04-2026,CM: Sienna GA,10-005080 REV-03,10-005080,"Breaker Hold-Down, Bridge",Part,MTS,ATLN,RH74,FALSE,Sienna Corporation,2280,0,1.6,3648,0,3,Unrestricted,2280
08-04-2026,Lunar Netsuite,10-005080,10-005080,"Breaker Hold-Down, Bridge",Part,MTS,JIT - Reno,NS,FALSE,Lunar Energy,1,0,0,0,0,0,Unrestricted,1
08-04-2026,CM: Sienna GA,10-005080 REV-03,10-005080,"Breaker Hold-Down, Bridge",Part,MTS,ATLN,MAIN,FALSE,Sienna Corporation,35,0,1.6,56,0,3,Unrestricted,35
08-04-2026,CM: Celestica MX,10-0050813MS,10-005081,"Shield, Trunk Harness Connector, Battery Block",Part,MTS,Monterrey Prod,1000,FALSE,Celestica,-23,0,2.25,-51.75,0,0,Unrestricted,-23
08-04-2026,CM: Qualitel WA,814L-10-005081,10-005081,"Shield, Trunk Harness Connector, Battery Block",Part,MTS,"Seattle, WA",Stock,FALSE,Qualitel,4704,0,1.99,9360.96,0,0,Unrestricted,4704
08-04-2026,CM: Sienna GA,10-005082 REV-03,10-005082,"Top Cover, Filter Board, Inverter",Part,MTS,ATLN,LINE,FALSE,Sienna Corporation,158,0,19.6,3096.8,0,3,Unrestricted,158
08-04-2026,CM: Sienna GA,10-005082 REV-03,10-005082,"Top Cover, Filter Board, Inverter",Part,MTS,ATLN,MRB,FALSE,Sienna Corporation,0,1,19.6,0,19.6,3,Restricted,0
08-04-2026,CM: Sienna GA,10-005082 REV-03,10-005082,"Top Cover, Filter Board, Inverter",Part,MTS,ATLN,RP47,FALSE,Sienna Corporation,320,0,19.6,6272,0,3,Unrestricted,320
08-04-2026,CM: Sienna GA,10-005082 REV-03,10-005082,"Top Cover, Filter Board, Inverter",Part,MTS,ATLN,RIQC,FALSE,Sienna Corporation,20,0,19.6,392,0,3,Unrestricted,20
08-04-2026,CM: Sienna GA,10-005082 REV-03,10-005082,"Top Cover, Filter Board, Inverter",Part,MTS,ATLN,RPA1,FALSE,Sienna Corporation,220,0,19.6,4312,0,3,Unrestricted,220
08-04-2026,CM: Sienna GA,10-005082 REV-03,10-005082,"Top Cover, Filter Board, Inverter",Part,MTS,ATLN,RQ48,FALSE,Sienna Corporation,320,0,19.6,6272,0,3,Unrestricted,320
08-04-2026,CM: Qualitel WA,814L-10-005099,10-005099,DC DC CONVERTER 12V 1W,Electrical Components,OTS,"Seattle, WA",Stock,FALSE,Qualitel,8275,0,1.9,15722.5,0,0,Unrestricted,8275
08-04-2026,CM: Celestica MX,10-0050993MS,10-005099,DC DC CONVERTER 12V 1W,Electrical Components,OTS,Monterrey Prod,1000,FALSE,Celestica,-2,0,1.95,-3.9,0,0,Unrestricted,-2
08-04-2026,CM: Sienna GA,10-005100 REV-01,10-005100,PTC RESET FUSE 400V 12MA 1210,Electrical Components,OTS,ATLN,LINE,FALSE,Sienna Corporation,657,0,0.638,419.166,0,1,Unrestricted,657
08-04-2026,CM: Sienna GA,10-005102 REV-1,10-005102,IC GATE DRVR HALF-BRIDGE 12DSBGA,Electrical Components,OTS,ATLN,MAIN,FALSE,Sienna Corporation,9,0,2.95,26.55,0,1,Unrestricted,9
08-04-2026,CM: Sienna GA,10-005103 REV-01,10-005103,IC Half Bridge GaN/MOSFET Driver,Electrical Components,OTS,ATLN,LINE,FALSE,Sienna Corporation,10317,0,0.42,4333.14,0,1,Unrestricted,10317
08-04-2026,CM: Sienna GA,10-005103 REV-01,10-005103,IC Half Bridge GaN/MOSFET Driver,Electrical Components,OTS,ATLN,MAIN,FALSE,Sienna Corporation,77400,0,0.42,32508,0,1,Unrestricted,77400
08-04-2026,CM: Sienna GA,10-005110 REV-01,10-005110,"Insulator Sheet, Filter Board Integrated PSA, D",Part,MTS,ATLN,LINE,FALSE,Sienna Corporation,1554,0,2.26,3512.04,0,1,Unrestricted,1554
08-04-2026,CM: Sienna GA,10-005110 REV-01,10-005110,"Insulator Sheet, Filter Board Integrated PSA, D",Part,MTS,ATLN,PAWH,FALSE,Sienna Corporation,650,0,2.26,1469,0,1,Unrestricted,650
08-04-2026,CM: Sienna GA,10-005110 REV-01,10-005110,"Insulator Sheet, Filter Board Integrated PSA, D",Part,MTS,ATLN,RT13,FALSE,Sienna Corporation,1331,0,2.26,3008.06,0,1,Unrestricted,1331
08-04-2026,CM: Sienna GA,10-005110 REV-01,10-005110,"Insulator Sheet, Filter Board Integrated PSA, D",Part,MTS,ATLN,RIQC,FALSE,Sienna Corporation,694,0,2.26,1568.44,0,1,Unrestricted,694
08-04-2026,Lunar Netsuite,10-005111,10-005111,FUSE CERM 50A 500VAC 500VDC RAD,Electrical Components,OTS,CA - Ravendale,NS,FALSE,Lunar Energy,500,0,5.12,2560,0,0,Unrestricted,500
08-04-2026,CM: Celestica MX,10-0051113MS,10-005111,FUSE CERM 50A 500VAC 500VDC RAD,Electrical Components,OTS,Monterrey Prod,1000,FALSE,Celestica,-9,0,6.56,-59.04,0,0,Unrestricted,-9
08-04-2026,CM: Qualitel WA,814L-10-005111,10-005111,FUSE CERM 50A 500VAC 500VDC RAD,Electrical Components,OTS,"Seattle, WA",PO Inspection,FALSE,Qualitel,0,50,4,0,200,0,Restricted,0
08-04-2026,Lunar Netsuite,10-005111,10-005111,FUSE CERM 50A 500VAC 500VDC RAD,Electrical Components,OTS,JIT - Reno,NS,FALSE,Lunar Energy,4312,0,6.3959,27579.1208,0,0,Unrestricted,0
08-04-2026,CM: Qualitel WA,814L-10-005111,10-005111,FUSE CERM 50A 500VAC 500VDC RAD,Electrical Components,OTS,"Seattle, WA",Stock,FALSE,Qualitel,6858,0,4,27432,0,0,Unrestricted,6858
08-04-2026,CM: Qualitel WA,814L-10-005111,10-005111,FUSE CERM 50A 500VAC 500VDC RAD,Electrical Components,OTS,"Seattle, WA",MRB,FALSE,Qualitel,0,50,4,0,200,0,Restricted,0
08-04-2026,CM: Celestica MX,10-0051123MS,10-005112,"Shroud with Inserts, Front",Part,MTS,Monterrey Prod,1000,FALSE,Celestica,-2,0,2.62,-5.24,0,0,Unrestricted,-2
08-04-2026,Lunar Netsuite,10-005112,10-005112,"Shroud with Inserts, Front",Part,MTS,CA - Ravendale,NS,FALSE,Lunar Energy,9,0,0,0,0,0,Unrestricted,9
08-04-2026,CM: Celestica MX,10-0051133MS,10-005113,"Shroud with Inserts, Rear",Part,MTS,Monterrey Prod,1000,FALSE,Celestica,-2,0,2.62,-5.24,0,0,Unrestricted,-2
08-04-2026,Lunar Netsuite,10-005113,10-005113,"Shroud with Inserts, Rear",Part,MTS,CA - Ravendale,NS,FALSE,Lunar Energy,9,0,0,0,0,0,Unrestricted,9
08-04-2026,Lunar Netsuite,10-005118,10-005118,"Maximizer, Potted Assembly, Type A",Part,MTS,CA - Ravendale,NS,FALSE,Lunar Energy,2,0,0,0,0,0,Unrestricted,2
08-04-2026,CM: Sienna GA,10-005121 REV-02,10-005121,"Wall Bracket Assembly, Inverter",Part,MTS,ATLN,WHS2,FALSE,Sienna Corporation,3,0,41,123,0,2,Unrestricted,3
08-04-2026,CM: Celestica MX,10-0051233MS,10-005123,IC COMPARATOR 1 GEN PUR 6UDFN,Electrical Components,OTS,Monterrey Prod,1000,FALSE,Celestica,784,0,0.1785,139.944,0,0,Unrestricted,784
08-04-2026,CM: Qualitel WA,814L-10-005123,10-005123,IC COMPARATOR 1 GEN PUR 6UDFN,Electrical Components,OTS,"Seattle, WA",Stock,FALSE,Qualitel,10865,0,0.117,1271.205,0,0,Unrestricted,10865
08-04-2026,CM: Qualitel WA,814L-10-005123,10-005123,IC COMPARATOR 1 GEN PUR 6UDFN,Electrical Components,OTS,"Seattle, WA",MRB,FALSE,Qualitel,0,75,0.117,0,8.775,0,Restricted,0
08-04-2026,CM: Qualitel WA,814L-10-005123,10-005123,IC COMPARATOR 1 GEN PUR 6UDFN,Electrical Components,OTS,"Seattle, WA",PO Inspection,FALSE,Qualitel,0,75,0.117,0,8.775,0,Restricted,0
08-04-2026,CM: Sienna GA,10-005124 REV-05,10-005124,"Screw,SEMS,M5x0.8,10mm,Bellevile washer,BHT T-25,Flange,Steel",Part,OTS,ATLN,RIQC,FALSE,Sienna Corporation,7361,0,0.103,758.183,0,5,Unrestricted,7361
08-04-2026,CM: Sienna GA,10-005124 REV-05,10-005124,"Screw,SEMS,M5x0.8,10mm,Bellevile washer,BHT T-25,Flange,Steel",Part,OTS,ATLN,LINE,FALSE,Sienna Corporation,2563,0,0.103,263.989,0,5,Unrestricted,2563
08-04-2026,CM: Sienna GA,10-005125 REV-02,10-005125,"Screw,M4x0.7 6gx12mm,BHT T15,Steel,Nylon Patch",Part,OTS,ATLN,LINE,FALSE,Sienna Corporation,299,0,0.055,16.445,0,2,Unrestricted,299
08-04-2026,CM: Sienna GA,10-005125 REV-03,10-005125,"Screw,M4x0.7 6gx12mm,BHT T15,Steel,Nylon Patch",Part,OTS,ATLN,LINE,FALSE,Sienna Corporation,12616,0,0.055,693.88,0,3,Unrestricted,12616
08-04-2026,CM: Sienna GA,10-005125 REV-03,10-005125,"Screw,M4x0.7 6gx12mm,BHT T15,Steel,Nylon Patch",Part,OTS,ATLN,RIQC,FALSE,Sienna Corporation,2500,0,0.055,137.5,0,3,Unrestricted,2500
08-04-2026,Lunar Netsuite,10-005134,10-005134,"Front Cover with Capacitors,Inverter, D",Part,MTS,JIT - Reno,NS,FALSE,Lunar Energy,5,0,132.21,661.05,0,0,Unrestricted,5
08-04-2026,Lunar Netsuite,10-005140,10-005140,"Terminal Board with Conformal Coat, Inverter, D",Part,MTS,CA - Ravendale,NS,FALSE,Lunar Energy,2,0,565.73,1131.46,0,0,Unrestricted,2
08-04-2026,CM: Sienna GA,10-005148 REV-01,10-005148,"O-Ring Seal, Inductor Housing 1 to HS, D",Part,MTS,ATLN,MAIN,FALSE,Sienna Corporation,200,0,3.7,740,0,1,Unrestricted,200
08-04-2026,CM: Sienna GA,10-005148 REV-01,10-005148,"O-Ring Seal, Inductor Housing 1 to HS, D",Part,MTS,ATLN,LINE,FALSE,Sienna Corporation,626,0,3.7,2316.2,0,1,Unrestricted,626
08-04-2026,CM: Sienna GA,10-005148 REV-01,10-005148,"O-Ring Seal, Inductor Housing 1 to HS, D",Part,MTS,ATLN,RIQC,FALSE,Sienna Corporation,1750,0,3.7,6475,0,1,Unrestricted,1750
08-04-2026,CM: Sienna GA,10-005149 REV-01,10-005149,"O-Ring Seal, Inductor Housing 2 to HS, D",Part,MTS,ATLN,RIQC,FALSE,Sienna Corporation,1750,0,3.48,6090,0,1,Unrestricted,1750
08-04-2026,CM: Sienna GA,10-005149 REV-01,10-005149,"O-Ring Seal, Inductor Housing 2 to HS, D",Part,MTS,ATLN,MAIN,FALSE,Sienna Corporation,200,0,3.48,696,0,1,Unrestricted,200
08-04-2026,CM: Sienna GA,10-005149 REV-01,10-005149,"O-Ring Seal, Inductor Housing 2 to HS, D",Part,MTS,ATLN,LINE,FALSE,Sienna Corporation,627,0,3.48,2181.96,0,1,Unrestricted,627
08-04-2026,CM: Sienna GA,10-005151 REV-04,10-005151,"Potted Wire Passthrough and Inductor Housing, Inverter Power Module, D",Part,MTS,ATLN,RH81,FALSE,Sienna Corporation,168,0,54.1,9088.8,0,4,Unrestricted,168
08-04-2026,CM: Sienna GA,10-005151 REV-04,10-005151,"Potted Wire Passthrough and Inductor Housing, Inverter Power Module, D",Part,MTS,ATLN,RH79,FALSE,Sienna Corporation,240,0,54.1,12984,0,4,Unrestricted,240
08-04-2026,CM: Sienna GA,10-005151 REV-04,10-005151,"Potted Wire Passthrough and Inductor Housing, Inverter Power Module, D",Part,MTS,ATLN,LINE,FALSE,Sienna Corporation,643,0,54.1,34786.3,0,4,Unrestricted,643
08-04-2026,CM: Sienna GA,10-005151 REV-04,10-005151,"Potted Wire Passthrough and Inductor Housing, Inverter Power Module, D",Part,MTS,ATLN,MAIN,FALSE,Sienna Corporation,5,0,54.1,270.5,0,4,Unrestricted,5
08-04-2026,CM: Sienna GA,10-005151 REV-04,10-005151,"Potted Wire Passthrough and Inductor Housing, Inverter Power Module, D",Part,MTS,ATLN,RH84,FALSE,Sienna Corporation,240,0,54.1,12984,0,4,Unrestricted,240
08-04-2026,CM: Sienna GA,10-005154 REV-02,10-005154,"Power PCBA with Conformal Coat, Inverter, D",Electrical Components,MTS,ATLN,LPAC,FALSE,Sienna Corporation,26,0,396.06,10297.56,0,2,Unrestricted,26
08-04-2026,Lunar Netsuite,10-005154,10-005154,"Power PCBA with Conformal Coat, Inverter, D",Electrical Components,MTS,CA - Ravendale,NS,FALSE,Lunar Energy,3,0,547.96,1643.88,0,0,Unrestricted,3
08-04-2026,CM: Sienna GA,10-005155 REV-02,10-005155,"Insulator Sheet, Power Board, Integrated PSA, D",Part,MTS,ATLN,RT92,FALSE,Sienna Corporation,950,0,3.21,3049.5,0,2,Unrestricted,950
08-04-2026,CM: Sienna GA,10-005155 REV-02,10-005155,"Insulator Sheet, Power Board, Integrated PSA, D",Part,MTS,ATLN,RT13,FALSE,Sienna Corporation,310,0,3.21,995.1,0,2,Unrestricted,310
08-04-2026,CM: Sienna GA,10-005155 REV-02,10-005155,"Insulator Sheet, Power Board, Integrated PSA, D",Part,MTS,ATLN,PAWH,FALSE,Sienna Corporation,650,0,3.21,2086.5,0,2,Unrestricted,650
08-04-2026,CM: Sienna GA,10-005155 REV-02,10-005155,"Insulator Sheet, Power Board, Integrated PSA, D",Part,MTS,ATLN,RIQC,FALSE,Sienna Corporation,1594,0,3.21,5116.74,0,2,Unrestricted,1594
08-04-2026,Lunar Netsuite,10-005155,10-005155,"Insulator Sheet, Power Board, Integrated PSA, D",Part,MTS,CA - Ravendale,NS,FALSE,Lunar Energy,20,0,2.43,48.6,0,0,Unrestricted,20
08-04-2026,CM: Sienna GA,10-005155 REV-02,10-005155,"Insulator Sheet, Power Board, Integrated PSA, D",Part,MTS,ATLN,WHS2,FALSE,Sienna Corporation,6,0,3.21,19.26,0,2,Unrestricted,6
08-04-2026,CM: Sienna GA,10-005157 REV-04,10-005157,"Potted Pin Passthrough and Inductor Housing, Inverter Power Module, D",Part,MTS,ATLN,RPA1,FALSE,Sienna Corporation,160,0,91.25,14600,0,4,Unrestricted,160
08-04-2026,CM: Sienna GA,10-005157 REV-04,10-005157,"Potted Pin Passthrough and Inductor Housing, Inverter Power Module, D",Part,MTS,ATLN,RPB1,FALSE,Sienna Corporation,160,0,91.25,14600,0,4,Unrestricted,160
08-04-2026,CM: Sienna GA,10-005157 REV-04,10-005157,"Potted Pin Passthrough and Inductor Housing, Inverter Power Module, D",Part,MTS,ATLN,RH82,FALSE,Sienna Corporation,500,0,91.25,45625,0,4,Unrestricted,500
08-04-2026,CM: Sienna GA,10-005157 REV-04,10-005157,"Potted Pin Passthrough and Inductor Housing, Inverter Power Module, D",Part,MTS,ATLN,MAIN,FALSE,Sienna Corporation,9,0,91.25,821.25,0,4,Unrestricted,9
08-04-2026,CM: Sienna GA,10-005157 REV-04,10-005157,"Potted Pin Passthrough and Inductor Housing, Inverter Power Module, D",Part,MTS,ATLN,PAWH,FALSE,Sienna Corporation,20,0,91.25,1825,0,4,Unrestricted,20
08-04-2026,CM: Sienna GA,10-005157 REV-04,10-005157,"Potted Pin Passthrough and Inductor Housing, Inverter Power Module, D",Part,MTS,ATLN,RPA5,FALSE,Sienna Corporation,160,0,91.25,14600,0,4,Unrestricted,160
08-04-2026,CM: Sienna GA,10-005157 REV-04,10-005157,"Potted Pin Passthrough and Inductor Housing, Inverter Power Module, D",Part,MTS,ATLN,RK66,FALSE,Sienna Corporation,160,0,91.25,14600,0,4,Unrestricted,160
08-04-2026,CM: Sienna GA,10-005157 REV-04,10-005157,"Potted Pin Passthrough and Inductor Housing, Inverter Power Module, D",Part,MTS,ATLN,RK64,FALSE,Sienna Corporation,190,0,91.25,17337.5,0,4,Unrestricted,190
08-04-2026,CM: Sienna GA,10-005157 REV-04,10-005157,"Potted Pin Passthrough and Inductor Housing, Inverter Power Module, D",Part,MTS,ATLN,RH76,FALSE,Sienna Corporation,240,0,91.25,21900,0,4,Unrestricted,240
08-04-2026,CM: Sienna GA,10-005157 REV-04,10-005157,"Potted Pin Passthrough and Inductor Housing, Inverter Power Module, D",Part,MTS,ATLN,RIQC,FALSE,Sienna Corporation,182,0,91.25,16607.5,0,4,Unrestricted,182
08-04-2026,CM: Sienna GA,10-005157 REV-04,10-005157,"Potted Pin Passthrough and Inductor Housing, Inverter Power Module, D",Part,MTS,ATLN,RPB6,FALSE,Sienna Corporation,160,0,91.25,14600,0,4,Unrestricted,160
08-04-2026,CM: Sienna GA,10-005158 REV-04,10-005158,"Inductor Housing Plastic Pin Cap, D",Part,MTS,ATLN,RIQC,FALSE,Sienna Corporation,3050,0,0.84,2562,0,4,Unrestricted,3050
08-04-2026,CM: Sienna GA,10-005158 REV-04,10-005158,"Inductor Housing Plastic Pin Cap, D",Part,MTS,ATLN,LINE,FALSE,Sienna Corporation,184,0,0.84,154.56,0,4,Unrestricted,184
08-04-2026,CM: Sienna GA,10-005159 REV-04,10-005159,"Inductor Housing Plastic Pin Receptacle, D",Part,MTS,ATLN,RJ41,FALSE,Sienna Corporation,2168,0,1.26,2731.68,0,4,Unrestricted,2168
08-04-2026,CM: Sienna GA,10-005159 REV-04,10-005159,"Inductor Housing Plastic Pin Receptacle, D",Part,MTS,ATLN,LINE,FALSE,Sienna Corporation,672,0,1.26,846.72,0,4,Unrestricted,672
08-04-2026,CM: Sienna GA,10-005160 REV-01,10-005160,"BUSBAR, PIN CONNECTORS, 3.4MMX90.6MM, FLOATING, 75A, D",Part,MTS,ATLN,LINE,FALSE,Sienna Corporation,1374,0,1.92,2638.08,0,1,Unrestricted,1374
08-04-2026,CM: Sienna GA,10-005160 REV-01,10-005160,"BUSBAR, PIN CONNECTORS, 3.4MMX90.6MM, FLOATING, 75A, D",Part,MTS,ATLN,RQA1,FALSE,Sienna Corporation,600,0,1.92,1152,0,1,Unrestricted,600
08-04-2026,CM: Sienna GA,10-005160 REV-01,10-005160,"BUSBAR, PIN CONNECTORS, 3.4MMX90.6MM, FLOATING, 75A, D",Part,MTS,ATLN,RIQC,FALSE,Sienna Corporation,2300,0,1.92,4416,0,1,Unrestricted,2300
08-04-2026,CM: Sienna GA,10-005163 REV-11,10-005163,"Blower Module, D",Assembly,MTS,ATLN,LINE,FALSE,Sienna Corporation,2,0,0,0,0,11,Unrestricted,2
08-04-2026,CM: Sienna GA,10-005163 REV-07,10-005163,"Blower Module, D",Assembly,MTS,ATLN,PDRW,FALSE,Sienna Corporation,20,0,0,0,0,7,Unrestricted,20
08-04-2026,CM: Sienna GA,10-005164 REV-07,10-005164,"Wire Harness,Inverter Exterior,Blowers/Ambient T, D",Part,MTS,ATLN,LINE,FALSE,Sienna Corporation,4,0,31.53,126.12,0,7,Unrestricted,4
08-04-2026,CM: Sienna GA,10-005169 REV-03,10-005169,"DC Contactor Cover, D",Part,MTS,ATLN,RT98,FALSE,Sienna Corporation,1000,0,0.6,600,0,3,Unrestricted,1000
08-04-2026,CM: Sienna GA,10-005169 REV-03,10-005169,"DC Contactor Cover, D",Part,MTS,ATLN,RP83,FALSE,Sienna Corporation,13,0,0.6,7.8,0,3,Unrestricted,13
08-04-2026,CM: Sienna GA,10-005169 REV-03,10-005169,"DC Contactor Cover, D",Part,MTS,ATLN,RS87,FALSE,Sienna Corporation,1600,0,0.6,960,0,3,Unrestricted,1600
08-04-2026,CM: Sienna GA,10-005169 REV-03,10-005169,"DC Contactor Cover, D",Part,MTS,ATLN,RS52,FALSE,Sienna Corporation,7,0,0.6,4.2,0,3,Unrestricted,7
08-04-2026,CM: Sienna GA,10-005169 REV-03,10-005169,"DC Contactor Cover, D",Part,MTS,ATLN,RIQC,FALSE,Sienna Corporation,481,0,0.6,288.6,0,3,Unrestricted,481
08-04-2026,CM: Sienna GA,10-005176 REV-02,10-005176,"Protective Hat, Capacitor Board, Inverter",Part,MTS,ATLN,RTA7,FALSE,Sienna Corporation,400,0,10.98,4392,0,2,Unrestricted,400
08-04-2026,CM: Sienna GA,10-005176 REV-02,10-005176,"Protective Hat, Capacitor Board, Inverter",Part,MTS,ATLN,RQ88,FALSE,Sienna Corporation,380,0,10.98,4172.4,0,2,Unrestricted,380
08-04-2026,CM: Sienna GA,10-005176 REV-02,10-005176,"Protective Hat, Capacitor Board, Inverter",Part,MTS,ATLN,RIQC,FALSE,Sienna Corporation,444,0,10.98,4875.12,0,2,Unrestricted,444
08-04-2026,CM: Sienna GA,10-005176 REV-02,10-005176,"Protective Hat, Capacitor Board, Inverter",Part,MTS,ATLN,RP72,FALSE,Sienna Corporation,380,0,10.98,4172.4,0,2,Unrestricted,380
08-04-2026,CM: Sienna GA,10-005177 REV-01,10-005177,"Home Controller, Heat Spreader, Connector Side, D",Assembly,MTS,ATLN,RR82,FALSE,Sienna Corporation,32,0,15.5,496,0,1,Unrestricted,32
08-04-2026,CM: Sienna GA,10-005177 REV-01,10-005177,"Home Controller, Heat Spreader, Connector Side, D",Assembly,MTS,ATLN,PDRW,FALSE,Sienna Corporation,19,0,15.5,294.5,0,1,Unrestricted,19
08-04-2026,CM: Sienna GA,10-005177 REV-01,10-005177,"Home Controller, Heat Spreader, Connector Side, D",Assembly,MTS,ATLN,LINE,FALSE,Sienna Corporation,73,0,15.5,1131.5,0,1,Unrestricted,73
08-04-2026,CM: Sienna GA,10-005177 REV-01,10-005177,"Home Controller, Heat Spreader, Connector Side, D",Assembly,MTS,ATLN,RIQC,FALSE,Sienna Corporation,34,0,15.5,527,0,1,Unrestricted,34
08-04-2026,CM: Celestica MX,10-0051783MS,10-005178,RES 3.2K OHM 0.1% 1/10W 0603 AEC-Q,Electrical Components,OTS,Monterrey Prod,1000,FALSE,Celestica,5,0,0.14,0.7,0,0,Unrestricted,5
08-04-2026,Lunar Netsuite,10-005178,10-005178,RES 3.2K OHM 0.1% 1/10W 0603 AEC-Q,Electrical Components,OTS,CA - Ravendale,NS,FALSE,Lunar Energy,1000,0,0.128,128,0,0,Unrestricted,0
08-04-2026,CM: Qualitel WA,814L-10-005178,10-005178,RES 3.2K OHM 0.1% 1/10W 0603 AEC-Q,Electrical Components,OTS,"Seattle, WA",Stock,FALSE,Qualitel,9741,0,0.122,1188.402,0,0,Unrestricted,9741
08-04-2026,CM: Qualitel WA,814L-10-005179,10-005179,DIODE ZENER 3.3V 250MW TO236AB,Electrical Components,OTS,"Seattle, WA",Stock,FALSE,Qualitel,19108,0,0.0883,1687.2364,0,0,Unrestricted,19108
08-04-2026,CM: Celestica MX,10-0051793MS,10-005179,DIODE ZENER 3.3V 250MW TO236AB,Electrical Components,OTS,Monterrey Prod,1000,FALSE,Celestica,-2,0,0.0594,-0.1188,0,0,Unrestricted,-2
08-04-2026,CM: Qualitel WA,814L-10-005184,10-005184,IC REG LINEAR 12V 2A HRP-5,Electrical Components,OTS,"Seattle, WA",Stock,FALSE,Qualitel,6742,0,0.989,6667.838,0,0,Unrestricted,6742
08-04-2026,CM: Sienna GA,10-005184 REV-01,10-005184,IC REG LINEAR 12V 2A HRP-5,Electrical Components,OTS,ATLN,RIQC,FALSE,Sienna Corporation,6000,0,1.956,11736,0,1,Unrestricted,6000
08-04-2026,CM: Sienna GA,10-005184 REV-01,10-005184,IC REG LINEAR 12V 2A HRP-5,Electrical Components,OTS,ATLN,LINE,FALSE,Sienna Corporation,344,0,1.956,672.864,0,1,Unrestricted,344
08-04-2026,CM: Sienna GA,10-005185 REV-01,10-005185,"Asy, Home Controller & Heat Spreader, D",Assembly,MTS,ATLN,MRB,FALSE,Sienna Corporation,0,81,0,0,0,1,Restricted,0
08-04-2026,CM: Sienna GA,10-005185 REV-01,10-005185,"Asy, Home Controller & Heat Spreader, D",Assembly,MTS,ATLN,LINE,FALSE,Sienna Corporation,30,0,0,0,0,1,Unrestricted,30
08-04-2026,CM: Sienna GA,10-005189 REV-01,10-005189,MOSFET N-CH 80V 100A TDSON,Electrical Components,OTS,ATLN,LINE,FALSE,Sienna Corporation,17848,0,0.44,7853.12,0,1,Unrestricted,17848
08-04-2026,CM: Sienna GA,10-005189 REV-01,10-005189,MOSFET N-CH 80V 100A TDSON,Electrical Components,OTS,ATLN,MAIN,FALSE,Sienna Corporation,15000,0,0.44,6600,0,1,Unrestricted,15000
08-04-2026,CM: Sienna GA,10-005189 REV-01,10-005189,MOSFET N-CH 80V 100A TDSON,Electrical Components,OTS,ATLN,PAMS,FALSE,Sienna Corporation,30000,0,0.44,13200,0,1,Unrestricted,30000
08-04-2026,CM: Sienna GA,10-005190 REV-01,10-005190,RES 402K OHM 1% 1/4W 1206 AEC-Q,Electrical Components,OTS,ATLN,MAIN,FALSE,Sienna Corporation,208000,0,0.0025,520,0,1,Unrestricted,208000
08-04-2026,CM: Sienna GA,10-005190 REV-01,10-005190,RES 402K OHM 1% 1/4W 1206 AEC-Q,Electrical Components,OTS,ATLN,LINE,FALSE,Sienna Corporation,71108,0,0.0025,177.77,0,1,Unrestricted,71108
08-04-2026,CM: Sienna GA,10-005190 REV-01,10-005190,RES 402K OHM 1% 1/4W 1206 AEC-Q,Electrical Components,OTS,ATLN,RIQC,FALSE,Sienna Corporation,45000,0,0.0025,112.5,0,1,Unrestricted,45000
08-04-2026,CM: Sienna GA,10-005197 REV-01,10-005197,RES 3M OHM 1% 1/4W 1206 AEC-Q,Electrical Components,OTS,ATLN,LINE,FALSE,Sienna Corporation,26741,0,0.0103,275.4323,0,1,Unrestricted,26741
08-04-2026,CM: Qualitel WA,814L-10-005197,10-005197,RES 3M OHM 1% 1/4W 1206 AEC-Q,Electrical Components,OTS,"Seattle, WA",Stock,FALSE,Qualitel,21257,0,0.0041,87.1537,0,0,Unrestricted,21257
08-04-2026,CM: Sienna GA,10-005199 REV-01,10-005199,"TIM, PCBA, Terminal Board, Inverter",Part,MTS,ATLN,RIQC,FALSE,Sienna Corporation,383,0,0.5,191.5,0,1,Unrestricted,383
08-04-2026,CM: Sienna GA,10-005199 REV-01,10-005199,"TIM, PCBA, Terminal Board, Inverter",Part,MTS,ATLN,LINE,FALSE,Sienna Corporation,1710,0,0.5,855,0,1,Unrestricted,1710
08-04-2026,CM: Sienna GA,10-005199 REV-01,10-005199,"TIM, PCBA, Terminal Board, Inverter",Part,MTS,ATLN,PAWH,FALSE,Sienna Corporation,2600,0,0.5,1300,0,1,Unrestricted,2600
08-04-2026,Lunar Netsuite,10-005203,10-005203,Battery Block,Part,MTS,JIT - Reno,NS,FALSE,Lunar Energy,157,0,15.4272,2422.0704,0,0,Unrestricted,23
08-04-2026,Lunar Netsuite,10-005203,10-005203,Battery Block,Part,MTS,CA - Ravendale,NS,FALSE,Lunar Energy,39,0,361.957,14116.323,0,0,Unrestricted,0
08-04-2026,CM: Celestica MX,10-0052103MS,10-005210,"TIM, PCBA, DC-DC",Part,MTS,Monterrey Prod,1000,FALSE,Celestica,-4,0,11.1,-44.4,0,0,Unrestricted,-4
08-04-2026,CM: Celestica MX,10-0052113MS,10-005211,"Heat Sink Assy, DCDC",Part,MTS,Monterrey Prod,1000,FALSE,Celestica,-4,0,32.4,-129.6,0,0,Unrestricted,-4
08-04-2026,CM: Celestica MX,10-0052143MS,10-005214,TVS DIODE 376VWM 602VC DO214AB,Electrical Components,OTS,Monterrey Prod,1000,FALSE,Celestica,20,0,0.4673,9.346,0,0,Unrestricted,20
08-04-2026,CM: Qualitel WA,814L-10-005214,10-005214,TVS DIODE 376VWM 602VC DO214AB,Electrical Components,OTS,"Seattle, WA",Stock,FALSE,Qualitel,17190,0,0.271,4658.49,0,0,Unrestricted,17190
08-04-2026,CM: Celestica MX,10-0052143MS,10-005214,TVS DIODE 376VWM 602VC DO214AB,Electrical Components,OTS,Monterrey Prod,2000,FALSE,Celestica,0,12000,0.4673,0,5607.6,0,MRPExUnrestricted,0
08-04-2026,CM: Sienna GA,10-005216 REV-01,10-005216,"MOSFET OptiMOSTM6Power-Transistor,80V PG-TDSON-8 FL",Electrical Components,OTS,ATLN,LINE,FALSE,Sienna Corporation,5000,0,1.25,6250,0,1,Unrestricted,5000
08-04-2026,CM: Sienna GA,10-005220 REV-05,10-005220,"Maximizer, Potted Assembly, Type C",Part,MTS,ATLN,MRB,FALSE,Sienna Corporation,0,8,0,0,0,5,Restricted,0
08-04-2026,Lunar Netsuite,10-005220,10-005220,"Maximizer, Potted Assembly, Type C",Part,MTS,CA - Ravendale,NS,FALSE,Lunar Energy,189,0,70.0317,13235.9913,0,0,Unrestricted,50
08-04-2026,CM: Sienna GA,10-005220 REV-06,10-005220,"Maximizer, Potted Assembly, Type C",Part,MTS,ATLN,MRB,FALSE,Sienna Corporation,0,496,0,0,0,6,Restricted,0
08-04-2026,Lunar Netsuite,10-005220,10-005220,"Maximizer, Potted Assembly, Type C",Part,MTS,JIT - Reno,NS,FALSE,Lunar Energy,18,0,0,0,0,0,Unrestricted,2
08-04-2026,Lunar Netsuite,10-005220_old,10-005220_old,,,,CA - Ravendale,NS,FALSE,Lunar Energy,1,0,72.84,72.84,0,0,Unrestricted,0
08-04-2026,Lunar Netsuite,10-005221,10-005221,"DCDC SUBASSEMBLY, BATTERY BLOCK",Part,MTS,JIT - Reno,NS,FALSE,Lunar Energy,132,0,466.33,61555.56,0,0,Unrestricted,132
08-04-2026,CM: Celestica MX,10-0052213MS,10-005221,"DCDC SUBASSEMBLY, BATTERY BLOCK",Part,MTS,Monterrey Prod,1000,FALSE,Celestica,124,0,326.11,40437.64,0,0,Unrestricted,124
08-04-2026,Lunar Netsuite,10-005221_old2,10-005221_old2,,,,CA - Ravendale,NS,FALSE,Lunar Energy,4,0,0,0,0,0,Unrestricted,4
08-04-2026,Lunar Netsuite,10-005226,10-005226,IC Isolated Single-Channel Gate Driver With Split Outputs,Electrical Components,OTS,CA - Ravendale,NS,FALSE,Lunar Energy,67,0,0.42,28.14,0,0,Unrestricted,67
08-04-2026,CM: Celestica MX,10-0052263MS,10-005226,IC Isolated Single-Channel Gate Driver With Split Outputs,Electrical Components,OTS,Monterrey Prod,1000,FALSE,Celestica,23,0,0.42,9.66,0,0,Unrestricted,23
08-04-2026,CM: Qualitel WA,814L-10-005226,10-005226,IC Isolated Single-Channel Gate Driver With Split Outputs,Electrical Components,OTS,"Seattle, WA",Stock,FALSE,Qualitel,10112,0,0.38,3842.56,0,0,Unrestricted,10112
08-04-2026,CM: Qualitel WA,814L-10-005227,10-005227,"Snorkel with Seal,Battery Block",Part,MTS,"Seattle, WA",Stock,FALSE,Qualitel,286,0,2.26,646.36,0,0,Unrestricted,286
08-04-2026,Lunar Netsuite,10-005227,10-005227,"Snorkel with Seal,Battery Block",Part,MTS,JIT - Reno,NS,FALSE,Lunar Energy,448,0,5.47,2450.56,0,0,Unrestricted,448
08-04-2026,CM: Celestica MX,10-0052273MS,10-005227,"Snorkel with Seal,Battery Block",Part,MTS,Monterrey Prod,1000,FALSE,Celestica,8,0,5.47,43.76,0,0,Unrestricted,8
08-04-2026,CM: Sienna GA,10-00522D REV-01,10-00522D,"Maximizer, Potted Assembly, Type D",Part,MTS,ATLN,PDRW,FALSE,Sienna Corporation,26,0,0,0,0,1,Unrestricted,26
08-04-2026,Lunar Netsuite,10-00522D,10-00522D,"Maximizer, Potted Assembly, Type D",Part,MTS,CA - Ravendale,NS,FALSE,Lunar Energy,254,0,87.7174,22280.2196,0,0,Unrestricted,180
08-04-2026,CM: Sienna GA,10-00522D REV-01,10-00522D,"Maximizer, Potted Assembly, Type D",Part,MTS,ATLN,MRB,FALSE,Sienna Corporation,0,47,0,0,0,1,Restricted,0
08-04-2026,Lunar Netsuite,10-00522D,10-00522D,"Maximizer, Potted Assembly, Type D",Part,MTS,JIT - Reno,NS,FALSE,Lunar Energy,3040,0,85.7675,260733.2,0,0,Unrestricted,3040
08-04-2026,CM: Sienna GA,10-00522D REV-02,10-00522D,"Maximizer, Potted Assembly, Type D",Part,MTS,ATLN,LINE,FALSE,Sienna Corporation,1648,0,0,0,0,2,Unrestricted,1648
08-04-2026,Lunar Netsuite,10-00522D,10-00522D,"Maximizer, Potted Assembly, Type D",Part,MTS,JIT - Houston,NS,FALSE,Lunar Energy,220,0,87.2028,19184.616,0,0,Unrestricted,220
08-04-2026,CM: Sienna GA,10-00522D REV-02,10-00522D,"Maximizer, Potted Assembly, Type D",Part,MTS,ATLN,PDRW,FALSE,Sienna Corporation,53,0,0,0,0,2,Unrestricted,53
08-04-2026,CM: Sienna GA,10-00522D REV-02,10-00522D,"Maximizer, Potted Assembly, Type D",Part,MTS,ATLN,MRB,FALSE,Sienna Corporation,0,311,0,0,0,2,Restricted,0
08-04-2026,Lunar Netsuite,10-00522D,10-00522D,"Maximizer, Potted Assembly, Type D",Part,MTS,JIT - Gardena,NS,FALSE,Lunar Energy,20,0,87.28,1745.6,0,0,Unrestricted,20
08-04-2026,CM: Sienna GA,10-00522E REV-02,10-00522E,"Maximizer, Potted Assembly, Type E",Assembly,MTS,ATLN,MRB,FALSE,Sienna Corporation,0,55,0,0,0,2,Restricted,0
08-04-2026,CM: Sienna GA,10-00522E REV-02,10-00522E,"Maximizer, Potted Assembly, Type E",Assembly,MTS,ATLN,LINE,FALSE,Sienna Corporation,480,0,0,0,0,2,Unrestricted,480
08-04-2026,Lunar Netsuite,10-00522E,10-00522E,"Maximizer, Potted Assembly, Type E",Assembly,MTS,JIT - Reno,NS,FALSE,Lunar Energy,8160,0,77.2247,630153.552,0,0,Unrestricted,8160
08-04-2026,CM: Qualitel WA,814L-10-005231,10-005231,RES 6.8 OHM 5% 1/4W 0603 AEC-Q,Electrical Components,OTS,"Seattle, WA",Stock,FALSE,Qualitel,16880,0,0.0242,408.496,0,0,Unrestricted,16880
08-04-2026,CM: Sienna GA,10-005231 REV-01,10-005231,RES 6.8 OHM 5% 1/4W 0603 AEC-Q,Electrical Components,OTS,ATLN,LINE,FALSE,Sienna Corporation,21448,0,0.035,750.68,0,1,Unrestricted,21448
08-04-2026,CM: Sienna GA,10-005247 REV-02,10-005247,"Screw,M3x11mm,BHT T10,Flange,BF,Steel,Zinc",Part,OTS,ATLN,RIQC,FALSE,Sienna Corporation,22039,0,0.043,947.677,0,2,Unrestricted,22039
08-04-2026,CM: Sienna GA,10-005250 REV-01,10-005250,Fuse Chip Slow Blow Acting 0.5A 250V SMD Solder Pad 10.1 X 3.12 X 3.12mm Ceramic T/R cULus,Electrical Components,OTS,ATLN,MAIN,FALSE,Sienna Corporation,1549,0,0.01,15.49,0,1,Unrestricted,1549
08-04-2026,CM: Qualitel WA,814L-10-005254,10-005254,"Hinge, Shield, Trunk Harness Connector",Part,OTS,"Seattle, WA",Stock,FALSE,Qualitel,13606,0,0.15,2040.9,0,0,Unrestricted,13606
08-04-2026,CM: Celestica MX,10-0052543MS,10-005254,"Hinge, Shield, Trunk Harness Connector",Part,OTS,Monterrey Prod,DIFF,FALSE,Celestica,0,-4,0.249,0,-0.996,0,MRPExUnrestricted,0
08-04-2026,Lunar Netsuite,10-005254,10-005254,"Hinge, Shield, Trunk Harness Connector",Part,OTS,JIT - Reno,NS,FALSE,Lunar Energy,6187,0,0.25,1546.75,0,0,Unrestricted,6187
08-04-2026,CM: Sienna GA,10-005259 REV-01,10-005259,"Tape, Aluminum, 25.4mm, Conductive Adhesive",Part,OTS,ATLN,MAIN,FALSE,Sienna Corporation,8,0,0.0366,0.2928,0,1,Unrestricted,8
08-04-2026,CM: Sienna GA,10-005260 REV-02,10-005260,"Gasket, Power Module, Perimeter Seal, Wiring Compartment",Part,MTS,ATLN,PAWH,FALSE,Sienna Corporation,285,0,7.03,2003.55,0,2,Unrestricted,285
08-04-2026,CM: Sienna GA,10-005260 REV-02,10-005260,"Gasket, Power Module, Perimeter Seal, Wiring Compartment",Part,MTS,ATLN,RJ37,FALSE,Sienna Corporation,1120,0,7.03,7873.6,0,2,Unrestricted,1120
08-04-2026,CM: Sienna GA,10-005260 REV-02,10-005260,"Gasket, Power Module, Perimeter Seal, Wiring Compartment",Part,MTS,ATLN,LINE,FALSE,Sienna Corporation,875,0,7.03,6151.25,0,2,Unrestricted,875
08-04-2026,CM: Sienna GA,10-005260 REV-02,10-005260,"Gasket, Power Module, Perimeter Seal, Wiring Compartment",Part,MTS,ATLN,RK41,FALSE,Sienna Corporation,1680,0,7.03,11810.4,0,2,Unrestricted,1680
08-04-2026,CM: Celestica MX,10-0052713MS,10-005271,"Harness, Sense, Battery Block, Type B",Part,MTS,Monterrey Prod,1000,FALSE,Celestica,-3,0,11.84,-35.52,0,0,Unrestricted,-3
08-04-2026,CM: Sienna GA,10-005278 REV-01,10-005278,"Heat Sink, Inverter, With Heat Pipe, D",Part,MTS,ATLN,RQ55,FALSE,Sienna Corporation,128,0,79.4,10163.2,0,1,Unrestricted,128
08-04-2026,CM: Sienna GA,10-005278 REV-01,10-005278,"Heat Sink, Inverter, With Heat Pipe, D",Part,MTS,ATLN,LINE,FALSE,Sienna Corporation,128,0,79.4,10163.2,0,1,Unrestricted,128
08-04-2026,CM: Sienna GA,10-005278 REV-01,10-005278,"Heat Sink, Inverter, With Heat Pipe, D",Part,MTS,ATLN,RQ75,FALSE,Sienna Corporation,92,0,79.4,7304.8,0,1,Unrestricted,92
08-04-2026,CM: Sienna GA,10-005278 REV-01,10-005278,"Heat Sink, Inverter, With Heat Pipe, D",Part,MTS,ATLN,MRB,FALSE,Sienna Corporation,0,5,79.4,0,397,1,Restricted,0
08-04-2026,CM: Sienna GA,10-005278 REV-01,10-005278,"Heat Sink, Inverter, With Heat Pipe, D",Part,MTS,ATLN,RQ84,FALSE,Sienna Corporation,128,0,79.4,10163.2,0,1,Unrestricted,128
08-04-2026,CM: Sienna GA,10-005278 REV-01,10-005278,"Heat Sink, Inverter, With Heat Pipe, D",Part,MTS,ATLN,RQB6,FALSE,Sienna Corporation,128,0,79.4,10163.2,0,1,Unrestricted,128
08-04-2026,CM: Sienna GA,10-005278 REV-01,10-005278,"Heat Sink, Inverter, With Heat Pipe, D",Part,MTS,ATLN,RQA6,FALSE,Sienna Corporation,128,0,79.4,10163.2,0,1,Unrestricted,128
08-04-2026,CM: Sienna GA,10-005278 REV-01,10-005278,"Heat Sink, Inverter, With Heat Pipe, D",Part,MTS,ATLN,RPA5,FALSE,Sienna Corporation,120,0,79.4,9528,0,1,Unrestricted,120
08-04-2026,CM: Sienna GA,10-005278 REV-01,10-005278,"Heat Sink, Inverter, With Heat Pipe, D",Part,MTS,ATLN,RQ86,FALSE,Sienna Corporation,128,0,79.4,10163.2,0,1,Unrestricted,128
08-04-2026,CM: Sienna GA,10-005278 REV-01,10-005278,"Heat Sink, Inverter, With Heat Pipe, D",Part,MTS,ATLN,RQA5,FALSE,Sienna Corporation,128,0,79.4,10163.2,0,1,Unrestricted,128
08-04-2026,CM: Sienna GA,10-005282 REV-03,10-005282,"Insulator Sheet, Power Board, Lower Level, Integrated TIM and PSA",Part,MTS,ATLN,RT92,FALSE,Sienna Corporation,850,0,1.43,1215.5,0,3,Unrestricted,850
08-04-2026,CM: Sienna GA,10-005282 REV-03,10-005282,"Insulator Sheet, Power Board, Lower Level, Integrated TIM and PSA",Part,MTS,ATLN,PAWH,FALSE,Sienna Corporation,1750,0,1.43,2502.5,0,3,Unrestricted,1750
08-04-2026,CM: Sienna GA,10-005282 REV-03,10-005282,"Insulator Sheet, Power Board, Lower Level, Integrated TIM and PSA",Part,MTS,ATLN,RT13,FALSE,Sienna Corporation,605,0,1.43,865.15,0,3,Unrestricted,605
08-04-2026,CM: Sienna GA,10-005282 REV-03,10-005282,"Insulator Sheet, Power Board, Lower Level, Integrated TIM and PSA",Part,MTS,ATLN,RIQC,FALSE,Sienna Corporation,1398,0,1.43,1999.14,0,3,Unrestricted,1398
08-04-2026,CM: Sienna GA,10-005284 REV-03,10-005284,"Packaging, Maximizer Hub",Part,OTS,ATLN,RC76,FALSE,Sienna Corporation,625,0,0,0,0,3,Unrestricted,625
08-04-2026,CM: Sienna GA,10-005284 REV-03,10-005284,"Packaging, Maximizer Hub",Part,OTS,ATLN,RIQC,FALSE,Sienna Corporation,421,0,0,0,0,3,Unrestricted,421
08-04-2026,CM: Sienna GA,10-005284 REV-03,10-005284,"Packaging, Maximizer Hub",Part,OTS,ATLN,RC75,FALSE,Sienna Corporation,300,0,0,0,0,3,Unrestricted,300
08-04-2026,CM: Qualitel WA,814L-10-08057A,10-005286,"O-ring,291.69mm ID,3.53mm C/S",Part,OTS,"Seattle, WA",Stock,FALSE,Qualitel,446,0,0,0,0,0,Unrestricted,446
08-04-2026,CM: Sienna GA,10-005288 REV-01,10-005288,"Light Pipe Trio, Molded with Sealing Adhesive",Part,MTS,ATLN,LINE,FALSE,Sienna Corporation,28,0,12.26,343.28,0,1,Unrestricted,28
08-04-2026,CM: Sienna GA,10-005289 REV-01,10-005289,"Adhesive, Epoxy, 2-Part, 5-min cure",Part,OTS,ATLN,LINE,FALSE,Sienna Corporation,476.7999878,0,0.65,309.9199921,0,1,Unrestricted,476.7999878
08-04-2026,CM: Sienna GA,10-005289 REV-01,10-005289,"Adhesive, Epoxy, 2-Part, 5-min cure",Part,OTS,ATLN,PCKD,FALSE,Sienna Corporation,430,0,0.65,279.5,0,1,Unrestricted,430
08-04-2026,CM: Sienna GA,10-005289 REV-01,10-005289,"Adhesive, Epoxy, 2-Part, 5-min cure",Part,OTS,ATLN,LINE,FALSE,Sienna Corporation,145.5,0,0.65,94.575,0,1,Unrestricted,145.5
08-04-2026,CM: Sienna GA,10-005289 REV-01,10-005289,"Adhesive, Epoxy, 2-Part, 5-min cure",Part,OTS,ATLN,PCKD,FALSE,Sienna Corporation,958.5,0,0.65,623.025,0,1,Unrestricted,958.5
08-04-2026,CM: Sienna GA,10-005294 REV-01,10-005294,"TIM, PCBA, Filter Board, Inverter, D",Part,MTS,ATLN,LINE,FALSE,Sienna Corporation,1698,0,0.7,1188.6,0,1,Unrestricted,1698
08-04-2026,CM: Sienna GA,10-005294 REV-01,10-005294,"TIM, PCBA, Filter Board, Inverter, D",Part,MTS,ATLN,PCKD,FALSE,Sienna Corporation,700,0,0.7,490,0,1,Unrestricted,700
08-04-2026,CM: Sienna GA,10-005294 REV-01,10-005294,"TIM, PCBA, Filter Board, Inverter, D",Part,MTS,ATLN,RIQC,FALSE,Sienna Corporation,1900,0,0.7,1330,0,1,Unrestricted,1900
08-04-2026,Lunar Netsuite,10-005296,10-005296,Inverter Power Board Type A PCBA with DC Input Pins Attached,Part,MTS,CA - Ravendale,NS,FALSE,Lunar Energy,5,0,0,0,0,0,Unrestricted,5
08-04-2026,CM: Celestica MX,10-0052973MS,10-005297,CAP CER 2.2UF 10% 450V X6S 2220,Electrical Components,OTS,Monterrey Prod,1000,FALSE,Celestica,-4,0,0.837,-3.348,0,0,Unrestricted,-4
08-04-2026,CM: Qualitel WA,814L-10-005297,10-005297,CAP CER 2.2UF 10% 450V X6S 2220,Electrical Components,OTS,"Seattle, WA",Stock,FALSE,Qualitel,20304,0,0.875,17766,0,0,Unrestricted,20304
08-04-2026,CM: Sienna GA,10-005300 REV-04,10-005300,"Seal, Exhaust Duct, Adhesive Backed, Strip, D",Part,MTS,ATLN,PCKD,FALSE,Sienna Corporation,1400,0,1.31,1834,0,4,Unrestricted,1400
08-04-2026,CM: Sienna GA,10-005300 REV-04,10-005300,"Seal, Exhaust Duct, Adhesive Backed, Strip, D",Part,MTS,ATLN,RIQC,FALSE,Sienna Corporation,5900,0,1.31,7729,0,4,Unrestricted,5900
08-04-2026,CM: Sienna GA,10-005300 REV-04,10-005300,"Seal, Exhaust Duct, Adhesive Backed, Strip, D",Part,MTS,ATLN,LINE,FALSE,Sienna Corporation,1112,0,1.31,1456.72,0,4,Unrestricted,1112
08-04-2026,CM: Sienna GA,10-005303 REV-02,10-005303,"Foam Gasket, Protective Hat, Capacitance Board, D",Assembly,MTS,ATLN,RP91,FALSE,Sienna Corporation,3800,0,1.26,4788,0,2,Unrestricted,3800
08-04-2026,CM: Sienna GA,10-005303 REV-02,10-005303,"Foam Gasket, Protective Hat, Capacitance Board, D",Assembly,MTS,ATLN,LINE,FALSE,Sienna Corporation,411,0,1.26,517.86,0,2,Unrestricted,411
08-04-2026,CM: Sienna GA,10-005304 REV-02,10-005304,"Foam Strip, 40mm L, Protective Hat, D",Assembly,MTS,ATLN,LINE,FALSE,Sienna Corporation,528,0,1.41,744.48,0,2,Unrestricted,528
08-04-2026,CM: Sienna GA,10-005304 REV-02,10-005304,"Foam Strip, 40mm L, Protective Hat, D",Assembly,MTS,ATLN,RP91,FALSE,Sienna Corporation,3800,0,1.41,5358,0,2,Unrestricted,3800
08-04-2026,CM: Sienna GA,10-005306 REV-02,10-005306,"Foam Strip, 18mm L, Protective Hat, D",Assembly,MTS,ATLN,LINE,FALSE,Sienna Corporation,1995,0,0.84,1675.8,0,2,Unrestricted,1995
08-04-2026,CM: Sienna GA,10-005306 REV-02,10-005306,"Foam Strip, 18mm L, Protective Hat, D",Assembly,MTS,ATLN,RP91,FALSE,Sienna Corporation,10500,0,0.84,8820,0,2,Unrestricted,10500
08-04-2026,CM: Sienna GA,10-005307 REV-02,10-005307,"Foam Strip, 140mm L, Protective Hat, D",Assembly,MTS,ATLN,RP91,FALSE,Sienna Corporation,6000,0,1.57,9420,0,2,Unrestricted,6000
08-04-2026,CM: Sienna GA,10-005307 REV-02,10-005307,"Foam Strip, 140mm L, Protective Hat, D",Assembly,MTS,ATLN,LINE,FALSE,Sienna Corporation,2456,0,1.57,3855.92,0,2,Unrestricted,2456
08-04-2026,CM: Sienna GA,10-005310 REV-02,10-005310,"Heat Shield, Light Pipe Trio",Part,MTS,ATLN,MAIN,FALSE,Sienna Corporation,16,0,1.06,16.96,0,2,Unrestricted,16
08-04-2026,CM: Sienna GA,10-005310 REV-02,10-005310,"Heat Shield, Light Pipe Trio",Part,MTS,ATLN,RIQC,FALSE,Sienna Corporation,332,0,1.06,351.92,0,2,Unrestricted,332
08-04-2026,CM: Sienna GA,10-005310 REV-02,10-005310,"Heat Shield, Light Pipe Trio",Part,MTS,ATLN,LINE,FALSE,Sienna Corporation,243,0,1.06,257.58,0,2,Unrestricted,243
08-04-2026,CM: Sienna GA,10-005310 REV-02,10-005310,"Heat Shield, Light Pipe Trio",Part,MTS,ATLN,RQ62,FALSE,Sienna Corporation,400,0,1.06,424,0,2,Unrestricted,400
08-04-2026,CM: Sienna GA,10-005313 REV-01,10-005313,RES 3.9K OHM 0.1% 1/10W 0603 AEC-Q,Electrical Components,OTS,ATLN,MAIN,FALSE,Sienna Corporation,45200,0,0.029,1310.8,0,1,Unrestricted,45200
08-04-2026,CM: Sienna GA,10-005313 REV-01,10-005313,RES 3.9K OHM 0.1% 1/10W 0603 AEC-Q,Electrical Components,OTS,ATLN,LINE,FALSE,Sienna Corporation,31089,0,0.029,901.581,0,1,Unrestricted,31089
08-04-2026,CM: Qualitel WA,814L-10-005314,10-005314,"Tape, Aluminum, 50.8 mm, Conductive Adhesive",Part,OTS,"Seattle, WA",Stock,FALSE,Qualitel,26.05,0,12.0418,313.68889,0,0,Unrestricted,26.05
08-04-2026,CM: Sienna GA,10-005348 REV-02,10-005348,"RCD Adapter, Inverter",Part,MTS,ATLN,MAIN,FALSE,Sienna Corporation,268,0,2,536,0,2,Unrestricted,268
08-04-2026,Lunar Netsuite,10-005362,10-005362,SENSOR CURRENT FLUX 300MA AC/DC,Electrical Components,OTS,JIT - Reno,NS,FALSE,Lunar Energy,277,0,41.8755,11599.5135,0,0,Unrestricted,277
08-04-2026,CM: Celestica MX,10-0053663MS,10-005366,"Scarf with Adhesive, Battery Block",Part,MTS,Monterrey Prod,1000,FALSE,Celestica,-2,0,45,-90,0,0,Unrestricted,-2
08-04-2026,CM: Sienna GA,10-005370 REV-01,10-005370,Conn Shrouded Header (4 Sides) HDR 4 POS 5.08mm Solder RA Side Entry Thru-Hole Cardboard,Electrical Components,OTS,ATLN,MAIN,FALSE,Sienna Corporation,777,0,1.257,976.689,0,1,Unrestricted,777
08-04-2026,CM: Sienna GA,10-005382 REV-02,10-005382,"Packaging, ESS Hardware Kit 20kWh Lunar Blue",Part,MTS,ATLN,WHS2,FALSE,Sienna Corporation,668,0,7.41,4949.88,0,2,Unrestricted,668
08-04-2026,CM: Sienna GA,10-005382 REV-02,10-005382,"Packaging, ESS Hardware Kit 20kWh Lunar Blue",Part,MTS,ATLN,LINE,FALSE,Sienna Corporation,11,0,7.41,81.51,0,2,Unrestricted,11
08-04-2026,CM: Qualitel WA,814L-10-005385,10-005385,"Label, Packaging, Carton",Part,MTS,"Seattle, WA",Stock,FALSE,Qualitel,300,0,0.05,15,0,0,Unrestricted,300
08-04-2026,CM: Sienna GA,10-005385 REV-05,10-005385,"Label, Packaging, Carton",Part,MTS,ATLN,LINE,FALSE,Sienna Corporation,121,0,0.05,6.05,0,5,Unrestricted,121
08-04-2026,CM: Qualitel WA,814L-10-005385,10-005385,"Label, Packaging, Carton",Part,MTS,"Seattle, WA",Stock,FALSE,Qualitel,20000,0,0.05,1000,0,0,Unrestricted,20000
08-04-2026,CM: Sienna GA,10-005411 REV-01,10-005411,RES 10K OHM 1% 1/10W 0603,Electrical Components,OTS,ATLN,LINE,FALSE,Sienna Corporation,2184,0,0.01,21.84,0,1,Unrestricted,2184
08-04-2026,CM: Qualitel WA,814L-10-005411,10-005411,RES 10K OHM 1% 1/10W 0603,Electrical Components,OTS,"Seattle, WA",Stock,FALSE,Qualitel,28151,0,0.0008,22.5208,0,0,Unrestricted,28151
08-04-2026,CM: Sienna GA,10-005411 REV-01,10-005411,RES 10K OHM 1% 1/10W 0603,Electrical Components,OTS,ATLN,MAIN,FALSE,Sienna Corporation,15000,0,0.01,150,0,1,Unrestricted,15000
08-04-2026,CM: Sienna GA,10-005421 REV-01,10-005421,"Cable Tie, REUSABLE",Part,OTS,ATLN,LINE,FALSE,Sienna Corporation,200,0,0.1573,31.46,0,1,Unrestricted,200
08-04-2026,Lunar Netsuite,10-005434,10-005434,"Assy, Inner Cover, Bridge, W/ Labels, Lunar Blue",Part,MTS,JIT - Reno,NS,FALSE,Lunar Energy,5,0,33.53,167.65,0,0,Unrestricted,5
08-04-2026,CM: Sienna GA,10-005481 REV-03,10-005481,"Wire Harness, Earth Ground Sense, Bridge, Type B",Part,MTS,ATLN,RIQC,FALSE,Sienna Corporation,614,0,1.52,933.28,0,3,Unrestricted,614
08-04-2026,CM: Sienna GA,10-005481 REV-03,10-005481,"Wire Harness, Earth Ground Sense, Bridge, Type B",Part,MTS,ATLN,RL23,FALSE,Sienna Corporation,520,0,1.52,790.4,0,3,Unrestricted,520
08-04-2026,CM: Sienna GA,10-005481 REV-03,10-005481,"Wire Harness, Earth Ground Sense, Bridge, Type B",Part,MTS,ATLN,MAIN,FALSE,Sienna Corporation,165,0,1.52,250.8,0,3,Unrestricted,165
08-04-2026,CM: Sienna GA,10-005481 REV-03,10-005481,"Wire Harness, Earth Ground Sense, Bridge, Type B",Part,MTS,ATLN,LINE,FALSE,Sienna Corporation,92,0,1.52,139.84,0,3,Unrestricted,92
08-04-2026,CM: Sienna GA,10-005491 REV-01,10-005491,"RF Pass Thru, Molded, D",Part,MTS,ATLN,LINE,FALSE,Sienna Corporation,30,0,29.99,899.7,0,1,Unrestricted,30
08-04-2026,Lunar Netsuite,10-005501,10-005501,"Assy, Enclosure Door, Bridge, W/ Terminal Diagram Label, Lunar Blue",Part,MTS,JIT - Reno,NS,FALSE,Lunar Energy,4,0,35.52,142.08,0,0,Unrestricted,4
08-04-2026,Lunar Netsuite,10-005510,10-005510,"Filter Module, Common Mode Choke, Inverter Wire Compartment",Part,MTS,JIT - Reno,NS,FALSE,Lunar Energy,5,0,54.52,272.6,0,0,Unrestricted,5
08-04-2026,CM: Sienna GA,10-005512 REV-01,10-005512,"Sled, Filter Module",Part,MTS,ATLN,RQ81,FALSE,Sienna Corporation,599,0,8.8,5271.2,0,1,Unrestricted,599
08-04-2026,CM: Sienna GA,10-005518 REV-01,10-005518,"Mounting Plate, Filter Module",Part,MTS,ATLN,LINE,FALSE,Sienna Corporation,19,0,6.7,127.3,0,1,Unrestricted,19
08-04-2026,CM: Sienna GA,10-005537 REV-01,10-005537,"Ferrule, 7 AWG, 18mm Pin",Part,OTS,ATLN,MAIN,FALSE,Sienna Corporation,2,0,0.27,0.54,0,1,Unrestricted,2
08-04-2026,CM: Sienna GA,10-005538 REV-01,10-005538,"Wire, BLK, 10AWG High Flex, UL Listed as AWM, 105C",Part,OTS,ATLN,EXIN,FALSE,Sienna Corporation,2500,0,0.676,1690,0,1,Unrestricted,2500
08-04-2026,CM: Sienna GA,10-005572 REV-01,10-005572,"Enclosure with Holes, Plastic, Wiring Compartment, Inverter, D",Part,MTS,ATLN,WHS2,FALSE,Sienna Corporation,4,0,22.05,88.2,0,1,Unrestricted,4
08-04-2026,CM: Sienna GA,10-005572 REV-01,10-005572,"Enclosure with Holes, Plastic, Wiring Compartment, Inverter, D",Part,MTS,ATLN,PDRW,FALSE,Sienna Corporation,18,0,22.05,396.9,0,1,Unrestricted,18
08-04-2026,CM: Sienna GA,10-005577 REV-02,10-005577,"Cable Tie, Locking, Black, 50lbs, Nylon, 188 x 4.8 mm",Part,OTS,ATLN,LINE,FALSE,Sienna Corporation,1896,0,0.043,81.528,0,2,Unrestricted,1896
08-04-2026,CM: Sienna GA,10-005577 REV-02,10-005577,"Cable Tie, Locking, Black, 50lbs, Nylon, 188 x 4.8 mm",Part,OTS,ATLN,PAMS,FALSE,Sienna Corporation,1242,0,0.043,53.406,0,2,Unrestricted,1242
08-04-2026,CM: Sienna GA,10-005577 REV-02,10-005577,"Cable Tie, Locking, Black, 50lbs, Nylon, 188 x 4.8 mm",Part,OTS,ATLN,PAWH,FALSE,Sienna Corporation,3000,0,0.043,129,0,2,Unrestricted,3000
08-04-2026,CM: Sienna GA,10-005577 REV-02,10-005577,"Cable Tie, Locking, Black, 50lbs, Nylon, 188 x 4.8 mm",Part,OTS,ATLN,RIQC,FALSE,Sienna Corporation,2083,0,0.043,89.569,0,2,Unrestricted,2083
08-04-2026,CM: Qualitel WA,814L-10-005579,10-005579,RES 0 OHM JUMPER 1/16W 0402,Electrical Components,OTS,"Seattle, WA",Stock,FALSE,Qualitel,20620,0,0.0005,10.31,0,0,Unrestricted,20620
08-04-2026,CM: Sienna GA,10-005597 REV-01,10-005597,"Wire, WHT, 10AWG High Flex, UL Listed as AWM, 105C",Part,OTS,ATLN,EXIN,FALSE,Sienna Corporation,1500,0,0.676,1014,0,1,Unrestricted,1500
08-04-2026,CM: Sienna GA,10-005598 REV-01,10-005598,"Wire, RED, 10AWG High Flex, UL Listed as AWM, 105C",Part,OTS,ATLN,EXIN,FALSE,Sienna Corporation,2500,0,0.676,1690,0,1,Unrestricted,2500
08-04-2026,CM: Sienna GA,10-005633 REV-03,10-005633,"Front Door Hinge, Sheet Metal, Inverter",Assembly,MTS,ATLN,RIQC,FALSE,Sienna Corporation,1288,0,2.42,3116.96,0,3,Unrestricted,1288
08-04-2026,CM: Sienna GA,10-005633 REV-03,10-005633,"Front Door Hinge, Sheet Metal, Inverter",Assembly,MTS,ATLN,RQA1,FALSE,Sienna Corporation,150,0,2.42,363,0,3,Unrestricted,150
08-04-2026,CM: Celestica MX,10-0056813MS,10-005681,FIXED IND 10UH 28A 2.5 MOHM SMD,Electrical Components,OTS,Monterrey Prod,1000,FALSE,Celestica,-2,0,1.88,-3.76,0,0,Unrestricted,-2
08-04-2026,CM: Qualitel WA,814L-10-005681,10-005681,FIXED IND 10UH 28A 2.5 MOHM SMD,Electrical Components,OTS,"Seattle, WA",Stock,FALSE,Qualitel,11501,0,1.39,15986.39,0,0,Unrestricted,11501
08-04-2026,Lunar Netsuite,10-005681,10-005681,FIXED IND 10UH 28A 2.5 MOHM SMD,Electrical Components,OTS,CA - Ravendale,NS,FALSE,Lunar Energy,35,0,1.85,64.75,0,0,Unrestricted,35
08-04-2026,Lunar Netsuite,10-005681,10-005681,FIXED IND 10UH 28A 2.5 MOHM SMD,Electrical Components,OTS,JIT - Reno,NS,FALSE,Lunar Energy,1356,0,1.88,2549.28,0,0,Unrestricted,1356
08-04-2026,CM: Sienna GA,10-005726 REV-01,10-005726,"Packaging, Inverter with Cover and Brackets",Part,MTS,ATLN,WHS2,FALSE,Sienna Corporation,32,0,41.47,1327.04,0,1,Unrestricted,32
08-04-2026,CM: Sienna GA,10-005762 REV-02,10-005762,"Inverter Packaging, Box",Part,MTS,ATLN,PAWH,FALSE,Sienna Corporation,1240,0,0,0,0,2,Unrestricted,1240
08-04-2026,CM: Sienna GA,10-005762 REV-02,10-005762,"Inverter Packaging, Box",Part,MTS,ATLN,WHS2,FALSE,Sienna Corporation,28,0,0,0,0,2,Unrestricted,28
08-04-2026,CM: Sienna GA,10-005763 REV-01,10-005763,"Inverter Packaging, V Board",Part,MTS,ATLN,RC22,FALSE,Sienna Corporation,2796,0,0,0,0,1,Unrestricted,2796
08-04-2026,CM: Sienna GA,10-005763 REV-01,10-005763,"Inverter Packaging, V Board",Part,MTS,ATLN,PAWH,FALSE,Sienna Corporation,7248,0,0,0,0,1,Unrestricted,7248
08-04-2026,CM: Sienna GA,10-005763 REV-01,10-005763,"Inverter Packaging, V Board",Part,MTS,ATLN,WHS2,FALSE,Sienna Corporation,16,0,0,0,0,1,Unrestricted,16
08-04-2026,CM: Sienna GA,10-005784 REV-01,10-005784,"Heavyweight Poly Bag, 2 x 4"" 4 Mil Reclosable",Part,OTS,ATLN,LINE,FALSE,Sienna Corporation,3279,0,0.044,144.276,0,1,Unrestricted,3279
08-04-2026,CM: Sienna GA,10-005784 REV-01,10-005784,"Heavyweight Poly Bag, 2 x 4"" 4 Mil Reclosable",Part,OTS,ATLN,MAIN,FALSE,Sienna Corporation,1000,0,0.044,44,0,1,Unrestricted,1000
08-04-2026,CM: Sienna GA,10-005785 REV-03,10-005785,"PCBA 1 with Conformal Coating, Interface, Bridge",Part,MTS,ATLN,LINE,FALSE,Sienna Corporation,129,0,0,0,0,3,Unrestricted,129
08-04-2026,Lunar Netsuite,10-005785,10-005785,"PCBA 1 with Conformal Coating, Interface, Bridge",Part,MTS,CA - Ravendale,NS,FALSE,Lunar Energy,4,0,0,0,0,0,Unrestricted,4
08-04-2026,CM: Sienna GA,10-005786 REV-02,10-005786,"PCBA 2 with Conformal Coating, Control, Bridge",Part,MTS,ATLN,LINE,FALSE,Sienna Corporation,290,0,0,0,0,2,Unrestricted,290
08-04-2026,Lunar Netsuite,10-005786,10-005786,"PCBA 2 with Conformal Coating, Control, Bridge",Part,MTS,CA - Ravendale,NS,FALSE,Lunar Energy,5,0,0,0,0,0,Unrestricted,5
08-04-2026,CM: Sienna GA,10-005825 REV-01,10-005825,IC Op Amp Single GP R-R O/P 5.5V Automotive AEC-Q100 5-Pin SOT-23,Electrical Components,OTS,ATLN,LINE,FALSE,Sienna Corporation,4438,0,0.5367,2381.8746,0,1,Unrestricted,4438
08-04-2026,CM: Qualitel WA,814L-10-005825,10-005825,IC Op Amp Single GP R-R O/P 5.5V Automotive AEC-Q100 5-Pin SOT-23,Electrical Components,OTS,"Seattle, WA",Stock,FALSE,Qualitel,6757,0,0.279,1885.203,0,0,Unrestricted,6757
08-04-2026,CM: Sienna GA,10-005828 REV-01,10-005828,"Top Cover Gasket, Filter Board, Inverter, D",Part,MTS,ATLN,RJ48,FALSE,Sienna Corporation,1777,0,5.89,10466.53,0,1,Unrestricted,1777
08-04-2026,CM: Sienna GA,10-005828 REV-01,10-005828,"Top Cover Gasket, Filter Board, Inverter, D",Part,MTS,ATLN,RQ82,FALSE,Sienna Corporation,2290,0,5.89,13488.1,0,1,Unrestricted,2290
08-04-2026,CM: Sienna GA,10-005831 REV-02,10-005831,"HARNESS,JMPR,NANO-FIT,2 POS",Part,MTS,ATLN,RIQC,FALSE,Sienna Corporation,6648,0,1.44,9573.12,0,2,Unrestricted,6648
08-04-2026,CM: Sienna GA,10-005831 REV-02,10-005831,"HARNESS,JMPR,NANO-FIT,2 POS",Part,MTS,ATLN,PAWH,FALSE,Sienna Corporation,3100,0,1.44,4464,0,2,Unrestricted,3100
08-04-2026,CM: Sienna GA,10-005831 REV-02,10-005831,"HARNESS,JMPR,NANO-FIT,2 POS",Part,MTS,ATLN,RPB2,FALSE,Sienna Corporation,439,0,1.44,632.16,0,2,Unrestricted,439
08-04-2026,CM: Sienna GA,10-005834 REV-01,10-005834,Rectifier Diode Small Signal Switching 85V 0.215A 3000ns 2-Pin SOD-323 T/R,Electrical Components,OTS,ATLN,LINE,FALSE,Sienna Corporation,19296,0,0.015,289.44,0,1,Unrestricted,19296
08-04-2026,CM: Sienna GA,10-005834 REV-01,10-005834,Rectifier Diode Small Signal Switching 85V 0.215A 3000ns 2-Pin SOD-323 T/R,Electrical Components,OTS,ATLN,MAIN,FALSE,Sienna Corporation,6000,0,0.015,90,0,1,Unrestricted,6000
08-04-2026,CM: Qualitel WA,814L-10-005834,10-005834,Rectifier Diode Small Signal Switching 85V 0.215A 3000ns 2-Pin SOD-323 T/R,Electrical Components,OTS,"Seattle, WA",Stock,FALSE,Qualitel,10014,0,0.0158,158.2212,0,0,Unrestricted,10014
08-04-2026,CM: Sienna GA,10-005843 REV-01,10-005843,"Wire Harness,Inverter,Antenna Pass-Thru-Module",Part,MTS,ATLN,PAWH,FALSE,Sienna Corporation,1775,0,3.21,5697.75,0,1,Unrestricted,1775
08-04-2026,CM: Sienna GA,10-005843 REV-01,10-005843,"Wire Harness,Inverter,Antenna Pass-Thru-Module",Part,MTS,ATLN,RI53,FALSE,Sienna Corporation,200,0,3.21,642,0,1,Unrestricted,200
08-04-2026,CM: Sienna GA,10-005843 REV-01,10-005843,"Wire Harness,Inverter,Antenna Pass-Thru-Module",Part,MTS,ATLN,RIQC,FALSE,Sienna Corporation,773,0,3.21,2481.33,0,1,Unrestricted,773
08-04-2026,CM: Sienna GA,10-005843 REV-01,10-005843,"Wire Harness,Inverter,Antenna Pass-Thru-Module",Part,MTS,ATLN,WHS2,FALSE,Sienna Corporation,3,0,3.21,9.63,0,1,Unrestricted,3
08-04-2026,CM: Sienna GA,10-005846 REV-01,10-005846,"Wire Harness, AFCI, Power Module",Part,MTS,ATLN,RTA2,FALSE,Sienna Corporation,1632,0,1.53,2496.96,0,1,Unrestricted,1632
08-04-2026,CM: Sienna GA,10-005846 REV-01,10-005846,"Wire Harness, AFCI, Power Module",Part,MTS,ATLN,RIQC,FALSE,Sienna Corporation,1167,0,1.53,1785.51,0,1,Unrestricted,1167
08-04-2026,CM: Sienna GA,10-005846 REV-01,10-005846,"Wire Harness, AFCI, Power Module",Part,MTS,ATLN,WHS2,FALSE,Sienna Corporation,31,0,1.53,47.43,0,1,Unrestricted,31
08-04-2026,CM: Sienna GA,10-005851 REV-02,10-005851,"Packaging, Bridge, RSC Shipping Box",Part,OTS,ATLN,PAWH,FALSE,Sienna Corporation,779,0,6.98,5437.42,0,2,Unrestricted,779
08-04-2026,CM: Sienna GA,10-005851 REV-02,10-005851,"Packaging, Bridge, RSC Shipping Box",Part,OTS,ATLN,RIQC,FALSE,Sienna Corporation,551,0,6.98,3845.98,0,2,Unrestricted,551
08-04-2026,CM: Sienna GA,10-005852 REV-01,10-005852,"Packaging, Bridge, Front Cap Pad",Part,OTS,ATLN,RF52,FALSE,Sienna Corporation,1608,0,0.76,1222.08,0,1,Unrestricted,1608
08-04-2026,CM: Sienna GA,10-005853 REV-01,10-005853,"Packaging, Bridge, Front Cap Frame",Part,OTS,ATLN,RF37,FALSE,Sienna Corporation,75,0,0.63,47.25,0,1,Unrestricted,75
08-04-2026,CM: Sienna GA,10-005853 REV-01,10-005853,"Packaging, Bridge, Front Cap Frame",Part,OTS,ATLN,RF38,FALSE,Sienna Corporation,1800,0,0.63,1134,0,1,Unrestricted,1800
08-04-2026,CM: Sienna GA,10-005853 REV-01,10-005853,"Packaging, Bridge, Front Cap Frame",Part,OTS,ATLN,WHS2,FALSE,Sienna Corporation,1505,0,0.63,948.15,0,1,Unrestricted,1505
08-04-2026,CM: Sienna GA,10-005853 REV-01,10-005853,"Packaging, Bridge, Front Cap Frame",Part,OTS,ATLN,PAWH,FALSE,Sienna Corporation,3119,0,0.63,1964.97,0,1,Unrestricted,3119
08-04-2026,CM: Sienna GA,10-005853 REV-01,10-005853,"Packaging, Bridge, Front Cap Frame",Part,OTS,ATLN,RIQC,FALSE,Sienna Corporation,384,0,0.63,241.92,0,1,Unrestricted,384
08-04-2026,CM: Sienna GA,10-005853 REV-01,10-005853,"Packaging, Bridge, Front Cap Frame",Part,OTS,ATLN,RF36,FALSE,Sienna Corporation,835,0,0.63,526.05,0,1,Unrestricted,835
08-04-2026,CM: Sienna GA,10-005854 REV-01,10-005854,"Packaging, Bridge, Front Cap Wrap",Part,OTS,ATLN,RD87,FALSE,Sienna Corporation,500,0,3.16,1580,0,1,Unrestricted,500
08-04-2026,CM: Sienna GA,10-005854 REV-01,10-005854,"Packaging, Bridge, Front Cap Wrap",Part,OTS,ATLN,RD77,FALSE,Sienna Corporation,452,0,3.16,1428.32,0,1,Unrestricted,452
08-04-2026,CM: Sienna GA,10-005854 REV-01,10-005854,"Packaging, Bridge, Front Cap Wrap",Part,OTS,ATLN,RD76,FALSE,Sienna Corporation,314,0,3.16,992.24,0,1,Unrestricted,314
08-04-2026,CM: Sienna GA,10-005854 REV-01,10-005854,"Packaging, Bridge, Front Cap Wrap",Part,OTS,ATLN,RD65,FALSE,Sienna Corporation,16,0,3.16,50.56,0,1,Unrestricted,16
08-04-2026,CM: Sienna GA,10-005854 REV-01,10-005854,"Packaging, Bridge, Front Cap Wrap",Part,OTS,ATLN,RD88,FALSE,Sienna Corporation,102,0,3.16,322.32,0,1,Unrestricted,102
08-04-2026,CM: Sienna GA,10-005855 REV-01,10-005855,"Packaging, Bridge, Back Cap Wrap",Part,OTS,ATLN,RD74,FALSE,Sienna Corporation,500,0,3.16,1580,0,1,Unrestricted,500
08-04-2026,CM: Sienna GA,10-005855 REV-01,10-005855,"Packaging, Bridge, Back Cap Wrap",Part,OTS,ATLN,RD67,FALSE,Sienna Corporation,19,0,3.16,60.04,0,1,Unrestricted,19
08-04-2026,CM: Sienna GA,10-005855 REV-01,10-005855,"Packaging, Bridge, Back Cap Wrap",Part,OTS,ATLN,LINE,FALSE,Sienna Corporation,124,0,3.16,391.84,0,1,Unrestricted,124
08-04-2026,CM: Sienna GA,10-005855 REV-01,10-005855,"Packaging, Bridge, Back Cap Wrap",Part,OTS,ATLN,RD77,FALSE,Sienna Corporation,244,0,3.16,771.04,0,1,Unrestricted,244
08-04-2026,CM: Sienna GA,10-005856 REV-01,10-005856,"Packaging, Bridge, Back Cap Frame",Part,OTS,ATLN,RF68,FALSE,Sienna Corporation,26,0,0.63,16.38,0,1,Unrestricted,26
08-04-2026,CM: Sienna GA,10-005856 REV-01,10-005856,"Packaging, Bridge, Back Cap Frame",Part,OTS,ATLN,RE67,FALSE,Sienna Corporation,655,0,0.63,412.65,0,1,Unrestricted,655
08-04-2026,CM: Sienna GA,10-005856 REV-01,10-005856,"Packaging, Bridge, Back Cap Frame",Part,OTS,ATLN,RF62,FALSE,Sienna Corporation,1800,0,0.63,1134,0,1,Unrestricted,1800
08-04-2026,CM: Sienna GA,10-005856 REV-01,10-005856,"Packaging, Bridge, Back Cap Frame",Part,OTS,ATLN,RF66,FALSE,Sienna Corporation,2195,0,0.63,1382.85,0,1,Unrestricted,2195
08-04-2026,CM: Sienna GA,10-005856 REV-01,10-005856,"Packaging, Bridge, Back Cap Frame",Part,OTS,ATLN,WHS2,FALSE,Sienna Corporation,24,0,0.63,15.12,0,1,Unrestricted,24
08-04-2026,CM: Sienna GA,10-005856 REV-01,10-005856,"Packaging, Bridge, Back Cap Frame",Part,OTS,ATLN,RF58,FALSE,Sienna Corporation,125,0,0.63,78.75,0,1,Unrestricted,125
08-04-2026,CM: Sienna GA,10-005856 REV-01,10-005856,"Packaging, Bridge, Back Cap Frame",Part,OTS,ATLN,RIQC,FALSE,Sienna Corporation,5,0,0.63,3.15,0,1,Unrestricted,5
08-04-2026,CM: Sienna GA,10-005856 REV-01,10-005856,"Packaging, Bridge, Back Cap Frame",Part,OTS,ATLN,RE65,FALSE,Sienna Corporation,15,0,0.63,9.45,0,1,Unrestricted,15
08-04-2026,CM: Sienna GA,10-005856 REV-01,10-005856,"Packaging, Bridge, Back Cap Frame",Part,OTS,ATLN,RF54,FALSE,Sienna Corporation,1800,0,0.63,1134,0,1,Unrestricted,1800
08-04-2026,CM: Sienna GA,10-005857 REV-01,10-005857,"Packaging, Bridge, Back Cap Pad",Part,OTS,ATLN,RD65,FALSE,Sienna Corporation,53,0,0.76,40.28,0,1,Unrestricted,53
08-04-2026,CM: Sienna GA,10-005857 REV-01,10-005857,"Packaging, Bridge, Back Cap Pad",Part,OTS,ATLN,RD61,FALSE,Sienna Corporation,6,0,0.76,4.56,0,1,Unrestricted,6
08-04-2026,CM: Sienna GA,10-005857 REV-01,10-005857,"Packaging, Bridge, Back Cap Pad",Part,OTS,ATLN,RD63,FALSE,Sienna Corporation,1122,0,0.76,852.72,0,1,Unrestricted,1122
08-04-2026,CM: Sienna GA,10-005857 REV-01,10-005857,"Packaging, Bridge, Back Cap Pad",Part,OTS,ATLN,RECV,FALSE,Sienna Corporation,229,0,0.76,174.04,0,1,Unrestricted,229
08-04-2026,CM: Sienna GA,10-005857 REV-01,10-005857,"Packaging, Bridge, Back Cap Pad",Part,OTS,ATLN,RG62,FALSE,Sienna Corporation,1069,0,0.76,812.44,0,1,Unrestricted,1069
08-04-2026,CM: Sienna GA,10-005858 REV-01,10-005858,"Packaging, Bridge, Top Cover Frame",Part,OTS,ATLN,RF57,FALSE,Sienna Corporation,2,0,3.92,7.84,0,1,Unrestricted,2
08-04-2026,CM: Sienna GA,10-005858 REV-01,10-005858,"Packaging, Bridge, Top Cover Frame",Part,OTS,ATLN,LINE,FALSE,Sienna Corporation,494,0,3.92,1936.48,0,1,Unrestricted,494
08-04-2026,CM: Sienna GA,10-005858 REV-01,10-005858,"Packaging, Bridge, Top Cover Frame",Part,OTS,ATLN,RE34,FALSE,Sienna Corporation,250,0,3.92,980,0,1,Unrestricted,250
08-04-2026,CM: Sienna GA,10-005858 REV-01,10-005858,"Packaging, Bridge, Top Cover Frame",Part,OTS,ATLN,RE43,FALSE,Sienna Corporation,250,0,3.92,980,0,1,Unrestricted,250
08-04-2026,CM: Sienna GA,10-005858 REV-01,10-005858,"Packaging, Bridge, Top Cover Frame",Part,OTS,ATLN,RE44,FALSE,Sienna Corporation,281,0,3.92,1101.52,0,1,Unrestricted,281
08-04-2026,CM: Sienna GA,10-005859 REV-01,10-005859,"Packaging, Bridge, Top Cover Support",Part,OTS,ATLN,LINE,FALSE,Sienna Corporation,212,0,2.37,502.44,0,1,Unrestricted,212
08-04-2026,CM: Sienna GA,10-005859 REV-01,10-005859,"Packaging, Bridge, Top Cover Support",Part,OTS,ATLN,RF37,FALSE,Sienna Corporation,56,0,2.37,132.72,0,1,Unrestricted,56
08-04-2026,CM: Sienna GA,10-005859 REV-01,10-005859,"Packaging, Bridge, Top Cover Support",Part,OTS,ATLN,WHS2,FALSE,Sienna Corporation,15,0,2.37,35.55,0,1,Unrestricted,15
08-04-2026,CM: Sienna GA,10-005859 REV-01,10-005859,"Packaging, Bridge, Top Cover Support",Part,OTS,ATLN,RF44,FALSE,Sienna Corporation,555,0,2.37,1315.35,0,1,Unrestricted,555
08-04-2026,CM: Sienna GA,10-005859 REV-01,10-005859,"Packaging, Bridge, Top Cover Support",Part,OTS,ATLN,RF42,FALSE,Sienna Corporation,153,0,2.37,362.61,0,1,Unrestricted,153
08-04-2026,CM: Sienna GA,10-005860 REV-01,10-005860,"Packaging, Bridge, Top Cover Support Pad",Part,OTS,ATLN,LINE,FALSE,Sienna Corporation,212,0,1.66,351.92,0,1,Unrestricted,212
08-04-2026,CM: Sienna GA,10-005860 REV-01,10-005860,"Packaging, Bridge, Top Cover Support Pad",Part,OTS,ATLN,RE75,FALSE,Sienna Corporation,17,0,1.66,28.22,0,1,Unrestricted,17
08-04-2026,CM: Sienna GA,10-005860 REV-01,10-005860,"Packaging, Bridge, Top Cover Support Pad",Part,OTS,ATLN,RF63,FALSE,Sienna Corporation,500,0,1.66,830,0,1,Unrestricted,500
08-04-2026,CM: Sienna GA,10-005860 REV-01,10-005860,"Packaging, Bridge, Top Cover Support Pad",Part,OTS,ATLN,WHS2,FALSE,Sienna Corporation,17,0,1.66,28.22,0,1,Unrestricted,17
08-04-2026,CM: Sienna GA,10-005860 REV-01,10-005860,"Packaging, Bridge, Top Cover Support Pad",Part,OTS,ATLN,RF67,FALSE,Sienna Corporation,328,0,1.66,544.48,0,1,Unrestricted,328
08-04-2026,CM: Sienna GA,10-005861 REV-01,10-005861,"Packaging, Bridge, Top Pad",Part,OTS,ATLN,RF31,FALSE,Sienna Corporation,485,0,1.05,509.25,0,1,Unrestricted,485
08-04-2026,CM: Sienna GA,10-005861 REV-01,10-005861,"Packaging, Bridge, Top Pad",Part,OTS,ATLN,LINE,FALSE,Sienna Corporation,212,0,1.05,222.6,0,1,Unrestricted,212
08-04-2026,CM: Sienna GA,10-005861 REV-01,10-005861,"Packaging, Bridge, Top Pad",Part,OTS,ATLN,RF33,FALSE,Sienna Corporation,663,0,1.05,696.15,0,1,Unrestricted,663
08-04-2026,CM: Sienna GA,10-005864 REV-1,10-005864,"Packaging, Maximizer, Center Support Bar",Part,OTS,ATLN,RIQC,FALSE,Sienna Corporation,912.9000244,0,0,0,0,1,Unrestricted,912.9000244
08-04-2026,CM: Sienna GA,10-005864 REV-1,10-005864,"Packaging, Maximizer, Center Support Bar",Part,OTS,ATLN,RD68,FALSE,Sienna Corporation,104.5999985,0,0,0,0,1,Unrestricted,104.5999985
08-04-2026,CM: Sienna GA,10-005864 REV-1,10-005864,"Packaging, Maximizer, Center Support Bar",Part,OTS,ATLN,PAWH,FALSE,Sienna Corporation,1800,0,0,0,0,1,Unrestricted,1800
08-04-2026,CM: Sienna GA,10-005864 REV-1,10-005864,"Packaging, Maximizer, Center Support Bar",Part,OTS,ATLN,RD66,FALSE,Sienna Corporation,265,0,0,0,0,1,Unrestricted,265
08-04-2026,CM: Sienna GA,10-005864 REV-1,10-005864,"Packaging, Maximizer, Center Support Bar",Part,OTS,ATLN,WHS2,FALSE,Sienna Corporation,0.8500000238,0,0,0,0,1,Unrestricted,0.8500000238
08-04-2026,CM: Sienna GA,10-005865 REV-1,10-005865,"Packaging, Maximizer, Partition Width",Part,OTS,ATLN,PAWH,FALSE,Sienna Corporation,18900,0,0,0,0,1,Unrestricted,18900
08-04-2026,CM: Sienna GA,10-005865 REV-1,10-005865,"Packaging, Maximizer, Partition Width",Part,OTS,ATLN,RIQC,FALSE,Sienna Corporation,8268.5,0,0,0,0,1,Unrestricted,8268.5
08-04-2026,CM: Sienna GA,10-005865 REV-1,10-005865,"Packaging, Maximizer, Partition Width",Part,OTS,ATLN,WHS2,FALSE,Sienna Corporation,18.35000038,0,0,0,0,1,Unrestricted,18.35000038
08-04-2026,CM: Sienna GA,10-005866 REV-1,10-005866,"Packaging, Maximizer, Partition Length Center",Part,OTS,ATLN,RC55,FALSE,Sienna Corporation,0.150000006,0,0,0,0,1,Unrestricted,0.150000006
08-04-2026,CM: Sienna GA,10-005866 REV-1,10-005866,"Packaging, Maximizer, Partition Length Center",Part,OTS,ATLN,PAWH,FALSE,Sienna Corporation,1762.550049,0,0,0,0,1,Unrestricted,1762.550049
08-04-2026,CM: Sienna GA,10-005866 REV-1,10-005866,"Packaging, Maximizer, Partition Length Center",Part,OTS,ATLN,RC51,FALSE,Sienna Corporation,821.6500244,0,0,0,0,1,Unrestricted,821.6500244
08-04-2026,CM: Sienna GA,10-005867 REV-1,10-005867,"Packaging, Maximizer, Partition Length",Part,OTS,ATLN,WHS2,FALSE,Sienna Corporation,0.6000000238,0,0,0,0,1,Unrestricted,0.6000000238
08-04-2026,CM: Sienna GA,10-005867 REV-1,10-005867,"Packaging, Maximizer, Partition Length",Part,OTS,ATLN,RC48,FALSE,Sienna Corporation,1200,0,0,0,0,1,Unrestricted,1200
08-04-2026,CM: Sienna GA,10-005867 REV-1,10-005867,"Packaging, Maximizer, Partition Length",Part,OTS,ATLN,PAWH,FALSE,Sienna Corporation,3525.100098,0,0,0,0,1,Unrestricted,3525.100098
08-04-2026,CM: Sienna GA,10-005867 REV-1,10-005867,"Packaging, Maximizer, Partition Length",Part,OTS,ATLN,RC44,FALSE,Sienna Corporation,1172.900024,0,0,0,0,1,Unrestricted,1172.900024
08-04-2026,CM: Sienna GA,10-005867 REV-1,10-005867,"Packaging, Maximizer, Partition Length",Part,OTS,ATLN,RC54,FALSE,Sienna Corporation,324.1000061,0,0,0,0,1,Unrestricted,324.1000061
08-04-2026,CM: Sienna GA,10-005868 REV-1,10-005868,"Packaging, Maximizer, Bottom Pad",Part,OTS,ATLN,RC36,FALSE,Sienna Corporation,13.94999981,0,0,0,0,1,Unrestricted,13.94999981
08-04-2026,CM: Sienna GA,10-005868 REV-1,10-005868,"Packaging, Maximizer, Bottom Pad",Part,OTS,ATLN,RC34,FALSE,Sienna Corporation,4.650000095,0,0,0,0,1,Unrestricted,4.650000095
08-04-2026,CM: Sienna GA,10-005868 REV-1,10-005868,"Packaging, Maximizer, Bottom Pad",Part,OTS,ATLN,RC23,FALSE,Sienna Corporation,407.2999878,0,0,0,0,1,Unrestricted,407.2999878
08-04-2026,CM: Sienna GA,10-005868 REV-1,10-005868,"Packaging, Maximizer, Bottom Pad",Part,OTS,ATLN,PAWH,FALSE,Sienna Corporation,2362.350098,0,0,0,0,1,Unrestricted,2362.350098
08-04-2026,CM: Sienna GA,10-005868 REV-1,10-005868,"Packaging, Maximizer, Bottom Pad",Part,OTS,ATLN,RC24,FALSE,Sienna Corporation,600,0,0,0,0,1,Unrestricted,600
08-04-2026,CM: Sienna GA,10-005868 REV-1,10-005868,"Packaging, Maximizer, Bottom Pad",Part,OTS,ATLN,RC33,FALSE,Sienna Corporation,600,0,0,0,0,1,Unrestricted,600
08-04-2026,CM: Sienna GA,10-005868 REV-1,10-005868,"Packaging, Maximizer, Bottom Pad",Part,OTS,ATLN,RB45,FALSE,Sienna Corporation,0.1000000015,0,0,0,0,1,Unrestricted,0.1000000015
08-04-2026,CM: Sienna GA,10-005869 REV-2,10-005869,"Packaging, Maximizer, RSC Shipping Box",Part,OTS,ATLN,RB58,FALSE,Sienna Corporation,75,0,0,0,0,2,Unrestricted,75
08-04-2026,CM: Sienna GA,10-005869 REV-2,10-005869,"Packaging, Maximizer, RSC Shipping Box",Part,OTS,ATLN,RIQC,FALSE,Sienna Corporation,27.54999924,0,0,0,0,2,Unrestricted,27.54999924
08-04-2026,CM: Sienna GA,10-005869 REV-2,10-005869,"Packaging, Maximizer, RSC Shipping Box",Part,OTS,ATLN,PAWH,FALSE,Sienna Corporation,2327,0,0,0,0,2,Unrestricted,2327
08-04-2026,CM: Sienna GA,10-005869 REV-2,10-005869,"Packaging, Maximizer, RSC Shipping Box",Part,OTS,ATLN,RB43,FALSE,Sienna Corporation,62.95000076,0,0,0,0,2,Unrestricted,62.95000076
08-04-2026,CM: Sienna GA,10-005869 REV-2,10-005869,"Packaging, Maximizer, RSC Shipping Box",Part,OTS,ATLN,RE66,FALSE,Sienna Corporation,76,0,0,0,0,2,Unrestricted,76
08-04-2026,CM: Sienna GA,10-005869 REV-2,10-005869,"Packaging, Maximizer, RSC Shipping Box",Part,OTS,ATLN,RB56,FALSE,Sienna Corporation,75,0,0,0,0,2,Unrestricted,75
08-04-2026,CM: Sienna GA,10-005869 REV-2,10-005869,"Packaging, Maximizer, RSC Shipping Box",Part,OTS,ATLN,RE68,FALSE,Sienna Corporation,75,0,0,0,0,2,Unrestricted,75
08-04-2026,CM: Sienna GA,10-005869 REV-2,10-005869,"Packaging, Maximizer, RSC Shipping Box",Part,OTS,ATLN,RB47,FALSE,Sienna Corporation,75,0,0,0,0,2,Unrestricted,75
08-04-2026,CM: Sienna GA,10-005869 REV-2,10-005869,"Packaging, Maximizer, RSC Shipping Box",Part,OTS,ATLN,RB57,FALSE,Sienna Corporation,75,0,0,0,0,2,Unrestricted,75
08-04-2026,CM: Sienna GA,10-005869 REV-2,10-005869,"Packaging, Maximizer, RSC Shipping Box",Part,OTS,ATLN,RB55,FALSE,Sienna Corporation,75,0,0,0,0,2,Unrestricted,75
08-04-2026,CM: Sienna GA,10-005869 REV-2,10-005869,"Packaging, Maximizer, RSC Shipping Box",Part,OTS,ATLN,RB45,FALSE,Sienna Corporation,75,0,0,0,0,2,Unrestricted,75
08-04-2026,CM: Sienna GA,10-005869 REV-2,10-005869,"Packaging, Maximizer, RSC Shipping Box",Part,OTS,ATLN,RE67,FALSE,Sienna Corporation,76,0,0,0,0,2,Unrestricted,76
08-04-2026,CM: Sienna GA,10-005869 REV-2,10-005869,"Packaging, Maximizer, RSC Shipping Box",Part,OTS,ATLN,RB66,FALSE,Sienna Corporation,75,0,0,0,0,2,Unrestricted,75
08-04-2026,CM: Sienna GA,10-005869 REV-2,10-005869,"Packaging, Maximizer, RSC Shipping Box",Part,OTS,ATLN,RB54,FALSE,Sienna Corporation,75,0,0,0,0,2,Unrestricted,75
08-04-2026,CM: Sienna GA,10-005869 REV-2,10-005869,"Packaging, Maximizer, RSC Shipping Box",Part,OTS,ATLN,RC17,FALSE,Sienna Corporation,53.04999924,0,0,0,0,2,Unrestricted,53.04999924
08-04-2026,CM: Sienna GA,10-005869 REV-2,10-005869,"Packaging, Maximizer, RSC Shipping Box",Part,OTS,ATLN,RC18,FALSE,Sienna Corporation,0.200000003,0,0,0,0,2,Unrestricted,0.200000003
08-04-2026,CM: Sienna GA,10-005869 REV-2,10-005869,"Packaging, Maximizer, RSC Shipping Box",Part,OTS,ATLN,RC43,FALSE,Sienna Corporation,75,0,0,0,0,2,Unrestricted,75
08-04-2026,CM: Sienna GA,10-005869 REV-2,10-005869,"Packaging, Maximizer, RSC Shipping Box",Part,OTS,ATLN,RF58,FALSE,Sienna Corporation,2.25,0,0,0,0,2,Unrestricted,2.25
08-04-2026,CM: Sienna GA,10-005887 REV-01,10-005887,"Wall Bracket Assembly, Inverter",Part,MTS,ATLN,RP88,FALSE,Sienna Corporation,8,0,38.97,311.76,0,1,Unrestricted,8
08-04-2026,CM: Sienna GA,10-005887 REV-01,10-005887,"Wall Bracket Assembly, Inverter",Part,MTS,ATLN,RS22,FALSE,Sienna Corporation,80,0,38.97,3117.6,0,1,Unrestricted,80
08-04-2026,CM: Sienna GA,10-005887 REV-01,10-005887,"Wall Bracket Assembly, Inverter",Part,MTS,ATLN,RR68,FALSE,Sienna Corporation,80,0,38.97,3117.6,0,1,Unrestricted,80
08-04-2026,CM: Sienna GA,10-005887 REV-01,10-005887,"Wall Bracket Assembly, Inverter",Part,MTS,ATLN,RR78,FALSE,Sienna Corporation,80,0,38.97,3117.6,0,1,Unrestricted,80
08-04-2026,CM: Sienna GA,10-005887 REV-01,10-005887,"Wall Bracket Assembly, Inverter",Part,MTS,ATLN,RS47,FALSE,Sienna Corporation,80,0,38.97,3117.6,0,1,Unrestricted,80
08-04-2026,CM: Sienna GA,10-005887 REV-01,10-005887,"Wall Bracket Assembly, Inverter",Part,MTS,ATLN,RK58,FALSE,Sienna Corporation,80,0,38.97,3117.6,0,1,Unrestricted,80
08-04-2026,CM: Sienna GA,10-005887 REV-01,10-005887,"Wall Bracket Assembly, Inverter",Part,MTS,ATLN,RR87,FALSE,Sienna Corporation,80,0,38.97,3117.6,0,1,Unrestricted,80
08-04-2026,CM: Sienna GA,10-005887 REV-01,10-005887,"Wall Bracket Assembly, Inverter",Part,MTS,ATLN,RR77,FALSE,Sienna Corporation,80,0,38.97,3117.6,0,1,Unrestricted,80
08-04-2026,CM: Sienna GA,10-005887 REV-01,10-005887,"Wall Bracket Assembly, Inverter",Part,MTS,ATLN,RJ83,FALSE,Sienna Corporation,34,0,38.97,1324.98,0,1,Unrestricted,34
08-04-2026,CM: Sienna GA,10-005887 REV-01,10-005887,"Wall Bracket Assembly, Inverter",Part,MTS,ATLN,RQ47,FALSE,Sienna Corporation,80,0,38.97,3117.6,0,1,Unrestricted,80
08-04-2026,CM: Sienna GA,10-005887 REV-01,10-005887,"Wall Bracket Assembly, Inverter",Part,MTS,ATLN,RK28,FALSE,Sienna Corporation,80,0,38.97,3117.6,0,1,Unrestricted,80
08-04-2026,CM: Sienna GA,10-005887 REV-01,10-005887,"Wall Bracket Assembly, Inverter",Part,MTS,ATLN,RK48,FALSE,Sienna Corporation,80,0,38.97,3117.6,0,1,Unrestricted,80
08-04-2026,CM: Sienna GA,10-005887 REV-01,10-005887,"Wall Bracket Assembly, Inverter",Part,MTS,ATLN,RR67,FALSE,Sienna Corporation,80,0,38.97,3117.6,0,1,Unrestricted,80
08-04-2026,CM: Sienna GA,10-005887 REV-01,10-005887,"Wall Bracket Assembly, Inverter",Part,MTS,ATLN,RQ38,FALSE,Sienna Corporation,80,0,38.97,3117.6,0,1,Unrestricted,80
08-04-2026,CM: Sienna GA,10-005887 REV-01,10-005887,"Wall Bracket Assembly, Inverter",Part,MTS,ATLN,RL59,FALSE,Sienna Corporation,55,0,38.97,2143.35,0,1,Unrestricted,55
08-04-2026,CM: Sienna GA,10-005887 REV-01,10-005887,"Wall Bracket Assembly, Inverter",Part,MTS,ATLN,RP37,FALSE,Sienna Corporation,80,0,38.97,3117.6,0,1,Unrestricted,80
08-04-2026,CM: Sienna GA,10-005887 REV-01,10-005887,"Wall Bracket Assembly, Inverter",Part,MTS,ATLN,RK57,FALSE,Sienna Corporation,80,0,38.97,3117.6,0,1,Unrestricted,80
08-04-2026,CM: Sienna GA,10-005887 REV-01,10-005887,"Wall Bracket Assembly, Inverter",Part,MTS,ATLN,RL60,FALSE,Sienna Corporation,80,0,38.97,3117.6,0,1,Unrestricted,80
08-04-2026,CM: Sienna GA,10-005887 REV-01,10-005887,"Wall Bracket Assembly, Inverter",Part,MTS,ATLN,RJ81,FALSE,Sienna Corporation,17,0,38.97,662.49,0,1,Unrestricted,17
08-04-2026,CM: Sienna GA,10-005887 REV-01,10-005887,"Wall Bracket Assembly, Inverter",Part,MTS,ATLN,RQ37,FALSE,Sienna Corporation,80,0,38.97,3117.6,0,1,Unrestricted,80
08-04-2026,CM: Sienna GA,10-005887 REV-01,10-005887,"Wall Bracket Assembly, Inverter",Part,MTS,ATLN,RR32,FALSE,Sienna Corporation,80,0,38.97,3117.6,0,1,Unrestricted,80
08-04-2026,CM: Sienna GA,10-005887 REV-01,10-005887,"Wall Bracket Assembly, Inverter",Part,MTS,ATLN,RR98,FALSE,Sienna Corporation,80,0,38.97,3117.6,0,1,Unrestricted,80
08-04-2026,CM: Sienna GA,10-005887 REV-01,10-005887,"Wall Bracket Assembly, Inverter",Part,MTS,ATLN,RK37,FALSE,Sienna Corporation,50,0,38.97,1948.5,0,1,Unrestricted,50
08-04-2026,CM: Sienna GA,10-005887 REV-01,10-005887,"Wall Bracket Assembly, Inverter",Part,MTS,ATLN,RJ84,FALSE,Sienna Corporation,80,0,38.97,3117.6,0,1,Unrestricted,80
08-04-2026,CM: Sienna GA,10-005887 REV-01,10-005887,"Wall Bracket Assembly, Inverter",Part,MTS,ATLN,RN28,FALSE,Sienna Corporation,80,0,38.97,3117.6,0,1,Unrestricted,80
08-04-2026,CM: Sienna GA,10-005887 REV-01,10-005887,"Wall Bracket Assembly, Inverter",Part,MTS,ATLN,RR58,FALSE,Sienna Corporation,80,0,38.97,3117.6,0,1,Unrestricted,80
08-04-2026,CM: Sienna GA,10-005887 REV-01,10-005887,"Wall Bracket Assembly, Inverter",Part,MTS,ATLN,RK27,FALSE,Sienna Corporation,80,0,38.97,3117.6,0,1,Unrestricted,80
08-04-2026,CM: Sienna GA,10-005887 REV-01,10-005887,"Wall Bracket Assembly, Inverter",Part,MTS,ATLN,RN27,FALSE,Sienna Corporation,80,0,38.97,3117.6,0,1,Unrestricted,80
08-04-2026,CM: Sienna GA,10-005887 REV-01,10-005887,"Wall Bracket Assembly, Inverter",Part,MTS,ATLN,RP78,FALSE,Sienna Corporation,80,0,38.97,3117.6,0,1,Unrestricted,80
08-04-2026,CM: Sienna GA,10-005887 REV-01,10-005887,"Wall Bracket Assembly, Inverter",Part,MTS,ATLN,RK38,FALSE,Sienna Corporation,80,0,38.97,3117.6,0,1,Unrestricted,80
08-04-2026,CM: Sienna GA,10-005887 REV-01,10-005887,"Wall Bracket Assembly, Inverter",Part,MTS,ATLN,RQ28,FALSE,Sienna Corporation,80,0,38.97,3117.6,0,1,Unrestricted,80
08-04-2026,CM: Sienna GA,10-005887 REV-01,10-005887,"Wall Bracket Assembly, Inverter",Part,MTS,ATLN,RP48,FALSE,Sienna Corporation,80,0,38.97,3117.6,0,1,Unrestricted,80
08-04-2026,CM: Sienna GA,10-005887 REV-01,10-005887,"Wall Bracket Assembly, Inverter",Part,MTS,ATLN,RK47,FALSE,Sienna Corporation,80,0,38.97,3117.6,0,1,Unrestricted,80
08-04-2026,CM: Sienna GA,10-005887 REV-01,10-005887,"Wall Bracket Assembly, Inverter",Part,MTS,ATLN,RJ82,FALSE,Sienna Corporation,2,0,38.97,77.94,0,1,Unrestricted,2
08-04-2026,CM: Sienna GA,10-005887 REV-01,10-005887,"Wall Bracket Assembly, Inverter",Part,MTS,ATLN,RS97,FALSE,Sienna Corporation,80,0,38.97,3117.6,0,1,Unrestricted,80
08-04-2026,CM: Sienna GA,10-005887 REV-01,10-005887,"Wall Bracket Assembly, Inverter",Part,MTS,ATLN,RS31,FALSE,Sienna Corporation,15,0,38.97,584.55,0,1,Unrestricted,15
08-04-2026,CM: Sienna GA,10-005887 REV-01,10-005887,"Wall Bracket Assembly, Inverter",Part,MTS,ATLN,RS81,FALSE,Sienna Corporation,17,0,38.97,662.49,0,1,Unrestricted,17
08-04-2026,CM: Sienna GA,10-005887 REV-01,10-005887,"Wall Bracket Assembly, Inverter",Part,MTS,ATLN,RS11,FALSE,Sienna Corporation,80,0,38.97,3117.6,0,1,Unrestricted,80
08-04-2026,CM: Sienna GA,10-005887 REV-01,10-005887,"Wall Bracket Assembly, Inverter",Part,MTS,ATLN,RQ57,FALSE,Sienna Corporation,80,0,38.97,3117.6,0,1,Unrestricted,80
08-04-2026,CM: Sienna GA,10-005887 REV-01,10-005887,"Wall Bracket Assembly, Inverter",Part,MTS,ATLN,RS72,FALSE,Sienna Corporation,80,0,38.97,3117.6,0,1,Unrestricted,80
08-04-2026,CM: Sienna GA,10-005887 REV-01,10-005887,"Wall Bracket Assembly, Inverter",Part,MTS,ATLN,RS38,FALSE,Sienna Corporation,80,0,38.97,3117.6,0,1,Unrestricted,80
08-04-2026,Lunar Netsuite,10-005887,10-005887,"Wall Bracket Assembly, Inverter",Part,MTS,JIT - Reno,NS,FALSE,Lunar Energy,5,0,0,0,0,0,Unrestricted,5
08-04-2026,Lunar Netsuite,10-005888,10-005888,"Wall Bracket Assembly, Battery Block",Part,MTS,JIT - Reno,NS,FALSE,Lunar Energy,5,0,45,225,0,0,Unrestricted,5
08-04-2026,CM: Celestica MX,10-0058913MS,10-005891,"Cover with Seal, Busbar, Type B",Part,MTS,Monterrey Prod,1000,FALSE,Celestica,-2,0,12.48,-24.96,0,0,Unrestricted,-2
08-04-2026,CM: Sienna GA,10-005899 REV-01,10-005899,Module Industrial ESim MFF2 MultiSIM-M2M 4.2.1 5x6mm,Electrical Components,OTS,ATLN,MAIN,FALSE,Sienna Corporation,750,0,0,0,0,1,Unrestricted,750
08-04-2026,CM: Sienna GA,10-005899 REV-01,10-005899,Module Industrial ESim MFF2 MultiSIM-M2M 4.2.1 5x6mm,Electrical Components,OTS,ATLN,RIQC,FALSE,Sienna Corporation,2250,0,0,0,0,1,Unrestricted,2250
08-04-2026,CM: Sienna GA,10-005899 REV-01,10-005899,Module Industrial ESim MFF2 MultiSIM-M2M 4.2.1 5x6mm,Electrical Components,OTS,ATLN,LINE,FALSE,Sienna Corporation,325,0,0,0,0,1,Unrestricted,325
08-04-2026,CM: Sienna GA,10-005905 REV-03,10-005905,"Kit, Installation, Inverter",Part,MTS,ATLN,RQA1,FALSE,Sienna Corporation,1289,0,0.95,1224.55,0,3,Unrestricted,1289
08-04-2026,Lunar Netsuite,10-005905,10-005905,"Kit, Installation, Inverter",Part,MTS,JIT - Reno,NS,FALSE,Lunar Energy,30,0,1,30,0,0,Unrestricted,30
08-04-2026,CM: Sienna GA,10-005940 REV-01,10-005940,RES SMD 5M OHM 5% 1W 2512,Electrical Components,OTS,ATLN,LINE,FALSE,Sienna Corporation,844,0,1.56,1316.64,0,1,Unrestricted,844
08-04-2026,CM: Sienna GA,10-005944 REV-01,10-005944,RES 75K OHM 1% 1/16W 0402,Electrical Components,OTS,ATLN,LINE,FALSE,Sienna Corporation,16058,0,0.005,80.29,0,1,Unrestricted,16058
08-04-2026,CM: Qualitel WA,814L-10-005944,10-005944,RES 75K OHM 1% 1/16W 0402,Electrical Components,OTS,"Seattle, WA",Stock,FALSE,Qualitel,28746,0,0.0005,14.373,0,0,Unrestricted,28746
08-04-2026,CM: Sienna GA,10-005953 REV-01,10-005953,"Adhesive, Epoxy, 2-Part, Electrical Insulator, 13 kV/mm",Part,OTS,ATLN,LINE,FALSE,Sienna Corporation,138.6920013,0,0.3646,50.56710369,0,1,Unrestricted,138.6920013
08-04-2026,CM: Sienna GA,10-005953 REV-01,10-005953,"Adhesive, Epoxy, 2-Part, Electrical Insulator, 13 kV/mm",Part,OTS,ATLN,LINE,FALSE,Sienna Corporation,892.8079834,0,0.3646,325.5177907,0,1,Unrestricted,892.8079834
08-04-2026,CM: Sienna GA,10-005976 REV-01,10-005976,RES 3M OHM 1% 1W 2512,Electrical Components,OTS,ATLN,LINE,FALSE,Sienna Corporation,1432,0,0.331,473.992,0,1,Unrestricted,1432
08-04-2026,CM: Qualitel WA,814L-10-005976,10-005976,RES 3M OHM 1% 1W 2512,Electrical Components,OTS,"Seattle, WA",Stock,FALSE,Qualitel,14621,0,0.221,3231.241,0,0,Unrestricted,14621
08-04-2026,CM: Sienna GA,10-005976 REV-01,10-005976,RES 3M OHM 1% 1W 2512,Electrical Components,OTS,ATLN,MAIN,FALSE,Sienna Corporation,12000,0,0.331,3972,0,1,Unrestricted,12000
08-04-2026,CM: Sienna GA,10-006061 REV-01,10-006061,IC VREF SERIES 0.08% SOT23-6,Electrical Components,OTS,ATLN,MAIN,FALSE,Sienna Corporation,64750,0,0.88,56980,0,1,Unrestricted,64750
08-04-2026,CM: Sienna GA,10-006061 REV-01,10-006061,IC VREF SERIES 0.08% SOT23-6,Electrical Components,OTS,ATLN,LINE,FALSE,Sienna Corporation,7898,0,0.88,6950.24,0,1,Unrestricted,7898
08-04-2026,CM: Qualitel WA,814L-10-006061,10-006061,IC VREF SERIES 0.08% SOT23-6,Electrical Components,OTS,"Seattle, WA",Stock,FALSE,Qualitel,3752,0,0.75,2814,0,0,Unrestricted,3752
08-04-2026,CM: Sienna GA,10-006069 REV-02,10-006069,"Label, Compliance, ESS, NMC, 20kWh",Part,MTS,ATLN,EXIN,FALSE,Sienna Corporation,1000,0,0.698,698,0,2,Unrestricted,1000
08-04-2026,CM: Sienna GA,10-006069 REV-02,10-006069,"Label, Compliance, ESS, NMC, 20kWh",Part,MTS,ATLN,LINE,FALSE,Sienna Corporation,547,0,0.698,381.806,0,2,Unrestricted,547
08-04-2026,CM: Sienna GA,10-006070 REV-02,10-006070,"ESS Top Cover LRG Asy, With Label, 20 kWh",Part,MTS,ATLN,PDRW,FALSE,Sienna Corporation,1,0,0,0,0,2,Unrestricted,1
08-04-2026,Lunar Netsuite,10-006070,10-006070,"ESS Top Cover LRG Asy, With Label, 20 kWh",Part,MTS,JIT - Reno,NS,FALSE,Lunar Energy,5,0,59.54,297.7,0,0,Unrestricted,5
08-04-2026,CM: Sienna GA,10-006072 REV-01,10-006072,"Screw, SEMS, M3x0.5x6, T10, Square-Cone Washer, SS",Part,OTS,ATLN,RP51,FALSE,Sienna Corporation,60000,0,0.03,1800,0,1,Unrestricted,60000
08-04-2026,CM: Sienna GA,10-006072 REV-01,10-006072,"Screw, SEMS, M3x0.5x6, T10, Square-Cone Washer, SS",Part,OTS,ATLN,LINE,FALSE,Sienna Corporation,23172,0,0.03,695.16,0,1,Unrestricted,23172
08-04-2026,CM: Qualitel WA,814L-10-006073,10-006073,"Screw, SEMS, M3x0.5x8, T10, Square-Cone Washer, SS",Part,OTS,"Seattle, WA",Stock,FALSE,Qualitel,9077,0,0.03,272.31,0,0,Unrestricted,9077
08-04-2026,CM: Sienna GA,10-006073 REV-01,10-006073,"Screw, SEMS, M3x0.5x8, T10, Square-Cone Washer, SS",Part,OTS,ATLN,LINE,FALSE,Sienna Corporation,1657,0,0.02,33.14,0,1,Unrestricted,1657
08-04-2026,CM: Sienna GA,10-006073 REV-01,10-006073,"Screw, SEMS, M3x0.5x8, T10, Square-Cone Washer, SS",Part,OTS,ATLN,RIQC,FALSE,Sienna Corporation,11554,0,0.02,231.08,0,1,Unrestricted,11554
08-04-2026,CM: Sienna GA,10-006074 REV-01,10-006074,"Screw, SEMS, M3x0.5x10, T10, Square-Cone Washer, SS",Part,OTS,ATLN,RP51,FALSE,Sienna Corporation,27000,0,0.03,810,0,1,Unrestricted,27000
08-04-2026,CM: Sienna GA,10-006074 REV-01,10-006074,"Screw, SEMS, M3x0.5x10, T10, Square-Cone Washer, SS",Part,OTS,ATLN,MAIN,FALSE,Sienna Corporation,3768,0,0.03,113.04,0,1,Unrestricted,3768
08-04-2026,CM: Sienna GA,10-006074 REV-01,10-006074,"Screw, SEMS, M3x0.5x10, T10, Square-Cone Washer, SS",Part,OTS,ATLN,LINE,FALSE,Sienna Corporation,11624,0,0.03,348.72,0,1,Unrestricted,11624
08-04-2026,CM: Sienna GA,10-006075 REV-01,10-006075,SCREW DELTA PT 50x1.80-14.00 T25 TORX RECESS WASHER PAN HEAD,Part,OTS,ATLN,WHS2,FALSE,Sienna Corporation,50,0,0.044,2.2,0,1,Unrestricted,50
08-04-2026,CM: Sienna GA,10-006075 REV-01,10-006075,SCREW DELTA PT 50x1.80-14.00 T25 TORX RECESS WASHER PAN HEAD,Part,OTS,ATLN,LINE,FALSE,Sienna Corporation,124,0,0.044,5.456,0,1,Unrestricted,124
08-04-2026,CM: Sienna GA,10-006075 REV-01,10-006075,SCREW DELTA PT 50x1.80-14.00 T25 TORX RECESS WASHER PAN HEAD,Part,OTS,ATLN,MAIN,FALSE,Sienna Corporation,8000,0,0.044,352,0,1,Unrestricted,8000
08-04-2026,Lunar Netsuite,10-006076,10-006076,"PCBA, Terminal Board, Type B, Coated",Part,MTS,CA - Ravendale,NS,FALSE,Lunar Energy,2,0,0,0,0,0,Unrestricted,2
08-04-2026,CM: Qualitel WA,814L-10-006083,10-006083,"Label Base, UL 969, Thermal Transfer, Polyester, AD S8001",Part,OTS,"Seattle, WA",Stock,FALSE,Qualitel,4550,0,0.937,4263.35,0,0,Unrestricted,4550
08-04-2026,CM: Sienna GA,10-006085/86/87/88 REV-01,10-006085,"Inverter Packaging, Foam, Top, Right, V2",Part,MTS,ATLN,PAWH,FALSE,Sienna Corporation,987,0,34.12,33676.44,0,1,Unrestricted,987
08-04-2026,CM: Sienna GA,10-006085/86/87/88 REV-01,10-006085,"Inverter Packaging, Foam, Top, Right, V2",Part,MTS,ATLN,RIQC,FALSE,Sienna Corporation,13,0,34.12,443.56,0,1,Unrestricted,13
08-04-2026,CM: Sienna GA,10-006085/86/87/88 REV-01,10-006085,"Inverter Packaging, Foam, Top, Right, V2",Part,MTS,ATLN,RJ57,FALSE,Sienna Corporation,23,0,34.12,784.76,0,1,Unrestricted,23
08-04-2026,CM: Sienna GA,10-006085/86/87/88 REV-01,10-006085,"Inverter Packaging, Foam, Top, Right, V2",Part,MTS,ATLN,WHS2,FALSE,Sienna Corporation,4,0,34.12,136.48,0,1,Unrestricted,4
08-04-2026,CM: Sienna GA,10-006085/86/87/88 REV-01,10-006085,"Inverter Packaging, Foam, Top, Right, V2",Part,MTS,ATLN,RJ58,FALSE,Sienna Corporation,24,0,34.12,818.88,0,1,Unrestricted,24
08-04-2026,CM: Sienna GA,10-006096 REV-01,10-006096,"Inverter Cover Packaging, Corrugated Insert, Right Panel",Part,MTS,ATLN,PAWH,FALSE,Sienna Corporation,1139,0,0,0,0,1,Unrestricted,1139
08-04-2026,CM: Sienna GA,10-006096 REV-01,10-006096,"Inverter Cover Packaging, Corrugated Insert, Right Panel",Part,MTS,ATLN,WHS2,FALSE,Sienna Corporation,7,0,0,0,0,1,Unrestricted,7
08-04-2026,CM: Sienna GA,10-006099 REV-01,10-006099,"Label, Earth Terminal, 12.7mm Circular, UL969",Part,OTS,ATLN,MAIN,FALSE,Sienna Corporation,953,0,0.2622,249.8766,0,1,Unrestricted,953
08-04-2026,CM: Sienna GA,10-006108 REV-03,10-006108,"Label, Overcurrent Device, Bridge",Assembly,MTS,ATLN,LINE,FALSE,Sienna Corporation,1583,0,0,0,0,3,Unrestricted,1583
08-04-2026,CM: Sienna GA,10-006108 REV-02,10-006108,"Label, Overcurrent Device, Bridge",Assembly,MTS,ATLN,EXIN,FALSE,Sienna Corporation,4133,0,1.356,5604.348,0,2,Unrestricted,4133
08-04-2026,CM: Sienna GA,10-006108 REV-03,10-006108,"Label, Overcurrent Device, Bridge",Assembly,MTS,ATLN,MAIN,FALSE,Sienna Corporation,3000,0,0,0,0,3,Unrestricted,3000
08-04-2026,CM: Sienna GA,10-006109 REV-03,10-006109,"Label, Traceability, 22x10mm",Assembly,MTS,ATLN,MAIN,FALSE,Sienna Corporation,75000,0,0.05,3750,0,3,Unrestricted,75000
08-04-2026,CM: Sienna GA,10-006109 REV-03,10-006109,"Label, Traceability, 22x10mm",Assembly,MTS,ATLN,LINE,FALSE,Sienna Corporation,33038,0,0.05,1651.9,0,3,Unrestricted,33038
08-04-2026,CM: Sienna GA,10-006129 REV-01,10-006129,FUSE BOARD MOUNT 5A 250VAC 2SMD,Electrical Components,OTS,ATLN,LINE,FALSE,Sienna Corporation,1746,0,0.734,1281.564,0,1,Unrestricted,1746
08-04-2026,CM: Sienna GA,10-006129 REV-01,10-006129,FUSE BOARD MOUNT 5A 250VAC 2SMD,Electrical Components,OTS,ATLN,RIQC,FALSE,Sienna Corporation,1500,0,0.734,1101,0,1,Unrestricted,1500
08-04-2026,CM: Sienna GA,10-006129 REV-01,10-006129,FUSE BOARD MOUNT 5A 250VAC 2SMD,Electrical Components,OTS,ATLN,MAIN,FALSE,Sienna Corporation,3000,0,0.734,2202,0,1,Unrestricted,3000
08-04-2026,CM: Qualitel WA,814L-10-006129,10-006129,FUSE BOARD MOUNT 5A 250VAC 2SMD,Electrical Components,OTS,"Seattle, WA",Stock,FALSE,Qualitel,5248,0,0.514,2697.472,0,0,Unrestricted,5248
08-04-2026,CM: Qualitel WA,814L-10-006146,10-006146,"Bushing, DCDC",Part,MTS,"Seattle, WA",MRB,FALSE,Qualitel,0,17700,0.37,0,6549,0,Restricted,0
08-04-2026,CM: Qualitel WA,814L-10-006146,10-006146,"Bushing, DCDC",Part,MTS,"Seattle, WA",Stock,FALSE,Qualitel,-11153,0,0.37,-4126.61,0,0,Unrestricted,-11153
08-04-2026,CM: Qualitel WA,814L-10-006146,10-006146,"Bushing, DCDC",Part,MTS,"Seattle, WA",PO Inspection,FALSE,Qualitel,0,17700,0.37,0,6549,0,Restricted,0
08-04-2026,CM: Sienna GA,10-006147 REV-01,10-006147,RES 0.0025 OHM .25 W 1% 0402 SMD,Electrical Components,OTS,ATLN,LINE,FALSE,Sienna Corporation,696,0,0.174,121.104,0,1,Unrestricted,696
08-04-2026,Lunar Netsuite,10-006153,10-006153,FLASH - NAND (MLC) Memory IC 8Gb (512M x 16) eMMC 153-LFBGA (11.5x13),Electrical Components,OTS,CA - Ravendale,NS,FALSE,Lunar Energy,10,0,0,0,0,0,Unrestricted,10
08-04-2026,CM: Sienna GA,10-006153 REV-01,10-006153,FLASH - NAND (MLC) Memory IC 8Gb (512M x 16) eMMC 153-LFBGA (11.5x13),Electrical Components,OTS,ATLN,LINE,FALSE,Sienna Corporation,1030,0,0,0,0,1,Unrestricted,1030
08-04-2026,CM: Sienna GA,10-006153 REV-01,10-006153,FLASH - NAND (MLC) Memory IC 8Gb (512M x 16) eMMC 153-LFBGA (11.5x13),Electrical Components,OTS,ATLN,MAIN,FALSE,Sienna Corporation,6285,0,0,0,0,1,Unrestricted,6285
08-04-2026,CM: Qualitel WA,814L-10-006194,10-006194,RES 330K OHM 1% 2W 2512 AEC-Q,Electrical Components,OTS,"Seattle, WA",Stock,FALSE,Qualitel,20516,0,0.089,1825.924,0,0,Unrestricted,20516
08-04-2026,CM: Sienna GA,10-006194 REV-01,10-006194,RES 330K OHM 1% 2W 2512 AEC-Q,Electrical Components,OTS,ATLN,MAIN,FALSE,Sienna Corporation,44000,0,0.188,8272,0,1,Unrestricted,44000
08-04-2026,CM: Sienna GA,10-006194 REV-01,10-006194,RES 330K OHM 1% 2W 2512 AEC-Q,Electrical Components,OTS,ATLN,LINE,FALSE,Sienna Corporation,4692,0,0.188,882.096,0,1,Unrestricted,4692
08-04-2026,CM: Qualitel WA,814L-10-006205,10-006205,IND 22.8μH±10％ Within (Typ.22.78μH) Custom,Electrical Components,OTS,"Seattle, WA",Stock,FALSE,Qualitel,3488,0,4.6,16044.8,0,0,Unrestricted,3488
08-04-2026,CM: Qualitel WA,814L-10-006220,10-006220,IC VREF SERIES 0.1% 8SOIC,Electrical Components,OTS,"Seattle, WA",Stock,FALSE,Qualitel,10691,0,0.68,7269.88,0,0,Unrestricted,10691
08-04-2026,CM: Sienna GA,10-006231 REV-01,10-006231,"Thermal Gap Filler, Curing, 6.5 W/mK, Two Part Dispensed",Part,OTS,ATLN,PAWH,FALSE,Sienna Corporation,5147,0,0.295,1518.365,0,1,Unrestricted,5147
08-04-2026,CM: Sienna GA,10-006231 REV-01,10-006231,"Thermal Gap Filler, Curing, 6.5 W/mK, Two Part Dispensed",Part,OTS,ATLN,RIQC,FALSE,Sienna Corporation,8000,0,0.295,2360,0,1,Unrestricted,8000
08-04-2026,CM: Sienna GA,10-006231 REV-01,10-006231,"Thermal Gap Filler, Curing, 6.5 W/mK, Two Part Dispensed",Part,OTS,ATLN,RIQC,FALSE,Sienna Corporation,10000,0,0.295,2950,0,1,Unrestricted,10000
08-04-2026,CM: Sienna GA,10-006231 REV-01,10-006231,"Thermal Gap Filler, Curing, 6.5 W/mK, Two Part Dispensed",Part,OTS,ATLN,PAWH,FALSE,Sienna Corporation,2000,0,0.295,590,0,1,Unrestricted,2000
08-04-2026,CM: Sienna GA,10-006231 REV-01,10-006231,"Thermal Gap Filler, Curing, 6.5 W/mK, Two Part Dispensed",Part,OTS,ATLN,RIQC,FALSE,Sienna Corporation,16000,0,0.295,4720,0,1,Unrestricted,16000
08-04-2026,CM: Sienna GA,10-006231 REV-01,10-006231,"Thermal Gap Filler, Curing, 6.5 W/mK, Two Part Dispensed",Part,OTS,ATLN,PAWH,FALSE,Sienna Corporation,50,0,0.295,14.75,0,1,Unrestricted,50
08-04-2026,CM: Sienna GA,10-006231 REV-01,10-006231,"Thermal Gap Filler, Curing, 6.5 W/mK, Two Part Dispensed",Part,OTS,ATLN,LINE,FALSE,Sienna Corporation,6050,0,0.295,1784.75,0,1,Unrestricted,6050
08-04-2026,CM: Sienna GA,10-006231 REV-01,10-006231,"Thermal Gap Filler, Curing, 6.5 W/mK, Two Part Dispensed",Part,OTS,ATLN,RIQC,FALSE,Sienna Corporation,19950,0,0.295,5885.25,0,1,Unrestricted,19950
08-04-2026,Lunar Netsuite,10-006231,10-006231,"Thermal Gap Filler, Curing, 6.5 W/mK, Two Part Dispensed",Part,OTS,CA - Ravendale,NS,FALSE,Lunar Energy,12000,0,0.325,3900,0,0,Unrestricted,12000
08-04-2026,CM: Sienna GA,10-006267 REV-01,10-006267,"Padded Bag, Accessories, Bridge",Part,OTS,ATLN,LINE,FALSE,Sienna Corporation,36,0,0.27,9.72,0,1,Unrestricted,36
08-04-2026,CM: Sienna GA,10-006267 REV-01,10-006267,"Padded Bag, Accessories, Bridge",Part,OTS,ATLN,WHS2,FALSE,Sienna Corporation,567,0,0.27,153.09,0,1,Unrestricted,567
08-04-2026,CM: Sienna GA,10-006267 REV-01,10-006267,"Padded Bag, Accessories, Bridge",Part,OTS,ATLN,LPAC,FALSE,Sienna Corporation,798,0,0.27,215.46,0,1,Unrestricted,798
08-04-2026,CM: Sienna GA,10-006271 REV-01,10-006271,CAP FILM 5UF 10% 600VDC RADIAL,Electrical Components,OTS,ATLN,LINE,FALSE,Sienna Corporation,981,0,0.9865,967.7565,0,1,Unrestricted,981
08-04-2026,CM: Qualitel WA,814L-10-006271,10-006271,CAP FILM 5UF 10% 600VDC RADIAL,Electrical Components,OTS,"Seattle, WA",Stock,FALSE,Qualitel,3464,0,0.46,1593.44,0,0,Unrestricted,3464
08-04-2026,CM: Sienna GA,10-006271 REV-01,10-006271,CAP FILM 5UF 10% 600VDC RADIAL,Electrical Components,OTS,ATLN,MAIN,FALSE,Sienna Corporation,966,0,0.9865,952.959,0,1,Unrestricted,966
08-04-2026,CM: Sienna GA,10-006277 REV-01,10-006277,"Label, Breaker Warning, Bridge",Part,MTS,ATLN,MAIN,FALSE,Sienna Corporation,5924,0,1.229,7280.596,0,1,Unrestricted,5924
08-04-2026,CM: Sienna GA,10-006277 REV-01,10-006277,"Label, Breaker Warning, Bridge",Part,MTS,ATLN,LINE,FALSE,Sienna Corporation,1295,0,1.229,1591.555,0,1,Unrestricted,1295
08-04-2026,CM: Sienna GA,10-006277 REV-01,10-006277,"Label, Breaker Warning, Bridge",Part,MTS,ATLN,PCKD,FALSE,Sienna Corporation,981,0,1.229,1205.649,0,1,Unrestricted,981
08-04-2026,CM: Sienna GA,10-006278 REV-01,10-006278,CAP FILM 0.47UF 20% 630VDC RAD X2,Electrical Components,OTS,ATLN,MAIN,FALSE,Sienna Corporation,2526,0,0.073,184.398,0,1,Unrestricted,2526
08-04-2026,CM: Sienna GA,10-006278 REV-01,10-006278,CAP FILM 0.47UF 20% 630VDC RAD X2,Electrical Components,OTS,ATLN,LINE,FALSE,Sienna Corporation,1830,0,0.073,133.59,0,1,Unrestricted,1830
08-04-2026,CM: Sienna GA,10-006278 REV-01,10-006278,CAP FILM 0.47UF 20% 630VDC RAD X2,Electrical Components,OTS,ATLN,RIQC,FALSE,Sienna Corporation,7151,0,0.073,522.023,0,1,Unrestricted,7151
08-04-2026,CM: Qualitel WA,814L-10-006278,10-006278,CAP FILM 0.47UF 20% 630VDC RAD X2,Electrical Components,OTS,"Seattle, WA",Stock,FALSE,Qualitel,6570,0,0.075,492.75,0,0,Unrestricted,6570
08-04-2026,CM: Sienna GA,10-006287 REV-01,10-006287,"Heat Shrink,2:1,25.4 mm ID Pre-Shrink,1 mm THK,UL224,Adhesive Lined",Part,OTS,ATLN,LINE,FALSE,Sienna Corporation,53463,0,0.023,1229.649,0,1,Unrestricted,53463
08-04-2026,CM: Qualitel WA,814L-10-006287,10-006287,"Heat Shrink,2:1,25.4 mm ID Pre-Shrink,1 mm THK,UL224,Adhesive Lined",Part,OTS,"Seattle, WA",Stock,FALSE,Qualitel,89.73,0,0.02,1.7946,0,0,Unrestricted,89.73
08-04-2026,CM: Sienna GA,10-006288 REV-01,10-006288,"Heat Shrink,2:1,38.1 mm ID Pre-Shrink,1 mm THK,UL224,Adhesive Lined",Part,OTS,ATLN,LINE,FALSE,Sienna Corporation,11354,0,0.06,681.24,0,1,Unrestricted,11354
08-04-2026,CM: Sienna GA,10-006288 REV-01,10-006288,"Heat Shrink,2:1,38.1 mm ID Pre-Shrink,1 mm THK,UL224,Adhesive Lined",Part,OTS,ATLN,WHS2,FALSE,Sienna Corporation,196,0,0.06,11.76,0,1,Unrestricted,196
08-04-2026,CM: Qualitel WA,814L-10-006288,10-006288,"Heat Shrink,2:1,38.1 mm ID Pre-Shrink,1 mm THK,UL224,Adhesive Lined",Part,OTS,"Seattle, WA",Stock,FALSE,Qualitel,87.9229,0,0.0371,3.26193959,0,0,Unrestricted,87.9229
08-04-2026,CM: Sienna GA,10-006288 REV-01,10-006288,"Heat Shrink,2:1,38.1 mm ID Pre-Shrink,1 mm THK,UL224,Adhesive Lined",Part,OTS,ATLN,RIQC,FALSE,Sienna Corporation,27468,0,0.06,1648.08,0,1,Unrestricted,27468
08-04-2026,Lunar Netsuite,10-006328,10-006328,RELAY DIRECT CURRENT 60AMP SWITCH VOLTAGE 1000VDC 24V CONTACT -40℃～85℃ 50L x 39.8W X 37MM,Electrical Components,OTS,CA - Ravendale,NS,FALSE,Lunar Energy,400,0,21.0562,8422.48,0,0,Unrestricted,400
08-04-2026,CM: Qualitel WA,814L-10-006355,10-006355,CAP CER 12PF 50V C0G/NP0 0402,Electrical Components,OTS,"Seattle, WA",Stock,FALSE,Qualitel,10053,0,0.001,10.053,0,0,Unrestricted,10053
08-04-2026,CM: Sienna GA,10-006362 REV-01,10-006362,"Wire Harness, Rogowski Coil Jumper, Bridge, Type B",Part,MTS,ATLN,RL23,FALSE,Sienna Corporation,550,0,4.15,2282.5,0,1,Unrestricted,550
08-04-2026,CM: Sienna GA,10-006362 REV-01,10-006362,"Wire Harness, Rogowski Coil Jumper, Bridge, Type B",Part,MTS,ATLN,LINE,FALSE,Sienna Corporation,502,0,4.15,2083.3,0,1,Unrestricted,502
08-04-2026,CM: Sienna GA,10-006363 REV-01,10-006363,ISOMOV 8KA 250VRMS -40 °C to +125 °C BULK CRIMPED LEADS,Electrical Components,OTS,ATLN,PAMS,FALSE,Sienna Corporation,3000,0,0.688,2064,0,1,Unrestricted,3000
08-04-2026,CM: Sienna GA,10-006363 REV-01,10-006363,ISOMOV 8KA 250VRMS -40 °C to +125 °C BULK CRIMPED LEADS,Electrical Components,OTS,ATLN,LINE,FALSE,Sienna Corporation,3361,0,0.688,2312.368,0,1,Unrestricted,3361
08-04-2026,Lunar Netsuite,10-006363,10-006363,ISOMOV 8KA 250VRMS -40 °C to +125 °C BULK CRIMPED LEADS,Electrical Components,OTS,JIT - Reno,NS,FALSE,Lunar Energy,63,0,0.6879,43.3377,0,0,Unrestricted,63
08-04-2026,CM: Sienna GA,10-006363 REV-01,10-006363,ISOMOV 8KA 250VRMS -40 °C to +125 °C BULK CRIMPED LEADS,Electrical Components,OTS,ATLN,MAIN,FALSE,Sienna Corporation,3217,0,0.688,2213.296,0,1,Unrestricted,3217
08-04-2026,CM: Qualitel WA,814L-10-006363,10-006363,ISOMOV 8KA 250VRMS -40 °C to +125 °C BULK CRIMPED LEADS,Electrical Components,OTS,"Seattle, WA",Stock,FALSE,Qualitel,5155,0,0.692,3567.26,0,0,Unrestricted,5155
08-04-2026,CM: Sienna GA,10-006364 REV-01,10-006364,ISOMOV 5KA 175VRMS -40 °C to +125 °C BULK CRIMPED,Electrical Components,OTS,ATLN,MAIN,FALSE,Sienna Corporation,7990,0,0.768,6136.32,0,1,Unrestricted,7990
08-04-2026,CM: Qualitel WA,814L-10-006364,10-006364,ISOMOV 5KA 175VRMS -40 °C to +125 °C BULK CRIMPED,Electrical Components,OTS,"Seattle, WA",Stock,FALSE,Qualitel,11520,0,0.589,6785.28,0,0,Unrestricted,11520
08-04-2026,CM: Sienna GA,10-006364 REV-01,10-006364,ISOMOV 5KA 175VRMS -40 °C to +125 °C BULK CRIMPED,Electrical Components,OTS,ATLN,RIQC,FALSE,Sienna Corporation,4800,0,0.768,3686.4,0,1,Unrestricted,4800
08-04-2026,CM: Sienna GA,10-006364 REV-01,10-006364,ISOMOV 5KA 175VRMS -40 °C to +125 °C BULK CRIMPED,Electrical Components,OTS,ATLN,LINE,FALSE,Sienna Corporation,3063,0,0.768,2352.384,0,1,Unrestricted,3063
08-04-2026,Lunar Netsuite,10-006365,10-006365,"Torsion Spring, Latch, Bridge",Part,MTS,JIT - Reno,NS,FALSE,Lunar Energy,2,0,5.625,11.25,0,0,Unrestricted,2
08-04-2026,CM: Qualitel WA,814L-10-006375,10-006375,"Packaging, Battery with Cover and Brackets, Corrugated Box, FEFCO 0422, Type B",Part,MTS,"Seattle, WA",Stock,FALSE,Qualitel,233,0,3.58,834.14,0,0,Unrestricted,233
08-04-2026,Lunar Netsuite,10-006382,10-006382,"Latch, Swing, Bridge",Part,MTS,JIT - Reno,NS,FALSE,Lunar Energy,2,0,1.575,3.15,0,0,Unrestricted,2
08-04-2026,CM: Sienna GA,10-006397 REV-02,10-006397,"TIM, PCBA, TERMINAL BOARD, INVERTER",Part,MTS,ATLN,PCKD,FALSE,Sienna Corporation,790,0,0.115,90.85,0,2,Unrestricted,790
08-04-2026,CM: Sienna GA,10-006397 REV-02,10-006397,"TIM, PCBA, TERMINAL BOARD, INVERTER",Part,MTS,ATLN,RT13,FALSE,Sienna Corporation,1359,0,0.115,156.285,0,2,Unrestricted,1359
08-04-2026,CM: Sienna GA,10-006397 REV-02,10-006397,"TIM, PCBA, TERMINAL BOARD, INVERTER",Part,MTS,ATLN,WHS2,FALSE,Sienna Corporation,35,0,0.115,4.025,0,2,Unrestricted,35
08-04-2026,CM: Sienna GA,10-006397 REV-02,10-006397,"TIM, PCBA, TERMINAL BOARD, INVERTER",Part,MTS,ATLN,RIQC,FALSE,Sienna Corporation,567,0,0.115,65.205,0,2,Unrestricted,567
08-04-2026,CM: Sienna GA,10-006397 REV-02,10-006397,"TIM, PCBA, TERMINAL BOARD, INVERTER",Part,MTS,ATLN,MAIN,FALSE,Sienna Corporation,6825,0,0.115,784.875,0,2,Unrestricted,6825
08-04-2026,CM: Sienna GA,10-006397 REV-02,10-006397,"TIM, PCBA, TERMINAL BOARD, INVERTER",Part,MTS,ATLN,LINE,FALSE,Sienna Corporation,603,0,0.115,69.345,0,2,Unrestricted,603
08-04-2026,CM: Sienna GA,10-006397 REV-02,10-006397,"TIM, PCBA, TERMINAL BOARD, INVERTER",Part,MTS,ATLN,RT92,FALSE,Sienna Corporation,300,0,0.115,34.5,0,2,Unrestricted,300
08-04-2026,Lunar Netsuite,10-006406,10-006406,RES 100K OHM 1% 1/16W 0402,Electrical Components,OTS,CA - Ravendale,NS,FALSE,Lunar Energy,94850,0,0.001,94.85,0,0,Unrestricted,94850
08-04-2026,CM: Sienna GA,10-006421 REV-01,10-006421,IC VREF SERIES 0.13% TSOT5,Electrical Components,OTS,ATLN,MAIN,FALSE,Sienna Corporation,497,0,1.43,710.71,0,1,Unrestricted,497
08-04-2026,CM: Sienna GA,10-006421 REV-01,10-006421,IC VREF SERIES 0.13% TSOT5,Electrical Components,OTS,ATLN,LINE,FALSE,Sienna Corporation,5253,0,1.43,7511.79,0,1,Unrestricted,5253
08-04-2026,CM: Qualitel WA,814L-10-006421,10-006421,IC VREF SERIES 0.13% TSOT5,Electrical Components,OTS,"Seattle, WA",Stock,FALSE,Qualitel,7307,0,1.38,10083.66,0,0,Unrestricted,7307
08-04-2026,CM: Sienna GA,10-006424 REV-02,10-006424,"Asy, Visor",Part,MTS,ATLN,WHS2,FALSE,Sienna Corporation,6,0,20.19,121.14,0,2,Unrestricted,6
08-04-2026,CM: Sienna GA,10-006426 REV-04,10-006426,"Heat spreader, Aluminum Nitride, TIM and pre-applied, Type B",Part,MTS,ATLN,LINE,FALSE,Sienna Corporation,2510,0,4.74,11897.4,0,4,Unrestricted,2510
08-04-2026,CM: Sienna GA,10-006426 REV-04,10-006426,"Heat spreader, Aluminum Nitride, TIM and pre-applied, Type B",Part,MTS,ATLN,RIQC,FALSE,Sienna Corporation,1080,0,4.74,5119.2,0,4,Unrestricted,1080
08-04-2026,CM: Sienna GA,10-006426 REV-04,10-006426,"Heat spreader, Aluminum Nitride, TIM and pre-applied, Type B",Part,MTS,ATLN,PCKD,FALSE,Sienna Corporation,1280,0,4.74,6067.2,0,4,Unrestricted,1280
08-04-2026,CM: Sienna GA,10-006448 REV-01,10-006448,DIODE SCHOTTKY 40V 2A 1206,Electrical Components,OTS,ATLN,MAIN,FALSE,Sienna Corporation,3000,0,0.121,363,0,1,Unrestricted,3000
08-04-2026,CM: Sienna GA,10-006448 REV-01,10-006448,DIODE SCHOTTKY 40V 2A 1206,Electrical Components,OTS,ATLN,LINE,FALSE,Sienna Corporation,175,0,0.121,21.175,0,1,Unrestricted,175
08-04-2026,CM: Qualitel WA,814L-10-006452,10-006452,DIODE TVS 14VWM SOT23-6,Electrical Components,OTS,"Seattle, WA",Stock,FALSE,Qualitel,4212,0,0.069,290.628,0,0,Unrestricted,4212
08-04-2026,CM: Qualitel WA,814L-10-006453,10-006453,DIODE TVS 5.5VWM 11V U-DFN3810-9,Electrical Components,OTS,"Seattle, WA",MRB,FALSE,Qualitel,0,50,0.0709,0,3.545,0,Restricted,0
08-04-2026,CM: Qualitel WA,814L-10-006453,10-006453,DIODE TVS 5.5VWM 11V U-DFN3810-9,Electrical Components,OTS,"Seattle, WA",Stock,FALSE,Qualitel,7999,0,0.0709,567.1291,0,0,Unrestricted,7999
08-04-2026,CM: Qualitel WA,814L-10-006453,10-006453,DIODE TVS 5.5VWM 11V U-DFN3810-9,Electrical Components,OTS,"Seattle, WA",PO Inspection,FALSE,Qualitel,0,50,0.0709,0,3.545,0,Restricted,0
08-04-2026,CM: Sienna GA,10-006475 REV-01,10-006475,"Module AUTOMOTIVE, 2.5-W, 24-VIN, 25-VO 36-BSSOP (0.295"", 7.50mm Width)",Electrical Components,OTS,ATLN,MAIN,FALSE,Sienna Corporation,3750,0,2.32,8700,0,1,Unrestricted,3750
08-04-2026,CM: Sienna GA,10-006475 REV-01,10-006475,"Module AUTOMOTIVE, 2.5-W, 24-VIN, 25-VO 36-BSSOP (0.295"", 7.50mm Width)",Electrical Components,OTS,ATLN,LINE,FALSE,Sienna Corporation,1658,0,2.32,3846.56,0,1,Unrestricted,1658
08-04-2026,CM: Qualitel WA,814L-10-006475,10-006475,"Module AUTOMOTIVE, 2.5-W, 24-VIN, 25-VO 36-BSSOP (0.295"", 7.50mm Width)",Electrical Components,OTS,"Seattle, WA",Stock,FALSE,Qualitel,6406,0,2.1,13452.6,0,0,Unrestricted,6406
08-04-2026,Lunar Netsuite,10-006484,10-006484,"IC 16CH BATTERY MONITOR 64-WFQFN Exposed Pad, CSP",Electrical Components,OTS,CA - Ravendale,NS,FALSE,Lunar Energy,150,0,3.03,454.5,0,0,Unrestricted,150
08-04-2026,CM: Qualitel WA,814L-10-006492,10-006492,PC TEST POINT COMPACT,Electrical Components,OTS,"Seattle, WA",Stock,FALSE,Qualitel,25118,0,0.155,3893.29,0,0,Unrestricted,25118
08-04-2026,CM: Qualitel WA,814L-10-006493,10-006493,THERMISTOR NTC 10KOHM B25/50=3380K 0603,Electrical Components,OTS,"Seattle, WA",Stock,FALSE,Qualitel,36926,0,0.0438,1617.3588,0,0,Unrestricted,36926
08-04-2026,CM: Sienna GA,10-006582 REV-01,10-006582,CAP CER 1000PF 2KV X7R 1206,Electrical Components,OTS,ATLN,RIQC,FALSE,Sienna Corporation,3000,0,0.0182,54.6,0,1,Unrestricted,3000
08-04-2026,CM: Sienna GA,10-006582 REV-01,10-006582,CAP CER 1000PF 2KV X7R 1206,Electrical Components,OTS,ATLN,MAIN,FALSE,Sienna Corporation,102000,0,0.0182,1856.4,0,1,Unrestricted,102000
08-04-2026,CM: Sienna GA,10-006582 REV-01,10-006582,CAP CER 1000PF 2KV X7R 1206,Electrical Components,OTS,ATLN,LINE,FALSE,Sienna Corporation,14084,0,0.0182,256.3288,0,1,Unrestricted,14084
08-04-2026,Lunar Netsuite,10-006604,10-006604,CONN CONTACT IDC 12AWG SMD,Electrical Components,OTS,CA - Ravendale,NS,FALSE,Lunar Energy,1380,0,0,0,0,0,Unrestricted,1380
08-04-2026,CM: Qualitel WA,814L-10-006613,10-006613,CONN HEADER R/A 32POS 2MM,Electrical Components,OTS,"Seattle, WA",Stock,FALSE,Qualitel,2275,0,0.483,1098.825,0,0,Unrestricted,2275
08-04-2026,Lunar Netsuite,10-006621,10-006621,Module GLOBAL LTE CAT1BIS W/ GNSS 26.5mm x 22.5mm,Electrical Components,OTS,CA - Ravendale,NS,FALSE,Lunar Energy,160,0,28.9598,4633.568,0,0,Unrestricted,160
08-04-2026,Lunar Netsuite,10-006624,10-006624,TVS DIODE 5VWM 7VC SOD923,Electrical Components,OTS,CA - Ravendale,NS,FALSE,Lunar Energy,7400,0,0.0587,434.38,0,0,Unrestricted,7400
08-04-2026,CM: Celestica MX,10-0066353MS,10-006635,RES SMD 2 OHM 1% 1/5W 0402,Electrical Components,OTS,Monterrey Prod,1000,FALSE,Celestica,-249,0,0.0035,-0.8715,0,0,Unrestricted,-249
08-04-2026,CM: Qualitel WA,814L-10-006635,10-006635,RES SMD 2 OHM 1% 1/5W 0402,Electrical Components,OTS,"Seattle, WA",Stock,FALSE,Qualitel,132793,0,0.01,1327.93,0,0,Unrestricted,132793
08-04-2026,CM: Qualitel WA,814L-10-006637,10-006637,DIODE SCHOTTKY 40V 500MA 0402,Electrical Components,OTS,"Seattle, WA",Stock,FALSE,Qualitel,82481,0,0.024,1979.544,0,0,Unrestricted,82481
08-04-2026,CM: Celestica MX,10-0066373MS,10-006637,DIODE SCHOTTKY 40V 500MA 0402,Electrical Components,OTS,Monterrey Prod,1000,FALSE,Celestica,-12,0,0.056,-0.672,0,0,Unrestricted,-12
08-04-2026,CM: Qualitel WA,814L-10-006638,10-006638,CAP CER 10000PF 1KV X7R 1812,Electrical Components,OTS,"Seattle, WA",Stock,FALSE,Qualitel,5949,0,0.147,874.503,0,0,Unrestricted,5949
08-04-2026,CM: Qualitel WA,814L-10-006639,10-006639,CAP CER 1000PF 1KV X7R 1812,Electrical Components,OTS,"Seattle, WA",Stock,FALSE,Qualitel,14754,0,0.0585,863.109,0,0,Unrestricted,14754
08-04-2026,CM: Qualitel WA,814L-10-006640,10-006640,CAP CER 1000PF 1KV X7R 1206,Electrical Components,OTS,"Seattle, WA",Stock,FALSE,Qualitel,74316,0,0.0227,1686.9732,0,0,Unrestricted,74316
08-04-2026,Lunar Netsuite,10-006640,10-006640,CAP CER 1000PF 1KV X7R 1206,Electrical Components,OTS,CA - Ravendale,NS,FALSE,Lunar Energy,5000,0,0.0208,104,0,0,Unrestricted,0
08-04-2026,CM: Qualitel WA,814L-10-006641,10-006641,CAP CER 10000PF 1KV X7R 1206,Electrical Components,OTS,"Seattle, WA",Stock,FALSE,Qualitel,91201,0,0.0126,1149.1326,0,0,Unrestricted,91201
08-04-2026,CM: Qualitel WA,814L-10-006646,10-006646,RES 18K OHM 1% 1/10W 0603 AEC-Q200,Electrical Components,OTS,"Seattle, WA",Stock,FALSE,Qualitel,27141,0,0.0018,48.8538,0,0,Unrestricted,27141
08-04-2026,CM: Sienna GA,10-006651 REV-01,10-006651,RES SMD 60.4K OHM 0.1% 1/8W 0805 AEC-Q,Electrical Components,OTS,ATLN,LINE,FALSE,Sienna Corporation,12734,0,0.032,407.488,0,1,Unrestricted,12734
08-04-2026,CM: Sienna GA,10-006651 REV-01,10-006651,RES SMD 60.4K OHM 0.1% 1/8W 0805 AEC-Q,Electrical Components,OTS,ATLN,MAIN,FALSE,Sienna Corporation,130160,0,0.032,4165.12,0,1,Unrestricted,130160
08-04-2026,CM: Sienna GA,10-006652 REV-01,10-006652,RES SMD 10K OHM 0.1% 1/8W 0805,Electrical Components,OTS,ATLN,MAIN,FALSE,Sienna Corporation,190000,0,0.032,6080,0,1,Unrestricted,190000
08-04-2026,CM: Sienna GA,10-006652 REV-01,10-006652,RES SMD 10K OHM 0.1% 1/8W 0805,Electrical Components,OTS,ATLN,LINE,FALSE,Sienna Corporation,14199,0,0.032,454.368,0,1,Unrestricted,14199
08-04-2026,CM: Sienna GA,10-006654 REV-01,10-006654,DIODE ZENER 68V 3W SMB,Electrical Components,OTS,ATLN,MAIN,FALSE,Sienna Corporation,87499,0,0.069,6037.431,0,1,Unrestricted,87499
08-04-2026,CM: Sienna GA,10-006654 REV-01,10-006654,DIODE ZENER 68V 3W SMB,Electrical Components,OTS,ATLN,LINE,FALSE,Sienna Corporation,6289,0,0.069,433.941,0,1,Unrestricted,6289
08-04-2026,Lunar Netsuite,10-006670,10-006670,IC CLK BUFFER 1:4 250MHZ 8WSON,Electrical Components,OTS,CA - Ravendale,NS,FALSE,Lunar Energy,175,0,1.2026,210.455,0,0,Unrestricted,175
08-04-2026,CM: Qualitel WA,814L-10-006672,10-006672,RES 200K OHM 1% 1/16W 0402,Electrical Components,OTS,"Seattle, WA",Stock,FALSE,Qualitel,14951,0,0.0008,11.9608,0,0,Unrestricted,14951
08-04-2026,CM: Sienna GA,10-006675 REV-01,10-006675,RES SMD 51K OHM 0.1% 1/10W 0603,Electrical Components,OTS,ATLN,LINE,FALSE,Sienna Corporation,4280,0,0.01,42.8,0,1,Unrestricted,4280
08-04-2026,CM: Sienna GA,10-006675 REV-01,10-006675,RES SMD 51K OHM 0.1% 1/10W 0603,Electrical Components,OTS,ATLN,RIQC,FALSE,Sienna Corporation,5000,0,0.01,50,0,1,Unrestricted,5000
08-04-2026,CM: Qualitel WA,814L-10-006675,10-006675,RES SMD 51K OHM 0.1% 1/10W 0603,Electrical Components,OTS,"Seattle, WA",Stock,FALSE,Qualitel,14533,0,0.029,421.457,0,0,Unrestricted,14533
08-04-2026,CM: Qualitel WA,814L-10-006676,10-006676,RES SMD 3.6K OHM 0.1% 1/10W 0603,Electrical Components,OTS,"Seattle, WA",Stock,FALSE,Qualitel,9520,0,0.0175,166.6,0,0,Unrestricted,9520
08-04-2026,CM: Sienna GA,10-006676 REV-01,10-006676,RES SMD 3.6K OHM 0.1% 1/10W 0603,Electrical Components,OTS,ATLN,LINE,FALSE,Sienna Corporation,4261,0,0.01,42.61,0,1,Unrestricted,4261
08-04-2026,CM: Qualitel WA,814L-10-006678,10-006678,CAP CER 10NF 100V X7R 0603,Electrical Components,OTS,"Seattle, WA",Stock,FALSE,Qualitel,61592,0,0.0031,190.9352,0,0,Unrestricted,61592
08-04-2026,CM: Qualitel WA,814L-10-006687,10-006687,CAP CER 330PF 25V X7R 0402,Electrical Components,OTS,"Seattle, WA",Stock,FALSE,Qualitel,24214,0,0.0027,65.3778,0,0,Unrestricted,24214
08-04-2026,CM: Qualitel WA,814L-10-006688,10-006688,RES SMD 500 UOHM 1% 10W 2512,Electrical Components,OTS,"Seattle, WA",Stock,FALSE,Qualitel,6143,0,0.182,1118.026,0,0,Unrestricted,6143
08-04-2026,CM: Qualitel WA,814L-10-006689,10-006689,RES 6.2 OHM 1% 1W 2512 AEC-Q,Electrical Components,OTS,"Seattle, WA",Stock,FALSE,Qualitel,178575,0,0.15,26786.25,0,0,Unrestricted,178575
08-04-2026,CM: Qualitel WA,814L-10-006946,10-006689,RES 6.2 OHM 1% 1W 2512 AEC-Q,Electrical Components,OTS,"Seattle, WA",Stock,FALSE,Qualitel,14549,0,0.0139,202.2311,0,0,Unrestricted,14549
08-04-2026,CM: Qualitel WA,814L-10-006690,10-006690,FERRITE BEAD 2.2 KOHM 0603 1LN,Electrical Components,OTS,"Seattle, WA",Stock,FALSE,Qualitel,42362,0,0.0081,343.1322,0,0,Unrestricted,42362
08-04-2026,CM: Sienna GA,10-006691 REV-01,10-006691,CAP CER 4700PF 3KV X7R 2220,Electrical Components,OTS,ATLN,LINE,FALSE,Sienna Corporation,3855,0,1.24,4780.2,0,1,Unrestricted,3855
08-04-2026,CM: Qualitel WA,814L-10-006691,10-006691,CAP CER 4700PF 3KV X7R 2220,Electrical Components,OTS,"Seattle, WA",Stock,FALSE,Qualitel,11818,0,0.652,7705.336,0,0,Unrestricted,11818
08-04-2026,CM: Sienna GA,10-006691 REV-01,10-006691,CAP CER 4700PF 3KV X7R 2220,Electrical Components,OTS,ATLN,RIQC,FALSE,Sienna Corporation,10500,0,1.24,13020,0,1,Unrestricted,10500
08-04-2026,CM: Sienna GA,10-006695 REV-01,10-006695,DIODE ZENER 4.03V 960MW DO219AC,Electrical Components,OTS,ATLN,LINE,FALSE,Sienna Corporation,2293,0,0.047,107.771,0,1,Unrestricted,2293
08-04-2026,CM: Sienna GA,10-006695 REV-01,10-006695,DIODE ZENER 4.03V 960MW DO219AC,Electrical Components,OTS,ATLN,MAIN,FALSE,Sienna Corporation,22500,0,0.047,1057.5,0,1,Unrestricted,22500
08-04-2026,CM: Qualitel WA,814L-10-006695,10-006695,DIODE ZENER 4.03V 960MW DO219AC,Electrical Components,OTS,"Seattle, WA",Stock,FALSE,Qualitel,7723,0,0.0245,189.2135,0,0,Unrestricted,7723
08-04-2026,CM: Qualitel WA,814L-10-006696,10-006696,RES SMD 2 OHM 5% 1W 2512 AEC-Q,Electrical Components,OTS,"Seattle, WA",Stock,FALSE,Qualitel,19169,0,0.0291,557.8179,0,0,Unrestricted,19169
08-04-2026,CM: Sienna GA,10-006698 REV-01,10-006698,MOSFET N-CH 55V 5.1A SOT223,Electrical Components,OTS,ATLN,MAIN,FALSE,Sienna Corporation,7000,0,0.01,70,0,1,Unrestricted,7000
08-04-2026,CM: Sienna GA,10-006698 REV-01,10-006698,MOSFET N-CH 55V 5.1A SOT223,Electrical Components,OTS,ATLN,LINE,FALSE,Sienna Corporation,1682,0,0.01,16.82,0,1,Unrestricted,1682
08-04-2026,CM: Qualitel WA,814L-10-006698,10-006698,MOSFET N-CH 55V 5.1A SOT223,Electrical Components,OTS,"Seattle, WA",Stock,FALSE,Qualitel,7585,0,0.154,1168.09,0,0,Unrestricted,7585
08-04-2026,CM: Sienna GA,10-006699 REV-02,10-006699,FIXED IND 2.2UH 1.7A 72 MOHM SMD AEC-Q,Electrical Components,OTS,ATLN,MAIN,FALSE,Sienna Corporation,36000,0,0.01,360,0,2,Unrestricted,36000
08-04-2026,CM: Qualitel WA,814L-10-006699,10-006699,FIXED IND 2.2UH 1.7A 72 MOHM SMD AEC-Q,Electrical Components,OTS,"Seattle, WA",Stock,FALSE,Qualitel,15507,0,0.1347,2088.7929,0,0,Unrestricted,15507
08-04-2026,CM: Sienna GA,10-006699 REV-02,10-006699,FIXED IND 2.2UH 1.7A 72 MOHM SMD AEC-Q,Electrical Components,OTS,ATLN,LINE,FALSE,Sienna Corporation,5026,0,0.01,50.26,0,2,Unrestricted,5026
08-04-2026,CM: Qualitel WA,814L-10-006700,10-006700,CONN HEADER VERT 4POS 2.5MM,Electrical Components,OTS,"Seattle, WA",Stock,FALSE,Qualitel,11798,0,0.365,4306.27,0,0,Unrestricted,11798
08-04-2026,CM: Qualitel WA,814L-10-006701,10-006701,RES SMD 18K OHM 1% 1/16W 0402,Electrical Components,OTS,"Seattle, WA",Stock,FALSE,Qualitel,7402,0,0.0005,3.701,0,0,Unrestricted,7402
08-04-2026,CM: Qualitel WA,814L-10-006702,10-006702,RES 270 OHM 1% 1/16W 0402,Electrical Components,OTS,"Seattle, WA",Stock,FALSE,Qualitel,10154,0,0.0005,5.077,0,0,Unrestricted,10154
08-04-2026,Lunar Netsuite,10-006703,10-006703,RES 39K OHM 1% 1/16W 0402,Electrical Components,OTS,CA - Ravendale,NS,FALSE,Lunar Energy,20000,0,0.0009,18,0,0,Unrestricted,20000
08-04-2026,CM: Qualitel WA,814L-10-006703,10-006703,RES 39K OHM 1% 1/16W 0402,Electrical Components,OTS,"Seattle, WA",Stock,FALSE,Qualitel,10086,0,0.0005,5.043,0,0,Unrestricted,10086
08-04-2026,CM: Qualitel WA,814L-10-006704,10-006704,RES 4.99K OHM 1% 1/16W 0402,Electrical Components,OTS,"Seattle, WA",Stock,FALSE,Qualitel,10091,0,0.0005,5.0455,0,0,Unrestricted,10091
08-04-2026,CM: Qualitel WA,814L-10-006705,10-006705,RES 9.1K OHM 1% 1/16W 0402,Electrical Components,OTS,"Seattle, WA",Stock,FALSE,Qualitel,22067,0,0.0005,11.0335,0,0,Unrestricted,22067
08-04-2026,CM: Qualitel WA,814L-10-006707,10-006707,RES SMD 330 OHM 1% 3/4W 1206 AEC-Q,Electrical Components,OTS,"Seattle, WA",PO Inspection,FALSE,Qualitel,0,250,0.0138,0,3.45,0,Restricted,0
08-04-2026,CM: Qualitel WA,814L-10-006707,10-006707,RES SMD 330 OHM 1% 3/4W 1206 AEC-Q,Electrical Components,OTS,"Seattle, WA",MRB,FALSE,Qualitel,0,250,0.0138,0,3.45,0,Restricted,0
08-04-2026,CM: Qualitel WA,814L-10-006707,10-006707,RES SMD 330 OHM 1% 3/4W 1206 AEC-Q,Electrical Components,OTS,"Seattle, WA",Stock,FALSE,Qualitel,4937,0,0.0138,68.1306,0,0,Unrestricted,4937
08-04-2026,Lunar Netsuite,10-006713,10-006713,CAP ALUM 100UF 20% 450V RADIAL,Electrical Components,OTS,CA - Ravendale,NS,FALSE,Lunar Energy,400,0,1.7126,685.04,0,0,Unrestricted,400
08-04-2026,Lunar Netsuite,10-006717,10-006717,MOSFET SILICON CARBIDE N-CH 650V RDS 10.0mOHM PG-HDSOP-22-1,Electrical Components,OTS,CA - Ravendale,NS,FALSE,Lunar Energy,826,0,0,0,0,0,Unrestricted,826
08-04-2026,Lunar Netsuite,10-006722,10-006722,CAP CER 33NF 650V C0G 1812 AEC-Q,Electrical Components,OTS,CA - Ravendale,NS,FALSE,Lunar Energy,1000,0,1.26,1260,0,0,Unrestricted,1000
08-04-2026,Lunar Netsuite,10-006729,10-006729,"TRANSFORMER POWER -40°C to +125°C PTH 14 PIN 32.25MM X 27.05MM X 22,86MM",Electrical Components,OTS,CA - Ravendale,NS,FALSE,Lunar Energy,784,0,6.35,4978.4,0,0,Unrestricted,784
08-04-2026,Lunar Netsuite,10-006730,10-006730,CAP FILM 5UF 5% 700VDC RADIAL AEC-Q200,Electrical Components,OTS,CA - Ravendale,NS,FALSE,Lunar Energy,317,0,1.6086,509.9262,0,0,Unrestricted,317
08-04-2026,Lunar Netsuite,10-006731,10-006731,CAP ALUM 800UF 20% 315V RADIAL,Electrical Components,OTS,JIT - Reno,NS,FALSE,Lunar Energy,400,0,0,0,0,0,Unrestricted,400
08-04-2026,Lunar Netsuite,10-006731,10-006731,CAP ALUM 800UF 20% 315V RADIAL,Electrical Components,OTS,CA - Ravendale,NS,FALSE,Lunar Energy,800,0,1.91,1528,0,0,Unrestricted,800
08-04-2026,Lunar Netsuite,10-006732,10-006732,IC SIGMA-DELTA 16BIT 40K 24TSSOP,Electrical Components,OTS,CA - Ravendale,NS,FALSE,Lunar Energy,5,0,0,0,0,0,Unrestricted,5
08-04-2026,Lunar Netsuite,10-006749,10-006749,CAP FILM 5UF 5% 700VDC RADIAL,Electrical Components,OTS,CA - Ravendale,NS,FALSE,Lunar Energy,458,0,6.7919,3110.6902,0,0,Unrestricted,458
08-04-2026,Lunar Netsuite,10-006777,10-006777,TERM BLK 8POS TOP ENTRY 5MM PCB,Electrical Components,OTS,CA - Ravendale,NS,FALSE,Lunar Energy,960,0,0,0,0,0,Unrestricted,960
08-04-2026,Lunar Netsuite,10-006779,10-006779,CONN SCREW TERMINAL BRACKET M4 4 PIN D,Electrical Components,OTS,CA - Ravendale,NS,FALSE,Lunar Energy,152,0,0.177,26.904,0,0,Unrestricted,152
08-04-2026,Lunar Netsuite,10-006793,10-006793,IC Arm Cortex-A53 Microprocessor ANB0373A,Electrical Components,OTS,NPI Builds,NS,FALSE,Lunar Energy,30,0,0,0,0,0,Unrestricted,30
08-04-2026,Lunar Netsuite,10-006831,10-006831,IC SDRAM DDR4 MEMORY 16Gbit 96-FBGA (9x13),Electrical Components,OTS,CA - Ravendale,NS,FALSE,Lunar Energy,142,0,35.49,5039.58,0,0,Unrestricted,142
08-04-2026,Lunar Netsuite,10-006833,10-006833,IC REG BUCK ADJ 2.5A 8SOPWR,Electrical Components,OTS,CA - Ravendale,NS,FALSE,Lunar Energy,870,0,1.9914,1732.518,0,0,Unrestricted,870
08-04-2026,Lunar Netsuite,10-006835,10-006835,SWITCH TACTILE SPST-NO 0.02A 15V 4.70mm x 3.50mm,Electrical Components,OTS,CA - Ravendale,NS,FALSE,Lunar Energy,120,0,0.7386,88.632,0,0,Unrestricted,120
08-04-2026,Lunar Netsuite,10-006836,10-006836,IC USB 2.0 HUB AND FLASH MEDIA CARD CONTROLLER COMBO 48-QFN (7x7),Electrical Components,OTS,CA - Ravendale,NS,FALSE,Lunar Energy,2,0,0,0,0,0,Unrestricted,0
08-04-2026,Lunar Netsuite,10-006842,10-006842,RES ARRAY 4 RES 10K OHM 1206,Electrical Components,OTS,CA - Ravendale,NS,FALSE,Lunar Energy,25470,0,0.0153,389.691,0,0,Unrestricted,25470
08-04-2026,Lunar Netsuite,10-006853,10-006853,RES 1.5K OHM 1% 1/16W 0402,Electrical Components,OTS,CA - Ravendale,NS,FALSE,Lunar Energy,104350,0,0.002,208.7,0,0,Unrestricted,104350
08-04-2026,Lunar Netsuite,10-006859,10-006859,RES SMD 32.4K OHM 1% 1/16W 0402,Electrical Components,OTS,CA - Ravendale,NS,FALSE,Lunar Energy,26350,0,0.002,52.7,0,0,Unrestricted,26350
08-04-2026,Lunar Netsuite,10-006883,10-006883,IC FLASH 512GBIT EMMC 153FBGA,Electrical Components,OTS,CA - Ravendale,NS,FALSE,Lunar Energy,1216,0,41.915,50968.64,0,0,Unrestricted,1216
08-04-2026,Lunar Netsuite,10-006898,10-006898,"IND 10UH 21A 3.88 MOHM SMD (0.886"" L x 0.866"" W (22.50mm x 22.00mm))",Electrical Components,OTS,CA - Ravendale,NS,FALSE,Lunar Energy,850,0,3.11,2643.5,0,0,Unrestricted,850
08-04-2026,Lunar Netsuite,10-006901,10-006901,IC BUFF NON-INVERT 5.5V 14-TSSOP,Electrical Components,OTS,CA - Ravendale,NS,FALSE,Lunar Energy,3611,0,0.1323,477.7353,0,0,Unrestricted,3611
08-04-2026,Lunar Netsuite,10-006902,10-006902,MOSFET N-CH 100V 190MA SOT23-3 (2.9LX1.3WX1HMM),Electrical Components,OTS,CA - Ravendale,NS,FALSE,Lunar Energy,8068,0,0.0956,771.3008,0,0,Unrestricted,8068
08-04-2026,Lunar Netsuite,10-006903,10-006903,RES 0.5 MILLIOHM 1% 1W 0612,Electrical Components,OTS,CA - Ravendale,NS,FALSE,Lunar Energy,10000,0,0.184,1840,0,0,Unrestricted,10000
08-04-2026,Lunar Netsuite,10-006906,10-006906,IC FLASH 512MBIT SPI/QUAD 24-BGA (8x6),Electrical Components,OTS,CA - Ravendale,NS,FALSE,Lunar Energy,378,0,2.35,888.3,0,0,Unrestricted,378
08-04-2026,Lunar Netsuite,10-006910,10-006910,RES SMD 15.8KOHM 0.1% 1/16W 0402,Electrical Components,OTS,CA - Ravendale,NS,FALSE,Lunar Energy,26000,0,0.0455,1183,0,0,Unrestricted,26000
08-04-2026,Lunar Netsuite,10-006948,10-006948,Module ESIM,Electrical Components,OTS,CA - Ravendale,NS,FALSE,Lunar Energy,1,0,0,0,0,0,Unrestricted,1
08-04-2026,Lunar Netsuite,10-006949,10-006949,CONN HEADER VERT 8POS 2MM (22.62MML X 10.44MMLD X 14.6MMH),Electrical Components,OTS,CA - Ravendale,NS,FALSE,Lunar Energy,3,0,0,0,0,0,Unrestricted,0
08-04-2026,Lunar Netsuite,10-006953,10-006953,"LED SMD 5050 W/ 6 PINS, Discrete Red, Green, Blue (RGB) ADDRESSABLE 5.36mmL x 5.00mmW",Electrical Components,OTS,CA - Ravendale,NS,FALSE,Lunar Energy,300,0,0,0,0,0,Unrestricted,300
08-04-2026,Lunar Netsuite,10-006967,10-006967,RES SMD 5.6K OHM 1% 1/16W 0402,Electrical Components,OTS,CA - Ravendale,NS,FALSE,Lunar Energy,26350,0,0.002,52.7,0,0,Unrestricted,26350
08-04-2026,Lunar Netsuite,10-006981,10-006981,TRANSFORMER PULSE 1CT:1CT TX 1CT:1CT RX 18.29mm x 14.70mm,Electrical Components,OTS,CA - Ravendale,NS,FALSE,Lunar Energy,320,0,4.64,1484.8,0,0,Unrestricted,320
08-04-2026,Lunar Netsuite,10-007011,10-007011,FUSE HOLDER HIGH PROFILE BLOCK MINI FUSE SMT 30 AMP (16MML X 9.25MMD),Electrical Components,OTS,CA - Ravendale,NS,FALSE,Lunar Energy,1676,0,0.792,1327.392,0,0,Unrestricted,1676
08-04-2026,Lunar Netsuite,10-007015,10-007015,MOSFET 100V N-CH SINGLE 75A 80V 8-PPAK (6.3X5.4MM),Electrical Components,OTS,CA - Ravendale,NS,FALSE,Lunar Energy,15000,0,0.48,7200,0,0,Unrestricted,15000
08-04-2026,Lunar Netsuite,10-007016,10-007016,DIODE ZENER 82V 5W ±5% DO214AA,Electrical Components,OTS,CA - Ravendale,NS,FALSE,Lunar Energy,9479,0,0.2613,2476.8627,0,0,Unrestricted,9479
08-04-2026,Lunar Netsuite,10-007018,10-007018,RES SMD 5.6 OHM 5% 1W 2512,Electrical Components,OTS,CA - Ravendale,NS,FALSE,Lunar Energy,154000,0,0.0405,6237,0,0,Unrestricted,154000
08-04-2026,CM: Sienna GA,10-01267B REV-02,10-01267B,"Enclosure, Top, Maximizer",Part,MTS,ATLN,RP84,FALSE,Sienna Corporation,1920,0,0,0,0,2,Unrestricted,1920
08-04-2026,CM: Sienna GA,10-01267B REV-02,10-01267B,"Enclosure, Top, Maximizer",Part,MTS,ATLN,RP16,FALSE,Sienna Corporation,1920,0,0,0,0,2,Unrestricted,1920
08-04-2026,CM: Sienna GA,10-01267B REV-02,10-01267B,"Enclosure, Top, Maximizer",Part,MTS,ATLN,RP13,FALSE,Sienna Corporation,1920,0,0,0,0,2,Unrestricted,1920
08-04-2026,CM: Sienna GA,10-01267B REV-02,10-01267B,"Enclosure, Top, Maximizer",Part,MTS,ATLN,RP23,FALSE,Sienna Corporation,1920,0,0,0,0,2,Unrestricted,1920
08-04-2026,CM: Sienna GA,10-01267B REV-02,10-01267B,"Enclosure, Top, Maximizer",Part,MTS,ATLN,RP25,FALSE,Sienna Corporation,1920,0,0,0,0,2,Unrestricted,1920
08-04-2026,CM: Sienna GA,10-01267B REV-02,10-01267B,"Enclosure, Top, Maximizer",Part,MTS,ATLN,RP14,FALSE,Sienna Corporation,1920,0,0,0,0,2,Unrestricted,1920
08-04-2026,CM: Sienna GA,10-01267B REV-02,10-01267B,"Enclosure, Top, Maximizer",Part,MTS,ATLN,RP45,FALSE,Sienna Corporation,1920,0,0,0,0,2,Unrestricted,1920
08-04-2026,CM: Sienna GA,10-01267B REV-02,10-01267B,"Enclosure, Top, Maximizer",Part,MTS,ATLN,RIQC,FALSE,Sienna Corporation,26473,0,0,0,0,2,Unrestricted,26473
08-04-2026,CM: Sienna GA,10-01267B REV-02,10-01267B,"Enclosure, Top, Maximizer",Part,MTS,ATLN,RP34,FALSE,Sienna Corporation,840,0,0,0,0,2,Unrestricted,840
08-04-2026,CM: Sienna GA,10-01267B REV-02,10-01267B,"Enclosure, Top, Maximizer",Part,MTS,ATLN,LINE,FALSE,Sienna Corporation,4308,0,0,0,0,2,Unrestricted,4308
08-04-2026,CM: Sienna GA,10-01267B REV-02,10-01267B,"Enclosure, Top, Maximizer",Part,MTS,ATLN,RP86,FALSE,Sienna Corporation,1920,0,0,0,0,2,Unrestricted,1920
08-04-2026,CM: Sienna GA,10-01267B REV-02,10-01267B,"Enclosure, Top, Maximizer",Part,MTS,ATLN,RP15,FALSE,Sienna Corporation,1920,0,0,0,0,2,Unrestricted,1920
08-04-2026,CM: Sienna GA,10-04116B REV-02,10-04116B,"Enclosure, Bottom, Maximizer",Part,MTS,ATLN,RP35,FALSE,Sienna Corporation,1152,0,0,0,0,2,Unrestricted,1152
08-04-2026,CM: Sienna GA,10-04116B REV-02,10-04116B,"Enclosure, Bottom, Maximizer",Part,MTS,ATLN,RP56,FALSE,Sienna Corporation,1152,0,0,0,0,2,Unrestricted,1152
08-04-2026,CM: Sienna GA,10-04116B REV-02,10-04116B,"Enclosure, Bottom, Maximizer",Part,MTS,ATLN,RP26,FALSE,Sienna Corporation,1152,0,0,0,0,2,Unrestricted,1152
08-04-2026,CM: Sienna GA,10-04116B REV-02,10-04116B,"Enclosure, Bottom, Maximizer",Part,MTS,ATLN,RP66,FALSE,Sienna Corporation,1152,0,0,0,0,2,Unrestricted,1152
08-04-2026,CM: Sienna GA,10-04116B REV-02,10-04116B,"Enclosure, Bottom, Maximizer",Part,MTS,ATLN,RP34,FALSE,Sienna Corporation,576,0,0,0,0,2,Unrestricted,576
08-04-2026,CM: Sienna GA,10-04116B REV-02,10-04116B,"Enclosure, Bottom, Maximizer",Part,MTS,ATLN,RP33,FALSE,Sienna Corporation,1152,0,0,0,0,2,Unrestricted,1152
08-04-2026,CM: Sienna GA,10-04116B REV-02,10-04116B,"Enclosure, Bottom, Maximizer",Part,MTS,ATLN,RR46,FALSE,Sienna Corporation,1152,0,0,0,0,2,Unrestricted,1152
08-04-2026,CM: Sienna GA,10-04116B REV-02,10-04116B,"Enclosure, Bottom, Maximizer",Part,MTS,ATLN,RP54,FALSE,Sienna Corporation,1152,0,0,0,0,2,Unrestricted,1152
08-04-2026,CM: Sienna GA,10-04116B REV-02,10-04116B,"Enclosure, Bottom, Maximizer",Part,MTS,ATLN,RP44,FALSE,Sienna Corporation,1152,0,0,0,0,2,Unrestricted,1152
08-04-2026,CM: Sienna GA,10-04116B REV-02,10-04116B,"Enclosure, Bottom, Maximizer",Part,MTS,ATLN,RP46,FALSE,Sienna Corporation,1152,0,0,0,0,2,Unrestricted,1152
08-04-2026,CM: Sienna GA,10-04116B REV-02,10-04116B,"Enclosure, Bottom, Maximizer",Part,MTS,ATLN,RP65,FALSE,Sienna Corporation,1152,0,0,0,0,2,Unrestricted,1152
08-04-2026,CM: Sienna GA,10-04116B REV-02,10-04116B,"Enclosure, Bottom, Maximizer",Part,MTS,ATLN,RP96,FALSE,Sienna Corporation,1152,0,0,0,0,2,Unrestricted,1152
08-04-2026,CM: Sienna GA,10-04116B REV-02,10-04116B,"Enclosure, Bottom, Maximizer",Part,MTS,ATLN,RS35,FALSE,Sienna Corporation,1152,0,0,0,0,2,Unrestricted,1152
08-04-2026,CM: Sienna GA,10-04116B REV-02,10-04116B,"Enclosure, Bottom, Maximizer",Part,MTS,ATLN,RP24,FALSE,Sienna Corporation,1152,0,0,0,0,2,Unrestricted,1152
08-04-2026,CM: Sienna GA,10-04116B REV-02,10-04116B,"Enclosure, Bottom, Maximizer",Part,MTS,ATLN,RP36,FALSE,Sienna Corporation,1152,0,0,0,0,2,Unrestricted,1152
08-04-2026,CM: Sienna GA,10-04116B REV-02,10-04116B,"Enclosure, Bottom, Maximizer",Part,MTS,ATLN,RJ13,FALSE,Sienna Corporation,1080,0,0,0,0,2,Unrestricted,1080
08-04-2026,CM: Sienna GA,10-04116B REV-02,10-04116B,"Enclosure, Bottom, Maximizer",Part,MTS,ATLN,RJ46,FALSE,Sienna Corporation,16,0,0,0,0,2,Unrestricted,16
08-04-2026,CM: Sienna GA,10-04116B REV-02,10-04116B,"Enclosure, Bottom, Maximizer",Part,MTS,ATLN,RS66,FALSE,Sienna Corporation,1152,0,0,0,0,2,Unrestricted,1152
08-04-2026,CM: Sienna GA,10-04116B REV-02,10-04116B,"Enclosure, Bottom, Maximizer",Part,MTS,ATLN,RP95,FALSE,Sienna Corporation,1152,0,0,0,0,2,Unrestricted,1152
08-04-2026,CM: Sienna GA,10-04116B REV-02,10-04116B,"Enclosure, Bottom, Maximizer",Part,MTS,ATLN,LINE,FALSE,Sienna Corporation,1687,0,0,0,0,2,Unrestricted,1687
08-04-2026,CM: Sienna GA,10-04116B REV-02,10-04116B,"Enclosure, Bottom, Maximizer",Part,MTS,ATLN,RIQC,FALSE,Sienna Corporation,21278,0,0,0,0,2,Unrestricted,21278
08-04-2026,CM: Sienna GA,10-04116B REV-02,10-04116B,"Enclosure, Bottom, Maximizer",Part,MTS,ATLN,RR53,FALSE,Sienna Corporation,1152,0,0,0,0,2,Unrestricted,1152
08-04-2026,CM: Sienna GA,10-04116B REV-02,10-04116B,"Enclosure, Bottom, Maximizer",Part,MTS,ATLN,RR36,FALSE,Sienna Corporation,1152,0,0,0,0,2,Unrestricted,1152
08-04-2026,CM: Sienna GA,10-04116B REV-02,10-04116B,"Enclosure, Bottom, Maximizer",Part,MTS,ATLN,RP76,FALSE,Sienna Corporation,1152,0,0,0,0,2,Unrestricted,1152
08-04-2026,CM: Sienna GA,10-04116B REV-02,10-04116B,"Enclosure, Bottom, Maximizer",Part,MTS,ATLN,RP64,FALSE,Sienna Corporation,1152,0,0,0,0,2,Unrestricted,1152
08-04-2026,CM: Sienna GA,10-04116B REV-02,10-04116B,"Enclosure, Bottom, Maximizer",Part,MTS,ATLN,RP93,FALSE,Sienna Corporation,1152,0,0,0,0,2,Unrestricted,1152
08-04-2026,CM: Sienna GA,10-05006A REV-01,10-05006A,"Foam Seal, Top Service Entry, Bridge",Part,MTS,ATLN,RQB2,FALSE,Sienna Corporation,2000,0,0.211,422,0,1,Unrestricted,2000
08-04-2026,CM: Sienna GA,10-05006A REV-01,10-05006A,"Foam Seal, Top Service Entry, Bridge",Part,MTS,ATLN,LINE,FALSE,Sienna Corporation,490,0,0.211,103.39,0,1,Unrestricted,490
08-04-2026,CM: Sienna GA,10-06103C(Q) REV-03,10-06103C,"PCBA, Terminal Board, Type C, Coated",Part,MTS,ATLN,MRB,FALSE,Sienna Corporation,0,5,0,0,0,3,Restricted,0
08-04-2026,CM: Qualitel WA,814-4656,10-06103C,"PCBA, Terminal Board, Type C, Coated",Part,MTS,"Seattle, WA",Stock,FALSE,Qualitel,12,0,276.162,3313.944,0,0,Unrestricted,12
08-04-2026,CM: Sienna GA,10-06103C(Q) REV-03,10-06103C,"PCBA, Terminal Board, Type C, Coated",Part,MTS,ATLN,LINE,FALSE,Sienna Corporation,125,0,0,0,0,3,Unrestricted,125
08-04-2026,CM: Sienna GA,10-06103C REV-03,10-06103C,"PCBA, Terminal Board, Type C, Coated",Part,MTS,ATLN,MRB,FALSE,Sienna Corporation,0,42,0,0,0,3,Restricted,0
08-04-2026,CM: Sienna GA,10-06103C REV-03,10-06103C,"PCBA, Terminal Board, Type C, Coated",Part,MTS,ATLN,LINE,FALSE,Sienna Corporation,25,0,0,0,0,3,Unrestricted,25
08-04-2026,CM: Sienna GA,10-06104C REV-04,10-06104C,"Asy, Power Board, Type C, With DC Pins",Assembly,MTS,ATLN,PDRW,FALSE,Sienna Corporation,3,0,0,0,0,4,Unrestricted,3
08-04-2026,CM: Sienna GA,10-06104C REV-05,10-06104C,"Asy, Power Board, Type C, With DC Pins",Assembly,MTS,ATLN,LPAC,FALSE,Sienna Corporation,27,0,0,0,0,5,Unrestricted,27
08-04-2026,CM: Sienna GA,10-06104C REV-05,10-06104C,"Asy, Power Board, Type C, With DC Pins",Assembly,MTS,ATLN,LINE,FALSE,Sienna Corporation,149,0,0,0,0,5,Unrestricted,149
08-04-2026,CM: Sienna GA,10-06104C REV-05,10-06104C,"Asy, Power Board, Type C, With DC Pins",Assembly,MTS,ATLN,MRB,FALSE,Sienna Corporation,0,14,0,0,0,5,Restricted,0
08-04-2026,CM: Sienna GA,10-06104C REV-05,10-06104C,"Asy, Power Board, Type C, With DC Pins",Assembly,MTS,ATLN,PDRW,FALSE,Sienna Corporation,3,0,0,0,0,5,Unrestricted,3
08-04-2026,CM: Sienna GA,10-06105C REV-04,10-06105C,"PCBA, Power Board, Type C, Coated",Assembly,MTS,ATLN,INRE,FALSE,Sienna Corporation,0,0,0,0,0,4,Unrestricted,0
08-04-2026,CM: Sienna GA,10-06105C(Q) REV-04,10-06105C,"PCBA, Power Board, Type C, Coated",Assembly,MTS,ATLN,MRB,FALSE,Sienna Corporation,0,46,0,0,0,4,Restricted,0
08-04-2026,CM: Qualitel WA,814-4657,10-06105C,"PCBA, Power Board, Type C, Coated",Assembly,MTS,"Seattle, WA",Stock,FALSE,Qualitel,75,0,236.2424,17718.18,0,0,Unrestricted,75
08-04-2026,CM: Sienna GA,10-06105C(Q) REV-04,10-06105C,"PCBA, Power Board, Type C, Coated",Assembly,MTS,ATLN,LINE,FALSE,Sienna Corporation,188,0,0,0,0,4,Unrestricted,188
08-04-2026,CM: Sienna GA,10-06105C REV-04,10-06105C,"PCBA, Power Board, Type C, Coated",Assembly,MTS,ATLN,LINE,FALSE,Sienna Corporation,66,0,0,0,0,4,Unrestricted,66
08-04-2026,CM: Sienna GA,10-06108A REV-01,10-06108A,"Closing Plate, Top Service Entry, Bridge, Lunar Blue",Part,MTS,ATLN,RI44,FALSE,Sienna Corporation,500,0,1.16,580,0,1,Unrestricted,500
08-04-2026,CM: Sienna GA,10-06108A REV-01,10-06108A,"Closing Plate, Top Service Entry, Bridge, Lunar Blue",Part,MTS,ATLN,RIQC,FALSE,Sienna Corporation,1257,0,1.16,1458.12,0,1,Unrestricted,1257
08-04-2026,CM: Sienna GA,10-06110A REV-01,10-06110A,"Screw, Button, 12-24x0.55, T25, Steel with Zinc Coating",Part,OTS,ATLN,LINE,FALSE,Sienna Corporation,9996,0,0.09,899.64,0,1,Unrestricted,9996
08-04-2026,CM: Sienna GA,10-06501C REV-02,10-06501C,"Busbar Assembly, Iph A",Part,OTS,ATLN,EXIN,FALSE,Sienna Corporation,94,0,0.77,72.38,0,2,Unrestricted,94
08-04-2026,CM: Sienna GA,10-06501D REV-01,10-06501D,"Asy, Busbar, Iph A",Assembly,MTS,ATLN,RRB4,FALSE,Sienna Corporation,9,0,0,0,0,1,Unrestricted,9
08-04-2026,CM: Sienna GA,10-06501D REV-01,10-06501D,"Asy, Busbar, Iph A",Assembly,MTS,ATLN,RL44,FALSE,Sienna Corporation,589,0,0,0,0,1,Unrestricted,589
08-04-2026,CM: Sienna GA,10-06501D REV-01,10-06501D,"Asy, Busbar, Iph A",Assembly,MTS,ATLN,RL43,FALSE,Sienna Corporation,643,0,0,0,0,1,Unrestricted,643
08-04-2026,CM: Sienna GA,10-06502C REV-01,10-06502C,"Busbar Assembly, Iph B",Part,OTS,ATLN,EXIN,FALSE,Sienna Corporation,94,0,0.78,73.32,0,1,Unrestricted,94
08-04-2026,CM: Sienna GA,10-06502D REV-01,10-06502D,"Asy, Busbar, Iph B",Assembly,MTS,ATLN,RL43,FALSE,Sienna Corporation,643,0,0,0,0,1,Unrestricted,643
08-04-2026,CM: Sienna GA,10-06502D REV-01,10-06502D,"Asy, Busbar, Iph B",Assembly,MTS,ATLN,RL44,FALSE,Sienna Corporation,589,0,0,0,0,1,Unrestricted,589
08-04-2026,CM: Sienna GA,10-06502D REV-01,10-06502D,"Asy, Busbar, Iph B",Assembly,MTS,ATLN,RRB4,FALSE,Sienna Corporation,9,0,0,0,0,1,Unrestricted,9
08-04-2026,CM: Celestica MX,10-06527A3MX,10-06527A,"Lithium Ion Cell,S004a,Untrimmed,HU",Part,OTS,Monterrey Prod,1000,TRUE,Lunar Energy,-4410,0,0,0,0,0,Unrestricted,-4410
08-04-2026,Lunar Netsuite,10-06527A,10-06527A,"Lithium Ion Cell,S004a,Untrimmed,HU",Part,OTS,Celestica - Mexico,NS,FALSE,Lunar Energy,1243,0,9.3817,11661.4531,0,0,Unrestricted,0
08-04-2026,CM: Celestica MX,10-06527A-I3MS,10-06527A-I,,,,Monterrey Prod,1000,FALSE,Celestica,7736,0,0.01,77.36,0,0,Unrestricted,7736
08-04-2026,CM: Celestica MX,10-06528A3MS,10-06528A,"Lithium Ion Cell,S004a,Trimmed,HU",Part,MTS,Monterrey Prod,1000,FALSE,Celestica,13094,0,0.01,130.94,0,0,Unrestricted,13094
08-04-2026,CM: Celestica MX,10-06529A3MS,10-06529A,"Submodule,HU",Part,MTS,Monterrey Prod,1000,FALSE,Celestica,1658,0,46.66,77362.28,0,0,Unrestricted,1658
08-04-2026,Lunar Netsuite,10-06532A,10-06532A,"Battery Block,HU",Part,MTS,JIT - Reno,NS,FALSE,Lunar Energy,82,0,0,0,0,0,Unrestricted,27
08-04-2026,Lunar Netsuite,10-06532A,10-06532A,"Battery Block,HU",Part,MTS,CA - Ravendale,NS,FALSE,Lunar Energy,46,0,0,0,0,0,Unrestricted,0
08-04-2026,Lunar Netsuite,10-06534A,10-06534A,"Chassis Base, MSA Controller",Part,MTS,CA - Ravendale,NS,FALSE,Lunar Energy,2,0,4.95,9.9,0,0,Unrestricted,2
08-04-2026,CM: Qualitel WA,814L-10-06534A,10-06534A,"Chassis Base, MSA Controller",Part,MTS,"Seattle, WA",Stock,FALSE,Qualitel,89,0,4.5177,402.0753,0,0,Unrestricted,89
08-04-2026,CM: Qualitel WA,814L-10-06535A,10-06535A,"PCBA Cover, MSA Controller",Part,MTS,"Seattle, WA",Stock,FALSE,Qualitel,74,0,1.8977,140.4298,0,0,Unrestricted,74
08-04-2026,Lunar Netsuite,10-06535A,10-06535A,"PCBA Cover, MSA Controller",Part,MTS,CA - Ravendale,NS,FALSE,Lunar Energy,10,0,0,0,0,0,Unrestricted,10
08-04-2026,Lunar Netsuite,10-06536A,10-06536A,"Wiring Cover, MSA Controller",Part,MTS,CA - Ravendale,NS,FALSE,Lunar Energy,1,0,0,0,0,0,Unrestricted,1
08-04-2026,CM: Qualitel WA,814L-10-06546A,10-06546A,IC BUF NON-INVERT 5.5V SC-70-5,Electrical Components,OTS,"Seattle, WA",Stock,FALSE,Qualitel,7938,0,0.02,158.76,0,0,Unrestricted,7938
08-04-2026,CM: Qualitel WA,814L-10-06548A,10-06548A,"Label, Compliance, Class 9 with UN3480",Part,OTS,"Seattle, WA",Stock,FALSE,Qualitel,7092.14,0,0.048,340.42272,0,0,Unrestricted,7092.14
08-04-2026,CM: Qualitel WA,814L-10-06549A,10-06549A,IC BUF NON-INVERT 5.5V SC70-5,Electrical Components,OTS,"Seattle, WA",PO Inspection,FALSE,Qualitel,0,200,0.023,0,4.6,0,Restricted,0
08-04-2026,CM: Qualitel WA,814L-10-06549A,10-06549A,IC BUF NON-INVERT 5.5V SC70-5,Electrical Components,OTS,"Seattle, WA",MRB,FALSE,Qualitel,0,200,0.023,0,4.6,0,Restricted,0
08-04-2026,CM: Qualitel WA,814L-10-06549A,10-06549A,IC BUF NON-INVERT 5.5V SC70-5,Electrical Components,OTS,"Seattle, WA",Stock,FALSE,Qualitel,4087,0,0.023,94.001,0,0,Unrestricted,4087
08-04-2026,Lunar Netsuite,10-06560A,10-06560A,"Assy, Harness, Trunk, 25 kWh, Type B",Part,MTS,JIT - Gardena,NS,FALSE,Lunar Energy,1,0,84.66,84.66,0,0,Unrestricted,1
08-04-2026,CM: Sienna GA,10-06560A REV-03,10-06560A,"Assy, Harness, Trunk, 25 kWh, Type B",Part,MTS,ATLN,LINE,FALSE,Sienna Corporation,97,0,0,0,0,3,Unrestricted,97
08-04-2026,CM: Sienna GA,10-06560A REV-03,10-06560A,"Assy, Harness, Trunk, 25 kWh, Type B",Part,MTS,ATLN,RL56,FALSE,Sienna Corporation,53,0,0,0,0,3,Unrestricted,53
08-04-2026,CM: Sienna GA,10-06560A REV-03,10-06560A,"Assy, Harness, Trunk, 25 kWh, Type B",Part,MTS,ATLN,RIQC,FALSE,Sienna Corporation,90,0,0,0,0,3,Unrestricted,90
08-04-2026,Lunar Netsuite,10-06560A,10-06560A,"Assy, Harness, Trunk, 25 kWh, Type B",Part,MTS,CA - Ravendale,NS,FALSE,Lunar Energy,8,0,84.66,677.28,0,0,Unrestricted,8
08-04-2026,CM: Sienna GA,10-06561A REV-03,10-06561A,"Assy, Harness, Trunk, 30 kWh, Type B",Part,MTS,ATLN,RIQC,FALSE,Sienna Corporation,200,0,0,0,0,3,Unrestricted,200
08-04-2026,Lunar Netsuite,10-06561A,10-06561A,"Assy, Harness, Trunk, 30 kWh, Type B",Part,MTS,CA - Ravendale,NS,FALSE,Lunar Energy,5,0,90.46,452.3,0,0,Unrestricted,5
08-04-2026,CM: Sienna GA,10-06561A REV-03,10-06561A,"Assy, Harness, Trunk, 30 kWh, Type B",Part,MTS,ATLN,LINE,FALSE,Sienna Corporation,1,0,0,0,0,3,Unrestricted,1
08-04-2026,Lunar Netsuite,10-06561A,10-06561A,"Assy, Harness, Trunk, 30 kWh, Type B",Part,MTS,JIT - Gardena,NS,FALSE,Lunar Energy,1,0,90.46,90.46,0,0,Unrestricted,1
08-04-2026,CM: Qualitel WA,814L-10-06572A,10-06572A,"Signal Harness, MSA Controller",Part,MTS,"Seattle, WA",Stock,FALSE,Qualitel,990,0,16.7988,16630.812,0,0,Unrestricted,990
08-04-2026,CM: Sienna GA,10-06636A REV-03,10-06636A,Shielded Front Door and Cap Board,Part,MTS,ATLN,PDRW,FALSE,Sienna Corporation,24,0,0,0,0,3,Unrestricted,24
08-04-2026,CM: Sienna GA,10-06636A REV-04,10-06636A,Shielded Front Door and Cap Board,Part,MTS,ATLN,LINE,FALSE,Sienna Corporation,28,0,0,0,0,4,Unrestricted,28
08-04-2026,CM: Sienna GA,10-06644A REV-01,10-06644A,"Rogowski Coil, Magnelab",Part,OTS,ATLN,PAWH,FALSE,Sienna Corporation,227,0,30,6810,0,1,Unrestricted,227
08-04-2026,Lunar Netsuite,10-06644A,10-06644A,"Rogowski Coil, Magnelab",Part,OTS,CA - Ravendale,NS,FALSE,Lunar Energy,85,0,30,2550,0,0,Unrestricted,85
08-04-2026,CM: Sienna GA,10-06644A REV-01,10-06644A,"Rogowski Coil, Magnelab",Part,OTS,ATLN,RK34,FALSE,Sienna Corporation,95,0,30,2850,0,1,Unrestricted,95
08-04-2026,Lunar Netsuite,10-06647A,10-06647A,"PCBA DCDC/BMS, with Conformal Coating",Part,MTS,CA - Ravendale,NS,FALSE,Lunar Energy,7,0,0,0,0,0,Unrestricted,0
08-04-2026,CM: Qualitel WA,814-4604,10-06647B,"PCBA DCDC/BMS, with Conformal Coating",Part,MTS,"Seattle, WA",PO Inspection,FALSE,Qualitel,0,1,179.2816,0,179.2816,0,Restricted,0
08-04-2026,CM: Qualitel WA,814-4604,10-06647B,"PCBA DCDC/BMS, with Conformal Coating",Part,MTS,"Seattle, WA",MRB,FALSE,Qualitel,0,1,179.2816,0,179.2816,0,Restricted,0
08-04-2026,CM: Qualitel WA,814-4604,10-06647B,"PCBA DCDC/BMS, with Conformal Coating",Part,MTS,"Seattle, WA",Stock,FALSE,Qualitel,1,0,179.5692,179.5692,0,0,Unrestricted,1
08-04-2026,CM: Qualitel WA,814-4604,10-06647B,"PCBA DCDC/BMS, with Conformal Coating",Part,MTS,"Seattle, WA",Stock,FALSE,Qualitel,1,0,203.044,203.044,0,0,Unrestricted,1
08-04-2026,Lunar Netsuite,10-06647C,10-06647C,"PCBA DCDC/BMS, with Conformal Coating",Part,MTS,CA - Ravendale,NS,FALSE,Lunar Energy,12,0,124.08,1488.96,0,0,Unrestricted,9
08-04-2026,CM: Sienna GA,10-06684A REV-01,10-06684A,"Ground Bar, Power Module, 4 Terminal",Part,MTS,ATLN,LINE,FALSE,Sienna Corporation,1561,0,4.3,6712.3,0,1,Unrestricted,1561
08-04-2026,CM: Sienna GA,10-06684A REV-01,10-06684A,"Ground Bar, Power Module, 4 Terminal",Part,MTS,ATLN,RIQC,FALSE,Sienna Corporation,1400,0,4.3,6020,0,1,Unrestricted,1400
08-04-2026,CM: Sienna GA,10-06684A REV-01,10-06684A,"Ground Bar, Power Module, 4 Terminal",Part,MTS,ATLN,MAIN,FALSE,Sienna Corporation,75,0,4.3,322.5,0,1,Unrestricted,75
08-04-2026,CM: Sienna GA,10-06695C REV-01,10-06695C,"Asy, Power Board w/ Busbars",Assembly,MTS,ATLN,MRB,FALSE,Sienna Corporation,0,96,0,0,0,1,Restricted,0
08-04-2026,CM: Sienna GA,10-06695C REV-01,10-06695C,"Asy, Power Board w/ Busbars",Assembly,MTS,ATLN,LINE,FALSE,Sienna Corporation,5,0,0,0,0,1,Unrestricted,5
08-04-2026,CM: Sienna GA,10-06695C REV-02,10-06695C,"Asy, Power Board w/ Busbars",Assembly,MTS,ATLN,MRB,FALSE,Sienna Corporation,0,1,0,0,0,2,Restricted,0
08-04-2026,CM: Sienna GA,10-06703A REV-02,10-06703A,"Foam Gasket, GaN FETs, Maximizer",Part,MTS,ATLN,LINE,FALSE,Sienna Corporation,9074,0,0,0,0,2,Unrestricted,9074
08-04-2026,CM: Sienna GA,10-06703A REV-02,10-06703A,"Foam Gasket, GaN FETs, Maximizer",Part,MTS,ATLN,RH36,FALSE,Sienna Corporation,10886,0,0,0,0,2,Unrestricted,10886
08-04-2026,CM: Sienna GA,10-06703A REV-02,10-06703A,"Foam Gasket, GaN FETs, Maximizer",Part,MTS,ATLN,RIQC,FALSE,Sienna Corporation,20,0,0,0,0,2,Unrestricted,20
08-04-2026,CM: Sienna GA,10-06704C REV-02,10-06704C,"Power Module, Inverter, Type C",Assembly,MTS,ATLN,LINE,FALSE,Sienna Corporation,2,0,0,0,0,2,Unrestricted,2
08-04-2026,CM: Sienna GA,10-06704C REV-08,10-06704C,"Power Module, Inverter, Type C",Assembly,MTS,ATLN,LINE,FALSE,Sienna Corporation,28,0,0,0,0,8,Unrestricted,28
08-04-2026,CM: Sienna GA,10-06705C REV-01,10-06705C,"Asy, Power Board, Filter Board, and Blower Asy, Type C",Assembly,MTS,ATLN,LINE,FALSE,Sienna Corporation,1,0,0,0,0,1,Unrestricted,1
08-04-2026,CM: Qualitel WA,814L-10-06717A,10-06717A,MOSFET N-CH 30V 4A SOT23F,Electrical Components,OTS,"Seattle, WA",Stock,FALSE,Qualitel,10924,0,0.037,404.188,0,0,Unrestricted,10924
08-04-2026,Lunar Netsuite,10-06717A,10-06717A,MOSFET N-CH 30V 4A SOT23F,Electrical Components,OTS,CA - Ravendale,NS,FALSE,Lunar Energy,43,0,0.0514,2.2102,0,0,Unrestricted,43
08-04-2026,CM: Qualitel WA,814L-10-06720A,10-06720A,CONN HEADER SMD 6POS MALE 1.27MM,Electrical Components,OTS,"Seattle, WA",MRB,FALSE,Qualitel,0,20,0.215,0,4.3,0,Restricted,0
08-04-2026,CM: Qualitel WA,814L-10-06720A,10-06720A,CONN HEADER SMD 6POS MALE 1.27MM,Electrical Components,OTS,"Seattle, WA",PO Inspection,FALSE,Qualitel,0,20,0.215,0,4.3,0,Restricted,0
08-04-2026,CM: Qualitel WA,814L-10-06720A,10-06720A,CONN HEADER SMD 6POS MALE 1.27MM,Electrical Components,OTS,"Seattle, WA",Stock,FALSE,Qualitel,2036,0,0.215,437.74,0,0,Unrestricted,2036
08-04-2026,CM: Sienna GA,10-06723C REV-01,10-06723C,"Wiring Compartment, Inverter, D, TYPE C",Assembly,MTS,ATLN,LINE,FALSE,Sienna Corporation,28,0,0,0,0,1,Unrestricted,28
08-04-2026,CM: Sienna GA,10-06732A REV-01,10-06732A,"Label, Warning, PCS",Part,MTS,ATLN,PCKD,FALSE,Sienna Corporation,10851,0,0.36,3906.36,0,1,Unrestricted,10851
08-04-2026,CM: Sienna GA,10-06733A REV-01,10-06733A,"Label, Limit, PCS",Part,MTS,ATLN,LINE,FALSE,Sienna Corporation,7190,0,0.452,3249.88,0,1,Unrestricted,7190
08-04-2026,CM: Sienna GA,10-06733A REV-01,10-06733A,"Label, Limit, PCS",Part,MTS,ATLN,PCKD,FALSE,Sienna Corporation,1000,0,0.452,452,0,1,Unrestricted,1000
08-04-2026,CM: Sienna GA,10-06734C REV-01,10-06734C,"Busbar Assembly, Iph BAL",Part,OTS,ATLN,EXIN,FALSE,Sienna Corporation,92,0,0.76,69.92,0,1,Unrestricted,92
08-04-2026,CM: Sienna GA,10-06734D REV-01,10-06734D,"Asy, Busbar, Iph BAL",Assembly,MTS,ATLN,RL43,FALSE,Sienna Corporation,643,0,0,0,0,1,Unrestricted,643
08-04-2026,CM: Sienna GA,10-06734D REV-01,10-06734D,"Asy, Busbar, Iph BAL",Assembly,MTS,ATLN,RRB4,FALSE,Sienna Corporation,9,0,0,0,0,1,Unrestricted,9
08-04-2026,CM: Sienna GA,10-06734D REV-01,10-06734D,"Asy, Busbar, Iph BAL",Assembly,MTS,ATLN,RL44,FALSE,Sienna Corporation,589,0,0,0,0,1,Unrestricted,589
08-04-2026,Lunar Netsuite,10-06738B,10-06738B,"Asy, Harness, Trunk, 15 kWh, Type B",Part,MTS,CA - Ravendale,NS,FALSE,Lunar Energy,3,0,0,0,0,0,Unrestricted,3
08-04-2026,CM: Sienna GA,10-06738C REV-03,10-06738C,"Asy, Harness, Trunk, 15 kWh, Type B",Part,MTS,ATLN,RH43,FALSE,Sienna Corporation,65,0,0,0,0,3,Unrestricted,65
08-04-2026,CM: Sienna GA,10-06738C REV-03,10-06738C,"Asy, Harness, Trunk, 15 kWh, Type B",Part,MTS,ATLN,RIQC,FALSE,Sienna Corporation,110,0,0,0,0,3,Unrestricted,110
08-04-2026,Lunar Netsuite,10-06738C,10-06738C,"Asy, Harness, Trunk, 15 kWh, Type B",Part,MTS,CA - Ravendale,NS,FALSE,Lunar Energy,11,0,47.67,524.37,0,0,Unrestricted,10
08-04-2026,CM: Sienna GA,10-06738C REV-03,10-06738C,"Asy, Harness, Trunk, 15 kWh, Type B",Part,MTS,ATLN,LINE,FALSE,Sienna Corporation,31,0,0,0,0,3,Unrestricted,31
08-04-2026,CM: Celestica MX,10-06752A3MS,10-06752A,"Thermal Bridge, GaN, DCDC",Part,MTS,Monterrey Prod,1000,FALSE,Celestica,2096,0,0.35,733.6,0,0,Unrestricted,2096
08-04-2026,CM: Qualitel WA,814L-10-06752A,10-06752A,"Thermal Bridge, GaN, DCDC",Part,MTS,"Seattle, WA",Stock,FALSE,Qualitel,48156,0,0.04,1926.24,0,0,Unrestricted,48156
08-04-2026,Lunar Netsuite,10-06752A,10-06752A,"Thermal Bridge, GaN, DCDC",Part,MTS,CA - Ravendale,NS,FALSE,Lunar Energy,300,0,0.04,12,0,0,Unrestricted,300
08-04-2026,CM: Qualitel WA,814L-10-06755A,10-06755A,"Wall Bracket Asy, Battery Block, Type 2",Part,MTS,"Seattle, WA",PO Inspection,FALSE,Qualitel,0,3552,15.49,0,55020.48,0,Restricted,0
08-04-2026,Lunar Netsuite,10-06755A,10-06755A,"Wall Bracket Asy, Battery Block, Type 2",Part,MTS,JIT - Reno,NS,FALSE,Lunar Energy,342,0,40.6568,13904.6256,0,0,Unrestricted,342
08-04-2026,CM: Qualitel WA,814L-10-06755A,10-06755A,"Wall Bracket Asy, Battery Block, Type 2",Part,MTS,"Seattle, WA",Stock,FALSE,Qualitel,688,0,15.49,10657.12,0,0,Unrestricted,688
08-04-2026,CM: Celestica MX,10-06755A3MS,10-06755A,"Wall Bracket Asy, Battery Block, Type 2",Part,MTS,Monterrey Prod,1000,FALSE,Celestica,0,0,41.26,0,0,0,Unrestricted,0
08-04-2026,CM: Sienna GA,10-06812A REV-04,10-06812A,"Wire Harness, Power, DC Contactors, Nano Fit",Part,MTS,ATLN,MAIN,FALSE,Sienna Corporation,1,0,0,0,0,4,Unrestricted,1
08-04-2026,CM: Sienna GA,10-06812A REV-04,10-06812A,"Wire Harness, Power, DC Contactors, Nano Fit",Part,MTS,ATLN,RIQC,FALSE,Sienna Corporation,1178,0,0,0,0,4,Unrestricted,1178
08-04-2026,CM: Sienna GA,10-06812A REV-04,10-06812A,"Wire Harness, Power, DC Contactors, Nano Fit",Part,MTS,ATLN,WHS2,FALSE,Sienna Corporation,130,0,0,0,0,4,Unrestricted,130
08-04-2026,CM: Sienna GA,10-06812A REV-04,10-06812A,"Wire Harness, Power, DC Contactors, Nano Fit",Part,MTS,ATLN,LINE,FALSE,Sienna Corporation,464,0,0,0,0,4,Unrestricted,464
08-04-2026,CM: Sienna GA,10-06824A REV-02,10-06824A,"Packaging, Assy, ESS Hardware Kit 15kWh Lunar Blue",Part,MTS,ATLN,WHS2,FALSE,Sienna Corporation,374,0,0,0,0,2,Unrestricted,374
08-04-2026,CM: Sienna GA,10-06825A REV-01,10-06825A,"Label, Caution, 19.05mm Tall Triangle, UL969",Part,OTS,ATLN,PCKD,FALSE,Sienna Corporation,500,0,0.204,102,0,1,Unrestricted,500
08-04-2026,CM: Sienna GA,10-06825A REV-01,10-06825A,"Label, Caution, 19.05mm Tall Triangle, UL969",Part,OTS,ATLN,LINE,FALSE,Sienna Corporation,423,0,0.204,86.292,0,1,Unrestricted,423
08-04-2026,Lunar Netsuite,10-06826A,10-06826A,"Fluxgate current sensor, 4P Nano-fit",Electrical Components,OTS,CA - Ravendale,NS,FALSE,Lunar Energy,46,0,10.12,465.52,0,0,Unrestricted,46
08-04-2026,CM: Sienna GA,10-06826A REV-01,10-06826A,"Fluxgate current sensor, 4P Nano-fit",Electrical Components,OTS,ATLN,RP81,FALSE,Sienna Corporation,95,0,9.38,891.1,0,1,Unrestricted,95
08-04-2026,CM: Sienna GA,10-06833A REV-02,10-06833A,"Label, Compliance, Bridge, Type B",Assembly,MTS,ATLN,LINE,FALSE,Sienna Corporation,666,0,0,0,0,2,Unrestricted,666
08-04-2026,CM: Sienna GA,10-06833A REV-02,10-06833A,"Label, Compliance, Bridge, Type B",Assembly,MTS,ATLN,MAIN,FALSE,Sienna Corporation,4000,0,0,0,0,2,Unrestricted,4000
08-04-2026,CM: Sienna GA,10-06833A REV-01,10-06833A,"Label, Compliance, Bridge, Type B",Assembly,MTS,ATLN,EXIN,FALSE,Sienna Corporation,1551,0,1.06,1644.06,0,1,Unrestricted,1551
08-04-2026,CM: Sienna GA,10-06834A REV-02,10-06834A,"Wire Harness, Inverter, Battery IF, Cap Board, with Ferrite",Part,MTS,ATLN,LINE,FALSE,Sienna Corporation,339,0,37.68,12773.52,0,2,Unrestricted,339
08-04-2026,CM: Sienna GA,10-06835A REV-04,10-06835A,"PCBA Module, Bridge, Type B",Part,MTS,ATLN,MRB,FALSE,Sienna Corporation,0,1,0,0,0,4,Restricted,0
08-04-2026,CM: Sienna GA,10-06835A REV-04,10-06835A,"PCBA Module, Bridge, Type B",Part,MTS,ATLN,LINE,FALSE,Sienna Corporation,67,0,0,0,0,4,Unrestricted,67
08-04-2026,Lunar Netsuite,10-06835A,10-06835A,"PCBA Module, Bridge, Type B",Part,MTS,JIT - Gardena,NS,FALSE,Lunar Energy,1,0,0,0,0,0,Unrestricted,1
08-04-2026,CM: Sienna GA,10-06836A REV-01,10-06836A,"Full Functional Assy, Bridge, Type B, Lunar Blue",Part,MTS,ATLN,LINE,FALSE,Sienna Corporation,44,0,0,0,0,1,Unrestricted,44
08-04-2026,Lunar Netsuite,10-06836A,10-06836A,"Full Functional Assy, Bridge, Type B, Lunar Blue",Part,MTS,CA - Ravendale,NS,FALSE,Lunar Energy,3,0,0,0,0,0,Unrestricted,0
08-04-2026,Lunar Netsuite,10-06836A,10-06836A,"Full Functional Assy, Bridge, Type B, Lunar Blue",Part,MTS,JIT - Reno,NS,FALSE,Lunar Energy,3,0,0,0,0,0,Unrestricted,1
08-04-2026,CM: Sienna GA,10-06847A REV-02,10-06847A,"Label, Low Voltage Wire Routing Diagram, Bridge, Type B",Part,MTS,ATLN,LINE,FALSE,Sienna Corporation,28,0,0.393,11.004,0,2,Unrestricted,28
08-04-2026,CM: Sienna GA,10-06847A REV-02,10-06847A,"Label, Low Voltage Wire Routing Diagram, Bridge, Type B",Part,MTS,ATLN,PCKD,FALSE,Sienna Corporation,1000,0,0.393,393,0,2,Unrestricted,1000
08-04-2026,CM: Sienna GA,10-06847A REV-02,10-06847A,"Label, Low Voltage Wire Routing Diagram, Bridge, Type B",Part,MTS,ATLN,MAIN,FALSE,Sienna Corporation,5459,0,0.393,2145.387,0,2,Unrestricted,5459
08-04-2026,CM: Sienna GA,10-06902A REV-01,10-06902A,"Packaging, Rogowski Coils",Part,OTS,ATLN,RI77,FALSE,Sienna Corporation,375,0,0.7,262.5,0,1,Unrestricted,375
08-04-2026,CM: Sienna GA,10-06902A REV-01,10-06902A,"Packaging, Rogowski Coils",Part,OTS,ATLN,WHS2,FALSE,Sienna Corporation,150,0,0.7,105,0,1,Unrestricted,150
08-04-2026,CM: Sienna GA,10-06906A REV-01,10-06906A,"Poly Bag, Recloseable, 100mm x 50mm",Part,OTS,ATLN,RI77,FALSE,Sienna Corporation,637,0,0,0,0,1,Unrestricted,637
08-04-2026,CM: Sienna GA,10-06906A REV-01,10-06906A,"Poly Bag, Recloseable, 100mm x 50mm",Part,OTS,ATLN,MAIN,FALSE,Sienna Corporation,893,0,0,0,0,1,Unrestricted,893
08-04-2026,Lunar Netsuite,10-06908A,10-06908A,DIODE SCHOTTKY 100V 1A SOD123HE,Electrical Components,OTS,CA - Ravendale,NS,FALSE,Lunar Energy,12830,0,0.1036,1329.188,0,0,Unrestricted,12830
08-04-2026,CM: Qualitel WA,814L-10-06908A,10-06908A,DIODE SCHOTTKY 100V 1A SOD123HE,Electrical Components,OTS,"Seattle, WA",Stock,FALSE,Qualitel,26097,0,0.0669,1745.8893,0,0,Unrestricted,26097
08-04-2026,CM: Qualitel WA,814L-10-06908A,10-06908A,DIODE SCHOTTKY 100V 1A SOD123HE,Electrical Components,OTS,"Seattle, WA",MRB,FALSE,Qualitel,0,75,0.0669,0,5.0175,0,Restricted,0
08-04-2026,CM: Qualitel WA,814L-10-06908A,10-06908A,DIODE SCHOTTKY 100V 1A SOD123HE,Electrical Components,OTS,"Seattle, WA",PO Inspection,FALSE,Qualitel,0,75,0.0669,0,5.0175,0,Restricted,0
08-04-2026,CM: Qualitel WA,814L-10-06915A,10-06915A,"Plug, Conduit, Sealing, Stepped, 1/2""",Part,OTS,"Seattle, WA",Stock,FALSE,Qualitel,2241,0,0.375,840.375,0,0,Unrestricted,2241
08-04-2026,CM: Sienna GA,10-06918A REV-01,10-06918A,"Label, N Terminal, Front, Inverter",Part,MTS,ATLN,LINE,FALSE,Sienna Corporation,2929,0,0.37,1083.73,0,1,Unrestricted,2929
08-04-2026,CM: Sienna GA,10-06918A REV-01,10-06918A,"Label, N Terminal, Front, Inverter",Part,MTS,ATLN,MAIN,FALSE,Sienna Corporation,12000,0,0.37,4440,0,1,Unrestricted,12000
08-04-2026,CM: Qualitel WA,814L-10-06919A,10-06919A,TERM BLK 4POS SIDE ENTRY 5MM PCB,Electrical Components,OTS,"Seattle, WA",Stock,FALSE,Qualitel,854,0,0.225,192.15,0,0,Unrestricted,854
08-04-2026,CM: Qualitel WA,814L-10-06929B,10-06929B,"Heat Sink Assy, DCDC",Part,MTS,"Seattle, WA",Stock,FALSE,Qualitel,3748,0,29.8,111690.4,0,0,Unrestricted,3748
08-04-2026,CM: Qualitel WA,814L-10-06930B,10-06930B,"TIM, PCBA, DCDC",Part,MTS,"Seattle, WA",Stock,FALSE,Qualitel,2068,0,3.07,6348.76,0,0,Unrestricted,2068
08-04-2026,CM: Qualitel WA,814L-10-06936A,10-06936A,"Fan Shroud with Inserts, DCDC, LFP ESS, Rear",Part,MTS,"Seattle, WA",PO Inspection,FALSE,Qualitel,0,3456,1.18,0,4078.08,0,Restricted,0
08-04-2026,CM: Qualitel WA,814L-10-06936A,10-06936A,"Fan Shroud with Inserts, DCDC, LFP ESS, Rear",Part,MTS,"Seattle, WA",Stock,FALSE,Qualitel,2728,0,1.18,3219.04,0,0,Unrestricted,2728
08-04-2026,CM: Qualitel WA,814L-10-06938A,10-06938A,"Fan Shroud with Inserts, DCDC, LFP ESS, Fan Mtg, Front",Part,MTS,"Seattle, WA",Stock,FALSE,Qualitel,2728,0,1.18,3219.04,0,0,Unrestricted,2728
08-04-2026,CM: Qualitel WA,814L-10-06938A,10-06938A,"Fan Shroud with Inserts, DCDC, LFP ESS, Fan Mtg, Front",Part,MTS,"Seattle, WA",PO Inspection,FALSE,Qualitel,0,3456,1.18,0,4078.08,0,Restricted,0
08-04-2026,Lunar Netsuite,10-06943B,10-06943B,"Assy, Enclosure, LFP BB",Assembly,MTS,Sytech,NS,FALSE,Lunar Energy,43,0,110.42,4748.06,0,0,Unrestricted,43
08-04-2026,Lunar Netsuite,10-06943B,10-06943B,"Assy, Enclosure, LFP BB",Assembly,MTS,TPC,NS,FALSE,Lunar Energy,2600,0,110.629,287635.4,0,0,Unrestricted,2600
08-04-2026,Lunar Netsuite,10-06943B,10-06943B,"Assy, Enclosure, LFP BB",Assembly,MTS,Qualitel,NS,FALSE,Lunar Energy,734,0,110.42,81048.28,0,0,Unrestricted,0
08-04-2026,Lunar Netsuite,10-06944B,10-06944B,"Lid, Enclosure, LFP BB",Part,MTS,Qualitel,NS,FALSE,Lunar Energy,918,0,5.7443,5273.2674,0,0,Unrestricted,0
08-04-2026,Lunar Netsuite,10-06944B,10-06944B,"Lid, Enclosure, LFP BB",Part,MTS,CA - Ravendale,NS,FALSE,Lunar Energy,20,0,5.6795,113.59,0,0,Unrestricted,20
08-04-2026,Lunar Netsuite,10-06944B,10-06944B,"Lid, Enclosure, LFP BB",Part,MTS,TPC,NS,FALSE,Lunar Energy,2600,0,6.055,15743,0,0,Unrestricted,2600
08-04-2026,CM: Qualitel WA,814L-10-06944B,10-06944B,"Lid, Enclosure, LFP BB",Part,MTS,"Seattle, WA",PO Inspection,FALSE,Qualitel,0,1,0,0,0,0,Restricted,0
08-04-2026,CM: Qualitel WA,814L-10-06945A,10-06945A,"Busbar Nest Assy, LFP DC ESS",Assembly,MTS,"Seattle, WA",PO Inspection,FALSE,Qualitel,0,3240,9.55,0,30942,0,Restricted,0
08-04-2026,CM: Qualitel WA,814L-10-06945A,10-06945A,"Busbar Nest Assy, LFP DC ESS",Assembly,MTS,"Seattle, WA",Stock,FALSE,Qualitel,3325,0,9.55,31753.75,0,0,Unrestricted,3325
08-04-2026,CM: Qualitel WA,814L-10-06946B,10-06946B,"10-06946B Terminal Cover Assy, LFP BB",Part,MTS,"Seattle, WA",PO Inspection,FALSE,Qualitel,0,7086,5.7,0,40390.2,0,Restricted,0
08-04-2026,CM: Qualitel WA,814L-10-06946B,10-06946B,"10-06946B Terminal Cover Assy, LFP BB",Part,MTS,"Seattle, WA",Stock,FALSE,Qualitel,6543,0,5.7,37295.1,0,0,Unrestricted,6543
08-04-2026,CM: Qualitel WA,814L-10-06946B,10-06946B,"10-06946B Terminal Cover Assy, LFP BB",Part,MTS,"Seattle, WA",MRB,FALSE,Qualitel,0,354,5.7,0,2017.8,0,Restricted,0
08-04-2026,Lunar Netsuite,10-06949A,10-06949A,LFP DC ESS,Part,MTS,CA - Ravendale,NS,FALSE,Lunar Energy,3,0,0,0,0,0,Unrestricted,0
08-04-2026,Lunar Netsuite,10-06949C,10-06949C,LFP Battery Block,Part,MTS,CA - Ravendale,NS,FALSE,Lunar Energy,8,0,0,0,0,0,Unrestricted,0
08-04-2026,Lunar Netsuite,10-06949C_old,10-06949C_old,,,,CA - Ravendale,NS,FALSE,Lunar Energy,1,0,0,0,0,0,Unrestricted,0
08-04-2026,CM: Qualitel WA,814L-10-06950A,10-06950A,"Cell Array Assy, LFP DC ESS, 51.2V, 100Ah Std Temp Cell, 20% SOC, 220W heater",Assembly,MTS,"Seattle, WA",PO Inspection,FALSE,Qualitel,0,468,0,0,0,0,Restricted,0
08-04-2026,CM: Qualitel WA,814L-10-06950A,10-06950A,"Cell Array Assy, LFP DC ESS, 51.2V, 100Ah Std Temp Cell, 20% SOC, 220W heater",Assembly,MTS,"Seattle, WA",Stock,FALSE,Qualitel,158,0,0,0,0,0,Unrestricted,158
08-04-2026,Lunar Netsuite,10-06950A,10-06950A,"Cell Array Assy, LFP DC ESS, 51.2V, 100Ah Std Temp Cell, 20% SOC, 220W heater",Assembly,MTS,Qualitel,NS,FALSE,Lunar Energy,1331,0,436.815,581400.765,0,0,Unrestricted,0
08-04-2026,Lunar Netsuite,10-06950A,10-06950A,"Cell Array Assy, LFP DC ESS, 51.2V, 100Ah Std Temp Cell, 20% SOC, 220W heater",Assembly,MTS,TPC,NS,FALSE,Lunar Energy,12906,0,438.06,5653602.36,0,0,Unrestricted,12906
08-04-2026,CM: Qualitel WA,814L-10-06951A,10-06951A,"Screw, M4x0.7, 10mm L, Steel, ZiNi, Nylon Patch",Part,OTS,"Seattle, WA",Stock,FALSE,Qualitel,4800,0,0.3,1440,0,0,Unrestricted,4800
08-04-2026,Lunar Netsuite,10-06952A,10-06952A,"Module Assy with Enclosure, LFP DC ESS",Part,MTS,CA - Ravendale,NS,FALSE,Lunar Energy,23,0,0,0,0,0,Unrestricted,0
08-04-2026,Lunar Netsuite,10-06952A,10-06952A,"Module Assy with Enclosure, LFP DC ESS",Part,MTS,Qualitel,NS,FALSE,Lunar Energy,16,0,633.48,10135.68,0,0,Unrestricted,6
08-04-2026,CM: Sienna GA,10-06953C REV-01,10-06953C,"Label,Compliance,Inverter",Assembly,MTS,ATLN,MAIN,FALSE,Sienna Corporation,5500,0,0.8,4400,0,1,Unrestricted,5500
08-04-2026,CM: Sienna GA,10-06953C REV-01,10-06953C,"Label,Compliance,Inverter",Assembly,MTS,ATLN,PCKD,FALSE,Sienna Corporation,1000,0,0.8,800,0,1,Unrestricted,1000
08-04-2026,CM: Sienna GA,10-06953C REV-01,10-06953C,"Label,Compliance,Inverter",Assembly,MTS,ATLN,LINE,FALSE,Sienna Corporation,2630,0,0.8,2104,0,1,Unrestricted,2630
08-04-2026,CM: Sienna GA,10-06954A REV-01,10-06954A,"Label, Compliance, Maximizer",Part,MTS,ATLN,MAIN,FALSE,Sienna Corporation,55000,0,0,0,0,1,Unrestricted,55000
08-04-2026,CM: Sienna GA,10-06954A REV-01,10-06954A,"Label, Compliance, Maximizer",Part,MTS,ATLN,PCKD,FALSE,Sienna Corporation,5000,0,0,0,0,1,Unrestricted,5000
08-04-2026,CM: Sienna GA,10-06954A REV-01,10-06954A,"Label, Compliance, Maximizer",Part,MTS,ATLN,LINE,FALSE,Sienna Corporation,10203,0,0,0,0,1,Unrestricted,10203
08-04-2026,CM: Sienna GA,10-06954B REV-01,10-06954B,"Label, Compliance, Maximizer",Assembly,MTS,ATLN,LINE,FALSE,Sienna Corporation,3834,0,0,0,0,1,Unrestricted,3834
08-04-2026,CM: Sienna GA,10-06954B REV-01,10-06954B,"Label, Compliance, Maximizer",Assembly,MTS,ATLN,MAIN,FALSE,Sienna Corporation,105000,0,0,0,0,1,Unrestricted,105000
08-04-2026,CM: Qualitel WA,814L-10-06969A,10-06969A,"Module Fixing Plate, 4X mtg at 84 mm, 60 deg flange",Part,MTS,"Seattle, WA",PO Inspection,FALSE,Qualitel,0,11904,0.27,0,3214.08,0,Restricted,0
08-04-2026,CM: Qualitel WA,814L-10-06969A,10-06969A,"Module Fixing Plate, 4X mtg at 84 mm, 60 deg flange",Part,MTS,"Seattle, WA",Stock,FALSE,Qualitel,1782,0,0.27,481.14,0,0,Unrestricted,1782
08-04-2026,CM: Qualitel WA,814L-10-06970A,10-06970A,"Vent Valve, IP67, M12x1.5",Part,MTS,"Seattle, WA",Stock,FALSE,Qualitel,2540,0,2.09,5308.6,0,0,Unrestricted,2540
08-04-2026,CM: Qualitel WA,814L-10-06970A,10-06970A,"Vent Valve, IP67, M12x1.5",Part,MTS,"Seattle, WA",PO Inspection,FALSE,Qualitel,0,2560,2.09,0,5350.4,0,Restricted,0
08-04-2026,CM: Qualitel WA,814L-10-06997C,10-06997C,"Foam Seal Assy, 4MM, Enclosure",Assembly,MTS,"Seattle, WA",Stock,FALSE,Qualitel,7092,0,2.14,15176.88,0,0,Unrestricted,7092
08-04-2026,CM: Sienna GA,10-07001A REV-01,10-07001A,"Front Door, Shielded, Inverter, Type 2",Part,MTS,ATLN,RP18,FALSE,Sienna Corporation,384,0,46.92,18017.28,0,1,Unrestricted,384
08-04-2026,CM: Sienna GA,10-07001A REV-01,10-07001A,"Front Door, Shielded, Inverter, Type 2",Part,MTS,ATLN,RIQC,FALSE,Sienna Corporation,70,0,46.92,3284.4,0,1,Unrestricted,70
08-04-2026,CM: Sienna GA,10-07001A REV-01,10-07001A,"Front Door, Shielded, Inverter, Type 2",Part,MTS,ATLN,PAMS,FALSE,Sienna Corporation,192,0,46.92,9008.64,0,1,Unrestricted,192
08-04-2026,CM: Sienna GA,10-07001A REV-01,10-07001A,"Front Door, Shielded, Inverter, Type 2",Part,MTS,ATLN,RP28,FALSE,Sienna Corporation,192,0,46.92,9008.64,0,1,Unrestricted,192
08-04-2026,CM: Sienna GA,10-07001A REV-01,10-07001A,"Front Door, Shielded, Inverter, Type 2",Part,MTS,ATLN,RP21,FALSE,Sienna Corporation,192,0,46.92,9008.64,0,1,Unrestricted,192
08-04-2026,CM: Sienna GA,10-07001A REV-01,10-07001A,"Front Door, Shielded, Inverter, Type 2",Part,MTS,ATLN,RQ92,FALSE,Sienna Corporation,24,0,46.92,1126.08,0,1,Unrestricted,24
08-04-2026,CM: Sienna GA,10-07001A REV-01,10-07001A,"Front Door, Shielded, Inverter, Type 2",Part,MTS,ATLN,LPAC,FALSE,Sienna Corporation,2,0,46.92,93.84,0,1,Unrestricted,2
08-04-2026,CM: Sienna GA,10-07001A REV-01,10-07001A,"Front Door, Shielded, Inverter, Type 2",Part,MTS,ATLN,RS37,FALSE,Sienna Corporation,192,0,46.92,9008.64,0,1,Unrestricted,192
08-04-2026,CM: Qualitel WA,814L-10-07029A,10-07029A,"Label, Compliance, MSA Controller",Part,MTS,"Seattle, WA",Stock,FALSE,Qualitel,2975,0,0.52,1547,0,0,Unrestricted,2975
08-04-2026,Lunar Netsuite,10-07039B,10-07039B,"PCBA, MSA CONTROLLER, WITH CONFORMAL COAT",Assembly,MTS,CA - Ravendale,NS,FALSE,Lunar Energy,3,0,0,0,0,0,Unrestricted,0
08-04-2026,Lunar Netsuite,10-07065A,10-07065A,"CONTACT, FEMALE, TE, PWR TRIPLE LOCK, 14AWG, 15A, 600V,Cu ALLOY, Sn PLT",Part,OTS,CA - Ravendale,NS,FALSE,Lunar Energy,500,0,0,0,0,0,Unrestricted,500
08-04-2026,Lunar Netsuite,10-07067B,10-07067B,"AC Filter Inductor, HE Inverter",Part,MTS,CA - Ravendale,NS,FALSE,Lunar Energy,373,0,27.1,10108.3,0,0,Unrestricted,373
08-04-2026,CM: Qualitel WA,814L-10-07075A,10-07075A,"Label, Warning, Connector Lock",Part,OTS,"Seattle, WA",Stock,FALSE,Qualitel,3725,0,0.95,3538.75,0,0,Unrestricted,3725
08-04-2026,Lunar Netsuite,10-07076A,10-07076A,"CONTACT, FEMALE, TE, PWR TRIPLE LOCK, 12AWG, 20A, 600V,Cu ALLOY, Sn PLT",Part,OTS,CA - Ravendale,NS,FALSE,Lunar Energy,500,0,0,0,0,0,Unrestricted,500
08-04-2026,CM: Qualitel WA,814L-10-07078A,10-07078A,"Label, Compliance, LE-DC-UNIT",Part,MTS,"Seattle, WA",PO Inspection,FALSE,Qualitel,0,7000,0.31,0,2170,0,Restricted,0
08-04-2026,CM: Qualitel WA,814L-10-07078A,10-07078A,"Label, Compliance, LE-DC-UNIT",Part,MTS,"Seattle, WA",Stock,FALSE,Qualitel,15725,0,0.31,4874.75,0,0,Unrestricted,15725
08-04-2026,CM: Sienna GA,10-07089A REV-03,10-07089A,"Harness, Trunk, 20 kWh, Type B",Part,MTS,ATLN,LINE,FALSE,Sienna Corporation,63,0,0,0,0,3,Unrestricted,63
08-04-2026,CM: Sienna GA,10-07089A REV-03,10-07089A,"Harness, Trunk, 20 kWh, Type B",Part,MTS,ATLN,RL54,FALSE,Sienna Corporation,240,0,0,0,0,3,Unrestricted,240
08-04-2026,CM: Sienna GA,10-07089A REV-03,10-07089A,"Harness, Trunk, 20 kWh, Type B",Part,MTS,ATLN,RPB1,FALSE,Sienna Corporation,40,0,0,0,0,3,Unrestricted,40
08-04-2026,Lunar Netsuite,10-07089A,10-07089A,"Harness, Trunk, 20 kWh, Type B",Part,MTS,CA - Ravendale,NS,FALSE,Lunar Energy,16,0,65.7644,1052.2304,0,0,Unrestricted,15
08-04-2026,Lunar Netsuite,10-07089A,10-07089A,"Harness, Trunk, 20 kWh, Type B",Part,MTS,JIT - Reno,NS,FALSE,Lunar Energy,2,0,0,0,0,0,Unrestricted,0
08-04-2026,CM: Sienna GA,10-07089A REV-03,10-07089A,"Harness, Trunk, 20 kWh, Type B",Part,MTS,ATLN,RK64,FALSE,Sienna Corporation,579,0,0,0,0,3,Unrestricted,579
08-04-2026,CM: Sienna GA,10-07089A REV-03,10-07089A,"Harness, Trunk, 20 kWh, Type B",Part,MTS,ATLN,INRE,FALSE,Sienna Corporation,9,0,0,0,0,3,Unrestricted,9
08-04-2026,CM: Sienna GA,10-07089A REV-03,10-07089A,"Harness, Trunk, 20 kWh, Type B",Part,MTS,ATLN,RIQC,FALSE,Sienna Corporation,181,0,0,0,0,3,Unrestricted,181
08-04-2026,CM: Sienna GA,10-07132A REV-01,10-07132A,DIODE ZENER 22V 5W DO214AA,Electrical Components,OTS,ATLN,LINE,FALSE,Sienna Corporation,1212,0,0.119,144.228,0,1,Unrestricted,1212
08-04-2026,CM: Sienna GA,10-07132A REV-01,10-07132A,DIODE ZENER 22V 5W DO214AA,Electrical Components,OTS,ATLN,MAIN,FALSE,Sienna Corporation,6000,0,0.119,714,0,1,Unrestricted,6000
08-04-2026,CM: Qualitel WA,814L-10-07132A,10-07132A,DIODE ZENER 22V 5W DO214AA,Electrical Components,OTS,"Seattle, WA",Stock,FALSE,Qualitel,7366,0,0.0968,713.0288,0,0,Unrestricted,7366
08-04-2026,CM: Sienna GA,10-07151A REV-01,10-07151A,"Adhesive, Cyanoacrylate (CA), Loctite 401",Part,OTS,ATLN,LINE,FALSE,Sienna Corporation,5,0,1.6,8,0,1,Unrestricted,5
08-04-2026,CM: Sienna GA,10-07151A REV-01,10-07151A,"Adhesive, Cyanoacrylate (CA), Loctite 401",Part,OTS,ATLN,MAIN,FALSE,Sienna Corporation,137.5,0,1.6,220,0,1,Unrestricted,137.5
08-04-2026,CM: Sienna GA,10-07151A REV-01,10-07151A,"Adhesive, Cyanoacrylate (CA), Loctite 401",Part,OTS,ATLN,RIQC,FALSE,Sienna Corporation,0.1000000015,0,1.6,0.1600000024,0,1,Unrestricted,0.1000000015
08-04-2026,CM: Sienna GA,10-07162A REV-01,10-07162A,"Label, 2x5, 15kWh, White / High Emphasis",Part,MTS,ATLN,PCKD,FALSE,Sienna Corporation,500,0,0,0,0,1,Unrestricted,500
08-04-2026,CM: Sienna GA,10-07162A REV-01,10-07162A,"Label, 2x5, 15kWh, White / High Emphasis",Part,MTS,ATLN,LINE,FALSE,Sienna Corporation,352,0,0,0,0,1,Unrestricted,352
08-04-2026,CM: Sienna GA,10-07163A REV-01,10-07163A,"Label, 2x5, 20kWh, Blue Primary / Base",Part,MTS,ATLN,PCKD,FALSE,Sienna Corporation,2000,0,0,0,0,1,Unrestricted,2000
08-04-2026,CM: Sienna GA,10-07163A REV-01,10-07163A,"Label, 2x5, 20kWh, Blue Primary / Base",Part,MTS,ATLN,LINE,FALSE,Sienna Corporation,88,0,0,0,0,1,Unrestricted,88
08-04-2026,CM: Sienna GA,10-07163A REV-01,10-07163A,"Label, 2x5, 20kWh, Blue Primary / Base",Part,MTS,ATLN,MAIN,FALSE,Sienna Corporation,23235,0,0,0,0,1,Unrestricted,23235
08-04-2026,CM: Sienna GA,10-07164A REV-02,10-07164A,"Label, 2x5, 25kWh, Gold / Base",Part,MTS,ATLN,RIQC,FALSE,Sienna Corporation,260,0,0,0,0,2,Unrestricted,260
08-04-2026,CM: Sienna GA,10-07164A REV-01,10-07164A,"Label, 2x5, 25kWh, Gold / Base",Part,MTS,ATLN,LINE,FALSE,Sienna Corporation,370,0,0,0,0,1,Unrestricted,370
08-04-2026,CM: Sienna GA,10-07165A REV-01,10-07165A,"Label, 2x5, 30kWh, Dark Mode Primary",Part,MTS,ATLN,PCKD,FALSE,Sienna Corporation,210,0,0,0,0,1,Unrestricted,210
08-04-2026,CM: Sienna GA,10-07165A REV-01,10-07165A,"Label, 2x5, 30kWh, Dark Mode Primary",Part,MTS,ATLN,MAIN,FALSE,Sienna Corporation,2444,0,0,0,0,1,Unrestricted,2444
08-04-2026,CM: Qualitel WA,814L-10-07166A,10-07166A,"Shoulder Screw, M5x8, 6mm shoulder, 12 mm OD, A2-70 SS",Part,MTS,"Seattle, WA",Stock,FALSE,Qualitel,17364,0,0.32,5556.48,0,0,Unrestricted,17364
08-04-2026,CM: Qualitel WA,814L-10-07170A,10-07170A,Harness Protector Ring,Part,MTS,"Seattle, WA",Stock,FALSE,Qualitel,37393,0,0.315,11778.795,0,0,Unrestricted,37393
08-04-2026,CM: Sienna GA,10-07179A REV-02,10-07179A,"Label, Compliance, LFP AC ESS System, 15kWh",Assembly,MTS,ATLN,PCKD,FALSE,Sienna Corporation,500,0,0,0,0,2,Unrestricted,500
08-04-2026,CM: Sienna GA,10-07179A REV-02,10-07179A,"Label, Compliance, LFP AC ESS System, 15kWh",Assembly,MTS,ATLN,LINE,FALSE,Sienna Corporation,402,0,0,0,0,2,Unrestricted,402
08-04-2026,CM: Sienna GA,10-07180A REV-02,10-07180A,"Label, Compliance, LFP AC ESS System, 20kWh",Assembly,MTS,ATLN,LINE,FALSE,Sienna Corporation,31,0,0,0,0,2,Unrestricted,31
08-04-2026,CM: Sienna GA,10-07180A REV-02,10-07180A,"Label, Compliance, LFP AC ESS System, 20kWh",Assembly,MTS,ATLN,MAIN,FALSE,Sienna Corporation,2406,0,0,0,0,2,Unrestricted,2406
08-04-2026,CM: Sienna GA,10-07180A REV-02,10-07180A,"Label, Compliance, LFP AC ESS System, 20kWh",Assembly,MTS,ATLN,PCKD,FALSE,Sienna Corporation,1000,0,0,0,0,2,Unrestricted,1000
08-04-2026,Lunar Netsuite,10-07188A,10-07188A,"Lifting Tool Assy, LFP Battery Block",Part,MTS,CA - Ravendale,NS,FALSE,Lunar Energy,4,0,0,0,0,0,Unrestricted,4
08-04-2026,Lunar Netsuite,10-07191A,10-07191A,CAP CER 1UF 10V X7S 0402,Electrical Components,OTS,CA - Ravendale,NS,FALSE,Lunar Energy,78700,0,0.023,1810.1,0,0,Unrestricted,78700
08-04-2026,Lunar Netsuite,10-07211A,10-07211A,IC REG LINEAR 3.3V 1A SOT-223-4,Electrical Components,OTS,CA - Ravendale,NS,FALSE,Lunar Energy,11339,0,0.2532,2871.0348,0,0,Unrestricted,11339
08-04-2026,Lunar Netsuite,10-07228A,10-07228A,IND 10µH ±20% Shielded 21A 2212,Electrical Components,OTS,CA - Ravendale,NS,FALSE,Lunar Energy,1000,0,1.396,1396,0,0,Unrestricted,1000
08-04-2026,Lunar Netsuite,10-07229A,10-07229A,IC SMART DIODE CTLR 8VSSOP AEC-Q,Electrical Components,OTS,CA - Ravendale,NS,FALSE,Lunar Energy,10916,0,1.3192,14400.3872,0,0,Unrestricted,10916
08-04-2026,Lunar Netsuite,10-07233A,10-07233A,IND FIXED 47UH Shielded 1.15A 274.3 MOHM 2424 (6060 Metric),Electrical Components,OTS,CA - Ravendale,NS,FALSE,Lunar Energy,2600,0,0.139,361.4,0,0,Unrestricted,2600
08-04-2026,CM: Qualitel WA,814L-10-07240C,10-07240A,"SCREW, M5-0.8X12, PAN HD, T25, SEALING, STL+ZNNI",Assembly,MTS,"Seattle, WA",PO Inspection,FALSE,Qualitel,0,10740,0,0,0,0,Restricted,0
08-04-2026,CM: Qualitel WA,814L-10-08055A,10-07241A,"SCREW, M8-1.25X10, PAN HD, T40, SEALING, STL+ZNNI",Part,MTS,"Seattle, WA",Stock,FALSE,Qualitel,48,0,0,0,0,0,Unrestricted,48
08-04-2026,CM: Qualitel WA,814L-10-07241A,10-07241A,"SCREW, M8-1.25X10, PAN HD, T40, SEALING, STL+ZNNI",Part,MTS,"Seattle, WA",Stock,FALSE,Qualitel,9330,0,0.572,5336.76,0,0,Unrestricted,9330
08-04-2026,CM: Sienna GA,10-07244A REV-01,10-07244A,RES SMD 332 OHM 1% 1/2W 0805 AEC-Q,Electrical Components,OTS,ATLN,LINE,FALSE,Sienna Corporation,6622,0,0,0,0,1,Unrestricted,6622
08-04-2026,CM: Qualitel WA,814L-10-07244A,10-07244A,RES SMD 332 OHM 1% 1/2W 0805 AEC-Q,Electrical Components,OTS,"Seattle, WA",Stock,FALSE,Qualitel,4491,0,0.0092,41.3172,0,0,Unrestricted,4491
08-04-2026,CM: Qualitel WA,814L-10-07248A,10-07248A,"Cover with Seal, M8 Vent Seal, DC-DC",Part,MTS,"Seattle, WA",Stock,FALSE,Qualitel,10,0,13.74,137.4,0,0,Unrestricted,10
08-04-2026,CM: Qualitel WA,814L-10-07249A,10-07249A,"Cover, M8x1.0 Vent, DC-DC",Part,MTS,"Seattle, WA",Stock,FALSE,Qualitel,3232,0,10.9,35228.8,0,0,Unrestricted,3232
08-04-2026,CM: Qualitel WA,814L-10-07251A,10-07251A,"Packaging, MSA Controller, Shipping Box",Part,OTS,"Seattle, WA",Stock,FALSE,Qualitel,921,0,1.04,957.84,0,0,Unrestricted,921
08-04-2026,Lunar Netsuite,10-07266A,10-07266A,Roof Doctor Assembly,Assembly,MTS,CA - Ravendale,NS,FALSE,Lunar Energy,215,0,5.1238,1101.617,0,0,Unrestricted,195
08-04-2026,CM: Qualitel WA,814L-10-07272A,10-07272A,"Packaging, MSA Controller, Primary Support",Part,OTS,"Seattle, WA",Stock,FALSE,Qualitel,3191,0,1.409,4496.119,0,0,Unrestricted,3191
08-04-2026,CM: Qualitel WA,814L-10-07273A,10-07273A,"Packaging, MSA Controller, Top Cover",Part,OTS,"Seattle, WA",Stock,FALSE,Qualitel,4191,0,1.409,5905.119,0,0,Unrestricted,4191
08-04-2026,CM: Sienna GA,10-07279A REV-01,10-07279A,"Asy, Harness, Trunk, 10 kWh, Type B",Part,MTS,ATLN,RH43,FALSE,Sienna Corporation,32,0,0,0,0,1,Unrestricted,32
08-04-2026,CM: Sienna GA,10-07279A REV-01,10-07279A,"Asy, Harness, Trunk, 10 kWh, Type B",Part,MTS,ATLN,LINE,FALSE,Sienna Corporation,18,0,0,0,0,1,Unrestricted,18
08-04-2026,Lunar Netsuite,10-07279A,10-07279A,"Asy, Harness, Trunk, 10 kWh, Type B",Part,MTS,CA - Ravendale,NS,FALSE,Lunar Energy,5,0,42,210,0,0,Unrestricted,5
08-04-2026,CM: Sienna GA,10-07279A REV-01,10-07279A,"Asy, Harness, Trunk, 10 kWh, Type B",Part,MTS,ATLN,RIQC,FALSE,Sienna Corporation,50,0,0,0,0,1,Unrestricted,50
08-04-2026,Lunar Netsuite,10-07285B,10-07285B,"Heat Spreader Assy, HE Inverter",Part,MTS,JIT - Reno,NS,FALSE,Lunar Energy,90000,0,6.29,566100,0,0,Unrestricted,90000
08-04-2026,CM: Sienna GA,10-07295A REV-02,10-07295A,"Label, Compliance, LFP AC ESS System, 10kWh",Assembly,MTS,ATLN,PCKD,FALSE,Sienna Corporation,500,0,0,0,0,2,Unrestricted,500
08-04-2026,CM: Sienna GA,10-07295A REV-02,10-07295A,"Label, Compliance, LFP AC ESS System, 10kWh",Assembly,MTS,ATLN,LINE,FALSE,Sienna Corporation,495,0,0,0,0,2,Unrestricted,495
08-04-2026,CM: Sienna GA,10-07296A REV-01,10-07296A,"Label, 2x5, 10kWh, Blue Primary / Lighter",Part,MTS,ATLN,PCKD,FALSE,Sienna Corporation,500,0,0,0,0,1,Unrestricted,500
08-04-2026,CM: Sienna GA,10-07296A REV-01,10-07296A,"Label, 2x5, 10kWh, Blue Primary / Lighter",Part,MTS,ATLN,LINE,FALSE,Sienna Corporation,495,0,0,0,0,1,Unrestricted,495
08-04-2026,CM: Sienna GA,10-07315A REV-01,10-07315A,"Printed Box, ESS Hardware Kit",Part,MTS,ATLN,RECV,FALSE,Sienna Corporation,600,0,0,0,0,1,Unrestricted,600
08-04-2026,CM: Sienna GA,10-07315A REV-01,10-07315A,"Printed Box, ESS Hardware Kit",Part,MTS,ATLN,LINE,FALSE,Sienna Corporation,31,0,0,0,0,1,Unrestricted,31
08-04-2026,CM: Sienna GA,10-07315A REV-01,10-07315A,"Printed Box, ESS Hardware Kit",Part,MTS,ATLN,RD37,FALSE,Sienna Corporation,150,0,0,0,0,1,Unrestricted,150
08-04-2026,CM: Sienna GA,10-07315A REV-01,10-07315A,"Printed Box, ESS Hardware Kit",Part,MTS,ATLN,RD26,FALSE,Sienna Corporation,150,0,0,0,0,1,Unrestricted,150
08-04-2026,CM: Sienna GA,10-07315A REV-01,10-07315A,"Printed Box, ESS Hardware Kit",Part,MTS,ATLN,PAWH,FALSE,Sienna Corporation,450,0,0,0,0,1,Unrestricted,450
08-04-2026,CM: Sienna GA,10-07315A REV-01,10-07315A,"Printed Box, ESS Hardware Kit",Part,MTS,ATLN,RE17,FALSE,Sienna Corporation,76,0,0,0,0,1,Unrestricted,76
08-04-2026,CM: Sienna GA,10-07315A REV-01,10-07315A,"Printed Box, ESS Hardware Kit",Part,MTS,ATLN,RD17,FALSE,Sienna Corporation,50,0,0,0,0,1,Unrestricted,50
08-04-2026,CM: Sienna GA,10-07315A REV-01,10-07315A,"Printed Box, ESS Hardware Kit",Part,MTS,ATLN,RD28,FALSE,Sienna Corporation,150,0,0,0,0,1,Unrestricted,150
08-04-2026,CM: Sienna GA,10-07315A REV-01,10-07315A,"Printed Box, ESS Hardware Kit",Part,MTS,ATLN,WHS2,FALSE,Sienna Corporation,7,0,0,0,0,1,Unrestricted,7
08-04-2026,CM: Sienna GA,10-07315A REV-01,10-07315A,"Printed Box, ESS Hardware Kit",Part,MTS,ATLN,RH33,FALSE,Sienna Corporation,13,0,0,0,0,1,Unrestricted,13
08-04-2026,CM: Sienna GA,10-07315A REV-01,10-07315A,"Printed Box, ESS Hardware Kit",Part,MTS,ATLN,RD38,FALSE,Sienna Corporation,150,0,0,0,0,1,Unrestricted,150
08-04-2026,CM: Qualitel WA,814L-10-07327A,10-07327A,"VOLTAGE TEMPERATURE SENSE HARNESS, SAMTEC - 150 - Y - 80 - TE, UL 3132",Part,MTS,"Seattle, WA",Stock,FALSE,Qualitel,93,0,0,0,0,0,Unrestricted,93
08-04-2026,Lunar Netsuite,10-07337A,10-07337A,CAP CER 1000PF 25V C0G/NP0 0402,Electrical Components,OTS,CA - Ravendale,NS,FALSE,Lunar Energy,21000,0,0.016,336,0,0,Unrestricted,21000
08-04-2026,Lunar Netsuite,10-07341A,10-07341A,CAP CER 3300PF/3.3NF 50V C0G/NP0 0603,Electrical Components,OTS,CA - Ravendale,NS,FALSE,Lunar Energy,33731,0,0.0343,1156.9733,0,0,Unrestricted,33731
08-04-2026,CM: Qualitel WA,814L-10-07356A,10-07356A,"Seal, Cover, DC-DC",Part,OTS,"Seattle, WA",Stock,FALSE,Qualitel,7721,0,6.47,49954.87,0,0,Unrestricted,7721
08-04-2026,Lunar Netsuite,10-07356A,10-07356A,"Seal, Cover, DC-DC",Part,OTS,CA - Ravendale,NS,FALSE,Lunar Energy,1,0,0,0,0,0,Unrestricted,1
08-04-2026,CM: Qualitel WA,814L-10-07405A,10-07405A,"Packaging, Side Pad, LFP Battery Block with Cover and WB",Part,OTS,"Seattle, WA",Stock,FALSE,Qualitel,399,0,1.97,786.03,0,0,Unrestricted,399
08-04-2026,CM: Qualitel WA,814L-10-07406A,10-07406A,"Packaging, Printed Box, LFP Battery Block with ESS Cover and Wall Bracket, FEFCO 0200",Part,OTS,"Seattle, WA",Stock,FALSE,Qualitel,375,0,6.05,2268.75,0,0,Unrestricted,375
08-04-2026,CM: Qualitel WA,814L-10-07407A,10-07407A,"Packaging, W Support, LFP Battery Block with Cover and WB",Part,OTS,"Seattle, WA",Stock,FALSE,Qualitel,1265,0,2.38,3010.7,0,0,Unrestricted,1265
08-04-2026,CM: Qualitel WA,814L-10-07408A,10-07408A,"Packaging, L Support, LFP Battery Block with Cover and WB",Part,OTS,"Seattle, WA",Stock,FALSE,Qualitel,171,0,2.58,441.18,0,0,Unrestricted,171
08-04-2026,Lunar Netsuite,10-07510C,10-07510C,"Heat Sink, DCDC, Cont Fin, LFP DC ESS",Part,MTS,CA - Ravendale,NS,FALSE,Lunar Energy,128,0,0,0,0,0,Unrestricted,128
08-04-2026,CM: Qualitel WA,814L-10-07516A,10-07516A,"Packaging, Assy, V-board & D/C Pad, Stitched",Part,OTS,"Seattle, WA",Stock,FALSE,Qualitel,40,0,3.1,124,0,0,Unrestricted,40
08-04-2026,CM: Qualitel WA,814L-10-07527A,10-07527A,CAP FILM 5UF 10% 800VDC RADIAL,Electrical Components,OTS,"Seattle, WA",Stock,FALSE,Qualitel,167,0,0.46,76.82,0,0,Unrestricted,167
08-04-2026,CM: Sienna GA,10-07527A REV-01,10-07527A,CAP FILM 5UF 10% 800VDC RADIAL,Electrical Components,OTS,ATLN,LPAC,FALSE,Sienna Corporation,128,0,0,0,0,1,Unrestricted,128
08-04-2026,CM: Sienna GA,10-07527A REV-01,10-07527A,CAP FILM 5UF 10% 800VDC RADIAL,Electrical Components,OTS,ATLN,LINE,FALSE,Sienna Corporation,512,0,0,0,0,1,Unrestricted,512
08-04-2026,Lunar Netsuite,10-07536B,10-07536B,"Maximizer 2, Potted Assembly, Type B",Part,MTS,CA - Ravendale,NS,FALSE,Lunar Energy,2,0,0,0,0,0,Unrestricted,2
08-04-2026,Lunar Netsuite,10-07539D,10-07539D,"Enclosure, Bottom, Maximizer 2",Assembly,MTS,CA - Ravendale,NS,FALSE,Lunar Energy,100,0,23.49,2349,0,0,Unrestricted,100
08-04-2026,Lunar Netsuite,10-07540C,10-07540C,"Enclosure, Top, Maximizer 2",Part,MTS,CA - Ravendale,NS,FALSE,Lunar Energy,100,0,18.8,1880,0,0,Unrestricted,100
08-04-2026,CM: Sienna GA,10-07543A REV-01,10-07543A,"Assy, ESS Top Cover W/ Compliance Label, 20 kWh",Assembly,MTS,ATLN,LINE,FALSE,Sienna Corporation,5,0,0,0,0,1,Unrestricted,5
08-04-2026,CM: Qualitel WA,814L-10-07676A,10-07676A,"Printed Box, ESS Cover 4-pack",Part,OTS,"Seattle, WA",Stock,FALSE,Qualitel,759,0,5.72,4341.48,0,0,Unrestricted,759
08-04-2026,CM: Qualitel WA,814L-10-07677A,10-07676A,"Printed Box, ESS Cover 4-pack",Part,OTS,"Seattle, WA",Stock,FALSE,Qualitel,36,0,41,1476,0,0,Unrestricted,36
08-04-2026,Lunar Netsuite,10-07681A,10-07681A,IC DRAM 4GBIT POD 78FBGA,Electrical Components,OTS,CA - Ravendale,NS,FALSE,Lunar Energy,160,0,0,0,0,0,Unrestricted,160
08-04-2026,CM: Qualitel WA,814L-10-07683A,10-07683A,RES SMD 845K OHM 0.1% 1/4W 1206,Electrical Components,OTS,"Seattle, WA",Stock,FALSE,Qualitel,6029,0,0.1024,617.3696,0,0,Unrestricted,6029
08-04-2026,CM: Sienna GA,10-07683A REV-01,10-07683A,RES SMD 845K OHM 0.1% 1/4W 1206,Electrical Components,OTS,ATLN,MAIN,FALSE,Sienna Corporation,15020,0,0,0,0,1,Unrestricted,15020
08-04-2026,CM: Sienna GA,10-07683A REV-01,10-07683A,RES SMD 845K OHM 0.1% 1/4W 1206,Electrical Components,OTS,ATLN,RIQC,FALSE,Sienna Corporation,35000,0,0,0,0,1,Unrestricted,35000
08-04-2026,CM: Sienna GA,10-07683A REV-01,10-07683A,RES SMD 845K OHM 0.1% 1/4W 1206,Electrical Components,OTS,ATLN,LINE,FALSE,Sienna Corporation,3216,0,0,0,0,1,Unrestricted,3216
08-04-2026,CM: Sienna GA,10-07686A REV-01,10-07686A,"Label, Compliance, LFP AC ESS System, 20kWh w/ Expansion Note",Assembly,MTS,ATLN,LINE,FALSE,Sienna Corporation,2361,0,0,0,0,1,Unrestricted,2361
08-04-2026,CM: Sienna GA,10-07693A REV-01,10-07693A,"Label, Compliance, LFP ESS DC Expansion Unit",Assembly,MTS,ATLN,MAIN,FALSE,Sienna Corporation,2391,0,0,0,0,1,Unrestricted,2391
08-04-2026,CM: Qualitel WA,814L-10-07730A,10-07730A,"SCREW, M5-0.8X10, Hex Flg HD, SEALING, STL+ZNNI",Assembly,OTS,"Seattle, WA",Stock,FALSE,Qualitel,32126,0,0.22,7067.72,0,0,Unrestricted,32126
08-04-2026,CM: Qualitel WA,814L-10-07746A,10-07746A,"Packaging, LFP BB + WB, HSC Cover with Artwork",Part,OTS,"Seattle, WA",Stock,FALSE,Qualitel,6495,0,2.42,15717.9,0,0,Unrestricted,6495
08-04-2026,CM: Qualitel WA,814L-10-07747A,10-07747A,"Packaging, LFP BB + WB, Base Tray Assy",Part,OTS,"Seattle, WA",Stock,FALSE,Qualitel,5370,0,8.33,44732.1,0,0,Unrestricted,5370
08-04-2026,CM: Qualitel WA,814L-10-07754A,10-07754A,"Packaging, LFP BB + WB, WB Tray",Part,OTS,"Seattle, WA",Stock,FALSE,Qualitel,4320,0,1.04,4492.8,0,0,Unrestricted,4320
08-04-2026,CM: Sienna GA,10-07793A REV-01,10-07793A,"Wire Harness, Inverter Exterior, Blowers/Ambient T, SS 540-22",Assembly,MTS,ATLN,RIQC,FALSE,Sienna Corporation,112,0,0,0,0,1,Unrestricted,112
08-04-2026,CM: Sienna GA,10-07817A REV-01,10-07817A,"Wire Harness, Inverter Exterior, Blowers/Ambient T, D TP48",Assembly,MTS,ATLN,LINE,FALSE,Sienna Corporation,46,0,0,0,0,1,Unrestricted,46
08-04-2026,Lunar Netsuite,10-07833A,10-07833A,"Assy, Panel, End Cap, DCDC",Assembly,MTS,CA - Ravendale,NS,FALSE,Lunar Energy,12,0,0,0,0,0,Unrestricted,12
08-04-2026,CM: Sienna GA,10-07839A REV-01,10-07839A,CAP 2.2UF ±10% 10% 305VAC 630VDC AEC-Q200 X2 RADIAL 42.00mm x 12.00mm,Electrical Components,OTS,ATLN,MAIN,FALSE,Sienna Corporation,1583,0,0,0,0,1,Unrestricted,1583
08-04-2026,CM: Sienna GA,10-07839A REV-01,10-07839A,CAP 2.2UF ±10% 10% 305VAC 630VDC AEC-Q200 X2 RADIAL 42.00mm x 12.00mm,Electrical Components,OTS,ATLN,RIQC,FALSE,Sienna Corporation,1000,0,0,0,0,1,Unrestricted,1000
08-04-2026,Lunar Netsuite,10-07933A,10-07933A,IC FLASH 256MBIT SPI/QUAD 24BGA (8X6MM),Electrical Components,OTS,CA - Ravendale,NS,FALSE,Lunar Energy,443,0,0,0,0,0,Unrestricted,443
08-04-2026,Lunar Netsuite,10-07937A,10-07937A,"Heat Sink with Seals, DCDC, LFP DC ESS",Assembly,MTS,CA - Ravendale,NS,FALSE,Lunar Energy,128,0,0,0,0,0,Unrestricted,128
08-04-2026,Lunar Netsuite,10-07939A,10-07939A,"Terminal Cover, L2.1",Part,MTS,CA - Ravendale,NS,FALSE,Lunar Energy,140,0,0,0,0,0,Unrestricted,140
08-04-2026,CM: Sienna GA,10-07984A REV-01,10-07984A,"Wire Harness, Inverter Exterior, Blowers/Ambient T, D CMJ5",Assembly,MTS,ATLN,RIQC,FALSE,Sienna Corporation,490,0,0,0,0,1,Unrestricted,490
08-04-2026,CM: Sienna GA,10-07984A REV-01,10-07984A,"Wire Harness, Inverter Exterior, Blowers/Ambient T, D CMJ5",Assembly,MTS,ATLN,LINE,FALSE,Sienna Corporation,295,0,0,0,0,1,Unrestricted,295
08-04-2026,CM: Sienna GA,10-08110A REV-02,10-08110A,"Wire Harness, Inverter Exterior, Blowers/Ambient T, SS C1",Assembly,MTS,ATLN,RIQC,FALSE,Sienna Corporation,7,0,0,0,0,2,Unrestricted,7
08-04-2026,Lunar Netsuite,10-08346A,10-08346A,"Sub Assy, Nest CA 2.1",Assembly,MTS,CA - Ravendale,NS,FALSE,Lunar Energy,88,0,40.01,3520.88,0,0,Unrestricted,88
08-04-2026,Lunar Netsuite,10-08350A,10-08350A,"Assy, Enclosure Press-Brake, L2.1",Assembly,MTS,CA - Ravendale,NS,FALSE,Lunar Energy,12,0,0,0,0,0,Unrestricted,12
08-04-2026,CM: Sienna GA,20-000541 REV-8,20-000541,"PCB, Home Controller",PCB,MTS,ATLN,MAIN,FALSE,Sienna Corporation,333,0,13.28,4422.24,0,8,Unrestricted,333
08-04-2026,CM: Sienna GA,20-000541 REV-8,20-000541,"PCB, Home Controller",PCB,MTS,ATLN,RIQC,FALSE,Sienna Corporation,1429,0,13.28,18977.12,0,8,Unrestricted,1429
08-04-2026,CM: Sienna GA,20-000541 REV-8,20-000541,"PCB, Home Controller",PCB,MTS,ATLN,LINE,FALSE,Sienna Corporation,54,0,13.28,717.12,0,8,Unrestricted,54
08-04-2026,Lunar Netsuite,20-000737,20-000737,"PCB DCDC/BMS, Battery Block",PCB,MTS,CA - Ravendale,NS,FALSE,Lunar Energy,32,0,0,0,0,0,Unrestricted,32
08-04-2026,CM: Sienna GA,20-002996 REV-07,20-002996,"PCB, PV Hub",PCB,MTS,ATLN,RIQC,FALSE,Sienna Corporation,1720,0,1.59,2734.8,0,7,Unrestricted,1720
08-04-2026,CM: Sienna GA,20-002996 REV-07,20-002996,"PCB, PV Hub",PCB,MTS,ATLN,LINE,FALSE,Sienna Corporation,800,0,1.59,1272,0,7,Unrestricted,800
08-04-2026,CM: Sienna GA,20-002996 REV-07,20-002996,"PCB, PV Hub",PCB,MTS,ATLN,RSA6,FALSE,Sienna Corporation,600,0,1.59,954,0,7,Unrestricted,600
08-04-2026,Lunar Netsuite,20-003034,20-003034,"PCB, Capacitor Board",PCB,MTS,CA - Ravendale,NS,FALSE,Lunar Energy,5,0,0,0,0,0,Unrestricted,5
08-04-2026,CM: Sienna GA,20-004050 REV-03,20-004050,Inverter EMC Filter,PCB,MTS,ATLN,MAIN,FALSE,Sienna Corporation,42,0,18,756,0,3,Unrestricted,42
08-04-2026,CM: Sienna GA,20-005054 REV-01,20-005054,Capacitor Board TypeA PCB,PCB,MTS,ATLN,LINE,FALSE,Sienna Corporation,900,0,8.54,7686,0,1,Unrestricted,900
08-04-2026,CM: Sienna GA,20-005054 REV-01,20-005054,Capacitor Board TypeA PCB,PCB,MTS,ATLN,MAIN,FALSE,Sienna Corporation,329,0,8.54,2809.66,0,1,Unrestricted,329
08-04-2026,CM: Sienna GA,20-005054 REV-01,20-005054,Capacitor Board TypeA PCB,PCB,MTS,ATLN,RIQC,FALSE,Sienna Corporation,1400,0,8.54,11956,0,1,Unrestricted,1400
08-04-2026,CM: Sienna GA,C20-005200 REV-01,20-005200,"Maximizer PCB, Type B",PCB,MTS,ATLN,WQ92,TRUE,Lunar Energy,1002,0,0,0,0,1,Unrestricted,1002
08-04-2026,Lunar Netsuite,20-005200,20-005200,"Maximizer PCB, Type B",PCB,MTS,Sienna Corporation - GA,NS,FALSE,Lunar Energy,1002,0,3.8622,3869.9244,0,0,Unrestricted,0
08-04-2026,CM: Sienna GA,20-005240 REV-01,20-005240,Inverter - Power PCB Type A,PCB,MTS,ATLN,MAIN,FALSE,Sienna Corporation,21,0,61.67,1295.07,0,1,Unrestricted,21
08-04-2026,CM: Celestica MX,20-0053393MS,20-005339,"PCB DCDC/BMS, Battery Block",PCB,MTS,Monterrey Prod,1000,FALSE,Celestica,-2,0,20.43,-40.86,0,0,Unrestricted,-2
08-04-2026,CM: Sienna GA,20-005340 REV-01,20-005340,PCB Lunar Bridge CAN Pigtail Board Rev 1,PCB,MTS,ATLN,LINE,FALSE,Sienna Corporation,110,0,0.24,26.4,0,1,Unrestricted,110
08-04-2026,CM: Sienna GA,20-005340 REV-01,20-005340,PCB Lunar Bridge CAN Pigtail Board Rev 1,PCB,MTS,ATLN,MAIN,FALSE,Sienna Corporation,2230,0,0.24,535.2,0,1,Unrestricted,2230
08-04-2026,CM: Sienna GA,20-005341 REV-01,20-005341,PCB Lunar Bridge Rogowski Coil Pigtail Board Rev 1,PCB,MTS,ATLN,MAIN,FALSE,Sienna Corporation,120,0,0.24,28.8,0,1,Unrestricted,120
08-04-2026,CM: Sienna GA,20-005369 REV-01,20-005369,"PCB, RF Passthrough Type A",PCB,MTS,ATLN,LINE,FALSE,Sienna Corporation,100,0,1.49,149,0,1,Unrestricted,100
08-04-2026,CM: Sienna GA,20-005369 REV-01,20-005369,"PCB, RF Passthrough Type A",PCB,MTS,ATLN,RIQC,FALSE,Sienna Corporation,1400,0,1.49,2086,0,1,Unrestricted,1400
08-04-2026,CM: Sienna GA,20-005369 REV-01,20-005369,"PCB, RF Passthrough Type A",PCB,MTS,ATLN,MAIN,FALSE,Sienna Corporation,10,0,1.49,14.9,0,1,Unrestricted,10
08-04-2026,Lunar Netsuite,20-005377,20-005377,PCB LEM CSTR RCD Adapter Board,PCB,MTS,CA - Ravendale,NS,FALSE,Lunar Energy,48,0,0,0,0,0,Unrestricted,48
08-04-2026,CM: Sienna GA,20-005485 REV-01,20-005485,"PCB, Lunar Bridge Interface Board, Type B",PCB,MTS,ATLN,MAIN,FALSE,Sienna Corporation,4,0,4.85,19.4,0,1,Unrestricted,4
08-04-2026,CM: Sienna GA,20-005485 REV-02,20-005485,"PCB, Lunar Bridge Interface Board, Type B",PCB,MTS,ATLN,RS82,FALSE,Sienna Corporation,1022,0,4.88,4987.36,0,2,Unrestricted,1022
08-04-2026,CM: Sienna GA,20-005485 REV-02,20-005485,"PCB, Lunar Bridge Interface Board, Type B",PCB,MTS,ATLN,LINE,FALSE,Sienna Corporation,64,0,4.88,312.32,0,2,Unrestricted,64
08-04-2026,CM: Sienna GA,20-005485 REV-02,20-005485,"PCB, Lunar Bridge Interface Board, Type B",PCB,MTS,ATLN,RIQC,FALSE,Sienna Corporation,1630,0,4.88,7954.4,0,2,Unrestricted,1630
08-04-2026,CM: Sienna GA,20-005507 REV-1,20-005507,Terminal Board Type B PCB,PCB,MTS,ATLN,MAIN,FALSE,Sienna Corporation,114,0,0,0,0,1,Unrestricted,114
08-04-2026,Lunar Netsuite,20-005508,20-005508,"PCB, Inverter Wire Compartment Filter Module",PCB,MTS,CA - Ravendale,NS,FALSE,Lunar Energy,13,0,0,0,0,0,Unrestricted,13
08-04-2026,CM: Sienna GA,20-005508 REV-01,20-005508,"PCB, Inverter Wire Compartment Filter Module",PCB,MTS,ATLN,MAIN,FALSE,Sienna Corporation,8,0,1.26,10.08,0,1,Unrestricted,8
08-04-2026,CM: Sienna GA,20-005550. REV-01,20-005550,"Maximizer PCB, Type C",PCB,MTS,ATLN,MAIN,FALSE,Sienna Corporation,36,0,2.88,103.68,0,1,Unrestricted,36
08-04-2026,CM: Sienna GA,20-005550 REV-01,20-005550,"Maximizer PCB, Type C",PCB,MTS,ATLN,MAIN,FALSE,Sienna Corporation,40,0,0,0,0,1,Unrestricted,40
08-04-2026,CM: Sienna GA,20-005550. REV-01,20-005550,"Maximizer PCB, Type C",PCB,MTS,ATLN,LPAC,FALSE,Sienna Corporation,25,0,2.88,72,0,1,Unrestricted,25
08-04-2026,CM: Sienna GA,20-005550 REV-01,20-005550,"Maximizer PCB, Type C",PCB,MTS,ATLN,LPAC,FALSE,Sienna Corporation,264,0,0,0,0,1,Unrestricted,264
08-04-2026,CM: Sienna GA,20-005737 REV-01,20-005737,PCB Inverter - Power Board Type B,PCB,MTS,ATLN,MAIN,FALSE,Sienna Corporation,2,0,61.76,123.52,0,1,Unrestricted,2
08-04-2026,CM: Sienna GA,20-005748 REV-01,20-005748,"PCB, Lunar Bridge Control Board Type B",PCB,MTS,ATLN,RSA6,FALSE,Sienna Corporation,780,0,4.94,3853.2,0,1,Unrestricted,780
08-04-2026,CM: Sienna GA,20-005748 REV-01,20-005748,"PCB, Lunar Bridge Control Board Type B",PCB,MTS,ATLN,LINE,FALSE,Sienna Corporation,324,0,4.94,1600.56,0,1,Unrestricted,324
08-04-2026,Lunar Netsuite,20-005748,20-005748,"PCB, Lunar Bridge Control Board Type B",PCB,MTS,CA - Ravendale,NS,FALSE,Lunar Energy,11,0,0,0,0,0,Unrestricted,11
08-04-2026,CM: Sienna GA,20-005748 REV-01,20-005748,"PCB, Lunar Bridge Control Board Type B",PCB,MTS,ATLN,RIQC,FALSE,Sienna Corporation,1400,0,4.94,6916,0,1,Unrestricted,1400
08-04-2026,CM: Sienna GA,20-005783 REV-01,20-005783,PCB Lunar Bridge Rogowski Coil Pigtail Board Type B,PCB,MTS,ATLN,MAIN,FALSE,Sienna Corporation,1690,0,0.44,743.6,0,1,Unrestricted,1690
08-04-2026,Lunar Netsuite,20-005783,20-005783,PCB Lunar Bridge Rogowski Coil Pigtail Board Type B,PCB,MTS,CA - Ravendale,NS,FALSE,Lunar Energy,96,0,0,0,0,0,Unrestricted,96
08-04-2026,CM: Sienna GA,20-005783 REV-01,20-005783,PCB Lunar Bridge Rogowski Coil Pigtail Board Type B,PCB,MTS,ATLN,LINE,FALSE,Sienna Corporation,160,0,0.44,70.4,0,1,Unrestricted,160
08-04-2026,CM: Sienna GA,20-005925 REV-01,20-005925,PCB TRM AFCI Amplifier Board,PCB,MTS,ATLN,MAIN,FALSE,Sienna Corporation,300,0,1.02,306,0,1,Unrestricted,300
08-04-2026,CM: Sienna GA,20-005927 REV-01,20-005927,PCB TRM AFCI Connector Board,PCB,OTS,ATLN,MAIN,FALSE,Sienna Corporation,220,0,0.92,202.4,0,1,Unrestricted,220
08-04-2026,CM: Qualitel WA,814L-20-05001C,20-05001C,"PCB, Terminal Board, Type C",PCB,MTS,"Seattle, WA",PO Inspection,FALSE,Qualitel,0,469,46.88,0,21986.72,0,Restricted,0
08-04-2026,CM: Sienna GA,20-05001C REV-02,20-05001C,"PCB, Terminal Board, Type C",PCB,MTS,ATLN,LINE,FALSE,Sienna Corporation,550,0,46.88,25784,0,2,Unrestricted,550
08-04-2026,CM: Sienna GA,20-05001C REV-02,20-05001C,"PCB, Terminal Board, Type C",PCB,MTS,ATLN,RS82,FALSE,Sienna Corporation,568,0,46.88,26627.84,0,2,Unrestricted,568
08-04-2026,CM: Sienna GA,20-05001C REV-02,20-05001C,"PCB, Terminal Board, Type C",PCB,MTS,ATLN,MAIN,FALSE,Sienna Corporation,427,0,46.88,20017.76,0,2,Unrestricted,427
08-04-2026,CM: Sienna GA,20-05001C REV-02,20-05001C,"PCB, Terminal Board, Type C",PCB,MTS,ATLN,RIQC,FALSE,Sienna Corporation,1202,0,46.88,56349.76,0,2,Unrestricted,1202
08-04-2026,CM: Qualitel WA,814L-20-05001C,20-05001C,"PCB, Terminal Board, Type C",PCB,MTS,"Seattle, WA",Stock,FALSE,Qualitel,1213,0,46.88,56865.44,0,0,Unrestricted,1213
08-04-2026,CM: Sienna GA,20-05003C REV-03,20-05003C,"PCB, Power Board, Type C",PCB,MTS,ATLN,RIQC,FALSE,Sienna Corporation,1969,0,0,0,0,3,Unrestricted,1969
08-04-2026,CM: Sienna GA,20-05003C REV-03,20-05003C,"PCB, Power Board, Type C",PCB,MTS,ATLN,WHS2,FALSE,Sienna Corporation,116,0,0,0,0,3,Unrestricted,116
08-04-2026,CM: Sienna GA,20-05003C REV-01,20-05003C,"PCB, Power Board, Type C",PCB,MTS,ATLN,MAIN,FALSE,Sienna Corporation,2,0,0,0,0,1,Unrestricted,2
08-04-2026,CM: Sienna GA,20-05003C REV-03,20-05003C,"PCB, Power Board, Type C",PCB,MTS,ATLN,MAIN,FALSE,Sienna Corporation,79,0,0,0,0,3,Unrestricted,79
08-04-2026,CM: Qualitel WA,814L-20-05003C,20-05003C,"PCB, Power Board, Type C",PCB,MTS,"Seattle, WA",Stock,FALSE,Qualitel,2649,0,62.3,165032.7,0,0,Unrestricted,2649
08-04-2026,CM: Sienna GA,20-06545A REV-01,20-06545A,Inverter EMC Filter Type B,PCB,MTS,ATLN,RIQC,FALSE,Sienna Corporation,1702,0,17.05,29019.1,0,1,Unrestricted,1702
08-04-2026,CM: Sienna GA,20-06545A REV-01,20-06545A,Inverter EMC Filter Type B,PCB,MTS,ATLN,LINE,FALSE,Sienna Corporation,900,0,17.05,15345,0,1,Unrestricted,900
08-04-2026,CM: Sienna GA,20-06545A REV-01,20-06545A,Inverter EMC Filter Type B,PCB,MTS,ATLN,RSA5,FALSE,Sienna Corporation,49,0,17.05,835.45,0,1,Unrestricted,49
08-04-2026,CM: Sienna GA,20-06545A REV-01,20-06545A,Inverter EMC Filter Type B,PCB,MTS,ATLN,MAIN,FALSE,Sienna Corporation,22,0,17.05,375.1,0,1,Unrestricted,22
08-04-2026,CM: Qualitel WA,814L-20-06570B,20-06570B,20-06570B Lunar MSA Controller PCB,PCB,MTS,"Seattle, WA",Stock,FALSE,Qualitel,1782,0,2.76,4918.32,0,0,Unrestricted,1782
08-04-2026,CM: Sienna GA,20-06830D REV-01,20-06830D,"Maximizer PCB, Type D",PCB,MTS,ATLN,RIQC,FALSE,Sienna Corporation,47576,0,2.1,99909.6,0,1,Unrestricted,47576
08-04-2026,CM: Sienna GA,20-06830D REV-01,20-06830D,"Maximizer PCB, Type D",PCB,MTS,ATLN,LINE,FALSE,Sienna Corporation,5000,0,2.1,10500,0,1,Unrestricted,5000
08-04-2026,CM: Sienna GA,20-06830D REV-01,20-06830D,"Maximizer PCB, Type D",PCB,MTS,ATLN,RSA4,FALSE,Sienna Corporation,4288,0,2.1,9004.8,0,1,Unrestricted,4288
08-04-2026,CM: Sienna GA,20-06830D REV-01,20-06830D,"Maximizer PCB, Type D",PCB,MTS,ATLN,MRB,FALSE,Sienna Corporation,0,40,2.1,0,84,1,Restricted,0
08-04-2026,CM: Qualitel WA,814L-20-06905A,20-06905A,LFP EVT DC-DC BMS PCB,PCB,MTS,"Seattle, WA",MRB,FALSE,Qualitel,0,1,22.01,0,22.01,0,Restricted,0
08-04-2026,CM: Qualitel WA,814L-20-06905A,20-06905A,LFP EVT DC-DC BMS PCB,PCB,MTS,"Seattle, WA",Stock,FALSE,Qualitel,3403,0,22.01,74900.03,0,0,Unrestricted,3403
08-04-2026,CM: Qualitel WA,815L-20-06905A,20-06905A,LFP EVT DC-DC BMS PCB,PCB,MTS,"Seattle, WA",Stock,TRUE,Lunar Energy,29,0,0,0,0,0,Unrestricted,29
08-04-2026,CM: Qualitel WA,814L-20-06905A,20-06905A,LFP EVT DC-DC BMS PCB,PCB,MTS,"Seattle, WA",PO Inspection,FALSE,Qualitel,0,1,22.01,0,22.01,0,Restricted,0
08-04-2026,CM: Qualitel WA,814L-20-06905A,20-06905A,LFP EVT DC-DC BMS PCB,PCB,MTS,"Seattle, WA",PO Inspection,FALSE,Qualitel,0,4000,22.01,0,88040,0,Restricted,0
08-04-2026,Lunar Netsuite,20-06955A,20-06955A,"PCB, Roof Doctor",PCB,MTS,CA - Ravendale,NS,FALSE,Lunar Energy,20,0,0,0,0,0,Unrestricted,20
08-04-2026,CM: Sienna GA,30-000542 REV-09,30-000542,"PCBA, Home Controller",PCBA,MTS,ATLN,DBUG,FALSE,Sienna Corporation,57,0,0,0,0,9,Unrestricted,57
08-04-2026,CM: Sienna GA,30-000542 REV-8,30-000542,"PCBA, Home Controller",PCBA,MTS,ATLN,PDRW,FALSE,Sienna Corporation,3,0,0,0,0,8,Unrestricted,3
08-04-2026,CM: Sienna GA,30-000542 REV-09,30-000542,"PCBA, Home Controller",PCBA,MTS,ATLN,MRB,FALSE,Sienna Corporation,0,6,0,0,0,9,Restricted,0
08-04-2026,CM: Sienna GA,30-000542 REV-09,30-000542,"PCBA, Home Controller",PCBA,MTS,ATLN,LINE,FALSE,Sienna Corporation,400,0,0,0,0,9,Unrestricted,400
08-04-2026,CM: Sienna GA,30-000542 REV-09,30-000542,"PCBA, Home Controller",PCBA,MTS,ATLN,PDRW,FALSE,Sienna Corporation,32,0,0,0,0,9,Unrestricted,32
08-04-2026,CM: Sienna GA,30-000545 REV-04,30-000545,"PCBA, LED",PCBA,MTS,ATLN,LINE,FALSE,Sienna Corporation,700,0,3.46,2422,0,4,Unrestricted,700
08-04-2026,Lunar Netsuite,30-000738,30-000738,"PCBA DCDC/BMS, Battery Block",PCBA,MTS,CA - Ravendale,NS,FALSE,Lunar Energy,26,0,0,0,0,0,Unrestricted,26
08-04-2026,Lunar Netsuite,30-000827,30-000827,BMS-INV Data Collect - PCBA,PCBA,MTS,CA - Ravendale,NS,FALSE,Lunar Energy,4,0,0,0,0,0,Unrestricted,4
08-04-2026,CM: Sienna GA,30-002435 REV-08,30-002435,"PCBA, PV Hub",PCBA,MTS,ATLN,LINE,FALSE,Sienna Corporation,52,0,36.23,1883.96,0,8,Unrestricted,52
08-04-2026,CM: Sienna GA,30-002435 REV-08,30-002435,"PCBA, PV Hub",PCBA,MTS,ATLN,MRB,FALSE,Sienna Corporation,0,4,36.23,0,144.92,8,Restricted,0
08-04-2026,CM: Sienna GA,30-002435 REV-08,30-002435,"PCBA, PV Hub",PCBA,MTS,ATLN,DBUG,FALSE,Sienna Corporation,69,0,36.23,2499.87,0,8,Unrestricted,69
08-04-2026,Lunar Netsuite,30-002866,30-002866,Inverter Terminal PBCA,PCBA,MTS,CA - Ravendale,NS,FALSE,Lunar Energy,6,0,0,0,0,0,Unrestricted,6
08-04-2026,CM: Sienna GA,30-003827 REV-03,30-003827,Lunar Bridge Rogowski Coil Pigtail PCBA,PCBA,MTS,ATLN,MAIN,FALSE,Sienna Corporation,3,0,0,0,0,3,Unrestricted,3
08-04-2026,Lunar Netsuite,30-004051,30-004051,Inverter EMC Filter,PCBA,MTS,CA - Ravendale,NS,FALSE,Lunar Energy,27,0,0,0,0,0,Unrestricted,27
08-04-2026,Lunar Netsuite,30-005029,30-005029,"PCBA 1, Interface, Bridge, Type A",PCBA,MTS,CA - Ravendale,NS,FALSE,Lunar Energy,1,0,0,0,0,0,Unrestricted,1
08-04-2026,Lunar Netsuite,30-005030,30-005030,"PCBA, Control, Bridge Type A",PCBA,MTS,CA - Ravendale,NS,FALSE,Lunar Energy,1,0,0,0,0,0,Unrestricted,1
08-04-2026,CM: Sienna GA,30-005034 REV-01,30-005034,"Lunar Bridge CAN Pigtail Board PCBA, Type A",PCBA,MTS,ATLN,LINE,FALSE,Sienna Corporation,846,0,3.25,2749.5,0,1,Unrestricted,846
08-04-2026,CM: Sienna GA,30-005034 REV-01,30-005034,"Lunar Bridge CAN Pigtail Board PCBA, Type A",PCBA,MTS,ATLN,MRB,FALSE,Sienna Corporation,0,2,3.25,0,6.5,1,Restricted,0
08-04-2026,CM: Sienna GA,30-005055 REV-01,30-005055,Capacitor Board TypeA PCBA,PCBA,MTS,ATLN,LINE,FALSE,Sienna Corporation,219,0,62,13578,0,1,Unrestricted,219
08-04-2026,Lunar Netsuite,30-005127,30-005127,Terminal TypeA PCBA,PCBA,MTS,CA - Ravendale,NS,FALSE,Lunar Energy,5,0,0,0,0,0,Unrestricted,5
08-04-2026,Lunar Netsuite,30-005205,30-005205,Terminal Board Type A Light Copper PCBA,PCBA,MTS,CA - Ravendale,NS,FALSE,Lunar Energy,3,0,0,0,0,0,Unrestricted,3
08-04-2026,Lunar Netsuite,30-005239,30-005239,Inverter Power Board Type A PCBA,PCBA,MTS,CA - Ravendale,NS,FALSE,Lunar Energy,2,0,0,0,0,0,Unrestricted,2
08-04-2026,CM: Sienna GA,30-005368 REV-01,30-005368,"PCBA, RF Passthrough Type A",PCBA,MTS,ATLN,WHS2,FALSE,Sienna Corporation,42,0,29.02,1218.84,0,1,Unrestricted,42
08-04-2026,CM: Sienna GA,30-005368 REV-01,30-005368,"PCBA, RF Passthrough Type A",PCBA,MTS,ATLN,LPAC,FALSE,Sienna Corporation,10,0,29.02,290.2,0,1,Unrestricted,10
08-04-2026,CM: Sienna GA,30-005368 REV-01,30-005368,"PCBA, RF Passthrough Type A",PCBA,MTS,ATLN,DBUG,FALSE,Sienna Corporation,199,0,29.02,5774.98,0,1,Unrestricted,199
08-04-2026,CM: Sienna GA,30-005368 REV-01,30-005368,"PCBA, RF Passthrough Type A",PCBA,MTS,ATLN,MRB,FALSE,Sienna Corporation,0,3,29.02,0,87.06,1,Restricted,0
08-04-2026,CM: Sienna GA,30-005368 REV-01,30-005368,"PCBA, RF Passthrough Type A",PCBA,MTS,ATLN,LINE,FALSE,Sienna Corporation,255,0,29.02,7400.1,0,1,Unrestricted,255
08-04-2026,CM: Sienna GA,30-005484 REV-02,30-005484,"PCBA 1, Interface, Bridge, Type B",PCBA,MTS,ATLN,MRB,FALSE,Sienna Corporation,0,1,83.51,0,83.51,2,Restricted,0
08-04-2026,CM: Sienna GA,30-005484 REV-02,30-005484,"PCBA 1, Interface, Bridge, Type B",PCBA,MTS,ATLN,DBUG,FALSE,Sienna Corporation,14,0,83.51,1169.14,0,2,Unrestricted,14
08-04-2026,CM: Sienna GA,30-005484 REV-01,30-005484,"PCBA 1, Interface, Bridge, Type B",PCBA,MTS,ATLN,PDRW,FALSE,Sienna Corporation,1,0,0,0,0,1,Unrestricted,1
08-04-2026,Lunar Netsuite,30-005484,30-005484,"PCBA 1, Interface, Bridge, Type B",PCBA,MTS,CA - Ravendale,NS,FALSE,Lunar Energy,1,0,0,0,0,0,Unrestricted,1
08-04-2026,CM: Sienna GA,30-005484SMT REV-02,30-005484,"PCBA 1, Interface, Bridge, Type B",PCBA,MTS,ATLN,LINE,FALSE,Sienna Corporation,338,0,0,0,0,2,Unrestricted,338
08-04-2026,CM: Sienna GA,30-005484SMT REV-02,30-005484,"PCBA 1, Interface, Bridge, Type B",PCBA,MTS,ATLN,DBUG,FALSE,Sienna Corporation,54,0,0,0,0,2,Unrestricted,54
08-04-2026,CM: Sienna GA,30-005484 REV-02,30-005484,"PCBA 1, Interface, Bridge, Type B",PCBA,MTS,ATLN,LINE,FALSE,Sienna Corporation,60,0,83.51,5010.6,0,2,Unrestricted,60
08-04-2026,CM: Sienna GA,C30-005484 REV-02,30-005484,"PCBA 1, Interface, Bridge, Type B",PCBA,MTS,ATLN,RECV,TRUE,Lunar Energy,0,0,0,0,0,2,Unrestricted,0
08-04-2026,Lunar Netsuite,30-005506,30-005506,Terminal Board Type B PCBA,PCBA,MTS,CA - Ravendale,NS,FALSE,Lunar Energy,4,0,0,0,0,0,Unrestricted,4
08-04-2026,CM: Sienna GA,30-005549 REV-03,30-005549,"Maximizer PCBA, Type C",PCBA,MTS,ATLN,MRB,FALSE,Sienna Corporation,0,11,0,0,0,3,Restricted,0
08-04-2026,Lunar Netsuite,30-005549,30-005549,"Maximizer PCBA, Type C",PCBA,MTS,CA - Ravendale,NS,FALSE,Lunar Energy,3,0,0,0,0,0,Unrestricted,3
08-04-2026,CM: Sienna GA,30-005549SMT REV-03,30-005549,"Maximizer PCBA, Type C",PCBA,MTS,ATLN,LINE,FALSE,Sienna Corporation,384,0,0,0,0,3,Unrestricted,384
08-04-2026,CM: Sienna GA,30-005549 REV-3,30-005549,"Maximizer PCBA, Type C",PCBA,MTS,ATLN,WHS2,FALSE,Sienna Corporation,462,0,0,0,0,3,Unrestricted,462
08-04-2026,CM: Sienna GA,30-005549 REV-3,30-005549,"Maximizer PCBA, Type C",PCBA,MTS,ATLN,LINE,FALSE,Sienna Corporation,431,0,0,0,0,3,Unrestricted,431
08-04-2026,CM: Sienna GA,30-005549 REV-3,30-005549,"Maximizer PCBA, Type C",PCBA,MTS,ATLN,MRB,FALSE,Sienna Corporation,0,2,0,0,0,3,Restricted,0
08-04-2026,CM: Sienna GA,30-005549 REV-01,30-005549,"Maximizer PCBA, Type C",PCBA,MTS,ATLN,MRB,FALSE,Sienna Corporation,0,3,49.94,0,149.82,1,Restricted,0
08-04-2026,CM: Sienna GA,30-005549 REV-02,30-005549,"Maximizer PCBA, Type C",PCBA,MTS,ATLN,MRB,FALSE,Sienna Corporation,0,1,47.68,0,47.68,2,Restricted,0
08-04-2026,CM: Celestica MX,30-0055993MS,30-005599,DCDC Battery Block Type B,PCBA,MTS,Monterrey Prod,1000,FALSE,Celestica,-22,0,274.8,-6045.6,0,0,Unrestricted,-22
08-04-2026,CM: Sienna GA,C30-005747 REV-01,30-005747,"PCBA, Control, Bridge Type B",PCBA,MTS,ATLN,RECV,TRUE,Lunar Energy,0,0,0,0,0,1,Unrestricted,0
08-04-2026,CM: Sienna GA,30-005747 REV-01,30-005747,"PCBA, Control, Bridge Type B",PCBA,MTS,ATLN,MRB,FALSE,Sienna Corporation,0,3,97.22,0,291.66,1,Restricted,0
08-04-2026,CM: Sienna GA,30-005747SMT REV-01,30-005747,"PCBA, Control, Bridge Type B",PCBA,MTS,ATLN,LINE,FALSE,Sienna Corporation,86,0,0,0,0,1,Unrestricted,86
08-04-2026,CM: Sienna GA,30-005747SMT REV-01,30-005747,"PCBA, Control, Bridge Type B",PCBA,MTS,ATLN,DBUG,FALSE,Sienna Corporation,84,0,0,0,0,1,Unrestricted,84
08-04-2026,CM: Sienna GA,30-005747 REV-01,30-005747,"PCBA, Control, Bridge Type B",PCBA,MTS,ATLN,LINE,FALSE,Sienna Corporation,131,0,97.22,12735.82,0,1,Unrestricted,131
08-04-2026,CM: Sienna GA,30-005782 REV-01,30-005782,"Lunar Bridge Rogowski Coil Pigtail PCBA, Type B",PCBA,MTS,ATLN,MRB,FALSE,Sienna Corporation,0,63,0,0,0,1,Restricted,0
08-04-2026,CM: Sienna GA,30-005782 REV-01,30-005782,"Lunar Bridge Rogowski Coil Pigtail PCBA, Type B",PCBA,MTS,ATLN,LINE,FALSE,Sienna Corporation,787,0,0,0,0,1,Unrestricted,787
08-04-2026,CM: Sienna GA,30-05000C REV-02,30-05000C,"PCBA, Terminal Board, Type C",PCBA,MTS,ATLN,LPAC,FALSE,Sienna Corporation,4,0,0,0,0,2,Unrestricted,4
08-04-2026,CM: Sienna GA,30-05000C REV-04,30-05000C,"PCBA, Terminal Board, Type C",PCBA,MTS,ATLN,MRB,FALSE,Sienna Corporation,0,8,0,0,0,4,Restricted,0
08-04-2026,CM: Sienna GA,30-05000C REV-04,30-05000C,"PCBA, Terminal Board, Type C",PCBA,MTS,ATLN,LINE,FALSE,Sienna Corporation,5,0,0,0,0,4,Unrestricted,5
08-04-2026,CM: Sienna GA,30-05000C-SMT REV-03,30-05000C,"PCBA, Terminal Board, Type C",PCBA,MTS,ATLN,LINE,FALSE,Sienna Corporation,1,0,0,0,0,3,Unrestricted,1
08-04-2026,Lunar Netsuite,30-05000C,30-05000C,"PCBA, Terminal Board, Type C",PCBA,MTS,CA - Ravendale,NS,FALSE,Lunar Energy,8,0,422.34,3378.72,0,0,Unrestricted,8
08-04-2026,CM: Sienna GA,30-06544A REV-01,30-06544A,Inverter EMC Filter Board Type B,PCBA,MTS,ATLN,LINE,FALSE,Sienna Corporation,241,0,0,0,0,1,Unrestricted,241
08-04-2026,Lunar Netsuite,30-06544A,30-06544A,Inverter EMC Filter Board Type B,PCBA,MTS,CA - Ravendale,NS,FALSE,Lunar Energy,7,0,0,0,0,0,Unrestricted,0
08-04-2026,CM: Sienna GA,30-06544A REV-01,30-06544A,Inverter EMC Filter Board Type B,PCBA,MTS,ATLN,MRB,FALSE,Sienna Corporation,0,2,0,0,0,1,Restricted,0
08-04-2026,Lunar Netsuite,30-06569B,30-06569B,30-06569B Lunar MSA Controller_1 Production PCBA,Part,MTS,CA - Ravendale,NS,FALSE,Lunar Energy,3,0,0,0,0,0,Unrestricted,0
08-04-2026,CM: Sienna GA,30-06829D REV-01,30-06829D,"Maximizer PCBA, Type D",PCBA,MTS,ATLN,PDRW,FALSE,Sienna Corporation,361,0,0,0,0,1,Unrestricted,361
08-04-2026,Lunar Netsuite,30-06829D,30-06829D,"Maximizer PCBA, Type D",PCBA,MTS,CA - Ravendale,NS,FALSE,Lunar Energy,9,0,0,0,0,0,Unrestricted,9
08-04-2026,CM: Sienna GA,30-06829D REV-01,30-06829D,"Maximizer PCBA, Type D",PCBA,MTS,ATLN,MRB,FALSE,Sienna Corporation,0,56,0,0,0,1,Restricted,0
08-04-2026,CM: Sienna GA,30-06829E REV-01,30-06829E,"Maximizer PCBA, Type E",PCBA,MTS,ATLN,DBUG,FALSE,Sienna Corporation,190,0,0,0,0,1,Unrestricted,190
08-04-2026,CM: Sienna GA,30-06829E(SMT) REV-01,30-06829E,"Maximizer PCBA, Type E",PCBA,MTS,ATLN,LINE,FALSE,Sienna Corporation,160,0,0,0,0,1,Unrestricted,160
08-04-2026,CM: Sienna GA,30-06829E REV-01,30-06829E,"Maximizer PCBA, Type E",PCBA,MTS,ATLN,LINE,FALSE,Sienna Corporation,3366,0,0,0,0,1,Unrestricted,3366
08-04-2026,CM: Sienna GA,30-06829E(SMT) REV-01,30-06829E,"Maximizer PCBA, Type E",PCBA,MTS,ATLN,DBUG,FALSE,Sienna Corporation,64,0,0,0,0,1,Unrestricted,64
08-04-2026,CM: Sienna GA,30-06829E REV-01,30-06829E,"Maximizer PCBA, Type E",PCBA,MTS,ATLN,MRB,FALSE,Sienna Corporation,0,284,0,0,0,1,Restricted,0
08-04-2026,Lunar Netsuite,30-06904C,30-06904C,30-06904C DC-DC BMS Lunar 2 LFP DVT Spin 1 PCBA,PCBA,MTS,CA - Ravendale,NS,FALSE,Lunar Energy,1,0,0,0,0,0,Unrestricted,0
08-04-2026,Lunar Netsuite,30-06909A,30-06909A,30-06909A Home Controller 2.0 PCBA,PCBA,MTS,NPI Builds,NS,FALSE,Lunar Energy,8,0,0,0,0,0,Unrestricted,0
08-04-2026,Lunar Netsuite,30-06909B,30-06909B,Home Controller 2.0 PCBA,PCBA,MTS,CA - Ravendale,NS,FALSE,Lunar Energy,1,0,400.56,400.56,0,0,Unrestricted,1
08-04-2026,Lunar Netsuite,30-06956A,30-06956A,"PCBA, Roof Doctor",PCBA,MTS,CA - Ravendale,NS,FALSE,Lunar Energy,22,0,0,0,0,0,Unrestricted,0
08-04-2026,Lunar Netsuite,30-07320C,30-07320C,Maximizer 2.0 C2000 Variant,PCBA,MTS,CA - Ravendale,NS,FALSE,Lunar Energy,32,0,45.6344,1460.3008,0,0,Unrestricted,0
08-04-2026,Lunar Netsuite,30-07519A,30-07519A,Lunar Link PCBA,PCBA,MTS,CA - Ravendale,NS,FALSE,Lunar Energy,14,0,0,0,0,0,Unrestricted,0
08-04-2026,Lunar Netsuite,30-07552A,30-07552A,AFCI CT Breakout PCBA,PCBA,OTS,CA - Ravendale,NS,FALSE,Lunar Energy,5,0,0,0,0,0,Unrestricted,0
08-04-2026,Lunar Netsuite,30-07555B,30-07555B,LFP DVT SPIN-2 DC-DC BMS PCBA,PCBA,MTS,CA - Ravendale,NS,FALSE,Lunar Energy,1,0,366.67,366.67,0,0,Unrestricted,0
08-04-2026,Lunar Netsuite,30-07555C,30-07555C,Lunar 2.1 DCDC-BMS PCBA,PCBA,MTS,CA - Ravendale,NS,FALSE,Lunar Energy,65,0,304.98,19823.7,0,0,Unrestricted,0
08-04-2026,CM: Celestica MX,3480-0329YJS,3480-0329,,,,Monterrey Prod,1000,FALSE,Celestica,50000,0,0.0522,2610,0,0,Unrestricted,50000
08-04-2026,CM: Celestica MX,3480-0330YJS,3480-0330,,,,Monterrey Prod,1000,FALSE,Celestica,-52,0,0.01,-0.52,0,0,Unrestricted,-52
08-04-2026,CM: Celestica MX,3508-2627YJS,3508-2627,,,,Monterrey Prod,1000,FALSE,Celestica,600,0,19.01,11406,0,0,Unrestricted,600
08-04-2026,Lunar Netsuite,60-005955,60-005955,PCBA DCDC_BMS_GND-Full,Non-Production Part,MTS,CA - Ravendale,NS,FALSE,Lunar Energy,1,0,0,0,0,0,Unrestricted,1
08-04-2026,Lunar Netsuite,60-005957,60-005957,PCBA DCDC_BMS_GND-North-Cut,Non-Production Part,MTS,CA - Ravendale,NS,FALSE,Lunar Energy,1,0,0,0,0,0,Unrestricted,1
08-04-2026,Lunar Netsuite,60-005959,60-005959,PCBA DCDC_BMS_GND-South-Cut,Non-Production Part,MTS,CA - Ravendale,NS,FALSE,Lunar Energy,1,0,0,0,0,0,Unrestricted,1
08-04-2026,Lunar Netsuite,60-005960,60-005960,PCB DCDC_BMS_GND-South-Cut,Non-Production Part,MTS,CA - Ravendale,NS,FALSE,Lunar Energy,10,0,0,0,0,0,Unrestricted,10
08-04-2026,Lunar Netsuite,60-006103,60-006103,PCBA Power Board Light Copper Type B,Non-Production Part,MTS,CA - Ravendale,NS,FALSE,Lunar Energy,1,0,0,0,0,0,Unrestricted,1
08-04-2026,Lunar Netsuite,60-006155,60-006155,PCB DC-DC_BMS_1.1_Cost_Down,Non-Production Part,OTS,CA - Ravendale,NS,FALSE,Lunar Energy,1,0,0,0,0,0,Unrestricted,1
08-04-2026,Lunar Netsuite,60-006228,60-006228,PCBA 4 Channel Gate Drive Power Supply,Non-Production Part,MTS,CA - Ravendale,NS,FALSE,Lunar Energy,12,0,0,0,0,0,Unrestricted,12
08-04-2026,Lunar Netsuite,60-006250,60-006250,PCB Power Board Switch Node Traces,Non-Production Part,MTS,CA - Ravendale,NS,FALSE,Lunar Energy,6,0,0,0,0,0,Unrestricted,6
08-04-2026,Lunar Netsuite,60-006477,60-006477,"PCBA, Terminal Board Type C - Light Copper",Non-Production Part,MTS,CA - Ravendale,NS,FALSE,Lunar Energy,10,0,0,0,0,0,Unrestricted,10
08-04-2026,Lunar Netsuite,60-006481,60-006481,"PCBA, Power board Type C Light Cu",Non-Production Part,MTS,CA - Ravendale,NS,FALSE,Lunar Energy,5,0,0,0,0,0,Unrestricted,5
08-04-2026,Lunar Netsuite,60-06569A,60-06569A,60-06569A Lunar MSA Controller_1 Production PCBA,Non-Production Part,OTS,CA - Ravendale,NS,FALSE,Lunar Energy,12,0,0,0,0,0,Unrestricted,12
08-04-2026,Lunar Netsuite,60-06570A,60-06570A,60-06569A Lunar MSA Controller PCB,Non-Production Part,OTS,JIT - Reno,NS,FALSE,Lunar Energy,20,0,0,0,0,0,Unrestricted,20
08-04-2026,Lunar Netsuite,60-06742A,60-06742A,"Power Conversion Board A Sample, PCBA",PCBA,MTS,CA - Ravendale,NS,FALSE,Lunar Energy,1,0,0,0,0,0,Unrestricted,1
08-04-2026,Lunar Netsuite,60-06803A,60-06803A,"PCB, Mini Busbar Validation",Non-Production Part,MTS,CA - Ravendale,NS,FALSE,Lunar Energy,15,0,0,0,0,0,Unrestricted,15
08-04-2026,CM: Celestica MX,8100-0352YJS,8100-0352,,,,Monterrey Prod,1000,FALSE,Celestica,19680.016,0,0.0417,820.6566672,0,0,Unrestricted,19680.016
08-04-2026,CM: Celestica MX,8105-0264YJS,8105-0264,,,,Monterrey Prod,1000,FALSE,Celestica,525,0,31,16275,0,0,Unrestricted,525
08-04-2026,Lunar Netsuite,90-001221,90-001221,"Bridge, Boxed, Lunar Blue",Top Level Assembly,MTS,JIT - Tracy,NS,FALSE,Lunar Energy,12,0,718.53,8622.36,0,0,Unrestricted,0
08-04-2026,Lunar Netsuite,90-001221,90-001221,"Bridge, Boxed, Lunar Blue",Top Level Assembly,MTS,CA - Ravendale,NS,FALSE,Lunar Energy,4,0,731.905,2927.62,0,0,Unrestricted,0
08-04-2026,CM: Sienna GA,90-001221 REV-04,90-001221,"Bridge, Boxed, Lunar Blue",Top Level Assembly,MTS,ATLN,CRMA,FALSE,Sienna Corporation,2,0,0,0,0,4,Unrestricted,2
08-04-2026,Lunar Netsuite,90-001221_old,90-001221_old,,,,Ravendale - Alpha/Beta,NS,FALSE,Lunar Energy,1,0,820.94,820.94,0,0,Unrestricted,1
08-04-2026,Lunar Netsuite,90-001223,90-001223,"20kWh Hardware Kit, Lunar Blue",Top Level Assembly,MTS,JIT - Tracy,NS,FALSE,Lunar Energy,15,0,228.415,3426.225,0,0,Unrestricted,0
08-04-2026,Lunar Netsuite,90-001223,90-001223,"20kWh Hardware Kit, Lunar Blue",Top Level Assembly,MTS,JIT - Reno,NS,FALSE,Lunar Energy,2,0,229.37,458.74,0,0,Unrestricted,2
08-04-2026,Lunar Netsuite,90-001223,90-001223,"20kWh Hardware Kit, Lunar Blue",Top Level Assembly,MTS,JIT - Gardena,NS,FALSE,Lunar Energy,1,0,234.35,234.35,0,0,Unrestricted,1
08-04-2026,CM: Sienna GA,90-001223 REV-05,90-001223,"20kWh Hardware Kit, Lunar Blue",Top Level Assembly,MTS,ATLN,CRMA,FALSE,Sienna Corporation,1,0,199.87,199.87,0,5,Unrestricted,1
08-04-2026,CM: Sienna GA,90-001223 REV-06,90-001223,"20kWh Hardware Kit, Lunar Blue",Top Level Assembly,MTS,ATLN,LINE,FALSE,Sienna Corporation,14,0,0,0,0,6,Unrestricted,14
08-04-2026,Lunar Netsuite,90-001223,90-001223,"20kWh Hardware Kit, Lunar Blue",Top Level Assembly,MTS,CA - Ravendale,NS,FALSE,Lunar Energy,6,0,238.545,1431.27,0,0,Unrestricted,5
08-04-2026,Lunar Netsuite,90-001223_old,90-001223_old,,,,Ravendale - Alpha/Beta,NS,FALSE,Lunar Energy,1,0,240.7,240.7,0,0,Unrestricted,1
08-04-2026,Lunar Netsuite,90-002802,90-002802,"Battery With Cover and Brackets, Boxed, Lunar Blue",Top Level Assembly,MTS,JIT - Houston,NS,FALSE,Lunar Energy,15,0,1821.38,27320.7,0,0,Unrestricted,15
08-04-2026,Lunar Netsuite,90-002802,90-002802,"Battery With Cover and Brackets, Boxed, Lunar Blue",Top Level Assembly,MTS,CA - Ravendale,NS,FALSE,Lunar Energy,3,0,1828.97,5486.91,0,0,Unrestricted,0
08-04-2026,Lunar Netsuite,90-002802,90-002802,"Battery With Cover and Brackets, Boxed, Lunar Blue",Top Level Assembly,MTS,Celestica - Mexico,NS,FALSE,Lunar Energy,2,0,1821.38,3642.76,0,0,Unrestricted,0
08-04-2026,CM: Celestica MX,90-0028023MS-R,90-0028023MS-R,,,,Monterrey Prod,1000,FALSE,Celestica,2,0,0.01,0.02,0,0,Unrestricted,2
08-04-2026,Lunar Netsuite,90-002802_old,90-002802_old,,,,Ravendale - Alpha/Beta,NS,FALSE,Lunar Energy,4,0,2389.86,9559.44,0,0,Unrestricted,4
08-04-2026,Lunar Netsuite,90-002878,90-002878,"Maximizer, Boxed, Box of 20",Top Level Assembly,MTS,CA - Ravendale,NS,FALSE,Lunar Energy,1,0,1650.37,1650.37,0,0,Unrestricted,0
08-04-2026,Lunar Netsuite,90-002878,90-002878,"Maximizer, Boxed, Box of 20",Top Level Assembly,MTS,JIT - Houston,NS,FALSE,Lunar Energy,151,0,1928.62,291221.62,0,0,Unrestricted,151
08-04-2026,Lunar Netsuite,90-002878,90-002878,"Maximizer, Boxed, Box of 20",Top Level Assembly,MTS,JIT - Tracy,NS,FALSE,Lunar Energy,5,0,1680.82,8404.1,0,0,Unrestricted,0
08-04-2026,Lunar Netsuite,90-002878,90-002878,"Maximizer, Boxed, Box of 20",Top Level Assembly,MTS,JIT - Gardena,NS,FALSE,Lunar Energy,1,0,1696.73,1696.73,0,0,Unrestricted,1
08-04-2026,CM: Sienna GA,90-002878 REV-05,90-002878,"Maximizer, Boxed, Box of 20",Top Level Assembly,MTS,ATLN,CRMA,FALSE,Sienna Corporation,6,0,1470.35,8822.1,0,5,Unrestricted,6
08-04-2026,Lunar Netsuite,90-002878_old,90-002878_old,,,,Ravendale - Alpha/Beta,NS,FALSE,Lunar Energy,1,0,2561.4,2561.4,0,0,Unrestricted,1
08-04-2026,CM: Sienna GA,C90-003540 REV-05,90-003540,"Inverter with Cover and Brackets, Boxed, Lunar Blue",Top Level Assembly,MTS,ATLN,CRMA,TRUE,Lunar Energy,1,0,0,0,0,5,Unrestricted,1
08-04-2026,Lunar Netsuite,90-003540,90-003540,"Inverter with Cover and Brackets, Boxed, Lunar Blue",Top Level Assembly,MTS,JIT - Tracy,NS,FALSE,Lunar Energy,1,0,2798.86,2798.86,0,0,Unrestricted,0
08-04-2026,Lunar Netsuite,90-003540,90-003540,"Inverter with Cover and Brackets, Boxed, Lunar Blue",Top Level Assembly,MTS,Sienna Corporation - GA,NS,FALSE,Lunar Energy,1,0,3289.25,3289.25,0,0,Unrestricted,0
08-04-2026,Lunar Netsuite,90-003540,90-003540,"Inverter with Cover and Brackets, Boxed, Lunar Blue",Top Level Assembly,MTS,CA - Ravendale,NS,FALSE,Lunar Energy,5,0,3044.72,15223.6,0,0,Unrestricted,1
08-04-2026,Lunar Netsuite,90-003540_old,90-003540_old,,,,Ravendale - Alpha/Beta,NS,FALSE,Lunar Energy,1,0,3235.85,3235.85,0,0,Unrestricted,1
08-04-2026,CM: Sienna GA,90-004034 REV-05,90-004034,"Maximizer Hub, Boxed",Top Level Assembly,MTS,ATLN,PDRW,FALSE,Sienna Corporation,3,0,0,0,0,5,Unrestricted,3
08-04-2026,Lunar Netsuite,90-004034,90-004034,"Maximizer Hub, Boxed",Top Level Assembly,MTS,JIT - Reno,NS,FALSE,Lunar Energy,402,0,117.682,47308.164,0,0,Unrestricted,402
08-04-2026,Lunar Netsuite,90-004034,90-004034,"Maximizer Hub, Boxed",Top Level Assembly,MTS,CA - Ravendale,NS,FALSE,Lunar Energy,10,0,118.361,1183.61,0,0,Unrestricted,10
08-04-2026,Lunar Netsuite,90-004034,90-004034,"Maximizer Hub, Boxed",Top Level Assembly,MTS,JIT - Gardena,NS,FALSE,Lunar Energy,2,0,128.86,257.72,0,0,Unrestricted,2
08-04-2026,Lunar Netsuite,90-004034,90-004034,"Maximizer Hub, Boxed",Top Level Assembly,MTS,JIT - Houston,NS,FALSE,Lunar Energy,28,0,117.338,3285.464,0,0,Unrestricted,28
08-04-2026,CM: Sienna GA,90-004034 REV-06,90-004034,"Maximizer Hub, Boxed",Top Level Assembly,MTS,ATLN,LINE,FALSE,Sienna Corporation,22,0,0,0,0,6,Unrestricted,22
08-04-2026,Lunar Netsuite,90-004034,90-004034,"Maximizer Hub, Boxed",Top Level Assembly,MTS,JIT - Tracy,NS,FALSE,Lunar Energy,11,0,106.65,1173.15,0,0,Unrestricted,0
08-04-2026,Lunar Netsuite,90-004034_old,90-004034_old,,,,Ravendale - Alpha/Beta,NS,FALSE,Lunar Energy,1,0,129.03,129.03,0,0,Unrestricted,1
08-04-2026,Lunar Netsuite,90-005336,90-005336,"Lifting Tool, Boxed",Top Level Assembly,MTS,CA - Ravendale,NS,FALSE,Lunar Energy,2,0,156.87,313.74,0,0,Unrestricted,0
08-04-2026,Lunar Netsuite,90-06533A,90-06533A,"Battery With Cover and Brackets, Boxed, Lunar Blue,HU",Top Level Assembly,MTS,JIT - Reno,NS,FALSE,Lunar Energy,32,0,1793.19,57382.08,0,0,Unrestricted,32
08-04-2026,Lunar Netsuite,90-06533A,90-06533A,"Battery With Cover and Brackets, Boxed, Lunar Blue,HU",Top Level Assembly,MTS,CA - Ravendale,NS,FALSE,Lunar Energy,8,0,1793.19,14345.52,0,0,Unrestricted,7
08-04-2026,Lunar Netsuite,90-06533A,90-06533A,"Battery With Cover and Brackets, Boxed, Lunar Blue,HU",Top Level Assembly,MTS,JIT - Houston,NS,FALSE,Lunar Energy,224,0,1768.86,396224.64,0,0,Unrestricted,224
08-04-2026,Lunar Netsuite,90-06533A,90-06533A,"Battery With Cover and Brackets, Boxed, Lunar Blue,HU",Top Level Assembly,MTS,JIT - Gardena,NS,FALSE,Lunar Energy,7,0,1777.98,12445.86,0,0,Unrestricted,7
08-04-2026,CM: Celestica MX,90-06533A3MS,90-06533A,"Battery With Cover and Brackets, Boxed, Lunar Blue,HU",Top Level Assembly,MTS,Monterrey Prod,1000,FALSE,Celestica,1,0,1006.52,1006.52,0,0,Unrestricted,1
08-04-2026,Lunar Netsuite,90-06700A,90-06700A,"MSA Controller, Boxed",Top Level Assembly,MTS,JIT - Gardena,NS,FALSE,Lunar Energy,1,0,134.79,134.79,0,0,Unrestricted,1
08-04-2026,Lunar Netsuite,90-06700A,90-06700A,"MSA Controller, Boxed",Top Level Assembly,MTS,JIT - Reno,NS,FALSE,Lunar Energy,405,0,127.84,51775.2,0,0,Unrestricted,405
08-04-2026,Lunar Netsuite,90-06700A,90-06700A,"MSA Controller, Boxed",Top Level Assembly,MTS,CA - Ravendale,NS,FALSE,Lunar Energy,16,0,127.808,2044.928,0,0,Unrestricted,16
08-04-2026,Lunar Netsuite,90-06700A,90-06700A,"MSA Controller, Boxed",Top Level Assembly,MTS,JIT - Houston,NS,FALSE,Lunar Energy,32,0,126.342,4042.944,0,0,Unrestricted,32
08-04-2026,Lunar Netsuite,90-06789A,90-06789A,"Rogowski Coil, Boxed",Top Level Assembly,MTS,JIT - Reno,NS,FALSE,Lunar Energy,52,0,75.78,3940.56,0,0,Unrestricted,52
08-04-2026,Lunar Netsuite,90-06789A,90-06789A,"Rogowski Coil, Boxed",Top Level Assembly,MTS,CA - Ravendale,NS,FALSE,Lunar Energy,18,0,74.2283,1336.1094,0,0,Unrestricted,18
08-04-2026,CM: Sienna GA,90-06789A REV-01,90-06789A,"Rogowski Coil, Boxed",Top Level Assembly,MTS,ATLN,LINE,FALSE,Sienna Corporation,105,0,0,0,0,1,Unrestricted,105
08-04-2026,Lunar Netsuite,90-06801A,90-06801A,"Bridge, Type B, Boxed, Lunar Blue",Top Level Assembly,MTS,JIT - Houston,NS,FALSE,Lunar Energy,16,0,841.634,13466.144,0,0,Unrestricted,4
08-04-2026,CM: Sienna GA,90-06801A REV-01,90-06801A,"Bridge, Type B, Boxed, Lunar Blue",Top Level Assembly,MTS,ATLN,LINE,FALSE,Sienna Corporation,2,0,0,0,0,1,Unrestricted,2
08-04-2026,Lunar Netsuite,90-06801A,90-06801A,"Bridge, Type B, Boxed, Lunar Blue",Top Level Assembly,MTS,Solarize,NS,FALSE,Lunar Energy,5,0,841.634,4208.17,0,0,Unrestricted,5
08-04-2026,Lunar Netsuite,90-06801A,90-06801A,"Bridge, Type B, Boxed, Lunar Blue",Top Level Assembly,MTS,ES Solar,NS,FALSE,Lunar Energy,3,0,841.633,2524.899,0,0,Unrestricted,3
08-04-2026,Lunar Netsuite,90-06801A,90-06801A,"Bridge, Type B, Boxed, Lunar Blue",Top Level Assembly,MTS,JIT - Reno,NS,FALSE,Lunar Energy,1150,0,841.163,967337.45,0,0,Unrestricted,1132
08-04-2026,Lunar Netsuite,90-06801A,90-06801A,"Bridge, Type B, Boxed, Lunar Blue",Top Level Assembly,MTS,CA - Ravendale,NS,FALSE,Lunar Energy,12,0,841.945,10103.34,0,0,Unrestricted,12
08-04-2026,Lunar Netsuite,90-06823A,90-06823A,"15kWh Hardware Kit, Lunar Blue",Top Level Assembly,MTS,JIT - Reno,NS,FALSE,Lunar Energy,5,0,0,0,0,0,Unrestricted,5
08-04-2026,Lunar Netsuite,90-06823A,90-06823A,"15kWh Hardware Kit, Lunar Blue",Top Level Assembly,MTS,CA - Ravendale,NS,FALSE,Lunar Energy,4,0,233.41,933.64,0,0,Unrestricted,4
08-04-2026,Lunar Netsuite,90-06823A,90-06823A,"15kWh Hardware Kit, Lunar Blue",Top Level Assembly,MTS,JIT - Houston,NS,FALSE,Lunar Energy,28,0,233.41,6535.48,0,0,Unrestricted,28
08-04-2026,Lunar Netsuite,90-06889C,90-06889C,"Inverter 9.6kW with Cover and Brackets, Boxed, Lunar Blue",Top Level Assembly,MTS,JIT - Houston,NS,FALSE,Lunar Energy,22,0,2530.45,55669.9,0,0,Unrestricted,10
08-04-2026,Lunar Netsuite,90-06889C,90-06889C,"Inverter 9.6kW with Cover and Brackets, Boxed, Lunar Blue",Top Level Assembly,MTS,ES Solar,NS,FALSE,Lunar Energy,4,0,2532.6,10130.4,0,0,Unrestricted,4
08-04-2026,Lunar Netsuite,90-06889C,90-06889C,"Inverter 9.6kW with Cover and Brackets, Boxed, Lunar Blue",Top Level Assembly,MTS,CA - Ravendale,NS,FALSE,Lunar Energy,14,0,2674.45,37442.3,0,0,Unrestricted,14
08-04-2026,Lunar Netsuite,90-06889C,90-06889C,"Inverter 9.6kW with Cover and Brackets, Boxed, Lunar Blue",Top Level Assembly,MTS,JIT - Gardena,NS,FALSE,Lunar Energy,1,0,2765.76,2765.76,0,0,Unrestricted,1
08-04-2026,Lunar Netsuite,90-06889C,90-06889C,"Inverter 9.6kW with Cover and Brackets, Boxed, Lunar Blue",Top Level Assembly,MTS,JIT - Reno,NS,FALSE,Lunar Energy,73,0,2617.38,191068.74,0,0,Unrestricted,55
08-04-2026,CM: Sienna GA,90-06889C REV-02,90-06889C,"Inverter 9.6kW with Cover and Brackets, Boxed, Lunar Blue",Top Level Assembly,MTS,ATLN,LINE,FALSE,Sienna Corporation,43,0,0,0,0,2,Unrestricted,43
08-04-2026,CM: Sienna GA,90-06889C(R2) REV-02,90-06889C,"Inverter 9.6kW with Cover and Brackets, Boxed, Lunar Blue",Top Level Assembly,MTS,ATLN,FING,FALSE,Sienna Corporation,1,0,0,0,0,2,Unrestricted,1
08-04-2026,Lunar Netsuite,90-06889C,90-06889C,"Inverter 9.6kW with Cover and Brackets, Boxed, Lunar Blue",Top Level Assembly,MTS,Solarize,NS,FALSE,Lunar Energy,6,0,2534.33,15205.98,0,0,Unrestricted,6
08-04-2026,Lunar Netsuite,90-06948B,90-06948B,"LFP DC ESS With Cover and Brackets, Boxed, Lunar Blue",Top Level Assembly,MTS,CA - Ravendale,NS,FALSE,Lunar Energy,7,0,1283.5,8984.5,0,0,Unrestricted,7
08-04-2026,Lunar Netsuite,90-06948B,90-06948B,"LFP DC ESS With Cover and Brackets, Boxed, Lunar Blue",Top Level Assembly,MTS,JIT - Reno,NS,FALSE,Lunar Energy,4,0,1283.5,5134,0,0,Unrestricted,4
08-04-2026,Lunar Netsuite,90-06948B,90-06948B,"LFP DC ESS With Cover and Brackets, Boxed, Lunar Blue",Top Level Assembly,MTS,Qualitel,NS,FALSE,Lunar Energy,3,0,1283.5,3850.5,0,0,Unrestricted,0
08-04-2026,Lunar Netsuite,90-06948C,90-06948C,LFP Battery Block with ESS Cover and Wall Bracket,Top Level Assembly,MTS,CA - Ravendale,NS,FALSE,Lunar Energy,14,0,1160.27,16243.78,0,0,Unrestricted,14
08-04-2026,Lunar Netsuite,90-06948C,90-06948C,LFP Battery Block with ESS Cover and Wall Bracket,Top Level Assembly,MTS,JIT - Gardena,NS,FALSE,Lunar Energy,2,0,1152.61,2305.22,0,0,Unrestricted,2
08-04-2026,Lunar Netsuite,90-06948C,90-06948C,LFP Battery Block with ESS Cover and Wall Bracket,Top Level Assembly,MTS,ES Solar,NS,FALSE,Lunar Energy,18,0,1160.09,20881.62,0,0,Unrestricted,18
08-04-2026,Lunar Netsuite,90-06948C,90-06948C,LFP Battery Block with ESS Cover and Wall Bracket,Top Level Assembly,MTS,Qualitel,NS,FALSE,Lunar Energy,10,0,1160.7,11607,0,0,Unrestricted,0
08-04-2026,Lunar Netsuite,90-07042A,90-07042A,"MSA, ConnectDER, Boxed",Top Level Assembly,OTS,CA - Ravendale,NS,FALSE,Lunar Energy,6,0,599,3594,0,0,Unrestricted,6
08-04-2026,Lunar Netsuite,90-07042A,90-07042A,"MSA, ConnectDER, Boxed",Top Level Assembly,OTS,JIT - Reno,NS,FALSE,Lunar Energy,146,0,649.336,94803.056,0,0,Unrestricted,146
08-04-2026,Lunar Netsuite,90-07042A,90-07042A,"MSA, ConnectDER, Boxed",Top Level Assembly,OTS,JIT - Houston,NS,FALSE,Lunar Energy,12,0,599,7188,0,0,Unrestricted,12
08-04-2026,Lunar Netsuite,90-07091A,90-07091A,"Smart Breaker, 15A, Boxed",Top Level Assembly,OTS,JIT - Reno,NS,FALSE,Lunar Energy,140,0,98.1,13734,0,0,Unrestricted,140
08-04-2026,Lunar Netsuite,90-07091A,90-07091A,"Smart Breaker, 15A, Boxed",Top Level Assembly,OTS,CA - Ravendale,NS,FALSE,Lunar Energy,28,0,98.1,2746.8,0,0,Unrestricted,28
08-04-2026,Lunar Netsuite,90-07092A,90-07092A,"Smart Breaker, 20A, Boxed",Top Level Assembly,OTS,JIT - Reno,NS,FALSE,Lunar Energy,100,0,98.1,9810,0,0,Unrestricted,100
08-04-2026,Lunar Netsuite,90-07092A,90-07092A,"Smart Breaker, 20A, Boxed",Top Level Assembly,OTS,ES Solar,NS,FALSE,Lunar Energy,10,0,98.1,981,0,0,Unrestricted,10
08-04-2026,Lunar Netsuite,90-07092A,90-07092A,"Smart Breaker, 20A, Boxed",Top Level Assembly,OTS,CA - Ravendale,NS,FALSE,Lunar Energy,34,0,98.1,3335.4,0,0,Unrestricted,34
08-04-2026,Lunar Netsuite,90-07092A,90-07092A,"Smart Breaker, 20A, Boxed",Top Level Assembly,OTS,JIT - Gardena,NS,FALSE,Lunar Energy,3,0,98.1,294.3,0,0,Unrestricted,3
08-04-2026,Lunar Netsuite,90-07092A,90-07092A,"Smart Breaker, 20A, Boxed",Top Level Assembly,OTS,Solarize,NS,FALSE,Lunar Energy,10,0,98.1,981,0,0,Unrestricted,10
08-04-2026,Lunar Netsuite,90-07093A,90-07093A,"Smart Breaker, 30A, Boxed",Top Level Assembly,OTS,ES Solar,NS,FALSE,Lunar Energy,10,0,98.1,981,0,0,Unrestricted,10
08-04-2026,Lunar Netsuite,90-07093A,90-07093A,"Smart Breaker, 30A, Boxed",Top Level Assembly,OTS,JIT - Gardena,NS,FALSE,Lunar Energy,3,0,98.1,294.3,0,0,Unrestricted,3
08-04-2026,Lunar Netsuite,90-07093A,90-07093A,"Smart Breaker, 30A, Boxed",Top Level Assembly,OTS,CA - Ravendale,NS,FALSE,Lunar Energy,27,0,98.1,2648.7,0,0,Unrestricted,27
08-04-2026,Lunar Netsuite,90-07093A,90-07093A,"Smart Breaker, 30A, Boxed",Top Level Assembly,OTS,JIT - Reno,NS,FALSE,Lunar Energy,126,0,98.1,12360.6,0,0,Unrestricted,126
08-04-2026,Lunar Netsuite,90-07093A,90-07093A,"Smart Breaker, 30A, Boxed",Top Level Assembly,OTS,Solarize,NS,FALSE,Lunar Energy,8,0,98.1,784.8,0,0,Unrestricted,8
08-04-2026,Lunar Netsuite,90-07094A,90-07094A,"Smart Breaker, 40A, Boxed",Top Level Assembly,OTS,Solarize,NS,FALSE,Lunar Energy,1,0,98.1,98.1,0,0,Unrestricted,1
08-04-2026,Lunar Netsuite,90-07094A,90-07094A,"Smart Breaker, 40A, Boxed",Top Level Assembly,OTS,ES Solar,NS,FALSE,Lunar Energy,9,0,98.1,882.9,0,0,Unrestricted,9
08-04-2026,Lunar Netsuite,90-07094A,90-07094A,"Smart Breaker, 40A, Boxed",Top Level Assembly,OTS,CA - Ravendale,NS,FALSE,Lunar Energy,28,0,98.1,2746.8,0,0,Unrestricted,27
08-04-2026,Lunar Netsuite,90-07094A,90-07094A,"Smart Breaker, 40A, Boxed",Top Level Assembly,OTS,JIT - Reno,NS,FALSE,Lunar Energy,136,0,98.1,13341.6,0,0,Unrestricted,136
08-04-2026,Lunar Netsuite,90-07095A,90-07095A,"Smart Breaker, 50A, Boxed",Top Level Assembly,OTS,CA - Ravendale,NS,FALSE,Lunar Energy,37,0,98.1,3629.7,0,0,Unrestricted,37
08-04-2026,Lunar Netsuite,90-07095A,90-07095A,"Smart Breaker, 50A, Boxed",Top Level Assembly,OTS,JIT - Reno,NS,FALSE,Lunar Energy,113,0,98.1,11085.3,0,0,Unrestricted,113
08-04-2026,Lunar Netsuite,90-07095A,90-07095A,"Smart Breaker, 50A, Boxed",Top Level Assembly,OTS,Solarize,NS,FALSE,Lunar Energy,10,0,98.1,981,0,0,Unrestricted,10
08-04-2026,Lunar Netsuite,90-07095A,90-07095A,"Smart Breaker, 50A, Boxed",Top Level Assembly,OTS,ES Solar,NS,FALSE,Lunar Energy,10,0,98.1,981,0,0,Unrestricted,10
08-04-2026,Lunar Netsuite,90-07096A,90-07096A,"Smart Breaker, 60A, Boxed",Top Level Assembly,OTS,CA - Ravendale,NS,FALSE,Lunar Energy,29,0,98.1,2844.9,0,0,Unrestricted,29
08-04-2026,Lunar Netsuite,90-07096A,90-07096A,"Smart Breaker, 60A, Boxed",Top Level Assembly,OTS,ES Solar,NS,FALSE,Lunar Energy,10,0,98.1,981,0,0,Unrestricted,10
08-04-2026,Lunar Netsuite,90-07096A,90-07096A,"Smart Breaker, 60A, Boxed",Top Level Assembly,OTS,Solarize,NS,FALSE,Lunar Energy,9,0,98.1,882.9,0,0,Unrestricted,9
08-04-2026,Lunar Netsuite,90-07096A,90-07096A,"Smart Breaker, 60A, Boxed",Top Level Assembly,OTS,JIT - Reno,NS,FALSE,Lunar Energy,142,0,98.1,13930.2,0,0,Unrestricted,142
08-04-2026,Lunar Netsuite,90-07117A,90-07117A,"Adapter for Lifting Tool, LFP Battery Block",Top Level Assembly,MTS,JIT - Reno,NS,FALSE,Lunar Energy,39,0,48.88,1906.32,0,0,Unrestricted,39
08-04-2026,Lunar Netsuite,90-07117A,90-07117A,"Adapter for Lifting Tool, LFP Battery Block",Top Level Assembly,MTS,CA - Ravendale,NS,FALSE,Lunar Energy,2,0,48.88,97.76,0,0,Unrestricted,0
08-04-2026,Lunar Netsuite,90-07124A,90-07124A,25kWh LFP ESS Hardware Kit,Top Level Assembly,MTS,CA - Ravendale,NS,FALSE,Lunar Energy,5,0,257.35,1286.75,0,0,Unrestricted,5
08-04-2026,CM: Sienna GA,90-07124A REV-03,90-07124A,25kWh LFP ESS Hardware Kit,Top Level Assembly,MTS,ATLN,LINE,FALSE,Sienna Corporation,2,0,0,0,0,3,Unrestricted,2
08-04-2026,Lunar Netsuite,90-07124A,90-07124A,25kWh LFP ESS Hardware Kit,Top Level Assembly,MTS,JIT - Reno,NS,FALSE,Lunar Energy,75,0,257.35,19301.25,0,0,Unrestricted,75
08-04-2026,Lunar Netsuite,90-07125A,90-07125A,30kWh LFP ESS Hardware Kit,Top Level Assembly,MTS,ES Solar,NS,FALSE,Lunar Energy,3,0,265.2,795.6,0,0,Unrestricted,3
08-04-2026,Lunar Netsuite,90-07125A,90-07125A,30kWh LFP ESS Hardware Kit,Top Level Assembly,MTS,JIT - Houston,NS,FALSE,Lunar Energy,27,0,265.2,7160.4,0,0,Unrestricted,15
08-04-2026,Lunar Netsuite,90-07125A,90-07125A,30kWh LFP ESS Hardware Kit,Top Level Assembly,MTS,Solarize,NS,FALSE,Lunar Energy,5,0,265.2,1326,0,0,Unrestricted,5
08-04-2026,Lunar Netsuite,90-07125A,90-07125A,30kWh LFP ESS Hardware Kit,Top Level Assembly,MTS,CA - Ravendale,NS,FALSE,Lunar Energy,2,0,265.2,530.4,0,0,Unrestricted,2
08-04-2026,Lunar Netsuite,90-07125A,90-07125A,30kWh LFP ESS Hardware Kit,Top Level Assembly,MTS,JIT - Reno,NS,FALSE,Lunar Energy,107,0,265.2,28376.4,0,0,Unrestricted,89
08-04-2026,Lunar Netsuite,90-07187A,90-07187A,"Lifting Tool, LFP Battery Block",Top Level Assembly,MTS,Solarize,NS,FALSE,Lunar Energy,1,0,154.05,154.05,0,0,Unrestricted,1
08-04-2026,Lunar Netsuite,90-07187A,90-07187A,"Lifting Tool, LFP Battery Block",Top Level Assembly,MTS,ES Solar,NS,FALSE,Lunar Energy,1,0,154.04,154.04,0,0,Unrestricted,1
08-04-2026,Lunar Netsuite,90-07187A,90-07187A,"Lifting Tool, LFP Battery Block",Top Level Assembly,MTS,CA - Ravendale,NS,FALSE,Lunar Energy,7,0,168.817,1181.719,0,0,Unrestricted,7
08-04-2026,Lunar Netsuite,90-07187A,90-07187A,"Lifting Tool, LFP Battery Block",Top Level Assembly,MTS,JIT - Reno,NS,FALSE,Lunar Energy,19,0,154.044,2926.836,0,0,Unrestricted,16
08-04-2026,Lunar Netsuite,90-07282A,90-07282A,10kWh LFP ESS Hardware Kit,Top Level Assembly,MTS,CA - Ravendale,NS,FALSE,Lunar Energy,5,0,211.39,1056.95,0,0,Unrestricted,5
08-04-2026,Lunar Netsuite,90-07289A,90-07289A,15kWh LFP ESS Hardware Kit,Top Level Assembly,MTS,CA - Ravendale,NS,FALSE,Lunar Energy,6,0,235.722,1414.332,0,0,Unrestricted,6
08-04-2026,Lunar Netsuite,90-07289A,90-07289A,15kWh LFP ESS Hardware Kit,Top Level Assembly,MTS,JIT - Reno,NS,FALSE,Lunar Energy,43,0,235.52,10127.36,0,0,Unrestricted,43
08-04-2026,CM: Sienna GA,90-07290A REV-03,90-07290A,20kWh LFP ESS Hardware Kit,Top Level Assembly,MTS,ATLN,LINE,FALSE,Sienna Corporation,72,0,0,0,0,3,Unrestricted,72
08-04-2026,Lunar Netsuite,90-07290A,90-07290A,20kWh LFP ESS Hardware Kit,Top Level Assembly,MTS,JIT - Reno,NS,FALSE,Lunar Energy,237,0,230.039,54519.243,0,0,Unrestricted,237
08-04-2026,Lunar Netsuite,90-07290A,90-07290A,20kWh LFP ESS Hardware Kit,Top Level Assembly,MTS,CA - Ravendale,NS,FALSE,Lunar Energy,5,0,230.074,1150.37,0,0,Unrestricted,5
08-04-2026,Lunar Netsuite,90-07675A,90-07675A,LFP Battery Block with Wall Bracket,Top Level Assembly,MTS,JIT - Houston,NS,FALSE,Lunar Energy,72,0,1051.82,75731.04,0,0,Unrestricted,0
08-04-2026,Lunar Netsuite,90-07675A,90-07675A,LFP Battery Block with Wall Bracket,Top Level Assembly,MTS,CA - Ravendale,NS,FALSE,Lunar Energy,8,0,1040.94,8327.52,0,0,Unrestricted,8
08-04-2026,Lunar Netsuite,90-07675A,90-07675A,LFP Battery Block with Wall Bracket,Top Level Assembly,MTS,Solarize,NS,FALSE,Lunar Energy,30,0,1051.82,31554.6,0,0,Unrestricted,30
08-04-2026,CM: Qualitel WA,814-4641,90-07675A,LFP Battery Block with Wall Bracket,Top Level Assembly,MTS,"Seattle, WA",Stock,FALSE,Qualitel,24,0,371.3996,8913.5904,0,0,Unrestricted,24
08-04-2026,Lunar Netsuite,90-07675A,90-07675A,LFP Battery Block with Wall Bracket,Top Level Assembly,MTS,JIT - Reno,NS,FALSE,Lunar Energy,462,0,1051.82,485940.84,0,0,Unrestricted,354
08-04-2026,Lunar Netsuite,90-07679A,90-07679A,LFP Battery Cover,Top Level Assembly,MTS,JIT - Reno,NS,FALSE,Lunar Energy,6716,0,74.903,503048.548,0,0,Unrestricted,6608
08-04-2026,Lunar Netsuite,90-07679A,90-07679A,LFP Battery Cover,Top Level Assembly,MTS,CA - Ravendale,NS,FALSE,Lunar Energy,8,0,77.785,622.28,0,0,Unrestricted,8
08-04-2026,Lunar Netsuite,90-07679A,90-07679A,LFP Battery Cover,Top Level Assembly,MTS,Solarize,NS,FALSE,Lunar Energy,30,0,74.903,2247.09,0,0,Unrestricted,30
08-04-2026,Lunar Netsuite,90-07679A,90-07679A,LFP Battery Cover,Top Level Assembly,MTS,JIT - Houston,NS,FALSE,Lunar Energy,72,0,74.9029,5393.0088,0,0,Unrestricted,0